Ground Truth,LSTM,CNN,Transformer(Baseline),PiT-Net(Proposed)
1.220500268733333,0.7224119999999998,0.5676253,1.109068798484351,0.9018928479436193
1.5711948804000002,0.9108855,0.6514601999999998,1.1657894253864614,1.180103252199528
1.779788091599999,0.9377744999999997,0.8774123,1.2340048083833315,1.437414436526693
2.0621838876666683,1.2886777,1.0658545000000004,1.057731703529651,1.5645713489629465
1.9924539850666667,1.0575580000000002,1.0797779999999992,1.2868114219404836,1.4031248907925447
2.324761070666666,1.5613292999999997,1.1428383000000002,0.9293217641391402,1.2521278877246615
2.8631921673333327,1.335700000000001,1.1468416999999995,0.847796480889353,1.2364611184348888
3.2102552075999995,1.41432,1.1872509999999998,0.8829375392174992,1.021228908202641
1.422640343466668,1.0692969999999988,1.0573580000000007,0.7205427638158213,1.1334977634445966
1.3239305380000008,1.1157580000000014,0.9295179999999998,1.1081406041145403,0.8487470429921036
2.748714680799999,0.8964799999999986,1.0058190000000007,0.5563507510263488,0.6812769241825336
0.7436848831333336,0.733683000000001,0.7467119999999987,0.0816879421503014,0.7404137389675842
4.586357664066664,0.1123119999999993,0.44893800000000006,0.4986844810967259,0.7027356462390646
0.7909468232000005,0.13190499999999972,0.3763840000000016,0.3604722263049567,0.5251887366931314
1.4994494686666613,0.10784199999999977,0.27510799999999946,0.4364792242775817,0.15841117845475594
2.727606839799998,0.2824844999999989,0.28495500000000007,0.4857604685426775,0.5633916109862014
2.7460537225999992,0.2123135000000005,0.10108400000000017,0.16215780587314121,0.3553476244069991
7.152888919066664,0.5289785000000009,0.002489999999999881,0.25952689104841475,0.3950053604606474
6.550294936800006,0.03662550000000131,0.030371000000000592,0.16749193331667733,0.018120860546964934
5.033277341999998,0.15736599999999967,0.1582560000000015,0.28302232045169085,0.13440948755784277
1.5413016133333386,0.230478999999999,0.08588899999999988,0.11193301112262688,4.942619250769553e-05
8.630694250533331,0.3707760000000011,0.1852400000000003,0.1135451025468992,0.03126871825858757
11.340181068666663,0.3290620000000004,0.37818799999999975,0.17851879450410202,0.21483749636184513
1.1339042281999996,0.23616899999999852,0.15421049999999958,0.26568963090171316,0.35909932448107185
0.4415630895333331,0.31339499999999987,0.2450045000000003,0.056732457829751226,0.14654800460407813
0.6182647066666673,0.342333,0.3155070000000002,0.2782274924818591,0.0948823570044155
0.9196366047333342,0.39273700000000034,0.21358999999999995,0.18487955193238825,0.26150132568686857
0.049977842866664624,0.5192109999999985,0.5225589999999993,0.5808548054245932,0.10567312283233221
1.4176476277333316,0.6946590000000015,0.5875830000000004,0.11656092559905495,0.4738264715705096
0.6432693132000002,0.600975,0.4812409999999989,0.046694105969267596,0.298944251999659
2.6653120007333344,0.9092839999999995,0.8413620000000002,1.0547707219903124,0.5885709565641033
0.2830560245999991,1.0759360000000004,0.4309030000000007,0.5989536804525404,0.7646492019621292
0.5679367864666669,1.339255999999999,0.6919299999999993,0.5745722651640648,0.8604457610858454
1.4914395798000002,1.4939790000000013,0.8395609999999998,0.8273763606527158,0.8864856478224095
0.3893124919333334,1.4205679999999994,1.0462823000000006,0.8157619739638307,1.0129787047762981
0.47701441359999996,1.6001459999999996,1.1013031,0.9535872651448436,1.1479277003848178
0.35532727399999997,1.6547590000000003,0.8735806000000004,1.0975426506217678,1.2597598845096663
0.07001906653333329,1.1460920000000003,1.1124942999999998,1.1313927138435842,1.3925404849618692
0.29209140580000004,1.0591253999999997,0.9692037,1.1625099999860522,1.63277886120349
0.43018576340000003,0.6633058399999999,0.3790857000000001,0.9183866152755713,0.6238933818308554
0.6251296137999999,0.47067000000000014,0.6023646999999999,1.043987175438323,0.7863651340507245
0.8753090887333337,1.297759,0.6362171000000001,1.471915001785125,1.037506732737238
0.2871416061333334,0.9549314999999998,0.5623244999999999,0.45389410865364166,1.0124116996063939
0.8198484783333329,1.7639202999999997,0.6344777000000001,0.8190296089224489,0.911073650411641
0.782989516866667,1.3751402000000006,0.8324905,1.2318232120836123,0.8922137397607681
1.1749927279999994,1.8493985000000004,0.8857980000000003,0.7669709288586404,0.9169711519991894
0.000897161666666868,1.5779299999999985,0.7161499999999998,0.1785824867715693,0.8890181633908405
1.008028260333333,2.027496000000001,0.678585,1.1294938657369027,0.9644603331741193
0.09697544893333276,1.6320959999999989,0.7865812999999999,0.6164980635918571,0.8180691199989685
0.3290717792000004,1.9675139999999995,0.5822077000000005,0.4541098709944933,0.9369042560849437
2.116944001466666,1.4630130000000001,0.5016909999999992,1.027779705040599,0.8905302920170364
0.9255370446666671,1.2533260000000013,0.40128699999999995,0.390915159289154,0.7857798199957706
1.2225302429999996,1.1041999999999987,0.4487030000000001,0.4480993270134537,0.33294515182058504
0.20428474560000076,0.45137100000000174,0.3602469999999993,0.8296058677068743,0.7785083580006322
5.304032526600001,0.43083599999999933,0.20073700000000017,0.22289407193638588,0.6167299837264562
9.478569384799997,0.08474199999999854,0.23096100000000064,0.9139850723298277,0.7223227894634547
0.27700744333333205,0.09593499999999722,0.1101100000000006,0.7247943255579941,0.37835170746761904
4.013166351999999,0.010310000000000485,0.11764999999999937,1.4777536750992013,0.22386816409810706
2.018753053933331,0.36053099999999816,0.09932900000000089,1.0880212597040924,0.1649891454142427
1.153449554733335,0.0803590000000014,0.1235690000000016,0.06721065599553988,0.011290529011333206
0.5669234464666655,0.336942999999998,0.28644999999999854,0.0761832844387893,0.2055489847770371
1.2842489182000012,0.16507700000000014,0.09523000000000081,1.5398306937043849,0.3798825145024658
11.32237979,0.24657300000000149,0.11558199999999985,2.1694802886998126,0.29958931730539895
9.380171091333334,0.1432469999999988,0.15384700000000073,1.55635668783591,0.3943823624154881
0.46428551799999696,0.03909900000000022,0.3534589999999991,0.98647421470959,0.754509196101532
7.4764963653333325,0.8200430000000019,0.5684540000000009,1.5549492331785384,0.45756623539525343
11.412078358733332,0.7217449999999985,0.5867649999999998,0.275741295526716,0.4113211537456962
2.3999698393333375,0.6289219999999993,0.5433603999999992,0.8656861997338918,0.027183596825219425
7.135969630066668,0.9109450000000017,0.8570042000000004,0.03095060859156895,0.09443632424291515
1.0690898006666654,1.1709999999999994,0.49517339999999965,1.161131753247707,0.4039723823389014
2.0185194747999997,1.2420020000000012,0.5429855000000003,0.05966628206458324,0.7861852941327303
3.8430645858000023,1.430216999999999,0.9622092000000002,1.043307228607027,0.8209573571797186
1.6065092670000034,1.472278000000001,0.6672086999999998,1.52982007746302,0.9199385011068362
3.5040888860666666,1.9769290000000002,0.87045,0.4558922138237902,1.245825362967782
6.058112843333336,2.101310999999999,0.7393756000000002,0.7958577869665406,1.2023682233667605
4.041568109866666,1.5258324000000005,0.6998834999999999,0.684256424319762,1.3563975530598897
1.0436815096,1.6006745999999996,0.6587608,1.193493331296434,1.4474343138359682
2.482639165,1.3891285,0.6985609999999999,1.4623830854526925,1.454120232632195
1.7483555546666667,1.0872768,0.5564289,1.086409539253407,1.2939245801388901
0.7225594570666667,0.6284153600000001,0.2263178,1.1252849408425172,1.0014926629097105
0.07497666619999976,0.05742109999999989,0.0,1.0329815767862798,0.41269651322278417
0.2565545178000005,0.08727910000000016,0.31057,1.0004477467192783,0.5246031210168166
0.559477916933333,0.21085360000000009,1.2228515,1.0803339520994903,0.6617737487868074
0.6862255386666667,0.2061769,1.2082787,1.0762790480052375,0.8930789562127079
0.23497208199999964,0.0026588999999999086,1.1280045000000003,1.0168527694096623,0.8243112458367596
0.46084289180000004,0.5183456999999998,1.3326202999999999,0.755867347355851,0.6902700708762524
1.1027925572666675,0.3026432000000001,1.452807,0.9160201313970893,0.6073224152183405
0.7597426142666661,0.7867411,1.6388119999999997,0.6433183026702052,0.5725280303547438
0.3486640427333336,0.7604188999999999,1.2330660000000009,0.7312787924773314,0.5235789724450299
0.4852782069333337,1.5762109,1.3461569999999998,0.8411928790251721,0.5267360278535991
2.1309751032,1.4787153000000002,1.5000809999999998,0.7172685519035475,0.5330975557720841
3.378890963333333,2.0099836999999994,1.0793909999999993,0.2922664335464802,0.83286006590584
0.7479384458666671,1.796614,0.8376070000000002,0.6978381184385327,0.8907878614442444
0.18314013313333355,1.6935510000000011,0.9024870000000007,0.03789010374463153,0.961541935079488
1.7152598752000001,1.480098,0.755331,0.4103067687877555,0.5266579486548455
2.0820632103333345,1.0637709999999991,0.677605999999999,0.5498604950381836,1.0350297786103386
1.4416749365999992,0.8510200000000001,0.3374650000000017,0.08726918505319503,0.8178898539798691
13.987697353133331,0.31952200000000097,0.24331499999999906,0.4063375655489274,1.009045357988839
10.03856874293333,0.0829979999999999,0.14663300000000135,0.3189848826780093,0.505369672243809
5.117060490000001,0.256278,0.14776599999999718,0.05471068935859691,0.4388033995463978
8.968754231533332,0.9327525000000012,0.06167400000000001,0.15951841650834098,0.005042793547300306
0.9179380496666685,0.8665984999999985,0.12481700000000018,0.07058245766105564,0.0276617843901672
8.297177906333333,1.091304000000001,0.3443339999999999,0.43303266276961594,0.06259346594472603
3.3144929353333348,1.101566,0.2451270000000001,0.573433422417553,0.17292318856724087
4.420103632600001,0.9956099999999992,0.1323869999999978,0.34800462591874926,0.023873306295271846
7.1209995712000005,0.9656500000000001,0.21485299999999796,0.005675176678716198,0.09303302251976753
6.16306007,0.8751460000000009,0.13080599999999976,0.16022206445201448,0.36611557322375177
3.8350392749333295,0.9931225999999995,0.42873499999999964,0.5580840029720697,0.3650904945038729
1.3942969260000027,0.7559244000000005,0.48872599999999977,0.0902727124504441,0.4743744870922022
7.294868938533327,0.3657596999999999,0.38370700000000113,0.1928719645696919,0.4316148311634205
5.110743469199999,0.6529992999999994,1.1207719999999988,1.0759329223600211,0.3438667693492192
0.2379547219999978,0.41653699999999994,0.31683899999999987,0.531206975478085,0.5543751605307801
0.9051191586666647,0.20023429999999998,0.7335560000000001,0.3462201703793646,0.8088375184338013
4.157537276599999,0.13106920000000066,1.1605860000000003,0.7054806248206518,0.6398528781552582
1.2090620005999995,0.19848679999999952,1.1114369999999987,1.0516417158107743,0.7042716389812771
0.05559718853333351,0.44932570000000016,1.2764610000000012,0.8036024262904267,0.9202754611105508
2.802808598000002,0.6740754,1.3385239999999996,1.035341510102941,0.9128029252316887
5.732715194266666,0.35307220000000017,1.4525123999999998,1.048048086204565,1.0642923314611297
4.374720977933335,0.4580983999999999,1.3396749000000003,1.1153547983531453,1.1992037334295942
1.7443050308666654,0.48360100000000017,1.4904522999999994,1.1248386365977172,1.2775494788366046
1.1985643514,0.5091455999999996,1.1364644000000004,1.262330753759139,1.2736681668079215
0.5545489956666667,0.3545606000000001,1.3315339000000002,1.2324673866385527,1.105920619524821
2.6686827748000006,0.28418909999999986,0.18522786,0.8840564611447315,0.49605666045822777
1.5148326836000008,0.05713210000000002,0.65338958,0.9212228280660959,0.6549498417587937
4.550976289333334,0.014239300000000066,0.9139822599999999,0.8933497865617959,0.7903337222873303
0.742195279933334,0.014050899999999977,1.1265638000000002,0.37150412205041494,0.9856712382252062
2.2553183856000016,0.23117179999999982,1.2110204999999996,1.0053317402059196,0.8886174923640255
4.117455424933334,0.1599615000000001,0.9865477,0.831081522074558,0.7288322634060274
1.404280800533333,0.5128798999999999,1.2562923000000001,0.5926771976309322,0.7828456750701411
1.0472268988,0.014246599999999887,1.1817729999999997,0.6192679540546706,0.7252984779818457
1.2058007838,0.20816,1.0448009999999996,0.19563048825157026,0.7550399853713108
1.1830076978000008,0.7265918000000001,1.065932,1.4740252692947253,0.559323250104022
0.13637226126666846,0.6131889999999998,0.8005650000000006,0.7415037346435529,0.4896206589816803
1.526076470133332,1.2341013000000003,0.754759,0.3338919218189069,0.6823173416789938
4.423201938399999,1.6461509999999997,0.6567419999999995,0.14531972810446803,0.6341739448201515
0.08124469999999917,1.6167103000000003,0.4484320000000004,0.7375287047510941,0.6210519239740631
1.7058209594666653,1.9194529999999999,0.5648689999999998,0.04164764842328417,0.2098687785049549
1.4229723295333336,1.727087000000001,0.4642020000000002,0.5604659661435001,0.646586187205969
3.126569746466666,2.0404989999999987,0.24526999999999965,0.5050154587266267,0.4121499278542675
6.794014405933334,1.6218950000000003,0.1352530000000005,0.5487267719340387,0.4424899477621924
4.042924189333336,1.6983230000000002,0.045845999999999165,0.04950676362620321,0.10266920824712322
0.3661840699333325,1.377108999999999,0.11610399999999998,0.22127200701399552,0.022825514981285266
1.0181781013333335,0.4749350000000021,0.07426000000000066,0.18635494256092322,0.01808970682529676
5.547014321333329,0.3993690000000001,0.30588000000000015,0.8005782004412563,0.11208801048619321
1.2420459086666682,0.24166500000000113,0.44098799999999905,0.3359402983020825,0.04706852522355298
5.160136076466664,0.658301999999999,0.21399200000000107,0.07742241122004145,0.23744352418037984
6.645487600466666,0.9629960000000004,0.46240399999999937,0.13147679821505953,0.017106239780162014
7.061840868800001,1.3281600000000005,0.39292900000000053,0.3491004769977213,0.18984511593347442
8.121863739866663,1.3992810000000002,0.3871350000000007,0.7231724304953886,0.37911948720553745
1.180458520200002,1.816446000000001,0.44888499999999887,0.008925071874031687,0.3187428544729869
6.723783347666668,1.9964749999999984,0.5128149999999998,0.12558407886627698,0.38384104025500854
6.892089314333333,1.8020123000000003,0.6181479999999997,0.12237395068035717,0.3981189417227178
0.4999170337333343,1.615037,0.6086760000000009,1.1530079322330717,0.33314572383413754
4.043700140599999,1.3570127000000003,0.4926530000000007,0.03374016072407393,0.607438357609448
2.040588005466666,0.9295108000000001,0.3491029999999995,0.5925755585274803,0.8059478619127987
1.6701920076000007,0.7184347999999998,0.6952353999999996,0.5625686392032279,0.6816377162901333
0.708335928066667,0.5172456000000003,1.0671282,0.37841671411097355,0.7614596584782412
0.3478240894000004,0.5580162999999998,1.0465635999999998,0.6806065760761797,0.9326162402580902
1.9107498334666668,0.3914512000000001,0.8699368000000005,1.0251038965437536,0.8117986608609487
1.7037957770666667,0.23055289999999995,1.1673521,0.7845940075659286,0.9016421184547223
0.3680363393999997,0.07734240000000003,0.9949561,0.7384818275843514,0.9744149327095482
0.6711882469333335,0.09197860000000002,0.6235895,0.9788523947873102,1.0163168770089315
0.07922753713333336,0.2481293,0.8261263999999999,0.7702741861217643,0.9291089750263832
0.17939340473333332,0.11879609999999996,0.5567688999999999,0.9174123051560685,0.8160034148031583
0.19415158626666668,0.15095474999999992,0.45652998,0.7236230853763865,0.5901048976140366
0.5329377913999999,0.08440100000000017,0.27139533,0.9588278028849402,0.8054617491827689
0.12512903213333315,0.1250517,0.38305062000000006,1.0104815051488534,1.0843072801137839
0.10492595546666683,0.29568656000000004,0.6889552499999999,0.9488671246648201,1.3117587334611551
0.6500863014,0.3464513599999999,1.00002,1.103932571431991,1.4846890090239349
0.039114497599999964,0.0011533999999999711,0.8582814000000001,0.9673351834985571,1.3754182721910073
0.5734531245999999,0.7631714999999999,1.0142894,1.0383001685711228,1.178520546912666
0.035714554466666826,0.4271482,1.2091408000000001,1.0225873667516154,1.1700926392736868
10.696689942400003,1.0211627,1.1153106,0.5720183845078584,1.031607116215099
0.35493204600000006,1.1538603000000003,1.4636605999999999,1.0471324201071894,1.1339152477078986
7.922623892066668,2.099317,0.9361390000000007,0.6147507565259573,0.8930516875385841
7.260429269,1.9703619999999997,0.9546989999999997,0.7650729481505927,0.7699948177693443
9.147308019200004,2.629747,1.0269459999999988,0.017280011563023834,0.8501098442037023
6.226333232666672,2.5337010000000006,0.9243460000000017,0.862325124226965,0.8031484525365684
2.7225520131333347,2.432254999999998,0.4805759999999992,0.05513576740396786,0.6771441386026957
1.4437398588000008,2.2632200000000005,0.4835440000000002,0.29355442451576685,0.313630066149047
7.941585311533334,1.4295870000000015,0.7564869999999999,0.7161776738465964,0.7889741870134461
8.254651118066668,1.3625900000000009,0.06611799999999945,0.05691178877421699,0.6649989263541727
11.050877603466663,0.6828079999999979,0.3764490000000009,0.14291896615057276,0.7244063798025735
8.855529640533334,0.3642479999999999,0.03954899999999917,0.5048712093898153,0.27755955442441405
9.128339484533335,0.046499000000000734,0.11500400000000077,0.08361865415745129,0.25538510113608126
2.513438111333329,0.7978419999999993,0.1493159999999989,0.07845675778650829,0.1288459160308264
15.552385530533336,0.6012540000000008,0.26700499999999927,0.23437125216348242,0.10078738401080045
2.0676811509333337,1.0281239999999983,0.051944000000000656,0.4158610724930547,0.2566027578501675
20.149361154799998,0.963597,0.1410309999999999,0.10674864745710799,0.3859566922716198
6.131533215666664,0.9963329999999999,0.03091299999999997,0.2746335957767716,0.13739687740057605
3.312436225199999,1.0259070000000001,0.0760089999999991,0.23527104291487078,0.18803618621149454
0.05942364466666561,0.8431120000000014,0.1702370000000002,0.3612621770632565,0.47953087481883827
0.9870542830666658,1.304930999999998,0.3808159999999994,0.5284080183511062,0.5083275500295308
1.421716838866665,0.9564409999999999,0.46703200000000145,0.09246882259424005,0.876017299038395
6.011390074666668,0.8497620000000001,0.5484439999999999,0.10052024223275602,0.5783373230717395
5.868229188733334,0.9361910000000009,0.43741200000000013,0.9338279263162601,0.7190032716842385
0.7748317084000007,0.9051980000000004,0.6546469999999989,0.5796199049598076,0.8530250100001755
11.783525603733331,0.7406889999999997,0.615183,0.4541329565491683,1.055404920498976
2.3567031285999986,0.8310009999999988,0.9832520000000002,0.8858040917128989,1.0136253859816673
2.905908412999999,0.9504940000000008,1.1563730000000003,0.774204529679885,1.0428467638180372
2.340990609133332,1.1063010000000002,1.3537926999999996,0.74325874948833,1.1192856557270723
4.294739768066666,1.5361772999999994,1.0170402999999997,1.0209193048685332,1.1885620691442664
3.5641171518666663,0.9082122000000004,1.1728567000000005,0.910839272388797,1.2396711279086121
0.12255378419999996,1.0224044999999995,1.1038956999999998,1.1258324260244086,1.4783421008867892
5.188171793733334,0.9786970000000004,0.8565936000000001,1.1425713535313768,1.570634064129008
3.4919654150000006,0.819588,1.1275581999999997,1.2414242010790377,1.5519010630124908
2.5358823606,0.5800394,0.9883644000000003,1.1795043308906172,1.291589948081738
0.9069620370666666,0.7066171000000001,0.6456822,1.1823205976334674,0.8645689215548136
1.4659640514000003,1.0697518000000001,0.8443041,1.2590364545328474,1.1201241713167958
1.8042390900666665,1.0322777999999997,1.2342947,1.330744962510804,1.329136704151817
3.1183028225999996,1.2956580999999998,1.3553856000000004,1.2295339013144115,1.4726056761115256
3.8622775268666656,1.122375,1.4516744,1.3910386187322645,1.3667100976676654
5.3063227884,1.4889293000000006,1.4605759999999997,1.187823769067582,1.202763119007594
1.1992423456666668,1.3397279999999991,1.6825579999999993,1.1509770618018837,1.1863394872190618
4.600270321533333,1.134741,1.5302350000000011,1.1245544904129154,1.0158433918285752
6.222332065399998,0.7568590000000004,1.6455380000000002,1.0414489971889296,1.0851468640843756
6.461767553799998,0.6547250000000009,1.267676999999999,1.247250442479059,0.874713292697022
8.351128206933335,0.36115799999999965,1.2368070000000007,0.550656915623005,0.7010896104332058
0.35214014753333345,0.3691709999999997,1.1274540000000002,0.4940260238459402,0.73576930768232
16.680370696866667,0.7742470000000008,1.049052999999999,0.7226431348862121,0.759162553581529
1.1220767314,0.42629499999999965,0.6258330000000001,0.43327674996017507,0.472522950554783
6.572760659333337,0.8875149999999987,0.5718689999999995,0.38189594729800724,0.11305680442096033
0.8753226173333317,0.6609970000000001,0.7581310000000023,0.6824869940338445,0.564381579072796
20.308522967533335,1.0506930000000008,0.28133399999999753,0.12957184954481704,0.3570528124133858
7.577471628866666,1.1640959999999998,0.3136650000000003,0.14248295263196908,0.43783728402950217
5.953266256066667,0.7380154000000001,0.04617899999999864,0.18760635806589576,0.052886421025700514
2.8450370175333326,0.5717106000000003,0.08447800000000072,0.16710381440886835,0.07388523340208764
0.14730068633333282,0.28649330000000006,0.15892099999999942,0.3282930858293298,0.08139947956022198
8.512959782866666,0.1153512000000001,0.05540500000000037,0.31551570553617836,0.13241001205989633
5.852995041933334,0.025424500000000627,0.21569799999999972,0.25653060017134166,0.025405915743078822
1.1122174924000001,0.1282363000000002,0.013781999999999073,0.32088980884370244,0.4848391612781491
1.7586017823999995,0.6791026999999996,0.04097699999999804,0.28189364241664805,0.10361271479659351
2.533587927266666,0.8901716999999998,0.14511300000000205,0.5147410850570857,0.15381338050313076
12.07686215213333,1.098625300000001,0.06318299999999866,0.42431766635535695,0.5075730009149648
4.441879847333336,0.40224449999999834,0.4167970000000025,0.5189758083735612,0.4077749188437192
8.4045334554,0.31548150000000064,0.5521799999999999,0.3261255546450883,0.6938636088301564
9.836706207999999,0.4053970000000007,0.5558809999999994,0.2455255762866546,0.4541388625070226
1.6550872704666668,0.23916999999999966,0.7887989999999974,0.9422861630012616,0.5156423792554854
1.458813135866666,0.2790410000000012,0.5906350000000025,0.7636377393750902,0.5890544222487186
2.0800185965333333,1.0008689999999998,0.8419139999999992,0.6779671770846214,0.8006882776693107
0.9920296425333328,1.177009,0.9920840000000002,0.7824421436742348,0.6828061759910398
1.7484851881999992,1.2880320000000003,1.3680690000000002,1.0132706519694814,0.799643521516936
1.0907756738666667,1.6025435999999997,1.4608910000000002,1.0561701257796017,0.9525439922707228
0.3486311534666662,1.619859,1.3644239999999996,1.0302602010343218,0.9644477324814815
1.9537664454666674,1.0678997,1.6330390000000001,1.1503373816718927,1.1321399169424264
3.8384782217333333,0.9514476000000001,1.4447029999999996,1.150783298665293,1.3483000528066649
2.0717721305999977,0.7129861,1.0862309999999997,1.352328895261481,1.4835057078552873
4.108486201933332,0.0,1.4255313000000003,1.355471444411728,1.4493179315913194
1.6933887348666659,0.0,1.3780875,1.2638448615016027,1.292975170333245
2.582017627933333,0.0,1.0935379000000003,1.117692576464348,0.923193700967826
1.3559882968666666,1.2936003,0.7733757,1.1351282032913979,0.9007128398163208
0.9469196242,1.1982591,1.0480101999999998,1.4133217940796692,1.2877203514353754
0.3117908624666672,1.7213972000000002,1.1911381,1.4830698453712672,1.539763283897308
3.1773330711333325,1.2773024,1.5872070000000003,1.5655823368462478,1.6903769093244128
0.05677524613333418,2.113447,1.615812,1.4478537401764795,1.8058760799299227
2.348869235399998,1.5213160000000006,1.8093839999999997,1.644114161445347,1.5978374440646261
0.29987747246666885,2.0009109999999986,1.646312,1.3025042006091105,1.4176032172281285
4.464927307866667,1.5971280000000014,1.8775600000000008,1.1361529195128952,1.3630084978151427
1.6102565379999962,1.523712999999999,1.769143999999999,1.395069208165408,1.1261454380069011
0.17764236800000255,1.2851459999999992,1.5603560000000005,1.044786449007436,1.182064262539651
0.7484956426666667,1.4550210000000021,1.4884080000000015,1.3583105078319786,0.9079916715476557
0.20393983599999999,1.229609,1.4676399999999994,0.548674897800403,0.7125043842951868
2.799529503999999,1.4653069999999992,1.1115129999999986,0.5102147405476813,0.8470930447312099
0.01074840533333088,0.8638720000000006,0.9367540000000005,1.0205500737601945,0.747204143071702
2.566509984666668,1.1611119999999993,0.7638169999999995,0.12047899864442257,0.5234862270780596
0.6216869313333309,0.6223470000000013,0.6311070000000001,0.5530791376003954,0.13150354254474195
1.8946607980000003,0.24277099999999763,0.553806999999999,0.616889144127164,0.5168065062425846
1.929521490666664,0.29632900000000006,0.3400020000000019,0.10994409491046042,0.22857558103364894
4.574783143333333,0.12715799999999788,0.12610799999999855,0.2674819082042532,0.3440935924045192
1.0310340053333356,0.16953200000000024,0.002727999999997621,0.22714168115456346,0.1623399269761201
0.4967479133333299,0.13040400000000218,0.12103000000000108,0.04152201723606197,0.15478214284967606
3.1733614259999996,0.6118479999999984,0.021255000000000024,0.21457462543425976,0.04629115732140576
4.983067190666663,0.39542800000000256,0.25202799999999925,0.3547331359654322,0.09773641935503719
1.221479956666668,0.42806199999999706,0.43414399999999986,0.2477389899407001,0.1748802894921333
1.0293555731333335,0.7811490000000028,0.14198000000000022,0.041814867034648984,0.6760754080446958
1.5945485724666675,0.6846129999999988,0.2491500000000002,0.18721426970734,0.1892919136312372
0.5067598761999994,0.7541650000000004,0.26210900000000237,0.8437660714847048,0.35480560580959164
0.5479391976666665,0.6868349999999985,0.2994819999999976,0.4329615978720298,0.6824624118354947
0.13913142779999976,1.295729999999999,0.5299420000000019,0.6027122119832633,0.6176473575214843
0.9205496746666668,1.0759870000000014,0.6374549999999992,0.45809928630387375,1.0372527942991017
0.5029925965333328,1.0411870000000008,0.8138460000000016,0.5841102255102033,0.6184495791811511
0.537419531066667,1.120806,1.0453989999999997,0.8918179598841238,0.8318797532565654
0.7728261269333334,1.4896390000000004,0.7968289999999989,0.9994018898640284,0.7764237837455852
0.07338738673333278,1.3579029999999985,0.8811450000000001,0.5778033392468291,0.9137102156442598
0.12761444820000012,1.4693010000000015,1.354298,1.1209204947416396,0.8715408746927338
0.22566853046666724,1.5768769999999996,1.4908769999999993,1.015544829653134,0.93975577180648
0.8479591526666663,1.9472522999999997,1.6619314999999997,1.1651858473697718,1.1118080880985524
0.5713117344,1.9206547,1.5567145,1.2156688921009557,1.1862389298774847
0.36297139633333364,1.2303233000000002,1.6531420000000008,1.0806022035179197,1.2619061784029624
0.10056326206666633,1.2758068999999996,1.5369253,1.2520758900672702,1.515230758426382
0.33786067200000036,1.1230617999999999,1.5808817,1.495512460747194,1.6235005302086947
0.5294770471333332,0.82203,1.4298419999999998,1.3852473848260973,1.5100108678888184
0.5859861057333333,0.2644308000000001,1.2145010000000003,1.3483840695551743,1.2133576577077672
0.09743063279999997,0.5014971399999999,1.1464017999999998,1.2370299050443594,0.795443598592887
0.9928598807999997,0.88443576,1.1141846999999998,1.263562652402872,0.8653286599547548
1.4679000843333336,0.9249181,1.0852769000000002,1.53499113516268,1.3107873449658425
1.8090602582000002,1.4249389,1.2149810999999997,1.6590527400476454,1.6052173042901225
2.3911537354666663,1.1103570000000005,1.5343561000000001,1.7695037746224784,1.864043096983572
1.9569958200000004,1.9766931999999997,1.5979994,1.7070445878238196,1.9831850621915743
0.9135578530000004,1.4071857999999997,1.8691519999999997,1.9081292609655165,1.731939507384448
0.33090605906667037,2.069923000000001,1.6506760000000007,1.5195501453327047,1.5628492019090139
2.360291085933337,1.5037509999999994,1.8062299999999993,1.270881238348064,1.5158745675619034
1.4642715673333306,1.6001209999999997,1.748716,1.6721789148377777,1.2293014002838838
1.2617322333333352,1.3386379999999996,1.710075999999999,1.2425472931590456,1.3230323945046205
0.8568196360000009,1.4628700000000006,1.3720170000000032,1.5018375014169578,1.0836219314659399
0.739639244000001,1.3207829999999987,1.4348799999999997,0.6519789701346212,0.8290174359111866
4.360279940666665,1.4628890000000006,1.0758549999999971,0.7333885824128572,0.9079125335444616
0.30984556800000007,0.8424739999999993,0.8715950000000028,1.4087285572198773,1.074425211302792
0.6572868673333332,1.0918810000000008,0.7004599999999996,0.21201672218590772,0.6260804193739844
3.8303382426666666,0.7318260000000016,0.4514700000000005,0.679811245489816,0.2809951159351236
2.728157267999997,0.3929170000000006,0.4121629999999996,0.7546489368911544,0.6387385127897609
3.6641594366666617,0.2916649999999983,0.1587639999999979,0.24293870667030149,0.504022844755621
3.9828091253333326,0.005144999999998845,0.00588600000000028,0.5305187032992791,0.5863512367545418
2.037867696666666,0.38604899999999986,0.10809899999999928,0.4278287691344751,0.1076827764664614
2.864353198666663,0.040977000000001595,0.12878399999999957,0.07009371057765534,0.0005863510655217397
0.46095778599999804,0.2015659999999997,0.05467700000000164,0.24481785129358968,0.027480259530488382
0.06097064466667135,0.13205999999999918,0.33711999999999875,0.1416854308556239,0.04729739069008332
4.060602696,0.11423500000000075,0.27963300000000046,0.41874216758228755,0.30190298541255345
4.902692663999996,0.46591199999999944,0.16405599999999865,0.14502009820440875,0.5499146154078858
1.4139041513333304,0.2353360000000002,0.12865200000000243,0.18406379857534105,0.024211995712985157
0.5118036466666673,0.33649400000000185,0.3759619999999977,1.014045314062166,0.18822998806837887
4.487704361133334,0.2625639999999976,0.33907299999999907,0.5430881142890875,0.47468313163744114
3.290876433800001,0.8798830000000031,0.5215450000000033,0.6421218424111643,0.4777447631447842
1.130505222666665,0.7210329999999985,0.694665999999998,0.6399100967423905,0.9873947370781373
0.782378086266668,0.49018999999999835,0.7907809999999991,0.7558241882093419,0.6967503210913293
3.460483346,0.736498000000001,1.0069550000000014,1.0067610303777919,0.933698332357384
5.147190680066666,1.0222590000000018,0.9288600000000002,1.2583531820751865,0.951259705961693
0.314219816733333,1.0203779999999973,1.0437539999999998,0.8156629203698245,1.1117600081554233
0.9721653407999984,0.9599020000000014,1.3283839999999998,1.4350721328227607,1.0114422873832112
0.7899099892666648,1.2841880000000003,1.5323209999999996,1.2824610694309708,1.191176551554177
2.843077180533334,1.8448259999999994,1.7264359999999996,1.4514092824581244,1.2604912534211916
1.6581411114666667,2.0400419999999997,1.5917160000000017,1.5122002867748368,1.4013365486662117
0.3860438998666673,1.5122,1.5924549999999993,1.2848757944416,1.5671307466788722
4.32811203,1.6921050000000006,1.5080989999999996,1.5333885435133867,1.8454439280341441
1.413694652733333,1.6123909999999997,1.5796000000000001,1.7345142150592698,2.0490330938195527
0.5361413249333333,1.5522896000000004,1.4471244000000003,1.615711988108389,1.9968320780042457
0.11457511679999999,1.0773004,1.2561247999999998,1.5934547617672887,1.7261531456529808
0.3800860693999999,1.1456516,1.1544043,1.4415764580730852,1.2141928959093549
0.01579006699999999,0.2464365500000001,0.0,1.2016770753784793,0.522766902670102
0.002053792266666604,0.6696091000000001,0.0,0.8892245622565595,0.6607265377272764
0.12530364646666659,0.7062305,0.4646804,1.2966221119543877,0.7718231806063369
1.2631022363333335,1.4639346999999998,1.2480083,0.9332129220654126,0.9130149456441603
0.294937792933333,1.2984850000000003,1.3084175000000002,0.5371118469382381,0.6920701254685255
0.7118511616666672,1.9612884999999993,1.1785230999999996,1.0924847447357795,0.4476090890177673
1.0508828319333336,1.6941300000000012,1.3349767000000003,0.19907932715719312,0.44953142920912015
0.16833857800000018,1.8380189999999992,1.2674035999999997,0.8146501567070805,0.30861950953219
0.28717911386666595,1.5475290000000008,1.142169,0.44103879720795724,0.3475634478591285
0.33023169086666715,1.9000309999999985,1.0994394000000005,2.150889828684388,0.12805687218254924
0.20629701813333368,1.407318,1.003969999999999,0.19669194773275933,0.040965437489534295
0.6858908924666667,1.7693000000000012,0.8448930000000008,0.5257014959440163,0.491837867858667
1.0117560573999993,0.9905629999999981,0.7131980000000002,1.7782111508153164,0.5272296345635246
1.368203073333334,0.9031200000000013,0.49927100000000024,2.0469286370706214,0.6147531392941579
0.3953592503333332,0.6477199999999996,0.4556229999999992,1.0581629006020261,0.10138998429833102
0.5717761114666664,0.019515999999999423,0.29994300000000074,0.37578143570695133,0.5738953836899929
0.7101819654000003,0.030466000000000548,0.15411100000000033,1.044823904630924,0.5713640204170218
0.5124481021333338,0.5075140000000005,0.08903600000000012,2.6464126100347514,0.981048293071014
1.6466232323333334,0.4413269999999976,0.175358000000001,2.372214190650503,0.25532369547314815
0.6623116164000002,0.6341500000000018,0.24682999999999922,1.2353806457279592,0.5562893889574791
0.44371540459999936,0.9559670000000011,0.1598075000000012,1.8162585045770765,0.6369340328148159
0.33172094280000053,0.6495319999999971,0.3585584999999991,0.8040486224789216,0.47807244721885844
1.5923195986666667,0.8976750000000013,0.6345650000000003,1.8625021445283245,0.45421001880829337
0.6026859060666667,0.8365729999999996,0.2434770000000004,1.0567623896284282,0.07727513576211287
0.35111493253333337,0.919398000000001,0.45360099999999903,0.016555570917967444,0.15625292412395098
0.3337091399333334,0.670947,0.3450740000000003,0.8506471797923094,0.2648254103498857
0.3396303552000002,0.5240720000000003,0.21639300000000006,0.49048457074848706,0.38562571069691387
0.10276391379999983,1.2194329999999987,0.5237320000000008,0.3718293093355829,0.3572096088171133
1.7307100137999998,0.9645100000000006,0.5273609999999991,0.7538369138106216,0.31585199951748777
1.0588122778,0.7923764999999996,0.6083029999999994,0.8852938978445728,0.250950788893455
0.45481464413333317,0.8335764999999995,0.7699560000000005,0.383665365202031,0.21044632205001612
0.1021822020666665,0.9722845000000007,0.5073040000000004,0.5932964173301958,0.5376241755081583
0.07085830620000033,0.8872685000000002,0.5801150000000002,0.9370030442984127,0.8977781084000345
1.1284353288000002,1.0985923,0.8107479999999994,2.0271875630664997,0.7225847920910695
0.4886108947333334,0.9883680000000004,1.2611026,0.134314422777571,0.8630662512402303
0.3278862290000002,1.1188571999999994,0.9666762000000002,1.4594852289609808,1.0400523360757639
0.2810927326000001,1.3572311000000004,1.1012482000000001,0.6951310654085727,1.048400619393111
1.2029993286666667,0.7632610999999998,1.2465437,0.005718164023359229,0.9732214563175088
0.3342131212666667,0.7903845,1.09562753,1.233481126626975,0.8964216482040808
0.17740882206666667,0.58028662,0.09320977,1.720042602817125,0.912704748797498
0.14289491426666667,0.18221918,0.0,0.7985557186100993,0.8876568862205219
0.045022076666666605,0.0,0.0,0.9051096060483608,0.8246397917934973
0.39490500019999997,0.11058029999999985,0.30743350000000014,0.8965450363886314,0.4715066285372001
0.7003764583333336,0.2624139999999999,0.25607500000000005,1.1693706201026648,0.5889495982664521
0.7976312070666665,0.14684629999999999,0.29373359999999993,0.9186449912076533,0.6939204340292244
0.8047818679333334,0.2785894,0.4647899,1.1425773722173744,0.7835984847132971
0.26500939579999994,0.1289203000000001,0.5215838000000002,0.8188211173340587,0.9488517363079896
0.8910583340666669,0.33690580000000014,0.47690009999999994,0.8703961593842422,0.8921823637613575
0.17877630740000017,0.04788119999999996,0.6004205999999996,1.0798217611947871,0.7582179159419171
0.6391720117999999,0.3337084,0.610074,0.37638803383969766,0.6483530155616481
0.28156221660000025,0.0001835000000000031,0.8109070000000003,0.45483388212022113,0.8654821487963691
1.0907072916000002,0.1028232,0.6329599999999997,0.20422484743961533,0.7351404067088687
0.42323553439999984,0.3953612000000001,0.6309415000000005,1.4195206605405737,0.6374138408064809
0.5330067642666663,0.9419063999999999,0.8789064999999994,0.4933356508287918,0.4293998420128524
0.2976031057999995,1.01899,0.5961940000000006,0.4909777474460526,0.7372965704847818
0.2597079024666664,1.273332,0.6556940000000004,0.8413426285736705,0.471572931662978
0.7292796320000008,1.626011,0.4954679999999989,0.37157869285946,0.5755470868273314
0.7820930274666673,1.2628316999999996,0.5269849999999998,0.34632990908150774,0.3745236856580565
0.024746939466666618,1.3932113000000008,0.40686,1.392671848442319,0.4268605656239597
2.872273007066667,1.5927179999999996,0.33720700000000114,0.10292991676633712,0.40521560405504253
0.7292184600666669,1.0560530000000004,0.2453289999999999,0.2757259285221707,0.3956986289619575
0.5406670388666672,1.0023359999999997,0.1739739999999994,0.9377373298745209,0.1498157487421441
0.5166308275333336,1.085253999999999,0.09901800000000094,0.8521181713152046,0.30474314150178294
1.8030535258000002,0.24268400000000057,0.13905299999999876,0.290022431929593,0.38142783937606417
1.0561464565333338,0.013346000000000302,0.3744569999999996,0.7151624364767333,0.5179332078585048
1.8662285893999995,0.22840099999999985,0.24380500000000005,0.9109522144755484,0.2045358174994032
0.6198570447333331,0.32979299999999867,0.17397099999999988,0.8151165903249993,0.4867771575104669
0.7608564970666665,0.4043460000000003,0.2478650000000009,1.1526448281545605,0.34736156722461686
2.3429653563999997,1.0437159999999999,0.30902099999999955,0.21088703933169484,0.23633396995299627
2.4211301096,0.7606560000000009,0.44809500000000035,0.05184658174300516,0.5326223943015052
1.4022460331333342,1.2304685000000006,0.6314630000000001,1.4123105217486849,0.5636686092997003
2.2069132722666662,1.0957805,0.6883199999999992,0.11666344754541136,0.5479248582126921
1.04033671,0.7922429999999991,0.6758229999999994,0.02986552465706005,0.2843676502959456
2.276299440066664,1.1740306,0.676514000000001,0.9512323755763266,0.502814730123589
4.088132750933337,0.9664716999999996,0.6675502999999994,0.25533868792527414,0.5303881754699864
0.932431271666669,0.4774580000000004,0.4392516999999998,0.51874007535719,0.7268782663693196
1.418656025066669,0.29322099999999995,0.7601050000000003,1.1424849176089573,0.46637706959022474
3.1367609291999994,0.17460569999999986,0.8458920000000001,0.11064310189069992,0.5140256252121436
1.245762505200001,0.4305802999999999,0.7728783999999997,1.0026457476268362,0.6007986009802817
0.40713624853333386,0.3133836000000003,0.6642409000000002,0.9351057513200249,0.5413638388419706
1.181339764933333,0.024082700000000123,0.577312,1.129845876341176,0.6592434228517869
0.5590913905999999,0.31984259999999987,0.5445437000000002,0.7953419205432057,0.7017283248036836
1.140985496,0.2899859,0.40360700000000005,1.4520368142780753,0.6822966467555966
0.6555043302000001,0.27706050000000015,0.43646289999999976,1.0570206097224197,0.5955533408187677
0.6810540541999999,0.49762249999999986,0.3452081,0.8933339691381303,0.556424141523718
0.2077300488666668,0.25361239999999996,1.0401399,1.663071700180668,0.5852010706665228
0.07051989766666666,0.228642,0.8964441000000001,1.0316401327739144,0.6707230345316164
1.2801468455999994,0.11240589999999995,1.4508054000000001,1.5689833272058689,0.887561598435648
1.1372577354000006,0.4608093,1.2157957999999995,1.9843905126030483,1.1271918931465894
0.8246297908666667,0.18315919999999997,1.2318995,0.8793372079403792,1.1029107284886166
1.2297431763333333,0.22527730000000012,1.4272904999999998,0.15312136794821463,0.8687026863745704
5.077544627733333,0.11610429999999994,1.3387140000000013,2.1632734690135305,0.901063016186388
2.2667360108000008,0.2989126999999998,1.419611999999999,2.3880036919575307,0.7030563096804423
1.0500103523999975,0.6631550000000002,1.0954010000000007,1.2844155899989236,0.86074111378041
5.656462663266668,1.3286070000000003,0.9062799999999989,2.2014768232209825,0.8433066897862904
1.7290060390000015,1.2854279999999996,1.14513,1.2585766781241947,0.6580673128314682
9.927325918,1.9988475,0.6847250000000003,1.6951688892913381,0.9735269524316621
4.252820037000001,1.9450285000000003,0.6144600000000011,2.387675329172559,0.9133749528510826
2.2370889037333335,2.23058,0.656546999999998,0.9553266137247789,0.863858840273755
0.270215944866667,2.0879589999999997,0.07199300000000264,0.669214139472448,0.3669957849306531
6.251322998066668,1.866073,0.3150279999999981,0.9773483834447241,0.930180128383352
5.8208522518,1.8844860000000008,0.07609800000000178,0.9485684982887648,0.975391779752151
3.1538054276,1.5207639999999998,0.26732900000000015,2.343317327950416,0.9309834927746703
3.036188056066667,1.6038919999999983,0.22012900000000002,1.0205537323694998,0.6479189110664372
3.355253427200001,1.2185350000000028,0.03012599999999921,2.215201216036796,0.34943045814087625
11.149315497133335,0.5194229999999997,0.1367110000000018,2.299178841976598,0.1289902278910411
2.705103700666662,0.7117559999999976,0.11026599999999931,0.4086368621118801,0.23724806409315136
2.9772007400000007,0.32176899999999975,0.38577399999999784,0.026895265006135816,0.43186273860168356
5.500045180000001,0.20276299999999736,0.1578269999999975,3.072209375202945,0.22931097893861363
4.618079946666668,0.16042799999999957,0.12181900000000212,1.7299167789390921,0.13986667857905388
5.93580140733334,0.2929060000000021,0.006518999999997277,2.3446437267965763,0.31637467929362373
0.027923668666669954,0.16375599999999935,0.016247999999997376,1.5839305152598548,0.6782231834441923
1.2544928733333371,0.9819560000000003,0.2556270000000005,1.1054152015114624,0.17745735083378023
2.216081466666669,1.0768810000000002,0.4214640000000003,0.5589862768684171,0.3010674574573251
0.663320116666668,0.9395789999999984,0.3993479999999998,0.5781245252946512,0.09176093942475205
2.3998824823999954,1.1948070000000008,0.7797840000000011,1.3045859325619915,0.19555252339642948
3.3613979675999985,1.378427000000002,0.5074185,2.0951336759964825,0.44158946515369735
0.6014777269333287,1.2294260000000001,1.078737499999999,0.11288870137443752,0.7138104864134682
1.791790739133333,1.428647999999999,1.1552129999999998,0.31452706602716773,0.979147114964718
0.24884376286666665,1.3536139999999985,1.1892230000000001,3.752788077971392,1.0167163223216207
3.1890806424666636,1.8712430000000015,1.469641000000001,0.17706595641539913,1.1386117704646725
0.07881843353333196,2.0703359999999993,1.4798069999999992,1.2099467602703253,1.397566075180377
4.398994764666668,1.4199380000000001,1.5615459999999999,0.829728971022524,1.5547321719724305
1.5755824479333356,1.6859947000000002,1.372243,1.975435031409921,1.575699994442009
0.5858069360666667,1.3945222999999993,1.3438340000000002,1.2859475622167098,1.7438811193990906
2.224830459533333,1.2944912000000004,1.2109573,2.0181449686820745,1.7192163920088905
2.486199903066667,1.0608312999999998,1.3329970599999998,1.5557414351287897,1.549049647477268
2.2700910672666668,1.1312693,0.79028964,1.7228014721210991,1.1859260603350408
1.0569755024000003,1.266346,0.0,1.125765100206549,0.9861021597121196
1.4623162752666665,1.2811522000000002,0.57572496,1.3402822670408363,1.2958172559212644
1.7492966220000001,1.5427833,1.00706644,1.3037718657474273,1.4782007609239498
2.128439178133334,1.1771205999999994,1.249273,1.3127892422900302,1.6217744938117402
2.072621151466664,1.9295485999999995,1.4242596,1.145321863229908,1.7004531096135453
1.9036106076000028,1.339322000000001,1.5785179999999999,1.399565247897054,1.466125963174541
1.7497181786666651,1.8122620000000005,1.4784585999999997,1.0656745660050966,1.2753567300591442
1.6765886653333322,1.2925699999999996,1.7266373999999995,0.9790812404853817,1.2856111871972704
1.5819689866666664,1.3985859999999999,1.5788460000000004,0.935802025121852,1.008888199717811
1.9412650993333358,1.0089360000000003,1.6957629999999995,0.9552327484165115,1.1183317762428402
2.446990296666666,1.2384699999999995,1.3429290000000016,1.0987021495164857,0.8597234900254769
4.719147079933336,0.9764440000000008,1.2514999999999983,0.41452118400469473,0.6023923963156097
3.195778306466668,1.1637120000000003,1.2385190000000001,0.3182312659586106,0.7256848656993373
7.082136740999998,0.6195299999999975,0.9329850000000022,0.5851473995030627,0.5807937288855527
0.8412945261333356,0.729336,0.7846779999999995,0.3051931323310093,0.3144202735431527
17.484536653933333,0.6019880000000022,0.7074149999999975,0.3585492517996851,0.10749885369703804
0.766786848666662,0.23847100000000054,0.6398880000000027,0.7191538971689315,0.37387776021651575
10.743390506933338,0.29232999999999976,0.371185999999998,0.06265453988552139,0.2588223387858939
2.0234335996000006,0.018646000000000384,0.2458430000000007,0.3453394616582379,0.44226742458925017
7.186282232,0.39727200000000096,0.042373000000001326,0.3547520150292094,0.2416843581417112
6.327989134666666,0.2033529999999999,0.08703799999999973,0.10260133176961261,0.31583015272464365
2.405364659666663,0.05424600000000268,0.016770999999998537,0.13606545631673939,0.1402019215570398
6.181265925066665,0.10813600000000179,0.22224999999999895,0.1432013581501188,0.2679940025188827
11.356547157400001,0.06739299999999915,0.5265319999999996,0.21872703546304706,0.1106155920603733
0.5597243133333372,0.3051530000000007,0.27211600000000047,0.2887531960547278,0.5813582522685934
2.44441316533333,0.3776440000000001,0.3125150000000012,0.12350509047307412,0.13181922538334234
0.2111009320000008,0.4149220000000007,0.4318899999999992,0.560850453478487,0.04495776525702411
0.02675148200000166,0.39985499999999874,0.33063100000000034,0.30086166898782807,0.25164986680470136
0.4543821460000004,1.2009470000000029,0.5359420000000021,0.43459098990721756,0.09687098874880462
0.6930583953333347,1.1421409999999987,0.549833999999997,0.3276546727431544,0.5361617423539666
1.0565480413333361,0.9639929999999985,0.7033390000000015,0.2795583308293228,0.3006553499615734
0.8241290540000001,1.1859819999999992,0.8355510000000006,0.9536551500499044,0.48847467759514807
1.0662828866666665,1.4354090000000017,0.6646709999999985,0.6915065585835851,0.6175907581081681
1.0495459266666636,1.3959910000000004,0.7183310000000009,0.7117547548031045,0.7456938301709624
1.4885835239999992,1.4120109999999997,1.1597600000000003,0.8947498012278867,0.7655981655783588
1.5848868540000005,1.435262999999999,1.3265189999999993,1.0102846682718134,0.8504361369119771
1.6183211506666684,1.832656,1.5087279999999996,1.097796402835284,1.058395836976091
1.6245842933333332,1.900144000000001,1.337897,1.2169979706752638,1.1865640263890462
1.8939194766666656,1.3144910000000003,1.4573685000000003,1.1783180788379077,1.3258600637970126
1.9348925878666652,1.3385829999999999,1.4775625000000003,1.2620156826086033,1.582542447246201
2.0619489014666685,1.1764973999999997,1.2335510000000003,1.4111209730644871,1.7598795152278282
2.153750419533333,1.0352725999999999,1.297402,1.4459544655896623,1.7214849707901339
3.7185687864,0.5647082000000001,1.1678852999999998,1.376630492696731,1.546628602038715
0.5120339094666668,0.9211539,0.61379826,0.8468282019450505,0.8320300614642672
1.4842557918666666,1.2113194999999997,0.80047044,1.044903105067571,1.153617245400776
2.3992974163333334,1.2607527000000003,0.8230271999999998,1.0625738932978774,1.3440404209862153
2.1224741761333332,1.4671424999999996,0.9574131000000001,1.0597340256586611,1.5383704217125813
3.324514624799999,1.5946395000000004,1.0928046999999999,0.878567760061161,1.6990937747857355
2.3496515693999998,1.3151779999999995,1.3509479000000004,1.145386107226284,1.4498357234628845
3.856758924066667,1.561102,1.2310127999999994,0.9026043859927997,1.3560669313759792
0.47950398046666587,1.2157410000000013,1.3985465999999995,1.048096298881739,1.4272582757796624
1.4710327497333338,1.3367759999999986,1.468337,0.7884497444500855,1.2449205029653818
3.2338756880000004,0.803884,1.5679050000000014,0.9879375149350533,1.4016257237026633
0.6543270793333331,0.861675,1.1837359999999997,1.1329528017669936,1.0858559114318425
0.9925859682666669,0.6547260000000019,1.3153120000000005,0.7740742268413374,0.9411634668761426
2.248609295866668,0.5276089999999982,1.196978999999999,0.40741167388143573,0.969112491667719
4.847846968666664,0.03051200000000165,1.1314260000000012,0.40456066738336993,1.0069248596356601
0.3204614231333327,0.1247920000000029,0.7518980000000006,0.7811200243495584,0.7739409894419182
6.8615846331333366,0.03611699999999729,0.7113699999999987,0.3714107973335814,0.332433420088023
6.129922676466668,0.13649799999999956,0.7744309999999999,0.7422415561464675,0.6910749727586705
0.7477547981333341,0.06953599999999938,0.4229909999999997,0.39114197784375726,0.5581539393072532
12.767306040999998,0.25332500000000024,0.366263,0.3926987835013307,0.6889982416075853
0.356006819600001,0.35938999999999766,0.10799100000000195,0.29859142567069696,0.029006844877557114
0.1998045393333321,0.43378700000000237,0.026452000000002585,0.39317390596724877,0.026274218733888688
0.3098164406666619,0.505711999999999,0.19003100000000117,0.32461134542831616,0.020865268186859964
0.32634913133333043,0.5523820000000015,0.28858200000000167,0.09169647917541823,0.10698192777917015
0.6372088106666673,0.3789479999999976,0.21992299999999787,0.10246939447089787,0.3394731313637429
1.0999927346666674,0.19373900000000077,0.10642599999999902,0.30768935754069204,0.513203455510304
0.8036743600000023,0.02515200000000206,0.07550300000000121,0.3751123732136641,0.2131150051235977
7.974393125533332,0.09638399999999692,0.25179999999999936,0.10435712859787571,0.17639710273585507
3.035929959999997,0.004822999999998245,0.3048710000000021,0.543339659929412,0.4812454214836386
1.3582853254666674,1.0247829999999993,0.39739399999999847,0.4489122452808001,0.45104704007824026
9.909503782799998,1.4958279999999995,0.49759300000000195,0.31253213506507294,0.9710917953234492
3.415121341800001,1.295364000000001,0.6451439999999984,0.22966835524244722,0.7344734814699692
5.632689341599997,1.599051000000001,0.5575159999999997,1.000805948356497,0.7839661180129163
2.130540532400005,1.7940379999999987,0.7502640000000014,0.7214083880168634,0.8654854030727748
0.8667384913333365,2.0088690000000007,0.6290999999999993,0.8186366070258426,1.1710471282097288
1.3963718059999977,2.0520183000000003,1.0893870000000003,0.8779986864303009,1.037784034202204
1.6216872578666681,1.7019471999999993,1.3175519999999992,1.0126216787791265,1.157914165525769
1.3488139901333334,1.7352775000000005,1.4776610000000012,0.9862350275448417,1.2458548200500061
4.924700771666666,1.5388284999999997,1.2298959999999983,1.0214964065487653,1.3896296731045439
2.5506731144000003,0.9563012000000002,1.380332000000001,1.1993994163564947,1.5220987974966107
0.5576238015333352,0.5743596599999999,1.4223536,1.1159077890108042,1.6939771045587069
3.754976258600003,0.27111048000000004,1.0722088999999997,1.2567490594518853,1.8199139039818437
0.6508899056666664,0.31418672,1.4057484999999996,1.2488110489677964,1.765665106131748
2.3097237554666665,0.29683816,1.0259650000000002,1.1396427045220752,1.5423382352527946
3.422100079733333,0.08116570000000001,1.0302600000000002,1.026200271508468,1.1411960308748093
0.33626652706666693,1.2977205,0.8698135499999999,1.2490960221187848,1.0382534876758993
2.5306402961999996,1.2928593,1.1500565999999999,1.4285236830579757,1.4126922591208735
2.033822382400001,1.5960231,0.8827112000000001,1.4002029428427063,1.6593493014255287
3.4148074012,1.0954512999999997,1.3755783000000004,1.4303472992538326,1.8536814838059623
0.43696314099999967,1.871087000000001,1.5261609999999992,1.4545306372560072,1.9348386947113099
2.6858829637333326,1.223395,1.3915230000000003,1.6142343635775411,1.6356687528268754
1.303230183866667,1.6002519999999993,1.470841,1.258885863654804,1.4516880658387077
2.635798358333334,1.0077949999999998,1.586855,1.0641029660207675,1.434389095034291
2.9201864707333343,1.2653619999999997,1.5304990000000007,1.1885661791323887,1.0486296683854146
0.7504396530000008,0.8473009999999999,1.492685999999999,1.00939211091662,1.2325549957503608
5.203179192400002,1.0135489999999994,1.266788,1.2733604718028477,0.9373899888847124
6.507048496600001,0.8832360000000001,1.2782790000000013,0.4449593337214104,0.6894049907985753
2.6605417930666686,1.1203700000000012,1.135432999999999,0.4728999042782256,0.804069689022171
3.7563955780666696,0.5796799999999998,0.9092470000000006,0.9550260227307845,0.8383673280665178
16.22922478226667,0.8097630000000002,0.6742309999999989,0.3155436673466063,0.5220831794928209
2.9776611270666677,0.7376989999999992,0.6712100000000021,0.4313449462694763,0.00016703873309253936
5.542555079133333,0.4790309999999991,0.7784349999999982,0.6720274700702369,0.5433008042381466
1.383373174399999,0.45678900000000056,0.20587400000000144,0.17118743590588892,0.40643649094554846
11.38256123,0.21908400000000228,0.26497799999999927,0.3960444570021835,0.6243290472161682
15.1840808474,0.6677239999999998,0.0071229999999999905,0.30883460043257216,0.09558653733325428
1.060713335333336,0.3817789999999981,0.034137000000001194,0.11399623137320347,0.12144363286071069
4.293340471066664,0.14772999999999925,0.113348000000002,0.008703272698234343,0.00530665983890799
9.567635502933332,0.2016220000000004,0.20939200000000113,0.1278038978624565,0.07972766930038233
1.1707006565333309,0.025349000000002064,0.30534899999999965,0.09699180360644633,0.35075779607212
16.584847003,0.24211000000000027,0.00412499999999838,0.1585170816160364,0.4984477231344968
8.40287213133333,0.2085240000000006,0.24310299999999785,0.36326813226995824,0.12235214782692694
7.810448208466662,0.26801499999999834,0.1755519999999997,0.8274619786978406,0.04186535555973947
9.133849124066662,0.22888400000000075,0.12068600000000274,0.36424776722096297,0.31195698742690325
3.7382614535333296,0.8880370000000006,0.463711,0.30019443764444276,0.18635583505493258
8.245553040933334,0.9091550000000019,0.5894089999999998,0.41460891206299166,0.673920314480025
0.5217729186666666,0.5564479999999996,0.7075759999999995,0.6380681841841565,0.4682614652539101
5.6780554925333355,0.9273530000000001,0.8244119999999988,0.8893964154685712,0.6203391596200838
1.3586553059999993,1.185924,0.768616999999999,0.7884502713102002,0.7898514917771386
2.526686189200003,1.167866,0.7441870000000002,0.6919435027761232,0.900086791855685
2.6224419950000026,1.0724189999999982,1.2753170000000011,1.1176365898113403,0.9996445034512895
3.4565956812666663,1.2999314999999996,1.4938850000000006,1.06806544256189,1.08705288650029
0.9786398089333321,2.0616275,1.7375169999999986,1.2969279678912393,1.1952709085558304
0.18249608706666365,2.082954000000001,1.5076310000000017,1.3776076524841567,1.3586093928949534
1.0463176091999973,1.7128549999999994,1.6441969999999984,1.2209269900558688,1.5278286250709066
2.0059750470000015,1.8123750000000003,1.5850986000000011,1.4516189465928164,1.7976013917805052
2.0178499977333324,1.7374669999999997,1.5296233999999993,1.6181781355068559,1.9974611642797386
2.093627254266667,1.6782144000000003,1.6555153000000002,1.6446965999429608,2.051177750341928
1.9328284031333336,1.1196920000000001,1.3689205000000002,1.6115367911689327,1.891680883779021
1.4646067379999996,1.2398586999999999,1.1138515,1.4997744080475375,1.5072425871999149
0.15549996240000008,0.27564539,0.4245471,0.7408082083837754,0.2891175424098891
0.2117150567333334,0.5093708400000001,0.5538288,0.8018294344613575,0.4370139260397755
0.649971024,0.5432871300000001,0.6727869999999998,0.9249084034041601,0.6582891231018204
1.0818464636,0.9244985999999997,0.6347758000000003,1.0844686713438847,0.9053037307587573
1.327217511866666,1.0271516000000003,1.0836976999999997,0.9979810749396529,1.0852439495822455
1.4405570576666666,1.3698153,1.1205699999999998,1.2655820055302165,1.3013271493335958
1.8138172706000013,1.3299472999999997,1.1896958,1.2913872074117672,1.3468589732606242
1.6731551999999992,1.7254307000000004,1.0990587000000005,1.3168944858476763,1.4132436144795069
1.5505333588666659,1.3564403,1.349304,1.3112209841667397,1.489806763329474
1.457614698666669,1.9723469999999992,1.4428319999999992,1.45867695795115,1.76223270713332
1.408242662666666,1.5052080000000014,1.4429290000000012,1.3870862619064521,1.3553512608456284
1.4280473193333343,1.555522999999999,1.3425250000000002,1.1970898282512579,1.196224362878917
1.236404999333331,1.1937359999999995,1.4941009999999988,0.830096533466838,1.3133950447107186
1.1622333339999997,1.3346120000000017,1.3515550000000012,1.210041455085424,1.105452375314826
1.043369479333336,1.0016749999999988,1.3183469999999993,0.9064537811314786,1.2383269084786548
1.020175097333329,0.8788209999999985,1.0029949999999985,1.219803157013228,1.0888984652384366
0.7416914606666687,0.8802540000000008,1.2953590000000013,0.7762439296863626,0.7012090620140476
0.842644499333332,0.8678410000000021,0.9024229999999989,0.36327965334703904,0.8897715419978098
0.6789394280000032,0.510821,0.7903730000000024,1.1127319240333868,1.0190534310037194
0.6947808286666657,0.834229999999998,0.5895349999999979,0.40410914486801275,0.7867326471699059
0.5857208193333356,0.6469880000000003,0.5544639999999994,0.7959106938964915,0.2663117735890488
0.36605373733333124,0.29037600000000197,0.5226940000000013,0.6278265644400776,0.5043688929462284
0.6205535906666633,0.422979999999999,0.22180600000000084,0.5161582544746146,0.44130697854516754
0.710473204000003,0.17365500000000011,0.15504599999999868,0.446161314155308,0.4683376042581209
0.2990479846666645,0.6360799999999998,0.09786199999999923,0.5723696453778793,0.14984138306794392
0.023234011999999638,0.4244269999999979,0.057896000000003056,0.36751204267094195,0.10192682572597178
0.23011089933333295,0.22424700000000186,0.09795899999999946,0.27481036869400555,0.0853078805941685
0.15261778600000397,0.1821629999999992,0.2808300000000017,0.10285246654016689,0.06138280513474115
0.1669057099999982,0.1073839999999997,0.08475100000000069,0.38406372113104936,0.18884138824607888
0.2586049546666658,0.2757380000000005,0.026743999999997214,0.2164261007434618,0.3387166816202587
0.369635926666664,0.30108099999999993,0.09537000000000262,0.314702205185764,0.08063323947355983
0.28429066533333724,0.2126519999999985,0.18597999999999715,0.5299359891415705,0.2182132123032936
0.29010446999999573,0.3060299999999998,0.28981600000000185,0.8152987438259593,0.5436985848276059
0.47451790133333915,0.8626310000000004,0.4381750000000011,0.38606202765284436,0.3951346887369276
0.6125113826666642,0.841818,0.44018900000000016,0.679938582776785,0.6364356032052036
0.7343868613333377,0.3495580000000018,0.7747849999999978,0.7130168088899715,0.5203534716438902
0.7226911646666601,0.6089399999999969,0.7459160000000011,0.835368821362632,0.765483986488583
1.0018791673333354,0.8739220000000003,0.7465229999999998,1.2436039372049876,0.8603223482092055
1.0587663340000049,0.769679,0.6257289999999998,0.8050876544100731,1.13565832247113
0.9574731299999932,0.7878390000000017,1.1797749999999994,1.3413472265768398,1.0316790091601575
1.172113479333337,0.8980029999999992,1.1914100000000012,1.1473187911113119,1.1547846709940472
1.2705207313333329,1.5512699999999988,1.4750490000000003,1.127569425254304,1.233685120446772
1.3808746093333308,1.6408970000000007,1.4156864999999996,1.2406890373869714,1.2048048907427162
1.576432878666667,1.2886040000000012,1.313926499999999,1.0376254822657653,1.4347534960600399
1.4620705920000017,1.5010009999999987,1.404326000000001,1.3258715545242126,1.542045380707492
1.6663301679333316,1.6479230000000005,1.443795999999999,1.4583954213487438,1.6716962111033897
2.263159667200001,1.6850009999999997,1.4547870000000005,1.2817845982797467,1.5768599822328975
0.7706606832000009,1.4208070000000008,1.1350090000000002,1.2495935060267138,1.5074229119161888
1.3784979021999995,1.7516615999999994,1.2583729999999997,1.4024805966527092,1.4674101609891306
1.6200295264666669,1.6860192,0.9120504,1.3005189443628562,1.290950158260392
1.4868808800000002,1.1535015,1.0727362999999999,1.0559492267821429,1.1039770327176828
1.1618367090666668,1.0427855000000001,0.7048740000000002,1.0713263361701653,0.8951298999558983
0.7276450537333332,0.6590476000000001,0.6530704999999999,0.8398685266922953,0.6044898668528371
0.1494297873333334,0.23250851000000003,0.33103364,0.7008662020559819,0.2668075352989262
0.2249260395333334,0.48319974999999993,0.5835703999999999,0.7617083906619122,0.391198047438058
0.7070474235999998,0.5685529000000001,0.5672642000000001,0.8170209908460522,0.5929985072784181
1.0959483640000003,0.8718892,0.5675719999999997,0.9942127203981497,0.8285590633406601
1.3540143919999998,0.995851,0.9912432,0.8983811437800728,1.0217391640345865
1.5774917137333335,1.3294264999999994,1.0446578000000004,1.2941578236407434,1.254071195059069
1.7672636976666674,1.3100535000000004,1.2239550000000001,1.1804335213809303,1.321748887509294
1.513161415999999,1.6620720000000002,1.0339469999999995,1.2168571097328842,1.4005963609753165
1.7591652855333315,1.3576519999999999,1.2296440000000004,1.174812892108779,1.5296586547736846
1.5323940630000052,1.9755850000000006,1.409986,1.498076924627462,1.7759540649119359
1.537801099333329,1.5411359999999998,1.3682230000000004,1.4419342669534618,1.417154941493175
1.5823439326666655,1.5602619999999998,1.3542439999999996,1.2354756023426319,1.2428184383156786
1.4150848046666713,1.2206609999999998,1.4550859999999997,0.9194877244845685,1.3822893076147675
1.2941948679999946,1.3770040000000012,1.2686019999999996,1.192026621569358,1.1877352303484585
1.1862129213333361,1.0001449999999998,1.3483,0.9972988533201459,1.358609128801998
1.219117277333332,0.9206909999999979,0.904363,1.305191694390178,1.1730274366356923
0.9517499633333344,0.8379480000000008,1.2630160000000004,0.7967444830185144,0.7361667904851821
0.8595966126666639,0.8498230000000007,0.9272559999999999,0.4661067087136317,0.936357484804546
0.749282763333337,0.530034999999998,0.9452810000000014,1.0836498774276713,1.0242561665757428
0.6321734573333302,0.7350900000000031,0.6934199999999997,0.6588510229843081,0.8201844144467003
0.4413420846666689,0.651603999999999,0.5173369999999977,0.7310374467113547,0.3091222537944063
0.009032282666662894,0.2584149999999994,0.6454010000000032,0.6831434544294197,0.5175023008021462
1.1061843220000043,0.4089279999999995,0.29253399999999985,0.6252901992061659,0.39063884066705157
0.20433359800000161,0.15542600000000206,0.3671359999999986,0.3984508255601469,0.4511146874024483
0.0006786906666640391,0.6685079999999992,0.14238200000000134,0.4722189679609876,0.128533234085495
0.2792462180000008,0.45884900000000073,0.1469169999999984,0.47415829858075753,0.10420118134542378
0.8112607979999993,0.2717899999999993,0.05293299999999945,0.22448425005326555,0.12607876964947806
0.557333101333338,0.25066799999999745,0.2741019999999992,0.04872579017554557,0.11686886750938541
0.23479345200000168,0.15141300000000157,0.0816820000000007,0.37117341529789627,0.15044252905938293
3.1940341400000065,0.22872800000000026,0.06738599999999906,0.24713333179800046,0.3487828328673679
1.2842108333333364,0.29114900000000077,0.06240000000000023,0.1680985958834178,0.06669222770485561
0.6287242060000011,0.1754889999999989,0.20859000000000094,0.5226730172290353,0.23454453817319276
0.5625707053333393,0.2883819999999986,0.28474100000000035,0.87733581092672,0.555848569526944
0.4964726033333342,0.8682730000000021,0.3515549999999976,0.17008922441511132,0.41897031377010663
0.5499325006666638,0.913962999999999,0.45293099999999953,0.7656323162096683,0.6520335727860918
0.6642370446666632,0.3766229999999986,0.6221270000000025,0.8931934481524593,0.562921038167012
0.9703261286666702,0.6198580000000007,0.690607,0.835765623572648,0.7563658367547532
0.9703784899999981,0.8897569999999995,0.7273259999999979,1.1708369809158228,0.8679315437546684
1.1080888960000017,0.7781280000000024,0.6965670000000017,0.7488342124095873,1.162662391777669
1.1818721560000007,0.8019350000000003,1.085211000000001,1.3269823387646404,1.0662187880378262
1.1352973573333287,0.8748109999999976,1.288328,1.1776122056752278,1.1753272070546803
1.371106634666667,1.5611270000000026,1.392326999999998,1.2119548714191115,1.2621500620461141
1.4500906480000033,1.6324559999999995,1.514266000000001,1.269007609654242,1.1892504767177545
1.5293885613333291,1.3416059999999987,1.439805999999999,1.0520684735161385,1.4336170759771338
1.5567281386666707,1.5222730000000002,1.4504710000000003,1.3015278119454017,1.5193279179041213
1.6974215547333316,1.6806470000000004,1.3750595000000008,1.4553367678537903,1.6182555442284094
1.7230476390666674,1.7325920000000004,1.431001499999999,1.3493043093587644,1.524459682007545
1.756486598066667,1.4302267999999998,1.3424694000000006,1.2738494175311512,1.4696823863231714
1.7060996473333327,1.7883515,1.2655019999999997,1.3683798529675437,1.4599501405582416
1.5875785300666663,1.6868001999999995,0.9007883000000003,1.3308581611190187,1.3027416965730714
1.3899706423999998,1.1271999000000004,0.9938384999999998,1.1246372915059113,1.1257350259387813
1.0868327832000002,1.0199083999999998,0.6755418,1.0946193119780816,0.9150323566774015
0.40210951100000014,0.39333357999999996,0.0,0.5530654614622289,0.17667622415348772
0.5434140233333331,0.2306016700000001,0.0,0.48066778606980565,0.28463015426392907
0.9490161554666665,0.5138163999999998,0.08098173,0.604419342486707,0.48057515949282603
0.4772622970000002,0.4287310000000002,0.86128587,0.5979633689132702,0.6551287940381725
0.005487457333333001,0.5859348999999998,0.8516838999999999,0.4392600619465421,0.8339855885196705
0.5133861895999998,0.7042383999999999,1.1185072000000003,1.0682992910424391,1.0479635516604753
0.0011781168000002396,0.6743240999999998,1.1347272999999998,0.9598304922577157,1.097740777405678
0.2349012079999997,0.9795589000000007,1.1134604000000001,0.6613302778364103,1.1064674153615979
6.959785261866667,0.5741190999999999,1.1599322,0.586926868355266,1.22766636075903
2.761145230066666,1.1772282999999995,1.3502934,1.0622296967133877,1.5364176075914164
5.147331132999999,0.7163855000000003,1.4472960000000006,1.099162061082101,1.1743476365957441
0.6796613585333322,1.2369084999999993,1.1813659999999988,1.0106358911207938,0.9307137030734491
6.236390108266663,0.9167950000000005,1.4971899999999998,0.5376455039412082,1.056014835826863
1.0745661506666693,1.257002,1.2706630000000008,0.8070642373009864,0.8463650122295157
0.08249791933333128,1.1554330000000004,1.1497960000000003,1.02749315459916,1.0088907211262956
0.04505107199999969,1.2237980000000004,1.0513560000000002,0.9942883764790285,0.8428338378575475
1.2342023139999974,1.2050780000000003,1.2364889999999988,0.6240784576249343,0.5753127410500305
0.7887849686666719,1.3769799999999996,0.8804550000000013,0.5973701934738873,0.7978952754265087
0.8303957326666698,1.28632,1.0525400000000005,1.0579885830236755,0.8349688211556945
0.748961023333333,1.3960879999999989,0.6109689999999972,0.681775445936621,0.7662082025780386
1.1072822839999965,1.1555740000000014,0.41931200000000146,0.7548063197369217,0.22624855934617827
2.035786793333333,0.6696989999999978,0.7681520000000006,0.7256919718790016,0.5094154296551743
1.4180336486666647,0.8911470000000001,0.3142379999999996,0.8474461908709294,0.5574222629196051
0.29281001266665996,0.4711980000000011,0.4174340000000001,0.3113451542795893,0.597549300620873
0.6185254786666654,0.657039000000001,0.11724500000000049,0.9843939729657123,0.37143398917243786
2.033874802000007,0.5603239999999978,0.00750200000000234,0.051665066461211495,0.2882756932467956
0.6820098166666639,0.13657600000000159,0.06320200000000042,0.19911469365212042,0.11471992330466918
0.19541046199999812,0.27719300000000047,0.17064599999999785,0.18552850303795054,0.11832315695133389
0.2675300806666634,0.1114709999999981,0.37826199999999943,0.06375842112740315,0.4126995621828655
1.9701204373333319,0.035602999999998275,0.05207600000000312,0.03361191843710998,0.0536262604728428
8.954997561333332,0.16671799999999948,0.09038799999999725,0.006648138175993523,0.06304456393881708
1.346069349999997,0.18523899999999927,0.25664899999999946,0.21115593472996608,0.03539678511943478
2.1960907946666683,0.07522399999999863,0.28545700000000096,0.5389360079147281,0.39429555831252827
1.3480328162666684,0.8234139999999996,0.37753500000000173,0.34801057631467813,0.26539211362491244
3.1624490570666666,0.6574990000000014,0.48362200000000044,0.2809636300335754,0.5157766768674215
3.6895974817333332,0.5371169999999985,0.7715379999999996,0.6087666438933077,0.4869696733664881
3.1068765150666664,0.565455,0.8632049999999971,0.6572033662398802,0.5411543790922337
1.537053591999996,0.8729599999999991,0.6109670000000023,1.178085521721627,0.7616248393614811
0.22985292339999575,0.7384170000000019,0.7990479999999991,0.4608721022300948,1.0511681713434164
0.1346413826000017,0.7569470000000003,1.1600529999999996,1.205397915595288,0.9537498742676238
2.0525044462000004,1.0120560000000012,1.318271000000001,1.042818738206062,1.0466432176045384
0.5454164432000006,1.5295629999999978,1.252865,0.8387182188256688,1.1987857496967163
0.9736039736666662,1.7141720000000014,1.5140949999999993,1.0838187480097723,1.1094740053329453
1.8149715022666655,1.2324699999999993,1.4903770000000005,0.8173223075473786,1.269006994270045
1.695636804066666,1.6271470000000008,1.5155060000000002,1.4267843617261402,1.3529801500292482
3.936151466600002,1.678661,1.2400015999999994,0.943563253211666,1.4381091297781836
1.8570025179333323,1.6064869999999996,1.1894274000000005,1.3221613268884038,1.3924480044479637
1.8365133040000008,1.5626926999999995,1.2761015999999996,1.117362655194312,1.3486420719737815
1.892967330466666,1.5786363000000003,1.2810681000000002,1.1444294504810575,1.3508437843542662
0.22642932073333322,1.5745879999999999,0.5799589000000003,1.0375835067903272,1.2406021508921334
0.8263408141333332,1.2354688999999999,0.9628101999999998,1.0652095375427804,1.0677553261399138
0.4616146188666668,0.9436329,0.3705310700000001,0.9955292604315611,0.8717943712003942
0.4135391114666669,0.11045750999999998,0.24419947000000003,0.5697515066022472,0.2424750341131909
0.6666847020666664,0.008149279999999981,0.48318020000000006,0.5801016440433344,0.3623346757740398
0.735914645666667,0.16904919000000002,0.46960139999999995,0.6373090530264762,0.5444225258315152
0.5036398651333331,0.32839718,0.5628989999999998,0.7375486528438255,0.7625578096419334
0.3476211123999997,0.42892193,0.8633230000000003,0.5867025547759628,0.9652245305025544
0.4168833786666668,0.8801216000000001,1.0505123999999997,1.3908688988707616,1.1895598568045775
0.8332656502666671,0.8683853999999998,1.1893975,1.0018735366213694,1.2226873228977961
2.590359381133334,1.4219670000000004,1.0356625,1.0209825594968285,1.2587550859246122
2.5826597263333317,1.0817759999999996,1.2002430000000004,0.9383266426031307,1.3359937429805537
1.4191227210000008,1.9415766000000003,1.3335080000000001,1.918004127402389,1.6020174246115637
0.8200774145333352,1.447163399999999,1.4590259999999997,1.220468102817735,1.2274121203143586
2.539911541399997,1.9267060000000011,1.2468369999999993,1.6350050489046772,1.0880520721113527
1.2336097566666684,1.5505659999999999,1.5581060000000004,0.8810721111216075,1.2530285231202676
1.086098279999998,1.6642289999999988,1.2641539999999996,1.1948953180551616,1.0433610739588222
1.0084360333333358,1.451600000000001,1.311629,1.271613810617831,1.2768591394387787
0.9824480459999947,1.479379999999999,1.0091880000000018,1.16010418600737,1.1504757721877308
1.170647690666673,1.278690000000001,1.3760149999999989,0.8934928485011291,0.8494460819879386
0.765782077333327,1.4392759999999996,0.9121880000000004,0.725062584302119,1.1134459518787807
0.575719443333341,1.0773599999999988,1.0121840000000013,1.5231924601549345,1.2033951035558026
0.6195074526666673,1.2606870000000008,0.46335599999999744,0.6748169932780677,1.053995621161306
0.5486632013333299,0.9456540000000011,0.5277610000000017,1.028294578714096,0.4810323929751448
0.6167059833333326,0.4970530000000011,0.6922479999999993,0.7108333009186119,0.643048961703407
0.5976800253333323,0.5843469999999975,0.2763540000000013,0.8972355520644122,0.607540913660614
0.22233429599999965,0.28458000000000183,0.3509139999999995,0.6044275506970997,0.6476345244957606
0.10939107466667153,0.6623020000000004,0.11272400000000005,0.8322662520145201,0.23434323587942885
0.043158926000000264,0.36088399999999865,0.08601799999999926,0.2754368003275509,0.2526533860435798
0.12992026666666234,0.047353999999998564,0.213121000000001,0.12139394518395008,0.06808797770434438
0.08088577133333175,0.044274999999998954,0.34239000000000175,0.15524830100426001,0.04163901993118557
0.06895826133333571,0.006218000000000501,0.1408459999999998,0.17021263551610843,0.17133724520185822
0.11480663266666724,0.4080450000000013,0.004249999999998977,0.043293136126280274,0.2839257561771795
0.37228495799999806,0.354220999999999,0.11750800000000083,0.13999937087637448,0.1482754632167378
0.054428395333335544,0.36482999999999777,0.2261179999999996,0.5812960114955246,0.2435694777430193
0.3945444613333322,0.26277100000000075,0.3958510000000004,0.7426894860541431,0.5814362058963312
0.6020303113333334,0.9821840000000002,0.5114689999999982,0.10450026692364744,0.4563579538766014
0.48588072266667126,0.7707630000000023,0.5653440000000032,0.8009796714251287,0.68757664783843
0.6552467953333299,0.5628299999999982,0.9069799999999972,1.0621204497573906,0.6194538101185323
0.6818324566666618,0.5953909999999993,0.790140000000001,0.6624086310997299,0.7506630763822812
0.5293503686666696,0.9805050000000008,0.7885479999999987,1.5380493897388838,0.8945662910228123
0.8333449766666661,0.8455879999999993,0.6230950000000028,0.8552741618780253,1.1856541498655417
1.0608413100000007,0.8390780000000007,1.1768619999999999,1.5853894377393232,1.0961668145059775
1.3321157899999996,1.0879410000000007,1.149315999999999,1.2058407726814764,1.1936545168249886
1.3396353573333322,1.7403899999999997,1.4085409999999996,1.150006627883558,1.2759936840414223
1.5440395973333345,1.7819859999999998,1.2506660000000007,1.29819237789372,1.1866735572721048
1.5152969020000011,1.278186999999999,1.2345740000000003,1.0971397708524169,1.3909424410203446
1.5293105020000013,1.5263840000000002,1.3324939999999987,1.5626560058210046,1.460964478722298
1.7359055045333314,1.680696000000001,1.2745170000000012,1.380600611401464,1.5245578493110834
1.815453343533333,1.5885989999999994,1.2679554999999993,1.4010049577449593,1.4789942338228084
1.5889601983999997,1.2279776,1.1405911,1.289908379693542,1.4149182617941642
1.6459436137333343,1.5418805999999998,1.2705334000000006,1.4285961453128992,1.446360663930136
1.3902986307333332,1.4615178000000002,0.9410499999999997,1.3631261663528766,1.3150968321897314
1.2858387189333331,1.0443593,1.0358416999999998,1.1099795346951096,1.1561406496491977
0.9681239952000001,0.9275222999999999,0.7066037000000001,1.170450223637478,0.9745660636250608
0.6006275173333333,0.6212650000000001,0.6853067000000002,0.9237473151424,0.6740424066760624
0.18439506266666666,0.28082812999999995,0.36082039999999993,0.6831754007949508,0.2881601654268
0.22563887893333334,0.4463272,0.4637591999999999,0.7503492270913736,0.4268143027611756
0.6541044547333331,0.5335285000000001,0.46568520000000024,0.8577505555269322,0.6339995431201719
1.0010528869333337,0.8676315000000001,0.3886567999999997,0.9294327079063356,0.8522279062719507
1.2555101625333331,0.9124885999999996,0.9055324000000002,0.9245923675606642,1.0271930833408498
1.4887970992000006,1.2905386,0.868716,1.212810196794842,1.2436601538211884
1.5797173093999994,1.2395076999999999,0.9740316,1.2776003045482414,1.3019241467397435
1.5873838250000007,1.6151187,0.8989947000000003,1.2452925511582666,1.390446962653427
1.555415659666668,1.3141710000000009,1.1453143,1.2372729003996508,1.4716186404266391
1.4658640765999973,1.9505409999999994,1.2731400000000006,1.5106400411493368,1.7216656250319033
1.4223128833333334,1.5014369999999992,1.3120149999999988,1.4322466256666946,1.3775998157502887
1.3174671900000003,1.574466000000001,1.2177610000000012,1.231492343936372,1.1880992141190312
1.282366837333333,1.2769909999999989,1.3784649999999985,0.8263477913053201,1.3164963600686175
1.1902674946666671,1.3523859999999992,1.2147110000000012,1.2549833594929467,1.1552869847872227
1.0024332193333336,1.0424020000000027,1.3100629999999995,1.0230923503010239,1.2346522931224175
0.9821354073333346,1.0267449999999982,0.9553860000000007,1.1955615833215099,1.1282468649413673
0.8854540373333322,0.8849300000000007,1.2038329999999995,0.8055845599129654,0.7124638592301267
0.8428313319999994,0.9710229999999989,0.9640099999999983,0.3492272360015747,0.8884650103200542
0.628245124666666,0.6071530000000003,0.8459530000000015,0.9701295334230657,0.9664702190108372
0.6443316886666679,0.8444390000000013,0.6626699999999985,0.5911542550625768,0.7806786013281766
0.5244651646666654,0.6594969999999982,0.6299690000000027,0.993855599644462,0.2787167045609742
0.07367558933333385,0.25179600000000235,0.61721,0.6655466018202354,0.5663864252921762
0.5817202633333345,0.30774100000000004,0.3081069999999997,0.4656696764037065,0.42579737542534346
0.7606135846666682,0.05560699999999841,0.2656019999999977,0.4503785929037498,0.4359730654251166
0.22693782266666318,0.5218370000000014,0.19067400000000134,0.6470755165781377,0.14235618129419336
0.005139953333333835,0.27250899999999945,0.08796699999999902,0.3767031173888853,0.10497867008237449
0.07264837666666324,0.11140800000000084,0.08056700000000205,0.3839963720487276,0.13151668362267444
0.22513632666666794,0.1300789999999985,0.21864200000000267,0.003102250555606645,0.10858595427970741
0.16284152600000468,0.07922600000000202,0.1078199999999967,0.1541497878367153,0.17837608971075625
0.34920081466666275,0.3487230000000032,0.054608000000001766,0.13376920669751868,0.35864054107546295
0.025250164000002684,0.3393039999999985,0.11759100000000089,0.14865194442868201,0.04904656938081331
0.25513164399999866,0.2166630000000005,0.2185459999999999,0.6275675855030975,0.22817547990473486
0.41394962466667096,0.33778600000000125,0.29151999999999845,0.9156019834900135,0.5103338532991692
0.4810945593333287,0.8776549999999972,0.35256800000000155,0.03131843010009305,0.41844608976280995
0.8393710693333354,0.8937360000000005,0.40503,0.8563588160741595,0.6649406345122699
0.5772443553333346,0.38903399999999877,0.6572499999999977,0.7299517102545927,0.5554720231693224
0.6300747539999989,0.5819890000000001,0.7024460000000019,0.9023792647574176,0.7416268125806305
0.8688028546666686,0.8392240000000015,0.6343989999999984,1.4033661939125253,0.8382122364669158
1.0383615133333315,0.7618749999999999,0.5824570000000016,0.8161969868764452,1.1173547418034815
1.0362819706666642,0.7599869999999989,1.070806000000001,1.324852946328189,0.9969150717597017
1.3197566720000005,0.9029970000000027,1.1223159999999979,1.1436734820419545,1.0876242494786084
1.0722715873333346,1.4819659999999981,1.3764510000000012,1.1117044045144855,1.2120672156416852
1.3293537273333325,1.6205265000000004,1.3670869999999997,1.2451404758660995,1.1557249912573653
1.3909319773333308,1.2707294999999998,1.311204,1.0595255197084459,1.4047257912173947
1.532434678666668,1.495420000000001,1.4062509999999993,1.3674274400821833,1.5035831447115662
1.5647015422666666,1.583824,1.4000130000000013,1.3662242669699118,1.6272022577830274
1.6703755902666675,1.6361219999999994,1.3842896999999992,1.3088497141390762,1.5302294060012844
1.5541493314666672,1.3696602999999996,1.1498773,1.1373204011572247,1.475705366190632
1.6169358130666653,1.6733160000000007,1.208932,1.3912431039764996,1.4439823486629884
1.5419174258,1.5414008999999997,0.8389100000000003,1.385108120294758,1.2594574692583453
1.330230271533334,1.059875,1.0017209999999999,0.958113614084084,1.0954496129469975
1.0543671176666665,0.9097223999999999,0.6443903,1.090204001202309,0.8971835734637863
0.6122635738000001,0.6018044,0.6105669000000002,0.8746077960003777,0.6302848311410763
0.7200568879333334,0.12449343000000002,0.0,0.6760892872983525,0.2758715391893025
0.9671127204000001,0.43708154,0.0,0.7223661965790442,0.3992682119144366
0.3644592530666664,0.47065953000000005,0.41961154,0.8261350214889851,0.6181551185025167
0.48820169673333336,0.4156580000000001,0.43220601000000003,0.9526845806363462,0.8489845342290345
0.5236634709999999,0.7798135999999998,1.00415645,0.8151074945820058,1.055689858295421
2.5297924925333337,0.7079683999999999,0.9746469999999998,1.2594663903994876,1.294571857258369
1.631336046533332,0.9649616000000005,1.1990755000000002,1.12727101303628,1.3702111244788044
2.5307292246666657,0.8178389999999993,0.9217901,1.16666445635299,1.4335306088337445
0.03645283606666894,0.7588509999999999,1.1564964,1.0504076443483488,1.499746539561852
1.8330910772000006,0.9356440000000008,1.3473119999999996,1.469452660475147,1.7447710734661115
3.1060825074666667,0.4198295999999999,1.3082405000000001,1.2526216580766132,1.3454668649023365
0.41918606066666797,0.6205859,1.2021075000000003,1.309135178088729,1.1352193698263928
1.7353792026666692,0.35627409999999937,1.310314,0.8756252974798642,1.218462262174727
1.4415509386666638,0.10507040000000067,1.1420379999999994,1.0625592625788762,1.024697727451528
2.1307534440000033,0.10098600000000069,1.2622499999999999,1.0847969331723224,1.1856931434396447
1.5476982840000026,0.07990999999999993,0.8985690000000002,1.1803821666255168,1.0248291276170427
1.291696871333336,0.1459880000000009,1.1861770000000007,0.8603879236998786,0.7281716315312394
0.5438749120000068,0.054967999999998796,0.8421490000000009,0.5223678978723996,0.9362022629534792
2.255856508666671,0.6979469999999992,0.957100999999998,1.0929292832002382,1.019544583839295
1.5708471846666647,0.02577560000000023,0.6718849999999996,0.5481400416509601,0.864410565309182
4.724665902666661,0.24883839999999946,0.5226690000000005,0.7768686863754404,0.2958919552422792
0.30480692600000125,0.15072799999999997,0.7366689999999991,0.6560250145148068,0.4787376583639542
2.096899334666663,0.1215465,0.20665000000000333,0.5887033865489286,0.3627996095228667
2.307619747999997,0.05321250000000077,0.34793599999999714,0.35745265587778263,0.4103120835833778
1.409594152000004,0.6456140000000001,0.1508900000000004,0.578050859029883,0.06688247092694866
3.1217757826666706,0.5270980000000005,0.06566000000000116,0.35136048352051574,0.011021281411920825
5.739903426666665,0.5632000000000001,0.1524649999999994,0.17451323936901986,0.20317819648952806
1.8636123213333313,0.4988329999999994,0.3370570000000015,0.15741912059670327,0.15930778789966382
4.6749599873333345,0.504842,0.017819000000002916,0.22244151061464024,0.11014609720738378
1.179386332,0.13238100000000053,0.00441600000000264,0.012453783868270563,0.29347456760614676
0.8878423126666668,0.3125289999999996,0.09934200000000004,0.05775754815536871,0.12123792962970725
1.9305357666666652,0.14563099999999984,0.20166799999999796,0.5416062548682312,0.26308027576802573
1.9836753466666686,0.23521500000000017,0.2224749999999993,0.6613807411995474,0.6491040252435418
0.13708673533333027,0.6614210000000007,0.32162300000000243,0.385311028369113,0.5272086633058244
1.705403660666665,0.6638399999999987,0.41435399999999944,0.8271398583567482,0.8451442806796585
3.349680001333329,0.38544100000000014,0.7327589999999979,0.7912550000606764,0.7306277372373735
1.1681859899999978,0.8845245000000013,0.4558660000000003,0.7317217020823463,0.8750090509435005
1.3664448606666681,0.7289199999999996,0.8704820000000026,1.3915964003386634,0.9108642442331671
1.369468610666667,0.7975854999999994,0.5291139999999999,0.8030180682458905,1.0887816246773312
0.4927273346666645,0.9624280000000001,1.050355999999999,1.389957887293134,0.9412976536049893
0.0169883860000013,0.49037100000000056,1.2623420000000003,1.0306584673457984,0.9603068041713119
1.3851544560000004,0.7749704,1.340437999999999,1.0537000476766192,1.0792786818542428
2.2688074819999997,0.7963100999999999,1.2730820000000005,1.251645541469932,1.022399975400889
0.312595516,0.32792429999999984,1.2482430000000004,1.0356038606545344,1.2495373414283915
1.2286745454666654,0.2984127999999999,1.264996,1.2432011895037185,1.3254166141603658
1.520852751333333,0.2859642,1.2625585,1.311329331896598,1.4112275961001952
2.263106876600001,0.36014219999999986,1.3641524999999994,1.2029231494805757,1.3449752097788377
0.9665186212666663,0.2513994000000004,1.0705920000000004,1.1463453242311772,1.3318548350575297
0.5915376864666664,0.39904289999999976,1.0539769999999997,1.3512284274660562,1.3761995799680546
1.4556872570000006,0.3991169000000001,0.7794154999999998,1.2267611593785284,1.265695987883082
0.7732787195999999,0.27143699999999993,0.7904978000000003,1.0077017028498152,1.1131260909858551
0.8063448728666665,0.15664900000000004,0.7345618999999999,1.0371511671807245,0.9044467343769503
0.5874400686000001,0.18727973999999992,0.3884221000000001,0.8389994832895431,0.6123161289960061
0.16409685240000005,0.38704538,0.35023799999999994,0.7624617131783704,0.32980788010465384
0.32147806280000013,0.45619701999999995,0.4905106,0.8366726338677626,0.47632906225361493
0.5499352023999997,0.4002473000000001,0.6008171,0.9306712999284699,0.6921779311276328
0.9409845752666668,0.7272196,0.5637531000000002,1.0814726713775324,0.925758577519447
1.380034256533333,0.9726929999999998,0.9979924999999996,1.0126781622307295,1.0974662578786827
1.2591215916000005,0.9660420000000003,1.1014303000000005,1.202102748929839,1.3121036624797613
1.9467889881333322,0.7182816999999999,1.1676785,1.2848520844565234,1.3598161558095931
1.3328664048666683,1.1548629999999998,1.1051439999999992,1.3090139993850318,1.4287457573133961
1.8532945898666657,0.7232729999999998,1.3416505,1.3367825671216078,1.5057210962080578
1.2305862679999997,1.2192450000000008,1.4291149999999995,1.3141088992427683,1.744782876553721
1.3416739346666695,0.752548,1.4772275000000015,1.4376672169006337,1.3682865449166073
0.7407394366666633,1.7096799999999988,1.3521634999999996,1.1292161269203778,1.1996234300146558
1.5204638399999997,1.280819000000001,1.484769,0.8322643697342382,1.309407751693465
1.6911888313333368,1.321313,1.3770360000000004,1.2356728913866348,1.1112005521308
1.5141707519999983,1.2344419999999996,1.2649579999999983,0.9296961385095521,1.2174317982411687
1.138873848666666,1.2812920000000005,1.0163140000000013,1.2950351382761447,1.0928514538607388
0.371245415333334,1.4590159999999983,1.3237890000000014,0.7906560781619092,0.6893724041117224
0.6799493279999957,1.2340450000000018,0.8716159999999995,0.43319572636078973,0.8726797697163775
0.743471256000003,0.22845299999999824,0.8296439999999983,0.9503297574443685,0.9881490383282987
0.9971179780000021,0.7883320000000005,0.5322130000000023,0.4800520849391319,0.7595841050346337
0.7319904453333308,0.07384700000000066,0.5466729999999984,0.807630406876882,0.26334085030761045
0.5832379713333324,0.18780299999999883,0.5369600000000005,0.6973820686444228,0.5228292002872408
0.13646728799999863,0.25504700000000113,0.2337479999999985,0.4353238865482254,0.3978412530035875
0.22377812333333935,0.7515299999999989,0.1532650000000011,0.3757208911439278,0.43364438491612844
0.166507241999998,0.40160299999999793,0.10861399999999932,0.5786858424187038,0.11863301892860179
0.23622663133333432,0.7759290000000014,0.0039130000000007215,0.46000383229044317,0.06329113029135058
0.3937866386666684,1.0358110000000007,0.10047000000000139,0.39318559580741663,0.16204075802631124
0.11767418333333879,1.0026669999999989,0.29211600000000004,0.05165811022823519,0.10701347213208834
0.0998830766666643,0.7522940000000009,0.08855600000000052,0.26031284530361276,0.16657124580986604
0.1615332039999977,0.8395790000000005,0.06127400000000094,0.16027787401725035,0.34519987662900675
0.3071609240000015,0.7153149999999986,0.15507699999999858,0.38713737582043706,0.056241502792968134
0.23168245533333476,0.7747530000000005,0.19819400000000087,0.5016468145425605,0.21201914876536065
0.2674939000000016,0.5173120000000004,0.3152310000000007,0.7185673188042934,0.5247723098502739
0.4558069633333304,1.02196,0.4582620000000013,0.3583763891890932,0.40506735649444536
0.6749131946666651,0.2531429999999997,0.5438519999999976,0.7805974749641464,0.6743818858255217
0.646171217333336,0.30609100000000034,0.8414980000000014,0.6547652184944113,0.5609291564603609
0.8545807593333308,0.3604939999999992,0.8161750000000012,0.8530420711130198,0.7819105202311576
0.8702449533333372,0.24144200000000104,0.8046489999999977,1.2368946517835901,0.8634621565682821
0.9447246573333281,0.0998549999999998,0.6473289999999992,0.8553728915381313,1.1098130047579318
0.9904446040000039,0.25390599999999885,1.1606410000000018,1.3135930873650814,1.005596653898273
1.098624666666666,0.24003200000000113,1.2073909999999994,1.103261008493993,1.0940768202755553
1.1912121846666661,0.5453609999999998,1.3966539999999998,1.1266008718045377,1.18946373099946
1.334580301333336,0.8305499999999997,1.4139,1.279861647522722,1.1758468228016525
1.434767204,0.20018000000000047,1.3187100000000012,1.030676353918615,1.4080166496512625
1.5283319379999991,0.5350096999999998,1.3854604999999989,1.2858910988198833,1.5290052532445095
1.6181153577333323,0.7247909999999997,1.4020935000000012,1.4474074904755696,1.6440167926478964
1.6900805980000015,0.7108816999999998,1.4108979999999995,1.1991790447606352,1.5596358492210207
1.6989664966666655,0.6364839000000004,1.1255189999999997,1.215158615774068,1.4944978157625375
1.6716858332666664,0.5982674000000001,1.257612,1.44956783674236,1.47058073054336
1.5609265428000003,0.9300549,0.8908202000000003,1.3030574908227956,1.2864879124688042
1.3689421383333338,0.5569436999999999,1.0749881000000001,1.0624980331752645,1.1090221833217937
1.0399680187333327,0.5090752999999999,0.6206300999999999,1.0774720117205898,0.9045782780632079
0.6062064078666667,0.1878166000000001,0.6673624999999999,0.8839986022077555,0.6294831561465433
0.14890469266666678,0.30624124,0.25934732,0.7108277250712132,0.28242436534548515
0.1794243854666666,0.5114942599999999,0.5947414799999999,0.7749135348045921,0.42417651003285683
0.5864428049333335,0.5248451000000001,0.6511918000000001,0.8856236415042731,0.6486068419274651
1.0651305601999999,0.9060222999999998,0.6943574000000001,0.9941939199630148,0.8785474615195752
1.3680380547333337,1.0296397000000002,1.0948105999999997,0.947531321587368,1.0459300752666838
1.5121596409333322,1.3154920999999997,1.2265208000000003,1.1674096794963704,1.2614268921390197
1.6269781148,1.2760220000000002,1.2054555999999996,1.2545450954985444,1.3102685894827104
1.6198281978000004,1.6882622999999999,1.2298724000000005,1.2722292697073616,1.3833863106912405
1.5568822586666666,1.2933970000000006,1.4194166,1.2261674426382783,1.4537648596012902
1.5090010286000002,1.860899999999999,1.5290529999999993,1.3130053700332418,1.7129713185527304
1.425313280000001,1.400271,1.5881910000000001,1.391979958799416,1.3614173852320892
1.3875325466666677,1.5160440000000008,1.4189629999999998,1.1020854045784034,1.2035912675276759
1.3018819213333312,1.1543375000000005,1.5719089999999998,0.8707360139221958,1.2990665667596755
1.1905031400000023,1.2876354999999986,1.4326430000000006,1.1328415914218812,1.1201599641018838
1.0019194073333324,1.016262000000001,1.301369000000001,0.9418806676856075,1.2057270583321813
1.0409408333333303,0.8333949999999994,1.0836949999999987,1.179194249736014,1.0877012266744046
0.9052887213333349,0.930219000000001,1.3638429999999993,0.7560125191423808,0.6943043885490532
0.797338698666664,0.8457979999999985,0.8976390000000016,0.3463477829808532,0.8355249504037978
0.7279236213333391,0.518343999999999,0.8411059999999999,0.8029795747396236,0.9668364868779129
0.719272063333328,0.8795859999999998,0.6519720000000007,0.6196087133435526,0.7311120422603992
0.47010181066666945,0.6062200000000004,0.5515519999999974,0.7955950334898318,0.2794286359844378
0.4899338066666701,0.27422200000000174,0.5214350000000003,0.6794930823799596,0.5080854835808353
0.3324691659999921,0.44177600000000083,0.2569669999999995,0.449979018903349,0.42050149353817545
0.25483592133333843,0.15501599999999982,0.14384500000000244,0.41385800039187615,0.4416181345203469
0.1328072653333301,0.5769819999999974,0.10256399999999743,0.5687171912519347,0.14406231562452732
0.00854480733332963,0.40754100000000193,0.042423000000002986,0.37658693111057673,0.11005150219362392
0.08303799133333456,0.18940200000000118,0.03873099999999852,0.37625324415887107,0.13734546714607632
0.013401546666671038,0.14280899999999974,0.23887299999999811,0.031046924958346267,0.06617296032295172
0.0802637026666666,0.09008399999999739,0.15613100000000202,0.28070026069707055,0.21420125862723438
0.03455448866666444,0.2725580000000001,0.10090100000000035,0.23475590535331037,0.31379638449196534
0.2888569006666657,0.26149999999999807,0.14789599999999936,0.2823681101780231,0.07755508075070594
0.42220351200000295,0.25262200000000234,0.24169900000000055,0.5285577277256905,0.21678713580795872
0.4758622046666652,0.264447999999998,0.3239750000000008,0.8396370030018581,0.5472653150398834
0.5291220800000005,0.8419190000000008,0.49320900000000023,0.15925531365722634,0.41862848138994124
0.6335641233333327,0.7778989999999979,0.5420049999999996,0.7481469908176201,0.6398300229698108
0.6419543546666695,0.35910200000000003,0.8230550000000001,0.6059948643359974,0.5307728176862163
0.700748091333331,0.5901870000000002,0.867919999999998,0.8714401402307637,0.7333439883242185
0.6570097306666689,0.8610150000000019,0.7870820000000016,1.200883671881659,0.8413715012669165
1.0566952046666636,0.7489689999999989,0.7909480000000002,0.7902386284559952,1.0994937909104152
1.0881890613333312,0.7478979999999993,1.2057000000000002,1.182389923137272,0.959777566588091
1.0008339713333356,0.9164940000000001,1.2846029999999988,1.134809599044818,1.0697466709808818
1.2330471579999998,1.4829940000000015,1.4491069999999997,1.103815363788181,1.1506722510528
1.2598425286666686,1.5972740000000005,1.4443169999999999,1.1514932347455673,1.1189513273418772
1.4379805046666636,1.1929599999999994,1.386686000000001,1.0406316252172267,1.3459955030272592
1.6823615125333315,1.441979,1.384373,1.2566597470174052,1.4513074042030123
1.4449590342000054,1.5689589999999995,1.412998,1.3529328184606104,1.5977039768053523
1.5243677736666656,1.5947650000000007,1.4098299999999995,1.2524777121475985,1.5137237416018392
1.4468779579333324,1.4122556999999993,1.1386272999999996,1.14003197234645,1.489114455712536
1.5065891849333335,1.6496057000000004,1.251913,1.334082538764216,1.45599507355983
1.4214048162,1.668447,0.885901,1.306825483319653,1.2880863601973571
1.331794545266667,1.1624134000000002,1.1059201,0.9983119398699443,1.1230630054638726
1.054503787133333,1.0486921999999999,0.6143524999999999,1.067118107333356,0.9243000422484222
0.6903505638,0.6412964,0.7083634000000001,0.8570495183115525,0.6599427140470202
0.1479645121333334,0.289866657,0.12705337,0.7064787794501415,0.28529514563374103
0.19070389280000005,0.5696756,0.6403437300000001,0.7791392674965705,0.425098401989478
0.6223286585999998,0.5512084000000002,0.7036551999999999,0.8851972410221851,0.6458558823691352
1.046889778066667,0.8930952000000001,0.7050682000000001,0.9889168737723408,0.8873356284923184
1.3199989119333329,1.0600129999999996,1.1453316,0.8674889132095087,1.0420149524495406
1.4385929341333341,1.2562104,1.2401828999999998,1.299267759468976,1.2505833132745843
1.6224079747333322,1.2615461999999997,1.2470765000000004,1.2543749701824858,1.290930276120915
1.6364510060000006,1.6120181000000002,1.1790984999999994,1.22356047336259,1.3602132394666286
1.5266622444000006,1.2722863000000002,1.3570550000000008,1.1054683221096422,1.4375197766222154
1.4703497582666678,1.8169175000000006,1.5041654999999992,1.5270641163450644,1.7025308391597438
1.417578314,1.3561204999999994,1.5353715000000001,1.313563926486319,1.3436394714406497
1.2824652073333311,1.5013129999999997,1.3650190000000002,1.276824149855896,1.189465106498572
1.1464422126666651,1.0767959999999999,1.5283805000000008,0.833466754506663,1.2842724268827066
1.1915560440000004,1.2736809999999998,1.368750499999999,1.1367869901393224,1.0914047899184656
1.0291112926666663,0.9614260000000012,1.3638849999999998,1.0210739333309142,1.2167579801036048
0.9204583979999974,0.7977339999999984,1.0503579999999992,1.0328355524634674,1.05292583807746
0.8181531740000025,0.9309900000000013,1.3247130000000027,0.7301710893274986,0.6792822769922431
0.6543344693333353,0.810531000000001,0.9004799999999982,0.3393322534451926,0.848470935768372
0.6480601506666623,0.5168210000000002,0.829108999999999,0.9157969659767105,0.9723309294087059
0.6004211640000037,0.7920629999999989,0.699423000000003,0.58891500402299,0.7161095052491611
0.6266903973333342,0.6066049999999983,0.5370599999999968,0.9156930355686654,0.28880546163286525
0.5692597880000037,0.30139600000000044,0.5458050000000014,0.7015620407909147,0.5063373566657248
0.393547963333333,0.4359509999999993,0.24542399999999986,0.49325864849582857,0.4249638723898528
0.35144899066666113,0.14444100000000049,0.20240400000000136,0.5203466699749697,0.43895293990003026
0.1426813726666687,0.5877900000000018,0.08595299999999995,0.6391403712331787,0.1671980749989075
0.2018342713333361,0.39520100000000014,0.0972629999999981,0.22247405334412917,0.1259533445802603
0.09842778466666147,0.23765500000000017,0.10705600000000004,0.24696430477831655,0.1008536070940309
0.10218054466666615,0.12507300000000043,0.23705899999999858,0.021303294652639693,0.029400325835979402
0.12937852666666316,0.0978129999999986,0.07597200000000015,0.10547524579004275,0.22043804696459546
0.23698386200000243,0.25962700000000183,0.0925079999999987,0.047477319759344994,0.26605324486884996
0.3496764806666661,0.22091899999999853,0.03839900000000185,0.013410838517053492,0.055932466383733725
0.3502019700000041,0.23836100000000116,0.2673409999999983,0.7039902190065987,0.18473749363923986
0.40071600866666657,0.250277999999998,0.30647900000000305,0.8757837525254182,0.5423921210710567
0.30113434999999455,0.8124110000000009,0.510514999999998,0.03908305439903259,0.3487622679070057
0.5380182940000005,0.795303999999998,0.5013180000000013,0.7947860192570175,0.5764110996738232
0.6055562160000036,0.3116940000000028,0.8319109999999981,0.7394641135689604,0.47885375443555134
0.6971801246666622,0.5968400000000003,0.780851000000002,0.8221059252474099,0.7053802220586327
0.9080063213333389,0.8523059999999987,0.8050180000000005,1.4215909365664814,0.8668759570144928
0.9113113379999938,0.7558310000000006,0.7613579999999978,0.7275499235573903,1.108270435669315
1.1265861206666692,0.6959169999999979,1.195952000000002,1.378024309226202,0.9599053369197321
0.9129766360000016,0.8839570000000023,1.260171999999999,1.129112640232652,1.1054768204309973
1.1771106559999982,1.4579449999999987,1.514838000000001,1.0948272760612987,1.1659454283805584
1.289037797999999,1.5877540000000003,1.3614709999999999,1.1630953629863026,1.147543923785891
1.3362460660000028,1.203334,1.3905459999999987,1.0340559336255453,1.3682875834467225
1.4829437827333294,1.4338829999999998,1.3974930000000008,1.367538661653084,1.493494332044179
1.5250215244000032,1.535126,1.383877,1.3334440997244155,1.6246134767168527
1.522528248933332,1.61294,1.5074322999999996,1.315171788800317,1.5342215137451367
1.4911813613999998,1.4177676000000003,1.1904317000000004,1.127269063509563,1.4953205892521249
1.4151599287333338,1.6106309000000003,1.2935590000000001,1.3380341127480166,1.4536613495019317
1.3781871333333329,1.6471645999999995,0.9489177999999998,1.3716982256666626,1.2995153337023577
1.265815573533334,1.0756724000000002,1.0965965,0.9339513646409028,1.1228458577373797
1.0532612040666662,1.0463696,0.7239019999999998,1.099970932530689,0.9286459850232669
0.6568862347333333,0.59350106,0.6816564999999999,0.8833027930657975,0.6663004576831704
0.1789135446666666,0.270980726,0.43888538000000005,0.6978535323825091,0.27698075527638666
0.20731409860000005,0.50967155,0.5989242300000001,0.7874465251787182,0.4196282210076545
0.6269004556666667,0.5157932000000001,0.6752243,0.8840325055830158,0.6473023259245363
1.0249192740666666,0.8783624000000001,0.6201185,0.9766316320343509,0.8829997445668742
1.2821467911999989,1.0067901999999997,1.1122727000000001,0.8869375768580223,1.04414913793768
1.1939225835333347,1.2810158999999999,1.139955,1.3335266573702897,1.256636968847904
1.707983480466666,1.2638696999999999,1.2216623999999996,1.2605227666988759,1.3142055553821486
1.8298769760666662,1.6404610000000002,1.1354576000000005,1.235994449023801,1.3986554460866243
1.5391179850666674,1.3219249999999994,1.3840939999999993,1.1174845994911973,1.4728580614796751
1.5105224239999995,1.879157000000001,1.4823529999999998,1.6013946148230502,1.7457312105427665
1.3958653200000004,1.4390239999999999,1.4742800000000003,1.3525972566667832,1.38335899493104
1.3340280553333326,1.542356999999999,1.3517349999999997,1.351680999240557,1.2035964477150767
1.214132769999999,1.156848,1.52271,0.8028775231134269,1.3083787199807784
1.1505271686666667,1.3327550000000024,1.301196000000001,1.2076271103652214,1.1066806059332954
1.0408422040000005,1.0051769999999998,1.2960299999999982,1.0155084034950086,1.2050523244708042
0.9610917306666664,0.8662129999999983,0.9788720000000026,1.0544493712467755,1.0508245801175562
0.8427508246666662,0.9264639999999993,1.2422179999999976,0.6880927078256605,0.6826066350719451
0.7302074873333382,0.8563660000000013,0.878622,0.36211461679059553,0.8502589428414566
0.6580983506666662,0.5411280000000005,0.7413900000000027,0.9311525444678779,0.972615335865477
0.5075168566666655,0.8126649999999991,0.6012019999999971,0.5567360679528797,0.7069726291384058
0.49175534399999776,0.6233450000000005,0.5160340000000012,1.0041542075948229,0.24178440485557573
0.5010023086666706,0.27097699999999847,0.5167539999999988,0.6716968725214869,0.48480697769960557
0.4771214353333342,0.4242270000000019,0.20604700000000165,0.4403288316233436,0.41664147050319045
0.2827319053333319,0.11815799999999754,0.18510200000000054,0.5997286315714909,0.460337744143704
0.12416236866666353,0.5817010000000025,0.09032499999999999,0.635606891206173,0.18660403863394137
0.19764201266666603,0.3791720000000005,0.07851399999999842,0.21503594687479222,0.13910956750439496
0.06930805666666373,0.18637399999999715,0.06607200000000191,0.23975707529835333,0.07064387648481585
0.020013219999995613,0.11908299999999983,0.24713200000000057,0.012077776894258818,0.01564668142380299
0.08765615133333426,0.0757840000000023,0.10636600000000129,0.06556026250325075,0.2329895212464379
0.47586161555530637,0.28234899999999996,0.06605599999999967,0.034717974175947575,0.28395711283841507
0.6047560995434402,0.2804409999999997,0.10281499999999966,0.15331516600247497,0.050699679366200456
0.06663638240630121,0.24406100000000208,0.2374900000000011,0.7698726568670651,0.17998540589040246
1.3045899220460058,0.2850469999999987,0.29448700000000017,0.8899260306097219,0.5474422922088813
0.8636758125269495,0.842219,0.47108599999999967,0.08363545744698797,0.36670228225767687
0.22296762170087803,0.8309899999999999,0.43715999999999866,0.7984413733721709,0.6085520262905249
0.2055487540561316,0.3491129999999991,0.7966030000000011,0.8057581013391975,0.502348046061428
3.735921214369533,0.5920769999999997,0.7653770000000009,0.896966985857766,0.7335608295949676
0.157073471342418,0.8595530000000018,0.7374699999999983,1.4281355809894833,0.8520956678713496
0.5023664376625483,0.7443339999999985,0.7128680000000003,0.6909723631578544,1.1337138163203946
1.6269278024111067,0.7358030000000007,1.1697319999999998,1.4069863587680196,0.9770877529220101
0.9155327083859763,0.8776340000000005,1.2274960000000004,1.1656637861514838,1.115903685191677
0.8892105599092979,1.4860509999999998,1.4994769999999988,1.0941268404222733,1.1855890042310957
1.1223464432400032,1.5869359999999997,1.4309740000000009,1.2040803227098067,1.1679781789020272
0.9999270255035615,1.2371510000000008,1.3793760000000006,0.9922920803118984,1.3766392191617864
1.1716495361943196,1.448516999999999,1.4267439999999993,1.4249174143520875,1.4908429475143024
1.4920604562596278,1.5749080000000006,1.480397,1.3388254520725944,1.6305754895372644
1.659289539068637,1.6317386999999997,1.4581182999999998,1.3585033496408467,1.537504167092619
0.8506743794796225,1.3932583000000003,1.1637993,1.126875744351917,1.504062245936045
1.2344239003933506,1.6477390000000005,1.2487130000000004,1.3741922533133213,1.4691868110245139
1.4872762367516659,1.6362156999999997,0.9139076999999998,1.4304482244049543,1.3051551662408283
1.0789203764171966,1.0906257,1.0519662000000003,0.9363217570205711,1.1266234478131243
1.144790310407494,1.0140318,0.6769870999999998,1.1283540332552402,0.9277477526400439
1.002687103235919,0.5997458,0.6430737,0.9229810875490958,0.6597693414183305
0.16337369960000003,0.24701006800000003,0.05608751,0.6718067488992296,0.2635710206225683
0.1934006357999999,0.46004283999999995,0.63457099,0.7536986126200853,0.4019426847530615
0.6111119488666664,0.47047000000000005,0.7269862000000001,0.8791096955504587,0.632648444724517
0.9800858863333339,0.7980725,0.7623917999999998,0.9596978757269721,0.8717774965771881
1.3366877694666663,0.9573198999999999,1.1679127999999999,0.8745687683065175,1.0460707707940071
1.4095078350666674,1.2075312,1.2744710000000001,1.3887288768824417,1.273949159257712
1.8399025525333323,1.2225432999999999,1.2951056999999997,1.2482330247453373,1.3365834040648235
1.6691809568666658,1.6085099999999999,1.2147214000000002,1.2403061560817745,1.422645749122542
1.6212786875333336,1.2744679999999997,1.4565720999999998,1.0832544086306282,1.5022182946781228
1.575206013799999,1.8712940000000007,1.5298285000000007,1.6878523411062734,1.7794964469750703
1.4291562780000024,1.4180790000000005,1.5973189999999988,1.4181898861753943,1.417930628044484
1.4770520766666682,1.578106,1.4403040000000011,1.347747183561136,1.2624774297165509
1.369147924666665,1.1766319999999997,1.511977,0.817492083713633,1.3235567468179354
1.258422389333333,1.3658889999999992,1.4199080000000013,1.1666554645368574,1.137380134070364
1.0827993239999998,1.0590200000000003,1.3303489999999982,1.0898532476656264,1.2338927715761603
1.025423507333329,0.904204,1.0092309999999998,0.9996148894139516,1.0771531522713929
0.9373332140000059,0.9800770000000014,1.3833130000000011,0.618477337537044,0.6689705303950291
0.8101582806666627,0.8998360000000005,0.8568259999999981,0.36941806441271297,0.835333627355304
0.7204441573333362,0.5970629999999986,0.8342760000000027,0.9405495480591206,0.9465872965764497
0.2783884946666646,0.8483009999999993,0.6651429999999969,0.6489580029919608,0.6915432052887951
0.5142915133333332,0.6541199999999989,0.5294110000000032,0.8979341595379431,0.24840325583046408
0.34172600133333475,0.3024760000000022,0.5236029999999978,0.6168911315022605,0.506555935444311
0.06424819066666743,0.4769830000000006,0.26158399999999915,0.4883958180663477,0.36749357094783974
0.5790140093333314,0.1631559999999972,0.15773800000000193,0.5524533412531838,0.44657614914269317
0.6204594360000009,0.609331000000001,0.07503399999999871,0.5855943929920286,0.15728720914863814
0.5466999713333323,0.41893200000000164,0.09054000000000073,0.11189207572998683,0.13059283721780446
0.2990500053333349,0.18934499999999943,0.013152999999999082,0.26767941669589845,0.11187813429095783
0.2041398213333352,0.12327699999999808,0.2625019999999978,0.011844323869112827,0.05067683571541792
0.10105766333333221,0.07229799999999997,0.11871200000000215,0.0637870738577675,0.23745066996240993
0.051509341333332515,0.2652229999999989,0.11510399999999876,0.03621905013819671,0.29518365948862524
0.25246650133333404,0.2596980000000002,0.10697800000000157,0.3280283888445936,0.03891109763956635
0.35146023400000104,0.2582090000000008,0.2714749999999988,0.9537491890898409,0.19534744907194934
0.4904469940000027,0.2493649999999974,0.3205939999999998,0.8962734017897169,0.5412944533224717
0.6358553753333283,0.839855,0.541207,0.18644769210792234,0.3905814078613403
0.7723519946666677,0.8000299999999996,0.5349460000000015,0.8751600682379532,0.6444355995054103
0.8962470006666656,0.3547520000000013,0.851305,0.797912811801293,0.5158666573673365
0.7407990533333368,0.5959640000000022,0.8503860000000003,0.7891296597672195,0.719244668456696
0.9052538540000015,0.893069999999998,0.8532159999999998,1.5318620622441017,0.8419380352043575
0.8955542059999928,0.7696329999999989,0.7960299999999982,0.6376667735138284,1.113513728578063
1.015194464000004,0.7495860000000008,1.2390180000000015,1.4125157039373804,0.9446710122335524
1.109889705999997,0.911087000000002,1.3330189999999984,1.1117412583983253,1.0718594326292727
1.3606560073333345,1.5242109999999993,1.463750000000001,1.1014280215827696,1.165975412806592
1.3606192440000004,1.6041919999999994,1.4545899999999996,1.160230578128445,1.1429131032629076
1.498959064666666,1.2193000000000005,1.4284269999999992,1.0187656696893317,1.3853954810565092
1.4477478726666657,1.4320339999999998,1.372091000000001,1.3907778115106098,1.5056528306425356
1.541542272400001,1.567907,1.3455370000000002,1.3006836427414008,1.6404605203930043
1.5685360002000008,1.5924890000000005,1.4014775999999989,1.3740179642651222,1.5535119011527536
1.529425904,1.3723373999999993,1.1594048000000008,1.1129620234463777,1.5162701616782464
1.6340382292666664,1.6141606,1.231636,1.313522117985058,1.4889588382471413
1.4512630643333342,1.6325718,0.8680012999999995,1.4332275826265635,1.308924815106964
1.2918098606666657,1.1226181999999998,1.0650715000000002,0.9093052400428703,1.1320032573749215
0.9944566133333339,1.0490183000000002,0.6373797999999997,1.139755029902326,0.9402720576256705
0.6259526928,0.63193,0.6650941000000001,0.9220374633071555,0.6744832821366854
0.1617095468666666,0.20504221499999997,0.46237014,0.6529906518528735,0.2851945421404576
0.21363848353333342,0.3546753,0.5889203599999999,0.702192328866454,0.4252391894591586
0.6060057301333334,0.4168096,0.6959571,0.8454851855469268,0.6382851285532207
0.9811483783333335,0.7081234000000001,0.7533879000000003,0.9746876696784996,0.8783972395424247
1.3383461217999995,0.8584115999999997,1.0984341999999994,0.8439869455894531,1.0547955544094787
1.334185901133334,1.1785521,1.2526720000000005,1.5048799648019102,1.2612638066299415
1.6832946935999997,1.2096239000000004,1.142074,1.1965213309268732,1.3069715148227052
1.7865658466000012,1.6223807,1.0544653999999998,1.2374766763934497,1.4034965979069112
1.6522174657999997,1.3084387,1.2140346000000006,1.05698584274257,1.491761528201205
1.5713109755333328,1.9403160000000002,1.434495,1.8194016054230069,1.753478902208741
1.6393528186666657,1.5222069999999999,1.3295014999999992,1.3816734429026738,1.4063770716172126
1.5527388233333337,1.6315030000000004,1.2274744999999996,1.4914492021069492,1.281728924099168
1.3997848333333316,1.2772539999999992,1.3329560000000011,0.7367544840479905,1.3863799332687048
1.298429795333334,1.459403,1.1510059999999989,1.1765756542624075,1.2296674624911184
1.1830724240000023,1.1259300000000003,1.2168340000000022,1.121662399644208,1.30499679305602
1.088070742666666,0.977176,0.814353999999998,1.007664056221774,1.1917024865334014
0.813478911333334,0.961276999999999,1.2304630000000003,0.6419508801079843,0.7408063985981599
1.026917737333335,0.9199260000000002,0.798373999999999,0.4622237474746953,0.9173031000475831
0.6405196166666656,0.6546629999999993,0.8157440000000022,1.2782065109682712,1.0350777994077376
0.6881176499999988,0.8580840000000016,0.7946709999999975,0.5213679863858403,0.7881557526452063
0.5975847766666647,0.7030029999999989,0.6477180000000011,0.83918514920639,0.3308631608249293
0.25317393199999927,0.3006990000000016,0.7342569999999995,0.5734417795884674,0.563612056516714
0.6803375426666705,0.5426459999999977,0.3329960000000014,0.6522602838031837,0.3989543471278125
0.37518057066666444,0.22691200000000222,0.3564720000000001,0.5858908612231986,0.43814230714196967
0.4573577859999993,0.6910859999999985,0.19322400000000073,0.6098812105392177,0.11318899055735798
0.14338036600000237,0.525812000000002,0.2996009999999991,0.0848807761532413,0.06001061774625427
0.20881309333333675,0.2231919999999974,0.03556400000000082,0.09037406736139175,0.1715683341782963
0.036977393333337716,0.2003440000000012,0.3208120000000001,0.02128099202479916,0.14901869536347334
0.16172157266666787,0.10000799999999899,0.051193000000001376,0.18713072300820954,0.15232274456764117
0.24569147466666763,0.2258529999999972,0.19455800000000067,0.05170334540922994,0.3903194262305938
0.24715750466666364,0.28172300000000305,0.190214000000001,0.42930229569357437,0.03766081702017843
0.2350094226666677,0.2376359999999984,0.46131499999999903,1.028720969549969,0.27506045615396957
0.3110550546666708,0.23071900000000056,0.355398000000001,0.8375879139905287,0.5429291597686614
0.36397853066666386,0.8620950000000001,0.6852869999999989,0.08636556246236182,0.4269235778597107
0.5123600713333332,0.8287869999999984,0.5614919999999977,0.8528151523358183,0.6388334163707761
0.6755305533333349,0.4069590000000005,0.8791100000000007,0.9687216033243864,0.5466453780060156
1.0812949019999962,0.5927110000000013,0.7929250000000003,0.6406066975245608,0.767970877923652
0.8996415853333346,0.9305699999999995,0.8289350000000013,1.5791998946344954,0.8528086872739955
0.9504333673333392,0.786363999999999,0.6619919999999979,0.6486095404828127,1.1255991825405687
1.0158598780000005,0.8142220000000009,1.1493430000000018,1.5909091991914188,0.9840361008495151
1.2569878506666612,0.9213489999999993,1.3637094999999988,1.0918822737038951,1.0957211243685379
1.304684744666666,1.5866770000000017,1.4277765000000002,1.092646270463037,1.1809890580286488
1.4021420006666698,1.5899919999999987,1.413577,1.256379146572593,1.1281528222885484
1.550467716666665,1.2349250000000005,1.4356150000000003,0.9877695839823204,1.3939931111094648
1.5543777126666658,1.4062599999999996,1.4494220000000002,1.4818961719335775,1.4987843089981858
1.643925406800001,1.6139480000000006,1.4478489999999997,1.3897634605352245,1.6309130783777412
1.6206177541333329,1.592922999999999,1.3931567000000005,1.357541526114197,1.542113289194364
1.6456780146666672,1.3404770000000008,1.2142548,1.194122160003511,1.4821013247933665
1.6580183034666662,1.6891695999999996,1.3149088,1.3549517052281548,1.4734785954716267
1.564745866333333,1.7021584000000005,0.8071791999999998,1.3868549765585803,1.3233981235209287
1.3677783890666664,1.2429159999999997,1.0786423000000003,0.9473418619061933,1.166732780143521
1.0674672853333338,1.1229472,0.7064648999999998,1.1395028958648954,0.9889181416503445
0.6634689672,0.7495429000000001,0.4638637,0.905485955681776,0.7192064769803012
0.1463237679999999,0.13268802999999998,0.29067659999999984,0.6818893858473326,0.28388914535289633
0.17501922180000012,0.34039016,0.29334799999999994,0.7226761502786281,0.4123492013145619
0.6328152582666663,0.44055770000000005,0.5031457000000001,0.8547810948689465,0.6158344494249379
1.038325800066667,0.5907032000000001,0.3757872999999998,1.009492343461364,0.8879607562921759
1.2758510264666674,0.7723067999999997,0.6982570000000008,0.8321369812840427,1.1027880245910673
1.444570799133332,1.037322,0.9155482999999993,1.516610819105317,1.345134196274321
1.6679803420000026,1.114887,0.7575951000000005,1.247276300721607,1.3883168299878594
1.6302726935999967,1.4664006,0.5567465999999994,1.2276076914349243,1.4680078086976556
1.545062646533335,1.1932274000000005,0.6766970000000008,1.0634961740316662,1.5536724476869281
1.5523921996666665,1.8988230000000001,0.998469,1.766239554338087,1.7922741010026044
1.4383986879999977,1.4971230000000002,0.7357709999999997,1.3766454874202534,1.3999849640109208
1.3385351026666683,1.681652999999999,0.6626619999999992,1.5150305578531,1.2359595469776128
1.3207770393333345,1.2764389999999999,0.8087160000000004,0.6648580464100711,1.3251019239220305
1.1171302673333354,1.5749250000000004,0.5372750000000011,1.269280651038649,1.205502052842073
1.0517437899999962,1.1390469999999997,0.8365099999999988,1.0613370463358045,1.2876414691307403
1.0038074066666631,1.1185480000000005,0.4120650000000001,1.0410742100071602,1.1899291439168174
0.8973416933333382,0.9794640000000001,0.7889029999999995,0.6958089191343504,0.7302778191121284
0.6988300959999982,1.0169500000000014,0.7513330000000007,0.5181466727799879,0.9389135485278324
0.6669940900000029,0.8282339999999984,0.805085,1.3447430224402126,1.0667019054563198
0.7001412346666633,0.8208939999999991,0.8716149999999985,0.4473541994412358,0.805116185265792
0.5463038353333332,0.815607,0.9119660000000032,0.753195714008644,0.3814616205969301
0.47557685333333666,0.3521680000000025,1.0563699999999976,0.7184253496763695,0.5623049183733606
0.23619756866666108,0.5828169999999986,0.6248609999999992,0.6493902174691115,0.4170159449888118
0.30772549866667376,0.22823800000000105,0.6469950000000004,0.6140389503341908,0.4525908502695124
0.22313296466666444,0.6855989999999998,0.4678880000000021,0.5391530602564174,0.14484938973502892
0.2713980313333302,0.5082929999999983,0.5821149999999982,0.18966734035824118,0.1014212074213603
0.10090925533333461,0.17867100000000136,0.2138750000000016,0.16511476855996676,0.14554242356546965
0.11532461266666516,0.16501699999999886,0.42540699999999987,0.11772374558915644,0.15246629048271032
0.18221391866666892,0.01839599999999919,0.04595899999999986,0.26302744423794877,0.15891072110455795
0.20323000866666163,0.2378009999999975,0.22895600000000016,0.06794119745827132,0.41958652708471433
0.2961934720000059,0.3218310000000031,0.25490999999999886,0.40403399042455135,0.03690481651175759
0.3461139086666627,0.28102999999999767,0.5523910000000001,1.0273474990486307,0.3243614627159097
0.4270009006666662,0.24891099999999966,0.40162300000000073,0.7973074251897927,0.5435644595254239
0.07827716533333273,0.8673439999999992,0.6135420000000025,0.18297567196886888,0.45387541008676635
0.4108023613333316,0.8728890000000007,0.42845900000000015,0.735403582555687,0.6950074227998115
0.7814195173333367,0.4083690000000004,0.7762429999999974,0.9746327027738317,0.6109675938919992
0.6782704799999983,0.618148999999999,0.5346650000000004,0.6530544399763691,0.7913943181083205
0.7884678653333346,0.9623090000000012,0.7029339999999991,1.613303906421546,0.8757245794704325
1.0344162679999975,0.8062779999999989,0.30896000000000257,0.7478004688566209,1.1543953088592893
1.0670446980000001,0.8021200000000022,0.8449629999999981,1.5676585144740613,1.010661388298331
0.9731900840000023,0.9394190000000009,1.3680910000000015,1.227599524396764,1.1248234538054227
1.3649039893333317,1.6581109999999981,1.3978189999999984,1.0867266023745472,1.2040729148189904
1.318073444666668,1.649134,1.436027000000001,1.1917445260992405,1.1560446849741908
1.4864989406666655,1.336919,1.4741610000000005,1.0565597046899633,1.4080952487332414
1.6241536793333342,1.5090540000000008,1.5907689999999999,1.4746816347619571,1.5016085648406587
1.651017555666666,1.660624499999999,1.5194864999999993,1.3003666785506152,1.6306526068925216
1.593284095333333,1.6155601000000006,1.5733224999999997,1.4353015012274808,1.5374053001791355
1.6889120224000003,1.3397196999999998,1.2425707000000008,1.1525989784506212,1.4730222091143652
1.7798883575333333,1.6133214000000002,1.3940901999999995,1.3764202058310593,1.485451050514432
1.5124271892666665,1.5814442999999998,0.7091110999999999,1.3758461296258568,1.3420576467502316
1.3710892058000006,1.0978246999999999,0.9481678000000002,0.9465527878616298,1.183838405623069
1.1292451961333332,0.9815227,0.70438243,1.1449408296367194,1.005219529796273
0.7187896002666668,0.6141674600000001,0.009698530000000039,0.8698854088099723,0.7241857808728863
0.49512573286666683,0.2887326,0.3896209,0.5499635444199362,0.18640857050483578
0.4386585632666665,0.41058414,0.6066999,0.48938199910403113,0.2894378835375073
0.7794509302000001,0.46693150000000005,0.4602872,0.6175478411661364,0.4538031889695917
0.9233158584000005,0.7679551,0.7194638000000002,0.7725693919233931,0.676887998659166
0.4467236647999995,0.8846011999999999,0.8341657999999996,0.4642995807656396,0.8846343101737728
0.5948366876666675,1.1980801000000003,1.1452811000000005,1.4970803095202703,1.0922816059488505
1.1931737669999998,1.1675043,1.1567276999999994,0.9873166305035799,1.092740752062539
0.9555346399333331,1.6141123999999998,1.1720362,0.9240281886594897,1.0632372972128632
0.4494543746666668,1.2096240000000007,1.1562868000000002,0.7239776651059326,1.1717434136917646
1.7073421599333338,1.8444254999999998,1.422625,1.8092525652924598,1.4956047097134988
1.0953265603999984,1.3637005000000002,1.5305870000000006,1.0359512665569408,1.1937709703833619
0.12253053513333256,1.5939219999999992,1.2990089999999999,1.5782654571690102,1.1254503052772424
0.43906056133333315,1.1998750000000005,1.667088999999999,0.7488170198895236,1.3321748110649239
1.1777148515333327,1.3393309999999996,1.2342625000000016,1.0810653122108,1.1298666399934234
0.6626441650000015,1.0673590000000015,1.212564500000001,1.2658723687904612,1.3646508523437024
1.7987056820000014,0.9728339999999989,1.0512959999999971,1.0348786779862778,1.1670524013280907
5.368946022466668,0.9887009999999989,1.2886869999999995,0.7926583804738812,0.834204001552628
0.8101780839333337,0.987795000000002,0.8528790000000015,0.7944359220392876,1.0504854639706984
0.18791804533333334,0.676205999999997,0.9605160000000019,1.5802592708472645,1.1690210279460373
5.789990876666668,0.9959320000000034,0.5246829999999996,0.6251079867083682,1.0553224567851665
4.22619288866667,0.7131439999999998,0.3210349999999984,0.613832714449817,0.5591363882078504
3.916977703999997,0.364177999999999,0.7091120000000011,0.7470184187387368,0.6651236572480741
4.164209451999994,0.4945449999999987,0.24141299999999788,1.0244945833248735,0.6975411538154397
1.8082670346666632,0.2088549999999998,0.42187700000000206,0.7057312776718376,0.679532106929706
4.9586240140000015,0.5958100000000002,0.1283379999999994,0.5467687479887751,0.3565352995400346
9.363586126933333,0.38970700000000136,0.0838150000000013,0.18211080315306916,0.3618559583827192
10.372037570266668,0.11409199999999942,0.17760200000000026,0.15186354649086553,0.017262170223098394
0.9883131706666646,0.10251600000000138,0.1991780000000034,0.10096922707342415,0.054624073282298014
5.010481278000004,0.04279199999999861,0.23745899999999764,0.3844255700203867,0.23741156772558014
1.4178717286666611,0.3358850000000011,0.006313999999999709,0.13621486999468857,0.2139220404897202
8.034834854000001,0.2891549999999974,0.10253600000000063,0.45924843728591824,0.18354385595267786
10.549204612599999,0.3106010000000019,0.2761370000000021,0.817656014580578,0.23254194098060665
1.1056217592666648,0.2832839999999983,0.35192099999999726,0.5042788569699397,0.5756326476639693
1.063723106666668,0.8786900000000024,0.504092,0.48960453279394756,0.4814885026426339
0.6570567233333371,0.7754399999999997,0.5383829999999996,0.38940729919082173,0.6500540187985067
7.197355559266665,0.4214689999999983,0.8514170000000014,1.043714079799475,0.6225454764293517
4.300825185933334,0.6012710000000006,0.9512679999999989,0.44128139263441213,0.6874472039511694
0.5312166553333313,0.8918180000000007,0.6944920000000003,1.5481673883964824,0.8601357908462326
1.537144697333332,0.7845939999999985,0.8722940000000001,0.6663007751685299,1.129647228426517
1.0621577000000002,0.7491570000000003,1.0923610000000004,1.731014678338223,0.9863643029381102
1.3352828953333322,0.9912700000000001,1.2685829999999996,1.1328631763564445,1.1321533502578305
1.3487115066666675,1.5575100000000006,1.286957000000001,0.9709252800027564,1.199043975951776
1.170429930666666,1.6718285000000002,1.3357030000000005,1.1489586179554827,1.1346707883459128
1.4340703680000022,1.249672499999999,1.2855274999999988,1.0172296266590628,1.3553124220602264
1.5009695099999973,1.507677000000001,1.3343355,1.4973152702824386,1.4200216088498188
1.4782473698,1.6013339999999996,1.281816000000001,1.2522130495736814,1.4997798076523097
1.6266049512666685,1.6016947000000004,1.0724985999999994,1.4601293633406573,1.4511594540628172
1.5660741483333327,1.3688116,1.2349286,1.1698169930582702,1.4101766752904599
1.516116945266666,1.5801277000000002,1.2765961,1.335750239665618,1.441921459501895
1.462621927466667,1.5608543999999998,0.8315530000000004,1.1989406719036158,1.3361649115813528
1.242432934,1.0598435999999998,1.0965973999999998,1.0327011816409586,1.1920159126498908
0.9726595330666667,0.9474451000000002,0.5811069,1.1300186492226223,1.0500247264509532
0.6205458833999999,0.56610605,0.8157258999999999,0.8420254466147801,0.7666724424913324
1.0709724000759977,0.5332061,0.6269027,0.8355373270834121,0.5278837490598532
1.452412792901565,0.7420556,1.0749449,0.9026223098746295,0.7731882478117416
1.3141232069614937,0.9941116000000001,1.1144249,1.1092322840540865,1.066420864915031
1.2872698299012049,1.1001029999999998,1.071351,1.1915653414481282,1.234316965236105
1.601194917366743,1.3257648,1.0839322999999998,1.229636380365772,1.3752097507728593
1.2401885190637234,1.0009211999999996,1.4147536,1.217264446817084,1.5201649883877177
0.8226226994175718,1.811160000000001,1.4599834000000005,1.2650413566479939,1.698905168400299
2.178964216488062,1.265865999999999,1.5828670000000002,1.4099858927300701,1.4743331614156574
0.9207985770131355,1.6598100000000002,1.4231470000000002,1.2228850073385882,1.3306980349057902
0.7673182681514774,1.215655,1.3884729999999994,1.0685461911221807,1.4371808674698947
0.7494020163843302,1.4105430000000005,1.5608389999999996,1.1778247801918837,1.2654768378798327
0.7700688252998482,1.087472,1.3626570000000005,1.1323487398487746,1.3751394003144366
1.1219264915560618,1.2054099999999988,1.207949000000001,1.2276749812699812,1.2500972877507
1.431338855935767,1.0867380000000004,1.2955739999999984,0.8262238352519109,0.8956902484409248
1.1274466720562053,1.1876700000000007,0.9652209999999997,0.5948007236035195,1.0131478065658825
0.6387457250795805,0.7408539999999988,0.926007000000002,0.8384305831704957,1.0422655592192207
0.5605422638669069,0.8875010000000003,0.8605819999999973,0.7330454678286848,0.822670767562844
1.037220160867225,0.7390159999999995,0.6625210000000017,0.7290336399994395,0.3108218824000346
0.19733658030257217,0.27996399999999966,0.5366119999999981,0.7864527166070516,0.6439108437226686
0.08443382404751176,0.5103439999999999,0.4725350000000006,0.4894180546019804,0.45136763792584134
0.7083390507760221,0.09843000000000046,0.09421299999999988,0.4701346622753242,0.4847439570886536
1.7563341613573407,0.5429160000000017,0.24036200000000107,0.5201540529511242,0.13395606675452143
1.0304094060026685,0.39835199999999915,0.06699499999999858,0.3763431394287018,0.03790135355642121
0.7063456936566688,0.008399000000000711,0.015283000000000158,0.5074293943311403,0.08755540138568207
0.7127634538919416,0.06558900000000278,0.19641699999999673,0.06405155124607731,0.1840481355175534
0.14888806590633763,0.053042000000001366,0.17696000000000112,0.2977832822698865,0.1994824128479067
0.383395179077084,0.25671000000000177,0.03950100000000134,0.2717690619567925,0.4625090190981034
0.6966185343356948,0.3380149999999986,0.18728300000000075,0.4004895470830938,0.10927852060094523
0.04403589566507904,0.33142099999999886,0.23596199999999712,0.4672412428020678,0.2520221234182536
2.033118081575161,0.2048489999999994,0.3611750000000029,0.8473234626356003,0.545526470603324
0.23205073288817601,0.932106000000001,0.4726719999999993,0.25034821522114115,0.4738872231149145
0.20884207349861938,0.824383000000001,0.6633490000000002,0.6866082852496973,0.8511434417934645
1.411454433031924,0.530505999999999,1.0293639999999975,0.6879907718329044,0.6863036920350147
0.9208160598405861,0.7564220000000006,1.0613700000000001,1.0379636147349487,0.8828553769187479
0.7246447300324697,1.0723629999999993,1.207415000000001,1.2447140904570269,0.9412089107768402
1.036657717328243,0.9154780000000002,0.9232030000000009,0.8663382989881843,1.1542714524229503
1.8639726784231136,1.0755660000000002,1.5104249999999997,1.2290243708292454,1.0830873151298626
0.2964598859947287,1.1147410000000004,1.6493780000000005,1.270795263624926,1.164239386524974
1.8296470690388045,1.7970489999999995,1.657463,1.1321167156943588,1.257540805542945
0.9766991883587508,1.8649579999999997,1.7651240000000001,1.2405440050219632,1.2279636895864705
1.817890583682317,1.4976380000000002,1.6129309999999997,1.224208681782338,1.4481520039952134
1.2126515130021378,1.6353270000000002,1.5184499999999996,1.3401759586512973,1.5473122989356654
1.3835173209475542,1.6235787000000004,1.3420537000000001,1.436271044297425,1.682944568813169
1.4137263193229384,1.4576840999999998,1.4366053,1.3528016252228179,1.661108249006781
1.2555135627067844,1.1189612000000002,0.9844531999999999,1.26539882504464,1.5663414919785743
1.2908156174648786,1.2333094,1.0562340999999997,1.263791739843,1.420820461517379
0.9960786451012127,1.0284252999999999,0.3391693,1.1250443343340153,1.0653819740396395
1.2045699031051493,0.07655192,0.0,0.6992396856633366,0.4553393756135708
1.2997926186513662,0.07755473000000002,0.0,0.6745071127550732,0.6735941021004132
1.56802475190712,0.259441,0.6004326,1.1073116042444315,0.9519895429011092
1.5306056208872993,0.15455560000000002,1.1018613,0.9851143464571539,1.104862638875444
0.784812977030418,0.3864863999999999,1.0761811,0.9970091944587152,1.192212645776868
1.1738646696438275,0.25771560000000004,1.3836040000000005,0.8938166208598011,1.3343460731437355
1.1360819693747626,0.9338628,1.313758,1.5267782531195264,1.5581606605934288
2.030769593025184,0.5092889999999999,1.578398,1.1917607830379309,1.352584670647384
0.7348168236474262,1.2154518000000003,1.4367140000000003,1.5060761597695809,1.2140663088702812
1.3899655954270482,0.8749924,1.6644379999999988,1.0689953232544909,1.3380144453705185
1.5606213324927367,1.2424121999999995,1.5452190000000012,0.9851146046016055,1.0551877795066869
0.2289836029693415,1.2472935000000005,1.5104469999999992,1.3698033486635435,1.3021269322054518
1.6686485672941718,1.7308242999999992,1.3118160000000003,1.072441024009498,1.069352544210247
0.851364908418482,1.5786470000000001,1.4058069999999994,0.7805395713956162,0.9028897635747999
1.4504924268524988,1.9906430000000004,1.1800470000000018,0.807796386085144,1.0091782542719887
0.39089926705498357,1.8689920000000004,1.1028589999999987,1.1701410383932043,1.1263272664700743
0.0752845089147911,1.7913950000000014,0.7673629999999996,0.9013749799559925,0.9081363196267453
1.5130481299519687,1.6197429999999997,0.7773050000000019,0.6155211833294167,0.4179757475159711
0.22436889360339762,1.096304,0.7490889999999979,0.9078147129047913,0.6751122373590484
0.28957293972209897,1.248588999999999,0.5144860000000016,0.6858450188499852,0.6419958062276514
0.22302587615742908,0.7195409999999995,0.3367629999999977,0.5545942062470459,0.7083962968285817
0.7295607975856875,0.9199829999999984,0.15420800000000057,0.8808399920000447,0.27687298649263425
0.8303742860216623,0.5552830000000029,0.055170000000000385,0.2875270277572284,0.21382155754723087
0.7666414927919476,0.12970400000000026,0.08881200000000078,0.0031449701052643775,0.034337025090177775
0.07345219755197263,0.017685000000000173,0.17476699999999923,0.05547926290518035,0.015434006145248702
0.23553648854895926,0.16476700000000122,0.2883950000000013,0.17651799033985327,0.3498137757024651
0.6257398179978608,0.47835800000000006,0.09896099999999919,0.2660934524998275,0.26045047604023
0.7156966765581991,0.4306519999999985,0.23780599999999907,0.0885783426854907,0.20906840100848356
0.928988176170602,0.47346800000000044,0.33376100000000264,0.4857041127835231,0.21880190712331427
1.6515246842021227,0.19032100000000085,0.3957160000000002,0.6581960232532964,0.5807623195942782
0.15607665112092306,0.9166869999999996,0.5864960000000004,0.2914942965305336,0.46773990955769307
0.9593172954834976,0.7883139999999997,0.5371839999999999,0.7228980082127343,0.7918635223924291
0.19011328266882543,0.757359000000001,0.933602999999998,0.829362391090271,0.665252830775831
1.5906602036047985,0.6534510000000004,0.8796280000000003,0.8044131991597823,0.8112874631308316
0.7435186437504271,1.0294600000000003,0.8295610000000018,1.198691763790773,0.9372603484265909
1.3406746459611885,0.8620699999999992,0.9477209999999978,0.9782778161338221,1.1798116137304113
1.1613211887787394,0.9657789999999995,1.218210000000001,1.2989322761272248,1.096202199598748
0.8398823108457503,1.2112560000000006,1.2681450000000005,1.3345206157600984,1.2481816353408792
1.0771695649114843,1.7744579999999992,1.604507,1.2011015097595479,1.251728415374071
1.3851489212356967,1.867351000000001,1.4571889999999996,1.2973019924605786,1.2763044070646679
1.275556794452969,1.4137939999999993,1.4896440000000002,1.2556006012741712,1.4258645457565056
2.0045987857154204,1.5122007000000002,1.5003192999999992,1.5262696249217154,1.5229799828933483
1.1804982137364126,1.4852366999999997,1.425891,1.411683020716974,1.616924349127797
1.1607799209730745,1.359076,1.4573335000000003,1.4869517762291729,1.6228310512478856
1.3956918015087565,0.8899740999999999,1.1716256,1.4771860869020372,1.5781786111261842
1.122062619504371,0.9834027000000001,1.0241141999999999,1.358333710243604,1.4417262430368833
1.1324960959985175,0.8323623,0.85991804,1.1785158658459662,1.0659514325472221
1.206843622480405,0.48415509999999995,0.0,0.7523253368690778,0.5674630407372512
1.1879217041457508,0.6851721000000002,0.62357014,0.789525463137779,0.8151182200307894
1.5876687475883573,0.8115205999999997,0.9166486600000001,1.0790362449293274,1.0953819719796833
1.06652961891798,0.9474643999999999,1.0431764,1.090054408496183,1.245123935814466
1.7391663079039272,1.1649120000000002,1.0139111,1.0909883018578306,1.3013440931193854
1.027106339512967,0.9821780000000002,1.3424587000000003,1.040922225990851,1.3910673394136133
1.4378413383561668,1.456893,1.3967469999999995,1.3281179087624153,1.5656486591365137
1.4829709880812416,1.0201569999999993,1.4231340000000001,1.3289344890881312,1.3340729597482266
1.2725126352331522,1.4129130000000014,1.359655,1.2174993501426865,1.1790966839926629
0.8801602874095646,0.8616139999999994,1.5783559999999994,0.9848887952664409,1.2568539607107763
1.206339158329941,1.15963,1.4545030000000008,1.0312236319858403,1.0263405722139094
0.47914194417184497,0.7338799999999992,1.430738999999999,1.140448755173244,1.2127937501766155
1.115688886422049,0.8486650000000004,1.270619,1.1494692614897435,1.029067935013801
0.36494527063310755,0.7449360000000009,1.3029400000000013,0.7014896629227394,0.810470873653113
2.0113430583482454,0.8574449999999985,1.1162969999999994,0.5474153956005026,0.8681639475213387
1.4687301825902495,0.5320050000000016,1.0131990000000002,0.9289522475823055,0.9159033662930689
0.010584318535087789,0.5932689999999994,0.8143530000000005,0.8028725594088613,0.7940398968895366
1.0010707037355502,0.6077270000000006,0.727093,0.5149458947725449,0.28600875558797867
0.921289011568561,0.39146399999999915,0.7164499999999983,0.6861548289034864,0.6072881162380988
0.45662568926978153,0.5500049999999987,0.4128380000000007,0.6020120505839905,0.4696786346301387
0.34007557588654436,0.22812300000000008,0.22522500000000178,0.48992843089513016,0.5291521454391948
1.0807578035058079,0.707098000000002,0.10714199999999963,0.3442281049630438,0.08607129510292211
0.8441239706462511,0.5261609999999983,0.0455849999999991,0.41255142607662876,0.03436370749546924
1.6998846892805481,0.3111479999999993,0.06001499999999993,0.3145786186045143,0.07771325625037662
1.5316189074539928,0.27842700000000065,0.1927449999999986,0.03727218801216736,0.10138221426311134
0.15823440851387005,0.13568700000000078,0.2704490000000028,0.27499363984759384,0.25880325568447304
1.003224497798275,0.1024780000000014,0.1067179999999972,0.20253902128287393,0.3129127853856062
0.5029510030839397,0.0519779999999983,0.18702299999999994,0.06810247769803013,0.13767063621981634
0.442170405361793,0.13633499999999898,0.3122820000000033,0.5089301275094797,0.1796123987047018
0.4640734100931212,0.026762000000001507,0.3205609999999979,0.672492590107403,0.5492114181755312
1.4740680152433505,0.7057019999999987,0.4796849999999999,0.2669198625908571,0.43758414579873417
0.07639073450499723,0.8388419999999996,0.4767870000000016,0.6522361687849774,0.7756678634308898
0.24792730034150168,0.5795990000000018,0.8143770000000004,0.7113004330863077,0.6490177841600904
2.702067918558818,0.8089659999999981,0.8484359999999995,0.8838476480019608,0.8105916263703001
1.0195551640092653,1.0780480000000008,0.7758469999999988,1.0628937014711468,0.8835020496026793
2.102527705751486,1.1085280000000015,0.9202349999999999,0.7823745353530764,1.0769103359741958
0.829480380043842,1.01375,1.201454,1.2672084600401305,1.0248719428537552
1.7096854687607141,1.2617319999999985,1.3290570000000006,1.1095098902334044,1.1031093156198253
0.33727767602517034,1.7791690000000013,1.501816999999999,1.1047681419709328,1.1603722544919357
1.9045524902871165,1.7524730000000002,1.4744780000000013,1.2182617027774683,1.1873677211629374
1.4575646501501023,1.425333499999999,1.4738359999999986,1.1826098646867766,1.3512495251283578
0.9106142395412737,1.4086794999999999,1.4639015000000004,1.2834133998113462,1.4865073385187797
1.708205052687922,1.323112,1.4810581000000003,1.3909625020812317,1.6001920698354075
1.31760551481059,1.2918723000000005,1.3831357999999998,1.3718615595214754,1.5893018427125298
1.059371382010839,0.8434279,1.0630620000000004,1.3064832318703181,1.5281636558000056
1.5767278345568876,0.8927765999999999,0.9963668999999999,1.224770847308589,1.347880318392747
0.927512847271029,0.8242720499999999,0.7008923999999999,1.0814144739369596,0.9568672224094871
1.2313783948002164,0.10515844999999999,0.0,0.560898851316101,0.4051808110365831
1.2382428388764346,0.20197516000000004,0.1180842,0.4298431366340536,0.6179944344244549
0.9803701245183931,0.5147530999999999,0.75350033,1.0222758490282065,0.8542961204756674
1.8159592455355815,0.6104074000000002,0.9060090700000001,0.9473991656798244,0.9789268718911814
0.997967027941165,1.032784,0.8668303999999998,0.6454712942237117,1.0132120213995295
1.2605950007504587,0.7805140000000002,1.2072594000000003,0.5974675714034952,1.0894391404944814
1.6559959527310841,1.6409976,1.2239225999999994,1.4083135492095318,1.360920697387404
0.5687000929793324,1.1774822,1.2531970000000001,0.9021924554353893,1.137256512245579
1.8624185376692761,1.7599385000000005,1.23923,1.3493706559114615,0.9593513466699175
1.64357361440136,1.442746999999999,1.4201189999999997,0.7683861276900412,1.0831545289743385
0.264813370007527,1.5912369999999996,1.2954100000000004,0.8183736231455843,0.7981174551758414
1.3939878780218997,1.4672400000000003,1.2951540000000001,1.423830745299293,0.9905348993376322
0.538552772852988,1.6265280000000004,1.1598319999999998,0.8630581593823585,0.8267286868497443
0.832851556674381,1.4478729999999995,1.2004009999999994,0.8343770761125828,0.6882848636394883
2.3002754358029485,1.6150850000000023,0.998800000000001,0.9440410236717529,0.9081276862117047
1.6033799405429612,1.2602899999999977,0.8951410000000006,1.4340613000095832,0.9264578024434638
1.3538216494441997,1.370830999999999,0.8162380000000002,0.6468845412120103,0.9153322593140629
1.183856129720553,1.057304000000002,0.7336579999999984,0.6546297482628596,0.328975151904789
0.24230487342153495,0.5297610000000006,0.6727740000000004,1.0480338267030227,0.7893370542387608
1.0824112903880803,0.7037869999999984,0.46181999999999945,0.802147799440764,0.8712192721215466
0.8767413544739711,0.2786350000000013,0.31169000000000224,0.8259732319243369,0.944857683153387
0.3253957578158193,0.6628149999999984,0.18046099999999754,1.0987520685351377,0.5878462148095558
0.23271262520055203,0.3998810000000006,0.05907099999999943,0.08774409447387299,0.44879616191999006
0.8703446901246856,0.1235520000000001,0.09320000000000306,0.32080174257526295,0.3065083516654852
0.3529174163225548,0.00746300000000133,0.09937600000000302,0.3160481973768512,0.25706334347091797
0.28603384401943543,0.0042740000000023315,0.26449199999999706,0.08208793640205414,0.5847574861016085
1.4777345481751816,0.36597499999999883,0.08116800000000168,0.13342457452041145,0.10057089262194197
1.3940395076939147,0.3109800000000007,0.24482300000000023,0.274031304804474,0.0388201117971505
1.4758201090866656,0.32960999999999885,0.22195999999999927,0.5655056981394111,0.012095379396686923
0.49803985740316037,0.1486830000000019,0.3441320000000019,0.2083866718278493,0.43086555865400555
0.6315284079825361,0.9109119999999997,0.5029259999999987,0.8710358690708091,0.37647638966951646
0.9036388561920354,0.7161200000000001,0.5568059999999981,0.21963635873066067,0.6900224157588539
1.122651148013933,0.49489799999999917,0.761686000000001,0.7429344717430482,0.6787667323265971
1.6270288261551968,0.5712259999999993,0.9321455000000007,0.6832963073410241,0.742011161722715
0.24571671144559737,0.920656000000001,0.7818725000000004,1.3979764845155493,0.9586444599217323
0.95095990645755,0.7131779999999992,0.8871205,0.732737628883795,1.1924142928200077
1.5277502260124223,0.8183679999999995,1.1972275000000003,1.8469344398248282,1.1062142061466655
1.0085563530768695,1.0047950000000014,1.1883179999999989,1.0193248387516007,1.2417607327296345
1.6558394216403372,1.7000689999999992,1.5102779999999996,1.0497687442505637,1.3516260892113188
0.9617123775254495,1.798985,1.382301,1.3793906735169745,1.2958624800338026
0.9271320711869411,1.4434259999999988,1.4255117000000004,1.0825612702599905,1.430034709375743
1.078189344642233,1.692691,1.3469073000000007,1.6678995685930813,1.5011650438381325
1.7743098093616565,1.7598380000000011,1.3553299999999995,1.2563306523634168,1.5966215259854915
1.2081276315200924,1.6791329999999993,1.209282,1.5191978294265231,1.5925219413879077
1.3326901037730203,1.3273480000000006,1.0432881000000003,1.397516331789523,1.5168541587235769
1.2490454641730557,1.5155969999999996,0.8731903999999999,1.370761935409147,1.3427976270271313
1.0827713510146422,1.2856550000000002,0.62546872,1.0448676095531526,0.9805250121130276
1.2386087450464596,0.75324544,0.0,0.8430796027885328,0.457809357962229
1.0583171845423562,0.9277991999999997,0.7379851,0.9129187712851274,0.6960123208770053
1.5469100292666451,1.1993033000000004,0.7903449,1.20700534563916,0.9997798459236624
1.2346664051929865,1.1885447,0.9819108000000001,1.1995615151998247,1.1931654016619948
1.1413843168078772,1.4923469999999996,1.0243164999999999,1.261830273010374,1.3550720840640635
1.6701617820064287,1.2226206,1.2395101,1.2004699856535384,1.5181610659858382
1.4264670585181989,1.7741044000000006,1.2884175999999998,1.440569208257937,1.7351282680144937
1.3257368036723278,1.233827999999999,1.3885042000000007,1.4894712402014783,1.534469424821669
0.8035389872899099,1.5791540000000008,1.3561547999999988,1.277259223709608,1.3744165464043832
1.8290934973676674,1.0865449999999992,1.536537000000001,1.0646476471301316,1.4308719069085445
1.324294801503747,1.2404810000000008,1.4421239999999997,1.2026624024737362,1.1850380050967377
0.4766667294611775,0.9224009999999989,1.5211400000000008,1.1251254742686694,1.3776673873792173
1.0649387214228803,0.947737,1.1978929999999988,1.3298179430437393,1.125018835243191
1.273406816907439,0.9924029999999995,1.348885000000001,0.7591994117883871,0.8685413132314643
0.2657034081866385,1.0083459999999995,1.1769799999999986,0.5463056073063512,0.9414808739615381
1.0233318912924432,0.5807170000000035,1.084461000000001,1.0443047162566081,1.0343180177250915
0.6053645264819139,0.8910669999999996,0.857365999999999,0.8232063194979808,0.7483662375328315
1.2453512864714646,0.5784959999999977,0.7471300000000021,0.4528036030433604,0.29106732081991993
1.2812201356643769,0.24128900000000186,0.8020700000000005,0.6373166224079547,0.5791613513345055
0.7755971053554767,0.3912389999999988,0.502958999999997,0.5887218499729876,0.3910201404602063
0.19679723365774038,0.07939899999999867,0.32110899999999987,0.3870585805251281,0.5303775129691317
0.4576191704958603,0.4406630000000007,0.2467410000000001,0.2603883271221257,0.11651308100443813
1.6678912652229165,0.22232199999999835,0.15492200000000267,0.45423894170047063,0.06403633444188728
0.06480844959422427,0.08242999999999867,0.14320799999999778,0.3087721094588751,0.06699318787048725
1.9746535727051402,0.09176599999999979,0.0705379999999991,0.015074202764289168,0.17045380513236097
0.35504524617956434,0.061636000000000024,0.1095480000000002,0.5166277364668801,0.2660360281556997
0.7161293422003041,0.35715700000000083,0.014530000000000598,0.3408169759632216,0.38654437347209125
0.23287460626020007,0.32563400000000087,0.05412099999999853,0.2600597207352493,0.21046073640955143
0.06577768702094033,0.3951910000000005,0.19211600000000217,0.5329597353664184,0.292547594420693
1.5762485524413172,0.272081,0.2823859999999989,0.8307992555117458,0.6063459769705339
0.0698222039353169,0.939425,0.4574019999999983,0.3302070962853989,0.4995112087056519
0.27159963757657124,0.8492999999999995,0.40279600000000215,0.6469733539222808,0.8550496795041731
1.9621449215797995,0.6002499999999991,0.7893729999999977,0.8494043653608045,0.6700051907131019
0.4075933098545086,0.6933080000000018,0.7573700000000017,0.9208078656157035,0.8245297014105049
1.7685642299816546,0.9659619999999975,0.8129260000000009,1.0510725520596615,0.9065033909829197
1.1804384295404766,0.843294000000002,0.8855629999999977,0.7716067010147913,1.140009495760502
1.111979984065158,0.9165259999999993,1.3063890000000011,1.2509674890504474,1.052214453155635
0.6874475509393676,1.0484580000000001,1.2968790000000006,1.2595782478929838,1.1680083192197674
1.7599535016182521,1.6299679999999999,1.5849390000000003,1.2689843757659354,1.2202494158487216
0.8301034841382293,1.6883759999999999,1.5568139999999993,1.2950996717672396,1.2574537642818147
1.6099014100612177,1.378127000000001,1.4511009999999995,1.184837502102729,1.42481100343584
0.9914873634953079,1.4910599999999992,1.515955,1.2673666084200867,1.5284925226932264
1.4954967865465605,1.5144159999999998,1.4649986000000004,1.5437749034075248,1.6366138878939607
0.9232010209617725,1.4902940000000005,1.4576921,1.4426037891495875,1.6162478937779232
1.6132148462980158,1.0495343,1.0684173000000001,1.3830293988768205,1.5577728298940468
1.2572066478358441,1.1647801,1.060714,1.301476161777392,1.3773680989996093
1.0443621896569333,1.04602126,0.7708257000000001,1.1505601410928012,0.9622362119588227
1.1321782946386345,0.58397647,0.44565572000000003,0.8306047529339344,0.4378087366618859
1.4575360680943956,0.7865564,0.93769883,0.9352282168752506,0.674398706773346
1.0528401598884285,1.0295836999999999,0.9740488999999999,1.1803981638885617,0.9875155603476466
1.6522545084160871,1.0416762999999998,1.1132018000000001,1.210654559928071,1.1887567918878483
0.9972520714975879,1.3943074000000006,1.1784465999999996,1.2772261975812862,1.3426659312197122
1.675986270897174,1.1299725999999994,1.3890457000000005,1.263921357971454,1.5280932690479583
0.8106610462595771,1.6821789999999996,1.3635396999999996,1.4084693048215655,1.7308818517498175
2.0182711841426073,1.1654499999999999,1.5382775999999998,1.5334895199688514,1.5559150971359568
0.6640392907731911,1.6367180000000001,1.5235529999999997,1.2392421822575876,1.4033751916580552
1.4732529807993888,1.0888230000000014,1.5795160000000017,1.1121064214410783,1.4579239000501687
0.7828371222901218,1.2764859999999985,1.5313109999999988,1.2748449081616275,1.2183252935206106
0.3143949655287077,0.9657330000000002,1.4726370000000006,1.088995638812559,1.3902990233318508
1.825456028157479,0.9763960000000012,1.1194290000000002,1.433421529661933,1.1437889083390367
1.0298655432167294,1.0252,1.341512999999999,0.7975272703795753,0.877007219439303
0.48440450862857887,1.0273520000000005,1.0126880000000007,0.5809640610130309,0.9027350990861862
1.0789771799559738,0.5859239999999986,0.9043169999999989,0.9508929537615245,1.0167416668510718
0.6255645576313746,0.8871859999999998,0.6653009999999995,0.8730556733343064,0.7066044141535173
1.3292356907154357,0.5849399999999996,0.5487859999999998,0.5310652537768092,0.32297174663085215
0.34309006349550586,0.3023680000000013,0.5335120000000018,0.6709004181127192,0.5454562316286307
0.0015531135859951917,0.43048100000000034,0.3263379999999998,0.5764169409777793,0.3951788713003843
0.18192789925006636,0.02025599999999983,0.16818599999999861,0.36013674027843834,0.4859919362086593
1.0535521195688844,0.5122189999999982,0.06477700000000297,0.2667590896900123,0.11687221274680937
0.2450776593911037,0.28355900000000034,0.021427999999996672,0.5095358353919721,0.06557115095419874
0.42323382153584177,0.013880000000000337,0.081510999999999,0.3289577019372487,0.08034820173489976
0.18832235102910033,0.00041900000000083537,0.09596600000000066,0.0317403508731573,0.14270405345034476
0.6493363024685088,0.013849000000000444,0.2627379999999988,0.5366820959391205,0.24671036603629304
1.4496080227731696,0.2852099999999993,0.1317440000000012,0.35519844434569947,0.35556347159016966
1.3735725328371586,0.21905299999999883,0.1676809999999982,0.3636098344586287,0.20312080950543177
0.4051265202181007,0.343159,0.3445600000000013,0.5151840522141633,0.2693827656038472
1.357232714077572,0.1971170000000022,0.3450099999999985,0.8935358782156158,0.6104677995966661
0.7399946301117204,0.896296999999997,0.5578099999999999,0.2857083700081233,0.5273739586309212
0.3864519595451803,0.7860830000000014,0.5751050000000006,0.6955338764547427,0.8117934102327595
0.928935573020631,0.5896760000000008,0.8374780000000008,0.8521355037484852,0.6619573214077192
1.008731707462978,0.6885300000000001,0.9455169999999988,1.0041125043929995,0.8247442295405953
0.5521913916939418,0.9356629999999981,0.8481480000000019,1.0233926199268097,0.9260132363114337
0.7581576875831146,0.8480860000000003,1.0528159999999982,0.8027198944456071,1.14507012218378
2.3413432747559195,0.8381120000000006,1.273022000000001,1.198394471982768,1.048920804674184
0.47766186211889483,1.060626000000001,1.3921539999999997,1.3092135740082629,1.167070713520392
1.5901408551304286,1.6068369999999987,1.6039069999999995,1.326126185049917,1.20415210814034
1.0172925182295707,1.7031970000000012,1.6453699999999998,1.312583616355079,1.2626657395865575
1.1719530692498399,1.345013999999999,1.6056439999999998,1.2202963220462681,1.4283308230291372
1.78668422910697,1.4892317000000004,1.5512330000000008,1.3027303797442542,1.5535136780480503
1.1666221380916895,1.5023989999999996,1.4357926999999995,1.5609812594767876,1.6603727024518857
1.4377124194015352,1.5149306999999999,1.4864729000000003,1.4713464379371368,1.640329639390397
1.2685361745605213,1.0953658000000006,1.1789879,1.3992814330274217,1.5578467570499583
1.0528536319151391,1.1607303,1.0932959999999998,1.3191513564176476,1.355417867113061
1.0876202958677648,1.0877321999999998,0.73107896,1.1589764881420408,0.9394814108577765
1.047671049683264,0.6179442999999999,0.500373025,0.893981839334485,0.48680776840238793
1.394458961003969,0.7991486999999999,0.9866800599999999,0.9911140033672938,0.7599299918148306
1.3691605485891643,1.0991612000000002,1.0616817,1.1914439500393446,1.0963876176552136
1.2655795722812968,1.0959903,1.0953049,1.3036480363811767,1.3072782403285594
1.0544093134675299,1.4805190000000001,1.1950304000000003,1.3080462272683473,1.4407456315639169
1.2991690746745013,1.1723936999999998,1.4613383999999998,1.3359072890897599,1.6007679601216438
1.17380286225886,1.7776012999999997,1.4791246000000005,1.3363050142178867,1.7359933465787245
1.9322613985307395,1.2409960000000009,1.5971380000000002,1.525369555192416,1.4881065848393842
1.2332114549642679,1.6647339999999993,1.5240019999999994,1.20085011154619,1.3444650248202397
0.6041825255734921,1.1701560000000004,1.5973570000000006,1.0491023001796567,1.3799197463029245
1.1564716069980356,1.2937914999999993,1.5599150000000002,1.2897409189702795,1.112005602162684
1.306845896926296,1.008366500000001,1.4247169999999993,1.0065834125297286,1.2863197090761158
0.6343418697137366,1.007852999999999,1.185951000000001,1.3664820222980971,1.0445623421923234
1.4027324054821335,1.0315320000000021,1.273491,0.6788364097504527,0.8061331970124641
0.19329900104749953,1.049115999999998,0.9989179999999998,0.4772807060379627,0.8324490623708058
1.8297428539138068,0.5942919999999994,0.8385469999999984,0.9569059743734805,0.915082485917555
0.31733266301707275,0.9283670000000015,0.7117020000000025,0.6280746181947414,0.6411238752686046
1.8634505976049418,0.5792779999999986,0.5110709999999976,0.5762376607344422,0.19765649405204044
0.5827447647236461,0.2873739999999998,0.5205990000000007,0.6425977286359625,0.529369286629187
0.571143357618741,0.42503699999999967,0.301399,0.3678860257381409,0.4244463588998286
0.8441178953464679,0.019186000000001258,0.13541999999999987,0.36957512514933555,0.496898774420675
0.06951817369563784,0.5112270000000017,0.1062340000000006,0.2730288954561573,0.1025360131456452
0.12478624640734282,0.2840609999999977,0.017810999999998245,0.39985479143004454,0.028562981371713647
0.4055788450846194,0.03589399999999898,0.042151000000000494,0.34676148541408125,0.0628039884633722
0.1254628105513902,0.023001000000000715,0.13697799999999916,0.010800014193051766,0.0743411260221194
0.7875424114217502,0.010808999999998292,0.2586289999999991,0.49957380684155694,0.24459900242698396
1.0756259923002212,0.351305,0.16267799999999966,0.3177853710704852,0.390825446848833
2.253543370120166,0.27918200000000226,0.16130199999999917,0.32803311080340336,0.1450002618987618
0.2420491913564149,0.3898239999999973,0.38773000000000124,0.608006839836353,0.1869210873426077
0.5768971357113095,0.2496760000000009,0.38592299999999824,0.7789200606965032,0.5399233390376388
0.504606312024471,0.9323370000000004,0.5656320000000008,0.3918486813132773,0.45109180598042187
1.9578906104788594,0.8032469999999989,0.6042140000000025,0.6154666903540189,0.806905765600483
0.2561933931354261,0.6009799999999998,0.9102109999999968,0.7405174941139769,0.5949090721405952
1.5582265345007542,0.6935900000000004,0.9357130000000033,1.0195124686118646,0.8235589678934652
0.7714959456084252,0.9642879999999998,0.9024619999999999,1.0048196106764458,0.9010420186524826
1.0668284451578796,0.8542945000000017,1.058050999999999,0.7561984567226911,1.1018132765020177
1.3847017072999783,0.8817354999999996,1.262582,1.2011289343837763,1.0036722868792705
0.5871970350459108,1.087681,1.4618579999999994,1.2128975829378543,1.137357665383412
0.8798438301971245,1.6664630000000002,1.5974210000000006,1.2108530626228742,1.1574820150730751
1.7475379497181915,1.7400819999999992,1.6483979999999985,1.2787715574313836,1.2359677803665434
1.8272169536212193,1.3783960000000004,1.6456480000000013,1.1647820721447477,1.4071350924189474
0.9582636698531681,1.5338515,1.5184822999999996,1.2687731047824382,1.5720748847128254
1.6798429837236712,1.5527482000000008,1.4787992999999995,1.519379245125446,1.7257086922844973
1.098346882793602,1.5281566999999994,1.5567589000000002,1.4192128672233597,1.7086749121589246
1.4096926057381078,1.0906754000000003,1.1605956000000002,1.3732299781092316,1.6264389108464479
1.2135531203513434,1.2015346999999998,1.0898029,1.318843656501135,1.3885168326386987
0.9520966073857972,1.08521037,0.6906874000000001,1.128894317819768,0.9377488751944415
1.0557678479507484,0.6563561000000001,0.431589508,0.7890321100869172,0.3772093352717174
1.2568595958892619,0.8073011999999999,0.9840549999999999,0.8938639176429473,0.6102696737202157
1.0932525918749545,1.1459164999999998,0.9698369,1.113231169941563,0.9324184983560144
1.6629258905969007,1.1044019999999999,1.0656634,1.2108624350980013,1.166881450389182
1.0214870617567007,1.5219724000000001,1.157391,1.220799623344548,1.3453026017322682
1.8456946871186002,1.1723689999999998,1.37817,1.2679322063895206,1.5472338629094882
0.9326783146797979,1.7882065999999996,1.4835805999999998,1.3755871430652915,1.73994968304795
1.4109536045724127,1.2487410000000008,1.5060740000000008,1.4762410535533306,1.5538697523497413
1.2950106651341038,1.6559854999999999,1.5096779999999992,1.2403904941049646,1.3922186747935026
1.7009256730276245,1.2109795000000005,1.5940650000000005,1.0740082243677787,1.4390429045224291
0.7352085803039454,1.2920540000000003,1.4880110000000002,1.3213498602700522,1.1877128277707456
1.0937769860071942,1.0422879999999992,1.4691580000000002,1.0609999170716318,1.3693028164140308
0.6505736031293701,1.0236550000000015,1.1954220000000007,1.4029277181679198,1.1097388531811987
0.4486977145405433,1.0381639999999983,1.262076999999998,0.7583029107024615,0.8686950052948692
1.4487019073933105,1.067931999999999,1.0178949999999993,0.5714624594921709,0.8942513978625009
1.1591447282750025,0.6008230000000019,0.881062,1.030123302897593,0.9925403265804924
0.2930998384978203,0.9720359999999992,0.7087000000000003,0.7559737873450061,0.7116728437378761
0.80155360961923,0.5600300000000011,0.5290700000000008,0.6512918869092381,0.249014455840193
0.6003338183496609,0.26714899999999986,0.5602049999999998,0.6613259792614272,0.5530640182302413
1.516765468593828,0.42622599999999977,0.2503379999999993,0.4543909601746883,0.43743164658623
2.3725369705577,0.020630000000000592,0.14559799999999967,0.3919172846713721,0.49894639526972995
1.5563700440761679,0.49045699999999925,0.09979600000000133,0.2919145736190423,0.126510686425636
0.019578660745697363,0.27776700000000076,0.008691999999999922,0.48512647471717685,0.024309349427074523
0.3798908460352308,0.08916100000000071,0.07298099999999863,0.34357220900602314,0.07758787593312277
0.0005186866968003301,0.04115499999999983,0.12204799999999949,0.001858621883979339,0.12442846825787868
0.04911221420318057,0.03775399999999962,0.2678350000000016,0.545599808149813,0.2148364292111573
0.7937715615276204,0.3898539999999997,0.10391100000000009,0.2877216044100912,0.3911523560899184
2.365608156273762,0.3280130000000021,0.17693900000000085,0.30890410312659355,0.21831636098234242
0.1075932065994607,0.42704900000000023,0.3624930000000006,0.5693710195084769,0.23076790042038908
0.3101580566058928,0.27598199999999906,0.36800899999999714,0.8091625145857684,0.5935600263784053
0.7949512130580807,0.9575390000000006,0.5152730000000005,0.40970380726513866,0.5082213874356611
1.5136868134483308,0.8006570000000011,0.5848790000000008,0.6805854102062305,0.7873475930248723
0.49642004048693167,0.6374209999999998,0.8287830000000014,0.8016607462467071,0.6065242286568875
1.762961258212247,0.6945319999999988,0.9080829999999978,1.0285455909886103,0.8193961069005411
1.7256367893299895,0.9865549999999992,0.8620030000000014,1.097105352652493,0.9001048327454129
0.3262780154183851,0.8588959999999997,1.0750899999999994,0.8119065344242244,1.130915408837419
0.5928735259475761,0.9198190000000004,1.21659,1.2472612781130827,1.0260932256764317
1.9429264120660115,1.1178670000000004,1.4391800000000003,1.2114222823298917,1.1462839980072896
0.7787684942872755,1.696714,1.6067419999999988,1.2507981988229808,1.1743658383915374
1.463727646974153,1.7461590000000005,1.592759000000001,1.2818889330658525,1.234179562898552
1.6981448860423694,1.3637854999999988,1.5786269999999991,1.1835893753231588,1.406724730712737
1.3565882315669429,1.5312571000000004,1.4720530000000007,1.2798764527625517,1.5370545535367528
1.529571393670908,1.5544358000000003,1.4597504,1.4919063983497347,1.6497856442364318
1.0592949515276464,1.4887480000000002,1.4258406,1.3995345929116967,1.6266745484520024
1.2973937729136487,1.0488091000000002,1.0818480000000004,1.3513093506168783,1.551964675220777
1.2952056352838344,1.1850560999999997,1.0098528999999998,1.2879983989955104,1.3356830342583814
0.963872004924798,1.0556288,0.5796591999999999,1.0906941165157298,0.9109557636344565
1.0954504994795446,0.5994667,0.45527206000000003,0.7694430314571181,0.4259894325100122
1.3448574466072052,0.7599706000000002,0.9854533999999999,0.8875799448169934,0.6776625532053652
1.4284908677504817,1.0686974999999999,1.0009432000000003,1.1026891202568763,1.0100521048821742
1.1332326378807984,1.0527815,1.1068076999999996,1.228900241840194,1.2332846156694939
1.2617135089758342,1.4582183999999998,1.1609978000000005,1.2288302343510882,1.3945144992819296
1.28195871714074,1.1413283000000005,1.3927112,1.2911730693543157,1.580410325933971
1.148014368457586,1.740023299999999,1.463356,1.4487597067651636,1.7548810184166328
1.1751820618974236,1.2208330000000007,1.5144504000000003,1.47881222181665,1.5560960681621392
2.175604743388801,1.6609090000000002,1.5189789999999999,1.270981651219934,1.3818354274411764
0.5000721163321789,1.1736299999999993,1.6245909999999988,1.0395041562315992,1.413830683767845
1.6306986539965802,1.3078800000000008,1.5032000000000014,1.3875759916719552,1.1471504516906617
0.9999520435799951,1.0278659999999995,1.5115439999999989,1.085835112692326,1.3064358542699086
1.1333567676294258,1.0286559999999998,1.201626000000001,1.374469208065662,1.0678993059101014
0.23995177081122776,1.0409420000000011,1.3124329999999986,0.7936582218210333,0.8327590522922854
0.47752134961464776,1.0731970000000004,1.0671859999999995,0.5518315492302932,0.8499411412960498
0.9245866956507882,0.6307309999999973,0.928994000000003,1.0643103306554629,0.9579747534311558
0.2761587354644526,0.9622990000000016,0.7484159999999989,0.7140295500987399,0.659671531635869
0.7533772654436888,0.5936090000000007,0.5723230000000008,0.7757767339671595,0.23628480950939235
0.5359932117475523,0.29701999999999984,0.5807459999999978,0.6334365278694349,0.537454591973713
0.14224803529673835,0.43379999999999797,0.3071079999999995,0.4608409904819766,0.4276101903773437
1.4374876676299415,0.02605800000000258,0.17858900000000233,0.4555447656330074,0.4905656489061805
1.254035421898994,0.49271599999999793,0.08824100000000001,0.3443816843694769,0.11750271410131319
1.0772176918151182,0.27552599999999927,0.030847999999998876,0.49225430630459854,0.03497765048917856
0.08745346727973313,0.06008099999999672,0.04565799999999953,0.3692310559909089,0.07761205480617406
0.0029688729967993766,0.03401800000000321,0.1278100000000002,0.0378469020882406,0.09872103761498607
0.8948545804861894,0.027966999999996744,0.2799030000000009,0.43903870116375643,0.22250715302998003
0.03132898186485633,0.3542390000000033,0.14324999999999832,0.19073998283028715,0.370306252796059
0.6151800301276751,0.2839849999999977,0.17304400000000086,0.3070345791648208,0.17065195018082235
0.4369516170587815,0.39713899999999924,0.3964819999999989,0.544012040604418,0.21556653611079213
1.96971104976992,0.24409800000000104,0.387829,0.8164811523988327,0.573466817348173
0.11877186637049064,0.9276909999999994,0.5754400000000004,0.40671876944472984,0.5040992076772248
1.445093345580979,0.785928000000002,0.6024740000000008,0.7138772373646489,0.8049363796309699
0.0625418425381774,0.611819999999998,0.8688809999999982,0.7897719488696566,0.6272177336172113
1.8546585431803653,0.6815500000000014,0.9434190000000022,1.0514657050915908,0.8397709867074425
0.023983239378347676,0.953440999999998,0.8714459999999988,1.2203116793158095,0.9369176679146101
1.1308726902948507,0.8440720000000024,1.1058970000000006,0.8577045598218067,1.1426791393455211
1.8280496107612372,0.8615899999999996,1.27285,1.324312342781763,1.0278520666526347
0.30106038807357116,1.0897670000000002,1.441446000000001,1.2126321856916231,1.147984722272005
1.2486215015884223,1.6543149999999986,1.6436089999999997,1.253240108250509,1.1890669557579407
1.8534397574020822,1.722251,1.6124729999999996,1.3145785039570512,1.2647418572070208
1.4399090707236617,1.3518760000000007,1.5982880000000002,1.2086023464261757,1.4171802440681454
1.331236165365599,1.5205305999999998,1.5004707000000002,1.348756920437781,1.5702984025292652
1.3598382195280188,1.5375524,1.4491302999999993,1.495359263182407,1.6901940249479583
1.2477569087993645,1.5035524000000002,1.444827,1.42171682331396,1.6622197782250687
1.4037720907124784,1.0783302999999997,1.0999683,1.3554672994186467,1.557091939764851
1.0445504665675012,1.1803191000000002,1.0248153000000002,1.3100505328304373,1.308742144179122
0.9780911745087187,1.07401254,0.6273918,1.0898001090006502,0.8629084169991916
1.1415678426417073,0.5470801999999999,0.0,0.789026830804753,0.39366305479932684
1.0986798813818028,0.68384,0.72206604,0.9204066697049529,0.634314751178204
1.5926739852439016,1.0742674,0.9379790600000001,1.1373066609715994,0.9680460210285027
1.382560337134267,1.0448582000000002,1.0407102999999998,1.2444190832424908,1.210129484526548
1.139522261609316,1.5190887999999996,1.1036810000000004,1.2441186753283873,1.3891252060027002
1.7100274119548855,1.1483156,1.3397663,1.3437876844258314,1.5861180660391119
0.47092872571105815,1.7947873999999997,1.4460005999999996,1.5028972881752267,1.764407410447518
2.028674835517071,1.296209000000001,1.4534156999999999,1.5127256246219574,1.5764946674429972
0.5311888469085861,1.7197949999999995,1.4781650000000006,1.304346688562056,1.3957994046060307
0.9490109036526793,1.2830189999999995,1.6103059999999996,1.0053420470948033,1.4321606578756594
2.2752411297494497,1.41249,1.485983000000001,1.447218061061422,1.1664118558784455
1.4409064312863524,1.0896240000000006,1.5236535,1.0578270249948734,1.3375995135998444
0.017720690070884615,1.1174519999999983,1.2441244999999999,1.4196576394834821,1.0656205735120174
0.6905954010041526,0.9955240000000032,1.3155669999999997,0.7818813854650806,0.8529630245883517
0.832797272114,1.1137099999999975,1.1296919999999986,0.5825891446166516,0.863317503988366
0.9844802944958673,0.7011780000000023,1.0061200000000028,1.2237045863742395,0.9689434811745024
0.02700380291865656,0.9986119999999978,0.838436999999999,0.5481927688078372,0.6654455670617843
1.1585744558160798,0.6011150000000001,0.6694129999999987,0.7879172495560773,0.20910094125322587
0.6887332691311556,0.2679709999999993,0.7006240000000012,0.5959856994526689,0.5436416812279248
0.78417742288784,0.4363480000000024,0.36870000000000047,0.44597731168873267,0.4187052377897338
0.5456187663788477,0.005248999999999171,0.25709600000000066,0.4247560050114956,0.4827506400662074
0.48957222088660046,0.44308499999999995,0.1669339999999977,0.3390247140282483,0.11469998641845436
0.39705837483230155,0.2800639999999994,0.0817760000000014,0.49707355934288344,0.010662067989077428
0.7111098291455775,0.1523229999999991,0.017510999999998944,0.3294677198364333,0.0719492789979661
0.7128763633507269,0.047499000000001956,0.1295490000000008,0.02284972488210002,0.12624693657118158
0.17475627386754766,0.09747999999999735,0.24826599999999743,0.46574250699293174,0.24375496048241985
0.3990036379539923,0.3809230000000028,0.12116600000000233,0.1583815107440536,0.38211345485195736
1.354763385246315,0.35258699999999976,0.2012919999999987,0.327097973090293,0.18089420707457649
0.8631097883042855,0.44528199999999885,0.3823760000000007,0.5729596861745918,0.1996852268875422
0.9432842905858045,0.2529289999999982,0.42283399999999816,0.7813841290737038,0.5418801571729581
1.1784807894577227,0.9587290000000017,0.5467210000000016,0.45583951469846795,0.4856315416651178
1.8053515785062508,0.7979950000000002,0.6008509999999987,0.715507904017187,0.7879889724842357
1.1120414078861174,0.7048409999999983,0.854101,0.8651040242767287,0.6055009428665059
0.569380136256946,0.7002970000000026,0.8765410000000031,1.0064671763007205,0.8270562198723574
1.4607878692895149,1.0059659999999973,0.8857959999999991,1.2186642892430086,0.9067023350787942
1.0283780309332755,0.902350000000002,1.0272424999999998,0.8657289247075912,1.1346212173740486
0.5639392557972531,0.9513219999999993,1.2253594999999997,1.368343677312776,1.0451487922762368
1.367100568643556,1.1916260000000012,1.4217849999999999,1.191609239391962,1.1590234199858163
0.9104869928924604,1.7867819999999988,1.564423999999999,1.2544687493833475,1.184590699109286
2.147900444872514,1.764329,1.5623080000000016,1.3741098301343069,1.2758858219551161
0.8446650533243876,1.4026750000000003,1.5181329999999988,1.1874736910196813,1.438507535630734
1.277808089445898,1.5705669999999996,1.4528550000000005,1.3601012210825525,1.5916051805351525
1.5711302932876237,1.5871955,1.4683003000000001,1.5429023291699986,1.6959123711102784
1.236855642945228,1.4576138000000003,1.4182956999999998,1.4099788926574748,1.6732617896127815
1.3687265677953424,0.9903531000000001,1.0825054,1.3802252736756393,1.5696447978522658
1.133648414594647,1.123488,0.9867802999999999,1.3329033684704672,1.3194283877880661
0.9193261330555269,0.9804429,0.6303756,1.079322149265574,0.8518091139449262
1.0735374416421908,0.48041039999999996,0.4347808000000001,0.8237606570189966,0.38742102854000826
1.22747523351828,0.593113,0.9541461999999999,0.9680032851766829,0.6302179756430818
1.3694796704656973,1.0031619999999999,0.9699141,1.1857702963855714,0.9556799411227603
1.232771972914552,1.0110002000000002,1.0637455,1.289285077483585,1.1864277771800493
1.4633590678589634,1.5013680000000003,1.1235307999999997,1.3148155770957448,1.3630874634684318
1.4218886924415823,1.154935,1.3829264000000006,1.3855635745402548,1.5521121356492484
1.595916548178943,1.8646816,1.4400439999999994,1.5319640504902399,1.73470049403997
0.73943769510438,1.3438504,1.452102,1.5256297086969415,1.5719479907878515
1.912993952053954,1.8059639999999995,1.4695900000000002,1.3207387576777752,1.412853338506995
0.7660426088122261,1.3622650000000007,1.5850589999999993,1.0413525934882237,1.4523796609371242
0.9661442543611916,1.4405999999999999,1.4905630000000016,1.4213411171315151,1.21216359551026
0.8507954734623322,1.1692900000000002,1.452831999999999,1.0516359795440007,1.3491618656232252
0.3442180614211825,1.2000319999999984,1.1649969999999996,1.3902994577800847,1.1344520807335972
1.354251915298061,1.1075049999999997,1.2725410000000004,0.8194045463491371,0.8763196479128048
1.7770714839484327,1.2067610000000002,1.0243070000000003,0.5320792810951005,0.9227392811578063
0.7134021860346671,0.7541960000000003,0.8753199999999985,1.187186930117445,0.9897326042870596
0.23695447306913664,1.0844330000000006,0.7097200000000008,0.5741730102841274,0.7321197571547167
1.1054182077091426,0.6585329999999985,0.6040720000000022,0.7359710435764519,0.24958025523480387
0.7394532249504628,0.33361400000000074,0.592647999999997,0.5905296624427336,0.6010768995759399
0.39572694025719457,0.4449020000000026,0.32275700000000285,0.4664481700696612,0.4138461521188965
0.5255647365543545,0.041679999999999495,0.13693999999999917,0.3603969591519238,0.48988061565161445
1.5186881919706217,0.48161099999999735,0.10143899999999917,0.355306877305992,0.09941286323558884
1.1176319293221049,0.260111000000002,0.028894000000001085,0.44685884692951916,0.018824549901552246
0.34643363296278196,0.1579480000000011,0.04873999999999867,0.34785047269262037,0.0914485391147295
0.35275617995793596,0.0894069999999978,0.14227400000000046,0.10053527225007386,0.17410070861064852
1.0653699946246817,0.08898900000000154,0.20050600000000074,0.4925712622719658,0.19810524501395932
1.1233964562007301,0.4445009999999989,0.09798499999999777,0.22388827438158287,0.41296444158031775
0.33774489627359117,0.34569199999999967,0.13108800000000187,0.4279435378312151,0.18493984582422485
1.0033386590600024,0.4455420000000032,0.29963699999999704,0.5327731804945692,0.2408881146974693
0.028905599666110504,0.28385599999999656,0.39609100000000197,0.8421747327545539,0.5352488307750818
1.2460689344158489,0.9659100000000009,0.5039259999999999,0.4629480624507565,0.497351534652001
0.6783139332564474,0.7778080000000003,0.6390339999999988,0.6743788450587438,0.8196694672665963
0.6700710855038388,0.6320499999999996,0.8361440000000009,0.7942463285305834,0.6485927517172208
1.3646417213431405,0.6735170000000004,0.9909950000000016,1.0139229556465317,0.8378292852489757
1.742083829373886,0.9818400000000018,0.8852769999999985,1.1717082843037474,0.9426391945918162
1.2025973682998377,0.8739899999999992,1.0419184999999995,0.8785958723786642,1.1567052521761063
0.8169454125654863,0.912177999999999,1.3131405000000012,1.2961361105900746,1.0784643730698331
0.9984393736932038,1.157546,1.3588329999999988,1.2644795059308436,1.1699854110256638
1.721744556429611,1.7626795000000008,1.5564820000000008,1.2912170143702202,1.230526793119635
0.9917057669098295,1.7935994999999991,1.5836299999999994,1.3546263089345842,1.2782944719244167
1.3716340261347195,1.40151,1.498831000000001,1.2209886387857,1.4670877648310263
1.3179981483152003,1.5930365000000002,1.4195759999999993,1.382768397246144,1.6007722974193026
1.2922065771086775,1.6066455000000008,1.4705187000000004,1.5801625355160942,1.7073390008020226
1.2691497300850427,1.5084133999999993,1.3343273,1.454859223042285,1.67141274721551
1.3799389224166068,1.0406821000000002,1.0764671999999997,1.3956739068321844,1.536628736415222
1.0403592811933637,1.1974651,0.9759614000000001,1.343615228049696,1.2683800568878572
0.9367735727411912,1.0301730999999998,0.6415704999999998,1.0820763240400368,0.7968246810664921
1.0574547892672366,0.584323,0.35048565,0.879112490391685,0.42275794117280036
1.2474656677111686,0.7410664999999999,1.00955795,1.027333482298984,0.6945673048310275
1.3063869426649606,1.0604761000000003,1.0057594,1.180537164776581,1.044990266843273
1.2573764625334487,1.0729801999999995,1.1349988,1.3477626555726738,1.2812504738515949
1.4052746541478616,1.4745831000000003,1.1558391999999995,1.355625863102226,1.4530939646489651
0.5760283741486711,1.1565773999999998,1.4341135000000005,1.4119841258525083,1.633584037146611
2.211748681643188,1.7717799999999997,1.4408104999999995,1.4042312327521476,1.7757403389237032
0.8766245103966277,1.2421420000000012,1.501526000000001,1.4491880283039045,1.5816592028655378
1.9397690256718718,1.6713339999999999,1.4864429999999995,1.2283538874612123,1.4101871389640053
0.2685315499010823,1.177318999999999,1.5964720000000003,1.0603952689260314,1.4355441330989063
1.522253364821168,1.2995330000000003,1.5055669999999992,1.3156737505283633,1.1575529690415056
0.3958575239160229,1.0059190000000005,1.5126729999999995,0.9898320049696281,1.2988818884434892
1.7108284245355367,1.0425170000000001,1.1691079999999996,1.2948594164016587,1.0794433872089542
0.925264248109471,1.0306059999999988,1.297506000000002,0.8025656474216127,0.8375513421114853
0.19335478612132917,1.082893000000002,1.071863999999998,0.4033844573411969,0.8655872606180992
0.9504176069516248,0.6531829999999985,0.9253120000000017,0.9889358606665795,0.9322482928044487
1.1832375059171625,0.9825900000000019,0.7114919999999998,0.5338541169138544,0.6540727663581443
0.3203971657330307,0.6325569999999985,0.6067280000000004,0.7088525907221985,0.19565773102625883
0.6775930055205919,0.3320040000000013,0.5794159999999984,0.6202992161445877,0.5840286288139396
1.5938561184948128,0.44183599999999856,0.3046129999999998,0.4009154930324925,0.40092676785278414
1.2998323783938446,0.04402900000000187,0.11172499999999985,0.309203552159488,0.48809015690126856
0.4324785193059846,0.5191399999999966,0.04701600000000283,0.39776234212997963,0.07329465668661328
0.06629392843377602,0.2883210000000034,0.054854999999999876,0.4106114304365036,0.013858410641017116
0.24316548531143312,0.03996700000000075,0.025507000000001057,0.3635998083758132,0.10839126182885295
1.3285328506528344,0.01841399999999993,0.2196239999999996,0.11349120476133479,0.16287248822536782
0.2782084111720735,0.017427000000001414,0.27996200000000115,0.40941463449774673,0.21840457793819823
0.2325791840051643,0.3671229999999994,0.17361999999999966,0.2818045115018748,0.45053260198080736
0.13711329347074042,0.26671200000000184,0.18504199999999926,0.5107233726987346,0.17844619238859138
1.3215892694434928,0.3808729999999976,0.3834420000000023,0.4275439169156172,0.24468825152292695
2.1494992411772564,0.24873499999999993,0.4173739999999988,0.7858106740077346,0.560203203875048
0.12119351245070575,0.9244459999999997,0.5288959999999996,0.5407817922090246,0.49262511417420285
1.5164940800099167,0.8060250000000018,0.6017219999999988,0.5609331146301528,0.8575937154137527
0.33631705916399923,0.6107459999999989,0.8901160000000026,0.6094773985724586,0.6364613207995973
1.1203200112739182,0.7037870000000019,0.9173930000000006,1.045281914086548,0.862111069388785
1.185198058139111,0.9734799999999986,0.9155479999999976,1.1252071197574018,0.9339887644255143
0.8972122356596373,0.8912420000000001,1.023308,0.8960187383665055,1.1229762693251732
1.6384702928280248,0.8926689999999997,1.320475,1.2053486534516278,1.0436693842447387
1.2812154239863283,1.1374110000000002,1.4274400000000007,1.2554378655384948,1.1433006630017193
1.2462180279257442,1.6949269999999999,1.602269999999999,1.2366910742092134,1.1957910481548417
0.8237967832016757,1.76811,1.6377860000000002,1.294180410119667,1.2713359887856797
1.2965944438799282,1.413818000000001,1.5359570000000007,1.2463908787598772,1.4397782664339385
1.6470808423570027,1.5643646999999996,1.4687150000000004,1.3928989972651955,1.600038854285689
0.9545205350314419,1.5561485999999993,1.4573379999999991,1.542509811714873,1.741836301836214
1.531775778807066,1.5330414,1.4187157000000004,1.4621485293309737,1.716957604249723
1.1311239921462808,1.073179,1.036153,1.3808660913013067,1.5768738205153352
1.3133626295713554,1.1834385,0.9639684,1.3190588266962164,1.2710165284865929
1.0273476559601074,0.6130542,0.41452479,0.8777079113658426,0.47603456486968937
1.2675982029270219,0.7617504000000002,1.00266334,1.0208064228300595,0.7749538847136929
1.3525034774183413,1.0708077,0.9687290999999998,1.184743128424691,1.1181324779613737
1.635194998040551,1.0828931999999996,1.1062357000000005,1.3444081268225259,1.322994397970156
1.3142857197009397,1.4641425000000003,1.1433915,1.3503497133332667,1.4500197988369683
1.103980151028014,1.1726735000000001,1.4258815,1.3836469606942883,1.6066099997171834
1.086573440614357,1.786142,1.390233499999999,1.38844109649017,1.7277655375265324
0.9884493834946895,1.2481460000000002,1.5010729999999999,1.4247994971260667,1.4958394203115741
1.4941650014766878,1.674258,1.4752460000000003,1.2235258504827033,1.361254311455717
1.0339389255375444,1.1702929999999991,1.5797895000000004,1.1048041005166436,1.4081662561110253
1.4731053133725869,1.3072160000000004,1.4701114999999998,1.2822780815765054,1.1314287395796185
0.8862847686588076,1.0049609999999998,1.4710300000000007,0.9756919694643056,1.2738916771058495
1.7270759463295438,1.0557710000000018,1.1071749999999998,1.2873518427271247,1.0581715141888495
0.0772802333072562,1.050967,1.272786,0.8028926179884337,0.8180497997985405
1.1376561829737497,1.1059729999999988,1.0078749999999985,0.385099466886178,0.8346209650331815
0.8844662880860632,0.6528570000000009,0.8641610000000028,0.9124325747903121,0.907827157835289
0.05753527952142434,0.9738979999999984,0.6488300000000002,0.581978790654734,0.6219874747477228
0.319259988990904,0.6259620000000012,0.5239769999999986,0.7115520556638408,0.18064601308637762
0.7377699324375513,0.3141399999999983,0.5175020000000004,0.6150818230574799,0.5630094268074188
1.2755334708590809,0.42889399999999966,0.24086600000000047,0.4065089700178923,0.4240094602816491
0.16905751820072012,0.0035109999999995978,0.06330499999999972,0.30377038981512783,0.5109238418562398
0.6352927254308973,0.4942420000000034,0.00911299999999926,0.37721489535995545,0.0564029669146322
1.462287231518708,0.24842299999999895,0.07958599999999905,0.3955249037646098,0.0011256172642788442
0.3670276336629499,0.0887999999999991,0.08593500000000276,0.37051221178511895,0.061875904067051124
0.2309498007123807,0.07175200000000004,0.2658089999999973,0.110322393939704,0.12126119670303837
1.379403920732102,0.05685000000000073,0.2914510000000021,0.41584375689221176,0.21557395614492592
0.17945866067641703,0.397076000000002,0.1839739999999992,0.33559053188890786,0.45319076557408167
0.8827199503441818,0.3016419999999975,0.21335499999999996,0.47951440770056664,0.15678749944434145
0.17489787047155403,0.40736300000000014,0.38301799999999986,0.4141488357091774,0.21784959967677509
0.20041858756468045,0.277432000000001,0.40366200000000063,0.8100218972711026,0.5270134328190075
0.9564115991309201,0.9423980000000007,0.5641010000000009,0.5125456301630855,0.4581886526626242
0.6355009445644733,0.8298549999999985,0.5681999999999974,0.5283068904371149,0.826244756491807
0.41171131759715607,0.6125900000000009,0.8908939999999994,0.5856749160962025,0.5979514463666824
1.580951087896544,0.7197800000000001,0.879956,1.1083350418167832,0.8581950442985402
0.6730206199782369,0.995315999999999,0.908963,1.0600976961216428,0.9394948185700116
1.9357163610808321,0.8839450000000006,1.0342360000000017,0.8680447265886162,1.1390023008781025
0.991537803591747,0.908589000000001,1.3385750000000005,1.1840763042322422,1.048294878332694
0.9775650138849947,1.110828999999999,1.438542,1.2751746184572212,1.1845830440148628
0.6330766121171116,1.6960130000000007,1.634359,1.2438760132147326,1.2213716871667089
1.952677310235421,1.7477420000000006,1.635724999999999,1.2816110038496387,1.3102708397965834
1.18067086634903,1.4105079999999983,1.518072000000001,1.2671152419698224,1.482891900603322
1.3699570715417888,1.5351230000000005,1.4486953999999992,1.3945283973270577,1.650578089784287
1.2536994238958439,1.5345853000000007,1.4261696000000006,1.5479906150014937,1.788553044214269
1.4374229043943414,1.5040313999999997,1.38808,1.499930464349549,1.7344456850914773
1.1181325809452995,1.0254066000000002,0.9714899999999997,1.389366633775233,1.5633379310883875
1.0690636337079285,1.1464528999999999,0.9029828,1.3093619260432288,1.227407460175037
1.2826472071506299,0.8586995999999998,0.9277568999999999,1.0089367746070792,0.784061373628887
1.3253039628559122,1.1312452,0.9825833000000002,1.205661280288063,1.1570445342068667
1.066100698949886,1.1196265000000003,1.0909133,1.3495858342788813,1.388142306639446
1.800693508272758,1.4648532999999997,1.1383249999999996,1.3351835384714663,1.5212562142067956
0.6415387189603132,1.1632404000000003,1.4273481000000006,1.3700148026270744,1.686560728393192
1.6971032311347312,1.731052599999999,1.3614473999999994,1.4230188085515678,1.7778600812730252
1.1504941114443383,1.1802400000000013,1.5517310000000002,1.4418073050709719,1.5225446745271451
1.187689888601037,1.5906769999999995,1.4930120000000002,1.2636989046721467,1.360658704068216
1.6825705794882015,1.0822959999999995,1.5598449999999993,1.133216364655084,1.3782999722693603
0.7684056612843886,1.2187860000000015,1.5011470000000013,1.3258310805351172,1.0805693807927792
0.6723172915042461,0.909953999999999,1.4513059999999989,0.9999239260678721,1.2329822482549169
1.029314968535795,0.9509040000000013,1.1386150000000015,1.3043994569994908,1.0048038018492562
1.357597826666641,0.9648489999999974,1.2920799999999986,0.7561171184973006,0.782311485218564
1.2847354299841065,1.0092800000000004,1.0086480000000009,0.43915597812287643,0.7954936079644348
0.9166853561175365,0.5612330000000014,0.8952430000000007,0.9323676828633651,0.8965110838107577
0.85377503062832,0.8965589999999999,0.6728999999999985,0.6044106709089938,0.5827585410397447
2.476733330218842,0.5717719999999993,0.49690100000000115,0.7280908081068489,0.1756268602347255
1.122107314754544,0.29209300000000127,0.507593,0.6236273421467438,0.5484968384281181
1.803507275042655,0.42548499999999834,0.3255750000000006,0.42236008899084965,0.4177135378800756
0.37155462831675123,0.019515999999999423,0.09630199999999789,0.3800946399441081,0.49970166872478927
1.1422548578647316,0.5232489999999999,0.031216000000000577,0.3554936039138141,0.04224030043625859
1.0597249765704113,0.29534700000000313,0.03458699999999837,0.43587415895829196,0.00411652263663953
0.7763043135986685,0.015764000000000777,0.057864000000002136,0.3288695403295847,0.06714115316982827
0.017467441348273383,0.003235000000000099,0.2186969999999988,0.07177602679212214,0.08670278875043991
0.7645838581285318,0.006644999999998902,0.26332299999999975,0.37644687606817584,0.22045158557675038
1.2344331754405786,0.3379359999999991,0.19561000000000206,0.31166652165373065,0.44396075273609625
1.0763684623968395,0.27255500000000055,0.1781039999999976,0.34671846432942743,0.14820305810942358
0.11076142071080142,0.3739920000000012,0.37826199999999943,0.4796258581202011,0.2068502791400917
2.499206673144844,0.24583900000000014,0.3634970000000024,0.8239151603858694,0.5213052353875973
1.0997020506587987,0.9336489999999991,0.5503269999999993,0.4589462543479641,0.4547544483063426
1.28985809085016,0.8423690000000015,0.5555960000000013,0.528701861605434,0.8393977693616606
0.6575410982968783,0.6408929999999984,0.8836949999999995,0.6678122011433061,0.6136154316324287
1.6002909097084448,0.7414710000000007,0.8666499999999999,1.1270710845817682,0.8619092134599668
0.2878404447243206,1.0052489999999992,0.913055,1.0827728663435217,0.9527954638151819
1.6703553756829397,0.9050030000000007,1.0488229999999987,0.8602554391331996,1.1248633295827926
0.6614098752055781,0.9323610000000002,1.2887470000000008,1.2706119903181659,1.0293147033048697
0.7966913539208225,1.1296589999999984,1.4591630000000002,1.2832540783518471,1.1702845841640297
2.0371121766011946,1.6933060000000015,1.616816,1.2950886673996145,1.1993386838135613
1.1679224621098871,1.7562294999999999,1.6534849999999999,1.3562125645945162,1.3218248605253127
0.8588735883173317,1.4242814999999993,1.5826922999999997,1.269128957481648,1.4733913751318664
1.73535448360796,1.5453260000000002,1.4593581999999996,1.4605763748140008,1.674266572832277
1.323880087695418,1.5214622999999996,1.3426245000000003,1.6064200886554785,1.8186099351244938
1.2869825240820671,1.5026059000000003,1.4239897,1.5453034706990314,1.773669039756939
1.4203998511283649,1.0317910000000001,0.9815733,1.438837260970637,1.592356585550443
1.0701947106169538,1.1304508999999998,0.9285882000000001,1.3410045053188735,1.229521234118166
0.5069297570666662,0.1329732,0.0,1.2463433328219935,0.7446835466771484
0.005382307666666364,0.25319329999999995,1.1431924,1.3253845468795107,1.0606426012155201
0.8397434200666669,0.17026750000000013,1.3259036,1.4485073987913957,1.21053924634806
1.6948662955333336,0.4855559999999999,1.4392369999999999,1.399709688131316,1.1680268044957836
0.28888388106666607,0.3004122,1.4637845,1.303785690544319,1.1694232720745656
1.474625148866667,0.7458165999999999,1.6259451,1.1503271041420327,0.9885677473670311
1.0065562177333325,0.5521023,1.3947133999999997,1.0802732628345844,1.0444168036514982
0.2782738222000001,1.4136468999999998,1.1982680000000006,1.1857406456512791,0.8475058694130411
4.694529471133335,1.1623375000000005,1.2243580000000005,0.7163151943195061,0.5957423660816357
1.9442651139999985,1.6547159999999996,1.0698399999999992,0.5468464089413185,0.7831734374567034
0.5765102659999979,1.6321249999999994,0.9584609999999998,0.5984285850655748,0.637567006258065
0.22920843200000007,1.3878500000000003,0.7489430000000006,0.4054045777042088,0.6309264697812917
0.9156746126666668,1.4411090000000009,0.6999969999999998,0.7550069743399046,0.3527833999484802
4.0135598759333355,1.1841410000000003,0.5723739999999999,0.5575769489185429,0.43957127343509583
2.6250504972666686,1.1522670000000002,0.38178800000000024,0.11026040005372195,0.25391532476480805
0.7081470660000022,0.7163804999999996,0.16375200000000056,0.1857811792256019,0.27073033371567234
3.1859039666666664,0.6273415,0.13179599999999958,0.30621295858315456,0.0032032303045408383
4.409834802666664,0.2686789999999988,0.057911999999999964,0.08481852363707532,0.026585761918987316
1.7507821700000026,0.34552099999999975,0.1220214999999989,0.0623902139229795,0.24099727867232978
0.062359719666666535,0.33576099999999975,0.49773649999999847,0.351588910592195,0.36619069503091417
1.028832832333336,0.7656530000000004,0.3085520000000006,0.09819782548483147,0.31944925383365685
3.780251336600002,1.1733769999999986,0.32561899999999966,0.17338587458400134,0.6274731488305338
1.4906647108,1.154675000000001,0.5000549999999997,0.27110567918131245,0.45270491131207
1.0032638867333334,1.1680200000000003,0.6066300000000009,0.6094023094128023,0.3983163643324197
4.737354690066668,1.2523799999999987,0.7003550000000001,0.8181883867988731,0.7031004156618579
0.4902973394666663,1.4515170000000008,0.9214260000000003,0.5416706062474699,0.6906308819970963
5.0006516584,1.5849205,1.0914169999999999,0.8804665823704774,0.7598367879441543
2.2734786610000017,1.0857254999999997,1.3486709999999995,0.810743228713017,0.7985840440355787
0.3892944723999996,1.2237210000000003,1.0839680000000005,1.2250422492375073,0.849315750995844
0.3600274200666669,0.925573,1.416575,1.2848857331626071,0.8625643915298609
0.1632768511333329,0.6550192000000004,0.8821620000000001,1.1230071961059211,0.9988434771078092
0.4554792823333331,0.46706729999999963,1.4065439999999994,1.3502969737639319,0.986618046493231
1.0997982588666666,0.37980990000000014,1.3521986000000004,1.4810588713212827,1.0769494926086387
0.17577744439999998,0.32762460000000004,1.1787471999999999,1.4705690514614895,1.004257033099262
1.2551987782,0.522138,1.0697481400000002,1.34527687499971,0.8181982838180583
1.136278044666667,0.7482916,1.063868,1.53063829727238,1.2977109743720838
1.1802659443999994,1.046804,1.1926847999999999,1.6845574644430479,1.8172572229629185
1.2407493623333337,0.7899355999999997,1.2755603,1.774714698374849,1.9829994174404901
1.2551053254666664,1.430936,1.2911217000000006,1.718989939925751,1.8875448659349265
1.3269334221333322,1.1413756,1.3660084999999995,1.6588342872395838,1.8977032836993715
1.5026382068666688,1.3576445000000001,1.4056615000000008,1.5611367090221595,1.5445024294540808
1.1551312499333317,1.1425124999999996,1.3614039999999985,1.4652108489119673,1.4783416031976255
1.049433635733335,1.5554550000000003,1.115151000000001,1.4345835465858503,1.15793298269341
1.1946705319999982,1.3174840000000003,1.0506499999999992,1.0371771097642828,0.7322752451497418
0.9577082113333333,1.5446910000000003,0.9487480000000001,0.8004063691967254,0.9301773167983498
0.8275999346666669,1.0457330000000002,0.8611070000000005,0.9680068246639699,0.9772403880891467
0.21425095466666733,1.0127849999999992,0.570703,0.447649205448009,0.6758556571739867
0.7473283006666698,0.6857340000000001,0.3834280000000003,0.8354694511959764,0.3014858712133659
0.4003287659999941,0.5249419999999994,0.4467629999999989,0.6333288348886477,0.4545545718711459
0.4538984793333345,0.4545400000000015,0.10472000000000037,0.3051962286851264,0.41836978995884877
1.1213638873333345,0.036861999999999284,0.02384100000000089,0.31340244465789624,0.3315408188405691
2.2574619433333343,0.156604999999999,0.0018980000000006214,0.07033771813709322,0.12148463839793422
0.4767534313333357,0.010004000000002122,0.16154700000000055,0.06366667359150924,0.07631045604057718
1.6808163906666653,0.3653569999999995,0.11476299999999995,0.398212101535222,0.28927029883079314
2.5888436893333306,0.2478560000000023,0.3811099999999996,0.3160457783431099,0.3474368051818182
1.8903969326666648,0.3913039999999981,0.3417759999999994,0.5048845867100411,0.1908234587703106
1.937446399333334,0.6474230000000016,0.20184399999999947,0.31075086870977486,0.7229085647887317
1.794401176733336,0.5402799999999992,0.3843450000000015,0.6279017810774157,0.41175565574689443
2.2081321767333364,0.5258020000000005,0.5704879999999992,0.7742579547745336,0.37955242565326586
3.8236174575999993,0.434982999999999,0.45188500000000076,0.9001998617692664,0.6783466717561044
0.4984871429333335,1.1034300000000012,0.7247229999999991,0.9944529533712032,0.8517557554712969
3.658565198133334,1.170147,0.8763290000000001,0.8945315364351831,1.0347214345788327
3.0744282945333365,1.0298789999999993,1.0545519999999993,1.0906844269550486,1.1120421184343297
1.5760462492000027,1.2594689999999993,0.8405060000000013,1.523450085889868,1.2449254915655548
0.5535590045333318,1.3437990000000006,1.1463509999999992,1.5665190292659243,1.2635174608084796
3.463512751599999,1.3525530000000003,1.0494145000000001,1.3301300536837868,1.6671812075624217
0.4109463020666668,1.3701303999999999,1.1194066999999999,1.7379040692424512,1.7805078273594495
2.542906858866667,1.2577300000000005,1.4496574999999998,1.6942824858120513,2.0194371622658798
1.5256943986,1.3598243999999995,1.3066277000000004,1.7024298107001017,1.9612610943187998
1.2198189403999997,1.3343024,1.0927296000000002,1.5698690498479217,1.5753970824678227
0.2737113648,0.10872292,0.5510394,0.8487707377405282,0.40139968455547315
0.34202168413333334,0.3338763,1.1708703000000003,0.4551338870802857,0.5301427415668052
0.4699220887333333,0.01724429999999999,0.7598220999999996,0.6529775824072805,0.46976902516514984
0.506798489066667,0.39417979999999986,0.8298778000000002,0.6408263999637089,0.38800956498285233
0.7700340340666663,0.18529380000000018,0.8501685999999999,0.6383553549093577,0.3967624041214779
0.8094056419333331,0.4254903999999997,0.6939159999999998,0.033698553101682016,0.5534215979999972
0.13719580126666686,0.2003109000000003,0.5281796000000005,0.24543261715529585,0.53293143061709
0.15024072266666666,0.1868810999999999,0.4963025999999999,0.04124665059409516,0.6213099939005575
1.2639242815333338,0.11689660000000002,0.5748077999999994,0.1357214290669182,0.34460028272524834
0.9238660535333338,0.28230960000000005,0.3421859999999999,0.45985120855591965,0.5340189519024676
0.18973392013333323,0.15942519999999982,0.2884039999999999,0.008260021995287303,0.34048181294335045
0.5442916591333335,0.028078199999999942,0.07108900000000062,0.1862855709468585,0.4860019851654247
0.12504835666666647,0.17055240000000005,0.14628399999999964,0.04892273797423563,0.16057674540821054
0.5766370190000001,0.05333800000000011,0.012162999999999258,0.04220208297771855,0.2780451913024313
0.4299219012000004,0.08999540000000028,0.07898300000000091,0.023982676360445154,0.003379700863955115
0.7710875655999996,0.0632630999999999,0.28140699999999974,0.12771752070122222,0.25920666604372666
0.27676728686666685,0.21022510000000016,0.4047439999999991,0.22399417642713448,0.13889554710537233
0.06218968233333344,0.2786827999999999,0.3079930000000006,0.2748995972727135,0.21444317514627542
1.2131719072666662,0.08138999999999985,0.5537299999999998,0.13567181105291937,0.21426019163650523
0.8722338996666674,0.27311070000000015,0.49547460000000054,0.20496019230758478,0.20501199888142363
2.7336500792000002,0.08326559999999983,0.6076506999999998,0.6589345395704589,0.507021769125716
1.3583480586666665,0.4768538000000002,0.7115686999999999,0.22650891502222592,0.5560823291407324
1.4129232059333332,0.5787206999999999,0.9008966999999997,0.22111188506180568,0.4795264779072985
6.007214951200002,0.3452629999999999,0.9092331000000002,0.19177169637795544,0.4918456303432226
6.2394839628666645,0.4848914000000001,0.8052074999999999,0.9528473775022759,0.4648320054716515
4.305675982200002,0.20764860000000007,0.9722442,0.4004615421385269,0.5813750941016353
8.334362477466664,0.25809776999999995,0.6161745000000001,0.601172952504542,0.6866312034335862
1.9144794714666666,0.09941749,0.8573563000000001,0.8605885602766374,0.5847917640065523
0.47870832453333334,0.12491658700000001,0.5307367,0.6623682508146125,0.5501609301052386
0.1007950793999999,0.018512353,0.0,0.8103581138388583,0.5695213106660646
0.5474233641333334,0.0,0.0,0.8567130531954036,0.46350481952877454
2.5051177181333326,0.050148199999999976,0.7803419,0.9443373649320549,0.80903022220367
3.2904958709999996,0.5600826,0.7050521999999999,0.9164396346511405,1.1464591675930444
1.981951385666668,0.2503388,0.7953519999999998,1.158120186773047,1.254926271545167
0.978511536600001,0.6481129000000001,0.967937,0.8963414288433564,1.2148036743019124
1.3017811787333322,0.5640649,1.0289030000000006,1.2490381946947506,1.2996286112271358
1.041998267733332,0.48957680000000003,1.0238639999999997,0.7075044948831337,1.2165828455709145
2.8085730685999994,0.3476591,0.8259150000000002,1.063739729623272,1.2841086221514333
6.048643120400001,0.9570096000000001,0.7715589999999999,0.802712654081347,1.0409822366335515
4.423659965133336,0.552359,0.5521139999999995,0.978550854148093,0.8121634149713373
0.14606358046667012,1.0457836,0.6547730000000005,0.3979614808977878,0.9643876075104512
0.5177161711333333,0.8508176999999995,0.4113679999999995,0.31000141126582115,0.8370233922987662
0.6679290369333337,0.8918917000000004,0.2703319999999998,0.7484047310750661,0.855776768956936
4.782650741533329,0.6818679999999997,0.2895289999999999,0.29466302761318985,0.3963773171362899
12.618305868933332,0.5399530000000006,0.1660440000000012,0.5273218856911264,0.45168235646215926
11.076300638466666,0.397335,0.11524799999999935,0.6456475239142634,0.4171461412869064
0.7323294184666658,0.19086300000000023,0.04427300000000045,0.13740693344389499,0.35910026556350694
6.485414155999999,0.16864599999999896,0.09023200000000031,0.26220900654572077,0.11680678270598932
0.6849849673333388,0.014734999999999943,0.06521099999999969,0.1922281881755925,0.0018449432659970455
2.910030236200001,0.4266310000000004,0.007070999999999827,0.2791925468759775,0.19822260253570967
1.2311673757999984,0.22135399999999983,0.10380450000000074,0.3658927983569491,0.35619306991389443
0.2047672304666719,0.5252979999999994,0.2853975000000002,0.273353512365178,0.20746317642745105
1.4665376331333313,0.7484929999999999,0.1728860000000001,0.02081200263414651,0.6556392138106375
3.756666037466667,0.6013764999999998,0.2553429999999999,0.6545003587432561,0.4951840092541353
5.108766315733332,0.8407340000000003,0.4038689999999985,0.27171848189298053,0.36630478976636915
1.2756177026666684,0.6360878999999997,0.5004250000000017,0.5915179442309952,0.7050462829340933
0.05953161400000084,1.0669513000000004,0.697991,0.4743191977936245,0.8071426856718311
1.2177180973333357,0.8800646999999997,0.6703283999999989,0.6646800750849167,0.9287456576576272
0.17827872133333145,0.6172662000000004,0.8317116000000002,0.6210234511775035,0.9536520973998677
0.8460723006666662,0.6713494,0.8227045000000004,1.2573096761662654,0.9907333768341715
1.4546269846666657,0.5196486999999999,0.6923684999999997,1.0382645586703694,1.076210059389573
3.2350931117333346,0.27671009999999985,0.6947665000000001,1.1064518619260646,1.3955990216907992
5.797099823400002,0.11233420000000005,0.7477274999999999,1.22771965847513,1.3797112872760673
2.6952937501999994,0.2684875,0.6500672000000001,1.2892094389764606,1.483667570716018
2.4768811012666667,0.19653280000000006,0.5075403,1.2429933507278923,1.3306717169722648
0.9838451784666669,0.48648036,0.3818596999999997,1.0540565556006942,0.9946316726071841
0.49181241880000015,0.1952122500000001,0.0,0.7401430036676008,0.3041403203444275
0.10946349126666677,0.45827479999999987,0.6078726,0.5202490117869341,0.45276050441410276
0.3000761884666666,0.3968954,0.6139294000000001,0.7645466800601222,0.5164975860516214
0.19069601826666693,0.6641845,0.7603849999999999,0.6096042041374847,0.4986713450660085
0.009125979866666745,0.5387279999999999,0.5020392000000002,0.7495314178824319,0.5095726345320717
1.3608159658666663,0.7443652000000003,0.5468107999999998,0.49968017606029314,0.6031791127431321
0.5017356057333331,0.5154939000000001,0.7580558000000002,0.5254371334716126,0.5925888766875094
0.5058710434000002,0.9560946999999995,0.35206579999999965,0.8225256147873043,0.4708539806937808
0.6190738222000003,0.7470587000000002,0.3575387000000001,0.426084042926445,0.42151444018834017
0.7037774334000004,1.0576202000000006,0.5411944000000002,0.44922647168314267,0.5212475710239266
0.3572442956666668,0.7565174999999993,0.3739657999999997,0.31251794138479827,0.45196333015952117
1.3652028288666669,0.6520063000000009,0.2215335000000005,0.24245743658404795,0.3916627327634341
1.0834649589333338,0.6004899999999989,0.5546099999999994,0.17056201398592918,0.32402628592466787
1.0173619833333314,0.496182000000001,0.46831130000000076,0.9414270514945331,0.4336486276127465
2.944000966599999,0.4568469999999998,0.19265069999999973,0.04692252336222946,0.29615965310948056
0.519835676533333,0.212453,0.24630559999999946,0.30170655582465944,0.24032702178104692
0.7348920331999995,0.2726644999999994,0.23979140000000054,0.5823655777074102,0.02960757761726196
0.6682311776666676,0.06544150000000037,0.028691000000000244,0.3998414468721849,0.21498582942688937
1.4985340044666677,0.34110399999999963,0.31907900000000033,0.5178788958364011,0.1666327982612179
0.3949116133333339,0.32259100000000096,0.4134980000000006,0.20202363534799872,0.5215053784306178
0.5164281866666665,0.5722679999999993,0.08794599999999964,0.6354135948893802,0.34805301042894055
0.4572762444666667,0.8507289999999994,0.15988299999999978,0.9507922972642788,0.3784640725111901
0.3250053734666669,0.8072264000000011,0.46004300000000065,0.6943438242910789,0.3515368231568443
1.4028835235333337,0.9277275999999999,0.5504179999999996,0.1826253348674287,0.28544600665058706
0.6430395156,0.8271977000000001,0.6352399999999996,0.1716661422399195,0.5793695259536005
0.4459423476666662,1.1958569999999993,0.6804770000000007,0.28444172149328306,0.6338135628204205
1.4826092655333332,1.2390139000000002,0.8454423999999996,0.3955999656264204,0.497820825069593
0.7291229424666663,0.7842062000000003,1.0627821000000002,0.6044950695822866,0.47360322530731214
0.8147078390000002,0.9321948999999998,0.3114287,0.8499767160737353,0.36692240599839954
0.25950751999999944,0.7035754999999999,1.2229987,0.44590603648710037,0.5142714270422206
0.7007117868000001,0.4171009000000001,0.15470669999999997,0.5200922232643554,0.5878360276290602
0.7393648868666667,0.16423480000000001,0.56836752,0.9582514369456114,0.442756180430506
0.062140980533333307,0.11157259999999997,0.47421688,0.8843123314447188,0.42807608552552623
0.34666411313333345,0.2509503,0.89030695,1.199372558757696,0.8228597242424202
2.4087874374666667,0.14796339999999997,1.04010235,1.356534876755687,1.0137206313308382
1.4233931289333324,0.5737817000000001,1.0835153000000002,1.1501407876965608,0.93646420311928
1.7544675458666674,0.3823968,1.1735014000000001,1.2124931417718416,0.9611796267295327
6.348917548,0.6839086999999999,1.1658819999999999,1.0277160000555519,0.9061340164672842
0.9821294280000004,0.5003543000000001,1.1816803999999994,0.7583744001361374,0.9307370434464906
4.0769074320000005,1.2151663999999998,0.8583836000000007,1.1304030544274521,0.7304384019378496
4.4009213910666665,1.0481759999999998,1.0005449999999998,0.6170663777417058,0.5096374144593341
1.5699315819333322,1.4151680000000004,0.9295810000000007,0.33576861267588853,0.6422989111442652
4.145727826466666,1.2615720000000001,0.8241039999999984,0.8330907156857439,0.5311896223623407
7.876941923133332,1.0431519999999992,0.5006370000000011,0.19025684038040325,0.49532349947104315
5.912502245266665,1.0064540000000015,0.5556850000000004,0.5551946904231482,0.3672933433987282
8.295378511533332,0.8824349999999992,0.38180299999999967,0.41052431011090107,0.3411026746278054
6.203879506200001,0.6772310000000008,0.3310580000000005,0.033295308560116865,0.14342871257100853
1.7712215298,0.325785999999999,0.2586549999999992,0.49634876663374605,0.08402671835689368
2.9063071687999997,0.251652,0.0014310000000001821,0.5068915849379572,0.058050642837779165
0.48379909313333336,0.11614199999999997,0.05230399999999946,0.17962279455760566,0.011121769554195637
1.2993479296666672,0.5327529999999996,0.059964000000000794,0.04134692605731338,0.15114689341366017
2.6483975786666667,0.5744350000000011,0.21676500000000054,0.24594129097085293,0.35708585276072924
0.0689943289333339,0.8532309999999992,0.17538699999999885,0.3058285002482162,0.1989428003163951
4.422202636466667,1.1173289999999998,0.15337800000000001,0.030688255532689723,0.3420099678837065
3.4925220900000014,0.9450470000000006,0.2902350000000009,0.2116156246974814,0.34474203691826233
2.511127423333331,1.0149382999999998,0.42314700000000016,0.31731395516909267,0.321471109066108
2.792775877333332,0.9350636999999997,0.413926,0.5349182221105018,0.66075907512709
2.925971153333334,1.1052963,0.8519310000000004,0.06576533398761342,0.5630316341314625
1.7324899860000027,1.1087422,0.686909,1.113731565833632,0.4322394509507115
0.3765283779999997,0.6504287999999998,1.1048523999999995,0.4704699942007107,0.61643945615545
0.6063030666666638,0.8176853,0.6733815999999999,1.4297000545905494,0.6088492261654661
2.8279318322666693,0.5116880000000001,1.0829889999999995,1.0912742493367666,0.7037814406555034
0.43892918826666794,0.3755796,0.7802595999999999,1.211226765445165,0.9743406934718499
1.965103985799999,0.16979390000000016,1.2396434000000003,1.1625425655604102,0.9193684119539007
1.8839447320666673,0.2071155,1.0839417999999998,1.7083988922088986,1.0362568682089814
2.585107191133334,0.18717899999999987,1.2056669000000002,1.4473573947525051,0.9315060730440972
2.750221435266667,0.41085647000000003,0.8462197999999999,1.3517068652714381,0.6909051795978264
1.6729039699999997,1.3893704999999996,1.0807575999999997,1.686634113064708,1.666113366802338
1.8279007810000003,1.1484794000000003,1.3461384,1.8342432045827213,1.887134106754055
1.8046418545333323,1.6964027000000002,1.2521000000000004,1.860937696379282,1.8311365655153935
1.5075336906666674,1.4799289999999994,1.371486,1.5962862122370272,1.8942771316203988
0.9640013062000001,1.630760500000001,1.408023,1.5204154576118363,1.5943827741052896
1.416259415799999,1.3291585000000001,1.3780769999999993,1.4950863084093893,1.5515136604942938
1.4253968993333306,1.6790409999999998,0.9844714999999997,1.5124749219608482,1.245475044863289
1.0070485780000045,1.3089510000000004,1.0769615000000012,0.9278732352832222,0.8033140220069388
0.8567239999999963,1.5327659999999987,0.9139199999999992,0.8056034354142625,1.0020992661652368
0.8123304433333391,1.0546989999999994,0.7746200000000005,0.9104218281615797,1.0314274173261424
0.7225488566666627,0.8871900000000004,0.595936,0.5765745534643294,0.7837763613654793
0.651585132000001,0.5496629999999989,0.4103879999999993,0.9628528247448251,0.40269516906057845
0.378599400666662,0.3469810000000031,0.3498960000000011,0.7131610617905011,0.4991360230716353
0.45189558933333984,0.34304500000000004,0.3083139999999993,0.3532473807977432,0.4302380270017352
0.24573643399999412,0.08732100000000287,0.06155899999999903,0.1573952483400305,0.28295203156829274
0.09793783399999967,0.05210399999999993,0.014586999999998795,0.4707771271250749,0.046225085399772325
0.018818432666666496,0.04074199999999806,0.0020519999999990546,0.06882780063351035,0.14871659732726172
0.05950531133333925,0.5490010000000005,0.10690500000000114,0.2392680322090719,0.32653313466563816
0.21977039000000076,0.3963800000000006,0.3625640000000008,0.16280610740590973,0.3544290950043525
0.26469687666666886,0.523146999999998,0.17143199999999936,0.3250952579093571,0.1426788373012826
0.31887835599999903,0.8093590000000006,0.24542600000000014,0.42457646171269303,0.7380546712182685
0.3803852879999994,0.7732270000000003,0.26308500000000024,0.016685294828658215,0.41812013470563514
0.9197562220000002,0.7646860000000011,0.5234609999999993,1.065935459808955,0.3985617877800607
0.13195298066666794,0.675889999999999,0.5247925000000002,0.8124719201266295,0.7060178041709602
0.5599538866666656,1.3128259999999994,0.8511854999999997,0.8357161001929221,0.8410938794956824
0.6801075120000029,1.3462250000000004,0.9197130000000016,1.2220239471848586,0.9925692164538287
1.1798502013333323,1.16404,1.1686869999999985,1.102066647135075,1.1041058935484536
1.2451191759999993,1.3345730000000007,0.9196455000000014,1.4834786829130504,1.2161372890966753
1.3203533673333325,1.498862,1.2876265,1.7129984582614188,1.283868261872776
1.4379207593333359,1.3666576,1.0001475999999991,1.4504164276788263,1.6676003829264037
1.6728103012666633,1.3788729000000002,1.3004297999999999,1.8653407589220325,1.8108365017235801
2.1770012301333335,1.2116455,1.3120156000000005,1.8823859304292219,2.0183222913018444
2.2772946755333328,1.4135814,1.2910122,1.921724389318198,1.9274345234098975
3.0747421034666678,1.2332454999999998,1.0677536,1.6344368726697382,1.5100741216850009
1.6942379378666677,1.0924536999999999,0.9977324000000003,1.6128208116990042,1.5093841878122756
0.39427361566666796,0.9040096000000002,1.2150755000000002,1.741022118425355,1.7104489880417852
0.6531355765333338,1.4984311999999997,1.1872664999999998,1.754047708776456,1.6728712434444217
4.957001719333332,1.3367681000000005,1.2696680000000002,1.593413693966089,1.7446359846811648
0.5020168232666684,1.5245953000000005,1.303432,1.4491380993684757,1.501715434382234
0.25254725446666626,1.335865,1.2508009999999992,1.496808960140136,1.479470595682173
1.546950269533335,1.8354269999999993,0.907172000000001,1.4052803400756186,1.2177204052257924
1.7215954468000003,1.4844849999999994,0.9563249999999996,0.896440192519897,0.8550838252844599
0.7502058500000004,1.7841880000000003,0.8116970000000006,0.8637691440950999,1.0319479178105624
6.09815633173333,1.3217140000000018,0.6432950000000002,0.8515965405788108,1.0420645325066165
0.193193611333335,1.1490409999999969,0.4161589999999986,0.5171454957183634,0.8265588630859462
0.19815393266666348,0.786602000000002,0.2641190000000009,0.7835271636300583,0.4418091585905586
0.7450647446666636,0.5098939999999992,0.2565519999999992,0.7790572861802119,0.5120564718215945
6.110131397333333,0.44243399999999866,0.15242600000000017,0.26458466714947093,0.46824227413074837
3.7013022079999978,0.004507000000000261,0.08748499999999915,0.21698451249346462,0.3434686547243544
5.197915213333335,0.00966200000000228,0.08238200000000084,0.43166697894629635,0.10260239029456031
11.294242693333333,0.19250600000000162,0.10743699999999912,0.07118015478087614,0.05752738119175049
8.9844468058,0.7624089999999981,0.0061309999999998865,0.268263153155182,0.27262144646542197
2.1338825517999993,0.5900180000000006,0.29311299999999996,0.19443136313299192,0.32199407409375524
2.036438865800001,0.7591070000000002,0.2042300000000008,0.4266392412266029,0.14386354314611438
0.6834303395333308,1.0718449999999997,0.15328099999999978,0.2798183884313481,0.6991676166863314
3.8231066533333316,0.9967780000000008,0.23071599999999926,0.17525531521023652,0.42337369530932634
1.9257848211333322,0.9670009999999998,0.39291250000000133,0.9732534549386536,0.4219645871195805
5.009573272600002,0.9092789999999997,0.36917749999999927,0.6254393611541147,0.7327123465974328
1.3096375037333337,1.3924570000000003,0.6528030000000005,0.9564304908889181,0.8596229714087844
1.6677870399333328,1.3462890000000005,0.7588790000000003,1.0585369647757226,1.017591460258652
2.5521368045333324,1.132826999999999,0.9793939999999992,0.9673405797718733,1.1077922837197374
1.0032702511333342,1.2573032000000008,0.8205170000000006,1.5368961462665371,1.2173183171276456
1.4556361178666677,1.3094655,1.1053762999999996,1.5200196016002714,1.2780221910332035
4.027218807733332,1.1210870000000002,0.9645736999999999,1.4563402225354505,1.6381060443517255
1.4294861522000004,1.1192943,1.1560354999999998,1.7510099092603992,1.7382750947532077
1.4176693110666672,0.9924035999999998,1.2833455000000002,1.8146914084377412,1.8946361199713975
1.2705390520666668,1.1251722,1.2109473,1.7856659015249252,1.7899871262557223
0.6475552286000001,1.08565245,1.0648857,1.5770448586594945,1.3922762631318444
0.3372446309333331,0.27270226,0.0,0.7852321979636465,0.5456700690205012
0.6435028567333336,0.18989063,0.0,0.9844487975600433,0.615534317805468
1.6630974176666666,0.6330230000000001,0.5533558,0.8366785890361004,0.5829849381283494
0.8856523235333333,0.4356039999999999,1.1695118,0.9245478813854144,0.48799255516960116
0.40352523573333343,0.6309808000000001,1.4004592,0.7586985896999652,0.5904887747253116
0.7107869710000001,0.4008748,1.1681372000000003,0.751826446200691,0.5551628756949532
1.4344743055333333,0.8612039999999999,1.009893,0.8701186089505377,0.3990866342381447
0.6850863932666662,0.7796390000000004,0.8573014999999993,0.5203268176469216,0.31596989214103033
0.6847375131999991,0.9502489999999995,0.6839838,0.402135145120301,0.46781988839404764
1.8740696989333334,0.7377783999999998,0.5830822000000007,0.19088559883902612,0.3619659757913105
1.9876656566000008,0.5333266000000005,0.6840304999999995,0.3308193291755561,0.4505309463290459
1.817248833333334,0.5102599999999997,0.293254000000001,0.2438974922145345,0.30150124457017746
0.16262497439999946,0.46936520000000037,0.2829289999999993,0.5184536148934704,0.36063176510905226
0.25674143653333337,0.3627205,0.1390039999999999,0.012159171390926815,0.1961180915163414
0.060099386666666366,0.03180460000000007,0.009111000000000757,0.08838202534932549,0.2191697481717778
1.1153880932666662,0.15025370000000038,0.08285600000000137,0.010659223465903978,0.12936507375577655
1.562691875533333,0.13822500000000115,0.07256950000000018,0.1985864974702931,0.04539263232856516
0.549262896733334,0.37975399999999926,0.009145499999998918,0.18037181030857496,0.026454636493772554
0.533708172266667,0.4705640000000004,0.14068999999999932,0.3693386950975377,0.2738254636641342
1.5445511177333326,0.5970015000000002,0.27285299999999957,0.1748826596918196,0.1775791723600566
3.498959218933334,0.725924,0.09024950000000054,0.04297532889129485,0.3957649744137468
1.0995384566666662,0.5493034999999997,0.4103835,0.2441155948296565,0.34134626336569696
3.487864148866667,0.7257499999999997,0.43558499999999967,0.3870990753305712,0.30439786587820894
1.1390090378666669,0.5028596000000003,0.4762820000000003,0.32999672857479556,0.6043273380295968
0.8094066644666666,0.8189167999999998,0.8208260000000003,0.616316055093856,0.7478447822170669
2.569805790133333,0.8015076000000003,0.8934769999999999,0.39000302899797124,0.5702498463756727
0.4828278639333333,0.46167629999999993,1.1298389999999996,0.3251425756987425,0.4935859742519577
0.1415287295333334,0.5621620999999999,1.1141508000000004,0.915003628048555,0.5311346968761583
0.3612129144666665,0.3022347000000001,1.1042583,0.6955114252585144,0.549943024322626
0.07280067453333317,0.23109029999999997,0.9747398999999999,0.6569312639482305,0.5770224318021411
0.7773849108666667,0.08128619999999998,0.971929,0.761321068375501,0.454262252079777
0.6155909049333335,0.1264318000000001,0.0,0.8640593770929508,0.3955178620240605
0.8521394812,0.31823289999999993,0.6911649999999998,0.9594585759848098,0.8990223269849035
0.14848670286666676,0.28258839999999985,0.7185364999999999,1.2217842361927924,1.1296102248966995
0.09514366853333334,0.060698599999999825,0.7554030000000003,0.9094283032247237,1.1056503303538197
0.06712184966666634,0.3436811999999998,0.8000449999999999,1.1399623810939419,1.1012986101448141
1.9214629629333326,0.000565600000000055,0.8687573000000004,1.1580668448864984,1.05360589731161
0.03223567106666669,0.06313290000000005,0.9580796999999999,0.5244608277855747,1.0085717328358808
0.1840686653999999,0.30324099999999987,0.5548319999999993,1.1735462442999163,0.826576473943085
0.9743638356000004,0.7060669000000002,0.5768195,1.0763924183052644,0.6124432102138027
0.6017897213999992,1.0423464999999998,0.8096118000000008,0.328354133328995,0.7750991381401722
1.7228932035333333,1.2074571,0.8424236999999994,0.6271321649501989,0.5611299682079274
1.2703855788,1.6128814,0.29433299999999996,0.5228125311596639,0.3742331948302393
0.9512947086666657,1.4228110000000003,0.4969380000000001,0.10836984544911843,0.30002687189341337
4.029013223799999,1.7263780000000004,0.4496880000000001,0.6946512671093199,0.27251561164526805
1.4158173905999982,1.9655369999999994,0.31842299999999923,0.19308578480262462,0.28206993437782657
3.3790932202000006,1.5776249999999994,0.26489700000000127,0.6062315975543342,0.1700545434556382
6.211909363533334,1.529845,0.1346109999999996,0.6514211123583031,0.03166961703647786
8.213751986666667,1.5060190000000002,0.03217700000000079,0.4326359435420706,0.03600904040346187
1.0043958302666667,0.7731910000000006,0.06153399999999998,0.693931158565448,0.18347528546539316
0.0884629090666671,0.49040700000000115,0.20309499999999936,0.11679464319806598,0.35828069275889973
2.6911750794666665,0.07184599999999719,0.0019639999999991886,0.2709429601896236,0.17014643504823646
0.6860093343333329,0.15091699999999975,0.1167700000000007,0.3870099229185726,0.5895191536327058
0.632506497733333,0.4121379999999988,0.31542400000000015,0.39543421883927543,0.5122309189889407
2.1421886812666666,0.941243,0.5614539999999995,0.28258461702026416,0.5596228872623019
0.4220359933333335,0.6238279999999996,0.372872000000001,0.7546214855962159,0.7993576446927193
1.0631041398666672,1.3291149999999998,0.7369500000000002,0.993262524466294,0.6672129722012246
0.2697520721333335,1.3580500000000004,0.7151052999999994,0.42593773324858475,0.6528805672504197
0.09552717453333281,1.2927250000000008,0.8924174000000002,0.3546690321034456,0.6946645493615016
0.1375271588666669,1.436990999999999,0.26645829999999915,1.399782750948284,0.8154506830270671
0.03787378099999961,1.423827000000001,0.9578220000000002,0.8102173305213443,0.7859181890505864
0.07161720893333356,1.1567143999999994,0.6350850000000001,1.0440513137467375,0.9729306824027146
0.9763918856666665,0.9996209,0.45432200000000034,0.811686922247028,0.9033532470268772
0.5295085203999994,0.08198539999999999,0.2084842,0.058628862195724274,0.5705587502085476
0.8198999177333328,0.07254880000000008,0.22824460000000002,1.3104613039648987,0.49325197432062096
2.422872031,0.1873872000000001,0.3483824000000002,0.6052258708560965,0.44493515595912525
1.0889959867333334,0.33210609999999985,0.14986539999999948,0.5088816858865508,0.5077016801134278
0.5615072223333335,0.0649367999999999,0.23394100000000062,0.9481071880816438,0.5337102543255301
1.17878961,0.1157672999999999,0.19887299999999986,0.5785754239795562,0.3902484300515807
0.9487878056,0.2510645,0.1202639999999997,0.1678816459117627,0.5018379921695839
0.8813435199999999,0.42379190000000033,0.06585149999999995,0.7597621272842972,0.3417905055006685
1.4707559528666665,0.5267062,0.009390500000000301,0.10908594977550123,0.21603891220549176
0.5584734954666667,0.3666662999999999,0.1987015999999997,1.0925542560498727,0.2615532036863861
6.1466235476666675,0.6094790000000003,0.12614759999999947,0.14145214840093168,0.14342227614799974
1.6203066115333336,0.3955587999999999,0.16220999999999997,0.6422703487083563,0.2179243092294918
2.388112002266667,0.44687319999999975,0.020979699999999823,0.3401536075926437,0.1880609516521634
0.6185198966666667,0.3290512999999997,0.11939529999999987,0.19447497176851058,0.32110342751953613
0.10055558793333352,0.21022300000000005,0.08513970000000004,0.2417876540196442,0.2318665489911309
1.4182878591333332,0.059673700000000274,0.17813299999999987,0.6409533375452448,0.28694366539262717
1.449859139800001,0.17008259999999975,0.021026599999999895,0.033349593132181,0.40635542623896015
7.399070752600001,0.12888529999999943,0.12216380000000004,0.21418680534266876,0.5164314458954085
4.031223625066666,0.09634069999999983,0.11019549999999967,0.02271159283748858,0.6767612751102137
2.9044981711333335,0.5324730999999998,0.3937709999999992,1.542548968328651,0.5443912252159748
8.863342724000002,0.7877406000000002,0.29194300000000073,0.43013428968860623,0.3005810183910129
2.544718147999999,0.61191,0.3276549999999996,0.3590000611467179,0.317681406023294
3.884540129999999,0.7352912000000003,0.2575812000000002,1.4707617977379783,0.44253820465903804
3.563778916399999,0.4878182999999998,0.2798132,0.7559314997747029,0.47553766003381015
1.7410061818666667,0.608104,0.7757543,1.1123643861106096,0.6339453843116298
3.554212973466667,0.5062565000000001,0.6061052999999998,0.7664515777843262,0.45155227390657304
0.22723503720000005,0.5340275000000001,0.5965704000000001,1.6074039873607973,0.3492763666704559
0.6737245244666668,0.35123039999999994,0.8096072599999999,0.7967168085658713,0.2069565203666183
1.542079140066667,1.0397063,1.200476,1.500529257172926,1.4129173536434585
1.294517664533334,0.7654692999999999,1.2517209999999999,1.6642127596291916,1.6262909494256044
4.056269014266667,1.4837134,1.282134,1.674394758176101,1.5822785067823908
2.6699952267333336,1.2131996000000003,1.3894919999999997,1.4325505526090385,1.6218309061528542
0.8374785817333326,1.4358930999999995,1.4345939999999997,1.4766501165183819,1.393185839864464
1.3810691158000026,1.259037600000001,1.344944,1.189282343448621,1.3774055695137246
1.3556229188666649,1.7482539999999993,1.0183470000000003,1.4217243830134532,1.0254137370503198
2.3853254239999977,1.459441,1.0719440000000002,0.8088856824115904,0.6554812443581959
0.8879059093333321,1.733974,0.993488000000001,0.5518736679143839,0.8300301852162058
1.0957584773333338,1.2419600000000006,0.7994709999999987,0.9175051002106844,0.7270725464289143
0.5533091673333317,1.1286079999999998,0.41183499999999995,0.2998360574290029,0.5799473490227207
0.7059677213333337,0.7930090000000014,0.4026600000000009,0.9115919563310158,0.23578126766313545
0.8824841246666679,0.551366999999999,0.38438399999999895,0.4817837031138197,0.39658040048516696
0.592968759999998,0.4754049999999985,0.24429300000000076,0.1487349785008405,0.22104141681580636
6.302062579333329,0.025963000000000847,0.15680099999999975,0.1888177875806818,0.05241879186056586
5.651241863333334,0.10558899999999838,0.1606229999999993,0.19871469445939027,0.17527808251549182
4.966249858466666,0.09437899999999999,0.026964999999998795,0.11506778913031113,0.3527194441910311
3.27350734113333,0.548530999999997,0.15362099999999934,0.06382933845238625,0.3815799591560971
3.350816788000003,0.4399259999999998,0.16600599999999943,0.32612523944247584,0.37638998947021207
3.1235229748666704,0.5800670000000032,0.1529600000000002,0.019836623385543817,0.2560164370339759
3.30949912333333,0.8143699999999985,0.13977700000000048,0.4605844055793522,0.7239875525565562
3.3636053534000006,0.7219519999999999,0.12121199999999988,0.0465074168883195,0.3947676026118785
1.2627843009333315,0.7312209999999997,0.5234469999999991,0.9315620866294214,0.37684426764477585
7.083673435333331,0.6025559999999999,0.5324095,0.961206871044272,0.6766600276370269
2.0738752999999974,1.2081300000000006,0.822276500000001,0.4698783397899877,0.6881368269498598
1.2560190446666653,1.1495049999999996,0.9129635,1.0036705205795862,0.7633357652865698
2.8768839929333314,1.0246530000000007,1.2034465,1.035949523817802,0.8261110369556146
1.621596974800001,1.1773019999999992,0.933031999999999,1.1109756153090515,0.9215793911384189
0.029304162533335898,1.2605900000000005,1.1491990000000012,1.4778830086479218,0.9173736431382613
1.0816189897333324,1.191777,1.0167199999999994,1.1743045345550938,1.1997298310896225
1.5134068393333333,1.2288182999999995,1.3539836000000003,1.5551453269759383,1.3205234356432447
1.9824950521333324,1.1467200000000002,1.2803850999999993,1.56404437770476,1.471853749873965
2.612762892266667,1.2788741000000003,1.2655816000000009,1.6389968559602788,1.4266397367245562
3.0594768315999996,1.2949908999999997,0.9773556999999995,1.4364233461475355,1.0951584395468075
1.2172109626666665,0.22719038000000003,1.2535313000000001,1.0271036253673846,0.3702255631210692
3.557441474400001,0.0067325999999999775,1.1331881000000001,1.083612377499093,0.4965732129582443
1.0626865534000007,0.6406167999999999,1.4081286999999998,1.063458620353928,0.5108673920263536
1.3045376709999998,0.36506170000000004,1.2719500000000004,1.238006733849601,0.6586342946992991
1.1192562921333336,0.6571601999999999,1.4454325,1.036810952510459,0.8426141484194001
0.9548304266666667,0.5694918000000002,1.3629004999999994,0.9139858569259838,1.0457826020889813
0.298344739,1.2939605999999997,0.8626260000000006,1.4165115073939,0.9229666474339657
0.5853275424,1.158017,0.9133820000000004,1.0074807354548003,0.9626437890201691
0.05588179353333356,1.5532297000000002,0.8490549999999999,0.9778994946297246,1.080313949986465
0.9417991921333333,1.2781003000000002,0.7505360000000003,1.0500622314603607,0.8216489425677356
1.6202597179333331,1.3341825000000007,0.563915999999999,0.5041008478040219,0.9388665141584767
13.1462094836,1.0496134999999995,0.22382999999999953,0.9753128426109505,0.6848978810120894
1.3184733608666654,0.9820089999999997,0.2101570000000006,1.0412273182658733,0.583885365873364
0.28499770066666485,0.6925819999999998,0.09819500000000048,0.31468588311632395,0.4168622343190158
4.020560489733333,0.3581240000000001,0.0799089999999989,0.343116955410407,0.43025624121957584
6.883323101066663,0.19274200000000086,0.1955619999999989,0.7539446255757944,0.09050550450445094
11.227352864266665,0.08882100000000115,0.11315500000000078,0.20565406737729397,0.21294011915919953
10.4779888756,0.5374309999999998,0.18259999999999899,0.06474345900992517,0.08633360740019036
2.3929312946666634,0.5579870000000007,0.36826700000000123,0.33751881125517613,0.31147321112489124
2.113023415333334,0.8110789999999994,0.249015,0.07542506334658583,0.17937611724962643
5.977919447533337,0.9959579999999999,0.3066659999999999,0.02192882488709813,0.431789822792096
8.539669794066665,0.7395779999999998,0.3069569999999988,0.8785907774505617,0.44712585639506486
10.368609398466667,0.8956245000000003,0.7003970000000006,0.2893359397107158,0.7631518448256696
5.419097008866663,0.7436464999999997,0.47689699999999924,0.6565247951593385,0.9060106665556429
6.43822099166667,1.01267,0.6983800000000002,0.8163330603432257,0.7046372870181195
0.6611858873333336,0.8193669999999997,0.9640295000000005,1.328715920515684,0.6444557457464217
4.356474134133332,0.5771075000000003,0.8983941,0.7667495629675436,0.7087482046382769
3.9033260002666657,0.8048745000000004,0.6596853999999999,1.7586632932841937,0.8505375562057518
5.5182048184,0.4700998999999997,1.127796,1.039518107138269,0.8074550269589711
1.0809305271999996,0.4560463000000001,1.0234592999999998,1.3892859018391013,1.0286317871129729
1.4663910710666666,0.29010230000000004,0.9097067000000001,1.229534506147333,0.9585110310645413
3.5068741101333334,0.42072949999999976,1.2761244,1.7113984010877714,0.8827731553204303
1.7242401863333336,0.39861140000000006,1.1108204000000002,1.337672266325888,0.7564949823401201
1.9854907564,0.6917417000000001,0.9688702,1.233975879970761,0.5140263057561629
1.6291310288666665,0.4565730000000001,1.2057007,1.4678712266592266,1.1988946893558141
1.6961655121333337,0.0037268999999999775,1.4073147999999995,1.6302570624099304,1.4683132457867916
1.9189444756,0.40384940000000014,1.3681873000000007,1.6835637288262486,1.4743202084969127
1.5886301615333327,0.27378959999999974,1.5576799999999995,1.468262057604063,1.585889787744236
1.419750838466669,0.41953470000000026,1.6749719999999995,1.46311750769204,1.3256296934833323
1.374746133333332,0.6102512,1.2321220000000004,1.2662768903042316,1.308575597554749
1.246287565333331,1.408699,1.2795110000000012,1.484691850335226,1.0532030745693088
1.1826542906666688,1.224697,1.3165749999999985,0.9670701841900975,0.7397852402056824
0.9788863120000002,1.8855487000000002,0.9796690000000012,0.5959163510730008,0.9598314952406266
0.854574298666666,1.6844242999999999,0.8504839999999998,0.7837650312678921,0.9987407975914611
0.8094579986666623,1.8464679999999998,0.75014,0.5317563836964734,0.944943294878847
0.6449795006666719,1.7881619999999998,0.4817150000000012,1.1280573276201213,0.46524842945959577
0.5450572226666672,1.5987580000000001,0.40033099999999777,0.6117518610736141,0.6167229216945334
0.38971751133333044,1.6792350000000003,0.36850899999999953,0.3552727918048397,0.6012077132007576
0.23710586666667055,1.2917960000000015,0.025383000000001488,0.15169128627512407,0.563799075435309
0.20066171199999872,1.473120999999999,0.015746000000000038,0.4005854963240516,0.30802641980092815
0.14399637600000048,1.0702229999999986,0.056678999999999036,0.19293682679455415,0.217734568236434
0.17544067800000107,0.46796400000000204,0.0737860000000019,0.23555329366014632,0.060940337694209035
0.0686681760000063,0.6193489999999997,0.27752900000000125,0.1669226664071779,0.1413110388362533
0.11962424599999721,0.21542399999999873,0.4832259999999984,0.16209447740455118,0.05499736726080329
0.4843053879999957,0.3847360000000002,0.22043200000000063,0.5040246073294483,0.5031536177244309
0.8368406900000025,0.396214999999998,0.4479129999999998,0.0949984818342493,0.35474658262128145
3.7838644353333333,0.39657000000000053,0.4773519999999998,0.802236042085454,0.30852549013065733
4.6371456372,0.42872099999999946,0.48944900000000047,0.5765722399410382,0.6744287667770035
2.9975513500666677,1.2410560000000004,0.8470889999999986,0.915636118869406,0.8340699583160909
1.0374241834666673,1.5561070000000008,0.9363720000000004,1.2018565781082948,0.9431411773780294
0.05810936646666498,1.5365680000000008,1.1934719999999999,0.8144520784568652,1.1198359452939037
0.8318993365333327,1.6956879999999988,1.276192,1.4153327660966113,1.2026025395346434
0.7345668943333337,1.8579470000000011,1.1356970000000004,1.6671062853697727,1.29164719574454
1.4972662099333336,1.8162450000000003,1.2589094999999997,1.3096172884132553,1.6377238481180196
1.0349421676000006,2.114264499999999,1.4221995000000005,1.751255514595547,1.7681508213836006
1.5011206343333336,1.7314229,1.5178266999999996,1.6903921079394006,1.9031400473279385
3.2758701692666667,1.8457765999999998,1.3185904000000002,1.7804948558868103,1.7779333173223097
0.7147984380666667,1.8268804000000003,1.3015773999999998,1.4857571536452354,1.3110685633612902
1.5834331962000001,0.8532329000000001,0.34304136,1.1026403967004865,1.0992550523688434
2.2012764854,0.6649472999999997,1.54090904,1.2787649967333188,1.3381278465215476
2.0665674040666664,1.3998422000000001,1.5583970999999999,1.1947394591469833,1.3331721172041875
1.4357232046000004,1.1896120000000003,1.7250975,1.2126191307488572,1.2721009565854988
3.5077579648666664,1.3573009999999996,1.7193130000000005,1.1966308469155909,1.1471087030235383
5.480004605066667,1.2554040000000004,1.719600999999999,0.9963985925942067,1.117501694926232
2.7527756784,1.7966449999999998,1.4302970000000013,1.2739398497501089,0.8099233786693727
1.3625304154666686,1.651572999999999,1.2336559999999999,0.7562814594413094,0.5990919942030413
2.3962542782000007,1.7565490000000015,1.1824089999999998,0.5831054662308759,0.7583636374009419
1.3772964152666667,1.1841209999999993,1.1408699999999996,0.6373128409027533,0.6773672811983769
2.566772945266666,0.927975,0.7730979999999992,0.35707394022903216,0.5224796375142464
0.09843978126666464,0.6546920000000007,0.6128830000000001,0.47349723166754387,0.2663039018282376
0.5064078311333322,0.3345869999999991,0.7530239999999999,0.6421321700745874,0.5113883722108561
1.0954203000666665,0.2192399999999992,0.4668170000000007,0.04931249063517562,0.3873618460433086
0.819794370466667,0.3652949999999997,0.31682400000000044,0.14066555358350463,0.269249905341546
2.399137963466667,0.27364199999999883,0.0875230000000009,0.06197953771821929,0.04382453879928683
6.222968967533332,0.6445749999999997,0.04666299999999879,0.17127501120683597,0.20257892746308848
4.560860230000001,1.1370750000000012,0.16993099999999828,0.09991062197550526,0.11173563916707252
4.5443869233333345,1.0603639999999999,0.10472099999999784,0.5181111758187189,0.30426250173344727
1.275312239866663,1.1266379999999998,0.2756059999999998,0.25972141336131216,0.09226021708988519
1.8711302177333362,1.2725950000000008,0.06206500000000048,0.027971407956277616,0.6156043170726431
1.8385629011999995,1.09694,0.20097300000000118,0.19020086905714884,0.23714975227985136
1.1154170050666679,1.1178179999999998,0.2952149999999989,0.573230542332352,0.04345875784394515
0.49135316120000017,0.8870050000000003,0.19552700000000023,0.3268263641265232,0.49841005471911615
0.23606205093333266,1.2807313999999996,0.540732499999999,0.6818888529214924,0.48041149044377995
0.4257660324000003,0.9917172999999995,0.5504695000000002,0.3408660530204557,0.5636494058512476
2.2527737036666675,0.6846012999999997,0.8290440000000014,0.2568308851273944,0.4867067788075996
1.0010996598000004,0.8641285999999999,0.546695999999999,0.8768746869586099,0.6990629795579775
1.1772491262666658,0.7074647000000005,0.8011949999999999,0.8278243653384898,0.6627085285958216
0.8332887923333336,0.5438806999999999,0.709715000000001,0.5107200500077491,0.8425329943311155
0.17302861040000006,0.5556822000000001,1.036797,0.8326865401000534,0.7040055360811506
0.17507898833333324,0.44694659999999997,1.3708390000000001,0.8280270689933813,0.8913199499946529
0.17326517613333337,0.5869371999999999,1.4105616999999997,0.9250409630721936,1.0100930836366482
0.01252362693333331,0.77672555,1.2068066999999996,0.958412808088358,1.1328822215430447
0.07431878219999988,0.30649245,1.5147728999999996,0.9812966707271267,1.1084190434831456
0.09144210919999995,0.19155475,1.3877504000000003,0.9552057479747722,1.0713319506030656
0.42679118559999996,0.27006830000000004,1.0587470000000003,1.034417399597568,0.7602673945607508
0.4131383152,0.5632280999999999,0.6039972899999999,0.958074060248451,1.0894537567119802
0.3103054415333337,0.23467090000000024,0.507747,1.0264985197391425,1.2527455553748847
0.5005996598666662,0.6112365,0.48831120000000006,0.8941944760013967,1.1857338234659456
0.5385174272000002,0.30380359999999973,0.7030558999999998,0.7916797806013038,1.0845973718142448
0.03103711759999994,0.4575623000000002,0.6949662000000001,0.7662236527956487,0.9667745736083608
0.15380607906666688,0.04004619999999992,0.6944378000000002,0.5653073400160133,0.8519976429894927
0.06425078059999967,0.34187420000000035,0.5418225000000003,0.7504059762142479,0.46040696686586013
0.4567995728666667,0.41619329999999977,0.6956926999999995,0.5249363054555687,0.15821816408038192
0.3320706206666668,0.4435880000000001,0.6676013999999997,0.1789042289300884,0.3293339690137955
0.28158708513333286,0.0873999999999997,0.6393432000000008,0.2049870353283083,0.2434135976591918
0.9189854032000007,0.295026,0.2593413999999994,0.21474226106546723,0.2402381807863474
0.0328847675999997,0.11612869999999997,0.5059339999999999,0.4511058930789389,0.041913053435452596
0.07919040986666737,0.13683230000000002,0.44388200000000033,0.47331617406959303,0.1560529222687581
0.08596407460000144,0.012224400000000024,0.27421399999999974,0.26753402326197673,0.25339927294941766
0.3308250863999991,0.39369500000000013,0.14266000000000112,0.09303910298330464,0.2208637628377801
0.5887671315333334,0.015657000000000032,0.1276459999999986,0.05120810496527639,0.13278907437092258
0.058716689266666844,0.055439999999999934,0.04844000000000115,0.09602730518104785,0.05112638525158353
0.2969961144000006,0.2514353000000007,0.024846999999999397,0.07008654840796069,0.2398200222235527
1.141923520133333,0.3177766999999996,0.49681,0.2205611537039509,0.27490624017233145
0.5930006548000004,0.31522000000000006,0.12547599999999992,0.5472152635668159,0.032804998577384836
0.15378350313333322,0.16876539999999984,0.23141370000000006,0.402367603342471,0.41117755074311724
1.0722003602000003,0.03382860000000054,0.4471962999999999,0.6657327893771949,0.26607651429472945
0.22785236519999996,0.2472215999999996,0.454129,0.01107680921301224,0.0730982916737748
0.3865139196666667,0.10509259999999987,0.3421750000000001,0.17101173208485854,0.2829420236520628
0.31406637626666667,0.42395119999999986,0.5325436000000003,0.5854722978641895,0.48741876943395823
0.6500723621999998,0.23709440000000015,0.5573328999999996,0.14769576809367102,0.4436232550904844
0.3264316962666667,0.19669040000000004,0.6176053000000001,0.1776427443428723,0.21081266363071993
0.12287052233333329,0.4607313999999998,0.3001692,0.7601754151083142,0.39925193751362986
0.37358627980000003,0.18371920000000008,0.6051538000000001,0.785451606574469,0.3429209262511774
0.8863389738666669,0.3274993999999998,0.1788148999999999,0.4798697085182262,0.6193743313689737
0.08017435886666613,0.4055900000000001,0.4017773,0.8691498362430599,0.4739101598972981
0.09829305013333367,0.3086164,0.8401505,0.6630067902881684,0.6210089787601802
0.09777618433333313,0.47408130000000015,0.5755957999999999,0.9428716481244699,0.7907400800264774
0.6292516292666669,0.3896572999999999,0.6235182,0.9007582743067912,0.8384728236139507
0.27397500246666673,0.14999070000000003,0.5586775800000001,1.0670273416813298,0.8483507864460162
1.1796582031189797,0.16182680000000005,0.0,0.8981797919192633,0.5420131871027979
0.5058308503333335,0.17098935999999998,0.22611919999999985,0.20113982062162616,0.9395802206825845
0.17513514686666687,0.7833621999999999,0.9086275000000001,1.5341420483049895,0.7221145574187107
1.0019994144,0.7165824000000001,0.9662704000000004,0.9820255279892827,0.5050453708375988
0.3628757865333332,1.3841435999999998,0.647538,0.6073921312229675,0.5479233542389519
0.6229025583333332,1.9740218999999999,0.4507312999999993,0.9156038938451214,0.28848575200414306
0.4122944188000002,2.296145,0.08939370000000046,0.7027007441378963,0.259045527882237
0.25096802406666674,2.276377000000001,0.6049379999999998,0.017311897140432464,0.24406317541468425
0.5666918496000002,2.029335999999999,0.6564693000000004,1.3759682316571968,0.08081919130076098
2.169581620866667,2.5354460000000003,0.1402682999999998,0.3686049493377741,0.17596775452468538
6.6274686847999975,2.081938000000001,0.19877870000000009,0.791259043475316,0.0400852374109677
7.3865300766,2.0919649999999983,0.3860606999999998,0.5903251155973024,0.08629054217627896
3.5318503833333317,1.7030330000000014,0.07533549999999956,0.6413641496529952,0.14365282008724112
3.237457312,0.597843000000001,0.20942949999999882,0.16364203375735897,0.07875027667738888
1.39990043793334,0.7287639999999982,0.19302499999999956,0.3523040193853255,0.3291037581329759
4.699220580000002,0.062170000000001835,0.47365129999999933,0.8586319574951045,0.06596745901566603
0.5283351639333365,0.7396550000000026,0.2859512999999998,0.20519691852260458,0.46913671811912305
0.24686702933333038,0.8642419999999973,0.37851060000000025,0.03761484632343226,0.2696514850196836
1.1348991613333332,1.382672000000003,0.07453820000000011,0.2914843313076556,0.5378026572988261
0.4552077613333321,1.4459759999999982,0.2626546000000003,0.41983321035803556,0.6793998984828269
1.8162020021333358,1.950952000000001,0.42535229999999924,1.5493931914128876,0.400054048363085
1.200416496133336,2.1036915,0.010485699999999376,0.36054550726257517,0.3746655922903477
3.101436277999996,2.1052644999999988,0.5816879999999998,0.17226235245416532,0.3308254847204344
5.077535796666666,1.8973750000000003,0.24146789999999996,1.4775697931752472,0.47859974776951164
3.689158747999997,1.8314545000000004,0.16640950000000032,0.7235331261842521,0.4061611517397452
2.61695485706667,1.3239551,0.07187700000000063,0.7575408471619971,0.6506980422518054
1.320013354399995,1.4028520000000002,0.6668909999999997,0.36533295332337445,0.6129874908507413
4.354076745666669,1.1821156,0.3290234999999999,1.5200834899216664,0.5448736813141146
5.597009558466667,0.8067812999999999,0.7360604999999998,0.5576027732145192,0.44966099866995757
1.1934710784,0.9095085,0.18498770000000064,0.5230238051961256,0.3424646559695049
0.17480261926666651,0.3878427,0.2847122999999998,0.880651591549805,0.33060264144387774
0.9932758949999998,0.28806050000000005,0.49474209999999985,0.7519389790342841,0.21851378892912543
0.7895611854000002,0.1056085,0.6725930999999998,0.7547637966002261,0.2192948726663576
1.5678471867333337,0.30749209999999993,0.29264,1.0120000251601415,0.44851351844807297
1.1352222012,0.40905839999999993,0.31859850000000023,1.418082573265539,0.6925498751645518
2.8078358098000002,0.10189009999999987,0.26690579999999997,0.9362376628766254,0.7839957972184952
0.1051571986666664,0.014120500000000202,0.4151973,1.238145734406272,0.7999629003828619
0.929623100533334,0.21464649999999996,0.4701390999999999,1.353118646777519,0.9562427183702815
0.32136798099999986,0.05070960000000002,0.8293322999999999,1.1332222407493502,0.8889316745854932
2.9993815420666663,0.01945970000000008,0.5407986999999999,0.4408326368937576,0.9634640904304357
0.4327238336000001,0.5004879,0.6588096000000006,1.2964643275576186,0.7816769194825044
1.5645767384,0.579701,0.8291692999999993,0.856648355150682,0.6644403788515048
1.4354964350666664,1.6857045,0.22903100000000087,0.05400254267845739,0.9481378301952201
2.290646356666667,1.7013694999999993,0.4003509999999988,0.5646671047894163,0.6857932446333947
0.4026375357333334,1.8687750000000012,0.42212100000000063,0.9494176249315274,0.9238140787353792
3.265525723133333,2.3149479999999993,0.18728699999999954,0.5574512146731472,1.18419980698701
0.891306257733333,1.9685749999999995,0.14188500000000026,1.3437209814674347,0.8771895815058901
1.3492813686666667,2.081754,0.2953665000000001,0.060360116085943716,0.5274627359859405
0.2786970764000001,2.0185160000000018,0.13733550000000072,0.013480260747996908,0.5099316069797659
0.14851537633333312,1.1703890000000001,0.16467199999999949,0.5402352765046157,0.4345927165218857
2.7239569885333332,1.0987779999999994,0.20952400000000004,0.07221854440723163,0.02152275992603414
11.838092742999999,0.4926239999999993,0.08466800000000063,0.626278885327082,0.3244741356592993
9.717644258333333,0.1004499999999986,0.12386799999999987,1.2428749722700356,0.3627898948615531
1.4555299082666666,0.3225200000000008,0.073303000000001,1.3485522917865502,0.35988760301999
0.2540500753333328,0.8180940000000021,0.07302699999999973,1.0448674295997566,0.023632941493257675
12.734356915733333,0.8349649999999968,0.1145025000000004,0.5306796939610354,0.26267109609076833
8.720815433866667,1.588083000000001,0.4746194999999993,1.5516549750988151,0.26973233808793395
2.505814441266666,2.044027,0.31166600000000066,0.3406390324817643,0.3643742757929225
9.535262099666667,1.9002700000000008,0.4787979999999994,0.47653250542615666,0.45096659531905203
1.8956317983333317,2.1573700000000002,0.3662365000000012,1.4217955949132914,0.4568123660784238
11.541781107533335,2.211734,0.3891504999999995,1.0780531698878306,0.7512979569187319
3.7343568758000005,1.891495,0.20640769999999975,0.4983556246729197,1.0335622550633676
1.7103406460666672,1.8874676,0.6388869000000001,0.8038299628214602,1.0499000550346196
4.158765266933334,1.531498,0.4404868999999998,1.7301350214463618,1.2120453604596282
6.460399934333334,1.5683430999999999,0.6345382000000006,1.0372541048347008,1.2981717171997493
0.7200946604666663,1.256027,0.33689829999999965,0.8997366554427568,1.575331386383949
0.1799992953333336,0.6634656999999999,0.30350699999999975,1.2648923100761778,1.6195908481404606
1.4837903801333334,0.59236763,0.36994730000000065,1.4276898090514107,1.6756673374130333
1.5253487739333333,0.21249273000000002,0.5436243999999997,1.2841800396759226,1.3889327994875218
0.5021892278000003,0.48722699999999985,0.0,0.9661356106807593,0.7479788250100247
4.906954926533334,0.26722599999999996,0.22270629,1.083914127772097,0.836654205130519
1.656322679133332,0.6837353999999998,0.8388131099999999,0.9903373701514844,0.8327829315244819
1.3378802690000011,0.4076767000000001,0.8718968,0.8885576853912225,0.9282637514352472
2.1296724028000016,0.5781722999999999,1.1018881,0.7676737849217421,0.8560755282488897
0.37574873553333354,0.40221600000000013,0.8759909000000001,0.6866048076653497,0.8757732280641486
3.820018679333333,0.6536723000000002,1.0106898000000002,1.0332122968878013,0.7598693873874431
7.671860585666666,0.7147430999999997,1.0154619999999994,0.8250412667072666,0.5807983398092542
9.580449390733333,0.7059069000000004,0.8503080000000001,0.01351181794263745,0.6873067457680007
7.672010312400001,0.6100683,0.8293123000000007,0.4343715493627709,0.7188600083277823
0.22017197666666277,0.7259124000000003,0.7056266999999998,0.04384612292822787,0.8035215563071674
11.626475870666669,0.5540599999999998,0.5432539999999992,0.47078278179110455,0.4382030340091383
19.108031030933333,0.713080999999999,0.5271290000000004,0.47066179178211875,0.7606878893844016
2.5928966861333365,0.8374800000000011,0.3614530000000009,0.17426735179335928,0.88703686260334
1.483895331999996,0.44645500000000027,0.28728199999999937,0.02404557176919475,0.8843701534588746
14.987408429133332,0.7304909999999989,0.08533899999999939,0.009848106540433221,0.593423876418889
9.806936138466668,0.7964079999999996,0.06788400000000117,0.18651768757365694,0.5169279398603202
17.129506789333334,0.5131130000000006,0.0066619999999986135,0.05594456890638,0.15896802331131354
6.176334485599998,0.35356699999999996,0.31449399999999983,0.3021771362372494,0.20316106166093562
17.30472165373333,0.14688400000000001,0.27704600000000035,0.7951411935083534,0.05596536421089837
0.9673058406666648,0.14367299999999972,0.08018599999999942,0.3115276850947293,0.09862172825073223
0.19538949666666383,0.05070399999999964,0.28385149999999904,0.14525704488083413,0.11723770009624346
4.057253462266669,0.42064599999999963,0.23970249999999993,0.3988278382588799,0.10521320580535587
12.041161538666667,0.29577900000000135,0.2155060000000013,0.547632996629849,0.48613459936059833
2.1638715241333335,1.0921469999999989,0.4431890000000003,0.04065881710807062,0.5002866237440298
2.5962321918666666,1.3288670000000007,0.5502923999999991,0.11760861301083914,0.5483558978316587
4.3940226286,1.204815,0.5339679999999998,0.02431410798188871,0.5371995468658284
0.37300389560000013,1.3795165999999996,0.5414329000000002,1.1219851506298752,0.5206267009199035
14.541005969399999,1.2099791,0.6434129999999998,0.2431093736459431,0.6668698154989894
9.451762967599999,1.2780933,0.6054292000000006,0.4624916561326593,0.8987599240869208
4.1380515568000025,1.1176956000000002,0.8335394999999997,1.0014004574407007,0.8932719556443853
5.483693698733337,0.9594966999999999,0.9501189999999999,0.4365970011634639,0.9677109419056142
10.199332558733335,0.8034771000000003,1.0325592000000001,0.9995091874439792,1.2519198618967158
3.588163524533334,0.7000326999999997,0.8357501,1.2432709709153986,1.263657575534829
0.13107351013333324,0.24696170000000017,0.8178779999999999,0.9468761876224905,1.3289220580304835
0.39559863213333324,0.14942676,0.7210943000000001,1.1155070625717682,1.2990807849528188
1.2265114256666665,1.1885854,1.0738846,1.2295647980943167,1.3645336859613355
4.473253271066666,0.8703834000000001,1.0438006999999998,1.3732417715001102,1.4901655887958274
1.9588911653333323,1.4878767000000002,1.0574676000000003,1.1699277741938214,1.3787681209474902
1.9018631431333333,1.1911962999999997,1.195262,1.4668625879966566,1.3934966841288219
1.8833096683333341,1.4090340000000001,1.1501834999999998,1.0471123920272936,1.2349682366819605
5.370982360799999,1.2333129999999999,1.3542604999999996,1.1023220819444859,1.2348850794963724
7.49696075286667,1.5867640000000005,1.1402930000000007,0.9402680300441357,0.909768852461152
2.7833542775999973,1.2903329999999986,1.3051735000000004,0.932185723054948,0.6287729043204493
11.371970382466667,1.4629660000000015,1.2133044999999996,0.44742562341789593,0.7420590914708107
13.938342755466671,0.9174209999999992,0.9286409999999989,0.5662258373794486,0.7322252205220963
10.199806473866671,0.6891189999999998,0.8676300000000001,0.2605453073120394,0.5751946473352625
2.902137750733333,0.7719240000000003,1.027158,0.47922542840353444,0.19419666750295406
14.745206257266666,0.5749624999999998,0.8679630000000014,0.4123114682850346,0.706493573358868
1.9989213131333337,0.561574499999999,0.539598999999999,0.03451834669693987,0.7994980598476538
16.847529449866666,0.27827100000000016,0.5335630000000009,0.43602441324192753,0.7113776415330797
9.170617507333331,0.7609880000000011,0.37259699999999896,0.40931356292682075,0.36091515412176634
0.0702804557333323,0.5956830000000011,0.3969149999999999,0.207059104367465,0.2174294294674315
2.029202752933335,0.5472919999999988,0.23179800000000128,0.15016672822826038,0.13062057889395362
7.295149672000001,0.6074589999999986,0.08795900000000145,0.34546685260230703,0.010029867574491647
15.177889414400001,0.433366000000003,0.22704299999999833,0.1925656629193142,0.2750993802183288
3.658466406866668,0.14402199999999965,0.05939700000000059,0.2530379890250032,0.3476202525098806
0.10463260293333221,0.26033199999999823,0.25466100000000225,0.5318330286080872,0.10116674846675622
11.4126440904,0.30311800000000133,0.3445039999999988,0.2981948617820045,0.15616772485086372
6.373574879333329,0.2567619999999984,0.5043980000000001,0.08413737243717634,0.4188194774821703
16.28665953633333,0.6370629999999977,0.9419199999999996,0.23714482836232875,0.4249726029857399
7.904079605933334,1.0748309999999996,0.6276060000000001,0.32020845617739724,0.5920238349354978
5.760676055733333,0.7920300000000005,1.1225749999999994,0.049315727654574815,0.480598195236805
9.058235190133335,1.2797599999999996,0.9478910000000003,1.0052578821160605,0.5743824104138877
2.421763727266665,1.5467610000000018,0.9052310000000006,0.9535136800010235,0.7437430658832653
5.894317903199999,1.7704179999999994,0.7214644999999997,0.47886478088028106,0.9280682011939039
1.4951110318666672,1.9224910000000008,1.3306934999999989,0.7910775485718418,1.0204590298550116
0.2561411867333323,1.7569239999999997,1.2841427000000003,1.109326383832176,1.1409468336174005
5.0066793846,2.1651923,1.7249963000000008,1.1653567770780873,1.359999736348712
7.7011633553999985,2.1929212,1.0799389999999995,1.0641746034470678,1.6138222030961984
2.7867122888666667,1.5999172000000002,1.3039178000000002,1.1443259522788853,1.676455092843863
2.177248265066668,1.3704487999999997,1.3963769999999998,1.3778388521334146,1.7748625782745853
5.102703531466667,1.015268,1.2261771399999999,1.2732994785945637,1.5418561081953368
1.5689331206666668,0.9296941400000001,0.63937706,1.1998760731234086,1.0666183517453607
1.387792406466666,0.6791240999999999,1.2500642,1.339632799463237,1.424856503785965
1.9512923310666666,1.7688945000000005,1.213428,1.5837328398689339,1.9690449039096998
2.0956932815333342,1.2778905999999992,1.4220877,1.6531583842096804,2.108832717408194
1.9573286599333324,2.0243766,1.3975296000000004,1.6530336077765524,2.0448990730355012
1.7560638782666693,1.6451709999999995,1.6637423999999994,1.6619968208179756,2.0498558041796358
1.190305918,1.8160150000000002,1.8064529999999994,1.4808032688139807,1.7312448698567984
1.454628472666668,1.619548,1.4771400000000003,1.505569973153344,1.7177547647824518
3.07125853613333,1.883782,1.6253419999999998,1.4773139578933208,1.2784959446018824
0.23290041866666655,1.533608000000001,1.729007000000001,1.0092873133762197,0.9043433648407699
2.902954284199998,1.7529339999999998,1.3609739999999988,0.9435543239295381,1.011648654951923
0.9129908356000023,1.0644659999999995,1.2208070000000006,1.1410922438873463,1.1477749527138563
6.798550153333329,1.0404090000000004,0.7189680000000003,0.6432150306896389,0.6668891022464152
3.422133259199997,0.8470879999999994,0.9391050000000014,0.8112974838008178,0.2800325279822218
0.11755098173333423,0.3796600000000012,0.8398519999999969,0.8329871212817643,0.7823818318929909
0.9792734465333339,0.3534469999999992,0.443207000000001,0.3054277320350387,0.7168998804487323
10.685763265133334,0.05083400000000182,0.20249000000000095,0.46302910734824465,0.5984178569738958
3.1546073486666657,0.5569659999999992,0.3179149999999993,0.6488493140439004,0.1053413935188523
4.195131784533331,0.2793069999999993,0.03183800000000048,0.08358200474377853,0.12977910013760052
5.14640520053333,0.035530000000001394,0.03510400000000047,0.3419279194323046,0.11298431337187154
1.9727379553333293,0.17368300000000048,0.2560009999999977,0.2952049136098509,0.06292269849924281
4.609143867999997,0.10211999999999932,0.6185310000000008,0.21573504580846148,0.36282718547710147
4.0853537809999985,0.1731359999999995,0.12874000000000052,0.30164275314342603,0.6266957717843695
5.109760595133334,0.04566200000000009,0.43216600000000227,0.6212901870698815,0.05501320302874646
2.0566349638666637,0.08578099999999722,0.05450799999999845,0.4280124430482708,0.2085708395239081
0.3706676399999935,0.00857899999999745,0.5027639999999991,0.5036205945548495,0.44072218638445193
0.6182496033333358,0.7856789999999982,0.6115020000000015,0.6747143004550473,0.5037614454926249
0.5316898420000022,0.7384470000000007,0.4681759999999997,0.5859817120212725,0.8951629434372244
4.739644242400001,0.4441810000000004,0.9332710000000013,0.488730144172667,0.6966141568331281
6.484211442066664,0.7940749999999994,0.9139229999999969,1.1598988752742407,0.85430373582453
0.3355961681333337,1.0992129999999989,0.7260690000000007,1.12875963886888,0.9772749260045828
6.868564867933333,1.0235630000000029,0.6915640000000014,0.8927913946208825,1.2058498341706763
1.9740601479999977,1.0965689999999988,1.458501,1.2817198614609975,1.1676609790900176
5.378144220533336,1.2704459999999997,1.4274319999999996,1.3665780361567812,1.4582542895244366
2.2709416347333313,2.0796080000000003,1.6889749999999992,1.67882175462052,1.70627014159008
1.2197817688666657,2.2070559999999997,1.488767000000001,1.4226556083625894,2.1483088156168506
2.155541945466666,1.8367710000000006,1.3882589999999997,1.4046337049818014,2.301011648279382
2.1774831190666664,1.9731379999999996,1.5319029999999998,1.693621347101284,2.491003329655223
3.707807927733333,1.8952302999999997,1.5056896000000002,1.6517465926760746,2.1665326329980417
1.2366368554666667,0.7093133,1.2870461999999998,1.7207860055010733,1.527034032504785
1.8377012459333328,1.9058349000000003,1.3338013000000002,1.962874990051417,2.0328766535805762
2.0380181394666677,1.2855977999999997,1.6904519999999996,2.096607849797958,2.150000015835472
2.069643965666666,2.1191525999999996,1.6877690000000003,2.0480993938987346,2.089399077392322
1.7569508531333327,1.6753760000000009,1.7971749999999993,1.830088624590493,2.0720271509822297
1.6467574380000016,1.7948500000000003,1.9305000000000003,2.0269098578310505,1.69976395420049
1.5375275206666625,1.5948279999999997,1.8759899999999998,1.6185466235164974,1.6939101857332641
1.4996491060000015,1.9605409999999992,1.5737790000000018,1.9052784815423536,1.2713605297595283
1.3932106900000019,1.5626760000000015,1.7620729999999973,1.2285103118623546,0.8749728638550671
1.1435294480000024,1.8615269999999988,1.3977360000000019,0.9246747774167048,1.0539753880299685
1.0534189339999962,1.133541000000001,1.2085860000000004,1.5786580175567906,1.3022683675475832
0.935141548666671,1.1958629999999992,0.9145579999999995,0.48080428598910174,0.7321607235884358
0.7376578473333311,0.9571240000000003,0.7550699999999999,1.4366421337247637,0.23427403449487727
0.6329264939999995,0.5185209999999998,0.6364720000000013,0.8123296633448263,0.7004091291860277
0.5829286413333321,0.41645499999999913,0.4626469999999969,0.5863844249028176,0.5317955346545311
0.4183127493333316,0.15282600000000102,0.18242900000000262,0.6431276104935897,0.49184637635005046
0.4042463860000005,0.5835650000000001,0.15566799999999859,0.4923060499946281,0.004247106417331281
0.2806288746666681,0.26067099999999854,0.1139569999999992,0.21448292960936044,0.07227142529152886
0.08888672533333164,0.09297300000000064,0.0044429999999984204,0.15969681916565648,0.05721376868191541
0.07677724600000246,0.12528500000000165,0.4054380000000002,0.06582046570261468,0.11739338692106216
0.062482413333331266,0.012128000000000583,0.3589570000000002,0.13043999721151778,0.5155690874036978
0.06489701599999975,0.31556499999999943,0.2557799999999979,0.2708860348931488,0.5492788127390718
0.33429828066666545,0.18048100000000034,0.21623500000000107,0.08006317228095838,0.06990223065021794
0.34554327133333373,0.23960200000000142,0.4451450000000001,0.8338932332535904,0.01837417165497257
0.520148624666664,0.14385400000000104,0.5342640000000003,0.5833782954173614,0.31598641932045624
0.42920882733333343,0.9969000000000001,0.6850409999999982,0.689908315903839,0.39743734353432814
0.5574657280000004,0.8211039999999983,0.8325870000000002,0.8563291238413484,0.9211647402015828
0.807645076,0.5739480000000015,1.0137630000000009,0.9209824051635707,0.7121371262279901
0.7343573093333369,0.9200989999999969,1.1712500000000006,1.0945897299662484,0.8881659454843991
1.0472002499999995,1.1962550000000007,1.0556349999999988,1.8631467692618742,0.9876969602593206
1.2317723619999974,1.1124650000000003,0.960483,0.861512300878406,1.2047980279152632
1.3501921679999995,1.1747870000000002,1.5566000000000013,1.9805750727235143,1.1836220455285602
1.5622920880000013,1.298528000000001,1.5358539999999987,1.5840233736476836,1.4570918940640052
1.6106849693333345,2.0368509999999986,1.725347000000001,2.127244036805596,1.7098708708436536
1.641288453999998,2.212053000000001,1.5799459999999996,1.8456370052337245,2.077796161939423
1.9066812023999997,1.6736009999999997,1.4880999999999993,1.694854947918456,2.2369973435650756
2.0751450544,1.861339,1.4963080000000009,2.0854854916530785,2.51800080680433
2.6722997052000004,1.7580682999999997,1.4941739999999992,2.07995093002575,2.3458145363122935
3.0277683547333334,1.6075294000000007,1.3298434000000006,1.750832793593539,1.7399118490340058
1.4257896217333332,0.4942808999999999,0.9603074,1.7188501009999952,1.4656046604044337
1.8918348698000007,1.2753367,1.0774084999999998,1.9427844499947802,1.9914796171348796
2.0265489229333333,0.9782519999999999,1.2953799999999998,1.980480288143207,2.1314364850404806
1.9256283464666657,1.7580160000000005,1.3782720000000008,1.951818132817147,2.0930044764809885
1.717452209400001,1.51558,1.5303360000000001,1.7591153007783973,2.114521651353657
1.6442987313333308,1.7487690000000002,1.503641,1.9363375528653357,1.7688505241365515
1.5195464306666686,1.663278,1.6380169999999996,1.6667980853529478,1.725900048593962
1.4512908719999995,2.063725999999999,1.2285059999999994,1.7299199014097724,1.3790542145055742
1.386518078,1.7418560000000003,1.3294800000000002,1.342202770421963,0.9665469483542513
1.144704760666663,2.009955999999999,1.1922920000000001,0.9610063930208561,1.1279653790163309
1.0310679880000002,1.5154030000000027,0.9984469999999988,1.633007066156864,1.4071973266249636
0.8796327066666727,1.3146609999999974,0.69266,0.5575946431998027,0.845779322521885
0.8526032833333268,0.9987110000000001,0.526174000000001,1.3570897849358623,0.31311954299829026
0.6627427033333362,0.3581789999999998,0.5360359999999993,1.0147327998858167,0.6879913633729835
0.6040028313333323,0.45797600000000216,0.34610699999999994,0.5674976834770504,0.6243924238544807
0.42859700800000056,0.10263000000000133,0.16123600000000238,0.8476496911832996,0.5022654436239868
0.3555666733333389,0.03924599999999856,0.09656099999999768,0.683684627254376,0.08988287251807847
0.25835619066666027,0.17310499999999962,0.08019799999999933,0.5909801149442195,0.08288659428637857
0.20487137000000288,0.7088609999999989,0.036999999999999034,0.3031468760762017,0.06289196686507381
0.02118105400000303,0.3775340000000007,0.35283700000000096,0.14678168865717112,0.08510360362732783
0.05081773399999889,0.5561930000000004,0.3189780000000013,0.24203711023725205,0.35076013033537023
0.15656558199999537,0.5734119999999976,0.2770949999999992,0.08192450069883961,0.6240970157483758
0.14025847200000285,0.6329630000000002,0.3402329999999978,0.3441304530877858,0.0323495455821039
0.5410042293333319,0.5959830000000004,0.47880400000000023,0.6478324370177013,0.01598117077307748
0.3802693886666688,0.39410600000000073,0.47580500000000114,0.31377479443482414,0.3262495170758797
0.45788083066666374,1.1299840000000003,0.6242279999999987,1.1162726214964422,0.4093070825151841
0.6800946980000013,0.9033449999999998,0.7043550000000032,0.7881991899882728,0.9035587345333305
0.8242082840000009,0.9322654999999997,0.8125019999999985,0.8321212119993433,0.7262382242649288
0.8981822666666659,0.9887374999999992,0.8682125000000003,1.3731638975644955,0.8632619705886988
0.9972016686666691,1.2847760000000008,0.8671904999999995,1.6536500686857671,0.9955126564470547
0.7597359546666631,1.1776160000000004,0.8249180000000003,1.257695683119099,1.2984170852685608
1.3523872973333333,1.345699999999999,1.1160239999999995,2.038929901423625,1.2046192529771105
1.4319619100000036,1.4372575000000012,1.3647740000000006,1.6860921356590328,1.5295179435109922
1.7399355433333312,1.712582499999999,1.4454589999999996,1.9029013250866313,1.836105364199664
1.7181420226666688,1.834396,1.4229210000000005,1.8949870445439068,2.1942966154628767
1.9459415963999973,1.1543960000000002,1.2740009999999993,1.8030850339139661,2.3895045355339137
2.0646304928666686,1.1401070000000004,1.2473713000000002,2.0743183596448986,2.6121236543650994
2.491130952399999,1.0058130999999997,0.9706719000000001,2.035698137546451,2.3274728293403926
2.7984797467333333,0.7205598000000001,1.0028964999999999,1.780156211374755,1.621997888957297
0.3369144691333332,0.5724555,0.4027426999999999,1.270592215873079,1.0939426086349484
0.4600089179333333,1.4651984999999998,1.0537042,1.4443340418998778,1.4856566672695546
1.2823034129333333,1.1567312000000003,0.7562677999999998,1.4833692762753232,1.5821325969372202
2.5784081514666672,1.7913806,0.8942177000000004,1.3673051167498675,1.5518405402278486
0.0026912409333341714,1.4836239999999998,1.0261153999999992,1.2386930279554482,1.563315329295909
2.1681591144666656,1.798538399999999,1.1589626000000006,1.3908845284649765,1.3777153619501998
3.083777127066665,1.549626,1.153753,1.098851869357155,1.4820908007406217
1.0148464319999988,1.8699750000000002,1.1869240000000003,1.306445839820519,1.0876698927967148
0.7235519910666666,1.455851000000001,1.1601529999999993,0.8136916978483946,0.8377847263444931
2.908050250133334,1.7032290000000003,1.0049159999999997,0.625263322905889,0.9825711263463255
1.3266758214666678,1.178669000000001,1.0326000000000004,0.9738046122043809,1.057730016911627
9.195217807866666,0.9170339999999975,0.7389720000000004,0.5306975050211271,0.7632469504209265
0.3302030115333334,0.9038380000000004,0.5232720000000004,0.7798526483145132,0.42399237290602976
2.3521457415999993,0.4393540000000016,0.7239929999999983,0.5781855696947922,0.5975394988202787
8.6069147036,0.40741299999999825,0.188091,0.3317842177258221,0.47846649660731444
8.327737189399999,0.10360100000000116,0.11956000000000166,0.44037990984562825,0.3528482511592905
5.7269399995333305,0.42991899999999816,0.3098859999999988,0.16761905602281146,0.015699518565497783
6.053402256533339,0.30165500000000023,0.0438130000000001,0.24828498005935984,0.17913165370640272
0.7548933886666589,0.06758800000000065,0.18962900000000005,0.06673663240582428,0.22008182437127388
12.69978743366666,0.27046999999999954,0.4777439999999995,0.12568500299248342,0.13197722050572125
5.752243270266661,0.06209400000000187,0.04161999999999999,0.0062899771205096044,0.006923206556646022
3.6420275474000015,0.09229900000000058,0.29019000000000084,0.2748621524680708,0.6205188855923147
1.9791731700000028,0.04607000000000028,0.15181100000000036,0.29667669575166045,0.19705759548859447
3.7356700840000023,0.10062999999999889,0.07836100000000101,0.5141830030666554,0.20684095547171744
10.101249754733331,0.10729800000000012,0.1534279999999999,0.44039001226921926,0.49096803201357986
5.868958056266667,0.582218000000001,0.19911499999999904,0.5414137175002232,0.28156360062919994
6.777103069466667,0.7925129999999996,0.3784419999999997,0.4223243313019118,0.5715566639606902
3.5793314492666664,0.3787869999999991,0.5512480000000011,0.5315842715397743,0.43547668093783365
8.1330168928,0.9348549999999989,0.2370239999999999,0.8438340716342285,0.6468474722402284
4.143942744466665,1.2268299999999996,0.8586369999999999,1.1116201493959235,0.6927966496735039
2.9150303727333347,1.2918100000000017,0.642633,0.7231025209389248,0.8635846386592423
1.816427408200001,1.3601329999999994,0.8266089999999995,1.2152507856295287,0.9081265255606574
1.6225832072,1.4644320000000004,1.4375020000000003,1.0478901733134727,1.057745374332745
0.9375757854,2.108459999999999,1.3002729999999998,1.3478402558728302,1.2675217740213096
0.3245008694666671,2.247473000000001,1.1470670000000007,1.292195186693208,1.5205847124925373
1.4720656594666686,1.7913194999999993,1.0112733,1.335177841536189,1.6607221458284531
2.0946476971333334,1.8300710000000002,1.0557356999999996,1.5537577066872101,1.8188394958008076
2.6895015502666677,1.5733988,1.0860299000000002,1.5934794090179851,1.6901226738650847
3.156761736200001,1.4028368000000002,1.0580083999999998,1.4044294176007515,1.2254317922562548
1.595211184,0.5309843000000001,0.7928359,1.694537541571876,1.6559120129263927
1.7985537774666667,1.7662780999999999,1.2651472,1.9731266998285846,2.270699102229628
2.0400587350666664,1.2060610000000005,1.4045670000000001,2.093258653395355,2.433360825931521
1.0473574086,2.0174079999999996,1.3061315999999996,2.0123340531723164,2.3838847354761814
2.181602658400001,1.6036150000000005,1.8003723999999997,1.6863765733569007,2.3650985586430675
2.166635331466665,1.8836309999999994,1.4954169999999998,2.040167416810055,1.8557449300133424
1.6023352746666681,1.6309079999999998,2.3108910000000016,1.4785835857276322,1.8382330124166284
1.4337622586666665,2.1781620000000004,1.3181729999999998,1.8776539446084328,1.2901148404042146
1.445869427333335,1.6399930000000005,1.6868759999999998,1.2068231019029056,0.8445934854017594
1.204479602666666,2.1009369999999983,1.450284,0.7832132003855605,1.0082248916221275
1.102998363333331,1.537155000000002,1.3074429999999992,1.6921450270856475,1.384750840929076
0.9387179793333296,1.2544599999999981,0.9698220000000006,0.568219650950784,0.7427659449492232
0.7681983133333361,1.2377770000000012,1.200800000000001,1.4026054557954488,0.21938480406935312
0.7187209026666679,0.6536089999999994,0.769565,0.7276452160954818,0.6111900041921317
0.4117061866666667,0.5719449999999995,0.1817600000000006,0.6163930088395837,0.6650399569686911
0.740371210666666,0.20966900000000166,0.45290499999999767,0.7000820932988567,0.44818002599715
0.355721301333336,0.5094600000000007,0.07467800000000224,0.36539284600164734,0.15106493973084056
0.2583342000000002,0.20883999999999858,0.2435939999999981,0.4875145936813112,0.15115485156378838
0.13067390999999873,0.1957400000000007,0.15421699999999916,0.11431437695791047,0.16575664188854944
0.2606620593333311,0.08463500000000224,0.31284199999999984,0.05748354547241874,0.3256904279705317
0.09296987066666773,0.14388700000000298,0.266058000000001,0.10756427390896661,0.6060186418083546
0.24825346799999792,0.33212999999999937,0.20275200000000027,0.42175917376009764,0.5460476606990028
0.1722369146666658,0.2718619999999987,0.0888920000000013,0.20272293305247402,0.020319765110368593
0.3386860186666709,0.22616999999999976,0.6138840000000023,0.9280740368214921,0.11143307414823411
0.30815607399999934,0.15424499999999952,0.5505049999999976,0.8031519327376486,0.3117436055818459
0.4001524406666661,0.9499680000000019,0.6342660000000002,0.5247112843322164,0.4412492836502864
0.2475163166666654,0.9240919999999981,0.4566490000000023,0.9537880305278854,0.8941928266372088
1.144607966666669,0.615749000000001,0.5733139999999999,1.0728050384698982,0.678453848943338
1.2039599806666637,1.0877610000000004,0.5235880000000002,1.0023350572667695,0.8978549172180621
1.0257423126666723,1.4470460000000003,0.6347329999999971,1.7280741835973252,1.0719809705611638
1.0493519320000004,1.386136999999998,0.548326000000003,0.894457947608803,1.3147606137254364
2.1266495509999963,1.5211460000000017,0.6137599999999992,1.9387216199249178,1.2278681917844096
4.068468235266666,1.5703490000000002,1.0893789999999992,1.491658170628284,1.6149069123226099
1.5957094262666658,2.239837999999999,1.6062860000000008,2.0019808739898384,1.8484123097706586
1.9277859626666647,2.4130000000000003,0.5514069999999993,1.8759596196617245,2.3369542570553143
1.8449424133999983,1.7834955000000008,1.2005,1.7083882529661274,2.5345628366345654
2.0537043674000026,1.8667384999999994,1.1089350000000007,2.0384597133877858,2.882768112592907
2.311787162999999,1.5709024000000005,1.389785999999999,2.110561924922842,2.6817561685923144
3.0354843524666673,1.2965449,1.38415,1.8437056350768724,1.9969702304518158
1.7996774493999999,0.8178782,1.1985873999999996,1.8046117628521348,1.6214943264057737
1.9963283078666674,1.9689355000000002,1.2816784000000006,2.0437160409323054,2.0942704192384065
1.8990242713333325,1.3641934999999998,1.5820670999999997,2.0577346316702956,2.1756992666554487
1.8233840619333357,2.042032,1.6240065000000001,2.041112131600485,2.1087835162440234
1.733519716266665,1.5809610000000003,1.788112,1.8218101023884294,2.123374512651651
1.5890268479999978,1.7512629999999998,1.7739320000000003,2.0214712371188988,1.7215627266175382
1.5794930520000001,1.4630419999999997,1.8559540000000005,1.6862590964454718,1.72336781240071
1.347706180666668,1.7810120000000005,1.3752709999999997,1.7997291559365038,1.3341552520572755
1.290891518666669,1.3840409999999999,1.4615089999999995,1.2939753557680476,0.9487312059981363
1.1877544026666627,1.7259789999999988,1.2911929999999998,0.9078978117897485,1.0714675080144644
1.0190844260000027,1.0797310000000024,1.122947,1.7714248496816651,1.3531085832514478
0.9740059793333309,1.110474,0.7388520000000014,0.46952062324406896,0.7974922850532487
0.8594304286666663,0.9504540000000006,0.546759999999999,1.4875809445632378,0.34705814922353184
0.48656615333333164,0.4612659999999984,0.5926159999999996,0.933557452271554,0.8014350389367415
0.5342356873333358,0.47715200000000024,0.3927359999999993,0.6796659158249945,0.8058897641431209
0.5208460213333375,0.12565999999999988,0.2226920000000021,0.7825531072256666,0.6738367855256584
0.34917996866666456,0.6393829999999987,0.09737600000000057,0.7108044667636015,0.18325871320987375
0.25999944466666847,0.3204190000000011,0.0004940000000033251,0.44081868901157506,0.02111690719542736
0.15675630199999802,0.13500200000000007,0.06371900000000252,0.19105799293108916,0.0821823389574412
0.1692327073333324,0.11285399999999868,0.28358100000000164,0.01965832982063276,0.0014668137698450323
0.10038696799999869,0.026810999999998586,0.1726530000000004,0.00984165301134965,0.27973706822822564
0.08359765533333174,0.2729040000000005,0.15840499999999835,0.1748334648113392,0.6795978900084698
0.20042330733333813,0.23340800000000073,0.17614000000000019,0.1977480049786422,0.0329378811113088
0.4281693386666632,0.2904260000000001,0.42898600000000187,0.7082712759855951,0.026971986601797227
0.5047084766666678,0.14462299999999928,0.4180049999999973,0.6448406445953943,0.3503427669977448
0.5908148873333374,0.9497140000000002,0.6775529999999996,0.7523792797442788,0.41381728984949717
0.5367694646666621,0.8199299999999994,0.7360889999999998,0.7514659637524126,0.884441487899565
0.8631599260000016,0.6055729999999997,0.943327,1.1349668017185977,0.6784056542293335
0.7799438326666674,0.871105,0.9173280000000013,1.1492400615941882,0.8984373625058275
1.0276862333333305,1.2161849999999994,1.019514000000001,1.9414386069939091,0.9911571733936348
1.1433625366666682,1.0897240000000004,0.9512260000000001,1.0855586966853394,1.2718321542437714
1.3920735059999991,1.177417000000002,1.2270009999999996,2.1414686065729924,1.1829341789835457
1.3744103886666696,1.3524019999999979,1.4993400000000001,1.6342496028698736,1.5181152468908614
1.5698624466666633,2.22246,1.6769049999999996,2.1151463197536096,1.785670338142591
1.7080355166666692,2.2499255,1.6461839999999999,1.9454125502307278,2.2041929980849915
1.8593931941333306,1.8750065000000014,1.4792649999999998,1.7168634560330407,2.3935354416998944
1.9672284228666665,1.9901579999999992,1.5517980000000007,2.220330594761342,2.673953784657191
2.2590607296666674,1.9366467000000007,1.2941649999999996,2.169392692421976,2.439453960877445
2.9688628225333336,1.7300977999999998,1.4588904,1.8633938689913538,1.7779714095221606
0.848873629533333,1.0107909999999998,1.10334376,1.3229771662594247,1.525814241216462
0.9034971167333337,1.6769314,1.2821639000000002,1.2427183059096447,1.9078897903193863
2.4338576535333334,1.3694686000000003,1.480639,1.4439104729212175,1.9686104151392838
5.053729403133332,1.9063299999999996,1.3283065,1.32723559590716,1.8474872872248618
2.930739870533335,1.717499,1.6832734999999994,1.2128091050890042,1.7789568568239211
1.3447383486666666,1.8088420000000003,1.4265600000000003,1.3017441067740467,1.5460407915021097
1.539903613333335,1.4702149999999996,1.5651495000000004,0.8935621323008576,1.5196292460699201
1.5335256853333306,1.727189000000001,1.3273574999999997,1.5266343372613935,1.1204606016358003
1.3657656853333346,1.291696,1.1370489999999993,0.7124842633154298,0.6899733613288461
0.40129881400000045,1.428643000000001,1.0170760000000012,0.288087537509627,0.9226478242628104
1.0463303393333305,0.8037459999999967,0.8950749999999985,0.880937776076312,0.7172742440017856
3.620067622666671,0.6803280000000029,0.7871130000000015,0.43898529183585744,0.49126997734346034
4.980111266666668,0.29206499999999735,0.47621999999999964,0.3891258286609034,0.1319678275634537
6.192462061933334,0.0417059999999978,0.5023930000000014,0.5710187715130512,0.5246183885915237
7.968557667866666,0.04331099999999921,0.278969,0.3242887268702468,0.43548376765621555
3.6332588834,0.5656250000000007,0.1658719999999967,0.07084145599521996,0.36951886569881154
0.5758518340000016,0.24499400000000193,0.04202699999999737,0.3937022114307318,0.023654263736975878
3.291568894000001,0.1832359999999973,0.08796200000000098,0.1017428022472906,0.3940129716136056
0.551601702666666,0.5655450000000002,0.05218899999999849,0.08054629102581856,0.4224308017899219
0.038540831999998915,0.2920080000000027,0.11920900000000145,0.5729558608687721,0.43760740729493364
1.8700279139999978,0.37909799999999905,0.59544,0.18578017956873083,0.09078998369758651
1.4384278746666617,0.4160499999999985,0.3347514999999994,0.2519148167761145,0.9142813392382649
0.3276046466666678,0.401409000000001,0.27979650000000156,0.3322307685161938,0.19938520349280608
0.34037442133332974,0.35415300000000016,0.6119379999999985,0.5537192807117695,0.17924219200666514
1.6197219973333397,0.22068700000000163,0.44825100000000084,0.2220128263103991,0.47556176104219894
3.010931253999999,1.027365999999999,0.6940030000000004,0.69062084420435,0.7610875330842681
0.13659715999999733,0.9743779999999997,0.6414409999999986,0.21017233056598172,1.1802094407354744
0.49469379266666635,0.9170210000000001,0.8506930000000015,0.40304611237531063,0.8701618180235506
5.847869674666667,1.198917999999999,1.050421,0.9128773201571363,1.092187502287162
1.4709797297999998,1.4082249999999998,0.6484279999999991,0.9173484619876895,0.98543807821782
5.8602878769333335,1.4557330000000004,0.9622460000000004,0.5758558685869577,1.171393190311477
0.5849045761333329,1.657187500000001,1.0837210000000006,1.144376222130644,0.9038893524122891
1.5361672447999997,1.4778905,1.3190563999999991,0.7866701902081541,0.9773763433734661
3.084749491066667,1.7582529999999998,1.2902266000000004,1.145761333211646,1.2000082377798158
3.799686605,1.6244487999999997,1.1835182999999994,1.2185298709453027,1.3875565182955238
0.9008649728666667,0.9530877,1.4268897000000003,1.0117281004951773,1.3891018185235353
0.1847933474000003,0.86917093,1.1205353000000002,1.2560854372400865,1.3991253010246827
0.8139847357333332,0.63531815,0.9862251999999998,1.3256735153173684,1.1842248322888929
1.016471057,0.16926242,0.66886066,1.105847388044485,0.7944648750528112
0.9274763138000002,0.17870589999999997,0.43899032,1.209992458178206,0.9471851924165436
1.3435240650666664,0.22423740000000025,1.17263758,1.1232932764741825,1.2074269646392826
4.453621460333332,0.00328169999999961,1.3153586,1.26250160497045,1.212461059567917
1.2293719975333337,0.43164170000000013,1.2118970999999998,1.0391066449932111,1.1070015575676218
1.3738891701333351,0.09148859999999992,1.4598464,1.0469645127741973,1.077709970701231
1.1672541156000005,0.4388795000000001,1.310924,0.842664806498318,0.9450901193658767
0.49240713040000017,0.24747319999999995,1.4624140000000008,0.9519714185809711,0.94895089715558
0.8196391570000001,1.2550630000000003,1.153471999999999,0.9633570614803837,0.6659535786727133
2.904866224800001,1.0038599999999995,0.9626870000000007,0.5340936320259146,0.4892119874515206
1.424311733199998,1.4729510000000001,0.9949069999999995,0.3490818625110137,0.6639819445576318
1.1448549613333299,1.5263990000000005,0.7662270000000007,0.4313786391517862,0.5212078778182327
5.945138600799995,1.3410979999999988,0.4880949999999995,0.23954853214522842,0.3365262316489037
3.763852808333331,1.5152930000000016,0.5389520000000001,0.46053140225099654,0.05601763608821386
10.712574560199998,1.3241029999999991,0.5603210000000001,0.6165986837350186,0.3534842226718631
5.97574770866667,1.384748,0.2526054999999996,0.0018643048044744148,0.21065867375295788
2.33012355873333,0.9371010000000002,0.11040649999999985,0.32668524779364105,0.291580106095509
0.19478199726666645,1.1015469999999983,0.098827,0.4388778158661335,0.09365847588371956
1.0772243500000016,0.649674000000001,0.10811299999999946,0.009119424423595035,0.13168986215024958
5.959034666666668,0.0984960000000008,0.05347599999999986,0.22593250171022383,0.04491031004258694
1.9805136193333297,0.14610599999999963,0.2594139999999996,0.22476289079521194,0.10421050937243237
0.6703399086666693,0.5712529999999987,0.35196750000000065,0.1604673748580776,0.0038425516198472565
1.0452264279999994,1.0983145000000007,0.22459249999999997,0.3237798538269363,0.3896120806107959
11.358517092666666,1.1644229999999993,0.30676599999999965,0.24269836618338125,0.06581796585840038
1.1427257780000026,1.4164265,0.31806800000000024,0.2704167568502349,0.24685677101352255
0.14927484746666586,1.4682779999999998,0.23368699999999976,0.07974157810403248,0.25879278854230137
7.876293832133333,1.911766,0.5096450000000008,0.6187177741382968,0.13110773866381287
4.299585280666667,1.9465700000000004,0.44642999999999944,0.2125944321399551,0.3007488223685044
7.5086277259999985,1.6261010000000002,0.6891739999999995,0.008302502514789367,0.25777836762501316
8.019845028466667,1.4597273999999993,0.4858139999999995,0.914665947562117,0.29004990747422177
7.1643739768,1.0882628000000003,0.5963840000000005,0.6942715944069349,0.4466131037891241
3.8597276755333336,0.7300097999999999,0.543158,0.5133739605428751,0.5919865595199809
1.3214397253333332,0.45157550000000013,0.9682840000000006,0.802926252781095,0.5878402974880039
0.7723696001333336,0.22347420000000007,1.1121676999999996,0.9249115502068328,0.7713241595782865
0.6626380074666667,0.21736659999999985,1.3967643,1.039623123594967,1.0173995990530127
0.6122809280666668,0.22568480000000002,0.9997315000000002,1.0160911139451247,1.1849086138230893
0.29294234419999954,0.07222600000000012,1.3214499999999996,1.1247233048702237,1.2916944699656039
0.5341458326000001,0.1522555000000001,1.3190295,1.2060727335550947,1.4706386545974395
0.3328432264666667,0.02201070000000005,0.9531897,1.2375316430937433,1.3324001703556974
0.5036101844,0.05463121,0.36495999,0.48999774190761747,0.21694472067818732
0.08200951413333335,0.30828882,0.48750391000000004,0.6107178545103285,0.40323022766992794
0.1587862419999999,0.01620972000000004,0.6517393999999999,0.7524393655315118,0.6206059076117397
0.5386664705333335,0.18012038000000002,0.9279177000000001,0.49691224362571873,0.7907386399672083
0.5873703529333332,0.36232993,1.0762079999999998,1.2616796885547235,1.0049056734693362
1.1955708671333332,0.56802947,1.3004407000000002,1.001141202736057,1.087520953976043
0.7451074199333334,0.6269589999999998,0.8120542999999998,0.7384412677510692,1.1124817912484408
0.7777312627999997,0.5755818000000001,1.0895055000000005,0.5451760318812919,1.2077443256723113
1.6331207951333342,1.3670478,1.3996455,1.3835925623876308,1.4458300691554626
0.3598242272666665,0.8469164000000005,1.379683,1.0006047318868854,1.1556057231603578
3.525132352999999,1.5083095999999996,1.2223199999999999,1.227059777444376,0.9665600756764672
0.6198470087333341,1.0947015000000002,1.5104609999999994,0.46820648365260986,1.1135978927259025
0.46019392693333394,1.4694274999999992,1.1107010000000006,0.6738451599926751,0.9006319024334992
0.8735328144666656,1.2006000000000014,1.44332,1.0952679535199135,1.1521051092701047
1.4408634504000002,1.6763239999999993,0.9908339999999995,0.786428745494792,0.9397000004459155
2.0116489302,1.238239,0.9785189999999986,0.6287721824887011,0.6972538578171559
4.705520972666665,1.655550999999999,0.8695640000000004,0.5705820001916404,0.8570313955327542
4.157334650666664,1.2435440000000018,0.9315090000000019,1.4718443921596034,0.8954655916018979
0.0004199339999999552,0.9541279999999972,0.692812,0.7196211234472969,0.837700227835473
1.8919938526666655,1.1478070000000002,0.3857329999999983,0.69312760189786,0.28707309772117995
2.102182934,0.7971850000000025,0.7305390000000003,0.7438910018742213,0.6303288837046033
3.06865856666667,0.7521190000000004,0.2194470000000024,0.9183144994644792,0.5262830555375402
5.1607170060000005,0.519444,0.48430999999999713,0.6599484236123061,0.6043210778335855
4.957824263999997,0.874174,0.07080799999999954,0.9300504482420848,0.34081459685296167
6.681161443999997,0.7156079999999996,0.11481900000000067,0.0319418309426851,0.23096265557733986
0.8204789380000079,0.46674600000000055,0.06193900000000241,0.36629376199656605,0.10364270854563173
0.3633488453333342,0.6465909999999973,0.12768600000000063,0.13756469332528454,0.07650860700675466
0.5459242386666681,0.3353099999999998,0.22872100000000017,0.06908600565136425,0.2827488439428656
0.4022990980000003,0.08220900000000242,0.13855399999999918,0.06898815352885279,0.23439129894938304
0.04838572066666913,0.0005760000000023524,0.10644200000000126,0.3606621856232195,0.12149132019370867
3.0228339033333356,0.06373200000000168,0.22687200000000018,0.36832614350706194,0.11989514439695981
0.08323932000000056,0.09629800000000088,0.18297199999999947,0.46650413109562905,0.5419717454717627
1.5381667146666622,0.9412940000000027,0.26952400000000054,0.6140508209902649,0.3356725542500385
0.6859697459999978,1.1822909999999993,0.4138939999999991,0.38736985718127315,0.6289242174978718
0.7276376846666643,0.9032169999999979,0.5119799999999977,0.7741711511358851,0.5836120330682313
2.167154570000001,1.2834380000000003,0.7750149999999998,0.6005720319251111,0.6597182883914954
3.730010270666668,1.5532679999999992,0.660692000000001,1.2556090831824243,0.8051885015381188
0.09030419933333533,1.619346000000002,0.8079719999999995,0.725905475616603,1.0175343531923122
2.017677058000004,1.6388800000000003,1.0202500000000008,1.4920881487356485,0.9502473795403716
2.183366229333334,1.5100449999999999,1.4416960000000003,1.1505281087889436,1.0657527275031669
2.966954880666666,2.0659799999999997,1.4365749999999995,0.7760025200552985,1.1682483975613387
0.33436814266666914,2.0800339999999995,1.4970310000000016,1.1876858058502187,1.1067490809352005
0.9757503913333316,1.445094,1.6322389999999984,0.9745108020843016,1.2676549452552823
0.16166255066666757,1.4903873,1.476961000000001,1.4853100535866552,1.3271811381169023
3.2478995092666665,1.1778047000000003,1.1339083999999993,1.2071811206132166,1.4427377237245302
4.261545782066667,1.0508972,1.3184426,1.3171325733173154,1.415166648970386
1.1937315619333333,0.6597665999999998,1.4543263000000008,1.3130128119052333,1.4219656792986939
0.7617097256000003,0.8554368000000001,1.0652334999999997,1.2182770271753864,1.3879365958574201
0.5639036044666668,0.5646338,0.4595317999999997,1.0783474029751159,1.1996860113080563
1.5075240183999996,0.39668950000000014,0.6673127999999999,1.0633828207180998,0.9185209678718519
0.5621428728666666,0.3234950299999999,0.6624318000000002,0.8486336152861342,0.5864412916048559
0.2926427118000001,0.22692054999999994,0.0,0.6535578691030672,0.2321514914437378
0.4977843933999997,0.40739534999999993,0.0,0.7985220216156601,0.4316548875531423
0.6375526541333336,0.47725870000000015,0.3958071,1.0238358833481875,0.6840852434304978
0.9893089248000002,0.6162849999999997,0.9268708999999999,0.9045819674436015,0.9125003999268371
0.5849235461999998,0.8890022000000002,1.1651201999999998,1.4649805816427213,1.2351380179861828
0.9823088841999996,0.8648421000000002,1.1630755000000002,1.2266955106706146,1.3949339893411605
0.32502043173333384,1.2847747000000003,1.1932004999999997,1.3032176092668237,1.5220887850927918
0.015112239933332994,0.8904739999999993,1.4661168,1.1662967256117422,1.6731750288467584
3.3683025320666653,1.6271076000000004,1.4815700000000005,1.8364364265046813,1.8815431583822342
0.8156847229333355,1.1007914000000003,1.6110920000000002,1.4508401593537403,1.5315134639909314
0.11872802766666801,1.59314,1.4834510000000005,1.521532844167508,1.3567739269117727
0.8517939309999996,1.1583469999999991,1.609589999999999,0.9126274176735709,1.4366905334821585
0.913101043866666,1.3969110000000011,1.5342959999999994,1.2206829448952927,1.1755076549497208
0.6730391619333354,1.185535999999999,1.4392690000000012,1.2372155334659602,1.4102013593952076
14.033719326799998,1.2482474999999997,1.1478959999999994,1.1216725520859931,1.1650037298723426
7.634030920266667,1.178423500000001,1.429825000000001,0.7728140386127542,0.7849750598362455
3.3617169755333336,1.3414119999999983,1.0010469999999998,0.5934152795532093,0.9604207698175564
2.6940617527333295,1.0763740000000013,0.924513000000001,1.520992598656978,1.0752360844158702
9.304314231999994,1.253540000000001,0.6841809999999988,0.537675107927214,0.7834743415526262
6.993137698666663,1.0158859999999983,0.5851100000000002,0.6592191408310271,0.2788313694111224
0.3192844920000013,0.5797260000000009,0.569779999999998,0.6364308478609928,0.5757270717489718
5.008992249333332,0.7214750000000016,0.3029350000000015,0.7748488814932308,0.396651168240961
4.051514058666662,0.39813999999999794,0.22845999999999833,0.5728634611059249,0.49064668741579
0.5853044886666652,0.6904910000000015,0.05386800000000136,0.6057178872397451,0.118375109741784
3.2021560906666657,0.455957999999999,0.081313999999999,0.17533666584210295,0.038687851043810895
1.3855688066666687,0.05139499999999941,0.022757999999999612,0.1270441422750821,0.12683605692221533
0.10914235666666272,0.14907499999999985,0.30203599999999753,0.1783727533539654,0.11376824483890502
6.137715573333335,0.031818000000001234,0.16949500000000128,0.3682445930795346,0.28856306655347197
0.5709867826666617,0.2776570000000014,0.03548199999999824,0.02803960310801301,0.35992881704206425
5.096682883333333,0.2690829999999984,0.1832790000000024,0.015407944690576159,0.10937735696527895
0.6717873753333308,0.3201040000000006,0.17858099999999766,0.7965172773943259,0.24197847316573373
2.080076980666661,0.14988900000000172,0.2863370000000032,0.7795119763798759,0.5834182188277914
0.4753012580000018,0.8968319999999999,0.4320959999999978,0.4292490552889774,0.43932073681882855
0.12802006933333132,0.7498089999999991,0.5082839999999997,0.7452041525445381,0.7977226545135103
0.7558776646666665,0.5258119999999984,0.7430170000000018,1.0368029689107807,0.6241783683877138
0.6989146126666661,0.6276970000000013,0.7807599999999972,0.7325369961134314,0.7967780095556556
0.937622559333338,0.9851540000000014,0.8201010000000011,1.5015340934032047,0.883835572387369
0.7872647659999998,0.8383629999999975,0.664828,0.7727141044611123,1.138420656370517
1.4099676619999961,0.8063660000000006,1.2597939999999994,1.6790119574740956,1.0516722555842968
1.304911267999998,1.1029780000000002,1.3735440000000008,1.2119112531161331,1.1866699588427814
1.351822502000001,1.7265440000000005,1.620715500000001,1.2637282653628592,1.2497273184947133
1.3666333213333335,1.8522370000000006,1.5634584999999994,1.3408309687943412,1.2289906071395826
1.5447938253333326,1.4099049999999984,1.4916540000000005,1.135570300385405,1.4643085817220722
1.6470906507999992,1.6873830000000005,1.5220640000000003,1.4644588914802341,1.5839561293885307
1.6979704157333355,1.7480860000000007,1.5319909999999988,1.5392142504851538,1.6780715114487847
1.7229411104666665,1.6933839999999991,1.4860620000000004,1.4255742284101887,1.6735803498572812
1.734380117533334,1.4238204000000003,1.2130953,1.400287664691227,1.6738339640414068
1.654338914599999,1.5453093,1.2078083,1.4133163481300484,1.6530756923610066
1.4471341424000004,1.4416687000000001,0.9168387999999998,1.2990173729717842,1.3701673130097685
1.1667207813999996,0.9747459,0.8995278000000002,1.0846791189246345,1.0133574221035726
0.7229422027333334,0.8018087299999999,0.6378014,0.9417293217166403,0.6316557195847843
0.3124860324666666,0.435906923,0.65282895,0.7621241914774873,0.3497471637744476
0.3460289062666666,0.43491644,0.7709246999999999,0.9162353165288106,0.6170841937081488
0.41073790526666687,0.8322863,0.7947814000000002,1.1255586293690016,0.9073452572122518
0.3980326139999999,0.9593729999999998,1.2657616000000003,1.1005043947969506,1.1186989549835022
0.3373755476,1.2597053000000002,1.2273721999999996,1.334610148483982,1.378746759202837
0.26784405093333286,1.2156624999999996,1.247961,1.3545052626513918,1.469591140748462
0.611308929333334,1.657114,1.2232317999999998,1.3758705146609076,1.5284215026583094
0.883255999866666,1.2570426999999995,1.5149287000000005,1.367629922765122,1.6061659490122624
0.6479495866000007,1.9036300000000015,1.4708810000000003,1.485792193831541,1.8064644356508435
1.6522202789999998,1.3789629999999988,1.5425550000000001,1.6382632691413335,1.4498109656750984
1.2675085034666669,1.666162,1.3506129999999992,1.1746552431205135,1.3018327084393864
4.327801231066666,1.2403580000000005,1.3999120000000005,0.9211241907444574,1.3605398379119986
2.750494939866666,1.346202,1.4117650000000008,1.208668189982001,1.1468269142337935
5.646875235333335,1.1177250000000019,1.2155190000000005,0.9881760014115777,1.3024062128141694
1.3243219653333362,0.9795969999999983,1.0002649999999988,1.2908528475233112,1.112278402235507
0.6067072613333373,1.0751150000000003,1.308927999999998,0.577635309944867,0.711524734875514
1.1868466733333314,1.018501999999998,0.8270440000000008,0.38700179531046075,0.8938987708329087
0.8232314986666687,0.5490450000000031,0.7695360000000022,1.0155483895768427,1.0015095819553217
0.3818750893333309,0.9447669999999988,0.6174409999999995,0.5568098207108356,0.6578371994966616
0.5879415533333336,0.5954879999999996,0.4423659999999998,0.5175807759838307,0.1882553967848395
0.38375956733333183,0.2816119999999991,0.44664399999999915,0.6176704883479687,0.5191240348788497
0.2842932673333358,0.3667170000000013,0.15810300000000055,0.43250796433746785,0.3511912033443032
0.3259901126666662,0.07145500000000027,0.02787100000000109,0.4280665506074328,0.47461016129165046
0.2573260440000027,0.4987199999999987,0.02148199999999889,0.4200470617837766,0.03497690735729719
0.26096735799999493,0.266649000000001,0.04318200000000161,0.31837408467488615,0.014310873112343359
0.027577823333338358,0.05353600000000114,0.1453649999999982,0.3547800756970929,0.18704184410816538
0.01274393066666235,0.03321799999999797,0.21947600000000023,0.07117482411090137,0.13594553356167793
0.03793079333333438,0.030180000000001428,0.20682199999999895,0.4424197699577128,0.2436584425378605
0.012598028666669592,0.3420489999999994,0.04501300000000086,0.2639658028774292,0.40789915800023735
0.3966245153333361,0.25368100000000027,0.10819700000000054,0.14406515359472394,0.08309715465607681
0.40800362533333256,0.2977729999999994,0.18337999999999965,0.8110111660844623,0.2137639019226576
0.4920683166666642,0.26855700000000127,0.18696200000000118,0.826718871062873,0.5717606328736586
0.3021447879999961,0.8664799999999993,0.38977999999999824,0.28722959707283735,0.3976485910076093
0.6777279206666726,0.7519610000000014,0.4798940000000016,0.7217120795930505,0.7719986348982886
0.5881613493333298,0.3701819999999998,0.734061999999998,0.7815544217199637,0.6023461449413716
0.9631337560000013,0.6234830000000002,0.909085000000001,0.9028327165297299,0.8527058292957577
1.0573405553333366,0.896408000000001,0.8258480000000006,1.1174147432426125,0.8907378994213992
0.9956901553333317,0.7917349999999992,0.9853109999999994,0.7313037521165491,1.1374402694405426
1.068402471999999,0.7868899999999996,1.3343050000000005,1.3109992675264017,1.0104048921461732
1.2089313080000004,0.9803919999999984,1.4784430000000004,1.16441297088031,1.1309350726892973
1.3137976580000004,1.5839230000000022,1.6309199999999997,1.290485898585942,1.2006895568117546
1.327030473333334,1.7355399999999985,1.7167010000000005,1.2636742590435386,1.2255765882202425
1.5065040893333332,1.2909430000000004,1.5396279999999987,1.0787045185087774,1.4392557782517965
1.5757379894666652,1.5563029999999998,1.4823150000000016,1.282595004273805,1.5861842920822031
1.6362544482000008,1.634125000000001,1.5872445999999991,1.4957279495803153,1.741493200667552
1.7388196619999992,1.6371759999999993,1.4236961,1.388506457474202,1.708184360408092
1.6769128901333339,1.3822900000000002,1.1416852999999998,1.3511713834504864,1.6842600343771252
1.5950386721333336,1.5427245000000003,1.1108000000000002,1.3870192454718406,1.5988633204817075
1.2979591633999998,1.4813479999999997,0.7941474,1.3238970480721877,1.3006874118799405
1.1595956929333333,0.9569491000000001,0.9087000000000001,1.0967410165572462,0.9491161511683287
0.6984946727333333,0.8344297500000001,0.4432067000000002,0.9530412709500694,0.5972411030319095
0.3021341144666667,0.444186466,0.6067680000000002,0.7165789071731207,0.35179369382819015
0.2404685729333335,0.58330142,0.6575880000000001,0.8521142316100923,0.6020681503916298
0.5073831026666665,0.8126179,0.5684262999999996,1.0305530568925145,0.8935994357542132
0.34194350819999997,0.9625506000000001,1.1033103999999998,0.9941621389249478,1.0931767019388055
0.9329048057333333,1.2863646000000002,1.1461263000000006,1.3795338673003714,1.3226762349043808
0.8803451471333332,1.322267,1.2245935999999995,1.2889240234521724,1.3752146724606513
0.7320488992,1.6419519999999999,1.0875294000000002,1.3001205559393192,1.4114597094641104
1.4860130876,1.28205,1.3556340000000002,1.2551791745670773,1.5272188979250823
1.533765885466667,2.1056945000000002,1.5597460000000005,1.6699072456414612,1.7324150490180177
0.7224230170666663,1.5401434999999992,1.5326829999999987,1.5400036164496758,1.364812005226769
2.6042223298,1.7346389999999996,1.4055930000000014,1.367570339520153,1.2463203248276837
2.1137431340000017,1.3067220000000006,1.572018,0.8674206092373833,1.3981417011265354
0.9293392035333365,1.4835900000000013,1.3314619999999984,1.282166031878642,1.1930732407554778
2.652233475533336,1.0761310000000002,1.4623109999999997,1.0464769151252256,1.3834503317311455
3.242362582,1.1236089999999983,0.9485419999999998,1.2449358918703446,1.1716839377799104
2.841459556666667,0.9476480000000009,1.0895290000000024,0.6634046200940382,0.7824619652073324
1.9648550833333331,1.0895079999999986,0.8398459999999979,0.4821302193158452,0.8945261367210904
1.047864434666666,0.6537480000000002,0.6581950000000028,1.1807970562348125,1.0123449490158904
8.351326624666665,0.7688120000000005,0.536289,0.570946884738408,0.7038303005717488
1.651916942666663,0.6838529999999992,0.35271399999999886,0.8119321746676142,0.2719192081864392
4.174901964000007,0.27301100000000034,0.5000159999999987,0.6826908486453256,0.546255489440064
1.8624814839999928,0.3765210000000003,0.07585300000000217,0.6149078783392596,0.4174921982126918
0.5355626593333298,0.04502300000000048,0.1806789999999978,0.5263616488870717,0.456137143086945
2.083171760666664,0.5414850000000015,0.006907000000001773,0.5875858792778885,0.06722841265591839
0.11073616266666697,0.2993339999999982,0.05629199999999912,0.29722087404664066,0.02811642262886238
2.8930582606666597,0.005099000000001297,0.01886999999999972,0.22713313179671957,0.0807376571964511
1.684342751333329,0.028582000000000107,0.3703290000000017,0.0039766863785466455,0.07852702911436182
4.128173828666668,0.09745399999999904,0.1480809999999977,0.29950956499618187,0.2560901745639512
3.269511087333335,0.4014020000000009,0.13532800000000123,0.0852930247160657,0.37091584158657653
2.725156548666668,0.427187,0.10630000000000095,0.021810581511765292,0.0770965109564834
2.32403226466667,0.3738779999999977,0.4255449999999996,0.906393727697111,0.20624340545720088
5.258602333333332,0.37269799999999975,0.386374,0.926458317548061,0.5281587777105763
1.7929187606666623,0.9606550000000027,0.5028930000000003,0.13430449932064192,0.40188451030709516
4.84836622666667,0.9553949999999993,0.5040449999999979,0.8870311903731398,0.7147476411867579
3.5897155533333347,0.44689599999999885,0.7882890000000025,1.0108793013611113,0.5821699329987347
0.26374757333333676,0.7422690000000003,0.7847189999999991,0.8706160690137779,0.8251091557055013
1.118766092666661,1.0840530000000008,0.8091119999999989,1.4446149468541627,0.9092395881803625
1.1457890940000048,0.9369160000000001,0.804507000000001,0.7572309823257584,1.1636099606251946
1.046306349333328,0.9714570000000009,1.1433099999999996,1.5116870493103498,1.0314223668253604
1.250939257333334,1.063152999999998,1.3538060000000005,1.2495755795696066,1.207619175710498
1.2836279840000024,1.8466020000000007,1.6028149999999997,1.3195695808005716,1.2349448377080297
1.368137583333331,1.844270999999999,1.4859609999999996,1.355865035203344,1.2348154435058305
2.624701737133334,1.5026430000000008,1.5413259999999998,1.1377757330190388,1.476170752911738
2.545932008066668,1.644969999999999,1.5136640000000003,1.4580853314520823,1.618541316046631
2.1641058193999987,1.7055487000000005,1.4962920000000004,1.475177339327809,1.765953013459411
1.394988009066667,1.5930173000000005,1.5618749999999997,1.4204373225377092,1.7259530159753655
1.684879850866667,1.1810109999999998,1.3372789999999997,1.3432936671985214,1.682546049887364
1.3894998394666662,1.4352234,1.2397134000000003,1.3629273476631738,1.6030125135274385
0.8887948378666669,1.2022282999999998,0.8155801,1.3375163237282681,1.3074058446032577
0.34921518780000005,0.7408156,0.8276482000000001,1.0001923447409529,0.958843546440091
0.3524432334666665,0.30141056,0.12301116,0.6516987844043209,0.2831177785073067
0.9471269255999997,0.44932862999999995,0.57440211,0.7643426876819834,0.4914633863193148
0.20415061240000032,0.7085878,0.80594473,0.9391041689409692,0.7508056131573801
1.4017966772000006,0.8593775000000001,1.1646527,0.8680860584760275,0.9805315168666322
1.7645809556,1.2440232999999998,1.4226989999999997,1.4434334758145493,1.244088441358166
0.4703751256000004,1.1782499,1.2440977000000002,1.1798175280662067,1.3643176644580697
2.182412461666667,1.6749765000000005,1.179132,1.2418039605966182,1.4571501015993338
1.4182666717999988,1.2398045999999994,1.4919846000000003,1.0962322577540773,1.5888728065688236
4.173008805733335,1.9280284000000005,1.6293380000000006,1.7992969887818404,1.8075564311382788
0.1163535948666663,1.4213640000000005,1.6664709999999996,1.4877539644553082,1.4216505114064137
1.3664073708666677,1.727238999999999,1.2872039999999991,1.6019292606476334,1.2466349832019787
1.4519899239999994,1.2993369999999995,1.545917000000001,0.844109577674029,1.360645378288897
1.0802719346666638,1.4402100000000004,1.3050854999999988,1.2217616029320517,1.1169944734527117
1.1402260446666688,1.1773990000000012,1.303136499999999,1.2507553976750128,1.3879612715359002
1.0107195066666677,1.0838870000000007,1.0930239999999998,1.1633753902104154,1.1096623774978056
0.9005133779999994,1.0826499999999974,1.206780000000002,0.6525866061379126,0.7892836412350448
0.742084722666668,1.1387719999999995,0.6723600000000012,0.651418762322038,0.9834058243375665
0.7194215813333287,0.7495800000000017,0.8706379999999996,1.3000870162093747,1.0979721929959823
0.7470197813333357,1.0555330000000005,0.5657019999999982,0.5943697043414495,0.7717589664899727
0.6712398819999983,0.7127029999999976,0.5000300000000024,0.7476083271201759,0.3069608117758946
0.3091064720000034,0.3070420000000027,0.5684639999999987,0.7840236729563017,0.5327693400763245
0.18289451799999767,0.44275599999999926,0.17907500000000098,0.5165670163018881,0.4333782615614865
0.4627990866666636,0.08060400000000101,0.11832599999999971,0.602398853456382,0.5453843323906433
0.2843669473333357,0.4756939999999972,0.008836999999999762,0.6790916173108705,0.1811839805254749
0.06351253066667084,0.2305860000000024,0.22020999999999802,0.17125567050648982,0.09924226695360971
0.1270975700000001,0.10710500000000067,0.10366199999999992,0.1574957481496817,0.11668397177554723
0.12408304400000247,0.05450000000000088,0.26089999999999947,0.1385478620605909,0.0485954344613404
0.1532603640000012,0.10295899999999847,0.04750399999999999,0.27860349436044274,0.23134733395736617
0.5701359219999986,0.41786400000000157,0.11687799999999982,0.051766767144936665,0.36591353900314516
0.29650571866666553,0.3910859999999978,0.17052599999999885,0.10367040028189933,0.1759808611885454
0.582205991333332,0.4405999999999999,0.12477600000000066,0.90374282203598,0.2909940191362743
0.333074875333331,0.3265740000000008,0.27242800000000145,0.8616893660993341,0.6978592054777124
0.467161564666668,0.9433369999999996,0.4626689999999982,0.07961441352319554,0.4621044297930297
0.7600857246666699,0.7910190000000021,0.4249270000000003,0.8960130275511915,0.8184181404365489
0.7810670833333333,0.535183,0.8118610000000004,1.0605473903862865,0.6337920427806196
0.7370726033333312,0.6098180000000006,0.6835300000000011,0.9202750334059395,0.8231657817906033
0.9067355759999991,0.9401909999999987,0.9440949999999972,1.4249672404740394,0.8917131570492316
1.006790254000002,0.8231310000000001,0.8154440000000029,0.7991164118935785,1.173728591223476
1.0999135473333297,0.8147510000000011,1.248932,1.4339823861370071,1.035985856707054
1.3054820413333363,1.0863249999999987,1.645884999999998,1.3781501225738708,1.1980286457267617
1.1997763686666634,1.706442000000001,1.857189,1.3149972536660233,1.2299825068253831
1.3253553193333385,1.7682379999999984,1.6413100000000007,1.2555174346764755,1.212147183991533
1.3335104206666646,1.3429210000000005,1.690747,1.0688091697871531,1.4136552899881174
1.5550848070000018,1.5778320000000008,1.5802859999999992,1.471162461035627,1.5168473846279724
1.7030359627333311,1.6950639999999995,1.5894973000000006,1.3778154218293928,1.6351365321237985
1.6122867504666676,1.6165135,1.5280142000000003,1.4365470137433345,1.588750314388638
1.7761514960666664,1.2693944999999998,0.9305504999999998,1.3277446249234286,1.5924003366243573
1.4963954401333335,1.4437424,1.1644793,1.3286450670415704,1.5576175978242053
1.2194620775999994,1.3727746,0.5908794999999998,1.3079331940334007,1.311469747379855
1.1230552555333335,0.8735181000000001,0.6092106000000002,1.0252820687679267,0.9907875982450609
0.7518149740666668,0.6930109200000001,0.5429789999999999,0.9440271916986795,0.6484889011591155
0.5555403494,0.03060528999999995,0.5594608000000001,0.6853590013563396,0.3307117971648478
0.5937552834666666,0.24296042,0.6056718999999999,0.7857952737828187,0.5622884875331884
0.4729430019333334,0.26430106,0.5458623,0.9510938667818936,0.8346552009472723
0.8384767295333337,0.37847347,1.0065590000000002,0.9407238959080817,1.0460969314327035
1.1559297787333334,0.7324424,1.0435213999999995,1.3124186734236352,1.3066761144020673
0.16070259746666693,0.6726113999999999,1.1123753,1.223792771464911,1.365859485222913
0.30225554080000094,1.1642976000000003,1.1149453000000005,1.2207931204430764,1.4134407005016003
0.18961498560000045,0.8094839,1.286173999999999,1.2373075434639604,1.5246087769344463
1.4050179511999996,1.593299,1.4517640000000007,1.6713743145722564,1.7189391382572126
0.5619012034000006,1.1460466999999994,1.3760195,1.5102752369127277,1.3718195239440778
3.9475815613333314,1.7321312999999998,1.3609314999999995,1.3111375934854106,1.2271230549122656
6.092051225266667,1.3438680000000005,1.4501885000000012,0.8658409093375798,1.3711947588612148
0.2811723619999995,1.594252000000001,1.3285385000000005,1.2897280606563335,1.1425554618576808
0.9700887893333316,1.4224679999999985,1.3008659999999992,1.0251434900645364,1.3786838697468369
0.9283526826666701,1.514641000000001,0.9708380000000005,1.3029453213858275,1.1473792469991153
1.0066216079999997,1.3619640000000004,1.1800899999999999,0.7029205195171038,0.799826520439396
0.8254463833333325,1.5338299999999983,0.8892649999999982,0.539793331311305,0.9303728845841697
0.7685286900000037,1.2724270000000004,0.7052289999999992,1.1571082061023361,1.0548457279012524
0.698118025999996,1.3527070000000023,0.5563890000000029,0.6109865288765448,0.8204181437176601
0.587183478,1.0622769999999981,0.44096399999999747,0.8839539172665063,0.26841419315842785
0.4900512833333295,0.555097,0.5216270000000023,0.6449890146221904,0.5473396185606774
0.42924264666667256,0.7042010000000012,0.1754630000000006,0.6727699322145924,0.43127523970379045
0.3420500733333327,0.3141350000000003,0.21096199999999854,0.5440118593839465,0.4910195970346223
0.12340551266666822,0.622557999999998,0.14366899999999916,0.5633165292946103,0.09871618563004958
0.18679943866666093,0.3750540000000022,0.08201999999999998,0.443466498396635,0.07920182925908037
0.06398371200000597,0.09135300000000157,0.07374199999999931,0.22208334484275483,0.10604457845397874
0.07206525200000158,0.05027199999999965,0.22337499999999721,0.019206815791893206,0.058838858678420536
0.11347631400000324,0.05382699999999829,0.11400800000000189,0.23188566360020957,0.25258917517097146
0.12041662333333036,0.3274229999999996,0.05238999999999905,0.04757511556160665,0.33400069546148003
0.2021293919999998,0.3046090000000028,0.08573700000000173,0.05060276598112523,0.11818075900867342
0.38391138266667113,0.39304199999999767,0.26716499999999854,0.7630790465323471,0.20875391596274895
0.6474825259999939,0.17267200000000216,0.3297850000000011,0.9101567486657807,0.5600434535669336
0.5714585560000032,0.9255490000000002,0.4505920000000003,0.07881186816520724,0.4257381884993521
0.6750881826666628,0.7221279999999979,0.5625839999999975,0.852126208251331,0.7075361005044485
0.7976119980000043,0.5984470000000002,0.7588850000000029,1.0224512653432072,0.6038892163605425
0.865867031999997,0.5726499999999994,0.8802429999999966,0.8618980161388698,0.7978702761167717
0.8013198280000005,0.9364160000000012,0.7492940000000026,1.3849968662049363,0.9061107082948006
0.9230433513333338,0.7802700000000016,0.8063569999999984,0.8228845595935006,1.143467289878405
1.0607737726666677,0.743859999999998,1.1718790000000006,1.5065945587759266,1.0748452230566485
1.251346832666668,1.079274999999999,1.2856950000000005,1.208322673444716,1.1671528541908334
1.2827334986666656,1.6864380000000008,1.5109449999999995,1.2946057934987003,1.2217273367858024
1.3828454913333292,1.7700260000000014,1.4929550000000003,1.3587511559554244,1.2014932970212513
1.4521649906666685,1.3117539999999988,1.4489540000000005,1.157199088753444,1.4162290666248367
1.5962445612000007,1.5750325000000007,1.4731489999999994,1.4726124124367868,1.5792264268128928
1.6871328763333349,1.7109515000000002,1.5414130000000004,1.5004859830079127,1.743201153379351
1.600713199066666,1.615595,1.5027355,1.4104557005973355,1.740433311173092
1.661670002466666,1.3050762999999996,1.2605872999999992,1.3297019521539202,1.6880691123112497
1.5809896020666674,1.4413693000000003,1.2690639000000008,1.3967352862355842,1.6116703737755942
1.3927264689333332,1.4032657,0.9113211999999997,1.3488481309588116,1.3276941620665248
1.1171106874666668,0.9589315999999999,0.9826609999999998,1.024967484618057,0.9872966201299012
0.7521868322666665,0.7818993999999999,0.6118008000000001,0.9517027173507957,0.6428230635135722
0.43739957553333314,0.28992127,0.5457064,0.7063658085063563,0.2768244891651775
0.6440369357333335,0.4349772499999999,0.5289165,0.8294780089316098,0.49039571132724863
0.6237936746666664,0.7108156999999999,0.6105471000000002,0.9827249754037979,0.7608820164469768
0.6051729602666671,0.844721,0.9838524,0.956096171150675,1.0027692447838505
1.0703836037999999,1.2872896000000003,1.0983829999999997,1.3420794034064718,1.2769123518323315
0.8513468252000003,1.2802381999999999,1.1197416000000002,1.2507057651696094,1.3487613475977431
0.14062930806666696,1.7419085999999995,1.1834483999999996,1.2783801210188939,1.4572298455313843
0.6087248131333327,1.3027810000000004,1.329243,1.2552350384963784,1.5795114611814833
3.986998103266666,2.1190169999999995,1.4412459999999996,1.656927881770434,1.820044269813014
1.6839150418666664,1.5589200000000005,1.4456710000000008,1.5163268014633964,1.4230787154473354
5.790565327533332,1.7670060000000003,1.4267029999999998,1.324484308454858,1.3003738361652797
1.602921315600005,1.3547779999999996,1.4069020000000005,0.904207346882016,1.4168630877102188
1.7017421889333288,1.4812010000000004,1.355143,1.296033143940047,1.2084508679090735
1.0241501920000005,1.1474890000000002,1.276052,1.086261550923183,1.4302216366875964
1.0062572906666674,1.100359000000001,0.9080750000000002,1.2589343517837897,1.2035944050003131
0.9372747879999999,0.9828469999999996,1.1760079999999995,0.7702149318053877,0.7739661097542445
0.7135993220000003,1.114291999999999,0.7574889999999996,0.5115469444883729,0.9324758991269633
0.7907456366666672,0.6704280000000011,0.7070900000000009,1.1825315779629442,1.0831847833872388
0.6281142399999986,0.9893699999999974,0.5826409999999989,0.5844791492574153,0.8101604919307057
0.5989953353333313,0.7512260000000026,0.30716699999999975,0.7914830564532487,0.2794809351933232
0.6967088766666691,0.3518359999999987,0.4623249999999999,0.660071686563878,0.5222689058909502
0.33639124466666814,0.4462660000000014,0.12942300000000273,0.5901182881424809,0.39986979687970603
0.2568365953333327,0.17367699999999786,0.20025999999999655,0.48443678786442135,0.46291818852882827
0.3240428599999987,0.6161899999999996,0.045509000000002686,0.5584302419616805,0.1057884055095748
0.02324092333333283,0.38492000000000104,0.07879699999999801,0.32369869774809956,0.08504119500118179
0.011954525333333521,0.07450700000000055,0.02511000000000152,0.27862640673356154,0.15053483045841887
0.09324270800000178,0.12533799999999928,0.19158200000000036,0.08880955230447896,0.10380429643285183
0.07881503999999495,0.019854999999999734,0.014009999999998968,0.33935639807808116,0.21550080263351745
0.22495790333334043,0.32247899999999774,0.10053100000000015,0.11206776924331052,0.3700392178165295
0.33697822399999566,0.35283500000000245,0.003991000000002742,0.09256915495206641,0.11603343714916647
0.3357445219999988,0.31183599999999956,0.19082500000000024,0.7190877020625095,0.25243474840058155
0.5732707240000003,0.3044319999999985,0.2227250000000005,0.8966766410979332,0.567474773616631
0.6306346366666666,0.9448450000000008,0.36296899999999965,0.23455511524930728,0.43238200536506
0.6276707779999988,0.8244860000000003,0.5444560000000003,0.8275444895350503,0.6947330110518095
0.49308294933333485,0.43327700000000036,0.6069150000000008,0.9296201731480416,0.5677871702584625
0.7846007260000007,0.6374150000000007,0.7812570000000001,0.8670594381027605,0.7528234317430176
0.8686309026666663,0.9365329999999972,0.7423120000000019,1.416884910480352,0.8940559848257905
1.027309439333333,0.8145060000000015,0.7973649999999992,0.8216606156860315,1.1612238512747624
1.1442943559999996,0.8452160000000006,1.1768189999999983,1.4635434635712912,1.0732415327349472
1.1087160360000023,0.9987460000000006,1.324352000000001,1.212069177686626,1.1836223464825455
1.3514656073333313,1.7478779999999983,1.521001,1.2667882727170898,1.2475837219282333
1.2962536020000002,1.8106350000000013,1.5450549999999996,1.3070654065497251,1.2062332048240236
1.9211393998000013,1.4198120000000003,1.5260580000000008,1.130209194798649,1.4348207720050912
1.7962175516666665,1.6794139999999995,1.4461839999999988,1.3845814483508896,1.5480326768636452
1.133664734,1.8183239999999987,1.4802554000000008,1.4770757138854709,1.6832769402501917
1.367169029066666,1.750381400000001,1.4893525999999992,1.3766273412906154,1.6264842324533353
1.7173886599333335,1.4239182000000001,1.230938,1.2940755949565075,1.587769325412264
1.7456562788000007,1.7139987999999997,1.2220270000000002,1.379568754133091,1.5506831047657812
1.5214903960666661,1.5377866999999998,0.8674415,1.3270286218592822,1.3298387725083503
1.2120166588,1.0496447000000002,0.8437288000000001,1.0453565508615537,1.067208669391505
0.5804951680666667,0.8288769399999999,0.4796440000000002,0.970698343837019,0.7647175161682501
1.1178179270666666,0.42139289999999996,0.5384784000000002,0.7755150648168352,0.33950133270710914
0.6546114145999999,0.6507228,0.4844531999999999,0.9307337559825273,0.5651578783422264
0.49170774419999974,0.7498017000000001,0.4875900999999998,1.099602566553712,0.8034522922428537
0.8890052440666669,0.8847183999999997,0.9856658,1.0714779212631633,1.014387906388432
1.8787152824666662,1.0347528000000001,0.8474997000000002,1.2271145995051445,1.268415826352737
1.4269261442000012,0.7884473999999999,1.0806166,1.3032044950148558,1.36335609486893
0.38058040539999993,1.1386132,0.9487984000000003,1.2981459802853337,1.4360916128995944
2.555697323133333,0.9196029000000001,1.1055149999999996,1.2713661303749983,1.5371475456988621
2.478032822466666,1.4565725,1.2953469999999996,1.261514001111978,1.7755697795431828
1.245921400000002,1.1959649999999993,1.211170000000001,1.5192048694002978,1.437735944813971
1.423325227333331,1.6236250000000005,1.2521459999999998,1.0571091882923742,1.2552372807726666
1.2633738513333341,1.3396439999999998,1.2675040000000006,0.8828454330913544,1.3285775437924698
1.2734856033333326,1.5663680000000006,1.140618,1.0506693012895276,1.2091678614174004
1.3722373346666643,1.399042999999999,1.331455,0.9765529485864928,1.3385758357622297
0.5295843103333269,1.4774080000000023,0.8604950000000002,1.27032772380986,1.1429741966955866
2.482674918333327,1.426675999999997,1.0700210000000006,0.5946014299185833,0.7241194035807119
0.8300737980000008,1.4203810000000026,0.8742749999999972,0.2874329233313411,0.9098756877565854
0.5867204846666674,1.0096269999999983,0.7861620000000009,0.7517030116703616,0.9685170881152594
0.4703081313333328,1.0004899999999992,0.5844279999999991,0.5247651998392691,0.7482115187651246
0.20687481266666907,0.7153530000000003,0.4016750000000009,0.4444738635110639,0.21247694781451187
1.4474878259999997,0.008637000000000228,0.5374310000000015,0.622696384019175,0.5036653837378111
0.24208295866666063,0.2401490000000024,0.10235199999999978,0.3091316617374993,0.3214911570370198
1.075583684666661,0.4634050000000016,0.2244269999999986,0.19803715805300115,0.3807556594813377
3.2633231613333322,0.018482999999999805,0.043098000000000525,0.33675706518904036,0.08161679156115298
3.2811370106666686,0.44048700000000096,0.027156999999998988,0.32982283371508814,0.017994853238761266
0.025301714666667863,0.8237419999999993,0.03514099999999942,0.4313630259793406,0.2046257680121144
0.16267619666666633,0.7629219999999997,0.3022090000000013,0.13312740054576722,0.20897853485169549
0.21770352066667087,0.698281999999999,0.1084050000000012,0.3583256693336416,0.19286233827171984
0.24156776066666197,0.8278500000000015,0.07771599999999879,0.3210954520106917,0.41444650417443896
0.22508641866666323,0.9264589999999977,0.05499100000000112,0.24696324090249178,0.11783892099987625
0.5630792933333382,0.8389450000000025,0.21729500000000002,0.6516866255164153,0.29189456922721035
0.4747430953333307,0.6602479999999993,0.29760299999999873,0.7797033151317834,0.6034964305430996
0.5125551806666699,1.1529989999999994,0.3139630000000011,0.23274564274575482,0.5394916243385204
0.5691828526666676,0.7875010000000007,0.47595799999999855,0.7061686853040889,0.8736851510564243
0.6809569273333302,0.5312409999999996,0.564312000000001,0.6016766844636336,0.708520397464298
0.7960554093333378,0.3082729999999998,0.6549039999999984,0.9059014920369002,0.8703622086617955
1.000545211333332,0.5374439999999989,0.7383630000000032,1.0391245971530232,0.8930333036104656
0.8673951659999979,0.2577280000000002,0.7017939999999996,0.7051196399998947,1.0965432672652824
1.6019556940000008,0.3861410000000003,1.148692999999998,1.0798337641794902,0.9880652392461808
3.5017187835999994,0.5179740000000006,1.281854000000001,1.074950331093122,1.0124349335984082
1.2363166949333362,0.9893129999999992,1.5174590000000006,1.1312841295402976,1.1359515538861835
1.944780534000003,1.1250870000000006,1.4668799999999997,1.1930891824691177,1.0880053315545641
0.2496840786666663,0.8125110000000006,1.3758009999999992,1.0529796607915163,1.3409165692348655
3.0675057718666654,0.940726999999999,1.4159889999999997,1.1418197024388839,1.4544358528899188
0.45105155386666596,1.2735080000000005,1.3909064000000004,1.368964956581621,1.5503454729133175
0.11352521560000284,1.1841536999999995,1.4166641000000002,1.3084893454546433,1.4897055989755623
4.370675189866665,0.8647857000000005,1.1640477999999996,1.22870438901146,1.4609343776336807
2.041140731733334,0.9903640999999999,1.1472927000000004,1.2626642326824404,1.4263622698514355
0.31779296879999985,1.1088632999999999,0.7511060999999999,1.2116178756384537,1.2285713936373721
0.8155692198666666,0.7745934000000001,0.7306241,1.0269139016612885,0.9932498590381496
0.5951060480666668,0.5832200999999999,0.6022028000000001,0.9069210402272022,0.707918671514399
0.6118629395333333,0.26644664999999995,0.0,0.7054606695224528,0.43176455378458856
0.5454731211333332,0.37922875,0.0,0.8049567618309956,0.6710570023262943
0.648144864,0.4094280000000001,0.6325954,1.0315247731373995,0.7996984262542215
0.8297118750666668,0.5093614,0.6084278999999999,0.787923436162334,0.9473513852056294
1.2990087889999997,0.9311093000000001,1.0326321,1.1001834284064778,1.0734480033516558
0.17240958006666762,0.6208095999999999,1.0562228999999999,1.1093119608616018,1.0362475033241507
1.1991614358666665,1.1071451000000003,1.2389367,0.8495838264433919,0.9556082485901474
1.0756488065333327,0.7852687999999999,1.5298683999999998,0.8733330116753208,1.0047154703449843
0.05669356646666568,1.1782307999999997,1.3202090000000002,0.8652335201557353,1.2700426400592688
0.7527368239999994,1.0048586999999998,1.6960626000000003,0.7824973421264794,0.9528804530001338
1.6757518366666684,1.5886440000000004,1.310048,0.7719797106103208,0.7506951392842574
1.0981672504666626,1.2750249999999994,1.3668130000000005,0.7475266732137165,0.7613885759025134
4.435652705133336,1.3164670000000012,1.4027539999999998,0.49722170005534316,0.7436085081500536
1.4413695073333326,1.1363029999999998,0.789657,0.8590292932497672,0.7977182413885995
2.9702637153333313,1.1487090000000002,1.018993,0.9487376752026737,0.5072583813106135
5.017386679533329,1.0562689999999986,1.1619179999999982,0.5576069976226563,0.3541903724817317
3.8486780316666707,0.9351299999999991,0.43748899999999935,0.16517649886155183,0.4338533953951469
5.541520790533335,0.3031579999999998,0.7487230000000018,0.1881502742381045,0.4241571865915841
1.2604007068000005,0.6578580000000009,0.4455479999999987,0.37719404678099977,0.3326643525885533
0.3045376851999997,0.14228800000000064,0.320133000000002,0.18117199201338785,0.011459368713273577
3.7278501279999965,0.17219499999999854,0.35235600000000034,0.6934414119725805,0.27234420807025295
6.713172080666663,0.06921800000000289,0.33679599999999965,0.16586138122691985,0.0592307839056776
2.8872665206666674,0.3194979999999994,0.1104699999999994,0.061222344056830025,0.1724496521073391
5.309787840666667,0.02618800000000121,0.03890600000000077,0.113809975870101,0.033570535046687056
1.1268382545333342,0.08482700000000065,0.1270370000000014,0.09564513999265145,0.2166156232541283
1.4930326997999988,0.2075409999999991,0.1306970000000014,0.2885575626709649,0.1565363465949865
0.45714365993333317,0.01296299999999917,0.040880999999998835,0.1466765342823635,0.14039288178033438
0.576216839533334,0.015119999999999578,0.26753300000000024,0.45477811382434474,0.253928146550912
2.2367997140666676,0.11122399999999999,0.16703199999999896,0.021859834613131568,0.19870175430389558
1.5178807658666669,0.056496000000002766,0.15471700000000155,0.08004743953000037,0.05296869954650596
1.9230472236000002,0.04068499999999986,0.04510299999999745,0.2616791155641227,0.01588571876639655
0.4392337993333326,0.01793299999999931,0.0985030000000009,0.04728706575296293,0.49375387860512987
5.186418367133333,0.569825999999999,0.4026020000000017,0.9757789609392908,0.3293869218088421
2.3908990486000015,0.28682099999999977,0.4146569999999983,0.3440382758220224,0.4609790227184227
1.9948223492666655,0.5333249999999996,0.7431280000000022,0.2593976142894636,0.2506484163614502
2.491161553333334,0.4517579999999999,0.9567539999999983,0.3922159608797333,0.43164391719162154
2.420766879866666,0.4964359999999992,0.6425669999999997,0.7503011578197238,0.539050682095441
0.6757857781333341,0.7363370000000007,0.7861240000000009,0.47142038504464345,0.7216061467607364
0.18260345099999942,0.8351050000000004,1.338849999999999,0.6858672294780863,0.6854370330787649
1.9879730647333331,1.1765615,1.3767390000000006,0.5938038303868787,0.7238730575193131
1.076257143799999,1.2720295000000004,1.3202470000000002,0.6701067877515943,0.8266063209078762
0.5954293283333332,1.583214,1.6746999999999996,0.7893837793615717,0.8000743676226243
0.3934356324000001,1.0484839999999993,1.620749,0.9846333581487823,0.8995170463724644
0.8914665067333338,1.1854415000000005,1.528162,0.8747528646788583,1.0663013901565943
1.3396904688666673,1.1565395,1.5073649000000002,1.1552185060801525,1.1737794936450312
1.0760467084666665,1.1056205999999995,0.9157912000000001,0.9133723196707422,1.0581924095673596
0.12648149860000002,0.7747257000000003,0.9363786999999997,0.9344121017159979,1.0835277220936343
0.43404761160000005,0.7184135999999999,1.0728213000000002,1.0622132309192107,0.9755289083880703
1.1141257594666665,0.90506,0.5914453999999999,0.7731364392261546,0.8295803586439319
0.7138268628000002,0.4654689999999999,0.4381315,0.8337599997137601,0.5984912553728194
0.3219413585333334,0.011535900000000154,0.38870809999999967,1.4184209923998248,0.25054779568724683
0.005297460866666603,0.18027859999999984,0.5176697000000008,0.3190531024255314,0.3579618676127724
0.7290814179333335,0.03782770000000002,0.6126479999999992,1.3266792734170592,0.4184683586897471
0.3303984233999997,0.20256320000000017,1.1075053000000006,2.1346654537680854,0.4243719147940417
0.6137953577333335,0.15881480000000003,0.47117189999999987,0.4680778234814902,0.38057154865980314
0.5169125569333337,0.05059739999999979,0.8933154000000005,1.4657982905054396,0.48593255256352474
1.6802940118000003,0.31947840000000016,1.3525329999999993,0.7120624807404781,0.8865400724502432
2.6384788778,0.1494065,0.9885579999999994,1.2318043680618551,0.637204491022068
0.17539610599999955,0.3738845999999998,1.2229220000000005,1.7122637295437464,0.6099990838308349
0.07583457219999978,0.14429400000000037,0.7919079999999994,0.6126214858141186,0.6588293238170264
0.7562920027333337,0.37549779999999977,0.7366945000000005,0.17665796625699492,0.8525056945796221
0.39370963886666654,0.1401344,1.0876195000000006,0.5402018110570541,0.8229107859013229
1.323693079266667,0.42219620000000013,0.5408159999999995,3.4903689033926,0.6817413433551058
0.09561347746666682,0.6195239999999997,1.0891670000000016,0.2010841850763363,0.6003930910683763
3.531916055400001,0.6400934999999999,0.5485629999999979,0.03642722108082097,0.7963064340624726
0.30996507733333356,0.43609650000000055,0.5962350000000001,1.546919303343099,0.4305828434162837
3.231748409266667,0.5409733000000001,0.724928000000002,1.5185843210049974,0.5805763963380155
1.0403020852666667,0.33943419999999946,0.41660699999999906,0.018058974242300962,0.2833403845320053
4.292825858533335,0.16527850000000033,0.6524380000000001,2.1552587555050593,0.6277187394464665
14.392176828133328,0.2535594999999997,0.06477800000000045,0.5588031604154011,0.26595554343847105
0.3691321440000017,0.23331949999999946,0.44321199999999905,1.6107836942259866,0.41750364987784216
10.724571864466668,0.029335700000000742,0.19576700000000002,2.6485563948514432,0.28389812103702283
3.86892297433333,0.20486929999999948,0.1462629999999976,1.9363412711709316,0.07493378406724283
0.5645007106000008,0.4151726,0.11179199999999767,0.9309405006619507,0.13425160901113742
4.707129138533331,0.4762529999999998,0.3023689999999988,0.25332315095050717,0.3179473934528634
3.8148480955333373,0.48883840000000056,0.3791100000000007,1.5394541573791614,0.26157982055970663
4.585411440666668,0.35518499999999964,0.04813199999999895,2.6090359511810846,0.8252324179363093
5.482164879599999,0.20851600000000037,0.39183599999999785,1.272540721983134,0.392025188937275
0.18781614206666664,0.48736159999999984,0.6556530000000009,0.9854085243179291,0.39385233321760893
1.2136743993333337,0.25809039999999994,0.46279300000000134,0.028768623906241686,0.8219804053495512
0.690390232066667,0.49888220000000016,0.7825819999999979,1.7735579902727743,0.45355290961256856
0.02726057566666551,0.38739539999999995,0.7137239999999991,0.5505732845677613,0.44980709656242546
0.05100632313333353,0.0902927,1.328521000000002,0.9843036292325102,0.3999471196585809
1.1449914736000002,0.3421949999999998,0.9413669999999996,1.2057042764217734,0.38505567912683514
0.7096421910666666,0.11233210000000016,1.3175799999999995,1.0960228256815814,0.7005974823425625
0.13645226873333272,0.03254290000000015,0.8611850000000008,0.7676763058225156,0.7319798943576759
0.5282867968000002,0.09130349999999998,1.4035060000000001,2.985871707314116,0.47932792860447293
0.23892513753333278,0.0340878,1.4815919999999991,1.0135647004115036,0.5045556676543876
0.7543799226666663,0.03509519999999977,1.6827547000000003,2.2373285002891876,0.6590272833383404
0.6167571814000004,0.1838468999999998,1.3303218,0.6268309404188113,0.44512140624262564
0.3941640553333334,0.027115,0.9708689999999995,0.9827065792595455,0.6212861962916332
0.32164505620000006,0.08434410000000003,1.2421911000000003,1.141632043566828,0.5207537825910755
0.15320519200000002,0.41931010000000013,1.08005211,0.3047850387362727,0.4515892023367347
0.01613641606666666,0.07190754999999993,0.17369089,1.361399670472812,0.34902122273419556
1.1999666847333335,0.31841414,0.35274479999999997,0.7848165139606129,0.45775149856335023
1.5222037377333342,0.11014099999999993,0.28237390000000007,1.1187807081465753,0.565155847535031
1.310393099866666,0.26897170000000004,0.7666291999999997,0.4780778954299558,0.6556089367244342
1.2912569446666664,0.06754900000000008,0.6623168000000001,1.2013064577680277,0.765354379004612
1.894965384933334,0.3377330999999999,1.2886974999999996,1.4294398950827336,0.7391058839133078
5.012397366666667,0.25800690000000004,0.47658100000000037,0.4791552803505015,0.5265213313263257
2.0876626954666673,0.15036039999999984,0.6431259999999996,0.9481939513729856,0.5623933806516659
2.9773669238,0.3443508000000004,1.0163200000000012,1.1067373877057243,0.8600409138680618
0.8874692825333339,0.02959540000000027,0.8114629999999998,0.6324374748951893,0.47945190923044745
3.7382259004666656,0.35282159999999996,0.7239059999999995,1.4401050226437935,0.31913520608997015
3.225137186733333,0.18006330000000004,0.8304825000000005,0.04627407025659025,0.5041367258326073
2.347994352399997,0.04609029999999992,0.42982549999999975,0.05492004891511648,0.36092920159737396
8.9728596478,0.03653499999999976,1.0162300000000002,0.6476160470824119,0.42397212543485363
4.364165045333335,0.2841271999999999,0.48081900000000033,1.403536282817674,0.23026592026440973
9.2010510456,0.2388450999999998,0.6311069999999983,0.569795897852515,0.15693638355724104
2.6241652183333333,0.3385802,0.6775100000000016,0.037930675027398664,0.39713260568655073
3.8330101092666657,0.08870719999999999,0.8678799999999995,1.3278358950268885,0.2306207339138826
2.7719009686666674,0.30031680000000005,0.6532429999999998,0.7472791715656601,0.4359437956710739
6.2215593213333324,0.09734719999999975,0.4478050000000007,0.5451439393427489,0.08345251338076665
6.064561744666664,0.43581819999999993,0.9497409999999995,1.5925962470413175,0.5836080285230789
5.822997885333335,0.29552830000000085,0.1666029999999985,0.25363404124558997,0.5138275549859621
3.3259891920000015,0.24133359999999993,0.6279850000000025,0.3235651830277604,0.6259925493760701
6.363804778000002,0.5638871999999999,0.11251999999999995,1.0310470536793837,0.3635883705950391
4.491206855333338,0.48887319999999956,0.04827099999999973,0.8048114966219693,0.008349105732170514
10.093603517999998,0.5509960000000005,0.2199959999999983,0.6100961338877866,0.21594153035814756
3.6067348449333334,0.5466523999999993,0.1854559999999985,0.07403372637243777,0.15276012368306624
1.179763575800001,0.3800756000000005,0.2710930000000005,0.714640249465134,0.4485204002465455
6.947458789933336,0.1360676999999999,0.07209399999999988,1.5821213148493527,0.04009315006985936
2.1376353510000037,0.5313043000000004,0.34394400000000047,1.8406796485695658,0.26569631376245617
2.826540319933331,0.2198519999999995,0.6947539999999996,0.6566258898239141,0.4641097787744979
10.223679217599999,0.40550700000000006,0.30232300000000123,0.09586913241446737,0.2826403454430615
3.6967508953333343,0.3283360000000002,0.6968449999999997,1.34026491238021,0.008841988525025712
0.5794915986666638,0.4248770000000004,0.5491215,0.040027109133930594,0.11335789742183522
7.453023546266662,0.2165809999999997,1.0024844999999996,0.3621799683486344,0.18735516203799385
7.288359707599996,0.7248509999999992,0.5336245000000002,0.5998290201272027,0.13774701831481373
3.010289375733336,0.4633844000000007,0.9605514999999993,1.2648877950841673,0.4587717107528988
0.47751843773333746,0.6961722999999997,0.8313170000000003,0.33003376036734444,0.5939161054143902
11.038440439666665,0.6458067999999999,0.9636980000000008,2.207861759550161,0.47821511380842097
6.043529448533331,0.6102851999999999,1.3147149999999996,0.26274620539814286,0.5134919608726811
4.1819115014,0.6143403000000003,1.2582135,1.2850024018952748,0.8033060173204394
1.9165282708666638,0.8008232999999998,1.0940598999999995,0.7874312881292518,0.7203036809368246
3.814401300600001,0.31500269999999997,1.0235546000000006,1.0900439267300097,0.8813603020300809
1.2486210217333333,0.33326980000000006,1.0540763999999996,0.9799183720432261,0.9287757086630313
0.26137062486666585,0.33288790000000024,0.9371266,1.3962480108988808,1.1572236281448136
2.9298134019999993,0.39619779999999993,0.7282660000000001,1.363109959129317,1.0295458067958236
1.7535299026666662,0.32170489999999985,1.019043,0.8201366894439017,1.0397653924058328
4.005198821333334,0.20122260000000014,0.6689803000000001,1.2820185534774717,0.9529810049225116
1.5111060493999995,0.36266580000000004,0.34622240000000004,0.9869615931156948,0.8788365335855306
1.2511840871999995,0.15221319999999983,0.4025921,0.9165231673142973,0.6545669609795827
1.2303235617999997,0.70142196,0.0,0.6846549289187389,0.36376497239586264
0.7742300640666664,0.6231958000000002,0.43094468,0.7465218846844788,0.5913199223518121
1.0426667118,0.6229524999999998,0.5459221599999999,0.9122443676254011,0.8439072515693953
0.20779722099999987,0.7322719000000002,0.92123296,0.8056385008979996,1.0544967133415248
1.1054263603333334,0.9491850999999998,1.0250009,1.2594772942252845,1.2957526174985996
1.553566379666667,0.9729546999999998,0.9518650000000002,1.1327769973992723,1.3470149677591277
0.385514590333333,1.2109614000000004,1.0672469000000002,1.141031455642585,1.3666125919895897
0.8850881425999999,0.9287635999999999,1.2425088999999998,1.1207191888591082,1.435284155261538
3.307195757133332,1.2521049999999994,1.2900963,1.6333469240382925,1.6581971980782146
5.092264290066666,1.077744000000001,1.2944231999999989,1.4085683868658627,1.2461174309415277
0.5590903921999995,1.1660380000000004,1.0919610000000013,1.350060784040041,1.1104038266939007
1.2263744663333334,1.1802859999999988,1.3236559999999997,0.9208495578705094,1.2255661828985254
0.778245040533333,0.7932790000000001,1.2674070000000004,1.0961292313335722,1.0085861116967365
1.4150704290666676,0.8151240000000008,1.014996,1.0547376298254587,1.198581496414814
2.3086225712,0.43039199999999944,1.0392839999999985,1.2419276966030317,1.0734307098324685
2.892661661466666,0.4195595000000001,1.338972,0.7751825283656224,0.7587947642566348
3.5921692324000016,0.07645049999999998,0.8293790000000012,0.5525977846979195,0.949118319576634
2.747575590000002,0.6469190000000005,0.8625240000000005,1.1829131006892446,1.0640915972047473
2.7766748089333344,0.23643150000000013,0.5115949999999998,0.6549334922839485,0.9277000560205337
5.5785853392666676,0.3770604999999989,0.6363529999999997,0.7661044856127361,0.30434102835624444
1.2601870348666653,0.34567800000000126,0.7137349999999998,0.6271176650206094,0.6320975898208907
0.7988086295333332,0.3321349999999992,0.3320919999999994,0.6631743485352679,0.5188132855755434
0.4511993228666693,0.08832199999999979,0.2603989999999996,0.4531619147897672,0.5970820104578713
1.3422894243999988,0.47387799999999913,0.20916599999999974,0.611241298978932,0.12712325270823044
0.23631664786666917,0.5415850000000013,0.1594219999999993,0.4273636940979877,0.1581053522859186
0.3876492681999988,1.0257379999999987,0.3231790000000032,0.146737816643558,0.09441842817814106
7.0591899866,1.1387750000000008,0.1958289999999998,0.12261836288487515,0.06156003892430206
7.359878279066667,1.0520949999999996,0.016484999999999417,0.22086434924579734,0.20709982525625747
13.009112262399999,0.6608139999999985,0.1773050000000005,0.13777582000209065,0.3348687306023663
12.839832048466665,1.0130960000000009,0.031989999999996854,0.09931523102308049,0.12653033124407287
15.195369365799994,1.0977689999999996,0.042158000000000584,0.45410519445962905,0.2455989078273184
3.1842115306666656,0.951271000000002,0.2273399999999981,0.8016142950496423,0.5604825126809914
2.0589199719999947,0.15823800000000077,0.44645000000000223,0.1632457905715583,0.4413211490808706
1.5949333186666657,0.11316500000000218,0.4615019999999994,0.6935553321092556,0.7231759622076908
1.0352840166666688,0.16840499999999992,0.8941060000000007,0.8803311834048841,0.6297047330952132
3.0433017117333314,0.42501999999999995,0.8491469999999985,0.8237256188227704,0.7544760366284002
2.452313323666665,0.5322490000000002,0.761101,1.0915841470005319,0.870102776221394
1.8248349373999986,1.1001549999999973,0.6624820000000007,0.8630315756480407,1.0997411857876607
0.5557151126666682,1.1354090000000028,1.3210429999999995,1.3539379705950019,1.0443101476039693
1.2506201033333326,1.4646410000000003,1.1097059999999992,1.1772494542018368,1.1243217778446422
1.8080645153333297,1.6336569999999995,1.470244000000001,1.188733534527982,1.1966592118019879
2.647470507000005,2.1083809999999996,1.2380809999999993,1.3003193638232755,1.149982265998867
3.875403531866665,1.5105529999999998,1.1388250000000006,1.1135953227564244,1.3623543664983089
0.49080092026666566,1.640815,1.2710080000000001,1.42657526709222,1.5071595681057204
2.057848550000001,1.4671449999999995,1.4892652999999996,1.458447948221771,1.6335614048104699
1.2239892971333335,1.5108195000000002,1.333138,1.3958791933901749,1.6366285544916286
1.2120513493333331,1.3066675000000005,0.9622887000000002,1.3665521774880123,1.5754957223687542
0.8931659073333336,1.2828247999999998,1.2379859999999998,1.4420699307694083,1.5479904454423687
0.5876108579333335,1.2497961999999996,1.0539233000000001,1.3185160592164356,1.316669667042495
0.7737410111999996,0.8112904000000003,1.1361388,1.1766654391249012,1.0556028329821763
0.7025747701333335,0.5807768999999998,0.6114622999999999,1.0547902351479426,0.747640157864522
0.6447842875999998,0.048132427,0.5727607999999997,0.9912634858108914,0.34281295631650777
0.5727290185333331,0.337966523,0.44184160000000006,1.1336739421122404,0.45165038479285535
0.8149758605333335,0.5252945499999999,0.43107960000000034,1.1592760943736669,0.6059358755877486
0.5884415557333336,0.3805590000000001,0.724313,1.6178872346181512,0.6771550362323828
1.0903304682666666,0.7152758999999997,0.8411211999999999,0.17361194461632135,0.6842537208597061
2.0994549265333333,0.6889174000000002,0.7170486,1.6732445468922155,0.7818549260988905
0.12602940193333367,0.8834746,0.9911576000000002,2.281675116819037,0.635658594889188
1.0764149025999998,1.0664959,0.9203939999999999,0.7353251787191954,0.6610105919169165
0.42953536573333295,0.9359573999999995,0.9571443999999998,2.3991953122691,0.6487488116865157
0.11956078266666559,1.5017003000000004,1.1360089999999996,0.3515159361584672,0.7770799679451388
0.23207033166666768,0.9547150000000002,1.0544270000000004,0.8156067062076726,0.5856428668649709
0.5714117025333341,1.6210039999999992,0.9461820000000003,2.548476671841284,0.281783918537708
0.803987804666666,0.9950850000000013,0.8799109999999999,0.6646937078313435,0.32793054764714125
0.016863711466666764,1.3974239999999991,0.8570840000000004,0.9474164060928061,0.39072282208881237
0.1495030977333336,0.7460190000000004,0.7240690000000001,1.3443901793226392,0.24244013280639898
0.15447022259999965,0.8744814999999999,0.7588499999999989,3.9584086229588795,0.027150168404748598
0.4993520762000001,0.7339105000000004,0.9370019999999997,0.09401259872023715,0.21262805621935854
1.6758678124666666,0.7741569999999989,0.5286410000000004,0.46131248669628633,0.2956215510668745
0.861210967666667,0.0988150000000001,0.7949079999999995,1.224789771748032,0.055242923441545244
0.2444189208666674,0.26355900000000076,0.6137490000000021,2.3094783578673983,0.05044993827631572
0.3470415494666663,0.05410700000000013,0.3631779999999978,0.5532062141246357,0.3485559321818963
1.0370731072,0.13393699999999953,0.7023930000000007,2.2683120441289475,0.47537145439699113
1.4183488349999998,0.11203099999999999,0.12000799999999856,0.4993656896665897,0.1006931389089818
0.4216450183333329,0.26780199999999965,0.2554090000000002,4.051558295895152,0.20101472571736778
0.39053477059999997,0.16455399999999898,0.14866699999999966,3.1719872150494304,0.39971588084117293
0.28995872153333346,0.15965400000000152,0.3137909999999984,2.109714791759494,0.33576260828708904
0.04486567780000028,0.011822999999999695,0.24498900000000035,2.4978036316623253,0.04863832609630059
0.39728704086666733,0.07586700000000057,0.14438699999999827,2.0878972896026866,0.3644567035209363
0.3711123143333328,0.20690600000000003,0.889204000000003,3.058483000465092,0.007228166455086615
0.7913121639333331,0.23330499999999965,0.2569049999999997,3.690680153769037,0.3317498082874204
0.7589699953999993,0.5060780000000005,0.5587059999999973,1.9255476383337644,0.08138547855004763
1.2205456128000005,0.5620630000000002,0.6583649999999999,2.7269005336055443,0.36709808673305844
2.2755599873333336,0.35052849999999935,0.4696940000000023,0.6932336137462123,0.41529166386067207
4.6870643984,1.376300500000001,0.7652389999999993,1.17590338312381,0.19188113342138902
0.25922017046666657,1.1858359999999983,0.6109299999999998,0.4297673952882377,0.02355603882992341
0.9137809426666665,0.9676780000000011,1.1464040000000004,0.7008154183235931,0.12683766245528982
0.22721176353333306,1.1498209999999993,1.070518999999999,1.2705111538079805,0.14982775482026867
1.4628519474000004,1.1246504999999996,0.854215,0.7928051143789361,0.17334279075332848
0.5732001423999997,1.0222211000000012,1.0930110000000006,1.6888133298201495,0.27457787245327303
0.022759266400000255,0.9311846999999993,1.2257099999999994,3.794701414139791,0.145006998187708
0.17536338053333345,0.6459507000000002,1.3642560000000001,0.9321057224257832,0.24000086110427166
0.3506306189999999,1.0604263999999999,1.1833303000000006,2.167451588033787,0.40728422177881285
0.5767403422,0.9770243000000001,1.2959389999999997,0.8518273020856366,0.40715608563316774
0.003648136399999946,0.3555996000000001,0.9958247,0.6929897258639954,0.5273083748457079
0.4278227444,0.6505437000000001,1.18127,1.1008370094284068,0.5647348260208602
0.5076786405333333,0.42363300000000015,1.1984298,1.941047569660399,0.6827408055347801
0.4934932932666667,0.4085869999999998,0.42961080000000007,0.7658885148607499,0.6113548882161108
0.2691800718666666,0.24023820000000007,0.7112352999999999,0.7964064718285808,0.7930252040412338
0.5906918433333335,0.14413944999999995,0.0,0.932341481684231,0.35040512048610833
0.9712843915301066,0.33845013,0.0,0.5041000778190432,0.142560975805062
1.0337700278073492,0.28935816999999997,0.0,0.5031318268039744,0.26453454859491976
0.8482778230666667,0.5982019999999999,1.1689588999999998,1.4233046054898124,0.8602159470617532
1.3043981095333335,0.37742660000000017,1.0294125000000003,1.240259577418696,0.9034076138820955
0.8909480489333332,0.7103047999999998,1.1167305,0.8141523373172346,0.9205774757614114
1.9959499664000009,0.4876459999999998,1.2749218999999998,0.934514882005498,0.9129321655569278
2.5262499003333323,0.7598537000000007,1.3670090999999998,1.428383201383367,1.2959042475198528
1.8601579948666664,0.5009142999999998,1.3429705000000007,0.7395770927656979,1.1006217576850492
6.054804585933335,1.2904564999999995,1.1593529999999994,1.7105844182688141,0.9119630481767231
2.9765573077333323,0.7590471000000001,1.1912990000000008,0.5222048819924492,0.9098622313992912
1.1198134915333338,1.2241343999999996,1.313540999999999,0.4813992067870263,0.9123852891997899
1.2112530661333332,1.009874,0.9890690000000006,0.777538368317062,0.9750857329134099
15.497445411066668,1.4434090000000008,0.9511719999999997,1.0726547304347367,0.9839512923048055
2.9378871809333322,1.3795009999999994,1.1384050000000006,0.7551436852409843,0.9452480730290507
3.3692803812666714,1.6383790000000005,0.6928959999999993,0.09870551535470007,1.066791610448261
5.3945820653333305,1.1962279999999996,0.7379349999999985,1.0404873764083238,1.215869473870331
0.07298317033333301,1.3383650000000014,0.8330790000000015,0.8200119910080055,0.9826155421491869
6.196766025533334,0.9122699999999995,0.5290350000000004,0.5270021967587439,0.4148861255298577
7.9095016267333325,0.5823019999999985,0.6453799999999994,0.8345940855132739,0.7251344061915681
2.1094578713333334,0.5666050000000027,0.22441500000000048,0.4470961114913692,0.45148100841404215
5.730336990000001,0.06421799999999678,0.30480599999999924,0.42876610253757264,0.6107605992985832
2.1114567179999995,0.06051500000000232,0.003616000000000952,0.8743263261567549,0.2479093876145484
7.754391717600001,0.25512799999999913,0.053603999999999985,0.23682718643842193,0.3033745251871096
11.932727968266668,0.794120000000003,0.05716999999999928,0.13216686247496767,0.0046014073007363265
5.452846340533338,0.7583260000000003,0.025525000000001796,0.4360405944055117,0.08403030415886548
1.231877796533336,0.8122539999999994,0.28611000000000075,1.1814530834569332,0.059604531198409916
0.21093934533333325,0.8605299999999989,0.12806700000000149,1.6985649932674853,0.08951571207160924
1.950603774000001,0.8377750000000006,0.2186969999999988,1.0216800459564581,0.17810199526188697
1.0415896033333318,0.8495910000000002,0.14659500000000136,0.716369905694453,0.1909623722625433
1.605828378266665,0.6461069999999989,0.08081100000000063,0.18560068287711573,0.5919190771897362
1.2435532377333374,1.112425,0.4252509999999994,0.5027057485943764,0.6539710878030114
0.13356226846666175,0.769248000000001,0.41469800000000134,0.740590335505825,0.682748596658417
10.755697391200004,0.8792029999999986,0.5405459999999991,0.4612978278072646,0.6764027545496489
2.8372767858000003,0.7599300000000007,0.7155149999999999,0.5417420459145212,0.6516149418480772
4.081568863800003,0.7227320000000006,0.5026030000000006,0.9135638872156999,0.751500714330481
5.254616849533335,0.7029219999999992,0.7065079999999995,0.31329169331312734,1.1186678927002358
6.4114233566,0.6376166000000003,1.111082999999999,1.7895041967122367,0.8661948501055878
1.0166008735333332,0.7735576999999996,1.1784570000000016,1.2537231476558421,0.9503374667740125
2.2232378786666667,0.9672507000000001,1.3310449999999996,0.45929509512289357,1.0652439290888953
9.482678918933335,0.991536,1.2996800000000004,0.8598257118934534,1.0260661640462327
10.701042168200004,0.5200794000000002,1.4104839999999985,0.8091520296411208,1.2166271406690985
0.531510240799999,0.5190200000000003,1.2727840000000006,1.1080962204981102,1.263549990566756
0.6363904852666664,0.581769,1.2621609999999999,1.2648823443922161,1.3319241279336538
0.44952857593333384,0.5549032999999999,1.2851496000000004,1.0408890892191893,1.2475666224211492
1.2049753180666662,0.2000557999999999,1.0722511,1.222285448204949,1.18440602850895
0.013102450800000054,0.26871860000000014,0.7349178999999997,0.9319399010537479,1.141524584017505
0.2857715309333333,0.5654729999999999,0.40441130000000003,1.2066619154554128,0.929487690953446
0.13132671493333326,0.3075574000000001,0.4767363000000002,0.8087765096471631,0.7967386287766127
0.7034610399333334,0.30627174,0.28966309999999984,0.7968403925654861,0.5975269234035115
0.23959890006666684,0.36105207,0.35364056,0.6387475420723595,0.2630198063215385
0.26764752446666673,0.50475685,0.56859914,0.8023270466449883,0.4522431575760957
0.6522019632666666,0.615701,0.554487,0.9237849178392055,0.6792235844650105
1.081530711066667,0.7661992,1.0394356999999999,0.878576768748542,0.8840457230310517
1.4199629783999992,1.0161137999999998,1.0152812,1.1888490902282962,1.1276858055050702
1.1537834425333342,1.0679116,1.0653084000000006,1.2602054831348433,1.2186500226322665
1.150167097333333,1.351807,1.0391803999999993,1.2228618658910815,1.3177481114964005
1.7789643653333318,1.0934795,1.2781053,1.1417477576569048,1.4091695135042217
1.5448201009333342,1.7382315000000004,1.4436683000000006,1.367890623524307,1.6455483220528482
1.4977137518666677,1.3228790000000004,1.453227,1.2983773336818754,1.3501937775466502
1.3985331773333307,1.5265299999999993,1.3326029999999989,1.2559925008127273,1.172375004602662
1.378155580666668,1.183363,1.4504870000000007,0.8677794977662572,1.283898331986295
1.2039336593333338,1.394673000000001,1.384354,1.0994050034440122,1.1623733587408989
1.198487172666665,1.0712519999999994,1.3776399999999995,1.0899076670080117,1.2578425160522766
1.3803782500000032,1.0936510000000013,1.1073290000000018,1.0677878791527622,1.1889121487179182
0.9640081493333348,1.002913999999997,1.2484799999999971,0.813697587866951,0.7962006237980184
2.921587347333329,1.051470000000002,0.9888740000000027,0.3442583849885885,0.9760794701268409
0.6913611466666687,0.803446000000001,0.9172659999999979,0.8375597164550825,1.0238137887042775
0.3232117500000058,0.9034139999999979,0.7727120000000021,0.7996287964490847,0.8307579881573766
0.8251062759999925,0.8019440000000024,0.6933790000000002,0.7855903834554034,0.3241210998507924
0.40636885000000333,0.29353699999999705,0.6414139999999975,0.7013365235957245,0.6268001177264075
0.3481865886666675,0.5314010000000025,0.4143950000000025,0.5179123203887741,0.48435446883686595
0.11869654600000246,0.13911099999999976,0.25231899999999996,0.53524119259815,0.4869805660562996
0.5707799926666652,0.585601999999998,0.2905920000000002,0.6184111657458082,0.2358790041984058
0.023831540000003315,0.42211900000000213,0.17139999999999844,0.34445858068507107,0.18003246479681323
0.08852332133333718,0.10299499999999995,0.10270500000000027,0.3773856533475737,0.0889586478369786
0.008672691333330818,0.13136399999999782,0.06933899999999937,0.06255512213120795,0.08531736038701254
0.06471540266666409,0.04278400000000104,0.06401900000000182,0.006789735583883072,0.2257740936990018
0.34893818000000465,0.23081699999999827,0.037411000000002304,0.12367490418046145,0.31413103980489865
0.10538132933333344,0.3212120000000027,0.02929900000000174,0.043236951862734685,0.06336839802675343
0.24518020599999701,0.24379499999999865,0.14312299999999922,0.5794719200003513,0.17660452937320414
0.3849206346666705,0.2078169999999986,0.30744200000000177,0.7920282456365868,0.4855136215093516
0.48266842199999616,0.8455910000000024,0.3632959999999983,0.09763987100448901,0.32906796300528285
0.5504029240000001,0.8185329999999986,0.5306400000000018,0.6591498080089728,0.6588185306719438
0.6556841839999983,0.414553999999999,0.8018000000000001,0.5267556398804878,0.5300390555543757
0.562591860666668,0.5662840000000031,0.8966269999999987,0.8706261399627806,0.6937973899585792
0.6384174793333379,0.8636439999999972,0.8925729999999987,1.2731600026911032,0.8085978131078448
0.8747901899999952,0.7167680000000018,0.7765450000000023,0.8053746616665762,1.0987275731700308
1.0541534613333319,0.7950160000000004,1.2950899999999983,1.3112799751984756,1.0246681903914556
1.1735382413333344,0.9202319999999986,1.3487559999999998,1.1296882857110582,1.0738934185646798
1.0602005506666643,1.5223945000000008,1.5510280000000005,1.013387002892328,1.1927034660657139
1.2655847173333363,1.6388844999999996,1.57423,1.1564122754576758,1.116861511805224
1.3379311433333338,1.3459760000000003,1.5035159999999994,1.061238454029251,1.3721439596283158
1.4077994006666668,1.557143,1.500083,1.3353589080746637,1.4527909098871046
1.5092109910666682,1.6143660000000004,1.4706615000000003,1.3545855226858894,1.6009562327838687
1.5855584415333324,1.6005959999999995,1.4752055000000004,1.3167522449445146,1.5507761923740109
1.6034109411333333,1.3853400000000002,1.2251462000000002,1.1889723391219915,1.5034532197738644
1.5756667649999994,1.5612676999999993,1.2981407999999997,1.3906360946840675,1.480709534986416
1.606164209133333,1.4631865000000004,0.6968093,1.3195758818802101,1.3025558659147074
1.2012354675999999,1.0663257,0.9569263000000001,1.0130097439410828,1.1076985854976487
0.9349164750666669,0.7990385,0.6112255,1.0516680247586412,0.8565724468851541
0.5986254794,0.48719932000000005,0.4962674,0.813587403418903,0.5393740653492701
0.14965627380000002,0.27579332,0.070923224,0.5707855047585761,0.2465150046464183
0.49847523260000004,0.32487939999999993,0.38430000599999997,0.7187754206469597,0.42186009486243614
0.7701848055333332,0.5430397000000001,0.3644443700000001,0.8292369149135443,0.6380388574853112
0.05363612040000021,0.6736473999999999,0.9269851999999998,0.8116851078851428,0.8451208531404877
0.589800796,0.9257458999999999,0.9259949000000003,1.2030508918394274,1.0913104326333696
3.9762207310666664,0.9088299000000002,1.1753595,1.143043415222329,1.187578726071448
1.6359543652666666,1.3270345,1.1021724000000002,1.229375557352813,1.2986325488155597
1.570534269933332,1.0612440000000003,1.3579577999999994,1.1397932069939243,1.4288562017116053
1.4748030120000006,1.6412464,1.3697109000000003,1.5349663742413302,1.6538878428421873
1.4647571163333346,1.207135,1.5119637,1.3460808777672337,1.3861629195005793
1.3122251340000002,1.6440730000000006,1.4574289999999994,1.3682305683490767,1.268896989287322
1.350296505333331,1.2017469999999992,1.6315740000000005,1.0476065136315693,1.378913576356723
1.1288894946666677,1.374765,1.4515360000000008,1.2291343260305894,1.2098047950417747
1.1803785540000025,1.14128,1.5365760000000002,1.1752635211761113,1.3789471863286202
0.989013688,1.1101519999999994,1.1373359999999995,1.2157866471672847,1.2075467703344405
0.9470199019999974,1.147056000000001,1.4273050000000005,0.9638341238563797,0.8205445514454368
0.892129778000001,1.1086390000000002,1.1597380000000008,0.5815474627031065,0.9832905445202513
0.9308740600000007,0.7623159999999984,1.0263039999999997,1.1068166124351215,1.046003585748931
0.6585341926666679,1.0342459999999996,0.6446100000000001,0.7791941540493355,0.8221103813815667
0.559120287999999,0.7225020000000022,0.7014049999999976,0.843552599979688,0.36096659278706866
0.4775483966666627,0.35889999999999844,0.684825,0.7312835566367681,0.5733470811881851
0.5708451533333374,0.4886930000000014,0.37921599999999955,0.726743439636305,0.4124133746614085
0.5884958533333311,0.11998399999999876,0.29272399999999976,0.46457206069698387,0.4881021631018001
0.38793110399999975,0.5630489999999995,0.18814100000000167,0.6294785693574596,0.15356020601396025
2.2215952833333326,0.31317400000000006,0.08661700000000039,0.360164561080488,0.13720095670843335
0.006917493999996083,0.0498560000000019,0.10594199999999887,0.24434213415253936,0.08632185803572767
0.9173565186666686,0.020606999999998266,0.1498190000000008,0.10250745060756472,0.10968730356293577
1.8074770486666694,0.05653900000000078,0.17622099999999818,0.26911075167754817,0.22486931945438116
0.22788774933333045,0.29248600000000025,0.011226000000000624,0.20903819388673384,0.2853575611733419
0.263880554,0.209344999999999,0.09992599999999996,0.2872576702702858,0.10663769370897569
0.5045414153333319,0.2784210000000016,0.2338579999999979,0.39918336205403193,0.21295847670846868
0.2592986699999962,0.19851299999999839,0.3836000000000013,0.8608353367634507,0.5331475667533461
1.055757800000002,0.8342920000000014,0.48001700000000014,0.1604757201392495,0.3725755719562365
0.031165283333329796,0.6891080000000009,0.5008669999999995,0.6891711989820202,0.6641915275935553
2.6216796986666644,0.42500699999999725,0.8263479999999994,0.7839044098905745,0.5273189172237203
1.0184919993333352,0.5374390000000027,0.8080250000000007,0.8416778761288661,0.6998670191864527
0.7204455713333395,0.7883569999999978,0.7568760000000019,1.3845816366427037,0.8154914348820235
0.9264464773333287,0.6724759999999996,0.7635189999999987,0.7842875295398066,1.0896932553359626
1.0574353653333297,0.6527480000000025,1.1892899999999997,1.2931313536460678,0.9969611515051433
1.2034850526666698,0.9081919999999979,1.1830510000000007,1.234678114100669,1.1001828306848314
1.2266554953333344,1.4210200000000004,1.500978,1.127453959113705,1.1739250336144487
1.1856538433333323,1.5950970000000009,1.418664999999999,1.1799356586159906,1.1474417470640574
1.3122459880000008,1.2098769999999988,1.3854580000000016,1.1077410244094352,1.3747786239625004
1.4037182785333329,1.461685000000001,1.4550199999999993,1.341857946995928,1.4576446064553128
1.5307821419999996,1.5343400000000003,1.471114,1.408577772409748,1.5417592720232918
1.5322637680000009,1.595069399999999,1.4761129999999998,1.3695634147622773,1.4788788497836176
1.5192225151333334,1.3380726000000003,1.2313384999999997,1.1945580941629013,1.4609100830019628
1.584494486933333,1.4490378000000002,1.2699108000000008,1.369161744182736,1.4789699384097226
1.4287804955999994,1.4568302000000002,1.0194474999999996,1.3441297524489233,1.3213866287720717
1.2337821956666672,0.9271289999999999,1.0155235,1.092157365138616,1.1116896459887835
0.9402558658,0.8460772999999999,0.6928250999999999,1.076852314936643,0.8733120569370526
0.5606507230000001,0.46171229999999996,0.6678184400000001,0.8262440711949058,0.541188245741991
0.2269012266,0.31011597,0.31649095,0.6470285900601419,0.2596450954558792
0.28155608113333336,0.39819155,0.38143045000000003,0.8111985788279104,0.461373473228429
0.6696863125333335,0.62732085,0.37183980000000005,0.935190925578552,0.7068903208151126
1.059745899133333,0.7455901999999999,0.8943101999999998,0.9385009340360893,0.9161454980535617
1.2979903526666674,1.0643768000000002,0.9395910000000001,1.1469522010613304,1.1854338391967119
1.1761156575333325,1.0321293000000002,1.0657285,1.2473473984400067,1.3008564175907713
1.4725777126000006,1.4955736999999996,1.0505004000000002,1.261211401686321,1.4043375275047252
1.616681362533332,1.1504443000000002,1.2787026999999993,1.2046878564423098,1.5163822860053324
1.5207163663333354,1.7135696999999999,1.3105790000000006,1.3600203071489432,1.7331504310177506
1.4381214932000006,1.3211300000000001,1.4467909999999993,1.3966368943155665,1.4234097503425733
1.374090503999998,1.5869049999999998,1.3625570000000007,1.196859875494205,1.2569036271318925
1.3159222386666674,1.2130229999999997,1.517265,0.9943018296176191,1.338339673540471
1.2476231333333345,1.3971080000000011,1.3794579999999996,1.1968248748730321,1.1406132259165034
1.0422671519999973,1.1085249999999984,1.423070000000001,1.078561126413268,1.2574842338316152
0.9967724366666673,1.0183040000000005,1.125458,1.1667705450437253,1.1087256816786564
0.9119724359999992,1.0084400000000002,1.2847439999999999,0.8115911658204134,0.7299734703869483
0.8056984480000011,0.9984900000000003,1.0781899999999993,0.39769367986944815,0.8874181750231642
0.8272909293333335,0.7218759999999982,0.9569870000000016,0.8240596023124951,0.9780910738752624
0.7799731046666665,0.9904970000000013,0.7058139999999966,0.7340751456134704,0.7250230675967799
0.5984581566666698,0.7024229999999996,0.5949810000000006,0.8311769190890814,0.27509031863466404
0.32747892666666445,0.315214000000001,0.6438839999999999,0.7535172889906576,0.5547657054762745
0.3278660733333325,0.5033560000000001,0.40771700000000166,0.42145444067217497,0.4210881401644926
0.3544552273333359,0.1429229999999997,0.26620499999999936,0.4585544869964018,0.4763907962497633
0.2276077706666655,0.5668940000000013,0.18192499999999967,0.5789200645699708,0.17987104358782702
0.2784035806666658,0.3943639999999995,0.09351300000000151,0.37917216301730505,0.12450404312532015
0.2511983986666664,0.08589500000000072,0.15830199999999905,0.43221508027912847,0.05969826983328019
0.06159518066666436,0.1080629999999978,0.1194589999999991,0.02282027213773219,0.017605967375899922
0.10756497533333587,0.05601700000000065,0.10313999999999979,0.1501176483973765,0.2726018926147873
0.042339348666669,0.25102199999999897,0.05661900000000131,0.2301396005724925,0.285712056761561
0.22471915666666575,0.23896400000000284,0.011734000000000577,0.2775198679098736,0.0014343836183456915
0.3283360219999949,0.27513299999999674,0.26229499999999817,0.48865713880670825,0.13225459318489285
0.42476110066667516,0.19816100000000247,0.3063910000000014,0.8442040729924969,0.48168061309583976
0.22283529199999563,0.8241759999999978,0.3901520000000005,0.08564730734870807,0.3590807384351855
0.6002597186666705,0.7222660000000012,0.42295099999999763,0.7283472230181012,0.6726044028492275
0.6013596966666626,0.44592600000000004,0.7602110000000017,0.5895846556564521,0.5282570218318874
0.6470917686666695,0.5461559999999999,0.7258689999999994,0.9338114595088101,0.7473963281518472
0.8027048966666612,0.813212,0.7164509999999993,1.268786310812974,0.8378780956995584
1.0415706793333328,0.6967999999999996,0.7963660000000026,0.7610902884394157,1.0943092682898161
1.0017439126666687,0.6792130000000007,1.0857129999999984,1.1636031758784977,0.9623986382480005
1.096154347999999,0.9297830000000005,1.2207629999999998,1.1741307457580952,1.0640057623321741
1.1523918606666665,1.477086,1.4575519999999997,1.0882556824016767,1.1565776389821725
1.2622415173333348,1.5615679999999994,1.4568030000000007,1.1390211522170652,1.1740421245999286
1.3415412699999987,1.2114700000000003,1.4767100000000006,1.074631252997042,1.40399524716522
1.5203832058,1.4613569999999996,1.4691979999999987,1.2744637998785748,1.5351430106865305
1.5802566993333347,1.5746900000000004,1.389577000000001,1.3473220846415348,1.6603976705273062
1.6359537001333342,1.595275,1.5673632999999993,1.337446284840679,1.5937097834539573
1.5209970326666662,1.3671100000000003,1.1778357000000002,1.1750588243437177,1.5541136470279042
1.4449572635333334,1.5457753999999992,1.2727792,1.3521942947232857,1.5216366438171485
1.3577902557333337,1.5655844000000005,0.9225738000000003,1.337711274213989,1.3178175680854327
1.2386928124,1.0647592,0.9940037999999998,1.0401913382348695,1.0839513445423419
0.8958558678666665,0.9224700499999999,0.5865695,1.0487868821471256,0.8176978744077237
0.1959471823333334,0.25386179999999997,0.39662184,0.5820982372034776,0.20867480751689987
0.24146449566666667,0.5480494000000001,0.4097375999999999,0.7062256458327958,0.3675812601654505
0.6786248148666666,0.5261251999999998,0.44982239999999996,0.7806981638971726,0.5720381292082447
1.0599556846666667,0.6756437,0.9209208000000002,0.8201440729760239,0.7680602724389536
1.176624110733333,0.9861544000000002,0.9133448999999998,1.1849753840770698,1.010485229612915
1.2614894724000005,0.9992376999999997,0.9383092000000004,1.116331954217186,1.1012446899901285
1.612116839733333,1.3666473000000003,0.9571654,1.2106967299932823,1.2252392618183485
1.6184934534666668,1.0056599999999998,1.1202552999999993,1.0385865408520765,1.3793465728177958
1.4828370693333337,1.670083,1.3649887000000005,1.4087303564162044,1.6330663054677714
1.4100739680666674,1.2932889999999997,1.3315529999999995,1.3167200784752104,1.4060331403517932
1.4271216399999993,1.492934,1.3064820000000008,1.4393403716525413,1.2471379066443387
1.3094944720000008,1.2547810000000013,1.3900469999999991,0.932682302459952,1.387420685874492
1.1828271433333342,1.433116,1.3422180000000008,1.2444727130149236,1.2532528317128673
1.1487558259999986,1.1488969999999998,1.3904059999999987,1.2288095107954753,1.3841164178080039
0.9038524873333333,1.162897000000001,1.1252640000000014,1.1991834316091161,1.260590506545837
1.0326176093333324,0.9568929999999973,1.272583000000001,0.9205510640470571,0.877006156235737
0.8759555720000023,1.0878680000000003,1.0149149999999985,0.6175587222387087,1.0781062301796247
0.827790308666664,0.9202960000000004,0.9799749999999996,0.9024077190831825,1.1279510326270348
0.777925685333333,0.9838440000000013,0.8290690000000005,0.7819280591527864,0.9477301640472149
0.3609223486666657,0.8227529999999987,0.6898179999999989,1.030244709352342,0.39249421126407924
0.928276922000002,0.2887890000000013,0.6917550000000006,0.8355491475091092,0.6398177009137314
0.2718246279999974,0.5942179999999979,0.40383699999999934,0.5624789029648873,0.4735672533258253
0.26768164666667005,0.20054000000000016,0.2755340000000004,0.6659216053008983,0.48756730165068873
0.07274654133333058,0.5802230000000002,0.25911100000000076,0.8561685812830042,0.22910019612189814
0.561085067999997,0.49380000000000024,0.21218100000000106,0.24501116605631523,0.1666900273680021
0.3121172040000033,0.058790000000001896,0.08822899999999834,0.2949632889390479,0.07755062552100256
0.13364851733333083,0.21306399999999925,0.00451100000000082,0.03062991894137923,0.12182520173851685
0.4099532126666645,0.03662100000000024,0.01568099999999717,0.03496432276478245,0.234655390628717
0.06471072199999739,0.2087040000000009,0.09619,0.07900390456752149,0.2999729605690753
0.1581975826666664,0.35227000000000075,0.005076999999999998,0.14051125663941733,0.07366032184787485
0.2701499699999985,0.2940660000000008,0.12720700000000207,0.39014806401413793,0.17202699917051234
0.16549794733333556,0.15879799999999733,0.2642699999999998,1.023609580241235,0.4759252463356276
0.5371599460000027,0.8803580000000011,0.3361149999999995,0.16969726033312327,0.3432448887899753
0.5529282713333288,0.8174360000000007,0.5943280000000009,0.6284397123172418,0.6302057560820948
0.6884816186666676,0.5639870000000009,0.7080199999999977,0.9071825431048381,0.555837590302648
0.8390112693333371,0.568914999999997,0.883180000000003,1.1125684137186234,0.6682815542572129
0.9953055753333331,0.8925739999999998,0.8860649999999985,1.4737605386746004,0.8299811386479483
0.965216311999999,0.7551840000000034,0.9230300000000007,0.8347168086693451,1.1208220901366133
0.9977637586666646,0.8281409999999987,1.2739720000000005,1.268949339580704,1.0599005436076716
1.1861232886666677,1.0159090000000006,1.387618999999999,1.4179798978139129,1.1342145432530977
1.3022093046666665,1.5987929999999988,1.6007809999999996,1.1549775423902506,1.2678934665394674
1.297469741333332,1.6280850000000004,1.5427529999999994,1.1763047389100212,1.172345694350275
1.4512260306666676,1.3153989999999993,1.5514730000000014,0.9548984576008337,1.4242319676273834
1.489399218400001,1.5593760000000003,1.5030640000000002,1.5836051880889723,1.469987445378063
1.5030507445999994,1.6509769999999993,1.4558069999999992,1.3794931146198124,1.5789636993894405
1.6067530864000004,1.548127700000001,1.4325409999999996,1.311069927026045,1.5438932117873998
1.5966368428666673,1.3416628999999993,1.2447445000000004,1.1662780871564484,1.4947474933780613
1.580023698133333,1.5386184000000003,1.2717735000000001,1.353199058781768,1.4875166415828671
1.4811635635333333,1.4432492000000003,0.6876759999999997,1.3264791135928498,1.3125139024060672
1.2175729816666665,1.1156197999999997,0.9526137000000001,0.9530863126478057,1.0905136246190188
0.9440125297999999,0.7615328400000001,0.6470047000000001,0.9822555731193492,0.836568839243204
0.4520593836666666,0.50523905,0.34827686,0.6957482666534804,0.3814433843024189
0.7133289204000001,0.5657356,0.29509150000000006,0.7896632429097383,0.5742028411471635
0.5219979041333331,0.7221869999999999,0.8138418000000001,0.7248139582842561,0.7690598782826543
1.5414845456,1.0060427,0.8206591999999997,1.2762972097450493,1.0238014453962578
1.4595785050666672,0.9680693000000002,1.0591057,1.120283015890374,1.1179090002056098
1.4488671624,1.3767256999999997,0.9354310000000003,1.1888454494684426,1.2684559829100452
1.5921476441999998,1.0116886999999997,1.184164,0.9494291811773738,1.3992150537475823
1.3678228230666658,1.6126746,1.3539469999999998,1.5529963693963236,1.665160738040055
1.5077567534666656,1.205826,1.3195484999999998,1.3365130761575514,1.4312139389476606
1.3662035880000012,1.5143529999999998,1.3985345000000002,1.4663498917434232,1.2749225683795444
1.2771085473333361,1.1584660000000007,1.5441950000000002,1.0069053402771733,1.3939998170720163
1.1720377319999997,1.337688,1.3533050000000006,1.2335519253950995,1.2468544146904676
1.098268063999999,1.0874240000000004,1.4847389999999994,1.2266966960834527,1.3902494452281822
1.027204271333332,1.0805589999999992,1.0705939999999998,1.0405100302649561,1.2548497687680893
1.0016587146666645,1.0221810000000016,1.3459009999999996,0.9224823038572296,0.9014968569505797
0.784305288666669,1.0770129999999973,1.1080989999999993,0.5390501298337433,1.1375147561272243
0.7455526466666669,0.8175370000000015,0.9339580000000005,1.0932284550236986,1.213293112311927
0.8155014086666625,1.0208709999999996,0.6935430000000018,0.9281605982188701,0.9881523974825903
0.6225365233333378,0.7777419999999999,0.6558220000000006,0.9572553669332571,0.47061203843951915
0.5047262566666646,0.3191069999999989,0.6752249999999975,0.6254267911688949,0.6454576751147485
0.3971991513333357,0.5417040000000028,0.32103700000000046,0.8505950915953697,0.4734432490659337
0.5144896639999992,0.17830299999999966,0.30200100000000063,0.586613390395577,0.4900693618654408
0.24861973599999843,0.5875449999999987,0.1917730000000013,0.97658464857086,0.1839967217280929
0.16920198000000042,0.3963819999999991,0.15416899999999956,0.033521939750666974,0.13940995125888378
0.004717009333329969,0.06564700000000201,0.15472799999999864,0.12052870678122929,0.15808990104033782
0.22356682000000205,0.15413699999999864,0.10426700000000011,0.1287144740954851,0.17041217340519665
0.08054943800000203,0.06427500000000208,0.06866399999999828,0.10642902827519052,0.2099356055262085
0.04710216066666817,0.23414200000000207,0.04361499999999907,0.08842075315511977,0.3074327063240929
0.18644077400000114,0.2525650000000006,0.051573999999998676,0.009673276081674231,0.12535559802324414
0.19292386866666078,0.2829200000000007,0.19236000000000075,0.4195057863178917,0.2515869107788191
0.2297244746666678,0.1875279999999968,0.3177170000000018,1.0384166158162529,0.5525305393178179
0.37877008933333656,0.8513700000000028,0.4344619999999999,0.10420887585532412,0.4132285657021768
0.6987501713333337,0.7506269999999979,0.5574130000000004,0.669689597510633,0.6915184290888519
0.6500786986666647,0.5305370000000025,0.7042599999999979,0.8977574537555277,0.6282912632612536
0.7276071573333347,0.5842169999999989,0.7902930000000019,0.8703756168219172,0.7269966835951358
0.8864433660000017,0.8527470000000008,0.7546250000000008,1.6175038744463421,0.851510911138611
0.8630950653333294,0.7441999999999993,0.8125739999999979,0.7435378255809795,1.1296050579519203
0.9233527593333335,0.7313399999999994,1.1190630000000006,1.3684408290149754,1.0545990194283377
1.0856978533333344,1.0192560000000004,1.1538199999999996,1.43393569410423,1.1142573037908061
1.251973714,1.5134729999999994,1.4585690000000007,1.0544772955300559,1.2734809677702508
1.297755310000003,1.6316229999999994,1.3547460000000004,1.1664152658734839,1.1975813294004531
1.334441015333331,1.2856170000000002,1.3634309999999985,1.037219074229851,1.4105453535426165
1.417477948133337,1.524063,1.3657800000000009,1.558238380540148,1.4506254082470331
1.5121332580666635,1.5854630000000007,1.47635,1.3631539748157326,1.5314632855448505
1.5506640645333336,1.587764,1.4081019999999995,1.388455560383572,1.495623985360802
1.5574533375999993,1.3380007000000003,1.2865966000000002,1.2089266818173972,1.4258113703447544
1.537938521,1.4653662999999995,1.2147708000000002,1.3078896185350715,1.450293866917289
1.4728305084000004,1.431753,1.0258635999999997,1.3624263413547393,1.3003486510163227
1.2471497604,0.9810732,1.0057836,1.013114902687776,1.0992986019809063
0.9524122218666666,0.7886932500000001,0.7105817000000001,1.0459534719146133,0.8633924269208776
0.34463829833333326,0.24336305000000003,0.3999168999999998,0.6570448452647074,0.3818341332704194
0.7178587676666668,0.3184441699999999,0.30544569999999993,0.7883840682857399,0.5893516187639707
1.0576686061333336,0.4445182000000001,0.8075738000000001,0.7092944419786065,0.7866284813795776
0.9346590764666662,0.6721972,0.8179631999999999,1.2647722782702342,1.0296910217573116
1.5777030353999995,0.673244,0.9372842000000001,1.085215242598614,1.1200486269116645
1.1642908930000004,1.0561845,0.9226049999999999,1.1636448667107961,1.2525721098870495
1.5203870444666663,0.8117739999999998,1.0780592000000002,0.9213481278560236,1.3871115198725432
1.523984880466668,1.4664696,1.3066133999999998,1.5806243876667239,1.6523928177910365
1.508484340599999,1.0271897,1.2210970000000003,1.2659372641011224,1.4111392042893858
1.396935076,1.6124016999999995,1.3221974999999997,1.4521616809647675,1.269703461498402
1.243495626000005,1.1924880000000009,1.399969500000001,0.9456025694938148,1.3767160845542623
1.199193373333328,1.4272749999999998,1.264600999999999,1.1383669590744319,1.2220926010186854
1.1171278233333357,1.2888199999999994,1.3672450000000005,1.2907278829084987,1.3759487055875095
0.9748004426666661,1.3598610000000004,1.0042779999999993,1.000629328686994,1.2243492358895214
0.9406110233333322,1.3610880000000005,1.1776549999999997,0.8988269503091857,0.8666374707190734
0.8039312053333347,1.4218030000000006,0.9755730000000007,0.6124981279932413,1.0536472589534895
0.7924089553333289,1.11186,0.840916,1.1687214801691646,1.0987484256548719
0.7097470326666695,1.2597239999999985,0.7095659999999988,0.8673722388271692,0.9496101313970016
0.6283516833333316,0.9611739999999998,0.527075,0.8266305090926487,0.3882241820308039
0.5854445933333352,0.4992100000000015,0.6176349999999999,0.6734703547909717,0.6311983228939901
0.4487228373333316,0.6385849999999991,0.2925450000000005,0.8267139413635185,0.4406559148807361
0.3840015006666704,0.20660900000000026,0.2734729999999992,0.6488556562344137,0.47857797455670337
0.2360959846666617,0.5879370000000002,0.19089300000000264,0.8616287459296608,0.18076098514012529
0.18357183333333182,0.31357200000000063,0.1410519999999984,0.01493009842324966,0.11817718655040821
0.09575201600000582,0.05017300000000091,0.16865900000000167,0.1671060010803913,0.12773447389099957
0.036424228666664504,0.013880000000000337,0.0916800000000002,0.009267426715556581,0.14854347501592002
0.10710740400000418,0.004270999999999248,0.039856000000000336,0.11620253431537364,0.24527182771998213
0.06571377399999179,0.28164899999999804,0.035650000000000404,0.022030922987031687,0.3067186339185817
0.26433420533333774,0.22220800000000196,0.07685999999999993,0.044510516107582276,0.11758090361275109
0.4218666959999986,0.2862159999999996,0.16267300000000162,0.6193305990727147,0.22380489308425666
0.25712313266667053,0.11458299999999966,0.2289129999999986,0.8991956374565504,0.5290263840077998
0.489218235333329,0.8261949999999985,0.2918909999999997,0.03649333183029668,0.38346418245360425
0.5895286219999996,0.6487420000000022,0.49313600000000335,0.7553460744326053,0.6536872674821801
0.7212573633333363,0.46698999999999913,0.5686579999999992,0.8797964255548578,0.5541145821745737
0.7651280220000025,0.5116599999999991,0.7002829999999989,0.7310913727608117,0.6829005005282767
0.6482953333333263,0.8089980000000025,0.6992820000000002,1.6656441004162978,0.8490381953374033
0.9802400066666692,0.6737989999999989,0.7891049999999993,0.7861990626794686,1.1074444819131024
0.9150865233333327,0.6740530000000007,1.0128400000000006,1.4857141702828311,1.0106248086941356
1.005777544666671,0.9560799999999983,1.1558550000000007,1.2610808804390796,1.0976507663178197
1.1827516299999967,1.4960280000000008,1.4060759999999988,1.0005694198153403,1.235090477472184
1.4965672062,1.664439999999999,1.3857360000000014,1.1949181621739378,1.1719918789060824
1.206581562666667,1.2634980000000002,1.417000999999999,1.0943074533138741,1.383555242389468
1.1730316266000003,1.5111714999999997,1.3587059999999997,1.448618536948528,1.450426352063479
1.6459778290666645,1.5910335,1.4253150000000012,1.330317736156994,1.5670672374728802
1.6096551416666687,1.606078000000001,1.4674617999999988,1.3224626760542098,1.5158131511001676
1.6198797967999994,1.3254450000000002,1.2783465000000005,1.1733567460043872,1.4654043566832051
1.467858823666667,1.4074456999999998,1.2726486999999995,1.2661659012102113,1.455050516882193
1.4329098472666666,1.3790955999999999,0.9323970000000004,1.26317647312311,1.2755795303689728
1.2301332027999998,0.9302078,0.9797370000000001,0.9519618119411284,1.0573786889641208
0.9137599516666667,0.7867454399999999,0.6474399,0.9856080241498317,0.8085540823685644
0.4979255315333333,0.17848050000000004,0.37840190000000007,0.6887088605566307,0.3443099151751806
0.41957459819999987,0.19054421999999993,0.32610859999999997,0.8318082455900782,0.549719317114652
0.5834299040666668,0.29950869,0.8544630999999998,0.7831068303315987,0.7546995188400223
0.8294920444666669,0.4653600600000001,0.7737372000000002,1.201604692799486,0.9989642682842068
0.4382999612666665,0.4273419999999999,1.0033174999999996,1.1165196745643398,1.0941864993249752
0.6349848349333342,0.8005674000000003,0.8440967000000006,1.1549202789209358,1.1947834616693918
0.9534451804666659,0.4998967999999997,1.1032193000000001,1.0400849464121693,1.310314980130669
0.8013279194666669,1.1539942000000005,1.3114516999999992,1.4608379165854917,1.5978747736287877
6.541235159866668,0.7191847999999998,1.1714503,1.2434319510612557,1.3579349397606126
1.6450681239999998,1.4409771999999998,1.3267220000000002,1.359431185435577,1.2278662278463965
1.2130868166666637,1.0916759999999996,1.3774960000000007,0.925120723449691,1.353355547244341
1.2178528560000004,1.4170470000000002,1.268628999999999,1.1240729558090603,1.2273232656209245
1.062868066,1.4213424999999997,1.4067230000000013,1.189378261639149,1.3433504566522565
1.006003296000003,1.5217595,1.0420449999999999,1.0652258266900585,1.2438981427852394
0.8898509073333329,1.568161,1.2277079999999998,0.9057987642398011,0.8743855843693975
0.7634111533333332,1.6702200000000005,1.0602359999999997,0.5832352188523302,1.081704585706131
0.7116384166666663,1.3976019999999991,0.9600960000000001,1.0882202514650992,1.1345181782214304
0.9034230900000004,1.5466189999999997,0.8081479999999992,0.745433970472412,0.9637896894478359
0.5622491840000023,1.1567250000000016,0.6184879999999993,0.7920802757681997,0.4200977544396629
0.3949304886666667,0.6746680000000005,0.7009090000000029,0.7435094206993647,0.6538714545168318
0.5064131459999928,0.8184119999999986,0.35311499999999896,0.7307522789115168,0.49003473949692733
0.3340895393333412,0.3211900000000014,0.33023999999999987,0.6531974635107431,0.4821862070431706
0.2057278833333278,0.5869979999999977,0.22466000000000008,0.72627094976054,0.2375225295046448
0.18511778266666923,0.3743040000000022,0.15806900000000113,0.25232938586528064,0.16039121598788242
0.11612633066666334,0.08462300000000056,0.10969099999999798,0.21448165510833306,0.08550704520137486
0.1289731786666728,0.00823000000000107,0.10724799999999846,0.05324262622870535,0.11398461335460297
0.15290246133333696,0.012117999999997409,0.046382000000001256,0.15800681326440724,0.2689811174671384
0.18128169533333605,0.18689900000000037,0.015266000000000446,0.09958811306219673,0.2447707688575278
0.23259636933332928,0.17804800000000043,0.020834000000000685,0.00044706603061683836,0.08183519329763911
0.31827040266666984,0.2529439999999994,0.18684800000000124,0.5705369544640639,0.1630736518334892
0.25491704733333265,0.04681199999999919,0.25029400000000024,0.7995088420821084,0.4983652282703801
0.4301206133333366,0.7944510000000022,0.27990099999999885,0.13997630354826995,0.39184710810745926
0.5675334006666617,0.5216349999999998,0.46165500000000037,0.6781613852124266,0.6722987961091818
0.5960022013333379,0.4510310000000004,0.5451240000000013,0.7771600410423325,0.5747659746470468
0.7573785806666642,0.4589649999999992,0.6958640000000003,0.7511038753947474,0.7070862957704627
0.8237208046666673,0.7246319999999997,0.6991759999999978,1.465079356639535,0.842377320185161
0.8576320513333329,0.5706039999999994,0.8139080000000014,0.8312913587454069,1.1201389849623844
1.0567765919999985,0.6233560000000011,1.0147949999999994,1.4800965323818769,1.0316807142681235
1.0700405226666678,0.8643149999999977,1.2387879999999996,1.1348578220874401,1.0780516184223838
1.0803875826666633,1.4421370000000007,1.4289579999999997,1.0305855294167845,1.2160949702122643
1.3030973573333373,1.6145770000000006,1.487133,1.2338652651912234,1.1370745855323374
1.3209845119999972,1.1550159999999998,1.4965730000000015,1.1133116524059705,1.3775063193537562
1.4365789994666684,1.5110609999999998,1.426062,1.4282011519371025,1.4185656353069476
1.507448732666667,1.6401640000000004,1.449453,1.404808646622838,1.5284492296212502
1.4863087433333302,1.6064153,1.504556599999999,1.3067051355193708,1.4857829239787028
1.5272706076666687,1.4436903,1.3205214000000005,1.216835773745844,1.4481075360009967
1.5644430261333335,1.4741893999999993,1.215604,1.35499144006247,1.446532835313599
1.3859171903333332,1.4944258000000001,0.8737577999999999,1.2584619358893474,1.291071759537724
1.2055463170666663,1.1052967000000002,0.9525266000000001,0.9918603305553764,1.0960364036738102
0.8899206038000002,0.87875803,0.6229319999999998,0.9821923457287234,0.8610699225490556
1.1545891862,0.37622155999999995,0.07890632,0.7661799473831971,0.43956285678415086
0.7174572924000004,0.53438814,0.30011625,0.9674274575477415,0.6282014304242046
0.41536730553333356,0.6577850999999999,0.88898813,0.8851485468944666,0.8338322864779479
1.3237582432000004,0.9798496000000003,0.9096766999999999,1.165022351107765,1.0653870088566273
1.2336139627333327,0.9187462999999996,1.0148058,1.1628356786602465,1.2006432758372823
0.46291459286666736,1.3753737,1.1162345000000005,1.203633187743157,1.2785005033196688
1.3258240230666671,1.0391617000000002,1.1852956,1.000297154026768,1.4204204673601275
4.553495963533333,1.6476449999999998,1.3057571000000001,1.0913021250628638,1.712533698653278
1.9359659578666673,1.2611116000000004,1.4305966000000003,1.3099367631190422,1.5004207126299551
2.4353361019333306,1.6642139999999994,1.2986609999999992,1.0936214039671057,1.2833885631062358
1.2184078760000023,1.213203,1.465083,0.9637375741564878,1.2928211617125012
1.3931454073333338,1.4410360000000004,1.2797630000000009,0.8175640224412,1.2020529740744248
1.2468501160000027,1.1460179999999998,1.344365999999999,1.0730990921481425,1.3086305535269762
1.1734010613333297,1.111987000000001,1.0572119999999998,1.034892018784321,1.0505545068083482
0.13610239999999862,1.0935879999999987,1.1431199999999997,0.5864882370863072,0.7735163899157946
1.4978675706666635,1.0969580000000008,0.872441000000002,0.3275427548827352,0.8517011037223092
1.1016721346666642,0.7762449999999994,0.8424319999999987,0.6212221200002794,0.8133075337104323
1.4442812406666619,0.9886529999999993,0.7297629999999984,0.7027027710070541,0.7109361757562489
0.38137735266666795,0.6961730000000017,0.5523820000000015,0.28129027830093634,0.25084630456757395
2.313357162666673,0.3162099999999981,0.6596249999999984,0.694803245098047,0.4548466368399673
0.9055326393333338,0.46861800000000287,0.35404500000000283,0.378649557901209,0.26363739133494235
1.283102058666671,0.09273499999999757,0.2761829999999996,0.2210704776384027,0.32898393738035026
2.812480741333335,0.48583900000000213,0.10939499999999924,0.2856973822556661,0.09808642713160864
0.6754338060000045,0.2767269999999975,0.050815000000000055,0.1531159573868912,0.022035183618900334
0.3443466540000024,0.03598799999999969,0.19587900000000147,0.3718278531231398,0.2337940747567373
0.9240712346666662,0.03974499999999992,0.026735000000002174,0.20863152327972756,0.21964933050001179
0.13152898000000235,0.06504899999999836,0.021560999999998387,0.3445698720779582,0.20401720354021435
0.7562781586666638,0.3364539999999998,0.07690799999999953,0.3288926113252515,0.2992750577423635
1.0014059853333315,0.31092100000000045,0.0033490000000000464,0.2069758692374144,0.1959991682678499
0.2936610426666668,0.38985800000000026,0.2366489999999999,0.6273740927965719,0.23647985628045376
4.2366138840000005,0.28562399999999855,0.18967600000000218,0.6146337954623213,0.7208038642204215
0.3698100393333341,0.8726710000000004,0.41890499999999875,0.2869500072766371,0.6114999177754186
2.494454096666665,0.7014390000000006,0.402432000000001,0.5451354648413904,0.9683031128394397
5.488669437999995,0.5159130000000012,0.6973130000000012,0.48625386950412874,0.7405240860938598
5.005278835333332,0.5551889999999986,0.5632379999999984,0.7975710881986604,0.8978704083787186
9.185851811000001,0.8106590000000011,0.7148420000000009,0.9378363688636586,0.8851915665183441
4.264109810333331,0.7109389999999998,0.7305779999999977,0.5184939873401113,1.0900785023265254
0.28407526800000227,0.6499679999999994,1.0439010000000017,0.913893744511439,0.9444726656037545
1.5431464246666682,0.9742860000000011,1.104842999999999,1.047838808759101,0.9169631294057083
1.334350823333331,1.465831999999999,1.3939020000000006,0.8763124373709363,1.0284860243072824
3.167534293333331,1.5727930000000008,1.3036290000000008,0.9045272552861103,0.9925757879176373
8.643000126800002,1.1534270000000006,1.349088,1.0233451349385678,1.135291273433067
0.2628405820666657,1.3924279999999989,1.3513259999999985,0.9146246266743674,1.243491505643263
0.4188761694666665,1.4595733000000006,1.3269360000000008,1.2336269392821109,1.3168971488374792
1.1954452526000008,1.4459152,1.4820279999999997,1.1886776454822563,1.263656782451723
1.3023239976000003,1.1709994999999997,1.1902499999999998,1.0869107644227656,1.2722181425008987
1.0606058907999998,1.2673101999999998,1.2001095000000004,1.0761199457549822,1.2534432815285488
0.5036882642666667,1.3145774000000001,0.8669571999999999,1.0587202085792615,1.068236677142828
2.0591000774666672,0.830244,0.8026291000000001,0.9505769626591387,0.8206372580196014
1.7084252458666664,0.7199343600000001,0.7020992000000001,0.8624781346748586,0.5626912035106536
0.8022517868666666,0.4801943000000001,0.4472510999999999,0.9049798558186961,0.5905346665652899
0.8509957817333336,0.625799,0.9402995000000001,0.9209225828558578,0.821215211326751
0.8659783912666663,0.8871825999999998,0.9809166,1.1653248875899176,1.1013959828279352
0.4961817810000002,0.8956561000000001,1.127856,1.1980512656442155,1.2327988151690752
1.7052811304666662,1.3296581,1.0886496,1.2393217713544846,1.3508158988000831
3.932833194533332,1.0432739,1.3399910999999998,1.2025086830916312,1.4754919154019452
0.025893969200001976,1.6341257000000002,1.3944622999999998,1.3516278836219833,1.7095273500216663
1.4291668290000015,1.2098926999999993,1.4519009999999994,1.4182213020252412,1.4215159901521854
1.4242935159999988,1.6545810000000003,1.4450270000000014,1.1860645394542235,1.2941342595397245
1.2858465260000003,1.1970279999999995,1.532385999999999,0.997018394667947,1.350110045014441
1.2186812299999978,1.4015830000000005,1.4232650000000007,1.179137995661252,1.1547858121303385
1.0889668873333367,1.1514790000000001,1.3997969999999995,1.038104251446848,1.3109603452176106
1.021558262666666,1.1024259999999995,1.110208,1.2284574815610139,1.1451165361328783
0.9618833299999991,1.138027000000001,1.2849460000000015,0.7693489764457659,0.766246758550718
0.8275690339999997,1.1071470000000012,1.041594,0.5008939256878975,0.919848014338907
0.827076157999997,0.7807829999999996,0.9084509999999995,0.8680628909419887,0.9907262198801021
0.6393422366666712,1.0225259999999992,0.6908449999999995,0.7402811739008008,0.7770987859634033
0.5334270653333348,0.7267739999999989,0.5421459999999989,0.6764081295071129,0.2951524961263772
0.38614477933332836,0.37539999999999907,0.5864030000000007,0.7235891315804679,0.54512908819461
0.37771063266666616,0.5149750000000033,0.3419130000000017,0.5456765330343565,0.42854272634197343
0.2980955373333316,0.14273199999999875,0.23472199999999788,0.44995880587095627,0.47703967330165753
0.20078605266666827,0.5754400000000004,0.18537900000000107,0.4754943320013325,0.19323299567038887
0.204020401333338,0.3566149999999979,0.05677800000000133,0.4014722947019713,0.14596519305947453
0.1514534360000006,0.07231900000000024,0.11860099999999818,0.344610919480985,0.06486061153035294
0.19953880066665874,0.0513779999999997,0.11076900000000123,0.020746209524975967,0.019020435742106656
0.0055570086666705265,0.055047000000001844,0.11576900000000023,0.3165725966073687,0.2606338836980271
0.17367936333333134,0.2543070000000007,0.025124999999999176,0.27751345742438005,0.2793508465430605
0.12553056200000512,0.1701990000000002,0.006308999999998122,0.2712728179553707,0.06864042275284632
0.3615027539999929,0.2760479999999994,0.22924899999999937,0.4758449601024388,0.15892452865094597
0.47409667600000205,0.15230999999999995,0.2852760000000032,0.8228654627846019,0.5105849858355285
0.40068767933333405,0.8010629999999992,0.3684999999999974,0.14805072207507664,0.3494300407734876
0.4700326133333306,0.6716040000000021,0.4851700000000001,0.6798144121537888,0.6443879385164735
0.33071939800000294,0.43665499999999824,0.7363479999999996,0.6879193155088039,0.4862386955703464
0.6886612206666669,0.5425080000000015,0.784479000000001,0.8621211415888475,0.6685658215368342
1.18278535266667,0.8113969999999995,0.7488980000000005,1.15283783645544,0.8121897265626643
0.8461727246666619,0.7136080000000007,0.8650260000000003,0.7335182644678682,1.070348091919481
0.16629327266667104,0.6600549999999998,1.1246790000000004,1.1628768423662894,0.9767523626386456
0.9259650793333307,0.9607639999999993,1.273154,1.1841250498055818,1.0682686110173059
2.254655044533333,1.4915660000000006,1.489768999999999,1.132236277440903,1.1394927802460835
1.2369458622000025,1.6210909999999998,1.5405420000000003,1.1641950463649202,1.1207096079888412
1.221116216733332,1.2362129999999993,1.5328,1.0854392659607743,1.34813342956922
0.7381780397999993,1.4691639999999992,1.480753,1.2375278709730324,1.4613694252397504
1.5524501172000011,1.550955,1.469716,1.40164143804701,1.5987931412818916
1.5866273378666653,1.5883920000000007,1.5789093999999997,1.3283435870757732,1.5624626627533038
2.0978484290666657,1.313028,1.2726456000000006,1.236360735022318,1.5497276509428772
1.1773120320000006,1.4105133999999997,1.2812956999999998,1.3137671834927414,1.5211304090420552
1.8485560444666662,1.4365586000000001,0.9249259999999997,1.2783847716035526,1.3341975288068864
1.2269734429333334,0.9068254,1.0011492000000002,1.059751547160364,1.0950220972720432
0.8159295792666666,0.8196954000000001,0.559725,0.9851352530811326,0.8189180849670207
0.3031237509999999,0.3545316,0.49301529,0.6710438452908626,0.2880158244076617
0.7262568014000002,0.3524367999999999,0.50794896,0.78614284866996,0.48715317923244367
1.3100676046,0.5156007,1.0030803,0.7981099299175134,0.6941482957610098
1.3874350820666668,0.6972829999999999,0.9743015000000002,1.1190045639892041,0.9426941935467985
0.8772788657333335,0.7538822000000001,1.0760719999999995,1.1282835877451332,1.0539858257128336
0.9362761202666663,1.0701601000000003,1.0473455000000005,1.1295596676616242,1.1679864089161374
1.5293185128666664,0.7978014,1.2424523,1.1012691616643782,1.3140068922219772
1.4563074150666653,1.4550643999999995,1.4225186999999995,1.3791827511522259,1.589196046517121
1.4657626291333372,1.0268803000000002,1.4281499999999996,1.3098897124239564,1.3681967798957784
1.363611621999997,1.5174972999999996,1.408004,1.2644825971804021,1.2537382964359303
1.259571828666667,1.1704670000000004,1.4426300000000012,0.9916356161404156,1.3928853803149597
1.2214884733333307,1.3965940000000003,1.3951339999999988,1.1883532930721756,1.2654660898413859
1.1272788926666717,1.2329910000000002,1.457675,1.1127275293483478,1.4154327080317213
0.9822763733333328,1.2665539999999993,1.1013509999999993,1.2358727531983416,1.2616865455591935
1.054628337999997,1.2318385000000003,1.2741390000000017,0.8891487515660188,0.8945267509464205
0.8393895566666707,1.2818224999999988,1.0273080000000014,0.5523617231936342,1.0865734438011891
0.7300543366666652,0.9576220000000006,0.967610999999998,0.9208800381707647,1.1236472902399015
0.7513704073333294,1.1091100000000012,0.8231929999999998,0.8382106154183226,0.9429594004034314
0.7201807406666703,0.8645150000000008,0.6710789999999989,0.8254441078537589,0.3957403083240081
0.5396853146666665,0.3851399999999998,0.6446040000000011,0.7399302302447524,0.6303573747933662
0.34869925599999974,0.5934729999999995,0.44767399999999924,0.6599840014574738,0.493049764706992
0.3416817366666649,0.18258300000000105,0.2858370000000008,0.5463743466576254,0.49754982598045316
0.37831730199999924,0.5661569999999969,0.2919780000000003,0.561284273086784,0.23501249088069898
0.1834571593333365,0.421087,0.20588800000000163,0.4467000799731409,0.1566772929356226
0.04160156533333392,0.07571200000000289,0.09521200000000007,0.28369519174814783,0.08375033264056597
0.1714714980000025,0.15099899999999877,0.023324000000002343,0.07784347623190868,0.12248358641138779
0.051557084000005915,0.10786200000000079,0.03362899999999769,0.18015055028084603,0.23841306081835256
0.00212741066666311,0.11294300000000135,0.017240999999998508,0.197956758337412,0.3008122674908513
0.14725358266667143,0.16269300000000086,0.003979000000001065,0.15069945830844844,0.1331993362368813
0.31961693933332924,0.1608489999999989,0.16061300000000145,0.4160161168686827,0.17983905433258585
0.5642681879999998,0.002756000000001535,0.29787999999999926,0.8787993279812589,0.5038197733984262
0.5338265179999979,0.7834620000000001,0.36244600000000204,0.043179736821802095,0.349940751712257
1.6782843313333338,0.6454450000000023,0.5646129999999978,0.6721382048812004,0.6434370308779904
0.5378759913333333,0.4272980000000004,0.7586520000000014,0.7607657899600007,0.5473536681321072
0.6243694693333346,0.5237899999999982,0.9027519999999996,0.8939936652135572,0.6346766406034661
0.8529813573333378,0.791955999999999,0.907391999999998,1.3053025763870778,0.7784586372856133
0.8829731979999949,0.6695360000000008,0.8400210000000001,0.8041926752014561,1.0709071252186924
0.8623760186666658,0.747752000000002,1.2642230000000012,1.2752830982757395,1.0245809516222408
0.9583815659999999,0.932974999999999,1.372643,1.2035463360282765,1.0840625614438704
1.1522035033333342,1.4951499999999989,1.5340209999999992,1.1009724243400623,1.1752249540215445
1.320241012000002,1.679551,1.6075790000000012,1.2177055389993807,1.109969539150116
1.4188088186666672,1.3071340000000014,1.5452019999999997,1.1424566000509966,1.3582012307470386
1.5329857007999959,1.5988859999999985,1.5146709999999999,1.3623866737823036,1.4021240845380305
1.4781884290666678,1.6490650000000002,1.3986134000000003,1.3913261692967165,1.5232855620842187
1.5269138644000018,1.620960600000001,1.4749065999999997,1.3661396201288607,1.4847356569143724
1.648768375933333,1.4489928,1.2514332999999995,1.2230046090271838,1.4800859028371116
1.5624021636666665,1.5044015999999996,1.2915814000000005,1.3277628032034778,1.4776791669100966
1.445887357533333,1.42489,0.6842842,1.2888270053025082,1.322583515930143
1.2299569376000001,1.0575045,0.9112119000000001,1.0264229369450317,1.1176272134810854
0.7786696528,0.75188596,0.5796477999999998,0.9620289569765365,0.8465072469706194
0.20975036600000002,0.49013510000000005,0.0,0.6428317599073637,0.384655485848395
0.6209868939333332,0.736567,0.008194531,0.8009597618751292,0.5970434543014852
1.0170084370666668,0.8529263,0.867911169,0.8118587161709985,0.8301875301826023
1.2054089780666666,1.1956254999999998,0.9561111999999999,1.1654535144162752,1.0805611692139583
1.347284914666667,1.1239582000000001,1.0010001,1.089971062723433,1.1872802752361578
1.5279728038666676,1.5640280000000004,1.1014372000000003,1.1935250695755357,1.2937543039485329
1.533549631599998,1.1998129999999998,1.3406657999999996,1.0968831714550937,1.3965204102204325
1.4966509085333337,1.7736919999999996,1.2716330000000005,1.4573267689728588,1.6611465721951735
1.4360130010666659,1.3187160000000002,1.5770809999999997,1.427485077340883,1.4128703573909096
1.4633304653333337,1.6097409999999996,1.3435109999999995,1.2916034294723673,1.2544943720203072
1.3961631153333336,1.1788629999999998,1.6545389999999998,1.0183047143804735,1.3301484101229946
1.3883277100000004,1.3289590000000011,1.434654,1.2068509783550994,1.1757366894675627
1.2845398526666667,1.0375815,1.5031580000000009,1.1702978159224884,1.3361380651849988
1.0983473273333324,0.9995054999999997,1.1510940000000005,1.2677985301342165,1.1622857483454467
1.0351337919999999,1.0185579999999987,1.4137259999999987,0.8232023212185986,0.8372160287294221
0.9529361666666638,1.0299370000000003,1.0539799999999993,0.670630524180762,0.9708902479529122
0.8009115426666682,0.6840150000000023,0.9954390000000011,0.9863136144283757,0.9901517317075488
0.750857712000002,1.0057200000000002,0.6984870000000001,0.8226245274745203,0.802608185541537
0.61781920733333,0.660976999999999,0.7197829999999996,0.6535921540120739,0.3794926902938123
0.6143539046666682,0.29741399999999985,0.6916469999999997,0.7448067400843001,0.5356867138714492
0.554740314,0.45325300000000013,0.43991300000000066,0.6408417736821015,0.4324975730658913
0.3474174993333321,0.05880900000000011,0.25161699999999954,0.38989947130851377,0.49002463301192023
0.2890778673333365,0.4875170000000004,0.07296600000000097,0.42281956303344614,0.18397741402750967
0.2436937040000018,0.24812499999999815,0.0987569999999991,0.3661457103746315,0.1611371495068994
0.2158487959999995,0.07672299999999765,0.19598000000000226,0.3597396609317407,0.06671949559877177
0.026006933333334814,0.07714400000000055,0.2063050000000004,0.08901134295578572,0.14252080719441196
0.09536500000000103,0.0889140000000026,0.0931280000000001,0.38806501307477603,0.23949628728003347
0.2948203040000017,0.42605899999999863,0.08069200000000265,0.2123540933874679,0.3113607354131105
0.05968383866666471,0.387989000000001,0.10962299999999914,0.23274390028025493,0.1420471825254488
0.20238522466666709,0.44022199999999856,0.2880350000000007,0.5605515752899137,0.3182626889235287
0.08918857733333496,0.367243000000002,0.3244669999999985,0.8777092962729611,0.6379637472586275
0.5809810599999956,0.946202999999997,0.5857010000000002,0.15029441702838753,0.5225672152513923
0.8168013640000034,0.8019680000000022,0.4291109999999989,0.7801431400292387,0.8482969667231188
0.8914352486666637,0.5702420000000004,0.8923820000000013,0.8289488111555308,0.6751183750708307
0.8539335300000026,0.6252059999999986,0.6672000000000011,0.8431791772231421,0.8224617072057008
1.0313734200000013,0.8946970000000007,0.7625199999999985,1.3247078396881165,0.8849412112125634
0.8729116599999962,0.7787970000000008,0.7356349999999985,0.7188174184569558,1.1353485852922933
0.9789654920000004,0.7795259999999988,1.2346640000000022,1.194808914341161,1.0321590808517112
0.888576959333335,1.0191809999999997,1.1102409999999985,1.2052625023395311,1.141456902751104
1.1064303780000007,1.5395605000000003,1.5772700000000004,1.1372562062547527,1.2359291674034427
3.901585015133332,1.6100464999999993,1.3410399999999996,1.1571128545949083,1.1641675798148086
3.5377445823333344,1.2282650000000004,1.3592840000000006,1.0990722125877692,1.3389114328988203
0.6012284879999994,1.4252610000000008,1.4408379999999994,1.1940606249880261,1.3643563048678597
0.33001283986666596,1.490233599999999,1.4519202000000009,1.353438860129346,1.4205988658655704
1.0826816031333326,1.4733620000000007,1.5311317999999998,1.291591604026026,1.3635244761339367
0.7884758754666663,1.1266233999999997,1.0725980000000002,1.166901835386124,1.3275775258795912
1.0198962820000013,1.2969624999999998,1.1800592,1.212333607104915,1.3304976209051018
1.8222810695333331,1.2722061,1.0261139,1.199859288001473,1.1529961027216467
1.901392327933333,0.7808631000000001,0.8542475,0.9698995448783181,0.9226507762028515
0.5924222122000002,0.65392693,0.6076718999999999,0.8966725199597876,0.6646101387851406
0.3219283928666667,0.30129157,0.3704711999999999,0.5696968527673854,0.3684573694002844
1.6927765834000001,0.3855995000000001,0.29097970000000006,0.712559382205497,0.580925906553973
1.876645136133333,0.5463395999999998,0.8566916999999998,0.6773780879827067,0.778218346516035
1.9721264451999994,0.7372051000000002,0.7869709,1.0396206003682793,1.0085594733720191
1.3073802868666662,0.7680048999999998,1.0934971999999998,0.992036020356887,1.1041161748182406
2.122954208466666,1.1394533999999998,0.9284615,0.9439136569446793,1.1417363119496713
0.08467659120000093,0.8276513000000003,1.1762114000000006,0.9513756547252994,1.2334217104344898
2.4240986735999996,1.4642325999999999,1.3409866,1.2808415126129296,1.4868739521474579
4.4229082888,1.0370527000000003,1.2686770000000003,1.0989023906628725,1.2140626732312452
1.1721442367999995,1.5422696999999994,1.4220860000000002,1.2036119055094776,1.0765073685121607
0.9941915936666663,1.164117000000001,1.4229569999999985,0.8913787930992889,1.1861177022844043
5.4649981065999995,1.3811,1.2914070000000013,1.0622602993286687,1.0517897820409416
5.431554197400002,1.2379800000000003,1.4139619999999997,1.0963716460427086,1.1857715722583766
3.0460118295333327,1.2166479999999993,1.0134250000000016,1.1884952174676258,1.070304832530443
4.8368445661333315,1.2583830000000003,1.171790999999999,0.9002456110689252,0.7946202173078181
3.6912970021333305,1.239456999999998,1.0347329999999992,0.5800692011030684,0.9765852479054988
2.7940828833333313,0.8874680000000019,0.8717630000000014,1.0325454793042237,1.0306445303802434
0.8372065820000003,1.1231249999999982,0.6912309999999984,0.7802537561330247,0.9160306814243775
1.0818105620000011,0.802697000000002,0.49440799999999996,0.8121316615785368,0.3766193960676496
0.4094143126666694,0.37944399999999945,0.6333669999999998,0.7233246367137944,0.6160508282557053
0.7295091480000053,0.5546110000000013,0.25710300000000075,0.7994897623346517,0.5491885072327776
0.1592022586666637,0.15757599999999883,0.3089119999999994,0.6637951142236815,0.5358592869682468
0.4089104506666672,0.5570430000000002,0.18485700000000094,0.6206682829044503,0.3084260499245204
0.08792489133333348,0.38714900000000085,0.02709000000000117,0.5014999201943198,0.25333133506028105
0.1628851566666647,0.08314399999999722,0.04081899999999905,0.14951884830181683,0.03908104111482302
0.02590905533333654,0.12361900000000148,0.14728200000000058,0.11332709879040337,0.0553420575510124
0.007431051333341543,0.11619500000000116,0.12342399999999998,0.17906063448243614,0.3491912708542593
0.1804110826666694,0.11902200000000107,0.08488099999999932,0.19957427932130756,0.1608051912620745
0.09200391066666924,0.09849900000000034,0.08761200000000002,0.00806600593442397,0.06324187542887216
0.1504706026666618,0.17451499999999953,0.2966040000000021,0.3041072322160936,0.06551144471251291
0.3659462486666669,0.010933000000001414,0.33637999999999835,0.6967730611025296,0.467648753309863
0.560571008666674,0.7688670000000002,0.3655000000000008,0.2764132655726712,0.3899363078159155
0.6155547199999951,0.5874939999999995,0.5627749999999985,0.5012080844141593,0.6191009794765137
0.6062543286666653,0.38363899999999873,0.6734980000000022,0.728985250579079,0.5630584153040665
0.6587520826666697,0.5133989999999997,0.7284669999999984,0.7882057479839233,0.7153229464223294
0.8843503879999979,0.7314119999999988,0.7594360000000009,1.1965652721138866,0.8533950380232369
0.9642131359999979,0.6124240000000007,0.8537199999999991,0.8595583262316424,1.096856231683038
0.9422255640000046,0.6252290000000009,1.0073740000000004,1.4430610526105472,1.0112351317939723
1.109972499999996,0.8592639999999996,1.2771969999999992,1.041088611525792,1.0779149067452174
1.2375994646666708,1.384595000000001,1.391096000000001,0.9526574097371885,1.1861872181233615
1.3314817479999999,1.574904,1.4804320000000004,1.2190996684526745,1.1429215601778413
1.451019262666664,1.178196999999999,1.515153999999999,1.1286783060567345,1.3473711612606163
1.4228360376666664,1.4889960000000002,1.4365380000000005,1.3820379282969562,1.4320933881712765
1.4473938702666675,1.5927159999999994,1.4108140000000002,1.4204363119655072,1.5284397835314643
1.5067649051999998,1.620216000000001,1.4936789999999993,1.2950375456912484,1.493489651183106
1.5818707032666666,1.4744079999999995,1.3163164000000007,1.246861590169221,1.4320064518371654
1.4634343699333328,1.5313350000000003,1.1994215999999995,1.339059003561367,1.3840012613331951
1.3666728260666674,1.5489308,0.8690055000000001,1.1796595958872156,1.2176924546464822
1.4555935851333333,1.1133374,0.8850940999999999,1.016346502659765,1.0127069869196514
0.3665737456666667,0.26452365999999994,0.0,0.5509435672921156,0.2897805862167394
0.7778590424666662,0.24931760000000014,0.0,0.6513971369085028,0.46667715341800303
1.327544367466667,0.19663239999999993,0.3096199,0.3203560908727907,0.6497313232869627
0.8553131071999998,0.33161149999999995,0.8477199,1.2092549871172822,0.8519195632627168
2.3698509762666666,0.26658249999999994,0.9328742000000001,1.0328251998644618,0.9203782186063316
1.2514862698666667,0.3524707,0.9645136000000001,0.5470040207982674,0.8857142521931105
2.5810610099999995,0.09441420000000011,1.1318264,0.46960715458934565,0.9459718504618486
0.20430773526666668,0.3644642,1.239267,1.3651976424597985,1.2729507511015532
7.901997213,0.15646159999999965,1.312424,0.8953120816239313,0.9994250350522815
2.239028710466666,0.20960969999999968,1.274826,1.2071875362717854,0.8292373362765852
3.3743089433333324,0.09955589999999992,1.3849789999999995,0.6516093825826346,0.9810021308813912
4.950416532199998,0.41179330000000025,1.2947120000000005,0.9121156712071237,0.7073704036716766
1.025804978933337,0.7018154000000001,1.3347669999999994,1.271395009956997,0.8946603100870636
4.911111590000001,1.1055933000000002,1.1648779999999999,0.9276491877290578,0.6719546287595399
7.227457283466666,1.1200493999999992,1.2415980000000015,0.8158545859711062,0.5249675409429493
9.7864239538,1.6812353000000009,1.0180179999999996,0.8332087749926274,0.8219353762604538
6.668731502066666,1.8386752999999993,1.0108730000000001,1.5544653516682647,0.8860231110226717
6.032648721466666,2.021040000000001,0.9122069999999987,0.6723788273822411,0.9351104932927203
11.220742516333333,1.8966394999999991,0.6694929999999992,0.6608540365459241,0.3641472862453661
3.2475656911333353,1.7793595,0.7439630000000008,0.8405779536155471,0.7716873652117382
3.0878660923999988,1.8122229999999995,0.515352,1.051453585277521,0.916728875494087
7.333895364133335,1.5068009999999994,0.4083520000000007,0.8084094578416945,0.9906800577914545
1.192110659333327,1.4940720000000027,0.27769899999999836,1.1314053901780632,0.773828637977207
0.8431645493333342,1.3268889999999978,0.24763800000000202,0.11106935111918759,0.6288745048287474
11.217780580399994,0.6613070000000008,0.04561499999999796,0.6261496093655374,0.4342405799674047
1.826449476266669,0.731268,0.19145000000000323,0.5645613697849257,0.35754652550998145
2.386958370066667,0.3809870000000011,0.10697000000000045,0.02669108194706027,0.6675038195587
7.015825519133335,0.03622999999999976,0.057254999999997835,0.47489549840555156,0.1300896375019711
6.342416429066667,0.014159999999996842,0.01689000000000007,0.633067684632028,0.08343032069375056
1.480584514866667,0.13738599999999934,0.07196300000000022,0.5956558927753512,0.21949156851532692
6.328445588733334,0.17355200000000082,0.1687739999999991,0.19660893525752954,0.2953641134501481
4.560958879066661,0.7479310000000012,0.35059299999999993,0.8977617557032289,0.23482639512229042
1.5283674840000003,0.814315999999998,0.4654120000000006,0.125107553287247,0.5547236407021892
0.6404936113333264,0.6289660000000019,0.6537079999999982,0.862090892674857,0.5499761588951735
0.6863905453333352,0.8411469999999994,0.899560000000001,0.523783817015282,0.6258336538075859
0.8871299199999996,1.008341999999999,0.7473840000000003,1.4625822582812695,0.8902268942211755
1.0799685633333347,0.9401599999999988,1.0336299999999987,0.2538697143308113,1.1435644590441072
1.0766761646666652,0.933957000000003,1.1849220000000003,2.160509142748044,1.0415533702580362
1.113787394000001,1.004769999999997,1.295935,0.9129604938197602,1.163325690216988
1.3140257226666687,1.7157740000000015,1.4863670000000013,0.8897180604422061,1.2802161563834744
1.3003416533333318,1.7207080000000001,1.513940999999999,1.4486662506140977,1.2098893277422036
1.3782646233333313,1.170318,1.5669000000000004,0.7254378516038784,1.3505243770488562
1.529632249066669,1.6143850000000004,1.4862243,1.7225878564159256,1.4186690163932383
1.5012735207333332,1.5229419999999987,1.3224247,1.1836683045733523,1.5218569345150437
1.5655373239999992,1.4143350000000003,1.3086954999999998,1.5790772880898993,1.507856316513311
1.6103433660000004,1.3811483000000004,1.2641478000000004,1.3339257444572779,1.4979629729281516
1.5614450368666666,1.4565592,1.1675294999999997,1.454634592187344,1.4484149040977399
1.2911320102000001,1.295099,0.6923475000000001,1.0888586929787105,1.2689070651589809
1.0482695851333337,1.145992,0.87073095,1.1074130577373869,0.9788066354056679
0.7629755703999996,0.86429426,0.5322022100000001,1.0176091982209008,0.6579734337471197
0.31849855693333334,0.42430652,0.37771160000000004,0.7430963864173792,0.32344023305488734
0.6422628432666668,0.6827890000000001,0.26867240000000003,0.9375527720113184,0.5434229779852418
0.8405592640666664,0.8243755999999998,0.9188046000000001,0.934017213953307,0.7664690324254253
1.2227984518666668,1.0918286,0.8954377,1.2051392702143255,1.0672023088535227
1.3252889569333335,1.0902452999999999,1.1567075999999998,1.2197812262215653,1.2321949689206688
1.4143305898000005,1.4903504000000005,1.0701004000000003,1.2806983063010877,1.387799300207159
1.5904387991999993,1.1704933999999998,1.260701,1.2276374330316218,1.5559282526959768
1.4884579233333364,1.7303256000000005,1.3488669999999994,1.3442627725514864,1.7916153808854425
1.4186474283333315,1.2569809999999997,1.4806559999999998,1.466393042980572,1.5480318776723845
1.3635800852666637,1.5982199999999995,1.4741590000000002,1.1988710931824507,1.3811062217802306
1.317891033333332,1.1435530000000007,1.5226299999999995,1.051222981407193,1.4328406599232242
1.2253222733333384,1.269088,1.409179,1.1889996742651405,1.208549722950968
1.1016013826666669,1.0153479999999995,1.5640120000000017,1.0697686439119813,1.406161791888941
1.0651335439999983,0.9513510000000007,1.0675260000000009,1.3040141317253866,1.1830842558420436
0.9867480759999978,1.035812,1.3077869999999976,0.8016176291954018,0.8193798180846734
0.7985905386666659,0.975206,1.1094690000000007,0.4960522133759042,0.9517847696664816
0.7275217660000024,0.6117470000000012,0.9554229999999997,0.9796376500927977,1.012053625617714
0.6598775739999994,0.9597969999999982,0.6749170000000007,0.739238770647443,0.7490824465850388
0.6376917026666682,0.6389309999999995,0.5892790000000012,0.48362852764259046,0.307458921990559
0.4679800213333323,0.3300610000000006,0.6240829999999988,0.7032008675227459,0.5464166583277859
0.3551540853333357,0.44185600000000136,0.3266239999999989,0.5206237796881688,0.36500198359189895
0.25294237799999664,0.09675599999999918,0.23621900000000196,0.3256985795982139,0.505302735094542
0.3261028886666679,0.5541479999999979,0.1508509999999994,0.33512190214467097,0.16427822679986548
0.09764412199999839,0.3219200000000022,0.005151999999998935,0.43447569969989175,0.13906949888957243
0.10923965666667002,0.0958830000000006,0.09619500000000158,0.30676192128371227,0.0855280962106093
0.019570157333326677,0.04598999999999975,0.1482530000000004,0.11358579600650387,0.12275833190280494
0.009279666666660802,0.06807899999999734,0.0987259999999992,0.5050641004772736,0.24195666853356812
0.12660586199999813,0.30512499999999676,0.07632100000000008,0.4239580439085522,0.3149007742882972
0.12383117733333648,0.1921480000000031,0.05184500000000014,0.4775611329735945,0.11609683377997371
0.2806768806666682,0.28230299999999886,0.307030000000001,0.3536589078765999,0.2360646837743623
0.36586214266666417,0.22502700000000075,0.34517100000000056,0.8046076865385494,0.5789183379529632
0.489714789333334,0.835601999999998,0.4104789999999987,0.38001951734526784,0.4212747270147901
0.5265418946666678,0.7306670000000004,0.5405200000000008,0.5666527895385585,0.7766032589326386
0.7289793806666651,0.4329390000000011,0.7632140000000014,0.6873313644623522,0.5814638100432852
0.8517912833333341,0.5973419999999976,0.7033479999999983,0.8783251237155412,0.7466800242297467
0.7732356186666642,0.8361810000000034,0.8334560000000018,0.998399797514562,0.8409151267655162
0.7863589960000041,0.7602839999999986,0.8180750000000003,0.7075829949820509,1.1078315087305945
1.0278245899999998,0.7245190000000008,1.1322379999999974,1.0981778107576634,0.9986196101569345
1.101873886,0.983585999999999,1.2288630000000005,1.226934970374268,1.114672472078393
1.2512293513333308,1.4789049999999992,1.4976510000000012,1.1647055589725213,1.2015958642835969
1.2583975966666667,1.644297,1.4308259999999997,1.1678822521466312,1.182237528733575
1.3949415740000024,1.2619070000000008,1.4414079999999991,1.0509020979874482,1.403232833282317
1.4552558470666632,1.4786400000000004,1.4126780000000014,1.1219892500623079,1.4844855337465983
1.4656818162000018,1.5256779999999992,1.3608689999999992,1.4660979647252699,1.5911693430597245
1.540610477333333,1.5903503000000008,1.5178139999999996,1.3466252813305504,1.5691135424770364
1.5316301713333331,1.2973350999999997,1.2356423000000003,1.2876127039514218,1.582144860685017
1.4615156792000001,1.4170696,1.1912046000000003,1.3182854245145812,1.5556101250020569
1.360127981866667,1.4091686,0.9068104999999997,1.2409771521177477,1.2978603024786914
1.1251297668,0.8614950999999997,0.859286,1.1347815138895871,0.9652255831884993
0.8069873706666668,0.7761915500000001,0.6246055000000001,0.9481959447735134,0.6226531131582935
1.3640782338666666,0.9128797999999998,0.9731065000000001,1.3323816914326645,1.191634335505606
1.4975587683333336,1.3499511000000002,1.0053587,1.5085295501150733,1.586628255049305
1.5131879633333334,1.1544401,1.2999476999999997,1.5505219641147905,1.8296685676866709
1.5064889288000005,1.8241065,1.3060580000000002,1.4991289479472343,1.9423253833376144
1.5063466763999998,1.3652368,1.4557929000000005,1.5453798200532933,1.6640678245530793
1.4709878454666665,1.8582716999999995,1.4385886999999995,1.4243501282023718,1.510730813654872
1.350964711266668,1.4702395,1.5883880000000001,1.3397436491486943,1.4880287590978867
1.2505306493333315,1.4961444999999998,1.5248439999999999,1.3254098133688839,1.1672324696046488
1.1766093626666674,1.1852280000000004,1.5297260000000001,1.0746696791968393,1.1949346189477765
1.0415194859999986,1.3251880000000007,1.1091359999999995,1.262879499958343,0.91214628665265
0.9268645866666692,1.1022259999999982,1.199796000000001,0.8316258720053433,0.6821840668036057
0.8581618286666668,1.2456780000000016,1.0364119999999986,0.5444120604704814,0.7868258351618724
0.7645221053333309,0.7782669999999996,0.821664000000002,0.7944179004251204,0.9504801557717535
0.5831935040000005,0.92605,0.6001419999999982,0.39359778912460186,0.6209489728870388
0.4740709813333339,0.5299779999999998,0.5330300000000001,0.7455728137361319,0.21503866481135248
0.39420099799999875,0.2512439999999998,0.42634900000000187,0.6087784322196477,0.5734005052005742
0.3242027613333356,0.40426199999999923,0.21981299999999848,0.2614846687023231,0.5592616263171983
0.31472547866666645,0.01713699999999818,0.03687700000000049,0.24785673407345854,0.452432217869589
0.12018794266666077,0.34132299999999915,0.01998700000000042,0.17564042824816894,0.08130074403393905
0.05136936200000264,0.26119300000000223,0.10306599999999833,0.06507069612543503,0.1298271560647919
0.025688081999998502,0.21418900000000107,0.012480000000000047,0.19801478968980035,0.16991337355663916
0.03784273666666493,0.013830999999999705,0.3840369999999993,0.2943422424331743,0.13382469578205658
0.1949236766666651,0.10774999999999935,0.283258,0.3950246352634892,0.0014207129559586917
0.22030749333333688,0.4284530000000011,0.21841300000000174,0.018123824585099868,0.6552760837892926
0.41792274133333507,0.34395299999999907,0.2970499999999987,0.4387295651495613,0.24818299034519598
0.5837792039999989,0.45205500000000143,0.4560820000000021,0.6849636679425792,0.24154833261785313
0.6238808459999987,0.2832499999999989,0.5601199999999977,0.8693874136284414,0.6252538322786805
0.794669793333334,1.0596530000000008,0.7409999999999997,0.752933646458704,0.6411126001138783
0.638841104666664,1.0523150000000001,0.8385210000000018,0.6403104564659419,1.0186322836776753
0.9328522100000036,1.018793500000001,1.0972409999999986,0.8932515233788827,0.8810754558681086
1.0930322706666633,1.1278064999999984,1.0504829999999998,1.3024820946833486,1.045156691298624
1.2244215433333316,1.5015450000000001,1.1799760000000017,1.3092735166617633,1.2025835013158659
1.15677826466667,1.4534859999999998,1.0506639999999994,1.1866803877480407,1.3658544854686951
1.3955080800000008,1.5202390000000001,1.469386,1.48252403009662,1.3337468224607214
1.5662317417333345,1.6421360000000007,1.4351819999999993,1.6045942834690816,1.582335426945379
1.563281592466664,1.9804291999999997,1.4977853000000003,1.5033643059606767,1.7841826590224796
1.6118880536000004,1.8930238,1.4135407000000004,1.5984772249348298,2.0040752562249162
2.075721114800001,1.3387020000000005,1.0947152999999998,1.547621314773438,1.9376443868902276
2.275313389799999,1.31493,1.0586070999999997,1.4806071291013032,1.6868017511706552
1.3480372408666668,0.9315016000000003,0.9371157000000001,1.2913347925801308,1.232246804870628
1.5069739099999997,1.376471,0.9732523999999998,1.4747489429920582,1.60632140129119
1.537212896333334,1.136203,1.2650753000000003,1.5212699016624533,1.8236577700485133
1.5821106334000001,1.7924039999999994,1.2236313999999995,1.518599163678548,1.9346249759605065
1.5139935006666656,1.3351100000000002,1.4520659,1.514239352614842,1.6442698567460567
1.469974054933333,1.7954070000000009,1.3768194000000005,1.4334781496546007,1.516875159069901
1.3157113504666693,1.4422529999999991,1.5551499999999994,1.3267900329692583,1.5093850031162663
1.197271967999999,1.473573,1.4913170000000004,1.33223244544752,1.1760190532996155
1.083345306666665,1.1909650000000003,1.474665,1.0422159146498924,1.214087616457288
1.0233990120000023,1.3024725000000004,1.1239120000000007,1.2757106001443823,0.9269673421697089
0.927157428666666,1.100108500000001,1.2160959999999985,0.8644460944494785,0.6887829122549665
0.7688413626666666,1.2440319999999971,1.0290410000000012,0.540887586718851,0.8040826103758256
0.6972791573333303,0.7937660000000015,0.8387379999999993,0.8332442904560082,0.9308512903680928
0.6104986013333331,0.9424419999999998,0.5644109999999998,0.40007861028096414,0.6464741507932352
0.5694495213333362,0.5280239999999985,0.48576699999999917,0.8239036190143452,0.21350583129102318
0.2947876026666698,0.2272020000000019,0.47375700000000265,0.5417727693966015,0.5398977147659707
0.39145145333333176,0.41112700000000046,0.21663899999999714,0.29235890941504294,0.5343309410807713
0.30255385399999923,0.024359000000000464,0.017970999999999293,0.22516919286477943,0.45185804611456604
0.25159740133332775,0.3223169999999982,0.008003999999999678,0.194030133923615,0.10263349873325467
0.07462440133332748,0.2685449999999996,0.11877399999999838,0.06577320129167319,0.15248133961878096
0.0008952886666726556,0.22985399999999956,0.009085000000002452,0.2186383408885888,0.13380524687172723
0.013210141333328096,0.0158420000000028,0.3563559999999981,0.30590844736537903,0.14691597164298997
0.15025613733333643,0.10015600000000191,0.3246849999999988,0.42787223397697716,0.05008883896381633
0.4872665179999984,0.40351400000000126,0.229495,0.010496803671060206,0.6585889644056806
0.35744693999999555,0.3337679999999992,0.2951350000000019,0.4991129576592144,0.2330685302884845
0.2879677073333369,0.4490799999999986,0.46846499999999835,0.6140763362295232,0.22499695673558406
0.7633886973333333,0.24735300000000038,0.5366619999999998,0.8639478386345658,0.6252894597723646
0.7536221066666684,1.048566000000001,0.7616370000000003,0.7731684234740577,0.6420590695060611
0.798274367333331,1.0551439999999985,0.799374000000002,0.6663054736740079,0.966607528536624
0.8802574233333349,1.034044999999999,1.1056029999999986,0.8711336353770758,0.8750682964704417
0.9846177933333333,1.1406920000000014,1.0309990000000013,1.360221449919976,1.0619037434308467
1.0791944680000007,1.5281455000000008,1.134720999999999,1.2967358440863865,1.1961052523257365
1.352118030666663,1.4667054999999998,1.0987869999999997,1.1700735793547388,1.3910948658740345
1.4242674702000002,1.5338049999999992,1.433097,1.4759054358965429,1.3853764553988412
1.5443005344000014,1.6658000000000008,1.4307940000000006,1.5922033629216008,1.67584975095345
1.556255357066667,2.0066869999999994,1.4961542999999997,1.4994554713929285,1.9041890742877596
1.7080022908666672,1.8962226000000006,1.3978837000000004,1.5858639053698447,2.096735387335822
2.672309066999999,1.3508919999999995,1.109026,1.5373377018612935,1.9584259858239115
1.5118275210666667,1.3294544,1.0736355,1.458565433550895,1.6151231466181475
1.2925697539333334,0.9579536000000002,0.9724200000000001,1.2806030546371443,1.2103105973681871
1.4461367913999994,1.337682,0.9348998000000002,1.470593514604774,1.6332339000280116
1.481881357733334,1.1481291999999996,1.2233886999999997,1.5200737949335892,1.8901847439646184
1.5319687205999992,1.8319307,1.1949123000000004,1.549509092984045,2.012865911542227
1.5279306176,1.2983386000000001,1.4096599999999997,1.56978722062368,1.742665185194081
1.390008677600001,1.8422289999999997,1.321429000000001,1.4506109631565138,1.584988080931927
1.3152373387333327,1.3775379999999995,1.4819689999999994,1.3124914506301604,1.5611581261903638
1.2394766960000005,1.4401860000000006,1.419962,1.3438554751210088,1.223088334712557
1.0578293893333317,1.1471979999999995,1.4387559999999997,1.0750501656902003,1.2300010071519374
0.9848649853333367,1.257726,1.0468569999999993,1.278603974398619,0.9496988295105631
1.001551308666663,1.1221169999999994,1.1305570000000014,0.8099723566438435,0.6579196000219252
0.7949452620000024,1.234655,0.9688420000000004,0.5218720416833058,0.7947281924182548
0.6711678093333333,0.7343290000000025,0.8230590000000007,0.8045531899422897,0.9324399843466047
0.5843205873333304,0.9006359999999987,0.5945649999999993,0.45961833558702025,0.6494909487881877
0.5474232493333311,0.5463820000000013,0.4447279999999978,0.7802700366456214,0.2279890773934703
0.6455954466666718,0.2560369999999992,0.41441000000000017,0.5003389447911211,0.5263928880324009
0.31908072066666193,0.3891939999999998,0.2337440000000015,0.25500932799891984,0.5443177024018873
0.2033498513333356,0.04617500000000163,0.022490999999998706,0.2820182172938068,0.44648098359330035
0.009375369333330497,0.39014900000000097,0.019429999999999836,0.06943920040271223,0.07501555557306716
0.03942026933333409,0.2738410000000009,0.10357699999999781,0.16140873314788706,0.14275298866390784
0.20500423933333423,0.12648800000000193,0.03540299999999874,0.29864983544151613,0.18399737303265695
0.008091958666661014,0.04265500000000344,0.3930310000000006,0.2172470020330195,0.1601411924502365
0.2546937559999982,0.010281000000002649,0.3139000000000003,0.41967024778846707,0.07535500801353834
0.1954802473333359,0.32230200000000053,0.27760499999999766,0.056598896570726254,0.6712724312141667
0.6234058246666692,0.20749999999999957,0.28267600000000215,0.36257273285221103,0.19991252354770594
0.4851405766666659,0.3492609999999985,0.5222319999999989,0.6976368958320336,0.22459645965220432
0.6669469313333316,0.1490709999999993,0.6074419999999989,0.8422673476610036,0.6199087808815875
0.737098064666668,0.9690800000000017,0.8185880000000019,0.744094032060314,0.6823212267682415
0.6879839199999989,0.968038,0.844142999999999,0.682244037519645,0.9999663586891998
0.9201239453333336,0.8990970000000011,1.1297120000000014,0.8748380906592033,0.9160689250647387
1.074517856,1.0436279999999982,1.017282999999999,1.3648883505417473,1.096489060631061
1.2030254413333346,1.4265399999999993,1.1649729999999998,1.2587625445682704,1.2122518122254213
1.3473978453333313,1.3918610000000005,1.059025,1.1427712246593043,1.4427324496709328
1.377151467866664,1.4383820000000007,1.358811000000001,1.5071080272853852,1.428926969969977
1.354378619200002,1.6064159999999994,1.3402429999999992,1.5743980983272614,1.7461544346414168
1.5203368684000012,2.0150439999999996,1.4143103000000004,1.5097550534094335,1.9825958303700695
1.677888991533333,1.991594000000001,1.2818547000000002,1.614993103457067,2.1446231466952845
2.102501096733333,1.4725570000000001,0.9823556,1.5519646666082259,1.9603620602819425
1.8649180086666672,1.4618969999999996,0.9146071999999998,1.46749551366279,1.5719107267811077
1.2898054510666668,0.8773330000000001,0.8908776,1.2602054182923736,1.2828417285750962
1.5146374673999996,1.3160295,0.8823262999999999,1.4347902221618423,1.7401751357830713
1.5251971708000003,1.0584274999999996,1.2342842000000003,1.5137828985564652,2.0167724904954576
1.4427649176666675,1.6686380000000005,1.2425045,1.4972395520060982,2.138434607410587
1.5356581681333328,1.2634940000000006,1.402088,1.6088368323520132,1.8188779439351315
1.4022900793333335,1.7708969999999997,1.2159520000000006,1.2743274805687932,1.6460435606651753
1.3560804219333313,1.3693829999999991,1.453455,1.3371237428443372,1.665920253320941
1.2402029013333369,1.4793510000000012,1.359686,1.5152487902360772,1.2539610352414616
1.1301284779999996,1.1666859999999986,1.3171039999999987,0.9373544803630924,1.3342323397320666
1.0399666679999982,1.2408410000000014,1.0607220000000002,1.370776709096777,0.9956852458086178
0.93398878,1.0794549999999976,1.0099210000000003,0.9334230615553025,0.6901071459132524
0.8704635440000015,1.1704290000000022,0.9183380000000003,0.5362062907056551,0.877722554352065
0.779999507999996,0.7453669999999981,0.7093789999999984,0.9153477141080124,1.05752682648178
0.5647894680000043,0.8877750000000013,0.5520150000000008,0.3490772653090204,0.7525025418299798
0.49171041800000026,0.5050130000000017,0.42530999999999963,0.7636003634719408,0.23246279248646218
0.385811380666663,0.22180899999999681,0.4474320000000027,0.6818702051120411,0.5043839305499205
0.4832925839999973,0.4111840000000022,0.13456899999999905,0.0695494624517643,0.5641029623038349
0.18343361800000224,0.007360999999999507,0.0010089999999998156,0.5665322079940793,0.536411412842984
0.07133547266666795,0.3417260000000013,0.0392860000000006,0.20704404012269606,0.042440132825870336
0.01974469133333301,0.29523299999999963,0.11652000000000129,0.24516631618330464,0.15596916621634094
0.0625004713333368,0.16036700000000081,0.020057000000001324,0.4703510274822449,0.15188709256667465
0.16290603400000236,0.017877999999999616,0.38562900000000155,0.3974449671002489,0.09856997691085567
0.4289273886666649,0.07313500000000062,0.3536989999999989,0.515550349123238,0.1010401621256598
0.33688569133333246,0.35350599999999943,0.17877400000000065,0.1878589265578121,0.7301791383310317
0.3345920800000002,0.31677099999999925,0.3229830000000007,0.8304392585584104,0.20880089915042888
0.402589259333336,0.43181000000000225,0.44779700000000133,0.6276525104657829,0.23647172772151137
0.661134713333329,0.23434099999999702,0.5830899999999986,0.9777657516546441,0.6103540441026603
0.6838444226666702,1.0260870000000004,0.7241509999999991,0.5451399847175793,0.7335373722582226
0.766851012,0.9861690000000003,0.7594580000000004,0.8677016926365049,1.065450902393252
0.9887396053333308,0.9791050000000006,1.0911460000000002,1.0096295531102442,0.9656355319683172
1.1661189306666682,1.0402450000000005,0.9891059999999996,1.2065971516211444,1.208085207450667
1.0508691033333317,1.3986850000000004,1.1295070000000003,1.533781984223479,1.3097844164298262
1.1002347200000013,1.3451389999999996,0.9889039999999998,0.9805563019012435,1.5991845950493797
1.3400733183333333,1.3690280000000001,1.3018040000000006,1.4440204788462427,1.6453286621683958
1.450336245999999,1.5275809999999996,1.422027,1.6099071858936371,1.9853956653160143
1.6332748131333341,1.8809170000000002,1.3868989999999997,1.3004659794100464,2.217657238033979
1.7244353210666663,1.7936319999999997,1.3002960000000003,1.513314311451614,2.330522735710744
1.9610641089999996,1.2508280000000003,0.9548303999999996,1.4623244415345265,2.0230442844885617
2.1642929281333334,1.2899683999999998,0.8868741000000004,1.3274783691516674,1.5459210720545677
1.1302944291333337,0.8367374000000001,0.8635573999999997,1.279034562017056,1.20047198318818
2.0499650673333325,1.3730455,0.9131491,1.4811554414830193,1.6316877028876926
1.5155931350666663,0.9655766000000003,1.2420213000000002,1.547607683670774,1.8884661140821382
1.3792130577333337,1.6548757999999992,1.2276040000000004,1.4851539473554025,1.9990814744315664
1.6617372379333357,1.2894836000000005,1.4461914999999994,1.583427185311784,1.706683241151147
1.3527554650666644,1.7100460000000002,1.223405500000001,1.2963950377786553,1.551163100965855
1.3191780053333346,1.438877999999999,1.4644679999999983,1.3377360187581004,1.555338537439221
1.20252114,1.5092730000000003,1.4061770000000013,1.4053587465795374,1.2037097823970466
1.0988599533333332,1.2711319999999997,1.331194,0.9571681262127409,1.2566976359655655
1.0048052739999989,1.3139960000000013,1.0878164999999989,1.3114351258411077,0.9463929283691908
0.9735699586666673,1.121401999999998,1.1569625000000006,0.92391700677417,0.682721137754184
0.6842903073333346,1.2421040000000012,0.9665510000000008,0.5078079219922067,0.8458497093562443
0.7521693919999954,0.9177759999999999,0.794080000000001,0.8155035029020219,0.9940824616400157
0.5348766140000052,1.0592579999999998,0.490200999999999,0.35739926420209045,0.7096266007217231
0.49568870399999554,0.565723000000002,0.5220780000000005,0.7629108136632965,0.23573707965844903
0.43589469133333836,0.19643499999999747,0.5183909999999976,0.6167024104014907,0.5037381737877702
0.24875809399999937,0.5070770000000024,0.19051100000000076,0.14421007049385892,0.5405390102616181
0.01804584733332959,0.07098399999999927,0.06813800000000114,0.4526542927721131,0.4676693758442312
0.13766859866666792,0.28878800000000027,0.07280500000000245,0.06969158836728795,0.07494472663981355
0.48946636333333515,0.36205099999999746,0.1636000000000024,0.11242704190244623,0.15998233564651088
0.030450610000002598,0.27737599999999674,0.044866000000002515,0.33505225738713307,0.15170501158655014
0.09405056266666278,0.06472399999999823,0.4954850000000022,0.3922926295205258,0.13436014858259782
0.31036172399999984,0.1534349999999982,0.3479390000000002,0.466163612182644,0.08442670587519885
0.4340990253333352,0.38494900000000243,0.24916400000000039,0.1351465469321269,0.6945170904094908
0.45982968466666563,0.34672399999999826,0.39285099999999673,0.7613435991222843,0.2464548938240334
0.34919741933333626,0.538373,0.45673400000000086,0.5811653808647783,0.24872593687546996
0.5528248113333305,0.23912500000000136,0.6246489999999998,0.9335777040154234,0.6298866364434801
0.6004907399999979,1.031600000000001,0.7934920000000005,0.630475206439753,0.6943691128751652
0.8409677793333348,0.9989689999999989,0.7800039999999999,0.7584518514334952,1.007836144311792
0.9437740526666634,1.0863729999999983,1.2131450000000008,0.8960168849838848,0.9338004678167007
1.1801822966666702,1.123324000000002,0.9809989999999988,1.282983124525403,1.1243531421717758
1.407093245333332,1.5437449999999995,1.1754470000000001,1.4161351905935327,1.236707799890592
1.8882364833333352,1.4513820000000006,0.880789,1.0620643329497117,1.468187033240703
1.0577558526666664,1.4902339999999992,1.3727274999999999,1.4294422651315841,1.4994333252726868
1.5609302967999987,1.7303320000000006,1.4042869000000007,1.630171152951915,1.8050351487269332
1.3505300852666657,2.0132749999999993,1.2978129000000003,1.3756722508789325,2.0152818845921026
1.6195688184000012,1.8659844000000003,1.2382263999999994,1.5305493784863105,2.15542566649182
1.9118996837333335,1.3033566000000003,0.8780743000000002,1.4857185678917997,1.9169084171596311
1.871729623066667,1.3437979999999996,0.8527423000000001,1.3425560543454698,1.4816301234479035
1.2822018359999998,0.9939993999999999,0.8308797000000001,1.320771662209763,1.1246196563791353
1.2480222952666664,1.3977230000000005,0.8735298999999999,1.5738022068519415,1.605767884139118
0.9872083301333334,1.2499506999999994,1.0789141999999998,1.6575790992116204,1.9084901926219104
1.4962947369333328,1.9053703000000004,1.1298496,1.6893252782039392,2.0804020111701904
1.9429765706,1.4474100000000005,1.2786176999999999,1.7204848961776902,1.8052520306459217
1.8325887579333324,1.8777979999999985,1.2792763000000003,1.5710157211962859,1.6408255269419172
1.4983865714666678,1.4940490000000004,1.3016769999999998,1.4291281723038942,1.6557014631663307
1.2936256306666678,1.5522600000000004,1.2824010000000001,1.417533403711543,1.2875361036942543
1.050837122666664,1.2396410000000007,1.3480430000000005,1.1523320712206786,1.2819288617532436
1.0030003253333337,1.2663159999999998,1.0910604999999993,1.3409680200678498,0.9662985378754794
0.9836880046666678,1.1192910000000005,1.2555185000000009,0.901368621732022,0.6478134878088593
0.8956220633333327,1.1880399999999973,0.9489630000000009,0.5489358503372799,0.8389848277769261
0.7357886553333337,0.7985190000000024,0.8976189999999988,0.9037878770843157,1.005275352912669
0.635755515333333,0.8344819999999977,0.6210570000000004,0.44022617854239954,0.7350940646071713
0.5118085453333308,0.5314750000000004,0.42588500000000096,0.7815198557345511,0.27737638230771466
0.5270810560000037,0.1753750000000025,0.41389199999999704,0.49709881465352623,0.4940689385590922
0.4714376026666649,0.4377539999999982,0.133459000000002,0.30997544836480273,0.6154095240640878
0.2280155926666687,0.062338999999997924,0.024747999999998882,0.23397158071685098,0.4626037244811485
0.0768488860000005,0.38551,0.03332800000000091,0.07274557369752088,0.030660935208452145
0.06093702866666817,0.23881599999999992,0.27444500000000005,0.14525649402929375,0.19444322339226972
0.17303206866666798,0.24052600000000268,0.24568199999999862,0.32972323936276027,0.11363824395678179
0.22252040533333428,0.07762799999999714,0.3857309999999998,0.2310950303435817,0.17109352874842898
0.31367080466666764,0.12743300000000346,0.4450189999999985,0.536692866530263,0.1011191471163464
0.32335715533332987,0.4412489999999991,0.22352200000000266,0.10146349484933026,0.6989278267367212
0.4060054780000044,0.3920989999999982,0.34862899999999897,0.46544189889513987,0.2564112944850727
0.5342025806666655,0.45778800000000075,0.452808000000001,0.7549890841673985,0.1748701338021128
0.6907545446666674,0.24594700000000103,0.35978699999999897,0.9015051248088817,0.599292076062369
0.5880073780000004,0.9553529999999988,0.5605154999999993,0.8275306373613383,0.7279786483345063
0.9530875199999986,0.9860569999999989,0.6858505000000008,0.7545668565424393,0.9868388577322378
1.042266247999999,0.8608820000000001,0.789655999999999,0.9412053754066374,0.9619774871781317
1.1018367966666673,0.9538190000000029,0.7276000000000007,1.4598842024187597,1.127156059870872
0.9526429706666661,1.4343199999999978,0.9250980000000002,1.318847805906337,1.2026105340693451
1.2535809346666689,1.3315920000000006,1.058738,1.2057796046419735,1.5233742406445678
1.6625440927999993,1.472422,1.0348170000000003,1.5897531984483315,1.5724529523644541
1.3978247961999983,1.629436,1.4276160000000004,1.6827783283342317,1.9731694521836065
1.5483818487333334,2.1118880000000004,1.457851999999999,1.638180231086129,2.2321145337389208
1.9561910969999996,2.0171234999999994,1.219544,1.6796256437405361,2.3214590715143055
2.142240680800001,1.5540781,1.135612,1.6205140535030802,1.9641753722810766
1.7673968800666664,1.4895621000000006,0.9499815000000003,1.4831103226088942,1.4048728101996115
