Regime,Model,Absolute Ramp Rate (kW)
Clear Sky,CNN,0.4245471
Clear Sky,CNN,0.5538288
Clear Sky,CNN,0.6727869999999998
Clear Sky,CNN,0.6347758000000003
Clear Sky,CNN,1.0836976999999997
Clear Sky,CNN,1.1205699999999998
Clear Sky,CNN,1.1896958
Clear Sky,CNN,1.0990587000000005
Clear Sky,CNN,1.349304
Clear Sky,CNN,1.4428319999999992
Clear Sky,CNN,1.4429290000000012
Clear Sky,CNN,1.3425250000000002
Clear Sky,CNN,1.4941009999999988
Clear Sky,CNN,1.3515550000000012
Clear Sky,CNN,1.3183469999999993
Clear Sky,CNN,1.0029949999999985
Clear Sky,CNN,1.2953590000000013
Clear Sky,CNN,0.9024229999999989
Clear Sky,CNN,0.7903730000000024
Clear Sky,CNN,0.5895349999999979
Clear Sky,CNN,0.5544639999999994
Clear Sky,CNN,0.5226940000000013
Clear Sky,CNN,0.22180600000000084
Clear Sky,CNN,0.15504599999999868
Clear Sky,CNN,0.09786199999999923
Clear Sky,CNN,0.057896000000003056
Clear Sky,CNN,0.09795899999999946
Clear Sky,CNN,0.2808300000000017
Clear Sky,CNN,0.08475100000000069
Clear Sky,CNN,0.026743999999997214
Clear Sky,CNN,0.09537000000000262
Clear Sky,CNN,0.18597999999999715
Clear Sky,CNN,0.28981600000000185
Clear Sky,CNN,0.4381750000000011
Clear Sky,CNN,0.44018900000000016
Clear Sky,CNN,0.7747849999999978
Clear Sky,CNN,0.7459160000000011
Clear Sky,CNN,0.7465229999999998
Clear Sky,CNN,0.6257289999999998
Clear Sky,CNN,1.1797749999999994
Clear Sky,CNN,1.1914100000000012
Clear Sky,CNN,1.4750490000000003
Clear Sky,CNN,1.4156864999999996
Clear Sky,CNN,1.313926499999999
Clear Sky,CNN,1.404326000000001
Clear Sky,CNN,1.443795999999999
Clear Sky,CNN,1.4547870000000005
Clear Sky,CNN,1.1350090000000002
Clear Sky,CNN,1.2583729999999997
Clear Sky,CNN,0.9120504
Clear Sky,CNN,1.0727362999999999
Clear Sky,CNN,0.7048740000000002
Clear Sky,CNN,0.6530704999999999
Clear Sky,CNN,0.33103364
Clear Sky,CNN,0.5835703999999999
Clear Sky,CNN,0.5672642000000001
Clear Sky,CNN,0.5675719999999997
Clear Sky,CNN,0.9912432
Clear Sky,CNN,1.0446578000000004
Clear Sky,CNN,1.2239550000000001
Clear Sky,CNN,1.0339469999999995
Clear Sky,CNN,1.2296440000000004
Clear Sky,CNN,1.409986
Clear Sky,CNN,1.3682230000000004
Clear Sky,CNN,1.3542439999999996
Clear Sky,CNN,1.4550859999999997
Clear Sky,CNN,1.2686019999999996
Clear Sky,CNN,1.3483
Clear Sky,CNN,0.904363
Clear Sky,CNN,1.2630160000000004
Clear Sky,CNN,0.9272559999999999
Clear Sky,CNN,0.9452810000000014
Clear Sky,CNN,0.6934199999999997
Clear Sky,CNN,0.5173369999999977
Clear Sky,CNN,0.6454010000000032
Clear Sky,CNN,0.29253399999999985
Clear Sky,CNN,0.3671359999999986
Clear Sky,CNN,0.14238200000000134
Clear Sky,CNN,0.1469169999999984
Clear Sky,CNN,0.05293299999999945
Clear Sky,CNN,0.2741019999999992
Clear Sky,CNN,0.0816820000000007
Clear Sky,CNN,0.06738599999999906
Clear Sky,CNN,0.06240000000000023
Clear Sky,CNN,0.20859000000000094
Clear Sky,CNN,0.28474100000000035
Clear Sky,CNN,0.3515549999999976
Clear Sky,CNN,0.45293099999999953
Clear Sky,CNN,0.6221270000000025
Clear Sky,CNN,0.690607
Clear Sky,CNN,0.7273259999999979
Clear Sky,CNN,0.6965670000000017
Clear Sky,CNN,1.085211000000001
Clear Sky,CNN,1.288328
Clear Sky,CNN,1.392326999999998
Clear Sky,CNN,1.514266000000001
Clear Sky,CNN,1.439805999999999
Clear Sky,CNN,1.4504710000000003
Clear Sky,CNN,1.3750595000000008
Clear Sky,CNN,1.431001499999999
Clear Sky,CNN,1.3424694000000006
Clear Sky,CNN,1.2655019999999997
Clear Sky,CNN,0.9007883000000003
Clear Sky,CNN,0.9938384999999998
Clear Sky,CNN,0.6755418
Clear Sky,CNN,0.24419947000000003
Clear Sky,CNN,0.48318020000000006
Clear Sky,CNN,0.46960139999999995
Clear Sky,CNN,0.5628989999999998
Clear Sky,CNN,0.8633230000000003
Clear Sky,CNN,1.0505123999999997
Clear Sky,CNN,1.1893975
Clear Sky,CNN,1.0356625
Clear Sky,CNN,1.2002430000000004
Clear Sky,CNN,1.3335080000000001
Clear Sky,CNN,1.4590259999999997
Clear Sky,CNN,1.2468369999999993
Clear Sky,CNN,1.5581060000000004
Clear Sky,CNN,1.2641539999999996
Clear Sky,CNN,1.311629
Clear Sky,CNN,1.0091880000000018
Clear Sky,CNN,1.3760149999999989
Clear Sky,CNN,0.9121880000000004
Clear Sky,CNN,1.0121840000000013
Clear Sky,CNN,0.46335599999999744
Clear Sky,CNN,0.5277610000000017
Clear Sky,CNN,0.6922479999999993
Clear Sky,CNN,0.2763540000000013
Clear Sky,CNN,0.3509139999999995
Clear Sky,CNN,0.11272400000000005
Clear Sky,CNN,0.08601799999999926
Clear Sky,CNN,0.213121000000001
Clear Sky,CNN,0.34239000000000175
Clear Sky,CNN,0.1408459999999998
Clear Sky,CNN,0.004249999999998977
Clear Sky,CNN,0.11750800000000083
Clear Sky,CNN,0.2261179999999996
Clear Sky,CNN,0.3958510000000004
Clear Sky,CNN,0.5114689999999982
Clear Sky,CNN,0.5653440000000032
Clear Sky,CNN,0.9069799999999972
Clear Sky,CNN,0.790140000000001
Clear Sky,CNN,0.7885479999999987
Clear Sky,CNN,0.6230950000000028
Clear Sky,CNN,1.1768619999999999
Clear Sky,CNN,1.149315999999999
Clear Sky,CNN,1.4085409999999996
Clear Sky,CNN,1.2506660000000007
Clear Sky,CNN,1.2345740000000003
Clear Sky,CNN,1.3324939999999987
Clear Sky,CNN,1.2745170000000012
Clear Sky,CNN,1.2679554999999993
Clear Sky,CNN,1.1405911
Clear Sky,CNN,1.2705334000000006
Clear Sky,CNN,0.9410499999999997
Clear Sky,CNN,1.0358416999999998
Clear Sky,CNN,0.7066037000000001
Clear Sky,CNN,0.6853067000000002
Clear Sky,CNN,0.36082039999999993
Clear Sky,CNN,0.4637591999999999
Clear Sky,CNN,0.46568520000000024
Clear Sky,CNN,0.3886567999999997
Clear Sky,CNN,0.9055324000000002
Clear Sky,CNN,0.868716
Clear Sky,CNN,0.9740316
Clear Sky,CNN,0.8989947000000003
Clear Sky,CNN,1.1453143
Clear Sky,CNN,1.2731400000000006
Clear Sky,CNN,1.3120149999999988
Clear Sky,CNN,1.2177610000000012
Clear Sky,CNN,1.3784649999999985
Clear Sky,CNN,1.2147110000000012
Clear Sky,CNN,1.3100629999999995
Clear Sky,CNN,0.9553860000000007
Clear Sky,CNN,1.2038329999999995
Clear Sky,CNN,0.9640099999999983
Clear Sky,CNN,0.8459530000000015
Clear Sky,CNN,0.6626699999999985
Clear Sky,CNN,0.6299690000000027
Clear Sky,CNN,0.61721
Clear Sky,CNN,0.3081069999999997
Clear Sky,CNN,0.2656019999999977
Clear Sky,CNN,0.19067400000000134
Clear Sky,CNN,0.08796699999999902
Clear Sky,CNN,0.08056700000000205
Clear Sky,CNN,0.21864200000000267
Clear Sky,CNN,0.1078199999999967
Clear Sky,CNN,0.054608000000001766
Clear Sky,CNN,0.11759100000000089
Clear Sky,CNN,0.2185459999999999
Clear Sky,CNN,0.29151999999999845
Clear Sky,CNN,0.35256800000000155
Clear Sky,CNN,0.40503
Clear Sky,CNN,0.6572499999999977
Clear Sky,CNN,0.7024460000000019
Clear Sky,CNN,0.6343989999999984
Clear Sky,CNN,0.5824570000000016
Clear Sky,CNN,1.070806000000001
Clear Sky,CNN,1.1223159999999979
Clear Sky,CNN,1.3764510000000012
Clear Sky,CNN,1.3670869999999997
Clear Sky,CNN,1.311204
Clear Sky,CNN,1.4062509999999993
Clear Sky,CNN,1.4000130000000013
Clear Sky,CNN,1.3842896999999992
Clear Sky,CNN,1.1498773
Clear Sky,CNN,1.208932
Clear Sky,CNN,0.8389100000000003
Clear Sky,CNN,1.0017209999999999
Clear Sky,CNN,0.6443903
Clear Sky,CNN,0.6105669000000002
Clear Sky,CNN,0.35023799999999994
Clear Sky,CNN,0.4905106
Clear Sky,CNN,0.6008171
Clear Sky,CNN,0.5637531000000002
Clear Sky,CNN,0.9979924999999996
Clear Sky,CNN,1.1014303000000005
Clear Sky,CNN,1.1676785
Clear Sky,CNN,1.1051439999999992
Clear Sky,CNN,1.3416505
Clear Sky,CNN,1.4291149999999995
Clear Sky,CNN,1.4772275000000015
Clear Sky,CNN,1.3521634999999996
Clear Sky,CNN,1.484769
Clear Sky,CNN,1.3770360000000004
Clear Sky,CNN,1.2649579999999983
Clear Sky,CNN,1.0163140000000013
Clear Sky,CNN,1.3237890000000014
Clear Sky,CNN,0.8716159999999995
Clear Sky,CNN,0.8296439999999983
Clear Sky,CNN,0.5322130000000023
Clear Sky,CNN,0.5466729999999984
Clear Sky,CNN,0.5369600000000005
Clear Sky,CNN,0.2337479999999985
Clear Sky,CNN,0.1532650000000011
Clear Sky,CNN,0.10861399999999932
Clear Sky,CNN,0.0039130000000007215
Clear Sky,CNN,0.10047000000000139
Clear Sky,CNN,0.29211600000000004
Clear Sky,CNN,0.08855600000000052
Clear Sky,CNN,0.06127400000000094
Clear Sky,CNN,0.15507699999999858
Clear Sky,CNN,0.19819400000000087
Clear Sky,CNN,0.3152310000000007
Clear Sky,CNN,0.4582620000000013
Clear Sky,CNN,0.5438519999999976
Clear Sky,CNN,0.8414980000000014
Clear Sky,CNN,0.8161750000000012
Clear Sky,CNN,0.8046489999999977
Clear Sky,CNN,0.6473289999999992
Clear Sky,CNN,1.1606410000000018
Clear Sky,CNN,1.2073909999999994
Clear Sky,CNN,1.3966539999999998
Clear Sky,CNN,1.4139
Clear Sky,CNN,1.3187100000000012
Clear Sky,CNN,1.3854604999999989
Clear Sky,CNN,1.4020935000000012
Clear Sky,CNN,1.4108979999999995
Clear Sky,CNN,1.1255189999999997
Clear Sky,CNN,1.257612
Clear Sky,CNN,0.8908202000000003
Clear Sky,CNN,1.0749881000000001
Clear Sky,CNN,0.6206300999999999
Clear Sky,CNN,0.6673624999999999
Clear Sky,CNN,0.25934732
Clear Sky,CNN,0.5947414799999999
Clear Sky,CNN,0.6511918000000001
Clear Sky,CNN,0.6943574000000001
Clear Sky,CNN,1.0948105999999997
Clear Sky,CNN,1.2265208000000003
Clear Sky,CNN,1.2054555999999996
Clear Sky,CNN,1.2298724000000005
Clear Sky,CNN,1.4194166
Clear Sky,CNN,1.5290529999999993
Clear Sky,CNN,1.5881910000000001
Clear Sky,CNN,1.4189629999999998
Clear Sky,CNN,1.5719089999999998
Clear Sky,CNN,1.4326430000000006
Clear Sky,CNN,1.301369000000001
Clear Sky,CNN,1.0836949999999987
Clear Sky,CNN,1.3638429999999993
Clear Sky,CNN,0.8976390000000016
Clear Sky,CNN,0.8411059999999999
Clear Sky,CNN,0.6519720000000007
Clear Sky,CNN,0.5515519999999974
Clear Sky,CNN,0.5214350000000003
Clear Sky,CNN,0.2569669999999995
Clear Sky,CNN,0.14384500000000244
Clear Sky,CNN,0.10256399999999743
Clear Sky,CNN,0.042423000000002986
Clear Sky,CNN,0.03873099999999852
Clear Sky,CNN,0.23887299999999811
Clear Sky,CNN,0.15613100000000202
Clear Sky,CNN,0.10090100000000035
Clear Sky,CNN,0.14789599999999936
Clear Sky,CNN,0.24169900000000055
Clear Sky,CNN,0.3239750000000008
Clear Sky,CNN,0.49320900000000023
Clear Sky,CNN,0.5420049999999996
Clear Sky,CNN,0.8230550000000001
Clear Sky,CNN,0.867919999999998
Clear Sky,CNN,0.7870820000000016
Clear Sky,CNN,0.7909480000000002
Clear Sky,CNN,1.2057000000000002
Clear Sky,CNN,1.2846029999999988
Clear Sky,CNN,1.4491069999999997
Clear Sky,CNN,1.4443169999999999
Clear Sky,CNN,1.386686000000001
Clear Sky,CNN,1.384373
Clear Sky,CNN,1.412998
Clear Sky,CNN,1.4098299999999995
Clear Sky,CNN,1.1386272999999996
Clear Sky,CNN,1.251913
Clear Sky,CNN,0.885901
Clear Sky,CNN,1.1059201
Clear Sky,CNN,0.6143524999999999
Clear Sky,CNN,0.7083634000000001
Clear Sky,CNN,0.12705337
Clear Sky,CNN,0.6403437300000001
Clear Sky,CNN,0.7036551999999999
Clear Sky,CNN,0.7050682000000001
Clear Sky,CNN,1.1453316
Clear Sky,CNN,1.2401828999999998
Clear Sky,CNN,1.2470765000000004
Clear Sky,CNN,1.1790984999999994
Clear Sky,CNN,1.3570550000000008
Clear Sky,CNN,1.5041654999999992
Clear Sky,CNN,1.5353715000000001
Clear Sky,CNN,1.3650190000000002
Clear Sky,CNN,1.5283805000000008
Clear Sky,CNN,1.368750499999999
Clear Sky,CNN,1.3638849999999998
Clear Sky,CNN,1.0503579999999992
Clear Sky,CNN,1.3247130000000027
Clear Sky,CNN,0.9004799999999982
Clear Sky,CNN,0.829108999999999
Clear Sky,CNN,0.699423000000003
Clear Sky,CNN,0.5370599999999968
Clear Sky,CNN,0.5458050000000014
Clear Sky,CNN,0.24542399999999986
Clear Sky,CNN,0.20240400000000136
Clear Sky,CNN,0.08595299999999995
Clear Sky,CNN,0.0972629999999981
Clear Sky,CNN,0.10705600000000004
Clear Sky,CNN,0.23705899999999858
Clear Sky,CNN,0.07597200000000015
Clear Sky,CNN,0.0925079999999987
Clear Sky,CNN,0.03839900000000185
Clear Sky,CNN,0.2673409999999983
Clear Sky,CNN,0.30647900000000305
Clear Sky,CNN,0.510514999999998
Clear Sky,CNN,0.5013180000000013
Clear Sky,CNN,0.8319109999999981
Clear Sky,CNN,0.780851000000002
Clear Sky,CNN,0.8050180000000005
Clear Sky,CNN,0.7613579999999978
Clear Sky,CNN,1.195952000000002
Clear Sky,CNN,1.260171999999999
Clear Sky,CNN,1.514838000000001
Clear Sky,CNN,1.3614709999999999
Clear Sky,CNN,1.3905459999999987
Clear Sky,CNN,1.3974930000000008
Clear Sky,CNN,1.383877
Clear Sky,CNN,1.5074322999999996
Clear Sky,CNN,1.1904317000000004
Clear Sky,CNN,1.2935590000000001
Clear Sky,CNN,0.9489177999999998
Clear Sky,CNN,1.0965965
Clear Sky,CNN,0.7239019999999998
Clear Sky,CNN,0.6816564999999999
Clear Sky,CNN,0.43888538000000005
Clear Sky,CNN,0.5989242300000001
Clear Sky,CNN,0.6752243
Clear Sky,CNN,0.6201185
Clear Sky,CNN,1.1122727000000001
Clear Sky,CNN,1.139955
Clear Sky,CNN,1.2216623999999996
Clear Sky,CNN,1.1354576000000005
Clear Sky,CNN,1.3840939999999993
Clear Sky,CNN,1.4823529999999998
Clear Sky,CNN,1.4742800000000003
Clear Sky,CNN,1.3517349999999997
Clear Sky,CNN,1.52271
Clear Sky,CNN,1.301196000000001
Clear Sky,CNN,1.2960299999999982
Clear Sky,CNN,0.9788720000000026
Clear Sky,CNN,1.2422179999999976
Clear Sky,CNN,0.878622
Clear Sky,CNN,0.7413900000000027
Clear Sky,CNN,0.6012019999999971
Clear Sky,CNN,0.5160340000000012
Clear Sky,CNN,0.5167539999999988
Clear Sky,CNN,0.20604700000000165
Clear Sky,CNN,0.18510200000000054
Clear Sky,CNN,0.09032499999999999
Clear Sky,CNN,0.07851399999999842
Clear Sky,CNN,0.06607200000000191
Clear Sky,CNN,0.24713200000000057
Clear Sky,CNN,0.10636600000000129
Clear Sky,CNN,0.06605599999999967
Clear Sky,CNN,0.10281499999999966
Clear Sky,CNN,0.2374900000000011
Clear Sky,CNN,0.29448700000000017
Clear Sky,CNN,0.47108599999999967
Clear Sky,CNN,0.43715999999999866
Clear Sky,CNN,0.7966030000000011
Clear Sky,CNN,0.7653770000000009
Clear Sky,CNN,0.7374699999999983
Clear Sky,CNN,0.7128680000000003
Clear Sky,CNN,1.1697319999999998
Clear Sky,CNN,1.2274960000000004
Clear Sky,CNN,1.4994769999999988
Clear Sky,CNN,1.4309740000000009
Clear Sky,CNN,1.3793760000000006
Clear Sky,CNN,1.4267439999999993
Clear Sky,CNN,1.480397
Clear Sky,CNN,1.4581182999999998
Clear Sky,CNN,1.1637993
Clear Sky,CNN,1.2487130000000004
Clear Sky,CNN,0.9139076999999998
Clear Sky,CNN,1.0519662000000003
Clear Sky,CNN,0.6769870999999998
Clear Sky,CNN,0.6430737
Clear Sky,CNN,0.05608751
Clear Sky,CNN,0.63457099
Clear Sky,CNN,0.7269862000000001
Clear Sky,CNN,0.7623917999999998
Clear Sky,CNN,1.1679127999999999
Clear Sky,CNN,1.2744710000000001
Clear Sky,CNN,1.2951056999999997
Clear Sky,CNN,1.2147214000000002
Clear Sky,CNN,1.4565720999999998
Clear Sky,CNN,1.5298285000000007
Clear Sky,CNN,1.5973189999999988
Clear Sky,CNN,1.4403040000000011
Clear Sky,CNN,1.511977
Clear Sky,CNN,1.4199080000000013
Clear Sky,CNN,1.3303489999999982
Clear Sky,CNN,1.0092309999999998
Clear Sky,CNN,1.3833130000000011
Clear Sky,CNN,0.8568259999999981
Clear Sky,CNN,0.8342760000000027
Clear Sky,CNN,0.6651429999999969
Clear Sky,CNN,0.5294110000000032
Clear Sky,CNN,0.5236029999999978
Clear Sky,CNN,0.26158399999999915
Clear Sky,CNN,0.15773800000000193
Clear Sky,CNN,0.07503399999999871
Clear Sky,CNN,0.09054000000000073
Clear Sky,CNN,0.013152999999999082
Clear Sky,CNN,0.2625019999999978
Clear Sky,CNN,0.11871200000000215
Clear Sky,CNN,0.11510399999999876
Clear Sky,CNN,0.10697800000000157
Clear Sky,CNN,0.2714749999999988
Clear Sky,CNN,0.3205939999999998
Clear Sky,CNN,0.541207
Clear Sky,CNN,0.5349460000000015
Clear Sky,CNN,0.851305
Clear Sky,CNN,0.8503860000000003
Clear Sky,CNN,0.8532159999999998
Clear Sky,CNN,0.7960299999999982
Clear Sky,CNN,1.2390180000000015
Clear Sky,CNN,1.3330189999999984
Clear Sky,CNN,1.463750000000001
Clear Sky,CNN,1.4545899999999996
Clear Sky,CNN,1.4284269999999992
Clear Sky,CNN,1.372091000000001
Clear Sky,CNN,1.3455370000000002
Clear Sky,CNN,1.4014775999999989
Clear Sky,CNN,1.1594048000000008
Clear Sky,CNN,1.231636
Clear Sky,CNN,0.8680012999999995
Clear Sky,CNN,1.0650715000000002
Clear Sky,CNN,0.6373797999999997
Clear Sky,CNN,0.6650941000000001
Clear Sky,CNN,0.46237014
Clear Sky,CNN,0.5889203599999999
Clear Sky,CNN,0.6959571
Clear Sky,CNN,0.7533879000000003
Clear Sky,CNN,1.0984341999999994
Clear Sky,CNN,1.2526720000000005
Clear Sky,CNN,1.142074
Clear Sky,CNN,1.0544653999999998
Clear Sky,CNN,1.2140346000000006
Clear Sky,CNN,1.434495
Clear Sky,CNN,1.3295014999999992
Clear Sky,CNN,1.2274744999999996
Clear Sky,CNN,1.3329560000000011
Clear Sky,CNN,1.1510059999999989
Clear Sky,CNN,1.2168340000000022
Clear Sky,CNN,0.814353999999998
Clear Sky,CNN,1.2304630000000003
Clear Sky,CNN,0.798373999999999
Clear Sky,CNN,0.8157440000000022
Clear Sky,CNN,0.7946709999999975
Clear Sky,CNN,0.6477180000000011
Clear Sky,CNN,0.7342569999999995
Clear Sky,CNN,0.3329960000000014
Clear Sky,CNN,0.3564720000000001
Clear Sky,CNN,0.19322400000000073
Clear Sky,CNN,0.2996009999999991
Clear Sky,CNN,0.03556400000000082
Clear Sky,CNN,0.3208120000000001
Clear Sky,CNN,0.051193000000001376
Clear Sky,CNN,0.19455800000000067
Clear Sky,CNN,0.190214000000001
Clear Sky,CNN,0.46131499999999903
Clear Sky,CNN,0.355398000000001
Clear Sky,CNN,0.6852869999999989
Clear Sky,CNN,0.5614919999999977
Clear Sky,CNN,0.8791100000000007
Clear Sky,CNN,0.7929250000000003
Clear Sky,CNN,0.8289350000000013
Clear Sky,CNN,0.6619919999999979
Clear Sky,CNN,1.1493430000000018
Clear Sky,CNN,1.3637094999999988
Clear Sky,CNN,1.4277765000000002
Clear Sky,CNN,1.413577
Clear Sky,CNN,1.4356150000000003
Clear Sky,CNN,1.4494220000000002
Clear Sky,CNN,1.4478489999999997
Clear Sky,CNN,1.3931567000000005
Clear Sky,CNN,1.2142548
Clear Sky,CNN,1.3149088
Clear Sky,CNN,0.8071791999999998
Clear Sky,CNN,1.0786423000000003
Clear Sky,CNN,0.7064648999999998
Clear Sky,CNN,0.4638637
Clear Sky,CNN,0.29067659999999984
Clear Sky,CNN,0.29334799999999994
Clear Sky,CNN,0.5031457000000001
Clear Sky,CNN,0.3757872999999998
Clear Sky,CNN,0.6982570000000008
Clear Sky,CNN,0.9155482999999993
Clear Sky,CNN,0.7575951000000005
Clear Sky,CNN,0.5567465999999994
Clear Sky,CNN,0.6766970000000008
Clear Sky,CNN,0.998469
Clear Sky,CNN,0.7357709999999997
Clear Sky,CNN,0.6626619999999992
Clear Sky,CNN,0.8087160000000004
Clear Sky,CNN,0.5372750000000011
Clear Sky,CNN,0.8365099999999988
Clear Sky,CNN,0.4120650000000001
Clear Sky,CNN,0.7889029999999995
Clear Sky,CNN,0.7513330000000007
Clear Sky,CNN,0.805085
Clear Sky,CNN,0.8716149999999985
Clear Sky,CNN,0.9119660000000032
Clear Sky,CNN,1.0563699999999976
Clear Sky,CNN,0.6248609999999992
Clear Sky,CNN,0.6469950000000004
Clear Sky,CNN,0.4678880000000021
Clear Sky,CNN,0.5821149999999982
Clear Sky,CNN,0.2138750000000016
Clear Sky,CNN,0.42540699999999987
Clear Sky,CNN,0.04595899999999986
Clear Sky,CNN,0.22895600000000016
Clear Sky,CNN,0.25490999999999886
Clear Sky,CNN,0.5523910000000001
Clear Sky,CNN,0.40162300000000073
Clear Sky,CNN,0.6135420000000025
Clear Sky,CNN,0.42845900000000015
Clear Sky,CNN,0.7762429999999974
Clear Sky,CNN,0.5346650000000004
Clear Sky,CNN,0.7029339999999991
Clear Sky,CNN,0.30896000000000257
Clear Sky,CNN,0.8449629999999981
Clear Sky,CNN,1.3680910000000015
Clear Sky,CNN,1.3978189999999984
Clear Sky,CNN,1.436027000000001
Clear Sky,CNN,1.4741610000000005
Clear Sky,CNN,1.5907689999999999
Clear Sky,CNN,1.5194864999999993
Clear Sky,CNN,1.5733224999999997
Clear Sky,CNN,1.2425707000000008
Clear Sky,CNN,1.3940901999999995
Clear Sky,CNN,0.7091110999999999
Clear Sky,CNN,0.9481678000000002
Clear Sky,CNN,0.70438243
Clear Sky,CNN,0.009698530000000039
Clear Sky,CNN,0.6269027
Clear Sky,CNN,1.0749449
Clear Sky,CNN,1.1144249
Clear Sky,CNN,1.071351
Clear Sky,CNN,1.0839322999999998
Clear Sky,CNN,1.4147536
Clear Sky,CNN,1.4599834000000005
Clear Sky,CNN,1.5828670000000002
Clear Sky,CNN,1.4231470000000002
Clear Sky,CNN,1.3884729999999994
Clear Sky,CNN,1.5608389999999996
Clear Sky,CNN,1.3626570000000005
Clear Sky,CNN,1.207949000000001
Clear Sky,CNN,1.2955739999999984
Clear Sky,CNN,0.9652209999999997
Clear Sky,CNN,0.926007000000002
Clear Sky,CNN,0.8605819999999973
Clear Sky,CNN,0.6625210000000017
Clear Sky,CNN,0.5366119999999981
Clear Sky,CNN,0.4725350000000006
Clear Sky,CNN,0.09421299999999988
Clear Sky,CNN,0.24036200000000107
Clear Sky,CNN,0.06699499999999858
Clear Sky,CNN,0.015283000000000158
Clear Sky,CNN,0.19641699999999673
Clear Sky,CNN,0.17696000000000112
Clear Sky,CNN,0.03950100000000134
Clear Sky,CNN,0.18728300000000075
Clear Sky,CNN,0.23596199999999712
Clear Sky,CNN,0.3611750000000029
Clear Sky,CNN,0.4726719999999993
Clear Sky,CNN,0.6633490000000002
Clear Sky,CNN,1.0293639999999975
Clear Sky,CNN,1.0613700000000001
Clear Sky,CNN,1.207415000000001
Clear Sky,CNN,0.9232030000000009
Clear Sky,CNN,1.5104249999999997
Clear Sky,CNN,1.6493780000000005
Clear Sky,CNN,1.657463
Clear Sky,CNN,1.7651240000000001
Clear Sky,CNN,1.6129309999999997
Clear Sky,CNN,1.5184499999999996
Clear Sky,CNN,1.3420537000000001
Clear Sky,CNN,1.4366053
Clear Sky,CNN,0.9844531999999999
Clear Sky,CNN,1.0562340999999997
Clear Sky,CNN,0.3391693
Clear Sky,CNN,0.0
Clear Sky,CNN,0.0
Clear Sky,CNN,0.6004326
Clear Sky,CNN,1.1018613
Clear Sky,CNN,1.0761811
Clear Sky,CNN,1.3836040000000005
Clear Sky,CNN,1.313758
Clear Sky,CNN,1.578398
Clear Sky,CNN,1.4367140000000003
Clear Sky,CNN,1.6644379999999988
Clear Sky,CNN,1.5452190000000012
Clear Sky,CNN,1.5104469999999992
Clear Sky,CNN,1.3118160000000003
Clear Sky,CNN,1.4058069999999994
Clear Sky,CNN,1.1800470000000018
Clear Sky,CNN,1.1028589999999987
Clear Sky,CNN,0.7673629999999996
Clear Sky,CNN,0.7773050000000019
Clear Sky,CNN,0.7490889999999979
Clear Sky,CNN,0.5144860000000016
Clear Sky,CNN,0.3367629999999977
Clear Sky,CNN,0.15420800000000057
Clear Sky,CNN,0.055170000000000385
Clear Sky,CNN,0.08881200000000078
Clear Sky,CNN,0.17476699999999923
Clear Sky,CNN,0.2883950000000013
Clear Sky,CNN,0.09896099999999919
Clear Sky,CNN,0.23780599999999907
Clear Sky,CNN,0.33376100000000264
Clear Sky,CNN,0.3957160000000002
Clear Sky,CNN,0.5864960000000004
Clear Sky,CNN,0.5371839999999999
Clear Sky,CNN,0.933602999999998
Clear Sky,CNN,0.8796280000000003
Clear Sky,CNN,0.8295610000000018
Clear Sky,CNN,0.9477209999999978
Clear Sky,CNN,1.218210000000001
Clear Sky,CNN,1.2681450000000005
Clear Sky,CNN,1.604507
Clear Sky,CNN,1.4571889999999996
Clear Sky,CNN,1.4896440000000002
Clear Sky,CNN,1.5003192999999992
Clear Sky,CNN,1.425891
Clear Sky,CNN,1.4573335000000003
Clear Sky,CNN,1.1716256
Clear Sky,CNN,1.0241141999999999
Clear Sky,CNN,0.85991804
Clear Sky,CNN,0.0
Clear Sky,CNN,0.62357014
Clear Sky,CNN,0.9166486600000001
Clear Sky,CNN,1.0431764
Clear Sky,CNN,1.0139111
Clear Sky,CNN,1.3424587000000003
Clear Sky,CNN,1.3967469999999995
Clear Sky,CNN,1.4231340000000001
Clear Sky,CNN,1.359655
Clear Sky,CNN,1.5783559999999994
Clear Sky,CNN,1.4545030000000008
Clear Sky,CNN,1.430738999999999
Clear Sky,CNN,1.270619
Clear Sky,CNN,1.3029400000000013
Clear Sky,CNN,1.1162969999999994
Clear Sky,CNN,1.0131990000000002
Clear Sky,CNN,0.8143530000000005
Clear Sky,CNN,0.727093
Clear Sky,CNN,0.7164499999999983
Clear Sky,CNN,0.4128380000000007
Clear Sky,CNN,0.22522500000000178
Clear Sky,CNN,0.10714199999999963
Clear Sky,CNN,0.0455849999999991
Clear Sky,CNN,0.06001499999999993
Clear Sky,CNN,0.1927449999999986
Clear Sky,CNN,0.2704490000000028
Clear Sky,CNN,0.1067179999999972
Clear Sky,CNN,0.18702299999999994
Clear Sky,CNN,0.3122820000000033
Clear Sky,CNN,0.3205609999999979
Clear Sky,CNN,0.4796849999999999
Clear Sky,CNN,0.4767870000000016
Clear Sky,CNN,0.8143770000000004
Clear Sky,CNN,0.8484359999999995
Clear Sky,CNN,0.7758469999999988
Clear Sky,CNN,0.9202349999999999
Clear Sky,CNN,1.201454
Clear Sky,CNN,1.3290570000000006
Clear Sky,CNN,1.501816999999999
Clear Sky,CNN,1.4744780000000013
Clear Sky,CNN,1.4738359999999986
Clear Sky,CNN,1.4639015000000004
Clear Sky,CNN,1.4810581000000003
Clear Sky,CNN,1.3831357999999998
Clear Sky,CNN,1.0630620000000004
Clear Sky,CNN,0.9963668999999999
Clear Sky,CNN,0.7008923999999999
Clear Sky,CNN,0.0
Clear Sky,CNN,0.1180842
Clear Sky,CNN,0.75350033
Clear Sky,CNN,0.9060090700000001
Clear Sky,CNN,0.8668303999999998
Clear Sky,CNN,1.2072594000000003
Clear Sky,CNN,1.2239225999999994
Clear Sky,CNN,1.2531970000000001
Clear Sky,CNN,1.23923
Clear Sky,CNN,1.4201189999999997
Clear Sky,CNN,1.2954100000000004
Clear Sky,CNN,1.2951540000000001
Clear Sky,CNN,1.1598319999999998
Clear Sky,CNN,1.2004009999999994
Clear Sky,CNN,0.998800000000001
Clear Sky,CNN,0.8951410000000006
Clear Sky,CNN,0.8162380000000002
Clear Sky,CNN,0.7336579999999984
Clear Sky,CNN,0.6727740000000004
Clear Sky,CNN,0.46181999999999945
Clear Sky,CNN,0.31169000000000224
Clear Sky,CNN,0.18046099999999754
Clear Sky,CNN,0.05907099999999943
Clear Sky,CNN,0.09320000000000306
Clear Sky,CNN,0.09937600000000302
Clear Sky,CNN,0.26449199999999706
Clear Sky,CNN,0.08116800000000168
Clear Sky,CNN,0.24482300000000023
Clear Sky,CNN,0.22195999999999927
Clear Sky,CNN,0.3441320000000019
Clear Sky,CNN,0.5029259999999987
Clear Sky,CNN,0.5568059999999981
Clear Sky,CNN,0.761686000000001
Clear Sky,CNN,0.9321455000000007
Clear Sky,CNN,0.7818725000000004
Clear Sky,CNN,0.8871205
Clear Sky,CNN,1.1972275000000003
Clear Sky,CNN,1.1883179999999989
Clear Sky,CNN,1.5102779999999996
Clear Sky,CNN,1.382301
Clear Sky,CNN,1.4255117000000004
Clear Sky,CNN,1.3469073000000007
Clear Sky,CNN,1.3553299999999995
Clear Sky,CNN,1.209282
Clear Sky,CNN,1.0432881000000003
Clear Sky,CNN,0.8731903999999999
Clear Sky,CNN,0.62546872
Clear Sky,CNN,0.0
Clear Sky,CNN,0.7379851
Clear Sky,CNN,0.7903449
Clear Sky,CNN,0.9819108000000001
Clear Sky,CNN,1.0243164999999999
Clear Sky,CNN,1.2395101
Clear Sky,CNN,1.2884175999999998
Clear Sky,CNN,1.3885042000000007
Clear Sky,CNN,1.3561547999999988
Clear Sky,CNN,1.536537000000001
Clear Sky,CNN,1.4421239999999997
Clear Sky,CNN,1.5211400000000008
Clear Sky,CNN,1.1978929999999988
Clear Sky,CNN,1.348885000000001
Clear Sky,CNN,1.1769799999999986
Clear Sky,CNN,1.084461000000001
Clear Sky,CNN,0.857365999999999
Clear Sky,CNN,0.7471300000000021
Clear Sky,CNN,0.8020700000000005
Clear Sky,CNN,0.502958999999997
Clear Sky,CNN,0.32110899999999987
Clear Sky,CNN,0.2467410000000001
Clear Sky,CNN,0.15492200000000267
Clear Sky,CNN,0.14320799999999778
Clear Sky,CNN,0.0705379999999991
Clear Sky,CNN,0.1095480000000002
Clear Sky,CNN,0.014530000000000598
Clear Sky,CNN,0.05412099999999853
Clear Sky,CNN,0.19211600000000217
Clear Sky,CNN,0.2823859999999989
Clear Sky,CNN,0.4574019999999983
Clear Sky,CNN,0.40279600000000215
Clear Sky,CNN,0.7893729999999977
Clear Sky,CNN,0.7573700000000017
Clear Sky,CNN,0.8129260000000009
Clear Sky,CNN,0.8855629999999977
Clear Sky,CNN,1.3063890000000011
Clear Sky,CNN,1.2968790000000006
Clear Sky,CNN,1.5849390000000003
Clear Sky,CNN,1.5568139999999993
Clear Sky,CNN,1.4511009999999995
Clear Sky,CNN,1.515955
Clear Sky,CNN,1.4649986000000004
Clear Sky,CNN,1.4576921
Clear Sky,CNN,1.0684173000000001
Clear Sky,CNN,1.060714
Clear Sky,CNN,0.7708257000000001
Clear Sky,CNN,0.44565572000000003
Clear Sky,CNN,0.93769883
Clear Sky,CNN,0.9740488999999999
Clear Sky,CNN,1.1132018000000001
Clear Sky,CNN,1.1784465999999996
Clear Sky,CNN,1.3890457000000005
Clear Sky,CNN,1.3635396999999996
Clear Sky,CNN,1.5382775999999998
Clear Sky,CNN,1.5235529999999997
Clear Sky,CNN,1.5795160000000017
Clear Sky,CNN,1.5313109999999988
Clear Sky,CNN,1.4726370000000006
Clear Sky,CNN,1.1194290000000002
Clear Sky,CNN,1.341512999999999
Clear Sky,CNN,1.0126880000000007
Clear Sky,CNN,0.9043169999999989
Clear Sky,CNN,0.6653009999999995
Clear Sky,CNN,0.5487859999999998
Clear Sky,CNN,0.5335120000000018
Clear Sky,CNN,0.3263379999999998
Clear Sky,CNN,0.16818599999999861
Clear Sky,CNN,0.06477700000000297
Clear Sky,CNN,0.021427999999996672
Clear Sky,CNN,0.081510999999999
Clear Sky,CNN,0.09596600000000066
Clear Sky,CNN,0.2627379999999988
Clear Sky,CNN,0.1317440000000012
Clear Sky,CNN,0.1676809999999982
Clear Sky,CNN,0.3445600000000013
Clear Sky,CNN,0.3450099999999985
Clear Sky,CNN,0.5578099999999999
Clear Sky,CNN,0.5751050000000006
Clear Sky,CNN,0.8374780000000008
Clear Sky,CNN,0.9455169999999988
Clear Sky,CNN,0.8481480000000019
Clear Sky,CNN,1.0528159999999982
Clear Sky,CNN,1.273022000000001
Clear Sky,CNN,1.3921539999999997
Clear Sky,CNN,1.6039069999999995
Clear Sky,CNN,1.6453699999999998
Clear Sky,CNN,1.6056439999999998
Clear Sky,CNN,1.5512330000000008
Clear Sky,CNN,1.4357926999999995
Clear Sky,CNN,1.4864729000000003
Clear Sky,CNN,1.1789879
Clear Sky,CNN,1.0932959999999998
Clear Sky,CNN,0.73107896
Clear Sky,CNN,0.500373025
Clear Sky,CNN,0.9866800599999999
Clear Sky,CNN,1.0616817
Clear Sky,CNN,1.0953049
Clear Sky,CNN,1.1950304000000003
Clear Sky,CNN,1.4613383999999998
Clear Sky,CNN,1.4791246000000005
Clear Sky,CNN,1.5971380000000002
Clear Sky,CNN,1.5240019999999994
Clear Sky,CNN,1.5973570000000006
Clear Sky,CNN,1.5599150000000002
Clear Sky,CNN,1.4247169999999993
Clear Sky,CNN,1.185951000000001
Clear Sky,CNN,1.273491
Clear Sky,CNN,0.9989179999999998
Clear Sky,CNN,0.8385469999999984
Clear Sky,CNN,0.7117020000000025
Clear Sky,CNN,0.5110709999999976
Clear Sky,CNN,0.5205990000000007
Clear Sky,CNN,0.301399
Clear Sky,CNN,0.13541999999999987
Clear Sky,CNN,0.1062340000000006
Clear Sky,CNN,0.017810999999998245
Clear Sky,CNN,0.042151000000000494
Clear Sky,CNN,0.13697799999999916
Clear Sky,CNN,0.2586289999999991
Clear Sky,CNN,0.16267799999999966
Clear Sky,CNN,0.16130199999999917
Clear Sky,CNN,0.38773000000000124
Clear Sky,CNN,0.38592299999999824
Clear Sky,CNN,0.5656320000000008
Clear Sky,CNN,0.6042140000000025
Clear Sky,CNN,0.9102109999999968
Clear Sky,CNN,0.9357130000000033
Clear Sky,CNN,0.9024619999999999
Clear Sky,CNN,1.058050999999999
Clear Sky,CNN,1.262582
Clear Sky,CNN,1.4618579999999994
Clear Sky,CNN,1.5974210000000006
Clear Sky,CNN,1.6483979999999985
Clear Sky,CNN,1.6456480000000013
Clear Sky,CNN,1.5184822999999996
Clear Sky,CNN,1.4787992999999995
Clear Sky,CNN,1.5567589000000002
Clear Sky,CNN,1.1605956000000002
Clear Sky,CNN,1.0898029
Clear Sky,CNN,0.6906874000000001
Clear Sky,CNN,0.431589508
Clear Sky,CNN,0.9840549999999999
Clear Sky,CNN,0.9698369
Clear Sky,CNN,1.0656634
Clear Sky,CNN,1.157391
Clear Sky,CNN,1.37817
Clear Sky,CNN,1.4835805999999998
Clear Sky,CNN,1.5060740000000008
Clear Sky,CNN,1.5096779999999992
Clear Sky,CNN,1.5940650000000005
Clear Sky,CNN,1.4880110000000002
Clear Sky,CNN,1.4691580000000002
Clear Sky,CNN,1.1954220000000007
Clear Sky,CNN,1.262076999999998
Clear Sky,CNN,1.0178949999999993
Clear Sky,CNN,0.881062
Clear Sky,CNN,0.7087000000000003
Clear Sky,CNN,0.5290700000000008
Clear Sky,CNN,0.5602049999999998
Clear Sky,CNN,0.2503379999999993
Clear Sky,CNN,0.14559799999999967
Clear Sky,CNN,0.09979600000000133
Clear Sky,CNN,0.008691999999999922
Clear Sky,CNN,0.07298099999999863
Clear Sky,CNN,0.12204799999999949
Clear Sky,CNN,0.2678350000000016
Clear Sky,CNN,0.10391100000000009
Clear Sky,CNN,0.17693900000000085
Clear Sky,CNN,0.3624930000000006
Clear Sky,CNN,0.36800899999999714
Clear Sky,CNN,0.5152730000000005
Clear Sky,CNN,0.5848790000000008
Clear Sky,CNN,0.8287830000000014
Clear Sky,CNN,0.9080829999999978
Clear Sky,CNN,0.8620030000000014
Clear Sky,CNN,1.0750899999999994
Clear Sky,CNN,1.21659
Clear Sky,CNN,1.4391800000000003
Clear Sky,CNN,1.6067419999999988
Clear Sky,CNN,1.592759000000001
Clear Sky,CNN,1.5786269999999991
Clear Sky,CNN,1.4720530000000007
Clear Sky,CNN,1.4597504
Clear Sky,CNN,1.4258406
Clear Sky,CNN,1.0818480000000004
Clear Sky,CNN,1.0098528999999998
Clear Sky,CNN,0.5796591999999999
Clear Sky,CNN,0.9277568999999999
Clear Sky,CNN,0.9825833000000002
Clear Sky,CNN,1.0909133
Clear Sky,CNN,1.1383249999999996
Clear Sky,CNN,1.4273481000000006
Clear Sky,CNN,1.3614473999999994
Clear Sky,CNN,1.5517310000000002
Clear Sky,CNN,1.4930120000000002
Clear Sky,CNN,1.5598449999999993
Clear Sky,CNN,1.5011470000000013
Clear Sky,CNN,1.4513059999999989
Clear Sky,CNN,1.1386150000000015
Clear Sky,CNN,1.2920799999999986
Clear Sky,CNN,1.0086480000000009
Clear Sky,CNN,0.8952430000000007
Clear Sky,CNN,0.6728999999999985
Clear Sky,CNN,0.49690100000000115
Clear Sky,CNN,0.507593
Clear Sky,CNN,0.3255750000000006
Clear Sky,CNN,0.09630199999999789
Clear Sky,CNN,0.031216000000000577
Clear Sky,CNN,0.03458699999999837
Clear Sky,CNN,0.057864000000002136
Clear Sky,CNN,0.2186969999999988
Clear Sky,CNN,0.26332299999999975
Clear Sky,CNN,0.19561000000000206
Clear Sky,CNN,0.1781039999999976
Clear Sky,CNN,0.37826199999999943
Clear Sky,CNN,0.3634970000000024
Clear Sky,CNN,0.5503269999999993
Clear Sky,CNN,0.5555960000000013
Clear Sky,CNN,0.8836949999999995
Clear Sky,CNN,0.8666499999999999
Clear Sky,CNN,0.913055
Clear Sky,CNN,1.0488229999999987
Clear Sky,CNN,1.2887470000000008
Clear Sky,CNN,1.4591630000000002
Clear Sky,CNN,1.616816
Clear Sky,CNN,1.6534849999999999
Clear Sky,CNN,1.5826922999999997
Clear Sky,CNN,1.4593581999999996
Clear Sky,CNN,1.3426245000000003
Clear Sky,CNN,1.4239897
Clear Sky,CNN,0.9815733
Clear Sky,CNN,0.9285882000000001
Clear Sky,CNN,1.0807575999999997
Clear Sky,CNN,1.3461384
Clear Sky,CNN,1.2521000000000004
Clear Sky,CNN,1.371486
Clear Sky,CNN,1.408023
Clear Sky,CNN,1.3780769999999993
Clear Sky,CNN,0.9844714999999997
Clear Sky,CNN,1.0769615000000012
Clear Sky,CNN,0.9139199999999992
Clear Sky,CNN,0.7746200000000005
Clear Sky,CNN,0.595936
Clear Sky,CNN,0.4103879999999993
Clear Sky,CNN,0.3498960000000011
Clear Sky,CNN,0.3083139999999993
Clear Sky,CNN,0.06155899999999903
Clear Sky,CNN,0.014586999999998795
Clear Sky,CNN,0.0020519999999990546
Clear Sky,CNN,0.10690500000000114
Clear Sky,CNN,0.3625640000000008
Clear Sky,CNN,0.17143199999999936
Clear Sky,CNN,0.24542600000000014
Clear Sky,CNN,0.26308500000000024
Clear Sky,CNN,0.5234609999999993
Clear Sky,CNN,0.5247925000000002
Clear Sky,CNN,0.8511854999999997
Clear Sky,CNN,0.9197130000000016
Clear Sky,CNN,1.1686869999999985
Clear Sky,CNN,0.9196455000000014
Clear Sky,CNN,1.2876265
Clear Sky,CNN,1.0001475999999991
Clear Sky,CNN,1.3004297999999999
Clear Sky,CNN,1.3120156000000005
Clear Sky,CNN,1.2910122
Clear Sky,CNN,1.0677536
Clear Sky,CNN,1.2870461999999998
Clear Sky,CNN,1.3338013000000002
Clear Sky,CNN,1.6904519999999996
Clear Sky,CNN,1.6877690000000003
Clear Sky,CNN,1.7971749999999993
Clear Sky,CNN,1.9305000000000003
Clear Sky,CNN,1.8759899999999998
Clear Sky,CNN,1.5737790000000018
Clear Sky,CNN,1.7620729999999973
Clear Sky,CNN,1.3977360000000019
Clear Sky,CNN,1.2085860000000004
Clear Sky,CNN,0.9145579999999995
Clear Sky,CNN,0.7550699999999999
Clear Sky,CNN,0.6364720000000013
Clear Sky,CNN,0.4626469999999969
Clear Sky,CNN,0.18242900000000262
Clear Sky,CNN,0.15566799999999859
Clear Sky,CNN,0.1139569999999992
Clear Sky,CNN,0.0044429999999984204
Clear Sky,CNN,0.4054380000000002
Clear Sky,CNN,0.3589570000000002
Clear Sky,CNN,0.2557799999999979
Clear Sky,CNN,0.21623500000000107
Clear Sky,CNN,0.4451450000000001
Clear Sky,CNN,0.5342640000000003
Clear Sky,CNN,0.6850409999999982
Clear Sky,CNN,0.8325870000000002
Clear Sky,CNN,1.0137630000000009
Clear Sky,CNN,1.1712500000000006
Clear Sky,CNN,1.0556349999999988
Clear Sky,CNN,0.960483
Clear Sky,CNN,1.5566000000000013
Clear Sky,CNN,1.5358539999999987
Clear Sky,CNN,1.725347000000001
Clear Sky,CNN,1.5799459999999996
Clear Sky,CNN,1.4880999999999993
Clear Sky,CNN,1.4963080000000009
Clear Sky,CNN,1.4941739999999992
Clear Sky,CNN,1.3298434000000006
Clear Sky,CNN,0.9603074
Clear Sky,CNN,1.0774084999999998
Clear Sky,CNN,1.2953799999999998
Clear Sky,CNN,1.3782720000000008
Clear Sky,CNN,1.5303360000000001
Clear Sky,CNN,1.503641
Clear Sky,CNN,1.6380169999999996
Clear Sky,CNN,1.2285059999999994
Clear Sky,CNN,1.3294800000000002
Clear Sky,CNN,1.1922920000000001
Clear Sky,CNN,0.9984469999999988
Clear Sky,CNN,0.69266
Clear Sky,CNN,0.526174000000001
Clear Sky,CNN,0.5360359999999993
Clear Sky,CNN,0.34610699999999994
Clear Sky,CNN,0.16123600000000238
Clear Sky,CNN,0.09656099999999768
Clear Sky,CNN,0.08019799999999933
Clear Sky,CNN,0.036999999999999034
Clear Sky,CNN,0.35283700000000096
Clear Sky,CNN,0.3189780000000013
Clear Sky,CNN,0.2770949999999992
Clear Sky,CNN,0.3402329999999978
Clear Sky,CNN,0.47880400000000023
Clear Sky,CNN,0.47580500000000114
Clear Sky,CNN,0.6242279999999987
Clear Sky,CNN,0.7043550000000032
Clear Sky,CNN,0.8125019999999985
Clear Sky,CNN,0.8682125000000003
Clear Sky,CNN,0.8671904999999995
Clear Sky,CNN,0.8249180000000003
Clear Sky,CNN,1.1160239999999995
Clear Sky,CNN,1.3647740000000006
Clear Sky,CNN,1.4454589999999996
Clear Sky,CNN,1.4229210000000005
Clear Sky,CNN,1.2740009999999993
Clear Sky,CNN,1.2473713000000002
Clear Sky,CNN,0.9706719000000001
Clear Sky,CNN,1.0028964999999999
Clear Sky,CNN,0.7928359
Clear Sky,CNN,1.2651472
Clear Sky,CNN,1.4045670000000001
Clear Sky,CNN,1.3061315999999996
Clear Sky,CNN,1.8003723999999997
Clear Sky,CNN,1.4954169999999998
Clear Sky,CNN,2.3108910000000016
Clear Sky,CNN,1.3181729999999998
Clear Sky,CNN,1.6868759999999998
Clear Sky,CNN,1.450284
Clear Sky,CNN,1.3074429999999992
Clear Sky,CNN,0.9698220000000006
Clear Sky,CNN,1.200800000000001
Clear Sky,CNN,0.769565
Clear Sky,CNN,0.1817600000000006
Clear Sky,CNN,0.45290499999999767
Clear Sky,CNN,0.07467800000000224
Clear Sky,CNN,0.2435939999999981
Clear Sky,CNN,0.15421699999999916
Clear Sky,CNN,0.31284199999999984
Clear Sky,CNN,0.266058000000001
Clear Sky,CNN,0.20275200000000027
Clear Sky,CNN,0.0888920000000013
Clear Sky,CNN,0.6138840000000023
Clear Sky,CNN,0.5505049999999976
Clear Sky,CNN,0.6342660000000002
Clear Sky,CNN,0.4566490000000023
Clear Sky,CNN,0.5733139999999999
Clear Sky,CNN,0.5235880000000002
Clear Sky,CNN,0.6347329999999971
Clear Sky,CNN,0.548326000000003
Clear Sky,CNN,0.6137599999999992
Clear Sky,CNN,1.0893789999999992
Clear Sky,CNN,1.6062860000000008
Clear Sky,CNN,0.5514069999999993
Clear Sky,CNN,1.2005
Clear Sky,CNN,1.1089350000000007
Clear Sky,CNN,1.389785999999999
Clear Sky,CNN,1.38415
Clear Sky,CNN,1.1985873999999996
Clear Sky,CNN,1.2816784000000006
Clear Sky,CNN,1.5820670999999997
Clear Sky,CNN,1.6240065000000001
Clear Sky,CNN,1.788112
Clear Sky,CNN,1.7739320000000003
Clear Sky,CNN,1.8559540000000005
Clear Sky,CNN,1.3752709999999997
Clear Sky,CNN,1.4615089999999995
Clear Sky,CNN,1.2911929999999998
Clear Sky,CNN,1.122947
Clear Sky,CNN,0.7388520000000014
Clear Sky,CNN,0.546759999999999
Clear Sky,CNN,0.5926159999999996
Clear Sky,CNN,0.3927359999999993
Clear Sky,CNN,0.2226920000000021
Clear Sky,CNN,0.09737600000000057
Clear Sky,CNN,0.0004940000000033251
Clear Sky,CNN,0.06371900000000252
Clear Sky,CNN,0.28358100000000164
Clear Sky,CNN,0.1726530000000004
Clear Sky,CNN,0.15840499999999835
Clear Sky,CNN,0.17614000000000019
Clear Sky,CNN,0.42898600000000187
Clear Sky,CNN,0.4180049999999973
Clear Sky,CNN,0.6775529999999996
Clear Sky,CNN,0.7360889999999998
Clear Sky,CNN,0.943327
Clear Sky,CNN,0.9173280000000013
Clear Sky,CNN,1.019514000000001
Clear Sky,CNN,0.9512260000000001
Clear Sky,CNN,1.2270009999999996
Clear Sky,CNN,1.4993400000000001
Clear Sky,CNN,1.6769049999999996
Clear Sky,CNN,1.6461839999999999
Clear Sky,CNN,1.4792649999999998
Clear Sky,CNN,1.5517980000000007
Clear Sky,CNN,1.2941649999999996
Clear Sky,CNN,1.4588904
Clear Sky,CNN,0.12301116
Clear Sky,CNN,0.57440211
Clear Sky,CNN,0.80594473
Clear Sky,CNN,1.1646527
Clear Sky,CNN,1.4226989999999997
Clear Sky,CNN,1.2440977000000002
Clear Sky,CNN,1.179132
Clear Sky,CNN,1.4919846000000003
Clear Sky,CNN,1.6293380000000006
Clear Sky,CNN,1.6664709999999996
Clear Sky,CNN,1.2872039999999991
Clear Sky,CNN,1.545917000000001
Clear Sky,CNN,1.3050854999999988
Clear Sky,CNN,1.303136499999999
Clear Sky,CNN,1.0930239999999998
Clear Sky,CNN,1.206780000000002
Clear Sky,CNN,0.6723600000000012
Clear Sky,CNN,0.8706379999999996
Clear Sky,CNN,0.5657019999999982
Clear Sky,CNN,0.5000300000000024
Clear Sky,CNN,0.5684639999999987
Clear Sky,CNN,0.17907500000000098
Clear Sky,CNN,0.11832599999999971
Clear Sky,CNN,0.008836999999999762
Clear Sky,CNN,0.22020999999999802
Clear Sky,CNN,0.10366199999999992
Clear Sky,CNN,0.26089999999999947
Clear Sky,CNN,0.04750399999999999
Clear Sky,CNN,0.11687799999999982
Clear Sky,CNN,0.17052599999999885
Clear Sky,CNN,0.12477600000000066
Clear Sky,CNN,0.27242800000000145
Clear Sky,CNN,0.4626689999999982
Clear Sky,CNN,0.4249270000000003
Clear Sky,CNN,0.8118610000000004
Clear Sky,CNN,0.6835300000000011
Clear Sky,CNN,0.9440949999999972
Clear Sky,CNN,0.8154440000000029
Clear Sky,CNN,1.248932
Clear Sky,CNN,1.645884999999998
Clear Sky,CNN,1.857189
Clear Sky,CNN,1.6413100000000007
Clear Sky,CNN,1.690747
Clear Sky,CNN,1.5802859999999992
Clear Sky,CNN,1.5894973000000006
Clear Sky,CNN,1.5280142000000003
Clear Sky,CNN,0.9305504999999998
Clear Sky,CNN,1.1644793
Clear Sky,CNN,0.5908794999999998
Clear Sky,CNN,0.6092106000000002
Clear Sky,CNN,0.5429789999999999
Clear Sky,CNN,0.5594608000000001
Clear Sky,CNN,0.6056718999999999
Clear Sky,CNN,0.5458623
Clear Sky,CNN,1.0065590000000002
Clear Sky,CNN,1.0435213999999995
Clear Sky,CNN,1.1123753
Clear Sky,CNN,1.1149453000000005
Clear Sky,CNN,1.286173999999999
Clear Sky,CNN,1.4517640000000007
Clear Sky,CNN,1.3760195
Clear Sky,CNN,1.3609314999999995
Clear Sky,CNN,1.4501885000000012
Clear Sky,CNN,1.3285385000000005
Clear Sky,CNN,1.3008659999999992
Clear Sky,CNN,0.9708380000000005
Clear Sky,CNN,1.1800899999999999
Clear Sky,CNN,0.8892649999999982
Clear Sky,CNN,0.7052289999999992
Clear Sky,CNN,0.5563890000000029
Clear Sky,CNN,0.44096399999999747
Clear Sky,CNN,0.5216270000000023
Clear Sky,CNN,0.1754630000000006
Clear Sky,CNN,0.21096199999999854
Clear Sky,CNN,0.14366899999999916
Clear Sky,CNN,0.08201999999999998
Clear Sky,CNN,0.07374199999999931
Clear Sky,CNN,0.22337499999999721
Clear Sky,CNN,0.11400800000000189
Clear Sky,CNN,0.05238999999999905
Clear Sky,CNN,0.08573700000000173
Clear Sky,CNN,0.26716499999999854
Clear Sky,CNN,0.3297850000000011
Clear Sky,CNN,0.4505920000000003
Clear Sky,CNN,0.5625839999999975
Clear Sky,CNN,0.7588850000000029
Clear Sky,CNN,0.8802429999999966
Clear Sky,CNN,0.7492940000000026
Clear Sky,CNN,0.8063569999999984
Clear Sky,CNN,1.1718790000000006
Clear Sky,CNN,1.2856950000000005
Clear Sky,CNN,1.5109449999999995
Clear Sky,CNN,1.4929550000000003
Clear Sky,CNN,1.4489540000000005
Clear Sky,CNN,1.4731489999999994
Clear Sky,CNN,1.5414130000000004
Clear Sky,CNN,1.5027355
Clear Sky,CNN,1.2605872999999992
Clear Sky,CNN,1.2690639000000008
Clear Sky,CNN,0.9113211999999997
Clear Sky,CNN,0.9826609999999998
Clear Sky,CNN,0.6118008000000001
Clear Sky,CNN,0.5457064
Clear Sky,CNN,0.5289165
Clear Sky,CNN,0.6105471000000002
Clear Sky,CNN,0.9838524
Clear Sky,CNN,1.0983829999999997
Clear Sky,CNN,1.1197416000000002
Clear Sky,CNN,1.1834483999999996
Clear Sky,CNN,1.329243
Clear Sky,CNN,1.4412459999999996
Clear Sky,CNN,1.4456710000000008
Clear Sky,CNN,1.4267029999999998
Clear Sky,CNN,1.4069020000000005
Clear Sky,CNN,1.355143
Clear Sky,CNN,1.276052
Clear Sky,CNN,0.9080750000000002
Clear Sky,CNN,1.1760079999999995
Clear Sky,CNN,0.7574889999999996
Clear Sky,CNN,0.7070900000000009
Clear Sky,CNN,0.5826409999999989
Clear Sky,CNN,0.30716699999999975
Clear Sky,CNN,0.4623249999999999
Clear Sky,CNN,0.12942300000000273
Clear Sky,CNN,0.20025999999999655
Clear Sky,CNN,0.045509000000002686
Clear Sky,CNN,0.07879699999999801
Clear Sky,CNN,0.02511000000000152
Clear Sky,CNN,0.19158200000000036
Clear Sky,CNN,0.014009999999998968
Clear Sky,CNN,0.10053100000000015
Clear Sky,CNN,0.003991000000002742
Clear Sky,CNN,0.19082500000000024
Clear Sky,CNN,0.2227250000000005
Clear Sky,CNN,0.36296899999999965
Clear Sky,CNN,0.5444560000000003
Clear Sky,CNN,0.6069150000000008
Clear Sky,CNN,0.7812570000000001
Clear Sky,CNN,0.7423120000000019
Clear Sky,CNN,0.7973649999999992
Clear Sky,CNN,1.1768189999999983
Clear Sky,CNN,1.324352000000001
Clear Sky,CNN,1.521001
Clear Sky,CNN,1.5450549999999996
Clear Sky,CNN,1.5260580000000008
Clear Sky,CNN,1.4461839999999988
Clear Sky,CNN,1.4802554000000008
Clear Sky,CNN,1.4893525999999992
Clear Sky,CNN,1.230938
Clear Sky,CNN,1.2220270000000002
Clear Sky,CNN,0.8674415
Clear Sky,CNN,0.8437288000000001
Clear Sky,CNN,0.4796440000000002
Clear Sky,CNN,0.5384784000000002
Clear Sky,CNN,0.4844531999999999
Clear Sky,CNN,0.4875900999999998
Clear Sky,CNN,0.9856658
Clear Sky,CNN,0.8474997000000002
Clear Sky,CNN,1.0806166
Clear Sky,CNN,0.9487984000000003
Clear Sky,CNN,1.1055149999999996
Clear Sky,CNN,1.2953469999999996
Clear Sky,CNN,1.211170000000001
Clear Sky,CNN,1.2521459999999998
Clear Sky,CNN,1.2675040000000006
Clear Sky,CNN,1.140618
Clear Sky,CNN,1.331455
Clear Sky,CNN,0.8604950000000002
Clear Sky,CNN,1.0700210000000006
Clear Sky,CNN,0.8742749999999972
Clear Sky,CNN,0.7861620000000009
Clear Sky,CNN,0.5844279999999991
Clear Sky,CNN,0.4016750000000009
Clear Sky,CNN,0.5374310000000015
Clear Sky,CNN,0.10235199999999978
Clear Sky,CNN,0.2244269999999986
Clear Sky,CNN,0.043098000000000525
Clear Sky,CNN,0.027156999999998988
Clear Sky,CNN,0.03514099999999942
Clear Sky,CNN,0.3022090000000013
Clear Sky,CNN,0.1084050000000012
Clear Sky,CNN,0.07771599999999879
Clear Sky,CNN,0.05499100000000112
Clear Sky,CNN,0.21729500000000002
Clear Sky,CNN,0.29760299999999873
Clear Sky,CNN,0.3139630000000011
Clear Sky,CNN,0.47595799999999855
Clear Sky,CNN,0.564312000000001
Clear Sky,CNN,0.6549039999999984
Clear Sky,CNN,0.7383630000000032
Clear Sky,CNN,0.7017939999999996
Clear Sky,CNN,1.148692999999998
Clear Sky,CNN,1.281854000000001
Clear Sky,CNN,1.5174590000000006
Clear Sky,CNN,1.4668799999999997
Clear Sky,CNN,1.3758009999999992
Clear Sky,CNN,1.4159889999999997
Clear Sky,CNN,1.3909064000000004
Clear Sky,CNN,1.4166641000000002
Clear Sky,CNN,1.1640477999999996
Clear Sky,CNN,1.1472927000000004
Clear Sky,CNN,0.7511060999999999
Clear Sky,CNN,0.7306241
Clear Sky,CNN,0.6022028000000001
Clear Sky,CNN,0.39662184
Clear Sky,CNN,0.4097375999999999
Clear Sky,CNN,0.44982239999999996
Clear Sky,CNN,0.9209208000000002
Clear Sky,CNN,0.9133448999999998
Clear Sky,CNN,0.9383092000000004
Clear Sky,CNN,0.9571654
Clear Sky,CNN,1.1202552999999993
Clear Sky,CNN,1.3649887000000005
Clear Sky,CNN,1.3315529999999995
Clear Sky,CNN,1.3064820000000008
Clear Sky,CNN,1.3900469999999991
Clear Sky,CNN,1.3422180000000008
Clear Sky,CNN,1.3904059999999987
Clear Sky,CNN,1.1252640000000014
Clear Sky,CNN,1.272583000000001
Clear Sky,CNN,1.0149149999999985
Clear Sky,CNN,0.9799749999999996
Clear Sky,CNN,0.8290690000000005
Clear Sky,CNN,0.6898179999999989
Clear Sky,CNN,0.6917550000000006
Clear Sky,CNN,0.40383699999999934
Clear Sky,CNN,0.2755340000000004
Clear Sky,CNN,0.25911100000000076
Clear Sky,CNN,0.21218100000000106
Clear Sky,CNN,0.08822899999999834
Clear Sky,CNN,0.00451100000000082
Clear Sky,CNN,0.01568099999999717
Clear Sky,CNN,0.09619
Clear Sky,CNN,0.005076999999999998
Clear Sky,CNN,0.12720700000000207
Clear Sky,CNN,0.2642699999999998
Clear Sky,CNN,0.3361149999999995
Clear Sky,CNN,0.5943280000000009
Clear Sky,CNN,0.7080199999999977
Clear Sky,CNN,0.883180000000003
Clear Sky,CNN,0.8860649999999985
Clear Sky,CNN,0.9230300000000007
Clear Sky,CNN,1.2739720000000005
Clear Sky,CNN,1.387618999999999
Clear Sky,CNN,1.6007809999999996
Clear Sky,CNN,1.5427529999999994
Clear Sky,CNN,1.5514730000000014
Clear Sky,CNN,1.5030640000000002
Clear Sky,CNN,1.4558069999999992
Clear Sky,CNN,1.4325409999999996
Clear Sky,CNN,1.2447445000000004
Clear Sky,CNN,1.2717735000000001
Clear Sky,CNN,0.6876759999999997
Clear Sky,CNN,0.9526137000000001
Clear Sky,CNN,0.6470047000000001
Clear Sky,CNN,0.34827686
Clear Sky,CNN,0.29509150000000006
Clear Sky,CNN,0.8138418000000001
Clear Sky,CNN,0.8206591999999997
Clear Sky,CNN,1.0591057
Clear Sky,CNN,0.9354310000000003
Clear Sky,CNN,1.184164
Clear Sky,CNN,1.3539469999999998
Clear Sky,CNN,1.3195484999999998
Clear Sky,CNN,1.3985345000000002
Clear Sky,CNN,1.5441950000000002
Clear Sky,CNN,1.3533050000000006
Clear Sky,CNN,1.4847389999999994
Clear Sky,CNN,1.0705939999999998
Clear Sky,CNN,1.3459009999999996
Clear Sky,CNN,1.1080989999999993
Clear Sky,CNN,0.9339580000000005
Clear Sky,CNN,0.6935430000000018
Clear Sky,CNN,0.6558220000000006
Clear Sky,CNN,0.6752249999999975
Clear Sky,CNN,0.32103700000000046
Clear Sky,CNN,0.30200100000000063
Clear Sky,CNN,0.1917730000000013
Clear Sky,CNN,0.15416899999999956
Clear Sky,CNN,0.15472799999999864
Clear Sky,CNN,0.10426700000000011
Clear Sky,CNN,0.06866399999999828
Clear Sky,CNN,0.04361499999999907
Clear Sky,CNN,0.051573999999998676
Clear Sky,CNN,0.19236000000000075
Clear Sky,CNN,0.3177170000000018
Clear Sky,CNN,0.4344619999999999
Clear Sky,CNN,0.5574130000000004
Clear Sky,CNN,0.7042599999999979
Clear Sky,CNN,0.7902930000000019
Clear Sky,CNN,0.7546250000000008
Clear Sky,CNN,0.8125739999999979
Clear Sky,CNN,1.1190630000000006
Clear Sky,CNN,1.1538199999999996
Clear Sky,CNN,1.4585690000000007
Clear Sky,CNN,1.3547460000000004
Clear Sky,CNN,1.3634309999999985
Clear Sky,CNN,1.3657800000000009
Clear Sky,CNN,1.47635
Clear Sky,CNN,1.4081019999999995
Clear Sky,CNN,1.2865966000000002
Clear Sky,CNN,1.2147708000000002
Clear Sky,CNN,1.0258635999999997
Clear Sky,CNN,1.0057836
Clear Sky,CNN,0.7105817000000001
Clear Sky,CNN,0.3999168999999998
Clear Sky,CNN,0.30544569999999993
Clear Sky,CNN,0.8075738000000001
Clear Sky,CNN,0.8179631999999999
Clear Sky,CNN,0.9372842000000001
Clear Sky,CNN,0.9226049999999999
Clear Sky,CNN,1.0780592000000002
Clear Sky,CNN,1.3066133999999998
Clear Sky,CNN,1.2210970000000003
Clear Sky,CNN,1.3221974999999997
Clear Sky,CNN,1.399969500000001
Clear Sky,CNN,1.264600999999999
Clear Sky,CNN,1.3672450000000005
Clear Sky,CNN,1.0042779999999993
Clear Sky,CNN,1.1776549999999997
Clear Sky,CNN,0.9755730000000007
Clear Sky,CNN,0.840916
Clear Sky,CNN,0.7095659999999988
Clear Sky,CNN,0.527075
Clear Sky,CNN,0.6176349999999999
Clear Sky,CNN,0.2925450000000005
Clear Sky,CNN,0.2734729999999992
Clear Sky,CNN,0.19089300000000264
Clear Sky,CNN,0.1410519999999984
Clear Sky,CNN,0.16865900000000167
Clear Sky,CNN,0.0916800000000002
Clear Sky,CNN,0.039856000000000336
Clear Sky,CNN,0.035650000000000404
Clear Sky,CNN,0.07685999999999993
Clear Sky,CNN,0.16267300000000162
Clear Sky,CNN,0.2289129999999986
Clear Sky,CNN,0.2918909999999997
Clear Sky,CNN,0.49313600000000335
Clear Sky,CNN,0.5686579999999992
Clear Sky,CNN,0.7002829999999989
Clear Sky,CNN,0.6992820000000002
Clear Sky,CNN,0.7891049999999993
Clear Sky,CNN,1.0128400000000006
Clear Sky,CNN,1.1558550000000007
Clear Sky,CNN,1.4060759999999988
Clear Sky,CNN,1.3857360000000014
Clear Sky,CNN,1.417000999999999
Clear Sky,CNN,1.3587059999999997
Clear Sky,CNN,1.4253150000000012
Clear Sky,CNN,1.4674617999999988
Clear Sky,CNN,1.2783465000000005
Clear Sky,CNN,1.2726486999999995
Clear Sky,CNN,0.9323970000000004
Clear Sky,CNN,0.9797370000000001
Clear Sky,CNN,0.6474399
Clear Sky,CNN,0.4472510999999999
Clear Sky,CNN,0.9402995000000001
Clear Sky,CNN,0.9809166
Clear Sky,CNN,1.127856
Clear Sky,CNN,1.0886496
Clear Sky,CNN,1.3399910999999998
Clear Sky,CNN,1.3944622999999998
Clear Sky,CNN,1.4519009999999994
Clear Sky,CNN,1.4450270000000014
Clear Sky,CNN,1.532385999999999
Clear Sky,CNN,1.4232650000000007
Clear Sky,CNN,1.3997969999999995
Clear Sky,CNN,1.110208
Clear Sky,CNN,1.2849460000000015
Clear Sky,CNN,1.041594
Clear Sky,CNN,0.9084509999999995
Clear Sky,CNN,0.6908449999999995
Clear Sky,CNN,0.5421459999999989
Clear Sky,CNN,0.5864030000000007
Clear Sky,CNN,0.3419130000000017
Clear Sky,CNN,0.23472199999999788
Clear Sky,CNN,0.18537900000000107
Clear Sky,CNN,0.05677800000000133
Clear Sky,CNN,0.11860099999999818
Clear Sky,CNN,0.11076900000000123
Clear Sky,CNN,0.11576900000000023
Clear Sky,CNN,0.025124999999999176
Clear Sky,CNN,0.006308999999998122
Clear Sky,CNN,0.22924899999999937
Clear Sky,CNN,0.2852760000000032
Clear Sky,CNN,0.3684999999999974
Clear Sky,CNN,0.4851700000000001
Clear Sky,CNN,0.7363479999999996
Clear Sky,CNN,0.784479000000001
Clear Sky,CNN,0.7488980000000005
Clear Sky,CNN,0.8650260000000003
Clear Sky,CNN,1.1246790000000004
Clear Sky,CNN,1.273154
Clear Sky,CNN,1.489768999999999
Clear Sky,CNN,1.5405420000000003
Clear Sky,CNN,1.5328
Clear Sky,CNN,1.480753
Clear Sky,CNN,1.469716
Clear Sky,CNN,1.5789093999999997
Clear Sky,CNN,1.2726456000000006
Clear Sky,CNN,1.2812956999999998
Clear Sky,CNN,0.9249259999999997
Clear Sky,CNN,1.0011492000000002
Clear Sky,CNN,0.559725
Clear Sky,CNN,0.0
Clear Sky,CNN,0.008194531
Clear Sky,CNN,0.867911169
Clear Sky,CNN,0.9561111999999999
Clear Sky,CNN,1.0010001
Clear Sky,CNN,1.1014372000000003
Clear Sky,CNN,1.3406657999999996
Clear Sky,CNN,1.2716330000000005
Clear Sky,CNN,1.5770809999999997
Clear Sky,CNN,1.3435109999999995
Clear Sky,CNN,1.6545389999999998
Clear Sky,CNN,1.434654
Clear Sky,CNN,1.5031580000000009
Clear Sky,CNN,1.1510940000000005
Clear Sky,CNN,1.4137259999999987
Clear Sky,CNN,1.0539799999999993
Clear Sky,CNN,0.9954390000000011
Clear Sky,CNN,0.6984870000000001
Clear Sky,CNN,0.7197829999999996
Clear Sky,CNN,0.6916469999999997
Clear Sky,CNN,0.43991300000000066
Clear Sky,CNN,0.25161699999999954
Clear Sky,CNN,0.07296600000000097
Clear Sky,CNN,0.0987569999999991
Clear Sky,CNN,0.19598000000000226
Clear Sky,CNN,0.2063050000000004
Clear Sky,CNN,0.0931280000000001
Clear Sky,CNN,0.08069200000000265
Clear Sky,CNN,0.10962299999999914
Clear Sky,CNN,0.2880350000000007
Clear Sky,CNN,0.3244669999999985
Clear Sky,CNN,0.5857010000000002
Clear Sky,CNN,0.4291109999999989
Clear Sky,CNN,0.8923820000000013
Clear Sky,CNN,0.6672000000000011
Clear Sky,CNN,0.7625199999999985
Clear Sky,CNN,0.7356349999999985
Clear Sky,CNN,1.2346640000000022
Clear Sky,CNN,1.1102409999999985
Clear Sky,CNN,1.5772700000000004
Clear Sky,CNN,1.3410399999999996
Clear Sky,CNN,1.3592840000000006
Clear Sky,CNN,1.4408379999999994
Clear Sky,CNN,1.4519202000000009
Clear Sky,CNN,1.5311317999999998
Clear Sky,CNN,1.0725980000000002
Clear Sky,CNN,1.1800592
Clear Sky,CNN,1.0261139
Clear Sky,CNN,0.8542475
Clear Sky,CNN,0.6076718999999999
Clear Sky,Ground Truth,0.15549996240000008
Clear Sky,Ground Truth,0.2117150567333334
Clear Sky,Ground Truth,0.649971024
Clear Sky,Ground Truth,1.0818464636
Clear Sky,Ground Truth,1.327217511866666
Clear Sky,Ground Truth,1.4405570576666666
Clear Sky,Ground Truth,1.8138172706000013
Clear Sky,Ground Truth,1.6731551999999992
Clear Sky,Ground Truth,1.5505333588666659
Clear Sky,Ground Truth,1.457614698666669
Clear Sky,Ground Truth,1.408242662666666
Clear Sky,Ground Truth,1.4280473193333343
Clear Sky,Ground Truth,1.236404999333331
Clear Sky,Ground Truth,1.1622333339999997
Clear Sky,Ground Truth,1.043369479333336
Clear Sky,Ground Truth,1.020175097333329
Clear Sky,Ground Truth,0.7416914606666687
Clear Sky,Ground Truth,0.842644499333332
Clear Sky,Ground Truth,0.6789394280000032
Clear Sky,Ground Truth,0.6947808286666657
Clear Sky,Ground Truth,0.5857208193333356
Clear Sky,Ground Truth,0.36605373733333124
Clear Sky,Ground Truth,0.6205535906666633
Clear Sky,Ground Truth,0.710473204000003
Clear Sky,Ground Truth,0.2990479846666645
Clear Sky,Ground Truth,0.023234011999999638
Clear Sky,Ground Truth,0.23011089933333295
Clear Sky,Ground Truth,0.15261778600000397
Clear Sky,Ground Truth,0.1669057099999982
Clear Sky,Ground Truth,0.2586049546666658
Clear Sky,Ground Truth,0.369635926666664
Clear Sky,Ground Truth,0.28429066533333724
Clear Sky,Ground Truth,0.29010446999999573
Clear Sky,Ground Truth,0.47451790133333915
Clear Sky,Ground Truth,0.6125113826666642
Clear Sky,Ground Truth,0.7343868613333377
Clear Sky,Ground Truth,0.7226911646666601
Clear Sky,Ground Truth,1.0018791673333354
Clear Sky,Ground Truth,1.0587663340000049
Clear Sky,Ground Truth,0.9574731299999932
Clear Sky,Ground Truth,1.172113479333337
Clear Sky,Ground Truth,1.2705207313333329
Clear Sky,Ground Truth,1.3808746093333308
Clear Sky,Ground Truth,1.576432878666667
Clear Sky,Ground Truth,1.4620705920000017
Clear Sky,Ground Truth,1.6663301679333316
Clear Sky,Ground Truth,2.263159667200001
Clear Sky,Ground Truth,0.7706606832000009
Clear Sky,Ground Truth,1.3784979021999995
Clear Sky,Ground Truth,1.6200295264666669
Clear Sky,Ground Truth,1.4868808800000002
Clear Sky,Ground Truth,1.1618367090666668
Clear Sky,Ground Truth,0.7276450537333332
Clear Sky,Ground Truth,0.1494297873333334
Clear Sky,Ground Truth,0.2249260395333334
Clear Sky,Ground Truth,0.7070474235999998
Clear Sky,Ground Truth,1.0959483640000003
Clear Sky,Ground Truth,1.3540143919999998
Clear Sky,Ground Truth,1.5774917137333335
Clear Sky,Ground Truth,1.7672636976666674
Clear Sky,Ground Truth,1.513161415999999
Clear Sky,Ground Truth,1.7591652855333315
Clear Sky,Ground Truth,1.5323940630000052
Clear Sky,Ground Truth,1.537801099333329
Clear Sky,Ground Truth,1.5823439326666655
Clear Sky,Ground Truth,1.4150848046666713
Clear Sky,Ground Truth,1.2941948679999946
Clear Sky,Ground Truth,1.1862129213333361
Clear Sky,Ground Truth,1.219117277333332
Clear Sky,Ground Truth,0.9517499633333344
Clear Sky,Ground Truth,0.8595966126666639
Clear Sky,Ground Truth,0.749282763333337
Clear Sky,Ground Truth,0.6321734573333302
Clear Sky,Ground Truth,0.4413420846666689
Clear Sky,Ground Truth,0.009032282666662894
Clear Sky,Ground Truth,1.1061843220000043
Clear Sky,Ground Truth,0.20433359800000161
Clear Sky,Ground Truth,0.0006786906666640391
Clear Sky,Ground Truth,0.2792462180000008
Clear Sky,Ground Truth,0.8112607979999993
Clear Sky,Ground Truth,0.557333101333338
Clear Sky,Ground Truth,0.23479345200000168
Clear Sky,Ground Truth,3.1940341400000065
Clear Sky,Ground Truth,1.2842108333333364
Clear Sky,Ground Truth,0.6287242060000011
Clear Sky,Ground Truth,0.5625707053333393
Clear Sky,Ground Truth,0.4964726033333342
Clear Sky,Ground Truth,0.5499325006666638
Clear Sky,Ground Truth,0.6642370446666632
Clear Sky,Ground Truth,0.9703261286666702
Clear Sky,Ground Truth,0.9703784899999981
Clear Sky,Ground Truth,1.1080888960000017
Clear Sky,Ground Truth,1.1818721560000007
Clear Sky,Ground Truth,1.1352973573333287
Clear Sky,Ground Truth,1.371106634666667
Clear Sky,Ground Truth,1.4500906480000033
Clear Sky,Ground Truth,1.5293885613333291
Clear Sky,Ground Truth,1.5567281386666707
Clear Sky,Ground Truth,1.6974215547333316
Clear Sky,Ground Truth,1.7230476390666674
Clear Sky,Ground Truth,1.756486598066667
Clear Sky,Ground Truth,1.7060996473333327
Clear Sky,Ground Truth,1.5875785300666663
Clear Sky,Ground Truth,1.3899706423999998
Clear Sky,Ground Truth,1.0868327832000002
Clear Sky,Ground Truth,0.4135391114666669
Clear Sky,Ground Truth,0.6666847020666664
Clear Sky,Ground Truth,0.735914645666667
Clear Sky,Ground Truth,0.5036398651333331
Clear Sky,Ground Truth,0.3476211123999997
Clear Sky,Ground Truth,0.4168833786666668
Clear Sky,Ground Truth,0.8332656502666671
Clear Sky,Ground Truth,2.590359381133334
Clear Sky,Ground Truth,2.5826597263333317
Clear Sky,Ground Truth,1.4191227210000008
Clear Sky,Ground Truth,0.8200774145333352
Clear Sky,Ground Truth,2.539911541399997
Clear Sky,Ground Truth,1.2336097566666684
Clear Sky,Ground Truth,1.086098279999998
Clear Sky,Ground Truth,1.0084360333333358
Clear Sky,Ground Truth,0.9824480459999947
Clear Sky,Ground Truth,1.170647690666673
Clear Sky,Ground Truth,0.765782077333327
Clear Sky,Ground Truth,0.575719443333341
Clear Sky,Ground Truth,0.6195074526666673
Clear Sky,Ground Truth,0.5486632013333299
Clear Sky,Ground Truth,0.6167059833333326
Clear Sky,Ground Truth,0.5976800253333323
Clear Sky,Ground Truth,0.22233429599999965
Clear Sky,Ground Truth,0.10939107466667153
Clear Sky,Ground Truth,0.043158926000000264
Clear Sky,Ground Truth,0.12992026666666234
Clear Sky,Ground Truth,0.08088577133333175
Clear Sky,Ground Truth,0.06895826133333571
Clear Sky,Ground Truth,0.11480663266666724
Clear Sky,Ground Truth,0.37228495799999806
Clear Sky,Ground Truth,0.054428395333335544
Clear Sky,Ground Truth,0.3945444613333322
Clear Sky,Ground Truth,0.6020303113333334
Clear Sky,Ground Truth,0.48588072266667126
Clear Sky,Ground Truth,0.6552467953333299
Clear Sky,Ground Truth,0.6818324566666618
Clear Sky,Ground Truth,0.5293503686666696
Clear Sky,Ground Truth,0.8333449766666661
Clear Sky,Ground Truth,1.0608413100000007
Clear Sky,Ground Truth,1.3321157899999996
Clear Sky,Ground Truth,1.3396353573333322
Clear Sky,Ground Truth,1.5440395973333345
Clear Sky,Ground Truth,1.5152969020000011
Clear Sky,Ground Truth,1.5293105020000013
Clear Sky,Ground Truth,1.7359055045333314
Clear Sky,Ground Truth,1.815453343533333
Clear Sky,Ground Truth,1.5889601983999997
Clear Sky,Ground Truth,1.6459436137333343
Clear Sky,Ground Truth,1.3902986307333332
Clear Sky,Ground Truth,1.2858387189333331
Clear Sky,Ground Truth,0.9681239952000001
Clear Sky,Ground Truth,0.6006275173333333
Clear Sky,Ground Truth,0.18439506266666666
Clear Sky,Ground Truth,0.22563887893333334
Clear Sky,Ground Truth,0.6541044547333331
Clear Sky,Ground Truth,1.0010528869333337
Clear Sky,Ground Truth,1.2555101625333331
Clear Sky,Ground Truth,1.4887970992000006
Clear Sky,Ground Truth,1.5797173093999994
Clear Sky,Ground Truth,1.5873838250000007
Clear Sky,Ground Truth,1.555415659666668
Clear Sky,Ground Truth,1.4658640765999973
Clear Sky,Ground Truth,1.4223128833333334
Clear Sky,Ground Truth,1.3174671900000003
Clear Sky,Ground Truth,1.282366837333333
Clear Sky,Ground Truth,1.1902674946666671
Clear Sky,Ground Truth,1.0024332193333336
Clear Sky,Ground Truth,0.9821354073333346
Clear Sky,Ground Truth,0.8854540373333322
Clear Sky,Ground Truth,0.8428313319999994
Clear Sky,Ground Truth,0.628245124666666
Clear Sky,Ground Truth,0.6443316886666679
Clear Sky,Ground Truth,0.5244651646666654
Clear Sky,Ground Truth,0.07367558933333385
Clear Sky,Ground Truth,0.5817202633333345
Clear Sky,Ground Truth,0.7606135846666682
Clear Sky,Ground Truth,0.22693782266666318
Clear Sky,Ground Truth,0.005139953333333835
Clear Sky,Ground Truth,0.07264837666666324
Clear Sky,Ground Truth,0.22513632666666794
Clear Sky,Ground Truth,0.16284152600000468
Clear Sky,Ground Truth,0.34920081466666275
Clear Sky,Ground Truth,0.025250164000002684
Clear Sky,Ground Truth,0.25513164399999866
Clear Sky,Ground Truth,0.41394962466667096
Clear Sky,Ground Truth,0.4810945593333287
Clear Sky,Ground Truth,0.8393710693333354
Clear Sky,Ground Truth,0.5772443553333346
Clear Sky,Ground Truth,0.6300747539999989
Clear Sky,Ground Truth,0.8688028546666686
Clear Sky,Ground Truth,1.0383615133333315
Clear Sky,Ground Truth,1.0362819706666642
Clear Sky,Ground Truth,1.3197566720000005
Clear Sky,Ground Truth,1.0722715873333346
Clear Sky,Ground Truth,1.3293537273333325
Clear Sky,Ground Truth,1.3909319773333308
Clear Sky,Ground Truth,1.532434678666668
Clear Sky,Ground Truth,1.5647015422666666
Clear Sky,Ground Truth,1.6703755902666675
Clear Sky,Ground Truth,1.5541493314666672
Clear Sky,Ground Truth,1.6169358130666653
Clear Sky,Ground Truth,1.5419174258
Clear Sky,Ground Truth,1.330230271533334
Clear Sky,Ground Truth,1.0543671176666665
Clear Sky,Ground Truth,0.6122635738000001
Clear Sky,Ground Truth,0.16409685240000005
Clear Sky,Ground Truth,0.32147806280000013
Clear Sky,Ground Truth,0.5499352023999997
Clear Sky,Ground Truth,0.9409845752666668
Clear Sky,Ground Truth,1.380034256533333
Clear Sky,Ground Truth,1.2591215916000005
Clear Sky,Ground Truth,1.9467889881333322
Clear Sky,Ground Truth,1.3328664048666683
Clear Sky,Ground Truth,1.8532945898666657
Clear Sky,Ground Truth,1.2305862679999997
Clear Sky,Ground Truth,1.3416739346666695
Clear Sky,Ground Truth,0.7407394366666633
Clear Sky,Ground Truth,1.5204638399999997
Clear Sky,Ground Truth,1.6911888313333368
Clear Sky,Ground Truth,1.5141707519999983
Clear Sky,Ground Truth,1.138873848666666
Clear Sky,Ground Truth,0.371245415333334
Clear Sky,Ground Truth,0.6799493279999957
Clear Sky,Ground Truth,0.743471256000003
Clear Sky,Ground Truth,0.9971179780000021
Clear Sky,Ground Truth,0.7319904453333308
Clear Sky,Ground Truth,0.5832379713333324
Clear Sky,Ground Truth,0.13646728799999863
Clear Sky,Ground Truth,0.22377812333333935
Clear Sky,Ground Truth,0.166507241999998
Clear Sky,Ground Truth,0.23622663133333432
Clear Sky,Ground Truth,0.3937866386666684
Clear Sky,Ground Truth,0.11767418333333879
Clear Sky,Ground Truth,0.0998830766666643
Clear Sky,Ground Truth,0.1615332039999977
Clear Sky,Ground Truth,0.3071609240000015
Clear Sky,Ground Truth,0.23168245533333476
Clear Sky,Ground Truth,0.2674939000000016
Clear Sky,Ground Truth,0.4558069633333304
Clear Sky,Ground Truth,0.6749131946666651
Clear Sky,Ground Truth,0.646171217333336
Clear Sky,Ground Truth,0.8545807593333308
Clear Sky,Ground Truth,0.8702449533333372
Clear Sky,Ground Truth,0.9447246573333281
Clear Sky,Ground Truth,0.9904446040000039
Clear Sky,Ground Truth,1.098624666666666
Clear Sky,Ground Truth,1.1912121846666661
Clear Sky,Ground Truth,1.334580301333336
Clear Sky,Ground Truth,1.434767204
Clear Sky,Ground Truth,1.5283319379999991
Clear Sky,Ground Truth,1.6181153577333323
Clear Sky,Ground Truth,1.6900805980000015
Clear Sky,Ground Truth,1.6989664966666655
Clear Sky,Ground Truth,1.6716858332666664
Clear Sky,Ground Truth,1.5609265428000003
Clear Sky,Ground Truth,1.3689421383333338
Clear Sky,Ground Truth,1.0399680187333327
Clear Sky,Ground Truth,0.6062064078666667
Clear Sky,Ground Truth,0.14890469266666678
Clear Sky,Ground Truth,0.1794243854666666
Clear Sky,Ground Truth,0.5864428049333335
Clear Sky,Ground Truth,1.0651305601999999
Clear Sky,Ground Truth,1.3680380547333337
Clear Sky,Ground Truth,1.5121596409333322
Clear Sky,Ground Truth,1.6269781148
Clear Sky,Ground Truth,1.6198281978000004
Clear Sky,Ground Truth,1.5568822586666666
Clear Sky,Ground Truth,1.5090010286000002
Clear Sky,Ground Truth,1.425313280000001
Clear Sky,Ground Truth,1.3875325466666677
Clear Sky,Ground Truth,1.3018819213333312
Clear Sky,Ground Truth,1.1905031400000023
Clear Sky,Ground Truth,1.0019194073333324
Clear Sky,Ground Truth,1.0409408333333303
Clear Sky,Ground Truth,0.9052887213333349
Clear Sky,Ground Truth,0.797338698666664
Clear Sky,Ground Truth,0.7279236213333391
Clear Sky,Ground Truth,0.719272063333328
Clear Sky,Ground Truth,0.47010181066666945
Clear Sky,Ground Truth,0.4899338066666701
Clear Sky,Ground Truth,0.3324691659999921
Clear Sky,Ground Truth,0.25483592133333843
Clear Sky,Ground Truth,0.1328072653333301
Clear Sky,Ground Truth,0.00854480733332963
Clear Sky,Ground Truth,0.08303799133333456
Clear Sky,Ground Truth,0.013401546666671038
Clear Sky,Ground Truth,0.0802637026666666
Clear Sky,Ground Truth,0.03455448866666444
Clear Sky,Ground Truth,0.2888569006666657
Clear Sky,Ground Truth,0.42220351200000295
Clear Sky,Ground Truth,0.4758622046666652
Clear Sky,Ground Truth,0.5291220800000005
Clear Sky,Ground Truth,0.6335641233333327
Clear Sky,Ground Truth,0.6419543546666695
Clear Sky,Ground Truth,0.700748091333331
Clear Sky,Ground Truth,0.6570097306666689
Clear Sky,Ground Truth,1.0566952046666636
Clear Sky,Ground Truth,1.0881890613333312
Clear Sky,Ground Truth,1.0008339713333356
Clear Sky,Ground Truth,1.2330471579999998
Clear Sky,Ground Truth,1.2598425286666686
Clear Sky,Ground Truth,1.4379805046666636
Clear Sky,Ground Truth,1.6823615125333315
Clear Sky,Ground Truth,1.4449590342000054
Clear Sky,Ground Truth,1.5243677736666656
Clear Sky,Ground Truth,1.4468779579333324
Clear Sky,Ground Truth,1.5065891849333335
Clear Sky,Ground Truth,1.4214048162
Clear Sky,Ground Truth,1.331794545266667
Clear Sky,Ground Truth,1.054503787133333
Clear Sky,Ground Truth,0.6903505638
Clear Sky,Ground Truth,0.1479645121333334
Clear Sky,Ground Truth,0.19070389280000005
Clear Sky,Ground Truth,0.6223286585999998
Clear Sky,Ground Truth,1.046889778066667
Clear Sky,Ground Truth,1.3199989119333329
Clear Sky,Ground Truth,1.4385929341333341
Clear Sky,Ground Truth,1.6224079747333322
Clear Sky,Ground Truth,1.6364510060000006
Clear Sky,Ground Truth,1.5266622444000006
Clear Sky,Ground Truth,1.4703497582666678
Clear Sky,Ground Truth,1.417578314
Clear Sky,Ground Truth,1.2824652073333311
Clear Sky,Ground Truth,1.1464422126666651
Clear Sky,Ground Truth,1.1915560440000004
Clear Sky,Ground Truth,1.0291112926666663
Clear Sky,Ground Truth,0.9204583979999974
Clear Sky,Ground Truth,0.8181531740000025
Clear Sky,Ground Truth,0.6543344693333353
Clear Sky,Ground Truth,0.6480601506666623
Clear Sky,Ground Truth,0.6004211640000037
Clear Sky,Ground Truth,0.6266903973333342
Clear Sky,Ground Truth,0.5692597880000037
Clear Sky,Ground Truth,0.393547963333333
Clear Sky,Ground Truth,0.35144899066666113
Clear Sky,Ground Truth,0.1426813726666687
Clear Sky,Ground Truth,0.2018342713333361
Clear Sky,Ground Truth,0.09842778466666147
Clear Sky,Ground Truth,0.10218054466666615
Clear Sky,Ground Truth,0.12937852666666316
Clear Sky,Ground Truth,0.23698386200000243
Clear Sky,Ground Truth,0.3496764806666661
Clear Sky,Ground Truth,0.3502019700000041
Clear Sky,Ground Truth,0.40071600866666657
Clear Sky,Ground Truth,0.30113434999999455
Clear Sky,Ground Truth,0.5380182940000005
Clear Sky,Ground Truth,0.6055562160000036
Clear Sky,Ground Truth,0.6971801246666622
Clear Sky,Ground Truth,0.9080063213333389
Clear Sky,Ground Truth,0.9113113379999938
Clear Sky,Ground Truth,1.1265861206666692
Clear Sky,Ground Truth,0.9129766360000016
Clear Sky,Ground Truth,1.1771106559999982
Clear Sky,Ground Truth,1.289037797999999
Clear Sky,Ground Truth,1.3362460660000028
Clear Sky,Ground Truth,1.4829437827333294
Clear Sky,Ground Truth,1.5250215244000032
Clear Sky,Ground Truth,1.522528248933332
Clear Sky,Ground Truth,1.4911813613999998
Clear Sky,Ground Truth,1.4151599287333338
Clear Sky,Ground Truth,1.3781871333333329
Clear Sky,Ground Truth,1.265815573533334
Clear Sky,Ground Truth,1.0532612040666662
Clear Sky,Ground Truth,0.6568862347333333
Clear Sky,Ground Truth,0.1789135446666666
Clear Sky,Ground Truth,0.20731409860000005
Clear Sky,Ground Truth,0.6269004556666667
Clear Sky,Ground Truth,1.0249192740666666
Clear Sky,Ground Truth,1.2821467911999989
Clear Sky,Ground Truth,1.1939225835333347
Clear Sky,Ground Truth,1.707983480466666
Clear Sky,Ground Truth,1.8298769760666662
Clear Sky,Ground Truth,1.5391179850666674
Clear Sky,Ground Truth,1.5105224239999995
Clear Sky,Ground Truth,1.3958653200000004
Clear Sky,Ground Truth,1.3340280553333326
Clear Sky,Ground Truth,1.214132769999999
Clear Sky,Ground Truth,1.1505271686666667
Clear Sky,Ground Truth,1.0408422040000005
Clear Sky,Ground Truth,0.9610917306666664
Clear Sky,Ground Truth,0.8427508246666662
Clear Sky,Ground Truth,0.7302074873333382
Clear Sky,Ground Truth,0.6580983506666662
Clear Sky,Ground Truth,0.5075168566666655
Clear Sky,Ground Truth,0.49175534399999776
Clear Sky,Ground Truth,0.5010023086666706
Clear Sky,Ground Truth,0.4771214353333342
Clear Sky,Ground Truth,0.2827319053333319
Clear Sky,Ground Truth,0.12416236866666353
Clear Sky,Ground Truth,0.19764201266666603
Clear Sky,Ground Truth,0.06930805666666373
Clear Sky,Ground Truth,0.020013219999995613
Clear Sky,Ground Truth,0.08765615133333426
Clear Sky,Ground Truth,0.47586161555530637
Clear Sky,Ground Truth,0.6047560995434402
Clear Sky,Ground Truth,0.06663638240630121
Clear Sky,Ground Truth,1.3045899220460058
Clear Sky,Ground Truth,0.8636758125269495
Clear Sky,Ground Truth,0.22296762170087803
Clear Sky,Ground Truth,0.2055487540561316
Clear Sky,Ground Truth,3.735921214369533
Clear Sky,Ground Truth,0.157073471342418
Clear Sky,Ground Truth,0.5023664376625483
Clear Sky,Ground Truth,1.6269278024111067
Clear Sky,Ground Truth,0.9155327083859763
Clear Sky,Ground Truth,0.8892105599092979
Clear Sky,Ground Truth,1.1223464432400032
Clear Sky,Ground Truth,0.9999270255035615
Clear Sky,Ground Truth,1.1716495361943196
Clear Sky,Ground Truth,1.4920604562596278
Clear Sky,Ground Truth,1.659289539068637
Clear Sky,Ground Truth,0.8506743794796225
Clear Sky,Ground Truth,1.2344239003933506
Clear Sky,Ground Truth,1.4872762367516659
Clear Sky,Ground Truth,1.0789203764171966
Clear Sky,Ground Truth,1.144790310407494
Clear Sky,Ground Truth,1.002687103235919
Clear Sky,Ground Truth,0.16337369960000003
Clear Sky,Ground Truth,0.1934006357999999
Clear Sky,Ground Truth,0.6111119488666664
Clear Sky,Ground Truth,0.9800858863333339
Clear Sky,Ground Truth,1.3366877694666663
Clear Sky,Ground Truth,1.4095078350666674
Clear Sky,Ground Truth,1.8399025525333323
Clear Sky,Ground Truth,1.6691809568666658
Clear Sky,Ground Truth,1.6212786875333336
Clear Sky,Ground Truth,1.575206013799999
Clear Sky,Ground Truth,1.4291562780000024
Clear Sky,Ground Truth,1.4770520766666682
Clear Sky,Ground Truth,1.369147924666665
Clear Sky,Ground Truth,1.258422389333333
Clear Sky,Ground Truth,1.0827993239999998
Clear Sky,Ground Truth,1.025423507333329
Clear Sky,Ground Truth,0.9373332140000059
Clear Sky,Ground Truth,0.8101582806666627
Clear Sky,Ground Truth,0.7204441573333362
Clear Sky,Ground Truth,0.2783884946666646
Clear Sky,Ground Truth,0.5142915133333332
Clear Sky,Ground Truth,0.34172600133333475
Clear Sky,Ground Truth,0.06424819066666743
Clear Sky,Ground Truth,0.5790140093333314
Clear Sky,Ground Truth,0.6204594360000009
Clear Sky,Ground Truth,0.5466999713333323
Clear Sky,Ground Truth,0.2990500053333349
Clear Sky,Ground Truth,0.2041398213333352
Clear Sky,Ground Truth,0.10105766333333221
Clear Sky,Ground Truth,0.051509341333332515
Clear Sky,Ground Truth,0.25246650133333404
Clear Sky,Ground Truth,0.35146023400000104
Clear Sky,Ground Truth,0.4904469940000027
Clear Sky,Ground Truth,0.6358553753333283
Clear Sky,Ground Truth,0.7723519946666677
Clear Sky,Ground Truth,0.8962470006666656
Clear Sky,Ground Truth,0.7407990533333368
Clear Sky,Ground Truth,0.9052538540000015
Clear Sky,Ground Truth,0.8955542059999928
Clear Sky,Ground Truth,1.015194464000004
Clear Sky,Ground Truth,1.109889705999997
Clear Sky,Ground Truth,1.3606560073333345
Clear Sky,Ground Truth,1.3606192440000004
Clear Sky,Ground Truth,1.498959064666666
Clear Sky,Ground Truth,1.4477478726666657
Clear Sky,Ground Truth,1.541542272400001
Clear Sky,Ground Truth,1.5685360002000008
Clear Sky,Ground Truth,1.529425904
Clear Sky,Ground Truth,1.6340382292666664
Clear Sky,Ground Truth,1.4512630643333342
Clear Sky,Ground Truth,1.2918098606666657
Clear Sky,Ground Truth,0.9944566133333339
Clear Sky,Ground Truth,0.6259526928
Clear Sky,Ground Truth,0.1617095468666666
Clear Sky,Ground Truth,0.21363848353333342
Clear Sky,Ground Truth,0.6060057301333334
Clear Sky,Ground Truth,0.9811483783333335
Clear Sky,Ground Truth,1.3383461217999995
Clear Sky,Ground Truth,1.334185901133334
Clear Sky,Ground Truth,1.6832946935999997
Clear Sky,Ground Truth,1.7865658466000012
Clear Sky,Ground Truth,1.6522174657999997
Clear Sky,Ground Truth,1.5713109755333328
Clear Sky,Ground Truth,1.6393528186666657
Clear Sky,Ground Truth,1.5527388233333337
Clear Sky,Ground Truth,1.3997848333333316
Clear Sky,Ground Truth,1.298429795333334
Clear Sky,Ground Truth,1.1830724240000023
Clear Sky,Ground Truth,1.088070742666666
Clear Sky,Ground Truth,0.813478911333334
Clear Sky,Ground Truth,1.026917737333335
Clear Sky,Ground Truth,0.6405196166666656
Clear Sky,Ground Truth,0.6881176499999988
Clear Sky,Ground Truth,0.5975847766666647
Clear Sky,Ground Truth,0.25317393199999927
Clear Sky,Ground Truth,0.6803375426666705
Clear Sky,Ground Truth,0.37518057066666444
Clear Sky,Ground Truth,0.4573577859999993
Clear Sky,Ground Truth,0.14338036600000237
Clear Sky,Ground Truth,0.20881309333333675
Clear Sky,Ground Truth,0.036977393333337716
Clear Sky,Ground Truth,0.16172157266666787
Clear Sky,Ground Truth,0.24569147466666763
Clear Sky,Ground Truth,0.24715750466666364
Clear Sky,Ground Truth,0.2350094226666677
Clear Sky,Ground Truth,0.3110550546666708
Clear Sky,Ground Truth,0.36397853066666386
Clear Sky,Ground Truth,0.5123600713333332
Clear Sky,Ground Truth,0.6755305533333349
Clear Sky,Ground Truth,1.0812949019999962
Clear Sky,Ground Truth,0.8996415853333346
Clear Sky,Ground Truth,0.9504333673333392
Clear Sky,Ground Truth,1.0158598780000005
Clear Sky,Ground Truth,1.2569878506666612
Clear Sky,Ground Truth,1.304684744666666
Clear Sky,Ground Truth,1.4021420006666698
Clear Sky,Ground Truth,1.550467716666665
Clear Sky,Ground Truth,1.5543777126666658
Clear Sky,Ground Truth,1.643925406800001
Clear Sky,Ground Truth,1.6206177541333329
Clear Sky,Ground Truth,1.6456780146666672
Clear Sky,Ground Truth,1.6580183034666662
Clear Sky,Ground Truth,1.564745866333333
Clear Sky,Ground Truth,1.3677783890666664
Clear Sky,Ground Truth,1.0674672853333338
Clear Sky,Ground Truth,0.6634689672
Clear Sky,Ground Truth,0.1463237679999999
Clear Sky,Ground Truth,0.17501922180000012
Clear Sky,Ground Truth,0.6328152582666663
Clear Sky,Ground Truth,1.038325800066667
Clear Sky,Ground Truth,1.2758510264666674
Clear Sky,Ground Truth,1.444570799133332
Clear Sky,Ground Truth,1.6679803420000026
Clear Sky,Ground Truth,1.6302726935999967
Clear Sky,Ground Truth,1.545062646533335
Clear Sky,Ground Truth,1.5523921996666665
Clear Sky,Ground Truth,1.4383986879999977
Clear Sky,Ground Truth,1.3385351026666683
Clear Sky,Ground Truth,1.3207770393333345
Clear Sky,Ground Truth,1.1171302673333354
Clear Sky,Ground Truth,1.0517437899999962
Clear Sky,Ground Truth,1.0038074066666631
Clear Sky,Ground Truth,0.8973416933333382
Clear Sky,Ground Truth,0.6988300959999982
Clear Sky,Ground Truth,0.6669940900000029
Clear Sky,Ground Truth,0.7001412346666633
Clear Sky,Ground Truth,0.5463038353333332
Clear Sky,Ground Truth,0.47557685333333666
Clear Sky,Ground Truth,0.23619756866666108
Clear Sky,Ground Truth,0.30772549866667376
Clear Sky,Ground Truth,0.22313296466666444
Clear Sky,Ground Truth,0.2713980313333302
Clear Sky,Ground Truth,0.10090925533333461
Clear Sky,Ground Truth,0.11532461266666516
Clear Sky,Ground Truth,0.18221391866666892
Clear Sky,Ground Truth,0.20323000866666163
Clear Sky,Ground Truth,0.2961934720000059
Clear Sky,Ground Truth,0.3461139086666627
Clear Sky,Ground Truth,0.4270009006666662
Clear Sky,Ground Truth,0.07827716533333273
Clear Sky,Ground Truth,0.4108023613333316
Clear Sky,Ground Truth,0.7814195173333367
Clear Sky,Ground Truth,0.6782704799999983
Clear Sky,Ground Truth,0.7884678653333346
Clear Sky,Ground Truth,1.0344162679999975
Clear Sky,Ground Truth,1.0670446980000001
Clear Sky,Ground Truth,0.9731900840000023
Clear Sky,Ground Truth,1.3649039893333317
Clear Sky,Ground Truth,1.318073444666668
Clear Sky,Ground Truth,1.4864989406666655
Clear Sky,Ground Truth,1.6241536793333342
Clear Sky,Ground Truth,1.651017555666666
Clear Sky,Ground Truth,1.593284095333333
Clear Sky,Ground Truth,1.6889120224000003
Clear Sky,Ground Truth,1.7798883575333333
Clear Sky,Ground Truth,1.5124271892666665
Clear Sky,Ground Truth,1.3710892058000006
Clear Sky,Ground Truth,1.1292451961333332
Clear Sky,Ground Truth,0.7187896002666668
Clear Sky,Ground Truth,1.0709724000759977
Clear Sky,Ground Truth,1.452412792901565
Clear Sky,Ground Truth,1.3141232069614937
Clear Sky,Ground Truth,1.2872698299012049
Clear Sky,Ground Truth,1.601194917366743
Clear Sky,Ground Truth,1.2401885190637234
Clear Sky,Ground Truth,0.8226226994175718
Clear Sky,Ground Truth,2.178964216488062
Clear Sky,Ground Truth,0.9207985770131355
Clear Sky,Ground Truth,0.7673182681514774
Clear Sky,Ground Truth,0.7494020163843302
Clear Sky,Ground Truth,0.7700688252998482
Clear Sky,Ground Truth,1.1219264915560618
Clear Sky,Ground Truth,1.431338855935767
Clear Sky,Ground Truth,1.1274466720562053
Clear Sky,Ground Truth,0.6387457250795805
Clear Sky,Ground Truth,0.5605422638669069
Clear Sky,Ground Truth,1.037220160867225
Clear Sky,Ground Truth,0.19733658030257217
Clear Sky,Ground Truth,0.08443382404751176
Clear Sky,Ground Truth,0.7083390507760221
Clear Sky,Ground Truth,1.7563341613573407
Clear Sky,Ground Truth,1.0304094060026685
Clear Sky,Ground Truth,0.7063456936566688
Clear Sky,Ground Truth,0.7127634538919416
Clear Sky,Ground Truth,0.14888806590633763
Clear Sky,Ground Truth,0.383395179077084
Clear Sky,Ground Truth,0.6966185343356948
Clear Sky,Ground Truth,0.04403589566507904
Clear Sky,Ground Truth,2.033118081575161
Clear Sky,Ground Truth,0.23205073288817601
Clear Sky,Ground Truth,0.20884207349861938
Clear Sky,Ground Truth,1.411454433031924
Clear Sky,Ground Truth,0.9208160598405861
Clear Sky,Ground Truth,0.7246447300324697
Clear Sky,Ground Truth,1.036657717328243
Clear Sky,Ground Truth,1.8639726784231136
Clear Sky,Ground Truth,0.2964598859947287
Clear Sky,Ground Truth,1.8296470690388045
Clear Sky,Ground Truth,0.9766991883587508
Clear Sky,Ground Truth,1.817890583682317
Clear Sky,Ground Truth,1.2126515130021378
Clear Sky,Ground Truth,1.3835173209475542
Clear Sky,Ground Truth,1.4137263193229384
Clear Sky,Ground Truth,1.2555135627067844
Clear Sky,Ground Truth,1.2908156174648786
Clear Sky,Ground Truth,0.9960786451012127
Clear Sky,Ground Truth,1.2045699031051493
Clear Sky,Ground Truth,1.2997926186513662
Clear Sky,Ground Truth,1.56802475190712
Clear Sky,Ground Truth,1.5306056208872993
Clear Sky,Ground Truth,0.784812977030418
Clear Sky,Ground Truth,1.1738646696438275
Clear Sky,Ground Truth,1.1360819693747626
Clear Sky,Ground Truth,2.030769593025184
Clear Sky,Ground Truth,0.7348168236474262
Clear Sky,Ground Truth,1.3899655954270482
Clear Sky,Ground Truth,1.5606213324927367
Clear Sky,Ground Truth,0.2289836029693415
Clear Sky,Ground Truth,1.6686485672941718
Clear Sky,Ground Truth,0.851364908418482
Clear Sky,Ground Truth,1.4504924268524988
Clear Sky,Ground Truth,0.39089926705498357
Clear Sky,Ground Truth,0.0752845089147911
Clear Sky,Ground Truth,1.5130481299519687
Clear Sky,Ground Truth,0.22436889360339762
Clear Sky,Ground Truth,0.28957293972209897
Clear Sky,Ground Truth,0.22302587615742908
Clear Sky,Ground Truth,0.7295607975856875
Clear Sky,Ground Truth,0.8303742860216623
Clear Sky,Ground Truth,0.7666414927919476
Clear Sky,Ground Truth,0.07345219755197263
Clear Sky,Ground Truth,0.23553648854895926
Clear Sky,Ground Truth,0.6257398179978608
Clear Sky,Ground Truth,0.7156966765581991
Clear Sky,Ground Truth,0.928988176170602
Clear Sky,Ground Truth,1.6515246842021227
Clear Sky,Ground Truth,0.15607665112092306
Clear Sky,Ground Truth,0.9593172954834976
Clear Sky,Ground Truth,0.19011328266882543
Clear Sky,Ground Truth,1.5906602036047985
Clear Sky,Ground Truth,0.7435186437504271
Clear Sky,Ground Truth,1.3406746459611885
Clear Sky,Ground Truth,1.1613211887787394
Clear Sky,Ground Truth,0.8398823108457503
Clear Sky,Ground Truth,1.0771695649114843
Clear Sky,Ground Truth,1.3851489212356967
Clear Sky,Ground Truth,1.275556794452969
Clear Sky,Ground Truth,2.0045987857154204
Clear Sky,Ground Truth,1.1804982137364126
Clear Sky,Ground Truth,1.1607799209730745
Clear Sky,Ground Truth,1.3956918015087565
Clear Sky,Ground Truth,1.122062619504371
Clear Sky,Ground Truth,1.1324960959985175
Clear Sky,Ground Truth,1.206843622480405
Clear Sky,Ground Truth,1.1879217041457508
Clear Sky,Ground Truth,1.5876687475883573
Clear Sky,Ground Truth,1.06652961891798
Clear Sky,Ground Truth,1.7391663079039272
Clear Sky,Ground Truth,1.027106339512967
Clear Sky,Ground Truth,1.4378413383561668
Clear Sky,Ground Truth,1.4829709880812416
Clear Sky,Ground Truth,1.2725126352331522
Clear Sky,Ground Truth,0.8801602874095646
Clear Sky,Ground Truth,1.206339158329941
Clear Sky,Ground Truth,0.47914194417184497
Clear Sky,Ground Truth,1.115688886422049
Clear Sky,Ground Truth,0.36494527063310755
Clear Sky,Ground Truth,2.0113430583482454
Clear Sky,Ground Truth,1.4687301825902495
Clear Sky,Ground Truth,0.010584318535087789
Clear Sky,Ground Truth,1.0010707037355502
Clear Sky,Ground Truth,0.921289011568561
Clear Sky,Ground Truth,0.45662568926978153
Clear Sky,Ground Truth,0.34007557588654436
Clear Sky,Ground Truth,1.0807578035058079
Clear Sky,Ground Truth,0.8441239706462511
Clear Sky,Ground Truth,1.6998846892805481
Clear Sky,Ground Truth,1.5316189074539928
Clear Sky,Ground Truth,0.15823440851387005
Clear Sky,Ground Truth,1.003224497798275
Clear Sky,Ground Truth,0.5029510030839397
Clear Sky,Ground Truth,0.442170405361793
Clear Sky,Ground Truth,0.4640734100931212
Clear Sky,Ground Truth,1.4740680152433505
Clear Sky,Ground Truth,0.07639073450499723
Clear Sky,Ground Truth,0.24792730034150168
Clear Sky,Ground Truth,2.702067918558818
Clear Sky,Ground Truth,1.0195551640092653
Clear Sky,Ground Truth,2.102527705751486
Clear Sky,Ground Truth,0.829480380043842
Clear Sky,Ground Truth,1.7096854687607141
Clear Sky,Ground Truth,0.33727767602517034
Clear Sky,Ground Truth,1.9045524902871165
Clear Sky,Ground Truth,1.4575646501501023
Clear Sky,Ground Truth,0.9106142395412737
Clear Sky,Ground Truth,1.708205052687922
Clear Sky,Ground Truth,1.31760551481059
Clear Sky,Ground Truth,1.059371382010839
Clear Sky,Ground Truth,1.5767278345568876
Clear Sky,Ground Truth,0.927512847271029
Clear Sky,Ground Truth,1.2313783948002164
Clear Sky,Ground Truth,1.2382428388764346
Clear Sky,Ground Truth,0.9803701245183931
Clear Sky,Ground Truth,1.8159592455355815
Clear Sky,Ground Truth,0.997967027941165
Clear Sky,Ground Truth,1.2605950007504587
Clear Sky,Ground Truth,1.6559959527310841
Clear Sky,Ground Truth,0.5687000929793324
Clear Sky,Ground Truth,1.8624185376692761
Clear Sky,Ground Truth,1.64357361440136
Clear Sky,Ground Truth,0.264813370007527
Clear Sky,Ground Truth,1.3939878780218997
Clear Sky,Ground Truth,0.538552772852988
Clear Sky,Ground Truth,0.832851556674381
Clear Sky,Ground Truth,2.3002754358029485
Clear Sky,Ground Truth,1.6033799405429612
Clear Sky,Ground Truth,1.3538216494441997
Clear Sky,Ground Truth,1.183856129720553
Clear Sky,Ground Truth,0.24230487342153495
Clear Sky,Ground Truth,1.0824112903880803
Clear Sky,Ground Truth,0.8767413544739711
Clear Sky,Ground Truth,0.3253957578158193
Clear Sky,Ground Truth,0.23271262520055203
Clear Sky,Ground Truth,0.8703446901246856
Clear Sky,Ground Truth,0.3529174163225548
Clear Sky,Ground Truth,0.28603384401943543
Clear Sky,Ground Truth,1.4777345481751816
Clear Sky,Ground Truth,1.3940395076939147
Clear Sky,Ground Truth,1.4758201090866656
Clear Sky,Ground Truth,0.49803985740316037
Clear Sky,Ground Truth,0.6315284079825361
Clear Sky,Ground Truth,0.9036388561920354
Clear Sky,Ground Truth,1.122651148013933
Clear Sky,Ground Truth,1.6270288261551968
Clear Sky,Ground Truth,0.24571671144559737
Clear Sky,Ground Truth,0.95095990645755
Clear Sky,Ground Truth,1.5277502260124223
Clear Sky,Ground Truth,1.0085563530768695
Clear Sky,Ground Truth,1.6558394216403372
Clear Sky,Ground Truth,0.9617123775254495
Clear Sky,Ground Truth,0.9271320711869411
Clear Sky,Ground Truth,1.078189344642233
Clear Sky,Ground Truth,1.7743098093616565
Clear Sky,Ground Truth,1.2081276315200924
Clear Sky,Ground Truth,1.3326901037730203
Clear Sky,Ground Truth,1.2490454641730557
Clear Sky,Ground Truth,1.0827713510146422
Clear Sky,Ground Truth,1.2386087450464596
Clear Sky,Ground Truth,1.0583171845423562
Clear Sky,Ground Truth,1.5469100292666451
Clear Sky,Ground Truth,1.2346664051929865
Clear Sky,Ground Truth,1.1413843168078772
Clear Sky,Ground Truth,1.6701617820064287
Clear Sky,Ground Truth,1.4264670585181989
Clear Sky,Ground Truth,1.3257368036723278
Clear Sky,Ground Truth,0.8035389872899099
Clear Sky,Ground Truth,1.8290934973676674
Clear Sky,Ground Truth,1.324294801503747
Clear Sky,Ground Truth,0.4766667294611775
Clear Sky,Ground Truth,1.0649387214228803
Clear Sky,Ground Truth,1.273406816907439
Clear Sky,Ground Truth,0.2657034081866385
Clear Sky,Ground Truth,1.0233318912924432
Clear Sky,Ground Truth,0.6053645264819139
Clear Sky,Ground Truth,1.2453512864714646
Clear Sky,Ground Truth,1.2812201356643769
Clear Sky,Ground Truth,0.7755971053554767
Clear Sky,Ground Truth,0.19679723365774038
Clear Sky,Ground Truth,0.4576191704958603
Clear Sky,Ground Truth,1.6678912652229165
Clear Sky,Ground Truth,0.06480844959422427
Clear Sky,Ground Truth,1.9746535727051402
Clear Sky,Ground Truth,0.35504524617956434
Clear Sky,Ground Truth,0.7161293422003041
Clear Sky,Ground Truth,0.23287460626020007
Clear Sky,Ground Truth,0.06577768702094033
Clear Sky,Ground Truth,1.5762485524413172
Clear Sky,Ground Truth,0.0698222039353169
Clear Sky,Ground Truth,0.27159963757657124
Clear Sky,Ground Truth,1.9621449215797995
Clear Sky,Ground Truth,0.4075933098545086
Clear Sky,Ground Truth,1.7685642299816546
Clear Sky,Ground Truth,1.1804384295404766
Clear Sky,Ground Truth,1.111979984065158
Clear Sky,Ground Truth,0.6874475509393676
Clear Sky,Ground Truth,1.7599535016182521
Clear Sky,Ground Truth,0.8301034841382293
Clear Sky,Ground Truth,1.6099014100612177
Clear Sky,Ground Truth,0.9914873634953079
Clear Sky,Ground Truth,1.4954967865465605
Clear Sky,Ground Truth,0.9232010209617725
Clear Sky,Ground Truth,1.6132148462980158
Clear Sky,Ground Truth,1.2572066478358441
Clear Sky,Ground Truth,1.0443621896569333
Clear Sky,Ground Truth,1.1321782946386345
Clear Sky,Ground Truth,1.4575360680943956
Clear Sky,Ground Truth,1.0528401598884285
Clear Sky,Ground Truth,1.6522545084160871
Clear Sky,Ground Truth,0.9972520714975879
Clear Sky,Ground Truth,1.675986270897174
Clear Sky,Ground Truth,0.8106610462595771
Clear Sky,Ground Truth,2.0182711841426073
Clear Sky,Ground Truth,0.6640392907731911
Clear Sky,Ground Truth,1.4732529807993888
Clear Sky,Ground Truth,0.7828371222901218
Clear Sky,Ground Truth,0.3143949655287077
Clear Sky,Ground Truth,1.825456028157479
Clear Sky,Ground Truth,1.0298655432167294
Clear Sky,Ground Truth,0.48440450862857887
Clear Sky,Ground Truth,1.0789771799559738
Clear Sky,Ground Truth,0.6255645576313746
Clear Sky,Ground Truth,1.3292356907154357
Clear Sky,Ground Truth,0.34309006349550586
Clear Sky,Ground Truth,0.0015531135859951917
Clear Sky,Ground Truth,0.18192789925006636
Clear Sky,Ground Truth,1.0535521195688844
Clear Sky,Ground Truth,0.2450776593911037
Clear Sky,Ground Truth,0.42323382153584177
Clear Sky,Ground Truth,0.18832235102910033
Clear Sky,Ground Truth,0.6493363024685088
Clear Sky,Ground Truth,1.4496080227731696
Clear Sky,Ground Truth,1.3735725328371586
Clear Sky,Ground Truth,0.4051265202181007
Clear Sky,Ground Truth,1.357232714077572
Clear Sky,Ground Truth,0.7399946301117204
Clear Sky,Ground Truth,0.3864519595451803
Clear Sky,Ground Truth,0.928935573020631
Clear Sky,Ground Truth,1.008731707462978
Clear Sky,Ground Truth,0.5521913916939418
Clear Sky,Ground Truth,0.7581576875831146
Clear Sky,Ground Truth,2.3413432747559195
Clear Sky,Ground Truth,0.47766186211889483
Clear Sky,Ground Truth,1.5901408551304286
Clear Sky,Ground Truth,1.0172925182295707
Clear Sky,Ground Truth,1.1719530692498399
Clear Sky,Ground Truth,1.78668422910697
Clear Sky,Ground Truth,1.1666221380916895
Clear Sky,Ground Truth,1.4377124194015352
Clear Sky,Ground Truth,1.2685361745605213
Clear Sky,Ground Truth,1.0528536319151391
Clear Sky,Ground Truth,1.0876202958677648
Clear Sky,Ground Truth,1.047671049683264
Clear Sky,Ground Truth,1.394458961003969
Clear Sky,Ground Truth,1.3691605485891643
Clear Sky,Ground Truth,1.2655795722812968
Clear Sky,Ground Truth,1.0544093134675299
Clear Sky,Ground Truth,1.2991690746745013
Clear Sky,Ground Truth,1.17380286225886
Clear Sky,Ground Truth,1.9322613985307395
Clear Sky,Ground Truth,1.2332114549642679
Clear Sky,Ground Truth,0.6041825255734921
Clear Sky,Ground Truth,1.1564716069980356
Clear Sky,Ground Truth,1.306845896926296
Clear Sky,Ground Truth,0.6343418697137366
Clear Sky,Ground Truth,1.4027324054821335
Clear Sky,Ground Truth,0.19329900104749953
Clear Sky,Ground Truth,1.8297428539138068
Clear Sky,Ground Truth,0.31733266301707275
Clear Sky,Ground Truth,1.8634505976049418
Clear Sky,Ground Truth,0.5827447647236461
Clear Sky,Ground Truth,0.571143357618741
Clear Sky,Ground Truth,0.8441178953464679
Clear Sky,Ground Truth,0.06951817369563784
Clear Sky,Ground Truth,0.12478624640734282
Clear Sky,Ground Truth,0.4055788450846194
Clear Sky,Ground Truth,0.1254628105513902
Clear Sky,Ground Truth,0.7875424114217502
Clear Sky,Ground Truth,1.0756259923002212
Clear Sky,Ground Truth,2.253543370120166
Clear Sky,Ground Truth,0.2420491913564149
Clear Sky,Ground Truth,0.5768971357113095
Clear Sky,Ground Truth,0.504606312024471
Clear Sky,Ground Truth,1.9578906104788594
Clear Sky,Ground Truth,0.2561933931354261
Clear Sky,Ground Truth,1.5582265345007542
Clear Sky,Ground Truth,0.7714959456084252
Clear Sky,Ground Truth,1.0668284451578796
Clear Sky,Ground Truth,1.3847017072999783
Clear Sky,Ground Truth,0.5871970350459108
Clear Sky,Ground Truth,0.8798438301971245
Clear Sky,Ground Truth,1.7475379497181915
Clear Sky,Ground Truth,1.8272169536212193
Clear Sky,Ground Truth,0.9582636698531681
Clear Sky,Ground Truth,1.6798429837236712
Clear Sky,Ground Truth,1.098346882793602
Clear Sky,Ground Truth,1.4096926057381078
Clear Sky,Ground Truth,1.2135531203513434
Clear Sky,Ground Truth,0.9520966073857972
Clear Sky,Ground Truth,1.0557678479507484
Clear Sky,Ground Truth,1.2568595958892619
Clear Sky,Ground Truth,1.0932525918749545
Clear Sky,Ground Truth,1.6629258905969007
Clear Sky,Ground Truth,1.0214870617567007
Clear Sky,Ground Truth,1.8456946871186002
Clear Sky,Ground Truth,0.9326783146797979
Clear Sky,Ground Truth,1.4109536045724127
Clear Sky,Ground Truth,1.2950106651341038
Clear Sky,Ground Truth,1.7009256730276245
Clear Sky,Ground Truth,0.7352085803039454
Clear Sky,Ground Truth,1.0937769860071942
Clear Sky,Ground Truth,0.6505736031293701
Clear Sky,Ground Truth,0.4486977145405433
Clear Sky,Ground Truth,1.4487019073933105
Clear Sky,Ground Truth,1.1591447282750025
Clear Sky,Ground Truth,0.2930998384978203
Clear Sky,Ground Truth,0.80155360961923
Clear Sky,Ground Truth,0.6003338183496609
Clear Sky,Ground Truth,1.516765468593828
Clear Sky,Ground Truth,2.3725369705577
Clear Sky,Ground Truth,1.5563700440761679
Clear Sky,Ground Truth,0.019578660745697363
Clear Sky,Ground Truth,0.3798908460352308
Clear Sky,Ground Truth,0.0005186866968003301
Clear Sky,Ground Truth,0.04911221420318057
Clear Sky,Ground Truth,0.7937715615276204
Clear Sky,Ground Truth,2.365608156273762
Clear Sky,Ground Truth,0.1075932065994607
Clear Sky,Ground Truth,0.3101580566058928
Clear Sky,Ground Truth,0.7949512130580807
Clear Sky,Ground Truth,1.5136868134483308
Clear Sky,Ground Truth,0.49642004048693167
Clear Sky,Ground Truth,1.762961258212247
Clear Sky,Ground Truth,1.7256367893299895
Clear Sky,Ground Truth,0.3262780154183851
Clear Sky,Ground Truth,0.5928735259475761
Clear Sky,Ground Truth,1.9429264120660115
Clear Sky,Ground Truth,0.7787684942872755
Clear Sky,Ground Truth,1.463727646974153
Clear Sky,Ground Truth,1.6981448860423694
Clear Sky,Ground Truth,1.3565882315669429
Clear Sky,Ground Truth,1.529571393670908
Clear Sky,Ground Truth,1.0592949515276464
Clear Sky,Ground Truth,1.2973937729136487
Clear Sky,Ground Truth,1.2952056352838344
Clear Sky,Ground Truth,0.963872004924798
Clear Sky,Ground Truth,1.2826472071506299
Clear Sky,Ground Truth,1.3253039628559122
Clear Sky,Ground Truth,1.066100698949886
Clear Sky,Ground Truth,1.800693508272758
Clear Sky,Ground Truth,0.6415387189603132
Clear Sky,Ground Truth,1.6971032311347312
Clear Sky,Ground Truth,1.1504941114443383
Clear Sky,Ground Truth,1.187689888601037
Clear Sky,Ground Truth,1.6825705794882015
Clear Sky,Ground Truth,0.7684056612843886
Clear Sky,Ground Truth,0.6723172915042461
Clear Sky,Ground Truth,1.029314968535795
Clear Sky,Ground Truth,1.357597826666641
Clear Sky,Ground Truth,1.2847354299841065
Clear Sky,Ground Truth,0.9166853561175365
Clear Sky,Ground Truth,0.85377503062832
Clear Sky,Ground Truth,2.476733330218842
Clear Sky,Ground Truth,1.122107314754544
Clear Sky,Ground Truth,1.803507275042655
Clear Sky,Ground Truth,0.37155462831675123
Clear Sky,Ground Truth,1.1422548578647316
Clear Sky,Ground Truth,1.0597249765704113
Clear Sky,Ground Truth,0.7763043135986685
Clear Sky,Ground Truth,0.017467441348273383
Clear Sky,Ground Truth,0.7645838581285318
Clear Sky,Ground Truth,1.2344331754405786
Clear Sky,Ground Truth,1.0763684623968395
Clear Sky,Ground Truth,0.11076142071080142
Clear Sky,Ground Truth,2.499206673144844
Clear Sky,Ground Truth,1.0997020506587987
Clear Sky,Ground Truth,1.28985809085016
Clear Sky,Ground Truth,0.6575410982968783
Clear Sky,Ground Truth,1.6002909097084448
Clear Sky,Ground Truth,0.2878404447243206
Clear Sky,Ground Truth,1.6703553756829397
Clear Sky,Ground Truth,0.6614098752055781
Clear Sky,Ground Truth,0.7966913539208225
Clear Sky,Ground Truth,2.0371121766011946
Clear Sky,Ground Truth,1.1679224621098871
Clear Sky,Ground Truth,0.8588735883173317
Clear Sky,Ground Truth,1.73535448360796
Clear Sky,Ground Truth,1.323880087695418
Clear Sky,Ground Truth,1.2869825240820671
Clear Sky,Ground Truth,1.4203998511283649
Clear Sky,Ground Truth,1.0701947106169538
Clear Sky,Ground Truth,1.6729039699999997
Clear Sky,Ground Truth,1.8279007810000003
Clear Sky,Ground Truth,1.8046418545333323
Clear Sky,Ground Truth,1.5075336906666674
Clear Sky,Ground Truth,0.9640013062000001
Clear Sky,Ground Truth,1.416259415799999
Clear Sky,Ground Truth,1.4253968993333306
Clear Sky,Ground Truth,1.0070485780000045
Clear Sky,Ground Truth,0.8567239999999963
Clear Sky,Ground Truth,0.8123304433333391
Clear Sky,Ground Truth,0.7225488566666627
Clear Sky,Ground Truth,0.651585132000001
Clear Sky,Ground Truth,0.378599400666662
Clear Sky,Ground Truth,0.45189558933333984
Clear Sky,Ground Truth,0.24573643399999412
Clear Sky,Ground Truth,0.09793783399999967
Clear Sky,Ground Truth,0.018818432666666496
Clear Sky,Ground Truth,0.05950531133333925
Clear Sky,Ground Truth,0.21977039000000076
Clear Sky,Ground Truth,0.26469687666666886
Clear Sky,Ground Truth,0.31887835599999903
Clear Sky,Ground Truth,0.3803852879999994
Clear Sky,Ground Truth,0.9197562220000002
Clear Sky,Ground Truth,0.13195298066666794
Clear Sky,Ground Truth,0.5599538866666656
Clear Sky,Ground Truth,0.6801075120000029
Clear Sky,Ground Truth,1.1798502013333323
Clear Sky,Ground Truth,1.2451191759999993
Clear Sky,Ground Truth,1.3203533673333325
Clear Sky,Ground Truth,1.4379207593333359
Clear Sky,Ground Truth,1.6728103012666633
Clear Sky,Ground Truth,2.1770012301333335
Clear Sky,Ground Truth,2.2772946755333328
Clear Sky,Ground Truth,3.0747421034666678
Clear Sky,Ground Truth,1.2366368554666667
Clear Sky,Ground Truth,1.8377012459333328
Clear Sky,Ground Truth,2.0380181394666677
Clear Sky,Ground Truth,2.069643965666666
Clear Sky,Ground Truth,1.7569508531333327
Clear Sky,Ground Truth,1.6467574380000016
Clear Sky,Ground Truth,1.5375275206666625
Clear Sky,Ground Truth,1.4996491060000015
Clear Sky,Ground Truth,1.3932106900000019
Clear Sky,Ground Truth,1.1435294480000024
Clear Sky,Ground Truth,1.0534189339999962
Clear Sky,Ground Truth,0.935141548666671
Clear Sky,Ground Truth,0.7376578473333311
Clear Sky,Ground Truth,0.6329264939999995
Clear Sky,Ground Truth,0.5829286413333321
Clear Sky,Ground Truth,0.4183127493333316
Clear Sky,Ground Truth,0.4042463860000005
Clear Sky,Ground Truth,0.2806288746666681
Clear Sky,Ground Truth,0.08888672533333164
Clear Sky,Ground Truth,0.07677724600000246
Clear Sky,Ground Truth,0.062482413333331266
Clear Sky,Ground Truth,0.06489701599999975
Clear Sky,Ground Truth,0.33429828066666545
Clear Sky,Ground Truth,0.34554327133333373
Clear Sky,Ground Truth,0.520148624666664
Clear Sky,Ground Truth,0.42920882733333343
Clear Sky,Ground Truth,0.5574657280000004
Clear Sky,Ground Truth,0.807645076
Clear Sky,Ground Truth,0.7343573093333369
Clear Sky,Ground Truth,1.0472002499999995
Clear Sky,Ground Truth,1.2317723619999974
Clear Sky,Ground Truth,1.3501921679999995
Clear Sky,Ground Truth,1.5622920880000013
Clear Sky,Ground Truth,1.6106849693333345
Clear Sky,Ground Truth,1.641288453999998
Clear Sky,Ground Truth,1.9066812023999997
Clear Sky,Ground Truth,2.0751450544
Clear Sky,Ground Truth,2.6722997052000004
Clear Sky,Ground Truth,3.0277683547333334
Clear Sky,Ground Truth,1.4257896217333332
Clear Sky,Ground Truth,1.8918348698000007
Clear Sky,Ground Truth,2.0265489229333333
Clear Sky,Ground Truth,1.9256283464666657
Clear Sky,Ground Truth,1.717452209400001
Clear Sky,Ground Truth,1.6442987313333308
Clear Sky,Ground Truth,1.5195464306666686
Clear Sky,Ground Truth,1.4512908719999995
Clear Sky,Ground Truth,1.386518078
Clear Sky,Ground Truth,1.144704760666663
Clear Sky,Ground Truth,1.0310679880000002
Clear Sky,Ground Truth,0.8796327066666727
Clear Sky,Ground Truth,0.8526032833333268
Clear Sky,Ground Truth,0.6627427033333362
Clear Sky,Ground Truth,0.6040028313333323
Clear Sky,Ground Truth,0.42859700800000056
Clear Sky,Ground Truth,0.3555666733333389
Clear Sky,Ground Truth,0.25835619066666027
Clear Sky,Ground Truth,0.20487137000000288
Clear Sky,Ground Truth,0.02118105400000303
Clear Sky,Ground Truth,0.05081773399999889
Clear Sky,Ground Truth,0.15656558199999537
Clear Sky,Ground Truth,0.14025847200000285
Clear Sky,Ground Truth,0.5410042293333319
Clear Sky,Ground Truth,0.3802693886666688
Clear Sky,Ground Truth,0.45788083066666374
Clear Sky,Ground Truth,0.6800946980000013
Clear Sky,Ground Truth,0.8242082840000009
Clear Sky,Ground Truth,0.8981822666666659
Clear Sky,Ground Truth,0.9972016686666691
Clear Sky,Ground Truth,0.7597359546666631
Clear Sky,Ground Truth,1.3523872973333333
Clear Sky,Ground Truth,1.4319619100000036
Clear Sky,Ground Truth,1.7399355433333312
Clear Sky,Ground Truth,1.7181420226666688
Clear Sky,Ground Truth,1.9459415963999973
Clear Sky,Ground Truth,2.0646304928666686
Clear Sky,Ground Truth,2.491130952399999
Clear Sky,Ground Truth,2.7984797467333333
Clear Sky,Ground Truth,1.595211184
Clear Sky,Ground Truth,1.7985537774666667
Clear Sky,Ground Truth,2.0400587350666664
Clear Sky,Ground Truth,1.0473574086
Clear Sky,Ground Truth,2.181602658400001
Clear Sky,Ground Truth,2.166635331466665
Clear Sky,Ground Truth,1.6023352746666681
Clear Sky,Ground Truth,1.4337622586666665
Clear Sky,Ground Truth,1.445869427333335
Clear Sky,Ground Truth,1.204479602666666
Clear Sky,Ground Truth,1.102998363333331
Clear Sky,Ground Truth,0.9387179793333296
Clear Sky,Ground Truth,0.7681983133333361
Clear Sky,Ground Truth,0.7187209026666679
Clear Sky,Ground Truth,0.4117061866666667
Clear Sky,Ground Truth,0.740371210666666
Clear Sky,Ground Truth,0.355721301333336
Clear Sky,Ground Truth,0.2583342000000002
Clear Sky,Ground Truth,0.13067390999999873
Clear Sky,Ground Truth,0.2606620593333311
Clear Sky,Ground Truth,0.09296987066666773
Clear Sky,Ground Truth,0.24825346799999792
Clear Sky,Ground Truth,0.1722369146666658
Clear Sky,Ground Truth,0.3386860186666709
Clear Sky,Ground Truth,0.30815607399999934
Clear Sky,Ground Truth,0.4001524406666661
Clear Sky,Ground Truth,0.2475163166666654
Clear Sky,Ground Truth,1.144607966666669
Clear Sky,Ground Truth,1.2039599806666637
Clear Sky,Ground Truth,1.0257423126666723
Clear Sky,Ground Truth,1.0493519320000004
Clear Sky,Ground Truth,2.1266495509999963
Clear Sky,Ground Truth,4.068468235266666
Clear Sky,Ground Truth,1.5957094262666658
Clear Sky,Ground Truth,1.9277859626666647
Clear Sky,Ground Truth,1.8449424133999983
Clear Sky,Ground Truth,2.0537043674000026
Clear Sky,Ground Truth,2.311787162999999
Clear Sky,Ground Truth,3.0354843524666673
Clear Sky,Ground Truth,1.7996774493999999
Clear Sky,Ground Truth,1.9963283078666674
Clear Sky,Ground Truth,1.8990242713333325
Clear Sky,Ground Truth,1.8233840619333357
Clear Sky,Ground Truth,1.733519716266665
Clear Sky,Ground Truth,1.5890268479999978
Clear Sky,Ground Truth,1.5794930520000001
Clear Sky,Ground Truth,1.347706180666668
Clear Sky,Ground Truth,1.290891518666669
Clear Sky,Ground Truth,1.1877544026666627
Clear Sky,Ground Truth,1.0190844260000027
Clear Sky,Ground Truth,0.9740059793333309
Clear Sky,Ground Truth,0.8594304286666663
Clear Sky,Ground Truth,0.48656615333333164
Clear Sky,Ground Truth,0.5342356873333358
Clear Sky,Ground Truth,0.5208460213333375
Clear Sky,Ground Truth,0.34917996866666456
Clear Sky,Ground Truth,0.25999944466666847
Clear Sky,Ground Truth,0.15675630199999802
Clear Sky,Ground Truth,0.1692327073333324
Clear Sky,Ground Truth,0.10038696799999869
Clear Sky,Ground Truth,0.08359765533333174
Clear Sky,Ground Truth,0.20042330733333813
Clear Sky,Ground Truth,0.4281693386666632
Clear Sky,Ground Truth,0.5047084766666678
Clear Sky,Ground Truth,0.5908148873333374
Clear Sky,Ground Truth,0.5367694646666621
Clear Sky,Ground Truth,0.8631599260000016
Clear Sky,Ground Truth,0.7799438326666674
Clear Sky,Ground Truth,1.0276862333333305
Clear Sky,Ground Truth,1.1433625366666682
Clear Sky,Ground Truth,1.3920735059999991
Clear Sky,Ground Truth,1.3744103886666696
Clear Sky,Ground Truth,1.5698624466666633
Clear Sky,Ground Truth,1.7080355166666692
Clear Sky,Ground Truth,1.8593931941333306
Clear Sky,Ground Truth,1.9672284228666665
Clear Sky,Ground Truth,2.2590607296666674
Clear Sky,Ground Truth,2.9688628225333336
Clear Sky,Ground Truth,0.3524432334666665
Clear Sky,Ground Truth,0.9471269255999997
Clear Sky,Ground Truth,0.20415061240000032
Clear Sky,Ground Truth,1.4017966772000006
Clear Sky,Ground Truth,1.7645809556
Clear Sky,Ground Truth,0.4703751256000004
Clear Sky,Ground Truth,2.182412461666667
Clear Sky,Ground Truth,1.4182666717999988
Clear Sky,Ground Truth,4.173008805733335
Clear Sky,Ground Truth,0.1163535948666663
Clear Sky,Ground Truth,1.3664073708666677
Clear Sky,Ground Truth,1.4519899239999994
Clear Sky,Ground Truth,1.0802719346666638
Clear Sky,Ground Truth,1.1402260446666688
Clear Sky,Ground Truth,1.0107195066666677
Clear Sky,Ground Truth,0.9005133779999994
Clear Sky,Ground Truth,0.742084722666668
Clear Sky,Ground Truth,0.7194215813333287
Clear Sky,Ground Truth,0.7470197813333357
Clear Sky,Ground Truth,0.6712398819999983
Clear Sky,Ground Truth,0.3091064720000034
Clear Sky,Ground Truth,0.18289451799999767
Clear Sky,Ground Truth,0.4627990866666636
Clear Sky,Ground Truth,0.2843669473333357
Clear Sky,Ground Truth,0.06351253066667084
Clear Sky,Ground Truth,0.1270975700000001
Clear Sky,Ground Truth,0.12408304400000247
Clear Sky,Ground Truth,0.1532603640000012
Clear Sky,Ground Truth,0.5701359219999986
Clear Sky,Ground Truth,0.29650571866666553
Clear Sky,Ground Truth,0.582205991333332
Clear Sky,Ground Truth,0.333074875333331
Clear Sky,Ground Truth,0.467161564666668
Clear Sky,Ground Truth,0.7600857246666699
Clear Sky,Ground Truth,0.7810670833333333
Clear Sky,Ground Truth,0.7370726033333312
Clear Sky,Ground Truth,0.9067355759999991
Clear Sky,Ground Truth,1.006790254000002
Clear Sky,Ground Truth,1.0999135473333297
Clear Sky,Ground Truth,1.3054820413333363
Clear Sky,Ground Truth,1.1997763686666634
Clear Sky,Ground Truth,1.3253553193333385
Clear Sky,Ground Truth,1.3335104206666646
Clear Sky,Ground Truth,1.5550848070000018
Clear Sky,Ground Truth,1.7030359627333311
Clear Sky,Ground Truth,1.6122867504666676
Clear Sky,Ground Truth,1.7761514960666664
Clear Sky,Ground Truth,1.4963954401333335
Clear Sky,Ground Truth,1.2194620775999994
Clear Sky,Ground Truth,1.1230552555333335
Clear Sky,Ground Truth,0.7518149740666668
Clear Sky,Ground Truth,0.5555403494
Clear Sky,Ground Truth,0.5937552834666666
Clear Sky,Ground Truth,0.4729430019333334
Clear Sky,Ground Truth,0.8384767295333337
Clear Sky,Ground Truth,1.1559297787333334
Clear Sky,Ground Truth,0.16070259746666693
Clear Sky,Ground Truth,0.30225554080000094
Clear Sky,Ground Truth,0.18961498560000045
Clear Sky,Ground Truth,1.4050179511999996
Clear Sky,Ground Truth,0.5619012034000006
Clear Sky,Ground Truth,3.9475815613333314
Clear Sky,Ground Truth,6.092051225266667
Clear Sky,Ground Truth,0.2811723619999995
Clear Sky,Ground Truth,0.9700887893333316
Clear Sky,Ground Truth,0.9283526826666701
Clear Sky,Ground Truth,1.0066216079999997
Clear Sky,Ground Truth,0.8254463833333325
Clear Sky,Ground Truth,0.7685286900000037
Clear Sky,Ground Truth,0.698118025999996
Clear Sky,Ground Truth,0.587183478
Clear Sky,Ground Truth,0.4900512833333295
Clear Sky,Ground Truth,0.42924264666667256
Clear Sky,Ground Truth,0.3420500733333327
Clear Sky,Ground Truth,0.12340551266666822
Clear Sky,Ground Truth,0.18679943866666093
Clear Sky,Ground Truth,0.06398371200000597
Clear Sky,Ground Truth,0.07206525200000158
Clear Sky,Ground Truth,0.11347631400000324
Clear Sky,Ground Truth,0.12041662333333036
Clear Sky,Ground Truth,0.2021293919999998
Clear Sky,Ground Truth,0.38391138266667113
Clear Sky,Ground Truth,0.6474825259999939
Clear Sky,Ground Truth,0.5714585560000032
Clear Sky,Ground Truth,0.6750881826666628
Clear Sky,Ground Truth,0.7976119980000043
Clear Sky,Ground Truth,0.865867031999997
Clear Sky,Ground Truth,0.8013198280000005
Clear Sky,Ground Truth,0.9230433513333338
Clear Sky,Ground Truth,1.0607737726666677
Clear Sky,Ground Truth,1.251346832666668
Clear Sky,Ground Truth,1.2827334986666656
Clear Sky,Ground Truth,1.3828454913333292
Clear Sky,Ground Truth,1.4521649906666685
Clear Sky,Ground Truth,1.5962445612000007
Clear Sky,Ground Truth,1.6871328763333349
Clear Sky,Ground Truth,1.600713199066666
Clear Sky,Ground Truth,1.661670002466666
Clear Sky,Ground Truth,1.5809896020666674
Clear Sky,Ground Truth,1.3927264689333332
Clear Sky,Ground Truth,1.1171106874666668
Clear Sky,Ground Truth,0.7521868322666665
Clear Sky,Ground Truth,0.43739957553333314
Clear Sky,Ground Truth,0.6440369357333335
Clear Sky,Ground Truth,0.6237936746666664
Clear Sky,Ground Truth,0.6051729602666671
Clear Sky,Ground Truth,1.0703836037999999
Clear Sky,Ground Truth,0.8513468252000003
Clear Sky,Ground Truth,0.14062930806666696
Clear Sky,Ground Truth,0.6087248131333327
Clear Sky,Ground Truth,3.986998103266666
Clear Sky,Ground Truth,1.6839150418666664
Clear Sky,Ground Truth,5.790565327533332
Clear Sky,Ground Truth,1.602921315600005
Clear Sky,Ground Truth,1.7017421889333288
Clear Sky,Ground Truth,1.0241501920000005
Clear Sky,Ground Truth,1.0062572906666674
Clear Sky,Ground Truth,0.9372747879999999
Clear Sky,Ground Truth,0.7135993220000003
Clear Sky,Ground Truth,0.7907456366666672
Clear Sky,Ground Truth,0.6281142399999986
Clear Sky,Ground Truth,0.5989953353333313
Clear Sky,Ground Truth,0.6967088766666691
Clear Sky,Ground Truth,0.33639124466666814
Clear Sky,Ground Truth,0.2568365953333327
Clear Sky,Ground Truth,0.3240428599999987
Clear Sky,Ground Truth,0.02324092333333283
Clear Sky,Ground Truth,0.011954525333333521
Clear Sky,Ground Truth,0.09324270800000178
Clear Sky,Ground Truth,0.07881503999999495
Clear Sky,Ground Truth,0.22495790333334043
Clear Sky,Ground Truth,0.33697822399999566
Clear Sky,Ground Truth,0.3357445219999988
Clear Sky,Ground Truth,0.5732707240000003
Clear Sky,Ground Truth,0.6306346366666666
Clear Sky,Ground Truth,0.6276707779999988
Clear Sky,Ground Truth,0.49308294933333485
Clear Sky,Ground Truth,0.7846007260000007
Clear Sky,Ground Truth,0.8686309026666663
Clear Sky,Ground Truth,1.027309439333333
Clear Sky,Ground Truth,1.1442943559999996
Clear Sky,Ground Truth,1.1087160360000023
Clear Sky,Ground Truth,1.3514656073333313
Clear Sky,Ground Truth,1.2962536020000002
Clear Sky,Ground Truth,1.9211393998000013
Clear Sky,Ground Truth,1.7962175516666665
Clear Sky,Ground Truth,1.133664734
Clear Sky,Ground Truth,1.367169029066666
Clear Sky,Ground Truth,1.7173886599333335
Clear Sky,Ground Truth,1.7456562788000007
Clear Sky,Ground Truth,1.5214903960666661
Clear Sky,Ground Truth,1.2120166588
Clear Sky,Ground Truth,0.5804951680666667
Clear Sky,Ground Truth,1.1178179270666666
Clear Sky,Ground Truth,0.6546114145999999
Clear Sky,Ground Truth,0.49170774419999974
Clear Sky,Ground Truth,0.8890052440666669
Clear Sky,Ground Truth,1.8787152824666662
Clear Sky,Ground Truth,1.4269261442000012
Clear Sky,Ground Truth,0.38058040539999993
Clear Sky,Ground Truth,2.555697323133333
Clear Sky,Ground Truth,2.478032822466666
Clear Sky,Ground Truth,1.245921400000002
Clear Sky,Ground Truth,1.423325227333331
Clear Sky,Ground Truth,1.2633738513333341
Clear Sky,Ground Truth,1.2734856033333326
Clear Sky,Ground Truth,1.3722373346666643
Clear Sky,Ground Truth,0.5295843103333269
Clear Sky,Ground Truth,2.482674918333327
Clear Sky,Ground Truth,0.8300737980000008
Clear Sky,Ground Truth,0.5867204846666674
Clear Sky,Ground Truth,0.4703081313333328
Clear Sky,Ground Truth,0.20687481266666907
Clear Sky,Ground Truth,1.4474878259999997
Clear Sky,Ground Truth,0.24208295866666063
Clear Sky,Ground Truth,1.075583684666661
Clear Sky,Ground Truth,3.2633231613333322
Clear Sky,Ground Truth,3.2811370106666686
Clear Sky,Ground Truth,0.025301714666667863
Clear Sky,Ground Truth,0.16267619666666633
Clear Sky,Ground Truth,0.21770352066667087
Clear Sky,Ground Truth,0.24156776066666197
Clear Sky,Ground Truth,0.22508641866666323
Clear Sky,Ground Truth,0.5630792933333382
Clear Sky,Ground Truth,0.4747430953333307
Clear Sky,Ground Truth,0.5125551806666699
Clear Sky,Ground Truth,0.5691828526666676
Clear Sky,Ground Truth,0.6809569273333302
Clear Sky,Ground Truth,0.7960554093333378
Clear Sky,Ground Truth,1.000545211333332
Clear Sky,Ground Truth,0.8673951659999979
Clear Sky,Ground Truth,1.6019556940000008
Clear Sky,Ground Truth,3.5017187835999994
Clear Sky,Ground Truth,1.2363166949333362
Clear Sky,Ground Truth,1.944780534000003
Clear Sky,Ground Truth,0.2496840786666663
Clear Sky,Ground Truth,3.0675057718666654
Clear Sky,Ground Truth,0.45105155386666596
Clear Sky,Ground Truth,0.11352521560000284
Clear Sky,Ground Truth,4.370675189866665
Clear Sky,Ground Truth,2.041140731733334
Clear Sky,Ground Truth,0.31779296879999985
Clear Sky,Ground Truth,0.8155692198666666
Clear Sky,Ground Truth,0.5951060480666668
Clear Sky,Ground Truth,0.1959471823333334
Clear Sky,Ground Truth,0.24146449566666667
Clear Sky,Ground Truth,0.6786248148666666
Clear Sky,Ground Truth,1.0599556846666667
Clear Sky,Ground Truth,1.176624110733333
Clear Sky,Ground Truth,1.2614894724000005
Clear Sky,Ground Truth,1.612116839733333
Clear Sky,Ground Truth,1.6184934534666668
Clear Sky,Ground Truth,1.4828370693333337
Clear Sky,Ground Truth,1.4100739680666674
Clear Sky,Ground Truth,1.4271216399999993
Clear Sky,Ground Truth,1.3094944720000008
Clear Sky,Ground Truth,1.1828271433333342
Clear Sky,Ground Truth,1.1487558259999986
Clear Sky,Ground Truth,0.9038524873333333
Clear Sky,Ground Truth,1.0326176093333324
Clear Sky,Ground Truth,0.8759555720000023
Clear Sky,Ground Truth,0.827790308666664
Clear Sky,Ground Truth,0.777925685333333
Clear Sky,Ground Truth,0.3609223486666657
Clear Sky,Ground Truth,0.928276922000002
Clear Sky,Ground Truth,0.2718246279999974
Clear Sky,Ground Truth,0.26768164666667005
Clear Sky,Ground Truth,0.07274654133333058
Clear Sky,Ground Truth,0.561085067999997
Clear Sky,Ground Truth,0.3121172040000033
Clear Sky,Ground Truth,0.13364851733333083
Clear Sky,Ground Truth,0.4099532126666645
Clear Sky,Ground Truth,0.06471072199999739
Clear Sky,Ground Truth,0.1581975826666664
Clear Sky,Ground Truth,0.2701499699999985
Clear Sky,Ground Truth,0.16549794733333556
Clear Sky,Ground Truth,0.5371599460000027
Clear Sky,Ground Truth,0.5529282713333288
Clear Sky,Ground Truth,0.6884816186666676
Clear Sky,Ground Truth,0.8390112693333371
Clear Sky,Ground Truth,0.9953055753333331
Clear Sky,Ground Truth,0.965216311999999
Clear Sky,Ground Truth,0.9977637586666646
Clear Sky,Ground Truth,1.1861232886666677
Clear Sky,Ground Truth,1.3022093046666665
Clear Sky,Ground Truth,1.297469741333332
Clear Sky,Ground Truth,1.4512260306666676
Clear Sky,Ground Truth,1.489399218400001
Clear Sky,Ground Truth,1.5030507445999994
Clear Sky,Ground Truth,1.6067530864000004
Clear Sky,Ground Truth,1.5966368428666673
Clear Sky,Ground Truth,1.580023698133333
Clear Sky,Ground Truth,1.4811635635333333
Clear Sky,Ground Truth,1.2175729816666665
Clear Sky,Ground Truth,0.9440125297999999
Clear Sky,Ground Truth,0.4520593836666666
Clear Sky,Ground Truth,0.7133289204000001
Clear Sky,Ground Truth,0.5219979041333331
Clear Sky,Ground Truth,1.5414845456
Clear Sky,Ground Truth,1.4595785050666672
Clear Sky,Ground Truth,1.4488671624
Clear Sky,Ground Truth,1.5921476441999998
Clear Sky,Ground Truth,1.3678228230666658
Clear Sky,Ground Truth,1.5077567534666656
Clear Sky,Ground Truth,1.3662035880000012
Clear Sky,Ground Truth,1.2771085473333361
Clear Sky,Ground Truth,1.1720377319999997
Clear Sky,Ground Truth,1.098268063999999
Clear Sky,Ground Truth,1.027204271333332
Clear Sky,Ground Truth,1.0016587146666645
Clear Sky,Ground Truth,0.784305288666669
Clear Sky,Ground Truth,0.7455526466666669
Clear Sky,Ground Truth,0.8155014086666625
Clear Sky,Ground Truth,0.6225365233333378
Clear Sky,Ground Truth,0.5047262566666646
Clear Sky,Ground Truth,0.3971991513333357
Clear Sky,Ground Truth,0.5144896639999992
Clear Sky,Ground Truth,0.24861973599999843
Clear Sky,Ground Truth,0.16920198000000042
Clear Sky,Ground Truth,0.004717009333329969
Clear Sky,Ground Truth,0.22356682000000205
Clear Sky,Ground Truth,0.08054943800000203
Clear Sky,Ground Truth,0.04710216066666817
Clear Sky,Ground Truth,0.18644077400000114
Clear Sky,Ground Truth,0.19292386866666078
Clear Sky,Ground Truth,0.2297244746666678
Clear Sky,Ground Truth,0.37877008933333656
Clear Sky,Ground Truth,0.6987501713333337
Clear Sky,Ground Truth,0.6500786986666647
Clear Sky,Ground Truth,0.7276071573333347
Clear Sky,Ground Truth,0.8864433660000017
Clear Sky,Ground Truth,0.8630950653333294
Clear Sky,Ground Truth,0.9233527593333335
Clear Sky,Ground Truth,1.0856978533333344
Clear Sky,Ground Truth,1.251973714
Clear Sky,Ground Truth,1.297755310000003
Clear Sky,Ground Truth,1.334441015333331
Clear Sky,Ground Truth,1.417477948133337
Clear Sky,Ground Truth,1.5121332580666635
Clear Sky,Ground Truth,1.5506640645333336
Clear Sky,Ground Truth,1.5574533375999993
Clear Sky,Ground Truth,1.537938521
Clear Sky,Ground Truth,1.4728305084000004
Clear Sky,Ground Truth,1.2471497604
Clear Sky,Ground Truth,0.9524122218666666
Clear Sky,Ground Truth,0.34463829833333326
Clear Sky,Ground Truth,0.7178587676666668
Clear Sky,Ground Truth,1.0576686061333336
Clear Sky,Ground Truth,0.9346590764666662
Clear Sky,Ground Truth,1.5777030353999995
Clear Sky,Ground Truth,1.1642908930000004
Clear Sky,Ground Truth,1.5203870444666663
Clear Sky,Ground Truth,1.523984880466668
Clear Sky,Ground Truth,1.508484340599999
Clear Sky,Ground Truth,1.396935076
Clear Sky,Ground Truth,1.243495626000005
Clear Sky,Ground Truth,1.199193373333328
Clear Sky,Ground Truth,1.1171278233333357
Clear Sky,Ground Truth,0.9748004426666661
Clear Sky,Ground Truth,0.9406110233333322
Clear Sky,Ground Truth,0.8039312053333347
Clear Sky,Ground Truth,0.7924089553333289
Clear Sky,Ground Truth,0.7097470326666695
Clear Sky,Ground Truth,0.6283516833333316
Clear Sky,Ground Truth,0.5854445933333352
Clear Sky,Ground Truth,0.4487228373333316
Clear Sky,Ground Truth,0.3840015006666704
Clear Sky,Ground Truth,0.2360959846666617
Clear Sky,Ground Truth,0.18357183333333182
Clear Sky,Ground Truth,0.09575201600000582
Clear Sky,Ground Truth,0.036424228666664504
Clear Sky,Ground Truth,0.10710740400000418
Clear Sky,Ground Truth,0.06571377399999179
Clear Sky,Ground Truth,0.26433420533333774
Clear Sky,Ground Truth,0.4218666959999986
Clear Sky,Ground Truth,0.25712313266667053
Clear Sky,Ground Truth,0.489218235333329
Clear Sky,Ground Truth,0.5895286219999996
Clear Sky,Ground Truth,0.7212573633333363
Clear Sky,Ground Truth,0.7651280220000025
Clear Sky,Ground Truth,0.6482953333333263
Clear Sky,Ground Truth,0.9802400066666692
Clear Sky,Ground Truth,0.9150865233333327
Clear Sky,Ground Truth,1.005777544666671
Clear Sky,Ground Truth,1.1827516299999967
Clear Sky,Ground Truth,1.4965672062
Clear Sky,Ground Truth,1.206581562666667
Clear Sky,Ground Truth,1.1730316266000003
Clear Sky,Ground Truth,1.6459778290666645
Clear Sky,Ground Truth,1.6096551416666687
Clear Sky,Ground Truth,1.6198797967999994
Clear Sky,Ground Truth,1.467858823666667
Clear Sky,Ground Truth,1.4329098472666666
Clear Sky,Ground Truth,1.2301332027999998
Clear Sky,Ground Truth,0.9137599516666667
Clear Sky,Ground Truth,0.8022517868666666
Clear Sky,Ground Truth,0.8509957817333336
Clear Sky,Ground Truth,0.8659783912666663
Clear Sky,Ground Truth,0.4961817810000002
Clear Sky,Ground Truth,1.7052811304666662
Clear Sky,Ground Truth,3.932833194533332
Clear Sky,Ground Truth,0.025893969200001976
Clear Sky,Ground Truth,1.4291668290000015
Clear Sky,Ground Truth,1.4242935159999988
Clear Sky,Ground Truth,1.2858465260000003
Clear Sky,Ground Truth,1.2186812299999978
Clear Sky,Ground Truth,1.0889668873333367
Clear Sky,Ground Truth,1.021558262666666
Clear Sky,Ground Truth,0.9618833299999991
Clear Sky,Ground Truth,0.8275690339999997
Clear Sky,Ground Truth,0.827076157999997
Clear Sky,Ground Truth,0.6393422366666712
Clear Sky,Ground Truth,0.5334270653333348
Clear Sky,Ground Truth,0.38614477933332836
Clear Sky,Ground Truth,0.37771063266666616
Clear Sky,Ground Truth,0.2980955373333316
Clear Sky,Ground Truth,0.20078605266666827
Clear Sky,Ground Truth,0.204020401333338
Clear Sky,Ground Truth,0.1514534360000006
Clear Sky,Ground Truth,0.19953880066665874
Clear Sky,Ground Truth,0.0055570086666705265
Clear Sky,Ground Truth,0.17367936333333134
Clear Sky,Ground Truth,0.12553056200000512
Clear Sky,Ground Truth,0.3615027539999929
Clear Sky,Ground Truth,0.47409667600000205
Clear Sky,Ground Truth,0.40068767933333405
Clear Sky,Ground Truth,0.4700326133333306
Clear Sky,Ground Truth,0.33071939800000294
Clear Sky,Ground Truth,0.6886612206666669
Clear Sky,Ground Truth,1.18278535266667
Clear Sky,Ground Truth,0.8461727246666619
Clear Sky,Ground Truth,0.16629327266667104
Clear Sky,Ground Truth,0.9259650793333307
Clear Sky,Ground Truth,2.254655044533333
Clear Sky,Ground Truth,1.2369458622000025
Clear Sky,Ground Truth,1.221116216733332
Clear Sky,Ground Truth,0.7381780397999993
Clear Sky,Ground Truth,1.5524501172000011
Clear Sky,Ground Truth,1.5866273378666653
Clear Sky,Ground Truth,2.0978484290666657
Clear Sky,Ground Truth,1.1773120320000006
Clear Sky,Ground Truth,1.8485560444666662
Clear Sky,Ground Truth,1.2269734429333334
Clear Sky,Ground Truth,0.8159295792666666
Clear Sky,Ground Truth,0.20975036600000002
Clear Sky,Ground Truth,0.6209868939333332
Clear Sky,Ground Truth,1.0170084370666668
Clear Sky,Ground Truth,1.2054089780666666
Clear Sky,Ground Truth,1.347284914666667
Clear Sky,Ground Truth,1.5279728038666676
Clear Sky,Ground Truth,1.533549631599998
Clear Sky,Ground Truth,1.4966509085333337
Clear Sky,Ground Truth,1.4360130010666659
Clear Sky,Ground Truth,1.4633304653333337
Clear Sky,Ground Truth,1.3961631153333336
Clear Sky,Ground Truth,1.3883277100000004
Clear Sky,Ground Truth,1.2845398526666667
Clear Sky,Ground Truth,1.0983473273333324
Clear Sky,Ground Truth,1.0351337919999999
Clear Sky,Ground Truth,0.9529361666666638
Clear Sky,Ground Truth,0.8009115426666682
Clear Sky,Ground Truth,0.750857712000002
Clear Sky,Ground Truth,0.61781920733333
Clear Sky,Ground Truth,0.6143539046666682
Clear Sky,Ground Truth,0.554740314
Clear Sky,Ground Truth,0.3474174993333321
Clear Sky,Ground Truth,0.2890778673333365
Clear Sky,Ground Truth,0.2436937040000018
Clear Sky,Ground Truth,0.2158487959999995
Clear Sky,Ground Truth,0.026006933333334814
Clear Sky,Ground Truth,0.09536500000000103
Clear Sky,Ground Truth,0.2948203040000017
Clear Sky,Ground Truth,0.05968383866666471
Clear Sky,Ground Truth,0.20238522466666709
Clear Sky,Ground Truth,0.08918857733333496
Clear Sky,Ground Truth,0.5809810599999956
Clear Sky,Ground Truth,0.8168013640000034
Clear Sky,Ground Truth,0.8914352486666637
Clear Sky,Ground Truth,0.8539335300000026
Clear Sky,Ground Truth,1.0313734200000013
Clear Sky,Ground Truth,0.8729116599999962
Clear Sky,Ground Truth,0.9789654920000004
Clear Sky,Ground Truth,0.888576959333335
Clear Sky,Ground Truth,1.1064303780000007
Clear Sky,Ground Truth,3.901585015133332
Clear Sky,Ground Truth,3.5377445823333344
Clear Sky,Ground Truth,0.6012284879999994
Clear Sky,Ground Truth,0.33001283986666596
Clear Sky,Ground Truth,1.0826816031333326
Clear Sky,Ground Truth,0.7884758754666663
Clear Sky,Ground Truth,1.0198962820000013
Clear Sky,Ground Truth,1.8222810695333331
Clear Sky,Ground Truth,1.901392327933333
Clear Sky,Ground Truth,0.5924222122000002
Clear Sky,LSTM,0.27564539
Clear Sky,LSTM,0.5093708400000001
Clear Sky,LSTM,0.5432871300000001
Clear Sky,LSTM,0.9244985999999997
Clear Sky,LSTM,1.0271516000000003
Clear Sky,LSTM,1.3698153
Clear Sky,LSTM,1.3299472999999997
Clear Sky,LSTM,1.7254307000000004
Clear Sky,LSTM,1.3564403
Clear Sky,LSTM,1.9723469999999992
Clear Sky,LSTM,1.5052080000000014
Clear Sky,LSTM,1.555522999999999
Clear Sky,LSTM,1.1937359999999995
Clear Sky,LSTM,1.3346120000000017
Clear Sky,LSTM,1.0016749999999988
Clear Sky,LSTM,0.8788209999999985
Clear Sky,LSTM,0.8802540000000008
Clear Sky,LSTM,0.8678410000000021
Clear Sky,LSTM,0.510821
Clear Sky,LSTM,0.834229999999998
Clear Sky,LSTM,0.6469880000000003
Clear Sky,LSTM,0.29037600000000197
Clear Sky,LSTM,0.422979999999999
Clear Sky,LSTM,0.17365500000000011
Clear Sky,LSTM,0.6360799999999998
Clear Sky,LSTM,0.4244269999999979
Clear Sky,LSTM,0.22424700000000186
Clear Sky,LSTM,0.1821629999999992
Clear Sky,LSTM,0.1073839999999997
Clear Sky,LSTM,0.2757380000000005
Clear Sky,LSTM,0.30108099999999993
Clear Sky,LSTM,0.2126519999999985
Clear Sky,LSTM,0.3060299999999998
Clear Sky,LSTM,0.8626310000000004
Clear Sky,LSTM,0.841818
Clear Sky,LSTM,0.3495580000000018
Clear Sky,LSTM,0.6089399999999969
Clear Sky,LSTM,0.8739220000000003
Clear Sky,LSTM,0.769679
Clear Sky,LSTM,0.7878390000000017
Clear Sky,LSTM,0.8980029999999992
Clear Sky,LSTM,1.5512699999999988
Clear Sky,LSTM,1.6408970000000007
Clear Sky,LSTM,1.2886040000000012
Clear Sky,LSTM,1.5010009999999987
Clear Sky,LSTM,1.6479230000000005
Clear Sky,LSTM,1.6850009999999997
Clear Sky,LSTM,1.4208070000000008
Clear Sky,LSTM,1.7516615999999994
Clear Sky,LSTM,1.6860192
Clear Sky,LSTM,1.1535015
Clear Sky,LSTM,1.0427855000000001
Clear Sky,LSTM,0.6590476000000001
Clear Sky,LSTM,0.23250851000000003
Clear Sky,LSTM,0.48319974999999993
Clear Sky,LSTM,0.5685529000000001
Clear Sky,LSTM,0.8718892
Clear Sky,LSTM,0.995851
Clear Sky,LSTM,1.3294264999999994
Clear Sky,LSTM,1.3100535000000004
Clear Sky,LSTM,1.6620720000000002
Clear Sky,LSTM,1.3576519999999999
Clear Sky,LSTM,1.9755850000000006
Clear Sky,LSTM,1.5411359999999998
Clear Sky,LSTM,1.5602619999999998
Clear Sky,LSTM,1.2206609999999998
Clear Sky,LSTM,1.3770040000000012
Clear Sky,LSTM,1.0001449999999998
Clear Sky,LSTM,0.9206909999999979
Clear Sky,LSTM,0.8379480000000008
Clear Sky,LSTM,0.8498230000000007
Clear Sky,LSTM,0.530034999999998
Clear Sky,LSTM,0.7350900000000031
Clear Sky,LSTM,0.651603999999999
Clear Sky,LSTM,0.2584149999999994
Clear Sky,LSTM,0.4089279999999995
Clear Sky,LSTM,0.15542600000000206
Clear Sky,LSTM,0.6685079999999992
Clear Sky,LSTM,0.45884900000000073
Clear Sky,LSTM,0.2717899999999993
Clear Sky,LSTM,0.25066799999999745
Clear Sky,LSTM,0.15141300000000157
Clear Sky,LSTM,0.22872800000000026
Clear Sky,LSTM,0.29114900000000077
Clear Sky,LSTM,0.1754889999999989
Clear Sky,LSTM,0.2883819999999986
Clear Sky,LSTM,0.8682730000000021
Clear Sky,LSTM,0.913962999999999
Clear Sky,LSTM,0.3766229999999986
Clear Sky,LSTM,0.6198580000000007
Clear Sky,LSTM,0.8897569999999995
Clear Sky,LSTM,0.7781280000000024
Clear Sky,LSTM,0.8019350000000003
Clear Sky,LSTM,0.8748109999999976
Clear Sky,LSTM,1.5611270000000026
Clear Sky,LSTM,1.6324559999999995
Clear Sky,LSTM,1.3416059999999987
Clear Sky,LSTM,1.5222730000000002
Clear Sky,LSTM,1.6806470000000004
Clear Sky,LSTM,1.7325920000000004
Clear Sky,LSTM,1.4302267999999998
Clear Sky,LSTM,1.7883515
Clear Sky,LSTM,1.6868001999999995
Clear Sky,LSTM,1.1271999000000004
Clear Sky,LSTM,1.0199083999999998
Clear Sky,LSTM,0.11045750999999998
Clear Sky,LSTM,0.008149279999999981
Clear Sky,LSTM,0.16904919000000002
Clear Sky,LSTM,0.32839718
Clear Sky,LSTM,0.42892193
Clear Sky,LSTM,0.8801216000000001
Clear Sky,LSTM,0.8683853999999998
Clear Sky,LSTM,1.4219670000000004
Clear Sky,LSTM,1.0817759999999996
Clear Sky,LSTM,1.9415766000000003
Clear Sky,LSTM,1.447163399999999
Clear Sky,LSTM,1.9267060000000011
Clear Sky,LSTM,1.5505659999999999
Clear Sky,LSTM,1.6642289999999988
Clear Sky,LSTM,1.451600000000001
Clear Sky,LSTM,1.479379999999999
Clear Sky,LSTM,1.278690000000001
Clear Sky,LSTM,1.4392759999999996
Clear Sky,LSTM,1.0773599999999988
Clear Sky,LSTM,1.2606870000000008
Clear Sky,LSTM,0.9456540000000011
Clear Sky,LSTM,0.4970530000000011
Clear Sky,LSTM,0.5843469999999975
Clear Sky,LSTM,0.28458000000000183
Clear Sky,LSTM,0.6623020000000004
Clear Sky,LSTM,0.36088399999999865
Clear Sky,LSTM,0.047353999999998564
Clear Sky,LSTM,0.044274999999998954
Clear Sky,LSTM,0.006218000000000501
Clear Sky,LSTM,0.4080450000000013
Clear Sky,LSTM,0.354220999999999
Clear Sky,LSTM,0.36482999999999777
Clear Sky,LSTM,0.26277100000000075
Clear Sky,LSTM,0.9821840000000002
Clear Sky,LSTM,0.7707630000000023
Clear Sky,LSTM,0.5628299999999982
Clear Sky,LSTM,0.5953909999999993
Clear Sky,LSTM,0.9805050000000008
Clear Sky,LSTM,0.8455879999999993
Clear Sky,LSTM,0.8390780000000007
Clear Sky,LSTM,1.0879410000000007
Clear Sky,LSTM,1.7403899999999997
Clear Sky,LSTM,1.7819859999999998
Clear Sky,LSTM,1.278186999999999
Clear Sky,LSTM,1.5263840000000002
Clear Sky,LSTM,1.680696000000001
Clear Sky,LSTM,1.5885989999999994
Clear Sky,LSTM,1.2279776
Clear Sky,LSTM,1.5418805999999998
Clear Sky,LSTM,1.4615178000000002
Clear Sky,LSTM,1.0443593
Clear Sky,LSTM,0.9275222999999999
Clear Sky,LSTM,0.6212650000000001
Clear Sky,LSTM,0.28082812999999995
Clear Sky,LSTM,0.4463272
Clear Sky,LSTM,0.5335285000000001
Clear Sky,LSTM,0.8676315000000001
Clear Sky,LSTM,0.9124885999999996
Clear Sky,LSTM,1.2905386
Clear Sky,LSTM,1.2395076999999999
Clear Sky,LSTM,1.6151187
Clear Sky,LSTM,1.3141710000000009
Clear Sky,LSTM,1.9505409999999994
Clear Sky,LSTM,1.5014369999999992
Clear Sky,LSTM,1.574466000000001
Clear Sky,LSTM,1.2769909999999989
Clear Sky,LSTM,1.3523859999999992
Clear Sky,LSTM,1.0424020000000027
Clear Sky,LSTM,1.0267449999999982
Clear Sky,LSTM,0.8849300000000007
Clear Sky,LSTM,0.9710229999999989
Clear Sky,LSTM,0.6071530000000003
Clear Sky,LSTM,0.8444390000000013
Clear Sky,LSTM,0.6594969999999982
Clear Sky,LSTM,0.25179600000000235
Clear Sky,LSTM,0.30774100000000004
Clear Sky,LSTM,0.05560699999999841
Clear Sky,LSTM,0.5218370000000014
Clear Sky,LSTM,0.27250899999999945
Clear Sky,LSTM,0.11140800000000084
Clear Sky,LSTM,0.1300789999999985
Clear Sky,LSTM,0.07922600000000202
Clear Sky,LSTM,0.3487230000000032
Clear Sky,LSTM,0.3393039999999985
Clear Sky,LSTM,0.2166630000000005
Clear Sky,LSTM,0.33778600000000125
Clear Sky,LSTM,0.8776549999999972
Clear Sky,LSTM,0.8937360000000005
Clear Sky,LSTM,0.38903399999999877
Clear Sky,LSTM,0.5819890000000001
Clear Sky,LSTM,0.8392240000000015
Clear Sky,LSTM,0.7618749999999999
Clear Sky,LSTM,0.7599869999999989
Clear Sky,LSTM,0.9029970000000027
Clear Sky,LSTM,1.4819659999999981
Clear Sky,LSTM,1.6205265000000004
Clear Sky,LSTM,1.2707294999999998
Clear Sky,LSTM,1.495420000000001
Clear Sky,LSTM,1.583824
Clear Sky,LSTM,1.6361219999999994
Clear Sky,LSTM,1.3696602999999996
Clear Sky,LSTM,1.6733160000000007
Clear Sky,LSTM,1.5414008999999997
Clear Sky,LSTM,1.059875
Clear Sky,LSTM,0.9097223999999999
Clear Sky,LSTM,0.6018044
Clear Sky,LSTM,0.38704538
Clear Sky,LSTM,0.45619701999999995
Clear Sky,LSTM,0.4002473000000001
Clear Sky,LSTM,0.7272196
Clear Sky,LSTM,0.9726929999999998
Clear Sky,LSTM,0.9660420000000003
Clear Sky,LSTM,0.7182816999999999
Clear Sky,LSTM,1.1548629999999998
Clear Sky,LSTM,0.7232729999999998
Clear Sky,LSTM,1.2192450000000008
Clear Sky,LSTM,0.752548
Clear Sky,LSTM,1.7096799999999988
Clear Sky,LSTM,1.280819000000001
Clear Sky,LSTM,1.321313
Clear Sky,LSTM,1.2344419999999996
Clear Sky,LSTM,1.2812920000000005
Clear Sky,LSTM,1.4590159999999983
Clear Sky,LSTM,1.2340450000000018
Clear Sky,LSTM,0.22845299999999824
Clear Sky,LSTM,0.7883320000000005
Clear Sky,LSTM,0.07384700000000066
Clear Sky,LSTM,0.18780299999999883
Clear Sky,LSTM,0.25504700000000113
Clear Sky,LSTM,0.7515299999999989
Clear Sky,LSTM,0.40160299999999793
Clear Sky,LSTM,0.7759290000000014
Clear Sky,LSTM,1.0358110000000007
Clear Sky,LSTM,1.0026669999999989
Clear Sky,LSTM,0.7522940000000009
Clear Sky,LSTM,0.8395790000000005
Clear Sky,LSTM,0.7153149999999986
Clear Sky,LSTM,0.7747530000000005
Clear Sky,LSTM,0.5173120000000004
Clear Sky,LSTM,1.02196
Clear Sky,LSTM,0.2531429999999997
Clear Sky,LSTM,0.30609100000000034
Clear Sky,LSTM,0.3604939999999992
Clear Sky,LSTM,0.24144200000000104
Clear Sky,LSTM,0.0998549999999998
Clear Sky,LSTM,0.25390599999999885
Clear Sky,LSTM,0.24003200000000113
Clear Sky,LSTM,0.5453609999999998
Clear Sky,LSTM,0.8305499999999997
Clear Sky,LSTM,0.20018000000000047
Clear Sky,LSTM,0.5350096999999998
Clear Sky,LSTM,0.7247909999999997
Clear Sky,LSTM,0.7108816999999998
Clear Sky,LSTM,0.6364839000000004
Clear Sky,LSTM,0.5982674000000001
Clear Sky,LSTM,0.9300549
Clear Sky,LSTM,0.5569436999999999
Clear Sky,LSTM,0.5090752999999999
Clear Sky,LSTM,0.1878166000000001
Clear Sky,LSTM,0.30624124
Clear Sky,LSTM,0.5114942599999999
Clear Sky,LSTM,0.5248451000000001
Clear Sky,LSTM,0.9060222999999998
Clear Sky,LSTM,1.0296397000000002
Clear Sky,LSTM,1.3154920999999997
Clear Sky,LSTM,1.2760220000000002
Clear Sky,LSTM,1.6882622999999999
Clear Sky,LSTM,1.2933970000000006
Clear Sky,LSTM,1.860899999999999
Clear Sky,LSTM,1.400271
Clear Sky,LSTM,1.5160440000000008
Clear Sky,LSTM,1.1543375000000005
Clear Sky,LSTM,1.2876354999999986
Clear Sky,LSTM,1.016262000000001
Clear Sky,LSTM,0.8333949999999994
Clear Sky,LSTM,0.930219000000001
Clear Sky,LSTM,0.8457979999999985
Clear Sky,LSTM,0.518343999999999
Clear Sky,LSTM,0.8795859999999998
Clear Sky,LSTM,0.6062200000000004
Clear Sky,LSTM,0.27422200000000174
Clear Sky,LSTM,0.44177600000000083
Clear Sky,LSTM,0.15501599999999982
Clear Sky,LSTM,0.5769819999999974
Clear Sky,LSTM,0.40754100000000193
Clear Sky,LSTM,0.18940200000000118
Clear Sky,LSTM,0.14280899999999974
Clear Sky,LSTM,0.09008399999999739
Clear Sky,LSTM,0.2725580000000001
Clear Sky,LSTM,0.26149999999999807
Clear Sky,LSTM,0.25262200000000234
Clear Sky,LSTM,0.264447999999998
Clear Sky,LSTM,0.8419190000000008
Clear Sky,LSTM,0.7778989999999979
Clear Sky,LSTM,0.35910200000000003
Clear Sky,LSTM,0.5901870000000002
Clear Sky,LSTM,0.8610150000000019
Clear Sky,LSTM,0.7489689999999989
Clear Sky,LSTM,0.7478979999999993
Clear Sky,LSTM,0.9164940000000001
Clear Sky,LSTM,1.4829940000000015
Clear Sky,LSTM,1.5972740000000005
Clear Sky,LSTM,1.1929599999999994
Clear Sky,LSTM,1.441979
Clear Sky,LSTM,1.5689589999999995
Clear Sky,LSTM,1.5947650000000007
Clear Sky,LSTM,1.4122556999999993
Clear Sky,LSTM,1.6496057000000004
Clear Sky,LSTM,1.668447
Clear Sky,LSTM,1.1624134000000002
Clear Sky,LSTM,1.0486921999999999
Clear Sky,LSTM,0.6412964
Clear Sky,LSTM,0.289866657
Clear Sky,LSTM,0.5696756
Clear Sky,LSTM,0.5512084000000002
Clear Sky,LSTM,0.8930952000000001
Clear Sky,LSTM,1.0600129999999996
Clear Sky,LSTM,1.2562104
Clear Sky,LSTM,1.2615461999999997
Clear Sky,LSTM,1.6120181000000002
Clear Sky,LSTM,1.2722863000000002
Clear Sky,LSTM,1.8169175000000006
Clear Sky,LSTM,1.3561204999999994
Clear Sky,LSTM,1.5013129999999997
Clear Sky,LSTM,1.0767959999999999
Clear Sky,LSTM,1.2736809999999998
Clear Sky,LSTM,0.9614260000000012
Clear Sky,LSTM,0.7977339999999984
Clear Sky,LSTM,0.9309900000000013
Clear Sky,LSTM,0.810531000000001
Clear Sky,LSTM,0.5168210000000002
Clear Sky,LSTM,0.7920629999999989
Clear Sky,LSTM,0.6066049999999983
Clear Sky,LSTM,0.30139600000000044
Clear Sky,LSTM,0.4359509999999993
Clear Sky,LSTM,0.14444100000000049
Clear Sky,LSTM,0.5877900000000018
Clear Sky,LSTM,0.39520100000000014
Clear Sky,LSTM,0.23765500000000017
Clear Sky,LSTM,0.12507300000000043
Clear Sky,LSTM,0.0978129999999986
Clear Sky,LSTM,0.25962700000000183
Clear Sky,LSTM,0.22091899999999853
Clear Sky,LSTM,0.23836100000000116
Clear Sky,LSTM,0.250277999999998
Clear Sky,LSTM,0.8124110000000009
Clear Sky,LSTM,0.795303999999998
Clear Sky,LSTM,0.3116940000000028
Clear Sky,LSTM,0.5968400000000003
Clear Sky,LSTM,0.8523059999999987
Clear Sky,LSTM,0.7558310000000006
Clear Sky,LSTM,0.6959169999999979
Clear Sky,LSTM,0.8839570000000023
Clear Sky,LSTM,1.4579449999999987
Clear Sky,LSTM,1.5877540000000003
Clear Sky,LSTM,1.203334
Clear Sky,LSTM,1.4338829999999998
Clear Sky,LSTM,1.535126
Clear Sky,LSTM,1.61294
Clear Sky,LSTM,1.4177676000000003
Clear Sky,LSTM,1.6106309000000003
Clear Sky,LSTM,1.6471645999999995
Clear Sky,LSTM,1.0756724000000002
Clear Sky,LSTM,1.0463696
Clear Sky,LSTM,0.59350106
Clear Sky,LSTM,0.270980726
Clear Sky,LSTM,0.50967155
Clear Sky,LSTM,0.5157932000000001
Clear Sky,LSTM,0.8783624000000001
Clear Sky,LSTM,1.0067901999999997
Clear Sky,LSTM,1.2810158999999999
Clear Sky,LSTM,1.2638696999999999
Clear Sky,LSTM,1.6404610000000002
Clear Sky,LSTM,1.3219249999999994
Clear Sky,LSTM,1.879157000000001
Clear Sky,LSTM,1.4390239999999999
Clear Sky,LSTM,1.542356999999999
Clear Sky,LSTM,1.156848
Clear Sky,LSTM,1.3327550000000024
Clear Sky,LSTM,1.0051769999999998
Clear Sky,LSTM,0.8662129999999983
Clear Sky,LSTM,0.9264639999999993
Clear Sky,LSTM,0.8563660000000013
Clear Sky,LSTM,0.5411280000000005
Clear Sky,LSTM,0.8126649999999991
Clear Sky,LSTM,0.6233450000000005
Clear Sky,LSTM,0.27097699999999847
Clear Sky,LSTM,0.4242270000000019
Clear Sky,LSTM,0.11815799999999754
Clear Sky,LSTM,0.5817010000000025
Clear Sky,LSTM,0.3791720000000005
Clear Sky,LSTM,0.18637399999999715
Clear Sky,LSTM,0.11908299999999983
Clear Sky,LSTM,0.0757840000000023
Clear Sky,LSTM,0.28234899999999996
Clear Sky,LSTM,0.2804409999999997
Clear Sky,LSTM,0.24406100000000208
Clear Sky,LSTM,0.2850469999999987
Clear Sky,LSTM,0.842219
Clear Sky,LSTM,0.8309899999999999
Clear Sky,LSTM,0.3491129999999991
Clear Sky,LSTM,0.5920769999999997
Clear Sky,LSTM,0.8595530000000018
Clear Sky,LSTM,0.7443339999999985
Clear Sky,LSTM,0.7358030000000007
Clear Sky,LSTM,0.8776340000000005
Clear Sky,LSTM,1.4860509999999998
Clear Sky,LSTM,1.5869359999999997
Clear Sky,LSTM,1.2371510000000008
Clear Sky,LSTM,1.448516999999999
Clear Sky,LSTM,1.5749080000000006
Clear Sky,LSTM,1.6317386999999997
Clear Sky,LSTM,1.3932583000000003
Clear Sky,LSTM,1.6477390000000005
Clear Sky,LSTM,1.6362156999999997
Clear Sky,LSTM,1.0906257
Clear Sky,LSTM,1.0140318
Clear Sky,LSTM,0.5997458
Clear Sky,LSTM,0.24701006800000003
Clear Sky,LSTM,0.46004283999999995
Clear Sky,LSTM,0.47047000000000005
Clear Sky,LSTM,0.7980725
Clear Sky,LSTM,0.9573198999999999
Clear Sky,LSTM,1.2075312
Clear Sky,LSTM,1.2225432999999999
Clear Sky,LSTM,1.6085099999999999
Clear Sky,LSTM,1.2744679999999997
Clear Sky,LSTM,1.8712940000000007
Clear Sky,LSTM,1.4180790000000005
Clear Sky,LSTM,1.578106
Clear Sky,LSTM,1.1766319999999997
Clear Sky,LSTM,1.3658889999999992
Clear Sky,LSTM,1.0590200000000003
Clear Sky,LSTM,0.904204
Clear Sky,LSTM,0.9800770000000014
Clear Sky,LSTM,0.8998360000000005
Clear Sky,LSTM,0.5970629999999986
Clear Sky,LSTM,0.8483009999999993
Clear Sky,LSTM,0.6541199999999989
Clear Sky,LSTM,0.3024760000000022
Clear Sky,LSTM,0.4769830000000006
Clear Sky,LSTM,0.1631559999999972
Clear Sky,LSTM,0.609331000000001
Clear Sky,LSTM,0.41893200000000164
Clear Sky,LSTM,0.18934499999999943
Clear Sky,LSTM,0.12327699999999808
Clear Sky,LSTM,0.07229799999999997
Clear Sky,LSTM,0.2652229999999989
Clear Sky,LSTM,0.2596980000000002
Clear Sky,LSTM,0.2582090000000008
Clear Sky,LSTM,0.2493649999999974
Clear Sky,LSTM,0.839855
Clear Sky,LSTM,0.8000299999999996
Clear Sky,LSTM,0.3547520000000013
Clear Sky,LSTM,0.5959640000000022
Clear Sky,LSTM,0.893069999999998
Clear Sky,LSTM,0.7696329999999989
Clear Sky,LSTM,0.7495860000000008
Clear Sky,LSTM,0.911087000000002
Clear Sky,LSTM,1.5242109999999993
Clear Sky,LSTM,1.6041919999999994
Clear Sky,LSTM,1.2193000000000005
Clear Sky,LSTM,1.4320339999999998
Clear Sky,LSTM,1.567907
Clear Sky,LSTM,1.5924890000000005
Clear Sky,LSTM,1.3723373999999993
Clear Sky,LSTM,1.6141606
Clear Sky,LSTM,1.6325718
Clear Sky,LSTM,1.1226181999999998
Clear Sky,LSTM,1.0490183000000002
Clear Sky,LSTM,0.63193
Clear Sky,LSTM,0.20504221499999997
Clear Sky,LSTM,0.3546753
Clear Sky,LSTM,0.4168096
Clear Sky,LSTM,0.7081234000000001
Clear Sky,LSTM,0.8584115999999997
Clear Sky,LSTM,1.1785521
Clear Sky,LSTM,1.2096239000000004
Clear Sky,LSTM,1.6223807
Clear Sky,LSTM,1.3084387
Clear Sky,LSTM,1.9403160000000002
Clear Sky,LSTM,1.5222069999999999
Clear Sky,LSTM,1.6315030000000004
Clear Sky,LSTM,1.2772539999999992
Clear Sky,LSTM,1.459403
Clear Sky,LSTM,1.1259300000000003
Clear Sky,LSTM,0.977176
Clear Sky,LSTM,0.961276999999999
Clear Sky,LSTM,0.9199260000000002
Clear Sky,LSTM,0.6546629999999993
Clear Sky,LSTM,0.8580840000000016
Clear Sky,LSTM,0.7030029999999989
Clear Sky,LSTM,0.3006990000000016
Clear Sky,LSTM,0.5426459999999977
Clear Sky,LSTM,0.22691200000000222
Clear Sky,LSTM,0.6910859999999985
Clear Sky,LSTM,0.525812000000002
Clear Sky,LSTM,0.2231919999999974
Clear Sky,LSTM,0.2003440000000012
Clear Sky,LSTM,0.10000799999999899
Clear Sky,LSTM,0.2258529999999972
Clear Sky,LSTM,0.28172300000000305
Clear Sky,LSTM,0.2376359999999984
Clear Sky,LSTM,0.23071900000000056
Clear Sky,LSTM,0.8620950000000001
Clear Sky,LSTM,0.8287869999999984
Clear Sky,LSTM,0.4069590000000005
Clear Sky,LSTM,0.5927110000000013
Clear Sky,LSTM,0.9305699999999995
Clear Sky,LSTM,0.786363999999999
Clear Sky,LSTM,0.8142220000000009
Clear Sky,LSTM,0.9213489999999993
Clear Sky,LSTM,1.5866770000000017
Clear Sky,LSTM,1.5899919999999987
Clear Sky,LSTM,1.2349250000000005
Clear Sky,LSTM,1.4062599999999996
Clear Sky,LSTM,1.6139480000000006
Clear Sky,LSTM,1.592922999999999
Clear Sky,LSTM,1.3404770000000008
Clear Sky,LSTM,1.6891695999999996
Clear Sky,LSTM,1.7021584000000005
Clear Sky,LSTM,1.2429159999999997
Clear Sky,LSTM,1.1229472
Clear Sky,LSTM,0.7495429000000001
Clear Sky,LSTM,0.13268802999999998
Clear Sky,LSTM,0.34039016
Clear Sky,LSTM,0.44055770000000005
Clear Sky,LSTM,0.5907032000000001
Clear Sky,LSTM,0.7723067999999997
Clear Sky,LSTM,1.037322
Clear Sky,LSTM,1.114887
Clear Sky,LSTM,1.4664006
Clear Sky,LSTM,1.1932274000000005
Clear Sky,LSTM,1.8988230000000001
Clear Sky,LSTM,1.4971230000000002
Clear Sky,LSTM,1.681652999999999
Clear Sky,LSTM,1.2764389999999999
Clear Sky,LSTM,1.5749250000000004
Clear Sky,LSTM,1.1390469999999997
Clear Sky,LSTM,1.1185480000000005
Clear Sky,LSTM,0.9794640000000001
Clear Sky,LSTM,1.0169500000000014
Clear Sky,LSTM,0.8282339999999984
Clear Sky,LSTM,0.8208939999999991
Clear Sky,LSTM,0.815607
Clear Sky,LSTM,0.3521680000000025
Clear Sky,LSTM,0.5828169999999986
Clear Sky,LSTM,0.22823800000000105
Clear Sky,LSTM,0.6855989999999998
Clear Sky,LSTM,0.5082929999999983
Clear Sky,LSTM,0.17867100000000136
Clear Sky,LSTM,0.16501699999999886
Clear Sky,LSTM,0.01839599999999919
Clear Sky,LSTM,0.2378009999999975
Clear Sky,LSTM,0.3218310000000031
Clear Sky,LSTM,0.28102999999999767
Clear Sky,LSTM,0.24891099999999966
Clear Sky,LSTM,0.8673439999999992
Clear Sky,LSTM,0.8728890000000007
Clear Sky,LSTM,0.4083690000000004
Clear Sky,LSTM,0.618148999999999
Clear Sky,LSTM,0.9623090000000012
Clear Sky,LSTM,0.8062779999999989
Clear Sky,LSTM,0.8021200000000022
Clear Sky,LSTM,0.9394190000000009
Clear Sky,LSTM,1.6581109999999981
Clear Sky,LSTM,1.649134
Clear Sky,LSTM,1.336919
Clear Sky,LSTM,1.5090540000000008
Clear Sky,LSTM,1.660624499999999
Clear Sky,LSTM,1.6155601000000006
Clear Sky,LSTM,1.3397196999999998
Clear Sky,LSTM,1.6133214000000002
Clear Sky,LSTM,1.5814442999999998
Clear Sky,LSTM,1.0978246999999999
Clear Sky,LSTM,0.9815227
Clear Sky,LSTM,0.6141674600000001
Clear Sky,LSTM,0.5332061
Clear Sky,LSTM,0.7420556
Clear Sky,LSTM,0.9941116000000001
Clear Sky,LSTM,1.1001029999999998
Clear Sky,LSTM,1.3257648
Clear Sky,LSTM,1.0009211999999996
Clear Sky,LSTM,1.811160000000001
Clear Sky,LSTM,1.265865999999999
Clear Sky,LSTM,1.6598100000000002
Clear Sky,LSTM,1.215655
Clear Sky,LSTM,1.4105430000000005
Clear Sky,LSTM,1.087472
Clear Sky,LSTM,1.2054099999999988
Clear Sky,LSTM,1.0867380000000004
Clear Sky,LSTM,1.1876700000000007
Clear Sky,LSTM,0.7408539999999988
Clear Sky,LSTM,0.8875010000000003
Clear Sky,LSTM,0.7390159999999995
Clear Sky,LSTM,0.27996399999999966
Clear Sky,LSTM,0.5103439999999999
Clear Sky,LSTM,0.09843000000000046
Clear Sky,LSTM,0.5429160000000017
Clear Sky,LSTM,0.39835199999999915
Clear Sky,LSTM,0.008399000000000711
Clear Sky,LSTM,0.06558900000000278
Clear Sky,LSTM,0.053042000000001366
Clear Sky,LSTM,0.25671000000000177
Clear Sky,LSTM,0.3380149999999986
Clear Sky,LSTM,0.33142099999999886
Clear Sky,LSTM,0.2048489999999994
Clear Sky,LSTM,0.932106000000001
Clear Sky,LSTM,0.824383000000001
Clear Sky,LSTM,0.530505999999999
Clear Sky,LSTM,0.7564220000000006
Clear Sky,LSTM,1.0723629999999993
Clear Sky,LSTM,0.9154780000000002
Clear Sky,LSTM,1.0755660000000002
Clear Sky,LSTM,1.1147410000000004
Clear Sky,LSTM,1.7970489999999995
Clear Sky,LSTM,1.8649579999999997
Clear Sky,LSTM,1.4976380000000002
Clear Sky,LSTM,1.6353270000000002
Clear Sky,LSTM,1.6235787000000004
Clear Sky,LSTM,1.4576840999999998
Clear Sky,LSTM,1.1189612000000002
Clear Sky,LSTM,1.2333094
Clear Sky,LSTM,1.0284252999999999
Clear Sky,LSTM,0.07655192
Clear Sky,LSTM,0.07755473000000002
Clear Sky,LSTM,0.259441
Clear Sky,LSTM,0.15455560000000002
Clear Sky,LSTM,0.3864863999999999
Clear Sky,LSTM,0.25771560000000004
Clear Sky,LSTM,0.9338628
Clear Sky,LSTM,0.5092889999999999
Clear Sky,LSTM,1.2154518000000003
Clear Sky,LSTM,0.8749924
Clear Sky,LSTM,1.2424121999999995
Clear Sky,LSTM,1.2472935000000005
Clear Sky,LSTM,1.7308242999999992
Clear Sky,LSTM,1.5786470000000001
Clear Sky,LSTM,1.9906430000000004
Clear Sky,LSTM,1.8689920000000004
Clear Sky,LSTM,1.7913950000000014
Clear Sky,LSTM,1.6197429999999997
Clear Sky,LSTM,1.096304
Clear Sky,LSTM,1.248588999999999
Clear Sky,LSTM,0.7195409999999995
Clear Sky,LSTM,0.9199829999999984
Clear Sky,LSTM,0.5552830000000029
Clear Sky,LSTM,0.12970400000000026
Clear Sky,LSTM,0.017685000000000173
Clear Sky,LSTM,0.16476700000000122
Clear Sky,LSTM,0.47835800000000006
Clear Sky,LSTM,0.4306519999999985
Clear Sky,LSTM,0.47346800000000044
Clear Sky,LSTM,0.19032100000000085
Clear Sky,LSTM,0.9166869999999996
Clear Sky,LSTM,0.7883139999999997
Clear Sky,LSTM,0.757359000000001
Clear Sky,LSTM,0.6534510000000004
Clear Sky,LSTM,1.0294600000000003
Clear Sky,LSTM,0.8620699999999992
Clear Sky,LSTM,0.9657789999999995
Clear Sky,LSTM,1.2112560000000006
Clear Sky,LSTM,1.7744579999999992
Clear Sky,LSTM,1.867351000000001
Clear Sky,LSTM,1.4137939999999993
Clear Sky,LSTM,1.5122007000000002
Clear Sky,LSTM,1.4852366999999997
Clear Sky,LSTM,1.359076
Clear Sky,LSTM,0.8899740999999999
Clear Sky,LSTM,0.9834027000000001
Clear Sky,LSTM,0.8323623
Clear Sky,LSTM,0.48415509999999995
Clear Sky,LSTM,0.6851721000000002
Clear Sky,LSTM,0.8115205999999997
Clear Sky,LSTM,0.9474643999999999
Clear Sky,LSTM,1.1649120000000002
Clear Sky,LSTM,0.9821780000000002
Clear Sky,LSTM,1.456893
Clear Sky,LSTM,1.0201569999999993
Clear Sky,LSTM,1.4129130000000014
Clear Sky,LSTM,0.8616139999999994
Clear Sky,LSTM,1.15963
Clear Sky,LSTM,0.7338799999999992
Clear Sky,LSTM,0.8486650000000004
Clear Sky,LSTM,0.7449360000000009
Clear Sky,LSTM,0.8574449999999985
Clear Sky,LSTM,0.5320050000000016
Clear Sky,LSTM,0.5932689999999994
Clear Sky,LSTM,0.6077270000000006
Clear Sky,LSTM,0.39146399999999915
Clear Sky,LSTM,0.5500049999999987
Clear Sky,LSTM,0.22812300000000008
Clear Sky,LSTM,0.707098000000002
Clear Sky,LSTM,0.5261609999999983
Clear Sky,LSTM,0.3111479999999993
Clear Sky,LSTM,0.27842700000000065
Clear Sky,LSTM,0.13568700000000078
Clear Sky,LSTM,0.1024780000000014
Clear Sky,LSTM,0.0519779999999983
Clear Sky,LSTM,0.13633499999999898
Clear Sky,LSTM,0.026762000000001507
Clear Sky,LSTM,0.7057019999999987
Clear Sky,LSTM,0.8388419999999996
Clear Sky,LSTM,0.5795990000000018
Clear Sky,LSTM,0.8089659999999981
Clear Sky,LSTM,1.0780480000000008
Clear Sky,LSTM,1.1085280000000015
Clear Sky,LSTM,1.01375
Clear Sky,LSTM,1.2617319999999985
Clear Sky,LSTM,1.7791690000000013
Clear Sky,LSTM,1.7524730000000002
Clear Sky,LSTM,1.425333499999999
Clear Sky,LSTM,1.4086794999999999
Clear Sky,LSTM,1.323112
Clear Sky,LSTM,1.2918723000000005
Clear Sky,LSTM,0.8434279
Clear Sky,LSTM,0.8927765999999999
Clear Sky,LSTM,0.8242720499999999
Clear Sky,LSTM,0.10515844999999999
Clear Sky,LSTM,0.20197516000000004
Clear Sky,LSTM,0.5147530999999999
Clear Sky,LSTM,0.6104074000000002
Clear Sky,LSTM,1.032784
Clear Sky,LSTM,0.7805140000000002
Clear Sky,LSTM,1.6409976
Clear Sky,LSTM,1.1774822
Clear Sky,LSTM,1.7599385000000005
Clear Sky,LSTM,1.442746999999999
Clear Sky,LSTM,1.5912369999999996
Clear Sky,LSTM,1.4672400000000003
Clear Sky,LSTM,1.6265280000000004
Clear Sky,LSTM,1.4478729999999995
Clear Sky,LSTM,1.6150850000000023
Clear Sky,LSTM,1.2602899999999977
Clear Sky,LSTM,1.370830999999999
Clear Sky,LSTM,1.057304000000002
Clear Sky,LSTM,0.5297610000000006
Clear Sky,LSTM,0.7037869999999984
Clear Sky,LSTM,0.2786350000000013
Clear Sky,LSTM,0.6628149999999984
Clear Sky,LSTM,0.3998810000000006
Clear Sky,LSTM,0.1235520000000001
Clear Sky,LSTM,0.00746300000000133
Clear Sky,LSTM,0.0042740000000023315
Clear Sky,LSTM,0.36597499999999883
Clear Sky,LSTM,0.3109800000000007
Clear Sky,LSTM,0.32960999999999885
Clear Sky,LSTM,0.1486830000000019
Clear Sky,LSTM,0.9109119999999997
Clear Sky,LSTM,0.7161200000000001
Clear Sky,LSTM,0.49489799999999917
Clear Sky,LSTM,0.5712259999999993
Clear Sky,LSTM,0.920656000000001
Clear Sky,LSTM,0.7131779999999992
Clear Sky,LSTM,0.8183679999999995
Clear Sky,LSTM,1.0047950000000014
Clear Sky,LSTM,1.7000689999999992
Clear Sky,LSTM,1.798985
Clear Sky,LSTM,1.4434259999999988
Clear Sky,LSTM,1.692691
Clear Sky,LSTM,1.7598380000000011
Clear Sky,LSTM,1.6791329999999993
Clear Sky,LSTM,1.3273480000000006
Clear Sky,LSTM,1.5155969999999996
Clear Sky,LSTM,1.2856550000000002
Clear Sky,LSTM,0.75324544
Clear Sky,LSTM,0.9277991999999997
Clear Sky,LSTM,1.1993033000000004
Clear Sky,LSTM,1.1885447
Clear Sky,LSTM,1.4923469999999996
Clear Sky,LSTM,1.2226206
Clear Sky,LSTM,1.7741044000000006
Clear Sky,LSTM,1.233827999999999
Clear Sky,LSTM,1.5791540000000008
Clear Sky,LSTM,1.0865449999999992
Clear Sky,LSTM,1.2404810000000008
Clear Sky,LSTM,0.9224009999999989
Clear Sky,LSTM,0.947737
Clear Sky,LSTM,0.9924029999999995
Clear Sky,LSTM,1.0083459999999995
Clear Sky,LSTM,0.5807170000000035
Clear Sky,LSTM,0.8910669999999996
Clear Sky,LSTM,0.5784959999999977
Clear Sky,LSTM,0.24128900000000186
Clear Sky,LSTM,0.3912389999999988
Clear Sky,LSTM,0.07939899999999867
Clear Sky,LSTM,0.4406630000000007
Clear Sky,LSTM,0.22232199999999835
Clear Sky,LSTM,0.08242999999999867
Clear Sky,LSTM,0.09176599999999979
Clear Sky,LSTM,0.061636000000000024
Clear Sky,LSTM,0.35715700000000083
Clear Sky,LSTM,0.32563400000000087
Clear Sky,LSTM,0.3951910000000005
Clear Sky,LSTM,0.272081
Clear Sky,LSTM,0.939425
Clear Sky,LSTM,0.8492999999999995
Clear Sky,LSTM,0.6002499999999991
Clear Sky,LSTM,0.6933080000000018
Clear Sky,LSTM,0.9659619999999975
Clear Sky,LSTM,0.843294000000002
Clear Sky,LSTM,0.9165259999999993
Clear Sky,LSTM,1.0484580000000001
Clear Sky,LSTM,1.6299679999999999
Clear Sky,LSTM,1.6883759999999999
Clear Sky,LSTM,1.378127000000001
Clear Sky,LSTM,1.4910599999999992
Clear Sky,LSTM,1.5144159999999998
Clear Sky,LSTM,1.4902940000000005
Clear Sky,LSTM,1.0495343
Clear Sky,LSTM,1.1647801
Clear Sky,LSTM,1.04602126
Clear Sky,LSTM,0.58397647
Clear Sky,LSTM,0.7865564
Clear Sky,LSTM,1.0295836999999999
Clear Sky,LSTM,1.0416762999999998
Clear Sky,LSTM,1.3943074000000006
Clear Sky,LSTM,1.1299725999999994
Clear Sky,LSTM,1.6821789999999996
Clear Sky,LSTM,1.1654499999999999
Clear Sky,LSTM,1.6367180000000001
Clear Sky,LSTM,1.0888230000000014
Clear Sky,LSTM,1.2764859999999985
Clear Sky,LSTM,0.9657330000000002
Clear Sky,LSTM,0.9763960000000012
Clear Sky,LSTM,1.0252
Clear Sky,LSTM,1.0273520000000005
Clear Sky,LSTM,0.5859239999999986
Clear Sky,LSTM,0.8871859999999998
Clear Sky,LSTM,0.5849399999999996
Clear Sky,LSTM,0.3023680000000013
Clear Sky,LSTM,0.43048100000000034
Clear Sky,LSTM,0.02025599999999983
Clear Sky,LSTM,0.5122189999999982
Clear Sky,LSTM,0.28355900000000034
Clear Sky,LSTM,0.013880000000000337
Clear Sky,LSTM,0.00041900000000083537
Clear Sky,LSTM,0.013849000000000444
Clear Sky,LSTM,0.2852099999999993
Clear Sky,LSTM,0.21905299999999883
Clear Sky,LSTM,0.343159
Clear Sky,LSTM,0.1971170000000022
Clear Sky,LSTM,0.896296999999997
Clear Sky,LSTM,0.7860830000000014
Clear Sky,LSTM,0.5896760000000008
Clear Sky,LSTM,0.6885300000000001
Clear Sky,LSTM,0.9356629999999981
Clear Sky,LSTM,0.8480860000000003
Clear Sky,LSTM,0.8381120000000006
Clear Sky,LSTM,1.060626000000001
Clear Sky,LSTM,1.6068369999999987
Clear Sky,LSTM,1.7031970000000012
Clear Sky,LSTM,1.345013999999999
Clear Sky,LSTM,1.4892317000000004
Clear Sky,LSTM,1.5023989999999996
Clear Sky,LSTM,1.5149306999999999
Clear Sky,LSTM,1.0953658000000006
Clear Sky,LSTM,1.1607303
Clear Sky,LSTM,1.0877321999999998
Clear Sky,LSTM,0.6179442999999999
Clear Sky,LSTM,0.7991486999999999
Clear Sky,LSTM,1.0991612000000002
Clear Sky,LSTM,1.0959903
Clear Sky,LSTM,1.4805190000000001
Clear Sky,LSTM,1.1723936999999998
Clear Sky,LSTM,1.7776012999999997
Clear Sky,LSTM,1.2409960000000009
Clear Sky,LSTM,1.6647339999999993
Clear Sky,LSTM,1.1701560000000004
Clear Sky,LSTM,1.2937914999999993
Clear Sky,LSTM,1.008366500000001
Clear Sky,LSTM,1.007852999999999
Clear Sky,LSTM,1.0315320000000021
Clear Sky,LSTM,1.049115999999998
Clear Sky,LSTM,0.5942919999999994
Clear Sky,LSTM,0.9283670000000015
Clear Sky,LSTM,0.5792779999999986
Clear Sky,LSTM,0.2873739999999998
Clear Sky,LSTM,0.42503699999999967
Clear Sky,LSTM,0.019186000000001258
Clear Sky,LSTM,0.5112270000000017
Clear Sky,LSTM,0.2840609999999977
Clear Sky,LSTM,0.03589399999999898
Clear Sky,LSTM,0.023001000000000715
Clear Sky,LSTM,0.010808999999998292
Clear Sky,LSTM,0.351305
Clear Sky,LSTM,0.27918200000000226
Clear Sky,LSTM,0.3898239999999973
Clear Sky,LSTM,0.2496760000000009
Clear Sky,LSTM,0.9323370000000004
Clear Sky,LSTM,0.8032469999999989
Clear Sky,LSTM,0.6009799999999998
Clear Sky,LSTM,0.6935900000000004
Clear Sky,LSTM,0.9642879999999998
Clear Sky,LSTM,0.8542945000000017
Clear Sky,LSTM,0.8817354999999996
Clear Sky,LSTM,1.087681
Clear Sky,LSTM,1.6664630000000002
Clear Sky,LSTM,1.7400819999999992
Clear Sky,LSTM,1.3783960000000004
Clear Sky,LSTM,1.5338515
Clear Sky,LSTM,1.5527482000000008
Clear Sky,LSTM,1.5281566999999994
Clear Sky,LSTM,1.0906754000000003
Clear Sky,LSTM,1.2015346999999998
Clear Sky,LSTM,1.08521037
Clear Sky,LSTM,0.6563561000000001
Clear Sky,LSTM,0.8073011999999999
Clear Sky,LSTM,1.1459164999999998
Clear Sky,LSTM,1.1044019999999999
Clear Sky,LSTM,1.5219724000000001
Clear Sky,LSTM,1.1723689999999998
Clear Sky,LSTM,1.7882065999999996
Clear Sky,LSTM,1.2487410000000008
Clear Sky,LSTM,1.6559854999999999
Clear Sky,LSTM,1.2109795000000005
Clear Sky,LSTM,1.2920540000000003
Clear Sky,LSTM,1.0422879999999992
Clear Sky,LSTM,1.0236550000000015
Clear Sky,LSTM,1.0381639999999983
Clear Sky,LSTM,1.067931999999999
Clear Sky,LSTM,0.6008230000000019
Clear Sky,LSTM,0.9720359999999992
Clear Sky,LSTM,0.5600300000000011
Clear Sky,LSTM,0.26714899999999986
Clear Sky,LSTM,0.42622599999999977
Clear Sky,LSTM,0.020630000000000592
Clear Sky,LSTM,0.49045699999999925
Clear Sky,LSTM,0.27776700000000076
Clear Sky,LSTM,0.08916100000000071
Clear Sky,LSTM,0.04115499999999983
Clear Sky,LSTM,0.03775399999999962
Clear Sky,LSTM,0.3898539999999997
Clear Sky,LSTM,0.3280130000000021
Clear Sky,LSTM,0.42704900000000023
Clear Sky,LSTM,0.27598199999999906
Clear Sky,LSTM,0.9575390000000006
Clear Sky,LSTM,0.8006570000000011
Clear Sky,LSTM,0.6374209999999998
Clear Sky,LSTM,0.6945319999999988
Clear Sky,LSTM,0.9865549999999992
Clear Sky,LSTM,0.8588959999999997
Clear Sky,LSTM,0.9198190000000004
Clear Sky,LSTM,1.1178670000000004
Clear Sky,LSTM,1.696714
Clear Sky,LSTM,1.7461590000000005
Clear Sky,LSTM,1.3637854999999988
Clear Sky,LSTM,1.5312571000000004
Clear Sky,LSTM,1.5544358000000003
Clear Sky,LSTM,1.4887480000000002
Clear Sky,LSTM,1.0488091000000002
Clear Sky,LSTM,1.1850560999999997
Clear Sky,LSTM,1.0556288
Clear Sky,LSTM,0.8586995999999998
Clear Sky,LSTM,1.1312452
Clear Sky,LSTM,1.1196265000000003
Clear Sky,LSTM,1.4648532999999997
Clear Sky,LSTM,1.1632404000000003
Clear Sky,LSTM,1.731052599999999
Clear Sky,LSTM,1.1802400000000013
Clear Sky,LSTM,1.5906769999999995
Clear Sky,LSTM,1.0822959999999995
Clear Sky,LSTM,1.2187860000000015
Clear Sky,LSTM,0.909953999999999
Clear Sky,LSTM,0.9509040000000013
Clear Sky,LSTM,0.9648489999999974
Clear Sky,LSTM,1.0092800000000004
Clear Sky,LSTM,0.5612330000000014
Clear Sky,LSTM,0.8965589999999999
Clear Sky,LSTM,0.5717719999999993
Clear Sky,LSTM,0.29209300000000127
Clear Sky,LSTM,0.42548499999999834
Clear Sky,LSTM,0.019515999999999423
Clear Sky,LSTM,0.5232489999999999
Clear Sky,LSTM,0.29534700000000313
Clear Sky,LSTM,0.015764000000000777
Clear Sky,LSTM,0.003235000000000099
Clear Sky,LSTM,0.006644999999998902
Clear Sky,LSTM,0.3379359999999991
Clear Sky,LSTM,0.27255500000000055
Clear Sky,LSTM,0.3739920000000012
Clear Sky,LSTM,0.24583900000000014
Clear Sky,LSTM,0.9336489999999991
Clear Sky,LSTM,0.8423690000000015
Clear Sky,LSTM,0.6408929999999984
Clear Sky,LSTM,0.7414710000000007
Clear Sky,LSTM,1.0052489999999992
Clear Sky,LSTM,0.9050030000000007
Clear Sky,LSTM,0.9323610000000002
Clear Sky,LSTM,1.1296589999999984
Clear Sky,LSTM,1.6933060000000015
Clear Sky,LSTM,1.7562294999999999
Clear Sky,LSTM,1.4242814999999993
Clear Sky,LSTM,1.5453260000000002
Clear Sky,LSTM,1.5214622999999996
Clear Sky,LSTM,1.5026059000000003
Clear Sky,LSTM,1.0317910000000001
Clear Sky,LSTM,1.1304508999999998
Clear Sky,LSTM,1.3893704999999996
Clear Sky,LSTM,1.1484794000000003
Clear Sky,LSTM,1.6964027000000002
Clear Sky,LSTM,1.4799289999999994
Clear Sky,LSTM,1.630760500000001
Clear Sky,LSTM,1.3291585000000001
Clear Sky,LSTM,1.6790409999999998
Clear Sky,LSTM,1.3089510000000004
Clear Sky,LSTM,1.5327659999999987
Clear Sky,LSTM,1.0546989999999994
Clear Sky,LSTM,0.8871900000000004
Clear Sky,LSTM,0.5496629999999989
Clear Sky,LSTM,0.3469810000000031
Clear Sky,LSTM,0.34304500000000004
Clear Sky,LSTM,0.08732100000000287
Clear Sky,LSTM,0.05210399999999993
Clear Sky,LSTM,0.04074199999999806
Clear Sky,LSTM,0.5490010000000005
Clear Sky,LSTM,0.3963800000000006
Clear Sky,LSTM,0.523146999999998
Clear Sky,LSTM,0.8093590000000006
Clear Sky,LSTM,0.7732270000000003
Clear Sky,LSTM,0.7646860000000011
Clear Sky,LSTM,0.675889999999999
Clear Sky,LSTM,1.3128259999999994
Clear Sky,LSTM,1.3462250000000004
Clear Sky,LSTM,1.16404
Clear Sky,LSTM,1.3345730000000007
Clear Sky,LSTM,1.498862
Clear Sky,LSTM,1.3666576
Clear Sky,LSTM,1.3788729000000002
Clear Sky,LSTM,1.2116455
Clear Sky,LSTM,1.4135814
Clear Sky,LSTM,1.2332454999999998
Clear Sky,LSTM,0.7093133
Clear Sky,LSTM,1.9058349000000003
Clear Sky,LSTM,1.2855977999999997
Clear Sky,LSTM,2.1191525999999996
Clear Sky,LSTM,1.6753760000000009
Clear Sky,LSTM,1.7948500000000003
Clear Sky,LSTM,1.5948279999999997
Clear Sky,LSTM,1.9605409999999992
Clear Sky,LSTM,1.5626760000000015
Clear Sky,LSTM,1.8615269999999988
Clear Sky,LSTM,1.133541000000001
Clear Sky,LSTM,1.1958629999999992
Clear Sky,LSTM,0.9571240000000003
Clear Sky,LSTM,0.5185209999999998
Clear Sky,LSTM,0.41645499999999913
Clear Sky,LSTM,0.15282600000000102
Clear Sky,LSTM,0.5835650000000001
Clear Sky,LSTM,0.26067099999999854
Clear Sky,LSTM,0.09297300000000064
Clear Sky,LSTM,0.12528500000000165
Clear Sky,LSTM,0.012128000000000583
Clear Sky,LSTM,0.31556499999999943
Clear Sky,LSTM,0.18048100000000034
Clear Sky,LSTM,0.23960200000000142
Clear Sky,LSTM,0.14385400000000104
Clear Sky,LSTM,0.9969000000000001
Clear Sky,LSTM,0.8211039999999983
Clear Sky,LSTM,0.5739480000000015
Clear Sky,LSTM,0.9200989999999969
Clear Sky,LSTM,1.1962550000000007
Clear Sky,LSTM,1.1124650000000003
Clear Sky,LSTM,1.1747870000000002
Clear Sky,LSTM,1.298528000000001
Clear Sky,LSTM,2.0368509999999986
Clear Sky,LSTM,2.212053000000001
Clear Sky,LSTM,1.6736009999999997
Clear Sky,LSTM,1.861339
Clear Sky,LSTM,1.7580682999999997
Clear Sky,LSTM,1.6075294000000007
Clear Sky,LSTM,0.4942808999999999
Clear Sky,LSTM,1.2753367
Clear Sky,LSTM,0.9782519999999999
Clear Sky,LSTM,1.7580160000000005
Clear Sky,LSTM,1.51558
Clear Sky,LSTM,1.7487690000000002
Clear Sky,LSTM,1.663278
Clear Sky,LSTM,2.063725999999999
Clear Sky,LSTM,1.7418560000000003
Clear Sky,LSTM,2.009955999999999
Clear Sky,LSTM,1.5154030000000027
Clear Sky,LSTM,1.3146609999999974
Clear Sky,LSTM,0.9987110000000001
Clear Sky,LSTM,0.3581789999999998
Clear Sky,LSTM,0.45797600000000216
Clear Sky,LSTM,0.10263000000000133
Clear Sky,LSTM,0.03924599999999856
Clear Sky,LSTM,0.17310499999999962
Clear Sky,LSTM,0.7088609999999989
Clear Sky,LSTM,0.3775340000000007
Clear Sky,LSTM,0.5561930000000004
Clear Sky,LSTM,0.5734119999999976
Clear Sky,LSTM,0.6329630000000002
Clear Sky,LSTM,0.5959830000000004
Clear Sky,LSTM,0.39410600000000073
Clear Sky,LSTM,1.1299840000000003
Clear Sky,LSTM,0.9033449999999998
Clear Sky,LSTM,0.9322654999999997
Clear Sky,LSTM,0.9887374999999992
Clear Sky,LSTM,1.2847760000000008
Clear Sky,LSTM,1.1776160000000004
Clear Sky,LSTM,1.345699999999999
Clear Sky,LSTM,1.4372575000000012
Clear Sky,LSTM,1.712582499999999
Clear Sky,LSTM,1.834396
Clear Sky,LSTM,1.1543960000000002
Clear Sky,LSTM,1.1401070000000004
Clear Sky,LSTM,1.0058130999999997
Clear Sky,LSTM,0.7205598000000001
Clear Sky,LSTM,0.5309843000000001
Clear Sky,LSTM,1.7662780999999999
Clear Sky,LSTM,1.2060610000000005
Clear Sky,LSTM,2.0174079999999996
Clear Sky,LSTM,1.6036150000000005
Clear Sky,LSTM,1.8836309999999994
Clear Sky,LSTM,1.6309079999999998
Clear Sky,LSTM,2.1781620000000004
Clear Sky,LSTM,1.6399930000000005
Clear Sky,LSTM,2.1009369999999983
Clear Sky,LSTM,1.537155000000002
Clear Sky,LSTM,1.2544599999999981
Clear Sky,LSTM,1.2377770000000012
Clear Sky,LSTM,0.6536089999999994
Clear Sky,LSTM,0.5719449999999995
Clear Sky,LSTM,0.20966900000000166
Clear Sky,LSTM,0.5094600000000007
Clear Sky,LSTM,0.20883999999999858
Clear Sky,LSTM,0.1957400000000007
Clear Sky,LSTM,0.08463500000000224
Clear Sky,LSTM,0.14388700000000298
Clear Sky,LSTM,0.33212999999999937
Clear Sky,LSTM,0.2718619999999987
Clear Sky,LSTM,0.22616999999999976
Clear Sky,LSTM,0.15424499999999952
Clear Sky,LSTM,0.9499680000000019
Clear Sky,LSTM,0.9240919999999981
Clear Sky,LSTM,0.615749000000001
Clear Sky,LSTM,1.0877610000000004
Clear Sky,LSTM,1.4470460000000003
Clear Sky,LSTM,1.386136999999998
Clear Sky,LSTM,1.5211460000000017
Clear Sky,LSTM,1.5703490000000002
Clear Sky,LSTM,2.239837999999999
Clear Sky,LSTM,2.4130000000000003
Clear Sky,LSTM,1.7834955000000008
Clear Sky,LSTM,1.8667384999999994
Clear Sky,LSTM,1.5709024000000005
Clear Sky,LSTM,1.2965449
Clear Sky,LSTM,0.8178782
Clear Sky,LSTM,1.9689355000000002
Clear Sky,LSTM,1.3641934999999998
Clear Sky,LSTM,2.042032
Clear Sky,LSTM,1.5809610000000003
Clear Sky,LSTM,1.7512629999999998
Clear Sky,LSTM,1.4630419999999997
Clear Sky,LSTM,1.7810120000000005
Clear Sky,LSTM,1.3840409999999999
Clear Sky,LSTM,1.7259789999999988
Clear Sky,LSTM,1.0797310000000024
Clear Sky,LSTM,1.110474
Clear Sky,LSTM,0.9504540000000006
Clear Sky,LSTM,0.4612659999999984
Clear Sky,LSTM,0.47715200000000024
Clear Sky,LSTM,0.12565999999999988
Clear Sky,LSTM,0.6393829999999987
Clear Sky,LSTM,0.3204190000000011
Clear Sky,LSTM,0.13500200000000007
Clear Sky,LSTM,0.11285399999999868
Clear Sky,LSTM,0.026810999999998586
Clear Sky,LSTM,0.2729040000000005
Clear Sky,LSTM,0.23340800000000073
Clear Sky,LSTM,0.2904260000000001
Clear Sky,LSTM,0.14462299999999928
Clear Sky,LSTM,0.9497140000000002
Clear Sky,LSTM,0.8199299999999994
Clear Sky,LSTM,0.6055729999999997
Clear Sky,LSTM,0.871105
Clear Sky,LSTM,1.2161849999999994
Clear Sky,LSTM,1.0897240000000004
Clear Sky,LSTM,1.177417000000002
Clear Sky,LSTM,1.3524019999999979
Clear Sky,LSTM,2.22246
Clear Sky,LSTM,2.2499255
Clear Sky,LSTM,1.8750065000000014
Clear Sky,LSTM,1.9901579999999992
Clear Sky,LSTM,1.9366467000000007
Clear Sky,LSTM,1.7300977999999998
Clear Sky,LSTM,0.30141056
Clear Sky,LSTM,0.44932862999999995
Clear Sky,LSTM,0.7085878
Clear Sky,LSTM,0.8593775000000001
Clear Sky,LSTM,1.2440232999999998
Clear Sky,LSTM,1.1782499
Clear Sky,LSTM,1.6749765000000005
Clear Sky,LSTM,1.2398045999999994
Clear Sky,LSTM,1.9280284000000005
Clear Sky,LSTM,1.4213640000000005
Clear Sky,LSTM,1.727238999999999
Clear Sky,LSTM,1.2993369999999995
Clear Sky,LSTM,1.4402100000000004
Clear Sky,LSTM,1.1773990000000012
Clear Sky,LSTM,1.0838870000000007
Clear Sky,LSTM,1.0826499999999974
Clear Sky,LSTM,1.1387719999999995
Clear Sky,LSTM,0.7495800000000017
Clear Sky,LSTM,1.0555330000000005
Clear Sky,LSTM,0.7127029999999976
Clear Sky,LSTM,0.3070420000000027
Clear Sky,LSTM,0.44275599999999926
Clear Sky,LSTM,0.08060400000000101
Clear Sky,LSTM,0.4756939999999972
Clear Sky,LSTM,0.2305860000000024
Clear Sky,LSTM,0.10710500000000067
Clear Sky,LSTM,0.05450000000000088
Clear Sky,LSTM,0.10295899999999847
Clear Sky,LSTM,0.41786400000000157
Clear Sky,LSTM,0.3910859999999978
Clear Sky,LSTM,0.4405999999999999
Clear Sky,LSTM,0.3265740000000008
Clear Sky,LSTM,0.9433369999999996
Clear Sky,LSTM,0.7910190000000021
Clear Sky,LSTM,0.535183
Clear Sky,LSTM,0.6098180000000006
Clear Sky,LSTM,0.9401909999999987
Clear Sky,LSTM,0.8231310000000001
Clear Sky,LSTM,0.8147510000000011
Clear Sky,LSTM,1.0863249999999987
Clear Sky,LSTM,1.706442000000001
Clear Sky,LSTM,1.7682379999999984
Clear Sky,LSTM,1.3429210000000005
Clear Sky,LSTM,1.5778320000000008
Clear Sky,LSTM,1.6950639999999995
Clear Sky,LSTM,1.6165135
Clear Sky,LSTM,1.2693944999999998
Clear Sky,LSTM,1.4437424
Clear Sky,LSTM,1.3727746
Clear Sky,LSTM,0.8735181000000001
Clear Sky,LSTM,0.6930109200000001
Clear Sky,LSTM,0.03060528999999995
Clear Sky,LSTM,0.24296042
Clear Sky,LSTM,0.26430106
Clear Sky,LSTM,0.37847347
Clear Sky,LSTM,0.7324424
Clear Sky,LSTM,0.6726113999999999
Clear Sky,LSTM,1.1642976000000003
Clear Sky,LSTM,0.8094839
Clear Sky,LSTM,1.593299
Clear Sky,LSTM,1.1460466999999994
Clear Sky,LSTM,1.7321312999999998
Clear Sky,LSTM,1.3438680000000005
Clear Sky,LSTM,1.594252000000001
Clear Sky,LSTM,1.4224679999999985
Clear Sky,LSTM,1.514641000000001
Clear Sky,LSTM,1.3619640000000004
Clear Sky,LSTM,1.5338299999999983
Clear Sky,LSTM,1.2724270000000004
Clear Sky,LSTM,1.3527070000000023
Clear Sky,LSTM,1.0622769999999981
Clear Sky,LSTM,0.555097
Clear Sky,LSTM,0.7042010000000012
Clear Sky,LSTM,0.3141350000000003
Clear Sky,LSTM,0.622557999999998
Clear Sky,LSTM,0.3750540000000022
Clear Sky,LSTM,0.09135300000000157
Clear Sky,LSTM,0.05027199999999965
Clear Sky,LSTM,0.05382699999999829
Clear Sky,LSTM,0.3274229999999996
Clear Sky,LSTM,0.3046090000000028
Clear Sky,LSTM,0.39304199999999767
Clear Sky,LSTM,0.17267200000000216
Clear Sky,LSTM,0.9255490000000002
Clear Sky,LSTM,0.7221279999999979
Clear Sky,LSTM,0.5984470000000002
Clear Sky,LSTM,0.5726499999999994
Clear Sky,LSTM,0.9364160000000012
Clear Sky,LSTM,0.7802700000000016
Clear Sky,LSTM,0.743859999999998
Clear Sky,LSTM,1.079274999999999
Clear Sky,LSTM,1.6864380000000008
Clear Sky,LSTM,1.7700260000000014
Clear Sky,LSTM,1.3117539999999988
Clear Sky,LSTM,1.5750325000000007
Clear Sky,LSTM,1.7109515000000002
Clear Sky,LSTM,1.615595
Clear Sky,LSTM,1.3050762999999996
Clear Sky,LSTM,1.4413693000000003
Clear Sky,LSTM,1.4032657
Clear Sky,LSTM,0.9589315999999999
Clear Sky,LSTM,0.7818993999999999
Clear Sky,LSTM,0.28992127
Clear Sky,LSTM,0.4349772499999999
Clear Sky,LSTM,0.7108156999999999
Clear Sky,LSTM,0.844721
Clear Sky,LSTM,1.2872896000000003
Clear Sky,LSTM,1.2802381999999999
Clear Sky,LSTM,1.7419085999999995
Clear Sky,LSTM,1.3027810000000004
Clear Sky,LSTM,2.1190169999999995
Clear Sky,LSTM,1.5589200000000005
Clear Sky,LSTM,1.7670060000000003
Clear Sky,LSTM,1.3547779999999996
Clear Sky,LSTM,1.4812010000000004
Clear Sky,LSTM,1.1474890000000002
Clear Sky,LSTM,1.100359000000001
Clear Sky,LSTM,0.9828469999999996
Clear Sky,LSTM,1.114291999999999
Clear Sky,LSTM,0.6704280000000011
Clear Sky,LSTM,0.9893699999999974
Clear Sky,LSTM,0.7512260000000026
Clear Sky,LSTM,0.3518359999999987
Clear Sky,LSTM,0.4462660000000014
Clear Sky,LSTM,0.17367699999999786
Clear Sky,LSTM,0.6161899999999996
Clear Sky,LSTM,0.38492000000000104
Clear Sky,LSTM,0.07450700000000055
Clear Sky,LSTM,0.12533799999999928
Clear Sky,LSTM,0.019854999999999734
Clear Sky,LSTM,0.32247899999999774
Clear Sky,LSTM,0.35283500000000245
Clear Sky,LSTM,0.31183599999999956
Clear Sky,LSTM,0.3044319999999985
Clear Sky,LSTM,0.9448450000000008
Clear Sky,LSTM,0.8244860000000003
Clear Sky,LSTM,0.43327700000000036
Clear Sky,LSTM,0.6374150000000007
Clear Sky,LSTM,0.9365329999999972
Clear Sky,LSTM,0.8145060000000015
Clear Sky,LSTM,0.8452160000000006
Clear Sky,LSTM,0.9987460000000006
Clear Sky,LSTM,1.7478779999999983
Clear Sky,LSTM,1.8106350000000013
Clear Sky,LSTM,1.4198120000000003
Clear Sky,LSTM,1.6794139999999995
Clear Sky,LSTM,1.8183239999999987
Clear Sky,LSTM,1.750381400000001
Clear Sky,LSTM,1.4239182000000001
Clear Sky,LSTM,1.7139987999999997
Clear Sky,LSTM,1.5377866999999998
Clear Sky,LSTM,1.0496447000000002
Clear Sky,LSTM,0.8288769399999999
Clear Sky,LSTM,0.42139289999999996
Clear Sky,LSTM,0.6507228
Clear Sky,LSTM,0.7498017000000001
Clear Sky,LSTM,0.8847183999999997
Clear Sky,LSTM,1.0347528000000001
Clear Sky,LSTM,0.7884473999999999
Clear Sky,LSTM,1.1386132
Clear Sky,LSTM,0.9196029000000001
Clear Sky,LSTM,1.4565725
Clear Sky,LSTM,1.1959649999999993
Clear Sky,LSTM,1.6236250000000005
Clear Sky,LSTM,1.3396439999999998
Clear Sky,LSTM,1.5663680000000006
Clear Sky,LSTM,1.399042999999999
Clear Sky,LSTM,1.4774080000000023
Clear Sky,LSTM,1.426675999999997
Clear Sky,LSTM,1.4203810000000026
Clear Sky,LSTM,1.0096269999999983
Clear Sky,LSTM,1.0004899999999992
Clear Sky,LSTM,0.7153530000000003
Clear Sky,LSTM,0.008637000000000228
Clear Sky,LSTM,0.2401490000000024
Clear Sky,LSTM,0.4634050000000016
Clear Sky,LSTM,0.018482999999999805
Clear Sky,LSTM,0.44048700000000096
Clear Sky,LSTM,0.8237419999999993
Clear Sky,LSTM,0.7629219999999997
Clear Sky,LSTM,0.698281999999999
Clear Sky,LSTM,0.8278500000000015
Clear Sky,LSTM,0.9264589999999977
Clear Sky,LSTM,0.8389450000000025
Clear Sky,LSTM,0.6602479999999993
Clear Sky,LSTM,1.1529989999999994
Clear Sky,LSTM,0.7875010000000007
Clear Sky,LSTM,0.5312409999999996
Clear Sky,LSTM,0.3082729999999998
Clear Sky,LSTM,0.5374439999999989
Clear Sky,LSTM,0.2577280000000002
Clear Sky,LSTM,0.3861410000000003
Clear Sky,LSTM,0.5179740000000006
Clear Sky,LSTM,0.9893129999999992
Clear Sky,LSTM,1.1250870000000006
Clear Sky,LSTM,0.8125110000000006
Clear Sky,LSTM,0.940726999999999
Clear Sky,LSTM,1.2735080000000005
Clear Sky,LSTM,1.1841536999999995
Clear Sky,LSTM,0.8647857000000005
Clear Sky,LSTM,0.9903640999999999
Clear Sky,LSTM,1.1088632999999999
Clear Sky,LSTM,0.7745934000000001
Clear Sky,LSTM,0.5832200999999999
Clear Sky,LSTM,0.25386179999999997
Clear Sky,LSTM,0.5480494000000001
Clear Sky,LSTM,0.5261251999999998
Clear Sky,LSTM,0.6756437
Clear Sky,LSTM,0.9861544000000002
Clear Sky,LSTM,0.9992376999999997
Clear Sky,LSTM,1.3666473000000003
Clear Sky,LSTM,1.0056599999999998
Clear Sky,LSTM,1.670083
Clear Sky,LSTM,1.2932889999999997
Clear Sky,LSTM,1.492934
Clear Sky,LSTM,1.2547810000000013
Clear Sky,LSTM,1.433116
Clear Sky,LSTM,1.1488969999999998
Clear Sky,LSTM,1.162897000000001
Clear Sky,LSTM,0.9568929999999973
Clear Sky,LSTM,1.0878680000000003
Clear Sky,LSTM,0.9202960000000004
Clear Sky,LSTM,0.9838440000000013
Clear Sky,LSTM,0.8227529999999987
Clear Sky,LSTM,0.2887890000000013
Clear Sky,LSTM,0.5942179999999979
Clear Sky,LSTM,0.20054000000000016
Clear Sky,LSTM,0.5802230000000002
Clear Sky,LSTM,0.49380000000000024
Clear Sky,LSTM,0.058790000000001896
Clear Sky,LSTM,0.21306399999999925
Clear Sky,LSTM,0.03662100000000024
Clear Sky,LSTM,0.2087040000000009
Clear Sky,LSTM,0.35227000000000075
Clear Sky,LSTM,0.2940660000000008
Clear Sky,LSTM,0.15879799999999733
Clear Sky,LSTM,0.8803580000000011
Clear Sky,LSTM,0.8174360000000007
Clear Sky,LSTM,0.5639870000000009
Clear Sky,LSTM,0.568914999999997
Clear Sky,LSTM,0.8925739999999998
Clear Sky,LSTM,0.7551840000000034
Clear Sky,LSTM,0.8281409999999987
Clear Sky,LSTM,1.0159090000000006
Clear Sky,LSTM,1.5987929999999988
Clear Sky,LSTM,1.6280850000000004
Clear Sky,LSTM,1.3153989999999993
Clear Sky,LSTM,1.5593760000000003
Clear Sky,LSTM,1.6509769999999993
Clear Sky,LSTM,1.548127700000001
Clear Sky,LSTM,1.3416628999999993
Clear Sky,LSTM,1.5386184000000003
Clear Sky,LSTM,1.4432492000000003
Clear Sky,LSTM,1.1156197999999997
Clear Sky,LSTM,0.7615328400000001
Clear Sky,LSTM,0.50523905
Clear Sky,LSTM,0.5657356
Clear Sky,LSTM,0.7221869999999999
Clear Sky,LSTM,1.0060427
Clear Sky,LSTM,0.9680693000000002
Clear Sky,LSTM,1.3767256999999997
Clear Sky,LSTM,1.0116886999999997
Clear Sky,LSTM,1.6126746
Clear Sky,LSTM,1.205826
Clear Sky,LSTM,1.5143529999999998
Clear Sky,LSTM,1.1584660000000007
Clear Sky,LSTM,1.337688
Clear Sky,LSTM,1.0874240000000004
Clear Sky,LSTM,1.0805589999999992
Clear Sky,LSTM,1.0221810000000016
Clear Sky,LSTM,1.0770129999999973
Clear Sky,LSTM,0.8175370000000015
Clear Sky,LSTM,1.0208709999999996
Clear Sky,LSTM,0.7777419999999999
Clear Sky,LSTM,0.3191069999999989
Clear Sky,LSTM,0.5417040000000028
Clear Sky,LSTM,0.17830299999999966
Clear Sky,LSTM,0.5875449999999987
Clear Sky,LSTM,0.3963819999999991
Clear Sky,LSTM,0.06564700000000201
Clear Sky,LSTM,0.15413699999999864
Clear Sky,LSTM,0.06427500000000208
Clear Sky,LSTM,0.23414200000000207
Clear Sky,LSTM,0.2525650000000006
Clear Sky,LSTM,0.2829200000000007
Clear Sky,LSTM,0.1875279999999968
Clear Sky,LSTM,0.8513700000000028
Clear Sky,LSTM,0.7506269999999979
Clear Sky,LSTM,0.5305370000000025
Clear Sky,LSTM,0.5842169999999989
Clear Sky,LSTM,0.8527470000000008
Clear Sky,LSTM,0.7441999999999993
Clear Sky,LSTM,0.7313399999999994
Clear Sky,LSTM,1.0192560000000004
Clear Sky,LSTM,1.5134729999999994
Clear Sky,LSTM,1.6316229999999994
Clear Sky,LSTM,1.2856170000000002
Clear Sky,LSTM,1.524063
Clear Sky,LSTM,1.5854630000000007
Clear Sky,LSTM,1.587764
Clear Sky,LSTM,1.3380007000000003
Clear Sky,LSTM,1.4653662999999995
Clear Sky,LSTM,1.431753
Clear Sky,LSTM,0.9810732
Clear Sky,LSTM,0.7886932500000001
Clear Sky,LSTM,0.24336305000000003
Clear Sky,LSTM,0.3184441699999999
Clear Sky,LSTM,0.4445182000000001
Clear Sky,LSTM,0.6721972
Clear Sky,LSTM,0.673244
Clear Sky,LSTM,1.0561845
Clear Sky,LSTM,0.8117739999999998
Clear Sky,LSTM,1.4664696
Clear Sky,LSTM,1.0271897
Clear Sky,LSTM,1.6124016999999995
Clear Sky,LSTM,1.1924880000000009
Clear Sky,LSTM,1.4272749999999998
Clear Sky,LSTM,1.2888199999999994
Clear Sky,LSTM,1.3598610000000004
Clear Sky,LSTM,1.3610880000000005
Clear Sky,LSTM,1.4218030000000006
Clear Sky,LSTM,1.11186
Clear Sky,LSTM,1.2597239999999985
Clear Sky,LSTM,0.9611739999999998
Clear Sky,LSTM,0.4992100000000015
Clear Sky,LSTM,0.6385849999999991
Clear Sky,LSTM,0.20660900000000026
Clear Sky,LSTM,0.5879370000000002
Clear Sky,LSTM,0.31357200000000063
Clear Sky,LSTM,0.05017300000000091
Clear Sky,LSTM,0.013880000000000337
Clear Sky,LSTM,0.004270999999999248
Clear Sky,LSTM,0.28164899999999804
Clear Sky,LSTM,0.22220800000000196
Clear Sky,LSTM,0.2862159999999996
Clear Sky,LSTM,0.11458299999999966
Clear Sky,LSTM,0.8261949999999985
Clear Sky,LSTM,0.6487420000000022
Clear Sky,LSTM,0.46698999999999913
Clear Sky,LSTM,0.5116599999999991
Clear Sky,LSTM,0.8089980000000025
Clear Sky,LSTM,0.6737989999999989
Clear Sky,LSTM,0.6740530000000007
Clear Sky,LSTM,0.9560799999999983
Clear Sky,LSTM,1.4960280000000008
Clear Sky,LSTM,1.664439999999999
Clear Sky,LSTM,1.2634980000000002
Clear Sky,LSTM,1.5111714999999997
Clear Sky,LSTM,1.5910335
Clear Sky,LSTM,1.606078000000001
Clear Sky,LSTM,1.3254450000000002
Clear Sky,LSTM,1.4074456999999998
Clear Sky,LSTM,1.3790955999999999
Clear Sky,LSTM,0.9302078
Clear Sky,LSTM,0.7867454399999999
Clear Sky,LSTM,0.4801943000000001
Clear Sky,LSTM,0.625799
Clear Sky,LSTM,0.8871825999999998
Clear Sky,LSTM,0.8956561000000001
Clear Sky,LSTM,1.3296581
Clear Sky,LSTM,1.0432739
Clear Sky,LSTM,1.6341257000000002
Clear Sky,LSTM,1.2098926999999993
Clear Sky,LSTM,1.6545810000000003
Clear Sky,LSTM,1.1970279999999995
Clear Sky,LSTM,1.4015830000000005
Clear Sky,LSTM,1.1514790000000001
Clear Sky,LSTM,1.1024259999999995
Clear Sky,LSTM,1.138027000000001
Clear Sky,LSTM,1.1071470000000012
Clear Sky,LSTM,0.7807829999999996
Clear Sky,LSTM,1.0225259999999992
Clear Sky,LSTM,0.7267739999999989
Clear Sky,LSTM,0.37539999999999907
Clear Sky,LSTM,0.5149750000000033
Clear Sky,LSTM,0.14273199999999875
Clear Sky,LSTM,0.5754400000000004
Clear Sky,LSTM,0.3566149999999979
Clear Sky,LSTM,0.07231900000000024
Clear Sky,LSTM,0.0513779999999997
Clear Sky,LSTM,0.055047000000001844
Clear Sky,LSTM,0.2543070000000007
Clear Sky,LSTM,0.1701990000000002
Clear Sky,LSTM,0.2760479999999994
Clear Sky,LSTM,0.15230999999999995
Clear Sky,LSTM,0.8010629999999992
Clear Sky,LSTM,0.6716040000000021
Clear Sky,LSTM,0.43665499999999824
Clear Sky,LSTM,0.5425080000000015
Clear Sky,LSTM,0.8113969999999995
Clear Sky,LSTM,0.7136080000000007
Clear Sky,LSTM,0.6600549999999998
Clear Sky,LSTM,0.9607639999999993
Clear Sky,LSTM,1.4915660000000006
Clear Sky,LSTM,1.6210909999999998
Clear Sky,LSTM,1.2362129999999993
Clear Sky,LSTM,1.4691639999999992
Clear Sky,LSTM,1.550955
Clear Sky,LSTM,1.5883920000000007
Clear Sky,LSTM,1.313028
Clear Sky,LSTM,1.4105133999999997
Clear Sky,LSTM,1.4365586000000001
Clear Sky,LSTM,0.9068254
Clear Sky,LSTM,0.8196954000000001
Clear Sky,LSTM,0.49013510000000005
Clear Sky,LSTM,0.736567
Clear Sky,LSTM,0.8529263
Clear Sky,LSTM,1.1956254999999998
Clear Sky,LSTM,1.1239582000000001
Clear Sky,LSTM,1.5640280000000004
Clear Sky,LSTM,1.1998129999999998
Clear Sky,LSTM,1.7736919999999996
Clear Sky,LSTM,1.3187160000000002
Clear Sky,LSTM,1.6097409999999996
Clear Sky,LSTM,1.1788629999999998
Clear Sky,LSTM,1.3289590000000011
Clear Sky,LSTM,1.0375815
Clear Sky,LSTM,0.9995054999999997
Clear Sky,LSTM,1.0185579999999987
Clear Sky,LSTM,1.0299370000000003
Clear Sky,LSTM,0.6840150000000023
Clear Sky,LSTM,1.0057200000000002
Clear Sky,LSTM,0.660976999999999
Clear Sky,LSTM,0.29741399999999985
Clear Sky,LSTM,0.45325300000000013
Clear Sky,LSTM,0.05880900000000011
Clear Sky,LSTM,0.4875170000000004
Clear Sky,LSTM,0.24812499999999815
Clear Sky,LSTM,0.07672299999999765
Clear Sky,LSTM,0.07714400000000055
Clear Sky,LSTM,0.0889140000000026
Clear Sky,LSTM,0.42605899999999863
Clear Sky,LSTM,0.387989000000001
Clear Sky,LSTM,0.44022199999999856
Clear Sky,LSTM,0.367243000000002
Clear Sky,LSTM,0.946202999999997
Clear Sky,LSTM,0.8019680000000022
Clear Sky,LSTM,0.5702420000000004
Clear Sky,LSTM,0.6252059999999986
Clear Sky,LSTM,0.8946970000000007
Clear Sky,LSTM,0.7787970000000008
Clear Sky,LSTM,0.7795259999999988
Clear Sky,LSTM,1.0191809999999997
Clear Sky,LSTM,1.5395605000000003
Clear Sky,LSTM,1.6100464999999993
Clear Sky,LSTM,1.2282650000000004
Clear Sky,LSTM,1.4252610000000008
Clear Sky,LSTM,1.490233599999999
Clear Sky,LSTM,1.4733620000000007
Clear Sky,LSTM,1.1266233999999997
Clear Sky,LSTM,1.2969624999999998
Clear Sky,LSTM,1.2722061
Clear Sky,LSTM,0.7808631000000001
Clear Sky,LSTM,0.65392693
Clear Sky,PiT-Net(Proposed),0.2891175424098891
Clear Sky,PiT-Net(Proposed),0.4370139260397755
Clear Sky,PiT-Net(Proposed),0.6582891231018204
Clear Sky,PiT-Net(Proposed),0.9053037307587573
Clear Sky,PiT-Net(Proposed),1.0852439495822455
Clear Sky,PiT-Net(Proposed),1.3013271493335958
Clear Sky,PiT-Net(Proposed),1.3468589732606242
Clear Sky,PiT-Net(Proposed),1.4132436144795069
Clear Sky,PiT-Net(Proposed),1.489806763329474
Clear Sky,PiT-Net(Proposed),1.76223270713332
Clear Sky,PiT-Net(Proposed),1.3553512608456284
Clear Sky,PiT-Net(Proposed),1.196224362878917
Clear Sky,PiT-Net(Proposed),1.3133950447107186
Clear Sky,PiT-Net(Proposed),1.105452375314826
Clear Sky,PiT-Net(Proposed),1.2383269084786548
Clear Sky,PiT-Net(Proposed),1.0888984652384366
Clear Sky,PiT-Net(Proposed),0.7012090620140476
Clear Sky,PiT-Net(Proposed),0.8897715419978098
Clear Sky,PiT-Net(Proposed),1.0190534310037194
Clear Sky,PiT-Net(Proposed),0.7867326471699059
Clear Sky,PiT-Net(Proposed),0.2663117735890488
Clear Sky,PiT-Net(Proposed),0.5043688929462284
Clear Sky,PiT-Net(Proposed),0.44130697854516754
Clear Sky,PiT-Net(Proposed),0.4683376042581209
Clear Sky,PiT-Net(Proposed),0.14984138306794392
Clear Sky,PiT-Net(Proposed),0.10192682572597178
Clear Sky,PiT-Net(Proposed),0.0853078805941685
Clear Sky,PiT-Net(Proposed),0.06138280513474115
Clear Sky,PiT-Net(Proposed),0.18884138824607888
Clear Sky,PiT-Net(Proposed),0.3387166816202587
Clear Sky,PiT-Net(Proposed),0.08063323947355983
Clear Sky,PiT-Net(Proposed),0.2182132123032936
Clear Sky,PiT-Net(Proposed),0.5436985848276059
Clear Sky,PiT-Net(Proposed),0.3951346887369276
Clear Sky,PiT-Net(Proposed),0.6364356032052036
Clear Sky,PiT-Net(Proposed),0.5203534716438902
Clear Sky,PiT-Net(Proposed),0.765483986488583
Clear Sky,PiT-Net(Proposed),0.8603223482092055
Clear Sky,PiT-Net(Proposed),1.13565832247113
Clear Sky,PiT-Net(Proposed),1.0316790091601575
Clear Sky,PiT-Net(Proposed),1.1547846709940472
Clear Sky,PiT-Net(Proposed),1.233685120446772
Clear Sky,PiT-Net(Proposed),1.2048048907427162
Clear Sky,PiT-Net(Proposed),1.4347534960600399
Clear Sky,PiT-Net(Proposed),1.542045380707492
Clear Sky,PiT-Net(Proposed),1.6716962111033897
Clear Sky,PiT-Net(Proposed),1.5768599822328975
Clear Sky,PiT-Net(Proposed),1.5074229119161888
Clear Sky,PiT-Net(Proposed),1.4674101609891306
Clear Sky,PiT-Net(Proposed),1.290950158260392
Clear Sky,PiT-Net(Proposed),1.1039770327176828
Clear Sky,PiT-Net(Proposed),0.8951298999558983
Clear Sky,PiT-Net(Proposed),0.6044898668528371
Clear Sky,PiT-Net(Proposed),0.2668075352989262
Clear Sky,PiT-Net(Proposed),0.391198047438058
Clear Sky,PiT-Net(Proposed),0.5929985072784181
Clear Sky,PiT-Net(Proposed),0.8285590633406601
Clear Sky,PiT-Net(Proposed),1.0217391640345865
Clear Sky,PiT-Net(Proposed),1.254071195059069
Clear Sky,PiT-Net(Proposed),1.321748887509294
Clear Sky,PiT-Net(Proposed),1.4005963609753165
Clear Sky,PiT-Net(Proposed),1.5296586547736846
Clear Sky,PiT-Net(Proposed),1.7759540649119359
Clear Sky,PiT-Net(Proposed),1.417154941493175
Clear Sky,PiT-Net(Proposed),1.2428184383156786
Clear Sky,PiT-Net(Proposed),1.3822893076147675
Clear Sky,PiT-Net(Proposed),1.1877352303484585
Clear Sky,PiT-Net(Proposed),1.358609128801998
Clear Sky,PiT-Net(Proposed),1.1730274366356923
Clear Sky,PiT-Net(Proposed),0.7361667904851821
Clear Sky,PiT-Net(Proposed),0.936357484804546
Clear Sky,PiT-Net(Proposed),1.0242561665757428
Clear Sky,PiT-Net(Proposed),0.8201844144467003
Clear Sky,PiT-Net(Proposed),0.3091222537944063
Clear Sky,PiT-Net(Proposed),0.5175023008021462
Clear Sky,PiT-Net(Proposed),0.39063884066705157
Clear Sky,PiT-Net(Proposed),0.4511146874024483
Clear Sky,PiT-Net(Proposed),0.128533234085495
Clear Sky,PiT-Net(Proposed),0.10420118134542378
Clear Sky,PiT-Net(Proposed),0.12607876964947806
Clear Sky,PiT-Net(Proposed),0.11686886750938541
Clear Sky,PiT-Net(Proposed),0.15044252905938293
Clear Sky,PiT-Net(Proposed),0.3487828328673679
Clear Sky,PiT-Net(Proposed),0.06669222770485561
Clear Sky,PiT-Net(Proposed),0.23454453817319276
Clear Sky,PiT-Net(Proposed),0.555848569526944
Clear Sky,PiT-Net(Proposed),0.41897031377010663
Clear Sky,PiT-Net(Proposed),0.6520335727860918
Clear Sky,PiT-Net(Proposed),0.562921038167012
Clear Sky,PiT-Net(Proposed),0.7563658367547532
Clear Sky,PiT-Net(Proposed),0.8679315437546684
Clear Sky,PiT-Net(Proposed),1.162662391777669
Clear Sky,PiT-Net(Proposed),1.0662187880378262
Clear Sky,PiT-Net(Proposed),1.1753272070546803
Clear Sky,PiT-Net(Proposed),1.2621500620461141
Clear Sky,PiT-Net(Proposed),1.1892504767177545
Clear Sky,PiT-Net(Proposed),1.4336170759771338
Clear Sky,PiT-Net(Proposed),1.5193279179041213
Clear Sky,PiT-Net(Proposed),1.6182555442284094
Clear Sky,PiT-Net(Proposed),1.524459682007545
Clear Sky,PiT-Net(Proposed),1.4696823863231714
Clear Sky,PiT-Net(Proposed),1.4599501405582416
Clear Sky,PiT-Net(Proposed),1.3027416965730714
Clear Sky,PiT-Net(Proposed),1.1257350259387813
Clear Sky,PiT-Net(Proposed),0.9150323566774015
Clear Sky,PiT-Net(Proposed),0.2424750341131909
Clear Sky,PiT-Net(Proposed),0.3623346757740398
Clear Sky,PiT-Net(Proposed),0.5444225258315152
Clear Sky,PiT-Net(Proposed),0.7625578096419334
Clear Sky,PiT-Net(Proposed),0.9652245305025544
Clear Sky,PiT-Net(Proposed),1.1895598568045775
Clear Sky,PiT-Net(Proposed),1.2226873228977961
Clear Sky,PiT-Net(Proposed),1.2587550859246122
Clear Sky,PiT-Net(Proposed),1.3359937429805537
Clear Sky,PiT-Net(Proposed),1.6020174246115637
Clear Sky,PiT-Net(Proposed),1.2274121203143586
Clear Sky,PiT-Net(Proposed),1.0880520721113527
Clear Sky,PiT-Net(Proposed),1.2530285231202676
Clear Sky,PiT-Net(Proposed),1.0433610739588222
Clear Sky,PiT-Net(Proposed),1.2768591394387787
Clear Sky,PiT-Net(Proposed),1.1504757721877308
Clear Sky,PiT-Net(Proposed),0.8494460819879386
Clear Sky,PiT-Net(Proposed),1.1134459518787807
Clear Sky,PiT-Net(Proposed),1.2033951035558026
Clear Sky,PiT-Net(Proposed),1.053995621161306
Clear Sky,PiT-Net(Proposed),0.4810323929751448
Clear Sky,PiT-Net(Proposed),0.643048961703407
Clear Sky,PiT-Net(Proposed),0.607540913660614
Clear Sky,PiT-Net(Proposed),0.6476345244957606
Clear Sky,PiT-Net(Proposed),0.23434323587942885
Clear Sky,PiT-Net(Proposed),0.2526533860435798
Clear Sky,PiT-Net(Proposed),0.06808797770434438
Clear Sky,PiT-Net(Proposed),0.04163901993118557
Clear Sky,PiT-Net(Proposed),0.17133724520185822
Clear Sky,PiT-Net(Proposed),0.2839257561771795
Clear Sky,PiT-Net(Proposed),0.1482754632167378
Clear Sky,PiT-Net(Proposed),0.2435694777430193
Clear Sky,PiT-Net(Proposed),0.5814362058963312
Clear Sky,PiT-Net(Proposed),0.4563579538766014
Clear Sky,PiT-Net(Proposed),0.68757664783843
Clear Sky,PiT-Net(Proposed),0.6194538101185323
Clear Sky,PiT-Net(Proposed),0.7506630763822812
Clear Sky,PiT-Net(Proposed),0.8945662910228123
Clear Sky,PiT-Net(Proposed),1.1856541498655417
Clear Sky,PiT-Net(Proposed),1.0961668145059775
Clear Sky,PiT-Net(Proposed),1.1936545168249886
Clear Sky,PiT-Net(Proposed),1.2759936840414223
Clear Sky,PiT-Net(Proposed),1.1866735572721048
Clear Sky,PiT-Net(Proposed),1.3909424410203446
Clear Sky,PiT-Net(Proposed),1.460964478722298
Clear Sky,PiT-Net(Proposed),1.5245578493110834
Clear Sky,PiT-Net(Proposed),1.4789942338228084
Clear Sky,PiT-Net(Proposed),1.4149182617941642
Clear Sky,PiT-Net(Proposed),1.446360663930136
Clear Sky,PiT-Net(Proposed),1.3150968321897314
Clear Sky,PiT-Net(Proposed),1.1561406496491977
Clear Sky,PiT-Net(Proposed),0.9745660636250608
Clear Sky,PiT-Net(Proposed),0.6740424066760624
Clear Sky,PiT-Net(Proposed),0.2881601654268
Clear Sky,PiT-Net(Proposed),0.4268143027611756
Clear Sky,PiT-Net(Proposed),0.6339995431201719
Clear Sky,PiT-Net(Proposed),0.8522279062719507
Clear Sky,PiT-Net(Proposed),1.0271930833408498
Clear Sky,PiT-Net(Proposed),1.2436601538211884
Clear Sky,PiT-Net(Proposed),1.3019241467397435
Clear Sky,PiT-Net(Proposed),1.390446962653427
Clear Sky,PiT-Net(Proposed),1.4716186404266391
Clear Sky,PiT-Net(Proposed),1.7216656250319033
Clear Sky,PiT-Net(Proposed),1.3775998157502887
Clear Sky,PiT-Net(Proposed),1.1880992141190312
Clear Sky,PiT-Net(Proposed),1.3164963600686175
Clear Sky,PiT-Net(Proposed),1.1552869847872227
Clear Sky,PiT-Net(Proposed),1.2346522931224175
Clear Sky,PiT-Net(Proposed),1.1282468649413673
Clear Sky,PiT-Net(Proposed),0.7124638592301267
Clear Sky,PiT-Net(Proposed),0.8884650103200542
Clear Sky,PiT-Net(Proposed),0.9664702190108372
Clear Sky,PiT-Net(Proposed),0.7806786013281766
Clear Sky,PiT-Net(Proposed),0.2787167045609742
Clear Sky,PiT-Net(Proposed),0.5663864252921762
Clear Sky,PiT-Net(Proposed),0.42579737542534346
Clear Sky,PiT-Net(Proposed),0.4359730654251166
Clear Sky,PiT-Net(Proposed),0.14235618129419336
Clear Sky,PiT-Net(Proposed),0.10497867008237449
Clear Sky,PiT-Net(Proposed),0.13151668362267444
Clear Sky,PiT-Net(Proposed),0.10858595427970741
Clear Sky,PiT-Net(Proposed),0.17837608971075625
Clear Sky,PiT-Net(Proposed),0.35864054107546295
Clear Sky,PiT-Net(Proposed),0.04904656938081331
Clear Sky,PiT-Net(Proposed),0.22817547990473486
Clear Sky,PiT-Net(Proposed),0.5103338532991692
Clear Sky,PiT-Net(Proposed),0.41844608976280995
Clear Sky,PiT-Net(Proposed),0.6649406345122699
Clear Sky,PiT-Net(Proposed),0.5554720231693224
Clear Sky,PiT-Net(Proposed),0.7416268125806305
Clear Sky,PiT-Net(Proposed),0.8382122364669158
Clear Sky,PiT-Net(Proposed),1.1173547418034815
Clear Sky,PiT-Net(Proposed),0.9969150717597017
Clear Sky,PiT-Net(Proposed),1.0876242494786084
Clear Sky,PiT-Net(Proposed),1.2120672156416852
Clear Sky,PiT-Net(Proposed),1.1557249912573653
Clear Sky,PiT-Net(Proposed),1.4047257912173947
Clear Sky,PiT-Net(Proposed),1.5035831447115662
Clear Sky,PiT-Net(Proposed),1.6272022577830274
Clear Sky,PiT-Net(Proposed),1.5302294060012844
Clear Sky,PiT-Net(Proposed),1.475705366190632
Clear Sky,PiT-Net(Proposed),1.4439823486629884
Clear Sky,PiT-Net(Proposed),1.2594574692583453
Clear Sky,PiT-Net(Proposed),1.0954496129469975
Clear Sky,PiT-Net(Proposed),0.8971835734637863
Clear Sky,PiT-Net(Proposed),0.6302848311410763
Clear Sky,PiT-Net(Proposed),0.32980788010465384
Clear Sky,PiT-Net(Proposed),0.47632906225361493
Clear Sky,PiT-Net(Proposed),0.6921779311276328
Clear Sky,PiT-Net(Proposed),0.925758577519447
Clear Sky,PiT-Net(Proposed),1.0974662578786827
Clear Sky,PiT-Net(Proposed),1.3121036624797613
Clear Sky,PiT-Net(Proposed),1.3598161558095931
Clear Sky,PiT-Net(Proposed),1.4287457573133961
Clear Sky,PiT-Net(Proposed),1.5057210962080578
Clear Sky,PiT-Net(Proposed),1.744782876553721
Clear Sky,PiT-Net(Proposed),1.3682865449166073
Clear Sky,PiT-Net(Proposed),1.1996234300146558
Clear Sky,PiT-Net(Proposed),1.309407751693465
Clear Sky,PiT-Net(Proposed),1.1112005521308
Clear Sky,PiT-Net(Proposed),1.2174317982411687
Clear Sky,PiT-Net(Proposed),1.0928514538607388
Clear Sky,PiT-Net(Proposed),0.6893724041117224
Clear Sky,PiT-Net(Proposed),0.8726797697163775
Clear Sky,PiT-Net(Proposed),0.9881490383282987
Clear Sky,PiT-Net(Proposed),0.7595841050346337
Clear Sky,PiT-Net(Proposed),0.26334085030761045
Clear Sky,PiT-Net(Proposed),0.5228292002872408
Clear Sky,PiT-Net(Proposed),0.3978412530035875
Clear Sky,PiT-Net(Proposed),0.43364438491612844
Clear Sky,PiT-Net(Proposed),0.11863301892860179
Clear Sky,PiT-Net(Proposed),0.06329113029135058
Clear Sky,PiT-Net(Proposed),0.16204075802631124
Clear Sky,PiT-Net(Proposed),0.10701347213208834
Clear Sky,PiT-Net(Proposed),0.16657124580986604
Clear Sky,PiT-Net(Proposed),0.34519987662900675
Clear Sky,PiT-Net(Proposed),0.056241502792968134
Clear Sky,PiT-Net(Proposed),0.21201914876536065
Clear Sky,PiT-Net(Proposed),0.5247723098502739
Clear Sky,PiT-Net(Proposed),0.40506735649444536
Clear Sky,PiT-Net(Proposed),0.6743818858255217
Clear Sky,PiT-Net(Proposed),0.5609291564603609
Clear Sky,PiT-Net(Proposed),0.7819105202311576
Clear Sky,PiT-Net(Proposed),0.8634621565682821
Clear Sky,PiT-Net(Proposed),1.1098130047579318
Clear Sky,PiT-Net(Proposed),1.005596653898273
Clear Sky,PiT-Net(Proposed),1.0940768202755553
Clear Sky,PiT-Net(Proposed),1.18946373099946
Clear Sky,PiT-Net(Proposed),1.1758468228016525
Clear Sky,PiT-Net(Proposed),1.4080166496512625
Clear Sky,PiT-Net(Proposed),1.5290052532445095
Clear Sky,PiT-Net(Proposed),1.6440167926478964
Clear Sky,PiT-Net(Proposed),1.5596358492210207
Clear Sky,PiT-Net(Proposed),1.4944978157625375
Clear Sky,PiT-Net(Proposed),1.47058073054336
Clear Sky,PiT-Net(Proposed),1.2864879124688042
Clear Sky,PiT-Net(Proposed),1.1090221833217937
Clear Sky,PiT-Net(Proposed),0.9045782780632079
Clear Sky,PiT-Net(Proposed),0.6294831561465433
Clear Sky,PiT-Net(Proposed),0.28242436534548515
Clear Sky,PiT-Net(Proposed),0.42417651003285683
Clear Sky,PiT-Net(Proposed),0.6486068419274651
Clear Sky,PiT-Net(Proposed),0.8785474615195752
Clear Sky,PiT-Net(Proposed),1.0459300752666838
Clear Sky,PiT-Net(Proposed),1.2614268921390197
Clear Sky,PiT-Net(Proposed),1.3102685894827104
Clear Sky,PiT-Net(Proposed),1.3833863106912405
Clear Sky,PiT-Net(Proposed),1.4537648596012902
Clear Sky,PiT-Net(Proposed),1.7129713185527304
Clear Sky,PiT-Net(Proposed),1.3614173852320892
Clear Sky,PiT-Net(Proposed),1.2035912675276759
Clear Sky,PiT-Net(Proposed),1.2990665667596755
Clear Sky,PiT-Net(Proposed),1.1201599641018838
Clear Sky,PiT-Net(Proposed),1.2057270583321813
Clear Sky,PiT-Net(Proposed),1.0877012266744046
Clear Sky,PiT-Net(Proposed),0.6943043885490532
Clear Sky,PiT-Net(Proposed),0.8355249504037978
Clear Sky,PiT-Net(Proposed),0.9668364868779129
Clear Sky,PiT-Net(Proposed),0.7311120422603992
Clear Sky,PiT-Net(Proposed),0.2794286359844378
Clear Sky,PiT-Net(Proposed),0.5080854835808353
Clear Sky,PiT-Net(Proposed),0.42050149353817545
Clear Sky,PiT-Net(Proposed),0.4416181345203469
Clear Sky,PiT-Net(Proposed),0.14406231562452732
Clear Sky,PiT-Net(Proposed),0.11005150219362392
Clear Sky,PiT-Net(Proposed),0.13734546714607632
Clear Sky,PiT-Net(Proposed),0.06617296032295172
Clear Sky,PiT-Net(Proposed),0.21420125862723438
Clear Sky,PiT-Net(Proposed),0.31379638449196534
Clear Sky,PiT-Net(Proposed),0.07755508075070594
Clear Sky,PiT-Net(Proposed),0.21678713580795872
Clear Sky,PiT-Net(Proposed),0.5472653150398834
Clear Sky,PiT-Net(Proposed),0.41862848138994124
Clear Sky,PiT-Net(Proposed),0.6398300229698108
Clear Sky,PiT-Net(Proposed),0.5307728176862163
Clear Sky,PiT-Net(Proposed),0.7333439883242185
Clear Sky,PiT-Net(Proposed),0.8413715012669165
Clear Sky,PiT-Net(Proposed),1.0994937909104152
Clear Sky,PiT-Net(Proposed),0.959777566588091
Clear Sky,PiT-Net(Proposed),1.0697466709808818
Clear Sky,PiT-Net(Proposed),1.1506722510528
Clear Sky,PiT-Net(Proposed),1.1189513273418772
Clear Sky,PiT-Net(Proposed),1.3459955030272592
Clear Sky,PiT-Net(Proposed),1.4513074042030123
Clear Sky,PiT-Net(Proposed),1.5977039768053523
Clear Sky,PiT-Net(Proposed),1.5137237416018392
Clear Sky,PiT-Net(Proposed),1.489114455712536
Clear Sky,PiT-Net(Proposed),1.45599507355983
Clear Sky,PiT-Net(Proposed),1.2880863601973571
Clear Sky,PiT-Net(Proposed),1.1230630054638726
Clear Sky,PiT-Net(Proposed),0.9243000422484222
Clear Sky,PiT-Net(Proposed),0.6599427140470202
Clear Sky,PiT-Net(Proposed),0.28529514563374103
Clear Sky,PiT-Net(Proposed),0.425098401989478
Clear Sky,PiT-Net(Proposed),0.6458558823691352
Clear Sky,PiT-Net(Proposed),0.8873356284923184
Clear Sky,PiT-Net(Proposed),1.0420149524495406
Clear Sky,PiT-Net(Proposed),1.2505833132745843
Clear Sky,PiT-Net(Proposed),1.290930276120915
Clear Sky,PiT-Net(Proposed),1.3602132394666286
Clear Sky,PiT-Net(Proposed),1.4375197766222154
Clear Sky,PiT-Net(Proposed),1.7025308391597438
Clear Sky,PiT-Net(Proposed),1.3436394714406497
Clear Sky,PiT-Net(Proposed),1.189465106498572
Clear Sky,PiT-Net(Proposed),1.2842724268827066
Clear Sky,PiT-Net(Proposed),1.0914047899184656
Clear Sky,PiT-Net(Proposed),1.2167579801036048
Clear Sky,PiT-Net(Proposed),1.05292583807746
Clear Sky,PiT-Net(Proposed),0.6792822769922431
Clear Sky,PiT-Net(Proposed),0.848470935768372
Clear Sky,PiT-Net(Proposed),0.9723309294087059
Clear Sky,PiT-Net(Proposed),0.7161095052491611
Clear Sky,PiT-Net(Proposed),0.28880546163286525
Clear Sky,PiT-Net(Proposed),0.5063373566657248
Clear Sky,PiT-Net(Proposed),0.4249638723898528
Clear Sky,PiT-Net(Proposed),0.43895293990003026
Clear Sky,PiT-Net(Proposed),0.1671980749989075
Clear Sky,PiT-Net(Proposed),0.1259533445802603
Clear Sky,PiT-Net(Proposed),0.1008536070940309
Clear Sky,PiT-Net(Proposed),0.029400325835979402
Clear Sky,PiT-Net(Proposed),0.22043804696459546
Clear Sky,PiT-Net(Proposed),0.26605324486884996
Clear Sky,PiT-Net(Proposed),0.055932466383733725
Clear Sky,PiT-Net(Proposed),0.18473749363923986
Clear Sky,PiT-Net(Proposed),0.5423921210710567
Clear Sky,PiT-Net(Proposed),0.3487622679070057
Clear Sky,PiT-Net(Proposed),0.5764110996738232
Clear Sky,PiT-Net(Proposed),0.47885375443555134
Clear Sky,PiT-Net(Proposed),0.7053802220586327
Clear Sky,PiT-Net(Proposed),0.8668759570144928
Clear Sky,PiT-Net(Proposed),1.108270435669315
Clear Sky,PiT-Net(Proposed),0.9599053369197321
Clear Sky,PiT-Net(Proposed),1.1054768204309973
Clear Sky,PiT-Net(Proposed),1.1659454283805584
Clear Sky,PiT-Net(Proposed),1.147543923785891
Clear Sky,PiT-Net(Proposed),1.3682875834467225
Clear Sky,PiT-Net(Proposed),1.493494332044179
Clear Sky,PiT-Net(Proposed),1.6246134767168527
Clear Sky,PiT-Net(Proposed),1.5342215137451367
Clear Sky,PiT-Net(Proposed),1.4953205892521249
Clear Sky,PiT-Net(Proposed),1.4536613495019317
Clear Sky,PiT-Net(Proposed),1.2995153337023577
Clear Sky,PiT-Net(Proposed),1.1228458577373797
Clear Sky,PiT-Net(Proposed),0.9286459850232669
Clear Sky,PiT-Net(Proposed),0.6663004576831704
Clear Sky,PiT-Net(Proposed),0.27698075527638666
Clear Sky,PiT-Net(Proposed),0.4196282210076545
Clear Sky,PiT-Net(Proposed),0.6473023259245363
Clear Sky,PiT-Net(Proposed),0.8829997445668742
Clear Sky,PiT-Net(Proposed),1.04414913793768
Clear Sky,PiT-Net(Proposed),1.256636968847904
Clear Sky,PiT-Net(Proposed),1.3142055553821486
Clear Sky,PiT-Net(Proposed),1.3986554460866243
Clear Sky,PiT-Net(Proposed),1.4728580614796751
Clear Sky,PiT-Net(Proposed),1.7457312105427665
Clear Sky,PiT-Net(Proposed),1.38335899493104
Clear Sky,PiT-Net(Proposed),1.2035964477150767
Clear Sky,PiT-Net(Proposed),1.3083787199807784
Clear Sky,PiT-Net(Proposed),1.1066806059332954
Clear Sky,PiT-Net(Proposed),1.2050523244708042
Clear Sky,PiT-Net(Proposed),1.0508245801175562
Clear Sky,PiT-Net(Proposed),0.6826066350719451
Clear Sky,PiT-Net(Proposed),0.8502589428414566
Clear Sky,PiT-Net(Proposed),0.972615335865477
Clear Sky,PiT-Net(Proposed),0.7069726291384058
Clear Sky,PiT-Net(Proposed),0.24178440485557573
Clear Sky,PiT-Net(Proposed),0.48480697769960557
Clear Sky,PiT-Net(Proposed),0.41664147050319045
Clear Sky,PiT-Net(Proposed),0.460337744143704
Clear Sky,PiT-Net(Proposed),0.18660403863394137
Clear Sky,PiT-Net(Proposed),0.13910956750439496
Clear Sky,PiT-Net(Proposed),0.07064387648481585
Clear Sky,PiT-Net(Proposed),0.01564668142380299
Clear Sky,PiT-Net(Proposed),0.2329895212464379
Clear Sky,PiT-Net(Proposed),0.28395711283841507
Clear Sky,PiT-Net(Proposed),0.050699679366200456
Clear Sky,PiT-Net(Proposed),0.17998540589040246
Clear Sky,PiT-Net(Proposed),0.5474422922088813
Clear Sky,PiT-Net(Proposed),0.36670228225767687
Clear Sky,PiT-Net(Proposed),0.6085520262905249
Clear Sky,PiT-Net(Proposed),0.502348046061428
Clear Sky,PiT-Net(Proposed),0.7335608295949676
Clear Sky,PiT-Net(Proposed),0.8520956678713496
Clear Sky,PiT-Net(Proposed),1.1337138163203946
Clear Sky,PiT-Net(Proposed),0.9770877529220101
Clear Sky,PiT-Net(Proposed),1.115903685191677
Clear Sky,PiT-Net(Proposed),1.1855890042310957
Clear Sky,PiT-Net(Proposed),1.1679781789020272
Clear Sky,PiT-Net(Proposed),1.3766392191617864
Clear Sky,PiT-Net(Proposed),1.4908429475143024
Clear Sky,PiT-Net(Proposed),1.6305754895372644
Clear Sky,PiT-Net(Proposed),1.537504167092619
Clear Sky,PiT-Net(Proposed),1.504062245936045
Clear Sky,PiT-Net(Proposed),1.4691868110245139
Clear Sky,PiT-Net(Proposed),1.3051551662408283
Clear Sky,PiT-Net(Proposed),1.1266234478131243
Clear Sky,PiT-Net(Proposed),0.9277477526400439
Clear Sky,PiT-Net(Proposed),0.6597693414183305
Clear Sky,PiT-Net(Proposed),0.2635710206225683
Clear Sky,PiT-Net(Proposed),0.4019426847530615
Clear Sky,PiT-Net(Proposed),0.632648444724517
Clear Sky,PiT-Net(Proposed),0.8717774965771881
Clear Sky,PiT-Net(Proposed),1.0460707707940071
Clear Sky,PiT-Net(Proposed),1.273949159257712
Clear Sky,PiT-Net(Proposed),1.3365834040648235
Clear Sky,PiT-Net(Proposed),1.422645749122542
Clear Sky,PiT-Net(Proposed),1.5022182946781228
Clear Sky,PiT-Net(Proposed),1.7794964469750703
Clear Sky,PiT-Net(Proposed),1.417930628044484
Clear Sky,PiT-Net(Proposed),1.2624774297165509
Clear Sky,PiT-Net(Proposed),1.3235567468179354
Clear Sky,PiT-Net(Proposed),1.137380134070364
Clear Sky,PiT-Net(Proposed),1.2338927715761603
Clear Sky,PiT-Net(Proposed),1.0771531522713929
Clear Sky,PiT-Net(Proposed),0.6689705303950291
Clear Sky,PiT-Net(Proposed),0.835333627355304
Clear Sky,PiT-Net(Proposed),0.9465872965764497
Clear Sky,PiT-Net(Proposed),0.6915432052887951
Clear Sky,PiT-Net(Proposed),0.24840325583046408
Clear Sky,PiT-Net(Proposed),0.506555935444311
Clear Sky,PiT-Net(Proposed),0.36749357094783974
Clear Sky,PiT-Net(Proposed),0.44657614914269317
Clear Sky,PiT-Net(Proposed),0.15728720914863814
Clear Sky,PiT-Net(Proposed),0.13059283721780446
Clear Sky,PiT-Net(Proposed),0.11187813429095783
Clear Sky,PiT-Net(Proposed),0.05067683571541792
Clear Sky,PiT-Net(Proposed),0.23745066996240993
Clear Sky,PiT-Net(Proposed),0.29518365948862524
Clear Sky,PiT-Net(Proposed),0.03891109763956635
Clear Sky,PiT-Net(Proposed),0.19534744907194934
Clear Sky,PiT-Net(Proposed),0.5412944533224717
Clear Sky,PiT-Net(Proposed),0.3905814078613403
Clear Sky,PiT-Net(Proposed),0.6444355995054103
Clear Sky,PiT-Net(Proposed),0.5158666573673365
Clear Sky,PiT-Net(Proposed),0.719244668456696
Clear Sky,PiT-Net(Proposed),0.8419380352043575
Clear Sky,PiT-Net(Proposed),1.113513728578063
Clear Sky,PiT-Net(Proposed),0.9446710122335524
Clear Sky,PiT-Net(Proposed),1.0718594326292727
Clear Sky,PiT-Net(Proposed),1.165975412806592
Clear Sky,PiT-Net(Proposed),1.1429131032629076
Clear Sky,PiT-Net(Proposed),1.3853954810565092
Clear Sky,PiT-Net(Proposed),1.5056528306425356
Clear Sky,PiT-Net(Proposed),1.6404605203930043
Clear Sky,PiT-Net(Proposed),1.5535119011527536
Clear Sky,PiT-Net(Proposed),1.5162701616782464
Clear Sky,PiT-Net(Proposed),1.4889588382471413
Clear Sky,PiT-Net(Proposed),1.308924815106964
Clear Sky,PiT-Net(Proposed),1.1320032573749215
Clear Sky,PiT-Net(Proposed),0.9402720576256705
Clear Sky,PiT-Net(Proposed),0.6744832821366854
Clear Sky,PiT-Net(Proposed),0.2851945421404576
Clear Sky,PiT-Net(Proposed),0.4252391894591586
Clear Sky,PiT-Net(Proposed),0.6382851285532207
Clear Sky,PiT-Net(Proposed),0.8783972395424247
Clear Sky,PiT-Net(Proposed),1.0547955544094787
Clear Sky,PiT-Net(Proposed),1.2612638066299415
Clear Sky,PiT-Net(Proposed),1.3069715148227052
Clear Sky,PiT-Net(Proposed),1.4034965979069112
Clear Sky,PiT-Net(Proposed),1.491761528201205
Clear Sky,PiT-Net(Proposed),1.753478902208741
Clear Sky,PiT-Net(Proposed),1.4063770716172126
Clear Sky,PiT-Net(Proposed),1.281728924099168
Clear Sky,PiT-Net(Proposed),1.3863799332687048
Clear Sky,PiT-Net(Proposed),1.2296674624911184
Clear Sky,PiT-Net(Proposed),1.30499679305602
Clear Sky,PiT-Net(Proposed),1.1917024865334014
Clear Sky,PiT-Net(Proposed),0.7408063985981599
Clear Sky,PiT-Net(Proposed),0.9173031000475831
Clear Sky,PiT-Net(Proposed),1.0350777994077376
Clear Sky,PiT-Net(Proposed),0.7881557526452063
Clear Sky,PiT-Net(Proposed),0.3308631608249293
Clear Sky,PiT-Net(Proposed),0.563612056516714
Clear Sky,PiT-Net(Proposed),0.3989543471278125
Clear Sky,PiT-Net(Proposed),0.43814230714196967
Clear Sky,PiT-Net(Proposed),0.11318899055735798
Clear Sky,PiT-Net(Proposed),0.06001061774625427
Clear Sky,PiT-Net(Proposed),0.1715683341782963
Clear Sky,PiT-Net(Proposed),0.14901869536347334
Clear Sky,PiT-Net(Proposed),0.15232274456764117
Clear Sky,PiT-Net(Proposed),0.3903194262305938
Clear Sky,PiT-Net(Proposed),0.03766081702017843
Clear Sky,PiT-Net(Proposed),0.27506045615396957
Clear Sky,PiT-Net(Proposed),0.5429291597686614
Clear Sky,PiT-Net(Proposed),0.4269235778597107
Clear Sky,PiT-Net(Proposed),0.6388334163707761
Clear Sky,PiT-Net(Proposed),0.5466453780060156
Clear Sky,PiT-Net(Proposed),0.767970877923652
Clear Sky,PiT-Net(Proposed),0.8528086872739955
Clear Sky,PiT-Net(Proposed),1.1255991825405687
Clear Sky,PiT-Net(Proposed),0.9840361008495151
Clear Sky,PiT-Net(Proposed),1.0957211243685379
Clear Sky,PiT-Net(Proposed),1.1809890580286488
Clear Sky,PiT-Net(Proposed),1.1281528222885484
Clear Sky,PiT-Net(Proposed),1.3939931111094648
Clear Sky,PiT-Net(Proposed),1.4987843089981858
Clear Sky,PiT-Net(Proposed),1.6309130783777412
Clear Sky,PiT-Net(Proposed),1.542113289194364
Clear Sky,PiT-Net(Proposed),1.4821013247933665
Clear Sky,PiT-Net(Proposed),1.4734785954716267
Clear Sky,PiT-Net(Proposed),1.3233981235209287
Clear Sky,PiT-Net(Proposed),1.166732780143521
Clear Sky,PiT-Net(Proposed),0.9889181416503445
Clear Sky,PiT-Net(Proposed),0.7192064769803012
Clear Sky,PiT-Net(Proposed),0.28388914535289633
Clear Sky,PiT-Net(Proposed),0.4123492013145619
Clear Sky,PiT-Net(Proposed),0.6158344494249379
Clear Sky,PiT-Net(Proposed),0.8879607562921759
Clear Sky,PiT-Net(Proposed),1.1027880245910673
Clear Sky,PiT-Net(Proposed),1.345134196274321
Clear Sky,PiT-Net(Proposed),1.3883168299878594
Clear Sky,PiT-Net(Proposed),1.4680078086976556
Clear Sky,PiT-Net(Proposed),1.5536724476869281
Clear Sky,PiT-Net(Proposed),1.7922741010026044
Clear Sky,PiT-Net(Proposed),1.3999849640109208
Clear Sky,PiT-Net(Proposed),1.2359595469776128
Clear Sky,PiT-Net(Proposed),1.3251019239220305
Clear Sky,PiT-Net(Proposed),1.205502052842073
Clear Sky,PiT-Net(Proposed),1.2876414691307403
Clear Sky,PiT-Net(Proposed),1.1899291439168174
Clear Sky,PiT-Net(Proposed),0.7302778191121284
Clear Sky,PiT-Net(Proposed),0.9389135485278324
Clear Sky,PiT-Net(Proposed),1.0667019054563198
Clear Sky,PiT-Net(Proposed),0.805116185265792
Clear Sky,PiT-Net(Proposed),0.3814616205969301
Clear Sky,PiT-Net(Proposed),0.5623049183733606
Clear Sky,PiT-Net(Proposed),0.4170159449888118
Clear Sky,PiT-Net(Proposed),0.4525908502695124
Clear Sky,PiT-Net(Proposed),0.14484938973502892
Clear Sky,PiT-Net(Proposed),0.1014212074213603
Clear Sky,PiT-Net(Proposed),0.14554242356546965
Clear Sky,PiT-Net(Proposed),0.15246629048271032
Clear Sky,PiT-Net(Proposed),0.15891072110455795
Clear Sky,PiT-Net(Proposed),0.41958652708471433
Clear Sky,PiT-Net(Proposed),0.03690481651175759
Clear Sky,PiT-Net(Proposed),0.3243614627159097
Clear Sky,PiT-Net(Proposed),0.5435644595254239
Clear Sky,PiT-Net(Proposed),0.45387541008676635
Clear Sky,PiT-Net(Proposed),0.6950074227998115
Clear Sky,PiT-Net(Proposed),0.6109675938919992
Clear Sky,PiT-Net(Proposed),0.7913943181083205
Clear Sky,PiT-Net(Proposed),0.8757245794704325
Clear Sky,PiT-Net(Proposed),1.1543953088592893
Clear Sky,PiT-Net(Proposed),1.010661388298331
Clear Sky,PiT-Net(Proposed),1.1248234538054227
Clear Sky,PiT-Net(Proposed),1.2040729148189904
Clear Sky,PiT-Net(Proposed),1.1560446849741908
Clear Sky,PiT-Net(Proposed),1.4080952487332414
Clear Sky,PiT-Net(Proposed),1.5016085648406587
Clear Sky,PiT-Net(Proposed),1.6306526068925216
Clear Sky,PiT-Net(Proposed),1.5374053001791355
Clear Sky,PiT-Net(Proposed),1.4730222091143652
Clear Sky,PiT-Net(Proposed),1.485451050514432
Clear Sky,PiT-Net(Proposed),1.3420576467502316
Clear Sky,PiT-Net(Proposed),1.183838405623069
Clear Sky,PiT-Net(Proposed),1.005219529796273
Clear Sky,PiT-Net(Proposed),0.7241857808728863
Clear Sky,PiT-Net(Proposed),0.5278837490598532
Clear Sky,PiT-Net(Proposed),0.7731882478117416
Clear Sky,PiT-Net(Proposed),1.066420864915031
Clear Sky,PiT-Net(Proposed),1.234316965236105
Clear Sky,PiT-Net(Proposed),1.3752097507728593
Clear Sky,PiT-Net(Proposed),1.5201649883877177
Clear Sky,PiT-Net(Proposed),1.698905168400299
Clear Sky,PiT-Net(Proposed),1.4743331614156574
Clear Sky,PiT-Net(Proposed),1.3306980349057902
Clear Sky,PiT-Net(Proposed),1.4371808674698947
Clear Sky,PiT-Net(Proposed),1.2654768378798327
Clear Sky,PiT-Net(Proposed),1.3751394003144366
Clear Sky,PiT-Net(Proposed),1.2500972877507
Clear Sky,PiT-Net(Proposed),0.8956902484409248
Clear Sky,PiT-Net(Proposed),1.0131478065658825
Clear Sky,PiT-Net(Proposed),1.0422655592192207
Clear Sky,PiT-Net(Proposed),0.822670767562844
Clear Sky,PiT-Net(Proposed),0.3108218824000346
Clear Sky,PiT-Net(Proposed),0.6439108437226686
Clear Sky,PiT-Net(Proposed),0.45136763792584134
Clear Sky,PiT-Net(Proposed),0.4847439570886536
Clear Sky,PiT-Net(Proposed),0.13395606675452143
Clear Sky,PiT-Net(Proposed),0.03790135355642121
Clear Sky,PiT-Net(Proposed),0.08755540138568207
Clear Sky,PiT-Net(Proposed),0.1840481355175534
Clear Sky,PiT-Net(Proposed),0.1994824128479067
Clear Sky,PiT-Net(Proposed),0.4625090190981034
Clear Sky,PiT-Net(Proposed),0.10927852060094523
Clear Sky,PiT-Net(Proposed),0.2520221234182536
Clear Sky,PiT-Net(Proposed),0.545526470603324
Clear Sky,PiT-Net(Proposed),0.4738872231149145
Clear Sky,PiT-Net(Proposed),0.8511434417934645
Clear Sky,PiT-Net(Proposed),0.6863036920350147
Clear Sky,PiT-Net(Proposed),0.8828553769187479
Clear Sky,PiT-Net(Proposed),0.9412089107768402
Clear Sky,PiT-Net(Proposed),1.1542714524229503
Clear Sky,PiT-Net(Proposed),1.0830873151298626
Clear Sky,PiT-Net(Proposed),1.164239386524974
Clear Sky,PiT-Net(Proposed),1.257540805542945
Clear Sky,PiT-Net(Proposed),1.2279636895864705
Clear Sky,PiT-Net(Proposed),1.4481520039952134
Clear Sky,PiT-Net(Proposed),1.5473122989356654
Clear Sky,PiT-Net(Proposed),1.682944568813169
Clear Sky,PiT-Net(Proposed),1.661108249006781
Clear Sky,PiT-Net(Proposed),1.5663414919785743
Clear Sky,PiT-Net(Proposed),1.420820461517379
Clear Sky,PiT-Net(Proposed),1.0653819740396395
Clear Sky,PiT-Net(Proposed),0.4553393756135708
Clear Sky,PiT-Net(Proposed),0.6735941021004132
Clear Sky,PiT-Net(Proposed),0.9519895429011092
Clear Sky,PiT-Net(Proposed),1.104862638875444
Clear Sky,PiT-Net(Proposed),1.192212645776868
Clear Sky,PiT-Net(Proposed),1.3343460731437355
Clear Sky,PiT-Net(Proposed),1.5581606605934288
Clear Sky,PiT-Net(Proposed),1.352584670647384
Clear Sky,PiT-Net(Proposed),1.2140663088702812
Clear Sky,PiT-Net(Proposed),1.3380144453705185
Clear Sky,PiT-Net(Proposed),1.0551877795066869
Clear Sky,PiT-Net(Proposed),1.3021269322054518
Clear Sky,PiT-Net(Proposed),1.069352544210247
Clear Sky,PiT-Net(Proposed),0.9028897635747999
Clear Sky,PiT-Net(Proposed),1.0091782542719887
Clear Sky,PiT-Net(Proposed),1.1263272664700743
Clear Sky,PiT-Net(Proposed),0.9081363196267453
Clear Sky,PiT-Net(Proposed),0.4179757475159711
Clear Sky,PiT-Net(Proposed),0.6751122373590484
Clear Sky,PiT-Net(Proposed),0.6419958062276514
Clear Sky,PiT-Net(Proposed),0.7083962968285817
Clear Sky,PiT-Net(Proposed),0.27687298649263425
Clear Sky,PiT-Net(Proposed),0.21382155754723087
Clear Sky,PiT-Net(Proposed),0.034337025090177775
Clear Sky,PiT-Net(Proposed),0.015434006145248702
Clear Sky,PiT-Net(Proposed),0.3498137757024651
Clear Sky,PiT-Net(Proposed),0.26045047604023
Clear Sky,PiT-Net(Proposed),0.20906840100848356
Clear Sky,PiT-Net(Proposed),0.21880190712331427
Clear Sky,PiT-Net(Proposed),0.5807623195942782
Clear Sky,PiT-Net(Proposed),0.46773990955769307
Clear Sky,PiT-Net(Proposed),0.7918635223924291
Clear Sky,PiT-Net(Proposed),0.665252830775831
Clear Sky,PiT-Net(Proposed),0.8112874631308316
Clear Sky,PiT-Net(Proposed),0.9372603484265909
Clear Sky,PiT-Net(Proposed),1.1798116137304113
Clear Sky,PiT-Net(Proposed),1.096202199598748
Clear Sky,PiT-Net(Proposed),1.2481816353408792
Clear Sky,PiT-Net(Proposed),1.251728415374071
Clear Sky,PiT-Net(Proposed),1.2763044070646679
Clear Sky,PiT-Net(Proposed),1.4258645457565056
Clear Sky,PiT-Net(Proposed),1.5229799828933483
Clear Sky,PiT-Net(Proposed),1.616924349127797
Clear Sky,PiT-Net(Proposed),1.6228310512478856
Clear Sky,PiT-Net(Proposed),1.5781786111261842
Clear Sky,PiT-Net(Proposed),1.4417262430368833
Clear Sky,PiT-Net(Proposed),1.0659514325472221
Clear Sky,PiT-Net(Proposed),0.5674630407372512
Clear Sky,PiT-Net(Proposed),0.8151182200307894
Clear Sky,PiT-Net(Proposed),1.0953819719796833
Clear Sky,PiT-Net(Proposed),1.245123935814466
Clear Sky,PiT-Net(Proposed),1.3013440931193854
Clear Sky,PiT-Net(Proposed),1.3910673394136133
Clear Sky,PiT-Net(Proposed),1.5656486591365137
Clear Sky,PiT-Net(Proposed),1.3340729597482266
Clear Sky,PiT-Net(Proposed),1.1790966839926629
Clear Sky,PiT-Net(Proposed),1.2568539607107763
Clear Sky,PiT-Net(Proposed),1.0263405722139094
Clear Sky,PiT-Net(Proposed),1.2127937501766155
Clear Sky,PiT-Net(Proposed),1.029067935013801
Clear Sky,PiT-Net(Proposed),0.810470873653113
Clear Sky,PiT-Net(Proposed),0.8681639475213387
Clear Sky,PiT-Net(Proposed),0.9159033662930689
Clear Sky,PiT-Net(Proposed),0.7940398968895366
Clear Sky,PiT-Net(Proposed),0.28600875558797867
Clear Sky,PiT-Net(Proposed),0.6072881162380988
Clear Sky,PiT-Net(Proposed),0.4696786346301387
Clear Sky,PiT-Net(Proposed),0.5291521454391948
Clear Sky,PiT-Net(Proposed),0.08607129510292211
Clear Sky,PiT-Net(Proposed),0.03436370749546924
Clear Sky,PiT-Net(Proposed),0.07771325625037662
Clear Sky,PiT-Net(Proposed),0.10138221426311134
Clear Sky,PiT-Net(Proposed),0.25880325568447304
Clear Sky,PiT-Net(Proposed),0.3129127853856062
Clear Sky,PiT-Net(Proposed),0.13767063621981634
Clear Sky,PiT-Net(Proposed),0.1796123987047018
Clear Sky,PiT-Net(Proposed),0.5492114181755312
Clear Sky,PiT-Net(Proposed),0.43758414579873417
Clear Sky,PiT-Net(Proposed),0.7756678634308898
Clear Sky,PiT-Net(Proposed),0.6490177841600904
Clear Sky,PiT-Net(Proposed),0.8105916263703001
Clear Sky,PiT-Net(Proposed),0.8835020496026793
Clear Sky,PiT-Net(Proposed),1.0769103359741958
Clear Sky,PiT-Net(Proposed),1.0248719428537552
Clear Sky,PiT-Net(Proposed),1.1031093156198253
Clear Sky,PiT-Net(Proposed),1.1603722544919357
Clear Sky,PiT-Net(Proposed),1.1873677211629374
Clear Sky,PiT-Net(Proposed),1.3512495251283578
Clear Sky,PiT-Net(Proposed),1.4865073385187797
Clear Sky,PiT-Net(Proposed),1.6001920698354075
Clear Sky,PiT-Net(Proposed),1.5893018427125298
Clear Sky,PiT-Net(Proposed),1.5281636558000056
Clear Sky,PiT-Net(Proposed),1.347880318392747
Clear Sky,PiT-Net(Proposed),0.9568672224094871
Clear Sky,PiT-Net(Proposed),0.4051808110365831
Clear Sky,PiT-Net(Proposed),0.6179944344244549
Clear Sky,PiT-Net(Proposed),0.8542961204756674
Clear Sky,PiT-Net(Proposed),0.9789268718911814
Clear Sky,PiT-Net(Proposed),1.0132120213995295
Clear Sky,PiT-Net(Proposed),1.0894391404944814
Clear Sky,PiT-Net(Proposed),1.360920697387404
Clear Sky,PiT-Net(Proposed),1.137256512245579
Clear Sky,PiT-Net(Proposed),0.9593513466699175
Clear Sky,PiT-Net(Proposed),1.0831545289743385
Clear Sky,PiT-Net(Proposed),0.7981174551758414
Clear Sky,PiT-Net(Proposed),0.9905348993376322
Clear Sky,PiT-Net(Proposed),0.8267286868497443
Clear Sky,PiT-Net(Proposed),0.6882848636394883
Clear Sky,PiT-Net(Proposed),0.9081276862117047
Clear Sky,PiT-Net(Proposed),0.9264578024434638
Clear Sky,PiT-Net(Proposed),0.9153322593140629
Clear Sky,PiT-Net(Proposed),0.328975151904789
Clear Sky,PiT-Net(Proposed),0.7893370542387608
Clear Sky,PiT-Net(Proposed),0.8712192721215466
Clear Sky,PiT-Net(Proposed),0.944857683153387
Clear Sky,PiT-Net(Proposed),0.5878462148095558
Clear Sky,PiT-Net(Proposed),0.44879616191999006
Clear Sky,PiT-Net(Proposed),0.3065083516654852
Clear Sky,PiT-Net(Proposed),0.25706334347091797
Clear Sky,PiT-Net(Proposed),0.5847574861016085
Clear Sky,PiT-Net(Proposed),0.10057089262194197
Clear Sky,PiT-Net(Proposed),0.0388201117971505
Clear Sky,PiT-Net(Proposed),0.012095379396686923
Clear Sky,PiT-Net(Proposed),0.43086555865400555
Clear Sky,PiT-Net(Proposed),0.37647638966951646
Clear Sky,PiT-Net(Proposed),0.6900224157588539
Clear Sky,PiT-Net(Proposed),0.6787667323265971
Clear Sky,PiT-Net(Proposed),0.742011161722715
Clear Sky,PiT-Net(Proposed),0.9586444599217323
Clear Sky,PiT-Net(Proposed),1.1924142928200077
Clear Sky,PiT-Net(Proposed),1.1062142061466655
Clear Sky,PiT-Net(Proposed),1.2417607327296345
Clear Sky,PiT-Net(Proposed),1.3516260892113188
Clear Sky,PiT-Net(Proposed),1.2958624800338026
Clear Sky,PiT-Net(Proposed),1.430034709375743
Clear Sky,PiT-Net(Proposed),1.5011650438381325
Clear Sky,PiT-Net(Proposed),1.5966215259854915
Clear Sky,PiT-Net(Proposed),1.5925219413879077
Clear Sky,PiT-Net(Proposed),1.5168541587235769
Clear Sky,PiT-Net(Proposed),1.3427976270271313
Clear Sky,PiT-Net(Proposed),0.9805250121130276
Clear Sky,PiT-Net(Proposed),0.457809357962229
Clear Sky,PiT-Net(Proposed),0.6960123208770053
Clear Sky,PiT-Net(Proposed),0.9997798459236624
Clear Sky,PiT-Net(Proposed),1.1931654016619948
Clear Sky,PiT-Net(Proposed),1.3550720840640635
Clear Sky,PiT-Net(Proposed),1.5181610659858382
Clear Sky,PiT-Net(Proposed),1.7351282680144937
Clear Sky,PiT-Net(Proposed),1.534469424821669
Clear Sky,PiT-Net(Proposed),1.3744165464043832
Clear Sky,PiT-Net(Proposed),1.4308719069085445
Clear Sky,PiT-Net(Proposed),1.1850380050967377
Clear Sky,PiT-Net(Proposed),1.3776673873792173
Clear Sky,PiT-Net(Proposed),1.125018835243191
Clear Sky,PiT-Net(Proposed),0.8685413132314643
Clear Sky,PiT-Net(Proposed),0.9414808739615381
Clear Sky,PiT-Net(Proposed),1.0343180177250915
Clear Sky,PiT-Net(Proposed),0.7483662375328315
Clear Sky,PiT-Net(Proposed),0.29106732081991993
Clear Sky,PiT-Net(Proposed),0.5791613513345055
Clear Sky,PiT-Net(Proposed),0.3910201404602063
Clear Sky,PiT-Net(Proposed),0.5303775129691317
Clear Sky,PiT-Net(Proposed),0.11651308100443813
Clear Sky,PiT-Net(Proposed),0.06403633444188728
Clear Sky,PiT-Net(Proposed),0.06699318787048725
Clear Sky,PiT-Net(Proposed),0.17045380513236097
Clear Sky,PiT-Net(Proposed),0.2660360281556997
Clear Sky,PiT-Net(Proposed),0.38654437347209125
Clear Sky,PiT-Net(Proposed),0.21046073640955143
Clear Sky,PiT-Net(Proposed),0.292547594420693
Clear Sky,PiT-Net(Proposed),0.6063459769705339
Clear Sky,PiT-Net(Proposed),0.4995112087056519
Clear Sky,PiT-Net(Proposed),0.8550496795041731
Clear Sky,PiT-Net(Proposed),0.6700051907131019
Clear Sky,PiT-Net(Proposed),0.8245297014105049
Clear Sky,PiT-Net(Proposed),0.9065033909829197
Clear Sky,PiT-Net(Proposed),1.140009495760502
Clear Sky,PiT-Net(Proposed),1.052214453155635
Clear Sky,PiT-Net(Proposed),1.1680083192197674
Clear Sky,PiT-Net(Proposed),1.2202494158487216
Clear Sky,PiT-Net(Proposed),1.2574537642818147
Clear Sky,PiT-Net(Proposed),1.42481100343584
Clear Sky,PiT-Net(Proposed),1.5284925226932264
Clear Sky,PiT-Net(Proposed),1.6366138878939607
Clear Sky,PiT-Net(Proposed),1.6162478937779232
Clear Sky,PiT-Net(Proposed),1.5577728298940468
Clear Sky,PiT-Net(Proposed),1.3773680989996093
Clear Sky,PiT-Net(Proposed),0.9622362119588227
Clear Sky,PiT-Net(Proposed),0.4378087366618859
Clear Sky,PiT-Net(Proposed),0.674398706773346
Clear Sky,PiT-Net(Proposed),0.9875155603476466
Clear Sky,PiT-Net(Proposed),1.1887567918878483
Clear Sky,PiT-Net(Proposed),1.3426659312197122
Clear Sky,PiT-Net(Proposed),1.5280932690479583
Clear Sky,PiT-Net(Proposed),1.7308818517498175
Clear Sky,PiT-Net(Proposed),1.5559150971359568
Clear Sky,PiT-Net(Proposed),1.4033751916580552
Clear Sky,PiT-Net(Proposed),1.4579239000501687
Clear Sky,PiT-Net(Proposed),1.2183252935206106
Clear Sky,PiT-Net(Proposed),1.3902990233318508
Clear Sky,PiT-Net(Proposed),1.1437889083390367
Clear Sky,PiT-Net(Proposed),0.877007219439303
Clear Sky,PiT-Net(Proposed),0.9027350990861862
Clear Sky,PiT-Net(Proposed),1.0167416668510718
Clear Sky,PiT-Net(Proposed),0.7066044141535173
Clear Sky,PiT-Net(Proposed),0.32297174663085215
Clear Sky,PiT-Net(Proposed),0.5454562316286307
Clear Sky,PiT-Net(Proposed),0.3951788713003843
Clear Sky,PiT-Net(Proposed),0.4859919362086593
Clear Sky,PiT-Net(Proposed),0.11687221274680937
Clear Sky,PiT-Net(Proposed),0.06557115095419874
Clear Sky,PiT-Net(Proposed),0.08034820173489976
Clear Sky,PiT-Net(Proposed),0.14270405345034476
Clear Sky,PiT-Net(Proposed),0.24671036603629304
Clear Sky,PiT-Net(Proposed),0.35556347159016966
Clear Sky,PiT-Net(Proposed),0.20312080950543177
Clear Sky,PiT-Net(Proposed),0.2693827656038472
Clear Sky,PiT-Net(Proposed),0.6104677995966661
Clear Sky,PiT-Net(Proposed),0.5273739586309212
Clear Sky,PiT-Net(Proposed),0.8117934102327595
Clear Sky,PiT-Net(Proposed),0.6619573214077192
Clear Sky,PiT-Net(Proposed),0.8247442295405953
Clear Sky,PiT-Net(Proposed),0.9260132363114337
Clear Sky,PiT-Net(Proposed),1.14507012218378
Clear Sky,PiT-Net(Proposed),1.048920804674184
Clear Sky,PiT-Net(Proposed),1.167070713520392
Clear Sky,PiT-Net(Proposed),1.20415210814034
Clear Sky,PiT-Net(Proposed),1.2626657395865575
Clear Sky,PiT-Net(Proposed),1.4283308230291372
Clear Sky,PiT-Net(Proposed),1.5535136780480503
Clear Sky,PiT-Net(Proposed),1.6603727024518857
Clear Sky,PiT-Net(Proposed),1.640329639390397
Clear Sky,PiT-Net(Proposed),1.5578467570499583
Clear Sky,PiT-Net(Proposed),1.355417867113061
Clear Sky,PiT-Net(Proposed),0.9394814108577765
Clear Sky,PiT-Net(Proposed),0.48680776840238793
Clear Sky,PiT-Net(Proposed),0.7599299918148306
Clear Sky,PiT-Net(Proposed),1.0963876176552136
Clear Sky,PiT-Net(Proposed),1.3072782403285594
Clear Sky,PiT-Net(Proposed),1.4407456315639169
Clear Sky,PiT-Net(Proposed),1.6007679601216438
Clear Sky,PiT-Net(Proposed),1.7359933465787245
Clear Sky,PiT-Net(Proposed),1.4881065848393842
Clear Sky,PiT-Net(Proposed),1.3444650248202397
Clear Sky,PiT-Net(Proposed),1.3799197463029245
Clear Sky,PiT-Net(Proposed),1.112005602162684
Clear Sky,PiT-Net(Proposed),1.2863197090761158
Clear Sky,PiT-Net(Proposed),1.0445623421923234
Clear Sky,PiT-Net(Proposed),0.8061331970124641
Clear Sky,PiT-Net(Proposed),0.8324490623708058
Clear Sky,PiT-Net(Proposed),0.915082485917555
Clear Sky,PiT-Net(Proposed),0.6411238752686046
Clear Sky,PiT-Net(Proposed),0.19765649405204044
Clear Sky,PiT-Net(Proposed),0.529369286629187
Clear Sky,PiT-Net(Proposed),0.4244463588998286
Clear Sky,PiT-Net(Proposed),0.496898774420675
Clear Sky,PiT-Net(Proposed),0.1025360131456452
Clear Sky,PiT-Net(Proposed),0.028562981371713647
Clear Sky,PiT-Net(Proposed),0.0628039884633722
Clear Sky,PiT-Net(Proposed),0.0743411260221194
Clear Sky,PiT-Net(Proposed),0.24459900242698396
Clear Sky,PiT-Net(Proposed),0.390825446848833
Clear Sky,PiT-Net(Proposed),0.1450002618987618
Clear Sky,PiT-Net(Proposed),0.1869210873426077
Clear Sky,PiT-Net(Proposed),0.5399233390376388
Clear Sky,PiT-Net(Proposed),0.45109180598042187
Clear Sky,PiT-Net(Proposed),0.806905765600483
Clear Sky,PiT-Net(Proposed),0.5949090721405952
Clear Sky,PiT-Net(Proposed),0.8235589678934652
Clear Sky,PiT-Net(Proposed),0.9010420186524826
Clear Sky,PiT-Net(Proposed),1.1018132765020177
Clear Sky,PiT-Net(Proposed),1.0036722868792705
Clear Sky,PiT-Net(Proposed),1.137357665383412
Clear Sky,PiT-Net(Proposed),1.1574820150730751
Clear Sky,PiT-Net(Proposed),1.2359677803665434
Clear Sky,PiT-Net(Proposed),1.4071350924189474
Clear Sky,PiT-Net(Proposed),1.5720748847128254
Clear Sky,PiT-Net(Proposed),1.7257086922844973
Clear Sky,PiT-Net(Proposed),1.7086749121589246
Clear Sky,PiT-Net(Proposed),1.6264389108464479
Clear Sky,PiT-Net(Proposed),1.3885168326386987
Clear Sky,PiT-Net(Proposed),0.9377488751944415
Clear Sky,PiT-Net(Proposed),0.3772093352717174
Clear Sky,PiT-Net(Proposed),0.6102696737202157
Clear Sky,PiT-Net(Proposed),0.9324184983560144
Clear Sky,PiT-Net(Proposed),1.166881450389182
Clear Sky,PiT-Net(Proposed),1.3453026017322682
Clear Sky,PiT-Net(Proposed),1.5472338629094882
Clear Sky,PiT-Net(Proposed),1.73994968304795
Clear Sky,PiT-Net(Proposed),1.5538697523497413
Clear Sky,PiT-Net(Proposed),1.3922186747935026
Clear Sky,PiT-Net(Proposed),1.4390429045224291
Clear Sky,PiT-Net(Proposed),1.1877128277707456
Clear Sky,PiT-Net(Proposed),1.3693028164140308
Clear Sky,PiT-Net(Proposed),1.1097388531811987
Clear Sky,PiT-Net(Proposed),0.8686950052948692
Clear Sky,PiT-Net(Proposed),0.8942513978625009
Clear Sky,PiT-Net(Proposed),0.9925403265804924
Clear Sky,PiT-Net(Proposed),0.7116728437378761
Clear Sky,PiT-Net(Proposed),0.249014455840193
Clear Sky,PiT-Net(Proposed),0.5530640182302413
Clear Sky,PiT-Net(Proposed),0.43743164658623
Clear Sky,PiT-Net(Proposed),0.49894639526972995
Clear Sky,PiT-Net(Proposed),0.126510686425636
Clear Sky,PiT-Net(Proposed),0.024309349427074523
Clear Sky,PiT-Net(Proposed),0.07758787593312277
Clear Sky,PiT-Net(Proposed),0.12442846825787868
Clear Sky,PiT-Net(Proposed),0.2148364292111573
Clear Sky,PiT-Net(Proposed),0.3911523560899184
Clear Sky,PiT-Net(Proposed),0.21831636098234242
Clear Sky,PiT-Net(Proposed),0.23076790042038908
Clear Sky,PiT-Net(Proposed),0.5935600263784053
Clear Sky,PiT-Net(Proposed),0.5082213874356611
Clear Sky,PiT-Net(Proposed),0.7873475930248723
Clear Sky,PiT-Net(Proposed),0.6065242286568875
Clear Sky,PiT-Net(Proposed),0.8193961069005411
Clear Sky,PiT-Net(Proposed),0.9001048327454129
Clear Sky,PiT-Net(Proposed),1.130915408837419
Clear Sky,PiT-Net(Proposed),1.0260932256764317
Clear Sky,PiT-Net(Proposed),1.1462839980072896
Clear Sky,PiT-Net(Proposed),1.1743658383915374
Clear Sky,PiT-Net(Proposed),1.234179562898552
Clear Sky,PiT-Net(Proposed),1.406724730712737
Clear Sky,PiT-Net(Proposed),1.5370545535367528
Clear Sky,PiT-Net(Proposed),1.6497856442364318
Clear Sky,PiT-Net(Proposed),1.6266745484520024
Clear Sky,PiT-Net(Proposed),1.551964675220777
Clear Sky,PiT-Net(Proposed),1.3356830342583814
Clear Sky,PiT-Net(Proposed),0.9109557636344565
Clear Sky,PiT-Net(Proposed),0.784061373628887
Clear Sky,PiT-Net(Proposed),1.1570445342068667
Clear Sky,PiT-Net(Proposed),1.388142306639446
Clear Sky,PiT-Net(Proposed),1.5212562142067956
Clear Sky,PiT-Net(Proposed),1.686560728393192
Clear Sky,PiT-Net(Proposed),1.7778600812730252
Clear Sky,PiT-Net(Proposed),1.5225446745271451
Clear Sky,PiT-Net(Proposed),1.360658704068216
Clear Sky,PiT-Net(Proposed),1.3782999722693603
Clear Sky,PiT-Net(Proposed),1.0805693807927792
Clear Sky,PiT-Net(Proposed),1.2329822482549169
Clear Sky,PiT-Net(Proposed),1.0048038018492562
Clear Sky,PiT-Net(Proposed),0.782311485218564
Clear Sky,PiT-Net(Proposed),0.7954936079644348
Clear Sky,PiT-Net(Proposed),0.8965110838107577
Clear Sky,PiT-Net(Proposed),0.5827585410397447
Clear Sky,PiT-Net(Proposed),0.1756268602347255
Clear Sky,PiT-Net(Proposed),0.5484968384281181
Clear Sky,PiT-Net(Proposed),0.4177135378800756
Clear Sky,PiT-Net(Proposed),0.49970166872478927
Clear Sky,PiT-Net(Proposed),0.04224030043625859
Clear Sky,PiT-Net(Proposed),0.00411652263663953
Clear Sky,PiT-Net(Proposed),0.06714115316982827
Clear Sky,PiT-Net(Proposed),0.08670278875043991
Clear Sky,PiT-Net(Proposed),0.22045158557675038
Clear Sky,PiT-Net(Proposed),0.44396075273609625
Clear Sky,PiT-Net(Proposed),0.14820305810942358
Clear Sky,PiT-Net(Proposed),0.2068502791400917
Clear Sky,PiT-Net(Proposed),0.5213052353875973
Clear Sky,PiT-Net(Proposed),0.4547544483063426
Clear Sky,PiT-Net(Proposed),0.8393977693616606
Clear Sky,PiT-Net(Proposed),0.6136154316324287
Clear Sky,PiT-Net(Proposed),0.8619092134599668
Clear Sky,PiT-Net(Proposed),0.9527954638151819
Clear Sky,PiT-Net(Proposed),1.1248633295827926
Clear Sky,PiT-Net(Proposed),1.0293147033048697
Clear Sky,PiT-Net(Proposed),1.1702845841640297
Clear Sky,PiT-Net(Proposed),1.1993386838135613
Clear Sky,PiT-Net(Proposed),1.3218248605253127
Clear Sky,PiT-Net(Proposed),1.4733913751318664
Clear Sky,PiT-Net(Proposed),1.674266572832277
Clear Sky,PiT-Net(Proposed),1.8186099351244938
Clear Sky,PiT-Net(Proposed),1.773669039756939
Clear Sky,PiT-Net(Proposed),1.592356585550443
Clear Sky,PiT-Net(Proposed),1.229521234118166
Clear Sky,PiT-Net(Proposed),1.666113366802338
Clear Sky,PiT-Net(Proposed),1.887134106754055
Clear Sky,PiT-Net(Proposed),1.8311365655153935
Clear Sky,PiT-Net(Proposed),1.8942771316203988
Clear Sky,PiT-Net(Proposed),1.5943827741052896
Clear Sky,PiT-Net(Proposed),1.5515136604942938
Clear Sky,PiT-Net(Proposed),1.245475044863289
Clear Sky,PiT-Net(Proposed),0.8033140220069388
Clear Sky,PiT-Net(Proposed),1.0020992661652368
Clear Sky,PiT-Net(Proposed),1.0314274173261424
Clear Sky,PiT-Net(Proposed),0.7837763613654793
Clear Sky,PiT-Net(Proposed),0.40269516906057845
Clear Sky,PiT-Net(Proposed),0.4991360230716353
Clear Sky,PiT-Net(Proposed),0.4302380270017352
Clear Sky,PiT-Net(Proposed),0.28295203156829274
Clear Sky,PiT-Net(Proposed),0.046225085399772325
Clear Sky,PiT-Net(Proposed),0.14871659732726172
Clear Sky,PiT-Net(Proposed),0.32653313466563816
Clear Sky,PiT-Net(Proposed),0.3544290950043525
Clear Sky,PiT-Net(Proposed),0.1426788373012826
Clear Sky,PiT-Net(Proposed),0.7380546712182685
Clear Sky,PiT-Net(Proposed),0.41812013470563514
Clear Sky,PiT-Net(Proposed),0.3985617877800607
Clear Sky,PiT-Net(Proposed),0.7060178041709602
Clear Sky,PiT-Net(Proposed),0.8410938794956824
Clear Sky,PiT-Net(Proposed),0.9925692164538287
Clear Sky,PiT-Net(Proposed),1.1041058935484536
Clear Sky,PiT-Net(Proposed),1.2161372890966753
Clear Sky,PiT-Net(Proposed),1.283868261872776
Clear Sky,PiT-Net(Proposed),1.6676003829264037
Clear Sky,PiT-Net(Proposed),1.8108365017235801
Clear Sky,PiT-Net(Proposed),2.0183222913018444
Clear Sky,PiT-Net(Proposed),1.9274345234098975
Clear Sky,PiT-Net(Proposed),1.5100741216850009
Clear Sky,PiT-Net(Proposed),1.527034032504785
Clear Sky,PiT-Net(Proposed),2.0328766535805762
Clear Sky,PiT-Net(Proposed),2.150000015835472
Clear Sky,PiT-Net(Proposed),2.089399077392322
Clear Sky,PiT-Net(Proposed),2.0720271509822297
Clear Sky,PiT-Net(Proposed),1.69976395420049
Clear Sky,PiT-Net(Proposed),1.6939101857332641
Clear Sky,PiT-Net(Proposed),1.2713605297595283
Clear Sky,PiT-Net(Proposed),0.8749728638550671
Clear Sky,PiT-Net(Proposed),1.0539753880299685
Clear Sky,PiT-Net(Proposed),1.3022683675475832
Clear Sky,PiT-Net(Proposed),0.7321607235884358
Clear Sky,PiT-Net(Proposed),0.23427403449487727
Clear Sky,PiT-Net(Proposed),0.7004091291860277
Clear Sky,PiT-Net(Proposed),0.5317955346545311
Clear Sky,PiT-Net(Proposed),0.49184637635005046
Clear Sky,PiT-Net(Proposed),0.004247106417331281
Clear Sky,PiT-Net(Proposed),0.07227142529152886
Clear Sky,PiT-Net(Proposed),0.05721376868191541
Clear Sky,PiT-Net(Proposed),0.11739338692106216
Clear Sky,PiT-Net(Proposed),0.5155690874036978
Clear Sky,PiT-Net(Proposed),0.5492788127390718
Clear Sky,PiT-Net(Proposed),0.06990223065021794
Clear Sky,PiT-Net(Proposed),0.01837417165497257
Clear Sky,PiT-Net(Proposed),0.31598641932045624
Clear Sky,PiT-Net(Proposed),0.39743734353432814
Clear Sky,PiT-Net(Proposed),0.9211647402015828
Clear Sky,PiT-Net(Proposed),0.7121371262279901
Clear Sky,PiT-Net(Proposed),0.8881659454843991
Clear Sky,PiT-Net(Proposed),0.9876969602593206
Clear Sky,PiT-Net(Proposed),1.2047980279152632
Clear Sky,PiT-Net(Proposed),1.1836220455285602
Clear Sky,PiT-Net(Proposed),1.4570918940640052
Clear Sky,PiT-Net(Proposed),1.7098708708436536
Clear Sky,PiT-Net(Proposed),2.077796161939423
Clear Sky,PiT-Net(Proposed),2.2369973435650756
Clear Sky,PiT-Net(Proposed),2.51800080680433
Clear Sky,PiT-Net(Proposed),2.3458145363122935
Clear Sky,PiT-Net(Proposed),1.7399118490340058
Clear Sky,PiT-Net(Proposed),1.4656046604044337
Clear Sky,PiT-Net(Proposed),1.9914796171348796
Clear Sky,PiT-Net(Proposed),2.1314364850404806
Clear Sky,PiT-Net(Proposed),2.0930044764809885
Clear Sky,PiT-Net(Proposed),2.114521651353657
Clear Sky,PiT-Net(Proposed),1.7688505241365515
Clear Sky,PiT-Net(Proposed),1.725900048593962
Clear Sky,PiT-Net(Proposed),1.3790542145055742
Clear Sky,PiT-Net(Proposed),0.9665469483542513
Clear Sky,PiT-Net(Proposed),1.1279653790163309
Clear Sky,PiT-Net(Proposed),1.4071973266249636
Clear Sky,PiT-Net(Proposed),0.845779322521885
Clear Sky,PiT-Net(Proposed),0.31311954299829026
Clear Sky,PiT-Net(Proposed),0.6879913633729835
Clear Sky,PiT-Net(Proposed),0.6243924238544807
Clear Sky,PiT-Net(Proposed),0.5022654436239868
Clear Sky,PiT-Net(Proposed),0.08988287251807847
Clear Sky,PiT-Net(Proposed),0.08288659428637857
Clear Sky,PiT-Net(Proposed),0.06289196686507381
Clear Sky,PiT-Net(Proposed),0.08510360362732783
Clear Sky,PiT-Net(Proposed),0.35076013033537023
Clear Sky,PiT-Net(Proposed),0.6240970157483758
Clear Sky,PiT-Net(Proposed),0.0323495455821039
Clear Sky,PiT-Net(Proposed),0.01598117077307748
Clear Sky,PiT-Net(Proposed),0.3262495170758797
Clear Sky,PiT-Net(Proposed),0.4093070825151841
Clear Sky,PiT-Net(Proposed),0.9035587345333305
Clear Sky,PiT-Net(Proposed),0.7262382242649288
Clear Sky,PiT-Net(Proposed),0.8632619705886988
Clear Sky,PiT-Net(Proposed),0.9955126564470547
Clear Sky,PiT-Net(Proposed),1.2984170852685608
Clear Sky,PiT-Net(Proposed),1.2046192529771105
Clear Sky,PiT-Net(Proposed),1.5295179435109922
Clear Sky,PiT-Net(Proposed),1.836105364199664
Clear Sky,PiT-Net(Proposed),2.1942966154628767
Clear Sky,PiT-Net(Proposed),2.3895045355339137
Clear Sky,PiT-Net(Proposed),2.6121236543650994
Clear Sky,PiT-Net(Proposed),2.3274728293403926
Clear Sky,PiT-Net(Proposed),1.621997888957297
Clear Sky,PiT-Net(Proposed),1.6559120129263927
Clear Sky,PiT-Net(Proposed),2.270699102229628
Clear Sky,PiT-Net(Proposed),2.433360825931521
Clear Sky,PiT-Net(Proposed),2.3838847354761814
Clear Sky,PiT-Net(Proposed),2.3650985586430675
Clear Sky,PiT-Net(Proposed),1.8557449300133424
Clear Sky,PiT-Net(Proposed),1.8382330124166284
Clear Sky,PiT-Net(Proposed),1.2901148404042146
Clear Sky,PiT-Net(Proposed),0.8445934854017594
Clear Sky,PiT-Net(Proposed),1.0082248916221275
Clear Sky,PiT-Net(Proposed),1.384750840929076
Clear Sky,PiT-Net(Proposed),0.7427659449492232
Clear Sky,PiT-Net(Proposed),0.21938480406935312
Clear Sky,PiT-Net(Proposed),0.6111900041921317
Clear Sky,PiT-Net(Proposed),0.6650399569686911
Clear Sky,PiT-Net(Proposed),0.44818002599715
Clear Sky,PiT-Net(Proposed),0.15106493973084056
Clear Sky,PiT-Net(Proposed),0.15115485156378838
Clear Sky,PiT-Net(Proposed),0.16575664188854944
Clear Sky,PiT-Net(Proposed),0.3256904279705317
Clear Sky,PiT-Net(Proposed),0.6060186418083546
Clear Sky,PiT-Net(Proposed),0.5460476606990028
Clear Sky,PiT-Net(Proposed),0.020319765110368593
Clear Sky,PiT-Net(Proposed),0.11143307414823411
Clear Sky,PiT-Net(Proposed),0.3117436055818459
Clear Sky,PiT-Net(Proposed),0.4412492836502864
Clear Sky,PiT-Net(Proposed),0.8941928266372088
Clear Sky,PiT-Net(Proposed),0.678453848943338
Clear Sky,PiT-Net(Proposed),0.8978549172180621
Clear Sky,PiT-Net(Proposed),1.0719809705611638
Clear Sky,PiT-Net(Proposed),1.3147606137254364
Clear Sky,PiT-Net(Proposed),1.2278681917844096
Clear Sky,PiT-Net(Proposed),1.6149069123226099
Clear Sky,PiT-Net(Proposed),1.8484123097706586
Clear Sky,PiT-Net(Proposed),2.3369542570553143
Clear Sky,PiT-Net(Proposed),2.5345628366345654
Clear Sky,PiT-Net(Proposed),2.882768112592907
Clear Sky,PiT-Net(Proposed),2.6817561685923144
Clear Sky,PiT-Net(Proposed),1.9969702304518158
Clear Sky,PiT-Net(Proposed),1.6214943264057737
Clear Sky,PiT-Net(Proposed),2.0942704192384065
Clear Sky,PiT-Net(Proposed),2.1756992666554487
Clear Sky,PiT-Net(Proposed),2.1087835162440234
Clear Sky,PiT-Net(Proposed),2.123374512651651
Clear Sky,PiT-Net(Proposed),1.7215627266175382
Clear Sky,PiT-Net(Proposed),1.72336781240071
Clear Sky,PiT-Net(Proposed),1.3341552520572755
Clear Sky,PiT-Net(Proposed),0.9487312059981363
Clear Sky,PiT-Net(Proposed),1.0714675080144644
Clear Sky,PiT-Net(Proposed),1.3531085832514478
Clear Sky,PiT-Net(Proposed),0.7974922850532487
Clear Sky,PiT-Net(Proposed),0.34705814922353184
Clear Sky,PiT-Net(Proposed),0.8014350389367415
Clear Sky,PiT-Net(Proposed),0.8058897641431209
Clear Sky,PiT-Net(Proposed),0.6738367855256584
Clear Sky,PiT-Net(Proposed),0.18325871320987375
Clear Sky,PiT-Net(Proposed),0.02111690719542736
Clear Sky,PiT-Net(Proposed),0.0821823389574412
Clear Sky,PiT-Net(Proposed),0.0014668137698450323
Clear Sky,PiT-Net(Proposed),0.27973706822822564
Clear Sky,PiT-Net(Proposed),0.6795978900084698
Clear Sky,PiT-Net(Proposed),0.0329378811113088
Clear Sky,PiT-Net(Proposed),0.026971986601797227
Clear Sky,PiT-Net(Proposed),0.3503427669977448
Clear Sky,PiT-Net(Proposed),0.41381728984949717
Clear Sky,PiT-Net(Proposed),0.884441487899565
Clear Sky,PiT-Net(Proposed),0.6784056542293335
Clear Sky,PiT-Net(Proposed),0.8984373625058275
Clear Sky,PiT-Net(Proposed),0.9911571733936348
Clear Sky,PiT-Net(Proposed),1.2718321542437714
Clear Sky,PiT-Net(Proposed),1.1829341789835457
Clear Sky,PiT-Net(Proposed),1.5181152468908614
Clear Sky,PiT-Net(Proposed),1.785670338142591
Clear Sky,PiT-Net(Proposed),2.2041929980849915
Clear Sky,PiT-Net(Proposed),2.3935354416998944
Clear Sky,PiT-Net(Proposed),2.673953784657191
Clear Sky,PiT-Net(Proposed),2.439453960877445
Clear Sky,PiT-Net(Proposed),1.7779714095221606
Clear Sky,PiT-Net(Proposed),0.2831177785073067
Clear Sky,PiT-Net(Proposed),0.4914633863193148
Clear Sky,PiT-Net(Proposed),0.7508056131573801
Clear Sky,PiT-Net(Proposed),0.9805315168666322
Clear Sky,PiT-Net(Proposed),1.244088441358166
Clear Sky,PiT-Net(Proposed),1.3643176644580697
Clear Sky,PiT-Net(Proposed),1.4571501015993338
Clear Sky,PiT-Net(Proposed),1.5888728065688236
Clear Sky,PiT-Net(Proposed),1.8075564311382788
Clear Sky,PiT-Net(Proposed),1.4216505114064137
Clear Sky,PiT-Net(Proposed),1.2466349832019787
Clear Sky,PiT-Net(Proposed),1.360645378288897
Clear Sky,PiT-Net(Proposed),1.1169944734527117
Clear Sky,PiT-Net(Proposed),1.3879612715359002
Clear Sky,PiT-Net(Proposed),1.1096623774978056
Clear Sky,PiT-Net(Proposed),0.7892836412350448
Clear Sky,PiT-Net(Proposed),0.9834058243375665
Clear Sky,PiT-Net(Proposed),1.0979721929959823
Clear Sky,PiT-Net(Proposed),0.7717589664899727
Clear Sky,PiT-Net(Proposed),0.3069608117758946
Clear Sky,PiT-Net(Proposed),0.5327693400763245
Clear Sky,PiT-Net(Proposed),0.4333782615614865
Clear Sky,PiT-Net(Proposed),0.5453843323906433
Clear Sky,PiT-Net(Proposed),0.1811839805254749
Clear Sky,PiT-Net(Proposed),0.09924226695360971
Clear Sky,PiT-Net(Proposed),0.11668397177554723
Clear Sky,PiT-Net(Proposed),0.0485954344613404
Clear Sky,PiT-Net(Proposed),0.23134733395736617
Clear Sky,PiT-Net(Proposed),0.36591353900314516
Clear Sky,PiT-Net(Proposed),0.1759808611885454
Clear Sky,PiT-Net(Proposed),0.2909940191362743
Clear Sky,PiT-Net(Proposed),0.6978592054777124
Clear Sky,PiT-Net(Proposed),0.4621044297930297
Clear Sky,PiT-Net(Proposed),0.8184181404365489
Clear Sky,PiT-Net(Proposed),0.6337920427806196
Clear Sky,PiT-Net(Proposed),0.8231657817906033
Clear Sky,PiT-Net(Proposed),0.8917131570492316
Clear Sky,PiT-Net(Proposed),1.173728591223476
Clear Sky,PiT-Net(Proposed),1.035985856707054
Clear Sky,PiT-Net(Proposed),1.1980286457267617
Clear Sky,PiT-Net(Proposed),1.2299825068253831
Clear Sky,PiT-Net(Proposed),1.212147183991533
Clear Sky,PiT-Net(Proposed),1.4136552899881174
Clear Sky,PiT-Net(Proposed),1.5168473846279724
Clear Sky,PiT-Net(Proposed),1.6351365321237985
Clear Sky,PiT-Net(Proposed),1.588750314388638
Clear Sky,PiT-Net(Proposed),1.5924003366243573
Clear Sky,PiT-Net(Proposed),1.5576175978242053
Clear Sky,PiT-Net(Proposed),1.311469747379855
Clear Sky,PiT-Net(Proposed),0.9907875982450609
Clear Sky,PiT-Net(Proposed),0.6484889011591155
Clear Sky,PiT-Net(Proposed),0.3307117971648478
Clear Sky,PiT-Net(Proposed),0.5622884875331884
Clear Sky,PiT-Net(Proposed),0.8346552009472723
Clear Sky,PiT-Net(Proposed),1.0460969314327035
Clear Sky,PiT-Net(Proposed),1.3066761144020673
Clear Sky,PiT-Net(Proposed),1.365859485222913
Clear Sky,PiT-Net(Proposed),1.4134407005016003
Clear Sky,PiT-Net(Proposed),1.5246087769344463
Clear Sky,PiT-Net(Proposed),1.7189391382572126
Clear Sky,PiT-Net(Proposed),1.3718195239440778
Clear Sky,PiT-Net(Proposed),1.2271230549122656
Clear Sky,PiT-Net(Proposed),1.3711947588612148
Clear Sky,PiT-Net(Proposed),1.1425554618576808
Clear Sky,PiT-Net(Proposed),1.3786838697468369
Clear Sky,PiT-Net(Proposed),1.1473792469991153
Clear Sky,PiT-Net(Proposed),0.799826520439396
Clear Sky,PiT-Net(Proposed),0.9303728845841697
Clear Sky,PiT-Net(Proposed),1.0548457279012524
Clear Sky,PiT-Net(Proposed),0.8204181437176601
Clear Sky,PiT-Net(Proposed),0.26841419315842785
Clear Sky,PiT-Net(Proposed),0.5473396185606774
Clear Sky,PiT-Net(Proposed),0.43127523970379045
Clear Sky,PiT-Net(Proposed),0.4910195970346223
Clear Sky,PiT-Net(Proposed),0.09871618563004958
Clear Sky,PiT-Net(Proposed),0.07920182925908037
Clear Sky,PiT-Net(Proposed),0.10604457845397874
Clear Sky,PiT-Net(Proposed),0.058838858678420536
Clear Sky,PiT-Net(Proposed),0.25258917517097146
Clear Sky,PiT-Net(Proposed),0.33400069546148003
Clear Sky,PiT-Net(Proposed),0.11818075900867342
Clear Sky,PiT-Net(Proposed),0.20875391596274895
Clear Sky,PiT-Net(Proposed),0.5600434535669336
Clear Sky,PiT-Net(Proposed),0.4257381884993521
Clear Sky,PiT-Net(Proposed),0.7075361005044485
Clear Sky,PiT-Net(Proposed),0.6038892163605425
Clear Sky,PiT-Net(Proposed),0.7978702761167717
Clear Sky,PiT-Net(Proposed),0.9061107082948006
Clear Sky,PiT-Net(Proposed),1.143467289878405
Clear Sky,PiT-Net(Proposed),1.0748452230566485
Clear Sky,PiT-Net(Proposed),1.1671528541908334
Clear Sky,PiT-Net(Proposed),1.2217273367858024
Clear Sky,PiT-Net(Proposed),1.2014932970212513
Clear Sky,PiT-Net(Proposed),1.4162290666248367
Clear Sky,PiT-Net(Proposed),1.5792264268128928
Clear Sky,PiT-Net(Proposed),1.743201153379351
Clear Sky,PiT-Net(Proposed),1.740433311173092
Clear Sky,PiT-Net(Proposed),1.6880691123112497
Clear Sky,PiT-Net(Proposed),1.6116703737755942
Clear Sky,PiT-Net(Proposed),1.3276941620665248
Clear Sky,PiT-Net(Proposed),0.9872966201299012
Clear Sky,PiT-Net(Proposed),0.6428230635135722
Clear Sky,PiT-Net(Proposed),0.2768244891651775
Clear Sky,PiT-Net(Proposed),0.49039571132724863
Clear Sky,PiT-Net(Proposed),0.7608820164469768
Clear Sky,PiT-Net(Proposed),1.0027692447838505
Clear Sky,PiT-Net(Proposed),1.2769123518323315
Clear Sky,PiT-Net(Proposed),1.3487613475977431
Clear Sky,PiT-Net(Proposed),1.4572298455313843
Clear Sky,PiT-Net(Proposed),1.5795114611814833
Clear Sky,PiT-Net(Proposed),1.820044269813014
Clear Sky,PiT-Net(Proposed),1.4230787154473354
Clear Sky,PiT-Net(Proposed),1.3003738361652797
Clear Sky,PiT-Net(Proposed),1.4168630877102188
Clear Sky,PiT-Net(Proposed),1.2084508679090735
Clear Sky,PiT-Net(Proposed),1.4302216366875964
Clear Sky,PiT-Net(Proposed),1.2035944050003131
Clear Sky,PiT-Net(Proposed),0.7739661097542445
Clear Sky,PiT-Net(Proposed),0.9324758991269633
Clear Sky,PiT-Net(Proposed),1.0831847833872388
Clear Sky,PiT-Net(Proposed),0.8101604919307057
Clear Sky,PiT-Net(Proposed),0.2794809351933232
Clear Sky,PiT-Net(Proposed),0.5222689058909502
Clear Sky,PiT-Net(Proposed),0.39986979687970603
Clear Sky,PiT-Net(Proposed),0.46291818852882827
Clear Sky,PiT-Net(Proposed),0.1057884055095748
Clear Sky,PiT-Net(Proposed),0.08504119500118179
Clear Sky,PiT-Net(Proposed),0.15053483045841887
Clear Sky,PiT-Net(Proposed),0.10380429643285183
Clear Sky,PiT-Net(Proposed),0.21550080263351745
Clear Sky,PiT-Net(Proposed),0.3700392178165295
Clear Sky,PiT-Net(Proposed),0.11603343714916647
Clear Sky,PiT-Net(Proposed),0.25243474840058155
Clear Sky,PiT-Net(Proposed),0.567474773616631
Clear Sky,PiT-Net(Proposed),0.43238200536506
Clear Sky,PiT-Net(Proposed),0.6947330110518095
Clear Sky,PiT-Net(Proposed),0.5677871702584625
Clear Sky,PiT-Net(Proposed),0.7528234317430176
Clear Sky,PiT-Net(Proposed),0.8940559848257905
Clear Sky,PiT-Net(Proposed),1.1612238512747624
Clear Sky,PiT-Net(Proposed),1.0732415327349472
Clear Sky,PiT-Net(Proposed),1.1836223464825455
Clear Sky,PiT-Net(Proposed),1.2475837219282333
Clear Sky,PiT-Net(Proposed),1.2062332048240236
Clear Sky,PiT-Net(Proposed),1.4348207720050912
Clear Sky,PiT-Net(Proposed),1.5480326768636452
Clear Sky,PiT-Net(Proposed),1.6832769402501917
Clear Sky,PiT-Net(Proposed),1.6264842324533353
Clear Sky,PiT-Net(Proposed),1.587769325412264
Clear Sky,PiT-Net(Proposed),1.5506831047657812
Clear Sky,PiT-Net(Proposed),1.3298387725083503
Clear Sky,PiT-Net(Proposed),1.067208669391505
Clear Sky,PiT-Net(Proposed),0.7647175161682501
Clear Sky,PiT-Net(Proposed),0.33950133270710914
Clear Sky,PiT-Net(Proposed),0.5651578783422264
Clear Sky,PiT-Net(Proposed),0.8034522922428537
Clear Sky,PiT-Net(Proposed),1.014387906388432
Clear Sky,PiT-Net(Proposed),1.268415826352737
Clear Sky,PiT-Net(Proposed),1.36335609486893
Clear Sky,PiT-Net(Proposed),1.4360916128995944
Clear Sky,PiT-Net(Proposed),1.5371475456988621
Clear Sky,PiT-Net(Proposed),1.7755697795431828
Clear Sky,PiT-Net(Proposed),1.437735944813971
Clear Sky,PiT-Net(Proposed),1.2552372807726666
Clear Sky,PiT-Net(Proposed),1.3285775437924698
Clear Sky,PiT-Net(Proposed),1.2091678614174004
Clear Sky,PiT-Net(Proposed),1.3385758357622297
Clear Sky,PiT-Net(Proposed),1.1429741966955866
Clear Sky,PiT-Net(Proposed),0.7241194035807119
Clear Sky,PiT-Net(Proposed),0.9098756877565854
Clear Sky,PiT-Net(Proposed),0.9685170881152594
Clear Sky,PiT-Net(Proposed),0.7482115187651246
Clear Sky,PiT-Net(Proposed),0.21247694781451187
Clear Sky,PiT-Net(Proposed),0.5036653837378111
Clear Sky,PiT-Net(Proposed),0.3214911570370198
Clear Sky,PiT-Net(Proposed),0.3807556594813377
Clear Sky,PiT-Net(Proposed),0.08161679156115298
Clear Sky,PiT-Net(Proposed),0.017994853238761266
Clear Sky,PiT-Net(Proposed),0.2046257680121144
Clear Sky,PiT-Net(Proposed),0.20897853485169549
Clear Sky,PiT-Net(Proposed),0.19286233827171984
Clear Sky,PiT-Net(Proposed),0.41444650417443896
Clear Sky,PiT-Net(Proposed),0.11783892099987625
Clear Sky,PiT-Net(Proposed),0.29189456922721035
Clear Sky,PiT-Net(Proposed),0.6034964305430996
Clear Sky,PiT-Net(Proposed),0.5394916243385204
Clear Sky,PiT-Net(Proposed),0.8736851510564243
Clear Sky,PiT-Net(Proposed),0.708520397464298
Clear Sky,PiT-Net(Proposed),0.8703622086617955
Clear Sky,PiT-Net(Proposed),0.8930333036104656
Clear Sky,PiT-Net(Proposed),1.0965432672652824
Clear Sky,PiT-Net(Proposed),0.9880652392461808
Clear Sky,PiT-Net(Proposed),1.0124349335984082
Clear Sky,PiT-Net(Proposed),1.1359515538861835
Clear Sky,PiT-Net(Proposed),1.0880053315545641
Clear Sky,PiT-Net(Proposed),1.3409165692348655
Clear Sky,PiT-Net(Proposed),1.4544358528899188
Clear Sky,PiT-Net(Proposed),1.5503454729133175
Clear Sky,PiT-Net(Proposed),1.4897055989755623
Clear Sky,PiT-Net(Proposed),1.4609343776336807
Clear Sky,PiT-Net(Proposed),1.4263622698514355
Clear Sky,PiT-Net(Proposed),1.2285713936373721
Clear Sky,PiT-Net(Proposed),0.9932498590381496
Clear Sky,PiT-Net(Proposed),0.707918671514399
Clear Sky,PiT-Net(Proposed),0.20867480751689987
Clear Sky,PiT-Net(Proposed),0.3675812601654505
Clear Sky,PiT-Net(Proposed),0.5720381292082447
Clear Sky,PiT-Net(Proposed),0.7680602724389536
Clear Sky,PiT-Net(Proposed),1.010485229612915
Clear Sky,PiT-Net(Proposed),1.1012446899901285
Clear Sky,PiT-Net(Proposed),1.2252392618183485
Clear Sky,PiT-Net(Proposed),1.3793465728177958
Clear Sky,PiT-Net(Proposed),1.6330663054677714
Clear Sky,PiT-Net(Proposed),1.4060331403517932
Clear Sky,PiT-Net(Proposed),1.2471379066443387
Clear Sky,PiT-Net(Proposed),1.387420685874492
Clear Sky,PiT-Net(Proposed),1.2532528317128673
Clear Sky,PiT-Net(Proposed),1.3841164178080039
Clear Sky,PiT-Net(Proposed),1.260590506545837
Clear Sky,PiT-Net(Proposed),0.877006156235737
Clear Sky,PiT-Net(Proposed),1.0781062301796247
Clear Sky,PiT-Net(Proposed),1.1279510326270348
Clear Sky,PiT-Net(Proposed),0.9477301640472149
Clear Sky,PiT-Net(Proposed),0.39249421126407924
Clear Sky,PiT-Net(Proposed),0.6398177009137314
Clear Sky,PiT-Net(Proposed),0.4735672533258253
Clear Sky,PiT-Net(Proposed),0.48756730165068873
Clear Sky,PiT-Net(Proposed),0.22910019612189814
Clear Sky,PiT-Net(Proposed),0.1666900273680021
Clear Sky,PiT-Net(Proposed),0.07755062552100256
Clear Sky,PiT-Net(Proposed),0.12182520173851685
Clear Sky,PiT-Net(Proposed),0.234655390628717
Clear Sky,PiT-Net(Proposed),0.2999729605690753
Clear Sky,PiT-Net(Proposed),0.07366032184787485
Clear Sky,PiT-Net(Proposed),0.17202699917051234
Clear Sky,PiT-Net(Proposed),0.4759252463356276
Clear Sky,PiT-Net(Proposed),0.3432448887899753
Clear Sky,PiT-Net(Proposed),0.6302057560820948
Clear Sky,PiT-Net(Proposed),0.555837590302648
Clear Sky,PiT-Net(Proposed),0.6682815542572129
Clear Sky,PiT-Net(Proposed),0.8299811386479483
Clear Sky,PiT-Net(Proposed),1.1208220901366133
Clear Sky,PiT-Net(Proposed),1.0599005436076716
Clear Sky,PiT-Net(Proposed),1.1342145432530977
Clear Sky,PiT-Net(Proposed),1.2678934665394674
Clear Sky,PiT-Net(Proposed),1.172345694350275
Clear Sky,PiT-Net(Proposed),1.4242319676273834
Clear Sky,PiT-Net(Proposed),1.469987445378063
Clear Sky,PiT-Net(Proposed),1.5789636993894405
Clear Sky,PiT-Net(Proposed),1.5438932117873998
Clear Sky,PiT-Net(Proposed),1.4947474933780613
Clear Sky,PiT-Net(Proposed),1.4875166415828671
Clear Sky,PiT-Net(Proposed),1.3125139024060672
Clear Sky,PiT-Net(Proposed),1.0905136246190188
Clear Sky,PiT-Net(Proposed),0.836568839243204
Clear Sky,PiT-Net(Proposed),0.3814433843024189
Clear Sky,PiT-Net(Proposed),0.5742028411471635
Clear Sky,PiT-Net(Proposed),0.7690598782826543
Clear Sky,PiT-Net(Proposed),1.0238014453962578
Clear Sky,PiT-Net(Proposed),1.1179090002056098
Clear Sky,PiT-Net(Proposed),1.2684559829100452
Clear Sky,PiT-Net(Proposed),1.3992150537475823
Clear Sky,PiT-Net(Proposed),1.665160738040055
Clear Sky,PiT-Net(Proposed),1.4312139389476606
Clear Sky,PiT-Net(Proposed),1.2749225683795444
Clear Sky,PiT-Net(Proposed),1.3939998170720163
Clear Sky,PiT-Net(Proposed),1.2468544146904676
Clear Sky,PiT-Net(Proposed),1.3902494452281822
Clear Sky,PiT-Net(Proposed),1.2548497687680893
Clear Sky,PiT-Net(Proposed),0.9014968569505797
Clear Sky,PiT-Net(Proposed),1.1375147561272243
Clear Sky,PiT-Net(Proposed),1.213293112311927
Clear Sky,PiT-Net(Proposed),0.9881523974825903
Clear Sky,PiT-Net(Proposed),0.47061203843951915
Clear Sky,PiT-Net(Proposed),0.6454576751147485
Clear Sky,PiT-Net(Proposed),0.4734432490659337
Clear Sky,PiT-Net(Proposed),0.4900693618654408
Clear Sky,PiT-Net(Proposed),0.1839967217280929
Clear Sky,PiT-Net(Proposed),0.13940995125888378
Clear Sky,PiT-Net(Proposed),0.15808990104033782
Clear Sky,PiT-Net(Proposed),0.17041217340519665
Clear Sky,PiT-Net(Proposed),0.2099356055262085
Clear Sky,PiT-Net(Proposed),0.3074327063240929
Clear Sky,PiT-Net(Proposed),0.12535559802324414
Clear Sky,PiT-Net(Proposed),0.2515869107788191
Clear Sky,PiT-Net(Proposed),0.5525305393178179
Clear Sky,PiT-Net(Proposed),0.4132285657021768
Clear Sky,PiT-Net(Proposed),0.6915184290888519
Clear Sky,PiT-Net(Proposed),0.6282912632612536
Clear Sky,PiT-Net(Proposed),0.7269966835951358
Clear Sky,PiT-Net(Proposed),0.851510911138611
Clear Sky,PiT-Net(Proposed),1.1296050579519203
Clear Sky,PiT-Net(Proposed),1.0545990194283377
Clear Sky,PiT-Net(Proposed),1.1142573037908061
Clear Sky,PiT-Net(Proposed),1.2734809677702508
Clear Sky,PiT-Net(Proposed),1.1975813294004531
Clear Sky,PiT-Net(Proposed),1.4105453535426165
Clear Sky,PiT-Net(Proposed),1.4506254082470331
Clear Sky,PiT-Net(Proposed),1.5314632855448505
Clear Sky,PiT-Net(Proposed),1.495623985360802
Clear Sky,PiT-Net(Proposed),1.4258113703447544
Clear Sky,PiT-Net(Proposed),1.450293866917289
Clear Sky,PiT-Net(Proposed),1.3003486510163227
Clear Sky,PiT-Net(Proposed),1.0992986019809063
Clear Sky,PiT-Net(Proposed),0.8633924269208776
Clear Sky,PiT-Net(Proposed),0.3818341332704194
Clear Sky,PiT-Net(Proposed),0.5893516187639707
Clear Sky,PiT-Net(Proposed),0.7866284813795776
Clear Sky,PiT-Net(Proposed),1.0296910217573116
Clear Sky,PiT-Net(Proposed),1.1200486269116645
Clear Sky,PiT-Net(Proposed),1.2525721098870495
Clear Sky,PiT-Net(Proposed),1.3871115198725432
Clear Sky,PiT-Net(Proposed),1.6523928177910365
Clear Sky,PiT-Net(Proposed),1.4111392042893858
Clear Sky,PiT-Net(Proposed),1.269703461498402
Clear Sky,PiT-Net(Proposed),1.3767160845542623
Clear Sky,PiT-Net(Proposed),1.2220926010186854
Clear Sky,PiT-Net(Proposed),1.3759487055875095
Clear Sky,PiT-Net(Proposed),1.2243492358895214
Clear Sky,PiT-Net(Proposed),0.8666374707190734
Clear Sky,PiT-Net(Proposed),1.0536472589534895
Clear Sky,PiT-Net(Proposed),1.0987484256548719
Clear Sky,PiT-Net(Proposed),0.9496101313970016
Clear Sky,PiT-Net(Proposed),0.3882241820308039
Clear Sky,PiT-Net(Proposed),0.6311983228939901
Clear Sky,PiT-Net(Proposed),0.4406559148807361
Clear Sky,PiT-Net(Proposed),0.47857797455670337
Clear Sky,PiT-Net(Proposed),0.18076098514012529
Clear Sky,PiT-Net(Proposed),0.11817718655040821
Clear Sky,PiT-Net(Proposed),0.12773447389099957
Clear Sky,PiT-Net(Proposed),0.14854347501592002
Clear Sky,PiT-Net(Proposed),0.24527182771998213
Clear Sky,PiT-Net(Proposed),0.3067186339185817
Clear Sky,PiT-Net(Proposed),0.11758090361275109
Clear Sky,PiT-Net(Proposed),0.22380489308425666
Clear Sky,PiT-Net(Proposed),0.5290263840077998
Clear Sky,PiT-Net(Proposed),0.38346418245360425
Clear Sky,PiT-Net(Proposed),0.6536872674821801
Clear Sky,PiT-Net(Proposed),0.5541145821745737
Clear Sky,PiT-Net(Proposed),0.6829005005282767
Clear Sky,PiT-Net(Proposed),0.8490381953374033
Clear Sky,PiT-Net(Proposed),1.1074444819131024
Clear Sky,PiT-Net(Proposed),1.0106248086941356
Clear Sky,PiT-Net(Proposed),1.0976507663178197
Clear Sky,PiT-Net(Proposed),1.235090477472184
Clear Sky,PiT-Net(Proposed),1.1719918789060824
Clear Sky,PiT-Net(Proposed),1.383555242389468
Clear Sky,PiT-Net(Proposed),1.450426352063479
Clear Sky,PiT-Net(Proposed),1.5670672374728802
Clear Sky,PiT-Net(Proposed),1.5158131511001676
Clear Sky,PiT-Net(Proposed),1.4654043566832051
Clear Sky,PiT-Net(Proposed),1.455050516882193
Clear Sky,PiT-Net(Proposed),1.2755795303689728
Clear Sky,PiT-Net(Proposed),1.0573786889641208
Clear Sky,PiT-Net(Proposed),0.8085540823685644
Clear Sky,PiT-Net(Proposed),0.5905346665652899
Clear Sky,PiT-Net(Proposed),0.821215211326751
Clear Sky,PiT-Net(Proposed),1.1013959828279352
Clear Sky,PiT-Net(Proposed),1.2327988151690752
Clear Sky,PiT-Net(Proposed),1.3508158988000831
Clear Sky,PiT-Net(Proposed),1.4754919154019452
Clear Sky,PiT-Net(Proposed),1.7095273500216663
Clear Sky,PiT-Net(Proposed),1.4215159901521854
Clear Sky,PiT-Net(Proposed),1.2941342595397245
Clear Sky,PiT-Net(Proposed),1.350110045014441
Clear Sky,PiT-Net(Proposed),1.1547858121303385
Clear Sky,PiT-Net(Proposed),1.3109603452176106
Clear Sky,PiT-Net(Proposed),1.1451165361328783
Clear Sky,PiT-Net(Proposed),0.766246758550718
Clear Sky,PiT-Net(Proposed),0.919848014338907
Clear Sky,PiT-Net(Proposed),0.9907262198801021
Clear Sky,PiT-Net(Proposed),0.7770987859634033
Clear Sky,PiT-Net(Proposed),0.2951524961263772
Clear Sky,PiT-Net(Proposed),0.54512908819461
Clear Sky,PiT-Net(Proposed),0.42854272634197343
Clear Sky,PiT-Net(Proposed),0.47703967330165753
Clear Sky,PiT-Net(Proposed),0.19323299567038887
Clear Sky,PiT-Net(Proposed),0.14596519305947453
Clear Sky,PiT-Net(Proposed),0.06486061153035294
Clear Sky,PiT-Net(Proposed),0.019020435742106656
Clear Sky,PiT-Net(Proposed),0.2606338836980271
Clear Sky,PiT-Net(Proposed),0.2793508465430605
Clear Sky,PiT-Net(Proposed),0.06864042275284632
Clear Sky,PiT-Net(Proposed),0.15892452865094597
Clear Sky,PiT-Net(Proposed),0.5105849858355285
Clear Sky,PiT-Net(Proposed),0.3494300407734876
Clear Sky,PiT-Net(Proposed),0.6443879385164735
Clear Sky,PiT-Net(Proposed),0.4862386955703464
Clear Sky,PiT-Net(Proposed),0.6685658215368342
Clear Sky,PiT-Net(Proposed),0.8121897265626643
Clear Sky,PiT-Net(Proposed),1.070348091919481
Clear Sky,PiT-Net(Proposed),0.9767523626386456
Clear Sky,PiT-Net(Proposed),1.0682686110173059
Clear Sky,PiT-Net(Proposed),1.1394927802460835
Clear Sky,PiT-Net(Proposed),1.1207096079888412
Clear Sky,PiT-Net(Proposed),1.34813342956922
Clear Sky,PiT-Net(Proposed),1.4613694252397504
Clear Sky,PiT-Net(Proposed),1.5987931412818916
Clear Sky,PiT-Net(Proposed),1.5624626627533038
Clear Sky,PiT-Net(Proposed),1.5497276509428772
Clear Sky,PiT-Net(Proposed),1.5211304090420552
Clear Sky,PiT-Net(Proposed),1.3341975288068864
Clear Sky,PiT-Net(Proposed),1.0950220972720432
Clear Sky,PiT-Net(Proposed),0.8189180849670207
Clear Sky,PiT-Net(Proposed),0.384655485848395
Clear Sky,PiT-Net(Proposed),0.5970434543014852
Clear Sky,PiT-Net(Proposed),0.8301875301826023
Clear Sky,PiT-Net(Proposed),1.0805611692139583
Clear Sky,PiT-Net(Proposed),1.1872802752361578
Clear Sky,PiT-Net(Proposed),1.2937543039485329
Clear Sky,PiT-Net(Proposed),1.3965204102204325
Clear Sky,PiT-Net(Proposed),1.6611465721951735
Clear Sky,PiT-Net(Proposed),1.4128703573909096
Clear Sky,PiT-Net(Proposed),1.2544943720203072
Clear Sky,PiT-Net(Proposed),1.3301484101229946
Clear Sky,PiT-Net(Proposed),1.1757366894675627
Clear Sky,PiT-Net(Proposed),1.3361380651849988
Clear Sky,PiT-Net(Proposed),1.1622857483454467
Clear Sky,PiT-Net(Proposed),0.8372160287294221
Clear Sky,PiT-Net(Proposed),0.9708902479529122
Clear Sky,PiT-Net(Proposed),0.9901517317075488
Clear Sky,PiT-Net(Proposed),0.802608185541537
Clear Sky,PiT-Net(Proposed),0.3794926902938123
Clear Sky,PiT-Net(Proposed),0.5356867138714492
Clear Sky,PiT-Net(Proposed),0.4324975730658913
Clear Sky,PiT-Net(Proposed),0.49002463301192023
Clear Sky,PiT-Net(Proposed),0.18397741402750967
Clear Sky,PiT-Net(Proposed),0.1611371495068994
Clear Sky,PiT-Net(Proposed),0.06671949559877177
Clear Sky,PiT-Net(Proposed),0.14252080719441196
Clear Sky,PiT-Net(Proposed),0.23949628728003347
Clear Sky,PiT-Net(Proposed),0.3113607354131105
Clear Sky,PiT-Net(Proposed),0.1420471825254488
Clear Sky,PiT-Net(Proposed),0.3182626889235287
Clear Sky,PiT-Net(Proposed),0.6379637472586275
Clear Sky,PiT-Net(Proposed),0.5225672152513923
Clear Sky,PiT-Net(Proposed),0.8482969667231188
Clear Sky,PiT-Net(Proposed),0.6751183750708307
Clear Sky,PiT-Net(Proposed),0.8224617072057008
Clear Sky,PiT-Net(Proposed),0.8849412112125634
Clear Sky,PiT-Net(Proposed),1.1353485852922933
Clear Sky,PiT-Net(Proposed),1.0321590808517112
Clear Sky,PiT-Net(Proposed),1.141456902751104
Clear Sky,PiT-Net(Proposed),1.2359291674034427
Clear Sky,PiT-Net(Proposed),1.1641675798148086
Clear Sky,PiT-Net(Proposed),1.3389114328988203
Clear Sky,PiT-Net(Proposed),1.3643563048678597
Clear Sky,PiT-Net(Proposed),1.4205988658655704
Clear Sky,PiT-Net(Proposed),1.3635244761339367
Clear Sky,PiT-Net(Proposed),1.3275775258795912
Clear Sky,PiT-Net(Proposed),1.3304976209051018
Clear Sky,PiT-Net(Proposed),1.1529961027216467
Clear Sky,PiT-Net(Proposed),0.9226507762028515
Clear Sky,PiT-Net(Proposed),0.6646101387851406
Clear Sky,Transformer(Baseline),0.7408082083837754
Clear Sky,Transformer(Baseline),0.8018294344613575
Clear Sky,Transformer(Baseline),0.9249084034041601
Clear Sky,Transformer(Baseline),1.0844686713438847
Clear Sky,Transformer(Baseline),0.9979810749396529
Clear Sky,Transformer(Baseline),1.2655820055302165
Clear Sky,Transformer(Baseline),1.2913872074117672
Clear Sky,Transformer(Baseline),1.3168944858476763
Clear Sky,Transformer(Baseline),1.3112209841667397
Clear Sky,Transformer(Baseline),1.45867695795115
Clear Sky,Transformer(Baseline),1.3870862619064521
Clear Sky,Transformer(Baseline),1.1970898282512579
Clear Sky,Transformer(Baseline),0.830096533466838
Clear Sky,Transformer(Baseline),1.210041455085424
Clear Sky,Transformer(Baseline),0.9064537811314786
Clear Sky,Transformer(Baseline),1.219803157013228
Clear Sky,Transformer(Baseline),0.7762439296863626
Clear Sky,Transformer(Baseline),0.36327965334703904
Clear Sky,Transformer(Baseline),1.1127319240333868
Clear Sky,Transformer(Baseline),0.40410914486801275
Clear Sky,Transformer(Baseline),0.7959106938964915
Clear Sky,Transformer(Baseline),0.6278265644400776
Clear Sky,Transformer(Baseline),0.5161582544746146
Clear Sky,Transformer(Baseline),0.446161314155308
Clear Sky,Transformer(Baseline),0.5723696453778793
Clear Sky,Transformer(Baseline),0.36751204267094195
Clear Sky,Transformer(Baseline),0.27481036869400555
Clear Sky,Transformer(Baseline),0.10285246654016689
Clear Sky,Transformer(Baseline),0.38406372113104936
Clear Sky,Transformer(Baseline),0.2164261007434618
Clear Sky,Transformer(Baseline),0.314702205185764
Clear Sky,Transformer(Baseline),0.5299359891415705
Clear Sky,Transformer(Baseline),0.8152987438259593
Clear Sky,Transformer(Baseline),0.38606202765284436
Clear Sky,Transformer(Baseline),0.679938582776785
Clear Sky,Transformer(Baseline),0.7130168088899715
Clear Sky,Transformer(Baseline),0.835368821362632
Clear Sky,Transformer(Baseline),1.2436039372049876
Clear Sky,Transformer(Baseline),0.8050876544100731
Clear Sky,Transformer(Baseline),1.3413472265768398
Clear Sky,Transformer(Baseline),1.1473187911113119
Clear Sky,Transformer(Baseline),1.127569425254304
Clear Sky,Transformer(Baseline),1.2406890373869714
Clear Sky,Transformer(Baseline),1.0376254822657653
Clear Sky,Transformer(Baseline),1.3258715545242126
Clear Sky,Transformer(Baseline),1.4583954213487438
Clear Sky,Transformer(Baseline),1.2817845982797467
Clear Sky,Transformer(Baseline),1.2495935060267138
Clear Sky,Transformer(Baseline),1.4024805966527092
Clear Sky,Transformer(Baseline),1.3005189443628562
Clear Sky,Transformer(Baseline),1.0559492267821429
Clear Sky,Transformer(Baseline),1.0713263361701653
Clear Sky,Transformer(Baseline),0.8398685266922953
Clear Sky,Transformer(Baseline),0.7008662020559819
Clear Sky,Transformer(Baseline),0.7617083906619122
Clear Sky,Transformer(Baseline),0.8170209908460522
Clear Sky,Transformer(Baseline),0.9942127203981497
Clear Sky,Transformer(Baseline),0.8983811437800728
Clear Sky,Transformer(Baseline),1.2941578236407434
Clear Sky,Transformer(Baseline),1.1804335213809303
Clear Sky,Transformer(Baseline),1.2168571097328842
Clear Sky,Transformer(Baseline),1.174812892108779
Clear Sky,Transformer(Baseline),1.498076924627462
Clear Sky,Transformer(Baseline),1.4419342669534618
Clear Sky,Transformer(Baseline),1.2354756023426319
Clear Sky,Transformer(Baseline),0.9194877244845685
Clear Sky,Transformer(Baseline),1.192026621569358
Clear Sky,Transformer(Baseline),0.9972988533201459
Clear Sky,Transformer(Baseline),1.305191694390178
Clear Sky,Transformer(Baseline),0.7967444830185144
Clear Sky,Transformer(Baseline),0.4661067087136317
Clear Sky,Transformer(Baseline),1.0836498774276713
Clear Sky,Transformer(Baseline),0.6588510229843081
Clear Sky,Transformer(Baseline),0.7310374467113547
Clear Sky,Transformer(Baseline),0.6831434544294197
Clear Sky,Transformer(Baseline),0.6252901992061659
Clear Sky,Transformer(Baseline),0.3984508255601469
Clear Sky,Transformer(Baseline),0.4722189679609876
Clear Sky,Transformer(Baseline),0.47415829858075753
Clear Sky,Transformer(Baseline),0.22448425005326555
Clear Sky,Transformer(Baseline),0.04872579017554557
Clear Sky,Transformer(Baseline),0.37117341529789627
Clear Sky,Transformer(Baseline),0.24713333179800046
Clear Sky,Transformer(Baseline),0.1680985958834178
Clear Sky,Transformer(Baseline),0.5226730172290353
Clear Sky,Transformer(Baseline),0.87733581092672
Clear Sky,Transformer(Baseline),0.17008922441511132
Clear Sky,Transformer(Baseline),0.7656323162096683
Clear Sky,Transformer(Baseline),0.8931934481524593
Clear Sky,Transformer(Baseline),0.835765623572648
Clear Sky,Transformer(Baseline),1.1708369809158228
Clear Sky,Transformer(Baseline),0.7488342124095873
Clear Sky,Transformer(Baseline),1.3269823387646404
Clear Sky,Transformer(Baseline),1.1776122056752278
Clear Sky,Transformer(Baseline),1.2119548714191115
Clear Sky,Transformer(Baseline),1.269007609654242
Clear Sky,Transformer(Baseline),1.0520684735161385
Clear Sky,Transformer(Baseline),1.3015278119454017
Clear Sky,Transformer(Baseline),1.4553367678537903
Clear Sky,Transformer(Baseline),1.3493043093587644
Clear Sky,Transformer(Baseline),1.2738494175311512
Clear Sky,Transformer(Baseline),1.3683798529675437
Clear Sky,Transformer(Baseline),1.3308581611190187
Clear Sky,Transformer(Baseline),1.1246372915059113
Clear Sky,Transformer(Baseline),1.0946193119780816
Clear Sky,Transformer(Baseline),0.5697515066022472
Clear Sky,Transformer(Baseline),0.5801016440433344
Clear Sky,Transformer(Baseline),0.6373090530264762
Clear Sky,Transformer(Baseline),0.7375486528438255
Clear Sky,Transformer(Baseline),0.5867025547759628
Clear Sky,Transformer(Baseline),1.3908688988707616
Clear Sky,Transformer(Baseline),1.0018735366213694
Clear Sky,Transformer(Baseline),1.0209825594968285
Clear Sky,Transformer(Baseline),0.9383266426031307
Clear Sky,Transformer(Baseline),1.918004127402389
Clear Sky,Transformer(Baseline),1.220468102817735
Clear Sky,Transformer(Baseline),1.6350050489046772
Clear Sky,Transformer(Baseline),0.8810721111216075
Clear Sky,Transformer(Baseline),1.1948953180551616
Clear Sky,Transformer(Baseline),1.271613810617831
Clear Sky,Transformer(Baseline),1.16010418600737
Clear Sky,Transformer(Baseline),0.8934928485011291
Clear Sky,Transformer(Baseline),0.725062584302119
Clear Sky,Transformer(Baseline),1.5231924601549345
Clear Sky,Transformer(Baseline),0.6748169932780677
Clear Sky,Transformer(Baseline),1.028294578714096
Clear Sky,Transformer(Baseline),0.7108333009186119
Clear Sky,Transformer(Baseline),0.8972355520644122
Clear Sky,Transformer(Baseline),0.6044275506970997
Clear Sky,Transformer(Baseline),0.8322662520145201
Clear Sky,Transformer(Baseline),0.2754368003275509
Clear Sky,Transformer(Baseline),0.12139394518395008
Clear Sky,Transformer(Baseline),0.15524830100426001
Clear Sky,Transformer(Baseline),0.17021263551610843
Clear Sky,Transformer(Baseline),0.043293136126280274
Clear Sky,Transformer(Baseline),0.13999937087637448
Clear Sky,Transformer(Baseline),0.5812960114955246
Clear Sky,Transformer(Baseline),0.7426894860541431
Clear Sky,Transformer(Baseline),0.10450026692364744
Clear Sky,Transformer(Baseline),0.8009796714251287
Clear Sky,Transformer(Baseline),1.0621204497573906
Clear Sky,Transformer(Baseline),0.6624086310997299
Clear Sky,Transformer(Baseline),1.5380493897388838
Clear Sky,Transformer(Baseline),0.8552741618780253
Clear Sky,Transformer(Baseline),1.5853894377393232
Clear Sky,Transformer(Baseline),1.2058407726814764
Clear Sky,Transformer(Baseline),1.150006627883558
Clear Sky,Transformer(Baseline),1.29819237789372
Clear Sky,Transformer(Baseline),1.0971397708524169
Clear Sky,Transformer(Baseline),1.5626560058210046
Clear Sky,Transformer(Baseline),1.380600611401464
Clear Sky,Transformer(Baseline),1.4010049577449593
Clear Sky,Transformer(Baseline),1.289908379693542
Clear Sky,Transformer(Baseline),1.4285961453128992
Clear Sky,Transformer(Baseline),1.3631261663528766
Clear Sky,Transformer(Baseline),1.1099795346951096
Clear Sky,Transformer(Baseline),1.170450223637478
Clear Sky,Transformer(Baseline),0.9237473151424
Clear Sky,Transformer(Baseline),0.6831754007949508
Clear Sky,Transformer(Baseline),0.7503492270913736
Clear Sky,Transformer(Baseline),0.8577505555269322
Clear Sky,Transformer(Baseline),0.9294327079063356
Clear Sky,Transformer(Baseline),0.9245923675606642
Clear Sky,Transformer(Baseline),1.212810196794842
Clear Sky,Transformer(Baseline),1.2776003045482414
Clear Sky,Transformer(Baseline),1.2452925511582666
Clear Sky,Transformer(Baseline),1.2372729003996508
Clear Sky,Transformer(Baseline),1.5106400411493368
Clear Sky,Transformer(Baseline),1.4322466256666946
Clear Sky,Transformer(Baseline),1.231492343936372
Clear Sky,Transformer(Baseline),0.8263477913053201
Clear Sky,Transformer(Baseline),1.2549833594929467
Clear Sky,Transformer(Baseline),1.0230923503010239
Clear Sky,Transformer(Baseline),1.1955615833215099
Clear Sky,Transformer(Baseline),0.8055845599129654
Clear Sky,Transformer(Baseline),0.3492272360015747
Clear Sky,Transformer(Baseline),0.9701295334230657
Clear Sky,Transformer(Baseline),0.5911542550625768
Clear Sky,Transformer(Baseline),0.993855599644462
Clear Sky,Transformer(Baseline),0.6655466018202354
Clear Sky,Transformer(Baseline),0.4656696764037065
Clear Sky,Transformer(Baseline),0.4503785929037498
Clear Sky,Transformer(Baseline),0.6470755165781377
Clear Sky,Transformer(Baseline),0.3767031173888853
Clear Sky,Transformer(Baseline),0.3839963720487276
Clear Sky,Transformer(Baseline),0.003102250555606645
Clear Sky,Transformer(Baseline),0.1541497878367153
Clear Sky,Transformer(Baseline),0.13376920669751868
Clear Sky,Transformer(Baseline),0.14865194442868201
Clear Sky,Transformer(Baseline),0.6275675855030975
Clear Sky,Transformer(Baseline),0.9156019834900135
Clear Sky,Transformer(Baseline),0.03131843010009305
Clear Sky,Transformer(Baseline),0.8563588160741595
Clear Sky,Transformer(Baseline),0.7299517102545927
Clear Sky,Transformer(Baseline),0.9023792647574176
Clear Sky,Transformer(Baseline),1.4033661939125253
Clear Sky,Transformer(Baseline),0.8161969868764452
Clear Sky,Transformer(Baseline),1.324852946328189
Clear Sky,Transformer(Baseline),1.1436734820419545
Clear Sky,Transformer(Baseline),1.1117044045144855
Clear Sky,Transformer(Baseline),1.2451404758660995
Clear Sky,Transformer(Baseline),1.0595255197084459
Clear Sky,Transformer(Baseline),1.3674274400821833
Clear Sky,Transformer(Baseline),1.3662242669699118
Clear Sky,Transformer(Baseline),1.3088497141390762
Clear Sky,Transformer(Baseline),1.1373204011572247
Clear Sky,Transformer(Baseline),1.3912431039764996
Clear Sky,Transformer(Baseline),1.385108120294758
Clear Sky,Transformer(Baseline),0.958113614084084
Clear Sky,Transformer(Baseline),1.090204001202309
Clear Sky,Transformer(Baseline),0.8746077960003777
Clear Sky,Transformer(Baseline),0.7624617131783704
Clear Sky,Transformer(Baseline),0.8366726338677626
Clear Sky,Transformer(Baseline),0.9306712999284699
Clear Sky,Transformer(Baseline),1.0814726713775324
Clear Sky,Transformer(Baseline),1.0126781622307295
Clear Sky,Transformer(Baseline),1.202102748929839
Clear Sky,Transformer(Baseline),1.2848520844565234
Clear Sky,Transformer(Baseline),1.3090139993850318
Clear Sky,Transformer(Baseline),1.3367825671216078
Clear Sky,Transformer(Baseline),1.3141088992427683
Clear Sky,Transformer(Baseline),1.4376672169006337
Clear Sky,Transformer(Baseline),1.1292161269203778
Clear Sky,Transformer(Baseline),0.8322643697342382
Clear Sky,Transformer(Baseline),1.2356728913866348
Clear Sky,Transformer(Baseline),0.9296961385095521
Clear Sky,Transformer(Baseline),1.2950351382761447
Clear Sky,Transformer(Baseline),0.7906560781619092
Clear Sky,Transformer(Baseline),0.43319572636078973
Clear Sky,Transformer(Baseline),0.9503297574443685
Clear Sky,Transformer(Baseline),0.4800520849391319
Clear Sky,Transformer(Baseline),0.807630406876882
Clear Sky,Transformer(Baseline),0.6973820686444228
Clear Sky,Transformer(Baseline),0.4353238865482254
Clear Sky,Transformer(Baseline),0.3757208911439278
Clear Sky,Transformer(Baseline),0.5786858424187038
Clear Sky,Transformer(Baseline),0.46000383229044317
Clear Sky,Transformer(Baseline),0.39318559580741663
Clear Sky,Transformer(Baseline),0.05165811022823519
Clear Sky,Transformer(Baseline),0.26031284530361276
Clear Sky,Transformer(Baseline),0.16027787401725035
Clear Sky,Transformer(Baseline),0.38713737582043706
Clear Sky,Transformer(Baseline),0.5016468145425605
Clear Sky,Transformer(Baseline),0.7185673188042934
Clear Sky,Transformer(Baseline),0.3583763891890932
Clear Sky,Transformer(Baseline),0.7805974749641464
Clear Sky,Transformer(Baseline),0.6547652184944113
Clear Sky,Transformer(Baseline),0.8530420711130198
Clear Sky,Transformer(Baseline),1.2368946517835901
Clear Sky,Transformer(Baseline),0.8553728915381313
Clear Sky,Transformer(Baseline),1.3135930873650814
Clear Sky,Transformer(Baseline),1.103261008493993
Clear Sky,Transformer(Baseline),1.1266008718045377
Clear Sky,Transformer(Baseline),1.279861647522722
Clear Sky,Transformer(Baseline),1.030676353918615
Clear Sky,Transformer(Baseline),1.2858910988198833
Clear Sky,Transformer(Baseline),1.4474074904755696
Clear Sky,Transformer(Baseline),1.1991790447606352
Clear Sky,Transformer(Baseline),1.215158615774068
Clear Sky,Transformer(Baseline),1.44956783674236
Clear Sky,Transformer(Baseline),1.3030574908227956
Clear Sky,Transformer(Baseline),1.0624980331752645
Clear Sky,Transformer(Baseline),1.0774720117205898
Clear Sky,Transformer(Baseline),0.8839986022077555
Clear Sky,Transformer(Baseline),0.7108277250712132
Clear Sky,Transformer(Baseline),0.7749135348045921
Clear Sky,Transformer(Baseline),0.8856236415042731
Clear Sky,Transformer(Baseline),0.9941939199630148
Clear Sky,Transformer(Baseline),0.947531321587368
Clear Sky,Transformer(Baseline),1.1674096794963704
Clear Sky,Transformer(Baseline),1.2545450954985444
Clear Sky,Transformer(Baseline),1.2722292697073616
Clear Sky,Transformer(Baseline),1.2261674426382783
Clear Sky,Transformer(Baseline),1.3130053700332418
Clear Sky,Transformer(Baseline),1.391979958799416
Clear Sky,Transformer(Baseline),1.1020854045784034
Clear Sky,Transformer(Baseline),0.8707360139221958
Clear Sky,Transformer(Baseline),1.1328415914218812
Clear Sky,Transformer(Baseline),0.9418806676856075
Clear Sky,Transformer(Baseline),1.179194249736014
Clear Sky,Transformer(Baseline),0.7560125191423808
Clear Sky,Transformer(Baseline),0.3463477829808532
Clear Sky,Transformer(Baseline),0.8029795747396236
Clear Sky,Transformer(Baseline),0.6196087133435526
Clear Sky,Transformer(Baseline),0.7955950334898318
Clear Sky,Transformer(Baseline),0.6794930823799596
Clear Sky,Transformer(Baseline),0.449979018903349
Clear Sky,Transformer(Baseline),0.41385800039187615
Clear Sky,Transformer(Baseline),0.5687171912519347
Clear Sky,Transformer(Baseline),0.37658693111057673
Clear Sky,Transformer(Baseline),0.37625324415887107
Clear Sky,Transformer(Baseline),0.031046924958346267
Clear Sky,Transformer(Baseline),0.28070026069707055
Clear Sky,Transformer(Baseline),0.23475590535331037
Clear Sky,Transformer(Baseline),0.2823681101780231
Clear Sky,Transformer(Baseline),0.5285577277256905
Clear Sky,Transformer(Baseline),0.8396370030018581
Clear Sky,Transformer(Baseline),0.15925531365722634
Clear Sky,Transformer(Baseline),0.7481469908176201
Clear Sky,Transformer(Baseline),0.6059948643359974
Clear Sky,Transformer(Baseline),0.8714401402307637
Clear Sky,Transformer(Baseline),1.200883671881659
Clear Sky,Transformer(Baseline),0.7902386284559952
Clear Sky,Transformer(Baseline),1.182389923137272
Clear Sky,Transformer(Baseline),1.134809599044818
Clear Sky,Transformer(Baseline),1.103815363788181
Clear Sky,Transformer(Baseline),1.1514932347455673
Clear Sky,Transformer(Baseline),1.0406316252172267
Clear Sky,Transformer(Baseline),1.2566597470174052
Clear Sky,Transformer(Baseline),1.3529328184606104
Clear Sky,Transformer(Baseline),1.2524777121475985
Clear Sky,Transformer(Baseline),1.14003197234645
Clear Sky,Transformer(Baseline),1.334082538764216
Clear Sky,Transformer(Baseline),1.306825483319653
Clear Sky,Transformer(Baseline),0.9983119398699443
Clear Sky,Transformer(Baseline),1.067118107333356
Clear Sky,Transformer(Baseline),0.8570495183115525
Clear Sky,Transformer(Baseline),0.7064787794501415
Clear Sky,Transformer(Baseline),0.7791392674965705
Clear Sky,Transformer(Baseline),0.8851972410221851
Clear Sky,Transformer(Baseline),0.9889168737723408
Clear Sky,Transformer(Baseline),0.8674889132095087
Clear Sky,Transformer(Baseline),1.299267759468976
Clear Sky,Transformer(Baseline),1.2543749701824858
Clear Sky,Transformer(Baseline),1.22356047336259
Clear Sky,Transformer(Baseline),1.1054683221096422
Clear Sky,Transformer(Baseline),1.5270641163450644
Clear Sky,Transformer(Baseline),1.313563926486319
Clear Sky,Transformer(Baseline),1.276824149855896
Clear Sky,Transformer(Baseline),0.833466754506663
Clear Sky,Transformer(Baseline),1.1367869901393224
Clear Sky,Transformer(Baseline),1.0210739333309142
Clear Sky,Transformer(Baseline),1.0328355524634674
Clear Sky,Transformer(Baseline),0.7301710893274986
Clear Sky,Transformer(Baseline),0.3393322534451926
Clear Sky,Transformer(Baseline),0.9157969659767105
Clear Sky,Transformer(Baseline),0.58891500402299
Clear Sky,Transformer(Baseline),0.9156930355686654
Clear Sky,Transformer(Baseline),0.7015620407909147
Clear Sky,Transformer(Baseline),0.49325864849582857
Clear Sky,Transformer(Baseline),0.5203466699749697
Clear Sky,Transformer(Baseline),0.6391403712331787
Clear Sky,Transformer(Baseline),0.22247405334412917
Clear Sky,Transformer(Baseline),0.24696430477831655
Clear Sky,Transformer(Baseline),0.021303294652639693
Clear Sky,Transformer(Baseline),0.10547524579004275
Clear Sky,Transformer(Baseline),0.047477319759344994
Clear Sky,Transformer(Baseline),0.013410838517053492
Clear Sky,Transformer(Baseline),0.7039902190065987
Clear Sky,Transformer(Baseline),0.8757837525254182
Clear Sky,Transformer(Baseline),0.03908305439903259
Clear Sky,Transformer(Baseline),0.7947860192570175
Clear Sky,Transformer(Baseline),0.7394641135689604
Clear Sky,Transformer(Baseline),0.8221059252474099
Clear Sky,Transformer(Baseline),1.4215909365664814
Clear Sky,Transformer(Baseline),0.7275499235573903
Clear Sky,Transformer(Baseline),1.378024309226202
Clear Sky,Transformer(Baseline),1.129112640232652
Clear Sky,Transformer(Baseline),1.0948272760612987
Clear Sky,Transformer(Baseline),1.1630953629863026
Clear Sky,Transformer(Baseline),1.0340559336255453
Clear Sky,Transformer(Baseline),1.367538661653084
Clear Sky,Transformer(Baseline),1.3334440997244155
Clear Sky,Transformer(Baseline),1.315171788800317
Clear Sky,Transformer(Baseline),1.127269063509563
Clear Sky,Transformer(Baseline),1.3380341127480166
Clear Sky,Transformer(Baseline),1.3716982256666626
Clear Sky,Transformer(Baseline),0.9339513646409028
Clear Sky,Transformer(Baseline),1.099970932530689
Clear Sky,Transformer(Baseline),0.8833027930657975
Clear Sky,Transformer(Baseline),0.6978535323825091
Clear Sky,Transformer(Baseline),0.7874465251787182
Clear Sky,Transformer(Baseline),0.8840325055830158
Clear Sky,Transformer(Baseline),0.9766316320343509
Clear Sky,Transformer(Baseline),0.8869375768580223
Clear Sky,Transformer(Baseline),1.3335266573702897
Clear Sky,Transformer(Baseline),1.2605227666988759
Clear Sky,Transformer(Baseline),1.235994449023801
Clear Sky,Transformer(Baseline),1.1174845994911973
Clear Sky,Transformer(Baseline),1.6013946148230502
Clear Sky,Transformer(Baseline),1.3525972566667832
Clear Sky,Transformer(Baseline),1.351680999240557
Clear Sky,Transformer(Baseline),0.8028775231134269
Clear Sky,Transformer(Baseline),1.2076271103652214
Clear Sky,Transformer(Baseline),1.0155084034950086
Clear Sky,Transformer(Baseline),1.0544493712467755
Clear Sky,Transformer(Baseline),0.6880927078256605
Clear Sky,Transformer(Baseline),0.36211461679059553
Clear Sky,Transformer(Baseline),0.9311525444678779
Clear Sky,Transformer(Baseline),0.5567360679528797
Clear Sky,Transformer(Baseline),1.0041542075948229
Clear Sky,Transformer(Baseline),0.6716968725214869
Clear Sky,Transformer(Baseline),0.4403288316233436
Clear Sky,Transformer(Baseline),0.5997286315714909
Clear Sky,Transformer(Baseline),0.635606891206173
Clear Sky,Transformer(Baseline),0.21503594687479222
Clear Sky,Transformer(Baseline),0.23975707529835333
Clear Sky,Transformer(Baseline),0.012077776894258818
Clear Sky,Transformer(Baseline),0.06556026250325075
Clear Sky,Transformer(Baseline),0.034717974175947575
Clear Sky,Transformer(Baseline),0.15331516600247497
Clear Sky,Transformer(Baseline),0.7698726568670651
Clear Sky,Transformer(Baseline),0.8899260306097219
Clear Sky,Transformer(Baseline),0.08363545744698797
Clear Sky,Transformer(Baseline),0.7984413733721709
Clear Sky,Transformer(Baseline),0.8057581013391975
Clear Sky,Transformer(Baseline),0.896966985857766
Clear Sky,Transformer(Baseline),1.4281355809894833
Clear Sky,Transformer(Baseline),0.6909723631578544
Clear Sky,Transformer(Baseline),1.4069863587680196
Clear Sky,Transformer(Baseline),1.1656637861514838
Clear Sky,Transformer(Baseline),1.0941268404222733
Clear Sky,Transformer(Baseline),1.2040803227098067
Clear Sky,Transformer(Baseline),0.9922920803118984
Clear Sky,Transformer(Baseline),1.4249174143520875
Clear Sky,Transformer(Baseline),1.3388254520725944
Clear Sky,Transformer(Baseline),1.3585033496408467
Clear Sky,Transformer(Baseline),1.126875744351917
Clear Sky,Transformer(Baseline),1.3741922533133213
Clear Sky,Transformer(Baseline),1.4304482244049543
Clear Sky,Transformer(Baseline),0.9363217570205711
Clear Sky,Transformer(Baseline),1.1283540332552402
Clear Sky,Transformer(Baseline),0.9229810875490958
Clear Sky,Transformer(Baseline),0.6718067488992296
Clear Sky,Transformer(Baseline),0.7536986126200853
Clear Sky,Transformer(Baseline),0.8791096955504587
Clear Sky,Transformer(Baseline),0.9596978757269721
Clear Sky,Transformer(Baseline),0.8745687683065175
Clear Sky,Transformer(Baseline),1.3887288768824417
Clear Sky,Transformer(Baseline),1.2482330247453373
Clear Sky,Transformer(Baseline),1.2403061560817745
Clear Sky,Transformer(Baseline),1.0832544086306282
Clear Sky,Transformer(Baseline),1.6878523411062734
Clear Sky,Transformer(Baseline),1.4181898861753943
Clear Sky,Transformer(Baseline),1.347747183561136
Clear Sky,Transformer(Baseline),0.817492083713633
Clear Sky,Transformer(Baseline),1.1666554645368574
Clear Sky,Transformer(Baseline),1.0898532476656264
Clear Sky,Transformer(Baseline),0.9996148894139516
Clear Sky,Transformer(Baseline),0.618477337537044
Clear Sky,Transformer(Baseline),0.36941806441271297
Clear Sky,Transformer(Baseline),0.9405495480591206
Clear Sky,Transformer(Baseline),0.6489580029919608
Clear Sky,Transformer(Baseline),0.8979341595379431
Clear Sky,Transformer(Baseline),0.6168911315022605
Clear Sky,Transformer(Baseline),0.4883958180663477
Clear Sky,Transformer(Baseline),0.5524533412531838
Clear Sky,Transformer(Baseline),0.5855943929920286
Clear Sky,Transformer(Baseline),0.11189207572998683
Clear Sky,Transformer(Baseline),0.26767941669589845
Clear Sky,Transformer(Baseline),0.011844323869112827
Clear Sky,Transformer(Baseline),0.0637870738577675
Clear Sky,Transformer(Baseline),0.03621905013819671
Clear Sky,Transformer(Baseline),0.3280283888445936
Clear Sky,Transformer(Baseline),0.9537491890898409
Clear Sky,Transformer(Baseline),0.8962734017897169
Clear Sky,Transformer(Baseline),0.18644769210792234
Clear Sky,Transformer(Baseline),0.8751600682379532
Clear Sky,Transformer(Baseline),0.797912811801293
Clear Sky,Transformer(Baseline),0.7891296597672195
Clear Sky,Transformer(Baseline),1.5318620622441017
Clear Sky,Transformer(Baseline),0.6376667735138284
Clear Sky,Transformer(Baseline),1.4125157039373804
Clear Sky,Transformer(Baseline),1.1117412583983253
Clear Sky,Transformer(Baseline),1.1014280215827696
Clear Sky,Transformer(Baseline),1.160230578128445
Clear Sky,Transformer(Baseline),1.0187656696893317
Clear Sky,Transformer(Baseline),1.3907778115106098
Clear Sky,Transformer(Baseline),1.3006836427414008
Clear Sky,Transformer(Baseline),1.3740179642651222
Clear Sky,Transformer(Baseline),1.1129620234463777
Clear Sky,Transformer(Baseline),1.313522117985058
Clear Sky,Transformer(Baseline),1.4332275826265635
Clear Sky,Transformer(Baseline),0.9093052400428703
Clear Sky,Transformer(Baseline),1.139755029902326
Clear Sky,Transformer(Baseline),0.9220374633071555
Clear Sky,Transformer(Baseline),0.6529906518528735
Clear Sky,Transformer(Baseline),0.702192328866454
Clear Sky,Transformer(Baseline),0.8454851855469268
Clear Sky,Transformer(Baseline),0.9746876696784996
Clear Sky,Transformer(Baseline),0.8439869455894531
Clear Sky,Transformer(Baseline),1.5048799648019102
Clear Sky,Transformer(Baseline),1.1965213309268732
Clear Sky,Transformer(Baseline),1.2374766763934497
Clear Sky,Transformer(Baseline),1.05698584274257
Clear Sky,Transformer(Baseline),1.8194016054230069
Clear Sky,Transformer(Baseline),1.3816734429026738
Clear Sky,Transformer(Baseline),1.4914492021069492
Clear Sky,Transformer(Baseline),0.7367544840479905
Clear Sky,Transformer(Baseline),1.1765756542624075
Clear Sky,Transformer(Baseline),1.121662399644208
Clear Sky,Transformer(Baseline),1.007664056221774
Clear Sky,Transformer(Baseline),0.6419508801079843
Clear Sky,Transformer(Baseline),0.4622237474746953
Clear Sky,Transformer(Baseline),1.2782065109682712
Clear Sky,Transformer(Baseline),0.5213679863858403
Clear Sky,Transformer(Baseline),0.83918514920639
Clear Sky,Transformer(Baseline),0.5734417795884674
Clear Sky,Transformer(Baseline),0.6522602838031837
Clear Sky,Transformer(Baseline),0.5858908612231986
Clear Sky,Transformer(Baseline),0.6098812105392177
Clear Sky,Transformer(Baseline),0.0848807761532413
Clear Sky,Transformer(Baseline),0.09037406736139175
Clear Sky,Transformer(Baseline),0.02128099202479916
Clear Sky,Transformer(Baseline),0.18713072300820954
Clear Sky,Transformer(Baseline),0.05170334540922994
Clear Sky,Transformer(Baseline),0.42930229569357437
Clear Sky,Transformer(Baseline),1.028720969549969
Clear Sky,Transformer(Baseline),0.8375879139905287
Clear Sky,Transformer(Baseline),0.08636556246236182
Clear Sky,Transformer(Baseline),0.8528151523358183
Clear Sky,Transformer(Baseline),0.9687216033243864
Clear Sky,Transformer(Baseline),0.6406066975245608
Clear Sky,Transformer(Baseline),1.5791998946344954
Clear Sky,Transformer(Baseline),0.6486095404828127
Clear Sky,Transformer(Baseline),1.5909091991914188
Clear Sky,Transformer(Baseline),1.0918822737038951
Clear Sky,Transformer(Baseline),1.092646270463037
Clear Sky,Transformer(Baseline),1.256379146572593
Clear Sky,Transformer(Baseline),0.9877695839823204
Clear Sky,Transformer(Baseline),1.4818961719335775
Clear Sky,Transformer(Baseline),1.3897634605352245
Clear Sky,Transformer(Baseline),1.357541526114197
Clear Sky,Transformer(Baseline),1.194122160003511
Clear Sky,Transformer(Baseline),1.3549517052281548
Clear Sky,Transformer(Baseline),1.3868549765585803
Clear Sky,Transformer(Baseline),0.9473418619061933
Clear Sky,Transformer(Baseline),1.1395028958648954
Clear Sky,Transformer(Baseline),0.905485955681776
Clear Sky,Transformer(Baseline),0.6818893858473326
Clear Sky,Transformer(Baseline),0.7226761502786281
Clear Sky,Transformer(Baseline),0.8547810948689465
Clear Sky,Transformer(Baseline),1.009492343461364
Clear Sky,Transformer(Baseline),0.8321369812840427
Clear Sky,Transformer(Baseline),1.516610819105317
Clear Sky,Transformer(Baseline),1.247276300721607
Clear Sky,Transformer(Baseline),1.2276076914349243
Clear Sky,Transformer(Baseline),1.0634961740316662
Clear Sky,Transformer(Baseline),1.766239554338087
Clear Sky,Transformer(Baseline),1.3766454874202534
Clear Sky,Transformer(Baseline),1.5150305578531
Clear Sky,Transformer(Baseline),0.6648580464100711
Clear Sky,Transformer(Baseline),1.269280651038649
Clear Sky,Transformer(Baseline),1.0613370463358045
Clear Sky,Transformer(Baseline),1.0410742100071602
Clear Sky,Transformer(Baseline),0.6958089191343504
Clear Sky,Transformer(Baseline),0.5181466727799879
Clear Sky,Transformer(Baseline),1.3447430224402126
Clear Sky,Transformer(Baseline),0.4473541994412358
Clear Sky,Transformer(Baseline),0.753195714008644
Clear Sky,Transformer(Baseline),0.7184253496763695
Clear Sky,Transformer(Baseline),0.6493902174691115
Clear Sky,Transformer(Baseline),0.6140389503341908
Clear Sky,Transformer(Baseline),0.5391530602564174
Clear Sky,Transformer(Baseline),0.18966734035824118
Clear Sky,Transformer(Baseline),0.16511476855996676
Clear Sky,Transformer(Baseline),0.11772374558915644
Clear Sky,Transformer(Baseline),0.26302744423794877
Clear Sky,Transformer(Baseline),0.06794119745827132
Clear Sky,Transformer(Baseline),0.40403399042455135
Clear Sky,Transformer(Baseline),1.0273474990486307
Clear Sky,Transformer(Baseline),0.7973074251897927
Clear Sky,Transformer(Baseline),0.18297567196886888
Clear Sky,Transformer(Baseline),0.735403582555687
Clear Sky,Transformer(Baseline),0.9746327027738317
Clear Sky,Transformer(Baseline),0.6530544399763691
Clear Sky,Transformer(Baseline),1.613303906421546
Clear Sky,Transformer(Baseline),0.7478004688566209
Clear Sky,Transformer(Baseline),1.5676585144740613
Clear Sky,Transformer(Baseline),1.227599524396764
Clear Sky,Transformer(Baseline),1.0867266023745472
Clear Sky,Transformer(Baseline),1.1917445260992405
Clear Sky,Transformer(Baseline),1.0565597046899633
Clear Sky,Transformer(Baseline),1.4746816347619571
Clear Sky,Transformer(Baseline),1.3003666785506152
Clear Sky,Transformer(Baseline),1.4353015012274808
Clear Sky,Transformer(Baseline),1.1525989784506212
Clear Sky,Transformer(Baseline),1.3764202058310593
Clear Sky,Transformer(Baseline),1.3758461296258568
Clear Sky,Transformer(Baseline),0.9465527878616298
Clear Sky,Transformer(Baseline),1.1449408296367194
Clear Sky,Transformer(Baseline),0.8698854088099723
Clear Sky,Transformer(Baseline),0.8355373270834121
Clear Sky,Transformer(Baseline),0.9026223098746295
Clear Sky,Transformer(Baseline),1.1092322840540865
Clear Sky,Transformer(Baseline),1.1915653414481282
Clear Sky,Transformer(Baseline),1.229636380365772
Clear Sky,Transformer(Baseline),1.217264446817084
Clear Sky,Transformer(Baseline),1.2650413566479939
Clear Sky,Transformer(Baseline),1.4099858927300701
Clear Sky,Transformer(Baseline),1.2228850073385882
Clear Sky,Transformer(Baseline),1.0685461911221807
Clear Sky,Transformer(Baseline),1.1778247801918837
Clear Sky,Transformer(Baseline),1.1323487398487746
Clear Sky,Transformer(Baseline),1.2276749812699812
Clear Sky,Transformer(Baseline),0.8262238352519109
Clear Sky,Transformer(Baseline),0.5948007236035195
Clear Sky,Transformer(Baseline),0.8384305831704957
Clear Sky,Transformer(Baseline),0.7330454678286848
Clear Sky,Transformer(Baseline),0.7290336399994395
Clear Sky,Transformer(Baseline),0.7864527166070516
Clear Sky,Transformer(Baseline),0.4894180546019804
Clear Sky,Transformer(Baseline),0.4701346622753242
Clear Sky,Transformer(Baseline),0.5201540529511242
Clear Sky,Transformer(Baseline),0.3763431394287018
Clear Sky,Transformer(Baseline),0.5074293943311403
Clear Sky,Transformer(Baseline),0.06405155124607731
Clear Sky,Transformer(Baseline),0.2977832822698865
Clear Sky,Transformer(Baseline),0.2717690619567925
Clear Sky,Transformer(Baseline),0.4004895470830938
Clear Sky,Transformer(Baseline),0.4672412428020678
Clear Sky,Transformer(Baseline),0.8473234626356003
Clear Sky,Transformer(Baseline),0.25034821522114115
Clear Sky,Transformer(Baseline),0.6866082852496973
Clear Sky,Transformer(Baseline),0.6879907718329044
Clear Sky,Transformer(Baseline),1.0379636147349487
Clear Sky,Transformer(Baseline),1.2447140904570269
Clear Sky,Transformer(Baseline),0.8663382989881843
Clear Sky,Transformer(Baseline),1.2290243708292454
Clear Sky,Transformer(Baseline),1.270795263624926
Clear Sky,Transformer(Baseline),1.1321167156943588
Clear Sky,Transformer(Baseline),1.2405440050219632
Clear Sky,Transformer(Baseline),1.224208681782338
Clear Sky,Transformer(Baseline),1.3401759586512973
Clear Sky,Transformer(Baseline),1.436271044297425
Clear Sky,Transformer(Baseline),1.3528016252228179
Clear Sky,Transformer(Baseline),1.26539882504464
Clear Sky,Transformer(Baseline),1.263791739843
Clear Sky,Transformer(Baseline),1.1250443343340153
Clear Sky,Transformer(Baseline),0.6992396856633366
Clear Sky,Transformer(Baseline),0.6745071127550732
Clear Sky,Transformer(Baseline),1.1073116042444315
Clear Sky,Transformer(Baseline),0.9851143464571539
Clear Sky,Transformer(Baseline),0.9970091944587152
Clear Sky,Transformer(Baseline),0.8938166208598011
Clear Sky,Transformer(Baseline),1.5267782531195264
Clear Sky,Transformer(Baseline),1.1917607830379309
Clear Sky,Transformer(Baseline),1.5060761597695809
Clear Sky,Transformer(Baseline),1.0689953232544909
Clear Sky,Transformer(Baseline),0.9851146046016055
Clear Sky,Transformer(Baseline),1.3698033486635435
Clear Sky,Transformer(Baseline),1.072441024009498
Clear Sky,Transformer(Baseline),0.7805395713956162
Clear Sky,Transformer(Baseline),0.807796386085144
Clear Sky,Transformer(Baseline),1.1701410383932043
Clear Sky,Transformer(Baseline),0.9013749799559925
Clear Sky,Transformer(Baseline),0.6155211833294167
Clear Sky,Transformer(Baseline),0.9078147129047913
Clear Sky,Transformer(Baseline),0.6858450188499852
Clear Sky,Transformer(Baseline),0.5545942062470459
Clear Sky,Transformer(Baseline),0.8808399920000447
Clear Sky,Transformer(Baseline),0.2875270277572284
Clear Sky,Transformer(Baseline),0.0031449701052643775
Clear Sky,Transformer(Baseline),0.05547926290518035
Clear Sky,Transformer(Baseline),0.17651799033985327
Clear Sky,Transformer(Baseline),0.2660934524998275
Clear Sky,Transformer(Baseline),0.0885783426854907
Clear Sky,Transformer(Baseline),0.4857041127835231
Clear Sky,Transformer(Baseline),0.6581960232532964
Clear Sky,Transformer(Baseline),0.2914942965305336
Clear Sky,Transformer(Baseline),0.7228980082127343
Clear Sky,Transformer(Baseline),0.829362391090271
Clear Sky,Transformer(Baseline),0.8044131991597823
Clear Sky,Transformer(Baseline),1.198691763790773
Clear Sky,Transformer(Baseline),0.9782778161338221
Clear Sky,Transformer(Baseline),1.2989322761272248
Clear Sky,Transformer(Baseline),1.3345206157600984
Clear Sky,Transformer(Baseline),1.2011015097595479
Clear Sky,Transformer(Baseline),1.2973019924605786
Clear Sky,Transformer(Baseline),1.2556006012741712
Clear Sky,Transformer(Baseline),1.5262696249217154
Clear Sky,Transformer(Baseline),1.411683020716974
Clear Sky,Transformer(Baseline),1.4869517762291729
Clear Sky,Transformer(Baseline),1.4771860869020372
Clear Sky,Transformer(Baseline),1.358333710243604
Clear Sky,Transformer(Baseline),1.1785158658459662
Clear Sky,Transformer(Baseline),0.7523253368690778
Clear Sky,Transformer(Baseline),0.789525463137779
Clear Sky,Transformer(Baseline),1.0790362449293274
Clear Sky,Transformer(Baseline),1.090054408496183
Clear Sky,Transformer(Baseline),1.0909883018578306
Clear Sky,Transformer(Baseline),1.040922225990851
Clear Sky,Transformer(Baseline),1.3281179087624153
Clear Sky,Transformer(Baseline),1.3289344890881312
Clear Sky,Transformer(Baseline),1.2174993501426865
Clear Sky,Transformer(Baseline),0.9848887952664409
Clear Sky,Transformer(Baseline),1.0312236319858403
Clear Sky,Transformer(Baseline),1.140448755173244
Clear Sky,Transformer(Baseline),1.1494692614897435
Clear Sky,Transformer(Baseline),0.7014896629227394
Clear Sky,Transformer(Baseline),0.5474153956005026
Clear Sky,Transformer(Baseline),0.9289522475823055
Clear Sky,Transformer(Baseline),0.8028725594088613
Clear Sky,Transformer(Baseline),0.5149458947725449
Clear Sky,Transformer(Baseline),0.6861548289034864
Clear Sky,Transformer(Baseline),0.6020120505839905
Clear Sky,Transformer(Baseline),0.48992843089513016
Clear Sky,Transformer(Baseline),0.3442281049630438
Clear Sky,Transformer(Baseline),0.41255142607662876
Clear Sky,Transformer(Baseline),0.3145786186045143
Clear Sky,Transformer(Baseline),0.03727218801216736
Clear Sky,Transformer(Baseline),0.27499363984759384
Clear Sky,Transformer(Baseline),0.20253902128287393
Clear Sky,Transformer(Baseline),0.06810247769803013
Clear Sky,Transformer(Baseline),0.5089301275094797
Clear Sky,Transformer(Baseline),0.672492590107403
Clear Sky,Transformer(Baseline),0.2669198625908571
Clear Sky,Transformer(Baseline),0.6522361687849774
Clear Sky,Transformer(Baseline),0.7113004330863077
Clear Sky,Transformer(Baseline),0.8838476480019608
Clear Sky,Transformer(Baseline),1.0628937014711468
Clear Sky,Transformer(Baseline),0.7823745353530764
Clear Sky,Transformer(Baseline),1.2672084600401305
Clear Sky,Transformer(Baseline),1.1095098902334044
Clear Sky,Transformer(Baseline),1.1047681419709328
Clear Sky,Transformer(Baseline),1.2182617027774683
Clear Sky,Transformer(Baseline),1.1826098646867766
Clear Sky,Transformer(Baseline),1.2834133998113462
Clear Sky,Transformer(Baseline),1.3909625020812317
Clear Sky,Transformer(Baseline),1.3718615595214754
Clear Sky,Transformer(Baseline),1.3064832318703181
Clear Sky,Transformer(Baseline),1.224770847308589
Clear Sky,Transformer(Baseline),1.0814144739369596
Clear Sky,Transformer(Baseline),0.560898851316101
Clear Sky,Transformer(Baseline),0.4298431366340536
Clear Sky,Transformer(Baseline),1.0222758490282065
Clear Sky,Transformer(Baseline),0.9473991656798244
Clear Sky,Transformer(Baseline),0.6454712942237117
Clear Sky,Transformer(Baseline),0.5974675714034952
Clear Sky,Transformer(Baseline),1.4083135492095318
Clear Sky,Transformer(Baseline),0.9021924554353893
Clear Sky,Transformer(Baseline),1.3493706559114615
Clear Sky,Transformer(Baseline),0.7683861276900412
Clear Sky,Transformer(Baseline),0.8183736231455843
Clear Sky,Transformer(Baseline),1.423830745299293
Clear Sky,Transformer(Baseline),0.8630581593823585
Clear Sky,Transformer(Baseline),0.8343770761125828
Clear Sky,Transformer(Baseline),0.9440410236717529
Clear Sky,Transformer(Baseline),1.4340613000095832
Clear Sky,Transformer(Baseline),0.6468845412120103
Clear Sky,Transformer(Baseline),0.6546297482628596
Clear Sky,Transformer(Baseline),1.0480338267030227
Clear Sky,Transformer(Baseline),0.802147799440764
Clear Sky,Transformer(Baseline),0.8259732319243369
Clear Sky,Transformer(Baseline),1.0987520685351377
Clear Sky,Transformer(Baseline),0.08774409447387299
Clear Sky,Transformer(Baseline),0.32080174257526295
Clear Sky,Transformer(Baseline),0.3160481973768512
Clear Sky,Transformer(Baseline),0.08208793640205414
Clear Sky,Transformer(Baseline),0.13342457452041145
Clear Sky,Transformer(Baseline),0.274031304804474
Clear Sky,Transformer(Baseline),0.5655056981394111
Clear Sky,Transformer(Baseline),0.2083866718278493
Clear Sky,Transformer(Baseline),0.8710358690708091
Clear Sky,Transformer(Baseline),0.21963635873066067
Clear Sky,Transformer(Baseline),0.7429344717430482
Clear Sky,Transformer(Baseline),0.6832963073410241
Clear Sky,Transformer(Baseline),1.3979764845155493
Clear Sky,Transformer(Baseline),0.732737628883795
Clear Sky,Transformer(Baseline),1.8469344398248282
Clear Sky,Transformer(Baseline),1.0193248387516007
Clear Sky,Transformer(Baseline),1.0497687442505637
Clear Sky,Transformer(Baseline),1.3793906735169745
Clear Sky,Transformer(Baseline),1.0825612702599905
Clear Sky,Transformer(Baseline),1.6678995685930813
Clear Sky,Transformer(Baseline),1.2563306523634168
Clear Sky,Transformer(Baseline),1.5191978294265231
Clear Sky,Transformer(Baseline),1.397516331789523
Clear Sky,Transformer(Baseline),1.370761935409147
Clear Sky,Transformer(Baseline),1.0448676095531526
Clear Sky,Transformer(Baseline),0.8430796027885328
Clear Sky,Transformer(Baseline),0.9129187712851274
Clear Sky,Transformer(Baseline),1.20700534563916
Clear Sky,Transformer(Baseline),1.1995615151998247
Clear Sky,Transformer(Baseline),1.261830273010374
Clear Sky,Transformer(Baseline),1.2004699856535384
Clear Sky,Transformer(Baseline),1.440569208257937
Clear Sky,Transformer(Baseline),1.4894712402014783
Clear Sky,Transformer(Baseline),1.277259223709608
Clear Sky,Transformer(Baseline),1.0646476471301316
Clear Sky,Transformer(Baseline),1.2026624024737362
Clear Sky,Transformer(Baseline),1.1251254742686694
Clear Sky,Transformer(Baseline),1.3298179430437393
Clear Sky,Transformer(Baseline),0.7591994117883871
Clear Sky,Transformer(Baseline),0.5463056073063512
Clear Sky,Transformer(Baseline),1.0443047162566081
Clear Sky,Transformer(Baseline),0.8232063194979808
Clear Sky,Transformer(Baseline),0.4528036030433604
Clear Sky,Transformer(Baseline),0.6373166224079547
Clear Sky,Transformer(Baseline),0.5887218499729876
Clear Sky,Transformer(Baseline),0.3870585805251281
Clear Sky,Transformer(Baseline),0.2603883271221257
Clear Sky,Transformer(Baseline),0.45423894170047063
Clear Sky,Transformer(Baseline),0.3087721094588751
Clear Sky,Transformer(Baseline),0.015074202764289168
Clear Sky,Transformer(Baseline),0.5166277364668801
Clear Sky,Transformer(Baseline),0.3408169759632216
Clear Sky,Transformer(Baseline),0.2600597207352493
Clear Sky,Transformer(Baseline),0.5329597353664184
Clear Sky,Transformer(Baseline),0.8307992555117458
Clear Sky,Transformer(Baseline),0.3302070962853989
Clear Sky,Transformer(Baseline),0.6469733539222808
Clear Sky,Transformer(Baseline),0.8494043653608045
Clear Sky,Transformer(Baseline),0.9208078656157035
Clear Sky,Transformer(Baseline),1.0510725520596615
Clear Sky,Transformer(Baseline),0.7716067010147913
Clear Sky,Transformer(Baseline),1.2509674890504474
Clear Sky,Transformer(Baseline),1.2595782478929838
Clear Sky,Transformer(Baseline),1.2689843757659354
Clear Sky,Transformer(Baseline),1.2950996717672396
Clear Sky,Transformer(Baseline),1.184837502102729
Clear Sky,Transformer(Baseline),1.2673666084200867
Clear Sky,Transformer(Baseline),1.5437749034075248
Clear Sky,Transformer(Baseline),1.4426037891495875
Clear Sky,Transformer(Baseline),1.3830293988768205
Clear Sky,Transformer(Baseline),1.301476161777392
Clear Sky,Transformer(Baseline),1.1505601410928012
Clear Sky,Transformer(Baseline),0.8306047529339344
Clear Sky,Transformer(Baseline),0.9352282168752506
Clear Sky,Transformer(Baseline),1.1803981638885617
Clear Sky,Transformer(Baseline),1.210654559928071
Clear Sky,Transformer(Baseline),1.2772261975812862
Clear Sky,Transformer(Baseline),1.263921357971454
Clear Sky,Transformer(Baseline),1.4084693048215655
Clear Sky,Transformer(Baseline),1.5334895199688514
Clear Sky,Transformer(Baseline),1.2392421822575876
Clear Sky,Transformer(Baseline),1.1121064214410783
Clear Sky,Transformer(Baseline),1.2748449081616275
Clear Sky,Transformer(Baseline),1.088995638812559
Clear Sky,Transformer(Baseline),1.433421529661933
Clear Sky,Transformer(Baseline),0.7975272703795753
Clear Sky,Transformer(Baseline),0.5809640610130309
Clear Sky,Transformer(Baseline),0.9508929537615245
Clear Sky,Transformer(Baseline),0.8730556733343064
Clear Sky,Transformer(Baseline),0.5310652537768092
Clear Sky,Transformer(Baseline),0.6709004181127192
Clear Sky,Transformer(Baseline),0.5764169409777793
Clear Sky,Transformer(Baseline),0.36013674027843834
Clear Sky,Transformer(Baseline),0.2667590896900123
Clear Sky,Transformer(Baseline),0.5095358353919721
Clear Sky,Transformer(Baseline),0.3289577019372487
Clear Sky,Transformer(Baseline),0.0317403508731573
Clear Sky,Transformer(Baseline),0.5366820959391205
Clear Sky,Transformer(Baseline),0.35519844434569947
Clear Sky,Transformer(Baseline),0.3636098344586287
Clear Sky,Transformer(Baseline),0.5151840522141633
Clear Sky,Transformer(Baseline),0.8935358782156158
Clear Sky,Transformer(Baseline),0.2857083700081233
Clear Sky,Transformer(Baseline),0.6955338764547427
Clear Sky,Transformer(Baseline),0.8521355037484852
Clear Sky,Transformer(Baseline),1.0041125043929995
Clear Sky,Transformer(Baseline),1.0233926199268097
Clear Sky,Transformer(Baseline),0.8027198944456071
Clear Sky,Transformer(Baseline),1.198394471982768
Clear Sky,Transformer(Baseline),1.3092135740082629
Clear Sky,Transformer(Baseline),1.326126185049917
Clear Sky,Transformer(Baseline),1.312583616355079
Clear Sky,Transformer(Baseline),1.2202963220462681
Clear Sky,Transformer(Baseline),1.3027303797442542
Clear Sky,Transformer(Baseline),1.5609812594767876
Clear Sky,Transformer(Baseline),1.4713464379371368
Clear Sky,Transformer(Baseline),1.3992814330274217
Clear Sky,Transformer(Baseline),1.3191513564176476
Clear Sky,Transformer(Baseline),1.1589764881420408
Clear Sky,Transformer(Baseline),0.893981839334485
Clear Sky,Transformer(Baseline),0.9911140033672938
Clear Sky,Transformer(Baseline),1.1914439500393446
Clear Sky,Transformer(Baseline),1.3036480363811767
Clear Sky,Transformer(Baseline),1.3080462272683473
Clear Sky,Transformer(Baseline),1.3359072890897599
Clear Sky,Transformer(Baseline),1.3363050142178867
Clear Sky,Transformer(Baseline),1.525369555192416
Clear Sky,Transformer(Baseline),1.20085011154619
Clear Sky,Transformer(Baseline),1.0491023001796567
Clear Sky,Transformer(Baseline),1.2897409189702795
Clear Sky,Transformer(Baseline),1.0065834125297286
Clear Sky,Transformer(Baseline),1.3664820222980971
Clear Sky,Transformer(Baseline),0.6788364097504527
Clear Sky,Transformer(Baseline),0.4772807060379627
Clear Sky,Transformer(Baseline),0.9569059743734805
Clear Sky,Transformer(Baseline),0.6280746181947414
Clear Sky,Transformer(Baseline),0.5762376607344422
Clear Sky,Transformer(Baseline),0.6425977286359625
Clear Sky,Transformer(Baseline),0.3678860257381409
Clear Sky,Transformer(Baseline),0.36957512514933555
Clear Sky,Transformer(Baseline),0.2730288954561573
Clear Sky,Transformer(Baseline),0.39985479143004454
Clear Sky,Transformer(Baseline),0.34676148541408125
Clear Sky,Transformer(Baseline),0.010800014193051766
Clear Sky,Transformer(Baseline),0.49957380684155694
Clear Sky,Transformer(Baseline),0.3177853710704852
Clear Sky,Transformer(Baseline),0.32803311080340336
Clear Sky,Transformer(Baseline),0.608006839836353
Clear Sky,Transformer(Baseline),0.7789200606965032
Clear Sky,Transformer(Baseline),0.3918486813132773
Clear Sky,Transformer(Baseline),0.6154666903540189
Clear Sky,Transformer(Baseline),0.7405174941139769
Clear Sky,Transformer(Baseline),1.0195124686118646
Clear Sky,Transformer(Baseline),1.0048196106764458
Clear Sky,Transformer(Baseline),0.7561984567226911
Clear Sky,Transformer(Baseline),1.2011289343837763
Clear Sky,Transformer(Baseline),1.2128975829378543
Clear Sky,Transformer(Baseline),1.2108530626228742
Clear Sky,Transformer(Baseline),1.2787715574313836
Clear Sky,Transformer(Baseline),1.1647820721447477
Clear Sky,Transformer(Baseline),1.2687731047824382
Clear Sky,Transformer(Baseline),1.519379245125446
Clear Sky,Transformer(Baseline),1.4192128672233597
Clear Sky,Transformer(Baseline),1.3732299781092316
Clear Sky,Transformer(Baseline),1.318843656501135
Clear Sky,Transformer(Baseline),1.128894317819768
Clear Sky,Transformer(Baseline),0.7890321100869172
Clear Sky,Transformer(Baseline),0.8938639176429473
Clear Sky,Transformer(Baseline),1.113231169941563
Clear Sky,Transformer(Baseline),1.2108624350980013
Clear Sky,Transformer(Baseline),1.220799623344548
Clear Sky,Transformer(Baseline),1.2679322063895206
Clear Sky,Transformer(Baseline),1.3755871430652915
Clear Sky,Transformer(Baseline),1.4762410535533306
Clear Sky,Transformer(Baseline),1.2403904941049646
Clear Sky,Transformer(Baseline),1.0740082243677787
Clear Sky,Transformer(Baseline),1.3213498602700522
Clear Sky,Transformer(Baseline),1.0609999170716318
Clear Sky,Transformer(Baseline),1.4029277181679198
Clear Sky,Transformer(Baseline),0.7583029107024615
Clear Sky,Transformer(Baseline),0.5714624594921709
Clear Sky,Transformer(Baseline),1.030123302897593
Clear Sky,Transformer(Baseline),0.7559737873450061
Clear Sky,Transformer(Baseline),0.6512918869092381
Clear Sky,Transformer(Baseline),0.6613259792614272
Clear Sky,Transformer(Baseline),0.4543909601746883
Clear Sky,Transformer(Baseline),0.3919172846713721
Clear Sky,Transformer(Baseline),0.2919145736190423
Clear Sky,Transformer(Baseline),0.48512647471717685
Clear Sky,Transformer(Baseline),0.34357220900602314
Clear Sky,Transformer(Baseline),0.001858621883979339
Clear Sky,Transformer(Baseline),0.545599808149813
Clear Sky,Transformer(Baseline),0.2877216044100912
Clear Sky,Transformer(Baseline),0.30890410312659355
Clear Sky,Transformer(Baseline),0.5693710195084769
Clear Sky,Transformer(Baseline),0.8091625145857684
Clear Sky,Transformer(Baseline),0.40970380726513866
Clear Sky,Transformer(Baseline),0.6805854102062305
Clear Sky,Transformer(Baseline),0.8016607462467071
Clear Sky,Transformer(Baseline),1.0285455909886103
Clear Sky,Transformer(Baseline),1.097105352652493
Clear Sky,Transformer(Baseline),0.8119065344242244
Clear Sky,Transformer(Baseline),1.2472612781130827
Clear Sky,Transformer(Baseline),1.2114222823298917
Clear Sky,Transformer(Baseline),1.2507981988229808
Clear Sky,Transformer(Baseline),1.2818889330658525
Clear Sky,Transformer(Baseline),1.1835893753231588
Clear Sky,Transformer(Baseline),1.2798764527625517
Clear Sky,Transformer(Baseline),1.4919063983497347
Clear Sky,Transformer(Baseline),1.3995345929116967
Clear Sky,Transformer(Baseline),1.3513093506168783
Clear Sky,Transformer(Baseline),1.2879983989955104
Clear Sky,Transformer(Baseline),1.0906941165157298
Clear Sky,Transformer(Baseline),1.0089367746070792
Clear Sky,Transformer(Baseline),1.205661280288063
Clear Sky,Transformer(Baseline),1.3495858342788813
Clear Sky,Transformer(Baseline),1.3351835384714663
Clear Sky,Transformer(Baseline),1.3700148026270744
Clear Sky,Transformer(Baseline),1.4230188085515678
Clear Sky,Transformer(Baseline),1.4418073050709719
Clear Sky,Transformer(Baseline),1.2636989046721467
Clear Sky,Transformer(Baseline),1.133216364655084
Clear Sky,Transformer(Baseline),1.3258310805351172
Clear Sky,Transformer(Baseline),0.9999239260678721
Clear Sky,Transformer(Baseline),1.3043994569994908
Clear Sky,Transformer(Baseline),0.7561171184973006
Clear Sky,Transformer(Baseline),0.43915597812287643
Clear Sky,Transformer(Baseline),0.9323676828633651
Clear Sky,Transformer(Baseline),0.6044106709089938
Clear Sky,Transformer(Baseline),0.7280908081068489
Clear Sky,Transformer(Baseline),0.6236273421467438
Clear Sky,Transformer(Baseline),0.42236008899084965
Clear Sky,Transformer(Baseline),0.3800946399441081
Clear Sky,Transformer(Baseline),0.3554936039138141
Clear Sky,Transformer(Baseline),0.43587415895829196
Clear Sky,Transformer(Baseline),0.3288695403295847
Clear Sky,Transformer(Baseline),0.07177602679212214
Clear Sky,Transformer(Baseline),0.37644687606817584
Clear Sky,Transformer(Baseline),0.31166652165373065
Clear Sky,Transformer(Baseline),0.34671846432942743
Clear Sky,Transformer(Baseline),0.4796258581202011
Clear Sky,Transformer(Baseline),0.8239151603858694
Clear Sky,Transformer(Baseline),0.4589462543479641
Clear Sky,Transformer(Baseline),0.528701861605434
Clear Sky,Transformer(Baseline),0.6678122011433061
Clear Sky,Transformer(Baseline),1.1270710845817682
Clear Sky,Transformer(Baseline),1.0827728663435217
Clear Sky,Transformer(Baseline),0.8602554391331996
Clear Sky,Transformer(Baseline),1.2706119903181659
Clear Sky,Transformer(Baseline),1.2832540783518471
Clear Sky,Transformer(Baseline),1.2950886673996145
Clear Sky,Transformer(Baseline),1.3562125645945162
Clear Sky,Transformer(Baseline),1.269128957481648
Clear Sky,Transformer(Baseline),1.4605763748140008
Clear Sky,Transformer(Baseline),1.6064200886554785
Clear Sky,Transformer(Baseline),1.5453034706990314
Clear Sky,Transformer(Baseline),1.438837260970637
Clear Sky,Transformer(Baseline),1.3410045053188735
Clear Sky,Transformer(Baseline),1.686634113064708
Clear Sky,Transformer(Baseline),1.8342432045827213
Clear Sky,Transformer(Baseline),1.860937696379282
Clear Sky,Transformer(Baseline),1.5962862122370272
Clear Sky,Transformer(Baseline),1.5204154576118363
Clear Sky,Transformer(Baseline),1.4950863084093893
Clear Sky,Transformer(Baseline),1.5124749219608482
Clear Sky,Transformer(Baseline),0.9278732352832222
Clear Sky,Transformer(Baseline),0.8056034354142625
Clear Sky,Transformer(Baseline),0.9104218281615797
Clear Sky,Transformer(Baseline),0.5765745534643294
Clear Sky,Transformer(Baseline),0.9628528247448251
Clear Sky,Transformer(Baseline),0.7131610617905011
Clear Sky,Transformer(Baseline),0.3532473807977432
Clear Sky,Transformer(Baseline),0.1573952483400305
Clear Sky,Transformer(Baseline),0.4707771271250749
Clear Sky,Transformer(Baseline),0.06882780063351035
Clear Sky,Transformer(Baseline),0.2392680322090719
Clear Sky,Transformer(Baseline),0.16280610740590973
Clear Sky,Transformer(Baseline),0.3250952579093571
Clear Sky,Transformer(Baseline),0.42457646171269303
Clear Sky,Transformer(Baseline),0.016685294828658215
Clear Sky,Transformer(Baseline),1.065935459808955
Clear Sky,Transformer(Baseline),0.8124719201266295
Clear Sky,Transformer(Baseline),0.8357161001929221
Clear Sky,Transformer(Baseline),1.2220239471848586
Clear Sky,Transformer(Baseline),1.102066647135075
Clear Sky,Transformer(Baseline),1.4834786829130504
Clear Sky,Transformer(Baseline),1.7129984582614188
Clear Sky,Transformer(Baseline),1.4504164276788263
Clear Sky,Transformer(Baseline),1.8653407589220325
Clear Sky,Transformer(Baseline),1.8823859304292219
Clear Sky,Transformer(Baseline),1.921724389318198
Clear Sky,Transformer(Baseline),1.6344368726697382
Clear Sky,Transformer(Baseline),1.7207860055010733
Clear Sky,Transformer(Baseline),1.962874990051417
Clear Sky,Transformer(Baseline),2.096607849797958
Clear Sky,Transformer(Baseline),2.0480993938987346
Clear Sky,Transformer(Baseline),1.830088624590493
Clear Sky,Transformer(Baseline),2.0269098578310505
Clear Sky,Transformer(Baseline),1.6185466235164974
Clear Sky,Transformer(Baseline),1.9052784815423536
Clear Sky,Transformer(Baseline),1.2285103118623546
Clear Sky,Transformer(Baseline),0.9246747774167048
Clear Sky,Transformer(Baseline),1.5786580175567906
Clear Sky,Transformer(Baseline),0.48080428598910174
Clear Sky,Transformer(Baseline),1.4366421337247637
Clear Sky,Transformer(Baseline),0.8123296633448263
Clear Sky,Transformer(Baseline),0.5863844249028176
Clear Sky,Transformer(Baseline),0.6431276104935897
Clear Sky,Transformer(Baseline),0.4923060499946281
Clear Sky,Transformer(Baseline),0.21448292960936044
Clear Sky,Transformer(Baseline),0.15969681916565648
Clear Sky,Transformer(Baseline),0.06582046570261468
Clear Sky,Transformer(Baseline),0.13043999721151778
Clear Sky,Transformer(Baseline),0.2708860348931488
Clear Sky,Transformer(Baseline),0.08006317228095838
Clear Sky,Transformer(Baseline),0.8338932332535904
Clear Sky,Transformer(Baseline),0.5833782954173614
Clear Sky,Transformer(Baseline),0.689908315903839
Clear Sky,Transformer(Baseline),0.8563291238413484
Clear Sky,Transformer(Baseline),0.9209824051635707
Clear Sky,Transformer(Baseline),1.0945897299662484
Clear Sky,Transformer(Baseline),1.8631467692618742
Clear Sky,Transformer(Baseline),0.861512300878406
Clear Sky,Transformer(Baseline),1.9805750727235143
Clear Sky,Transformer(Baseline),1.5840233736476836
Clear Sky,Transformer(Baseline),2.127244036805596
Clear Sky,Transformer(Baseline),1.8456370052337245
Clear Sky,Transformer(Baseline),1.694854947918456
Clear Sky,Transformer(Baseline),2.0854854916530785
Clear Sky,Transformer(Baseline),2.07995093002575
Clear Sky,Transformer(Baseline),1.750832793593539
Clear Sky,Transformer(Baseline),1.7188501009999952
Clear Sky,Transformer(Baseline),1.9427844499947802
Clear Sky,Transformer(Baseline),1.980480288143207
Clear Sky,Transformer(Baseline),1.951818132817147
Clear Sky,Transformer(Baseline),1.7591153007783973
Clear Sky,Transformer(Baseline),1.9363375528653357
Clear Sky,Transformer(Baseline),1.6667980853529478
Clear Sky,Transformer(Baseline),1.7299199014097724
Clear Sky,Transformer(Baseline),1.342202770421963
Clear Sky,Transformer(Baseline),0.9610063930208561
Clear Sky,Transformer(Baseline),1.633007066156864
Clear Sky,Transformer(Baseline),0.5575946431998027
Clear Sky,Transformer(Baseline),1.3570897849358623
Clear Sky,Transformer(Baseline),1.0147327998858167
Clear Sky,Transformer(Baseline),0.5674976834770504
Clear Sky,Transformer(Baseline),0.8476496911832996
Clear Sky,Transformer(Baseline),0.683684627254376
Clear Sky,Transformer(Baseline),0.5909801149442195
Clear Sky,Transformer(Baseline),0.3031468760762017
Clear Sky,Transformer(Baseline),0.14678168865717112
Clear Sky,Transformer(Baseline),0.24203711023725205
Clear Sky,Transformer(Baseline),0.08192450069883961
Clear Sky,Transformer(Baseline),0.3441304530877858
Clear Sky,Transformer(Baseline),0.6478324370177013
Clear Sky,Transformer(Baseline),0.31377479443482414
Clear Sky,Transformer(Baseline),1.1162726214964422
Clear Sky,Transformer(Baseline),0.7881991899882728
Clear Sky,Transformer(Baseline),0.8321212119993433
Clear Sky,Transformer(Baseline),1.3731638975644955
Clear Sky,Transformer(Baseline),1.6536500686857671
Clear Sky,Transformer(Baseline),1.257695683119099
Clear Sky,Transformer(Baseline),2.038929901423625
Clear Sky,Transformer(Baseline),1.6860921356590328
Clear Sky,Transformer(Baseline),1.9029013250866313
Clear Sky,Transformer(Baseline),1.8949870445439068
Clear Sky,Transformer(Baseline),1.8030850339139661
Clear Sky,Transformer(Baseline),2.0743183596448986
Clear Sky,Transformer(Baseline),2.035698137546451
Clear Sky,Transformer(Baseline),1.780156211374755
Clear Sky,Transformer(Baseline),1.694537541571876
Clear Sky,Transformer(Baseline),1.9731266998285846
Clear Sky,Transformer(Baseline),2.093258653395355
Clear Sky,Transformer(Baseline),2.0123340531723164
Clear Sky,Transformer(Baseline),1.6863765733569007
Clear Sky,Transformer(Baseline),2.040167416810055
Clear Sky,Transformer(Baseline),1.4785835857276322
Clear Sky,Transformer(Baseline),1.8776539446084328
Clear Sky,Transformer(Baseline),1.2068231019029056
Clear Sky,Transformer(Baseline),0.7832132003855605
Clear Sky,Transformer(Baseline),1.6921450270856475
Clear Sky,Transformer(Baseline),0.568219650950784
Clear Sky,Transformer(Baseline),1.4026054557954488
Clear Sky,Transformer(Baseline),0.7276452160954818
Clear Sky,Transformer(Baseline),0.6163930088395837
Clear Sky,Transformer(Baseline),0.7000820932988567
Clear Sky,Transformer(Baseline),0.36539284600164734
Clear Sky,Transformer(Baseline),0.4875145936813112
Clear Sky,Transformer(Baseline),0.11431437695791047
Clear Sky,Transformer(Baseline),0.05748354547241874
Clear Sky,Transformer(Baseline),0.10756427390896661
Clear Sky,Transformer(Baseline),0.42175917376009764
Clear Sky,Transformer(Baseline),0.20272293305247402
Clear Sky,Transformer(Baseline),0.9280740368214921
Clear Sky,Transformer(Baseline),0.8031519327376486
Clear Sky,Transformer(Baseline),0.5247112843322164
Clear Sky,Transformer(Baseline),0.9537880305278854
Clear Sky,Transformer(Baseline),1.0728050384698982
Clear Sky,Transformer(Baseline),1.0023350572667695
Clear Sky,Transformer(Baseline),1.7280741835973252
Clear Sky,Transformer(Baseline),0.894457947608803
Clear Sky,Transformer(Baseline),1.9387216199249178
Clear Sky,Transformer(Baseline),1.491658170628284
Clear Sky,Transformer(Baseline),2.0019808739898384
Clear Sky,Transformer(Baseline),1.8759596196617245
Clear Sky,Transformer(Baseline),1.7083882529661274
Clear Sky,Transformer(Baseline),2.0384597133877858
Clear Sky,Transformer(Baseline),2.110561924922842
Clear Sky,Transformer(Baseline),1.8437056350768724
Clear Sky,Transformer(Baseline),1.8046117628521348
Clear Sky,Transformer(Baseline),2.0437160409323054
Clear Sky,Transformer(Baseline),2.0577346316702956
Clear Sky,Transformer(Baseline),2.041112131600485
Clear Sky,Transformer(Baseline),1.8218101023884294
Clear Sky,Transformer(Baseline),2.0214712371188988
Clear Sky,Transformer(Baseline),1.6862590964454718
Clear Sky,Transformer(Baseline),1.7997291559365038
Clear Sky,Transformer(Baseline),1.2939753557680476
Clear Sky,Transformer(Baseline),0.9078978117897485
Clear Sky,Transformer(Baseline),1.7714248496816651
Clear Sky,Transformer(Baseline),0.46952062324406896
Clear Sky,Transformer(Baseline),1.4875809445632378
Clear Sky,Transformer(Baseline),0.933557452271554
Clear Sky,Transformer(Baseline),0.6796659158249945
Clear Sky,Transformer(Baseline),0.7825531072256666
Clear Sky,Transformer(Baseline),0.7108044667636015
Clear Sky,Transformer(Baseline),0.44081868901157506
Clear Sky,Transformer(Baseline),0.19105799293108916
Clear Sky,Transformer(Baseline),0.01965832982063276
Clear Sky,Transformer(Baseline),0.00984165301134965
Clear Sky,Transformer(Baseline),0.1748334648113392
Clear Sky,Transformer(Baseline),0.1977480049786422
Clear Sky,Transformer(Baseline),0.7082712759855951
Clear Sky,Transformer(Baseline),0.6448406445953943
Clear Sky,Transformer(Baseline),0.7523792797442788
Clear Sky,Transformer(Baseline),0.7514659637524126
Clear Sky,Transformer(Baseline),1.1349668017185977
Clear Sky,Transformer(Baseline),1.1492400615941882
Clear Sky,Transformer(Baseline),1.9414386069939091
Clear Sky,Transformer(Baseline),1.0855586966853394
Clear Sky,Transformer(Baseline),2.1414686065729924
Clear Sky,Transformer(Baseline),1.6342496028698736
Clear Sky,Transformer(Baseline),2.1151463197536096
Clear Sky,Transformer(Baseline),1.9454125502307278
Clear Sky,Transformer(Baseline),1.7168634560330407
Clear Sky,Transformer(Baseline),2.220330594761342
Clear Sky,Transformer(Baseline),2.169392692421976
Clear Sky,Transformer(Baseline),1.8633938689913538
Clear Sky,Transformer(Baseline),0.6516987844043209
Clear Sky,Transformer(Baseline),0.7643426876819834
Clear Sky,Transformer(Baseline),0.9391041689409692
Clear Sky,Transformer(Baseline),0.8680860584760275
Clear Sky,Transformer(Baseline),1.4434334758145493
Clear Sky,Transformer(Baseline),1.1798175280662067
Clear Sky,Transformer(Baseline),1.2418039605966182
Clear Sky,Transformer(Baseline),1.0962322577540773
Clear Sky,Transformer(Baseline),1.7992969887818404
Clear Sky,Transformer(Baseline),1.4877539644553082
Clear Sky,Transformer(Baseline),1.6019292606476334
Clear Sky,Transformer(Baseline),0.844109577674029
Clear Sky,Transformer(Baseline),1.2217616029320517
Clear Sky,Transformer(Baseline),1.2507553976750128
Clear Sky,Transformer(Baseline),1.1633753902104154
Clear Sky,Transformer(Baseline),0.6525866061379126
Clear Sky,Transformer(Baseline),0.651418762322038
Clear Sky,Transformer(Baseline),1.3000870162093747
Clear Sky,Transformer(Baseline),0.5943697043414495
Clear Sky,Transformer(Baseline),0.7476083271201759
Clear Sky,Transformer(Baseline),0.7840236729563017
Clear Sky,Transformer(Baseline),0.5165670163018881
Clear Sky,Transformer(Baseline),0.602398853456382
Clear Sky,Transformer(Baseline),0.6790916173108705
Clear Sky,Transformer(Baseline),0.17125567050648982
Clear Sky,Transformer(Baseline),0.1574957481496817
Clear Sky,Transformer(Baseline),0.1385478620605909
Clear Sky,Transformer(Baseline),0.27860349436044274
Clear Sky,Transformer(Baseline),0.051766767144936665
Clear Sky,Transformer(Baseline),0.10367040028189933
Clear Sky,Transformer(Baseline),0.90374282203598
Clear Sky,Transformer(Baseline),0.8616893660993341
Clear Sky,Transformer(Baseline),0.07961441352319554
Clear Sky,Transformer(Baseline),0.8960130275511915
Clear Sky,Transformer(Baseline),1.0605473903862865
Clear Sky,Transformer(Baseline),0.9202750334059395
Clear Sky,Transformer(Baseline),1.4249672404740394
Clear Sky,Transformer(Baseline),0.7991164118935785
Clear Sky,Transformer(Baseline),1.4339823861370071
Clear Sky,Transformer(Baseline),1.3781501225738708
Clear Sky,Transformer(Baseline),1.3149972536660233
Clear Sky,Transformer(Baseline),1.2555174346764755
Clear Sky,Transformer(Baseline),1.0688091697871531
Clear Sky,Transformer(Baseline),1.471162461035627
Clear Sky,Transformer(Baseline),1.3778154218293928
Clear Sky,Transformer(Baseline),1.4365470137433345
Clear Sky,Transformer(Baseline),1.3277446249234286
Clear Sky,Transformer(Baseline),1.3286450670415704
Clear Sky,Transformer(Baseline),1.3079331940334007
Clear Sky,Transformer(Baseline),1.0252820687679267
Clear Sky,Transformer(Baseline),0.9440271916986795
Clear Sky,Transformer(Baseline),0.6853590013563396
Clear Sky,Transformer(Baseline),0.7857952737828187
Clear Sky,Transformer(Baseline),0.9510938667818936
Clear Sky,Transformer(Baseline),0.9407238959080817
Clear Sky,Transformer(Baseline),1.3124186734236352
Clear Sky,Transformer(Baseline),1.223792771464911
Clear Sky,Transformer(Baseline),1.2207931204430764
Clear Sky,Transformer(Baseline),1.2373075434639604
Clear Sky,Transformer(Baseline),1.6713743145722564
Clear Sky,Transformer(Baseline),1.5102752369127277
Clear Sky,Transformer(Baseline),1.3111375934854106
Clear Sky,Transformer(Baseline),0.8658409093375798
Clear Sky,Transformer(Baseline),1.2897280606563335
Clear Sky,Transformer(Baseline),1.0251434900645364
Clear Sky,Transformer(Baseline),1.3029453213858275
Clear Sky,Transformer(Baseline),0.7029205195171038
Clear Sky,Transformer(Baseline),0.539793331311305
Clear Sky,Transformer(Baseline),1.1571082061023361
Clear Sky,Transformer(Baseline),0.6109865288765448
Clear Sky,Transformer(Baseline),0.8839539172665063
Clear Sky,Transformer(Baseline),0.6449890146221904
Clear Sky,Transformer(Baseline),0.6727699322145924
Clear Sky,Transformer(Baseline),0.5440118593839465
Clear Sky,Transformer(Baseline),0.5633165292946103
Clear Sky,Transformer(Baseline),0.443466498396635
Clear Sky,Transformer(Baseline),0.22208334484275483
Clear Sky,Transformer(Baseline),0.019206815791893206
Clear Sky,Transformer(Baseline),0.23188566360020957
Clear Sky,Transformer(Baseline),0.04757511556160665
Clear Sky,Transformer(Baseline),0.05060276598112523
Clear Sky,Transformer(Baseline),0.7630790465323471
Clear Sky,Transformer(Baseline),0.9101567486657807
Clear Sky,Transformer(Baseline),0.07881186816520724
Clear Sky,Transformer(Baseline),0.852126208251331
Clear Sky,Transformer(Baseline),1.0224512653432072
Clear Sky,Transformer(Baseline),0.8618980161388698
Clear Sky,Transformer(Baseline),1.3849968662049363
Clear Sky,Transformer(Baseline),0.8228845595935006
Clear Sky,Transformer(Baseline),1.5065945587759266
Clear Sky,Transformer(Baseline),1.208322673444716
Clear Sky,Transformer(Baseline),1.2946057934987003
Clear Sky,Transformer(Baseline),1.3587511559554244
Clear Sky,Transformer(Baseline),1.157199088753444
Clear Sky,Transformer(Baseline),1.4726124124367868
Clear Sky,Transformer(Baseline),1.5004859830079127
Clear Sky,Transformer(Baseline),1.4104557005973355
Clear Sky,Transformer(Baseline),1.3297019521539202
Clear Sky,Transformer(Baseline),1.3967352862355842
Clear Sky,Transformer(Baseline),1.3488481309588116
Clear Sky,Transformer(Baseline),1.024967484618057
Clear Sky,Transformer(Baseline),0.9517027173507957
Clear Sky,Transformer(Baseline),0.7063658085063563
Clear Sky,Transformer(Baseline),0.8294780089316098
Clear Sky,Transformer(Baseline),0.9827249754037979
Clear Sky,Transformer(Baseline),0.956096171150675
Clear Sky,Transformer(Baseline),1.3420794034064718
Clear Sky,Transformer(Baseline),1.2507057651696094
Clear Sky,Transformer(Baseline),1.2783801210188939
Clear Sky,Transformer(Baseline),1.2552350384963784
Clear Sky,Transformer(Baseline),1.656927881770434
Clear Sky,Transformer(Baseline),1.5163268014633964
Clear Sky,Transformer(Baseline),1.324484308454858
Clear Sky,Transformer(Baseline),0.904207346882016
Clear Sky,Transformer(Baseline),1.296033143940047
Clear Sky,Transformer(Baseline),1.086261550923183
Clear Sky,Transformer(Baseline),1.2589343517837897
Clear Sky,Transformer(Baseline),0.7702149318053877
Clear Sky,Transformer(Baseline),0.5115469444883729
Clear Sky,Transformer(Baseline),1.1825315779629442
Clear Sky,Transformer(Baseline),0.5844791492574153
Clear Sky,Transformer(Baseline),0.7914830564532487
Clear Sky,Transformer(Baseline),0.660071686563878
Clear Sky,Transformer(Baseline),0.5901182881424809
Clear Sky,Transformer(Baseline),0.48443678786442135
Clear Sky,Transformer(Baseline),0.5584302419616805
Clear Sky,Transformer(Baseline),0.32369869774809956
Clear Sky,Transformer(Baseline),0.27862640673356154
Clear Sky,Transformer(Baseline),0.08880955230447896
Clear Sky,Transformer(Baseline),0.33935639807808116
Clear Sky,Transformer(Baseline),0.11206776924331052
Clear Sky,Transformer(Baseline),0.09256915495206641
Clear Sky,Transformer(Baseline),0.7190877020625095
Clear Sky,Transformer(Baseline),0.8966766410979332
Clear Sky,Transformer(Baseline),0.23455511524930728
Clear Sky,Transformer(Baseline),0.8275444895350503
Clear Sky,Transformer(Baseline),0.9296201731480416
Clear Sky,Transformer(Baseline),0.8670594381027605
Clear Sky,Transformer(Baseline),1.416884910480352
Clear Sky,Transformer(Baseline),0.8216606156860315
Clear Sky,Transformer(Baseline),1.4635434635712912
Clear Sky,Transformer(Baseline),1.212069177686626
Clear Sky,Transformer(Baseline),1.2667882727170898
Clear Sky,Transformer(Baseline),1.3070654065497251
Clear Sky,Transformer(Baseline),1.130209194798649
Clear Sky,Transformer(Baseline),1.3845814483508896
Clear Sky,Transformer(Baseline),1.4770757138854709
Clear Sky,Transformer(Baseline),1.3766273412906154
Clear Sky,Transformer(Baseline),1.2940755949565075
Clear Sky,Transformer(Baseline),1.379568754133091
Clear Sky,Transformer(Baseline),1.3270286218592822
Clear Sky,Transformer(Baseline),1.0453565508615537
Clear Sky,Transformer(Baseline),0.970698343837019
Clear Sky,Transformer(Baseline),0.7755150648168352
Clear Sky,Transformer(Baseline),0.9307337559825273
Clear Sky,Transformer(Baseline),1.099602566553712
Clear Sky,Transformer(Baseline),1.0714779212631633
Clear Sky,Transformer(Baseline),1.2271145995051445
Clear Sky,Transformer(Baseline),1.3032044950148558
Clear Sky,Transformer(Baseline),1.2981459802853337
Clear Sky,Transformer(Baseline),1.2713661303749983
Clear Sky,Transformer(Baseline),1.261514001111978
Clear Sky,Transformer(Baseline),1.5192048694002978
Clear Sky,Transformer(Baseline),1.0571091882923742
Clear Sky,Transformer(Baseline),0.8828454330913544
Clear Sky,Transformer(Baseline),1.0506693012895276
Clear Sky,Transformer(Baseline),0.9765529485864928
Clear Sky,Transformer(Baseline),1.27032772380986
Clear Sky,Transformer(Baseline),0.5946014299185833
Clear Sky,Transformer(Baseline),0.2874329233313411
Clear Sky,Transformer(Baseline),0.7517030116703616
Clear Sky,Transformer(Baseline),0.5247651998392691
Clear Sky,Transformer(Baseline),0.4444738635110639
Clear Sky,Transformer(Baseline),0.622696384019175
Clear Sky,Transformer(Baseline),0.3091316617374993
Clear Sky,Transformer(Baseline),0.19803715805300115
Clear Sky,Transformer(Baseline),0.33675706518904036
Clear Sky,Transformer(Baseline),0.32982283371508814
Clear Sky,Transformer(Baseline),0.4313630259793406
Clear Sky,Transformer(Baseline),0.13312740054576722
Clear Sky,Transformer(Baseline),0.3583256693336416
Clear Sky,Transformer(Baseline),0.3210954520106917
Clear Sky,Transformer(Baseline),0.24696324090249178
Clear Sky,Transformer(Baseline),0.6516866255164153
Clear Sky,Transformer(Baseline),0.7797033151317834
Clear Sky,Transformer(Baseline),0.23274564274575482
Clear Sky,Transformer(Baseline),0.7061686853040889
Clear Sky,Transformer(Baseline),0.6016766844636336
Clear Sky,Transformer(Baseline),0.9059014920369002
Clear Sky,Transformer(Baseline),1.0391245971530232
Clear Sky,Transformer(Baseline),0.7051196399998947
Clear Sky,Transformer(Baseline),1.0798337641794902
Clear Sky,Transformer(Baseline),1.074950331093122
Clear Sky,Transformer(Baseline),1.1312841295402976
Clear Sky,Transformer(Baseline),1.1930891824691177
Clear Sky,Transformer(Baseline),1.0529796607915163
Clear Sky,Transformer(Baseline),1.1418197024388839
Clear Sky,Transformer(Baseline),1.368964956581621
Clear Sky,Transformer(Baseline),1.3084893454546433
Clear Sky,Transformer(Baseline),1.22870438901146
Clear Sky,Transformer(Baseline),1.2626642326824404
Clear Sky,Transformer(Baseline),1.2116178756384537
Clear Sky,Transformer(Baseline),1.0269139016612885
Clear Sky,Transformer(Baseline),0.9069210402272022
Clear Sky,Transformer(Baseline),0.5820982372034776
Clear Sky,Transformer(Baseline),0.7062256458327958
Clear Sky,Transformer(Baseline),0.7806981638971726
Clear Sky,Transformer(Baseline),0.8201440729760239
Clear Sky,Transformer(Baseline),1.1849753840770698
Clear Sky,Transformer(Baseline),1.116331954217186
Clear Sky,Transformer(Baseline),1.2106967299932823
Clear Sky,Transformer(Baseline),1.0385865408520765
Clear Sky,Transformer(Baseline),1.4087303564162044
Clear Sky,Transformer(Baseline),1.3167200784752104
Clear Sky,Transformer(Baseline),1.4393403716525413
Clear Sky,Transformer(Baseline),0.932682302459952
Clear Sky,Transformer(Baseline),1.2444727130149236
Clear Sky,Transformer(Baseline),1.2288095107954753
Clear Sky,Transformer(Baseline),1.1991834316091161
Clear Sky,Transformer(Baseline),0.9205510640470571
Clear Sky,Transformer(Baseline),0.6175587222387087
Clear Sky,Transformer(Baseline),0.9024077190831825
Clear Sky,Transformer(Baseline),0.7819280591527864
Clear Sky,Transformer(Baseline),1.030244709352342
Clear Sky,Transformer(Baseline),0.8355491475091092
Clear Sky,Transformer(Baseline),0.5624789029648873
Clear Sky,Transformer(Baseline),0.6659216053008983
Clear Sky,Transformer(Baseline),0.8561685812830042
Clear Sky,Transformer(Baseline),0.24501116605631523
Clear Sky,Transformer(Baseline),0.2949632889390479
Clear Sky,Transformer(Baseline),0.03062991894137923
Clear Sky,Transformer(Baseline),0.03496432276478245
Clear Sky,Transformer(Baseline),0.07900390456752149
Clear Sky,Transformer(Baseline),0.14051125663941733
Clear Sky,Transformer(Baseline),0.39014806401413793
Clear Sky,Transformer(Baseline),1.023609580241235
Clear Sky,Transformer(Baseline),0.16969726033312327
Clear Sky,Transformer(Baseline),0.6284397123172418
Clear Sky,Transformer(Baseline),0.9071825431048381
Clear Sky,Transformer(Baseline),1.1125684137186234
Clear Sky,Transformer(Baseline),1.4737605386746004
Clear Sky,Transformer(Baseline),0.8347168086693451
Clear Sky,Transformer(Baseline),1.268949339580704
Clear Sky,Transformer(Baseline),1.4179798978139129
Clear Sky,Transformer(Baseline),1.1549775423902506
Clear Sky,Transformer(Baseline),1.1763047389100212
Clear Sky,Transformer(Baseline),0.9548984576008337
Clear Sky,Transformer(Baseline),1.5836051880889723
Clear Sky,Transformer(Baseline),1.3794931146198124
Clear Sky,Transformer(Baseline),1.311069927026045
Clear Sky,Transformer(Baseline),1.1662780871564484
Clear Sky,Transformer(Baseline),1.353199058781768
Clear Sky,Transformer(Baseline),1.3264791135928498
Clear Sky,Transformer(Baseline),0.9530863126478057
Clear Sky,Transformer(Baseline),0.9822555731193492
Clear Sky,Transformer(Baseline),0.6957482666534804
Clear Sky,Transformer(Baseline),0.7896632429097383
Clear Sky,Transformer(Baseline),0.7248139582842561
Clear Sky,Transformer(Baseline),1.2762972097450493
Clear Sky,Transformer(Baseline),1.120283015890374
Clear Sky,Transformer(Baseline),1.1888454494684426
Clear Sky,Transformer(Baseline),0.9494291811773738
Clear Sky,Transformer(Baseline),1.5529963693963236
Clear Sky,Transformer(Baseline),1.3365130761575514
Clear Sky,Transformer(Baseline),1.4663498917434232
Clear Sky,Transformer(Baseline),1.0069053402771733
Clear Sky,Transformer(Baseline),1.2335519253950995
Clear Sky,Transformer(Baseline),1.2266966960834527
Clear Sky,Transformer(Baseline),1.0405100302649561
Clear Sky,Transformer(Baseline),0.9224823038572296
Clear Sky,Transformer(Baseline),0.5390501298337433
Clear Sky,Transformer(Baseline),1.0932284550236986
Clear Sky,Transformer(Baseline),0.9281605982188701
Clear Sky,Transformer(Baseline),0.9572553669332571
Clear Sky,Transformer(Baseline),0.6254267911688949
Clear Sky,Transformer(Baseline),0.8505950915953697
Clear Sky,Transformer(Baseline),0.586613390395577
Clear Sky,Transformer(Baseline),0.97658464857086
Clear Sky,Transformer(Baseline),0.033521939750666974
Clear Sky,Transformer(Baseline),0.12052870678122929
Clear Sky,Transformer(Baseline),0.1287144740954851
Clear Sky,Transformer(Baseline),0.10642902827519052
Clear Sky,Transformer(Baseline),0.08842075315511977
Clear Sky,Transformer(Baseline),0.009673276081674231
Clear Sky,Transformer(Baseline),0.4195057863178917
Clear Sky,Transformer(Baseline),1.0384166158162529
Clear Sky,Transformer(Baseline),0.10420887585532412
Clear Sky,Transformer(Baseline),0.669689597510633
Clear Sky,Transformer(Baseline),0.8977574537555277
Clear Sky,Transformer(Baseline),0.8703756168219172
Clear Sky,Transformer(Baseline),1.6175038744463421
Clear Sky,Transformer(Baseline),0.7435378255809795
Clear Sky,Transformer(Baseline),1.3684408290149754
Clear Sky,Transformer(Baseline),1.43393569410423
Clear Sky,Transformer(Baseline),1.0544772955300559
Clear Sky,Transformer(Baseline),1.1664152658734839
Clear Sky,Transformer(Baseline),1.037219074229851
Clear Sky,Transformer(Baseline),1.558238380540148
Clear Sky,Transformer(Baseline),1.3631539748157326
Clear Sky,Transformer(Baseline),1.388455560383572
Clear Sky,Transformer(Baseline),1.2089266818173972
Clear Sky,Transformer(Baseline),1.3078896185350715
Clear Sky,Transformer(Baseline),1.3624263413547393
Clear Sky,Transformer(Baseline),1.013114902687776
Clear Sky,Transformer(Baseline),1.0459534719146133
Clear Sky,Transformer(Baseline),0.6570448452647074
Clear Sky,Transformer(Baseline),0.7883840682857399
Clear Sky,Transformer(Baseline),0.7092944419786065
Clear Sky,Transformer(Baseline),1.2647722782702342
Clear Sky,Transformer(Baseline),1.085215242598614
Clear Sky,Transformer(Baseline),1.1636448667107961
Clear Sky,Transformer(Baseline),0.9213481278560236
Clear Sky,Transformer(Baseline),1.5806243876667239
Clear Sky,Transformer(Baseline),1.2659372641011224
Clear Sky,Transformer(Baseline),1.4521616809647675
Clear Sky,Transformer(Baseline),0.9456025694938148
Clear Sky,Transformer(Baseline),1.1383669590744319
Clear Sky,Transformer(Baseline),1.2907278829084987
Clear Sky,Transformer(Baseline),1.000629328686994
Clear Sky,Transformer(Baseline),0.8988269503091857
Clear Sky,Transformer(Baseline),0.6124981279932413
Clear Sky,Transformer(Baseline),1.1687214801691646
Clear Sky,Transformer(Baseline),0.8673722388271692
Clear Sky,Transformer(Baseline),0.8266305090926487
Clear Sky,Transformer(Baseline),0.6734703547909717
Clear Sky,Transformer(Baseline),0.8267139413635185
Clear Sky,Transformer(Baseline),0.6488556562344137
Clear Sky,Transformer(Baseline),0.8616287459296608
Clear Sky,Transformer(Baseline),0.01493009842324966
Clear Sky,Transformer(Baseline),0.1671060010803913
Clear Sky,Transformer(Baseline),0.009267426715556581
Clear Sky,Transformer(Baseline),0.11620253431537364
Clear Sky,Transformer(Baseline),0.022030922987031687
Clear Sky,Transformer(Baseline),0.044510516107582276
Clear Sky,Transformer(Baseline),0.6193305990727147
Clear Sky,Transformer(Baseline),0.8991956374565504
Clear Sky,Transformer(Baseline),0.03649333183029668
Clear Sky,Transformer(Baseline),0.7553460744326053
Clear Sky,Transformer(Baseline),0.8797964255548578
Clear Sky,Transformer(Baseline),0.7310913727608117
Clear Sky,Transformer(Baseline),1.6656441004162978
Clear Sky,Transformer(Baseline),0.7861990626794686
Clear Sky,Transformer(Baseline),1.4857141702828311
Clear Sky,Transformer(Baseline),1.2610808804390796
Clear Sky,Transformer(Baseline),1.0005694198153403
Clear Sky,Transformer(Baseline),1.1949181621739378
Clear Sky,Transformer(Baseline),1.0943074533138741
Clear Sky,Transformer(Baseline),1.448618536948528
Clear Sky,Transformer(Baseline),1.330317736156994
Clear Sky,Transformer(Baseline),1.3224626760542098
Clear Sky,Transformer(Baseline),1.1733567460043872
Clear Sky,Transformer(Baseline),1.2661659012102113
Clear Sky,Transformer(Baseline),1.26317647312311
Clear Sky,Transformer(Baseline),0.9519618119411284
Clear Sky,Transformer(Baseline),0.9856080241498317
Clear Sky,Transformer(Baseline),0.9049798558186961
Clear Sky,Transformer(Baseline),0.9209225828558578
Clear Sky,Transformer(Baseline),1.1653248875899176
Clear Sky,Transformer(Baseline),1.1980512656442155
Clear Sky,Transformer(Baseline),1.2393217713544846
Clear Sky,Transformer(Baseline),1.2025086830916312
Clear Sky,Transformer(Baseline),1.3516278836219833
Clear Sky,Transformer(Baseline),1.4182213020252412
Clear Sky,Transformer(Baseline),1.1860645394542235
Clear Sky,Transformer(Baseline),0.997018394667947
Clear Sky,Transformer(Baseline),1.179137995661252
Clear Sky,Transformer(Baseline),1.038104251446848
Clear Sky,Transformer(Baseline),1.2284574815610139
Clear Sky,Transformer(Baseline),0.7693489764457659
Clear Sky,Transformer(Baseline),0.5008939256878975
Clear Sky,Transformer(Baseline),0.8680628909419887
Clear Sky,Transformer(Baseline),0.7402811739008008
Clear Sky,Transformer(Baseline),0.6764081295071129
Clear Sky,Transformer(Baseline),0.7235891315804679
Clear Sky,Transformer(Baseline),0.5456765330343565
Clear Sky,Transformer(Baseline),0.44995880587095627
Clear Sky,Transformer(Baseline),0.4754943320013325
Clear Sky,Transformer(Baseline),0.4014722947019713
Clear Sky,Transformer(Baseline),0.344610919480985
Clear Sky,Transformer(Baseline),0.020746209524975967
Clear Sky,Transformer(Baseline),0.3165725966073687
Clear Sky,Transformer(Baseline),0.27751345742438005
Clear Sky,Transformer(Baseline),0.2712728179553707
Clear Sky,Transformer(Baseline),0.4758449601024388
Clear Sky,Transformer(Baseline),0.8228654627846019
Clear Sky,Transformer(Baseline),0.14805072207507664
Clear Sky,Transformer(Baseline),0.6798144121537888
Clear Sky,Transformer(Baseline),0.6879193155088039
Clear Sky,Transformer(Baseline),0.8621211415888475
Clear Sky,Transformer(Baseline),1.15283783645544
Clear Sky,Transformer(Baseline),0.7335182644678682
Clear Sky,Transformer(Baseline),1.1628768423662894
Clear Sky,Transformer(Baseline),1.1841250498055818
Clear Sky,Transformer(Baseline),1.132236277440903
Clear Sky,Transformer(Baseline),1.1641950463649202
Clear Sky,Transformer(Baseline),1.0854392659607743
Clear Sky,Transformer(Baseline),1.2375278709730324
Clear Sky,Transformer(Baseline),1.40164143804701
Clear Sky,Transformer(Baseline),1.3283435870757732
Clear Sky,Transformer(Baseline),1.236360735022318
Clear Sky,Transformer(Baseline),1.3137671834927414
Clear Sky,Transformer(Baseline),1.2783847716035526
Clear Sky,Transformer(Baseline),1.059751547160364
Clear Sky,Transformer(Baseline),0.9851352530811326
Clear Sky,Transformer(Baseline),0.6428317599073637
Clear Sky,Transformer(Baseline),0.8009597618751292
Clear Sky,Transformer(Baseline),0.8118587161709985
Clear Sky,Transformer(Baseline),1.1654535144162752
Clear Sky,Transformer(Baseline),1.089971062723433
Clear Sky,Transformer(Baseline),1.1935250695755357
Clear Sky,Transformer(Baseline),1.0968831714550937
Clear Sky,Transformer(Baseline),1.4573267689728588
Clear Sky,Transformer(Baseline),1.427485077340883
Clear Sky,Transformer(Baseline),1.2916034294723673
Clear Sky,Transformer(Baseline),1.0183047143804735
Clear Sky,Transformer(Baseline),1.2068509783550994
Clear Sky,Transformer(Baseline),1.1702978159224884
Clear Sky,Transformer(Baseline),1.2677985301342165
Clear Sky,Transformer(Baseline),0.8232023212185986
Clear Sky,Transformer(Baseline),0.670630524180762
Clear Sky,Transformer(Baseline),0.9863136144283757
Clear Sky,Transformer(Baseline),0.8226245274745203
Clear Sky,Transformer(Baseline),0.6535921540120739
Clear Sky,Transformer(Baseline),0.7448067400843001
Clear Sky,Transformer(Baseline),0.6408417736821015
Clear Sky,Transformer(Baseline),0.38989947130851377
Clear Sky,Transformer(Baseline),0.42281956303344614
Clear Sky,Transformer(Baseline),0.3661457103746315
Clear Sky,Transformer(Baseline),0.3597396609317407
Clear Sky,Transformer(Baseline),0.08901134295578572
Clear Sky,Transformer(Baseline),0.38806501307477603
Clear Sky,Transformer(Baseline),0.2123540933874679
Clear Sky,Transformer(Baseline),0.23274390028025493
Clear Sky,Transformer(Baseline),0.5605515752899137
Clear Sky,Transformer(Baseline),0.8777092962729611
Clear Sky,Transformer(Baseline),0.15029441702838753
Clear Sky,Transformer(Baseline),0.7801431400292387
Clear Sky,Transformer(Baseline),0.8289488111555308
Clear Sky,Transformer(Baseline),0.8431791772231421
Clear Sky,Transformer(Baseline),1.3247078396881165
Clear Sky,Transformer(Baseline),0.7188174184569558
Clear Sky,Transformer(Baseline),1.194808914341161
Clear Sky,Transformer(Baseline),1.2052625023395311
Clear Sky,Transformer(Baseline),1.1372562062547527
Clear Sky,Transformer(Baseline),1.1571128545949083
Clear Sky,Transformer(Baseline),1.0990722125877692
Clear Sky,Transformer(Baseline),1.1940606249880261
Clear Sky,Transformer(Baseline),1.353438860129346
Clear Sky,Transformer(Baseline),1.291591604026026
Clear Sky,Transformer(Baseline),1.166901835386124
Clear Sky,Transformer(Baseline),1.212333607104915
Clear Sky,Transformer(Baseline),1.199859288001473
Clear Sky,Transformer(Baseline),0.9698995448783181
Clear Sky,Transformer(Baseline),0.8966725199597876
Overcast,CNN,0.7733757
Overcast,CNN,1.0480101999999998
Overcast,CNN,1.1911381
Overcast,CNN,1.5872070000000003
Overcast,CNN,1.615812
Overcast,CNN,1.8093839999999997
Overcast,CNN,1.646312
Overcast,CNN,1.8775600000000008
Overcast,CNN,1.769143999999999
Overcast,CNN,1.5603560000000005
Overcast,CNN,1.4884080000000015
Overcast,CNN,1.4676399999999994
Overcast,CNN,1.1115129999999986
Overcast,CNN,0.9367540000000005
Overcast,CNN,0.7638169999999995
Overcast,CNN,0.6311070000000001
Overcast,CNN,0.553806999999999
Overcast,CNN,0.3400020000000019
Overcast,CNN,0.12610799999999855
Overcast,CNN,0.002727999999997621
Overcast,CNN,0.12103000000000108
Overcast,CNN,0.021255000000000024
Overcast,CNN,0.25202799999999925
Overcast,CNN,0.43414399999999986
Overcast,CNN,0.14198000000000022
Overcast,CNN,0.2491500000000002
Overcast,CNN,0.26210900000000237
Overcast,CNN,0.2994819999999976
Overcast,CNN,0.5299420000000019
Overcast,CNN,0.6374549999999992
Overcast,CNN,0.8138460000000016
Overcast,CNN,1.0453989999999997
Overcast,CNN,0.7968289999999989
Overcast,CNN,0.8811450000000001
Overcast,CNN,1.354298
Overcast,CNN,1.4908769999999993
Overcast,CNN,1.6619314999999997
Overcast,CNN,1.5567145
Overcast,CNN,1.6531420000000008
Overcast,CNN,1.5369253
Overcast,CNN,1.5808817
Overcast,CNN,1.4298419999999998
Overcast,CNN,1.2145010000000003
Overcast,CNN,1.1464017999999998
Overcast,CNN,0.0
Overcast,CNN,0.0
Overcast,CNN,0.4646804
Overcast,CNN,1.2480083
Overcast,CNN,1.3084175000000002
Overcast,CNN,1.1785230999999996
Overcast,CNN,1.3349767000000003
Overcast,CNN,1.2674035999999997
Overcast,CNN,1.142169
Overcast,CNN,1.0994394000000005
Overcast,CNN,1.003969999999999
Overcast,CNN,0.8448930000000008
Overcast,CNN,0.7131980000000002
Overcast,CNN,0.49927100000000024
Overcast,CNN,0.4556229999999992
Overcast,CNN,0.29994300000000074
Overcast,CNN,0.15411100000000033
Overcast,CNN,0.08903600000000012
Overcast,CNN,0.175358000000001
Overcast,CNN,0.24682999999999922
Overcast,CNN,0.1598075000000012
Overcast,CNN,0.3585584999999991
Overcast,CNN,0.6345650000000003
Overcast,CNN,0.2434770000000004
Overcast,CNN,0.45360099999999903
Overcast,CNN,0.3450740000000003
Overcast,CNN,0.21639300000000006
Overcast,CNN,0.5237320000000008
Overcast,CNN,0.5273609999999991
Overcast,CNN,0.6083029999999994
Overcast,CNN,0.7699560000000005
Overcast,CNN,0.5073040000000004
Overcast,CNN,0.5801150000000002
Overcast,CNN,0.8107479999999994
Overcast,CNN,1.2611026
Overcast,CNN,0.9666762000000002
Overcast,CNN,1.1012482000000001
Overcast,CNN,1.2465437
Overcast,CNN,1.09562753
Overcast,CNN,0.09320977
Overcast,CNN,0.0
Overcast,CNN,0.0
Overcast,CNN,0.30743350000000014
Overcast,CNN,0.25607500000000005
Overcast,CNN,0.29373359999999993
Overcast,CNN,0.4647899
Overcast,CNN,0.5215838000000002
Overcast,CNN,0.47690009999999994
Overcast,CNN,0.6004205999999996
Overcast,CNN,0.610074
Overcast,CNN,0.8109070000000003
Overcast,CNN,0.6329599999999997
Overcast,CNN,0.6309415000000005
Overcast,CNN,0.8789064999999994
Overcast,CNN,0.5961940000000006
Overcast,CNN,0.6556940000000004
Overcast,CNN,0.4954679999999989
Overcast,CNN,0.5269849999999998
Overcast,CNN,0.40686
Overcast,CNN,0.33720700000000114
Overcast,CNN,0.2453289999999999
Overcast,CNN,0.1739739999999994
Overcast,CNN,0.09901800000000094
Overcast,CNN,0.13905299999999876
Overcast,CNN,0.3744569999999996
Overcast,CNN,0.24380500000000005
Overcast,CNN,0.17397099999999988
Overcast,CNN,0.2478650000000009
Overcast,CNN,0.30902099999999955
Overcast,CNN,0.44809500000000035
Overcast,CNN,0.6314630000000001
Overcast,CNN,0.6883199999999992
Overcast,CNN,0.6758229999999994
Overcast,CNN,0.676514000000001
Overcast,CNN,0.6675502999999994
Overcast,CNN,0.4392516999999998
Overcast,CNN,0.7601050000000003
Overcast,CNN,0.8458920000000001
Overcast,CNN,0.7728783999999997
Overcast,CNN,0.6642409000000002
Overcast,CNN,0.577312
Overcast,CNN,0.5445437000000002
Overcast,CNN,0.40360700000000005
Overcast,CNN,0.43646289999999976
Overcast,CNN,0.3452081
Overcast,CNN,0.0
Overcast,CNN,0.0
Overcast,CNN,0.41961154
Overcast,CNN,0.43220601000000003
Overcast,CNN,1.00415645
Overcast,CNN,0.9746469999999998
Overcast,CNN,1.1990755000000002
Overcast,CNN,0.9217901
Overcast,CNN,1.1564964
Overcast,CNN,1.3473119999999996
Overcast,CNN,1.3082405000000001
Overcast,CNN,1.2021075000000003
Overcast,CNN,1.310314
Overcast,CNN,1.1420379999999994
Overcast,CNN,1.2622499999999999
Overcast,CNN,0.8985690000000002
Overcast,CNN,1.1861770000000007
Overcast,CNN,0.8421490000000009
Overcast,CNN,0.957100999999998
Overcast,CNN,0.6718849999999996
Overcast,CNN,0.5226690000000005
Overcast,CNN,0.7366689999999991
Overcast,CNN,0.20665000000000333
Overcast,CNN,0.34793599999999714
Overcast,CNN,0.1508900000000004
Overcast,CNN,0.06566000000000116
Overcast,CNN,0.1524649999999994
Overcast,CNN,0.3370570000000015
Overcast,CNN,0.017819000000002916
Overcast,CNN,0.00441600000000264
Overcast,CNN,0.09934200000000004
Overcast,CNN,0.20166799999999796
Overcast,CNN,0.2224749999999993
Overcast,CNN,0.32162300000000243
Overcast,CNN,0.41435399999999944
Overcast,CNN,0.7327589999999979
Overcast,CNN,0.4558660000000003
Overcast,CNN,0.8704820000000026
Overcast,CNN,0.5291139999999999
Overcast,CNN,1.050355999999999
Overcast,CNN,1.2623420000000003
Overcast,CNN,1.340437999999999
Overcast,CNN,1.2730820000000005
Overcast,CNN,1.2482430000000004
Overcast,CNN,1.264996
Overcast,CNN,1.2625585
Overcast,CNN,1.3641524999999994
Overcast,CNN,1.0705920000000004
Overcast,CNN,1.0539769999999997
Overcast,CNN,0.7794154999999998
Overcast,CNN,0.7904978000000003
Overcast,CNN,0.7345618999999999
Overcast,CNN,0.3884221000000001
Overcast,CNN,0.45527206000000003
Overcast,CNN,0.9854533999999999
Overcast,CNN,1.0009432000000003
Overcast,CNN,1.1068076999999996
Overcast,CNN,1.1609978000000005
Overcast,CNN,1.3927112
Overcast,CNN,1.463356
Overcast,CNN,1.5144504000000003
Overcast,CNN,1.5189789999999999
Overcast,CNN,1.6245909999999988
Overcast,CNN,1.5032000000000014
Overcast,CNN,1.5115439999999989
Overcast,CNN,1.201626000000001
Overcast,CNN,1.3124329999999986
Overcast,CNN,1.0671859999999995
Overcast,CNN,0.928994000000003
Overcast,CNN,0.7484159999999989
Overcast,CNN,0.5723230000000008
Overcast,CNN,0.5807459999999978
Overcast,CNN,0.3071079999999995
Overcast,CNN,0.17858900000000233
Overcast,CNN,0.08824100000000001
Overcast,CNN,0.030847999999998876
Overcast,CNN,0.04565799999999953
Overcast,CNN,0.1278100000000002
Overcast,CNN,0.2799030000000009
Overcast,CNN,0.14324999999999832
Overcast,CNN,0.17304400000000086
Overcast,CNN,0.3964819999999989
Overcast,CNN,0.387829
Overcast,CNN,0.5754400000000004
Overcast,CNN,0.6024740000000008
Overcast,CNN,0.8688809999999982
Overcast,CNN,0.9434190000000022
Overcast,CNN,0.8714459999999988
Overcast,CNN,1.1058970000000006
Overcast,CNN,1.27285
Overcast,CNN,1.441446000000001
Overcast,CNN,1.6436089999999997
Overcast,CNN,1.6124729999999996
Overcast,CNN,1.5982880000000002
Overcast,CNN,1.5004707000000002
Overcast,CNN,1.4491302999999993
Overcast,CNN,1.444827
Overcast,CNN,1.0999683
Overcast,CNN,1.0248153000000002
Overcast,CNN,0.6273918
Overcast,CNN,0.0
Overcast,CNN,0.72206604
Overcast,CNN,0.9379790600000001
Overcast,CNN,1.0407102999999998
Overcast,CNN,1.1036810000000004
Overcast,CNN,1.3397663
Overcast,CNN,1.4460005999999996
Overcast,CNN,1.4534156999999999
Overcast,CNN,1.4781650000000006
Overcast,CNN,1.6103059999999996
Overcast,CNN,1.485983000000001
Overcast,CNN,1.5236535
Overcast,CNN,1.2441244999999999
Overcast,CNN,1.3155669999999997
Overcast,CNN,1.1296919999999986
Overcast,CNN,1.0061200000000028
Overcast,CNN,0.838436999999999
Overcast,CNN,0.6694129999999987
Overcast,CNN,0.7006240000000012
Overcast,CNN,0.36870000000000047
Overcast,CNN,0.25709600000000066
Overcast,CNN,0.1669339999999977
Overcast,CNN,0.0817760000000014
Overcast,CNN,0.017510999999998944
Overcast,CNN,0.1295490000000008
Overcast,CNN,0.24826599999999743
Overcast,CNN,0.12116600000000233
Overcast,CNN,0.2012919999999987
Overcast,CNN,0.3823760000000007
Overcast,CNN,0.42283399999999816
Overcast,CNN,0.5467210000000016
Overcast,CNN,0.6008509999999987
Overcast,CNN,0.854101
Overcast,CNN,0.8765410000000031
Overcast,CNN,0.8857959999999991
Overcast,CNN,1.0272424999999998
Overcast,CNN,1.2253594999999997
Overcast,CNN,1.4217849999999999
Overcast,CNN,1.564423999999999
Overcast,CNN,1.5623080000000016
Overcast,CNN,1.5181329999999988
Overcast,CNN,1.4528550000000005
Overcast,CNN,1.4683003000000001
Overcast,CNN,1.4182956999999998
Overcast,CNN,1.0825054
Overcast,CNN,0.9867802999999999
Overcast,CNN,0.6303756
Overcast,CNN,0.4347808000000001
Overcast,CNN,0.9541461999999999
Overcast,CNN,0.9699141
Overcast,CNN,1.0637455
Overcast,CNN,1.1235307999999997
Overcast,CNN,1.3829264000000006
Overcast,CNN,1.4400439999999994
Overcast,CNN,1.452102
Overcast,CNN,1.4695900000000002
Overcast,CNN,1.5850589999999993
Overcast,CNN,1.4905630000000016
Overcast,CNN,1.452831999999999
Overcast,CNN,1.1649969999999996
Overcast,CNN,1.2725410000000004
Overcast,CNN,1.0243070000000003
Overcast,CNN,0.8753199999999985
Overcast,CNN,0.7097200000000008
Overcast,CNN,0.6040720000000022
Overcast,CNN,0.592647999999997
Overcast,CNN,0.32275700000000285
Overcast,CNN,0.13693999999999917
Overcast,CNN,0.10143899999999917
Overcast,CNN,0.028894000000001085
Overcast,CNN,0.04873999999999867
Overcast,CNN,0.14227400000000046
Overcast,CNN,0.20050600000000074
Overcast,CNN,0.09798499999999777
Overcast,CNN,0.13108800000000187
Overcast,CNN,0.29963699999999704
Overcast,CNN,0.39609100000000197
Overcast,CNN,0.5039259999999999
Overcast,CNN,0.6390339999999988
Overcast,CNN,0.8361440000000009
Overcast,CNN,0.9909950000000016
Overcast,CNN,0.8852769999999985
Overcast,CNN,1.0419184999999995
Overcast,CNN,1.3131405000000012
Overcast,CNN,1.3588329999999988
Overcast,CNN,1.5564820000000008
Overcast,CNN,1.5836299999999994
Overcast,CNN,1.498831000000001
Overcast,CNN,1.4195759999999993
Overcast,CNN,1.4705187000000004
Overcast,CNN,1.3343273
Overcast,CNN,1.0764671999999997
Overcast,CNN,0.9759614000000001
Overcast,CNN,0.6415704999999998
Overcast,CNN,0.35048565
Overcast,CNN,1.00955795
Overcast,CNN,1.0057594
Overcast,CNN,1.1349988
Overcast,CNN,1.1558391999999995
Overcast,CNN,1.4341135000000005
Overcast,CNN,1.4408104999999995
Overcast,CNN,1.501526000000001
Overcast,CNN,1.4864429999999995
Overcast,CNN,1.5964720000000003
Overcast,CNN,1.5055669999999992
Overcast,CNN,1.5126729999999995
Overcast,CNN,1.1691079999999996
Overcast,CNN,1.297506000000002
Overcast,CNN,1.071863999999998
Overcast,CNN,0.9253120000000017
Overcast,CNN,0.7114919999999998
Overcast,CNN,0.6067280000000004
Overcast,CNN,0.5794159999999984
Overcast,CNN,0.3046129999999998
Overcast,CNN,0.11172499999999985
Overcast,CNN,0.04701600000000283
Overcast,CNN,0.054854999999999876
Overcast,CNN,0.025507000000001057
Overcast,CNN,0.2196239999999996
Overcast,CNN,0.27996200000000115
Overcast,CNN,0.17361999999999966
Overcast,CNN,0.18504199999999926
Overcast,CNN,0.3834420000000023
Overcast,CNN,0.4173739999999988
Overcast,CNN,0.5288959999999996
Overcast,CNN,0.6017219999999988
Overcast,CNN,0.8901160000000026
Overcast,CNN,0.9173930000000006
Overcast,CNN,0.9155479999999976
Overcast,CNN,1.023308
Overcast,CNN,1.320475
Overcast,CNN,1.4274400000000007
Overcast,CNN,1.602269999999999
Overcast,CNN,1.6377860000000002
Overcast,CNN,1.5359570000000007
Overcast,CNN,1.4687150000000004
Overcast,CNN,1.4573379999999991
Overcast,CNN,1.4187157000000004
Overcast,CNN,1.036153
Overcast,CNN,0.9639684
Overcast,CNN,0.41452479
Overcast,CNN,1.00266334
Overcast,CNN,0.9687290999999998
Overcast,CNN,1.1062357000000005
Overcast,CNN,1.1433915
Overcast,CNN,1.4258815
Overcast,CNN,1.390233499999999
Overcast,CNN,1.5010729999999999
Overcast,CNN,1.4752460000000003
Overcast,CNN,1.5797895000000004
Overcast,CNN,1.4701114999999998
Overcast,CNN,1.4710300000000007
Overcast,CNN,1.1071749999999998
Overcast,CNN,1.272786
Overcast,CNN,1.0078749999999985
Overcast,CNN,0.8641610000000028
Overcast,CNN,0.6488300000000002
Overcast,CNN,0.5239769999999986
Overcast,CNN,0.5175020000000004
Overcast,CNN,0.24086600000000047
Overcast,CNN,0.06330499999999972
Overcast,CNN,0.00911299999999926
Overcast,CNN,0.07958599999999905
Overcast,CNN,0.08593500000000276
Overcast,CNN,0.2658089999999973
Overcast,CNN,0.2914510000000021
Overcast,CNN,0.1839739999999992
Overcast,CNN,0.21335499999999996
Overcast,CNN,0.38301799999999986
Overcast,CNN,0.40366200000000063
Overcast,CNN,0.5641010000000009
Overcast,CNN,0.5681999999999974
Overcast,CNN,0.8908939999999994
Overcast,CNN,0.879956
Overcast,CNN,0.908963
Overcast,CNN,1.0342360000000017
Overcast,CNN,1.3385750000000005
Overcast,CNN,1.438542
Overcast,CNN,1.634359
Overcast,CNN,1.635724999999999
Overcast,CNN,1.518072000000001
Overcast,CNN,1.4486953999999992
Overcast,CNN,1.4261696000000006
Overcast,CNN,1.38808
Overcast,CNN,0.9714899999999997
Overcast,CNN,0.9029828
Overcast,CNN,0.0
Overcast,CNN,1.1431924
Overcast,CNN,1.3259036
Overcast,CNN,1.4392369999999999
Overcast,CNN,1.4637845
Overcast,CNN,1.6259451
Overcast,CNN,1.3947133999999997
Overcast,CNN,1.1982680000000006
Overcast,CNN,1.2243580000000005
Overcast,CNN,1.0698399999999992
Overcast,CNN,0.9584609999999998
Overcast,CNN,0.7489430000000006
Overcast,CNN,0.6999969999999998
Overcast,CNN,0.5723739999999999
Overcast,CNN,0.38178800000000024
Overcast,CNN,0.16375200000000056
Overcast,CNN,0.13179599999999958
Overcast,CNN,0.057911999999999964
Overcast,CNN,0.1220214999999989
Overcast,CNN,0.49773649999999847
Overcast,CNN,0.3085520000000006
Overcast,CNN,0.32561899999999966
Overcast,CNN,0.5000549999999997
Overcast,CNN,0.6066300000000009
Overcast,CNN,0.7003550000000001
Overcast,CNN,0.9214260000000003
Overcast,CNN,1.0914169999999999
Overcast,CNN,1.3486709999999995
Overcast,CNN,1.0839680000000005
Overcast,CNN,1.416575
Overcast,CNN,0.8821620000000001
Overcast,CNN,1.4065439999999994
Overcast,CNN,1.3521986000000004
Overcast,CNN,1.1787471999999999
Overcast,CNN,1.0697481400000002
Overcast,CNN,1.063868
Overcast,CNN,1.1926847999999999
Overcast,CNN,1.2755603
Overcast,CNN,1.2911217000000006
Overcast,CNN,1.3660084999999995
Overcast,CNN,1.4056615000000008
Overcast,CNN,1.3614039999999985
Overcast,CNN,1.115151000000001
Overcast,CNN,1.0506499999999992
Overcast,CNN,0.9487480000000001
Overcast,CNN,0.8611070000000005
Overcast,CNN,0.570703
Overcast,CNN,0.3834280000000003
Overcast,CNN,0.4467629999999989
Overcast,CNN,0.10472000000000037
Overcast,CNN,0.02384100000000089
Overcast,CNN,0.0018980000000006214
Overcast,CNN,0.16154700000000055
Overcast,CNN,0.11476299999999995
Overcast,CNN,0.3811099999999996
Overcast,CNN,0.3417759999999994
Overcast,CNN,0.20184399999999947
Overcast,CNN,0.3843450000000015
Overcast,CNN,0.5704879999999992
Overcast,CNN,0.45188500000000076
Overcast,CNN,0.7247229999999991
Overcast,CNN,0.8763290000000001
Overcast,CNN,1.0545519999999993
Overcast,CNN,0.8405060000000013
Overcast,CNN,1.1463509999999992
Overcast,CNN,1.0494145000000001
Overcast,CNN,1.1194066999999999
Overcast,CNN,1.4496574999999998
Overcast,CNN,1.3066277000000004
Overcast,CNN,1.0927296000000002
Overcast,CNN,0.0
Overcast,CNN,0.6078726
Overcast,CNN,0.6139294000000001
Overcast,CNN,0.7603849999999999
Overcast,CNN,0.5020392000000002
Overcast,CNN,0.5468107999999998
Overcast,CNN,0.7580558000000002
Overcast,CNN,0.35206579999999965
Overcast,CNN,0.3575387000000001
Overcast,CNN,0.5411944000000002
Overcast,CNN,0.3739657999999997
Overcast,CNN,0.2215335000000005
Overcast,CNN,0.5546099999999994
Overcast,CNN,0.46831130000000076
Overcast,CNN,0.19265069999999973
Overcast,CNN,0.24630559999999946
Overcast,CNN,0.23979140000000054
Overcast,CNN,0.028691000000000244
Overcast,CNN,0.31907900000000033
Overcast,CNN,0.4134980000000006
Overcast,CNN,0.08794599999999964
Overcast,CNN,0.15988299999999978
Overcast,CNN,0.46004300000000065
Overcast,CNN,0.5504179999999996
Overcast,CNN,0.6352399999999996
Overcast,CNN,0.6804770000000007
Overcast,CNN,0.8454423999999996
Overcast,CNN,1.0627821000000002
Overcast,CNN,0.3114287
Overcast,CNN,1.2229987
Overcast,CNN,0.15470669999999997
Overcast,CNN,0.56836752
Overcast,CNN,0.47421688
Overcast,CNN,0.0
Overcast,CNN,0.0
Overcast,CNN,0.5533558
Overcast,CNN,1.1695118
Overcast,CNN,1.4004592
Overcast,CNN,1.1681372000000003
Overcast,CNN,1.009893
Overcast,CNN,0.8573014999999993
Overcast,CNN,0.6839838
Overcast,CNN,0.5830822000000007
Overcast,CNN,0.6840304999999995
Overcast,CNN,0.293254000000001
Overcast,CNN,0.2829289999999993
Overcast,CNN,0.1390039999999999
Overcast,CNN,0.009111000000000757
Overcast,CNN,0.08285600000000137
Overcast,CNN,0.07256950000000018
Overcast,CNN,0.009145499999998918
Overcast,CNN,0.14068999999999932
Overcast,CNN,0.27285299999999957
Overcast,CNN,0.09024950000000054
Overcast,CNN,0.4103835
Overcast,CNN,0.43558499999999967
Overcast,CNN,0.4762820000000003
Overcast,CNN,0.8208260000000003
Overcast,CNN,0.8934769999999999
Overcast,CNN,1.1298389999999996
Overcast,CNN,1.1141508000000004
Overcast,CNN,1.1042583
Overcast,CNN,0.9747398999999999
Overcast,CNN,0.971929
Overcast,CNN,0.0
Overcast,CNN,0.6911649999999998
Overcast,CNN,0.7185364999999999
Overcast,CNN,0.7554030000000003
Overcast,CNN,0.8000449999999999
Overcast,CNN,0.8687573000000004
Overcast,CNN,0.9580796999999999
Overcast,CNN,0.5548319999999993
Overcast,CNN,0.5768195
Overcast,CNN,0.8096118000000008
Overcast,CNN,0.8424236999999994
Overcast,CNN,0.29433299999999996
Overcast,CNN,0.4969380000000001
Overcast,CNN,0.4496880000000001
Overcast,CNN,0.31842299999999923
Overcast,CNN,0.26489700000000127
Overcast,CNN,0.1346109999999996
Overcast,CNN,0.03217700000000079
Overcast,CNN,0.06153399999999998
Overcast,CNN,0.20309499999999936
Overcast,CNN,0.0019639999999991886
Overcast,CNN,0.1167700000000007
Overcast,CNN,0.31542400000000015
Overcast,CNN,0.5614539999999995
Overcast,CNN,0.372872000000001
Overcast,CNN,0.7369500000000002
Overcast,CNN,0.7151052999999994
Overcast,CNN,0.8924174000000002
Overcast,CNN,0.26645829999999915
Overcast,CNN,0.9578220000000002
Overcast,CNN,0.6350850000000001
Overcast,CNN,0.45432200000000034
Overcast,CNN,1.2057007
Overcast,CNN,1.4073147999999995
Overcast,CNN,1.3681873000000007
Overcast,CNN,1.5576799999999995
Overcast,CNN,1.6749719999999995
Overcast,CNN,1.2321220000000004
Overcast,CNN,1.2795110000000012
Overcast,CNN,1.3165749999999985
Overcast,CNN,0.9796690000000012
Overcast,CNN,0.8504839999999998
Overcast,CNN,0.75014
Overcast,CNN,0.4817150000000012
Overcast,CNN,0.40033099999999777
Overcast,CNN,0.36850899999999953
Overcast,CNN,0.025383000000001488
Overcast,CNN,0.015746000000000038
Overcast,CNN,0.056678999999999036
Overcast,CNN,0.0737860000000019
Overcast,CNN,0.27752900000000125
Overcast,CNN,0.4832259999999984
Overcast,CNN,0.22043200000000063
Overcast,CNN,0.4479129999999998
Overcast,CNN,0.4773519999999998
Overcast,CNN,0.48944900000000047
Overcast,CNN,0.8470889999999986
Overcast,CNN,0.9363720000000004
Overcast,CNN,1.1934719999999999
Overcast,CNN,1.276192
Overcast,CNN,1.1356970000000004
Overcast,CNN,1.2589094999999997
Overcast,CNN,1.4221995000000005
Overcast,CNN,1.5178266999999996
Overcast,CNN,1.3185904000000002
Overcast,CNN,1.3015773999999998
Overcast,CNN,0.34304136
Overcast,CNN,1.54090904
Overcast,CNN,1.5583970999999999
Overcast,CNN,1.7250975
Overcast,CNN,1.7193130000000005
Overcast,CNN,1.719600999999999
Overcast,CNN,1.4302970000000013
Overcast,CNN,1.2336559999999999
Overcast,CNN,1.1824089999999998
Overcast,CNN,1.1408699999999996
Overcast,CNN,0.7730979999999992
Overcast,CNN,0.6128830000000001
Overcast,CNN,0.7530239999999999
Overcast,CNN,0.4668170000000007
Overcast,CNN,0.31682400000000044
Overcast,CNN,0.0875230000000009
Overcast,CNN,0.04666299999999879
Overcast,CNN,0.16993099999999828
Overcast,CNN,0.10472099999999784
Overcast,CNN,0.2756059999999998
Overcast,CNN,0.06206500000000048
Overcast,CNN,0.20097300000000118
Overcast,CNN,0.2952149999999989
Overcast,CNN,0.19552700000000023
Overcast,CNN,0.540732499999999
Overcast,CNN,0.5504695000000002
Overcast,CNN,0.8290440000000014
Overcast,CNN,0.546695999999999
Overcast,CNN,0.8011949999999999
Overcast,CNN,0.709715000000001
Overcast,CNN,1.036797
Overcast,CNN,1.3708390000000001
Overcast,CNN,1.4105616999999997
Overcast,CNN,1.2068066999999996
Overcast,CNN,1.5147728999999996
Overcast,CNN,1.3877504000000003
Overcast,CNN,1.0587470000000003
Overcast,CNN,0.6039972899999999
Overcast,CNN,0.507747
Overcast,CNN,0.48831120000000006
Overcast,CNN,0.7030558999999998
Overcast,CNN,0.6949662000000001
Overcast,CNN,0.6944378000000002
Overcast,CNN,0.5418225000000003
Overcast,CNN,0.6956926999999995
Overcast,CNN,0.6676013999999997
Overcast,CNN,0.6393432000000008
Overcast,CNN,0.2593413999999994
Overcast,CNN,0.5059339999999999
Overcast,CNN,0.44388200000000033
Overcast,CNN,0.27421399999999974
Overcast,CNN,0.14266000000000112
Overcast,CNN,0.1276459999999986
Overcast,CNN,0.04844000000000115
Overcast,CNN,0.024846999999999397
Overcast,CNN,0.49681
Overcast,CNN,0.12547599999999992
Overcast,CNN,0.23141370000000006
Overcast,CNN,0.4471962999999999
Overcast,CNN,0.454129
Overcast,CNN,0.3421750000000001
Overcast,CNN,0.5325436000000003
Overcast,CNN,0.5573328999999996
Overcast,CNN,0.6176053000000001
Overcast,CNN,0.3001692
Overcast,CNN,0.6051538000000001
Overcast,CNN,0.1788148999999999
Overcast,CNN,0.4017773
Overcast,CNN,0.8401505
Overcast,CNN,0.5755957999999999
Overcast,CNN,0.6235182
Overcast,CNN,0.5586775800000001
Overcast,CNN,0.36495999
Overcast,CNN,0.48750391000000004
Overcast,CNN,0.6517393999999999
Overcast,CNN,0.9279177000000001
Overcast,CNN,1.0762079999999998
Overcast,CNN,1.3004407000000002
Overcast,CNN,0.8120542999999998
Overcast,CNN,1.0895055000000005
Overcast,CNN,1.3996455
Overcast,CNN,1.379683
Overcast,CNN,1.2223199999999999
Overcast,CNN,1.5104609999999994
Overcast,CNN,1.1107010000000006
Overcast,CNN,1.44332
Overcast,CNN,0.9908339999999995
Overcast,CNN,0.9785189999999986
Overcast,CNN,0.8695640000000004
Overcast,CNN,0.9315090000000019
Overcast,CNN,0.692812
Overcast,CNN,0.3857329999999983
Overcast,CNN,0.7305390000000003
Overcast,CNN,0.2194470000000024
Overcast,CNN,0.48430999999999713
Overcast,CNN,0.07080799999999954
Overcast,CNN,0.11481900000000067
Overcast,CNN,0.06193900000000241
Overcast,CNN,0.12768600000000063
Overcast,CNN,0.22872100000000017
Overcast,CNN,0.13855399999999918
Overcast,CNN,0.10644200000000126
Overcast,CNN,0.22687200000000018
Overcast,CNN,0.18297199999999947
Overcast,CNN,0.26952400000000054
Overcast,CNN,0.4138939999999991
Overcast,CNN,0.5119799999999977
Overcast,CNN,0.7750149999999998
Overcast,CNN,0.660692000000001
Overcast,CNN,0.8079719999999995
Overcast,CNN,1.0202500000000008
Overcast,CNN,1.4416960000000003
Overcast,CNN,1.4365749999999995
Overcast,CNN,1.4970310000000016
Overcast,CNN,1.6322389999999984
Overcast,CNN,1.476961000000001
Overcast,CNN,1.1339083999999993
Overcast,CNN,1.3184426
Overcast,CNN,1.4543263000000008
Overcast,CNN,1.0652334999999997
Overcast,CNN,0.4595317999999997
Overcast,CNN,0.6673127999999999
Overcast,CNN,0.6624318000000002
Overcast,CNN,0.65282895
Overcast,CNN,0.7709246999999999
Overcast,CNN,0.7947814000000002
Overcast,CNN,1.2657616000000003
Overcast,CNN,1.2273721999999996
Overcast,CNN,1.247961
Overcast,CNN,1.2232317999999998
Overcast,CNN,1.5149287000000005
Overcast,CNN,1.4708810000000003
Overcast,CNN,1.5425550000000001
Overcast,CNN,1.3506129999999992
Overcast,CNN,1.3999120000000005
Overcast,CNN,1.4117650000000008
Overcast,CNN,1.2155190000000005
Overcast,CNN,1.0002649999999988
Overcast,CNN,1.308927999999998
Overcast,CNN,0.8270440000000008
Overcast,CNN,0.7695360000000022
Overcast,CNN,0.6174409999999995
Overcast,CNN,0.4423659999999998
Overcast,CNN,0.44664399999999915
Overcast,CNN,0.15810300000000055
Overcast,CNN,0.02787100000000109
Overcast,CNN,0.02148199999999889
Overcast,CNN,0.04318200000000161
Overcast,CNN,0.1453649999999982
Overcast,CNN,0.21947600000000023
Overcast,CNN,0.20682199999999895
Overcast,CNN,0.04501300000000086
Overcast,CNN,0.10819700000000054
Overcast,CNN,0.18337999999999965
Overcast,CNN,0.18696200000000118
Overcast,CNN,0.38977999999999824
Overcast,CNN,0.4798940000000016
Overcast,CNN,0.734061999999998
Overcast,CNN,0.909085000000001
Overcast,CNN,0.8258480000000006
Overcast,CNN,0.9853109999999994
Overcast,CNN,1.3343050000000005
Overcast,CNN,1.4784430000000004
Overcast,CNN,1.6309199999999997
Overcast,CNN,1.7167010000000005
Overcast,CNN,1.5396279999999987
Overcast,CNN,1.4823150000000016
Overcast,CNN,1.5872445999999991
Overcast,CNN,1.4236961
Overcast,CNN,1.1416852999999998
Overcast,CNN,1.1108000000000002
Overcast,CNN,0.7941474
Overcast,CNN,0.9087000000000001
Overcast,CNN,0.4432067000000002
Overcast,CNN,0.0
Overcast,CNN,0.0
Overcast,CNN,0.6325954
Overcast,CNN,0.6084278999999999
Overcast,CNN,1.0326321
Overcast,CNN,1.0562228999999999
Overcast,CNN,1.2389367
Overcast,CNN,1.5298683999999998
Overcast,CNN,1.3202090000000002
Overcast,CNN,1.6960626000000003
Overcast,CNN,1.310048
Overcast,CNN,1.3668130000000005
Overcast,CNN,1.4027539999999998
Overcast,CNN,0.789657
Overcast,CNN,1.018993
Overcast,CNN,1.1619179999999982
Overcast,CNN,0.43748899999999935
Overcast,CNN,0.7487230000000018
Overcast,CNN,0.4455479999999987
Overcast,CNN,0.320133000000002
Overcast,CNN,0.35235600000000034
Overcast,CNN,0.33679599999999965
Overcast,CNN,0.1104699999999994
Overcast,CNN,0.03890600000000077
Overcast,CNN,0.1270370000000014
Overcast,CNN,0.1306970000000014
Overcast,CNN,0.040880999999998835
Overcast,CNN,0.26753300000000024
Overcast,CNN,0.16703199999999896
Overcast,CNN,0.15471700000000155
Overcast,CNN,0.04510299999999745
Overcast,CNN,0.0985030000000009
Overcast,CNN,0.4026020000000017
Overcast,CNN,0.4146569999999983
Overcast,CNN,0.7431280000000022
Overcast,CNN,0.9567539999999983
Overcast,CNN,0.6425669999999997
Overcast,CNN,0.7861240000000009
Overcast,CNN,1.338849999999999
Overcast,CNN,1.3767390000000006
Overcast,CNN,1.3202470000000002
Overcast,CNN,1.6746999999999996
Overcast,CNN,1.620749
Overcast,CNN,1.528162
Overcast,CNN,1.5073649000000002
Overcast,CNN,0.9157912000000001
Overcast,CNN,0.9363786999999997
Overcast,CNN,1.0728213000000002
Overcast,CNN,0.5914453999999999
Overcast,CNN,0.4381315
Overcast,CNN,0.5727607999999997
Overcast,CNN,0.44184160000000006
Overcast,CNN,0.43107960000000034
Overcast,CNN,0.724313
Overcast,CNN,0.8411211999999999
Overcast,CNN,0.7170486
Overcast,CNN,0.9911576000000002
Overcast,CNN,0.9203939999999999
Overcast,CNN,0.9571443999999998
Overcast,CNN,1.1360089999999996
Overcast,CNN,1.0544270000000004
Overcast,CNN,0.9461820000000003
Overcast,CNN,0.8799109999999999
Overcast,CNN,0.8570840000000004
Overcast,CNN,0.7240690000000001
Overcast,CNN,0.7588499999999989
Overcast,CNN,0.9370019999999997
Overcast,CNN,0.5286410000000004
Overcast,CNN,0.7949079999999995
Overcast,CNN,0.6137490000000021
Overcast,CNN,0.3631779999999978
Overcast,CNN,0.7023930000000007
Overcast,CNN,0.12000799999999856
Overcast,CNN,0.2554090000000002
Overcast,CNN,0.14866699999999966
Overcast,CNN,0.3137909999999984
Overcast,CNN,0.24498900000000035
Overcast,CNN,0.14438699999999827
Overcast,CNN,0.889204000000003
Overcast,CNN,0.2569049999999997
Overcast,CNN,0.5587059999999973
Overcast,CNN,0.6583649999999999
Overcast,CNN,0.4696940000000023
Overcast,CNN,0.7652389999999993
Overcast,CNN,0.6109299999999998
Overcast,CNN,1.1464040000000004
Overcast,CNN,1.070518999999999
Overcast,CNN,0.854215
Overcast,CNN,1.0930110000000006
Overcast,CNN,1.2257099999999994
Overcast,CNN,1.3642560000000001
Overcast,CNN,1.1833303000000006
Overcast,CNN,1.2959389999999997
Overcast,CNN,0.9958247
Overcast,CNN,1.18127
Overcast,CNN,1.1984298
Overcast,CNN,0.42961080000000007
Overcast,CNN,0.7112352999999999
Overcast,CNN,0.0
Overcast,CNN,0.35364056
Overcast,CNN,0.56859914
Overcast,CNN,0.554487
Overcast,CNN,1.0394356999999999
Overcast,CNN,1.0152812
Overcast,CNN,1.0653084000000006
Overcast,CNN,1.0391803999999993
Overcast,CNN,1.2781053
Overcast,CNN,1.4436683000000006
Overcast,CNN,1.453227
Overcast,CNN,1.3326029999999989
Overcast,CNN,1.4504870000000007
Overcast,CNN,1.384354
Overcast,CNN,1.3776399999999995
Overcast,CNN,1.1073290000000018
Overcast,CNN,1.2484799999999971
Overcast,CNN,0.9888740000000027
Overcast,CNN,0.9172659999999979
Overcast,CNN,0.7727120000000021
Overcast,CNN,0.6933790000000002
Overcast,CNN,0.6414139999999975
Overcast,CNN,0.4143950000000025
Overcast,CNN,0.25231899999999996
Overcast,CNN,0.2905920000000002
Overcast,CNN,0.17139999999999844
Overcast,CNN,0.10270500000000027
Overcast,CNN,0.06933899999999937
Overcast,CNN,0.06401900000000182
Overcast,CNN,0.037411000000002304
Overcast,CNN,0.02929900000000174
Overcast,CNN,0.14312299999999922
Overcast,CNN,0.30744200000000177
Overcast,CNN,0.3632959999999983
Overcast,CNN,0.5306400000000018
Overcast,CNN,0.8018000000000001
Overcast,CNN,0.8966269999999987
Overcast,CNN,0.8925729999999987
Overcast,CNN,0.7765450000000023
Overcast,CNN,1.2950899999999983
Overcast,CNN,1.3487559999999998
Overcast,CNN,1.5510280000000005
Overcast,CNN,1.57423
Overcast,CNN,1.5035159999999994
Overcast,CNN,1.500083
Overcast,CNN,1.4706615000000003
Overcast,CNN,1.4752055000000004
Overcast,CNN,1.2251462000000002
Overcast,CNN,1.2981407999999997
Overcast,CNN,0.6968093
Overcast,CNN,0.9569263000000001
Overcast,CNN,0.6112255
Overcast,CNN,0.4962674
Overcast,CNN,0.070923224
Overcast,CNN,0.38430000599999997
Overcast,CNN,0.3644443700000001
Overcast,CNN,0.9269851999999998
Overcast,CNN,0.9259949000000003
Overcast,CNN,1.1753595
Overcast,CNN,1.1021724000000002
Overcast,CNN,1.3579577999999994
Overcast,CNN,1.3697109000000003
Overcast,CNN,1.5119637
Overcast,CNN,1.4574289999999994
Overcast,CNN,1.6315740000000005
Overcast,CNN,1.4515360000000008
Overcast,CNN,1.5365760000000002
Overcast,CNN,1.1373359999999995
Overcast,CNN,1.4273050000000005
Overcast,CNN,1.1597380000000008
Overcast,CNN,1.0263039999999997
Overcast,CNN,0.6446100000000001
Overcast,CNN,0.7014049999999976
Overcast,CNN,0.684825
Overcast,CNN,0.37921599999999955
Overcast,CNN,0.29272399999999976
Overcast,CNN,0.18814100000000167
Overcast,CNN,0.08661700000000039
Overcast,CNN,0.10594199999999887
Overcast,CNN,0.1498190000000008
Overcast,CNN,0.17622099999999818
Overcast,CNN,0.011226000000000624
Overcast,CNN,0.09992599999999996
Overcast,CNN,0.2338579999999979
Overcast,CNN,0.3836000000000013
Overcast,CNN,0.48001700000000014
Overcast,CNN,0.5008669999999995
Overcast,CNN,0.8263479999999994
Overcast,CNN,0.8080250000000007
Overcast,CNN,0.7568760000000019
Overcast,CNN,0.7635189999999987
Overcast,CNN,1.1892899999999997
Overcast,CNN,1.1830510000000007
Overcast,CNN,1.500978
Overcast,CNN,1.418664999999999
Overcast,CNN,1.3854580000000016
Overcast,CNN,1.4550199999999993
Overcast,CNN,1.471114
Overcast,CNN,1.4761129999999998
Overcast,CNN,1.2313384999999997
Overcast,CNN,1.2699108000000008
Overcast,CNN,1.0194474999999996
Overcast,CNN,1.0155235
Overcast,CNN,0.6928250999999999
Overcast,CNN,0.6678184400000001
Overcast,CNN,0.31649095
Overcast,CNN,0.38143045000000003
Overcast,CNN,0.37183980000000005
Overcast,CNN,0.8943101999999998
Overcast,CNN,0.9395910000000001
Overcast,CNN,1.0657285
Overcast,CNN,1.0505004000000002
Overcast,CNN,1.2787026999999993
Overcast,CNN,1.3105790000000006
Overcast,CNN,1.4467909999999993
Overcast,CNN,1.3625570000000007
Overcast,CNN,1.517265
Overcast,CNN,1.3794579999999996
Overcast,CNN,1.423070000000001
Overcast,CNN,1.125458
Overcast,CNN,1.2847439999999999
Overcast,CNN,1.0781899999999993
Overcast,CNN,0.9569870000000016
Overcast,CNN,0.7058139999999966
Overcast,CNN,0.5949810000000006
Overcast,CNN,0.6438839999999999
Overcast,CNN,0.40771700000000166
Overcast,CNN,0.26620499999999936
Overcast,CNN,0.18192499999999967
Overcast,CNN,0.09351300000000151
Overcast,CNN,0.15830199999999905
Overcast,CNN,0.1194589999999991
Overcast,CNN,0.10313999999999979
Overcast,CNN,0.05661900000000131
Overcast,CNN,0.011734000000000577
Overcast,CNN,0.26229499999999817
Overcast,CNN,0.3063910000000014
Overcast,CNN,0.3901520000000005
Overcast,CNN,0.42295099999999763
Overcast,CNN,0.7602110000000017
Overcast,CNN,0.7258689999999994
Overcast,CNN,0.7164509999999993
Overcast,CNN,0.7963660000000026
Overcast,CNN,1.0857129999999984
Overcast,CNN,1.2207629999999998
Overcast,CNN,1.4575519999999997
Overcast,CNN,1.4568030000000007
Overcast,CNN,1.4767100000000006
Overcast,CNN,1.4691979999999987
Overcast,CNN,1.389577000000001
Overcast,CNN,1.5673632999999993
Overcast,CNN,1.1778357000000002
Overcast,CNN,1.2727792
Overcast,CNN,0.9225738000000003
Overcast,CNN,0.9940037999999998
Overcast,CNN,0.5865695
Overcast,CNN,0.37840190000000007
Overcast,CNN,0.32610859999999997
Overcast,CNN,0.8544630999999998
Overcast,CNN,0.7737372000000002
Overcast,CNN,1.0033174999999996
Overcast,CNN,0.8440967000000006
Overcast,CNN,1.1032193000000001
Overcast,CNN,1.3114516999999992
Overcast,CNN,1.1714503
Overcast,CNN,1.3267220000000002
Overcast,CNN,1.3774960000000007
Overcast,CNN,1.268628999999999
Overcast,CNN,1.4067230000000013
Overcast,CNN,1.0420449999999999
Overcast,CNN,1.2277079999999998
Overcast,CNN,1.0602359999999997
Overcast,CNN,0.9600960000000001
Overcast,CNN,0.8081479999999992
Overcast,CNN,0.6184879999999993
Overcast,CNN,0.7009090000000029
Overcast,CNN,0.35311499999999896
Overcast,CNN,0.33023999999999987
Overcast,CNN,0.22466000000000008
Overcast,CNN,0.15806900000000113
Overcast,CNN,0.10969099999999798
Overcast,CNN,0.10724799999999846
Overcast,CNN,0.046382000000001256
Overcast,CNN,0.015266000000000446
Overcast,CNN,0.020834000000000685
Overcast,CNN,0.18684800000000124
Overcast,CNN,0.25029400000000024
Overcast,CNN,0.27990099999999885
Overcast,CNN,0.46165500000000037
Overcast,CNN,0.5451240000000013
Overcast,CNN,0.6958640000000003
Overcast,CNN,0.6991759999999978
Overcast,CNN,0.8139080000000014
Overcast,CNN,1.0147949999999994
Overcast,CNN,1.2387879999999996
Overcast,CNN,1.4289579999999997
Overcast,CNN,1.487133
Overcast,CNN,1.4965730000000015
Overcast,CNN,1.426062
Overcast,CNN,1.449453
Overcast,CNN,1.504556599999999
Overcast,CNN,1.3205214000000005
Overcast,CNN,1.215604
Overcast,CNN,0.8737577999999999
Overcast,CNN,0.9525266000000001
Overcast,CNN,0.6229319999999998
Overcast,CNN,0.49301529
Overcast,CNN,0.50794896
Overcast,CNN,1.0030803
Overcast,CNN,0.9743015000000002
Overcast,CNN,1.0760719999999995
Overcast,CNN,1.0473455000000005
Overcast,CNN,1.2424523
Overcast,CNN,1.4225186999999995
Overcast,CNN,1.4281499999999996
Overcast,CNN,1.408004
Overcast,CNN,1.4426300000000012
Overcast,CNN,1.3951339999999988
Overcast,CNN,1.457675
Overcast,CNN,1.1013509999999993
Overcast,CNN,1.2741390000000017
Overcast,CNN,1.0273080000000014
Overcast,CNN,0.967610999999998
Overcast,CNN,0.8231929999999998
Overcast,CNN,0.6710789999999989
Overcast,CNN,0.6446040000000011
Overcast,CNN,0.44767399999999924
Overcast,CNN,0.2858370000000008
Overcast,CNN,0.2919780000000003
Overcast,CNN,0.20588800000000163
Overcast,CNN,0.09521200000000007
Overcast,CNN,0.023324000000002343
Overcast,CNN,0.03362899999999769
Overcast,CNN,0.017240999999998508
Overcast,CNN,0.003979000000001065
Overcast,CNN,0.16061300000000145
Overcast,CNN,0.29787999999999926
Overcast,CNN,0.36244600000000204
Overcast,CNN,0.5646129999999978
Overcast,CNN,0.7586520000000014
Overcast,CNN,0.9027519999999996
Overcast,CNN,0.907391999999998
Overcast,CNN,0.8400210000000001
Overcast,CNN,1.2642230000000012
Overcast,CNN,1.372643
Overcast,CNN,1.5340209999999992
Overcast,CNN,1.6075790000000012
Overcast,CNN,1.5452019999999997
Overcast,CNN,1.5146709999999999
Overcast,CNN,1.3986134000000003
Overcast,CNN,1.4749065999999997
Overcast,CNN,1.2514332999999995
Overcast,CNN,1.2915814000000005
Overcast,CNN,0.6842842
Overcast,CNN,0.9112119000000001
Overcast,CNN,0.5796477999999998
Overcast,CNN,0.3704711999999999
Overcast,CNN,0.29097970000000006
Overcast,CNN,0.8566916999999998
Overcast,CNN,0.7869709
Overcast,CNN,1.0934971999999998
Overcast,CNN,0.9284615
Overcast,CNN,1.1762114000000006
Overcast,CNN,1.3409866
Overcast,CNN,1.2686770000000003
Overcast,CNN,1.4220860000000002
Overcast,CNN,1.4229569999999985
Overcast,CNN,1.2914070000000013
Overcast,CNN,1.4139619999999997
Overcast,CNN,1.0134250000000016
Overcast,CNN,1.171790999999999
Overcast,CNN,1.0347329999999992
Overcast,CNN,0.8717630000000014
Overcast,CNN,0.6912309999999984
Overcast,CNN,0.49440799999999996
Overcast,CNN,0.6333669999999998
Overcast,CNN,0.25710300000000075
Overcast,CNN,0.3089119999999994
Overcast,CNN,0.18485700000000094
Overcast,CNN,0.02709000000000117
Overcast,CNN,0.04081899999999905
Overcast,CNN,0.14728200000000058
Overcast,CNN,0.12342399999999998
Overcast,CNN,0.08488099999999932
Overcast,CNN,0.08761200000000002
Overcast,CNN,0.2966040000000021
Overcast,CNN,0.33637999999999835
Overcast,CNN,0.3655000000000008
Overcast,CNN,0.5627749999999985
Overcast,CNN,0.6734980000000022
Overcast,CNN,0.7284669999999984
Overcast,CNN,0.7594360000000009
Overcast,CNN,0.8537199999999991
Overcast,CNN,1.0073740000000004
Overcast,CNN,1.2771969999999992
Overcast,CNN,1.391096000000001
Overcast,CNN,1.4804320000000004
Overcast,CNN,1.515153999999999
Overcast,CNN,1.4365380000000005
Overcast,CNN,1.4108140000000002
Overcast,CNN,1.4936789999999993
Overcast,CNN,1.3163164000000007
Overcast,CNN,1.1994215999999995
Overcast,CNN,0.8690055000000001
Overcast,CNN,0.8850940999999999
Overcast,CNN,0.37771160000000004
Overcast,CNN,0.26867240000000003
Overcast,CNN,0.9188046000000001
Overcast,CNN,0.8954377
Overcast,CNN,1.1567075999999998
Overcast,CNN,1.0701004000000003
Overcast,CNN,1.260701
Overcast,CNN,1.3488669999999994
Overcast,CNN,1.4806559999999998
Overcast,CNN,1.4741590000000002
Overcast,CNN,1.5226299999999995
Overcast,CNN,1.409179
Overcast,CNN,1.5640120000000017
Overcast,CNN,1.0675260000000009
Overcast,CNN,1.3077869999999976
Overcast,CNN,1.1094690000000007
Overcast,CNN,0.9554229999999997
Overcast,CNN,0.6749170000000007
Overcast,CNN,0.5892790000000012
Overcast,CNN,0.6240829999999988
Overcast,CNN,0.3266239999999989
Overcast,CNN,0.23621900000000196
Overcast,CNN,0.1508509999999994
Overcast,CNN,0.005151999999998935
Overcast,CNN,0.09619500000000158
Overcast,CNN,0.1482530000000004
Overcast,CNN,0.0987259999999992
Overcast,CNN,0.07632100000000008
Overcast,CNN,0.05184500000000014
Overcast,CNN,0.307030000000001
Overcast,CNN,0.34517100000000056
Overcast,CNN,0.4104789999999987
Overcast,CNN,0.5405200000000008
Overcast,CNN,0.7632140000000014
Overcast,CNN,0.7033479999999983
Overcast,CNN,0.8334560000000018
Overcast,CNN,0.8180750000000003
Overcast,CNN,1.1322379999999974
Overcast,CNN,1.2288630000000005
Overcast,CNN,1.4976510000000012
Overcast,CNN,1.4308259999999997
Overcast,CNN,1.4414079999999991
Overcast,CNN,1.4126780000000014
Overcast,CNN,1.3608689999999992
Overcast,CNN,1.5178139999999996
Overcast,CNN,1.2356423000000003
Overcast,CNN,1.1912046000000003
Overcast,CNN,0.9068104999999997
Overcast,CNN,0.859286
Overcast,CNN,0.6246055000000001
Overcast,CNN,0.9731065000000001
Overcast,CNN,1.0053587
Overcast,CNN,1.2999476999999997
Overcast,CNN,1.3060580000000002
Overcast,CNN,1.4557929000000005
Overcast,CNN,1.4385886999999995
Overcast,CNN,1.5883880000000001
Overcast,CNN,1.5248439999999999
Overcast,CNN,1.5297260000000001
Overcast,CNN,1.1091359999999995
Overcast,CNN,1.199796000000001
Overcast,CNN,1.0364119999999986
Overcast,CNN,0.821664000000002
Overcast,CNN,0.6001419999999982
Overcast,CNN,0.5330300000000001
Overcast,CNN,0.42634900000000187
Overcast,CNN,0.21981299999999848
Overcast,CNN,0.03687700000000049
Overcast,CNN,0.01998700000000042
Overcast,CNN,0.10306599999999833
Overcast,CNN,0.012480000000000047
Overcast,CNN,0.3840369999999993
Overcast,CNN,0.283258
Overcast,CNN,0.21841300000000174
Overcast,CNN,0.2970499999999987
Overcast,CNN,0.4560820000000021
Overcast,CNN,0.5601199999999977
Overcast,CNN,0.7409999999999997
Overcast,CNN,0.8385210000000018
Overcast,CNN,1.0972409999999986
Overcast,CNN,1.0504829999999998
Overcast,CNN,1.1799760000000017
Overcast,CNN,1.0506639999999994
Overcast,CNN,1.469386
Overcast,CNN,1.4351819999999993
Overcast,CNN,1.4977853000000003
Overcast,CNN,1.4135407000000004
Overcast,CNN,1.0947152999999998
Overcast,CNN,1.0586070999999997
Overcast,CNN,0.9371157000000001
Overcast,CNN,0.9732523999999998
Overcast,CNN,1.2650753000000003
Overcast,CNN,1.2236313999999995
Overcast,CNN,1.4520659
Overcast,CNN,1.3768194000000005
Overcast,CNN,1.5551499999999994
Overcast,CNN,1.4913170000000004
Overcast,CNN,1.474665
Overcast,CNN,1.1239120000000007
Overcast,CNN,1.2160959999999985
Overcast,CNN,1.0290410000000012
Overcast,CNN,0.8387379999999993
Overcast,CNN,0.5644109999999998
Overcast,CNN,0.48576699999999917
Overcast,CNN,0.47375700000000265
Overcast,CNN,0.21663899999999714
Overcast,CNN,0.017970999999999293
Overcast,CNN,0.008003999999999678
Overcast,CNN,0.11877399999999838
Overcast,CNN,0.009085000000002452
Overcast,CNN,0.3563559999999981
Overcast,CNN,0.3246849999999988
Overcast,CNN,0.229495
Overcast,CNN,0.2951350000000019
Overcast,CNN,0.46846499999999835
Overcast,CNN,0.5366619999999998
Overcast,CNN,0.7616370000000003
Overcast,CNN,0.799374000000002
Overcast,CNN,1.1056029999999986
Overcast,CNN,1.0309990000000013
Overcast,CNN,1.134720999999999
Overcast,CNN,1.0987869999999997
Overcast,CNN,1.433097
Overcast,CNN,1.4307940000000006
Overcast,CNN,1.4961542999999997
Overcast,CNN,1.3978837000000004
Overcast,CNN,1.109026
Overcast,CNN,1.0736355
Overcast,CNN,0.9724200000000001
Overcast,CNN,0.9348998000000002
Overcast,CNN,1.2233886999999997
Overcast,CNN,1.1949123000000004
Overcast,CNN,1.4096599999999997
Overcast,CNN,1.321429000000001
Overcast,CNN,1.4819689999999994
Overcast,CNN,1.419962
Overcast,CNN,1.4387559999999997
Overcast,CNN,1.0468569999999993
Overcast,CNN,1.1305570000000014
Overcast,CNN,0.9688420000000004
Overcast,CNN,0.8230590000000007
Overcast,CNN,0.5945649999999993
Overcast,CNN,0.4447279999999978
Overcast,CNN,0.41441000000000017
Overcast,CNN,0.2337440000000015
Overcast,CNN,0.022490999999998706
Overcast,CNN,0.019429999999999836
Overcast,CNN,0.10357699999999781
Overcast,CNN,0.03540299999999874
Overcast,CNN,0.3930310000000006
Overcast,CNN,0.3139000000000003
Overcast,CNN,0.27760499999999766
Overcast,CNN,0.28267600000000215
Overcast,CNN,0.5222319999999989
Overcast,CNN,0.6074419999999989
Overcast,CNN,0.8185880000000019
Overcast,CNN,0.844142999999999
Overcast,CNN,1.1297120000000014
Overcast,CNN,1.017282999999999
Overcast,CNN,1.1649729999999998
Overcast,CNN,1.059025
Overcast,CNN,1.358811000000001
Overcast,CNN,1.3402429999999992
Overcast,CNN,1.4143103000000004
Overcast,CNN,1.2818547000000002
Overcast,CNN,0.9823556
Overcast,CNN,0.9146071999999998
Overcast,CNN,0.8908776
Overcast,CNN,0.8823262999999999
Overcast,CNN,1.2342842000000003
Overcast,CNN,1.2425045
Overcast,CNN,1.402088
Overcast,CNN,1.2159520000000006
Overcast,CNN,1.453455
Overcast,CNN,1.359686
Overcast,CNN,1.3171039999999987
Overcast,CNN,1.0607220000000002
Overcast,CNN,1.0099210000000003
Overcast,CNN,0.9183380000000003
Overcast,CNN,0.7093789999999984
Overcast,CNN,0.5520150000000008
Overcast,CNN,0.42530999999999963
Overcast,CNN,0.4474320000000027
Overcast,CNN,0.13456899999999905
Overcast,CNN,0.0010089999999998156
Overcast,CNN,0.0392860000000006
Overcast,CNN,0.11652000000000129
Overcast,CNN,0.020057000000001324
Overcast,CNN,0.38562900000000155
Overcast,CNN,0.3536989999999989
Overcast,CNN,0.17877400000000065
Overcast,CNN,0.3229830000000007
Overcast,CNN,0.44779700000000133
Overcast,CNN,0.5830899999999986
Overcast,CNN,0.7241509999999991
Overcast,CNN,0.7594580000000004
Overcast,CNN,1.0911460000000002
Overcast,CNN,0.9891059999999996
Overcast,CNN,1.1295070000000003
Overcast,CNN,0.9889039999999998
Overcast,CNN,1.3018040000000006
Overcast,CNN,1.422027
Overcast,CNN,1.3868989999999997
Overcast,CNN,1.3002960000000003
Overcast,CNN,0.9548303999999996
Overcast,CNN,0.8868741000000004
Overcast,CNN,0.8635573999999997
Overcast,CNN,0.9131491
Overcast,CNN,1.2420213000000002
Overcast,CNN,1.2276040000000004
Overcast,CNN,1.4461914999999994
Overcast,CNN,1.223405500000001
Overcast,CNN,1.4644679999999983
Overcast,CNN,1.4061770000000013
Overcast,CNN,1.331194
Overcast,CNN,1.0878164999999989
Overcast,CNN,1.1569625000000006
Overcast,CNN,0.9665510000000008
Overcast,CNN,0.794080000000001
Overcast,CNN,0.490200999999999
Overcast,CNN,0.5220780000000005
Overcast,CNN,0.5183909999999976
Overcast,CNN,0.19051100000000076
Overcast,CNN,0.06813800000000114
Overcast,CNN,0.07280500000000245
Overcast,CNN,0.1636000000000024
Overcast,CNN,0.044866000000002515
Overcast,CNN,0.4954850000000022
Overcast,CNN,0.3479390000000002
Overcast,CNN,0.24916400000000039
Overcast,CNN,0.39285099999999673
Overcast,CNN,0.45673400000000086
Overcast,CNN,0.6246489999999998
Overcast,CNN,0.7934920000000005
Overcast,CNN,0.7800039999999999
Overcast,CNN,1.2131450000000008
Overcast,CNN,0.9809989999999988
Overcast,CNN,1.1754470000000001
Overcast,CNN,0.880789
Overcast,CNN,1.3727274999999999
Overcast,CNN,1.4042869000000007
Overcast,CNN,1.2978129000000003
Overcast,CNN,1.2382263999999994
Overcast,CNN,0.8780743000000002
Overcast,CNN,0.8527423000000001
Overcast,CNN,0.8308797000000001
Overcast,CNN,0.8735298999999999
Overcast,CNN,1.0789141999999998
Overcast,CNN,1.1298496
Overcast,CNN,1.2786176999999999
Overcast,CNN,1.2792763000000003
Overcast,CNN,1.3016769999999998
Overcast,CNN,1.2824010000000001
Overcast,CNN,1.3480430000000005
Overcast,CNN,1.0910604999999993
Overcast,CNN,1.2555185000000009
Overcast,CNN,0.9489630000000009
Overcast,CNN,0.8976189999999988
Overcast,CNN,0.6210570000000004
Overcast,CNN,0.42588500000000096
Overcast,CNN,0.41389199999999704
Overcast,CNN,0.133459000000002
Overcast,CNN,0.024747999999998882
Overcast,CNN,0.03332800000000091
Overcast,CNN,0.27444500000000005
Overcast,CNN,0.24568199999999862
Overcast,CNN,0.3857309999999998
Overcast,CNN,0.4450189999999985
Overcast,CNN,0.22352200000000266
Overcast,CNN,0.34862899999999897
Overcast,CNN,0.452808000000001
Overcast,CNN,0.35978699999999897
Overcast,CNN,0.5605154999999993
Overcast,CNN,0.6858505000000008
Overcast,CNN,0.789655999999999
Overcast,CNN,0.7276000000000007
Overcast,CNN,0.9250980000000002
Overcast,CNN,1.058738
Overcast,CNN,1.0348170000000003
Overcast,CNN,1.4276160000000004
Overcast,CNN,1.457851999999999
Overcast,CNN,1.219544
Overcast,CNN,1.135612
Overcast,CNN,0.9499815000000003
Overcast,Ground Truth,1.3559882968666666
Overcast,Ground Truth,0.9469196242
Overcast,Ground Truth,0.3117908624666672
Overcast,Ground Truth,3.1773330711333325
Overcast,Ground Truth,0.05677524613333418
Overcast,Ground Truth,2.348869235399998
Overcast,Ground Truth,0.29987747246666885
Overcast,Ground Truth,4.464927307866667
Overcast,Ground Truth,1.6102565379999962
Overcast,Ground Truth,0.17764236800000255
Overcast,Ground Truth,0.7484956426666667
Overcast,Ground Truth,0.20393983599999999
Overcast,Ground Truth,2.799529503999999
Overcast,Ground Truth,0.01074840533333088
Overcast,Ground Truth,2.566509984666668
Overcast,Ground Truth,0.6216869313333309
Overcast,Ground Truth,1.8946607980000003
Overcast,Ground Truth,1.929521490666664
Overcast,Ground Truth,4.574783143333333
Overcast,Ground Truth,1.0310340053333356
Overcast,Ground Truth,0.4967479133333299
Overcast,Ground Truth,3.1733614259999996
Overcast,Ground Truth,4.983067190666663
Overcast,Ground Truth,1.221479956666668
Overcast,Ground Truth,1.0293555731333335
Overcast,Ground Truth,1.5945485724666675
Overcast,Ground Truth,0.5067598761999994
Overcast,Ground Truth,0.5479391976666665
Overcast,Ground Truth,0.13913142779999976
Overcast,Ground Truth,0.9205496746666668
Overcast,Ground Truth,0.5029925965333328
Overcast,Ground Truth,0.537419531066667
Overcast,Ground Truth,0.7728261269333334
Overcast,Ground Truth,0.07338738673333278
Overcast,Ground Truth,0.12761444820000012
Overcast,Ground Truth,0.22566853046666724
Overcast,Ground Truth,0.8479591526666663
Overcast,Ground Truth,0.5713117344
Overcast,Ground Truth,0.36297139633333364
Overcast,Ground Truth,0.10056326206666633
Overcast,Ground Truth,0.33786067200000036
Overcast,Ground Truth,0.5294770471333332
Overcast,Ground Truth,0.5859861057333333
Overcast,Ground Truth,0.09743063279999997
Overcast,Ground Truth,0.01579006699999999
Overcast,Ground Truth,0.002053792266666604
Overcast,Ground Truth,0.12530364646666659
Overcast,Ground Truth,1.2631022363333335
Overcast,Ground Truth,0.294937792933333
Overcast,Ground Truth,0.7118511616666672
Overcast,Ground Truth,1.0508828319333336
Overcast,Ground Truth,0.16833857800000018
Overcast,Ground Truth,0.28717911386666595
Overcast,Ground Truth,0.33023169086666715
Overcast,Ground Truth,0.20629701813333368
Overcast,Ground Truth,0.6858908924666667
Overcast,Ground Truth,1.0117560573999993
Overcast,Ground Truth,1.368203073333334
Overcast,Ground Truth,0.3953592503333332
Overcast,Ground Truth,0.5717761114666664
Overcast,Ground Truth,0.7101819654000003
Overcast,Ground Truth,0.5124481021333338
Overcast,Ground Truth,1.6466232323333334
Overcast,Ground Truth,0.6623116164000002
Overcast,Ground Truth,0.44371540459999936
Overcast,Ground Truth,0.33172094280000053
Overcast,Ground Truth,1.5923195986666667
Overcast,Ground Truth,0.6026859060666667
Overcast,Ground Truth,0.35111493253333337
Overcast,Ground Truth,0.3337091399333334
Overcast,Ground Truth,0.3396303552000002
Overcast,Ground Truth,0.10276391379999983
Overcast,Ground Truth,1.7307100137999998
Overcast,Ground Truth,1.0588122778
Overcast,Ground Truth,0.45481464413333317
Overcast,Ground Truth,0.1021822020666665
Overcast,Ground Truth,0.07085830620000033
Overcast,Ground Truth,1.1284353288000002
Overcast,Ground Truth,0.4886108947333334
Overcast,Ground Truth,0.3278862290000002
Overcast,Ground Truth,0.2810927326000001
Overcast,Ground Truth,1.2029993286666667
Overcast,Ground Truth,0.3342131212666667
Overcast,Ground Truth,0.17740882206666667
Overcast,Ground Truth,0.14289491426666667
Overcast,Ground Truth,0.045022076666666605
Overcast,Ground Truth,0.39490500019999997
Overcast,Ground Truth,0.7003764583333336
Overcast,Ground Truth,0.7976312070666665
Overcast,Ground Truth,0.8047818679333334
Overcast,Ground Truth,0.26500939579999994
Overcast,Ground Truth,0.8910583340666669
Overcast,Ground Truth,0.17877630740000017
Overcast,Ground Truth,0.6391720117999999
Overcast,Ground Truth,0.28156221660000025
Overcast,Ground Truth,1.0907072916000002
Overcast,Ground Truth,0.42323553439999984
Overcast,Ground Truth,0.5330067642666663
Overcast,Ground Truth,0.2976031057999995
Overcast,Ground Truth,0.2597079024666664
Overcast,Ground Truth,0.7292796320000008
Overcast,Ground Truth,0.7820930274666673
Overcast,Ground Truth,0.024746939466666618
Overcast,Ground Truth,2.872273007066667
Overcast,Ground Truth,0.7292184600666669
Overcast,Ground Truth,0.5406670388666672
Overcast,Ground Truth,0.5166308275333336
Overcast,Ground Truth,1.8030535258000002
Overcast,Ground Truth,1.0561464565333338
Overcast,Ground Truth,1.8662285893999995
Overcast,Ground Truth,0.6198570447333331
Overcast,Ground Truth,0.7608564970666665
Overcast,Ground Truth,2.3429653563999997
Overcast,Ground Truth,2.4211301096
Overcast,Ground Truth,1.4022460331333342
Overcast,Ground Truth,2.2069132722666662
Overcast,Ground Truth,1.04033671
Overcast,Ground Truth,2.276299440066664
Overcast,Ground Truth,4.088132750933337
Overcast,Ground Truth,0.932431271666669
Overcast,Ground Truth,1.418656025066669
Overcast,Ground Truth,3.1367609291999994
Overcast,Ground Truth,1.245762505200001
Overcast,Ground Truth,0.40713624853333386
Overcast,Ground Truth,1.181339764933333
Overcast,Ground Truth,0.5590913905999999
Overcast,Ground Truth,1.140985496
Overcast,Ground Truth,0.6555043302000001
Overcast,Ground Truth,0.6810540541999999
Overcast,Ground Truth,0.7200568879333334
Overcast,Ground Truth,0.9671127204000001
Overcast,Ground Truth,0.3644592530666664
Overcast,Ground Truth,0.48820169673333336
Overcast,Ground Truth,0.5236634709999999
Overcast,Ground Truth,2.5297924925333337
Overcast,Ground Truth,1.631336046533332
Overcast,Ground Truth,2.5307292246666657
Overcast,Ground Truth,0.03645283606666894
Overcast,Ground Truth,1.8330910772000006
Overcast,Ground Truth,3.1060825074666667
Overcast,Ground Truth,0.41918606066666797
Overcast,Ground Truth,1.7353792026666692
Overcast,Ground Truth,1.4415509386666638
Overcast,Ground Truth,2.1307534440000033
Overcast,Ground Truth,1.5476982840000026
Overcast,Ground Truth,1.291696871333336
Overcast,Ground Truth,0.5438749120000068
Overcast,Ground Truth,2.255856508666671
Overcast,Ground Truth,1.5708471846666647
Overcast,Ground Truth,4.724665902666661
Overcast,Ground Truth,0.30480692600000125
Overcast,Ground Truth,2.096899334666663
Overcast,Ground Truth,2.307619747999997
Overcast,Ground Truth,1.409594152000004
Overcast,Ground Truth,3.1217757826666706
Overcast,Ground Truth,5.739903426666665
Overcast,Ground Truth,1.8636123213333313
Overcast,Ground Truth,4.6749599873333345
Overcast,Ground Truth,1.179386332
Overcast,Ground Truth,0.8878423126666668
Overcast,Ground Truth,1.9305357666666652
Overcast,Ground Truth,1.9836753466666686
Overcast,Ground Truth,0.13708673533333027
Overcast,Ground Truth,1.705403660666665
Overcast,Ground Truth,3.349680001333329
Overcast,Ground Truth,1.1681859899999978
Overcast,Ground Truth,1.3664448606666681
Overcast,Ground Truth,1.369468610666667
Overcast,Ground Truth,0.4927273346666645
Overcast,Ground Truth,0.0169883860000013
Overcast,Ground Truth,1.3851544560000004
Overcast,Ground Truth,2.2688074819999997
Overcast,Ground Truth,0.312595516
Overcast,Ground Truth,1.2286745454666654
Overcast,Ground Truth,1.520852751333333
Overcast,Ground Truth,2.263106876600001
Overcast,Ground Truth,0.9665186212666663
Overcast,Ground Truth,0.5915376864666664
Overcast,Ground Truth,1.4556872570000006
Overcast,Ground Truth,0.7732787195999999
Overcast,Ground Truth,0.8063448728666665
Overcast,Ground Truth,0.5874400686000001
Overcast,Ground Truth,1.0954504994795446
Overcast,Ground Truth,1.3448574466072052
Overcast,Ground Truth,1.4284908677504817
Overcast,Ground Truth,1.1332326378807984
Overcast,Ground Truth,1.2617135089758342
Overcast,Ground Truth,1.28195871714074
Overcast,Ground Truth,1.148014368457586
Overcast,Ground Truth,1.1751820618974236
Overcast,Ground Truth,2.175604743388801
Overcast,Ground Truth,0.5000721163321789
Overcast,Ground Truth,1.6306986539965802
Overcast,Ground Truth,0.9999520435799951
Overcast,Ground Truth,1.1333567676294258
Overcast,Ground Truth,0.23995177081122776
Overcast,Ground Truth,0.47752134961464776
Overcast,Ground Truth,0.9245866956507882
Overcast,Ground Truth,0.2761587354644526
Overcast,Ground Truth,0.7533772654436888
Overcast,Ground Truth,0.5359932117475523
Overcast,Ground Truth,0.14224803529673835
Overcast,Ground Truth,1.4374876676299415
Overcast,Ground Truth,1.254035421898994
Overcast,Ground Truth,1.0772176918151182
Overcast,Ground Truth,0.08745346727973313
Overcast,Ground Truth,0.0029688729967993766
Overcast,Ground Truth,0.8948545804861894
Overcast,Ground Truth,0.03132898186485633
Overcast,Ground Truth,0.6151800301276751
Overcast,Ground Truth,0.4369516170587815
Overcast,Ground Truth,1.96971104976992
Overcast,Ground Truth,0.11877186637049064
Overcast,Ground Truth,1.445093345580979
Overcast,Ground Truth,0.0625418425381774
Overcast,Ground Truth,1.8546585431803653
Overcast,Ground Truth,0.023983239378347676
Overcast,Ground Truth,1.1308726902948507
Overcast,Ground Truth,1.8280496107612372
Overcast,Ground Truth,0.30106038807357116
Overcast,Ground Truth,1.2486215015884223
Overcast,Ground Truth,1.8534397574020822
Overcast,Ground Truth,1.4399090707236617
Overcast,Ground Truth,1.331236165365599
Overcast,Ground Truth,1.3598382195280188
Overcast,Ground Truth,1.2477569087993645
Overcast,Ground Truth,1.4037720907124784
Overcast,Ground Truth,1.0445504665675012
Overcast,Ground Truth,0.9780911745087187
Overcast,Ground Truth,1.1415678426417073
Overcast,Ground Truth,1.0986798813818028
Overcast,Ground Truth,1.5926739852439016
Overcast,Ground Truth,1.382560337134267
Overcast,Ground Truth,1.139522261609316
Overcast,Ground Truth,1.7100274119548855
Overcast,Ground Truth,0.47092872571105815
Overcast,Ground Truth,2.028674835517071
Overcast,Ground Truth,0.5311888469085861
Overcast,Ground Truth,0.9490109036526793
Overcast,Ground Truth,2.2752411297494497
Overcast,Ground Truth,1.4409064312863524
Overcast,Ground Truth,0.017720690070884615
Overcast,Ground Truth,0.6905954010041526
Overcast,Ground Truth,0.832797272114
Overcast,Ground Truth,0.9844802944958673
Overcast,Ground Truth,0.02700380291865656
Overcast,Ground Truth,1.1585744558160798
Overcast,Ground Truth,0.6887332691311556
Overcast,Ground Truth,0.78417742288784
Overcast,Ground Truth,0.5456187663788477
Overcast,Ground Truth,0.48957222088660046
Overcast,Ground Truth,0.39705837483230155
Overcast,Ground Truth,0.7111098291455775
Overcast,Ground Truth,0.7128763633507269
Overcast,Ground Truth,0.17475627386754766
Overcast,Ground Truth,0.3990036379539923
Overcast,Ground Truth,1.354763385246315
Overcast,Ground Truth,0.8631097883042855
Overcast,Ground Truth,0.9432842905858045
Overcast,Ground Truth,1.1784807894577227
Overcast,Ground Truth,1.8053515785062508
Overcast,Ground Truth,1.1120414078861174
Overcast,Ground Truth,0.569380136256946
Overcast,Ground Truth,1.4607878692895149
Overcast,Ground Truth,1.0283780309332755
Overcast,Ground Truth,0.5639392557972531
Overcast,Ground Truth,1.367100568643556
Overcast,Ground Truth,0.9104869928924604
Overcast,Ground Truth,2.147900444872514
Overcast,Ground Truth,0.8446650533243876
Overcast,Ground Truth,1.277808089445898
Overcast,Ground Truth,1.5711302932876237
Overcast,Ground Truth,1.236855642945228
Overcast,Ground Truth,1.3687265677953424
Overcast,Ground Truth,1.133648414594647
Overcast,Ground Truth,0.9193261330555269
Overcast,Ground Truth,1.0735374416421908
Overcast,Ground Truth,1.22747523351828
Overcast,Ground Truth,1.3694796704656973
Overcast,Ground Truth,1.232771972914552
Overcast,Ground Truth,1.4633590678589634
Overcast,Ground Truth,1.4218886924415823
Overcast,Ground Truth,1.595916548178943
Overcast,Ground Truth,0.73943769510438
Overcast,Ground Truth,1.912993952053954
Overcast,Ground Truth,0.7660426088122261
Overcast,Ground Truth,0.9661442543611916
Overcast,Ground Truth,0.8507954734623322
Overcast,Ground Truth,0.3442180614211825
Overcast,Ground Truth,1.354251915298061
Overcast,Ground Truth,1.7770714839484327
Overcast,Ground Truth,0.7134021860346671
Overcast,Ground Truth,0.23695447306913664
Overcast,Ground Truth,1.1054182077091426
Overcast,Ground Truth,0.7394532249504628
Overcast,Ground Truth,0.39572694025719457
Overcast,Ground Truth,0.5255647365543545
Overcast,Ground Truth,1.5186881919706217
Overcast,Ground Truth,1.1176319293221049
Overcast,Ground Truth,0.34643363296278196
Overcast,Ground Truth,0.35275617995793596
Overcast,Ground Truth,1.0653699946246817
Overcast,Ground Truth,1.1233964562007301
Overcast,Ground Truth,0.33774489627359117
Overcast,Ground Truth,1.0033386590600024
Overcast,Ground Truth,0.028905599666110504
Overcast,Ground Truth,1.2460689344158489
Overcast,Ground Truth,0.6783139332564474
Overcast,Ground Truth,0.6700710855038388
Overcast,Ground Truth,1.3646417213431405
Overcast,Ground Truth,1.742083829373886
Overcast,Ground Truth,1.2025973682998377
Overcast,Ground Truth,0.8169454125654863
Overcast,Ground Truth,0.9984393736932038
Overcast,Ground Truth,1.721744556429611
Overcast,Ground Truth,0.9917057669098295
Overcast,Ground Truth,1.3716340261347195
Overcast,Ground Truth,1.3179981483152003
Overcast,Ground Truth,1.2922065771086775
Overcast,Ground Truth,1.2691497300850427
Overcast,Ground Truth,1.3799389224166068
Overcast,Ground Truth,1.0403592811933637
Overcast,Ground Truth,0.9367735727411912
Overcast,Ground Truth,1.0574547892672366
Overcast,Ground Truth,1.2474656677111686
Overcast,Ground Truth,1.3063869426649606
Overcast,Ground Truth,1.2573764625334487
Overcast,Ground Truth,1.4052746541478616
Overcast,Ground Truth,0.5760283741486711
Overcast,Ground Truth,2.211748681643188
Overcast,Ground Truth,0.8766245103966277
Overcast,Ground Truth,1.9397690256718718
Overcast,Ground Truth,0.2685315499010823
Overcast,Ground Truth,1.522253364821168
Overcast,Ground Truth,0.3958575239160229
Overcast,Ground Truth,1.7108284245355367
Overcast,Ground Truth,0.925264248109471
Overcast,Ground Truth,0.19335478612132917
Overcast,Ground Truth,0.9504176069516248
Overcast,Ground Truth,1.1832375059171625
Overcast,Ground Truth,0.3203971657330307
Overcast,Ground Truth,0.6775930055205919
Overcast,Ground Truth,1.5938561184948128
Overcast,Ground Truth,1.2998323783938446
Overcast,Ground Truth,0.4324785193059846
Overcast,Ground Truth,0.06629392843377602
Overcast,Ground Truth,0.24316548531143312
Overcast,Ground Truth,1.3285328506528344
Overcast,Ground Truth,0.2782084111720735
Overcast,Ground Truth,0.2325791840051643
Overcast,Ground Truth,0.13711329347074042
Overcast,Ground Truth,1.3215892694434928
Overcast,Ground Truth,2.1494992411772564
Overcast,Ground Truth,0.12119351245070575
Overcast,Ground Truth,1.5164940800099167
Overcast,Ground Truth,0.33631705916399923
Overcast,Ground Truth,1.1203200112739182
Overcast,Ground Truth,1.185198058139111
Overcast,Ground Truth,0.8972122356596373
Overcast,Ground Truth,1.6384702928280248
Overcast,Ground Truth,1.2812154239863283
Overcast,Ground Truth,1.2462180279257442
Overcast,Ground Truth,0.8237967832016757
Overcast,Ground Truth,1.2965944438799282
Overcast,Ground Truth,1.6470808423570027
Overcast,Ground Truth,0.9545205350314419
Overcast,Ground Truth,1.531775778807066
Overcast,Ground Truth,1.1311239921462808
Overcast,Ground Truth,1.3133626295713554
Overcast,Ground Truth,1.0273476559601074
Overcast,Ground Truth,1.2675982029270219
Overcast,Ground Truth,1.3525034774183413
Overcast,Ground Truth,1.635194998040551
Overcast,Ground Truth,1.3142857197009397
Overcast,Ground Truth,1.103980151028014
Overcast,Ground Truth,1.086573440614357
Overcast,Ground Truth,0.9884493834946895
Overcast,Ground Truth,1.4941650014766878
Overcast,Ground Truth,1.0339389255375444
Overcast,Ground Truth,1.4731053133725869
Overcast,Ground Truth,0.8862847686588076
Overcast,Ground Truth,1.7270759463295438
Overcast,Ground Truth,0.0772802333072562
Overcast,Ground Truth,1.1376561829737497
Overcast,Ground Truth,0.8844662880860632
Overcast,Ground Truth,0.05753527952142434
Overcast,Ground Truth,0.319259988990904
Overcast,Ground Truth,0.7377699324375513
Overcast,Ground Truth,1.2755334708590809
Overcast,Ground Truth,0.16905751820072012
Overcast,Ground Truth,0.6352927254308973
Overcast,Ground Truth,1.462287231518708
Overcast,Ground Truth,0.3670276336629499
Overcast,Ground Truth,0.2309498007123807
Overcast,Ground Truth,1.379403920732102
Overcast,Ground Truth,0.17945866067641703
Overcast,Ground Truth,0.8827199503441818
Overcast,Ground Truth,0.17489787047155403
Overcast,Ground Truth,0.20041858756468045
Overcast,Ground Truth,0.9564115991309201
Overcast,Ground Truth,0.6355009445644733
Overcast,Ground Truth,0.41171131759715607
Overcast,Ground Truth,1.580951087896544
Overcast,Ground Truth,0.6730206199782369
Overcast,Ground Truth,1.9357163610808321
Overcast,Ground Truth,0.991537803591747
Overcast,Ground Truth,0.9775650138849947
Overcast,Ground Truth,0.6330766121171116
Overcast,Ground Truth,1.952677310235421
Overcast,Ground Truth,1.18067086634903
Overcast,Ground Truth,1.3699570715417888
Overcast,Ground Truth,1.2536994238958439
Overcast,Ground Truth,1.4374229043943414
Overcast,Ground Truth,1.1181325809452995
Overcast,Ground Truth,1.0690636337079285
Overcast,Ground Truth,0.5069297570666662
Overcast,Ground Truth,0.005382307666666364
Overcast,Ground Truth,0.8397434200666669
Overcast,Ground Truth,1.6948662955333336
Overcast,Ground Truth,0.28888388106666607
Overcast,Ground Truth,1.474625148866667
Overcast,Ground Truth,1.0065562177333325
Overcast,Ground Truth,0.2782738222000001
Overcast,Ground Truth,4.694529471133335
Overcast,Ground Truth,1.9442651139999985
Overcast,Ground Truth,0.5765102659999979
Overcast,Ground Truth,0.22920843200000007
Overcast,Ground Truth,0.9156746126666668
Overcast,Ground Truth,4.0135598759333355
Overcast,Ground Truth,2.6250504972666686
Overcast,Ground Truth,0.7081470660000022
Overcast,Ground Truth,3.1859039666666664
Overcast,Ground Truth,4.409834802666664
Overcast,Ground Truth,1.7507821700000026
Overcast,Ground Truth,0.062359719666666535
Overcast,Ground Truth,1.028832832333336
Overcast,Ground Truth,3.780251336600002
Overcast,Ground Truth,1.4906647108
Overcast,Ground Truth,1.0032638867333334
Overcast,Ground Truth,4.737354690066668
Overcast,Ground Truth,0.4902973394666663
Overcast,Ground Truth,5.0006516584
Overcast,Ground Truth,2.2734786610000017
Overcast,Ground Truth,0.3892944723999996
Overcast,Ground Truth,0.3600274200666669
Overcast,Ground Truth,0.1632768511333329
Overcast,Ground Truth,0.4554792823333331
Overcast,Ground Truth,1.0997982588666666
Overcast,Ground Truth,0.17577744439999998
Overcast,Ground Truth,1.2551987782
Overcast,Ground Truth,1.136278044666667
Overcast,Ground Truth,1.1802659443999994
Overcast,Ground Truth,1.2407493623333337
Overcast,Ground Truth,1.2551053254666664
Overcast,Ground Truth,1.3269334221333322
Overcast,Ground Truth,1.5026382068666688
Overcast,Ground Truth,1.1551312499333317
Overcast,Ground Truth,1.049433635733335
Overcast,Ground Truth,1.1946705319999982
Overcast,Ground Truth,0.9577082113333333
Overcast,Ground Truth,0.8275999346666669
Overcast,Ground Truth,0.21425095466666733
Overcast,Ground Truth,0.7473283006666698
Overcast,Ground Truth,0.4003287659999941
Overcast,Ground Truth,0.4538984793333345
Overcast,Ground Truth,1.1213638873333345
Overcast,Ground Truth,2.2574619433333343
Overcast,Ground Truth,0.4767534313333357
Overcast,Ground Truth,1.6808163906666653
Overcast,Ground Truth,2.5888436893333306
Overcast,Ground Truth,1.8903969326666648
Overcast,Ground Truth,1.937446399333334
Overcast,Ground Truth,1.794401176733336
Overcast,Ground Truth,2.2081321767333364
Overcast,Ground Truth,3.8236174575999993
Overcast,Ground Truth,0.4984871429333335
Overcast,Ground Truth,3.658565198133334
Overcast,Ground Truth,3.0744282945333365
Overcast,Ground Truth,1.5760462492000027
Overcast,Ground Truth,0.5535590045333318
Overcast,Ground Truth,3.463512751599999
Overcast,Ground Truth,0.4109463020666668
Overcast,Ground Truth,2.542906858866667
Overcast,Ground Truth,1.5256943986
Overcast,Ground Truth,1.2198189403999997
Overcast,Ground Truth,0.49181241880000015
Overcast,Ground Truth,0.10946349126666677
Overcast,Ground Truth,0.3000761884666666
Overcast,Ground Truth,0.19069601826666693
Overcast,Ground Truth,0.009125979866666745
Overcast,Ground Truth,1.3608159658666663
Overcast,Ground Truth,0.5017356057333331
Overcast,Ground Truth,0.5058710434000002
Overcast,Ground Truth,0.6190738222000003
Overcast,Ground Truth,0.7037774334000004
Overcast,Ground Truth,0.3572442956666668
Overcast,Ground Truth,1.3652028288666669
Overcast,Ground Truth,1.0834649589333338
Overcast,Ground Truth,1.0173619833333314
Overcast,Ground Truth,2.944000966599999
Overcast,Ground Truth,0.519835676533333
Overcast,Ground Truth,0.7348920331999995
Overcast,Ground Truth,0.6682311776666676
Overcast,Ground Truth,1.4985340044666677
Overcast,Ground Truth,0.3949116133333339
Overcast,Ground Truth,0.5164281866666665
Overcast,Ground Truth,0.4572762444666667
Overcast,Ground Truth,0.3250053734666669
Overcast,Ground Truth,1.4028835235333337
Overcast,Ground Truth,0.6430395156
Overcast,Ground Truth,0.4459423476666662
Overcast,Ground Truth,1.4826092655333332
Overcast,Ground Truth,0.7291229424666663
Overcast,Ground Truth,0.8147078390000002
Overcast,Ground Truth,0.25950751999999944
Overcast,Ground Truth,0.7007117868000001
Overcast,Ground Truth,0.7393648868666667
Overcast,Ground Truth,0.062140980533333307
Overcast,Ground Truth,0.3372446309333331
Overcast,Ground Truth,0.6435028567333336
Overcast,Ground Truth,1.6630974176666666
Overcast,Ground Truth,0.8856523235333333
Overcast,Ground Truth,0.40352523573333343
Overcast,Ground Truth,0.7107869710000001
Overcast,Ground Truth,1.4344743055333333
Overcast,Ground Truth,0.6850863932666662
Overcast,Ground Truth,0.6847375131999991
Overcast,Ground Truth,1.8740696989333334
Overcast,Ground Truth,1.9876656566000008
Overcast,Ground Truth,1.817248833333334
Overcast,Ground Truth,0.16262497439999946
Overcast,Ground Truth,0.25674143653333337
Overcast,Ground Truth,0.060099386666666366
Overcast,Ground Truth,1.1153880932666662
Overcast,Ground Truth,1.562691875533333
Overcast,Ground Truth,0.549262896733334
Overcast,Ground Truth,0.533708172266667
Overcast,Ground Truth,1.5445511177333326
Overcast,Ground Truth,3.498959218933334
Overcast,Ground Truth,1.0995384566666662
Overcast,Ground Truth,3.487864148866667
Overcast,Ground Truth,1.1390090378666669
Overcast,Ground Truth,0.8094066644666666
Overcast,Ground Truth,2.569805790133333
Overcast,Ground Truth,0.4828278639333333
Overcast,Ground Truth,0.1415287295333334
Overcast,Ground Truth,0.3612129144666665
Overcast,Ground Truth,0.07280067453333317
Overcast,Ground Truth,0.7773849108666667
Overcast,Ground Truth,0.6155909049333335
Overcast,Ground Truth,0.8521394812
Overcast,Ground Truth,0.14848670286666676
Overcast,Ground Truth,0.09514366853333334
Overcast,Ground Truth,0.06712184966666634
Overcast,Ground Truth,1.9214629629333326
Overcast,Ground Truth,0.03223567106666669
Overcast,Ground Truth,0.1840686653999999
Overcast,Ground Truth,0.9743638356000004
Overcast,Ground Truth,0.6017897213999992
Overcast,Ground Truth,1.7228932035333333
Overcast,Ground Truth,1.2703855788
Overcast,Ground Truth,0.9512947086666657
Overcast,Ground Truth,4.029013223799999
Overcast,Ground Truth,1.4158173905999982
Overcast,Ground Truth,3.3790932202000006
Overcast,Ground Truth,6.211909363533334
Overcast,Ground Truth,8.213751986666667
Overcast,Ground Truth,1.0043958302666667
Overcast,Ground Truth,0.0884629090666671
Overcast,Ground Truth,2.6911750794666665
Overcast,Ground Truth,0.6860093343333329
Overcast,Ground Truth,0.632506497733333
Overcast,Ground Truth,2.1421886812666666
Overcast,Ground Truth,0.4220359933333335
Overcast,Ground Truth,1.0631041398666672
Overcast,Ground Truth,0.2697520721333335
Overcast,Ground Truth,0.09552717453333281
Overcast,Ground Truth,0.1375271588666669
Overcast,Ground Truth,0.03787378099999961
Overcast,Ground Truth,0.07161720893333356
Overcast,Ground Truth,0.9763918856666665
Overcast,Ground Truth,1.6291310288666665
Overcast,Ground Truth,1.6961655121333337
Overcast,Ground Truth,1.9189444756
Overcast,Ground Truth,1.5886301615333327
Overcast,Ground Truth,1.419750838466669
Overcast,Ground Truth,1.374746133333332
Overcast,Ground Truth,1.246287565333331
Overcast,Ground Truth,1.1826542906666688
Overcast,Ground Truth,0.9788863120000002
Overcast,Ground Truth,0.854574298666666
Overcast,Ground Truth,0.8094579986666623
Overcast,Ground Truth,0.6449795006666719
Overcast,Ground Truth,0.5450572226666672
Overcast,Ground Truth,0.38971751133333044
Overcast,Ground Truth,0.23710586666667055
Overcast,Ground Truth,0.20066171199999872
Overcast,Ground Truth,0.14399637600000048
Overcast,Ground Truth,0.17544067800000107
Overcast,Ground Truth,0.0686681760000063
Overcast,Ground Truth,0.11962424599999721
Overcast,Ground Truth,0.4843053879999957
Overcast,Ground Truth,0.8368406900000025
Overcast,Ground Truth,3.7838644353333333
Overcast,Ground Truth,4.6371456372
Overcast,Ground Truth,2.9975513500666677
Overcast,Ground Truth,1.0374241834666673
Overcast,Ground Truth,0.05810936646666498
Overcast,Ground Truth,0.8318993365333327
Overcast,Ground Truth,0.7345668943333337
Overcast,Ground Truth,1.4972662099333336
Overcast,Ground Truth,1.0349421676000006
Overcast,Ground Truth,1.5011206343333336
Overcast,Ground Truth,3.2758701692666667
Overcast,Ground Truth,0.7147984380666667
Overcast,Ground Truth,1.5834331962000001
Overcast,Ground Truth,2.2012764854
Overcast,Ground Truth,2.0665674040666664
Overcast,Ground Truth,1.4357232046000004
Overcast,Ground Truth,3.5077579648666664
Overcast,Ground Truth,5.480004605066667
Overcast,Ground Truth,2.7527756784
Overcast,Ground Truth,1.3625304154666686
Overcast,Ground Truth,2.3962542782000007
Overcast,Ground Truth,1.3772964152666667
Overcast,Ground Truth,2.566772945266666
Overcast,Ground Truth,0.09843978126666464
Overcast,Ground Truth,0.5064078311333322
Overcast,Ground Truth,1.0954203000666665
Overcast,Ground Truth,0.819794370466667
Overcast,Ground Truth,2.399137963466667
Overcast,Ground Truth,6.222968967533332
Overcast,Ground Truth,4.560860230000001
Overcast,Ground Truth,4.5443869233333345
Overcast,Ground Truth,1.275312239866663
Overcast,Ground Truth,1.8711302177333362
Overcast,Ground Truth,1.8385629011999995
Overcast,Ground Truth,1.1154170050666679
Overcast,Ground Truth,0.49135316120000017
Overcast,Ground Truth,0.23606205093333266
Overcast,Ground Truth,0.4257660324000003
Overcast,Ground Truth,2.2527737036666675
Overcast,Ground Truth,1.0010996598000004
Overcast,Ground Truth,1.1772491262666658
Overcast,Ground Truth,0.8332887923333336
Overcast,Ground Truth,0.17302861040000006
Overcast,Ground Truth,0.17507898833333324
Overcast,Ground Truth,0.17326517613333337
Overcast,Ground Truth,0.01252362693333331
Overcast,Ground Truth,0.07431878219999988
Overcast,Ground Truth,0.09144210919999995
Overcast,Ground Truth,0.42679118559999996
Overcast,Ground Truth,0.4131383152
Overcast,Ground Truth,0.3103054415333337
Overcast,Ground Truth,0.5005996598666662
Overcast,Ground Truth,0.5385174272000002
Overcast,Ground Truth,0.03103711759999994
Overcast,Ground Truth,0.15380607906666688
Overcast,Ground Truth,0.06425078059999967
Overcast,Ground Truth,0.4567995728666667
Overcast,Ground Truth,0.3320706206666668
Overcast,Ground Truth,0.28158708513333286
Overcast,Ground Truth,0.9189854032000007
Overcast,Ground Truth,0.0328847675999997
Overcast,Ground Truth,0.07919040986666737
Overcast,Ground Truth,0.08596407460000144
Overcast,Ground Truth,0.3308250863999991
Overcast,Ground Truth,0.5887671315333334
Overcast,Ground Truth,0.058716689266666844
Overcast,Ground Truth,0.2969961144000006
Overcast,Ground Truth,1.141923520133333
Overcast,Ground Truth,0.5930006548000004
Overcast,Ground Truth,0.15378350313333322
Overcast,Ground Truth,1.0722003602000003
Overcast,Ground Truth,0.22785236519999996
Overcast,Ground Truth,0.3865139196666667
Overcast,Ground Truth,0.31406637626666667
Overcast,Ground Truth,0.6500723621999998
Overcast,Ground Truth,0.3264316962666667
Overcast,Ground Truth,0.12287052233333329
Overcast,Ground Truth,0.37358627980000003
Overcast,Ground Truth,0.8863389738666669
Overcast,Ground Truth,0.08017435886666613
Overcast,Ground Truth,0.09829305013333367
Overcast,Ground Truth,0.09777618433333313
Overcast,Ground Truth,0.6292516292666669
Overcast,Ground Truth,0.27397500246666673
Overcast,Ground Truth,0.5036101844
Overcast,Ground Truth,0.08200951413333335
Overcast,Ground Truth,0.1587862419999999
Overcast,Ground Truth,0.5386664705333335
Overcast,Ground Truth,0.5873703529333332
Overcast,Ground Truth,1.1955708671333332
Overcast,Ground Truth,0.7451074199333334
Overcast,Ground Truth,0.7777312627999997
Overcast,Ground Truth,1.6331207951333342
Overcast,Ground Truth,0.3598242272666665
Overcast,Ground Truth,3.525132352999999
Overcast,Ground Truth,0.6198470087333341
Overcast,Ground Truth,0.46019392693333394
Overcast,Ground Truth,0.8735328144666656
Overcast,Ground Truth,1.4408634504000002
Overcast,Ground Truth,2.0116489302
Overcast,Ground Truth,4.705520972666665
Overcast,Ground Truth,4.157334650666664
Overcast,Ground Truth,0.0004199339999999552
Overcast,Ground Truth,1.8919938526666655
Overcast,Ground Truth,2.102182934
Overcast,Ground Truth,3.06865856666667
Overcast,Ground Truth,5.1607170060000005
Overcast,Ground Truth,4.957824263999997
Overcast,Ground Truth,6.681161443999997
Overcast,Ground Truth,0.8204789380000079
Overcast,Ground Truth,0.3633488453333342
Overcast,Ground Truth,0.5459242386666681
Overcast,Ground Truth,0.4022990980000003
Overcast,Ground Truth,0.04838572066666913
Overcast,Ground Truth,3.0228339033333356
Overcast,Ground Truth,0.08323932000000056
Overcast,Ground Truth,1.5381667146666622
Overcast,Ground Truth,0.6859697459999978
Overcast,Ground Truth,0.7276376846666643
Overcast,Ground Truth,2.167154570000001
Overcast,Ground Truth,3.730010270666668
Overcast,Ground Truth,0.09030419933333533
Overcast,Ground Truth,2.017677058000004
Overcast,Ground Truth,2.183366229333334
Overcast,Ground Truth,2.966954880666666
Overcast,Ground Truth,0.33436814266666914
Overcast,Ground Truth,0.9757503913333316
Overcast,Ground Truth,0.16166255066666757
Overcast,Ground Truth,3.2478995092666665
Overcast,Ground Truth,4.261545782066667
Overcast,Ground Truth,1.1937315619333333
Overcast,Ground Truth,0.7617097256000003
Overcast,Ground Truth,0.5639036044666668
Overcast,Ground Truth,1.5075240183999996
Overcast,Ground Truth,0.5621428728666666
Overcast,Ground Truth,0.3124860324666666
Overcast,Ground Truth,0.3460289062666666
Overcast,Ground Truth,0.41073790526666687
Overcast,Ground Truth,0.3980326139999999
Overcast,Ground Truth,0.3373755476
Overcast,Ground Truth,0.26784405093333286
Overcast,Ground Truth,0.611308929333334
Overcast,Ground Truth,0.883255999866666
Overcast,Ground Truth,0.6479495866000007
Overcast,Ground Truth,1.6522202789999998
Overcast,Ground Truth,1.2675085034666669
Overcast,Ground Truth,4.327801231066666
Overcast,Ground Truth,2.750494939866666
Overcast,Ground Truth,5.646875235333335
Overcast,Ground Truth,1.3243219653333362
Overcast,Ground Truth,0.6067072613333373
Overcast,Ground Truth,1.1868466733333314
Overcast,Ground Truth,0.8232314986666687
Overcast,Ground Truth,0.3818750893333309
Overcast,Ground Truth,0.5879415533333336
Overcast,Ground Truth,0.38375956733333183
Overcast,Ground Truth,0.2842932673333358
Overcast,Ground Truth,0.3259901126666662
Overcast,Ground Truth,0.2573260440000027
Overcast,Ground Truth,0.26096735799999493
Overcast,Ground Truth,0.027577823333338358
Overcast,Ground Truth,0.01274393066666235
Overcast,Ground Truth,0.03793079333333438
Overcast,Ground Truth,0.012598028666669592
Overcast,Ground Truth,0.3966245153333361
Overcast,Ground Truth,0.40800362533333256
Overcast,Ground Truth,0.4920683166666642
Overcast,Ground Truth,0.3021447879999961
Overcast,Ground Truth,0.6777279206666726
Overcast,Ground Truth,0.5881613493333298
Overcast,Ground Truth,0.9631337560000013
Overcast,Ground Truth,1.0573405553333366
Overcast,Ground Truth,0.9956901553333317
Overcast,Ground Truth,1.068402471999999
Overcast,Ground Truth,1.2089313080000004
Overcast,Ground Truth,1.3137976580000004
Overcast,Ground Truth,1.327030473333334
Overcast,Ground Truth,1.5065040893333332
Overcast,Ground Truth,1.5757379894666652
Overcast,Ground Truth,1.6362544482000008
Overcast,Ground Truth,1.7388196619999992
Overcast,Ground Truth,1.6769128901333339
Overcast,Ground Truth,1.5950386721333336
Overcast,Ground Truth,1.2979591633999998
Overcast,Ground Truth,1.1595956929333333
Overcast,Ground Truth,0.6984946727333333
Overcast,Ground Truth,0.6118629395333333
Overcast,Ground Truth,0.5454731211333332
Overcast,Ground Truth,0.648144864
Overcast,Ground Truth,0.8297118750666668
Overcast,Ground Truth,1.2990087889999997
Overcast,Ground Truth,0.17240958006666762
Overcast,Ground Truth,1.1991614358666665
Overcast,Ground Truth,1.0756488065333327
Overcast,Ground Truth,0.05669356646666568
Overcast,Ground Truth,0.7527368239999994
Overcast,Ground Truth,1.6757518366666684
Overcast,Ground Truth,1.0981672504666626
Overcast,Ground Truth,4.435652705133336
Overcast,Ground Truth,1.4413695073333326
Overcast,Ground Truth,2.9702637153333313
Overcast,Ground Truth,5.017386679533329
Overcast,Ground Truth,3.8486780316666707
Overcast,Ground Truth,5.541520790533335
Overcast,Ground Truth,1.2604007068000005
Overcast,Ground Truth,0.3045376851999997
Overcast,Ground Truth,3.7278501279999965
Overcast,Ground Truth,6.713172080666663
Overcast,Ground Truth,2.8872665206666674
Overcast,Ground Truth,5.309787840666667
Overcast,Ground Truth,1.1268382545333342
Overcast,Ground Truth,1.4930326997999988
Overcast,Ground Truth,0.45714365993333317
Overcast,Ground Truth,0.576216839533334
Overcast,Ground Truth,2.2367997140666676
Overcast,Ground Truth,1.5178807658666669
Overcast,Ground Truth,1.9230472236000002
Overcast,Ground Truth,0.4392337993333326
Overcast,Ground Truth,5.186418367133333
Overcast,Ground Truth,2.3908990486000015
Overcast,Ground Truth,1.9948223492666655
Overcast,Ground Truth,2.491161553333334
Overcast,Ground Truth,2.420766879866666
Overcast,Ground Truth,0.6757857781333341
Overcast,Ground Truth,0.18260345099999942
Overcast,Ground Truth,1.9879730647333331
Overcast,Ground Truth,1.076257143799999
Overcast,Ground Truth,0.5954293283333332
Overcast,Ground Truth,0.3934356324000001
Overcast,Ground Truth,0.8914665067333338
Overcast,Ground Truth,1.3396904688666673
Overcast,Ground Truth,1.0760467084666665
Overcast,Ground Truth,0.12648149860000002
Overcast,Ground Truth,0.43404761160000005
Overcast,Ground Truth,1.1141257594666665
Overcast,Ground Truth,0.7138268628000002
Overcast,Ground Truth,0.6447842875999998
Overcast,Ground Truth,0.5727290185333331
Overcast,Ground Truth,0.8149758605333335
Overcast,Ground Truth,0.5884415557333336
Overcast,Ground Truth,1.0903304682666666
Overcast,Ground Truth,2.0994549265333333
Overcast,Ground Truth,0.12602940193333367
Overcast,Ground Truth,1.0764149025999998
Overcast,Ground Truth,0.42953536573333295
Overcast,Ground Truth,0.11956078266666559
Overcast,Ground Truth,0.23207033166666768
Overcast,Ground Truth,0.5714117025333341
Overcast,Ground Truth,0.803987804666666
Overcast,Ground Truth,0.016863711466666764
Overcast,Ground Truth,0.1495030977333336
Overcast,Ground Truth,0.15447022259999965
Overcast,Ground Truth,0.4993520762000001
Overcast,Ground Truth,1.6758678124666666
Overcast,Ground Truth,0.861210967666667
Overcast,Ground Truth,0.2444189208666674
Overcast,Ground Truth,0.3470415494666663
Overcast,Ground Truth,1.0370731072
Overcast,Ground Truth,1.4183488349999998
Overcast,Ground Truth,0.4216450183333329
Overcast,Ground Truth,0.39053477059999997
Overcast,Ground Truth,0.28995872153333346
Overcast,Ground Truth,0.04486567780000028
Overcast,Ground Truth,0.39728704086666733
Overcast,Ground Truth,0.3711123143333328
Overcast,Ground Truth,0.7913121639333331
Overcast,Ground Truth,0.7589699953999993
Overcast,Ground Truth,1.2205456128000005
Overcast,Ground Truth,2.2755599873333336
Overcast,Ground Truth,4.6870643984
Overcast,Ground Truth,0.25922017046666657
Overcast,Ground Truth,0.9137809426666665
Overcast,Ground Truth,0.22721176353333306
Overcast,Ground Truth,1.4628519474000004
Overcast,Ground Truth,0.5732001423999997
Overcast,Ground Truth,0.022759266400000255
Overcast,Ground Truth,0.17536338053333345
Overcast,Ground Truth,0.3506306189999999
Overcast,Ground Truth,0.5767403422
Overcast,Ground Truth,0.003648136399999946
Overcast,Ground Truth,0.4278227444
Overcast,Ground Truth,0.5076786405333333
Overcast,Ground Truth,0.4934932932666667
Overcast,Ground Truth,0.2691800718666666
Overcast,Ground Truth,0.5906918433333335
Overcast,Ground Truth,0.23959890006666684
Overcast,Ground Truth,0.26764752446666673
Overcast,Ground Truth,0.6522019632666666
Overcast,Ground Truth,1.081530711066667
Overcast,Ground Truth,1.4199629783999992
Overcast,Ground Truth,1.1537834425333342
Overcast,Ground Truth,1.150167097333333
Overcast,Ground Truth,1.7789643653333318
Overcast,Ground Truth,1.5448201009333342
Overcast,Ground Truth,1.4977137518666677
Overcast,Ground Truth,1.3985331773333307
Overcast,Ground Truth,1.378155580666668
Overcast,Ground Truth,1.2039336593333338
Overcast,Ground Truth,1.198487172666665
Overcast,Ground Truth,1.3803782500000032
Overcast,Ground Truth,0.9640081493333348
Overcast,Ground Truth,2.921587347333329
Overcast,Ground Truth,0.6913611466666687
Overcast,Ground Truth,0.3232117500000058
Overcast,Ground Truth,0.8251062759999925
Overcast,Ground Truth,0.40636885000000333
Overcast,Ground Truth,0.3481865886666675
Overcast,Ground Truth,0.11869654600000246
Overcast,Ground Truth,0.5707799926666652
Overcast,Ground Truth,0.023831540000003315
Overcast,Ground Truth,0.08852332133333718
Overcast,Ground Truth,0.008672691333330818
Overcast,Ground Truth,0.06471540266666409
Overcast,Ground Truth,0.34893818000000465
Overcast,Ground Truth,0.10538132933333344
Overcast,Ground Truth,0.24518020599999701
Overcast,Ground Truth,0.3849206346666705
Overcast,Ground Truth,0.48266842199999616
Overcast,Ground Truth,0.5504029240000001
Overcast,Ground Truth,0.6556841839999983
Overcast,Ground Truth,0.562591860666668
Overcast,Ground Truth,0.6384174793333379
Overcast,Ground Truth,0.8747901899999952
Overcast,Ground Truth,1.0541534613333319
Overcast,Ground Truth,1.1735382413333344
Overcast,Ground Truth,1.0602005506666643
Overcast,Ground Truth,1.2655847173333363
Overcast,Ground Truth,1.3379311433333338
Overcast,Ground Truth,1.4077994006666668
Overcast,Ground Truth,1.5092109910666682
Overcast,Ground Truth,1.5855584415333324
Overcast,Ground Truth,1.6034109411333333
Overcast,Ground Truth,1.5756667649999994
Overcast,Ground Truth,1.606164209133333
Overcast,Ground Truth,1.2012354675999999
Overcast,Ground Truth,0.9349164750666669
Overcast,Ground Truth,0.5986254794
Overcast,Ground Truth,0.14965627380000002
Overcast,Ground Truth,0.49847523260000004
Overcast,Ground Truth,0.7701848055333332
Overcast,Ground Truth,0.05363612040000021
Overcast,Ground Truth,0.589800796
Overcast,Ground Truth,3.9762207310666664
Overcast,Ground Truth,1.6359543652666666
Overcast,Ground Truth,1.570534269933332
Overcast,Ground Truth,1.4748030120000006
Overcast,Ground Truth,1.4647571163333346
Overcast,Ground Truth,1.3122251340000002
Overcast,Ground Truth,1.350296505333331
Overcast,Ground Truth,1.1288894946666677
Overcast,Ground Truth,1.1803785540000025
Overcast,Ground Truth,0.989013688
Overcast,Ground Truth,0.9470199019999974
Overcast,Ground Truth,0.892129778000001
Overcast,Ground Truth,0.9308740600000007
Overcast,Ground Truth,0.6585341926666679
Overcast,Ground Truth,0.559120287999999
Overcast,Ground Truth,0.4775483966666627
Overcast,Ground Truth,0.5708451533333374
Overcast,Ground Truth,0.5884958533333311
Overcast,Ground Truth,0.38793110399999975
Overcast,Ground Truth,2.2215952833333326
Overcast,Ground Truth,0.006917493999996083
Overcast,Ground Truth,0.9173565186666686
Overcast,Ground Truth,1.8074770486666694
Overcast,Ground Truth,0.22788774933333045
Overcast,Ground Truth,0.263880554
Overcast,Ground Truth,0.5045414153333319
Overcast,Ground Truth,0.2592986699999962
Overcast,Ground Truth,1.055757800000002
Overcast,Ground Truth,0.031165283333329796
Overcast,Ground Truth,2.6216796986666644
Overcast,Ground Truth,1.0184919993333352
Overcast,Ground Truth,0.7204455713333395
Overcast,Ground Truth,0.9264464773333287
Overcast,Ground Truth,1.0574353653333297
Overcast,Ground Truth,1.2034850526666698
Overcast,Ground Truth,1.2266554953333344
Overcast,Ground Truth,1.1856538433333323
Overcast,Ground Truth,1.3122459880000008
Overcast,Ground Truth,1.4037182785333329
Overcast,Ground Truth,1.5307821419999996
Overcast,Ground Truth,1.5322637680000009
Overcast,Ground Truth,1.5192225151333334
Overcast,Ground Truth,1.584494486933333
Overcast,Ground Truth,1.4287804955999994
Overcast,Ground Truth,1.2337821956666672
Overcast,Ground Truth,0.9402558658
Overcast,Ground Truth,0.5606507230000001
Overcast,Ground Truth,0.2269012266
Overcast,Ground Truth,0.28155608113333336
Overcast,Ground Truth,0.6696863125333335
Overcast,Ground Truth,1.059745899133333
Overcast,Ground Truth,1.2979903526666674
Overcast,Ground Truth,1.1761156575333325
Overcast,Ground Truth,1.4725777126000006
Overcast,Ground Truth,1.616681362533332
Overcast,Ground Truth,1.5207163663333354
Overcast,Ground Truth,1.4381214932000006
Overcast,Ground Truth,1.374090503999998
Overcast,Ground Truth,1.3159222386666674
Overcast,Ground Truth,1.2476231333333345
Overcast,Ground Truth,1.0422671519999973
Overcast,Ground Truth,0.9967724366666673
Overcast,Ground Truth,0.9119724359999992
Overcast,Ground Truth,0.8056984480000011
Overcast,Ground Truth,0.8272909293333335
Overcast,Ground Truth,0.7799731046666665
Overcast,Ground Truth,0.5984581566666698
Overcast,Ground Truth,0.32747892666666445
Overcast,Ground Truth,0.3278660733333325
Overcast,Ground Truth,0.3544552273333359
Overcast,Ground Truth,0.2276077706666655
Overcast,Ground Truth,0.2784035806666658
Overcast,Ground Truth,0.2511983986666664
Overcast,Ground Truth,0.06159518066666436
Overcast,Ground Truth,0.10756497533333587
Overcast,Ground Truth,0.042339348666669
Overcast,Ground Truth,0.22471915666666575
Overcast,Ground Truth,0.3283360219999949
Overcast,Ground Truth,0.42476110066667516
Overcast,Ground Truth,0.22283529199999563
Overcast,Ground Truth,0.6002597186666705
Overcast,Ground Truth,0.6013596966666626
Overcast,Ground Truth,0.6470917686666695
Overcast,Ground Truth,0.8027048966666612
Overcast,Ground Truth,1.0415706793333328
Overcast,Ground Truth,1.0017439126666687
Overcast,Ground Truth,1.096154347999999
Overcast,Ground Truth,1.1523918606666665
Overcast,Ground Truth,1.2622415173333348
Overcast,Ground Truth,1.3415412699999987
Overcast,Ground Truth,1.5203832058
Overcast,Ground Truth,1.5802566993333347
Overcast,Ground Truth,1.6359537001333342
Overcast,Ground Truth,1.5209970326666662
Overcast,Ground Truth,1.4449572635333334
Overcast,Ground Truth,1.3577902557333337
Overcast,Ground Truth,1.2386928124
Overcast,Ground Truth,0.8958558678666665
Overcast,Ground Truth,0.4979255315333333
Overcast,Ground Truth,0.41957459819999987
Overcast,Ground Truth,0.5834299040666668
Overcast,Ground Truth,0.8294920444666669
Overcast,Ground Truth,0.4382999612666665
Overcast,Ground Truth,0.6349848349333342
Overcast,Ground Truth,0.9534451804666659
Overcast,Ground Truth,0.8013279194666669
Overcast,Ground Truth,6.541235159866668
Overcast,Ground Truth,1.6450681239999998
Overcast,Ground Truth,1.2130868166666637
Overcast,Ground Truth,1.2178528560000004
Overcast,Ground Truth,1.062868066
Overcast,Ground Truth,1.006003296000003
Overcast,Ground Truth,0.8898509073333329
Overcast,Ground Truth,0.7634111533333332
Overcast,Ground Truth,0.7116384166666663
Overcast,Ground Truth,0.9034230900000004
Overcast,Ground Truth,0.5622491840000023
Overcast,Ground Truth,0.3949304886666667
Overcast,Ground Truth,0.5064131459999928
Overcast,Ground Truth,0.3340895393333412
Overcast,Ground Truth,0.2057278833333278
Overcast,Ground Truth,0.18511778266666923
Overcast,Ground Truth,0.11612633066666334
Overcast,Ground Truth,0.1289731786666728
Overcast,Ground Truth,0.15290246133333696
Overcast,Ground Truth,0.18128169533333605
Overcast,Ground Truth,0.23259636933332928
Overcast,Ground Truth,0.31827040266666984
Overcast,Ground Truth,0.25491704733333265
Overcast,Ground Truth,0.4301206133333366
Overcast,Ground Truth,0.5675334006666617
Overcast,Ground Truth,0.5960022013333379
Overcast,Ground Truth,0.7573785806666642
Overcast,Ground Truth,0.8237208046666673
Overcast,Ground Truth,0.8576320513333329
Overcast,Ground Truth,1.0567765919999985
Overcast,Ground Truth,1.0700405226666678
Overcast,Ground Truth,1.0803875826666633
Overcast,Ground Truth,1.3030973573333373
Overcast,Ground Truth,1.3209845119999972
Overcast,Ground Truth,1.4365789994666684
Overcast,Ground Truth,1.507448732666667
Overcast,Ground Truth,1.4863087433333302
Overcast,Ground Truth,1.5272706076666687
Overcast,Ground Truth,1.5644430261333335
Overcast,Ground Truth,1.3859171903333332
Overcast,Ground Truth,1.2055463170666663
Overcast,Ground Truth,0.8899206038000002
Overcast,Ground Truth,0.3031237509999999
Overcast,Ground Truth,0.7262568014000002
Overcast,Ground Truth,1.3100676046
Overcast,Ground Truth,1.3874350820666668
Overcast,Ground Truth,0.8772788657333335
Overcast,Ground Truth,0.9362761202666663
Overcast,Ground Truth,1.5293185128666664
Overcast,Ground Truth,1.4563074150666653
Overcast,Ground Truth,1.4657626291333372
Overcast,Ground Truth,1.363611621999997
Overcast,Ground Truth,1.259571828666667
Overcast,Ground Truth,1.2214884733333307
Overcast,Ground Truth,1.1272788926666717
Overcast,Ground Truth,0.9822763733333328
Overcast,Ground Truth,1.054628337999997
Overcast,Ground Truth,0.8393895566666707
Overcast,Ground Truth,0.7300543366666652
Overcast,Ground Truth,0.7513704073333294
Overcast,Ground Truth,0.7201807406666703
Overcast,Ground Truth,0.5396853146666665
Overcast,Ground Truth,0.34869925599999974
Overcast,Ground Truth,0.3416817366666649
Overcast,Ground Truth,0.37831730199999924
Overcast,Ground Truth,0.1834571593333365
Overcast,Ground Truth,0.04160156533333392
Overcast,Ground Truth,0.1714714980000025
Overcast,Ground Truth,0.051557084000005915
Overcast,Ground Truth,0.00212741066666311
Overcast,Ground Truth,0.14725358266667143
Overcast,Ground Truth,0.31961693933332924
Overcast,Ground Truth,0.5642681879999998
Overcast,Ground Truth,0.5338265179999979
Overcast,Ground Truth,1.6782843313333338
Overcast,Ground Truth,0.5378759913333333
Overcast,Ground Truth,0.6243694693333346
Overcast,Ground Truth,0.8529813573333378
Overcast,Ground Truth,0.8829731979999949
Overcast,Ground Truth,0.8623760186666658
Overcast,Ground Truth,0.9583815659999999
Overcast,Ground Truth,1.1522035033333342
Overcast,Ground Truth,1.320241012000002
Overcast,Ground Truth,1.4188088186666672
Overcast,Ground Truth,1.5329857007999959
Overcast,Ground Truth,1.4781884290666678
Overcast,Ground Truth,1.5269138644000018
Overcast,Ground Truth,1.648768375933333
Overcast,Ground Truth,1.5624021636666665
Overcast,Ground Truth,1.445887357533333
Overcast,Ground Truth,1.2299569376000001
Overcast,Ground Truth,0.7786696528
Overcast,Ground Truth,0.3219283928666667
Overcast,Ground Truth,1.6927765834000001
Overcast,Ground Truth,1.876645136133333
Overcast,Ground Truth,1.9721264451999994
Overcast,Ground Truth,1.3073802868666662
Overcast,Ground Truth,2.122954208466666
Overcast,Ground Truth,0.08467659120000093
Overcast,Ground Truth,2.4240986735999996
Overcast,Ground Truth,4.4229082888
Overcast,Ground Truth,1.1721442367999995
Overcast,Ground Truth,0.9941915936666663
Overcast,Ground Truth,5.4649981065999995
Overcast,Ground Truth,5.431554197400002
Overcast,Ground Truth,3.0460118295333327
Overcast,Ground Truth,4.8368445661333315
Overcast,Ground Truth,3.6912970021333305
Overcast,Ground Truth,2.7940828833333313
Overcast,Ground Truth,0.8372065820000003
Overcast,Ground Truth,1.0818105620000011
Overcast,Ground Truth,0.4094143126666694
Overcast,Ground Truth,0.7295091480000053
Overcast,Ground Truth,0.1592022586666637
Overcast,Ground Truth,0.4089104506666672
Overcast,Ground Truth,0.08792489133333348
Overcast,Ground Truth,0.1628851566666647
Overcast,Ground Truth,0.02590905533333654
Overcast,Ground Truth,0.007431051333341543
Overcast,Ground Truth,0.1804110826666694
Overcast,Ground Truth,0.09200391066666924
Overcast,Ground Truth,0.1504706026666618
Overcast,Ground Truth,0.3659462486666669
Overcast,Ground Truth,0.560571008666674
Overcast,Ground Truth,0.6155547199999951
Overcast,Ground Truth,0.6062543286666653
Overcast,Ground Truth,0.6587520826666697
Overcast,Ground Truth,0.8843503879999979
Overcast,Ground Truth,0.9642131359999979
Overcast,Ground Truth,0.9422255640000046
Overcast,Ground Truth,1.109972499999996
Overcast,Ground Truth,1.2375994646666708
Overcast,Ground Truth,1.3314817479999999
Overcast,Ground Truth,1.451019262666664
Overcast,Ground Truth,1.4228360376666664
Overcast,Ground Truth,1.4473938702666675
Overcast,Ground Truth,1.5067649051999998
Overcast,Ground Truth,1.5818707032666666
Overcast,Ground Truth,1.4634343699333328
Overcast,Ground Truth,1.3666728260666674
Overcast,Ground Truth,1.4555935851333333
Overcast,Ground Truth,0.31849855693333334
Overcast,Ground Truth,0.6422628432666668
Overcast,Ground Truth,0.8405592640666664
Overcast,Ground Truth,1.2227984518666668
Overcast,Ground Truth,1.3252889569333335
Overcast,Ground Truth,1.4143305898000005
Overcast,Ground Truth,1.5904387991999993
Overcast,Ground Truth,1.4884579233333364
Overcast,Ground Truth,1.4186474283333315
Overcast,Ground Truth,1.3635800852666637
Overcast,Ground Truth,1.317891033333332
Overcast,Ground Truth,1.2253222733333384
Overcast,Ground Truth,1.1016013826666669
Overcast,Ground Truth,1.0651335439999983
Overcast,Ground Truth,0.9867480759999978
Overcast,Ground Truth,0.7985905386666659
Overcast,Ground Truth,0.7275217660000024
Overcast,Ground Truth,0.6598775739999994
Overcast,Ground Truth,0.6376917026666682
Overcast,Ground Truth,0.4679800213333323
Overcast,Ground Truth,0.3551540853333357
Overcast,Ground Truth,0.25294237799999664
Overcast,Ground Truth,0.3261028886666679
Overcast,Ground Truth,0.09764412199999839
Overcast,Ground Truth,0.10923965666667002
Overcast,Ground Truth,0.019570157333326677
Overcast,Ground Truth,0.009279666666660802
Overcast,Ground Truth,0.12660586199999813
Overcast,Ground Truth,0.12383117733333648
Overcast,Ground Truth,0.2806768806666682
Overcast,Ground Truth,0.36586214266666417
Overcast,Ground Truth,0.489714789333334
Overcast,Ground Truth,0.5265418946666678
Overcast,Ground Truth,0.7289793806666651
Overcast,Ground Truth,0.8517912833333341
Overcast,Ground Truth,0.7732356186666642
Overcast,Ground Truth,0.7863589960000041
Overcast,Ground Truth,1.0278245899999998
Overcast,Ground Truth,1.101873886
Overcast,Ground Truth,1.2512293513333308
Overcast,Ground Truth,1.2583975966666667
Overcast,Ground Truth,1.3949415740000024
Overcast,Ground Truth,1.4552558470666632
Overcast,Ground Truth,1.4656818162000018
Overcast,Ground Truth,1.540610477333333
Overcast,Ground Truth,1.5316301713333331
Overcast,Ground Truth,1.4615156792000001
Overcast,Ground Truth,1.360127981866667
Overcast,Ground Truth,1.1251297668
Overcast,Ground Truth,0.8069873706666668
Overcast,Ground Truth,1.3640782338666666
Overcast,Ground Truth,1.4975587683333336
Overcast,Ground Truth,1.5131879633333334
Overcast,Ground Truth,1.5064889288000005
Overcast,Ground Truth,1.5063466763999998
Overcast,Ground Truth,1.4709878454666665
Overcast,Ground Truth,1.350964711266668
Overcast,Ground Truth,1.2505306493333315
Overcast,Ground Truth,1.1766093626666674
Overcast,Ground Truth,1.0415194859999986
Overcast,Ground Truth,0.9268645866666692
Overcast,Ground Truth,0.8581618286666668
Overcast,Ground Truth,0.7645221053333309
Overcast,Ground Truth,0.5831935040000005
Overcast,Ground Truth,0.4740709813333339
Overcast,Ground Truth,0.39420099799999875
Overcast,Ground Truth,0.3242027613333356
Overcast,Ground Truth,0.31472547866666645
Overcast,Ground Truth,0.12018794266666077
Overcast,Ground Truth,0.05136936200000264
Overcast,Ground Truth,0.025688081999998502
Overcast,Ground Truth,0.03784273666666493
Overcast,Ground Truth,0.1949236766666651
Overcast,Ground Truth,0.22030749333333688
Overcast,Ground Truth,0.41792274133333507
Overcast,Ground Truth,0.5837792039999989
Overcast,Ground Truth,0.6238808459999987
Overcast,Ground Truth,0.794669793333334
Overcast,Ground Truth,0.638841104666664
Overcast,Ground Truth,0.9328522100000036
Overcast,Ground Truth,1.0930322706666633
Overcast,Ground Truth,1.2244215433333316
Overcast,Ground Truth,1.15677826466667
Overcast,Ground Truth,1.3955080800000008
Overcast,Ground Truth,1.5662317417333345
Overcast,Ground Truth,1.563281592466664
Overcast,Ground Truth,1.6118880536000004
Overcast,Ground Truth,2.075721114800001
Overcast,Ground Truth,2.275313389799999
Overcast,Ground Truth,1.3480372408666668
Overcast,Ground Truth,1.5069739099999997
Overcast,Ground Truth,1.537212896333334
Overcast,Ground Truth,1.5821106334000001
Overcast,Ground Truth,1.5139935006666656
Overcast,Ground Truth,1.469974054933333
Overcast,Ground Truth,1.3157113504666693
Overcast,Ground Truth,1.197271967999999
Overcast,Ground Truth,1.083345306666665
Overcast,Ground Truth,1.0233990120000023
Overcast,Ground Truth,0.927157428666666
Overcast,Ground Truth,0.7688413626666666
Overcast,Ground Truth,0.6972791573333303
Overcast,Ground Truth,0.6104986013333331
Overcast,Ground Truth,0.5694495213333362
Overcast,Ground Truth,0.2947876026666698
Overcast,Ground Truth,0.39145145333333176
Overcast,Ground Truth,0.30255385399999923
Overcast,Ground Truth,0.25159740133332775
Overcast,Ground Truth,0.07462440133332748
Overcast,Ground Truth,0.0008952886666726556
Overcast,Ground Truth,0.013210141333328096
Overcast,Ground Truth,0.15025613733333643
Overcast,Ground Truth,0.4872665179999984
Overcast,Ground Truth,0.35744693999999555
Overcast,Ground Truth,0.2879677073333369
Overcast,Ground Truth,0.7633886973333333
Overcast,Ground Truth,0.7536221066666684
Overcast,Ground Truth,0.798274367333331
Overcast,Ground Truth,0.8802574233333349
Overcast,Ground Truth,0.9846177933333333
Overcast,Ground Truth,1.0791944680000007
Overcast,Ground Truth,1.352118030666663
Overcast,Ground Truth,1.4242674702000002
Overcast,Ground Truth,1.5443005344000014
Overcast,Ground Truth,1.556255357066667
Overcast,Ground Truth,1.7080022908666672
Overcast,Ground Truth,2.672309066999999
Overcast,Ground Truth,1.5118275210666667
Overcast,Ground Truth,1.2925697539333334
Overcast,Ground Truth,1.4461367913999994
Overcast,Ground Truth,1.481881357733334
Overcast,Ground Truth,1.5319687205999992
Overcast,Ground Truth,1.5279306176
Overcast,Ground Truth,1.390008677600001
Overcast,Ground Truth,1.3152373387333327
Overcast,Ground Truth,1.2394766960000005
Overcast,Ground Truth,1.0578293893333317
Overcast,Ground Truth,0.9848649853333367
Overcast,Ground Truth,1.001551308666663
Overcast,Ground Truth,0.7949452620000024
Overcast,Ground Truth,0.6711678093333333
Overcast,Ground Truth,0.5843205873333304
Overcast,Ground Truth,0.5474232493333311
Overcast,Ground Truth,0.6455954466666718
Overcast,Ground Truth,0.31908072066666193
Overcast,Ground Truth,0.2033498513333356
Overcast,Ground Truth,0.009375369333330497
Overcast,Ground Truth,0.03942026933333409
Overcast,Ground Truth,0.20500423933333423
Overcast,Ground Truth,0.008091958666661014
Overcast,Ground Truth,0.2546937559999982
Overcast,Ground Truth,0.1954802473333359
Overcast,Ground Truth,0.6234058246666692
Overcast,Ground Truth,0.4851405766666659
Overcast,Ground Truth,0.6669469313333316
Overcast,Ground Truth,0.737098064666668
Overcast,Ground Truth,0.6879839199999989
Overcast,Ground Truth,0.9201239453333336
Overcast,Ground Truth,1.074517856
Overcast,Ground Truth,1.2030254413333346
Overcast,Ground Truth,1.3473978453333313
Overcast,Ground Truth,1.377151467866664
Overcast,Ground Truth,1.354378619200002
Overcast,Ground Truth,1.5203368684000012
Overcast,Ground Truth,1.677888991533333
Overcast,Ground Truth,2.102501096733333
Overcast,Ground Truth,1.8649180086666672
Overcast,Ground Truth,1.2898054510666668
Overcast,Ground Truth,1.5146374673999996
Overcast,Ground Truth,1.5251971708000003
Overcast,Ground Truth,1.4427649176666675
Overcast,Ground Truth,1.5356581681333328
Overcast,Ground Truth,1.4022900793333335
Overcast,Ground Truth,1.3560804219333313
Overcast,Ground Truth,1.2402029013333369
Overcast,Ground Truth,1.1301284779999996
Overcast,Ground Truth,1.0399666679999982
Overcast,Ground Truth,0.93398878
Overcast,Ground Truth,0.8704635440000015
Overcast,Ground Truth,0.779999507999996
Overcast,Ground Truth,0.5647894680000043
Overcast,Ground Truth,0.49171041800000026
Overcast,Ground Truth,0.385811380666663
Overcast,Ground Truth,0.4832925839999973
Overcast,Ground Truth,0.18343361800000224
Overcast,Ground Truth,0.07133547266666795
Overcast,Ground Truth,0.01974469133333301
Overcast,Ground Truth,0.0625004713333368
Overcast,Ground Truth,0.16290603400000236
Overcast,Ground Truth,0.4289273886666649
Overcast,Ground Truth,0.33688569133333246
Overcast,Ground Truth,0.3345920800000002
Overcast,Ground Truth,0.402589259333336
Overcast,Ground Truth,0.661134713333329
Overcast,Ground Truth,0.6838444226666702
Overcast,Ground Truth,0.766851012
Overcast,Ground Truth,0.9887396053333308
Overcast,Ground Truth,1.1661189306666682
Overcast,Ground Truth,1.0508691033333317
Overcast,Ground Truth,1.1002347200000013
Overcast,Ground Truth,1.3400733183333333
Overcast,Ground Truth,1.450336245999999
Overcast,Ground Truth,1.6332748131333341
Overcast,Ground Truth,1.7244353210666663
Overcast,Ground Truth,1.9610641089999996
Overcast,Ground Truth,2.1642929281333334
Overcast,Ground Truth,1.1302944291333337
Overcast,Ground Truth,2.0499650673333325
Overcast,Ground Truth,1.5155931350666663
Overcast,Ground Truth,1.3792130577333337
Overcast,Ground Truth,1.6617372379333357
Overcast,Ground Truth,1.3527554650666644
Overcast,Ground Truth,1.3191780053333346
Overcast,Ground Truth,1.20252114
Overcast,Ground Truth,1.0988599533333332
Overcast,Ground Truth,1.0048052739999989
Overcast,Ground Truth,0.9735699586666673
Overcast,Ground Truth,0.6842903073333346
Overcast,Ground Truth,0.7521693919999954
Overcast,Ground Truth,0.5348766140000052
Overcast,Ground Truth,0.49568870399999554
Overcast,Ground Truth,0.43589469133333836
Overcast,Ground Truth,0.24875809399999937
Overcast,Ground Truth,0.01804584733332959
Overcast,Ground Truth,0.13766859866666792
Overcast,Ground Truth,0.48946636333333515
Overcast,Ground Truth,0.030450610000002598
Overcast,Ground Truth,0.09405056266666278
Overcast,Ground Truth,0.31036172399999984
Overcast,Ground Truth,0.4340990253333352
Overcast,Ground Truth,0.45982968466666563
Overcast,Ground Truth,0.34919741933333626
Overcast,Ground Truth,0.5528248113333305
Overcast,Ground Truth,0.6004907399999979
Overcast,Ground Truth,0.8409677793333348
Overcast,Ground Truth,0.9437740526666634
Overcast,Ground Truth,1.1801822966666702
Overcast,Ground Truth,1.407093245333332
Overcast,Ground Truth,1.8882364833333352
Overcast,Ground Truth,1.0577558526666664
Overcast,Ground Truth,1.5609302967999987
Overcast,Ground Truth,1.3505300852666657
Overcast,Ground Truth,1.6195688184000012
Overcast,Ground Truth,1.9118996837333335
Overcast,Ground Truth,1.871729623066667
Overcast,Ground Truth,1.2822018359999998
Overcast,Ground Truth,1.2480222952666664
Overcast,Ground Truth,0.9872083301333334
Overcast,Ground Truth,1.4962947369333328
Overcast,Ground Truth,1.9429765706
Overcast,Ground Truth,1.8325887579333324
Overcast,Ground Truth,1.4983865714666678
Overcast,Ground Truth,1.2936256306666678
Overcast,Ground Truth,1.050837122666664
Overcast,Ground Truth,1.0030003253333337
Overcast,Ground Truth,0.9836880046666678
Overcast,Ground Truth,0.8956220633333327
Overcast,Ground Truth,0.7357886553333337
Overcast,Ground Truth,0.635755515333333
Overcast,Ground Truth,0.5118085453333308
Overcast,Ground Truth,0.5270810560000037
Overcast,Ground Truth,0.4714376026666649
Overcast,Ground Truth,0.2280155926666687
Overcast,Ground Truth,0.0768488860000005
Overcast,Ground Truth,0.06093702866666817
Overcast,Ground Truth,0.17303206866666798
Overcast,Ground Truth,0.22252040533333428
Overcast,Ground Truth,0.31367080466666764
Overcast,Ground Truth,0.32335715533332987
Overcast,Ground Truth,0.4060054780000044
Overcast,Ground Truth,0.5342025806666655
Overcast,Ground Truth,0.6907545446666674
Overcast,Ground Truth,0.5880073780000004
Overcast,Ground Truth,0.9530875199999986
Overcast,Ground Truth,1.042266247999999
Overcast,Ground Truth,1.1018367966666673
Overcast,Ground Truth,0.9526429706666661
Overcast,Ground Truth,1.2535809346666689
Overcast,Ground Truth,1.6625440927999993
Overcast,Ground Truth,1.3978247961999983
Overcast,Ground Truth,1.5483818487333334
Overcast,Ground Truth,1.9561910969999996
Overcast,Ground Truth,2.142240680800001
Overcast,Ground Truth,1.7673968800666664
Overcast,LSTM,1.2936003
Overcast,LSTM,1.1982591
Overcast,LSTM,1.7213972000000002
Overcast,LSTM,1.2773024
Overcast,LSTM,2.113447
Overcast,LSTM,1.5213160000000006
Overcast,LSTM,2.0009109999999986
Overcast,LSTM,1.5971280000000014
Overcast,LSTM,1.523712999999999
Overcast,LSTM,1.2851459999999992
Overcast,LSTM,1.4550210000000021
Overcast,LSTM,1.229609
Overcast,LSTM,1.4653069999999992
Overcast,LSTM,0.8638720000000006
Overcast,LSTM,1.1611119999999993
Overcast,LSTM,0.6223470000000013
Overcast,LSTM,0.24277099999999763
Overcast,LSTM,0.29632900000000006
Overcast,LSTM,0.12715799999999788
Overcast,LSTM,0.16953200000000024
Overcast,LSTM,0.13040400000000218
Overcast,LSTM,0.6118479999999984
Overcast,LSTM,0.39542800000000256
Overcast,LSTM,0.42806199999999706
Overcast,LSTM,0.7811490000000028
Overcast,LSTM,0.6846129999999988
Overcast,LSTM,0.7541650000000004
Overcast,LSTM,0.6868349999999985
Overcast,LSTM,1.295729999999999
Overcast,LSTM,1.0759870000000014
Overcast,LSTM,1.0411870000000008
Overcast,LSTM,1.120806
Overcast,LSTM,1.4896390000000004
Overcast,LSTM,1.3579029999999985
Overcast,LSTM,1.4693010000000015
Overcast,LSTM,1.5768769999999996
Overcast,LSTM,1.9472522999999997
Overcast,LSTM,1.9206547
Overcast,LSTM,1.2303233000000002
Overcast,LSTM,1.2758068999999996
Overcast,LSTM,1.1230617999999999
Overcast,LSTM,0.82203
Overcast,LSTM,0.2644308000000001
Overcast,LSTM,0.5014971399999999
Overcast,LSTM,0.2464365500000001
Overcast,LSTM,0.6696091000000001
Overcast,LSTM,0.7062305
Overcast,LSTM,1.4639346999999998
Overcast,LSTM,1.2984850000000003
Overcast,LSTM,1.9612884999999993
Overcast,LSTM,1.6941300000000012
Overcast,LSTM,1.8380189999999992
Overcast,LSTM,1.5475290000000008
Overcast,LSTM,1.9000309999999985
Overcast,LSTM,1.407318
Overcast,LSTM,1.7693000000000012
Overcast,LSTM,0.9905629999999981
Overcast,LSTM,0.9031200000000013
Overcast,LSTM,0.6477199999999996
Overcast,LSTM,0.019515999999999423
Overcast,LSTM,0.030466000000000548
Overcast,LSTM,0.5075140000000005
Overcast,LSTM,0.4413269999999976
Overcast,LSTM,0.6341500000000018
Overcast,LSTM,0.9559670000000011
Overcast,LSTM,0.6495319999999971
Overcast,LSTM,0.8976750000000013
Overcast,LSTM,0.8365729999999996
Overcast,LSTM,0.919398000000001
Overcast,LSTM,0.670947
Overcast,LSTM,0.5240720000000003
Overcast,LSTM,1.2194329999999987
Overcast,LSTM,0.9645100000000006
Overcast,LSTM,0.7923764999999996
Overcast,LSTM,0.8335764999999995
Overcast,LSTM,0.9722845000000007
Overcast,LSTM,0.8872685000000002
Overcast,LSTM,1.0985923
Overcast,LSTM,0.9883680000000004
Overcast,LSTM,1.1188571999999994
Overcast,LSTM,1.3572311000000004
Overcast,LSTM,0.7632610999999998
Overcast,LSTM,0.7903845
Overcast,LSTM,0.58028662
Overcast,LSTM,0.18221918
Overcast,LSTM,0.0
Overcast,LSTM,0.11058029999999985
Overcast,LSTM,0.2624139999999999
Overcast,LSTM,0.14684629999999999
Overcast,LSTM,0.2785894
Overcast,LSTM,0.1289203000000001
Overcast,LSTM,0.33690580000000014
Overcast,LSTM,0.04788119999999996
Overcast,LSTM,0.3337084
Overcast,LSTM,0.0001835000000000031
Overcast,LSTM,0.1028232
Overcast,LSTM,0.3953612000000001
Overcast,LSTM,0.9419063999999999
Overcast,LSTM,1.01899
Overcast,LSTM,1.273332
Overcast,LSTM,1.626011
Overcast,LSTM,1.2628316999999996
Overcast,LSTM,1.3932113000000008
Overcast,LSTM,1.5927179999999996
Overcast,LSTM,1.0560530000000004
Overcast,LSTM,1.0023359999999997
Overcast,LSTM,1.085253999999999
Overcast,LSTM,0.24268400000000057
Overcast,LSTM,0.013346000000000302
Overcast,LSTM,0.22840099999999985
Overcast,LSTM,0.32979299999999867
Overcast,LSTM,0.4043460000000003
Overcast,LSTM,1.0437159999999999
Overcast,LSTM,0.7606560000000009
Overcast,LSTM,1.2304685000000006
Overcast,LSTM,1.0957805
Overcast,LSTM,0.7922429999999991
Overcast,LSTM,1.1740306
Overcast,LSTM,0.9664716999999996
Overcast,LSTM,0.4774580000000004
Overcast,LSTM,0.29322099999999995
Overcast,LSTM,0.17460569999999986
Overcast,LSTM,0.4305802999999999
Overcast,LSTM,0.3133836000000003
Overcast,LSTM,0.024082700000000123
Overcast,LSTM,0.31984259999999987
Overcast,LSTM,0.2899859
Overcast,LSTM,0.27706050000000015
Overcast,LSTM,0.49762249999999986
Overcast,LSTM,0.12449343000000002
Overcast,LSTM,0.43708154
Overcast,LSTM,0.47065953000000005
Overcast,LSTM,0.4156580000000001
Overcast,LSTM,0.7798135999999998
Overcast,LSTM,0.7079683999999999
Overcast,LSTM,0.9649616000000005
Overcast,LSTM,0.8178389999999993
Overcast,LSTM,0.7588509999999999
Overcast,LSTM,0.9356440000000008
Overcast,LSTM,0.4198295999999999
Overcast,LSTM,0.6205859
Overcast,LSTM,0.35627409999999937
Overcast,LSTM,0.10507040000000067
Overcast,LSTM,0.10098600000000069
Overcast,LSTM,0.07990999999999993
Overcast,LSTM,0.1459880000000009
Overcast,LSTM,0.054967999999998796
Overcast,LSTM,0.6979469999999992
Overcast,LSTM,0.02577560000000023
Overcast,LSTM,0.24883839999999946
Overcast,LSTM,0.15072799999999997
Overcast,LSTM,0.1215465
Overcast,LSTM,0.05321250000000077
Overcast,LSTM,0.6456140000000001
Overcast,LSTM,0.5270980000000005
Overcast,LSTM,0.5632000000000001
Overcast,LSTM,0.4988329999999994
Overcast,LSTM,0.504842
Overcast,LSTM,0.13238100000000053
Overcast,LSTM,0.3125289999999996
Overcast,LSTM,0.14563099999999984
Overcast,LSTM,0.23521500000000017
Overcast,LSTM,0.6614210000000007
Overcast,LSTM,0.6638399999999987
Overcast,LSTM,0.38544100000000014
Overcast,LSTM,0.8845245000000013
Overcast,LSTM,0.7289199999999996
Overcast,LSTM,0.7975854999999994
Overcast,LSTM,0.9624280000000001
Overcast,LSTM,0.49037100000000056
Overcast,LSTM,0.7749704
Overcast,LSTM,0.7963100999999999
Overcast,LSTM,0.32792429999999984
Overcast,LSTM,0.2984127999999999
Overcast,LSTM,0.2859642
Overcast,LSTM,0.36014219999999986
Overcast,LSTM,0.2513994000000004
Overcast,LSTM,0.39904289999999976
Overcast,LSTM,0.3991169000000001
Overcast,LSTM,0.27143699999999993
Overcast,LSTM,0.15664900000000004
Overcast,LSTM,0.18727973999999992
Overcast,LSTM,0.5994667
Overcast,LSTM,0.7599706000000002
Overcast,LSTM,1.0686974999999999
Overcast,LSTM,1.0527815
Overcast,LSTM,1.4582183999999998
Overcast,LSTM,1.1413283000000005
Overcast,LSTM,1.740023299999999
Overcast,LSTM,1.2208330000000007
Overcast,LSTM,1.6609090000000002
Overcast,LSTM,1.1736299999999993
Overcast,LSTM,1.3078800000000008
Overcast,LSTM,1.0278659999999995
Overcast,LSTM,1.0286559999999998
Overcast,LSTM,1.0409420000000011
Overcast,LSTM,1.0731970000000004
Overcast,LSTM,0.6307309999999973
Overcast,LSTM,0.9622990000000016
Overcast,LSTM,0.5936090000000007
Overcast,LSTM,0.29701999999999984
Overcast,LSTM,0.43379999999999797
Overcast,LSTM,0.02605800000000258
Overcast,LSTM,0.49271599999999793
Overcast,LSTM,0.27552599999999927
Overcast,LSTM,0.06008099999999672
Overcast,LSTM,0.03401800000000321
Overcast,LSTM,0.027966999999996744
Overcast,LSTM,0.3542390000000033
Overcast,LSTM,0.2839849999999977
Overcast,LSTM,0.39713899999999924
Overcast,LSTM,0.24409800000000104
Overcast,LSTM,0.9276909999999994
Overcast,LSTM,0.785928000000002
Overcast,LSTM,0.611819999999998
Overcast,LSTM,0.6815500000000014
Overcast,LSTM,0.953440999999998
Overcast,LSTM,0.8440720000000024
Overcast,LSTM,0.8615899999999996
Overcast,LSTM,1.0897670000000002
Overcast,LSTM,1.6543149999999986
Overcast,LSTM,1.722251
Overcast,LSTM,1.3518760000000007
Overcast,LSTM,1.5205305999999998
Overcast,LSTM,1.5375524
Overcast,LSTM,1.5035524000000002
Overcast,LSTM,1.0783302999999997
Overcast,LSTM,1.1803191000000002
Overcast,LSTM,1.07401254
Overcast,LSTM,0.5470801999999999
Overcast,LSTM,0.68384
Overcast,LSTM,1.0742674
Overcast,LSTM,1.0448582000000002
Overcast,LSTM,1.5190887999999996
Overcast,LSTM,1.1483156
Overcast,LSTM,1.7947873999999997
Overcast,LSTM,1.296209000000001
Overcast,LSTM,1.7197949999999995
Overcast,LSTM,1.2830189999999995
Overcast,LSTM,1.41249
Overcast,LSTM,1.0896240000000006
Overcast,LSTM,1.1174519999999983
Overcast,LSTM,0.9955240000000032
Overcast,LSTM,1.1137099999999975
Overcast,LSTM,0.7011780000000023
Overcast,LSTM,0.9986119999999978
Overcast,LSTM,0.6011150000000001
Overcast,LSTM,0.2679709999999993
Overcast,LSTM,0.4363480000000024
Overcast,LSTM,0.005248999999999171
Overcast,LSTM,0.44308499999999995
Overcast,LSTM,0.2800639999999994
Overcast,LSTM,0.1523229999999991
Overcast,LSTM,0.047499000000001956
Overcast,LSTM,0.09747999999999735
Overcast,LSTM,0.3809230000000028
Overcast,LSTM,0.35258699999999976
Overcast,LSTM,0.44528199999999885
Overcast,LSTM,0.2529289999999982
Overcast,LSTM,0.9587290000000017
Overcast,LSTM,0.7979950000000002
Overcast,LSTM,0.7048409999999983
Overcast,LSTM,0.7002970000000026
Overcast,LSTM,1.0059659999999973
Overcast,LSTM,0.902350000000002
Overcast,LSTM,0.9513219999999993
Overcast,LSTM,1.1916260000000012
Overcast,LSTM,1.7867819999999988
Overcast,LSTM,1.764329
Overcast,LSTM,1.4026750000000003
Overcast,LSTM,1.5705669999999996
Overcast,LSTM,1.5871955
Overcast,LSTM,1.4576138000000003
Overcast,LSTM,0.9903531000000001
Overcast,LSTM,1.123488
Overcast,LSTM,0.9804429
Overcast,LSTM,0.48041039999999996
Overcast,LSTM,0.593113
Overcast,LSTM,1.0031619999999999
Overcast,LSTM,1.0110002000000002
Overcast,LSTM,1.5013680000000003
Overcast,LSTM,1.154935
Overcast,LSTM,1.8646816
Overcast,LSTM,1.3438504
Overcast,LSTM,1.8059639999999995
Overcast,LSTM,1.3622650000000007
Overcast,LSTM,1.4405999999999999
Overcast,LSTM,1.1692900000000002
Overcast,LSTM,1.2000319999999984
Overcast,LSTM,1.1075049999999997
Overcast,LSTM,1.2067610000000002
Overcast,LSTM,0.7541960000000003
Overcast,LSTM,1.0844330000000006
Overcast,LSTM,0.6585329999999985
Overcast,LSTM,0.33361400000000074
Overcast,LSTM,0.4449020000000026
Overcast,LSTM,0.041679999999999495
Overcast,LSTM,0.48161099999999735
Overcast,LSTM,0.260111000000002
Overcast,LSTM,0.1579480000000011
Overcast,LSTM,0.0894069999999978
Overcast,LSTM,0.08898900000000154
Overcast,LSTM,0.4445009999999989
Overcast,LSTM,0.34569199999999967
Overcast,LSTM,0.4455420000000032
Overcast,LSTM,0.28385599999999656
Overcast,LSTM,0.9659100000000009
Overcast,LSTM,0.7778080000000003
Overcast,LSTM,0.6320499999999996
Overcast,LSTM,0.6735170000000004
Overcast,LSTM,0.9818400000000018
Overcast,LSTM,0.8739899999999992
Overcast,LSTM,0.912177999999999
Overcast,LSTM,1.157546
Overcast,LSTM,1.7626795000000008
Overcast,LSTM,1.7935994999999991
Overcast,LSTM,1.40151
Overcast,LSTM,1.5930365000000002
Overcast,LSTM,1.6066455000000008
Overcast,LSTM,1.5084133999999993
Overcast,LSTM,1.0406821000000002
Overcast,LSTM,1.1974651
Overcast,LSTM,1.0301730999999998
Overcast,LSTM,0.584323
Overcast,LSTM,0.7410664999999999
Overcast,LSTM,1.0604761000000003
Overcast,LSTM,1.0729801999999995
Overcast,LSTM,1.4745831000000003
Overcast,LSTM,1.1565773999999998
Overcast,LSTM,1.7717799999999997
Overcast,LSTM,1.2421420000000012
Overcast,LSTM,1.6713339999999999
Overcast,LSTM,1.177318999999999
Overcast,LSTM,1.2995330000000003
Overcast,LSTM,1.0059190000000005
Overcast,LSTM,1.0425170000000001
Overcast,LSTM,1.0306059999999988
Overcast,LSTM,1.082893000000002
Overcast,LSTM,0.6531829999999985
Overcast,LSTM,0.9825900000000019
Overcast,LSTM,0.6325569999999985
Overcast,LSTM,0.3320040000000013
Overcast,LSTM,0.44183599999999856
Overcast,LSTM,0.04402900000000187
Overcast,LSTM,0.5191399999999966
Overcast,LSTM,0.2883210000000034
Overcast,LSTM,0.03996700000000075
Overcast,LSTM,0.01841399999999993
Overcast,LSTM,0.017427000000001414
Overcast,LSTM,0.3671229999999994
Overcast,LSTM,0.26671200000000184
Overcast,LSTM,0.3808729999999976
Overcast,LSTM,0.24873499999999993
Overcast,LSTM,0.9244459999999997
Overcast,LSTM,0.8060250000000018
Overcast,LSTM,0.6107459999999989
Overcast,LSTM,0.7037870000000019
Overcast,LSTM,0.9734799999999986
Overcast,LSTM,0.8912420000000001
Overcast,LSTM,0.8926689999999997
Overcast,LSTM,1.1374110000000002
Overcast,LSTM,1.6949269999999999
Overcast,LSTM,1.76811
Overcast,LSTM,1.413818000000001
Overcast,LSTM,1.5643646999999996
Overcast,LSTM,1.5561485999999993
Overcast,LSTM,1.5330414
Overcast,LSTM,1.073179
Overcast,LSTM,1.1834385
Overcast,LSTM,0.6130542
Overcast,LSTM,0.7617504000000002
Overcast,LSTM,1.0708077
Overcast,LSTM,1.0828931999999996
Overcast,LSTM,1.4641425000000003
Overcast,LSTM,1.1726735000000001
Overcast,LSTM,1.786142
Overcast,LSTM,1.2481460000000002
Overcast,LSTM,1.674258
Overcast,LSTM,1.1702929999999991
Overcast,LSTM,1.3072160000000004
Overcast,LSTM,1.0049609999999998
Overcast,LSTM,1.0557710000000018
Overcast,LSTM,1.050967
Overcast,LSTM,1.1059729999999988
Overcast,LSTM,0.6528570000000009
Overcast,LSTM,0.9738979999999984
Overcast,LSTM,0.6259620000000012
Overcast,LSTM,0.3141399999999983
Overcast,LSTM,0.42889399999999966
Overcast,LSTM,0.0035109999999995978
Overcast,LSTM,0.4942420000000034
Overcast,LSTM,0.24842299999999895
Overcast,LSTM,0.0887999999999991
Overcast,LSTM,0.07175200000000004
Overcast,LSTM,0.05685000000000073
Overcast,LSTM,0.397076000000002
Overcast,LSTM,0.3016419999999975
Overcast,LSTM,0.40736300000000014
Overcast,LSTM,0.277432000000001
Overcast,LSTM,0.9423980000000007
Overcast,LSTM,0.8298549999999985
Overcast,LSTM,0.6125900000000009
Overcast,LSTM,0.7197800000000001
Overcast,LSTM,0.995315999999999
Overcast,LSTM,0.8839450000000006
Overcast,LSTM,0.908589000000001
Overcast,LSTM,1.110828999999999
Overcast,LSTM,1.6960130000000007
Overcast,LSTM,1.7477420000000006
Overcast,LSTM,1.4105079999999983
Overcast,LSTM,1.5351230000000005
Overcast,LSTM,1.5345853000000007
Overcast,LSTM,1.5040313999999997
Overcast,LSTM,1.0254066000000002
Overcast,LSTM,1.1464528999999999
Overcast,LSTM,0.1329732
Overcast,LSTM,0.25319329999999995
Overcast,LSTM,0.17026750000000013
Overcast,LSTM,0.4855559999999999
Overcast,LSTM,0.3004122
Overcast,LSTM,0.7458165999999999
Overcast,LSTM,0.5521023
Overcast,LSTM,1.4136468999999998
Overcast,LSTM,1.1623375000000005
Overcast,LSTM,1.6547159999999996
Overcast,LSTM,1.6321249999999994
Overcast,LSTM,1.3878500000000003
Overcast,LSTM,1.4411090000000009
Overcast,LSTM,1.1841410000000003
Overcast,LSTM,1.1522670000000002
Overcast,LSTM,0.7163804999999996
Overcast,LSTM,0.6273415
Overcast,LSTM,0.2686789999999988
Overcast,LSTM,0.34552099999999975
Overcast,LSTM,0.33576099999999975
Overcast,LSTM,0.7656530000000004
Overcast,LSTM,1.1733769999999986
Overcast,LSTM,1.154675000000001
Overcast,LSTM,1.1680200000000003
Overcast,LSTM,1.2523799999999987
Overcast,LSTM,1.4515170000000008
Overcast,LSTM,1.5849205
Overcast,LSTM,1.0857254999999997
Overcast,LSTM,1.2237210000000003
Overcast,LSTM,0.925573
Overcast,LSTM,0.6550192000000004
Overcast,LSTM,0.46706729999999963
Overcast,LSTM,0.37980990000000014
Overcast,LSTM,0.32762460000000004
Overcast,LSTM,0.522138
Overcast,LSTM,0.7482916
Overcast,LSTM,1.046804
Overcast,LSTM,0.7899355999999997
Overcast,LSTM,1.430936
Overcast,LSTM,1.1413756
Overcast,LSTM,1.3576445000000001
Overcast,LSTM,1.1425124999999996
Overcast,LSTM,1.5554550000000003
Overcast,LSTM,1.3174840000000003
Overcast,LSTM,1.5446910000000003
Overcast,LSTM,1.0457330000000002
Overcast,LSTM,1.0127849999999992
Overcast,LSTM,0.6857340000000001
Overcast,LSTM,0.5249419999999994
Overcast,LSTM,0.4545400000000015
Overcast,LSTM,0.036861999999999284
Overcast,LSTM,0.156604999999999
Overcast,LSTM,0.010004000000002122
Overcast,LSTM,0.3653569999999995
Overcast,LSTM,0.2478560000000023
Overcast,LSTM,0.3913039999999981
Overcast,LSTM,0.6474230000000016
Overcast,LSTM,0.5402799999999992
Overcast,LSTM,0.5258020000000005
Overcast,LSTM,0.434982999999999
Overcast,LSTM,1.1034300000000012
Overcast,LSTM,1.170147
Overcast,LSTM,1.0298789999999993
Overcast,LSTM,1.2594689999999993
Overcast,LSTM,1.3437990000000006
Overcast,LSTM,1.3525530000000003
Overcast,LSTM,1.3701303999999999
Overcast,LSTM,1.2577300000000005
Overcast,LSTM,1.3598243999999995
Overcast,LSTM,1.3343024
Overcast,LSTM,0.1952122500000001
Overcast,LSTM,0.45827479999999987
Overcast,LSTM,0.3968954
Overcast,LSTM,0.6641845
Overcast,LSTM,0.5387279999999999
Overcast,LSTM,0.7443652000000003
Overcast,LSTM,0.5154939000000001
Overcast,LSTM,0.9560946999999995
Overcast,LSTM,0.7470587000000002
Overcast,LSTM,1.0576202000000006
Overcast,LSTM,0.7565174999999993
Overcast,LSTM,0.6520063000000009
Overcast,LSTM,0.6004899999999989
Overcast,LSTM,0.496182000000001
Overcast,LSTM,0.4568469999999998
Overcast,LSTM,0.212453
Overcast,LSTM,0.2726644999999994
Overcast,LSTM,0.06544150000000037
Overcast,LSTM,0.34110399999999963
Overcast,LSTM,0.32259100000000096
Overcast,LSTM,0.5722679999999993
Overcast,LSTM,0.8507289999999994
Overcast,LSTM,0.8072264000000011
Overcast,LSTM,0.9277275999999999
Overcast,LSTM,0.8271977000000001
Overcast,LSTM,1.1958569999999993
Overcast,LSTM,1.2390139000000002
Overcast,LSTM,0.7842062000000003
Overcast,LSTM,0.9321948999999998
Overcast,LSTM,0.7035754999999999
Overcast,LSTM,0.4171009000000001
Overcast,LSTM,0.16423480000000001
Overcast,LSTM,0.11157259999999997
Overcast,LSTM,0.27270226
Overcast,LSTM,0.18989063
Overcast,LSTM,0.6330230000000001
Overcast,LSTM,0.4356039999999999
Overcast,LSTM,0.6309808000000001
Overcast,LSTM,0.4008748
Overcast,LSTM,0.8612039999999999
Overcast,LSTM,0.7796390000000004
Overcast,LSTM,0.9502489999999995
Overcast,LSTM,0.7377783999999998
Overcast,LSTM,0.5333266000000005
Overcast,LSTM,0.5102599999999997
Overcast,LSTM,0.46936520000000037
Overcast,LSTM,0.3627205
Overcast,LSTM,0.03180460000000007
Overcast,LSTM,0.15025370000000038
Overcast,LSTM,0.13822500000000115
Overcast,LSTM,0.37975399999999926
Overcast,LSTM,0.4705640000000004
Overcast,LSTM,0.5970015000000002
Overcast,LSTM,0.725924
Overcast,LSTM,0.5493034999999997
Overcast,LSTM,0.7257499999999997
Overcast,LSTM,0.5028596000000003
Overcast,LSTM,0.8189167999999998
Overcast,LSTM,0.8015076000000003
Overcast,LSTM,0.46167629999999993
Overcast,LSTM,0.5621620999999999
Overcast,LSTM,0.3022347000000001
Overcast,LSTM,0.23109029999999997
Overcast,LSTM,0.08128619999999998
Overcast,LSTM,0.1264318000000001
Overcast,LSTM,0.31823289999999993
Overcast,LSTM,0.28258839999999985
Overcast,LSTM,0.060698599999999825
Overcast,LSTM,0.3436811999999998
Overcast,LSTM,0.000565600000000055
Overcast,LSTM,0.06313290000000005
Overcast,LSTM,0.30324099999999987
Overcast,LSTM,0.7060669000000002
Overcast,LSTM,1.0423464999999998
Overcast,LSTM,1.2074571
Overcast,LSTM,1.6128814
Overcast,LSTM,1.4228110000000003
Overcast,LSTM,1.7263780000000004
Overcast,LSTM,1.9655369999999994
Overcast,LSTM,1.5776249999999994
Overcast,LSTM,1.529845
Overcast,LSTM,1.5060190000000002
Overcast,LSTM,0.7731910000000006
Overcast,LSTM,0.49040700000000115
Overcast,LSTM,0.07184599999999719
Overcast,LSTM,0.15091699999999975
Overcast,LSTM,0.4121379999999988
Overcast,LSTM,0.941243
Overcast,LSTM,0.6238279999999996
Overcast,LSTM,1.3291149999999998
Overcast,LSTM,1.3580500000000004
Overcast,LSTM,1.2927250000000008
Overcast,LSTM,1.436990999999999
Overcast,LSTM,1.423827000000001
Overcast,LSTM,1.1567143999999994
Overcast,LSTM,0.9996209
Overcast,LSTM,0.4565730000000001
Overcast,LSTM,0.0037268999999999775
Overcast,LSTM,0.40384940000000014
Overcast,LSTM,0.27378959999999974
Overcast,LSTM,0.41953470000000026
Overcast,LSTM,0.6102512
Overcast,LSTM,1.408699
Overcast,LSTM,1.224697
Overcast,LSTM,1.8855487000000002
Overcast,LSTM,1.6844242999999999
Overcast,LSTM,1.8464679999999998
Overcast,LSTM,1.7881619999999998
Overcast,LSTM,1.5987580000000001
Overcast,LSTM,1.6792350000000003
Overcast,LSTM,1.2917960000000015
Overcast,LSTM,1.473120999999999
Overcast,LSTM,1.0702229999999986
Overcast,LSTM,0.46796400000000204
Overcast,LSTM,0.6193489999999997
Overcast,LSTM,0.21542399999999873
Overcast,LSTM,0.3847360000000002
Overcast,LSTM,0.396214999999998
Overcast,LSTM,0.39657000000000053
Overcast,LSTM,0.42872099999999946
Overcast,LSTM,1.2410560000000004
Overcast,LSTM,1.5561070000000008
Overcast,LSTM,1.5365680000000008
Overcast,LSTM,1.6956879999999988
Overcast,LSTM,1.8579470000000011
Overcast,LSTM,1.8162450000000003
Overcast,LSTM,2.114264499999999
Overcast,LSTM,1.7314229
Overcast,LSTM,1.8457765999999998
Overcast,LSTM,1.8268804000000003
Overcast,LSTM,0.8532329000000001
Overcast,LSTM,0.6649472999999997
Overcast,LSTM,1.3998422000000001
Overcast,LSTM,1.1896120000000003
Overcast,LSTM,1.3573009999999996
Overcast,LSTM,1.2554040000000004
Overcast,LSTM,1.7966449999999998
Overcast,LSTM,1.651572999999999
Overcast,LSTM,1.7565490000000015
Overcast,LSTM,1.1841209999999993
Overcast,LSTM,0.927975
Overcast,LSTM,0.6546920000000007
Overcast,LSTM,0.3345869999999991
Overcast,LSTM,0.2192399999999992
Overcast,LSTM,0.3652949999999997
Overcast,LSTM,0.27364199999999883
Overcast,LSTM,0.6445749999999997
Overcast,LSTM,1.1370750000000012
Overcast,LSTM,1.0603639999999999
Overcast,LSTM,1.1266379999999998
Overcast,LSTM,1.2725950000000008
Overcast,LSTM,1.09694
Overcast,LSTM,1.1178179999999998
Overcast,LSTM,0.8870050000000003
Overcast,LSTM,1.2807313999999996
Overcast,LSTM,0.9917172999999995
Overcast,LSTM,0.6846012999999997
Overcast,LSTM,0.8641285999999999
Overcast,LSTM,0.7074647000000005
Overcast,LSTM,0.5438806999999999
Overcast,LSTM,0.5556822000000001
Overcast,LSTM,0.44694659999999997
Overcast,LSTM,0.5869371999999999
Overcast,LSTM,0.77672555
Overcast,LSTM,0.30649245
Overcast,LSTM,0.19155475
Overcast,LSTM,0.27006830000000004
Overcast,LSTM,0.5632280999999999
Overcast,LSTM,0.23467090000000024
Overcast,LSTM,0.6112365
Overcast,LSTM,0.30380359999999973
Overcast,LSTM,0.4575623000000002
Overcast,LSTM,0.04004619999999992
Overcast,LSTM,0.34187420000000035
Overcast,LSTM,0.41619329999999977
Overcast,LSTM,0.4435880000000001
Overcast,LSTM,0.0873999999999997
Overcast,LSTM,0.295026
Overcast,LSTM,0.11612869999999997
Overcast,LSTM,0.13683230000000002
Overcast,LSTM,0.012224400000000024
Overcast,LSTM,0.39369500000000013
Overcast,LSTM,0.015657000000000032
Overcast,LSTM,0.055439999999999934
Overcast,LSTM,0.2514353000000007
Overcast,LSTM,0.3177766999999996
Overcast,LSTM,0.31522000000000006
Overcast,LSTM,0.16876539999999984
Overcast,LSTM,0.03382860000000054
Overcast,LSTM,0.2472215999999996
Overcast,LSTM,0.10509259999999987
Overcast,LSTM,0.42395119999999986
Overcast,LSTM,0.23709440000000015
Overcast,LSTM,0.19669040000000004
Overcast,LSTM,0.4607313999999998
Overcast,LSTM,0.18371920000000008
Overcast,LSTM,0.3274993999999998
Overcast,LSTM,0.4055900000000001
Overcast,LSTM,0.3086164
Overcast,LSTM,0.47408130000000015
Overcast,LSTM,0.3896572999999999
Overcast,LSTM,0.14999070000000003
Overcast,LSTM,0.05463121
Overcast,LSTM,0.30828882
Overcast,LSTM,0.01620972000000004
Overcast,LSTM,0.18012038000000002
Overcast,LSTM,0.36232993
Overcast,LSTM,0.56802947
Overcast,LSTM,0.6269589999999998
Overcast,LSTM,0.5755818000000001
Overcast,LSTM,1.3670478
Overcast,LSTM,0.8469164000000005
Overcast,LSTM,1.5083095999999996
Overcast,LSTM,1.0947015000000002
Overcast,LSTM,1.4694274999999992
Overcast,LSTM,1.2006000000000014
Overcast,LSTM,1.6763239999999993
Overcast,LSTM,1.238239
Overcast,LSTM,1.655550999999999
Overcast,LSTM,1.2435440000000018
Overcast,LSTM,0.9541279999999972
Overcast,LSTM,1.1478070000000002
Overcast,LSTM,0.7971850000000025
Overcast,LSTM,0.7521190000000004
Overcast,LSTM,0.519444
Overcast,LSTM,0.874174
Overcast,LSTM,0.7156079999999996
Overcast,LSTM,0.46674600000000055
Overcast,LSTM,0.6465909999999973
Overcast,LSTM,0.3353099999999998
Overcast,LSTM,0.08220900000000242
Overcast,LSTM,0.0005760000000023524
Overcast,LSTM,0.06373200000000168
Overcast,LSTM,0.09629800000000088
Overcast,LSTM,0.9412940000000027
Overcast,LSTM,1.1822909999999993
Overcast,LSTM,0.9032169999999979
Overcast,LSTM,1.2834380000000003
Overcast,LSTM,1.5532679999999992
Overcast,LSTM,1.619346000000002
Overcast,LSTM,1.6388800000000003
Overcast,LSTM,1.5100449999999999
Overcast,LSTM,2.0659799999999997
Overcast,LSTM,2.0800339999999995
Overcast,LSTM,1.445094
Overcast,LSTM,1.4903873
Overcast,LSTM,1.1778047000000003
Overcast,LSTM,1.0508972
Overcast,LSTM,0.6597665999999998
Overcast,LSTM,0.8554368000000001
Overcast,LSTM,0.5646338
Overcast,LSTM,0.39668950000000014
Overcast,LSTM,0.3234950299999999
Overcast,LSTM,0.435906923
Overcast,LSTM,0.43491644
Overcast,LSTM,0.8322863
Overcast,LSTM,0.9593729999999998
Overcast,LSTM,1.2597053000000002
Overcast,LSTM,1.2156624999999996
Overcast,LSTM,1.657114
Overcast,LSTM,1.2570426999999995
Overcast,LSTM,1.9036300000000015
Overcast,LSTM,1.3789629999999988
Overcast,LSTM,1.666162
Overcast,LSTM,1.2403580000000005
Overcast,LSTM,1.346202
Overcast,LSTM,1.1177250000000019
Overcast,LSTM,0.9795969999999983
Overcast,LSTM,1.0751150000000003
Overcast,LSTM,1.018501999999998
Overcast,LSTM,0.5490450000000031
Overcast,LSTM,0.9447669999999988
Overcast,LSTM,0.5954879999999996
Overcast,LSTM,0.2816119999999991
Overcast,LSTM,0.3667170000000013
Overcast,LSTM,0.07145500000000027
Overcast,LSTM,0.4987199999999987
Overcast,LSTM,0.266649000000001
Overcast,LSTM,0.05353600000000114
Overcast,LSTM,0.03321799999999797
Overcast,LSTM,0.030180000000001428
Overcast,LSTM,0.3420489999999994
Overcast,LSTM,0.25368100000000027
Overcast,LSTM,0.2977729999999994
Overcast,LSTM,0.26855700000000127
Overcast,LSTM,0.8664799999999993
Overcast,LSTM,0.7519610000000014
Overcast,LSTM,0.3701819999999998
Overcast,LSTM,0.6234830000000002
Overcast,LSTM,0.896408000000001
Overcast,LSTM,0.7917349999999992
Overcast,LSTM,0.7868899999999996
Overcast,LSTM,0.9803919999999984
Overcast,LSTM,1.5839230000000022
Overcast,LSTM,1.7355399999999985
Overcast,LSTM,1.2909430000000004
Overcast,LSTM,1.5563029999999998
Overcast,LSTM,1.634125000000001
Overcast,LSTM,1.6371759999999993
Overcast,LSTM,1.3822900000000002
Overcast,LSTM,1.5427245000000003
Overcast,LSTM,1.4813479999999997
Overcast,LSTM,0.9569491000000001
Overcast,LSTM,0.8344297500000001
Overcast,LSTM,0.26644664999999995
Overcast,LSTM,0.37922875
Overcast,LSTM,0.4094280000000001
Overcast,LSTM,0.5093614
Overcast,LSTM,0.9311093000000001
Overcast,LSTM,0.6208095999999999
Overcast,LSTM,1.1071451000000003
Overcast,LSTM,0.7852687999999999
Overcast,LSTM,1.1782307999999997
Overcast,LSTM,1.0048586999999998
Overcast,LSTM,1.5886440000000004
Overcast,LSTM,1.2750249999999994
Overcast,LSTM,1.3164670000000012
Overcast,LSTM,1.1363029999999998
Overcast,LSTM,1.1487090000000002
Overcast,LSTM,1.0562689999999986
Overcast,LSTM,0.9351299999999991
Overcast,LSTM,0.3031579999999998
Overcast,LSTM,0.6578580000000009
Overcast,LSTM,0.14228800000000064
Overcast,LSTM,0.17219499999999854
Overcast,LSTM,0.06921800000000289
Overcast,LSTM,0.3194979999999994
Overcast,LSTM,0.02618800000000121
Overcast,LSTM,0.08482700000000065
Overcast,LSTM,0.2075409999999991
Overcast,LSTM,0.01296299999999917
Overcast,LSTM,0.015119999999999578
Overcast,LSTM,0.11122399999999999
Overcast,LSTM,0.056496000000002766
Overcast,LSTM,0.04068499999999986
Overcast,LSTM,0.01793299999999931
Overcast,LSTM,0.569825999999999
Overcast,LSTM,0.28682099999999977
Overcast,LSTM,0.5333249999999996
Overcast,LSTM,0.4517579999999999
Overcast,LSTM,0.4964359999999992
Overcast,LSTM,0.7363370000000007
Overcast,LSTM,0.8351050000000004
Overcast,LSTM,1.1765615
Overcast,LSTM,1.2720295000000004
Overcast,LSTM,1.583214
Overcast,LSTM,1.0484839999999993
Overcast,LSTM,1.1854415000000005
Overcast,LSTM,1.1565395
Overcast,LSTM,1.1056205999999995
Overcast,LSTM,0.7747257000000003
Overcast,LSTM,0.7184135999999999
Overcast,LSTM,0.90506
Overcast,LSTM,0.4654689999999999
Overcast,LSTM,0.048132427
Overcast,LSTM,0.337966523
Overcast,LSTM,0.5252945499999999
Overcast,LSTM,0.3805590000000001
Overcast,LSTM,0.7152758999999997
Overcast,LSTM,0.6889174000000002
Overcast,LSTM,0.8834746
Overcast,LSTM,1.0664959
Overcast,LSTM,0.9359573999999995
Overcast,LSTM,1.5017003000000004
Overcast,LSTM,0.9547150000000002
Overcast,LSTM,1.6210039999999992
Overcast,LSTM,0.9950850000000013
Overcast,LSTM,1.3974239999999991
Overcast,LSTM,0.7460190000000004
Overcast,LSTM,0.8744814999999999
Overcast,LSTM,0.7339105000000004
Overcast,LSTM,0.7741569999999989
Overcast,LSTM,0.0988150000000001
Overcast,LSTM,0.26355900000000076
Overcast,LSTM,0.05410700000000013
Overcast,LSTM,0.13393699999999953
Overcast,LSTM,0.11203099999999999
Overcast,LSTM,0.26780199999999965
Overcast,LSTM,0.16455399999999898
Overcast,LSTM,0.15965400000000152
Overcast,LSTM,0.011822999999999695
Overcast,LSTM,0.07586700000000057
Overcast,LSTM,0.20690600000000003
Overcast,LSTM,0.23330499999999965
Overcast,LSTM,0.5060780000000005
Overcast,LSTM,0.5620630000000002
Overcast,LSTM,0.35052849999999935
Overcast,LSTM,1.376300500000001
Overcast,LSTM,1.1858359999999983
Overcast,LSTM,0.9676780000000011
Overcast,LSTM,1.1498209999999993
Overcast,LSTM,1.1246504999999996
Overcast,LSTM,1.0222211000000012
Overcast,LSTM,0.9311846999999993
Overcast,LSTM,0.6459507000000002
Overcast,LSTM,1.0604263999999999
Overcast,LSTM,0.9770243000000001
Overcast,LSTM,0.3555996000000001
Overcast,LSTM,0.6505437000000001
Overcast,LSTM,0.42363300000000015
Overcast,LSTM,0.4085869999999998
Overcast,LSTM,0.24023820000000007
Overcast,LSTM,0.14413944999999995
Overcast,LSTM,0.36105207
Overcast,LSTM,0.50475685
Overcast,LSTM,0.615701
Overcast,LSTM,0.7661992
Overcast,LSTM,1.0161137999999998
Overcast,LSTM,1.0679116
Overcast,LSTM,1.351807
Overcast,LSTM,1.0934795
Overcast,LSTM,1.7382315000000004
Overcast,LSTM,1.3228790000000004
Overcast,LSTM,1.5265299999999993
Overcast,LSTM,1.183363
Overcast,LSTM,1.394673000000001
Overcast,LSTM,1.0712519999999994
Overcast,LSTM,1.0936510000000013
Overcast,LSTM,1.002913999999997
Overcast,LSTM,1.051470000000002
Overcast,LSTM,0.803446000000001
Overcast,LSTM,0.9034139999999979
Overcast,LSTM,0.8019440000000024
Overcast,LSTM,0.29353699999999705
Overcast,LSTM,0.5314010000000025
Overcast,LSTM,0.13911099999999976
Overcast,LSTM,0.585601999999998
Overcast,LSTM,0.42211900000000213
Overcast,LSTM,0.10299499999999995
Overcast,LSTM,0.13136399999999782
Overcast,LSTM,0.04278400000000104
Overcast,LSTM,0.23081699999999827
Overcast,LSTM,0.3212120000000027
Overcast,LSTM,0.24379499999999865
Overcast,LSTM,0.2078169999999986
Overcast,LSTM,0.8455910000000024
Overcast,LSTM,0.8185329999999986
Overcast,LSTM,0.414553999999999
Overcast,LSTM,0.5662840000000031
Overcast,LSTM,0.8636439999999972
Overcast,LSTM,0.7167680000000018
Overcast,LSTM,0.7950160000000004
Overcast,LSTM,0.9202319999999986
Overcast,LSTM,1.5223945000000008
Overcast,LSTM,1.6388844999999996
Overcast,LSTM,1.3459760000000003
Overcast,LSTM,1.557143
Overcast,LSTM,1.6143660000000004
Overcast,LSTM,1.6005959999999995
Overcast,LSTM,1.3853400000000002
Overcast,LSTM,1.5612676999999993
Overcast,LSTM,1.4631865000000004
Overcast,LSTM,1.0663257
Overcast,LSTM,0.7990385
Overcast,LSTM,0.48719932000000005
Overcast,LSTM,0.27579332
Overcast,LSTM,0.32487939999999993
Overcast,LSTM,0.5430397000000001
Overcast,LSTM,0.6736473999999999
Overcast,LSTM,0.9257458999999999
Overcast,LSTM,0.9088299000000002
Overcast,LSTM,1.3270345
Overcast,LSTM,1.0612440000000003
Overcast,LSTM,1.6412464
Overcast,LSTM,1.207135
Overcast,LSTM,1.6440730000000006
Overcast,LSTM,1.2017469999999992
Overcast,LSTM,1.374765
Overcast,LSTM,1.14128
Overcast,LSTM,1.1101519999999994
Overcast,LSTM,1.147056000000001
Overcast,LSTM,1.1086390000000002
Overcast,LSTM,0.7623159999999984
Overcast,LSTM,1.0342459999999996
Overcast,LSTM,0.7225020000000022
Overcast,LSTM,0.35889999999999844
Overcast,LSTM,0.4886930000000014
Overcast,LSTM,0.11998399999999876
Overcast,LSTM,0.5630489999999995
Overcast,LSTM,0.31317400000000006
Overcast,LSTM,0.0498560000000019
Overcast,LSTM,0.020606999999998266
Overcast,LSTM,0.05653900000000078
Overcast,LSTM,0.29248600000000025
Overcast,LSTM,0.209344999999999
Overcast,LSTM,0.2784210000000016
Overcast,LSTM,0.19851299999999839
Overcast,LSTM,0.8342920000000014
Overcast,LSTM,0.6891080000000009
Overcast,LSTM,0.42500699999999725
Overcast,LSTM,0.5374390000000027
Overcast,LSTM,0.7883569999999978
Overcast,LSTM,0.6724759999999996
Overcast,LSTM,0.6527480000000025
Overcast,LSTM,0.9081919999999979
Overcast,LSTM,1.4210200000000004
Overcast,LSTM,1.5950970000000009
Overcast,LSTM,1.2098769999999988
Overcast,LSTM,1.461685000000001
Overcast,LSTM,1.5343400000000003
Overcast,LSTM,1.595069399999999
Overcast,LSTM,1.3380726000000003
Overcast,LSTM,1.4490378000000002
Overcast,LSTM,1.4568302000000002
Overcast,LSTM,0.9271289999999999
Overcast,LSTM,0.8460772999999999
Overcast,LSTM,0.46171229999999996
Overcast,LSTM,0.31011597
Overcast,LSTM,0.39819155
Overcast,LSTM,0.62732085
Overcast,LSTM,0.7455901999999999
Overcast,LSTM,1.0643768000000002
Overcast,LSTM,1.0321293000000002
Overcast,LSTM,1.4955736999999996
Overcast,LSTM,1.1504443000000002
Overcast,LSTM,1.7135696999999999
Overcast,LSTM,1.3211300000000001
Overcast,LSTM,1.5869049999999998
Overcast,LSTM,1.2130229999999997
Overcast,LSTM,1.3971080000000011
Overcast,LSTM,1.1085249999999984
Overcast,LSTM,1.0183040000000005
Overcast,LSTM,1.0084400000000002
Overcast,LSTM,0.9984900000000003
Overcast,LSTM,0.7218759999999982
Overcast,LSTM,0.9904970000000013
Overcast,LSTM,0.7024229999999996
Overcast,LSTM,0.315214000000001
Overcast,LSTM,0.5033560000000001
Overcast,LSTM,0.1429229999999997
Overcast,LSTM,0.5668940000000013
Overcast,LSTM,0.3943639999999995
Overcast,LSTM,0.08589500000000072
Overcast,LSTM,0.1080629999999978
Overcast,LSTM,0.05601700000000065
Overcast,LSTM,0.25102199999999897
Overcast,LSTM,0.23896400000000284
Overcast,LSTM,0.27513299999999674
Overcast,LSTM,0.19816100000000247
Overcast,LSTM,0.8241759999999978
Overcast,LSTM,0.7222660000000012
Overcast,LSTM,0.44592600000000004
Overcast,LSTM,0.5461559999999999
Overcast,LSTM,0.813212
Overcast,LSTM,0.6967999999999996
Overcast,LSTM,0.6792130000000007
Overcast,LSTM,0.9297830000000005
Overcast,LSTM,1.477086
Overcast,LSTM,1.5615679999999994
Overcast,LSTM,1.2114700000000003
Overcast,LSTM,1.4613569999999996
Overcast,LSTM,1.5746900000000004
Overcast,LSTM,1.595275
Overcast,LSTM,1.3671100000000003
Overcast,LSTM,1.5457753999999992
Overcast,LSTM,1.5655844000000005
Overcast,LSTM,1.0647592
Overcast,LSTM,0.9224700499999999
Overcast,LSTM,0.17848050000000004
Overcast,LSTM,0.19054421999999993
Overcast,LSTM,0.29950869
Overcast,LSTM,0.4653600600000001
Overcast,LSTM,0.4273419999999999
Overcast,LSTM,0.8005674000000003
Overcast,LSTM,0.4998967999999997
Overcast,LSTM,1.1539942000000005
Overcast,LSTM,0.7191847999999998
Overcast,LSTM,1.4409771999999998
Overcast,LSTM,1.0916759999999996
Overcast,LSTM,1.4170470000000002
Overcast,LSTM,1.4213424999999997
Overcast,LSTM,1.5217595
Overcast,LSTM,1.568161
Overcast,LSTM,1.6702200000000005
Overcast,LSTM,1.3976019999999991
Overcast,LSTM,1.5466189999999997
Overcast,LSTM,1.1567250000000016
Overcast,LSTM,0.6746680000000005
Overcast,LSTM,0.8184119999999986
Overcast,LSTM,0.3211900000000014
Overcast,LSTM,0.5869979999999977
Overcast,LSTM,0.3743040000000022
Overcast,LSTM,0.08462300000000056
Overcast,LSTM,0.00823000000000107
Overcast,LSTM,0.012117999999997409
Overcast,LSTM,0.18689900000000037
Overcast,LSTM,0.17804800000000043
Overcast,LSTM,0.2529439999999994
Overcast,LSTM,0.04681199999999919
Overcast,LSTM,0.7944510000000022
Overcast,LSTM,0.5216349999999998
Overcast,LSTM,0.4510310000000004
Overcast,LSTM,0.4589649999999992
Overcast,LSTM,0.7246319999999997
Overcast,LSTM,0.5706039999999994
Overcast,LSTM,0.6233560000000011
Overcast,LSTM,0.8643149999999977
Overcast,LSTM,1.4421370000000007
Overcast,LSTM,1.6145770000000006
Overcast,LSTM,1.1550159999999998
Overcast,LSTM,1.5110609999999998
Overcast,LSTM,1.6401640000000004
Overcast,LSTM,1.6064153
Overcast,LSTM,1.4436903
Overcast,LSTM,1.4741893999999993
Overcast,LSTM,1.4944258000000001
Overcast,LSTM,1.1052967000000002
Overcast,LSTM,0.87875803
Overcast,LSTM,0.3545316
Overcast,LSTM,0.3524367999999999
Overcast,LSTM,0.5156007
Overcast,LSTM,0.6972829999999999
Overcast,LSTM,0.7538822000000001
Overcast,LSTM,1.0701601000000003
Overcast,LSTM,0.7978014
Overcast,LSTM,1.4550643999999995
Overcast,LSTM,1.0268803000000002
Overcast,LSTM,1.5174972999999996
Overcast,LSTM,1.1704670000000004
Overcast,LSTM,1.3965940000000003
Overcast,LSTM,1.2329910000000002
Overcast,LSTM,1.2665539999999993
Overcast,LSTM,1.2318385000000003
Overcast,LSTM,1.2818224999999988
Overcast,LSTM,0.9576220000000006
Overcast,LSTM,1.1091100000000012
Overcast,LSTM,0.8645150000000008
Overcast,LSTM,0.3851399999999998
Overcast,LSTM,0.5934729999999995
Overcast,LSTM,0.18258300000000105
Overcast,LSTM,0.5661569999999969
Overcast,LSTM,0.421087
Overcast,LSTM,0.07571200000000289
Overcast,LSTM,0.15099899999999877
Overcast,LSTM,0.10786200000000079
Overcast,LSTM,0.11294300000000135
Overcast,LSTM,0.16269300000000086
Overcast,LSTM,0.1608489999999989
Overcast,LSTM,0.002756000000001535
Overcast,LSTM,0.7834620000000001
Overcast,LSTM,0.6454450000000023
Overcast,LSTM,0.4272980000000004
Overcast,LSTM,0.5237899999999982
Overcast,LSTM,0.791955999999999
Overcast,LSTM,0.6695360000000008
Overcast,LSTM,0.747752000000002
Overcast,LSTM,0.932974999999999
Overcast,LSTM,1.4951499999999989
Overcast,LSTM,1.679551
Overcast,LSTM,1.3071340000000014
Overcast,LSTM,1.5988859999999985
Overcast,LSTM,1.6490650000000002
Overcast,LSTM,1.620960600000001
Overcast,LSTM,1.4489928
Overcast,LSTM,1.5044015999999996
Overcast,LSTM,1.42489
Overcast,LSTM,1.0575045
Overcast,LSTM,0.75188596
Overcast,LSTM,0.30129157
Overcast,LSTM,0.3855995000000001
Overcast,LSTM,0.5463395999999998
Overcast,LSTM,0.7372051000000002
Overcast,LSTM,0.7680048999999998
Overcast,LSTM,1.1394533999999998
Overcast,LSTM,0.8276513000000003
Overcast,LSTM,1.4642325999999999
Overcast,LSTM,1.0370527000000003
Overcast,LSTM,1.5422696999999994
Overcast,LSTM,1.164117000000001
Overcast,LSTM,1.3811
Overcast,LSTM,1.2379800000000003
Overcast,LSTM,1.2166479999999993
Overcast,LSTM,1.2583830000000003
Overcast,LSTM,1.239456999999998
Overcast,LSTM,0.8874680000000019
Overcast,LSTM,1.1231249999999982
Overcast,LSTM,0.802697000000002
Overcast,LSTM,0.37944399999999945
Overcast,LSTM,0.5546110000000013
Overcast,LSTM,0.15757599999999883
Overcast,LSTM,0.5570430000000002
Overcast,LSTM,0.38714900000000085
Overcast,LSTM,0.08314399999999722
Overcast,LSTM,0.12361900000000148
Overcast,LSTM,0.11619500000000116
Overcast,LSTM,0.11902200000000107
Overcast,LSTM,0.09849900000000034
Overcast,LSTM,0.17451499999999953
Overcast,LSTM,0.010933000000001414
Overcast,LSTM,0.7688670000000002
Overcast,LSTM,0.5874939999999995
Overcast,LSTM,0.38363899999999873
Overcast,LSTM,0.5133989999999997
Overcast,LSTM,0.7314119999999988
Overcast,LSTM,0.6124240000000007
Overcast,LSTM,0.6252290000000009
Overcast,LSTM,0.8592639999999996
Overcast,LSTM,1.384595000000001
Overcast,LSTM,1.574904
Overcast,LSTM,1.178196999999999
Overcast,LSTM,1.4889960000000002
Overcast,LSTM,1.5927159999999994
Overcast,LSTM,1.620216000000001
Overcast,LSTM,1.4744079999999995
Overcast,LSTM,1.5313350000000003
Overcast,LSTM,1.5489308
Overcast,LSTM,1.1133374
Overcast,LSTM,0.42430652
Overcast,LSTM,0.6827890000000001
Overcast,LSTM,0.8243755999999998
Overcast,LSTM,1.0918286
Overcast,LSTM,1.0902452999999999
Overcast,LSTM,1.4903504000000005
Overcast,LSTM,1.1704933999999998
Overcast,LSTM,1.7303256000000005
Overcast,LSTM,1.2569809999999997
Overcast,LSTM,1.5982199999999995
Overcast,LSTM,1.1435530000000007
Overcast,LSTM,1.269088
Overcast,LSTM,1.0153479999999995
Overcast,LSTM,0.9513510000000007
Overcast,LSTM,1.035812
Overcast,LSTM,0.975206
Overcast,LSTM,0.6117470000000012
Overcast,LSTM,0.9597969999999982
Overcast,LSTM,0.6389309999999995
Overcast,LSTM,0.3300610000000006
Overcast,LSTM,0.44185600000000136
Overcast,LSTM,0.09675599999999918
Overcast,LSTM,0.5541479999999979
Overcast,LSTM,0.3219200000000022
Overcast,LSTM,0.0958830000000006
Overcast,LSTM,0.04598999999999975
Overcast,LSTM,0.06807899999999734
Overcast,LSTM,0.30512499999999676
Overcast,LSTM,0.1921480000000031
Overcast,LSTM,0.28230299999999886
Overcast,LSTM,0.22502700000000075
Overcast,LSTM,0.835601999999998
Overcast,LSTM,0.7306670000000004
Overcast,LSTM,0.4329390000000011
Overcast,LSTM,0.5973419999999976
Overcast,LSTM,0.8361810000000034
Overcast,LSTM,0.7602839999999986
Overcast,LSTM,0.7245190000000008
Overcast,LSTM,0.983585999999999
Overcast,LSTM,1.4789049999999992
Overcast,LSTM,1.644297
Overcast,LSTM,1.2619070000000008
Overcast,LSTM,1.4786400000000004
Overcast,LSTM,1.5256779999999992
Overcast,LSTM,1.5903503000000008
Overcast,LSTM,1.2973350999999997
Overcast,LSTM,1.4170696
Overcast,LSTM,1.4091686
Overcast,LSTM,0.8614950999999997
Overcast,LSTM,0.7761915500000001
Overcast,LSTM,0.9128797999999998
Overcast,LSTM,1.3499511000000002
Overcast,LSTM,1.1544401
Overcast,LSTM,1.8241065
Overcast,LSTM,1.3652368
Overcast,LSTM,1.8582716999999995
Overcast,LSTM,1.4702395
Overcast,LSTM,1.4961444999999998
Overcast,LSTM,1.1852280000000004
Overcast,LSTM,1.3251880000000007
Overcast,LSTM,1.1022259999999982
Overcast,LSTM,1.2456780000000016
Overcast,LSTM,0.7782669999999996
Overcast,LSTM,0.92605
Overcast,LSTM,0.5299779999999998
Overcast,LSTM,0.2512439999999998
Overcast,LSTM,0.40426199999999923
Overcast,LSTM,0.01713699999999818
Overcast,LSTM,0.34132299999999915
Overcast,LSTM,0.26119300000000223
Overcast,LSTM,0.21418900000000107
Overcast,LSTM,0.013830999999999705
Overcast,LSTM,0.10774999999999935
Overcast,LSTM,0.4284530000000011
Overcast,LSTM,0.34395299999999907
Overcast,LSTM,0.45205500000000143
Overcast,LSTM,0.2832499999999989
Overcast,LSTM,1.0596530000000008
Overcast,LSTM,1.0523150000000001
Overcast,LSTM,1.018793500000001
Overcast,LSTM,1.1278064999999984
Overcast,LSTM,1.5015450000000001
Overcast,LSTM,1.4534859999999998
Overcast,LSTM,1.5202390000000001
Overcast,LSTM,1.6421360000000007
Overcast,LSTM,1.9804291999999997
Overcast,LSTM,1.8930238
Overcast,LSTM,1.3387020000000005
Overcast,LSTM,1.31493
Overcast,LSTM,0.9315016000000003
Overcast,LSTM,1.376471
Overcast,LSTM,1.136203
Overcast,LSTM,1.7924039999999994
Overcast,LSTM,1.3351100000000002
Overcast,LSTM,1.7954070000000009
Overcast,LSTM,1.4422529999999991
Overcast,LSTM,1.473573
Overcast,LSTM,1.1909650000000003
Overcast,LSTM,1.3024725000000004
Overcast,LSTM,1.100108500000001
Overcast,LSTM,1.2440319999999971
Overcast,LSTM,0.7937660000000015
Overcast,LSTM,0.9424419999999998
Overcast,LSTM,0.5280239999999985
Overcast,LSTM,0.2272020000000019
Overcast,LSTM,0.41112700000000046
Overcast,LSTM,0.024359000000000464
Overcast,LSTM,0.3223169999999982
Overcast,LSTM,0.2685449999999996
Overcast,LSTM,0.22985399999999956
Overcast,LSTM,0.0158420000000028
Overcast,LSTM,0.10015600000000191
Overcast,LSTM,0.40351400000000126
Overcast,LSTM,0.3337679999999992
Overcast,LSTM,0.4490799999999986
Overcast,LSTM,0.24735300000000038
Overcast,LSTM,1.048566000000001
Overcast,LSTM,1.0551439999999985
Overcast,LSTM,1.034044999999999
Overcast,LSTM,1.1406920000000014
Overcast,LSTM,1.5281455000000008
Overcast,LSTM,1.4667054999999998
Overcast,LSTM,1.5338049999999992
Overcast,LSTM,1.6658000000000008
Overcast,LSTM,2.0066869999999994
Overcast,LSTM,1.8962226000000006
Overcast,LSTM,1.3508919999999995
Overcast,LSTM,1.3294544
Overcast,LSTM,0.9579536000000002
Overcast,LSTM,1.337682
Overcast,LSTM,1.1481291999999996
Overcast,LSTM,1.8319307
Overcast,LSTM,1.2983386000000001
Overcast,LSTM,1.8422289999999997
Overcast,LSTM,1.3775379999999995
Overcast,LSTM,1.4401860000000006
Overcast,LSTM,1.1471979999999995
Overcast,LSTM,1.257726
Overcast,LSTM,1.1221169999999994
Overcast,LSTM,1.234655
Overcast,LSTM,0.7343290000000025
Overcast,LSTM,0.9006359999999987
Overcast,LSTM,0.5463820000000013
Overcast,LSTM,0.2560369999999992
Overcast,LSTM,0.3891939999999998
Overcast,LSTM,0.04617500000000163
Overcast,LSTM,0.39014900000000097
Overcast,LSTM,0.2738410000000009
Overcast,LSTM,0.12648800000000193
Overcast,LSTM,0.04265500000000344
Overcast,LSTM,0.010281000000002649
Overcast,LSTM,0.32230200000000053
Overcast,LSTM,0.20749999999999957
Overcast,LSTM,0.3492609999999985
Overcast,LSTM,0.1490709999999993
Overcast,LSTM,0.9690800000000017
Overcast,LSTM,0.968038
Overcast,LSTM,0.8990970000000011
Overcast,LSTM,1.0436279999999982
Overcast,LSTM,1.4265399999999993
Overcast,LSTM,1.3918610000000005
Overcast,LSTM,1.4383820000000007
Overcast,LSTM,1.6064159999999994
Overcast,LSTM,2.0150439999999996
Overcast,LSTM,1.991594000000001
Overcast,LSTM,1.4725570000000001
Overcast,LSTM,1.4618969999999996
Overcast,LSTM,0.8773330000000001
Overcast,LSTM,1.3160295
Overcast,LSTM,1.0584274999999996
Overcast,LSTM,1.6686380000000005
Overcast,LSTM,1.2634940000000006
Overcast,LSTM,1.7708969999999997
Overcast,LSTM,1.3693829999999991
Overcast,LSTM,1.4793510000000012
Overcast,LSTM,1.1666859999999986
Overcast,LSTM,1.2408410000000014
Overcast,LSTM,1.0794549999999976
Overcast,LSTM,1.1704290000000022
Overcast,LSTM,0.7453669999999981
Overcast,LSTM,0.8877750000000013
Overcast,LSTM,0.5050130000000017
Overcast,LSTM,0.22180899999999681
Overcast,LSTM,0.4111840000000022
Overcast,LSTM,0.007360999999999507
Overcast,LSTM,0.3417260000000013
Overcast,LSTM,0.29523299999999963
Overcast,LSTM,0.16036700000000081
Overcast,LSTM,0.017877999999999616
Overcast,LSTM,0.07313500000000062
Overcast,LSTM,0.35350599999999943
Overcast,LSTM,0.31677099999999925
Overcast,LSTM,0.43181000000000225
Overcast,LSTM,0.23434099999999702
Overcast,LSTM,1.0260870000000004
Overcast,LSTM,0.9861690000000003
Overcast,LSTM,0.9791050000000006
Overcast,LSTM,1.0402450000000005
Overcast,LSTM,1.3986850000000004
Overcast,LSTM,1.3451389999999996
Overcast,LSTM,1.3690280000000001
Overcast,LSTM,1.5275809999999996
Overcast,LSTM,1.8809170000000002
Overcast,LSTM,1.7936319999999997
Overcast,LSTM,1.2508280000000003
Overcast,LSTM,1.2899683999999998
Overcast,LSTM,0.8367374000000001
Overcast,LSTM,1.3730455
Overcast,LSTM,0.9655766000000003
Overcast,LSTM,1.6548757999999992
Overcast,LSTM,1.2894836000000005
Overcast,LSTM,1.7100460000000002
Overcast,LSTM,1.438877999999999
Overcast,LSTM,1.5092730000000003
Overcast,LSTM,1.2711319999999997
Overcast,LSTM,1.3139960000000013
Overcast,LSTM,1.121401999999998
Overcast,LSTM,1.2421040000000012
Overcast,LSTM,0.9177759999999999
Overcast,LSTM,1.0592579999999998
Overcast,LSTM,0.565723000000002
Overcast,LSTM,0.19643499999999747
Overcast,LSTM,0.5070770000000024
Overcast,LSTM,0.07098399999999927
Overcast,LSTM,0.28878800000000027
Overcast,LSTM,0.36205099999999746
Overcast,LSTM,0.27737599999999674
Overcast,LSTM,0.06472399999999823
Overcast,LSTM,0.1534349999999982
Overcast,LSTM,0.38494900000000243
Overcast,LSTM,0.34672399999999826
Overcast,LSTM,0.538373
Overcast,LSTM,0.23912500000000136
Overcast,LSTM,1.031600000000001
Overcast,LSTM,0.9989689999999989
Overcast,LSTM,1.0863729999999983
Overcast,LSTM,1.123324000000002
Overcast,LSTM,1.5437449999999995
Overcast,LSTM,1.4513820000000006
Overcast,LSTM,1.4902339999999992
Overcast,LSTM,1.7303320000000006
Overcast,LSTM,2.0132749999999993
Overcast,LSTM,1.8659844000000003
Overcast,LSTM,1.3033566000000003
Overcast,LSTM,1.3437979999999996
Overcast,LSTM,0.9939993999999999
Overcast,LSTM,1.3977230000000005
Overcast,LSTM,1.2499506999999994
Overcast,LSTM,1.9053703000000004
Overcast,LSTM,1.4474100000000005
Overcast,LSTM,1.8777979999999985
Overcast,LSTM,1.4940490000000004
Overcast,LSTM,1.5522600000000004
Overcast,LSTM,1.2396410000000007
Overcast,LSTM,1.2663159999999998
Overcast,LSTM,1.1192910000000005
Overcast,LSTM,1.1880399999999973
Overcast,LSTM,0.7985190000000024
Overcast,LSTM,0.8344819999999977
Overcast,LSTM,0.5314750000000004
Overcast,LSTM,0.1753750000000025
Overcast,LSTM,0.4377539999999982
Overcast,LSTM,0.062338999999997924
Overcast,LSTM,0.38551
Overcast,LSTM,0.23881599999999992
Overcast,LSTM,0.24052600000000268
Overcast,LSTM,0.07762799999999714
Overcast,LSTM,0.12743300000000346
Overcast,LSTM,0.4412489999999991
Overcast,LSTM,0.3920989999999982
Overcast,LSTM,0.45778800000000075
Overcast,LSTM,0.24594700000000103
Overcast,LSTM,0.9553529999999988
Overcast,LSTM,0.9860569999999989
Overcast,LSTM,0.8608820000000001
Overcast,LSTM,0.9538190000000029
Overcast,LSTM,1.4343199999999978
Overcast,LSTM,1.3315920000000006
Overcast,LSTM,1.472422
Overcast,LSTM,1.629436
Overcast,LSTM,2.1118880000000004
Overcast,LSTM,2.0171234999999994
Overcast,LSTM,1.5540781
Overcast,LSTM,1.4895621000000006
Overcast,PiT-Net(Proposed),0.9007128398163208
Overcast,PiT-Net(Proposed),1.2877203514353754
Overcast,PiT-Net(Proposed),1.539763283897308
Overcast,PiT-Net(Proposed),1.6903769093244128
Overcast,PiT-Net(Proposed),1.8058760799299227
Overcast,PiT-Net(Proposed),1.5978374440646261
Overcast,PiT-Net(Proposed),1.4176032172281285
Overcast,PiT-Net(Proposed),1.3630084978151427
Overcast,PiT-Net(Proposed),1.1261454380069011
Overcast,PiT-Net(Proposed),1.182064262539651
Overcast,PiT-Net(Proposed),0.9079916715476557
Overcast,PiT-Net(Proposed),0.7125043842951868
Overcast,PiT-Net(Proposed),0.8470930447312099
Overcast,PiT-Net(Proposed),0.747204143071702
Overcast,PiT-Net(Proposed),0.5234862270780596
Overcast,PiT-Net(Proposed),0.13150354254474195
Overcast,PiT-Net(Proposed),0.5168065062425846
Overcast,PiT-Net(Proposed),0.22857558103364894
Overcast,PiT-Net(Proposed),0.3440935924045192
Overcast,PiT-Net(Proposed),0.1623399269761201
Overcast,PiT-Net(Proposed),0.15478214284967606
Overcast,PiT-Net(Proposed),0.04629115732140576
Overcast,PiT-Net(Proposed),0.09773641935503719
Overcast,PiT-Net(Proposed),0.1748802894921333
Overcast,PiT-Net(Proposed),0.6760754080446958
Overcast,PiT-Net(Proposed),0.1892919136312372
Overcast,PiT-Net(Proposed),0.35480560580959164
Overcast,PiT-Net(Proposed),0.6824624118354947
Overcast,PiT-Net(Proposed),0.6176473575214843
Overcast,PiT-Net(Proposed),1.0372527942991017
Overcast,PiT-Net(Proposed),0.6184495791811511
Overcast,PiT-Net(Proposed),0.8318797532565654
Overcast,PiT-Net(Proposed),0.7764237837455852
Overcast,PiT-Net(Proposed),0.9137102156442598
Overcast,PiT-Net(Proposed),0.8715408746927338
Overcast,PiT-Net(Proposed),0.93975577180648
Overcast,PiT-Net(Proposed),1.1118080880985524
Overcast,PiT-Net(Proposed),1.1862389298774847
Overcast,PiT-Net(Proposed),1.2619061784029624
Overcast,PiT-Net(Proposed),1.515230758426382
Overcast,PiT-Net(Proposed),1.6235005302086947
Overcast,PiT-Net(Proposed),1.5100108678888184
Overcast,PiT-Net(Proposed),1.2133576577077672
Overcast,PiT-Net(Proposed),0.795443598592887
Overcast,PiT-Net(Proposed),0.522766902670102
Overcast,PiT-Net(Proposed),0.6607265377272764
Overcast,PiT-Net(Proposed),0.7718231806063369
Overcast,PiT-Net(Proposed),0.9130149456441603
Overcast,PiT-Net(Proposed),0.6920701254685255
Overcast,PiT-Net(Proposed),0.4476090890177673
Overcast,PiT-Net(Proposed),0.44953142920912015
Overcast,PiT-Net(Proposed),0.30861950953219
Overcast,PiT-Net(Proposed),0.3475634478591285
Overcast,PiT-Net(Proposed),0.12805687218254924
Overcast,PiT-Net(Proposed),0.040965437489534295
Overcast,PiT-Net(Proposed),0.491837867858667
Overcast,PiT-Net(Proposed),0.5272296345635246
Overcast,PiT-Net(Proposed),0.6147531392941579
Overcast,PiT-Net(Proposed),0.10138998429833102
Overcast,PiT-Net(Proposed),0.5738953836899929
Overcast,PiT-Net(Proposed),0.5713640204170218
Overcast,PiT-Net(Proposed),0.981048293071014
Overcast,PiT-Net(Proposed),0.25532369547314815
Overcast,PiT-Net(Proposed),0.5562893889574791
Overcast,PiT-Net(Proposed),0.6369340328148159
Overcast,PiT-Net(Proposed),0.47807244721885844
Overcast,PiT-Net(Proposed),0.45421001880829337
Overcast,PiT-Net(Proposed),0.07727513576211287
Overcast,PiT-Net(Proposed),0.15625292412395098
Overcast,PiT-Net(Proposed),0.2648254103498857
Overcast,PiT-Net(Proposed),0.38562571069691387
Overcast,PiT-Net(Proposed),0.3572096088171133
Overcast,PiT-Net(Proposed),0.31585199951748777
Overcast,PiT-Net(Proposed),0.250950788893455
Overcast,PiT-Net(Proposed),0.21044632205001612
Overcast,PiT-Net(Proposed),0.5376241755081583
Overcast,PiT-Net(Proposed),0.8977781084000345
Overcast,PiT-Net(Proposed),0.7225847920910695
Overcast,PiT-Net(Proposed),0.8630662512402303
Overcast,PiT-Net(Proposed),1.0400523360757639
Overcast,PiT-Net(Proposed),1.048400619393111
Overcast,PiT-Net(Proposed),0.9732214563175088
Overcast,PiT-Net(Proposed),0.8964216482040808
Overcast,PiT-Net(Proposed),0.912704748797498
Overcast,PiT-Net(Proposed),0.8876568862205219
Overcast,PiT-Net(Proposed),0.8246397917934973
Overcast,PiT-Net(Proposed),0.4715066285372001
Overcast,PiT-Net(Proposed),0.5889495982664521
Overcast,PiT-Net(Proposed),0.6939204340292244
Overcast,PiT-Net(Proposed),0.7835984847132971
Overcast,PiT-Net(Proposed),0.9488517363079896
Overcast,PiT-Net(Proposed),0.8921823637613575
Overcast,PiT-Net(Proposed),0.7582179159419171
Overcast,PiT-Net(Proposed),0.6483530155616481
Overcast,PiT-Net(Proposed),0.8654821487963691
Overcast,PiT-Net(Proposed),0.7351404067088687
Overcast,PiT-Net(Proposed),0.6374138408064809
Overcast,PiT-Net(Proposed),0.4293998420128524
Overcast,PiT-Net(Proposed),0.7372965704847818
Overcast,PiT-Net(Proposed),0.471572931662978
Overcast,PiT-Net(Proposed),0.5755470868273314
Overcast,PiT-Net(Proposed),0.3745236856580565
Overcast,PiT-Net(Proposed),0.4268605656239597
Overcast,PiT-Net(Proposed),0.40521560405504253
Overcast,PiT-Net(Proposed),0.3956986289619575
Overcast,PiT-Net(Proposed),0.1498157487421441
Overcast,PiT-Net(Proposed),0.30474314150178294
Overcast,PiT-Net(Proposed),0.38142783937606417
Overcast,PiT-Net(Proposed),0.5179332078585048
Overcast,PiT-Net(Proposed),0.2045358174994032
Overcast,PiT-Net(Proposed),0.4867771575104669
Overcast,PiT-Net(Proposed),0.34736156722461686
Overcast,PiT-Net(Proposed),0.23633396995299627
Overcast,PiT-Net(Proposed),0.5326223943015052
Overcast,PiT-Net(Proposed),0.5636686092997003
Overcast,PiT-Net(Proposed),0.5479248582126921
Overcast,PiT-Net(Proposed),0.2843676502959456
Overcast,PiT-Net(Proposed),0.502814730123589
Overcast,PiT-Net(Proposed),0.5303881754699864
Overcast,PiT-Net(Proposed),0.7268782663693196
Overcast,PiT-Net(Proposed),0.46637706959022474
Overcast,PiT-Net(Proposed),0.5140256252121436
Overcast,PiT-Net(Proposed),0.6007986009802817
Overcast,PiT-Net(Proposed),0.5413638388419706
Overcast,PiT-Net(Proposed),0.6592434228517869
Overcast,PiT-Net(Proposed),0.7017283248036836
Overcast,PiT-Net(Proposed),0.6822966467555966
Overcast,PiT-Net(Proposed),0.5955533408187677
Overcast,PiT-Net(Proposed),0.556424141523718
Overcast,PiT-Net(Proposed),0.2758715391893025
Overcast,PiT-Net(Proposed),0.3992682119144366
Overcast,PiT-Net(Proposed),0.6181551185025167
Overcast,PiT-Net(Proposed),0.8489845342290345
Overcast,PiT-Net(Proposed),1.055689858295421
Overcast,PiT-Net(Proposed),1.294571857258369
Overcast,PiT-Net(Proposed),1.3702111244788044
Overcast,PiT-Net(Proposed),1.4335306088337445
Overcast,PiT-Net(Proposed),1.499746539561852
Overcast,PiT-Net(Proposed),1.7447710734661115
Overcast,PiT-Net(Proposed),1.3454668649023365
Overcast,PiT-Net(Proposed),1.1352193698263928
Overcast,PiT-Net(Proposed),1.218462262174727
Overcast,PiT-Net(Proposed),1.024697727451528
Overcast,PiT-Net(Proposed),1.1856931434396447
Overcast,PiT-Net(Proposed),1.0248291276170427
Overcast,PiT-Net(Proposed),0.7281716315312394
Overcast,PiT-Net(Proposed),0.9362022629534792
Overcast,PiT-Net(Proposed),1.019544583839295
Overcast,PiT-Net(Proposed),0.864410565309182
Overcast,PiT-Net(Proposed),0.2958919552422792
Overcast,PiT-Net(Proposed),0.4787376583639542
Overcast,PiT-Net(Proposed),0.3627996095228667
Overcast,PiT-Net(Proposed),0.4103120835833778
Overcast,PiT-Net(Proposed),0.06688247092694866
Overcast,PiT-Net(Proposed),0.011021281411920825
Overcast,PiT-Net(Proposed),0.20317819648952806
Overcast,PiT-Net(Proposed),0.15930778789966382
Overcast,PiT-Net(Proposed),0.11014609720738378
Overcast,PiT-Net(Proposed),0.29347456760614676
Overcast,PiT-Net(Proposed),0.12123792962970725
Overcast,PiT-Net(Proposed),0.26308027576802573
Overcast,PiT-Net(Proposed),0.6491040252435418
Overcast,PiT-Net(Proposed),0.5272086633058244
Overcast,PiT-Net(Proposed),0.8451442806796585
Overcast,PiT-Net(Proposed),0.7306277372373735
Overcast,PiT-Net(Proposed),0.8750090509435005
Overcast,PiT-Net(Proposed),0.9108642442331671
Overcast,PiT-Net(Proposed),1.0887816246773312
Overcast,PiT-Net(Proposed),0.9412976536049893
Overcast,PiT-Net(Proposed),0.9603068041713119
Overcast,PiT-Net(Proposed),1.0792786818542428
Overcast,PiT-Net(Proposed),1.022399975400889
Overcast,PiT-Net(Proposed),1.2495373414283915
Overcast,PiT-Net(Proposed),1.3254166141603658
Overcast,PiT-Net(Proposed),1.4112275961001952
Overcast,PiT-Net(Proposed),1.3449752097788377
Overcast,PiT-Net(Proposed),1.3318548350575297
Overcast,PiT-Net(Proposed),1.3761995799680546
Overcast,PiT-Net(Proposed),1.265695987883082
Overcast,PiT-Net(Proposed),1.1131260909858551
Overcast,PiT-Net(Proposed),0.9044467343769503
Overcast,PiT-Net(Proposed),0.6123161289960061
Overcast,PiT-Net(Proposed),0.4259894325100122
Overcast,PiT-Net(Proposed),0.6776625532053652
Overcast,PiT-Net(Proposed),1.0100521048821742
Overcast,PiT-Net(Proposed),1.2332846156694939
Overcast,PiT-Net(Proposed),1.3945144992819296
Overcast,PiT-Net(Proposed),1.580410325933971
Overcast,PiT-Net(Proposed),1.7548810184166328
Overcast,PiT-Net(Proposed),1.5560960681621392
Overcast,PiT-Net(Proposed),1.3818354274411764
Overcast,PiT-Net(Proposed),1.413830683767845
Overcast,PiT-Net(Proposed),1.1471504516906617
Overcast,PiT-Net(Proposed),1.3064358542699086
Overcast,PiT-Net(Proposed),1.0678993059101014
Overcast,PiT-Net(Proposed),0.8327590522922854
Overcast,PiT-Net(Proposed),0.8499411412960498
Overcast,PiT-Net(Proposed),0.9579747534311558
Overcast,PiT-Net(Proposed),0.659671531635869
Overcast,PiT-Net(Proposed),0.23628480950939235
Overcast,PiT-Net(Proposed),0.537454591973713
Overcast,PiT-Net(Proposed),0.4276101903773437
Overcast,PiT-Net(Proposed),0.4905656489061805
Overcast,PiT-Net(Proposed),0.11750271410131319
Overcast,PiT-Net(Proposed),0.03497765048917856
Overcast,PiT-Net(Proposed),0.07761205480617406
Overcast,PiT-Net(Proposed),0.09872103761498607
Overcast,PiT-Net(Proposed),0.22250715302998003
Overcast,PiT-Net(Proposed),0.370306252796059
Overcast,PiT-Net(Proposed),0.17065195018082235
Overcast,PiT-Net(Proposed),0.21556653611079213
Overcast,PiT-Net(Proposed),0.573466817348173
Overcast,PiT-Net(Proposed),0.5040992076772248
Overcast,PiT-Net(Proposed),0.8049363796309699
Overcast,PiT-Net(Proposed),0.6272177336172113
Overcast,PiT-Net(Proposed),0.8397709867074425
Overcast,PiT-Net(Proposed),0.9369176679146101
Overcast,PiT-Net(Proposed),1.1426791393455211
Overcast,PiT-Net(Proposed),1.0278520666526347
Overcast,PiT-Net(Proposed),1.147984722272005
Overcast,PiT-Net(Proposed),1.1890669557579407
Overcast,PiT-Net(Proposed),1.2647418572070208
Overcast,PiT-Net(Proposed),1.4171802440681454
Overcast,PiT-Net(Proposed),1.5702984025292652
Overcast,PiT-Net(Proposed),1.6901940249479583
Overcast,PiT-Net(Proposed),1.6622197782250687
Overcast,PiT-Net(Proposed),1.557091939764851
Overcast,PiT-Net(Proposed),1.308742144179122
Overcast,PiT-Net(Proposed),0.8629084169991916
Overcast,PiT-Net(Proposed),0.39366305479932684
Overcast,PiT-Net(Proposed),0.634314751178204
Overcast,PiT-Net(Proposed),0.9680460210285027
Overcast,PiT-Net(Proposed),1.210129484526548
Overcast,PiT-Net(Proposed),1.3891252060027002
Overcast,PiT-Net(Proposed),1.5861180660391119
Overcast,PiT-Net(Proposed),1.764407410447518
Overcast,PiT-Net(Proposed),1.5764946674429972
Overcast,PiT-Net(Proposed),1.3957994046060307
Overcast,PiT-Net(Proposed),1.4321606578756594
Overcast,PiT-Net(Proposed),1.1664118558784455
Overcast,PiT-Net(Proposed),1.3375995135998444
Overcast,PiT-Net(Proposed),1.0656205735120174
Overcast,PiT-Net(Proposed),0.8529630245883517
Overcast,PiT-Net(Proposed),0.863317503988366
Overcast,PiT-Net(Proposed),0.9689434811745024
Overcast,PiT-Net(Proposed),0.6654455670617843
Overcast,PiT-Net(Proposed),0.20910094125322587
Overcast,PiT-Net(Proposed),0.5436416812279248
Overcast,PiT-Net(Proposed),0.4187052377897338
Overcast,PiT-Net(Proposed),0.4827506400662074
Overcast,PiT-Net(Proposed),0.11469998641845436
Overcast,PiT-Net(Proposed),0.010662067989077428
Overcast,PiT-Net(Proposed),0.0719492789979661
Overcast,PiT-Net(Proposed),0.12624693657118158
Overcast,PiT-Net(Proposed),0.24375496048241985
Overcast,PiT-Net(Proposed),0.38211345485195736
Overcast,PiT-Net(Proposed),0.18089420707457649
Overcast,PiT-Net(Proposed),0.1996852268875422
Overcast,PiT-Net(Proposed),0.5418801571729581
Overcast,PiT-Net(Proposed),0.4856315416651178
Overcast,PiT-Net(Proposed),0.7879889724842357
Overcast,PiT-Net(Proposed),0.6055009428665059
Overcast,PiT-Net(Proposed),0.8270562198723574
Overcast,PiT-Net(Proposed),0.9067023350787942
Overcast,PiT-Net(Proposed),1.1346212173740486
Overcast,PiT-Net(Proposed),1.0451487922762368
Overcast,PiT-Net(Proposed),1.1590234199858163
Overcast,PiT-Net(Proposed),1.184590699109286
Overcast,PiT-Net(Proposed),1.2758858219551161
Overcast,PiT-Net(Proposed),1.438507535630734
Overcast,PiT-Net(Proposed),1.5916051805351525
Overcast,PiT-Net(Proposed),1.6959123711102784
Overcast,PiT-Net(Proposed),1.6732617896127815
Overcast,PiT-Net(Proposed),1.5696447978522658
Overcast,PiT-Net(Proposed),1.3194283877880661
Overcast,PiT-Net(Proposed),0.8518091139449262
Overcast,PiT-Net(Proposed),0.38742102854000826
Overcast,PiT-Net(Proposed),0.6302179756430818
Overcast,PiT-Net(Proposed),0.9556799411227603
Overcast,PiT-Net(Proposed),1.1864277771800493
Overcast,PiT-Net(Proposed),1.3630874634684318
Overcast,PiT-Net(Proposed),1.5521121356492484
Overcast,PiT-Net(Proposed),1.73470049403997
Overcast,PiT-Net(Proposed),1.5719479907878515
Overcast,PiT-Net(Proposed),1.412853338506995
Overcast,PiT-Net(Proposed),1.4523796609371242
Overcast,PiT-Net(Proposed),1.21216359551026
Overcast,PiT-Net(Proposed),1.3491618656232252
Overcast,PiT-Net(Proposed),1.1344520807335972
Overcast,PiT-Net(Proposed),0.8763196479128048
Overcast,PiT-Net(Proposed),0.9227392811578063
Overcast,PiT-Net(Proposed),0.9897326042870596
Overcast,PiT-Net(Proposed),0.7321197571547167
Overcast,PiT-Net(Proposed),0.24958025523480387
Overcast,PiT-Net(Proposed),0.6010768995759399
Overcast,PiT-Net(Proposed),0.4138461521188965
Overcast,PiT-Net(Proposed),0.48988061565161445
Overcast,PiT-Net(Proposed),0.09941286323558884
Overcast,PiT-Net(Proposed),0.018824549901552246
Overcast,PiT-Net(Proposed),0.0914485391147295
Overcast,PiT-Net(Proposed),0.17410070861064852
Overcast,PiT-Net(Proposed),0.19810524501395932
Overcast,PiT-Net(Proposed),0.41296444158031775
Overcast,PiT-Net(Proposed),0.18493984582422485
Overcast,PiT-Net(Proposed),0.2408881146974693
Overcast,PiT-Net(Proposed),0.5352488307750818
Overcast,PiT-Net(Proposed),0.497351534652001
Overcast,PiT-Net(Proposed),0.8196694672665963
Overcast,PiT-Net(Proposed),0.6485927517172208
Overcast,PiT-Net(Proposed),0.8378292852489757
Overcast,PiT-Net(Proposed),0.9426391945918162
Overcast,PiT-Net(Proposed),1.1567052521761063
Overcast,PiT-Net(Proposed),1.0784643730698331
Overcast,PiT-Net(Proposed),1.1699854110256638
Overcast,PiT-Net(Proposed),1.230526793119635
Overcast,PiT-Net(Proposed),1.2782944719244167
Overcast,PiT-Net(Proposed),1.4670877648310263
Overcast,PiT-Net(Proposed),1.6007722974193026
Overcast,PiT-Net(Proposed),1.7073390008020226
Overcast,PiT-Net(Proposed),1.67141274721551
Overcast,PiT-Net(Proposed),1.536628736415222
Overcast,PiT-Net(Proposed),1.2683800568878572
Overcast,PiT-Net(Proposed),0.7968246810664921
Overcast,PiT-Net(Proposed),0.42275794117280036
Overcast,PiT-Net(Proposed),0.6945673048310275
Overcast,PiT-Net(Proposed),1.044990266843273
Overcast,PiT-Net(Proposed),1.2812504738515949
Overcast,PiT-Net(Proposed),1.4530939646489651
Overcast,PiT-Net(Proposed),1.633584037146611
Overcast,PiT-Net(Proposed),1.7757403389237032
Overcast,PiT-Net(Proposed),1.5816592028655378
Overcast,PiT-Net(Proposed),1.4101871389640053
Overcast,PiT-Net(Proposed),1.4355441330989063
Overcast,PiT-Net(Proposed),1.1575529690415056
Overcast,PiT-Net(Proposed),1.2988818884434892
Overcast,PiT-Net(Proposed),1.0794433872089542
Overcast,PiT-Net(Proposed),0.8375513421114853
Overcast,PiT-Net(Proposed),0.8655872606180992
Overcast,PiT-Net(Proposed),0.9322482928044487
Overcast,PiT-Net(Proposed),0.6540727663581443
Overcast,PiT-Net(Proposed),0.19565773102625883
Overcast,PiT-Net(Proposed),0.5840286288139396
Overcast,PiT-Net(Proposed),0.40092676785278414
Overcast,PiT-Net(Proposed),0.48809015690126856
Overcast,PiT-Net(Proposed),0.07329465668661328
Overcast,PiT-Net(Proposed),0.013858410641017116
Overcast,PiT-Net(Proposed),0.10839126182885295
Overcast,PiT-Net(Proposed),0.16287248822536782
Overcast,PiT-Net(Proposed),0.21840457793819823
Overcast,PiT-Net(Proposed),0.45053260198080736
Overcast,PiT-Net(Proposed),0.17844619238859138
Overcast,PiT-Net(Proposed),0.24468825152292695
Overcast,PiT-Net(Proposed),0.560203203875048
Overcast,PiT-Net(Proposed),0.49262511417420285
Overcast,PiT-Net(Proposed),0.8575937154137527
Overcast,PiT-Net(Proposed),0.6364613207995973
Overcast,PiT-Net(Proposed),0.862111069388785
Overcast,PiT-Net(Proposed),0.9339887644255143
Overcast,PiT-Net(Proposed),1.1229762693251732
Overcast,PiT-Net(Proposed),1.0436693842447387
Overcast,PiT-Net(Proposed),1.1433006630017193
Overcast,PiT-Net(Proposed),1.1957910481548417
Overcast,PiT-Net(Proposed),1.2713359887856797
Overcast,PiT-Net(Proposed),1.4397782664339385
Overcast,PiT-Net(Proposed),1.600038854285689
Overcast,PiT-Net(Proposed),1.741836301836214
Overcast,PiT-Net(Proposed),1.716957604249723
Overcast,PiT-Net(Proposed),1.5768738205153352
Overcast,PiT-Net(Proposed),1.2710165284865929
Overcast,PiT-Net(Proposed),0.47603456486968937
Overcast,PiT-Net(Proposed),0.7749538847136929
Overcast,PiT-Net(Proposed),1.1181324779613737
Overcast,PiT-Net(Proposed),1.322994397970156
Overcast,PiT-Net(Proposed),1.4500197988369683
Overcast,PiT-Net(Proposed),1.6066099997171834
Overcast,PiT-Net(Proposed),1.7277655375265324
Overcast,PiT-Net(Proposed),1.4958394203115741
Overcast,PiT-Net(Proposed),1.361254311455717
Overcast,PiT-Net(Proposed),1.4081662561110253
Overcast,PiT-Net(Proposed),1.1314287395796185
Overcast,PiT-Net(Proposed),1.2738916771058495
Overcast,PiT-Net(Proposed),1.0581715141888495
Overcast,PiT-Net(Proposed),0.8180497997985405
Overcast,PiT-Net(Proposed),0.8346209650331815
Overcast,PiT-Net(Proposed),0.907827157835289
Overcast,PiT-Net(Proposed),0.6219874747477228
Overcast,PiT-Net(Proposed),0.18064601308637762
Overcast,PiT-Net(Proposed),0.5630094268074188
Overcast,PiT-Net(Proposed),0.4240094602816491
Overcast,PiT-Net(Proposed),0.5109238418562398
Overcast,PiT-Net(Proposed),0.0564029669146322
Overcast,PiT-Net(Proposed),0.0011256172642788442
Overcast,PiT-Net(Proposed),0.061875904067051124
Overcast,PiT-Net(Proposed),0.12126119670303837
Overcast,PiT-Net(Proposed),0.21557395614492592
Overcast,PiT-Net(Proposed),0.45319076557408167
Overcast,PiT-Net(Proposed),0.15678749944434145
Overcast,PiT-Net(Proposed),0.21784959967677509
Overcast,PiT-Net(Proposed),0.5270134328190075
Overcast,PiT-Net(Proposed),0.4581886526626242
Overcast,PiT-Net(Proposed),0.826244756491807
Overcast,PiT-Net(Proposed),0.5979514463666824
Overcast,PiT-Net(Proposed),0.8581950442985402
Overcast,PiT-Net(Proposed),0.9394948185700116
Overcast,PiT-Net(Proposed),1.1390023008781025
Overcast,PiT-Net(Proposed),1.048294878332694
Overcast,PiT-Net(Proposed),1.1845830440148628
Overcast,PiT-Net(Proposed),1.2213716871667089
Overcast,PiT-Net(Proposed),1.3102708397965834
Overcast,PiT-Net(Proposed),1.482891900603322
Overcast,PiT-Net(Proposed),1.650578089784287
Overcast,PiT-Net(Proposed),1.788553044214269
Overcast,PiT-Net(Proposed),1.7344456850914773
Overcast,PiT-Net(Proposed),1.5633379310883875
Overcast,PiT-Net(Proposed),1.227407460175037
Overcast,PiT-Net(Proposed),0.7446835466771484
Overcast,PiT-Net(Proposed),1.0606426012155201
Overcast,PiT-Net(Proposed),1.21053924634806
Overcast,PiT-Net(Proposed),1.1680268044957836
Overcast,PiT-Net(Proposed),1.1694232720745656
Overcast,PiT-Net(Proposed),0.9885677473670311
Overcast,PiT-Net(Proposed),1.0444168036514982
Overcast,PiT-Net(Proposed),0.8475058694130411
Overcast,PiT-Net(Proposed),0.5957423660816357
Overcast,PiT-Net(Proposed),0.7831734374567034
Overcast,PiT-Net(Proposed),0.637567006258065
Overcast,PiT-Net(Proposed),0.6309264697812917
Overcast,PiT-Net(Proposed),0.3527833999484802
Overcast,PiT-Net(Proposed),0.43957127343509583
Overcast,PiT-Net(Proposed),0.25391532476480805
Overcast,PiT-Net(Proposed),0.27073033371567234
Overcast,PiT-Net(Proposed),0.0032032303045408383
Overcast,PiT-Net(Proposed),0.026585761918987316
Overcast,PiT-Net(Proposed),0.24099727867232978
Overcast,PiT-Net(Proposed),0.36619069503091417
Overcast,PiT-Net(Proposed),0.31944925383365685
Overcast,PiT-Net(Proposed),0.6274731488305338
Overcast,PiT-Net(Proposed),0.45270491131207
Overcast,PiT-Net(Proposed),0.3983163643324197
Overcast,PiT-Net(Proposed),0.7031004156618579
Overcast,PiT-Net(Proposed),0.6906308819970963
Overcast,PiT-Net(Proposed),0.7598367879441543
Overcast,PiT-Net(Proposed),0.7985840440355787
Overcast,PiT-Net(Proposed),0.849315750995844
Overcast,PiT-Net(Proposed),0.8625643915298609
Overcast,PiT-Net(Proposed),0.9988434771078092
Overcast,PiT-Net(Proposed),0.986618046493231
Overcast,PiT-Net(Proposed),1.0769494926086387
Overcast,PiT-Net(Proposed),1.004257033099262
Overcast,PiT-Net(Proposed),0.8181982838180583
Overcast,PiT-Net(Proposed),1.2977109743720838
Overcast,PiT-Net(Proposed),1.8172572229629185
Overcast,PiT-Net(Proposed),1.9829994174404901
Overcast,PiT-Net(Proposed),1.8875448659349265
Overcast,PiT-Net(Proposed),1.8977032836993715
Overcast,PiT-Net(Proposed),1.5445024294540808
Overcast,PiT-Net(Proposed),1.4783416031976255
Overcast,PiT-Net(Proposed),1.15793298269341
Overcast,PiT-Net(Proposed),0.7322752451497418
Overcast,PiT-Net(Proposed),0.9301773167983498
Overcast,PiT-Net(Proposed),0.9772403880891467
Overcast,PiT-Net(Proposed),0.6758556571739867
Overcast,PiT-Net(Proposed),0.3014858712133659
Overcast,PiT-Net(Proposed),0.4545545718711459
Overcast,PiT-Net(Proposed),0.41836978995884877
Overcast,PiT-Net(Proposed),0.3315408188405691
Overcast,PiT-Net(Proposed),0.12148463839793422
Overcast,PiT-Net(Proposed),0.07631045604057718
Overcast,PiT-Net(Proposed),0.28927029883079314
Overcast,PiT-Net(Proposed),0.3474368051818182
Overcast,PiT-Net(Proposed),0.1908234587703106
Overcast,PiT-Net(Proposed),0.7229085647887317
Overcast,PiT-Net(Proposed),0.41175565574689443
Overcast,PiT-Net(Proposed),0.37955242565326586
Overcast,PiT-Net(Proposed),0.6783466717561044
Overcast,PiT-Net(Proposed),0.8517557554712969
Overcast,PiT-Net(Proposed),1.0347214345788327
Overcast,PiT-Net(Proposed),1.1120421184343297
Overcast,PiT-Net(Proposed),1.2449254915655548
Overcast,PiT-Net(Proposed),1.2635174608084796
Overcast,PiT-Net(Proposed),1.6671812075624217
Overcast,PiT-Net(Proposed),1.7805078273594495
Overcast,PiT-Net(Proposed),2.0194371622658798
Overcast,PiT-Net(Proposed),1.9612610943187998
Overcast,PiT-Net(Proposed),1.5753970824678227
Overcast,PiT-Net(Proposed),0.3041403203444275
Overcast,PiT-Net(Proposed),0.45276050441410276
Overcast,PiT-Net(Proposed),0.5164975860516214
Overcast,PiT-Net(Proposed),0.4986713450660085
Overcast,PiT-Net(Proposed),0.5095726345320717
Overcast,PiT-Net(Proposed),0.6031791127431321
Overcast,PiT-Net(Proposed),0.5925888766875094
Overcast,PiT-Net(Proposed),0.4708539806937808
Overcast,PiT-Net(Proposed),0.42151444018834017
Overcast,PiT-Net(Proposed),0.5212475710239266
Overcast,PiT-Net(Proposed),0.45196333015952117
Overcast,PiT-Net(Proposed),0.3916627327634341
Overcast,PiT-Net(Proposed),0.32402628592466787
Overcast,PiT-Net(Proposed),0.4336486276127465
Overcast,PiT-Net(Proposed),0.29615965310948056
Overcast,PiT-Net(Proposed),0.24032702178104692
Overcast,PiT-Net(Proposed),0.02960757761726196
Overcast,PiT-Net(Proposed),0.21498582942688937
Overcast,PiT-Net(Proposed),0.1666327982612179
Overcast,PiT-Net(Proposed),0.5215053784306178
Overcast,PiT-Net(Proposed),0.34805301042894055
Overcast,PiT-Net(Proposed),0.3784640725111901
Overcast,PiT-Net(Proposed),0.3515368231568443
Overcast,PiT-Net(Proposed),0.28544600665058706
Overcast,PiT-Net(Proposed),0.5793695259536005
Overcast,PiT-Net(Proposed),0.6338135628204205
Overcast,PiT-Net(Proposed),0.497820825069593
Overcast,PiT-Net(Proposed),0.47360322530731214
Overcast,PiT-Net(Proposed),0.36692240599839954
Overcast,PiT-Net(Proposed),0.5142714270422206
Overcast,PiT-Net(Proposed),0.5878360276290602
Overcast,PiT-Net(Proposed),0.442756180430506
Overcast,PiT-Net(Proposed),0.42807608552552623
Overcast,PiT-Net(Proposed),0.5456700690205012
Overcast,PiT-Net(Proposed),0.615534317805468
Overcast,PiT-Net(Proposed),0.5829849381283494
Overcast,PiT-Net(Proposed),0.48799255516960116
Overcast,PiT-Net(Proposed),0.5904887747253116
Overcast,PiT-Net(Proposed),0.5551628756949532
Overcast,PiT-Net(Proposed),0.3990866342381447
Overcast,PiT-Net(Proposed),0.31596989214103033
Overcast,PiT-Net(Proposed),0.46781988839404764
Overcast,PiT-Net(Proposed),0.3619659757913105
Overcast,PiT-Net(Proposed),0.4505309463290459
Overcast,PiT-Net(Proposed),0.30150124457017746
Overcast,PiT-Net(Proposed),0.36063176510905226
Overcast,PiT-Net(Proposed),0.1961180915163414
Overcast,PiT-Net(Proposed),0.2191697481717778
Overcast,PiT-Net(Proposed),0.12936507375577655
Overcast,PiT-Net(Proposed),0.04539263232856516
Overcast,PiT-Net(Proposed),0.026454636493772554
Overcast,PiT-Net(Proposed),0.2738254636641342
Overcast,PiT-Net(Proposed),0.1775791723600566
Overcast,PiT-Net(Proposed),0.3957649744137468
Overcast,PiT-Net(Proposed),0.34134626336569696
Overcast,PiT-Net(Proposed),0.30439786587820894
Overcast,PiT-Net(Proposed),0.6043273380295968
Overcast,PiT-Net(Proposed),0.7478447822170669
Overcast,PiT-Net(Proposed),0.5702498463756727
Overcast,PiT-Net(Proposed),0.4935859742519577
Overcast,PiT-Net(Proposed),0.5311346968761583
Overcast,PiT-Net(Proposed),0.549943024322626
Overcast,PiT-Net(Proposed),0.5770224318021411
Overcast,PiT-Net(Proposed),0.454262252079777
Overcast,PiT-Net(Proposed),0.3955178620240605
Overcast,PiT-Net(Proposed),0.8990223269849035
Overcast,PiT-Net(Proposed),1.1296102248966995
Overcast,PiT-Net(Proposed),1.1056503303538197
Overcast,PiT-Net(Proposed),1.1012986101448141
Overcast,PiT-Net(Proposed),1.05360589731161
Overcast,PiT-Net(Proposed),1.0085717328358808
Overcast,PiT-Net(Proposed),0.826576473943085
Overcast,PiT-Net(Proposed),0.6124432102138027
Overcast,PiT-Net(Proposed),0.7750991381401722
Overcast,PiT-Net(Proposed),0.5611299682079274
Overcast,PiT-Net(Proposed),0.3742331948302393
Overcast,PiT-Net(Proposed),0.30002687189341337
Overcast,PiT-Net(Proposed),0.27251561164526805
Overcast,PiT-Net(Proposed),0.28206993437782657
Overcast,PiT-Net(Proposed),0.1700545434556382
Overcast,PiT-Net(Proposed),0.03166961703647786
Overcast,PiT-Net(Proposed),0.03600904040346187
Overcast,PiT-Net(Proposed),0.18347528546539316
Overcast,PiT-Net(Proposed),0.35828069275889973
Overcast,PiT-Net(Proposed),0.17014643504823646
Overcast,PiT-Net(Proposed),0.5895191536327058
Overcast,PiT-Net(Proposed),0.5122309189889407
Overcast,PiT-Net(Proposed),0.5596228872623019
Overcast,PiT-Net(Proposed),0.7993576446927193
Overcast,PiT-Net(Proposed),0.6672129722012246
Overcast,PiT-Net(Proposed),0.6528805672504197
Overcast,PiT-Net(Proposed),0.6946645493615016
Overcast,PiT-Net(Proposed),0.8154506830270671
Overcast,PiT-Net(Proposed),0.7859181890505864
Overcast,PiT-Net(Proposed),0.9729306824027146
Overcast,PiT-Net(Proposed),0.9033532470268772
Overcast,PiT-Net(Proposed),1.1988946893558141
Overcast,PiT-Net(Proposed),1.4683132457867916
Overcast,PiT-Net(Proposed),1.4743202084969127
Overcast,PiT-Net(Proposed),1.585889787744236
Overcast,PiT-Net(Proposed),1.3256296934833323
Overcast,PiT-Net(Proposed),1.308575597554749
Overcast,PiT-Net(Proposed),1.0532030745693088
Overcast,PiT-Net(Proposed),0.7397852402056824
Overcast,PiT-Net(Proposed),0.9598314952406266
Overcast,PiT-Net(Proposed),0.9987407975914611
Overcast,PiT-Net(Proposed),0.944943294878847
Overcast,PiT-Net(Proposed),0.46524842945959577
Overcast,PiT-Net(Proposed),0.6167229216945334
Overcast,PiT-Net(Proposed),0.6012077132007576
Overcast,PiT-Net(Proposed),0.563799075435309
Overcast,PiT-Net(Proposed),0.30802641980092815
Overcast,PiT-Net(Proposed),0.217734568236434
Overcast,PiT-Net(Proposed),0.060940337694209035
Overcast,PiT-Net(Proposed),0.1413110388362533
Overcast,PiT-Net(Proposed),0.05499736726080329
Overcast,PiT-Net(Proposed),0.5031536177244309
Overcast,PiT-Net(Proposed),0.35474658262128145
Overcast,PiT-Net(Proposed),0.30852549013065733
Overcast,PiT-Net(Proposed),0.6744287667770035
Overcast,PiT-Net(Proposed),0.8340699583160909
Overcast,PiT-Net(Proposed),0.9431411773780294
Overcast,PiT-Net(Proposed),1.1198359452939037
Overcast,PiT-Net(Proposed),1.2026025395346434
Overcast,PiT-Net(Proposed),1.29164719574454
Overcast,PiT-Net(Proposed),1.6377238481180196
Overcast,PiT-Net(Proposed),1.7681508213836006
Overcast,PiT-Net(Proposed),1.9031400473279385
Overcast,PiT-Net(Proposed),1.7779333173223097
Overcast,PiT-Net(Proposed),1.3110685633612902
Overcast,PiT-Net(Proposed),1.0992550523688434
Overcast,PiT-Net(Proposed),1.3381278465215476
Overcast,PiT-Net(Proposed),1.3331721172041875
Overcast,PiT-Net(Proposed),1.2721009565854988
Overcast,PiT-Net(Proposed),1.1471087030235383
Overcast,PiT-Net(Proposed),1.117501694926232
Overcast,PiT-Net(Proposed),0.8099233786693727
Overcast,PiT-Net(Proposed),0.5990919942030413
Overcast,PiT-Net(Proposed),0.7583636374009419
Overcast,PiT-Net(Proposed),0.6773672811983769
Overcast,PiT-Net(Proposed),0.5224796375142464
Overcast,PiT-Net(Proposed),0.2663039018282376
Overcast,PiT-Net(Proposed),0.5113883722108561
Overcast,PiT-Net(Proposed),0.3873618460433086
Overcast,PiT-Net(Proposed),0.269249905341546
Overcast,PiT-Net(Proposed),0.04382453879928683
Overcast,PiT-Net(Proposed),0.20257892746308848
Overcast,PiT-Net(Proposed),0.11173563916707252
Overcast,PiT-Net(Proposed),0.30426250173344727
Overcast,PiT-Net(Proposed),0.09226021708988519
Overcast,PiT-Net(Proposed),0.6156043170726431
Overcast,PiT-Net(Proposed),0.23714975227985136
Overcast,PiT-Net(Proposed),0.04345875784394515
Overcast,PiT-Net(Proposed),0.49841005471911615
Overcast,PiT-Net(Proposed),0.48041149044377995
Overcast,PiT-Net(Proposed),0.5636494058512476
Overcast,PiT-Net(Proposed),0.4867067788075996
Overcast,PiT-Net(Proposed),0.6990629795579775
Overcast,PiT-Net(Proposed),0.6627085285958216
Overcast,PiT-Net(Proposed),0.8425329943311155
Overcast,PiT-Net(Proposed),0.7040055360811506
Overcast,PiT-Net(Proposed),0.8913199499946529
Overcast,PiT-Net(Proposed),1.0100930836366482
Overcast,PiT-Net(Proposed),1.1328822215430447
Overcast,PiT-Net(Proposed),1.1084190434831456
Overcast,PiT-Net(Proposed),1.0713319506030656
Overcast,PiT-Net(Proposed),0.7602673945607508
Overcast,PiT-Net(Proposed),1.0894537567119802
Overcast,PiT-Net(Proposed),1.2527455553748847
Overcast,PiT-Net(Proposed),1.1857338234659456
Overcast,PiT-Net(Proposed),1.0845973718142448
Overcast,PiT-Net(Proposed),0.9667745736083608
Overcast,PiT-Net(Proposed),0.8519976429894927
Overcast,PiT-Net(Proposed),0.46040696686586013
Overcast,PiT-Net(Proposed),0.15821816408038192
Overcast,PiT-Net(Proposed),0.3293339690137955
Overcast,PiT-Net(Proposed),0.2434135976591918
Overcast,PiT-Net(Proposed),0.2402381807863474
Overcast,PiT-Net(Proposed),0.041913053435452596
Overcast,PiT-Net(Proposed),0.1560529222687581
Overcast,PiT-Net(Proposed),0.25339927294941766
Overcast,PiT-Net(Proposed),0.2208637628377801
Overcast,PiT-Net(Proposed),0.13278907437092258
Overcast,PiT-Net(Proposed),0.05112638525158353
Overcast,PiT-Net(Proposed),0.2398200222235527
Overcast,PiT-Net(Proposed),0.27490624017233145
Overcast,PiT-Net(Proposed),0.032804998577384836
Overcast,PiT-Net(Proposed),0.41117755074311724
Overcast,PiT-Net(Proposed),0.26607651429472945
Overcast,PiT-Net(Proposed),0.0730982916737748
Overcast,PiT-Net(Proposed),0.2829420236520628
Overcast,PiT-Net(Proposed),0.48741876943395823
Overcast,PiT-Net(Proposed),0.4436232550904844
Overcast,PiT-Net(Proposed),0.21081266363071993
Overcast,PiT-Net(Proposed),0.39925193751362986
Overcast,PiT-Net(Proposed),0.3429209262511774
Overcast,PiT-Net(Proposed),0.6193743313689737
Overcast,PiT-Net(Proposed),0.4739101598972981
Overcast,PiT-Net(Proposed),0.6210089787601802
Overcast,PiT-Net(Proposed),0.7907400800264774
Overcast,PiT-Net(Proposed),0.8384728236139507
Overcast,PiT-Net(Proposed),0.8483507864460162
Overcast,PiT-Net(Proposed),0.21694472067818732
Overcast,PiT-Net(Proposed),0.40323022766992794
Overcast,PiT-Net(Proposed),0.6206059076117397
Overcast,PiT-Net(Proposed),0.7907386399672083
Overcast,PiT-Net(Proposed),1.0049056734693362
Overcast,PiT-Net(Proposed),1.087520953976043
Overcast,PiT-Net(Proposed),1.1124817912484408
Overcast,PiT-Net(Proposed),1.2077443256723113
Overcast,PiT-Net(Proposed),1.4458300691554626
Overcast,PiT-Net(Proposed),1.1556057231603578
Overcast,PiT-Net(Proposed),0.9665600756764672
Overcast,PiT-Net(Proposed),1.1135978927259025
Overcast,PiT-Net(Proposed),0.9006319024334992
Overcast,PiT-Net(Proposed),1.1521051092701047
Overcast,PiT-Net(Proposed),0.9397000004459155
Overcast,PiT-Net(Proposed),0.6972538578171559
Overcast,PiT-Net(Proposed),0.8570313955327542
Overcast,PiT-Net(Proposed),0.8954655916018979
Overcast,PiT-Net(Proposed),0.837700227835473
Overcast,PiT-Net(Proposed),0.28707309772117995
Overcast,PiT-Net(Proposed),0.6303288837046033
Overcast,PiT-Net(Proposed),0.5262830555375402
Overcast,PiT-Net(Proposed),0.6043210778335855
Overcast,PiT-Net(Proposed),0.34081459685296167
Overcast,PiT-Net(Proposed),0.23096265557733986
Overcast,PiT-Net(Proposed),0.10364270854563173
Overcast,PiT-Net(Proposed),0.07650860700675466
Overcast,PiT-Net(Proposed),0.2827488439428656
Overcast,PiT-Net(Proposed),0.23439129894938304
Overcast,PiT-Net(Proposed),0.12149132019370867
Overcast,PiT-Net(Proposed),0.11989514439695981
Overcast,PiT-Net(Proposed),0.5419717454717627
Overcast,PiT-Net(Proposed),0.3356725542500385
Overcast,PiT-Net(Proposed),0.6289242174978718
Overcast,PiT-Net(Proposed),0.5836120330682313
Overcast,PiT-Net(Proposed),0.6597182883914954
Overcast,PiT-Net(Proposed),0.8051885015381188
Overcast,PiT-Net(Proposed),1.0175343531923122
Overcast,PiT-Net(Proposed),0.9502473795403716
Overcast,PiT-Net(Proposed),1.0657527275031669
Overcast,PiT-Net(Proposed),1.1682483975613387
Overcast,PiT-Net(Proposed),1.1067490809352005
Overcast,PiT-Net(Proposed),1.2676549452552823
Overcast,PiT-Net(Proposed),1.3271811381169023
Overcast,PiT-Net(Proposed),1.4427377237245302
Overcast,PiT-Net(Proposed),1.415166648970386
Overcast,PiT-Net(Proposed),1.4219656792986939
Overcast,PiT-Net(Proposed),1.3879365958574201
Overcast,PiT-Net(Proposed),1.1996860113080563
Overcast,PiT-Net(Proposed),0.9185209678718519
Overcast,PiT-Net(Proposed),0.5864412916048559
Overcast,PiT-Net(Proposed),0.3497471637744476
Overcast,PiT-Net(Proposed),0.6170841937081488
Overcast,PiT-Net(Proposed),0.9073452572122518
Overcast,PiT-Net(Proposed),1.1186989549835022
Overcast,PiT-Net(Proposed),1.378746759202837
Overcast,PiT-Net(Proposed),1.469591140748462
Overcast,PiT-Net(Proposed),1.5284215026583094
Overcast,PiT-Net(Proposed),1.6061659490122624
Overcast,PiT-Net(Proposed),1.8064644356508435
Overcast,PiT-Net(Proposed),1.4498109656750984
Overcast,PiT-Net(Proposed),1.3018327084393864
Overcast,PiT-Net(Proposed),1.3605398379119986
Overcast,PiT-Net(Proposed),1.1468269142337935
Overcast,PiT-Net(Proposed),1.3024062128141694
Overcast,PiT-Net(Proposed),1.112278402235507
Overcast,PiT-Net(Proposed),0.711524734875514
Overcast,PiT-Net(Proposed),0.8938987708329087
Overcast,PiT-Net(Proposed),1.0015095819553217
Overcast,PiT-Net(Proposed),0.6578371994966616
Overcast,PiT-Net(Proposed),0.1882553967848395
Overcast,PiT-Net(Proposed),0.5191240348788497
Overcast,PiT-Net(Proposed),0.3511912033443032
Overcast,PiT-Net(Proposed),0.47461016129165046
Overcast,PiT-Net(Proposed),0.03497690735729719
Overcast,PiT-Net(Proposed),0.014310873112343359
Overcast,PiT-Net(Proposed),0.18704184410816538
Overcast,PiT-Net(Proposed),0.13594553356167793
Overcast,PiT-Net(Proposed),0.2436584425378605
Overcast,PiT-Net(Proposed),0.40789915800023735
Overcast,PiT-Net(Proposed),0.08309715465607681
Overcast,PiT-Net(Proposed),0.2137639019226576
Overcast,PiT-Net(Proposed),0.5717606328736586
Overcast,PiT-Net(Proposed),0.3976485910076093
Overcast,PiT-Net(Proposed),0.7719986348982886
Overcast,PiT-Net(Proposed),0.6023461449413716
Overcast,PiT-Net(Proposed),0.8527058292957577
Overcast,PiT-Net(Proposed),0.8907378994213992
Overcast,PiT-Net(Proposed),1.1374402694405426
Overcast,PiT-Net(Proposed),1.0104048921461732
Overcast,PiT-Net(Proposed),1.1309350726892973
Overcast,PiT-Net(Proposed),1.2006895568117546
Overcast,PiT-Net(Proposed),1.2255765882202425
Overcast,PiT-Net(Proposed),1.4392557782517965
Overcast,PiT-Net(Proposed),1.5861842920822031
Overcast,PiT-Net(Proposed),1.741493200667552
Overcast,PiT-Net(Proposed),1.708184360408092
Overcast,PiT-Net(Proposed),1.6842600343771252
Overcast,PiT-Net(Proposed),1.5988633204817075
Overcast,PiT-Net(Proposed),1.3006874118799405
Overcast,PiT-Net(Proposed),0.9491161511683287
Overcast,PiT-Net(Proposed),0.5972411030319095
Overcast,PiT-Net(Proposed),0.43176455378458856
Overcast,PiT-Net(Proposed),0.6710570023262943
Overcast,PiT-Net(Proposed),0.7996984262542215
Overcast,PiT-Net(Proposed),0.9473513852056294
Overcast,PiT-Net(Proposed),1.0734480033516558
Overcast,PiT-Net(Proposed),1.0362475033241507
Overcast,PiT-Net(Proposed),0.9556082485901474
Overcast,PiT-Net(Proposed),1.0047154703449843
Overcast,PiT-Net(Proposed),1.2700426400592688
Overcast,PiT-Net(Proposed),0.9528804530001338
Overcast,PiT-Net(Proposed),0.7506951392842574
Overcast,PiT-Net(Proposed),0.7613885759025134
Overcast,PiT-Net(Proposed),0.7436085081500536
Overcast,PiT-Net(Proposed),0.7977182413885995
Overcast,PiT-Net(Proposed),0.5072583813106135
Overcast,PiT-Net(Proposed),0.3541903724817317
Overcast,PiT-Net(Proposed),0.4338533953951469
Overcast,PiT-Net(Proposed),0.4241571865915841
Overcast,PiT-Net(Proposed),0.3326643525885533
Overcast,PiT-Net(Proposed),0.011459368713273577
Overcast,PiT-Net(Proposed),0.27234420807025295
Overcast,PiT-Net(Proposed),0.0592307839056776
Overcast,PiT-Net(Proposed),0.1724496521073391
Overcast,PiT-Net(Proposed),0.033570535046687056
Overcast,PiT-Net(Proposed),0.2166156232541283
Overcast,PiT-Net(Proposed),0.1565363465949865
Overcast,PiT-Net(Proposed),0.14039288178033438
Overcast,PiT-Net(Proposed),0.253928146550912
Overcast,PiT-Net(Proposed),0.19870175430389558
Overcast,PiT-Net(Proposed),0.05296869954650596
Overcast,PiT-Net(Proposed),0.01588571876639655
Overcast,PiT-Net(Proposed),0.49375387860512987
Overcast,PiT-Net(Proposed),0.3293869218088421
Overcast,PiT-Net(Proposed),0.4609790227184227
Overcast,PiT-Net(Proposed),0.2506484163614502
Overcast,PiT-Net(Proposed),0.43164391719162154
Overcast,PiT-Net(Proposed),0.539050682095441
Overcast,PiT-Net(Proposed),0.7216061467607364
Overcast,PiT-Net(Proposed),0.6854370330787649
Overcast,PiT-Net(Proposed),0.7238730575193131
Overcast,PiT-Net(Proposed),0.8266063209078762
Overcast,PiT-Net(Proposed),0.8000743676226243
Overcast,PiT-Net(Proposed),0.8995170463724644
Overcast,PiT-Net(Proposed),1.0663013901565943
Overcast,PiT-Net(Proposed),1.1737794936450312
Overcast,PiT-Net(Proposed),1.0581924095673596
Overcast,PiT-Net(Proposed),1.0835277220936343
Overcast,PiT-Net(Proposed),0.9755289083880703
Overcast,PiT-Net(Proposed),0.8295803586439319
Overcast,PiT-Net(Proposed),0.5984912553728194
Overcast,PiT-Net(Proposed),0.34281295631650777
Overcast,PiT-Net(Proposed),0.45165038479285535
Overcast,PiT-Net(Proposed),0.6059358755877486
Overcast,PiT-Net(Proposed),0.6771550362323828
Overcast,PiT-Net(Proposed),0.6842537208597061
Overcast,PiT-Net(Proposed),0.7818549260988905
Overcast,PiT-Net(Proposed),0.635658594889188
Overcast,PiT-Net(Proposed),0.6610105919169165
Overcast,PiT-Net(Proposed),0.6487488116865157
Overcast,PiT-Net(Proposed),0.7770799679451388
Overcast,PiT-Net(Proposed),0.5856428668649709
Overcast,PiT-Net(Proposed),0.281783918537708
Overcast,PiT-Net(Proposed),0.32793054764714125
Overcast,PiT-Net(Proposed),0.39072282208881237
Overcast,PiT-Net(Proposed),0.24244013280639898
Overcast,PiT-Net(Proposed),0.027150168404748598
Overcast,PiT-Net(Proposed),0.21262805621935854
Overcast,PiT-Net(Proposed),0.2956215510668745
Overcast,PiT-Net(Proposed),0.055242923441545244
Overcast,PiT-Net(Proposed),0.05044993827631572
Overcast,PiT-Net(Proposed),0.3485559321818963
Overcast,PiT-Net(Proposed),0.47537145439699113
Overcast,PiT-Net(Proposed),0.1006931389089818
Overcast,PiT-Net(Proposed),0.20101472571736778
Overcast,PiT-Net(Proposed),0.39971588084117293
Overcast,PiT-Net(Proposed),0.33576260828708904
Overcast,PiT-Net(Proposed),0.04863832609630059
Overcast,PiT-Net(Proposed),0.3644567035209363
Overcast,PiT-Net(Proposed),0.007228166455086615
Overcast,PiT-Net(Proposed),0.3317498082874204
Overcast,PiT-Net(Proposed),0.08138547855004763
Overcast,PiT-Net(Proposed),0.36709808673305844
Overcast,PiT-Net(Proposed),0.41529166386067207
Overcast,PiT-Net(Proposed),0.19188113342138902
Overcast,PiT-Net(Proposed),0.02355603882992341
Overcast,PiT-Net(Proposed),0.12683766245528982
Overcast,PiT-Net(Proposed),0.14982775482026867
Overcast,PiT-Net(Proposed),0.17334279075332848
Overcast,PiT-Net(Proposed),0.27457787245327303
Overcast,PiT-Net(Proposed),0.145006998187708
Overcast,PiT-Net(Proposed),0.24000086110427166
Overcast,PiT-Net(Proposed),0.40728422177881285
Overcast,PiT-Net(Proposed),0.40715608563316774
Overcast,PiT-Net(Proposed),0.5273083748457079
Overcast,PiT-Net(Proposed),0.5647348260208602
Overcast,PiT-Net(Proposed),0.6827408055347801
Overcast,PiT-Net(Proposed),0.6113548882161108
Overcast,PiT-Net(Proposed),0.7930252040412338
Overcast,PiT-Net(Proposed),0.35040512048610833
Overcast,PiT-Net(Proposed),0.2630198063215385
Overcast,PiT-Net(Proposed),0.4522431575760957
Overcast,PiT-Net(Proposed),0.6792235844650105
Overcast,PiT-Net(Proposed),0.8840457230310517
Overcast,PiT-Net(Proposed),1.1276858055050702
Overcast,PiT-Net(Proposed),1.2186500226322665
Overcast,PiT-Net(Proposed),1.3177481114964005
Overcast,PiT-Net(Proposed),1.4091695135042217
Overcast,PiT-Net(Proposed),1.6455483220528482
Overcast,PiT-Net(Proposed),1.3501937775466502
Overcast,PiT-Net(Proposed),1.172375004602662
Overcast,PiT-Net(Proposed),1.283898331986295
Overcast,PiT-Net(Proposed),1.1623733587408989
Overcast,PiT-Net(Proposed),1.2578425160522766
Overcast,PiT-Net(Proposed),1.1889121487179182
Overcast,PiT-Net(Proposed),0.7962006237980184
Overcast,PiT-Net(Proposed),0.9760794701268409
Overcast,PiT-Net(Proposed),1.0238137887042775
Overcast,PiT-Net(Proposed),0.8307579881573766
Overcast,PiT-Net(Proposed),0.3241210998507924
Overcast,PiT-Net(Proposed),0.6268001177264075
Overcast,PiT-Net(Proposed),0.48435446883686595
Overcast,PiT-Net(Proposed),0.4869805660562996
Overcast,PiT-Net(Proposed),0.2358790041984058
Overcast,PiT-Net(Proposed),0.18003246479681323
Overcast,PiT-Net(Proposed),0.0889586478369786
Overcast,PiT-Net(Proposed),0.08531736038701254
Overcast,PiT-Net(Proposed),0.2257740936990018
Overcast,PiT-Net(Proposed),0.31413103980489865
Overcast,PiT-Net(Proposed),0.06336839802675343
Overcast,PiT-Net(Proposed),0.17660452937320414
Overcast,PiT-Net(Proposed),0.4855136215093516
Overcast,PiT-Net(Proposed),0.32906796300528285
Overcast,PiT-Net(Proposed),0.6588185306719438
Overcast,PiT-Net(Proposed),0.5300390555543757
Overcast,PiT-Net(Proposed),0.6937973899585792
Overcast,PiT-Net(Proposed),0.8085978131078448
Overcast,PiT-Net(Proposed),1.0987275731700308
Overcast,PiT-Net(Proposed),1.0246681903914556
Overcast,PiT-Net(Proposed),1.0738934185646798
Overcast,PiT-Net(Proposed),1.1927034660657139
Overcast,PiT-Net(Proposed),1.116861511805224
Overcast,PiT-Net(Proposed),1.3721439596283158
Overcast,PiT-Net(Proposed),1.4527909098871046
Overcast,PiT-Net(Proposed),1.6009562327838687
Overcast,PiT-Net(Proposed),1.5507761923740109
Overcast,PiT-Net(Proposed),1.5034532197738644
Overcast,PiT-Net(Proposed),1.480709534986416
Overcast,PiT-Net(Proposed),1.3025558659147074
Overcast,PiT-Net(Proposed),1.1076985854976487
Overcast,PiT-Net(Proposed),0.8565724468851541
Overcast,PiT-Net(Proposed),0.5393740653492701
Overcast,PiT-Net(Proposed),0.2465150046464183
Overcast,PiT-Net(Proposed),0.42186009486243614
Overcast,PiT-Net(Proposed),0.6380388574853112
Overcast,PiT-Net(Proposed),0.8451208531404877
Overcast,PiT-Net(Proposed),1.0913104326333696
Overcast,PiT-Net(Proposed),1.187578726071448
Overcast,PiT-Net(Proposed),1.2986325488155597
Overcast,PiT-Net(Proposed),1.4288562017116053
Overcast,PiT-Net(Proposed),1.6538878428421873
Overcast,PiT-Net(Proposed),1.3861629195005793
Overcast,PiT-Net(Proposed),1.268896989287322
Overcast,PiT-Net(Proposed),1.378913576356723
Overcast,PiT-Net(Proposed),1.2098047950417747
Overcast,PiT-Net(Proposed),1.3789471863286202
Overcast,PiT-Net(Proposed),1.2075467703344405
Overcast,PiT-Net(Proposed),0.8205445514454368
Overcast,PiT-Net(Proposed),0.9832905445202513
Overcast,PiT-Net(Proposed),1.046003585748931
Overcast,PiT-Net(Proposed),0.8221103813815667
Overcast,PiT-Net(Proposed),0.36096659278706866
Overcast,PiT-Net(Proposed),0.5733470811881851
Overcast,PiT-Net(Proposed),0.4124133746614085
Overcast,PiT-Net(Proposed),0.4881021631018001
Overcast,PiT-Net(Proposed),0.15356020601396025
Overcast,PiT-Net(Proposed),0.13720095670843335
Overcast,PiT-Net(Proposed),0.08632185803572767
Overcast,PiT-Net(Proposed),0.10968730356293577
Overcast,PiT-Net(Proposed),0.22486931945438116
Overcast,PiT-Net(Proposed),0.2853575611733419
Overcast,PiT-Net(Proposed),0.10663769370897569
Overcast,PiT-Net(Proposed),0.21295847670846868
Overcast,PiT-Net(Proposed),0.5331475667533461
Overcast,PiT-Net(Proposed),0.3725755719562365
Overcast,PiT-Net(Proposed),0.6641915275935553
Overcast,PiT-Net(Proposed),0.5273189172237203
Overcast,PiT-Net(Proposed),0.6998670191864527
Overcast,PiT-Net(Proposed),0.8154914348820235
Overcast,PiT-Net(Proposed),1.0896932553359626
Overcast,PiT-Net(Proposed),0.9969611515051433
Overcast,PiT-Net(Proposed),1.1001828306848314
Overcast,PiT-Net(Proposed),1.1739250336144487
Overcast,PiT-Net(Proposed),1.1474417470640574
Overcast,PiT-Net(Proposed),1.3747786239625004
Overcast,PiT-Net(Proposed),1.4576446064553128
Overcast,PiT-Net(Proposed),1.5417592720232918
Overcast,PiT-Net(Proposed),1.4788788497836176
Overcast,PiT-Net(Proposed),1.4609100830019628
Overcast,PiT-Net(Proposed),1.4789699384097226
Overcast,PiT-Net(Proposed),1.3213866287720717
Overcast,PiT-Net(Proposed),1.1116896459887835
Overcast,PiT-Net(Proposed),0.8733120569370526
Overcast,PiT-Net(Proposed),0.541188245741991
Overcast,PiT-Net(Proposed),0.2596450954558792
Overcast,PiT-Net(Proposed),0.461373473228429
Overcast,PiT-Net(Proposed),0.7068903208151126
Overcast,PiT-Net(Proposed),0.9161454980535617
Overcast,PiT-Net(Proposed),1.1854338391967119
Overcast,PiT-Net(Proposed),1.3008564175907713
Overcast,PiT-Net(Proposed),1.4043375275047252
Overcast,PiT-Net(Proposed),1.5163822860053324
Overcast,PiT-Net(Proposed),1.7331504310177506
Overcast,PiT-Net(Proposed),1.4234097503425733
Overcast,PiT-Net(Proposed),1.2569036271318925
Overcast,PiT-Net(Proposed),1.338339673540471
Overcast,PiT-Net(Proposed),1.1406132259165034
Overcast,PiT-Net(Proposed),1.2574842338316152
Overcast,PiT-Net(Proposed),1.1087256816786564
Overcast,PiT-Net(Proposed),0.7299734703869483
Overcast,PiT-Net(Proposed),0.8874181750231642
Overcast,PiT-Net(Proposed),0.9780910738752624
Overcast,PiT-Net(Proposed),0.7250230675967799
Overcast,PiT-Net(Proposed),0.27509031863466404
Overcast,PiT-Net(Proposed),0.5547657054762745
Overcast,PiT-Net(Proposed),0.4210881401644926
Overcast,PiT-Net(Proposed),0.4763907962497633
Overcast,PiT-Net(Proposed),0.17987104358782702
Overcast,PiT-Net(Proposed),0.12450404312532015
Overcast,PiT-Net(Proposed),0.05969826983328019
Overcast,PiT-Net(Proposed),0.017605967375899922
Overcast,PiT-Net(Proposed),0.2726018926147873
Overcast,PiT-Net(Proposed),0.285712056761561
Overcast,PiT-Net(Proposed),0.0014343836183456915
Overcast,PiT-Net(Proposed),0.13225459318489285
Overcast,PiT-Net(Proposed),0.48168061309583976
Overcast,PiT-Net(Proposed),0.3590807384351855
Overcast,PiT-Net(Proposed),0.6726044028492275
Overcast,PiT-Net(Proposed),0.5282570218318874
Overcast,PiT-Net(Proposed),0.7473963281518472
Overcast,PiT-Net(Proposed),0.8378780956995584
Overcast,PiT-Net(Proposed),1.0943092682898161
Overcast,PiT-Net(Proposed),0.9623986382480005
Overcast,PiT-Net(Proposed),1.0640057623321741
Overcast,PiT-Net(Proposed),1.1565776389821725
Overcast,PiT-Net(Proposed),1.1740421245999286
Overcast,PiT-Net(Proposed),1.40399524716522
Overcast,PiT-Net(Proposed),1.5351430106865305
Overcast,PiT-Net(Proposed),1.6603976705273062
Overcast,PiT-Net(Proposed),1.5937097834539573
Overcast,PiT-Net(Proposed),1.5541136470279042
Overcast,PiT-Net(Proposed),1.5216366438171485
Overcast,PiT-Net(Proposed),1.3178175680854327
Overcast,PiT-Net(Proposed),1.0839513445423419
Overcast,PiT-Net(Proposed),0.8176978744077237
Overcast,PiT-Net(Proposed),0.3443099151751806
Overcast,PiT-Net(Proposed),0.549719317114652
Overcast,PiT-Net(Proposed),0.7546995188400223
Overcast,PiT-Net(Proposed),0.9989642682842068
Overcast,PiT-Net(Proposed),1.0941864993249752
Overcast,PiT-Net(Proposed),1.1947834616693918
Overcast,PiT-Net(Proposed),1.310314980130669
Overcast,PiT-Net(Proposed),1.5978747736287877
Overcast,PiT-Net(Proposed),1.3579349397606126
Overcast,PiT-Net(Proposed),1.2278662278463965
Overcast,PiT-Net(Proposed),1.353355547244341
Overcast,PiT-Net(Proposed),1.2273232656209245
Overcast,PiT-Net(Proposed),1.3433504566522565
Overcast,PiT-Net(Proposed),1.2438981427852394
Overcast,PiT-Net(Proposed),0.8743855843693975
Overcast,PiT-Net(Proposed),1.081704585706131
Overcast,PiT-Net(Proposed),1.1345181782214304
Overcast,PiT-Net(Proposed),0.9637896894478359
Overcast,PiT-Net(Proposed),0.4200977544396629
Overcast,PiT-Net(Proposed),0.6538714545168318
Overcast,PiT-Net(Proposed),0.49003473949692733
Overcast,PiT-Net(Proposed),0.4821862070431706
Overcast,PiT-Net(Proposed),0.2375225295046448
Overcast,PiT-Net(Proposed),0.16039121598788242
Overcast,PiT-Net(Proposed),0.08550704520137486
Overcast,PiT-Net(Proposed),0.11398461335460297
Overcast,PiT-Net(Proposed),0.2689811174671384
Overcast,PiT-Net(Proposed),0.2447707688575278
Overcast,PiT-Net(Proposed),0.08183519329763911
Overcast,PiT-Net(Proposed),0.1630736518334892
Overcast,PiT-Net(Proposed),0.4983652282703801
Overcast,PiT-Net(Proposed),0.39184710810745926
Overcast,PiT-Net(Proposed),0.6722987961091818
Overcast,PiT-Net(Proposed),0.5747659746470468
Overcast,PiT-Net(Proposed),0.7070862957704627
Overcast,PiT-Net(Proposed),0.842377320185161
Overcast,PiT-Net(Proposed),1.1201389849623844
Overcast,PiT-Net(Proposed),1.0316807142681235
Overcast,PiT-Net(Proposed),1.0780516184223838
Overcast,PiT-Net(Proposed),1.2160949702122643
Overcast,PiT-Net(Proposed),1.1370745855323374
Overcast,PiT-Net(Proposed),1.3775063193537562
Overcast,PiT-Net(Proposed),1.4185656353069476
Overcast,PiT-Net(Proposed),1.5284492296212502
Overcast,PiT-Net(Proposed),1.4857829239787028
Overcast,PiT-Net(Proposed),1.4481075360009967
Overcast,PiT-Net(Proposed),1.446532835313599
Overcast,PiT-Net(Proposed),1.291071759537724
Overcast,PiT-Net(Proposed),1.0960364036738102
Overcast,PiT-Net(Proposed),0.8610699225490556
Overcast,PiT-Net(Proposed),0.2880158244076617
Overcast,PiT-Net(Proposed),0.48715317923244367
Overcast,PiT-Net(Proposed),0.6941482957610098
Overcast,PiT-Net(Proposed),0.9426941935467985
Overcast,PiT-Net(Proposed),1.0539858257128336
Overcast,PiT-Net(Proposed),1.1679864089161374
Overcast,PiT-Net(Proposed),1.3140068922219772
Overcast,PiT-Net(Proposed),1.589196046517121
Overcast,PiT-Net(Proposed),1.3681967798957784
Overcast,PiT-Net(Proposed),1.2537382964359303
Overcast,PiT-Net(Proposed),1.3928853803149597
Overcast,PiT-Net(Proposed),1.2654660898413859
Overcast,PiT-Net(Proposed),1.4154327080317213
Overcast,PiT-Net(Proposed),1.2616865455591935
Overcast,PiT-Net(Proposed),0.8945267509464205
Overcast,PiT-Net(Proposed),1.0865734438011891
Overcast,PiT-Net(Proposed),1.1236472902399015
Overcast,PiT-Net(Proposed),0.9429594004034314
Overcast,PiT-Net(Proposed),0.3957403083240081
Overcast,PiT-Net(Proposed),0.6303573747933662
Overcast,PiT-Net(Proposed),0.493049764706992
Overcast,PiT-Net(Proposed),0.49754982598045316
Overcast,PiT-Net(Proposed),0.23501249088069898
Overcast,PiT-Net(Proposed),0.1566772929356226
Overcast,PiT-Net(Proposed),0.08375033264056597
Overcast,PiT-Net(Proposed),0.12248358641138779
Overcast,PiT-Net(Proposed),0.23841306081835256
Overcast,PiT-Net(Proposed),0.3008122674908513
Overcast,PiT-Net(Proposed),0.1331993362368813
Overcast,PiT-Net(Proposed),0.17983905433258585
Overcast,PiT-Net(Proposed),0.5038197733984262
Overcast,PiT-Net(Proposed),0.349940751712257
Overcast,PiT-Net(Proposed),0.6434370308779904
Overcast,PiT-Net(Proposed),0.5473536681321072
Overcast,PiT-Net(Proposed),0.6346766406034661
Overcast,PiT-Net(Proposed),0.7784586372856133
Overcast,PiT-Net(Proposed),1.0709071252186924
Overcast,PiT-Net(Proposed),1.0245809516222408
Overcast,PiT-Net(Proposed),1.0840625614438704
Overcast,PiT-Net(Proposed),1.1752249540215445
Overcast,PiT-Net(Proposed),1.109969539150116
Overcast,PiT-Net(Proposed),1.3582012307470386
Overcast,PiT-Net(Proposed),1.4021240845380305
Overcast,PiT-Net(Proposed),1.5232855620842187
Overcast,PiT-Net(Proposed),1.4847356569143724
Overcast,PiT-Net(Proposed),1.4800859028371116
Overcast,PiT-Net(Proposed),1.4776791669100966
Overcast,PiT-Net(Proposed),1.322583515930143
Overcast,PiT-Net(Proposed),1.1176272134810854
Overcast,PiT-Net(Proposed),0.8465072469706194
Overcast,PiT-Net(Proposed),0.3684573694002844
Overcast,PiT-Net(Proposed),0.580925906553973
Overcast,PiT-Net(Proposed),0.778218346516035
Overcast,PiT-Net(Proposed),1.0085594733720191
Overcast,PiT-Net(Proposed),1.1041161748182406
Overcast,PiT-Net(Proposed),1.1417363119496713
Overcast,PiT-Net(Proposed),1.2334217104344898
Overcast,PiT-Net(Proposed),1.4868739521474579
Overcast,PiT-Net(Proposed),1.2140626732312452
Overcast,PiT-Net(Proposed),1.0765073685121607
Overcast,PiT-Net(Proposed),1.1861177022844043
Overcast,PiT-Net(Proposed),1.0517897820409416
Overcast,PiT-Net(Proposed),1.1857715722583766
Overcast,PiT-Net(Proposed),1.070304832530443
Overcast,PiT-Net(Proposed),0.7946202173078181
Overcast,PiT-Net(Proposed),0.9765852479054988
Overcast,PiT-Net(Proposed),1.0306445303802434
Overcast,PiT-Net(Proposed),0.9160306814243775
Overcast,PiT-Net(Proposed),0.3766193960676496
Overcast,PiT-Net(Proposed),0.6160508282557053
Overcast,PiT-Net(Proposed),0.5491885072327776
Overcast,PiT-Net(Proposed),0.5358592869682468
Overcast,PiT-Net(Proposed),0.3084260499245204
Overcast,PiT-Net(Proposed),0.25333133506028105
Overcast,PiT-Net(Proposed),0.03908104111482302
Overcast,PiT-Net(Proposed),0.0553420575510124
Overcast,PiT-Net(Proposed),0.3491912708542593
Overcast,PiT-Net(Proposed),0.1608051912620745
Overcast,PiT-Net(Proposed),0.06324187542887216
Overcast,PiT-Net(Proposed),0.06551144471251291
Overcast,PiT-Net(Proposed),0.467648753309863
Overcast,PiT-Net(Proposed),0.3899363078159155
Overcast,PiT-Net(Proposed),0.6191009794765137
Overcast,PiT-Net(Proposed),0.5630584153040665
Overcast,PiT-Net(Proposed),0.7153229464223294
Overcast,PiT-Net(Proposed),0.8533950380232369
Overcast,PiT-Net(Proposed),1.096856231683038
Overcast,PiT-Net(Proposed),1.0112351317939723
Overcast,PiT-Net(Proposed),1.0779149067452174
Overcast,PiT-Net(Proposed),1.1861872181233615
Overcast,PiT-Net(Proposed),1.1429215601778413
Overcast,PiT-Net(Proposed),1.3473711612606163
Overcast,PiT-Net(Proposed),1.4320933881712765
Overcast,PiT-Net(Proposed),1.5284397835314643
Overcast,PiT-Net(Proposed),1.493489651183106
Overcast,PiT-Net(Proposed),1.4320064518371654
Overcast,PiT-Net(Proposed),1.3840012613331951
Overcast,PiT-Net(Proposed),1.2176924546464822
Overcast,PiT-Net(Proposed),1.0127069869196514
Overcast,PiT-Net(Proposed),0.32344023305488734
Overcast,PiT-Net(Proposed),0.5434229779852418
Overcast,PiT-Net(Proposed),0.7664690324254253
Overcast,PiT-Net(Proposed),1.0672023088535227
Overcast,PiT-Net(Proposed),1.2321949689206688
Overcast,PiT-Net(Proposed),1.387799300207159
Overcast,PiT-Net(Proposed),1.5559282526959768
Overcast,PiT-Net(Proposed),1.7916153808854425
Overcast,PiT-Net(Proposed),1.5480318776723845
Overcast,PiT-Net(Proposed),1.3811062217802306
Overcast,PiT-Net(Proposed),1.4328406599232242
Overcast,PiT-Net(Proposed),1.208549722950968
Overcast,PiT-Net(Proposed),1.406161791888941
Overcast,PiT-Net(Proposed),1.1830842558420436
Overcast,PiT-Net(Proposed),0.8193798180846734
Overcast,PiT-Net(Proposed),0.9517847696664816
Overcast,PiT-Net(Proposed),1.012053625617714
Overcast,PiT-Net(Proposed),0.7490824465850388
Overcast,PiT-Net(Proposed),0.307458921990559
Overcast,PiT-Net(Proposed),0.5464166583277859
Overcast,PiT-Net(Proposed),0.36500198359189895
Overcast,PiT-Net(Proposed),0.505302735094542
Overcast,PiT-Net(Proposed),0.16427822679986548
Overcast,PiT-Net(Proposed),0.13906949888957243
Overcast,PiT-Net(Proposed),0.0855280962106093
Overcast,PiT-Net(Proposed),0.12275833190280494
Overcast,PiT-Net(Proposed),0.24195666853356812
Overcast,PiT-Net(Proposed),0.3149007742882972
Overcast,PiT-Net(Proposed),0.11609683377997371
Overcast,PiT-Net(Proposed),0.2360646837743623
Overcast,PiT-Net(Proposed),0.5789183379529632
Overcast,PiT-Net(Proposed),0.4212747270147901
Overcast,PiT-Net(Proposed),0.7766032589326386
Overcast,PiT-Net(Proposed),0.5814638100432852
Overcast,PiT-Net(Proposed),0.7466800242297467
Overcast,PiT-Net(Proposed),0.8409151267655162
Overcast,PiT-Net(Proposed),1.1078315087305945
Overcast,PiT-Net(Proposed),0.9986196101569345
Overcast,PiT-Net(Proposed),1.114672472078393
Overcast,PiT-Net(Proposed),1.2015958642835969
Overcast,PiT-Net(Proposed),1.182237528733575
Overcast,PiT-Net(Proposed),1.403232833282317
Overcast,PiT-Net(Proposed),1.4844855337465983
Overcast,PiT-Net(Proposed),1.5911693430597245
Overcast,PiT-Net(Proposed),1.5691135424770364
Overcast,PiT-Net(Proposed),1.582144860685017
Overcast,PiT-Net(Proposed),1.5556101250020569
Overcast,PiT-Net(Proposed),1.2978603024786914
Overcast,PiT-Net(Proposed),0.9652255831884993
Overcast,PiT-Net(Proposed),0.6226531131582935
Overcast,PiT-Net(Proposed),1.191634335505606
Overcast,PiT-Net(Proposed),1.586628255049305
Overcast,PiT-Net(Proposed),1.8296685676866709
Overcast,PiT-Net(Proposed),1.9423253833376144
Overcast,PiT-Net(Proposed),1.6640678245530793
Overcast,PiT-Net(Proposed),1.510730813654872
Overcast,PiT-Net(Proposed),1.4880287590978867
Overcast,PiT-Net(Proposed),1.1672324696046488
Overcast,PiT-Net(Proposed),1.1949346189477765
Overcast,PiT-Net(Proposed),0.91214628665265
Overcast,PiT-Net(Proposed),0.6821840668036057
Overcast,PiT-Net(Proposed),0.7868258351618724
Overcast,PiT-Net(Proposed),0.9504801557717535
Overcast,PiT-Net(Proposed),0.6209489728870388
Overcast,PiT-Net(Proposed),0.21503866481135248
Overcast,PiT-Net(Proposed),0.5734005052005742
Overcast,PiT-Net(Proposed),0.5592616263171983
Overcast,PiT-Net(Proposed),0.452432217869589
Overcast,PiT-Net(Proposed),0.08130074403393905
Overcast,PiT-Net(Proposed),0.1298271560647919
Overcast,PiT-Net(Proposed),0.16991337355663916
Overcast,PiT-Net(Proposed),0.13382469578205658
Overcast,PiT-Net(Proposed),0.0014207129559586917
Overcast,PiT-Net(Proposed),0.6552760837892926
Overcast,PiT-Net(Proposed),0.24818299034519598
Overcast,PiT-Net(Proposed),0.24154833261785313
Overcast,PiT-Net(Proposed),0.6252538322786805
Overcast,PiT-Net(Proposed),0.6411126001138783
Overcast,PiT-Net(Proposed),1.0186322836776753
Overcast,PiT-Net(Proposed),0.8810754558681086
Overcast,PiT-Net(Proposed),1.045156691298624
Overcast,PiT-Net(Proposed),1.2025835013158659
Overcast,PiT-Net(Proposed),1.3658544854686951
Overcast,PiT-Net(Proposed),1.3337468224607214
Overcast,PiT-Net(Proposed),1.582335426945379
Overcast,PiT-Net(Proposed),1.7841826590224796
Overcast,PiT-Net(Proposed),2.0040752562249162
Overcast,PiT-Net(Proposed),1.9376443868902276
Overcast,PiT-Net(Proposed),1.6868017511706552
Overcast,PiT-Net(Proposed),1.232246804870628
Overcast,PiT-Net(Proposed),1.60632140129119
Overcast,PiT-Net(Proposed),1.8236577700485133
Overcast,PiT-Net(Proposed),1.9346249759605065
Overcast,PiT-Net(Proposed),1.6442698567460567
Overcast,PiT-Net(Proposed),1.516875159069901
Overcast,PiT-Net(Proposed),1.5093850031162663
Overcast,PiT-Net(Proposed),1.1760190532996155
Overcast,PiT-Net(Proposed),1.214087616457288
Overcast,PiT-Net(Proposed),0.9269673421697089
Overcast,PiT-Net(Proposed),0.6887829122549665
Overcast,PiT-Net(Proposed),0.8040826103758256
Overcast,PiT-Net(Proposed),0.9308512903680928
Overcast,PiT-Net(Proposed),0.6464741507932352
Overcast,PiT-Net(Proposed),0.21350583129102318
Overcast,PiT-Net(Proposed),0.5398977147659707
Overcast,PiT-Net(Proposed),0.5343309410807713
Overcast,PiT-Net(Proposed),0.45185804611456604
Overcast,PiT-Net(Proposed),0.10263349873325467
Overcast,PiT-Net(Proposed),0.15248133961878096
Overcast,PiT-Net(Proposed),0.13380524687172723
Overcast,PiT-Net(Proposed),0.14691597164298997
Overcast,PiT-Net(Proposed),0.05008883896381633
Overcast,PiT-Net(Proposed),0.6585889644056806
Overcast,PiT-Net(Proposed),0.2330685302884845
Overcast,PiT-Net(Proposed),0.22499695673558406
Overcast,PiT-Net(Proposed),0.6252894597723646
Overcast,PiT-Net(Proposed),0.6420590695060611
Overcast,PiT-Net(Proposed),0.966607528536624
Overcast,PiT-Net(Proposed),0.8750682964704417
Overcast,PiT-Net(Proposed),1.0619037434308467
Overcast,PiT-Net(Proposed),1.1961052523257365
Overcast,PiT-Net(Proposed),1.3910948658740345
Overcast,PiT-Net(Proposed),1.3853764553988412
Overcast,PiT-Net(Proposed),1.67584975095345
Overcast,PiT-Net(Proposed),1.9041890742877596
Overcast,PiT-Net(Proposed),2.096735387335822
Overcast,PiT-Net(Proposed),1.9584259858239115
Overcast,PiT-Net(Proposed),1.6151231466181475
Overcast,PiT-Net(Proposed),1.2103105973681871
Overcast,PiT-Net(Proposed),1.6332339000280116
Overcast,PiT-Net(Proposed),1.8901847439646184
Overcast,PiT-Net(Proposed),2.012865911542227
Overcast,PiT-Net(Proposed),1.742665185194081
Overcast,PiT-Net(Proposed),1.584988080931927
Overcast,PiT-Net(Proposed),1.5611581261903638
Overcast,PiT-Net(Proposed),1.223088334712557
Overcast,PiT-Net(Proposed),1.2300010071519374
Overcast,PiT-Net(Proposed),0.9496988295105631
Overcast,PiT-Net(Proposed),0.6579196000219252
Overcast,PiT-Net(Proposed),0.7947281924182548
Overcast,PiT-Net(Proposed),0.9324399843466047
Overcast,PiT-Net(Proposed),0.6494909487881877
Overcast,PiT-Net(Proposed),0.2279890773934703
Overcast,PiT-Net(Proposed),0.5263928880324009
Overcast,PiT-Net(Proposed),0.5443177024018873
Overcast,PiT-Net(Proposed),0.44648098359330035
Overcast,PiT-Net(Proposed),0.07501555557306716
Overcast,PiT-Net(Proposed),0.14275298866390784
Overcast,PiT-Net(Proposed),0.18399737303265695
Overcast,PiT-Net(Proposed),0.1601411924502365
Overcast,PiT-Net(Proposed),0.07535500801353834
Overcast,PiT-Net(Proposed),0.6712724312141667
Overcast,PiT-Net(Proposed),0.19991252354770594
Overcast,PiT-Net(Proposed),0.22459645965220432
Overcast,PiT-Net(Proposed),0.6199087808815875
Overcast,PiT-Net(Proposed),0.6823212267682415
Overcast,PiT-Net(Proposed),0.9999663586891998
Overcast,PiT-Net(Proposed),0.9160689250647387
Overcast,PiT-Net(Proposed),1.096489060631061
Overcast,PiT-Net(Proposed),1.2122518122254213
Overcast,PiT-Net(Proposed),1.4427324496709328
Overcast,PiT-Net(Proposed),1.428926969969977
Overcast,PiT-Net(Proposed),1.7461544346414168
Overcast,PiT-Net(Proposed),1.9825958303700695
Overcast,PiT-Net(Proposed),2.1446231466952845
Overcast,PiT-Net(Proposed),1.9603620602819425
Overcast,PiT-Net(Proposed),1.5719107267811077
Overcast,PiT-Net(Proposed),1.2828417285750962
Overcast,PiT-Net(Proposed),1.7401751357830713
Overcast,PiT-Net(Proposed),2.0167724904954576
Overcast,PiT-Net(Proposed),2.138434607410587
Overcast,PiT-Net(Proposed),1.8188779439351315
Overcast,PiT-Net(Proposed),1.6460435606651753
Overcast,PiT-Net(Proposed),1.665920253320941
Overcast,PiT-Net(Proposed),1.2539610352414616
Overcast,PiT-Net(Proposed),1.3342323397320666
Overcast,PiT-Net(Proposed),0.9956852458086178
Overcast,PiT-Net(Proposed),0.6901071459132524
Overcast,PiT-Net(Proposed),0.877722554352065
Overcast,PiT-Net(Proposed),1.05752682648178
Overcast,PiT-Net(Proposed),0.7525025418299798
Overcast,PiT-Net(Proposed),0.23246279248646218
Overcast,PiT-Net(Proposed),0.5043839305499205
Overcast,PiT-Net(Proposed),0.5641029623038349
Overcast,PiT-Net(Proposed),0.536411412842984
Overcast,PiT-Net(Proposed),0.042440132825870336
Overcast,PiT-Net(Proposed),0.15596916621634094
Overcast,PiT-Net(Proposed),0.15188709256667465
Overcast,PiT-Net(Proposed),0.09856997691085567
Overcast,PiT-Net(Proposed),0.1010401621256598
Overcast,PiT-Net(Proposed),0.7301791383310317
Overcast,PiT-Net(Proposed),0.20880089915042888
Overcast,PiT-Net(Proposed),0.23647172772151137
Overcast,PiT-Net(Proposed),0.6103540441026603
Overcast,PiT-Net(Proposed),0.7335373722582226
Overcast,PiT-Net(Proposed),1.065450902393252
Overcast,PiT-Net(Proposed),0.9656355319683172
Overcast,PiT-Net(Proposed),1.208085207450667
Overcast,PiT-Net(Proposed),1.3097844164298262
Overcast,PiT-Net(Proposed),1.5991845950493797
Overcast,PiT-Net(Proposed),1.6453286621683958
Overcast,PiT-Net(Proposed),1.9853956653160143
Overcast,PiT-Net(Proposed),2.217657238033979
Overcast,PiT-Net(Proposed),2.330522735710744
Overcast,PiT-Net(Proposed),2.0230442844885617
Overcast,PiT-Net(Proposed),1.5459210720545677
Overcast,PiT-Net(Proposed),1.20047198318818
Overcast,PiT-Net(Proposed),1.6316877028876926
Overcast,PiT-Net(Proposed),1.8884661140821382
Overcast,PiT-Net(Proposed),1.9990814744315664
Overcast,PiT-Net(Proposed),1.706683241151147
Overcast,PiT-Net(Proposed),1.551163100965855
Overcast,PiT-Net(Proposed),1.555338537439221
Overcast,PiT-Net(Proposed),1.2037097823970466
Overcast,PiT-Net(Proposed),1.2566976359655655
Overcast,PiT-Net(Proposed),0.9463929283691908
Overcast,PiT-Net(Proposed),0.682721137754184
Overcast,PiT-Net(Proposed),0.8458497093562443
Overcast,PiT-Net(Proposed),0.9940824616400157
Overcast,PiT-Net(Proposed),0.7096266007217231
Overcast,PiT-Net(Proposed),0.23573707965844903
Overcast,PiT-Net(Proposed),0.5037381737877702
Overcast,PiT-Net(Proposed),0.5405390102616181
Overcast,PiT-Net(Proposed),0.4676693758442312
Overcast,PiT-Net(Proposed),0.07494472663981355
Overcast,PiT-Net(Proposed),0.15998233564651088
Overcast,PiT-Net(Proposed),0.15170501158655014
Overcast,PiT-Net(Proposed),0.13436014858259782
Overcast,PiT-Net(Proposed),0.08442670587519885
Overcast,PiT-Net(Proposed),0.6945170904094908
Overcast,PiT-Net(Proposed),0.2464548938240334
Overcast,PiT-Net(Proposed),0.24872593687546996
Overcast,PiT-Net(Proposed),0.6298866364434801
Overcast,PiT-Net(Proposed),0.6943691128751652
Overcast,PiT-Net(Proposed),1.007836144311792
Overcast,PiT-Net(Proposed),0.9338004678167007
Overcast,PiT-Net(Proposed),1.1243531421717758
Overcast,PiT-Net(Proposed),1.236707799890592
Overcast,PiT-Net(Proposed),1.468187033240703
Overcast,PiT-Net(Proposed),1.4994333252726868
Overcast,PiT-Net(Proposed),1.8050351487269332
Overcast,PiT-Net(Proposed),2.0152818845921026
Overcast,PiT-Net(Proposed),2.15542566649182
Overcast,PiT-Net(Proposed),1.9169084171596311
Overcast,PiT-Net(Proposed),1.4816301234479035
Overcast,PiT-Net(Proposed),1.1246196563791353
Overcast,PiT-Net(Proposed),1.605767884139118
Overcast,PiT-Net(Proposed),1.9084901926219104
Overcast,PiT-Net(Proposed),2.0804020111701904
Overcast,PiT-Net(Proposed),1.8052520306459217
Overcast,PiT-Net(Proposed),1.6408255269419172
Overcast,PiT-Net(Proposed),1.6557014631663307
Overcast,PiT-Net(Proposed),1.2875361036942543
Overcast,PiT-Net(Proposed),1.2819288617532436
Overcast,PiT-Net(Proposed),0.9662985378754794
Overcast,PiT-Net(Proposed),0.6478134878088593
Overcast,PiT-Net(Proposed),0.8389848277769261
Overcast,PiT-Net(Proposed),1.005275352912669
Overcast,PiT-Net(Proposed),0.7350940646071713
Overcast,PiT-Net(Proposed),0.27737638230771466
Overcast,PiT-Net(Proposed),0.4940689385590922
Overcast,PiT-Net(Proposed),0.6154095240640878
Overcast,PiT-Net(Proposed),0.4626037244811485
Overcast,PiT-Net(Proposed),0.030660935208452145
Overcast,PiT-Net(Proposed),0.19444322339226972
Overcast,PiT-Net(Proposed),0.11363824395678179
Overcast,PiT-Net(Proposed),0.17109352874842898
Overcast,PiT-Net(Proposed),0.1011191471163464
Overcast,PiT-Net(Proposed),0.6989278267367212
Overcast,PiT-Net(Proposed),0.2564112944850727
Overcast,PiT-Net(Proposed),0.1748701338021128
Overcast,PiT-Net(Proposed),0.599292076062369
Overcast,PiT-Net(Proposed),0.7279786483345063
Overcast,PiT-Net(Proposed),0.9868388577322378
Overcast,PiT-Net(Proposed),0.9619774871781317
Overcast,PiT-Net(Proposed),1.127156059870872
Overcast,PiT-Net(Proposed),1.2026105340693451
Overcast,PiT-Net(Proposed),1.5233742406445678
Overcast,PiT-Net(Proposed),1.5724529523644541
Overcast,PiT-Net(Proposed),1.9731694521836065
Overcast,PiT-Net(Proposed),2.2321145337389208
Overcast,PiT-Net(Proposed),2.3214590715143055
Overcast,PiT-Net(Proposed),1.9641753722810766
Overcast,PiT-Net(Proposed),1.4048728101996115
Overcast,Transformer(Baseline),1.1351282032913979
Overcast,Transformer(Baseline),1.4133217940796692
Overcast,Transformer(Baseline),1.4830698453712672
Overcast,Transformer(Baseline),1.5655823368462478
Overcast,Transformer(Baseline),1.4478537401764795
Overcast,Transformer(Baseline),1.644114161445347
Overcast,Transformer(Baseline),1.3025042006091105
Overcast,Transformer(Baseline),1.1361529195128952
Overcast,Transformer(Baseline),1.395069208165408
Overcast,Transformer(Baseline),1.044786449007436
Overcast,Transformer(Baseline),1.3583105078319786
Overcast,Transformer(Baseline),0.548674897800403
Overcast,Transformer(Baseline),0.5102147405476813
Overcast,Transformer(Baseline),1.0205500737601945
Overcast,Transformer(Baseline),0.12047899864442257
Overcast,Transformer(Baseline),0.5530791376003954
Overcast,Transformer(Baseline),0.616889144127164
Overcast,Transformer(Baseline),0.10994409491046042
Overcast,Transformer(Baseline),0.2674819082042532
Overcast,Transformer(Baseline),0.22714168115456346
Overcast,Transformer(Baseline),0.04152201723606197
Overcast,Transformer(Baseline),0.21457462543425976
Overcast,Transformer(Baseline),0.3547331359654322
Overcast,Transformer(Baseline),0.2477389899407001
Overcast,Transformer(Baseline),0.041814867034648984
Overcast,Transformer(Baseline),0.18721426970734
Overcast,Transformer(Baseline),0.8437660714847048
Overcast,Transformer(Baseline),0.4329615978720298
Overcast,Transformer(Baseline),0.6027122119832633
Overcast,Transformer(Baseline),0.45809928630387375
Overcast,Transformer(Baseline),0.5841102255102033
Overcast,Transformer(Baseline),0.8918179598841238
Overcast,Transformer(Baseline),0.9994018898640284
Overcast,Transformer(Baseline),0.5778033392468291
Overcast,Transformer(Baseline),1.1209204947416396
Overcast,Transformer(Baseline),1.015544829653134
Overcast,Transformer(Baseline),1.1651858473697718
Overcast,Transformer(Baseline),1.2156688921009557
Overcast,Transformer(Baseline),1.0806022035179197
Overcast,Transformer(Baseline),1.2520758900672702
Overcast,Transformer(Baseline),1.495512460747194
Overcast,Transformer(Baseline),1.3852473848260973
Overcast,Transformer(Baseline),1.3483840695551743
Overcast,Transformer(Baseline),1.2370299050443594
Overcast,Transformer(Baseline),1.2016770753784793
Overcast,Transformer(Baseline),0.8892245622565595
Overcast,Transformer(Baseline),1.2966221119543877
Overcast,Transformer(Baseline),0.9332129220654126
Overcast,Transformer(Baseline),0.5371118469382381
Overcast,Transformer(Baseline),1.0924847447357795
Overcast,Transformer(Baseline),0.19907932715719312
Overcast,Transformer(Baseline),0.8146501567070805
Overcast,Transformer(Baseline),0.44103879720795724
Overcast,Transformer(Baseline),2.150889828684388
Overcast,Transformer(Baseline),0.19669194773275933
Overcast,Transformer(Baseline),0.5257014959440163
Overcast,Transformer(Baseline),1.7782111508153164
Overcast,Transformer(Baseline),2.0469286370706214
Overcast,Transformer(Baseline),1.0581629006020261
Overcast,Transformer(Baseline),0.37578143570695133
Overcast,Transformer(Baseline),1.044823904630924
Overcast,Transformer(Baseline),2.6464126100347514
Overcast,Transformer(Baseline),2.372214190650503
Overcast,Transformer(Baseline),1.2353806457279592
Overcast,Transformer(Baseline),1.8162585045770765
Overcast,Transformer(Baseline),0.8040486224789216
Overcast,Transformer(Baseline),1.8625021445283245
Overcast,Transformer(Baseline),1.0567623896284282
Overcast,Transformer(Baseline),0.016555570917967444
Overcast,Transformer(Baseline),0.8506471797923094
Overcast,Transformer(Baseline),0.49048457074848706
Overcast,Transformer(Baseline),0.3718293093355829
Overcast,Transformer(Baseline),0.7538369138106216
Overcast,Transformer(Baseline),0.8852938978445728
Overcast,Transformer(Baseline),0.383665365202031
Overcast,Transformer(Baseline),0.5932964173301958
Overcast,Transformer(Baseline),0.9370030442984127
Overcast,Transformer(Baseline),2.0271875630664997
Overcast,Transformer(Baseline),0.134314422777571
Overcast,Transformer(Baseline),1.4594852289609808
Overcast,Transformer(Baseline),0.6951310654085727
Overcast,Transformer(Baseline),0.005718164023359229
Overcast,Transformer(Baseline),1.233481126626975
Overcast,Transformer(Baseline),1.720042602817125
Overcast,Transformer(Baseline),0.7985557186100993
Overcast,Transformer(Baseline),0.9051096060483608
Overcast,Transformer(Baseline),0.8965450363886314
Overcast,Transformer(Baseline),1.1693706201026648
Overcast,Transformer(Baseline),0.9186449912076533
Overcast,Transformer(Baseline),1.1425773722173744
Overcast,Transformer(Baseline),0.8188211173340587
Overcast,Transformer(Baseline),0.8703961593842422
Overcast,Transformer(Baseline),1.0798217611947871
Overcast,Transformer(Baseline),0.37638803383969766
Overcast,Transformer(Baseline),0.45483388212022113
Overcast,Transformer(Baseline),0.20422484743961533
Overcast,Transformer(Baseline),1.4195206605405737
Overcast,Transformer(Baseline),0.4933356508287918
Overcast,Transformer(Baseline),0.4909777474460526
Overcast,Transformer(Baseline),0.8413426285736705
Overcast,Transformer(Baseline),0.37157869285946
Overcast,Transformer(Baseline),0.34632990908150774
Overcast,Transformer(Baseline),1.392671848442319
Overcast,Transformer(Baseline),0.10292991676633712
Overcast,Transformer(Baseline),0.2757259285221707
Overcast,Transformer(Baseline),0.9377373298745209
Overcast,Transformer(Baseline),0.8521181713152046
Overcast,Transformer(Baseline),0.290022431929593
Overcast,Transformer(Baseline),0.7151624364767333
Overcast,Transformer(Baseline),0.9109522144755484
Overcast,Transformer(Baseline),0.8151165903249993
Overcast,Transformer(Baseline),1.1526448281545605
Overcast,Transformer(Baseline),0.21088703933169484
Overcast,Transformer(Baseline),0.05184658174300516
Overcast,Transformer(Baseline),1.4123105217486849
Overcast,Transformer(Baseline),0.11666344754541136
Overcast,Transformer(Baseline),0.02986552465706005
Overcast,Transformer(Baseline),0.9512323755763266
Overcast,Transformer(Baseline),0.25533868792527414
Overcast,Transformer(Baseline),0.51874007535719
Overcast,Transformer(Baseline),1.1424849176089573
Overcast,Transformer(Baseline),0.11064310189069992
Overcast,Transformer(Baseline),1.0026457476268362
Overcast,Transformer(Baseline),0.9351057513200249
Overcast,Transformer(Baseline),1.129845876341176
Overcast,Transformer(Baseline),0.7953419205432057
Overcast,Transformer(Baseline),1.4520368142780753
Overcast,Transformer(Baseline),1.0570206097224197
Overcast,Transformer(Baseline),0.8933339691381303
Overcast,Transformer(Baseline),0.6760892872983525
Overcast,Transformer(Baseline),0.7223661965790442
Overcast,Transformer(Baseline),0.8261350214889851
Overcast,Transformer(Baseline),0.9526845806363462
Overcast,Transformer(Baseline),0.8151074945820058
Overcast,Transformer(Baseline),1.2594663903994876
Overcast,Transformer(Baseline),1.12727101303628
Overcast,Transformer(Baseline),1.16666445635299
Overcast,Transformer(Baseline),1.0504076443483488
Overcast,Transformer(Baseline),1.469452660475147
Overcast,Transformer(Baseline),1.2526216580766132
Overcast,Transformer(Baseline),1.309135178088729
Overcast,Transformer(Baseline),0.8756252974798642
Overcast,Transformer(Baseline),1.0625592625788762
Overcast,Transformer(Baseline),1.0847969331723224
Overcast,Transformer(Baseline),1.1803821666255168
Overcast,Transformer(Baseline),0.8603879236998786
Overcast,Transformer(Baseline),0.5223678978723996
Overcast,Transformer(Baseline),1.0929292832002382
Overcast,Transformer(Baseline),0.5481400416509601
Overcast,Transformer(Baseline),0.7768686863754404
Overcast,Transformer(Baseline),0.6560250145148068
Overcast,Transformer(Baseline),0.5887033865489286
Overcast,Transformer(Baseline),0.35745265587778263
Overcast,Transformer(Baseline),0.578050859029883
Overcast,Transformer(Baseline),0.35136048352051574
Overcast,Transformer(Baseline),0.17451323936901986
Overcast,Transformer(Baseline),0.15741912059670327
Overcast,Transformer(Baseline),0.22244151061464024
Overcast,Transformer(Baseline),0.012453783868270563
Overcast,Transformer(Baseline),0.05775754815536871
Overcast,Transformer(Baseline),0.5416062548682312
Overcast,Transformer(Baseline),0.6613807411995474
Overcast,Transformer(Baseline),0.385311028369113
Overcast,Transformer(Baseline),0.8271398583567482
Overcast,Transformer(Baseline),0.7912550000606764
Overcast,Transformer(Baseline),0.7317217020823463
Overcast,Transformer(Baseline),1.3915964003386634
Overcast,Transformer(Baseline),0.8030180682458905
Overcast,Transformer(Baseline),1.389957887293134
Overcast,Transformer(Baseline),1.0306584673457984
Overcast,Transformer(Baseline),1.0537000476766192
Overcast,Transformer(Baseline),1.251645541469932
Overcast,Transformer(Baseline),1.0356038606545344
Overcast,Transformer(Baseline),1.2432011895037185
Overcast,Transformer(Baseline),1.311329331896598
Overcast,Transformer(Baseline),1.2029231494805757
Overcast,Transformer(Baseline),1.1463453242311772
Overcast,Transformer(Baseline),1.3512284274660562
Overcast,Transformer(Baseline),1.2267611593785284
Overcast,Transformer(Baseline),1.0077017028498152
Overcast,Transformer(Baseline),1.0371511671807245
Overcast,Transformer(Baseline),0.8389994832895431
Overcast,Transformer(Baseline),0.7694430314571181
Overcast,Transformer(Baseline),0.8875799448169934
Overcast,Transformer(Baseline),1.1026891202568763
Overcast,Transformer(Baseline),1.228900241840194
Overcast,Transformer(Baseline),1.2288302343510882
Overcast,Transformer(Baseline),1.2911730693543157
Overcast,Transformer(Baseline),1.4487597067651636
Overcast,Transformer(Baseline),1.47881222181665
Overcast,Transformer(Baseline),1.270981651219934
Overcast,Transformer(Baseline),1.0395041562315992
Overcast,Transformer(Baseline),1.3875759916719552
Overcast,Transformer(Baseline),1.085835112692326
Overcast,Transformer(Baseline),1.374469208065662
Overcast,Transformer(Baseline),0.7936582218210333
Overcast,Transformer(Baseline),0.5518315492302932
Overcast,Transformer(Baseline),1.0643103306554629
Overcast,Transformer(Baseline),0.7140295500987399
Overcast,Transformer(Baseline),0.7757767339671595
Overcast,Transformer(Baseline),0.6334365278694349
Overcast,Transformer(Baseline),0.4608409904819766
Overcast,Transformer(Baseline),0.4555447656330074
Overcast,Transformer(Baseline),0.3443816843694769
Overcast,Transformer(Baseline),0.49225430630459854
Overcast,Transformer(Baseline),0.3692310559909089
Overcast,Transformer(Baseline),0.0378469020882406
Overcast,Transformer(Baseline),0.43903870116375643
Overcast,Transformer(Baseline),0.19073998283028715
Overcast,Transformer(Baseline),0.3070345791648208
Overcast,Transformer(Baseline),0.544012040604418
Overcast,Transformer(Baseline),0.8164811523988327
Overcast,Transformer(Baseline),0.40671876944472984
Overcast,Transformer(Baseline),0.7138772373646489
Overcast,Transformer(Baseline),0.7897719488696566
Overcast,Transformer(Baseline),1.0514657050915908
Overcast,Transformer(Baseline),1.2203116793158095
Overcast,Transformer(Baseline),0.8577045598218067
Overcast,Transformer(Baseline),1.324312342781763
Overcast,Transformer(Baseline),1.2126321856916231
Overcast,Transformer(Baseline),1.253240108250509
Overcast,Transformer(Baseline),1.3145785039570512
Overcast,Transformer(Baseline),1.2086023464261757
Overcast,Transformer(Baseline),1.348756920437781
Overcast,Transformer(Baseline),1.495359263182407
Overcast,Transformer(Baseline),1.42171682331396
Overcast,Transformer(Baseline),1.3554672994186467
Overcast,Transformer(Baseline),1.3100505328304373
Overcast,Transformer(Baseline),1.0898001090006502
Overcast,Transformer(Baseline),0.789026830804753
Overcast,Transformer(Baseline),0.9204066697049529
Overcast,Transformer(Baseline),1.1373066609715994
Overcast,Transformer(Baseline),1.2444190832424908
Overcast,Transformer(Baseline),1.2441186753283873
Overcast,Transformer(Baseline),1.3437876844258314
Overcast,Transformer(Baseline),1.5028972881752267
Overcast,Transformer(Baseline),1.5127256246219574
Overcast,Transformer(Baseline),1.304346688562056
Overcast,Transformer(Baseline),1.0053420470948033
Overcast,Transformer(Baseline),1.447218061061422
Overcast,Transformer(Baseline),1.0578270249948734
Overcast,Transformer(Baseline),1.4196576394834821
Overcast,Transformer(Baseline),0.7818813854650806
Overcast,Transformer(Baseline),0.5825891446166516
Overcast,Transformer(Baseline),1.2237045863742395
Overcast,Transformer(Baseline),0.5481927688078372
Overcast,Transformer(Baseline),0.7879172495560773
Overcast,Transformer(Baseline),0.5959856994526689
Overcast,Transformer(Baseline),0.44597731168873267
Overcast,Transformer(Baseline),0.4247560050114956
Overcast,Transformer(Baseline),0.3390247140282483
Overcast,Transformer(Baseline),0.49707355934288344
Overcast,Transformer(Baseline),0.3294677198364333
Overcast,Transformer(Baseline),0.02284972488210002
Overcast,Transformer(Baseline),0.46574250699293174
Overcast,Transformer(Baseline),0.1583815107440536
Overcast,Transformer(Baseline),0.327097973090293
Overcast,Transformer(Baseline),0.5729596861745918
Overcast,Transformer(Baseline),0.7813841290737038
Overcast,Transformer(Baseline),0.45583951469846795
Overcast,Transformer(Baseline),0.715507904017187
Overcast,Transformer(Baseline),0.8651040242767287
Overcast,Transformer(Baseline),1.0064671763007205
Overcast,Transformer(Baseline),1.2186642892430086
Overcast,Transformer(Baseline),0.8657289247075912
Overcast,Transformer(Baseline),1.368343677312776
Overcast,Transformer(Baseline),1.191609239391962
Overcast,Transformer(Baseline),1.2544687493833475
Overcast,Transformer(Baseline),1.3741098301343069
Overcast,Transformer(Baseline),1.1874736910196813
Overcast,Transformer(Baseline),1.3601012210825525
Overcast,Transformer(Baseline),1.5429023291699986
Overcast,Transformer(Baseline),1.4099788926574748
Overcast,Transformer(Baseline),1.3802252736756393
Overcast,Transformer(Baseline),1.3329033684704672
Overcast,Transformer(Baseline),1.079322149265574
Overcast,Transformer(Baseline),0.8237606570189966
Overcast,Transformer(Baseline),0.9680032851766829
Overcast,Transformer(Baseline),1.1857702963855714
Overcast,Transformer(Baseline),1.289285077483585
Overcast,Transformer(Baseline),1.3148155770957448
Overcast,Transformer(Baseline),1.3855635745402548
Overcast,Transformer(Baseline),1.5319640504902399
Overcast,Transformer(Baseline),1.5256297086969415
Overcast,Transformer(Baseline),1.3207387576777752
Overcast,Transformer(Baseline),1.0413525934882237
Overcast,Transformer(Baseline),1.4213411171315151
Overcast,Transformer(Baseline),1.0516359795440007
Overcast,Transformer(Baseline),1.3902994577800847
Overcast,Transformer(Baseline),0.8194045463491371
Overcast,Transformer(Baseline),0.5320792810951005
Overcast,Transformer(Baseline),1.187186930117445
Overcast,Transformer(Baseline),0.5741730102841274
Overcast,Transformer(Baseline),0.7359710435764519
Overcast,Transformer(Baseline),0.5905296624427336
Overcast,Transformer(Baseline),0.4664481700696612
Overcast,Transformer(Baseline),0.3603969591519238
Overcast,Transformer(Baseline),0.355306877305992
Overcast,Transformer(Baseline),0.44685884692951916
Overcast,Transformer(Baseline),0.34785047269262037
Overcast,Transformer(Baseline),0.10053527225007386
Overcast,Transformer(Baseline),0.4925712622719658
Overcast,Transformer(Baseline),0.22388827438158287
Overcast,Transformer(Baseline),0.4279435378312151
Overcast,Transformer(Baseline),0.5327731804945692
Overcast,Transformer(Baseline),0.8421747327545539
Overcast,Transformer(Baseline),0.4629480624507565
Overcast,Transformer(Baseline),0.6743788450587438
Overcast,Transformer(Baseline),0.7942463285305834
Overcast,Transformer(Baseline),1.0139229556465317
Overcast,Transformer(Baseline),1.1717082843037474
Overcast,Transformer(Baseline),0.8785958723786642
Overcast,Transformer(Baseline),1.2961361105900746
Overcast,Transformer(Baseline),1.2644795059308436
Overcast,Transformer(Baseline),1.2912170143702202
Overcast,Transformer(Baseline),1.3546263089345842
Overcast,Transformer(Baseline),1.2209886387857
Overcast,Transformer(Baseline),1.382768397246144
Overcast,Transformer(Baseline),1.5801625355160942
Overcast,Transformer(Baseline),1.454859223042285
Overcast,Transformer(Baseline),1.3956739068321844
Overcast,Transformer(Baseline),1.343615228049696
Overcast,Transformer(Baseline),1.0820763240400368
Overcast,Transformer(Baseline),0.879112490391685
Overcast,Transformer(Baseline),1.027333482298984
Overcast,Transformer(Baseline),1.180537164776581
Overcast,Transformer(Baseline),1.3477626555726738
Overcast,Transformer(Baseline),1.355625863102226
Overcast,Transformer(Baseline),1.4119841258525083
Overcast,Transformer(Baseline),1.4042312327521476
Overcast,Transformer(Baseline),1.4491880283039045
Overcast,Transformer(Baseline),1.2283538874612123
Overcast,Transformer(Baseline),1.0603952689260314
Overcast,Transformer(Baseline),1.3156737505283633
Overcast,Transformer(Baseline),0.9898320049696281
Overcast,Transformer(Baseline),1.2948594164016587
Overcast,Transformer(Baseline),0.8025656474216127
Overcast,Transformer(Baseline),0.4033844573411969
Overcast,Transformer(Baseline),0.9889358606665795
Overcast,Transformer(Baseline),0.5338541169138544
Overcast,Transformer(Baseline),0.7088525907221985
Overcast,Transformer(Baseline),0.6202992161445877
Overcast,Transformer(Baseline),0.4009154930324925
Overcast,Transformer(Baseline),0.309203552159488
Overcast,Transformer(Baseline),0.39776234212997963
Overcast,Transformer(Baseline),0.4106114304365036
Overcast,Transformer(Baseline),0.3635998083758132
Overcast,Transformer(Baseline),0.11349120476133479
Overcast,Transformer(Baseline),0.40941463449774673
Overcast,Transformer(Baseline),0.2818045115018748
Overcast,Transformer(Baseline),0.5107233726987346
Overcast,Transformer(Baseline),0.4275439169156172
Overcast,Transformer(Baseline),0.7858106740077346
Overcast,Transformer(Baseline),0.5407817922090246
Overcast,Transformer(Baseline),0.5609331146301528
Overcast,Transformer(Baseline),0.6094773985724586
Overcast,Transformer(Baseline),1.045281914086548
Overcast,Transformer(Baseline),1.1252071197574018
Overcast,Transformer(Baseline),0.8960187383665055
Overcast,Transformer(Baseline),1.2053486534516278
Overcast,Transformer(Baseline),1.2554378655384948
Overcast,Transformer(Baseline),1.2366910742092134
Overcast,Transformer(Baseline),1.294180410119667
Overcast,Transformer(Baseline),1.2463908787598772
Overcast,Transformer(Baseline),1.3928989972651955
Overcast,Transformer(Baseline),1.542509811714873
Overcast,Transformer(Baseline),1.4621485293309737
Overcast,Transformer(Baseline),1.3808660913013067
Overcast,Transformer(Baseline),1.3190588266962164
Overcast,Transformer(Baseline),0.8777079113658426
Overcast,Transformer(Baseline),1.0208064228300595
Overcast,Transformer(Baseline),1.184743128424691
Overcast,Transformer(Baseline),1.3444081268225259
Overcast,Transformer(Baseline),1.3503497133332667
Overcast,Transformer(Baseline),1.3836469606942883
Overcast,Transformer(Baseline),1.38844109649017
Overcast,Transformer(Baseline),1.4247994971260667
Overcast,Transformer(Baseline),1.2235258504827033
Overcast,Transformer(Baseline),1.1048041005166436
Overcast,Transformer(Baseline),1.2822780815765054
Overcast,Transformer(Baseline),0.9756919694643056
Overcast,Transformer(Baseline),1.2873518427271247
Overcast,Transformer(Baseline),0.8028926179884337
Overcast,Transformer(Baseline),0.385099466886178
Overcast,Transformer(Baseline),0.9124325747903121
Overcast,Transformer(Baseline),0.581978790654734
Overcast,Transformer(Baseline),0.7115520556638408
Overcast,Transformer(Baseline),0.6150818230574799
Overcast,Transformer(Baseline),0.4065089700178923
Overcast,Transformer(Baseline),0.30377038981512783
Overcast,Transformer(Baseline),0.37721489535995545
Overcast,Transformer(Baseline),0.3955249037646098
Overcast,Transformer(Baseline),0.37051221178511895
Overcast,Transformer(Baseline),0.110322393939704
Overcast,Transformer(Baseline),0.41584375689221176
Overcast,Transformer(Baseline),0.33559053188890786
Overcast,Transformer(Baseline),0.47951440770056664
Overcast,Transformer(Baseline),0.4141488357091774
Overcast,Transformer(Baseline),0.8100218972711026
Overcast,Transformer(Baseline),0.5125456301630855
Overcast,Transformer(Baseline),0.5283068904371149
Overcast,Transformer(Baseline),0.5856749160962025
Overcast,Transformer(Baseline),1.1083350418167832
Overcast,Transformer(Baseline),1.0600976961216428
Overcast,Transformer(Baseline),0.8680447265886162
Overcast,Transformer(Baseline),1.1840763042322422
Overcast,Transformer(Baseline),1.2751746184572212
Overcast,Transformer(Baseline),1.2438760132147326
Overcast,Transformer(Baseline),1.2816110038496387
Overcast,Transformer(Baseline),1.2671152419698224
Overcast,Transformer(Baseline),1.3945283973270577
Overcast,Transformer(Baseline),1.5479906150014937
Overcast,Transformer(Baseline),1.499930464349549
Overcast,Transformer(Baseline),1.389366633775233
Overcast,Transformer(Baseline),1.3093619260432288
Overcast,Transformer(Baseline),1.2463433328219935
Overcast,Transformer(Baseline),1.3253845468795107
Overcast,Transformer(Baseline),1.4485073987913957
Overcast,Transformer(Baseline),1.399709688131316
Overcast,Transformer(Baseline),1.303785690544319
Overcast,Transformer(Baseline),1.1503271041420327
Overcast,Transformer(Baseline),1.0802732628345844
Overcast,Transformer(Baseline),1.1857406456512791
Overcast,Transformer(Baseline),0.7163151943195061
Overcast,Transformer(Baseline),0.5468464089413185
Overcast,Transformer(Baseline),0.5984285850655748
Overcast,Transformer(Baseline),0.4054045777042088
Overcast,Transformer(Baseline),0.7550069743399046
Overcast,Transformer(Baseline),0.5575769489185429
Overcast,Transformer(Baseline),0.11026040005372195
Overcast,Transformer(Baseline),0.1857811792256019
Overcast,Transformer(Baseline),0.30621295858315456
Overcast,Transformer(Baseline),0.08481852363707532
Overcast,Transformer(Baseline),0.0623902139229795
Overcast,Transformer(Baseline),0.351588910592195
Overcast,Transformer(Baseline),0.09819782548483147
Overcast,Transformer(Baseline),0.17338587458400134
Overcast,Transformer(Baseline),0.27110567918131245
Overcast,Transformer(Baseline),0.6094023094128023
Overcast,Transformer(Baseline),0.8181883867988731
Overcast,Transformer(Baseline),0.5416706062474699
Overcast,Transformer(Baseline),0.8804665823704774
Overcast,Transformer(Baseline),0.810743228713017
Overcast,Transformer(Baseline),1.2250422492375073
Overcast,Transformer(Baseline),1.2848857331626071
Overcast,Transformer(Baseline),1.1230071961059211
Overcast,Transformer(Baseline),1.3502969737639319
Overcast,Transformer(Baseline),1.4810588713212827
Overcast,Transformer(Baseline),1.4705690514614895
Overcast,Transformer(Baseline),1.34527687499971
Overcast,Transformer(Baseline),1.53063829727238
Overcast,Transformer(Baseline),1.6845574644430479
Overcast,Transformer(Baseline),1.774714698374849
Overcast,Transformer(Baseline),1.718989939925751
Overcast,Transformer(Baseline),1.6588342872395838
Overcast,Transformer(Baseline),1.5611367090221595
Overcast,Transformer(Baseline),1.4652108489119673
Overcast,Transformer(Baseline),1.4345835465858503
Overcast,Transformer(Baseline),1.0371771097642828
Overcast,Transformer(Baseline),0.8004063691967254
Overcast,Transformer(Baseline),0.9680068246639699
Overcast,Transformer(Baseline),0.447649205448009
Overcast,Transformer(Baseline),0.8354694511959764
Overcast,Transformer(Baseline),0.6333288348886477
Overcast,Transformer(Baseline),0.3051962286851264
Overcast,Transformer(Baseline),0.31340244465789624
Overcast,Transformer(Baseline),0.07033771813709322
Overcast,Transformer(Baseline),0.06366667359150924
Overcast,Transformer(Baseline),0.398212101535222
Overcast,Transformer(Baseline),0.3160457783431099
Overcast,Transformer(Baseline),0.5048845867100411
Overcast,Transformer(Baseline),0.31075086870977486
Overcast,Transformer(Baseline),0.6279017810774157
Overcast,Transformer(Baseline),0.7742579547745336
Overcast,Transformer(Baseline),0.9001998617692664
Overcast,Transformer(Baseline),0.9944529533712032
Overcast,Transformer(Baseline),0.8945315364351831
Overcast,Transformer(Baseline),1.0906844269550486
Overcast,Transformer(Baseline),1.523450085889868
Overcast,Transformer(Baseline),1.5665190292659243
Overcast,Transformer(Baseline),1.3301300536837868
Overcast,Transformer(Baseline),1.7379040692424512
Overcast,Transformer(Baseline),1.6942824858120513
Overcast,Transformer(Baseline),1.7024298107001017
Overcast,Transformer(Baseline),1.5698690498479217
Overcast,Transformer(Baseline),0.7401430036676008
Overcast,Transformer(Baseline),0.5202490117869341
Overcast,Transformer(Baseline),0.7645466800601222
Overcast,Transformer(Baseline),0.6096042041374847
Overcast,Transformer(Baseline),0.7495314178824319
Overcast,Transformer(Baseline),0.49968017606029314
Overcast,Transformer(Baseline),0.5254371334716126
Overcast,Transformer(Baseline),0.8225256147873043
Overcast,Transformer(Baseline),0.426084042926445
Overcast,Transformer(Baseline),0.44922647168314267
Overcast,Transformer(Baseline),0.31251794138479827
Overcast,Transformer(Baseline),0.24245743658404795
Overcast,Transformer(Baseline),0.17056201398592918
Overcast,Transformer(Baseline),0.9414270514945331
Overcast,Transformer(Baseline),0.04692252336222946
Overcast,Transformer(Baseline),0.30170655582465944
Overcast,Transformer(Baseline),0.5823655777074102
Overcast,Transformer(Baseline),0.3998414468721849
Overcast,Transformer(Baseline),0.5178788958364011
Overcast,Transformer(Baseline),0.20202363534799872
Overcast,Transformer(Baseline),0.6354135948893802
Overcast,Transformer(Baseline),0.9507922972642788
Overcast,Transformer(Baseline),0.6943438242910789
Overcast,Transformer(Baseline),0.1826253348674287
Overcast,Transformer(Baseline),0.1716661422399195
Overcast,Transformer(Baseline),0.28444172149328306
Overcast,Transformer(Baseline),0.3955999656264204
Overcast,Transformer(Baseline),0.6044950695822866
Overcast,Transformer(Baseline),0.8499767160737353
Overcast,Transformer(Baseline),0.44590603648710037
Overcast,Transformer(Baseline),0.5200922232643554
Overcast,Transformer(Baseline),0.9582514369456114
Overcast,Transformer(Baseline),0.8843123314447188
Overcast,Transformer(Baseline),0.7852321979636465
Overcast,Transformer(Baseline),0.9844487975600433
Overcast,Transformer(Baseline),0.8366785890361004
Overcast,Transformer(Baseline),0.9245478813854144
Overcast,Transformer(Baseline),0.7586985896999652
Overcast,Transformer(Baseline),0.751826446200691
Overcast,Transformer(Baseline),0.8701186089505377
Overcast,Transformer(Baseline),0.5203268176469216
Overcast,Transformer(Baseline),0.402135145120301
Overcast,Transformer(Baseline),0.19088559883902612
Overcast,Transformer(Baseline),0.3308193291755561
Overcast,Transformer(Baseline),0.2438974922145345
Overcast,Transformer(Baseline),0.5184536148934704
Overcast,Transformer(Baseline),0.012159171390926815
Overcast,Transformer(Baseline),0.08838202534932549
Overcast,Transformer(Baseline),0.010659223465903978
Overcast,Transformer(Baseline),0.1985864974702931
Overcast,Transformer(Baseline),0.18037181030857496
Overcast,Transformer(Baseline),0.3693386950975377
Overcast,Transformer(Baseline),0.1748826596918196
Overcast,Transformer(Baseline),0.04297532889129485
Overcast,Transformer(Baseline),0.2441155948296565
Overcast,Transformer(Baseline),0.3870990753305712
Overcast,Transformer(Baseline),0.32999672857479556
Overcast,Transformer(Baseline),0.616316055093856
Overcast,Transformer(Baseline),0.39000302899797124
Overcast,Transformer(Baseline),0.3251425756987425
Overcast,Transformer(Baseline),0.915003628048555
Overcast,Transformer(Baseline),0.6955114252585144
Overcast,Transformer(Baseline),0.6569312639482305
Overcast,Transformer(Baseline),0.761321068375501
Overcast,Transformer(Baseline),0.8640593770929508
Overcast,Transformer(Baseline),0.9594585759848098
Overcast,Transformer(Baseline),1.2217842361927924
Overcast,Transformer(Baseline),0.9094283032247237
Overcast,Transformer(Baseline),1.1399623810939419
Overcast,Transformer(Baseline),1.1580668448864984
Overcast,Transformer(Baseline),0.5244608277855747
Overcast,Transformer(Baseline),1.1735462442999163
Overcast,Transformer(Baseline),1.0763924183052644
Overcast,Transformer(Baseline),0.328354133328995
Overcast,Transformer(Baseline),0.6271321649501989
Overcast,Transformer(Baseline),0.5228125311596639
Overcast,Transformer(Baseline),0.10836984544911843
Overcast,Transformer(Baseline),0.6946512671093199
Overcast,Transformer(Baseline),0.19308578480262462
Overcast,Transformer(Baseline),0.6062315975543342
Overcast,Transformer(Baseline),0.6514211123583031
Overcast,Transformer(Baseline),0.4326359435420706
Overcast,Transformer(Baseline),0.693931158565448
Overcast,Transformer(Baseline),0.11679464319806598
Overcast,Transformer(Baseline),0.2709429601896236
Overcast,Transformer(Baseline),0.3870099229185726
Overcast,Transformer(Baseline),0.39543421883927543
Overcast,Transformer(Baseline),0.28258461702026416
Overcast,Transformer(Baseline),0.7546214855962159
Overcast,Transformer(Baseline),0.993262524466294
Overcast,Transformer(Baseline),0.42593773324858475
Overcast,Transformer(Baseline),0.3546690321034456
Overcast,Transformer(Baseline),1.399782750948284
Overcast,Transformer(Baseline),0.8102173305213443
Overcast,Transformer(Baseline),1.0440513137467375
Overcast,Transformer(Baseline),0.811686922247028
Overcast,Transformer(Baseline),1.4678712266592266
Overcast,Transformer(Baseline),1.6302570624099304
Overcast,Transformer(Baseline),1.6835637288262486
Overcast,Transformer(Baseline),1.468262057604063
Overcast,Transformer(Baseline),1.46311750769204
Overcast,Transformer(Baseline),1.2662768903042316
Overcast,Transformer(Baseline),1.484691850335226
Overcast,Transformer(Baseline),0.9670701841900975
Overcast,Transformer(Baseline),0.5959163510730008
Overcast,Transformer(Baseline),0.7837650312678921
Overcast,Transformer(Baseline),0.5317563836964734
Overcast,Transformer(Baseline),1.1280573276201213
Overcast,Transformer(Baseline),0.6117518610736141
Overcast,Transformer(Baseline),0.3552727918048397
Overcast,Transformer(Baseline),0.15169128627512407
Overcast,Transformer(Baseline),0.4005854963240516
Overcast,Transformer(Baseline),0.19293682679455415
Overcast,Transformer(Baseline),0.23555329366014632
Overcast,Transformer(Baseline),0.1669226664071779
Overcast,Transformer(Baseline),0.16209447740455118
Overcast,Transformer(Baseline),0.5040246073294483
Overcast,Transformer(Baseline),0.0949984818342493
Overcast,Transformer(Baseline),0.802236042085454
Overcast,Transformer(Baseline),0.5765722399410382
Overcast,Transformer(Baseline),0.915636118869406
Overcast,Transformer(Baseline),1.2018565781082948
Overcast,Transformer(Baseline),0.8144520784568652
Overcast,Transformer(Baseline),1.4153327660966113
Overcast,Transformer(Baseline),1.6671062853697727
Overcast,Transformer(Baseline),1.3096172884132553
Overcast,Transformer(Baseline),1.751255514595547
Overcast,Transformer(Baseline),1.6903921079394006
Overcast,Transformer(Baseline),1.7804948558868103
Overcast,Transformer(Baseline),1.4857571536452354
Overcast,Transformer(Baseline),1.1026403967004865
Overcast,Transformer(Baseline),1.2787649967333188
Overcast,Transformer(Baseline),1.1947394591469833
Overcast,Transformer(Baseline),1.2126191307488572
Overcast,Transformer(Baseline),1.1966308469155909
Overcast,Transformer(Baseline),0.9963985925942067
Overcast,Transformer(Baseline),1.2739398497501089
Overcast,Transformer(Baseline),0.7562814594413094
Overcast,Transformer(Baseline),0.5831054662308759
Overcast,Transformer(Baseline),0.6373128409027533
Overcast,Transformer(Baseline),0.35707394022903216
Overcast,Transformer(Baseline),0.47349723166754387
Overcast,Transformer(Baseline),0.6421321700745874
Overcast,Transformer(Baseline),0.04931249063517562
Overcast,Transformer(Baseline),0.14066555358350463
Overcast,Transformer(Baseline),0.06197953771821929
Overcast,Transformer(Baseline),0.17127501120683597
Overcast,Transformer(Baseline),0.09991062197550526
Overcast,Transformer(Baseline),0.5181111758187189
Overcast,Transformer(Baseline),0.25972141336131216
Overcast,Transformer(Baseline),0.027971407956277616
Overcast,Transformer(Baseline),0.19020086905714884
Overcast,Transformer(Baseline),0.573230542332352
Overcast,Transformer(Baseline),0.3268263641265232
Overcast,Transformer(Baseline),0.6818888529214924
Overcast,Transformer(Baseline),0.3408660530204557
Overcast,Transformer(Baseline),0.2568308851273944
Overcast,Transformer(Baseline),0.8768746869586099
Overcast,Transformer(Baseline),0.8278243653384898
Overcast,Transformer(Baseline),0.5107200500077491
Overcast,Transformer(Baseline),0.8326865401000534
Overcast,Transformer(Baseline),0.8280270689933813
Overcast,Transformer(Baseline),0.9250409630721936
Overcast,Transformer(Baseline),0.958412808088358
Overcast,Transformer(Baseline),0.9812966707271267
Overcast,Transformer(Baseline),0.9552057479747722
Overcast,Transformer(Baseline),1.034417399597568
Overcast,Transformer(Baseline),0.958074060248451
Overcast,Transformer(Baseline),1.0264985197391425
Overcast,Transformer(Baseline),0.8941944760013967
Overcast,Transformer(Baseline),0.7916797806013038
Overcast,Transformer(Baseline),0.7662236527956487
Overcast,Transformer(Baseline),0.5653073400160133
Overcast,Transformer(Baseline),0.7504059762142479
Overcast,Transformer(Baseline),0.5249363054555687
Overcast,Transformer(Baseline),0.1789042289300884
Overcast,Transformer(Baseline),0.2049870353283083
Overcast,Transformer(Baseline),0.21474226106546723
Overcast,Transformer(Baseline),0.4511058930789389
Overcast,Transformer(Baseline),0.47331617406959303
Overcast,Transformer(Baseline),0.26753402326197673
Overcast,Transformer(Baseline),0.09303910298330464
Overcast,Transformer(Baseline),0.05120810496527639
Overcast,Transformer(Baseline),0.09602730518104785
Overcast,Transformer(Baseline),0.07008654840796069
Overcast,Transformer(Baseline),0.2205611537039509
Overcast,Transformer(Baseline),0.5472152635668159
Overcast,Transformer(Baseline),0.402367603342471
Overcast,Transformer(Baseline),0.6657327893771949
Overcast,Transformer(Baseline),0.01107680921301224
Overcast,Transformer(Baseline),0.17101173208485854
Overcast,Transformer(Baseline),0.5854722978641895
Overcast,Transformer(Baseline),0.14769576809367102
Overcast,Transformer(Baseline),0.1776427443428723
Overcast,Transformer(Baseline),0.7601754151083142
Overcast,Transformer(Baseline),0.785451606574469
Overcast,Transformer(Baseline),0.4798697085182262
Overcast,Transformer(Baseline),0.8691498362430599
Overcast,Transformer(Baseline),0.6630067902881684
Overcast,Transformer(Baseline),0.9428716481244699
Overcast,Transformer(Baseline),0.9007582743067912
Overcast,Transformer(Baseline),1.0670273416813298
Overcast,Transformer(Baseline),0.48999774190761747
Overcast,Transformer(Baseline),0.6107178545103285
Overcast,Transformer(Baseline),0.7524393655315118
Overcast,Transformer(Baseline),0.49691224362571873
Overcast,Transformer(Baseline),1.2616796885547235
Overcast,Transformer(Baseline),1.001141202736057
Overcast,Transformer(Baseline),0.7384412677510692
Overcast,Transformer(Baseline),0.5451760318812919
Overcast,Transformer(Baseline),1.3835925623876308
Overcast,Transformer(Baseline),1.0006047318868854
Overcast,Transformer(Baseline),1.227059777444376
Overcast,Transformer(Baseline),0.46820648365260986
Overcast,Transformer(Baseline),0.6738451599926751
Overcast,Transformer(Baseline),1.0952679535199135
Overcast,Transformer(Baseline),0.786428745494792
Overcast,Transformer(Baseline),0.6287721824887011
Overcast,Transformer(Baseline),0.5705820001916404
Overcast,Transformer(Baseline),1.4718443921596034
Overcast,Transformer(Baseline),0.7196211234472969
Overcast,Transformer(Baseline),0.69312760189786
Overcast,Transformer(Baseline),0.7438910018742213
Overcast,Transformer(Baseline),0.9183144994644792
Overcast,Transformer(Baseline),0.6599484236123061
Overcast,Transformer(Baseline),0.9300504482420848
Overcast,Transformer(Baseline),0.0319418309426851
Overcast,Transformer(Baseline),0.36629376199656605
Overcast,Transformer(Baseline),0.13756469332528454
Overcast,Transformer(Baseline),0.06908600565136425
Overcast,Transformer(Baseline),0.06898815352885279
Overcast,Transformer(Baseline),0.3606621856232195
Overcast,Transformer(Baseline),0.36832614350706194
Overcast,Transformer(Baseline),0.46650413109562905
Overcast,Transformer(Baseline),0.6140508209902649
Overcast,Transformer(Baseline),0.38736985718127315
Overcast,Transformer(Baseline),0.7741711511358851
Overcast,Transformer(Baseline),0.6005720319251111
Overcast,Transformer(Baseline),1.2556090831824243
Overcast,Transformer(Baseline),0.725905475616603
Overcast,Transformer(Baseline),1.4920881487356485
Overcast,Transformer(Baseline),1.1505281087889436
Overcast,Transformer(Baseline),0.7760025200552985
Overcast,Transformer(Baseline),1.1876858058502187
Overcast,Transformer(Baseline),0.9745108020843016
Overcast,Transformer(Baseline),1.4853100535866552
Overcast,Transformer(Baseline),1.2071811206132166
Overcast,Transformer(Baseline),1.3171325733173154
Overcast,Transformer(Baseline),1.3130128119052333
Overcast,Transformer(Baseline),1.2182770271753864
Overcast,Transformer(Baseline),1.0783474029751159
Overcast,Transformer(Baseline),1.0633828207180998
Overcast,Transformer(Baseline),0.8486336152861342
Overcast,Transformer(Baseline),0.7621241914774873
Overcast,Transformer(Baseline),0.9162353165288106
Overcast,Transformer(Baseline),1.1255586293690016
Overcast,Transformer(Baseline),1.1005043947969506
Overcast,Transformer(Baseline),1.334610148483982
Overcast,Transformer(Baseline),1.3545052626513918
Overcast,Transformer(Baseline),1.3758705146609076
Overcast,Transformer(Baseline),1.367629922765122
Overcast,Transformer(Baseline),1.485792193831541
Overcast,Transformer(Baseline),1.6382632691413335
Overcast,Transformer(Baseline),1.1746552431205135
Overcast,Transformer(Baseline),0.9211241907444574
Overcast,Transformer(Baseline),1.208668189982001
Overcast,Transformer(Baseline),0.9881760014115777
Overcast,Transformer(Baseline),1.2908528475233112
Overcast,Transformer(Baseline),0.577635309944867
Overcast,Transformer(Baseline),0.38700179531046075
Overcast,Transformer(Baseline),1.0155483895768427
Overcast,Transformer(Baseline),0.5568098207108356
Overcast,Transformer(Baseline),0.5175807759838307
Overcast,Transformer(Baseline),0.6176704883479687
Overcast,Transformer(Baseline),0.43250796433746785
Overcast,Transformer(Baseline),0.4280665506074328
Overcast,Transformer(Baseline),0.4200470617837766
Overcast,Transformer(Baseline),0.31837408467488615
Overcast,Transformer(Baseline),0.3547800756970929
Overcast,Transformer(Baseline),0.07117482411090137
Overcast,Transformer(Baseline),0.4424197699577128
Overcast,Transformer(Baseline),0.2639658028774292
Overcast,Transformer(Baseline),0.14406515359472394
Overcast,Transformer(Baseline),0.8110111660844623
Overcast,Transformer(Baseline),0.826718871062873
Overcast,Transformer(Baseline),0.28722959707283735
Overcast,Transformer(Baseline),0.7217120795930505
Overcast,Transformer(Baseline),0.7815544217199637
Overcast,Transformer(Baseline),0.9028327165297299
Overcast,Transformer(Baseline),1.1174147432426125
Overcast,Transformer(Baseline),0.7313037521165491
Overcast,Transformer(Baseline),1.3109992675264017
Overcast,Transformer(Baseline),1.16441297088031
Overcast,Transformer(Baseline),1.290485898585942
Overcast,Transformer(Baseline),1.2636742590435386
Overcast,Transformer(Baseline),1.0787045185087774
Overcast,Transformer(Baseline),1.282595004273805
Overcast,Transformer(Baseline),1.4957279495803153
Overcast,Transformer(Baseline),1.388506457474202
Overcast,Transformer(Baseline),1.3511713834504864
Overcast,Transformer(Baseline),1.3870192454718406
Overcast,Transformer(Baseline),1.3238970480721877
Overcast,Transformer(Baseline),1.0967410165572462
Overcast,Transformer(Baseline),0.9530412709500694
Overcast,Transformer(Baseline),0.7054606695224528
Overcast,Transformer(Baseline),0.8049567618309956
Overcast,Transformer(Baseline),1.0315247731373995
Overcast,Transformer(Baseline),0.787923436162334
Overcast,Transformer(Baseline),1.1001834284064778
Overcast,Transformer(Baseline),1.1093119608616018
Overcast,Transformer(Baseline),0.8495838264433919
Overcast,Transformer(Baseline),0.8733330116753208
Overcast,Transformer(Baseline),0.8652335201557353
Overcast,Transformer(Baseline),0.7824973421264794
Overcast,Transformer(Baseline),0.7719797106103208
Overcast,Transformer(Baseline),0.7475266732137165
Overcast,Transformer(Baseline),0.49722170005534316
Overcast,Transformer(Baseline),0.8590292932497672
Overcast,Transformer(Baseline),0.9487376752026737
Overcast,Transformer(Baseline),0.5576069976226563
Overcast,Transformer(Baseline),0.16517649886155183
Overcast,Transformer(Baseline),0.1881502742381045
Overcast,Transformer(Baseline),0.37719404678099977
Overcast,Transformer(Baseline),0.18117199201338785
Overcast,Transformer(Baseline),0.6934414119725805
Overcast,Transformer(Baseline),0.16586138122691985
Overcast,Transformer(Baseline),0.061222344056830025
Overcast,Transformer(Baseline),0.113809975870101
Overcast,Transformer(Baseline),0.09564513999265145
Overcast,Transformer(Baseline),0.2885575626709649
Overcast,Transformer(Baseline),0.1466765342823635
Overcast,Transformer(Baseline),0.45477811382434474
Overcast,Transformer(Baseline),0.021859834613131568
Overcast,Transformer(Baseline),0.08004743953000037
Overcast,Transformer(Baseline),0.2616791155641227
Overcast,Transformer(Baseline),0.04728706575296293
Overcast,Transformer(Baseline),0.9757789609392908
Overcast,Transformer(Baseline),0.3440382758220224
Overcast,Transformer(Baseline),0.2593976142894636
Overcast,Transformer(Baseline),0.3922159608797333
Overcast,Transformer(Baseline),0.7503011578197238
Overcast,Transformer(Baseline),0.47142038504464345
Overcast,Transformer(Baseline),0.6858672294780863
Overcast,Transformer(Baseline),0.5938038303868787
Overcast,Transformer(Baseline),0.6701067877515943
Overcast,Transformer(Baseline),0.7893837793615717
Overcast,Transformer(Baseline),0.9846333581487823
Overcast,Transformer(Baseline),0.8747528646788583
Overcast,Transformer(Baseline),1.1552185060801525
Overcast,Transformer(Baseline),0.9133723196707422
Overcast,Transformer(Baseline),0.9344121017159979
Overcast,Transformer(Baseline),1.0622132309192107
Overcast,Transformer(Baseline),0.7731364392261546
Overcast,Transformer(Baseline),0.8337599997137601
Overcast,Transformer(Baseline),0.9912634858108914
Overcast,Transformer(Baseline),1.1336739421122404
Overcast,Transformer(Baseline),1.1592760943736669
Overcast,Transformer(Baseline),1.6178872346181512
Overcast,Transformer(Baseline),0.17361194461632135
Overcast,Transformer(Baseline),1.6732445468922155
Overcast,Transformer(Baseline),2.281675116819037
Overcast,Transformer(Baseline),0.7353251787191954
Overcast,Transformer(Baseline),2.3991953122691
Overcast,Transformer(Baseline),0.3515159361584672
Overcast,Transformer(Baseline),0.8156067062076726
Overcast,Transformer(Baseline),2.548476671841284
Overcast,Transformer(Baseline),0.6646937078313435
Overcast,Transformer(Baseline),0.9474164060928061
Overcast,Transformer(Baseline),1.3443901793226392
Overcast,Transformer(Baseline),3.9584086229588795
Overcast,Transformer(Baseline),0.09401259872023715
Overcast,Transformer(Baseline),0.46131248669628633
Overcast,Transformer(Baseline),1.224789771748032
Overcast,Transformer(Baseline),2.3094783578673983
Overcast,Transformer(Baseline),0.5532062141246357
Overcast,Transformer(Baseline),2.2683120441289475
Overcast,Transformer(Baseline),0.4993656896665897
Overcast,Transformer(Baseline),4.051558295895152
Overcast,Transformer(Baseline),3.1719872150494304
Overcast,Transformer(Baseline),2.109714791759494
Overcast,Transformer(Baseline),2.4978036316623253
Overcast,Transformer(Baseline),2.0878972896026866
Overcast,Transformer(Baseline),3.058483000465092
Overcast,Transformer(Baseline),3.690680153769037
Overcast,Transformer(Baseline),1.9255476383337644
Overcast,Transformer(Baseline),2.7269005336055443
Overcast,Transformer(Baseline),0.6932336137462123
Overcast,Transformer(Baseline),1.17590338312381
Overcast,Transformer(Baseline),0.4297673952882377
Overcast,Transformer(Baseline),0.7008154183235931
Overcast,Transformer(Baseline),1.2705111538079805
Overcast,Transformer(Baseline),0.7928051143789361
Overcast,Transformer(Baseline),1.6888133298201495
Overcast,Transformer(Baseline),3.794701414139791
Overcast,Transformer(Baseline),0.9321057224257832
Overcast,Transformer(Baseline),2.167451588033787
Overcast,Transformer(Baseline),0.8518273020856366
Overcast,Transformer(Baseline),0.6929897258639954
Overcast,Transformer(Baseline),1.1008370094284068
Overcast,Transformer(Baseline),1.941047569660399
Overcast,Transformer(Baseline),0.7658885148607499
Overcast,Transformer(Baseline),0.7964064718285808
Overcast,Transformer(Baseline),0.932341481684231
Overcast,Transformer(Baseline),0.6387475420723595
Overcast,Transformer(Baseline),0.8023270466449883
Overcast,Transformer(Baseline),0.9237849178392055
Overcast,Transformer(Baseline),0.878576768748542
Overcast,Transformer(Baseline),1.1888490902282962
Overcast,Transformer(Baseline),1.2602054831348433
Overcast,Transformer(Baseline),1.2228618658910815
Overcast,Transformer(Baseline),1.1417477576569048
Overcast,Transformer(Baseline),1.367890623524307
Overcast,Transformer(Baseline),1.2983773336818754
Overcast,Transformer(Baseline),1.2559925008127273
Overcast,Transformer(Baseline),0.8677794977662572
Overcast,Transformer(Baseline),1.0994050034440122
Overcast,Transformer(Baseline),1.0899076670080117
Overcast,Transformer(Baseline),1.0677878791527622
Overcast,Transformer(Baseline),0.813697587866951
Overcast,Transformer(Baseline),0.3442583849885885
Overcast,Transformer(Baseline),0.8375597164550825
Overcast,Transformer(Baseline),0.7996287964490847
Overcast,Transformer(Baseline),0.7855903834554034
Overcast,Transformer(Baseline),0.7013365235957245
Overcast,Transformer(Baseline),0.5179123203887741
Overcast,Transformer(Baseline),0.53524119259815
Overcast,Transformer(Baseline),0.6184111657458082
Overcast,Transformer(Baseline),0.34445858068507107
Overcast,Transformer(Baseline),0.3773856533475737
Overcast,Transformer(Baseline),0.06255512213120795
Overcast,Transformer(Baseline),0.006789735583883072
Overcast,Transformer(Baseline),0.12367490418046145
Overcast,Transformer(Baseline),0.043236951862734685
Overcast,Transformer(Baseline),0.5794719200003513
Overcast,Transformer(Baseline),0.7920282456365868
Overcast,Transformer(Baseline),0.09763987100448901
Overcast,Transformer(Baseline),0.6591498080089728
Overcast,Transformer(Baseline),0.5267556398804878
Overcast,Transformer(Baseline),0.8706261399627806
Overcast,Transformer(Baseline),1.2731600026911032
Overcast,Transformer(Baseline),0.8053746616665762
Overcast,Transformer(Baseline),1.3112799751984756
Overcast,Transformer(Baseline),1.1296882857110582
Overcast,Transformer(Baseline),1.013387002892328
Overcast,Transformer(Baseline),1.1564122754576758
Overcast,Transformer(Baseline),1.061238454029251
Overcast,Transformer(Baseline),1.3353589080746637
Overcast,Transformer(Baseline),1.3545855226858894
Overcast,Transformer(Baseline),1.3167522449445146
Overcast,Transformer(Baseline),1.1889723391219915
Overcast,Transformer(Baseline),1.3906360946840675
Overcast,Transformer(Baseline),1.3195758818802101
Overcast,Transformer(Baseline),1.0130097439410828
Overcast,Transformer(Baseline),1.0516680247586412
Overcast,Transformer(Baseline),0.813587403418903
Overcast,Transformer(Baseline),0.5707855047585761
Overcast,Transformer(Baseline),0.7187754206469597
Overcast,Transformer(Baseline),0.8292369149135443
Overcast,Transformer(Baseline),0.8116851078851428
Overcast,Transformer(Baseline),1.2030508918394274
Overcast,Transformer(Baseline),1.143043415222329
Overcast,Transformer(Baseline),1.229375557352813
Overcast,Transformer(Baseline),1.1397932069939243
Overcast,Transformer(Baseline),1.5349663742413302
Overcast,Transformer(Baseline),1.3460808777672337
Overcast,Transformer(Baseline),1.3682305683490767
Overcast,Transformer(Baseline),1.0476065136315693
Overcast,Transformer(Baseline),1.2291343260305894
Overcast,Transformer(Baseline),1.1752635211761113
Overcast,Transformer(Baseline),1.2157866471672847
Overcast,Transformer(Baseline),0.9638341238563797
Overcast,Transformer(Baseline),0.5815474627031065
Overcast,Transformer(Baseline),1.1068166124351215
Overcast,Transformer(Baseline),0.7791941540493355
Overcast,Transformer(Baseline),0.843552599979688
Overcast,Transformer(Baseline),0.7312835566367681
Overcast,Transformer(Baseline),0.726743439636305
Overcast,Transformer(Baseline),0.46457206069698387
Overcast,Transformer(Baseline),0.6294785693574596
Overcast,Transformer(Baseline),0.360164561080488
Overcast,Transformer(Baseline),0.24434213415253936
Overcast,Transformer(Baseline),0.10250745060756472
Overcast,Transformer(Baseline),0.26911075167754817
Overcast,Transformer(Baseline),0.20903819388673384
Overcast,Transformer(Baseline),0.2872576702702858
Overcast,Transformer(Baseline),0.39918336205403193
Overcast,Transformer(Baseline),0.8608353367634507
Overcast,Transformer(Baseline),0.1604757201392495
Overcast,Transformer(Baseline),0.6891711989820202
Overcast,Transformer(Baseline),0.7839044098905745
Overcast,Transformer(Baseline),0.8416778761288661
Overcast,Transformer(Baseline),1.3845816366427037
Overcast,Transformer(Baseline),0.7842875295398066
Overcast,Transformer(Baseline),1.2931313536460678
Overcast,Transformer(Baseline),1.234678114100669
Overcast,Transformer(Baseline),1.127453959113705
Overcast,Transformer(Baseline),1.1799356586159906
Overcast,Transformer(Baseline),1.1077410244094352
Overcast,Transformer(Baseline),1.341857946995928
Overcast,Transformer(Baseline),1.408577772409748
Overcast,Transformer(Baseline),1.3695634147622773
Overcast,Transformer(Baseline),1.1945580941629013
Overcast,Transformer(Baseline),1.369161744182736
Overcast,Transformer(Baseline),1.3441297524489233
Overcast,Transformer(Baseline),1.092157365138616
Overcast,Transformer(Baseline),1.076852314936643
Overcast,Transformer(Baseline),0.8262440711949058
Overcast,Transformer(Baseline),0.6470285900601419
Overcast,Transformer(Baseline),0.8111985788279104
Overcast,Transformer(Baseline),0.935190925578552
Overcast,Transformer(Baseline),0.9385009340360893
Overcast,Transformer(Baseline),1.1469522010613304
Overcast,Transformer(Baseline),1.2473473984400067
Overcast,Transformer(Baseline),1.261211401686321
Overcast,Transformer(Baseline),1.2046878564423098
Overcast,Transformer(Baseline),1.3600203071489432
Overcast,Transformer(Baseline),1.3966368943155665
Overcast,Transformer(Baseline),1.196859875494205
Overcast,Transformer(Baseline),0.9943018296176191
Overcast,Transformer(Baseline),1.1968248748730321
Overcast,Transformer(Baseline),1.078561126413268
Overcast,Transformer(Baseline),1.1667705450437253
Overcast,Transformer(Baseline),0.8115911658204134
Overcast,Transformer(Baseline),0.39769367986944815
Overcast,Transformer(Baseline),0.8240596023124951
Overcast,Transformer(Baseline),0.7340751456134704
Overcast,Transformer(Baseline),0.8311769190890814
Overcast,Transformer(Baseline),0.7535172889906576
Overcast,Transformer(Baseline),0.42145444067217497
Overcast,Transformer(Baseline),0.4585544869964018
Overcast,Transformer(Baseline),0.5789200645699708
Overcast,Transformer(Baseline),0.37917216301730505
Overcast,Transformer(Baseline),0.43221508027912847
Overcast,Transformer(Baseline),0.02282027213773219
Overcast,Transformer(Baseline),0.1501176483973765
Overcast,Transformer(Baseline),0.2301396005724925
Overcast,Transformer(Baseline),0.2775198679098736
Overcast,Transformer(Baseline),0.48865713880670825
Overcast,Transformer(Baseline),0.8442040729924969
Overcast,Transformer(Baseline),0.08564730734870807
Overcast,Transformer(Baseline),0.7283472230181012
Overcast,Transformer(Baseline),0.5895846556564521
Overcast,Transformer(Baseline),0.9338114595088101
Overcast,Transformer(Baseline),1.268786310812974
Overcast,Transformer(Baseline),0.7610902884394157
Overcast,Transformer(Baseline),1.1636031758784977
Overcast,Transformer(Baseline),1.1741307457580952
Overcast,Transformer(Baseline),1.0882556824016767
Overcast,Transformer(Baseline),1.1390211522170652
Overcast,Transformer(Baseline),1.074631252997042
Overcast,Transformer(Baseline),1.2744637998785748
Overcast,Transformer(Baseline),1.3473220846415348
Overcast,Transformer(Baseline),1.337446284840679
Overcast,Transformer(Baseline),1.1750588243437177
Overcast,Transformer(Baseline),1.3521942947232857
Overcast,Transformer(Baseline),1.337711274213989
Overcast,Transformer(Baseline),1.0401913382348695
Overcast,Transformer(Baseline),1.0487868821471256
Overcast,Transformer(Baseline),0.6887088605566307
Overcast,Transformer(Baseline),0.8318082455900782
Overcast,Transformer(Baseline),0.7831068303315987
Overcast,Transformer(Baseline),1.201604692799486
Overcast,Transformer(Baseline),1.1165196745643398
Overcast,Transformer(Baseline),1.1549202789209358
Overcast,Transformer(Baseline),1.0400849464121693
Overcast,Transformer(Baseline),1.4608379165854917
Overcast,Transformer(Baseline),1.2434319510612557
Overcast,Transformer(Baseline),1.359431185435577
Overcast,Transformer(Baseline),0.925120723449691
Overcast,Transformer(Baseline),1.1240729558090603
Overcast,Transformer(Baseline),1.189378261639149
Overcast,Transformer(Baseline),1.0652258266900585
Overcast,Transformer(Baseline),0.9057987642398011
Overcast,Transformer(Baseline),0.5832352188523302
Overcast,Transformer(Baseline),1.0882202514650992
Overcast,Transformer(Baseline),0.745433970472412
Overcast,Transformer(Baseline),0.7920802757681997
Overcast,Transformer(Baseline),0.7435094206993647
Overcast,Transformer(Baseline),0.7307522789115168
Overcast,Transformer(Baseline),0.6531974635107431
Overcast,Transformer(Baseline),0.72627094976054
Overcast,Transformer(Baseline),0.25232938586528064
Overcast,Transformer(Baseline),0.21448165510833306
Overcast,Transformer(Baseline),0.05324262622870535
Overcast,Transformer(Baseline),0.15800681326440724
Overcast,Transformer(Baseline),0.09958811306219673
Overcast,Transformer(Baseline),0.00044706603061683836
Overcast,Transformer(Baseline),0.5705369544640639
Overcast,Transformer(Baseline),0.7995088420821084
Overcast,Transformer(Baseline),0.13997630354826995
Overcast,Transformer(Baseline),0.6781613852124266
Overcast,Transformer(Baseline),0.7771600410423325
Overcast,Transformer(Baseline),0.7511038753947474
Overcast,Transformer(Baseline),1.465079356639535
Overcast,Transformer(Baseline),0.8312913587454069
Overcast,Transformer(Baseline),1.4800965323818769
Overcast,Transformer(Baseline),1.1348578220874401
Overcast,Transformer(Baseline),1.0305855294167845
Overcast,Transformer(Baseline),1.2338652651912234
Overcast,Transformer(Baseline),1.1133116524059705
Overcast,Transformer(Baseline),1.4282011519371025
Overcast,Transformer(Baseline),1.404808646622838
Overcast,Transformer(Baseline),1.3067051355193708
Overcast,Transformer(Baseline),1.216835773745844
Overcast,Transformer(Baseline),1.35499144006247
Overcast,Transformer(Baseline),1.2584619358893474
Overcast,Transformer(Baseline),0.9918603305553764
Overcast,Transformer(Baseline),0.9821923457287234
Overcast,Transformer(Baseline),0.6710438452908626
Overcast,Transformer(Baseline),0.78614284866996
Overcast,Transformer(Baseline),0.7981099299175134
Overcast,Transformer(Baseline),1.1190045639892041
Overcast,Transformer(Baseline),1.1282835877451332
Overcast,Transformer(Baseline),1.1295596676616242
Overcast,Transformer(Baseline),1.1012691616643782
Overcast,Transformer(Baseline),1.3791827511522259
Overcast,Transformer(Baseline),1.3098897124239564
Overcast,Transformer(Baseline),1.2644825971804021
Overcast,Transformer(Baseline),0.9916356161404156
Overcast,Transformer(Baseline),1.1883532930721756
Overcast,Transformer(Baseline),1.1127275293483478
Overcast,Transformer(Baseline),1.2358727531983416
Overcast,Transformer(Baseline),0.8891487515660188
Overcast,Transformer(Baseline),0.5523617231936342
Overcast,Transformer(Baseline),0.9208800381707647
Overcast,Transformer(Baseline),0.8382106154183226
Overcast,Transformer(Baseline),0.8254441078537589
Overcast,Transformer(Baseline),0.7399302302447524
Overcast,Transformer(Baseline),0.6599840014574738
Overcast,Transformer(Baseline),0.5463743466576254
Overcast,Transformer(Baseline),0.561284273086784
Overcast,Transformer(Baseline),0.4467000799731409
Overcast,Transformer(Baseline),0.28369519174814783
Overcast,Transformer(Baseline),0.07784347623190868
Overcast,Transformer(Baseline),0.18015055028084603
Overcast,Transformer(Baseline),0.197956758337412
Overcast,Transformer(Baseline),0.15069945830844844
Overcast,Transformer(Baseline),0.4160161168686827
Overcast,Transformer(Baseline),0.8787993279812589
Overcast,Transformer(Baseline),0.043179736821802095
Overcast,Transformer(Baseline),0.6721382048812004
Overcast,Transformer(Baseline),0.7607657899600007
Overcast,Transformer(Baseline),0.8939936652135572
Overcast,Transformer(Baseline),1.3053025763870778
Overcast,Transformer(Baseline),0.8041926752014561
Overcast,Transformer(Baseline),1.2752830982757395
Overcast,Transformer(Baseline),1.2035463360282765
Overcast,Transformer(Baseline),1.1009724243400623
Overcast,Transformer(Baseline),1.2177055389993807
Overcast,Transformer(Baseline),1.1424566000509966
Overcast,Transformer(Baseline),1.3623866737823036
Overcast,Transformer(Baseline),1.3913261692967165
Overcast,Transformer(Baseline),1.3661396201288607
Overcast,Transformer(Baseline),1.2230046090271838
Overcast,Transformer(Baseline),1.3277628032034778
Overcast,Transformer(Baseline),1.2888270053025082
Overcast,Transformer(Baseline),1.0264229369450317
Overcast,Transformer(Baseline),0.9620289569765365
Overcast,Transformer(Baseline),0.5696968527673854
Overcast,Transformer(Baseline),0.712559382205497
Overcast,Transformer(Baseline),0.6773780879827067
Overcast,Transformer(Baseline),1.0396206003682793
Overcast,Transformer(Baseline),0.992036020356887
Overcast,Transformer(Baseline),0.9439136569446793
Overcast,Transformer(Baseline),0.9513756547252994
Overcast,Transformer(Baseline),1.2808415126129296
Overcast,Transformer(Baseline),1.0989023906628725
Overcast,Transformer(Baseline),1.2036119055094776
Overcast,Transformer(Baseline),0.8913787930992889
Overcast,Transformer(Baseline),1.0622602993286687
Overcast,Transformer(Baseline),1.0963716460427086
Overcast,Transformer(Baseline),1.1884952174676258
Overcast,Transformer(Baseline),0.9002456110689252
Overcast,Transformer(Baseline),0.5800692011030684
Overcast,Transformer(Baseline),1.0325454793042237
Overcast,Transformer(Baseline),0.7802537561330247
Overcast,Transformer(Baseline),0.8121316615785368
Overcast,Transformer(Baseline),0.7233246367137944
Overcast,Transformer(Baseline),0.7994897623346517
Overcast,Transformer(Baseline),0.6637951142236815
Overcast,Transformer(Baseline),0.6206682829044503
Overcast,Transformer(Baseline),0.5014999201943198
Overcast,Transformer(Baseline),0.14951884830181683
Overcast,Transformer(Baseline),0.11332709879040337
Overcast,Transformer(Baseline),0.17906063448243614
Overcast,Transformer(Baseline),0.19957427932130756
Overcast,Transformer(Baseline),0.00806600593442397
Overcast,Transformer(Baseline),0.3041072322160936
Overcast,Transformer(Baseline),0.6967730611025296
Overcast,Transformer(Baseline),0.2764132655726712
Overcast,Transformer(Baseline),0.5012080844141593
Overcast,Transformer(Baseline),0.728985250579079
Overcast,Transformer(Baseline),0.7882057479839233
Overcast,Transformer(Baseline),1.1965652721138866
Overcast,Transformer(Baseline),0.8595583262316424
Overcast,Transformer(Baseline),1.4430610526105472
Overcast,Transformer(Baseline),1.041088611525792
Overcast,Transformer(Baseline),0.9526574097371885
Overcast,Transformer(Baseline),1.2190996684526745
Overcast,Transformer(Baseline),1.1286783060567345
Overcast,Transformer(Baseline),1.3820379282969562
Overcast,Transformer(Baseline),1.4204363119655072
Overcast,Transformer(Baseline),1.2950375456912484
Overcast,Transformer(Baseline),1.246861590169221
Overcast,Transformer(Baseline),1.339059003561367
Overcast,Transformer(Baseline),1.1796595958872156
Overcast,Transformer(Baseline),1.016346502659765
Overcast,Transformer(Baseline),0.7430963864173792
Overcast,Transformer(Baseline),0.9375527720113184
Overcast,Transformer(Baseline),0.934017213953307
Overcast,Transformer(Baseline),1.2051392702143255
Overcast,Transformer(Baseline),1.2197812262215653
Overcast,Transformer(Baseline),1.2806983063010877
Overcast,Transformer(Baseline),1.2276374330316218
Overcast,Transformer(Baseline),1.3442627725514864
Overcast,Transformer(Baseline),1.466393042980572
Overcast,Transformer(Baseline),1.1988710931824507
Overcast,Transformer(Baseline),1.051222981407193
Overcast,Transformer(Baseline),1.1889996742651405
Overcast,Transformer(Baseline),1.0697686439119813
Overcast,Transformer(Baseline),1.3040141317253866
Overcast,Transformer(Baseline),0.8016176291954018
Overcast,Transformer(Baseline),0.4960522133759042
Overcast,Transformer(Baseline),0.9796376500927977
Overcast,Transformer(Baseline),0.739238770647443
Overcast,Transformer(Baseline),0.48362852764259046
Overcast,Transformer(Baseline),0.7032008675227459
Overcast,Transformer(Baseline),0.5206237796881688
Overcast,Transformer(Baseline),0.3256985795982139
Overcast,Transformer(Baseline),0.33512190214467097
Overcast,Transformer(Baseline),0.43447569969989175
Overcast,Transformer(Baseline),0.30676192128371227
Overcast,Transformer(Baseline),0.11358579600650387
Overcast,Transformer(Baseline),0.5050641004772736
Overcast,Transformer(Baseline),0.4239580439085522
Overcast,Transformer(Baseline),0.4775611329735945
Overcast,Transformer(Baseline),0.3536589078765999
Overcast,Transformer(Baseline),0.8046076865385494
Overcast,Transformer(Baseline),0.38001951734526784
Overcast,Transformer(Baseline),0.5666527895385585
Overcast,Transformer(Baseline),0.6873313644623522
Overcast,Transformer(Baseline),0.8783251237155412
Overcast,Transformer(Baseline),0.998399797514562
Overcast,Transformer(Baseline),0.7075829949820509
Overcast,Transformer(Baseline),1.0981778107576634
Overcast,Transformer(Baseline),1.226934970374268
Overcast,Transformer(Baseline),1.1647055589725213
Overcast,Transformer(Baseline),1.1678822521466312
Overcast,Transformer(Baseline),1.0509020979874482
Overcast,Transformer(Baseline),1.1219892500623079
Overcast,Transformer(Baseline),1.4660979647252699
Overcast,Transformer(Baseline),1.3466252813305504
Overcast,Transformer(Baseline),1.2876127039514218
Overcast,Transformer(Baseline),1.3182854245145812
Overcast,Transformer(Baseline),1.2409771521177477
Overcast,Transformer(Baseline),1.1347815138895871
Overcast,Transformer(Baseline),0.9481959447735134
Overcast,Transformer(Baseline),1.3323816914326645
Overcast,Transformer(Baseline),1.5085295501150733
Overcast,Transformer(Baseline),1.5505219641147905
Overcast,Transformer(Baseline),1.4991289479472343
Overcast,Transformer(Baseline),1.5453798200532933
Overcast,Transformer(Baseline),1.4243501282023718
Overcast,Transformer(Baseline),1.3397436491486943
Overcast,Transformer(Baseline),1.3254098133688839
Overcast,Transformer(Baseline),1.0746696791968393
Overcast,Transformer(Baseline),1.262879499958343
Overcast,Transformer(Baseline),0.8316258720053433
Overcast,Transformer(Baseline),0.5444120604704814
Overcast,Transformer(Baseline),0.7944179004251204
Overcast,Transformer(Baseline),0.39359778912460186
Overcast,Transformer(Baseline),0.7455728137361319
Overcast,Transformer(Baseline),0.6087784322196477
Overcast,Transformer(Baseline),0.2614846687023231
Overcast,Transformer(Baseline),0.24785673407345854
Overcast,Transformer(Baseline),0.17564042824816894
Overcast,Transformer(Baseline),0.06507069612543503
Overcast,Transformer(Baseline),0.19801478968980035
Overcast,Transformer(Baseline),0.2943422424331743
Overcast,Transformer(Baseline),0.3950246352634892
Overcast,Transformer(Baseline),0.018123824585099868
Overcast,Transformer(Baseline),0.4387295651495613
Overcast,Transformer(Baseline),0.6849636679425792
Overcast,Transformer(Baseline),0.8693874136284414
Overcast,Transformer(Baseline),0.752933646458704
Overcast,Transformer(Baseline),0.6403104564659419
Overcast,Transformer(Baseline),0.8932515233788827
Overcast,Transformer(Baseline),1.3024820946833486
Overcast,Transformer(Baseline),1.3092735166617633
Overcast,Transformer(Baseline),1.1866803877480407
Overcast,Transformer(Baseline),1.48252403009662
Overcast,Transformer(Baseline),1.6045942834690816
Overcast,Transformer(Baseline),1.5033643059606767
Overcast,Transformer(Baseline),1.5984772249348298
Overcast,Transformer(Baseline),1.547621314773438
Overcast,Transformer(Baseline),1.4806071291013032
Overcast,Transformer(Baseline),1.2913347925801308
Overcast,Transformer(Baseline),1.4747489429920582
Overcast,Transformer(Baseline),1.5212699016624533
Overcast,Transformer(Baseline),1.518599163678548
Overcast,Transformer(Baseline),1.514239352614842
Overcast,Transformer(Baseline),1.4334781496546007
Overcast,Transformer(Baseline),1.3267900329692583
Overcast,Transformer(Baseline),1.33223244544752
Overcast,Transformer(Baseline),1.0422159146498924
Overcast,Transformer(Baseline),1.2757106001443823
Overcast,Transformer(Baseline),0.8644460944494785
Overcast,Transformer(Baseline),0.540887586718851
Overcast,Transformer(Baseline),0.8332442904560082
Overcast,Transformer(Baseline),0.40007861028096414
Overcast,Transformer(Baseline),0.8239036190143452
Overcast,Transformer(Baseline),0.5417727693966015
Overcast,Transformer(Baseline),0.29235890941504294
Overcast,Transformer(Baseline),0.22516919286477943
Overcast,Transformer(Baseline),0.194030133923615
Overcast,Transformer(Baseline),0.06577320129167319
Overcast,Transformer(Baseline),0.2186383408885888
Overcast,Transformer(Baseline),0.30590844736537903
Overcast,Transformer(Baseline),0.42787223397697716
Overcast,Transformer(Baseline),0.010496803671060206
Overcast,Transformer(Baseline),0.4991129576592144
Overcast,Transformer(Baseline),0.6140763362295232
Overcast,Transformer(Baseline),0.8639478386345658
Overcast,Transformer(Baseline),0.7731684234740577
Overcast,Transformer(Baseline),0.6663054736740079
Overcast,Transformer(Baseline),0.8711336353770758
Overcast,Transformer(Baseline),1.360221449919976
Overcast,Transformer(Baseline),1.2967358440863865
Overcast,Transformer(Baseline),1.1700735793547388
Overcast,Transformer(Baseline),1.4759054358965429
Overcast,Transformer(Baseline),1.5922033629216008
Overcast,Transformer(Baseline),1.4994554713929285
Overcast,Transformer(Baseline),1.5858639053698447
Overcast,Transformer(Baseline),1.5373377018612935
Overcast,Transformer(Baseline),1.458565433550895
Overcast,Transformer(Baseline),1.2806030546371443
Overcast,Transformer(Baseline),1.470593514604774
Overcast,Transformer(Baseline),1.5200737949335892
Overcast,Transformer(Baseline),1.549509092984045
Overcast,Transformer(Baseline),1.56978722062368
Overcast,Transformer(Baseline),1.4506109631565138
Overcast,Transformer(Baseline),1.3124914506301604
Overcast,Transformer(Baseline),1.3438554751210088
Overcast,Transformer(Baseline),1.0750501656902003
Overcast,Transformer(Baseline),1.278603974398619
Overcast,Transformer(Baseline),0.8099723566438435
Overcast,Transformer(Baseline),0.5218720416833058
Overcast,Transformer(Baseline),0.8045531899422897
Overcast,Transformer(Baseline),0.45961833558702025
Overcast,Transformer(Baseline),0.7802700366456214
Overcast,Transformer(Baseline),0.5003389447911211
Overcast,Transformer(Baseline),0.25500932799891984
Overcast,Transformer(Baseline),0.2820182172938068
Overcast,Transformer(Baseline),0.06943920040271223
Overcast,Transformer(Baseline),0.16140873314788706
Overcast,Transformer(Baseline),0.29864983544151613
Overcast,Transformer(Baseline),0.2172470020330195
Overcast,Transformer(Baseline),0.41967024778846707
Overcast,Transformer(Baseline),0.056598896570726254
Overcast,Transformer(Baseline),0.36257273285221103
Overcast,Transformer(Baseline),0.6976368958320336
Overcast,Transformer(Baseline),0.8422673476610036
Overcast,Transformer(Baseline),0.744094032060314
Overcast,Transformer(Baseline),0.682244037519645
Overcast,Transformer(Baseline),0.8748380906592033
Overcast,Transformer(Baseline),1.3648883505417473
Overcast,Transformer(Baseline),1.2587625445682704
Overcast,Transformer(Baseline),1.1427712246593043
Overcast,Transformer(Baseline),1.5071080272853852
Overcast,Transformer(Baseline),1.5743980983272614
Overcast,Transformer(Baseline),1.5097550534094335
Overcast,Transformer(Baseline),1.614993103457067
Overcast,Transformer(Baseline),1.5519646666082259
Overcast,Transformer(Baseline),1.46749551366279
Overcast,Transformer(Baseline),1.2602054182923736
Overcast,Transformer(Baseline),1.4347902221618423
Overcast,Transformer(Baseline),1.5137828985564652
Overcast,Transformer(Baseline),1.4972395520060982
Overcast,Transformer(Baseline),1.6088368323520132
Overcast,Transformer(Baseline),1.2743274805687932
Overcast,Transformer(Baseline),1.3371237428443372
Overcast,Transformer(Baseline),1.5152487902360772
Overcast,Transformer(Baseline),0.9373544803630924
Overcast,Transformer(Baseline),1.370776709096777
Overcast,Transformer(Baseline),0.9334230615553025
Overcast,Transformer(Baseline),0.5362062907056551
Overcast,Transformer(Baseline),0.9153477141080124
Overcast,Transformer(Baseline),0.3490772653090204
Overcast,Transformer(Baseline),0.7636003634719408
Overcast,Transformer(Baseline),0.6818702051120411
Overcast,Transformer(Baseline),0.0695494624517643
Overcast,Transformer(Baseline),0.5665322079940793
Overcast,Transformer(Baseline),0.20704404012269606
Overcast,Transformer(Baseline),0.24516631618330464
Overcast,Transformer(Baseline),0.4703510274822449
Overcast,Transformer(Baseline),0.3974449671002489
Overcast,Transformer(Baseline),0.515550349123238
Overcast,Transformer(Baseline),0.1878589265578121
Overcast,Transformer(Baseline),0.8304392585584104
Overcast,Transformer(Baseline),0.6276525104657829
Overcast,Transformer(Baseline),0.9777657516546441
Overcast,Transformer(Baseline),0.5451399847175793
Overcast,Transformer(Baseline),0.8677016926365049
Overcast,Transformer(Baseline),1.0096295531102442
Overcast,Transformer(Baseline),1.2065971516211444
Overcast,Transformer(Baseline),1.533781984223479
Overcast,Transformer(Baseline),0.9805563019012435
Overcast,Transformer(Baseline),1.4440204788462427
Overcast,Transformer(Baseline),1.6099071858936371
Overcast,Transformer(Baseline),1.3004659794100464
Overcast,Transformer(Baseline),1.513314311451614
Overcast,Transformer(Baseline),1.4623244415345265
Overcast,Transformer(Baseline),1.3274783691516674
Overcast,Transformer(Baseline),1.279034562017056
Overcast,Transformer(Baseline),1.4811554414830193
Overcast,Transformer(Baseline),1.547607683670774
Overcast,Transformer(Baseline),1.4851539473554025
Overcast,Transformer(Baseline),1.583427185311784
Overcast,Transformer(Baseline),1.2963950377786553
Overcast,Transformer(Baseline),1.3377360187581004
Overcast,Transformer(Baseline),1.4053587465795374
Overcast,Transformer(Baseline),0.9571681262127409
Overcast,Transformer(Baseline),1.3114351258411077
Overcast,Transformer(Baseline),0.92391700677417
Overcast,Transformer(Baseline),0.5078079219922067
Overcast,Transformer(Baseline),0.8155035029020219
Overcast,Transformer(Baseline),0.35739926420209045
Overcast,Transformer(Baseline),0.7629108136632965
Overcast,Transformer(Baseline),0.6167024104014907
Overcast,Transformer(Baseline),0.14421007049385892
Overcast,Transformer(Baseline),0.4526542927721131
Overcast,Transformer(Baseline),0.06969158836728795
Overcast,Transformer(Baseline),0.11242704190244623
Overcast,Transformer(Baseline),0.33505225738713307
Overcast,Transformer(Baseline),0.3922926295205258
Overcast,Transformer(Baseline),0.466163612182644
Overcast,Transformer(Baseline),0.1351465469321269
Overcast,Transformer(Baseline),0.7613435991222843
Overcast,Transformer(Baseline),0.5811653808647783
Overcast,Transformer(Baseline),0.9335777040154234
Overcast,Transformer(Baseline),0.630475206439753
Overcast,Transformer(Baseline),0.7584518514334952
Overcast,Transformer(Baseline),0.8960168849838848
Overcast,Transformer(Baseline),1.282983124525403
Overcast,Transformer(Baseline),1.4161351905935327
Overcast,Transformer(Baseline),1.0620643329497117
Overcast,Transformer(Baseline),1.4294422651315841
Overcast,Transformer(Baseline),1.630171152951915
Overcast,Transformer(Baseline),1.3756722508789325
Overcast,Transformer(Baseline),1.5305493784863105
Overcast,Transformer(Baseline),1.4857185678917997
Overcast,Transformer(Baseline),1.3425560543454698
Overcast,Transformer(Baseline),1.320771662209763
Overcast,Transformer(Baseline),1.5738022068519415
Overcast,Transformer(Baseline),1.6575790992116204
Overcast,Transformer(Baseline),1.6893252782039392
Overcast,Transformer(Baseline),1.7204848961776902
Overcast,Transformer(Baseline),1.5710157211962859
Overcast,Transformer(Baseline),1.4291281723038942
Overcast,Transformer(Baseline),1.417533403711543
Overcast,Transformer(Baseline),1.1523320712206786
Overcast,Transformer(Baseline),1.3409680200678498
Overcast,Transformer(Baseline),0.901368621732022
Overcast,Transformer(Baseline),0.5489358503372799
Overcast,Transformer(Baseline),0.9037878770843157
Overcast,Transformer(Baseline),0.44022617854239954
Overcast,Transformer(Baseline),0.7815198557345511
Overcast,Transformer(Baseline),0.49709881465352623
Overcast,Transformer(Baseline),0.30997544836480273
Overcast,Transformer(Baseline),0.23397158071685098
Overcast,Transformer(Baseline),0.07274557369752088
Overcast,Transformer(Baseline),0.14525649402929375
Overcast,Transformer(Baseline),0.32972323936276027
Overcast,Transformer(Baseline),0.2310950303435817
Overcast,Transformer(Baseline),0.536692866530263
Overcast,Transformer(Baseline),0.10146349484933026
Overcast,Transformer(Baseline),0.46544189889513987
Overcast,Transformer(Baseline),0.7549890841673985
Overcast,Transformer(Baseline),0.9015051248088817
Overcast,Transformer(Baseline),0.8275306373613383
Overcast,Transformer(Baseline),0.7545668565424393
Overcast,Transformer(Baseline),0.9412053754066374
Overcast,Transformer(Baseline),1.4598842024187597
Overcast,Transformer(Baseline),1.318847805906337
Overcast,Transformer(Baseline),1.2057796046419735
Overcast,Transformer(Baseline),1.5897531984483315
Overcast,Transformer(Baseline),1.6827783283342317
Overcast,Transformer(Baseline),1.638180231086129
Overcast,Transformer(Baseline),1.6796256437405361
Overcast,Transformer(Baseline),1.6205140535030802
Overcast,Transformer(Baseline),1.4831103226088942
Partly Cloudy,CNN,0.5676253
Partly Cloudy,CNN,0.6514601999999998
Partly Cloudy,CNN,0.8774123
Partly Cloudy,CNN,1.0658545000000004
Partly Cloudy,CNN,1.0797779999999992
Partly Cloudy,CNN,1.1428383000000002
Partly Cloudy,CNN,1.1468416999999995
Partly Cloudy,CNN,1.1872509999999998
Partly Cloudy,CNN,1.0573580000000007
Partly Cloudy,CNN,0.9295179999999998
Partly Cloudy,CNN,1.0058190000000007
Partly Cloudy,CNN,0.7467119999999987
Partly Cloudy,CNN,0.44893800000000006
Partly Cloudy,CNN,0.3763840000000016
Partly Cloudy,CNN,0.27510799999999946
Partly Cloudy,CNN,0.28495500000000007
Partly Cloudy,CNN,0.10108400000000017
Partly Cloudy,CNN,0.002489999999999881
Partly Cloudy,CNN,0.030371000000000592
Partly Cloudy,CNN,0.1582560000000015
Partly Cloudy,CNN,0.08588899999999988
Partly Cloudy,CNN,0.1852400000000003
Partly Cloudy,CNN,0.37818799999999975
Partly Cloudy,CNN,0.15421049999999958
Partly Cloudy,CNN,0.2450045000000003
Partly Cloudy,CNN,0.3155070000000002
Partly Cloudy,CNN,0.21358999999999995
Partly Cloudy,CNN,0.5225589999999993
Partly Cloudy,CNN,0.5875830000000004
Partly Cloudy,CNN,0.4812409999999989
Partly Cloudy,CNN,0.8413620000000002
Partly Cloudy,CNN,0.4309030000000007
Partly Cloudy,CNN,0.6919299999999993
Partly Cloudy,CNN,0.8395609999999998
Partly Cloudy,CNN,1.0462823000000006
Partly Cloudy,CNN,1.1013031
Partly Cloudy,CNN,0.8735806000000004
Partly Cloudy,CNN,1.1124942999999998
Partly Cloudy,CNN,0.9692037
Partly Cloudy,CNN,0.3790857000000001
Partly Cloudy,CNN,0.6023646999999999
Partly Cloudy,CNN,0.6362171000000001
Partly Cloudy,CNN,0.5623244999999999
Partly Cloudy,CNN,0.6344777000000001
Partly Cloudy,CNN,0.8324905
Partly Cloudy,CNN,0.8857980000000003
Partly Cloudy,CNN,0.7161499999999998
Partly Cloudy,CNN,0.678585
Partly Cloudy,CNN,0.7865812999999999
Partly Cloudy,CNN,0.5822077000000005
Partly Cloudy,CNN,0.5016909999999992
Partly Cloudy,CNN,0.40128699999999995
Partly Cloudy,CNN,0.4487030000000001
Partly Cloudy,CNN,0.3602469999999993
Partly Cloudy,CNN,0.20073700000000017
Partly Cloudy,CNN,0.23096100000000064
Partly Cloudy,CNN,0.1101100000000006
Partly Cloudy,CNN,0.11764999999999937
Partly Cloudy,CNN,0.09932900000000089
Partly Cloudy,CNN,0.1235690000000016
Partly Cloudy,CNN,0.28644999999999854
Partly Cloudy,CNN,0.09523000000000081
Partly Cloudy,CNN,0.11558199999999985
Partly Cloudy,CNN,0.15384700000000073
Partly Cloudy,CNN,0.3534589999999991
Partly Cloudy,CNN,0.5684540000000009
Partly Cloudy,CNN,0.5867649999999998
Partly Cloudy,CNN,0.5433603999999992
Partly Cloudy,CNN,0.8570042000000004
Partly Cloudy,CNN,0.49517339999999965
Partly Cloudy,CNN,0.5429855000000003
Partly Cloudy,CNN,0.9622092000000002
Partly Cloudy,CNN,0.6672086999999998
Partly Cloudy,CNN,0.87045
Partly Cloudy,CNN,0.7393756000000002
Partly Cloudy,CNN,0.6998834999999999
Partly Cloudy,CNN,0.6587608
Partly Cloudy,CNN,0.6985609999999999
Partly Cloudy,CNN,0.5564289
Partly Cloudy,CNN,0.2263178
Partly Cloudy,CNN,0.0
Partly Cloudy,CNN,0.31057
Partly Cloudy,CNN,1.2228515
Partly Cloudy,CNN,1.2082787
Partly Cloudy,CNN,1.1280045000000003
Partly Cloudy,CNN,1.3326202999999999
Partly Cloudy,CNN,1.452807
Partly Cloudy,CNN,1.6388119999999997
Partly Cloudy,CNN,1.2330660000000009
Partly Cloudy,CNN,1.3461569999999998
Partly Cloudy,CNN,1.5000809999999998
Partly Cloudy,CNN,1.0793909999999993
Partly Cloudy,CNN,0.8376070000000002
Partly Cloudy,CNN,0.9024870000000007
Partly Cloudy,CNN,0.755331
Partly Cloudy,CNN,0.677605999999999
Partly Cloudy,CNN,0.3374650000000017
Partly Cloudy,CNN,0.24331499999999906
Partly Cloudy,CNN,0.14663300000000135
Partly Cloudy,CNN,0.14776599999999718
Partly Cloudy,CNN,0.06167400000000001
Partly Cloudy,CNN,0.12481700000000018
Partly Cloudy,CNN,0.3443339999999999
Partly Cloudy,CNN,0.2451270000000001
Partly Cloudy,CNN,0.1323869999999978
Partly Cloudy,CNN,0.21485299999999796
Partly Cloudy,CNN,0.13080599999999976
Partly Cloudy,CNN,0.42873499999999964
Partly Cloudy,CNN,0.48872599999999977
Partly Cloudy,CNN,0.38370700000000113
Partly Cloudy,CNN,1.1207719999999988
Partly Cloudy,CNN,0.31683899999999987
Partly Cloudy,CNN,0.7335560000000001
Partly Cloudy,CNN,1.1605860000000003
Partly Cloudy,CNN,1.1114369999999987
Partly Cloudy,CNN,1.2764610000000012
Partly Cloudy,CNN,1.3385239999999996
Partly Cloudy,CNN,1.4525123999999998
Partly Cloudy,CNN,1.3396749000000003
Partly Cloudy,CNN,1.4904522999999994
Partly Cloudy,CNN,1.1364644000000004
Partly Cloudy,CNN,1.3315339000000002
Partly Cloudy,CNN,0.18522786
Partly Cloudy,CNN,0.65338958
Partly Cloudy,CNN,0.9139822599999999
Partly Cloudy,CNN,1.1265638000000002
Partly Cloudy,CNN,1.2110204999999996
Partly Cloudy,CNN,0.9865477
Partly Cloudy,CNN,1.2562923000000001
Partly Cloudy,CNN,1.1817729999999997
Partly Cloudy,CNN,1.0448009999999996
Partly Cloudy,CNN,1.065932
Partly Cloudy,CNN,0.8005650000000006
Partly Cloudy,CNN,0.754759
Partly Cloudy,CNN,0.6567419999999995
Partly Cloudy,CNN,0.4484320000000004
Partly Cloudy,CNN,0.5648689999999998
Partly Cloudy,CNN,0.4642020000000002
Partly Cloudy,CNN,0.24526999999999965
Partly Cloudy,CNN,0.1352530000000005
Partly Cloudy,CNN,0.045845999999999165
Partly Cloudy,CNN,0.11610399999999998
Partly Cloudy,CNN,0.07426000000000066
Partly Cloudy,CNN,0.30588000000000015
Partly Cloudy,CNN,0.44098799999999905
Partly Cloudy,CNN,0.21399200000000107
Partly Cloudy,CNN,0.46240399999999937
Partly Cloudy,CNN,0.39292900000000053
Partly Cloudy,CNN,0.3871350000000007
Partly Cloudy,CNN,0.44888499999999887
Partly Cloudy,CNN,0.5128149999999998
Partly Cloudy,CNN,0.6181479999999997
Partly Cloudy,CNN,0.6086760000000009
Partly Cloudy,CNN,0.4926530000000007
Partly Cloudy,CNN,0.3491029999999995
Partly Cloudy,CNN,0.6952353999999996
Partly Cloudy,CNN,1.0671282
Partly Cloudy,CNN,1.0465635999999998
Partly Cloudy,CNN,0.8699368000000005
Partly Cloudy,CNN,1.1673521
Partly Cloudy,CNN,0.9949561
Partly Cloudy,CNN,0.6235895
Partly Cloudy,CNN,0.8261263999999999
Partly Cloudy,CNN,0.5567688999999999
Partly Cloudy,CNN,0.45652998
Partly Cloudy,CNN,0.27139533
Partly Cloudy,CNN,0.38305062000000006
Partly Cloudy,CNN,0.6889552499999999
Partly Cloudy,CNN,1.00002
Partly Cloudy,CNN,0.8582814000000001
Partly Cloudy,CNN,1.0142894
Partly Cloudy,CNN,1.2091408000000001
Partly Cloudy,CNN,1.1153106
Partly Cloudy,CNN,1.4636605999999999
Partly Cloudy,CNN,0.9361390000000007
Partly Cloudy,CNN,0.9546989999999997
Partly Cloudy,CNN,1.0269459999999988
Partly Cloudy,CNN,0.9243460000000017
Partly Cloudy,CNN,0.4805759999999992
Partly Cloudy,CNN,0.4835440000000002
Partly Cloudy,CNN,0.7564869999999999
Partly Cloudy,CNN,0.06611799999999945
Partly Cloudy,CNN,0.3764490000000009
Partly Cloudy,CNN,0.03954899999999917
Partly Cloudy,CNN,0.11500400000000077
Partly Cloudy,CNN,0.1493159999999989
Partly Cloudy,CNN,0.26700499999999927
Partly Cloudy,CNN,0.051944000000000656
Partly Cloudy,CNN,0.1410309999999999
Partly Cloudy,CNN,0.03091299999999997
Partly Cloudy,CNN,0.0760089999999991
Partly Cloudy,CNN,0.1702370000000002
Partly Cloudy,CNN,0.3808159999999994
Partly Cloudy,CNN,0.46703200000000145
Partly Cloudy,CNN,0.5484439999999999
Partly Cloudy,CNN,0.43741200000000013
Partly Cloudy,CNN,0.6546469999999989
Partly Cloudy,CNN,0.615183
Partly Cloudy,CNN,0.9832520000000002
Partly Cloudy,CNN,1.1563730000000003
Partly Cloudy,CNN,1.3537926999999996
Partly Cloudy,CNN,1.0170402999999997
Partly Cloudy,CNN,1.1728567000000005
Partly Cloudy,CNN,1.1038956999999998
Partly Cloudy,CNN,0.8565936000000001
Partly Cloudy,CNN,1.1275581999999997
Partly Cloudy,CNN,0.9883644000000003
Partly Cloudy,CNN,0.6456822
Partly Cloudy,CNN,0.8443041
Partly Cloudy,CNN,1.2342947
Partly Cloudy,CNN,1.3553856000000004
Partly Cloudy,CNN,1.4516744
Partly Cloudy,CNN,1.4605759999999997
Partly Cloudy,CNN,1.6825579999999993
Partly Cloudy,CNN,1.5302350000000011
Partly Cloudy,CNN,1.6455380000000002
Partly Cloudy,CNN,1.267676999999999
Partly Cloudy,CNN,1.2368070000000007
Partly Cloudy,CNN,1.1274540000000002
Partly Cloudy,CNN,1.049052999999999
Partly Cloudy,CNN,0.6258330000000001
Partly Cloudy,CNN,0.5718689999999995
Partly Cloudy,CNN,0.7581310000000023
Partly Cloudy,CNN,0.28133399999999753
Partly Cloudy,CNN,0.3136650000000003
Partly Cloudy,CNN,0.04617899999999864
Partly Cloudy,CNN,0.08447800000000072
Partly Cloudy,CNN,0.15892099999999942
Partly Cloudy,CNN,0.05540500000000037
Partly Cloudy,CNN,0.21569799999999972
Partly Cloudy,CNN,0.013781999999999073
Partly Cloudy,CNN,0.04097699999999804
Partly Cloudy,CNN,0.14511300000000205
Partly Cloudy,CNN,0.06318299999999866
Partly Cloudy,CNN,0.4167970000000025
Partly Cloudy,CNN,0.5521799999999999
Partly Cloudy,CNN,0.5558809999999994
Partly Cloudy,CNN,0.7887989999999974
Partly Cloudy,CNN,0.5906350000000025
Partly Cloudy,CNN,0.8419139999999992
Partly Cloudy,CNN,0.9920840000000002
Partly Cloudy,CNN,1.3680690000000002
Partly Cloudy,CNN,1.4608910000000002
Partly Cloudy,CNN,1.3644239999999996
Partly Cloudy,CNN,1.6330390000000001
Partly Cloudy,CNN,1.4447029999999996
Partly Cloudy,CNN,1.0862309999999997
Partly Cloudy,CNN,1.4255313000000003
Partly Cloudy,CNN,1.3780875
Partly Cloudy,CNN,1.0935379000000003
Partly Cloudy,CNN,1.1141846999999998
Partly Cloudy,CNN,1.0852769000000002
Partly Cloudy,CNN,1.2149810999999997
Partly Cloudy,CNN,1.5343561000000001
Partly Cloudy,CNN,1.5979994
Partly Cloudy,CNN,1.8691519999999997
Partly Cloudy,CNN,1.6506760000000007
Partly Cloudy,CNN,1.8062299999999993
Partly Cloudy,CNN,1.748716
Partly Cloudy,CNN,1.710075999999999
Partly Cloudy,CNN,1.3720170000000032
Partly Cloudy,CNN,1.4348799999999997
Partly Cloudy,CNN,1.0758549999999971
Partly Cloudy,CNN,0.8715950000000028
Partly Cloudy,CNN,0.7004599999999996
Partly Cloudy,CNN,0.4514700000000005
Partly Cloudy,CNN,0.4121629999999996
Partly Cloudy,CNN,0.1587639999999979
Partly Cloudy,CNN,0.00588600000000028
Partly Cloudy,CNN,0.10809899999999928
Partly Cloudy,CNN,0.12878399999999957
Partly Cloudy,CNN,0.05467700000000164
Partly Cloudy,CNN,0.33711999999999875
Partly Cloudy,CNN,0.27963300000000046
Partly Cloudy,CNN,0.16405599999999865
Partly Cloudy,CNN,0.12865200000000243
Partly Cloudy,CNN,0.3759619999999977
Partly Cloudy,CNN,0.33907299999999907
Partly Cloudy,CNN,0.5215450000000033
Partly Cloudy,CNN,0.694665999999998
Partly Cloudy,CNN,0.7907809999999991
Partly Cloudy,CNN,1.0069550000000014
Partly Cloudy,CNN,0.9288600000000002
Partly Cloudy,CNN,1.0437539999999998
Partly Cloudy,CNN,1.3283839999999998
Partly Cloudy,CNN,1.5323209999999996
Partly Cloudy,CNN,1.7264359999999996
Partly Cloudy,CNN,1.5917160000000017
Partly Cloudy,CNN,1.5924549999999993
Partly Cloudy,CNN,1.5080989999999996
Partly Cloudy,CNN,1.5796000000000001
Partly Cloudy,CNN,1.4471244000000003
Partly Cloudy,CNN,1.2561247999999998
Partly Cloudy,CNN,1.1544043
Partly Cloudy,CNN,1.0401399
Partly Cloudy,CNN,0.8964441000000001
Partly Cloudy,CNN,1.4508054000000001
Partly Cloudy,CNN,1.2157957999999995
Partly Cloudy,CNN,1.2318995
Partly Cloudy,CNN,1.4272904999999998
Partly Cloudy,CNN,1.3387140000000013
Partly Cloudy,CNN,1.419611999999999
Partly Cloudy,CNN,1.0954010000000007
Partly Cloudy,CNN,0.9062799999999989
Partly Cloudy,CNN,1.14513
Partly Cloudy,CNN,0.6847250000000003
Partly Cloudy,CNN,0.6144600000000011
Partly Cloudy,CNN,0.656546999999998
Partly Cloudy,CNN,0.07199300000000264
Partly Cloudy,CNN,0.3150279999999981
Partly Cloudy,CNN,0.07609800000000178
Partly Cloudy,CNN,0.26732900000000015
Partly Cloudy,CNN,0.22012900000000002
Partly Cloudy,CNN,0.03012599999999921
Partly Cloudy,CNN,0.1367110000000018
Partly Cloudy,CNN,0.11026599999999931
Partly Cloudy,CNN,0.38577399999999784
Partly Cloudy,CNN,0.1578269999999975
Partly Cloudy,CNN,0.12181900000000212
Partly Cloudy,CNN,0.006518999999997277
Partly Cloudy,CNN,0.016247999999997376
Partly Cloudy,CNN,0.2556270000000005
Partly Cloudy,CNN,0.4214640000000003
Partly Cloudy,CNN,0.3993479999999998
Partly Cloudy,CNN,0.7797840000000011
Partly Cloudy,CNN,0.5074185
Partly Cloudy,CNN,1.078737499999999
Partly Cloudy,CNN,1.1552129999999998
Partly Cloudy,CNN,1.1892230000000001
Partly Cloudy,CNN,1.469641000000001
Partly Cloudy,CNN,1.4798069999999992
Partly Cloudy,CNN,1.5615459999999999
Partly Cloudy,CNN,1.372243
Partly Cloudy,CNN,1.3438340000000002
Partly Cloudy,CNN,1.2109573
Partly Cloudy,CNN,1.3329970599999998
Partly Cloudy,CNN,0.79028964
Partly Cloudy,CNN,0.0
Partly Cloudy,CNN,0.57572496
Partly Cloudy,CNN,1.00706644
Partly Cloudy,CNN,1.249273
Partly Cloudy,CNN,1.4242596
Partly Cloudy,CNN,1.5785179999999999
Partly Cloudy,CNN,1.4784585999999997
Partly Cloudy,CNN,1.7266373999999995
Partly Cloudy,CNN,1.5788460000000004
Partly Cloudy,CNN,1.6957629999999995
Partly Cloudy,CNN,1.3429290000000016
Partly Cloudy,CNN,1.2514999999999983
Partly Cloudy,CNN,1.2385190000000001
Partly Cloudy,CNN,0.9329850000000022
Partly Cloudy,CNN,0.7846779999999995
Partly Cloudy,CNN,0.7074149999999975
Partly Cloudy,CNN,0.6398880000000027
Partly Cloudy,CNN,0.371185999999998
Partly Cloudy,CNN,0.2458430000000007
Partly Cloudy,CNN,0.042373000000001326
Partly Cloudy,CNN,0.08703799999999973
Partly Cloudy,CNN,0.016770999999998537
Partly Cloudy,CNN,0.22224999999999895
Partly Cloudy,CNN,0.5265319999999996
Partly Cloudy,CNN,0.27211600000000047
Partly Cloudy,CNN,0.3125150000000012
Partly Cloudy,CNN,0.4318899999999992
Partly Cloudy,CNN,0.33063100000000034
Partly Cloudy,CNN,0.5359420000000021
Partly Cloudy,CNN,0.549833999999997
Partly Cloudy,CNN,0.7033390000000015
Partly Cloudy,CNN,0.8355510000000006
Partly Cloudy,CNN,0.6646709999999985
Partly Cloudy,CNN,0.7183310000000009
Partly Cloudy,CNN,1.1597600000000003
Partly Cloudy,CNN,1.3265189999999993
Partly Cloudy,CNN,1.5087279999999996
Partly Cloudy,CNN,1.337897
Partly Cloudy,CNN,1.4573685000000003
Partly Cloudy,CNN,1.4775625000000003
Partly Cloudy,CNN,1.2335510000000003
Partly Cloudy,CNN,1.297402
Partly Cloudy,CNN,1.1678852999999998
Partly Cloudy,CNN,0.61379826
Partly Cloudy,CNN,0.80047044
Partly Cloudy,CNN,0.8230271999999998
Partly Cloudy,CNN,0.9574131000000001
Partly Cloudy,CNN,1.0928046999999999
Partly Cloudy,CNN,1.3509479000000004
Partly Cloudy,CNN,1.2310127999999994
Partly Cloudy,CNN,1.3985465999999995
Partly Cloudy,CNN,1.468337
Partly Cloudy,CNN,1.5679050000000014
Partly Cloudy,CNN,1.1837359999999997
Partly Cloudy,CNN,1.3153120000000005
Partly Cloudy,CNN,1.196978999999999
Partly Cloudy,CNN,1.1314260000000012
Partly Cloudy,CNN,0.7518980000000006
Partly Cloudy,CNN,0.7113699999999987
Partly Cloudy,CNN,0.7744309999999999
Partly Cloudy,CNN,0.4229909999999997
Partly Cloudy,CNN,0.366263
Partly Cloudy,CNN,0.10799100000000195
Partly Cloudy,CNN,0.026452000000002585
Partly Cloudy,CNN,0.19003100000000117
Partly Cloudy,CNN,0.28858200000000167
Partly Cloudy,CNN,0.21992299999999787
Partly Cloudy,CNN,0.10642599999999902
Partly Cloudy,CNN,0.07550300000000121
Partly Cloudy,CNN,0.25179999999999936
Partly Cloudy,CNN,0.3048710000000021
Partly Cloudy,CNN,0.39739399999999847
Partly Cloudy,CNN,0.49759300000000195
Partly Cloudy,CNN,0.6451439999999984
Partly Cloudy,CNN,0.5575159999999997
Partly Cloudy,CNN,0.7502640000000014
Partly Cloudy,CNN,0.6290999999999993
Partly Cloudy,CNN,1.0893870000000003
Partly Cloudy,CNN,1.3175519999999992
Partly Cloudy,CNN,1.4776610000000012
Partly Cloudy,CNN,1.2298959999999983
Partly Cloudy,CNN,1.380332000000001
Partly Cloudy,CNN,1.4223536
Partly Cloudy,CNN,1.0722088999999997
Partly Cloudy,CNN,1.4057484999999996
Partly Cloudy,CNN,1.0259650000000002
Partly Cloudy,CNN,1.0302600000000002
Partly Cloudy,CNN,0.8698135499999999
Partly Cloudy,CNN,1.1500565999999999
Partly Cloudy,CNN,0.8827112000000001
Partly Cloudy,CNN,1.3755783000000004
Partly Cloudy,CNN,1.5261609999999992
Partly Cloudy,CNN,1.3915230000000003
Partly Cloudy,CNN,1.470841
Partly Cloudy,CNN,1.586855
Partly Cloudy,CNN,1.5304990000000007
Partly Cloudy,CNN,1.492685999999999
Partly Cloudy,CNN,1.266788
Partly Cloudy,CNN,1.2782790000000013
Partly Cloudy,CNN,1.135432999999999
Partly Cloudy,CNN,0.9092470000000006
Partly Cloudy,CNN,0.6742309999999989
Partly Cloudy,CNN,0.6712100000000021
Partly Cloudy,CNN,0.7784349999999982
Partly Cloudy,CNN,0.20587400000000144
Partly Cloudy,CNN,0.26497799999999927
Partly Cloudy,CNN,0.0071229999999999905
Partly Cloudy,CNN,0.034137000000001194
Partly Cloudy,CNN,0.113348000000002
Partly Cloudy,CNN,0.20939200000000113
Partly Cloudy,CNN,0.30534899999999965
Partly Cloudy,CNN,0.00412499999999838
Partly Cloudy,CNN,0.24310299999999785
Partly Cloudy,CNN,0.1755519999999997
Partly Cloudy,CNN,0.12068600000000274
Partly Cloudy,CNN,0.463711
Partly Cloudy,CNN,0.5894089999999998
Partly Cloudy,CNN,0.7075759999999995
Partly Cloudy,CNN,0.8244119999999988
Partly Cloudy,CNN,0.768616999999999
Partly Cloudy,CNN,0.7441870000000002
Partly Cloudy,CNN,1.2753170000000011
Partly Cloudy,CNN,1.4938850000000006
Partly Cloudy,CNN,1.7375169999999986
Partly Cloudy,CNN,1.5076310000000017
Partly Cloudy,CNN,1.6441969999999984
Partly Cloudy,CNN,1.5850986000000011
Partly Cloudy,CNN,1.5296233999999993
Partly Cloudy,CNN,1.6555153000000002
Partly Cloudy,CNN,1.3689205000000002
Partly Cloudy,CNN,1.1138515
Partly Cloudy,CNN,0.0
Partly Cloudy,CNN,0.0
Partly Cloudy,CNN,0.08098173
Partly Cloudy,CNN,0.86128587
Partly Cloudy,CNN,0.8516838999999999
Partly Cloudy,CNN,1.1185072000000003
Partly Cloudy,CNN,1.1347272999999998
Partly Cloudy,CNN,1.1134604000000001
Partly Cloudy,CNN,1.1599322
Partly Cloudy,CNN,1.3502934
Partly Cloudy,CNN,1.4472960000000006
Partly Cloudy,CNN,1.1813659999999988
Partly Cloudy,CNN,1.4971899999999998
Partly Cloudy,CNN,1.2706630000000008
Partly Cloudy,CNN,1.1497960000000003
Partly Cloudy,CNN,1.0513560000000002
Partly Cloudy,CNN,1.2364889999999988
Partly Cloudy,CNN,0.8804550000000013
Partly Cloudy,CNN,1.0525400000000005
Partly Cloudy,CNN,0.6109689999999972
Partly Cloudy,CNN,0.41931200000000146
Partly Cloudy,CNN,0.7681520000000006
Partly Cloudy,CNN,0.3142379999999996
Partly Cloudy,CNN,0.4174340000000001
Partly Cloudy,CNN,0.11724500000000049
Partly Cloudy,CNN,0.00750200000000234
Partly Cloudy,CNN,0.06320200000000042
Partly Cloudy,CNN,0.17064599999999785
Partly Cloudy,CNN,0.37826199999999943
Partly Cloudy,CNN,0.05207600000000312
Partly Cloudy,CNN,0.09038799999999725
Partly Cloudy,CNN,0.25664899999999946
Partly Cloudy,CNN,0.28545700000000096
Partly Cloudy,CNN,0.37753500000000173
Partly Cloudy,CNN,0.48362200000000044
Partly Cloudy,CNN,0.7715379999999996
Partly Cloudy,CNN,0.8632049999999971
Partly Cloudy,CNN,0.6109670000000023
Partly Cloudy,CNN,0.7990479999999991
Partly Cloudy,CNN,1.1600529999999996
Partly Cloudy,CNN,1.318271000000001
Partly Cloudy,CNN,1.252865
Partly Cloudy,CNN,1.5140949999999993
Partly Cloudy,CNN,1.4903770000000005
Partly Cloudy,CNN,1.5155060000000002
Partly Cloudy,CNN,1.2400015999999994
Partly Cloudy,CNN,1.1894274000000005
Partly Cloudy,CNN,1.2761015999999996
Partly Cloudy,CNN,1.2810681000000002
Partly Cloudy,CNN,0.5799589000000003
Partly Cloudy,CNN,0.9628101999999998
Partly Cloudy,CNN,0.3705310700000001
Partly Cloudy,CNN,0.3896209
Partly Cloudy,CNN,0.6066999
Partly Cloudy,CNN,0.4602872
Partly Cloudy,CNN,0.7194638000000002
Partly Cloudy,CNN,0.8341657999999996
Partly Cloudy,CNN,1.1452811000000005
Partly Cloudy,CNN,1.1567276999999994
Partly Cloudy,CNN,1.1720362
Partly Cloudy,CNN,1.1562868000000002
Partly Cloudy,CNN,1.422625
Partly Cloudy,CNN,1.5305870000000006
Partly Cloudy,CNN,1.2990089999999999
Partly Cloudy,CNN,1.667088999999999
Partly Cloudy,CNN,1.2342625000000016
Partly Cloudy,CNN,1.212564500000001
Partly Cloudy,CNN,1.0512959999999971
Partly Cloudy,CNN,1.2886869999999995
Partly Cloudy,CNN,0.8528790000000015
Partly Cloudy,CNN,0.9605160000000019
Partly Cloudy,CNN,0.5246829999999996
Partly Cloudy,CNN,0.3210349999999984
Partly Cloudy,CNN,0.7091120000000011
Partly Cloudy,CNN,0.24141299999999788
Partly Cloudy,CNN,0.42187700000000206
Partly Cloudy,CNN,0.1283379999999994
Partly Cloudy,CNN,0.0838150000000013
Partly Cloudy,CNN,0.17760200000000026
Partly Cloudy,CNN,0.1991780000000034
Partly Cloudy,CNN,0.23745899999999764
Partly Cloudy,CNN,0.006313999999999709
Partly Cloudy,CNN,0.10253600000000063
Partly Cloudy,CNN,0.2761370000000021
Partly Cloudy,CNN,0.35192099999999726
Partly Cloudy,CNN,0.504092
Partly Cloudy,CNN,0.5383829999999996
Partly Cloudy,CNN,0.8514170000000014
Partly Cloudy,CNN,0.9512679999999989
Partly Cloudy,CNN,0.6944920000000003
Partly Cloudy,CNN,0.8722940000000001
Partly Cloudy,CNN,1.0923610000000004
Partly Cloudy,CNN,1.2685829999999996
Partly Cloudy,CNN,1.286957000000001
Partly Cloudy,CNN,1.3357030000000005
Partly Cloudy,CNN,1.2855274999999988
Partly Cloudy,CNN,1.3343355
Partly Cloudy,CNN,1.281816000000001
Partly Cloudy,CNN,1.0724985999999994
Partly Cloudy,CNN,1.2349286
Partly Cloudy,CNN,1.2765961
Partly Cloudy,CNN,0.8315530000000004
Partly Cloudy,CNN,1.0965973999999998
Partly Cloudy,CNN,0.5811069
Partly Cloudy,CNN,0.8157258999999999
Partly Cloudy,CNN,0.5510394
Partly Cloudy,CNN,1.1708703000000003
Partly Cloudy,CNN,0.7598220999999996
Partly Cloudy,CNN,0.8298778000000002
Partly Cloudy,CNN,0.8501685999999999
Partly Cloudy,CNN,0.6939159999999998
Partly Cloudy,CNN,0.5281796000000005
Partly Cloudy,CNN,0.4963025999999999
Partly Cloudy,CNN,0.5748077999999994
Partly Cloudy,CNN,0.3421859999999999
Partly Cloudy,CNN,0.2884039999999999
Partly Cloudy,CNN,0.07108900000000062
Partly Cloudy,CNN,0.14628399999999964
Partly Cloudy,CNN,0.012162999999999258
Partly Cloudy,CNN,0.07898300000000091
Partly Cloudy,CNN,0.28140699999999974
Partly Cloudy,CNN,0.4047439999999991
Partly Cloudy,CNN,0.3079930000000006
Partly Cloudy,CNN,0.5537299999999998
Partly Cloudy,CNN,0.49547460000000054
Partly Cloudy,CNN,0.6076506999999998
Partly Cloudy,CNN,0.7115686999999999
Partly Cloudy,CNN,0.9008966999999997
Partly Cloudy,CNN,0.9092331000000002
Partly Cloudy,CNN,0.8052074999999999
Partly Cloudy,CNN,0.9722442
Partly Cloudy,CNN,0.6161745000000001
Partly Cloudy,CNN,0.8573563000000001
Partly Cloudy,CNN,0.5307367
Partly Cloudy,CNN,0.0
Partly Cloudy,CNN,0.0
Partly Cloudy,CNN,0.7803419
Partly Cloudy,CNN,0.7050521999999999
Partly Cloudy,CNN,0.7953519999999998
Partly Cloudy,CNN,0.967937
Partly Cloudy,CNN,1.0289030000000006
Partly Cloudy,CNN,1.0238639999999997
Partly Cloudy,CNN,0.8259150000000002
Partly Cloudy,CNN,0.7715589999999999
Partly Cloudy,CNN,0.5521139999999995
Partly Cloudy,CNN,0.6547730000000005
Partly Cloudy,CNN,0.4113679999999995
Partly Cloudy,CNN,0.2703319999999998
Partly Cloudy,CNN,0.2895289999999999
Partly Cloudy,CNN,0.1660440000000012
Partly Cloudy,CNN,0.11524799999999935
Partly Cloudy,CNN,0.04427300000000045
Partly Cloudy,CNN,0.09023200000000031
Partly Cloudy,CNN,0.06521099999999969
Partly Cloudy,CNN,0.007070999999999827
Partly Cloudy,CNN,0.10380450000000074
Partly Cloudy,CNN,0.2853975000000002
Partly Cloudy,CNN,0.1728860000000001
Partly Cloudy,CNN,0.2553429999999999
Partly Cloudy,CNN,0.4038689999999985
Partly Cloudy,CNN,0.5004250000000017
Partly Cloudy,CNN,0.697991
Partly Cloudy,CNN,0.6703283999999989
Partly Cloudy,CNN,0.8317116000000002
Partly Cloudy,CNN,0.8227045000000004
Partly Cloudy,CNN,0.6923684999999997
Partly Cloudy,CNN,0.6947665000000001
Partly Cloudy,CNN,0.7477274999999999
Partly Cloudy,CNN,0.6500672000000001
Partly Cloudy,CNN,0.5075403
Partly Cloudy,CNN,0.3818596999999997
Partly Cloudy,CNN,0.89030695
Partly Cloudy,CNN,1.04010235
Partly Cloudy,CNN,1.0835153000000002
Partly Cloudy,CNN,1.1735014000000001
Partly Cloudy,CNN,1.1658819999999999
Partly Cloudy,CNN,1.1816803999999994
Partly Cloudy,CNN,0.8583836000000007
Partly Cloudy,CNN,1.0005449999999998
Partly Cloudy,CNN,0.9295810000000007
Partly Cloudy,CNN,0.8241039999999984
Partly Cloudy,CNN,0.5006370000000011
Partly Cloudy,CNN,0.5556850000000004
Partly Cloudy,CNN,0.38180299999999967
Partly Cloudy,CNN,0.3310580000000005
Partly Cloudy,CNN,0.2586549999999992
Partly Cloudy,CNN,0.0014310000000001821
Partly Cloudy,CNN,0.05230399999999946
Partly Cloudy,CNN,0.059964000000000794
Partly Cloudy,CNN,0.21676500000000054
Partly Cloudy,CNN,0.17538699999999885
Partly Cloudy,CNN,0.15337800000000001
Partly Cloudy,CNN,0.2902350000000009
Partly Cloudy,CNN,0.42314700000000016
Partly Cloudy,CNN,0.413926
Partly Cloudy,CNN,0.8519310000000004
Partly Cloudy,CNN,0.686909
Partly Cloudy,CNN,1.1048523999999995
Partly Cloudy,CNN,0.6733815999999999
Partly Cloudy,CNN,1.0829889999999995
Partly Cloudy,CNN,0.7802595999999999
Partly Cloudy,CNN,1.2396434000000003
Partly Cloudy,CNN,1.0839417999999998
Partly Cloudy,CNN,1.2056669000000002
Partly Cloudy,CNN,0.8462197999999999
Partly Cloudy,CNN,0.9977324000000003
Partly Cloudy,CNN,1.2150755000000002
Partly Cloudy,CNN,1.1872664999999998
Partly Cloudy,CNN,1.2696680000000002
Partly Cloudy,CNN,1.303432
Partly Cloudy,CNN,1.2508009999999992
Partly Cloudy,CNN,0.907172000000001
Partly Cloudy,CNN,0.9563249999999996
Partly Cloudy,CNN,0.8116970000000006
Partly Cloudy,CNN,0.6432950000000002
Partly Cloudy,CNN,0.4161589999999986
Partly Cloudy,CNN,0.2641190000000009
Partly Cloudy,CNN,0.2565519999999992
Partly Cloudy,CNN,0.15242600000000017
Partly Cloudy,CNN,0.08748499999999915
Partly Cloudy,CNN,0.08238200000000084
Partly Cloudy,CNN,0.10743699999999912
Partly Cloudy,CNN,0.0061309999999998865
Partly Cloudy,CNN,0.29311299999999996
Partly Cloudy,CNN,0.2042300000000008
Partly Cloudy,CNN,0.15328099999999978
Partly Cloudy,CNN,0.23071599999999926
Partly Cloudy,CNN,0.39291250000000133
Partly Cloudy,CNN,0.36917749999999927
Partly Cloudy,CNN,0.6528030000000005
Partly Cloudy,CNN,0.7588790000000003
Partly Cloudy,CNN,0.9793939999999992
Partly Cloudy,CNN,0.8205170000000006
Partly Cloudy,CNN,1.1053762999999996
Partly Cloudy,CNN,0.9645736999999999
Partly Cloudy,CNN,1.1560354999999998
Partly Cloudy,CNN,1.2833455000000002
Partly Cloudy,CNN,1.2109473
Partly Cloudy,CNN,1.0648857
Partly Cloudy,CNN,0.2084842
Partly Cloudy,CNN,0.22824460000000002
Partly Cloudy,CNN,0.3483824000000002
Partly Cloudy,CNN,0.14986539999999948
Partly Cloudy,CNN,0.23394100000000062
Partly Cloudy,CNN,0.19887299999999986
Partly Cloudy,CNN,0.1202639999999997
Partly Cloudy,CNN,0.06585149999999995
Partly Cloudy,CNN,0.009390500000000301
Partly Cloudy,CNN,0.1987015999999997
Partly Cloudy,CNN,0.12614759999999947
Partly Cloudy,CNN,0.16220999999999997
Partly Cloudy,CNN,0.020979699999999823
Partly Cloudy,CNN,0.11939529999999987
Partly Cloudy,CNN,0.08513970000000004
Partly Cloudy,CNN,0.17813299999999987
Partly Cloudy,CNN,0.021026599999999895
Partly Cloudy,CNN,0.12216380000000004
Partly Cloudy,CNN,0.11019549999999967
Partly Cloudy,CNN,0.3937709999999992
Partly Cloudy,CNN,0.29194300000000073
Partly Cloudy,CNN,0.3276549999999996
Partly Cloudy,CNN,0.2575812000000002
Partly Cloudy,CNN,0.2798132
Partly Cloudy,CNN,0.7757543
Partly Cloudy,CNN,0.6061052999999998
Partly Cloudy,CNN,0.5965704000000001
Partly Cloudy,CNN,0.8096072599999999
Partly Cloudy,CNN,1.200476
Partly Cloudy,CNN,1.2517209999999999
Partly Cloudy,CNN,1.282134
Partly Cloudy,CNN,1.3894919999999997
Partly Cloudy,CNN,1.4345939999999997
Partly Cloudy,CNN,1.344944
Partly Cloudy,CNN,1.0183470000000003
Partly Cloudy,CNN,1.0719440000000002
Partly Cloudy,CNN,0.993488000000001
Partly Cloudy,CNN,0.7994709999999987
Partly Cloudy,CNN,0.41183499999999995
Partly Cloudy,CNN,0.4026600000000009
Partly Cloudy,CNN,0.38438399999999895
Partly Cloudy,CNN,0.24429300000000076
Partly Cloudy,CNN,0.15680099999999975
Partly Cloudy,CNN,0.1606229999999993
Partly Cloudy,CNN,0.026964999999998795
Partly Cloudy,CNN,0.15362099999999934
Partly Cloudy,CNN,0.16600599999999943
Partly Cloudy,CNN,0.1529600000000002
Partly Cloudy,CNN,0.13977700000000048
Partly Cloudy,CNN,0.12121199999999988
Partly Cloudy,CNN,0.5234469999999991
Partly Cloudy,CNN,0.5324095
Partly Cloudy,CNN,0.822276500000001
Partly Cloudy,CNN,0.9129635
Partly Cloudy,CNN,1.2034465
Partly Cloudy,CNN,0.933031999999999
Partly Cloudy,CNN,1.1491990000000012
Partly Cloudy,CNN,1.0167199999999994
Partly Cloudy,CNN,1.3539836000000003
Partly Cloudy,CNN,1.2803850999999993
Partly Cloudy,CNN,1.2655816000000009
Partly Cloudy,CNN,0.9773556999999995
Partly Cloudy,CNN,1.2535313000000001
Partly Cloudy,CNN,1.1331881000000001
Partly Cloudy,CNN,1.4081286999999998
Partly Cloudy,CNN,1.2719500000000004
Partly Cloudy,CNN,1.4454325
Partly Cloudy,CNN,1.3629004999999994
Partly Cloudy,CNN,0.8626260000000006
Partly Cloudy,CNN,0.9133820000000004
Partly Cloudy,CNN,0.8490549999999999
Partly Cloudy,CNN,0.7505360000000003
Partly Cloudy,CNN,0.563915999999999
Partly Cloudy,CNN,0.22382999999999953
Partly Cloudy,CNN,0.2101570000000006
Partly Cloudy,CNN,0.09819500000000048
Partly Cloudy,CNN,0.0799089999999989
Partly Cloudy,CNN,0.1955619999999989
Partly Cloudy,CNN,0.11315500000000078
Partly Cloudy,CNN,0.18259999999999899
Partly Cloudy,CNN,0.36826700000000123
Partly Cloudy,CNN,0.249015
Partly Cloudy,CNN,0.3066659999999999
Partly Cloudy,CNN,0.3069569999999988
Partly Cloudy,CNN,0.7003970000000006
Partly Cloudy,CNN,0.47689699999999924
Partly Cloudy,CNN,0.6983800000000002
Partly Cloudy,CNN,0.9640295000000005
Partly Cloudy,CNN,0.8983941
Partly Cloudy,CNN,0.6596853999999999
Partly Cloudy,CNN,1.127796
Partly Cloudy,CNN,1.0234592999999998
Partly Cloudy,CNN,0.9097067000000001
Partly Cloudy,CNN,1.2761244
Partly Cloudy,CNN,1.1108204000000002
Partly Cloudy,CNN,0.9688702
Partly Cloudy,CNN,0.0
Partly Cloudy,CNN,0.22611919999999985
Partly Cloudy,CNN,0.9086275000000001
Partly Cloudy,CNN,0.9662704000000004
Partly Cloudy,CNN,0.647538
Partly Cloudy,CNN,0.4507312999999993
Partly Cloudy,CNN,0.08939370000000046
Partly Cloudy,CNN,0.6049379999999998
Partly Cloudy,CNN,0.6564693000000004
Partly Cloudy,CNN,0.1402682999999998
Partly Cloudy,CNN,0.19877870000000009
Partly Cloudy,CNN,0.3860606999999998
Partly Cloudy,CNN,0.07533549999999956
Partly Cloudy,CNN,0.20942949999999882
Partly Cloudy,CNN,0.19302499999999956
Partly Cloudy,CNN,0.47365129999999933
Partly Cloudy,CNN,0.2859512999999998
Partly Cloudy,CNN,0.37851060000000025
Partly Cloudy,CNN,0.07453820000000011
Partly Cloudy,CNN,0.2626546000000003
Partly Cloudy,CNN,0.42535229999999924
Partly Cloudy,CNN,0.010485699999999376
Partly Cloudy,CNN,0.5816879999999998
Partly Cloudy,CNN,0.24146789999999996
Partly Cloudy,CNN,0.16640950000000032
Partly Cloudy,CNN,0.07187700000000063
Partly Cloudy,CNN,0.6668909999999997
Partly Cloudy,CNN,0.3290234999999999
Partly Cloudy,CNN,0.7360604999999998
Partly Cloudy,CNN,0.18498770000000064
Partly Cloudy,CNN,0.2847122999999998
Partly Cloudy,CNN,0.49474209999999985
Partly Cloudy,CNN,0.6725930999999998
Partly Cloudy,CNN,0.29264
Partly Cloudy,CNN,0.31859850000000023
Partly Cloudy,CNN,0.26690579999999997
Partly Cloudy,CNN,0.4151973
Partly Cloudy,CNN,0.4701390999999999
Partly Cloudy,CNN,0.8293322999999999
Partly Cloudy,CNN,0.5407986999999999
Partly Cloudy,CNN,0.6588096000000006
Partly Cloudy,CNN,0.8291692999999993
Partly Cloudy,CNN,0.22903100000000087
Partly Cloudy,CNN,0.4003509999999988
Partly Cloudy,CNN,0.42212100000000063
Partly Cloudy,CNN,0.18728699999999954
Partly Cloudy,CNN,0.14188500000000026
Partly Cloudy,CNN,0.2953665000000001
Partly Cloudy,CNN,0.13733550000000072
Partly Cloudy,CNN,0.16467199999999949
Partly Cloudy,CNN,0.20952400000000004
Partly Cloudy,CNN,0.08466800000000063
Partly Cloudy,CNN,0.12386799999999987
Partly Cloudy,CNN,0.073303000000001
Partly Cloudy,CNN,0.07302699999999973
Partly Cloudy,CNN,0.1145025000000004
Partly Cloudy,CNN,0.4746194999999993
Partly Cloudy,CNN,0.31166600000000066
Partly Cloudy,CNN,0.4787979999999994
Partly Cloudy,CNN,0.3662365000000012
Partly Cloudy,CNN,0.3891504999999995
Partly Cloudy,CNN,0.20640769999999975
Partly Cloudy,CNN,0.6388869000000001
Partly Cloudy,CNN,0.4404868999999998
Partly Cloudy,CNN,0.6345382000000006
Partly Cloudy,CNN,0.33689829999999965
Partly Cloudy,CNN,0.30350699999999975
Partly Cloudy,CNN,0.36994730000000065
Partly Cloudy,CNN,0.5436243999999997
Partly Cloudy,CNN,0.0
Partly Cloudy,CNN,0.22270629
Partly Cloudy,CNN,0.8388131099999999
Partly Cloudy,CNN,0.8718968
Partly Cloudy,CNN,1.1018881
Partly Cloudy,CNN,0.8759909000000001
Partly Cloudy,CNN,1.0106898000000002
Partly Cloudy,CNN,1.0154619999999994
Partly Cloudy,CNN,0.8503080000000001
Partly Cloudy,CNN,0.8293123000000007
Partly Cloudy,CNN,0.7056266999999998
Partly Cloudy,CNN,0.5432539999999992
Partly Cloudy,CNN,0.5271290000000004
Partly Cloudy,CNN,0.3614530000000009
Partly Cloudy,CNN,0.28728199999999937
Partly Cloudy,CNN,0.08533899999999939
Partly Cloudy,CNN,0.06788400000000117
Partly Cloudy,CNN,0.0066619999999986135
Partly Cloudy,CNN,0.31449399999999983
Partly Cloudy,CNN,0.27704600000000035
Partly Cloudy,CNN,0.08018599999999942
Partly Cloudy,CNN,0.28385149999999904
Partly Cloudy,CNN,0.23970249999999993
Partly Cloudy,CNN,0.2155060000000013
Partly Cloudy,CNN,0.4431890000000003
Partly Cloudy,CNN,0.5502923999999991
Partly Cloudy,CNN,0.5339679999999998
Partly Cloudy,CNN,0.5414329000000002
Partly Cloudy,CNN,0.6434129999999998
Partly Cloudy,CNN,0.6054292000000006
Partly Cloudy,CNN,0.8335394999999997
Partly Cloudy,CNN,0.9501189999999999
Partly Cloudy,CNN,1.0325592000000001
Partly Cloudy,CNN,0.8357501
Partly Cloudy,CNN,0.8178779999999999
Partly Cloudy,CNN,0.7210943000000001
Partly Cloudy,CNN,1.0738846
Partly Cloudy,CNN,1.0438006999999998
Partly Cloudy,CNN,1.0574676000000003
Partly Cloudy,CNN,1.195262
Partly Cloudy,CNN,1.1501834999999998
Partly Cloudy,CNN,1.3542604999999996
Partly Cloudy,CNN,1.1402930000000007
Partly Cloudy,CNN,1.3051735000000004
Partly Cloudy,CNN,1.2133044999999996
Partly Cloudy,CNN,0.9286409999999989
Partly Cloudy,CNN,0.8676300000000001
Partly Cloudy,CNN,1.027158
Partly Cloudy,CNN,0.8679630000000014
Partly Cloudy,CNN,0.539598999999999
Partly Cloudy,CNN,0.5335630000000009
Partly Cloudy,CNN,0.37259699999999896
Partly Cloudy,CNN,0.3969149999999999
Partly Cloudy,CNN,0.23179800000000128
Partly Cloudy,CNN,0.08795900000000145
Partly Cloudy,CNN,0.22704299999999833
Partly Cloudy,CNN,0.05939700000000059
Partly Cloudy,CNN,0.25466100000000225
Partly Cloudy,CNN,0.3445039999999988
Partly Cloudy,CNN,0.5043980000000001
Partly Cloudy,CNN,0.9419199999999996
Partly Cloudy,CNN,0.6276060000000001
Partly Cloudy,CNN,1.1225749999999994
Partly Cloudy,CNN,0.9478910000000003
Partly Cloudy,CNN,0.9052310000000006
Partly Cloudy,CNN,0.7214644999999997
Partly Cloudy,CNN,1.3306934999999989
Partly Cloudy,CNN,1.2841427000000003
Partly Cloudy,CNN,1.7249963000000008
Partly Cloudy,CNN,1.0799389999999995
Partly Cloudy,CNN,1.3039178000000002
Partly Cloudy,CNN,1.3963769999999998
Partly Cloudy,CNN,1.2261771399999999
Partly Cloudy,CNN,0.63937706
Partly Cloudy,CNN,1.2500642
Partly Cloudy,CNN,1.213428
Partly Cloudy,CNN,1.4220877
Partly Cloudy,CNN,1.3975296000000004
Partly Cloudy,CNN,1.6637423999999994
Partly Cloudy,CNN,1.8064529999999994
Partly Cloudy,CNN,1.4771400000000003
Partly Cloudy,CNN,1.6253419999999998
Partly Cloudy,CNN,1.729007000000001
Partly Cloudy,CNN,1.3609739999999988
Partly Cloudy,CNN,1.2208070000000006
Partly Cloudy,CNN,0.7189680000000003
Partly Cloudy,CNN,0.9391050000000014
Partly Cloudy,CNN,0.8398519999999969
Partly Cloudy,CNN,0.443207000000001
Partly Cloudy,CNN,0.20249000000000095
Partly Cloudy,CNN,0.3179149999999993
Partly Cloudy,CNN,0.03183800000000048
Partly Cloudy,CNN,0.03510400000000047
Partly Cloudy,CNN,0.2560009999999977
Partly Cloudy,CNN,0.6185310000000008
Partly Cloudy,CNN,0.12874000000000052
Partly Cloudy,CNN,0.43216600000000227
Partly Cloudy,CNN,0.05450799999999845
Partly Cloudy,CNN,0.5027639999999991
Partly Cloudy,CNN,0.6115020000000015
Partly Cloudy,CNN,0.4681759999999997
Partly Cloudy,CNN,0.9332710000000013
Partly Cloudy,CNN,0.9139229999999969
Partly Cloudy,CNN,0.7260690000000007
Partly Cloudy,CNN,0.6915640000000014
Partly Cloudy,CNN,1.458501
Partly Cloudy,CNN,1.4274319999999996
Partly Cloudy,CNN,1.6889749999999992
Partly Cloudy,CNN,1.488767000000001
Partly Cloudy,CNN,1.3882589999999997
Partly Cloudy,CNN,1.5319029999999998
Partly Cloudy,CNN,1.5056896000000002
Partly Cloudy,CNN,0.4027426999999999
Partly Cloudy,CNN,1.0537042
Partly Cloudy,CNN,0.7562677999999998
Partly Cloudy,CNN,0.8942177000000004
Partly Cloudy,CNN,1.0261153999999992
Partly Cloudy,CNN,1.1589626000000006
Partly Cloudy,CNN,1.153753
Partly Cloudy,CNN,1.1869240000000003
Partly Cloudy,CNN,1.1601529999999993
Partly Cloudy,CNN,1.0049159999999997
Partly Cloudy,CNN,1.0326000000000004
Partly Cloudy,CNN,0.7389720000000004
Partly Cloudy,CNN,0.5232720000000004
Partly Cloudy,CNN,0.7239929999999983
Partly Cloudy,CNN,0.188091
Partly Cloudy,CNN,0.11956000000000166
Partly Cloudy,CNN,0.3098859999999988
Partly Cloudy,CNN,0.0438130000000001
Partly Cloudy,CNN,0.18962900000000005
Partly Cloudy,CNN,0.4777439999999995
Partly Cloudy,CNN,0.04161999999999999
Partly Cloudy,CNN,0.29019000000000084
Partly Cloudy,CNN,0.15181100000000036
Partly Cloudy,CNN,0.07836100000000101
Partly Cloudy,CNN,0.1534279999999999
Partly Cloudy,CNN,0.19911499999999904
Partly Cloudy,CNN,0.3784419999999997
Partly Cloudy,CNN,0.5512480000000011
Partly Cloudy,CNN,0.2370239999999999
Partly Cloudy,CNN,0.8586369999999999
Partly Cloudy,CNN,0.642633
Partly Cloudy,CNN,0.8266089999999995
Partly Cloudy,CNN,1.4375020000000003
Partly Cloudy,CNN,1.3002729999999998
Partly Cloudy,CNN,1.1470670000000007
Partly Cloudy,CNN,1.0112733
Partly Cloudy,CNN,1.0557356999999996
Partly Cloudy,CNN,1.0860299000000002
Partly Cloudy,CNN,1.0580083999999998
Partly Cloudy,CNN,1.10334376
Partly Cloudy,CNN,1.2821639000000002
Partly Cloudy,CNN,1.480639
Partly Cloudy,CNN,1.3283065
Partly Cloudy,CNN,1.6832734999999994
Partly Cloudy,CNN,1.4265600000000003
Partly Cloudy,CNN,1.5651495000000004
Partly Cloudy,CNN,1.3273574999999997
Partly Cloudy,CNN,1.1370489999999993
Partly Cloudy,CNN,1.0170760000000012
Partly Cloudy,CNN,0.8950749999999985
Partly Cloudy,CNN,0.7871130000000015
Partly Cloudy,CNN,0.47621999999999964
Partly Cloudy,CNN,0.5023930000000014
Partly Cloudy,CNN,0.278969
Partly Cloudy,CNN,0.1658719999999967
Partly Cloudy,CNN,0.04202699999999737
Partly Cloudy,CNN,0.08796200000000098
Partly Cloudy,CNN,0.05218899999999849
Partly Cloudy,CNN,0.11920900000000145
Partly Cloudy,CNN,0.59544
Partly Cloudy,CNN,0.3347514999999994
Partly Cloudy,CNN,0.27979650000000156
Partly Cloudy,CNN,0.6119379999999985
Partly Cloudy,CNN,0.44825100000000084
Partly Cloudy,CNN,0.6940030000000004
Partly Cloudy,CNN,0.6414409999999986
Partly Cloudy,CNN,0.8506930000000015
Partly Cloudy,CNN,1.050421
Partly Cloudy,CNN,0.6484279999999991
Partly Cloudy,CNN,0.9622460000000004
Partly Cloudy,CNN,1.0837210000000006
Partly Cloudy,CNN,1.3190563999999991
Partly Cloudy,CNN,1.2902266000000004
Partly Cloudy,CNN,1.1835182999999994
Partly Cloudy,CNN,1.4268897000000003
Partly Cloudy,CNN,1.1205353000000002
Partly Cloudy,CNN,0.9862251999999998
Partly Cloudy,CNN,0.66886066
Partly Cloudy,CNN,0.43899032
Partly Cloudy,CNN,1.17263758
Partly Cloudy,CNN,1.3153586
Partly Cloudy,CNN,1.2118970999999998
Partly Cloudy,CNN,1.4598464
Partly Cloudy,CNN,1.310924
Partly Cloudy,CNN,1.4624140000000008
Partly Cloudy,CNN,1.153471999999999
Partly Cloudy,CNN,0.9626870000000007
Partly Cloudy,CNN,0.9949069999999995
Partly Cloudy,CNN,0.7662270000000007
Partly Cloudy,CNN,0.4880949999999995
Partly Cloudy,CNN,0.5389520000000001
Partly Cloudy,CNN,0.5603210000000001
Partly Cloudy,CNN,0.2526054999999996
Partly Cloudy,CNN,0.11040649999999985
Partly Cloudy,CNN,0.098827
Partly Cloudy,CNN,0.10811299999999946
Partly Cloudy,CNN,0.05347599999999986
Partly Cloudy,CNN,0.2594139999999996
Partly Cloudy,CNN,0.35196750000000065
Partly Cloudy,CNN,0.22459249999999997
Partly Cloudy,CNN,0.30676599999999965
Partly Cloudy,CNN,0.31806800000000024
Partly Cloudy,CNN,0.23368699999999976
Partly Cloudy,CNN,0.5096450000000008
Partly Cloudy,CNN,0.44642999999999944
Partly Cloudy,CNN,0.6891739999999995
Partly Cloudy,CNN,0.4858139999999995
Partly Cloudy,CNN,0.5963840000000005
Partly Cloudy,CNN,0.543158
Partly Cloudy,CNN,0.9682840000000006
Partly Cloudy,CNN,1.1121676999999996
Partly Cloudy,CNN,1.3967643
Partly Cloudy,CNN,0.9997315000000002
Partly Cloudy,CNN,1.3214499999999996
Partly Cloudy,CNN,1.3190295
Partly Cloudy,CNN,0.9531897
Partly Cloudy,CNN,0.0
Partly Cloudy,CNN,0.0
Partly Cloudy,CNN,0.3958071
Partly Cloudy,CNN,0.9268708999999999
Partly Cloudy,CNN,1.1651201999999998
Partly Cloudy,CNN,1.1630755000000002
Partly Cloudy,CNN,1.1932004999999997
Partly Cloudy,CNN,1.4661168
Partly Cloudy,CNN,1.4815700000000005
Partly Cloudy,CNN,1.6110920000000002
Partly Cloudy,CNN,1.4834510000000005
Partly Cloudy,CNN,1.609589999999999
Partly Cloudy,CNN,1.5342959999999994
Partly Cloudy,CNN,1.4392690000000012
Partly Cloudy,CNN,1.1478959999999994
Partly Cloudy,CNN,1.429825000000001
Partly Cloudy,CNN,1.0010469999999998
Partly Cloudy,CNN,0.924513000000001
Partly Cloudy,CNN,0.6841809999999988
Partly Cloudy,CNN,0.5851100000000002
Partly Cloudy,CNN,0.569779999999998
Partly Cloudy,CNN,0.3029350000000015
Partly Cloudy,CNN,0.22845999999999833
Partly Cloudy,CNN,0.05386800000000136
Partly Cloudy,CNN,0.081313999999999
Partly Cloudy,CNN,0.022757999999999612
Partly Cloudy,CNN,0.30203599999999753
Partly Cloudy,CNN,0.16949500000000128
Partly Cloudy,CNN,0.03548199999999824
Partly Cloudy,CNN,0.1832790000000024
Partly Cloudy,CNN,0.17858099999999766
Partly Cloudy,CNN,0.2863370000000032
Partly Cloudy,CNN,0.4320959999999978
Partly Cloudy,CNN,0.5082839999999997
Partly Cloudy,CNN,0.7430170000000018
Partly Cloudy,CNN,0.7807599999999972
Partly Cloudy,CNN,0.8201010000000011
Partly Cloudy,CNN,0.664828
Partly Cloudy,CNN,1.2597939999999994
Partly Cloudy,CNN,1.3735440000000008
Partly Cloudy,CNN,1.620715500000001
Partly Cloudy,CNN,1.5634584999999994
Partly Cloudy,CNN,1.4916540000000005
Partly Cloudy,CNN,1.5220640000000003
Partly Cloudy,CNN,1.5319909999999988
Partly Cloudy,CNN,1.4860620000000004
Partly Cloudy,CNN,1.2130953
Partly Cloudy,CNN,1.2078083
Partly Cloudy,CNN,0.9168387999999998
Partly Cloudy,CNN,0.8995278000000002
Partly Cloudy,CNN,0.6378014
Partly Cloudy,CNN,0.6067680000000002
Partly Cloudy,CNN,0.6575880000000001
Partly Cloudy,CNN,0.5684262999999996
Partly Cloudy,CNN,1.1033103999999998
Partly Cloudy,CNN,1.1461263000000006
Partly Cloudy,CNN,1.2245935999999995
Partly Cloudy,CNN,1.0875294000000002
Partly Cloudy,CNN,1.3556340000000002
Partly Cloudy,CNN,1.5597460000000005
Partly Cloudy,CNN,1.5326829999999987
Partly Cloudy,CNN,1.4055930000000014
Partly Cloudy,CNN,1.572018
Partly Cloudy,CNN,1.3314619999999984
Partly Cloudy,CNN,1.4623109999999997
Partly Cloudy,CNN,0.9485419999999998
Partly Cloudy,CNN,1.0895290000000024
Partly Cloudy,CNN,0.8398459999999979
Partly Cloudy,CNN,0.6581950000000028
Partly Cloudy,CNN,0.536289
Partly Cloudy,CNN,0.35271399999999886
Partly Cloudy,CNN,0.5000159999999987
Partly Cloudy,CNN,0.07585300000000217
Partly Cloudy,CNN,0.1806789999999978
Partly Cloudy,CNN,0.006907000000001773
Partly Cloudy,CNN,0.05629199999999912
Partly Cloudy,CNN,0.01886999999999972
Partly Cloudy,CNN,0.3703290000000017
Partly Cloudy,CNN,0.1480809999999977
Partly Cloudy,CNN,0.13532800000000123
Partly Cloudy,CNN,0.10630000000000095
Partly Cloudy,CNN,0.4255449999999996
Partly Cloudy,CNN,0.386374
Partly Cloudy,CNN,0.5028930000000003
Partly Cloudy,CNN,0.5040449999999979
Partly Cloudy,CNN,0.7882890000000025
Partly Cloudy,CNN,0.7847189999999991
Partly Cloudy,CNN,0.8091119999999989
Partly Cloudy,CNN,0.804507000000001
Partly Cloudy,CNN,1.1433099999999996
Partly Cloudy,CNN,1.3538060000000005
Partly Cloudy,CNN,1.6028149999999997
Partly Cloudy,CNN,1.4859609999999996
Partly Cloudy,CNN,1.5413259999999998
Partly Cloudy,CNN,1.5136640000000003
Partly Cloudy,CNN,1.4962920000000004
Partly Cloudy,CNN,1.5618749999999997
Partly Cloudy,CNN,1.3372789999999997
Partly Cloudy,CNN,1.2397134000000003
Partly Cloudy,CNN,0.8155801
Partly Cloudy,CNN,0.8276482000000001
Partly Cloudy,CNN,0.38870809999999967
Partly Cloudy,CNN,0.5176697000000008
Partly Cloudy,CNN,0.6126479999999992
Partly Cloudy,CNN,1.1075053000000006
Partly Cloudy,CNN,0.47117189999999987
Partly Cloudy,CNN,0.8933154000000005
Partly Cloudy,CNN,1.3525329999999993
Partly Cloudy,CNN,0.9885579999999994
Partly Cloudy,CNN,1.2229220000000005
Partly Cloudy,CNN,0.7919079999999994
Partly Cloudy,CNN,0.7366945000000005
Partly Cloudy,CNN,1.0876195000000006
Partly Cloudy,CNN,0.5408159999999995
Partly Cloudy,CNN,1.0891670000000016
Partly Cloudy,CNN,0.5485629999999979
Partly Cloudy,CNN,0.5962350000000001
Partly Cloudy,CNN,0.724928000000002
Partly Cloudy,CNN,0.41660699999999906
Partly Cloudy,CNN,0.6524380000000001
Partly Cloudy,CNN,0.06477800000000045
Partly Cloudy,CNN,0.44321199999999905
Partly Cloudy,CNN,0.19576700000000002
Partly Cloudy,CNN,0.1462629999999976
Partly Cloudy,CNN,0.11179199999999767
Partly Cloudy,CNN,0.3023689999999988
Partly Cloudy,CNN,0.3791100000000007
Partly Cloudy,CNN,0.04813199999999895
Partly Cloudy,CNN,0.39183599999999785
Partly Cloudy,CNN,0.6556530000000009
Partly Cloudy,CNN,0.46279300000000134
Partly Cloudy,CNN,0.7825819999999979
Partly Cloudy,CNN,0.7137239999999991
Partly Cloudy,CNN,1.328521000000002
Partly Cloudy,CNN,0.9413669999999996
Partly Cloudy,CNN,1.3175799999999995
Partly Cloudy,CNN,0.8611850000000008
Partly Cloudy,CNN,1.4035060000000001
Partly Cloudy,CNN,1.4815919999999991
Partly Cloudy,CNN,1.6827547000000003
Partly Cloudy,CNN,1.3303218
Partly Cloudy,CNN,0.9708689999999995
Partly Cloudy,CNN,1.2421911000000003
Partly Cloudy,CNN,1.08005211
Partly Cloudy,CNN,0.17369089
Partly Cloudy,CNN,0.35274479999999997
Partly Cloudy,CNN,0.28237390000000007
Partly Cloudy,CNN,0.7666291999999997
Partly Cloudy,CNN,0.6623168000000001
Partly Cloudy,CNN,1.2886974999999996
Partly Cloudy,CNN,0.47658100000000037
Partly Cloudy,CNN,0.6431259999999996
Partly Cloudy,CNN,1.0163200000000012
Partly Cloudy,CNN,0.8114629999999998
Partly Cloudy,CNN,0.7239059999999995
Partly Cloudy,CNN,0.8304825000000005
Partly Cloudy,CNN,0.42982549999999975
Partly Cloudy,CNN,1.0162300000000002
Partly Cloudy,CNN,0.48081900000000033
Partly Cloudy,CNN,0.6311069999999983
Partly Cloudy,CNN,0.6775100000000016
Partly Cloudy,CNN,0.8678799999999995
Partly Cloudy,CNN,0.6532429999999998
Partly Cloudy,CNN,0.4478050000000007
Partly Cloudy,CNN,0.9497409999999995
Partly Cloudy,CNN,0.1666029999999985
Partly Cloudy,CNN,0.6279850000000025
Partly Cloudy,CNN,0.11251999999999995
Partly Cloudy,CNN,0.04827099999999973
Partly Cloudy,CNN,0.2199959999999983
Partly Cloudy,CNN,0.1854559999999985
Partly Cloudy,CNN,0.2710930000000005
Partly Cloudy,CNN,0.07209399999999988
Partly Cloudy,CNN,0.34394400000000047
Partly Cloudy,CNN,0.6947539999999996
Partly Cloudy,CNN,0.30232300000000123
Partly Cloudy,CNN,0.6968449999999997
Partly Cloudy,CNN,0.5491215
Partly Cloudy,CNN,1.0024844999999996
Partly Cloudy,CNN,0.5336245000000002
Partly Cloudy,CNN,0.9605514999999993
Partly Cloudy,CNN,0.8313170000000003
Partly Cloudy,CNN,0.9636980000000008
Partly Cloudy,CNN,1.3147149999999996
Partly Cloudy,CNN,1.2582135
Partly Cloudy,CNN,1.0940598999999995
Partly Cloudy,CNN,1.0235546000000006
Partly Cloudy,CNN,1.0540763999999996
Partly Cloudy,CNN,0.9371266
Partly Cloudy,CNN,0.7282660000000001
Partly Cloudy,CNN,1.019043
Partly Cloudy,CNN,0.6689803000000001
Partly Cloudy,CNN,0.34622240000000004
Partly Cloudy,CNN,0.4025921
Partly Cloudy,CNN,0.0
Partly Cloudy,CNN,0.43094468
Partly Cloudy,CNN,0.5459221599999999
Partly Cloudy,CNN,0.92123296
Partly Cloudy,CNN,1.0250009
Partly Cloudy,CNN,0.9518650000000002
Partly Cloudy,CNN,1.0672469000000002
Partly Cloudy,CNN,1.2425088999999998
Partly Cloudy,CNN,1.2900963
Partly Cloudy,CNN,1.2944231999999989
Partly Cloudy,CNN,1.0919610000000013
Partly Cloudy,CNN,1.3236559999999997
Partly Cloudy,CNN,1.2674070000000004
Partly Cloudy,CNN,1.014996
Partly Cloudy,CNN,1.0392839999999985
Partly Cloudy,CNN,1.338972
Partly Cloudy,CNN,0.8293790000000012
Partly Cloudy,CNN,0.8625240000000005
Partly Cloudy,CNN,0.5115949999999998
Partly Cloudy,CNN,0.6363529999999997
Partly Cloudy,CNN,0.7137349999999998
Partly Cloudy,CNN,0.3320919999999994
Partly Cloudy,CNN,0.2603989999999996
Partly Cloudy,CNN,0.20916599999999974
Partly Cloudy,CNN,0.1594219999999993
Partly Cloudy,CNN,0.3231790000000032
Partly Cloudy,CNN,0.1958289999999998
Partly Cloudy,CNN,0.016484999999999417
Partly Cloudy,CNN,0.1773050000000005
Partly Cloudy,CNN,0.031989999999996854
Partly Cloudy,CNN,0.042158000000000584
Partly Cloudy,CNN,0.2273399999999981
Partly Cloudy,CNN,0.44645000000000223
Partly Cloudy,CNN,0.4615019999999994
Partly Cloudy,CNN,0.8941060000000007
Partly Cloudy,CNN,0.8491469999999985
Partly Cloudy,CNN,0.761101
Partly Cloudy,CNN,0.6624820000000007
Partly Cloudy,CNN,1.3210429999999995
Partly Cloudy,CNN,1.1097059999999992
Partly Cloudy,CNN,1.470244000000001
Partly Cloudy,CNN,1.2380809999999993
Partly Cloudy,CNN,1.1388250000000006
Partly Cloudy,CNN,1.2710080000000001
Partly Cloudy,CNN,1.4892652999999996
Partly Cloudy,CNN,1.333138
Partly Cloudy,CNN,0.9622887000000002
Partly Cloudy,CNN,1.2379859999999998
Partly Cloudy,CNN,1.0539233000000001
Partly Cloudy,CNN,1.1361388
Partly Cloudy,CNN,0.6114622999999999
Partly Cloudy,CNN,0.0
Partly Cloudy,CNN,0.0
Partly Cloudy,CNN,1.1689588999999998
Partly Cloudy,CNN,1.0294125000000003
Partly Cloudy,CNN,1.1167305
Partly Cloudy,CNN,1.2749218999999998
Partly Cloudy,CNN,1.3670090999999998
Partly Cloudy,CNN,1.3429705000000007
Partly Cloudy,CNN,1.1593529999999994
Partly Cloudy,CNN,1.1912990000000008
Partly Cloudy,CNN,1.313540999999999
Partly Cloudy,CNN,0.9890690000000006
Partly Cloudy,CNN,0.9511719999999997
Partly Cloudy,CNN,1.1384050000000006
Partly Cloudy,CNN,0.6928959999999993
Partly Cloudy,CNN,0.7379349999999985
Partly Cloudy,CNN,0.8330790000000015
Partly Cloudy,CNN,0.5290350000000004
Partly Cloudy,CNN,0.6453799999999994
Partly Cloudy,CNN,0.22441500000000048
Partly Cloudy,CNN,0.30480599999999924
Partly Cloudy,CNN,0.003616000000000952
Partly Cloudy,CNN,0.053603999999999985
Partly Cloudy,CNN,0.05716999999999928
Partly Cloudy,CNN,0.025525000000001796
Partly Cloudy,CNN,0.28611000000000075
Partly Cloudy,CNN,0.12806700000000149
Partly Cloudy,CNN,0.2186969999999988
Partly Cloudy,CNN,0.14659500000000136
Partly Cloudy,CNN,0.08081100000000063
Partly Cloudy,CNN,0.4252509999999994
Partly Cloudy,CNN,0.41469800000000134
Partly Cloudy,CNN,0.5405459999999991
Partly Cloudy,CNN,0.7155149999999999
Partly Cloudy,CNN,0.5026030000000006
Partly Cloudy,CNN,0.7065079999999995
Partly Cloudy,CNN,1.111082999999999
Partly Cloudy,CNN,1.1784570000000016
Partly Cloudy,CNN,1.3310449999999996
Partly Cloudy,CNN,1.2996800000000004
Partly Cloudy,CNN,1.4104839999999985
Partly Cloudy,CNN,1.2727840000000006
Partly Cloudy,CNN,1.2621609999999999
Partly Cloudy,CNN,1.2851496000000004
Partly Cloudy,CNN,1.0722511
Partly Cloudy,CNN,0.7349178999999997
Partly Cloudy,CNN,0.40441130000000003
Partly Cloudy,CNN,0.4767363000000002
Partly Cloudy,CNN,0.28966309999999984
Partly Cloudy,CNN,0.07890632
Partly Cloudy,CNN,0.30011625
Partly Cloudy,CNN,0.88898813
Partly Cloudy,CNN,0.9096766999999999
Partly Cloudy,CNN,1.0148058
Partly Cloudy,CNN,1.1162345000000005
Partly Cloudy,CNN,1.1852956
Partly Cloudy,CNN,1.3057571000000001
Partly Cloudy,CNN,1.4305966000000003
Partly Cloudy,CNN,1.2986609999999992
Partly Cloudy,CNN,1.465083
Partly Cloudy,CNN,1.2797630000000009
Partly Cloudy,CNN,1.344365999999999
Partly Cloudy,CNN,1.0572119999999998
Partly Cloudy,CNN,1.1431199999999997
Partly Cloudy,CNN,0.872441000000002
Partly Cloudy,CNN,0.8424319999999987
Partly Cloudy,CNN,0.7297629999999984
Partly Cloudy,CNN,0.5523820000000015
Partly Cloudy,CNN,0.6596249999999984
Partly Cloudy,CNN,0.35404500000000283
Partly Cloudy,CNN,0.2761829999999996
Partly Cloudy,CNN,0.10939499999999924
Partly Cloudy,CNN,0.050815000000000055
Partly Cloudy,CNN,0.19587900000000147
Partly Cloudy,CNN,0.026735000000002174
Partly Cloudy,CNN,0.021560999999998387
Partly Cloudy,CNN,0.07690799999999953
Partly Cloudy,CNN,0.0033490000000000464
Partly Cloudy,CNN,0.2366489999999999
Partly Cloudy,CNN,0.18967600000000218
Partly Cloudy,CNN,0.41890499999999875
Partly Cloudy,CNN,0.402432000000001
Partly Cloudy,CNN,0.6973130000000012
Partly Cloudy,CNN,0.5632379999999984
Partly Cloudy,CNN,0.7148420000000009
Partly Cloudy,CNN,0.7305779999999977
Partly Cloudy,CNN,1.0439010000000017
Partly Cloudy,CNN,1.104842999999999
Partly Cloudy,CNN,1.3939020000000006
Partly Cloudy,CNN,1.3036290000000008
Partly Cloudy,CNN,1.349088
Partly Cloudy,CNN,1.3513259999999985
Partly Cloudy,CNN,1.3269360000000008
Partly Cloudy,CNN,1.4820279999999997
Partly Cloudy,CNN,1.1902499999999998
Partly Cloudy,CNN,1.2001095000000004
Partly Cloudy,CNN,0.8669571999999999
Partly Cloudy,CNN,0.8026291000000001
Partly Cloudy,CNN,0.7020992000000001
Partly Cloudy,CNN,0.0
Partly Cloudy,CNN,0.0
Partly Cloudy,CNN,0.3096199
Partly Cloudy,CNN,0.8477199
Partly Cloudy,CNN,0.9328742000000001
Partly Cloudy,CNN,0.9645136000000001
Partly Cloudy,CNN,1.1318264
Partly Cloudy,CNN,1.239267
Partly Cloudy,CNN,1.312424
Partly Cloudy,CNN,1.274826
Partly Cloudy,CNN,1.3849789999999995
Partly Cloudy,CNN,1.2947120000000005
Partly Cloudy,CNN,1.3347669999999994
Partly Cloudy,CNN,1.1648779999999999
Partly Cloudy,CNN,1.2415980000000015
Partly Cloudy,CNN,1.0180179999999996
Partly Cloudy,CNN,1.0108730000000001
Partly Cloudy,CNN,0.9122069999999987
Partly Cloudy,CNN,0.6694929999999992
Partly Cloudy,CNN,0.7439630000000008
Partly Cloudy,CNN,0.515352
Partly Cloudy,CNN,0.4083520000000007
Partly Cloudy,CNN,0.27769899999999836
Partly Cloudy,CNN,0.24763800000000202
Partly Cloudy,CNN,0.04561499999999796
Partly Cloudy,CNN,0.19145000000000323
Partly Cloudy,CNN,0.10697000000000045
Partly Cloudy,CNN,0.057254999999997835
Partly Cloudy,CNN,0.01689000000000007
Partly Cloudy,CNN,0.07196300000000022
Partly Cloudy,CNN,0.1687739999999991
Partly Cloudy,CNN,0.35059299999999993
Partly Cloudy,CNN,0.4654120000000006
Partly Cloudy,CNN,0.6537079999999982
Partly Cloudy,CNN,0.899560000000001
Partly Cloudy,CNN,0.7473840000000003
Partly Cloudy,CNN,1.0336299999999987
Partly Cloudy,CNN,1.1849220000000003
Partly Cloudy,CNN,1.295935
Partly Cloudy,CNN,1.4863670000000013
Partly Cloudy,CNN,1.513940999999999
Partly Cloudy,CNN,1.5669000000000004
Partly Cloudy,CNN,1.4862243
Partly Cloudy,CNN,1.3224247
Partly Cloudy,CNN,1.3086954999999998
Partly Cloudy,CNN,1.2641478000000004
Partly Cloudy,CNN,1.1675294999999997
Partly Cloudy,CNN,0.6923475000000001
Partly Cloudy,CNN,0.87073095
Partly Cloudy,CNN,0.5322022100000001
Partly Cloudy,Ground Truth,1.220500268733333
Partly Cloudy,Ground Truth,1.5711948804000002
Partly Cloudy,Ground Truth,1.779788091599999
Partly Cloudy,Ground Truth,2.0621838876666683
Partly Cloudy,Ground Truth,1.9924539850666667
Partly Cloudy,Ground Truth,2.324761070666666
Partly Cloudy,Ground Truth,2.8631921673333327
Partly Cloudy,Ground Truth,3.2102552075999995
Partly Cloudy,Ground Truth,1.422640343466668
Partly Cloudy,Ground Truth,1.3239305380000008
Partly Cloudy,Ground Truth,2.748714680799999
Partly Cloudy,Ground Truth,0.7436848831333336
Partly Cloudy,Ground Truth,4.586357664066664
Partly Cloudy,Ground Truth,0.7909468232000005
Partly Cloudy,Ground Truth,1.4994494686666613
Partly Cloudy,Ground Truth,2.727606839799998
Partly Cloudy,Ground Truth,2.7460537225999992
Partly Cloudy,Ground Truth,7.152888919066664
Partly Cloudy,Ground Truth,6.550294936800006
Partly Cloudy,Ground Truth,5.033277341999998
Partly Cloudy,Ground Truth,1.5413016133333386
Partly Cloudy,Ground Truth,8.630694250533331
Partly Cloudy,Ground Truth,11.340181068666663
Partly Cloudy,Ground Truth,1.1339042281999996
Partly Cloudy,Ground Truth,0.4415630895333331
Partly Cloudy,Ground Truth,0.6182647066666673
Partly Cloudy,Ground Truth,0.9196366047333342
Partly Cloudy,Ground Truth,0.049977842866664624
Partly Cloudy,Ground Truth,1.4176476277333316
Partly Cloudy,Ground Truth,0.6432693132000002
Partly Cloudy,Ground Truth,2.6653120007333344
Partly Cloudy,Ground Truth,0.2830560245999991
Partly Cloudy,Ground Truth,0.5679367864666669
Partly Cloudy,Ground Truth,1.4914395798000002
Partly Cloudy,Ground Truth,0.3893124919333334
Partly Cloudy,Ground Truth,0.47701441359999996
Partly Cloudy,Ground Truth,0.35532727399999997
Partly Cloudy,Ground Truth,0.07001906653333329
Partly Cloudy,Ground Truth,0.29209140580000004
Partly Cloudy,Ground Truth,0.43018576340000003
Partly Cloudy,Ground Truth,0.6251296137999999
Partly Cloudy,Ground Truth,0.8753090887333337
Partly Cloudy,Ground Truth,0.2871416061333334
Partly Cloudy,Ground Truth,0.8198484783333329
Partly Cloudy,Ground Truth,0.782989516866667
Partly Cloudy,Ground Truth,1.1749927279999994
Partly Cloudy,Ground Truth,0.000897161666666868
Partly Cloudy,Ground Truth,1.008028260333333
Partly Cloudy,Ground Truth,0.09697544893333276
Partly Cloudy,Ground Truth,0.3290717792000004
Partly Cloudy,Ground Truth,2.116944001466666
Partly Cloudy,Ground Truth,0.9255370446666671
Partly Cloudy,Ground Truth,1.2225302429999996
Partly Cloudy,Ground Truth,0.20428474560000076
Partly Cloudy,Ground Truth,5.304032526600001
Partly Cloudy,Ground Truth,9.478569384799997
Partly Cloudy,Ground Truth,0.27700744333333205
Partly Cloudy,Ground Truth,4.013166351999999
Partly Cloudy,Ground Truth,2.018753053933331
Partly Cloudy,Ground Truth,1.153449554733335
Partly Cloudy,Ground Truth,0.5669234464666655
Partly Cloudy,Ground Truth,1.2842489182000012
Partly Cloudy,Ground Truth,11.32237979
Partly Cloudy,Ground Truth,9.380171091333334
Partly Cloudy,Ground Truth,0.46428551799999696
Partly Cloudy,Ground Truth,7.4764963653333325
Partly Cloudy,Ground Truth,11.412078358733332
Partly Cloudy,Ground Truth,2.3999698393333375
Partly Cloudy,Ground Truth,7.135969630066668
Partly Cloudy,Ground Truth,1.0690898006666654
Partly Cloudy,Ground Truth,2.0185194747999997
Partly Cloudy,Ground Truth,3.8430645858000023
Partly Cloudy,Ground Truth,1.6065092670000034
Partly Cloudy,Ground Truth,3.5040888860666666
Partly Cloudy,Ground Truth,6.058112843333336
Partly Cloudy,Ground Truth,4.041568109866666
Partly Cloudy,Ground Truth,1.0436815096
Partly Cloudy,Ground Truth,2.482639165
Partly Cloudy,Ground Truth,1.7483555546666667
Partly Cloudy,Ground Truth,0.7225594570666667
Partly Cloudy,Ground Truth,0.07497666619999976
Partly Cloudy,Ground Truth,0.2565545178000005
Partly Cloudy,Ground Truth,0.559477916933333
Partly Cloudy,Ground Truth,0.6862255386666667
Partly Cloudy,Ground Truth,0.23497208199999964
Partly Cloudy,Ground Truth,0.46084289180000004
Partly Cloudy,Ground Truth,1.1027925572666675
Partly Cloudy,Ground Truth,0.7597426142666661
Partly Cloudy,Ground Truth,0.3486640427333336
Partly Cloudy,Ground Truth,0.4852782069333337
Partly Cloudy,Ground Truth,2.1309751032
Partly Cloudy,Ground Truth,3.378890963333333
Partly Cloudy,Ground Truth,0.7479384458666671
Partly Cloudy,Ground Truth,0.18314013313333355
Partly Cloudy,Ground Truth,1.7152598752000001
Partly Cloudy,Ground Truth,2.0820632103333345
Partly Cloudy,Ground Truth,1.4416749365999992
Partly Cloudy,Ground Truth,13.987697353133331
Partly Cloudy,Ground Truth,10.03856874293333
Partly Cloudy,Ground Truth,5.117060490000001
Partly Cloudy,Ground Truth,8.968754231533332
Partly Cloudy,Ground Truth,0.9179380496666685
Partly Cloudy,Ground Truth,8.297177906333333
Partly Cloudy,Ground Truth,3.3144929353333348
Partly Cloudy,Ground Truth,4.420103632600001
Partly Cloudy,Ground Truth,7.1209995712000005
Partly Cloudy,Ground Truth,6.16306007
Partly Cloudy,Ground Truth,3.8350392749333295
Partly Cloudy,Ground Truth,1.3942969260000027
Partly Cloudy,Ground Truth,7.294868938533327
Partly Cloudy,Ground Truth,5.110743469199999
Partly Cloudy,Ground Truth,0.2379547219999978
Partly Cloudy,Ground Truth,0.9051191586666647
Partly Cloudy,Ground Truth,4.157537276599999
Partly Cloudy,Ground Truth,1.2090620005999995
Partly Cloudy,Ground Truth,0.05559718853333351
Partly Cloudy,Ground Truth,2.802808598000002
Partly Cloudy,Ground Truth,5.732715194266666
Partly Cloudy,Ground Truth,4.374720977933335
Partly Cloudy,Ground Truth,1.7443050308666654
Partly Cloudy,Ground Truth,1.1985643514
Partly Cloudy,Ground Truth,0.5545489956666667
Partly Cloudy,Ground Truth,2.6686827748000006
Partly Cloudy,Ground Truth,1.5148326836000008
Partly Cloudy,Ground Truth,4.550976289333334
Partly Cloudy,Ground Truth,0.742195279933334
Partly Cloudy,Ground Truth,2.2553183856000016
Partly Cloudy,Ground Truth,4.117455424933334
Partly Cloudy,Ground Truth,1.404280800533333
Partly Cloudy,Ground Truth,1.0472268988
Partly Cloudy,Ground Truth,1.2058007838
Partly Cloudy,Ground Truth,1.1830076978000008
Partly Cloudy,Ground Truth,0.13637226126666846
Partly Cloudy,Ground Truth,1.526076470133332
Partly Cloudy,Ground Truth,4.423201938399999
Partly Cloudy,Ground Truth,0.08124469999999917
Partly Cloudy,Ground Truth,1.7058209594666653
Partly Cloudy,Ground Truth,1.4229723295333336
Partly Cloudy,Ground Truth,3.126569746466666
Partly Cloudy,Ground Truth,6.794014405933334
Partly Cloudy,Ground Truth,4.042924189333336
Partly Cloudy,Ground Truth,0.3661840699333325
Partly Cloudy,Ground Truth,1.0181781013333335
Partly Cloudy,Ground Truth,5.547014321333329
Partly Cloudy,Ground Truth,1.2420459086666682
Partly Cloudy,Ground Truth,5.160136076466664
Partly Cloudy,Ground Truth,6.645487600466666
Partly Cloudy,Ground Truth,7.061840868800001
Partly Cloudy,Ground Truth,8.121863739866663
Partly Cloudy,Ground Truth,1.180458520200002
Partly Cloudy,Ground Truth,6.723783347666668
Partly Cloudy,Ground Truth,6.892089314333333
Partly Cloudy,Ground Truth,0.4999170337333343
Partly Cloudy,Ground Truth,4.043700140599999
Partly Cloudy,Ground Truth,2.040588005466666
Partly Cloudy,Ground Truth,1.6701920076000007
Partly Cloudy,Ground Truth,0.708335928066667
Partly Cloudy,Ground Truth,0.3478240894000004
Partly Cloudy,Ground Truth,1.9107498334666668
Partly Cloudy,Ground Truth,1.7037957770666667
Partly Cloudy,Ground Truth,0.3680363393999997
Partly Cloudy,Ground Truth,0.6711882469333335
Partly Cloudy,Ground Truth,0.07922753713333336
Partly Cloudy,Ground Truth,0.17939340473333332
Partly Cloudy,Ground Truth,0.19415158626666668
Partly Cloudy,Ground Truth,0.5329377913999999
Partly Cloudy,Ground Truth,0.12512903213333315
Partly Cloudy,Ground Truth,0.10492595546666683
Partly Cloudy,Ground Truth,0.6500863014
Partly Cloudy,Ground Truth,0.039114497599999964
Partly Cloudy,Ground Truth,0.5734531245999999
Partly Cloudy,Ground Truth,0.035714554466666826
Partly Cloudy,Ground Truth,10.696689942400003
Partly Cloudy,Ground Truth,0.35493204600000006
Partly Cloudy,Ground Truth,7.922623892066668
Partly Cloudy,Ground Truth,7.260429269
Partly Cloudy,Ground Truth,9.147308019200004
Partly Cloudy,Ground Truth,6.226333232666672
Partly Cloudy,Ground Truth,2.7225520131333347
Partly Cloudy,Ground Truth,1.4437398588000008
Partly Cloudy,Ground Truth,7.941585311533334
Partly Cloudy,Ground Truth,8.254651118066668
Partly Cloudy,Ground Truth,11.050877603466663
Partly Cloudy,Ground Truth,8.855529640533334
Partly Cloudy,Ground Truth,9.128339484533335
Partly Cloudy,Ground Truth,2.513438111333329
Partly Cloudy,Ground Truth,15.552385530533336
Partly Cloudy,Ground Truth,2.0676811509333337
Partly Cloudy,Ground Truth,20.149361154799998
Partly Cloudy,Ground Truth,6.131533215666664
Partly Cloudy,Ground Truth,3.312436225199999
Partly Cloudy,Ground Truth,0.05942364466666561
Partly Cloudy,Ground Truth,0.9870542830666658
Partly Cloudy,Ground Truth,1.421716838866665
Partly Cloudy,Ground Truth,6.011390074666668
Partly Cloudy,Ground Truth,5.868229188733334
Partly Cloudy,Ground Truth,0.7748317084000007
Partly Cloudy,Ground Truth,11.783525603733331
Partly Cloudy,Ground Truth,2.3567031285999986
Partly Cloudy,Ground Truth,2.905908412999999
Partly Cloudy,Ground Truth,2.340990609133332
Partly Cloudy,Ground Truth,4.294739768066666
Partly Cloudy,Ground Truth,3.5641171518666663
Partly Cloudy,Ground Truth,0.12255378419999996
Partly Cloudy,Ground Truth,5.188171793733334
Partly Cloudy,Ground Truth,3.4919654150000006
Partly Cloudy,Ground Truth,2.5358823606
Partly Cloudy,Ground Truth,0.9069620370666666
Partly Cloudy,Ground Truth,1.4659640514000003
Partly Cloudy,Ground Truth,1.8042390900666665
Partly Cloudy,Ground Truth,3.1183028225999996
Partly Cloudy,Ground Truth,3.8622775268666656
Partly Cloudy,Ground Truth,5.3063227884
Partly Cloudy,Ground Truth,1.1992423456666668
Partly Cloudy,Ground Truth,4.600270321533333
Partly Cloudy,Ground Truth,6.222332065399998
Partly Cloudy,Ground Truth,6.461767553799998
Partly Cloudy,Ground Truth,8.351128206933335
Partly Cloudy,Ground Truth,0.35214014753333345
Partly Cloudy,Ground Truth,16.680370696866667
Partly Cloudy,Ground Truth,1.1220767314
Partly Cloudy,Ground Truth,6.572760659333337
Partly Cloudy,Ground Truth,0.8753226173333317
Partly Cloudy,Ground Truth,20.308522967533335
Partly Cloudy,Ground Truth,7.577471628866666
Partly Cloudy,Ground Truth,5.953266256066667
Partly Cloudy,Ground Truth,2.8450370175333326
Partly Cloudy,Ground Truth,0.14730068633333282
Partly Cloudy,Ground Truth,8.512959782866666
Partly Cloudy,Ground Truth,5.852995041933334
Partly Cloudy,Ground Truth,1.1122174924000001
Partly Cloudy,Ground Truth,1.7586017823999995
Partly Cloudy,Ground Truth,2.533587927266666
Partly Cloudy,Ground Truth,12.07686215213333
Partly Cloudy,Ground Truth,4.441879847333336
Partly Cloudy,Ground Truth,8.4045334554
Partly Cloudy,Ground Truth,9.836706207999999
Partly Cloudy,Ground Truth,1.6550872704666668
Partly Cloudy,Ground Truth,1.458813135866666
Partly Cloudy,Ground Truth,2.0800185965333333
Partly Cloudy,Ground Truth,0.9920296425333328
Partly Cloudy,Ground Truth,1.7484851881999992
Partly Cloudy,Ground Truth,1.0907756738666667
Partly Cloudy,Ground Truth,0.3486311534666662
Partly Cloudy,Ground Truth,1.9537664454666674
Partly Cloudy,Ground Truth,3.8384782217333333
Partly Cloudy,Ground Truth,2.0717721305999977
Partly Cloudy,Ground Truth,4.108486201933332
Partly Cloudy,Ground Truth,1.6933887348666659
Partly Cloudy,Ground Truth,2.582017627933333
Partly Cloudy,Ground Truth,0.9928598807999997
Partly Cloudy,Ground Truth,1.4679000843333336
Partly Cloudy,Ground Truth,1.8090602582000002
Partly Cloudy,Ground Truth,2.3911537354666663
Partly Cloudy,Ground Truth,1.9569958200000004
Partly Cloudy,Ground Truth,0.9135578530000004
Partly Cloudy,Ground Truth,0.33090605906667037
Partly Cloudy,Ground Truth,2.360291085933337
Partly Cloudy,Ground Truth,1.4642715673333306
Partly Cloudy,Ground Truth,1.2617322333333352
Partly Cloudy,Ground Truth,0.8568196360000009
Partly Cloudy,Ground Truth,0.739639244000001
Partly Cloudy,Ground Truth,4.360279940666665
Partly Cloudy,Ground Truth,0.30984556800000007
Partly Cloudy,Ground Truth,0.6572868673333332
Partly Cloudy,Ground Truth,3.8303382426666666
Partly Cloudy,Ground Truth,2.728157267999997
Partly Cloudy,Ground Truth,3.6641594366666617
Partly Cloudy,Ground Truth,3.9828091253333326
Partly Cloudy,Ground Truth,2.037867696666666
Partly Cloudy,Ground Truth,2.864353198666663
Partly Cloudy,Ground Truth,0.46095778599999804
Partly Cloudy,Ground Truth,0.06097064466667135
Partly Cloudy,Ground Truth,4.060602696
Partly Cloudy,Ground Truth,4.902692663999996
Partly Cloudy,Ground Truth,1.4139041513333304
Partly Cloudy,Ground Truth,0.5118036466666673
Partly Cloudy,Ground Truth,4.487704361133334
Partly Cloudy,Ground Truth,3.290876433800001
Partly Cloudy,Ground Truth,1.130505222666665
Partly Cloudy,Ground Truth,0.782378086266668
Partly Cloudy,Ground Truth,3.460483346
Partly Cloudy,Ground Truth,5.147190680066666
Partly Cloudy,Ground Truth,0.314219816733333
Partly Cloudy,Ground Truth,0.9721653407999984
Partly Cloudy,Ground Truth,0.7899099892666648
Partly Cloudy,Ground Truth,2.843077180533334
Partly Cloudy,Ground Truth,1.6581411114666667
Partly Cloudy,Ground Truth,0.3860438998666673
Partly Cloudy,Ground Truth,4.32811203
Partly Cloudy,Ground Truth,1.413694652733333
Partly Cloudy,Ground Truth,0.5361413249333333
Partly Cloudy,Ground Truth,0.11457511679999999
Partly Cloudy,Ground Truth,0.3800860693999999
Partly Cloudy,Ground Truth,0.2077300488666668
Partly Cloudy,Ground Truth,0.07051989766666666
Partly Cloudy,Ground Truth,1.2801468455999994
Partly Cloudy,Ground Truth,1.1372577354000006
Partly Cloudy,Ground Truth,0.8246297908666667
Partly Cloudy,Ground Truth,1.2297431763333333
Partly Cloudy,Ground Truth,5.077544627733333
Partly Cloudy,Ground Truth,2.2667360108000008
Partly Cloudy,Ground Truth,1.0500103523999975
Partly Cloudy,Ground Truth,5.656462663266668
Partly Cloudy,Ground Truth,1.7290060390000015
Partly Cloudy,Ground Truth,9.927325918
Partly Cloudy,Ground Truth,4.252820037000001
Partly Cloudy,Ground Truth,2.2370889037333335
Partly Cloudy,Ground Truth,0.270215944866667
Partly Cloudy,Ground Truth,6.251322998066668
Partly Cloudy,Ground Truth,5.8208522518
Partly Cloudy,Ground Truth,3.1538054276
Partly Cloudy,Ground Truth,3.036188056066667
Partly Cloudy,Ground Truth,3.355253427200001
Partly Cloudy,Ground Truth,11.149315497133335
Partly Cloudy,Ground Truth,2.705103700666662
Partly Cloudy,Ground Truth,2.9772007400000007
Partly Cloudy,Ground Truth,5.500045180000001
Partly Cloudy,Ground Truth,4.618079946666668
Partly Cloudy,Ground Truth,5.93580140733334
Partly Cloudy,Ground Truth,0.027923668666669954
Partly Cloudy,Ground Truth,1.2544928733333371
Partly Cloudy,Ground Truth,2.216081466666669
Partly Cloudy,Ground Truth,0.663320116666668
Partly Cloudy,Ground Truth,2.3998824823999954
Partly Cloudy,Ground Truth,3.3613979675999985
Partly Cloudy,Ground Truth,0.6014777269333287
Partly Cloudy,Ground Truth,1.791790739133333
Partly Cloudy,Ground Truth,0.24884376286666665
Partly Cloudy,Ground Truth,3.1890806424666636
Partly Cloudy,Ground Truth,0.07881843353333196
Partly Cloudy,Ground Truth,4.398994764666668
Partly Cloudy,Ground Truth,1.5755824479333356
Partly Cloudy,Ground Truth,0.5858069360666667
Partly Cloudy,Ground Truth,2.224830459533333
Partly Cloudy,Ground Truth,2.486199903066667
Partly Cloudy,Ground Truth,2.2700910672666668
Partly Cloudy,Ground Truth,1.0569755024000003
Partly Cloudy,Ground Truth,1.4623162752666665
Partly Cloudy,Ground Truth,1.7492966220000001
Partly Cloudy,Ground Truth,2.128439178133334
Partly Cloudy,Ground Truth,2.072621151466664
Partly Cloudy,Ground Truth,1.9036106076000028
Partly Cloudy,Ground Truth,1.7497181786666651
Partly Cloudy,Ground Truth,1.6765886653333322
Partly Cloudy,Ground Truth,1.5819689866666664
Partly Cloudy,Ground Truth,1.9412650993333358
Partly Cloudy,Ground Truth,2.446990296666666
Partly Cloudy,Ground Truth,4.719147079933336
Partly Cloudy,Ground Truth,3.195778306466668
Partly Cloudy,Ground Truth,7.082136740999998
Partly Cloudy,Ground Truth,0.8412945261333356
Partly Cloudy,Ground Truth,17.484536653933333
Partly Cloudy,Ground Truth,0.766786848666662
Partly Cloudy,Ground Truth,10.743390506933338
Partly Cloudy,Ground Truth,2.0234335996000006
Partly Cloudy,Ground Truth,7.186282232
Partly Cloudy,Ground Truth,6.327989134666666
Partly Cloudy,Ground Truth,2.405364659666663
Partly Cloudy,Ground Truth,6.181265925066665
Partly Cloudy,Ground Truth,11.356547157400001
Partly Cloudy,Ground Truth,0.5597243133333372
Partly Cloudy,Ground Truth,2.44441316533333
Partly Cloudy,Ground Truth,0.2111009320000008
Partly Cloudy,Ground Truth,0.02675148200000166
Partly Cloudy,Ground Truth,0.4543821460000004
Partly Cloudy,Ground Truth,0.6930583953333347
Partly Cloudy,Ground Truth,1.0565480413333361
Partly Cloudy,Ground Truth,0.8241290540000001
Partly Cloudy,Ground Truth,1.0662828866666665
Partly Cloudy,Ground Truth,1.0495459266666636
Partly Cloudy,Ground Truth,1.4885835239999992
Partly Cloudy,Ground Truth,1.5848868540000005
Partly Cloudy,Ground Truth,1.6183211506666684
Partly Cloudy,Ground Truth,1.6245842933333332
Partly Cloudy,Ground Truth,1.8939194766666656
Partly Cloudy,Ground Truth,1.9348925878666652
Partly Cloudy,Ground Truth,2.0619489014666685
Partly Cloudy,Ground Truth,2.153750419533333
Partly Cloudy,Ground Truth,3.7185687864
Partly Cloudy,Ground Truth,0.5120339094666668
Partly Cloudy,Ground Truth,1.4842557918666666
Partly Cloudy,Ground Truth,2.3992974163333334
Partly Cloudy,Ground Truth,2.1224741761333332
Partly Cloudy,Ground Truth,3.324514624799999
Partly Cloudy,Ground Truth,2.3496515693999998
Partly Cloudy,Ground Truth,3.856758924066667
Partly Cloudy,Ground Truth,0.47950398046666587
Partly Cloudy,Ground Truth,1.4710327497333338
Partly Cloudy,Ground Truth,3.2338756880000004
Partly Cloudy,Ground Truth,0.6543270793333331
Partly Cloudy,Ground Truth,0.9925859682666669
Partly Cloudy,Ground Truth,2.248609295866668
Partly Cloudy,Ground Truth,4.847846968666664
Partly Cloudy,Ground Truth,0.3204614231333327
Partly Cloudy,Ground Truth,6.8615846331333366
Partly Cloudy,Ground Truth,6.129922676466668
Partly Cloudy,Ground Truth,0.7477547981333341
Partly Cloudy,Ground Truth,12.767306040999998
Partly Cloudy,Ground Truth,0.356006819600001
Partly Cloudy,Ground Truth,0.1998045393333321
Partly Cloudy,Ground Truth,0.3098164406666619
Partly Cloudy,Ground Truth,0.32634913133333043
Partly Cloudy,Ground Truth,0.6372088106666673
Partly Cloudy,Ground Truth,1.0999927346666674
Partly Cloudy,Ground Truth,0.8036743600000023
Partly Cloudy,Ground Truth,7.974393125533332
Partly Cloudy,Ground Truth,3.035929959999997
Partly Cloudy,Ground Truth,1.3582853254666674
Partly Cloudy,Ground Truth,9.909503782799998
Partly Cloudy,Ground Truth,3.415121341800001
Partly Cloudy,Ground Truth,5.632689341599997
Partly Cloudy,Ground Truth,2.130540532400005
Partly Cloudy,Ground Truth,0.8667384913333365
Partly Cloudy,Ground Truth,1.3963718059999977
Partly Cloudy,Ground Truth,1.6216872578666681
Partly Cloudy,Ground Truth,1.3488139901333334
Partly Cloudy,Ground Truth,4.924700771666666
Partly Cloudy,Ground Truth,2.5506731144000003
Partly Cloudy,Ground Truth,0.5576238015333352
Partly Cloudy,Ground Truth,3.754976258600003
Partly Cloudy,Ground Truth,0.6508899056666664
Partly Cloudy,Ground Truth,2.3097237554666665
Partly Cloudy,Ground Truth,3.422100079733333
Partly Cloudy,Ground Truth,0.33626652706666693
Partly Cloudy,Ground Truth,2.5306402961999996
Partly Cloudy,Ground Truth,2.033822382400001
Partly Cloudy,Ground Truth,3.4148074012
Partly Cloudy,Ground Truth,0.43696314099999967
Partly Cloudy,Ground Truth,2.6858829637333326
Partly Cloudy,Ground Truth,1.303230183866667
Partly Cloudy,Ground Truth,2.635798358333334
Partly Cloudy,Ground Truth,2.9201864707333343
Partly Cloudy,Ground Truth,0.7504396530000008
Partly Cloudy,Ground Truth,5.203179192400002
Partly Cloudy,Ground Truth,6.507048496600001
Partly Cloudy,Ground Truth,2.6605417930666686
Partly Cloudy,Ground Truth,3.7563955780666696
Partly Cloudy,Ground Truth,16.22922478226667
Partly Cloudy,Ground Truth,2.9776611270666677
Partly Cloudy,Ground Truth,5.542555079133333
Partly Cloudy,Ground Truth,1.383373174399999
Partly Cloudy,Ground Truth,11.38256123
Partly Cloudy,Ground Truth,15.1840808474
Partly Cloudy,Ground Truth,1.060713335333336
Partly Cloudy,Ground Truth,4.293340471066664
Partly Cloudy,Ground Truth,9.567635502933332
Partly Cloudy,Ground Truth,1.1707006565333309
Partly Cloudy,Ground Truth,16.584847003
Partly Cloudy,Ground Truth,8.40287213133333
Partly Cloudy,Ground Truth,7.810448208466662
Partly Cloudy,Ground Truth,9.133849124066662
Partly Cloudy,Ground Truth,3.7382614535333296
Partly Cloudy,Ground Truth,8.245553040933334
Partly Cloudy,Ground Truth,0.5217729186666666
Partly Cloudy,Ground Truth,5.6780554925333355
Partly Cloudy,Ground Truth,1.3586553059999993
Partly Cloudy,Ground Truth,2.526686189200003
Partly Cloudy,Ground Truth,2.6224419950000026
Partly Cloudy,Ground Truth,3.4565956812666663
Partly Cloudy,Ground Truth,0.9786398089333321
Partly Cloudy,Ground Truth,0.18249608706666365
Partly Cloudy,Ground Truth,1.0463176091999973
Partly Cloudy,Ground Truth,2.0059750470000015
Partly Cloudy,Ground Truth,2.0178499977333324
Partly Cloudy,Ground Truth,2.093627254266667
Partly Cloudy,Ground Truth,1.9328284031333336
Partly Cloudy,Ground Truth,1.4646067379999996
Partly Cloudy,Ground Truth,0.40210951100000014
Partly Cloudy,Ground Truth,0.5434140233333331
Partly Cloudy,Ground Truth,0.9490161554666665
Partly Cloudy,Ground Truth,0.4772622970000002
Partly Cloudy,Ground Truth,0.005487457333333001
Partly Cloudy,Ground Truth,0.5133861895999998
Partly Cloudy,Ground Truth,0.0011781168000002396
Partly Cloudy,Ground Truth,0.2349012079999997
Partly Cloudy,Ground Truth,6.959785261866667
Partly Cloudy,Ground Truth,2.761145230066666
Partly Cloudy,Ground Truth,5.147331132999999
Partly Cloudy,Ground Truth,0.6796613585333322
Partly Cloudy,Ground Truth,6.236390108266663
Partly Cloudy,Ground Truth,1.0745661506666693
Partly Cloudy,Ground Truth,0.08249791933333128
Partly Cloudy,Ground Truth,0.04505107199999969
Partly Cloudy,Ground Truth,1.2342023139999974
Partly Cloudy,Ground Truth,0.7887849686666719
Partly Cloudy,Ground Truth,0.8303957326666698
Partly Cloudy,Ground Truth,0.748961023333333
Partly Cloudy,Ground Truth,1.1072822839999965
Partly Cloudy,Ground Truth,2.035786793333333
Partly Cloudy,Ground Truth,1.4180336486666647
Partly Cloudy,Ground Truth,0.29281001266665996
Partly Cloudy,Ground Truth,0.6185254786666654
Partly Cloudy,Ground Truth,2.033874802000007
Partly Cloudy,Ground Truth,0.6820098166666639
Partly Cloudy,Ground Truth,0.19541046199999812
Partly Cloudy,Ground Truth,0.2675300806666634
Partly Cloudy,Ground Truth,1.9701204373333319
Partly Cloudy,Ground Truth,8.954997561333332
Partly Cloudy,Ground Truth,1.346069349999997
Partly Cloudy,Ground Truth,2.1960907946666683
Partly Cloudy,Ground Truth,1.3480328162666684
Partly Cloudy,Ground Truth,3.1624490570666666
Partly Cloudy,Ground Truth,3.6895974817333332
Partly Cloudy,Ground Truth,3.1068765150666664
Partly Cloudy,Ground Truth,1.537053591999996
Partly Cloudy,Ground Truth,0.22985292339999575
Partly Cloudy,Ground Truth,0.1346413826000017
Partly Cloudy,Ground Truth,2.0525044462000004
Partly Cloudy,Ground Truth,0.5454164432000006
Partly Cloudy,Ground Truth,0.9736039736666662
Partly Cloudy,Ground Truth,1.8149715022666655
Partly Cloudy,Ground Truth,1.695636804066666
Partly Cloudy,Ground Truth,3.936151466600002
Partly Cloudy,Ground Truth,1.8570025179333323
Partly Cloudy,Ground Truth,1.8365133040000008
Partly Cloudy,Ground Truth,1.892967330466666
Partly Cloudy,Ground Truth,0.22642932073333322
Partly Cloudy,Ground Truth,0.8263408141333332
Partly Cloudy,Ground Truth,0.4616146188666668
Partly Cloudy,Ground Truth,0.49512573286666683
Partly Cloudy,Ground Truth,0.4386585632666665
Partly Cloudy,Ground Truth,0.7794509302000001
Partly Cloudy,Ground Truth,0.9233158584000005
Partly Cloudy,Ground Truth,0.4467236647999995
Partly Cloudy,Ground Truth,0.5948366876666675
Partly Cloudy,Ground Truth,1.1931737669999998
Partly Cloudy,Ground Truth,0.9555346399333331
Partly Cloudy,Ground Truth,0.4494543746666668
Partly Cloudy,Ground Truth,1.7073421599333338
Partly Cloudy,Ground Truth,1.0953265603999984
Partly Cloudy,Ground Truth,0.12253053513333256
Partly Cloudy,Ground Truth,0.43906056133333315
Partly Cloudy,Ground Truth,1.1777148515333327
Partly Cloudy,Ground Truth,0.6626441650000015
Partly Cloudy,Ground Truth,1.7987056820000014
Partly Cloudy,Ground Truth,5.368946022466668
Partly Cloudy,Ground Truth,0.8101780839333337
Partly Cloudy,Ground Truth,0.18791804533333334
Partly Cloudy,Ground Truth,5.789990876666668
Partly Cloudy,Ground Truth,4.22619288866667
Partly Cloudy,Ground Truth,3.916977703999997
Partly Cloudy,Ground Truth,4.164209451999994
Partly Cloudy,Ground Truth,1.8082670346666632
Partly Cloudy,Ground Truth,4.9586240140000015
Partly Cloudy,Ground Truth,9.363586126933333
Partly Cloudy,Ground Truth,10.372037570266668
Partly Cloudy,Ground Truth,0.9883131706666646
Partly Cloudy,Ground Truth,5.010481278000004
Partly Cloudy,Ground Truth,1.4178717286666611
Partly Cloudy,Ground Truth,8.034834854000001
Partly Cloudy,Ground Truth,10.549204612599999
Partly Cloudy,Ground Truth,1.1056217592666648
Partly Cloudy,Ground Truth,1.063723106666668
Partly Cloudy,Ground Truth,0.6570567233333371
Partly Cloudy,Ground Truth,7.197355559266665
Partly Cloudy,Ground Truth,4.300825185933334
Partly Cloudy,Ground Truth,0.5312166553333313
Partly Cloudy,Ground Truth,1.537144697333332
Partly Cloudy,Ground Truth,1.0621577000000002
Partly Cloudy,Ground Truth,1.3352828953333322
Partly Cloudy,Ground Truth,1.3487115066666675
Partly Cloudy,Ground Truth,1.170429930666666
Partly Cloudy,Ground Truth,1.4340703680000022
Partly Cloudy,Ground Truth,1.5009695099999973
Partly Cloudy,Ground Truth,1.4782473698
Partly Cloudy,Ground Truth,1.6266049512666685
Partly Cloudy,Ground Truth,1.5660741483333327
Partly Cloudy,Ground Truth,1.516116945266666
Partly Cloudy,Ground Truth,1.462621927466667
Partly Cloudy,Ground Truth,1.242432934
Partly Cloudy,Ground Truth,0.9726595330666667
Partly Cloudy,Ground Truth,0.6205458833999999
Partly Cloudy,Ground Truth,0.2737113648
Partly Cloudy,Ground Truth,0.34202168413333334
Partly Cloudy,Ground Truth,0.4699220887333333
Partly Cloudy,Ground Truth,0.506798489066667
Partly Cloudy,Ground Truth,0.7700340340666663
Partly Cloudy,Ground Truth,0.8094056419333331
Partly Cloudy,Ground Truth,0.13719580126666686
Partly Cloudy,Ground Truth,0.15024072266666666
Partly Cloudy,Ground Truth,1.2639242815333338
Partly Cloudy,Ground Truth,0.9238660535333338
Partly Cloudy,Ground Truth,0.18973392013333323
Partly Cloudy,Ground Truth,0.5442916591333335
Partly Cloudy,Ground Truth,0.12504835666666647
Partly Cloudy,Ground Truth,0.5766370190000001
Partly Cloudy,Ground Truth,0.4299219012000004
Partly Cloudy,Ground Truth,0.7710875655999996
Partly Cloudy,Ground Truth,0.27676728686666685
Partly Cloudy,Ground Truth,0.06218968233333344
Partly Cloudy,Ground Truth,1.2131719072666662
Partly Cloudy,Ground Truth,0.8722338996666674
Partly Cloudy,Ground Truth,2.7336500792000002
Partly Cloudy,Ground Truth,1.3583480586666665
Partly Cloudy,Ground Truth,1.4129232059333332
Partly Cloudy,Ground Truth,6.007214951200002
Partly Cloudy,Ground Truth,6.2394839628666645
Partly Cloudy,Ground Truth,4.305675982200002
Partly Cloudy,Ground Truth,8.334362477466664
Partly Cloudy,Ground Truth,1.9144794714666666
Partly Cloudy,Ground Truth,0.47870832453333334
Partly Cloudy,Ground Truth,0.1007950793999999
Partly Cloudy,Ground Truth,0.5474233641333334
Partly Cloudy,Ground Truth,2.5051177181333326
Partly Cloudy,Ground Truth,3.2904958709999996
Partly Cloudy,Ground Truth,1.981951385666668
Partly Cloudy,Ground Truth,0.978511536600001
Partly Cloudy,Ground Truth,1.3017811787333322
Partly Cloudy,Ground Truth,1.041998267733332
Partly Cloudy,Ground Truth,2.8085730685999994
Partly Cloudy,Ground Truth,6.048643120400001
Partly Cloudy,Ground Truth,4.423659965133336
Partly Cloudy,Ground Truth,0.14606358046667012
Partly Cloudy,Ground Truth,0.5177161711333333
Partly Cloudy,Ground Truth,0.6679290369333337
Partly Cloudy,Ground Truth,4.782650741533329
Partly Cloudy,Ground Truth,12.618305868933332
Partly Cloudy,Ground Truth,11.076300638466666
Partly Cloudy,Ground Truth,0.7323294184666658
Partly Cloudy,Ground Truth,6.485414155999999
Partly Cloudy,Ground Truth,0.6849849673333388
Partly Cloudy,Ground Truth,2.910030236200001
Partly Cloudy,Ground Truth,1.2311673757999984
Partly Cloudy,Ground Truth,0.2047672304666719
Partly Cloudy,Ground Truth,1.4665376331333313
Partly Cloudy,Ground Truth,3.756666037466667
Partly Cloudy,Ground Truth,5.108766315733332
Partly Cloudy,Ground Truth,1.2756177026666684
Partly Cloudy,Ground Truth,0.05953161400000084
Partly Cloudy,Ground Truth,1.2177180973333357
Partly Cloudy,Ground Truth,0.17827872133333145
Partly Cloudy,Ground Truth,0.8460723006666662
Partly Cloudy,Ground Truth,1.4546269846666657
Partly Cloudy,Ground Truth,3.2350931117333346
Partly Cloudy,Ground Truth,5.797099823400002
Partly Cloudy,Ground Truth,2.6952937501999994
Partly Cloudy,Ground Truth,2.4768811012666667
Partly Cloudy,Ground Truth,0.9838451784666669
Partly Cloudy,Ground Truth,0.34666411313333345
Partly Cloudy,Ground Truth,2.4087874374666667
Partly Cloudy,Ground Truth,1.4233931289333324
Partly Cloudy,Ground Truth,1.7544675458666674
Partly Cloudy,Ground Truth,6.348917548
Partly Cloudy,Ground Truth,0.9821294280000004
Partly Cloudy,Ground Truth,4.0769074320000005
Partly Cloudy,Ground Truth,4.4009213910666665
Partly Cloudy,Ground Truth,1.5699315819333322
Partly Cloudy,Ground Truth,4.145727826466666
Partly Cloudy,Ground Truth,7.876941923133332
Partly Cloudy,Ground Truth,5.912502245266665
Partly Cloudy,Ground Truth,8.295378511533332
Partly Cloudy,Ground Truth,6.203879506200001
Partly Cloudy,Ground Truth,1.7712215298
Partly Cloudy,Ground Truth,2.9063071687999997
Partly Cloudy,Ground Truth,0.48379909313333336
Partly Cloudy,Ground Truth,1.2993479296666672
Partly Cloudy,Ground Truth,2.6483975786666667
Partly Cloudy,Ground Truth,0.0689943289333339
Partly Cloudy,Ground Truth,4.422202636466667
Partly Cloudy,Ground Truth,3.4925220900000014
Partly Cloudy,Ground Truth,2.511127423333331
Partly Cloudy,Ground Truth,2.792775877333332
Partly Cloudy,Ground Truth,2.925971153333334
Partly Cloudy,Ground Truth,1.7324899860000027
Partly Cloudy,Ground Truth,0.3765283779999997
Partly Cloudy,Ground Truth,0.6063030666666638
Partly Cloudy,Ground Truth,2.8279318322666693
Partly Cloudy,Ground Truth,0.43892918826666794
Partly Cloudy,Ground Truth,1.965103985799999
Partly Cloudy,Ground Truth,1.8839447320666673
Partly Cloudy,Ground Truth,2.585107191133334
Partly Cloudy,Ground Truth,2.750221435266667
Partly Cloudy,Ground Truth,1.6942379378666677
Partly Cloudy,Ground Truth,0.39427361566666796
Partly Cloudy,Ground Truth,0.6531355765333338
Partly Cloudy,Ground Truth,4.957001719333332
Partly Cloudy,Ground Truth,0.5020168232666684
Partly Cloudy,Ground Truth,0.25254725446666626
Partly Cloudy,Ground Truth,1.546950269533335
Partly Cloudy,Ground Truth,1.7215954468000003
Partly Cloudy,Ground Truth,0.7502058500000004
Partly Cloudy,Ground Truth,6.09815633173333
Partly Cloudy,Ground Truth,0.193193611333335
Partly Cloudy,Ground Truth,0.19815393266666348
Partly Cloudy,Ground Truth,0.7450647446666636
Partly Cloudy,Ground Truth,6.110131397333333
Partly Cloudy,Ground Truth,3.7013022079999978
Partly Cloudy,Ground Truth,5.197915213333335
Partly Cloudy,Ground Truth,11.294242693333333
Partly Cloudy,Ground Truth,8.9844468058
Partly Cloudy,Ground Truth,2.1338825517999993
Partly Cloudy,Ground Truth,2.036438865800001
Partly Cloudy,Ground Truth,0.6834303395333308
Partly Cloudy,Ground Truth,3.8231066533333316
Partly Cloudy,Ground Truth,1.9257848211333322
Partly Cloudy,Ground Truth,5.009573272600002
Partly Cloudy,Ground Truth,1.3096375037333337
Partly Cloudy,Ground Truth,1.6677870399333328
Partly Cloudy,Ground Truth,2.5521368045333324
Partly Cloudy,Ground Truth,1.0032702511333342
Partly Cloudy,Ground Truth,1.4556361178666677
Partly Cloudy,Ground Truth,4.027218807733332
Partly Cloudy,Ground Truth,1.4294861522000004
Partly Cloudy,Ground Truth,1.4176693110666672
Partly Cloudy,Ground Truth,1.2705390520666668
Partly Cloudy,Ground Truth,0.6475552286000001
Partly Cloudy,Ground Truth,0.5295085203999994
Partly Cloudy,Ground Truth,0.8198999177333328
Partly Cloudy,Ground Truth,2.422872031
Partly Cloudy,Ground Truth,1.0889959867333334
Partly Cloudy,Ground Truth,0.5615072223333335
Partly Cloudy,Ground Truth,1.17878961
Partly Cloudy,Ground Truth,0.9487878056
Partly Cloudy,Ground Truth,0.8813435199999999
Partly Cloudy,Ground Truth,1.4707559528666665
Partly Cloudy,Ground Truth,0.5584734954666667
Partly Cloudy,Ground Truth,6.1466235476666675
Partly Cloudy,Ground Truth,1.6203066115333336
Partly Cloudy,Ground Truth,2.388112002266667
Partly Cloudy,Ground Truth,0.6185198966666667
Partly Cloudy,Ground Truth,0.10055558793333352
Partly Cloudy,Ground Truth,1.4182878591333332
Partly Cloudy,Ground Truth,1.449859139800001
Partly Cloudy,Ground Truth,7.399070752600001
Partly Cloudy,Ground Truth,4.031223625066666
Partly Cloudy,Ground Truth,2.9044981711333335
Partly Cloudy,Ground Truth,8.863342724000002
Partly Cloudy,Ground Truth,2.544718147999999
Partly Cloudy,Ground Truth,3.884540129999999
Partly Cloudy,Ground Truth,3.563778916399999
Partly Cloudy,Ground Truth,1.7410061818666667
Partly Cloudy,Ground Truth,3.554212973466667
Partly Cloudy,Ground Truth,0.22723503720000005
Partly Cloudy,Ground Truth,0.6737245244666668
Partly Cloudy,Ground Truth,1.542079140066667
Partly Cloudy,Ground Truth,1.294517664533334
Partly Cloudy,Ground Truth,4.056269014266667
Partly Cloudy,Ground Truth,2.6699952267333336
Partly Cloudy,Ground Truth,0.8374785817333326
Partly Cloudy,Ground Truth,1.3810691158000026
Partly Cloudy,Ground Truth,1.3556229188666649
Partly Cloudy,Ground Truth,2.3853254239999977
Partly Cloudy,Ground Truth,0.8879059093333321
Partly Cloudy,Ground Truth,1.0957584773333338
Partly Cloudy,Ground Truth,0.5533091673333317
Partly Cloudy,Ground Truth,0.7059677213333337
Partly Cloudy,Ground Truth,0.8824841246666679
Partly Cloudy,Ground Truth,0.592968759999998
Partly Cloudy,Ground Truth,6.302062579333329
Partly Cloudy,Ground Truth,5.651241863333334
Partly Cloudy,Ground Truth,4.966249858466666
Partly Cloudy,Ground Truth,3.27350734113333
Partly Cloudy,Ground Truth,3.350816788000003
Partly Cloudy,Ground Truth,3.1235229748666704
Partly Cloudy,Ground Truth,3.30949912333333
Partly Cloudy,Ground Truth,3.3636053534000006
Partly Cloudy,Ground Truth,1.2627843009333315
Partly Cloudy,Ground Truth,7.083673435333331
Partly Cloudy,Ground Truth,2.0738752999999974
Partly Cloudy,Ground Truth,1.2560190446666653
Partly Cloudy,Ground Truth,2.8768839929333314
Partly Cloudy,Ground Truth,1.621596974800001
Partly Cloudy,Ground Truth,0.029304162533335898
Partly Cloudy,Ground Truth,1.0816189897333324
Partly Cloudy,Ground Truth,1.5134068393333333
Partly Cloudy,Ground Truth,1.9824950521333324
Partly Cloudy,Ground Truth,2.612762892266667
Partly Cloudy,Ground Truth,3.0594768315999996
Partly Cloudy,Ground Truth,1.2172109626666665
Partly Cloudy,Ground Truth,3.557441474400001
Partly Cloudy,Ground Truth,1.0626865534000007
Partly Cloudy,Ground Truth,1.3045376709999998
Partly Cloudy,Ground Truth,1.1192562921333336
Partly Cloudy,Ground Truth,0.9548304266666667
Partly Cloudy,Ground Truth,0.298344739
Partly Cloudy,Ground Truth,0.5853275424
Partly Cloudy,Ground Truth,0.05588179353333356
Partly Cloudy,Ground Truth,0.9417991921333333
Partly Cloudy,Ground Truth,1.6202597179333331
Partly Cloudy,Ground Truth,13.1462094836
Partly Cloudy,Ground Truth,1.3184733608666654
Partly Cloudy,Ground Truth,0.28499770066666485
Partly Cloudy,Ground Truth,4.020560489733333
Partly Cloudy,Ground Truth,6.883323101066663
Partly Cloudy,Ground Truth,11.227352864266665
Partly Cloudy,Ground Truth,10.4779888756
Partly Cloudy,Ground Truth,2.3929312946666634
Partly Cloudy,Ground Truth,2.113023415333334
Partly Cloudy,Ground Truth,5.977919447533337
Partly Cloudy,Ground Truth,8.539669794066665
Partly Cloudy,Ground Truth,10.368609398466667
Partly Cloudy,Ground Truth,5.419097008866663
Partly Cloudy,Ground Truth,6.43822099166667
Partly Cloudy,Ground Truth,0.6611858873333336
Partly Cloudy,Ground Truth,4.356474134133332
Partly Cloudy,Ground Truth,3.9033260002666657
Partly Cloudy,Ground Truth,5.5182048184
Partly Cloudy,Ground Truth,1.0809305271999996
Partly Cloudy,Ground Truth,1.4663910710666666
Partly Cloudy,Ground Truth,3.5068741101333334
Partly Cloudy,Ground Truth,1.7242401863333336
Partly Cloudy,Ground Truth,1.9854907564
Partly Cloudy,Ground Truth,1.1796582031189797
Partly Cloudy,Ground Truth,0.5058308503333335
Partly Cloudy,Ground Truth,0.17513514686666687
Partly Cloudy,Ground Truth,1.0019994144
Partly Cloudy,Ground Truth,0.3628757865333332
Partly Cloudy,Ground Truth,0.6229025583333332
Partly Cloudy,Ground Truth,0.4122944188000002
Partly Cloudy,Ground Truth,0.25096802406666674
Partly Cloudy,Ground Truth,0.5666918496000002
Partly Cloudy,Ground Truth,2.169581620866667
Partly Cloudy,Ground Truth,6.6274686847999975
Partly Cloudy,Ground Truth,7.3865300766
Partly Cloudy,Ground Truth,3.5318503833333317
Partly Cloudy,Ground Truth,3.237457312
Partly Cloudy,Ground Truth,1.39990043793334
Partly Cloudy,Ground Truth,4.699220580000002
Partly Cloudy,Ground Truth,0.5283351639333365
Partly Cloudy,Ground Truth,0.24686702933333038
Partly Cloudy,Ground Truth,1.1348991613333332
Partly Cloudy,Ground Truth,0.4552077613333321
Partly Cloudy,Ground Truth,1.8162020021333358
Partly Cloudy,Ground Truth,1.200416496133336
Partly Cloudy,Ground Truth,3.101436277999996
Partly Cloudy,Ground Truth,5.077535796666666
Partly Cloudy,Ground Truth,3.689158747999997
Partly Cloudy,Ground Truth,2.61695485706667
Partly Cloudy,Ground Truth,1.320013354399995
Partly Cloudy,Ground Truth,4.354076745666669
Partly Cloudy,Ground Truth,5.597009558466667
Partly Cloudy,Ground Truth,1.1934710784
Partly Cloudy,Ground Truth,0.17480261926666651
Partly Cloudy,Ground Truth,0.9932758949999998
Partly Cloudy,Ground Truth,0.7895611854000002
Partly Cloudy,Ground Truth,1.5678471867333337
Partly Cloudy,Ground Truth,1.1352222012
Partly Cloudy,Ground Truth,2.8078358098000002
Partly Cloudy,Ground Truth,0.1051571986666664
Partly Cloudy,Ground Truth,0.929623100533334
Partly Cloudy,Ground Truth,0.32136798099999986
Partly Cloudy,Ground Truth,2.9993815420666663
Partly Cloudy,Ground Truth,0.4327238336000001
Partly Cloudy,Ground Truth,1.5645767384
Partly Cloudy,Ground Truth,1.4354964350666664
Partly Cloudy,Ground Truth,2.290646356666667
Partly Cloudy,Ground Truth,0.4026375357333334
Partly Cloudy,Ground Truth,3.265525723133333
Partly Cloudy,Ground Truth,0.891306257733333
Partly Cloudy,Ground Truth,1.3492813686666667
Partly Cloudy,Ground Truth,0.2786970764000001
Partly Cloudy,Ground Truth,0.14851537633333312
Partly Cloudy,Ground Truth,2.7239569885333332
Partly Cloudy,Ground Truth,11.838092742999999
Partly Cloudy,Ground Truth,9.717644258333333
Partly Cloudy,Ground Truth,1.4555299082666666
Partly Cloudy,Ground Truth,0.2540500753333328
Partly Cloudy,Ground Truth,12.734356915733333
Partly Cloudy,Ground Truth,8.720815433866667
Partly Cloudy,Ground Truth,2.505814441266666
Partly Cloudy,Ground Truth,9.535262099666667
Partly Cloudy,Ground Truth,1.8956317983333317
Partly Cloudy,Ground Truth,11.541781107533335
Partly Cloudy,Ground Truth,3.7343568758000005
Partly Cloudy,Ground Truth,1.7103406460666672
Partly Cloudy,Ground Truth,4.158765266933334
Partly Cloudy,Ground Truth,6.460399934333334
Partly Cloudy,Ground Truth,0.7200946604666663
Partly Cloudy,Ground Truth,0.1799992953333336
Partly Cloudy,Ground Truth,1.4837903801333334
Partly Cloudy,Ground Truth,1.5253487739333333
Partly Cloudy,Ground Truth,0.5021892278000003
Partly Cloudy,Ground Truth,4.906954926533334
Partly Cloudy,Ground Truth,1.656322679133332
Partly Cloudy,Ground Truth,1.3378802690000011
Partly Cloudy,Ground Truth,2.1296724028000016
Partly Cloudy,Ground Truth,0.37574873553333354
Partly Cloudy,Ground Truth,3.820018679333333
Partly Cloudy,Ground Truth,7.671860585666666
Partly Cloudy,Ground Truth,9.580449390733333
Partly Cloudy,Ground Truth,7.672010312400001
Partly Cloudy,Ground Truth,0.22017197666666277
Partly Cloudy,Ground Truth,11.626475870666669
Partly Cloudy,Ground Truth,19.108031030933333
Partly Cloudy,Ground Truth,2.5928966861333365
Partly Cloudy,Ground Truth,1.483895331999996
Partly Cloudy,Ground Truth,14.987408429133332
Partly Cloudy,Ground Truth,9.806936138466668
Partly Cloudy,Ground Truth,17.129506789333334
Partly Cloudy,Ground Truth,6.176334485599998
Partly Cloudy,Ground Truth,17.30472165373333
Partly Cloudy,Ground Truth,0.9673058406666648
Partly Cloudy,Ground Truth,0.19538949666666383
Partly Cloudy,Ground Truth,4.057253462266669
Partly Cloudy,Ground Truth,12.041161538666667
Partly Cloudy,Ground Truth,2.1638715241333335
Partly Cloudy,Ground Truth,2.5962321918666666
Partly Cloudy,Ground Truth,4.3940226286
Partly Cloudy,Ground Truth,0.37300389560000013
Partly Cloudy,Ground Truth,14.541005969399999
Partly Cloudy,Ground Truth,9.451762967599999
Partly Cloudy,Ground Truth,4.1380515568000025
Partly Cloudy,Ground Truth,5.483693698733337
Partly Cloudy,Ground Truth,10.199332558733335
Partly Cloudy,Ground Truth,3.588163524533334
Partly Cloudy,Ground Truth,0.13107351013333324
Partly Cloudy,Ground Truth,0.39559863213333324
Partly Cloudy,Ground Truth,1.2265114256666665
Partly Cloudy,Ground Truth,4.473253271066666
Partly Cloudy,Ground Truth,1.9588911653333323
Partly Cloudy,Ground Truth,1.9018631431333333
Partly Cloudy,Ground Truth,1.8833096683333341
Partly Cloudy,Ground Truth,5.370982360799999
Partly Cloudy,Ground Truth,7.49696075286667
Partly Cloudy,Ground Truth,2.7833542775999973
Partly Cloudy,Ground Truth,11.371970382466667
Partly Cloudy,Ground Truth,13.938342755466671
Partly Cloudy,Ground Truth,10.199806473866671
Partly Cloudy,Ground Truth,2.902137750733333
Partly Cloudy,Ground Truth,14.745206257266666
Partly Cloudy,Ground Truth,1.9989213131333337
Partly Cloudy,Ground Truth,16.847529449866666
Partly Cloudy,Ground Truth,9.170617507333331
Partly Cloudy,Ground Truth,0.0702804557333323
Partly Cloudy,Ground Truth,2.029202752933335
Partly Cloudy,Ground Truth,7.295149672000001
Partly Cloudy,Ground Truth,15.177889414400001
Partly Cloudy,Ground Truth,3.658466406866668
Partly Cloudy,Ground Truth,0.10463260293333221
Partly Cloudy,Ground Truth,11.4126440904
Partly Cloudy,Ground Truth,6.373574879333329
Partly Cloudy,Ground Truth,16.28665953633333
Partly Cloudy,Ground Truth,7.904079605933334
Partly Cloudy,Ground Truth,5.760676055733333
Partly Cloudy,Ground Truth,9.058235190133335
Partly Cloudy,Ground Truth,2.421763727266665
Partly Cloudy,Ground Truth,5.894317903199999
Partly Cloudy,Ground Truth,1.4951110318666672
Partly Cloudy,Ground Truth,0.2561411867333323
Partly Cloudy,Ground Truth,5.0066793846
Partly Cloudy,Ground Truth,7.7011633553999985
Partly Cloudy,Ground Truth,2.7867122888666667
Partly Cloudy,Ground Truth,2.177248265066668
Partly Cloudy,Ground Truth,5.102703531466667
Partly Cloudy,Ground Truth,1.5689331206666668
Partly Cloudy,Ground Truth,1.387792406466666
Partly Cloudy,Ground Truth,1.9512923310666666
Partly Cloudy,Ground Truth,2.0956932815333342
Partly Cloudy,Ground Truth,1.9573286599333324
Partly Cloudy,Ground Truth,1.7560638782666693
Partly Cloudy,Ground Truth,1.190305918
Partly Cloudy,Ground Truth,1.454628472666668
Partly Cloudy,Ground Truth,3.07125853613333
Partly Cloudy,Ground Truth,0.23290041866666655
Partly Cloudy,Ground Truth,2.902954284199998
Partly Cloudy,Ground Truth,0.9129908356000023
Partly Cloudy,Ground Truth,6.798550153333329
Partly Cloudy,Ground Truth,3.422133259199997
Partly Cloudy,Ground Truth,0.11755098173333423
Partly Cloudy,Ground Truth,0.9792734465333339
Partly Cloudy,Ground Truth,10.685763265133334
Partly Cloudy,Ground Truth,3.1546073486666657
Partly Cloudy,Ground Truth,4.195131784533331
Partly Cloudy,Ground Truth,5.14640520053333
Partly Cloudy,Ground Truth,1.9727379553333293
Partly Cloudy,Ground Truth,4.609143867999997
Partly Cloudy,Ground Truth,4.0853537809999985
Partly Cloudy,Ground Truth,5.109760595133334
Partly Cloudy,Ground Truth,2.0566349638666637
Partly Cloudy,Ground Truth,0.3706676399999935
Partly Cloudy,Ground Truth,0.6182496033333358
Partly Cloudy,Ground Truth,0.5316898420000022
Partly Cloudy,Ground Truth,4.739644242400001
Partly Cloudy,Ground Truth,6.484211442066664
Partly Cloudy,Ground Truth,0.3355961681333337
Partly Cloudy,Ground Truth,6.868564867933333
Partly Cloudy,Ground Truth,1.9740601479999977
Partly Cloudy,Ground Truth,5.378144220533336
Partly Cloudy,Ground Truth,2.2709416347333313
Partly Cloudy,Ground Truth,1.2197817688666657
Partly Cloudy,Ground Truth,2.155541945466666
Partly Cloudy,Ground Truth,2.1774831190666664
Partly Cloudy,Ground Truth,3.707807927733333
Partly Cloudy,Ground Truth,0.3369144691333332
Partly Cloudy,Ground Truth,0.4600089179333333
Partly Cloudy,Ground Truth,1.2823034129333333
Partly Cloudy,Ground Truth,2.5784081514666672
Partly Cloudy,Ground Truth,0.0026912409333341714
Partly Cloudy,Ground Truth,2.1681591144666656
Partly Cloudy,Ground Truth,3.083777127066665
Partly Cloudy,Ground Truth,1.0148464319999988
Partly Cloudy,Ground Truth,0.7235519910666666
Partly Cloudy,Ground Truth,2.908050250133334
Partly Cloudy,Ground Truth,1.3266758214666678
Partly Cloudy,Ground Truth,9.195217807866666
Partly Cloudy,Ground Truth,0.3302030115333334
Partly Cloudy,Ground Truth,2.3521457415999993
Partly Cloudy,Ground Truth,8.6069147036
Partly Cloudy,Ground Truth,8.327737189399999
Partly Cloudy,Ground Truth,5.7269399995333305
Partly Cloudy,Ground Truth,6.053402256533339
Partly Cloudy,Ground Truth,0.7548933886666589
Partly Cloudy,Ground Truth,12.69978743366666
Partly Cloudy,Ground Truth,5.752243270266661
Partly Cloudy,Ground Truth,3.6420275474000015
Partly Cloudy,Ground Truth,1.9791731700000028
Partly Cloudy,Ground Truth,3.7356700840000023
Partly Cloudy,Ground Truth,10.101249754733331
Partly Cloudy,Ground Truth,5.868958056266667
Partly Cloudy,Ground Truth,6.777103069466667
Partly Cloudy,Ground Truth,3.5793314492666664
Partly Cloudy,Ground Truth,8.1330168928
Partly Cloudy,Ground Truth,4.143942744466665
Partly Cloudy,Ground Truth,2.9150303727333347
Partly Cloudy,Ground Truth,1.816427408200001
Partly Cloudy,Ground Truth,1.6225832072
Partly Cloudy,Ground Truth,0.9375757854
Partly Cloudy,Ground Truth,0.3245008694666671
Partly Cloudy,Ground Truth,1.4720656594666686
Partly Cloudy,Ground Truth,2.0946476971333334
Partly Cloudy,Ground Truth,2.6895015502666677
Partly Cloudy,Ground Truth,3.156761736200001
Partly Cloudy,Ground Truth,0.848873629533333
Partly Cloudy,Ground Truth,0.9034971167333337
Partly Cloudy,Ground Truth,2.4338576535333334
Partly Cloudy,Ground Truth,5.053729403133332
Partly Cloudy,Ground Truth,2.930739870533335
Partly Cloudy,Ground Truth,1.3447383486666666
Partly Cloudy,Ground Truth,1.539903613333335
Partly Cloudy,Ground Truth,1.5335256853333306
Partly Cloudy,Ground Truth,1.3657656853333346
Partly Cloudy,Ground Truth,0.40129881400000045
Partly Cloudy,Ground Truth,1.0463303393333305
Partly Cloudy,Ground Truth,3.620067622666671
Partly Cloudy,Ground Truth,4.980111266666668
Partly Cloudy,Ground Truth,6.192462061933334
Partly Cloudy,Ground Truth,7.968557667866666
Partly Cloudy,Ground Truth,3.6332588834
Partly Cloudy,Ground Truth,0.5758518340000016
Partly Cloudy,Ground Truth,3.291568894000001
Partly Cloudy,Ground Truth,0.551601702666666
Partly Cloudy,Ground Truth,0.038540831999998915
Partly Cloudy,Ground Truth,1.8700279139999978
Partly Cloudy,Ground Truth,1.4384278746666617
Partly Cloudy,Ground Truth,0.3276046466666678
Partly Cloudy,Ground Truth,0.34037442133332974
Partly Cloudy,Ground Truth,1.6197219973333397
Partly Cloudy,Ground Truth,3.010931253999999
Partly Cloudy,Ground Truth,0.13659715999999733
Partly Cloudy,Ground Truth,0.49469379266666635
Partly Cloudy,Ground Truth,5.847869674666667
Partly Cloudy,Ground Truth,1.4709797297999998
Partly Cloudy,Ground Truth,5.8602878769333335
Partly Cloudy,Ground Truth,0.5849045761333329
Partly Cloudy,Ground Truth,1.5361672447999997
Partly Cloudy,Ground Truth,3.084749491066667
Partly Cloudy,Ground Truth,3.799686605
Partly Cloudy,Ground Truth,0.9008649728666667
Partly Cloudy,Ground Truth,0.1847933474000003
Partly Cloudy,Ground Truth,0.8139847357333332
Partly Cloudy,Ground Truth,1.016471057
Partly Cloudy,Ground Truth,0.9274763138000002
Partly Cloudy,Ground Truth,1.3435240650666664
Partly Cloudy,Ground Truth,4.453621460333332
Partly Cloudy,Ground Truth,1.2293719975333337
Partly Cloudy,Ground Truth,1.3738891701333351
Partly Cloudy,Ground Truth,1.1672541156000005
Partly Cloudy,Ground Truth,0.49240713040000017
Partly Cloudy,Ground Truth,0.8196391570000001
Partly Cloudy,Ground Truth,2.904866224800001
Partly Cloudy,Ground Truth,1.424311733199998
Partly Cloudy,Ground Truth,1.1448549613333299
Partly Cloudy,Ground Truth,5.945138600799995
Partly Cloudy,Ground Truth,3.763852808333331
Partly Cloudy,Ground Truth,10.712574560199998
Partly Cloudy,Ground Truth,5.97574770866667
Partly Cloudy,Ground Truth,2.33012355873333
Partly Cloudy,Ground Truth,0.19478199726666645
Partly Cloudy,Ground Truth,1.0772243500000016
Partly Cloudy,Ground Truth,5.959034666666668
Partly Cloudy,Ground Truth,1.9805136193333297
Partly Cloudy,Ground Truth,0.6703399086666693
Partly Cloudy,Ground Truth,1.0452264279999994
Partly Cloudy,Ground Truth,11.358517092666666
Partly Cloudy,Ground Truth,1.1427257780000026
Partly Cloudy,Ground Truth,0.14927484746666586
Partly Cloudy,Ground Truth,7.876293832133333
Partly Cloudy,Ground Truth,4.299585280666667
Partly Cloudy,Ground Truth,7.5086277259999985
Partly Cloudy,Ground Truth,8.019845028466667
Partly Cloudy,Ground Truth,7.1643739768
Partly Cloudy,Ground Truth,3.8597276755333336
Partly Cloudy,Ground Truth,1.3214397253333332
Partly Cloudy,Ground Truth,0.7723696001333336
Partly Cloudy,Ground Truth,0.6626380074666667
Partly Cloudy,Ground Truth,0.6122809280666668
Partly Cloudy,Ground Truth,0.29294234419999954
Partly Cloudy,Ground Truth,0.5341458326000001
Partly Cloudy,Ground Truth,0.3328432264666667
Partly Cloudy,Ground Truth,0.2926427118000001
Partly Cloudy,Ground Truth,0.4977843933999997
Partly Cloudy,Ground Truth,0.6375526541333336
Partly Cloudy,Ground Truth,0.9893089248000002
Partly Cloudy,Ground Truth,0.5849235461999998
Partly Cloudy,Ground Truth,0.9823088841999996
Partly Cloudy,Ground Truth,0.32502043173333384
Partly Cloudy,Ground Truth,0.015112239933332994
Partly Cloudy,Ground Truth,3.3683025320666653
Partly Cloudy,Ground Truth,0.8156847229333355
Partly Cloudy,Ground Truth,0.11872802766666801
Partly Cloudy,Ground Truth,0.8517939309999996
Partly Cloudy,Ground Truth,0.913101043866666
Partly Cloudy,Ground Truth,0.6730391619333354
Partly Cloudy,Ground Truth,14.033719326799998
Partly Cloudy,Ground Truth,7.634030920266667
Partly Cloudy,Ground Truth,3.3617169755333336
Partly Cloudy,Ground Truth,2.6940617527333295
Partly Cloudy,Ground Truth,9.304314231999994
Partly Cloudy,Ground Truth,6.993137698666663
Partly Cloudy,Ground Truth,0.3192844920000013
Partly Cloudy,Ground Truth,5.008992249333332
Partly Cloudy,Ground Truth,4.051514058666662
Partly Cloudy,Ground Truth,0.5853044886666652
Partly Cloudy,Ground Truth,3.2021560906666657
Partly Cloudy,Ground Truth,1.3855688066666687
Partly Cloudy,Ground Truth,0.10914235666666272
Partly Cloudy,Ground Truth,6.137715573333335
Partly Cloudy,Ground Truth,0.5709867826666617
Partly Cloudy,Ground Truth,5.096682883333333
Partly Cloudy,Ground Truth,0.6717873753333308
Partly Cloudy,Ground Truth,2.080076980666661
Partly Cloudy,Ground Truth,0.4753012580000018
Partly Cloudy,Ground Truth,0.12802006933333132
Partly Cloudy,Ground Truth,0.7558776646666665
Partly Cloudy,Ground Truth,0.6989146126666661
Partly Cloudy,Ground Truth,0.937622559333338
Partly Cloudy,Ground Truth,0.7872647659999998
Partly Cloudy,Ground Truth,1.4099676619999961
Partly Cloudy,Ground Truth,1.304911267999998
Partly Cloudy,Ground Truth,1.351822502000001
Partly Cloudy,Ground Truth,1.3666333213333335
Partly Cloudy,Ground Truth,1.5447938253333326
Partly Cloudy,Ground Truth,1.6470906507999992
Partly Cloudy,Ground Truth,1.6979704157333355
Partly Cloudy,Ground Truth,1.7229411104666665
Partly Cloudy,Ground Truth,1.734380117533334
Partly Cloudy,Ground Truth,1.654338914599999
Partly Cloudy,Ground Truth,1.4471341424000004
Partly Cloudy,Ground Truth,1.1667207813999996
Partly Cloudy,Ground Truth,0.7229422027333334
Partly Cloudy,Ground Truth,0.3021341144666667
Partly Cloudy,Ground Truth,0.2404685729333335
Partly Cloudy,Ground Truth,0.5073831026666665
Partly Cloudy,Ground Truth,0.34194350819999997
Partly Cloudy,Ground Truth,0.9329048057333333
Partly Cloudy,Ground Truth,0.8803451471333332
Partly Cloudy,Ground Truth,0.7320488992
Partly Cloudy,Ground Truth,1.4860130876
Partly Cloudy,Ground Truth,1.533765885466667
Partly Cloudy,Ground Truth,0.7224230170666663
Partly Cloudy,Ground Truth,2.6042223298
Partly Cloudy,Ground Truth,2.1137431340000017
Partly Cloudy,Ground Truth,0.9293392035333365
Partly Cloudy,Ground Truth,2.652233475533336
Partly Cloudy,Ground Truth,3.242362582
Partly Cloudy,Ground Truth,2.841459556666667
Partly Cloudy,Ground Truth,1.9648550833333331
Partly Cloudy,Ground Truth,1.047864434666666
Partly Cloudy,Ground Truth,8.351326624666665
Partly Cloudy,Ground Truth,1.651916942666663
Partly Cloudy,Ground Truth,4.174901964000007
Partly Cloudy,Ground Truth,1.8624814839999928
Partly Cloudy,Ground Truth,0.5355626593333298
Partly Cloudy,Ground Truth,2.083171760666664
Partly Cloudy,Ground Truth,0.11073616266666697
Partly Cloudy,Ground Truth,2.8930582606666597
Partly Cloudy,Ground Truth,1.684342751333329
Partly Cloudy,Ground Truth,4.128173828666668
Partly Cloudy,Ground Truth,3.269511087333335
Partly Cloudy,Ground Truth,2.725156548666668
Partly Cloudy,Ground Truth,2.32403226466667
Partly Cloudy,Ground Truth,5.258602333333332
Partly Cloudy,Ground Truth,1.7929187606666623
Partly Cloudy,Ground Truth,4.84836622666667
Partly Cloudy,Ground Truth,3.5897155533333347
Partly Cloudy,Ground Truth,0.26374757333333676
Partly Cloudy,Ground Truth,1.118766092666661
Partly Cloudy,Ground Truth,1.1457890940000048
Partly Cloudy,Ground Truth,1.046306349333328
Partly Cloudy,Ground Truth,1.250939257333334
Partly Cloudy,Ground Truth,1.2836279840000024
Partly Cloudy,Ground Truth,1.368137583333331
Partly Cloudy,Ground Truth,2.624701737133334
Partly Cloudy,Ground Truth,2.545932008066668
Partly Cloudy,Ground Truth,2.1641058193999987
Partly Cloudy,Ground Truth,1.394988009066667
Partly Cloudy,Ground Truth,1.684879850866667
Partly Cloudy,Ground Truth,1.3894998394666662
Partly Cloudy,Ground Truth,0.8887948378666669
Partly Cloudy,Ground Truth,0.34921518780000005
Partly Cloudy,Ground Truth,0.3219413585333334
Partly Cloudy,Ground Truth,0.005297460866666603
Partly Cloudy,Ground Truth,0.7290814179333335
Partly Cloudy,Ground Truth,0.3303984233999997
Partly Cloudy,Ground Truth,0.6137953577333335
Partly Cloudy,Ground Truth,0.5169125569333337
Partly Cloudy,Ground Truth,1.6802940118000003
Partly Cloudy,Ground Truth,2.6384788778
Partly Cloudy,Ground Truth,0.17539610599999955
Partly Cloudy,Ground Truth,0.07583457219999978
Partly Cloudy,Ground Truth,0.7562920027333337
Partly Cloudy,Ground Truth,0.39370963886666654
Partly Cloudy,Ground Truth,1.323693079266667
Partly Cloudy,Ground Truth,0.09561347746666682
Partly Cloudy,Ground Truth,3.531916055400001
Partly Cloudy,Ground Truth,0.30996507733333356
Partly Cloudy,Ground Truth,3.231748409266667
Partly Cloudy,Ground Truth,1.0403020852666667
Partly Cloudy,Ground Truth,4.292825858533335
Partly Cloudy,Ground Truth,14.392176828133328
Partly Cloudy,Ground Truth,0.3691321440000017
Partly Cloudy,Ground Truth,10.724571864466668
Partly Cloudy,Ground Truth,3.86892297433333
Partly Cloudy,Ground Truth,0.5645007106000008
Partly Cloudy,Ground Truth,4.707129138533331
Partly Cloudy,Ground Truth,3.8148480955333373
Partly Cloudy,Ground Truth,4.585411440666668
Partly Cloudy,Ground Truth,5.482164879599999
Partly Cloudy,Ground Truth,0.18781614206666664
Partly Cloudy,Ground Truth,1.2136743993333337
Partly Cloudy,Ground Truth,0.690390232066667
Partly Cloudy,Ground Truth,0.02726057566666551
Partly Cloudy,Ground Truth,0.05100632313333353
Partly Cloudy,Ground Truth,1.1449914736000002
Partly Cloudy,Ground Truth,0.7096421910666666
Partly Cloudy,Ground Truth,0.13645226873333272
Partly Cloudy,Ground Truth,0.5282867968000002
Partly Cloudy,Ground Truth,0.23892513753333278
Partly Cloudy,Ground Truth,0.7543799226666663
Partly Cloudy,Ground Truth,0.6167571814000004
Partly Cloudy,Ground Truth,0.3941640553333334
Partly Cloudy,Ground Truth,0.32164505620000006
Partly Cloudy,Ground Truth,0.15320519200000002
Partly Cloudy,Ground Truth,0.01613641606666666
Partly Cloudy,Ground Truth,1.1999666847333335
Partly Cloudy,Ground Truth,1.5222037377333342
Partly Cloudy,Ground Truth,1.310393099866666
Partly Cloudy,Ground Truth,1.2912569446666664
Partly Cloudy,Ground Truth,1.894965384933334
Partly Cloudy,Ground Truth,5.012397366666667
Partly Cloudy,Ground Truth,2.0876626954666673
Partly Cloudy,Ground Truth,2.9773669238
Partly Cloudy,Ground Truth,0.8874692825333339
Partly Cloudy,Ground Truth,3.7382259004666656
Partly Cloudy,Ground Truth,3.225137186733333
Partly Cloudy,Ground Truth,2.347994352399997
Partly Cloudy,Ground Truth,8.9728596478
Partly Cloudy,Ground Truth,4.364165045333335
Partly Cloudy,Ground Truth,9.2010510456
Partly Cloudy,Ground Truth,2.6241652183333333
Partly Cloudy,Ground Truth,3.8330101092666657
Partly Cloudy,Ground Truth,2.7719009686666674
Partly Cloudy,Ground Truth,6.2215593213333324
Partly Cloudy,Ground Truth,6.064561744666664
Partly Cloudy,Ground Truth,5.822997885333335
Partly Cloudy,Ground Truth,3.3259891920000015
Partly Cloudy,Ground Truth,6.363804778000002
Partly Cloudy,Ground Truth,4.491206855333338
Partly Cloudy,Ground Truth,10.093603517999998
Partly Cloudy,Ground Truth,3.6067348449333334
Partly Cloudy,Ground Truth,1.179763575800001
Partly Cloudy,Ground Truth,6.947458789933336
Partly Cloudy,Ground Truth,2.1376353510000037
Partly Cloudy,Ground Truth,2.826540319933331
Partly Cloudy,Ground Truth,10.223679217599999
Partly Cloudy,Ground Truth,3.6967508953333343
Partly Cloudy,Ground Truth,0.5794915986666638
Partly Cloudy,Ground Truth,7.453023546266662
Partly Cloudy,Ground Truth,7.288359707599996
Partly Cloudy,Ground Truth,3.010289375733336
Partly Cloudy,Ground Truth,0.47751843773333746
Partly Cloudy,Ground Truth,11.038440439666665
Partly Cloudy,Ground Truth,6.043529448533331
Partly Cloudy,Ground Truth,4.1819115014
Partly Cloudy,Ground Truth,1.9165282708666638
Partly Cloudy,Ground Truth,3.814401300600001
Partly Cloudy,Ground Truth,1.2486210217333333
Partly Cloudy,Ground Truth,0.26137062486666585
Partly Cloudy,Ground Truth,2.9298134019999993
Partly Cloudy,Ground Truth,1.7535299026666662
Partly Cloudy,Ground Truth,4.005198821333334
Partly Cloudy,Ground Truth,1.5111060493999995
Partly Cloudy,Ground Truth,1.2511840871999995
Partly Cloudy,Ground Truth,1.2303235617999997
Partly Cloudy,Ground Truth,0.7742300640666664
Partly Cloudy,Ground Truth,1.0426667118
Partly Cloudy,Ground Truth,0.20779722099999987
Partly Cloudy,Ground Truth,1.1054263603333334
Partly Cloudy,Ground Truth,1.553566379666667
Partly Cloudy,Ground Truth,0.385514590333333
Partly Cloudy,Ground Truth,0.8850881425999999
Partly Cloudy,Ground Truth,3.307195757133332
Partly Cloudy,Ground Truth,5.092264290066666
Partly Cloudy,Ground Truth,0.5590903921999995
Partly Cloudy,Ground Truth,1.2263744663333334
Partly Cloudy,Ground Truth,0.778245040533333
Partly Cloudy,Ground Truth,1.4150704290666676
Partly Cloudy,Ground Truth,2.3086225712
Partly Cloudy,Ground Truth,2.892661661466666
Partly Cloudy,Ground Truth,3.5921692324000016
Partly Cloudy,Ground Truth,2.747575590000002
Partly Cloudy,Ground Truth,2.7766748089333344
Partly Cloudy,Ground Truth,5.5785853392666676
Partly Cloudy,Ground Truth,1.2601870348666653
Partly Cloudy,Ground Truth,0.7988086295333332
Partly Cloudy,Ground Truth,0.4511993228666693
Partly Cloudy,Ground Truth,1.3422894243999988
Partly Cloudy,Ground Truth,0.23631664786666917
Partly Cloudy,Ground Truth,0.3876492681999988
Partly Cloudy,Ground Truth,7.0591899866
Partly Cloudy,Ground Truth,7.359878279066667
Partly Cloudy,Ground Truth,13.009112262399999
Partly Cloudy,Ground Truth,12.839832048466665
Partly Cloudy,Ground Truth,15.195369365799994
Partly Cloudy,Ground Truth,3.1842115306666656
Partly Cloudy,Ground Truth,2.0589199719999947
Partly Cloudy,Ground Truth,1.5949333186666657
Partly Cloudy,Ground Truth,1.0352840166666688
Partly Cloudy,Ground Truth,3.0433017117333314
Partly Cloudy,Ground Truth,2.452313323666665
Partly Cloudy,Ground Truth,1.8248349373999986
Partly Cloudy,Ground Truth,0.5557151126666682
Partly Cloudy,Ground Truth,1.2506201033333326
Partly Cloudy,Ground Truth,1.8080645153333297
Partly Cloudy,Ground Truth,2.647470507000005
Partly Cloudy,Ground Truth,3.875403531866665
Partly Cloudy,Ground Truth,0.49080092026666566
Partly Cloudy,Ground Truth,2.057848550000001
Partly Cloudy,Ground Truth,1.2239892971333335
Partly Cloudy,Ground Truth,1.2120513493333331
Partly Cloudy,Ground Truth,0.8931659073333336
Partly Cloudy,Ground Truth,0.5876108579333335
Partly Cloudy,Ground Truth,0.7737410111999996
Partly Cloudy,Ground Truth,0.7025747701333335
Partly Cloudy,Ground Truth,0.9712843915301066
Partly Cloudy,Ground Truth,1.0337700278073492
Partly Cloudy,Ground Truth,0.8482778230666667
Partly Cloudy,Ground Truth,1.3043981095333335
Partly Cloudy,Ground Truth,0.8909480489333332
Partly Cloudy,Ground Truth,1.9959499664000009
Partly Cloudy,Ground Truth,2.5262499003333323
Partly Cloudy,Ground Truth,1.8601579948666664
Partly Cloudy,Ground Truth,6.054804585933335
Partly Cloudy,Ground Truth,2.9765573077333323
Partly Cloudy,Ground Truth,1.1198134915333338
Partly Cloudy,Ground Truth,1.2112530661333332
Partly Cloudy,Ground Truth,15.497445411066668
Partly Cloudy,Ground Truth,2.9378871809333322
Partly Cloudy,Ground Truth,3.3692803812666714
Partly Cloudy,Ground Truth,5.3945820653333305
Partly Cloudy,Ground Truth,0.07298317033333301
Partly Cloudy,Ground Truth,6.196766025533334
Partly Cloudy,Ground Truth,7.9095016267333325
Partly Cloudy,Ground Truth,2.1094578713333334
Partly Cloudy,Ground Truth,5.730336990000001
Partly Cloudy,Ground Truth,2.1114567179999995
Partly Cloudy,Ground Truth,7.754391717600001
Partly Cloudy,Ground Truth,11.932727968266668
Partly Cloudy,Ground Truth,5.452846340533338
Partly Cloudy,Ground Truth,1.231877796533336
Partly Cloudy,Ground Truth,0.21093934533333325
Partly Cloudy,Ground Truth,1.950603774000001
Partly Cloudy,Ground Truth,1.0415896033333318
Partly Cloudy,Ground Truth,1.605828378266665
Partly Cloudy,Ground Truth,1.2435532377333374
Partly Cloudy,Ground Truth,0.13356226846666175
Partly Cloudy,Ground Truth,10.755697391200004
Partly Cloudy,Ground Truth,2.8372767858000003
Partly Cloudy,Ground Truth,4.081568863800003
Partly Cloudy,Ground Truth,5.254616849533335
Partly Cloudy,Ground Truth,6.4114233566
Partly Cloudy,Ground Truth,1.0166008735333332
Partly Cloudy,Ground Truth,2.2232378786666667
Partly Cloudy,Ground Truth,9.482678918933335
Partly Cloudy,Ground Truth,10.701042168200004
Partly Cloudy,Ground Truth,0.531510240799999
Partly Cloudy,Ground Truth,0.6363904852666664
Partly Cloudy,Ground Truth,0.44952857593333384
Partly Cloudy,Ground Truth,1.2049753180666662
Partly Cloudy,Ground Truth,0.013102450800000054
Partly Cloudy,Ground Truth,0.2857715309333333
Partly Cloudy,Ground Truth,0.13132671493333326
Partly Cloudy,Ground Truth,0.7034610399333334
Partly Cloudy,Ground Truth,1.1545891862
Partly Cloudy,Ground Truth,0.7174572924000004
Partly Cloudy,Ground Truth,0.41536730553333356
Partly Cloudy,Ground Truth,1.3237582432000004
Partly Cloudy,Ground Truth,1.2336139627333327
Partly Cloudy,Ground Truth,0.46291459286666736
Partly Cloudy,Ground Truth,1.3258240230666671
Partly Cloudy,Ground Truth,4.553495963533333
Partly Cloudy,Ground Truth,1.9359659578666673
Partly Cloudy,Ground Truth,2.4353361019333306
Partly Cloudy,Ground Truth,1.2184078760000023
Partly Cloudy,Ground Truth,1.3931454073333338
Partly Cloudy,Ground Truth,1.2468501160000027
Partly Cloudy,Ground Truth,1.1734010613333297
Partly Cloudy,Ground Truth,0.13610239999999862
Partly Cloudy,Ground Truth,1.4978675706666635
Partly Cloudy,Ground Truth,1.1016721346666642
Partly Cloudy,Ground Truth,1.4442812406666619
Partly Cloudy,Ground Truth,0.38137735266666795
Partly Cloudy,Ground Truth,2.313357162666673
Partly Cloudy,Ground Truth,0.9055326393333338
Partly Cloudy,Ground Truth,1.283102058666671
Partly Cloudy,Ground Truth,2.812480741333335
Partly Cloudy,Ground Truth,0.6754338060000045
Partly Cloudy,Ground Truth,0.3443466540000024
Partly Cloudy,Ground Truth,0.9240712346666662
Partly Cloudy,Ground Truth,0.13152898000000235
Partly Cloudy,Ground Truth,0.7562781586666638
Partly Cloudy,Ground Truth,1.0014059853333315
Partly Cloudy,Ground Truth,0.2936610426666668
Partly Cloudy,Ground Truth,4.2366138840000005
Partly Cloudy,Ground Truth,0.3698100393333341
Partly Cloudy,Ground Truth,2.494454096666665
Partly Cloudy,Ground Truth,5.488669437999995
Partly Cloudy,Ground Truth,5.005278835333332
Partly Cloudy,Ground Truth,9.185851811000001
Partly Cloudy,Ground Truth,4.264109810333331
Partly Cloudy,Ground Truth,0.28407526800000227
Partly Cloudy,Ground Truth,1.5431464246666682
Partly Cloudy,Ground Truth,1.334350823333331
Partly Cloudy,Ground Truth,3.167534293333331
Partly Cloudy,Ground Truth,8.643000126800002
Partly Cloudy,Ground Truth,0.2628405820666657
Partly Cloudy,Ground Truth,0.4188761694666665
Partly Cloudy,Ground Truth,1.1954452526000008
Partly Cloudy,Ground Truth,1.3023239976000003
Partly Cloudy,Ground Truth,1.0606058907999998
Partly Cloudy,Ground Truth,0.5036882642666667
Partly Cloudy,Ground Truth,2.0591000774666672
Partly Cloudy,Ground Truth,1.7084252458666664
Partly Cloudy,Ground Truth,0.3665737456666667
Partly Cloudy,Ground Truth,0.7778590424666662
Partly Cloudy,Ground Truth,1.327544367466667
Partly Cloudy,Ground Truth,0.8553131071999998
Partly Cloudy,Ground Truth,2.3698509762666666
Partly Cloudy,Ground Truth,1.2514862698666667
Partly Cloudy,Ground Truth,2.5810610099999995
Partly Cloudy,Ground Truth,0.20430773526666668
Partly Cloudy,Ground Truth,7.901997213
Partly Cloudy,Ground Truth,2.239028710466666
Partly Cloudy,Ground Truth,3.3743089433333324
Partly Cloudy,Ground Truth,4.950416532199998
Partly Cloudy,Ground Truth,1.025804978933337
Partly Cloudy,Ground Truth,4.911111590000001
Partly Cloudy,Ground Truth,7.227457283466666
Partly Cloudy,Ground Truth,9.7864239538
Partly Cloudy,Ground Truth,6.668731502066666
Partly Cloudy,Ground Truth,6.032648721466666
Partly Cloudy,Ground Truth,11.220742516333333
Partly Cloudy,Ground Truth,3.2475656911333353
Partly Cloudy,Ground Truth,3.0878660923999988
Partly Cloudy,Ground Truth,7.333895364133335
Partly Cloudy,Ground Truth,1.192110659333327
Partly Cloudy,Ground Truth,0.8431645493333342
Partly Cloudy,Ground Truth,11.217780580399994
Partly Cloudy,Ground Truth,1.826449476266669
Partly Cloudy,Ground Truth,2.386958370066667
Partly Cloudy,Ground Truth,7.015825519133335
Partly Cloudy,Ground Truth,6.342416429066667
Partly Cloudy,Ground Truth,1.480584514866667
Partly Cloudy,Ground Truth,6.328445588733334
Partly Cloudy,Ground Truth,4.560958879066661
Partly Cloudy,Ground Truth,1.5283674840000003
Partly Cloudy,Ground Truth,0.6404936113333264
Partly Cloudy,Ground Truth,0.6863905453333352
Partly Cloudy,Ground Truth,0.8871299199999996
Partly Cloudy,Ground Truth,1.0799685633333347
Partly Cloudy,Ground Truth,1.0766761646666652
Partly Cloudy,Ground Truth,1.113787394000001
Partly Cloudy,Ground Truth,1.3140257226666687
Partly Cloudy,Ground Truth,1.3003416533333318
Partly Cloudy,Ground Truth,1.3782646233333313
Partly Cloudy,Ground Truth,1.529632249066669
Partly Cloudy,Ground Truth,1.5012735207333332
Partly Cloudy,Ground Truth,1.5655373239999992
Partly Cloudy,Ground Truth,1.6103433660000004
Partly Cloudy,Ground Truth,1.5614450368666666
Partly Cloudy,Ground Truth,1.2911320102000001
Partly Cloudy,Ground Truth,1.0482695851333337
Partly Cloudy,Ground Truth,0.7629755703999996
Partly Cloudy,LSTM,0.7224119999999998
Partly Cloudy,LSTM,0.9108855
Partly Cloudy,LSTM,0.9377744999999997
Partly Cloudy,LSTM,1.2886777
Partly Cloudy,LSTM,1.0575580000000002
Partly Cloudy,LSTM,1.5613292999999997
Partly Cloudy,LSTM,1.335700000000001
Partly Cloudy,LSTM,1.41432
Partly Cloudy,LSTM,1.0692969999999988
Partly Cloudy,LSTM,1.1157580000000014
Partly Cloudy,LSTM,0.8964799999999986
Partly Cloudy,LSTM,0.733683000000001
Partly Cloudy,LSTM,0.1123119999999993
Partly Cloudy,LSTM,0.13190499999999972
Partly Cloudy,LSTM,0.10784199999999977
Partly Cloudy,LSTM,0.2824844999999989
Partly Cloudy,LSTM,0.2123135000000005
Partly Cloudy,LSTM,0.5289785000000009
Partly Cloudy,LSTM,0.03662550000000131
Partly Cloudy,LSTM,0.15736599999999967
Partly Cloudy,LSTM,0.230478999999999
Partly Cloudy,LSTM,0.3707760000000011
Partly Cloudy,LSTM,0.3290620000000004
Partly Cloudy,LSTM,0.23616899999999852
Partly Cloudy,LSTM,0.31339499999999987
Partly Cloudy,LSTM,0.342333
Partly Cloudy,LSTM,0.39273700000000034
Partly Cloudy,LSTM,0.5192109999999985
Partly Cloudy,LSTM,0.6946590000000015
Partly Cloudy,LSTM,0.600975
Partly Cloudy,LSTM,0.9092839999999995
Partly Cloudy,LSTM,1.0759360000000004
Partly Cloudy,LSTM,1.339255999999999
Partly Cloudy,LSTM,1.4939790000000013
Partly Cloudy,LSTM,1.4205679999999994
Partly Cloudy,LSTM,1.6001459999999996
Partly Cloudy,LSTM,1.6547590000000003
Partly Cloudy,LSTM,1.1460920000000003
Partly Cloudy,LSTM,1.0591253999999997
Partly Cloudy,LSTM,0.6633058399999999
Partly Cloudy,LSTM,0.47067000000000014
Partly Cloudy,LSTM,1.297759
Partly Cloudy,LSTM,0.9549314999999998
Partly Cloudy,LSTM,1.7639202999999997
Partly Cloudy,LSTM,1.3751402000000006
Partly Cloudy,LSTM,1.8493985000000004
Partly Cloudy,LSTM,1.5779299999999985
Partly Cloudy,LSTM,2.027496000000001
Partly Cloudy,LSTM,1.6320959999999989
Partly Cloudy,LSTM,1.9675139999999995
Partly Cloudy,LSTM,1.4630130000000001
Partly Cloudy,LSTM,1.2533260000000013
Partly Cloudy,LSTM,1.1041999999999987
Partly Cloudy,LSTM,0.45137100000000174
Partly Cloudy,LSTM,0.43083599999999933
Partly Cloudy,LSTM,0.08474199999999854
Partly Cloudy,LSTM,0.09593499999999722
Partly Cloudy,LSTM,0.010310000000000485
Partly Cloudy,LSTM,0.36053099999999816
Partly Cloudy,LSTM,0.0803590000000014
Partly Cloudy,LSTM,0.336942999999998
Partly Cloudy,LSTM,0.16507700000000014
Partly Cloudy,LSTM,0.24657300000000149
Partly Cloudy,LSTM,0.1432469999999988
Partly Cloudy,LSTM,0.03909900000000022
Partly Cloudy,LSTM,0.8200430000000019
Partly Cloudy,LSTM,0.7217449999999985
Partly Cloudy,LSTM,0.6289219999999993
Partly Cloudy,LSTM,0.9109450000000017
Partly Cloudy,LSTM,1.1709999999999994
Partly Cloudy,LSTM,1.2420020000000012
Partly Cloudy,LSTM,1.430216999999999
Partly Cloudy,LSTM,1.472278000000001
Partly Cloudy,LSTM,1.9769290000000002
Partly Cloudy,LSTM,2.101310999999999
Partly Cloudy,LSTM,1.5258324000000005
Partly Cloudy,LSTM,1.6006745999999996
Partly Cloudy,LSTM,1.3891285
Partly Cloudy,LSTM,1.0872768
Partly Cloudy,LSTM,0.6284153600000001
Partly Cloudy,LSTM,0.05742109999999989
Partly Cloudy,LSTM,0.08727910000000016
Partly Cloudy,LSTM,0.21085360000000009
Partly Cloudy,LSTM,0.2061769
Partly Cloudy,LSTM,0.0026588999999999086
Partly Cloudy,LSTM,0.5183456999999998
Partly Cloudy,LSTM,0.3026432000000001
Partly Cloudy,LSTM,0.7867411
Partly Cloudy,LSTM,0.7604188999999999
Partly Cloudy,LSTM,1.5762109
Partly Cloudy,LSTM,1.4787153000000002
Partly Cloudy,LSTM,2.0099836999999994
Partly Cloudy,LSTM,1.796614
Partly Cloudy,LSTM,1.6935510000000011
Partly Cloudy,LSTM,1.480098
Partly Cloudy,LSTM,1.0637709999999991
Partly Cloudy,LSTM,0.8510200000000001
Partly Cloudy,LSTM,0.31952200000000097
Partly Cloudy,LSTM,0.0829979999999999
Partly Cloudy,LSTM,0.256278
Partly Cloudy,LSTM,0.9327525000000012
Partly Cloudy,LSTM,0.8665984999999985
Partly Cloudy,LSTM,1.091304000000001
Partly Cloudy,LSTM,1.101566
Partly Cloudy,LSTM,0.9956099999999992
Partly Cloudy,LSTM,0.9656500000000001
Partly Cloudy,LSTM,0.8751460000000009
Partly Cloudy,LSTM,0.9931225999999995
Partly Cloudy,LSTM,0.7559244000000005
Partly Cloudy,LSTM,0.3657596999999999
Partly Cloudy,LSTM,0.6529992999999994
Partly Cloudy,LSTM,0.41653699999999994
Partly Cloudy,LSTM,0.20023429999999998
Partly Cloudy,LSTM,0.13106920000000066
Partly Cloudy,LSTM,0.19848679999999952
Partly Cloudy,LSTM,0.44932570000000016
Partly Cloudy,LSTM,0.6740754
Partly Cloudy,LSTM,0.35307220000000017
Partly Cloudy,LSTM,0.4580983999999999
Partly Cloudy,LSTM,0.48360100000000017
Partly Cloudy,LSTM,0.5091455999999996
Partly Cloudy,LSTM,0.3545606000000001
Partly Cloudy,LSTM,0.28418909999999986
Partly Cloudy,LSTM,0.05713210000000002
Partly Cloudy,LSTM,0.014239300000000066
Partly Cloudy,LSTM,0.014050899999999977
Partly Cloudy,LSTM,0.23117179999999982
Partly Cloudy,LSTM,0.1599615000000001
Partly Cloudy,LSTM,0.5128798999999999
Partly Cloudy,LSTM,0.014246599999999887
Partly Cloudy,LSTM,0.20816
Partly Cloudy,LSTM,0.7265918000000001
Partly Cloudy,LSTM,0.6131889999999998
Partly Cloudy,LSTM,1.2341013000000003
Partly Cloudy,LSTM,1.6461509999999997
Partly Cloudy,LSTM,1.6167103000000003
Partly Cloudy,LSTM,1.9194529999999999
Partly Cloudy,LSTM,1.727087000000001
Partly Cloudy,LSTM,2.0404989999999987
Partly Cloudy,LSTM,1.6218950000000003
Partly Cloudy,LSTM,1.6983230000000002
Partly Cloudy,LSTM,1.377108999999999
Partly Cloudy,LSTM,0.4749350000000021
Partly Cloudy,LSTM,0.3993690000000001
Partly Cloudy,LSTM,0.24166500000000113
Partly Cloudy,LSTM,0.658301999999999
Partly Cloudy,LSTM,0.9629960000000004
Partly Cloudy,LSTM,1.3281600000000005
Partly Cloudy,LSTM,1.3992810000000002
Partly Cloudy,LSTM,1.816446000000001
Partly Cloudy,LSTM,1.9964749999999984
Partly Cloudy,LSTM,1.8020123000000003
Partly Cloudy,LSTM,1.615037
Partly Cloudy,LSTM,1.3570127000000003
Partly Cloudy,LSTM,0.9295108000000001
Partly Cloudy,LSTM,0.7184347999999998
Partly Cloudy,LSTM,0.5172456000000003
Partly Cloudy,LSTM,0.5580162999999998
Partly Cloudy,LSTM,0.3914512000000001
Partly Cloudy,LSTM,0.23055289999999995
Partly Cloudy,LSTM,0.07734240000000003
Partly Cloudy,LSTM,0.09197860000000002
Partly Cloudy,LSTM,0.2481293
Partly Cloudy,LSTM,0.11879609999999996
Partly Cloudy,LSTM,0.15095474999999992
Partly Cloudy,LSTM,0.08440100000000017
Partly Cloudy,LSTM,0.1250517
Partly Cloudy,LSTM,0.29568656000000004
Partly Cloudy,LSTM,0.3464513599999999
Partly Cloudy,LSTM,0.0011533999999999711
Partly Cloudy,LSTM,0.7631714999999999
Partly Cloudy,LSTM,0.4271482
Partly Cloudy,LSTM,1.0211627
Partly Cloudy,LSTM,1.1538603000000003
Partly Cloudy,LSTM,2.099317
Partly Cloudy,LSTM,1.9703619999999997
Partly Cloudy,LSTM,2.629747
Partly Cloudy,LSTM,2.5337010000000006
Partly Cloudy,LSTM,2.432254999999998
Partly Cloudy,LSTM,2.2632200000000005
Partly Cloudy,LSTM,1.4295870000000015
Partly Cloudy,LSTM,1.3625900000000009
Partly Cloudy,LSTM,0.6828079999999979
Partly Cloudy,LSTM,0.3642479999999999
Partly Cloudy,LSTM,0.046499000000000734
Partly Cloudy,LSTM,0.7978419999999993
Partly Cloudy,LSTM,0.6012540000000008
Partly Cloudy,LSTM,1.0281239999999983
Partly Cloudy,LSTM,0.963597
Partly Cloudy,LSTM,0.9963329999999999
Partly Cloudy,LSTM,1.0259070000000001
Partly Cloudy,LSTM,0.8431120000000014
Partly Cloudy,LSTM,1.304930999999998
Partly Cloudy,LSTM,0.9564409999999999
Partly Cloudy,LSTM,0.8497620000000001
Partly Cloudy,LSTM,0.9361910000000009
Partly Cloudy,LSTM,0.9051980000000004
Partly Cloudy,LSTM,0.7406889999999997
Partly Cloudy,LSTM,0.8310009999999988
Partly Cloudy,LSTM,0.9504940000000008
Partly Cloudy,LSTM,1.1063010000000002
Partly Cloudy,LSTM,1.5361772999999994
Partly Cloudy,LSTM,0.9082122000000004
Partly Cloudy,LSTM,1.0224044999999995
Partly Cloudy,LSTM,0.9786970000000004
Partly Cloudy,LSTM,0.819588
Partly Cloudy,LSTM,0.5800394
Partly Cloudy,LSTM,0.7066171000000001
Partly Cloudy,LSTM,1.0697518000000001
Partly Cloudy,LSTM,1.0322777999999997
Partly Cloudy,LSTM,1.2956580999999998
Partly Cloudy,LSTM,1.122375
Partly Cloudy,LSTM,1.4889293000000006
Partly Cloudy,LSTM,1.3397279999999991
Partly Cloudy,LSTM,1.134741
Partly Cloudy,LSTM,0.7568590000000004
Partly Cloudy,LSTM,0.6547250000000009
Partly Cloudy,LSTM,0.36115799999999965
Partly Cloudy,LSTM,0.3691709999999997
Partly Cloudy,LSTM,0.7742470000000008
Partly Cloudy,LSTM,0.42629499999999965
Partly Cloudy,LSTM,0.8875149999999987
Partly Cloudy,LSTM,0.6609970000000001
Partly Cloudy,LSTM,1.0506930000000008
Partly Cloudy,LSTM,1.1640959999999998
Partly Cloudy,LSTM,0.7380154000000001
Partly Cloudy,LSTM,0.5717106000000003
Partly Cloudy,LSTM,0.28649330000000006
Partly Cloudy,LSTM,0.1153512000000001
Partly Cloudy,LSTM,0.025424500000000627
Partly Cloudy,LSTM,0.1282363000000002
Partly Cloudy,LSTM,0.6791026999999996
Partly Cloudy,LSTM,0.8901716999999998
Partly Cloudy,LSTM,1.098625300000001
Partly Cloudy,LSTM,0.40224449999999834
Partly Cloudy,LSTM,0.31548150000000064
Partly Cloudy,LSTM,0.4053970000000007
Partly Cloudy,LSTM,0.23916999999999966
Partly Cloudy,LSTM,0.2790410000000012
Partly Cloudy,LSTM,1.0008689999999998
Partly Cloudy,LSTM,1.177009
Partly Cloudy,LSTM,1.2880320000000003
Partly Cloudy,LSTM,1.6025435999999997
Partly Cloudy,LSTM,1.619859
Partly Cloudy,LSTM,1.0678997
Partly Cloudy,LSTM,0.9514476000000001
Partly Cloudy,LSTM,0.7129861
Partly Cloudy,LSTM,0.0
Partly Cloudy,LSTM,0.0
Partly Cloudy,LSTM,0.0
Partly Cloudy,LSTM,0.88443576
Partly Cloudy,LSTM,0.9249181
Partly Cloudy,LSTM,1.4249389
Partly Cloudy,LSTM,1.1103570000000005
Partly Cloudy,LSTM,1.9766931999999997
Partly Cloudy,LSTM,1.4071857999999997
Partly Cloudy,LSTM,2.069923000000001
Partly Cloudy,LSTM,1.5037509999999994
Partly Cloudy,LSTM,1.6001209999999997
Partly Cloudy,LSTM,1.3386379999999996
Partly Cloudy,LSTM,1.4628700000000006
Partly Cloudy,LSTM,1.3207829999999987
Partly Cloudy,LSTM,1.4628890000000006
Partly Cloudy,LSTM,0.8424739999999993
Partly Cloudy,LSTM,1.0918810000000008
Partly Cloudy,LSTM,0.7318260000000016
Partly Cloudy,LSTM,0.3929170000000006
Partly Cloudy,LSTM,0.2916649999999983
Partly Cloudy,LSTM,0.005144999999998845
Partly Cloudy,LSTM,0.38604899999999986
Partly Cloudy,LSTM,0.040977000000001595
Partly Cloudy,LSTM,0.2015659999999997
Partly Cloudy,LSTM,0.13205999999999918
Partly Cloudy,LSTM,0.11423500000000075
Partly Cloudy,LSTM,0.46591199999999944
Partly Cloudy,LSTM,0.2353360000000002
Partly Cloudy,LSTM,0.33649400000000185
Partly Cloudy,LSTM,0.2625639999999976
Partly Cloudy,LSTM,0.8798830000000031
Partly Cloudy,LSTM,0.7210329999999985
Partly Cloudy,LSTM,0.49018999999999835
Partly Cloudy,LSTM,0.736498000000001
Partly Cloudy,LSTM,1.0222590000000018
Partly Cloudy,LSTM,1.0203779999999973
Partly Cloudy,LSTM,0.9599020000000014
Partly Cloudy,LSTM,1.2841880000000003
Partly Cloudy,LSTM,1.8448259999999994
Partly Cloudy,LSTM,2.0400419999999997
Partly Cloudy,LSTM,1.5122
Partly Cloudy,LSTM,1.6921050000000006
Partly Cloudy,LSTM,1.6123909999999997
Partly Cloudy,LSTM,1.5522896000000004
Partly Cloudy,LSTM,1.0773004
Partly Cloudy,LSTM,1.1456516
Partly Cloudy,LSTM,0.25361239999999996
Partly Cloudy,LSTM,0.228642
Partly Cloudy,LSTM,0.11240589999999995
Partly Cloudy,LSTM,0.4608093
Partly Cloudy,LSTM,0.18315919999999997
Partly Cloudy,LSTM,0.22527730000000012
Partly Cloudy,LSTM,0.11610429999999994
Partly Cloudy,LSTM,0.2989126999999998
Partly Cloudy,LSTM,0.6631550000000002
Partly Cloudy,LSTM,1.3286070000000003
Partly Cloudy,LSTM,1.2854279999999996
Partly Cloudy,LSTM,1.9988475
Partly Cloudy,LSTM,1.9450285000000003
Partly Cloudy,LSTM,2.23058
Partly Cloudy,LSTM,2.0879589999999997
Partly Cloudy,LSTM,1.866073
Partly Cloudy,LSTM,1.8844860000000008
Partly Cloudy,LSTM,1.5207639999999998
Partly Cloudy,LSTM,1.6038919999999983
Partly Cloudy,LSTM,1.2185350000000028
Partly Cloudy,LSTM,0.5194229999999997
Partly Cloudy,LSTM,0.7117559999999976
Partly Cloudy,LSTM,0.32176899999999975
Partly Cloudy,LSTM,0.20276299999999736
Partly Cloudy,LSTM,0.16042799999999957
Partly Cloudy,LSTM,0.2929060000000021
Partly Cloudy,LSTM,0.16375599999999935
Partly Cloudy,LSTM,0.9819560000000003
Partly Cloudy,LSTM,1.0768810000000002
Partly Cloudy,LSTM,0.9395789999999984
Partly Cloudy,LSTM,1.1948070000000008
Partly Cloudy,LSTM,1.378427000000002
Partly Cloudy,LSTM,1.2294260000000001
Partly Cloudy,LSTM,1.428647999999999
Partly Cloudy,LSTM,1.3536139999999985
Partly Cloudy,LSTM,1.8712430000000015
Partly Cloudy,LSTM,2.0703359999999993
Partly Cloudy,LSTM,1.4199380000000001
Partly Cloudy,LSTM,1.6859947000000002
Partly Cloudy,LSTM,1.3945222999999993
Partly Cloudy,LSTM,1.2944912000000004
Partly Cloudy,LSTM,1.0608312999999998
Partly Cloudy,LSTM,1.1312693
Partly Cloudy,LSTM,1.266346
Partly Cloudy,LSTM,1.2811522000000002
Partly Cloudy,LSTM,1.5427833
Partly Cloudy,LSTM,1.1771205999999994
Partly Cloudy,LSTM,1.9295485999999995
Partly Cloudy,LSTM,1.339322000000001
Partly Cloudy,LSTM,1.8122620000000005
Partly Cloudy,LSTM,1.2925699999999996
Partly Cloudy,LSTM,1.3985859999999999
Partly Cloudy,LSTM,1.0089360000000003
Partly Cloudy,LSTM,1.2384699999999995
Partly Cloudy,LSTM,0.9764440000000008
Partly Cloudy,LSTM,1.1637120000000003
Partly Cloudy,LSTM,0.6195299999999975
Partly Cloudy,LSTM,0.729336
Partly Cloudy,LSTM,0.6019880000000022
Partly Cloudy,LSTM,0.23847100000000054
Partly Cloudy,LSTM,0.29232999999999976
Partly Cloudy,LSTM,0.018646000000000384
Partly Cloudy,LSTM,0.39727200000000096
Partly Cloudy,LSTM,0.2033529999999999
Partly Cloudy,LSTM,0.05424600000000268
Partly Cloudy,LSTM,0.10813600000000179
Partly Cloudy,LSTM,0.06739299999999915
Partly Cloudy,LSTM,0.3051530000000007
Partly Cloudy,LSTM,0.3776440000000001
Partly Cloudy,LSTM,0.4149220000000007
Partly Cloudy,LSTM,0.39985499999999874
Partly Cloudy,LSTM,1.2009470000000029
Partly Cloudy,LSTM,1.1421409999999987
Partly Cloudy,LSTM,0.9639929999999985
Partly Cloudy,LSTM,1.1859819999999992
Partly Cloudy,LSTM,1.4354090000000017
Partly Cloudy,LSTM,1.3959910000000004
Partly Cloudy,LSTM,1.4120109999999997
Partly Cloudy,LSTM,1.435262999999999
Partly Cloudy,LSTM,1.832656
Partly Cloudy,LSTM,1.900144000000001
Partly Cloudy,LSTM,1.3144910000000003
Partly Cloudy,LSTM,1.3385829999999999
Partly Cloudy,LSTM,1.1764973999999997
Partly Cloudy,LSTM,1.0352725999999999
Partly Cloudy,LSTM,0.5647082000000001
Partly Cloudy,LSTM,0.9211539
Partly Cloudy,LSTM,1.2113194999999997
Partly Cloudy,LSTM,1.2607527000000003
Partly Cloudy,LSTM,1.4671424999999996
Partly Cloudy,LSTM,1.5946395000000004
Partly Cloudy,LSTM,1.3151779999999995
Partly Cloudy,LSTM,1.561102
Partly Cloudy,LSTM,1.2157410000000013
Partly Cloudy,LSTM,1.3367759999999986
Partly Cloudy,LSTM,0.803884
Partly Cloudy,LSTM,0.861675
Partly Cloudy,LSTM,0.6547260000000019
Partly Cloudy,LSTM,0.5276089999999982
Partly Cloudy,LSTM,0.03051200000000165
Partly Cloudy,LSTM,0.1247920000000029
Partly Cloudy,LSTM,0.03611699999999729
Partly Cloudy,LSTM,0.13649799999999956
Partly Cloudy,LSTM,0.06953599999999938
Partly Cloudy,LSTM,0.25332500000000024
Partly Cloudy,LSTM,0.35938999999999766
Partly Cloudy,LSTM,0.43378700000000237
Partly Cloudy,LSTM,0.505711999999999
Partly Cloudy,LSTM,0.5523820000000015
Partly Cloudy,LSTM,0.3789479999999976
Partly Cloudy,LSTM,0.19373900000000077
Partly Cloudy,LSTM,0.02515200000000206
Partly Cloudy,LSTM,0.09638399999999692
Partly Cloudy,LSTM,0.004822999999998245
Partly Cloudy,LSTM,1.0247829999999993
Partly Cloudy,LSTM,1.4958279999999995
Partly Cloudy,LSTM,1.295364000000001
Partly Cloudy,LSTM,1.599051000000001
Partly Cloudy,LSTM,1.7940379999999987
Partly Cloudy,LSTM,2.0088690000000007
Partly Cloudy,LSTM,2.0520183000000003
Partly Cloudy,LSTM,1.7019471999999993
Partly Cloudy,LSTM,1.7352775000000005
Partly Cloudy,LSTM,1.5388284999999997
Partly Cloudy,LSTM,0.9563012000000002
Partly Cloudy,LSTM,0.5743596599999999
Partly Cloudy,LSTM,0.27111048000000004
Partly Cloudy,LSTM,0.31418672
Partly Cloudy,LSTM,0.29683816
Partly Cloudy,LSTM,0.08116570000000001
Partly Cloudy,LSTM,1.2977205
Partly Cloudy,LSTM,1.2928593
Partly Cloudy,LSTM,1.5960231
Partly Cloudy,LSTM,1.0954512999999997
Partly Cloudy,LSTM,1.871087000000001
Partly Cloudy,LSTM,1.223395
Partly Cloudy,LSTM,1.6002519999999993
Partly Cloudy,LSTM,1.0077949999999998
Partly Cloudy,LSTM,1.2653619999999997
Partly Cloudy,LSTM,0.8473009999999999
Partly Cloudy,LSTM,1.0135489999999994
Partly Cloudy,LSTM,0.8832360000000001
Partly Cloudy,LSTM,1.1203700000000012
Partly Cloudy,LSTM,0.5796799999999998
Partly Cloudy,LSTM,0.8097630000000002
Partly Cloudy,LSTM,0.7376989999999992
Partly Cloudy,LSTM,0.4790309999999991
Partly Cloudy,LSTM,0.45678900000000056
Partly Cloudy,LSTM,0.21908400000000228
Partly Cloudy,LSTM,0.6677239999999998
Partly Cloudy,LSTM,0.3817789999999981
Partly Cloudy,LSTM,0.14772999999999925
Partly Cloudy,LSTM,0.2016220000000004
Partly Cloudy,LSTM,0.025349000000002064
Partly Cloudy,LSTM,0.24211000000000027
Partly Cloudy,LSTM,0.2085240000000006
Partly Cloudy,LSTM,0.26801499999999834
Partly Cloudy,LSTM,0.22888400000000075
Partly Cloudy,LSTM,0.8880370000000006
Partly Cloudy,LSTM,0.9091550000000019
Partly Cloudy,LSTM,0.5564479999999996
Partly Cloudy,LSTM,0.9273530000000001
Partly Cloudy,LSTM,1.185924
Partly Cloudy,LSTM,1.167866
Partly Cloudy,LSTM,1.0724189999999982
Partly Cloudy,LSTM,1.2999314999999996
Partly Cloudy,LSTM,2.0616275
Partly Cloudy,LSTM,2.082954000000001
Partly Cloudy,LSTM,1.7128549999999994
Partly Cloudy,LSTM,1.8123750000000003
Partly Cloudy,LSTM,1.7374669999999997
Partly Cloudy,LSTM,1.6782144000000003
Partly Cloudy,LSTM,1.1196920000000001
Partly Cloudy,LSTM,1.2398586999999999
Partly Cloudy,LSTM,0.39333357999999996
Partly Cloudy,LSTM,0.2306016700000001
Partly Cloudy,LSTM,0.5138163999999998
Partly Cloudy,LSTM,0.4287310000000002
Partly Cloudy,LSTM,0.5859348999999998
Partly Cloudy,LSTM,0.7042383999999999
Partly Cloudy,LSTM,0.6743240999999998
Partly Cloudy,LSTM,0.9795589000000007
Partly Cloudy,LSTM,0.5741190999999999
Partly Cloudy,LSTM,1.1772282999999995
Partly Cloudy,LSTM,0.7163855000000003
Partly Cloudy,LSTM,1.2369084999999993
Partly Cloudy,LSTM,0.9167950000000005
Partly Cloudy,LSTM,1.257002
Partly Cloudy,LSTM,1.1554330000000004
Partly Cloudy,LSTM,1.2237980000000004
Partly Cloudy,LSTM,1.2050780000000003
Partly Cloudy,LSTM,1.3769799999999996
Partly Cloudy,LSTM,1.28632
Partly Cloudy,LSTM,1.3960879999999989
Partly Cloudy,LSTM,1.1555740000000014
Partly Cloudy,LSTM,0.6696989999999978
Partly Cloudy,LSTM,0.8911470000000001
Partly Cloudy,LSTM,0.4711980000000011
Partly Cloudy,LSTM,0.657039000000001
Partly Cloudy,LSTM,0.5603239999999978
Partly Cloudy,LSTM,0.13657600000000159
Partly Cloudy,LSTM,0.27719300000000047
Partly Cloudy,LSTM,0.1114709999999981
Partly Cloudy,LSTM,0.035602999999998275
Partly Cloudy,LSTM,0.16671799999999948
Partly Cloudy,LSTM,0.18523899999999927
Partly Cloudy,LSTM,0.07522399999999863
Partly Cloudy,LSTM,0.8234139999999996
Partly Cloudy,LSTM,0.6574990000000014
Partly Cloudy,LSTM,0.5371169999999985
Partly Cloudy,LSTM,0.565455
Partly Cloudy,LSTM,0.8729599999999991
Partly Cloudy,LSTM,0.7384170000000019
Partly Cloudy,LSTM,0.7569470000000003
Partly Cloudy,LSTM,1.0120560000000012
Partly Cloudy,LSTM,1.5295629999999978
Partly Cloudy,LSTM,1.7141720000000014
Partly Cloudy,LSTM,1.2324699999999993
Partly Cloudy,LSTM,1.6271470000000008
Partly Cloudy,LSTM,1.678661
Partly Cloudy,LSTM,1.6064869999999996
Partly Cloudy,LSTM,1.5626926999999995
Partly Cloudy,LSTM,1.5786363000000003
Partly Cloudy,LSTM,1.5745879999999999
Partly Cloudy,LSTM,1.2354688999999999
Partly Cloudy,LSTM,0.9436329
Partly Cloudy,LSTM,0.2887326
Partly Cloudy,LSTM,0.41058414
Partly Cloudy,LSTM,0.46693150000000005
Partly Cloudy,LSTM,0.7679551
Partly Cloudy,LSTM,0.8846011999999999
Partly Cloudy,LSTM,1.1980801000000003
Partly Cloudy,LSTM,1.1675043
Partly Cloudy,LSTM,1.6141123999999998
Partly Cloudy,LSTM,1.2096240000000007
Partly Cloudy,LSTM,1.8444254999999998
Partly Cloudy,LSTM,1.3637005000000002
Partly Cloudy,LSTM,1.5939219999999992
Partly Cloudy,LSTM,1.1998750000000005
Partly Cloudy,LSTM,1.3393309999999996
Partly Cloudy,LSTM,1.0673590000000015
Partly Cloudy,LSTM,0.9728339999999989
Partly Cloudy,LSTM,0.9887009999999989
Partly Cloudy,LSTM,0.987795000000002
Partly Cloudy,LSTM,0.676205999999997
Partly Cloudy,LSTM,0.9959320000000034
Partly Cloudy,LSTM,0.7131439999999998
Partly Cloudy,LSTM,0.364177999999999
Partly Cloudy,LSTM,0.4945449999999987
Partly Cloudy,LSTM,0.2088549999999998
Partly Cloudy,LSTM,0.5958100000000002
Partly Cloudy,LSTM,0.38970700000000136
Partly Cloudy,LSTM,0.11409199999999942
Partly Cloudy,LSTM,0.10251600000000138
Partly Cloudy,LSTM,0.04279199999999861
Partly Cloudy,LSTM,0.3358850000000011
Partly Cloudy,LSTM,0.2891549999999974
Partly Cloudy,LSTM,0.3106010000000019
Partly Cloudy,LSTM,0.2832839999999983
Partly Cloudy,LSTM,0.8786900000000024
Partly Cloudy,LSTM,0.7754399999999997
Partly Cloudy,LSTM,0.4214689999999983
Partly Cloudy,LSTM,0.6012710000000006
Partly Cloudy,LSTM,0.8918180000000007
Partly Cloudy,LSTM,0.7845939999999985
Partly Cloudy,LSTM,0.7491570000000003
Partly Cloudy,LSTM,0.9912700000000001
Partly Cloudy,LSTM,1.5575100000000006
Partly Cloudy,LSTM,1.6718285000000002
Partly Cloudy,LSTM,1.249672499999999
Partly Cloudy,LSTM,1.507677000000001
Partly Cloudy,LSTM,1.6013339999999996
Partly Cloudy,LSTM,1.6016947000000004
Partly Cloudy,LSTM,1.3688116
Partly Cloudy,LSTM,1.5801277000000002
Partly Cloudy,LSTM,1.5608543999999998
Partly Cloudy,LSTM,1.0598435999999998
Partly Cloudy,LSTM,0.9474451000000002
Partly Cloudy,LSTM,0.56610605
Partly Cloudy,LSTM,0.10872292
Partly Cloudy,LSTM,0.3338763
Partly Cloudy,LSTM,0.01724429999999999
Partly Cloudy,LSTM,0.39417979999999986
Partly Cloudy,LSTM,0.18529380000000018
Partly Cloudy,LSTM,0.4254903999999997
Partly Cloudy,LSTM,0.2003109000000003
Partly Cloudy,LSTM,0.1868810999999999
Partly Cloudy,LSTM,0.11689660000000002
Partly Cloudy,LSTM,0.28230960000000005
Partly Cloudy,LSTM,0.15942519999999982
Partly Cloudy,LSTM,0.028078199999999942
Partly Cloudy,LSTM,0.17055240000000005
Partly Cloudy,LSTM,0.05333800000000011
Partly Cloudy,LSTM,0.08999540000000028
Partly Cloudy,LSTM,0.0632630999999999
Partly Cloudy,LSTM,0.21022510000000016
Partly Cloudy,LSTM,0.2786827999999999
Partly Cloudy,LSTM,0.08138999999999985
Partly Cloudy,LSTM,0.27311070000000015
Partly Cloudy,LSTM,0.08326559999999983
Partly Cloudy,LSTM,0.4768538000000002
Partly Cloudy,LSTM,0.5787206999999999
Partly Cloudy,LSTM,0.3452629999999999
Partly Cloudy,LSTM,0.4848914000000001
Partly Cloudy,LSTM,0.20764860000000007
Partly Cloudy,LSTM,0.25809776999999995
Partly Cloudy,LSTM,0.09941749
Partly Cloudy,LSTM,0.12491658700000001
Partly Cloudy,LSTM,0.018512353
Partly Cloudy,LSTM,0.0
Partly Cloudy,LSTM,0.050148199999999976
Partly Cloudy,LSTM,0.5600826
Partly Cloudy,LSTM,0.2503388
Partly Cloudy,LSTM,0.6481129000000001
Partly Cloudy,LSTM,0.5640649
Partly Cloudy,LSTM,0.48957680000000003
Partly Cloudy,LSTM,0.3476591
Partly Cloudy,LSTM,0.9570096000000001
Partly Cloudy,LSTM,0.552359
Partly Cloudy,LSTM,1.0457836
Partly Cloudy,LSTM,0.8508176999999995
Partly Cloudy,LSTM,0.8918917000000004
Partly Cloudy,LSTM,0.6818679999999997
Partly Cloudy,LSTM,0.5399530000000006
Partly Cloudy,LSTM,0.397335
Partly Cloudy,LSTM,0.19086300000000023
Partly Cloudy,LSTM,0.16864599999999896
Partly Cloudy,LSTM,0.014734999999999943
Partly Cloudy,LSTM,0.4266310000000004
Partly Cloudy,LSTM,0.22135399999999983
Partly Cloudy,LSTM,0.5252979999999994
Partly Cloudy,LSTM,0.7484929999999999
Partly Cloudy,LSTM,0.6013764999999998
Partly Cloudy,LSTM,0.8407340000000003
Partly Cloudy,LSTM,0.6360878999999997
Partly Cloudy,LSTM,1.0669513000000004
Partly Cloudy,LSTM,0.8800646999999997
Partly Cloudy,LSTM,0.6172662000000004
Partly Cloudy,LSTM,0.6713494
Partly Cloudy,LSTM,0.5196486999999999
Partly Cloudy,LSTM,0.27671009999999985
Partly Cloudy,LSTM,0.11233420000000005
Partly Cloudy,LSTM,0.2684875
Partly Cloudy,LSTM,0.19653280000000006
Partly Cloudy,LSTM,0.48648036
Partly Cloudy,LSTM,0.2509503
Partly Cloudy,LSTM,0.14796339999999997
Partly Cloudy,LSTM,0.5737817000000001
Partly Cloudy,LSTM,0.3823968
Partly Cloudy,LSTM,0.6839086999999999
Partly Cloudy,LSTM,0.5003543000000001
Partly Cloudy,LSTM,1.2151663999999998
Partly Cloudy,LSTM,1.0481759999999998
Partly Cloudy,LSTM,1.4151680000000004
Partly Cloudy,LSTM,1.2615720000000001
Partly Cloudy,LSTM,1.0431519999999992
Partly Cloudy,LSTM,1.0064540000000015
Partly Cloudy,LSTM,0.8824349999999992
Partly Cloudy,LSTM,0.6772310000000008
Partly Cloudy,LSTM,0.325785999999999
Partly Cloudy,LSTM,0.251652
Partly Cloudy,LSTM,0.11614199999999997
Partly Cloudy,LSTM,0.5327529999999996
Partly Cloudy,LSTM,0.5744350000000011
Partly Cloudy,LSTM,0.8532309999999992
Partly Cloudy,LSTM,1.1173289999999998
Partly Cloudy,LSTM,0.9450470000000006
Partly Cloudy,LSTM,1.0149382999999998
Partly Cloudy,LSTM,0.9350636999999997
Partly Cloudy,LSTM,1.1052963
Partly Cloudy,LSTM,1.1087422
Partly Cloudy,LSTM,0.6504287999999998
Partly Cloudy,LSTM,0.8176853
Partly Cloudy,LSTM,0.5116880000000001
Partly Cloudy,LSTM,0.3755796
Partly Cloudy,LSTM,0.16979390000000016
Partly Cloudy,LSTM,0.2071155
Partly Cloudy,LSTM,0.18717899999999987
Partly Cloudy,LSTM,0.41085647000000003
Partly Cloudy,LSTM,1.0924536999999999
Partly Cloudy,LSTM,0.9040096000000002
Partly Cloudy,LSTM,1.4984311999999997
Partly Cloudy,LSTM,1.3367681000000005
Partly Cloudy,LSTM,1.5245953000000005
Partly Cloudy,LSTM,1.335865
Partly Cloudy,LSTM,1.8354269999999993
Partly Cloudy,LSTM,1.4844849999999994
Partly Cloudy,LSTM,1.7841880000000003
Partly Cloudy,LSTM,1.3217140000000018
Partly Cloudy,LSTM,1.1490409999999969
Partly Cloudy,LSTM,0.786602000000002
Partly Cloudy,LSTM,0.5098939999999992
Partly Cloudy,LSTM,0.44243399999999866
Partly Cloudy,LSTM,0.004507000000000261
Partly Cloudy,LSTM,0.00966200000000228
Partly Cloudy,LSTM,0.19250600000000162
Partly Cloudy,LSTM,0.7624089999999981
Partly Cloudy,LSTM,0.5900180000000006
Partly Cloudy,LSTM,0.7591070000000002
Partly Cloudy,LSTM,1.0718449999999997
Partly Cloudy,LSTM,0.9967780000000008
Partly Cloudy,LSTM,0.9670009999999998
Partly Cloudy,LSTM,0.9092789999999997
Partly Cloudy,LSTM,1.3924570000000003
Partly Cloudy,LSTM,1.3462890000000005
Partly Cloudy,LSTM,1.132826999999999
Partly Cloudy,LSTM,1.2573032000000008
Partly Cloudy,LSTM,1.3094655
Partly Cloudy,LSTM,1.1210870000000002
Partly Cloudy,LSTM,1.1192943
Partly Cloudy,LSTM,0.9924035999999998
Partly Cloudy,LSTM,1.1251722
Partly Cloudy,LSTM,1.08565245
Partly Cloudy,LSTM,0.08198539999999999
Partly Cloudy,LSTM,0.07254880000000008
Partly Cloudy,LSTM,0.1873872000000001
Partly Cloudy,LSTM,0.33210609999999985
Partly Cloudy,LSTM,0.0649367999999999
Partly Cloudy,LSTM,0.1157672999999999
Partly Cloudy,LSTM,0.2510645
Partly Cloudy,LSTM,0.42379190000000033
Partly Cloudy,LSTM,0.5267062
Partly Cloudy,LSTM,0.3666662999999999
Partly Cloudy,LSTM,0.6094790000000003
Partly Cloudy,LSTM,0.3955587999999999
Partly Cloudy,LSTM,0.44687319999999975
Partly Cloudy,LSTM,0.3290512999999997
Partly Cloudy,LSTM,0.21022300000000005
Partly Cloudy,LSTM,0.059673700000000274
Partly Cloudy,LSTM,0.17008259999999975
Partly Cloudy,LSTM,0.12888529999999943
Partly Cloudy,LSTM,0.09634069999999983
Partly Cloudy,LSTM,0.5324730999999998
Partly Cloudy,LSTM,0.7877406000000002
Partly Cloudy,LSTM,0.61191
Partly Cloudy,LSTM,0.7352912000000003
Partly Cloudy,LSTM,0.4878182999999998
Partly Cloudy,LSTM,0.608104
Partly Cloudy,LSTM,0.5062565000000001
Partly Cloudy,LSTM,0.5340275000000001
Partly Cloudy,LSTM,0.35123039999999994
Partly Cloudy,LSTM,1.0397063
Partly Cloudy,LSTM,0.7654692999999999
Partly Cloudy,LSTM,1.4837134
Partly Cloudy,LSTM,1.2131996000000003
Partly Cloudy,LSTM,1.4358930999999995
Partly Cloudy,LSTM,1.259037600000001
Partly Cloudy,LSTM,1.7482539999999993
Partly Cloudy,LSTM,1.459441
Partly Cloudy,LSTM,1.733974
Partly Cloudy,LSTM,1.2419600000000006
Partly Cloudy,LSTM,1.1286079999999998
Partly Cloudy,LSTM,0.7930090000000014
Partly Cloudy,LSTM,0.551366999999999
Partly Cloudy,LSTM,0.4754049999999985
Partly Cloudy,LSTM,0.025963000000000847
Partly Cloudy,LSTM,0.10558899999999838
Partly Cloudy,LSTM,0.09437899999999999
Partly Cloudy,LSTM,0.548530999999997
Partly Cloudy,LSTM,0.4399259999999998
Partly Cloudy,LSTM,0.5800670000000032
Partly Cloudy,LSTM,0.8143699999999985
Partly Cloudy,LSTM,0.7219519999999999
Partly Cloudy,LSTM,0.7312209999999997
Partly Cloudy,LSTM,0.6025559999999999
Partly Cloudy,LSTM,1.2081300000000006
Partly Cloudy,LSTM,1.1495049999999996
Partly Cloudy,LSTM,1.0246530000000007
Partly Cloudy,LSTM,1.1773019999999992
Partly Cloudy,LSTM,1.2605900000000005
Partly Cloudy,LSTM,1.191777
Partly Cloudy,LSTM,1.2288182999999995
Partly Cloudy,LSTM,1.1467200000000002
Partly Cloudy,LSTM,1.2788741000000003
Partly Cloudy,LSTM,1.2949908999999997
Partly Cloudy,LSTM,0.22719038000000003
Partly Cloudy,LSTM,0.0067325999999999775
Partly Cloudy,LSTM,0.6406167999999999
Partly Cloudy,LSTM,0.36506170000000004
Partly Cloudy,LSTM,0.6571601999999999
Partly Cloudy,LSTM,0.5694918000000002
Partly Cloudy,LSTM,1.2939605999999997
Partly Cloudy,LSTM,1.158017
Partly Cloudy,LSTM,1.5532297000000002
Partly Cloudy,LSTM,1.2781003000000002
Partly Cloudy,LSTM,1.3341825000000007
Partly Cloudy,LSTM,1.0496134999999995
Partly Cloudy,LSTM,0.9820089999999997
Partly Cloudy,LSTM,0.6925819999999998
Partly Cloudy,LSTM,0.3581240000000001
Partly Cloudy,LSTM,0.19274200000000086
Partly Cloudy,LSTM,0.08882100000000115
Partly Cloudy,LSTM,0.5374309999999998
Partly Cloudy,LSTM,0.5579870000000007
Partly Cloudy,LSTM,0.8110789999999994
Partly Cloudy,LSTM,0.9959579999999999
Partly Cloudy,LSTM,0.7395779999999998
Partly Cloudy,LSTM,0.8956245000000003
Partly Cloudy,LSTM,0.7436464999999997
Partly Cloudy,LSTM,1.01267
Partly Cloudy,LSTM,0.8193669999999997
Partly Cloudy,LSTM,0.5771075000000003
Partly Cloudy,LSTM,0.8048745000000004
Partly Cloudy,LSTM,0.4700998999999997
Partly Cloudy,LSTM,0.4560463000000001
Partly Cloudy,LSTM,0.29010230000000004
Partly Cloudy,LSTM,0.42072949999999976
Partly Cloudy,LSTM,0.39861140000000006
Partly Cloudy,LSTM,0.6917417000000001
Partly Cloudy,LSTM,0.16182680000000005
Partly Cloudy,LSTM,0.17098935999999998
Partly Cloudy,LSTM,0.7833621999999999
Partly Cloudy,LSTM,0.7165824000000001
Partly Cloudy,LSTM,1.3841435999999998
Partly Cloudy,LSTM,1.9740218999999999
Partly Cloudy,LSTM,2.296145
Partly Cloudy,LSTM,2.276377000000001
Partly Cloudy,LSTM,2.029335999999999
Partly Cloudy,LSTM,2.5354460000000003
Partly Cloudy,LSTM,2.081938000000001
Partly Cloudy,LSTM,2.0919649999999983
Partly Cloudy,LSTM,1.7030330000000014
Partly Cloudy,LSTM,0.597843000000001
Partly Cloudy,LSTM,0.7287639999999982
Partly Cloudy,LSTM,0.062170000000001835
Partly Cloudy,LSTM,0.7396550000000026
Partly Cloudy,LSTM,0.8642419999999973
Partly Cloudy,LSTM,1.382672000000003
Partly Cloudy,LSTM,1.4459759999999982
Partly Cloudy,LSTM,1.950952000000001
Partly Cloudy,LSTM,2.1036915
Partly Cloudy,LSTM,2.1052644999999988
Partly Cloudy,LSTM,1.8973750000000003
Partly Cloudy,LSTM,1.8314545000000004
Partly Cloudy,LSTM,1.3239551
Partly Cloudy,LSTM,1.4028520000000002
Partly Cloudy,LSTM,1.1821156
Partly Cloudy,LSTM,0.8067812999999999
Partly Cloudy,LSTM,0.9095085
Partly Cloudy,LSTM,0.3878427
Partly Cloudy,LSTM,0.28806050000000005
Partly Cloudy,LSTM,0.1056085
Partly Cloudy,LSTM,0.30749209999999993
Partly Cloudy,LSTM,0.40905839999999993
Partly Cloudy,LSTM,0.10189009999999987
Partly Cloudy,LSTM,0.014120500000000202
Partly Cloudy,LSTM,0.21464649999999996
Partly Cloudy,LSTM,0.05070960000000002
Partly Cloudy,LSTM,0.01945970000000008
Partly Cloudy,LSTM,0.5004879
Partly Cloudy,LSTM,0.579701
Partly Cloudy,LSTM,1.6857045
Partly Cloudy,LSTM,1.7013694999999993
Partly Cloudy,LSTM,1.8687750000000012
Partly Cloudy,LSTM,2.3149479999999993
Partly Cloudy,LSTM,1.9685749999999995
Partly Cloudy,LSTM,2.081754
Partly Cloudy,LSTM,2.0185160000000018
Partly Cloudy,LSTM,1.1703890000000001
Partly Cloudy,LSTM,1.0987779999999994
Partly Cloudy,LSTM,0.4926239999999993
Partly Cloudy,LSTM,0.1004499999999986
Partly Cloudy,LSTM,0.3225200000000008
Partly Cloudy,LSTM,0.8180940000000021
Partly Cloudy,LSTM,0.8349649999999968
Partly Cloudy,LSTM,1.588083000000001
Partly Cloudy,LSTM,2.044027
Partly Cloudy,LSTM,1.9002700000000008
Partly Cloudy,LSTM,2.1573700000000002
Partly Cloudy,LSTM,2.211734
Partly Cloudy,LSTM,1.891495
Partly Cloudy,LSTM,1.8874676
Partly Cloudy,LSTM,1.531498
Partly Cloudy,LSTM,1.5683430999999999
Partly Cloudy,LSTM,1.256027
Partly Cloudy,LSTM,0.6634656999999999
Partly Cloudy,LSTM,0.59236763
Partly Cloudy,LSTM,0.21249273000000002
Partly Cloudy,LSTM,0.48722699999999985
Partly Cloudy,LSTM,0.26722599999999996
Partly Cloudy,LSTM,0.6837353999999998
Partly Cloudy,LSTM,0.4076767000000001
Partly Cloudy,LSTM,0.5781722999999999
Partly Cloudy,LSTM,0.40221600000000013
Partly Cloudy,LSTM,0.6536723000000002
Partly Cloudy,LSTM,0.7147430999999997
Partly Cloudy,LSTM,0.7059069000000004
Partly Cloudy,LSTM,0.6100683
Partly Cloudy,LSTM,0.7259124000000003
Partly Cloudy,LSTM,0.5540599999999998
Partly Cloudy,LSTM,0.713080999999999
Partly Cloudy,LSTM,0.8374800000000011
Partly Cloudy,LSTM,0.44645500000000027
Partly Cloudy,LSTM,0.7304909999999989
Partly Cloudy,LSTM,0.7964079999999996
Partly Cloudy,LSTM,0.5131130000000006
Partly Cloudy,LSTM,0.35356699999999996
Partly Cloudy,LSTM,0.14688400000000001
Partly Cloudy,LSTM,0.14367299999999972
Partly Cloudy,LSTM,0.05070399999999964
Partly Cloudy,LSTM,0.42064599999999963
Partly Cloudy,LSTM,0.29577900000000135
Partly Cloudy,LSTM,1.0921469999999989
Partly Cloudy,LSTM,1.3288670000000007
Partly Cloudy,LSTM,1.204815
Partly Cloudy,LSTM,1.3795165999999996
Partly Cloudy,LSTM,1.2099791
Partly Cloudy,LSTM,1.2780933
Partly Cloudy,LSTM,1.1176956000000002
Partly Cloudy,LSTM,0.9594966999999999
Partly Cloudy,LSTM,0.8034771000000003
Partly Cloudy,LSTM,0.7000326999999997
Partly Cloudy,LSTM,0.24696170000000017
Partly Cloudy,LSTM,0.14942676
Partly Cloudy,LSTM,1.1885854
Partly Cloudy,LSTM,0.8703834000000001
Partly Cloudy,LSTM,1.4878767000000002
Partly Cloudy,LSTM,1.1911962999999997
Partly Cloudy,LSTM,1.4090340000000001
Partly Cloudy,LSTM,1.2333129999999999
Partly Cloudy,LSTM,1.5867640000000005
Partly Cloudy,LSTM,1.2903329999999986
Partly Cloudy,LSTM,1.4629660000000015
Partly Cloudy,LSTM,0.9174209999999992
Partly Cloudy,LSTM,0.6891189999999998
Partly Cloudy,LSTM,0.7719240000000003
Partly Cloudy,LSTM,0.5749624999999998
Partly Cloudy,LSTM,0.561574499999999
Partly Cloudy,LSTM,0.27827100000000016
Partly Cloudy,LSTM,0.7609880000000011
Partly Cloudy,LSTM,0.5956830000000011
Partly Cloudy,LSTM,0.5472919999999988
Partly Cloudy,LSTM,0.6074589999999986
Partly Cloudy,LSTM,0.433366000000003
Partly Cloudy,LSTM,0.14402199999999965
Partly Cloudy,LSTM,0.26033199999999823
Partly Cloudy,LSTM,0.30311800000000133
Partly Cloudy,LSTM,0.2567619999999984
Partly Cloudy,LSTM,0.6370629999999977
Partly Cloudy,LSTM,1.0748309999999996
Partly Cloudy,LSTM,0.7920300000000005
Partly Cloudy,LSTM,1.2797599999999996
Partly Cloudy,LSTM,1.5467610000000018
Partly Cloudy,LSTM,1.7704179999999994
Partly Cloudy,LSTM,1.9224910000000008
Partly Cloudy,LSTM,1.7569239999999997
Partly Cloudy,LSTM,2.1651923
Partly Cloudy,LSTM,2.1929212
Partly Cloudy,LSTM,1.5999172000000002
Partly Cloudy,LSTM,1.3704487999999997
Partly Cloudy,LSTM,1.015268
Partly Cloudy,LSTM,0.9296941400000001
Partly Cloudy,LSTM,0.6791240999999999
Partly Cloudy,LSTM,1.7688945000000005
Partly Cloudy,LSTM,1.2778905999999992
Partly Cloudy,LSTM,2.0243766
Partly Cloudy,LSTM,1.6451709999999995
Partly Cloudy,LSTM,1.8160150000000002
Partly Cloudy,LSTM,1.619548
Partly Cloudy,LSTM,1.883782
Partly Cloudy,LSTM,1.533608000000001
Partly Cloudy,LSTM,1.7529339999999998
Partly Cloudy,LSTM,1.0644659999999995
Partly Cloudy,LSTM,1.0404090000000004
Partly Cloudy,LSTM,0.8470879999999994
Partly Cloudy,LSTM,0.3796600000000012
Partly Cloudy,LSTM,0.3534469999999992
Partly Cloudy,LSTM,0.05083400000000182
Partly Cloudy,LSTM,0.5569659999999992
Partly Cloudy,LSTM,0.2793069999999993
Partly Cloudy,LSTM,0.035530000000001394
Partly Cloudy,LSTM,0.17368300000000048
Partly Cloudy,LSTM,0.10211999999999932
Partly Cloudy,LSTM,0.1731359999999995
Partly Cloudy,LSTM,0.04566200000000009
Partly Cloudy,LSTM,0.08578099999999722
Partly Cloudy,LSTM,0.00857899999999745
Partly Cloudy,LSTM,0.7856789999999982
Partly Cloudy,LSTM,0.7384470000000007
Partly Cloudy,LSTM,0.4441810000000004
Partly Cloudy,LSTM,0.7940749999999994
Partly Cloudy,LSTM,1.0992129999999989
Partly Cloudy,LSTM,1.0235630000000029
Partly Cloudy,LSTM,1.0965689999999988
Partly Cloudy,LSTM,1.2704459999999997
Partly Cloudy,LSTM,2.0796080000000003
Partly Cloudy,LSTM,2.2070559999999997
Partly Cloudy,LSTM,1.8367710000000006
Partly Cloudy,LSTM,1.9731379999999996
Partly Cloudy,LSTM,1.8952302999999997
Partly Cloudy,LSTM,0.5724555
Partly Cloudy,LSTM,1.4651984999999998
Partly Cloudy,LSTM,1.1567312000000003
Partly Cloudy,LSTM,1.7913806
Partly Cloudy,LSTM,1.4836239999999998
Partly Cloudy,LSTM,1.798538399999999
Partly Cloudy,LSTM,1.549626
Partly Cloudy,LSTM,1.8699750000000002
Partly Cloudy,LSTM,1.455851000000001
Partly Cloudy,LSTM,1.7032290000000003
Partly Cloudy,LSTM,1.178669000000001
Partly Cloudy,LSTM,0.9170339999999975
Partly Cloudy,LSTM,0.9038380000000004
Partly Cloudy,LSTM,0.4393540000000016
Partly Cloudy,LSTM,0.40741299999999825
Partly Cloudy,LSTM,0.10360100000000116
Partly Cloudy,LSTM,0.42991899999999816
Partly Cloudy,LSTM,0.30165500000000023
Partly Cloudy,LSTM,0.06758800000000065
Partly Cloudy,LSTM,0.27046999999999954
Partly Cloudy,LSTM,0.06209400000000187
Partly Cloudy,LSTM,0.09229900000000058
Partly Cloudy,LSTM,0.04607000000000028
Partly Cloudy,LSTM,0.10062999999999889
Partly Cloudy,LSTM,0.10729800000000012
Partly Cloudy,LSTM,0.582218000000001
Partly Cloudy,LSTM,0.7925129999999996
Partly Cloudy,LSTM,0.3787869999999991
Partly Cloudy,LSTM,0.9348549999999989
Partly Cloudy,LSTM,1.2268299999999996
Partly Cloudy,LSTM,1.2918100000000017
Partly Cloudy,LSTM,1.3601329999999994
Partly Cloudy,LSTM,1.4644320000000004
Partly Cloudy,LSTM,2.108459999999999
Partly Cloudy,LSTM,2.247473000000001
Partly Cloudy,LSTM,1.7913194999999993
Partly Cloudy,LSTM,1.8300710000000002
Partly Cloudy,LSTM,1.5733988
Partly Cloudy,LSTM,1.4028368000000002
Partly Cloudy,LSTM,1.0107909999999998
Partly Cloudy,LSTM,1.6769314
Partly Cloudy,LSTM,1.3694686000000003
Partly Cloudy,LSTM,1.9063299999999996
Partly Cloudy,LSTM,1.717499
Partly Cloudy,LSTM,1.8088420000000003
Partly Cloudy,LSTM,1.4702149999999996
Partly Cloudy,LSTM,1.727189000000001
Partly Cloudy,LSTM,1.291696
Partly Cloudy,LSTM,1.428643000000001
Partly Cloudy,LSTM,0.8037459999999967
Partly Cloudy,LSTM,0.6803280000000029
Partly Cloudy,LSTM,0.29206499999999735
Partly Cloudy,LSTM,0.0417059999999978
Partly Cloudy,LSTM,0.04331099999999921
Partly Cloudy,LSTM,0.5656250000000007
Partly Cloudy,LSTM,0.24499400000000193
Partly Cloudy,LSTM,0.1832359999999973
Partly Cloudy,LSTM,0.5655450000000002
Partly Cloudy,LSTM,0.2920080000000027
Partly Cloudy,LSTM,0.37909799999999905
Partly Cloudy,LSTM,0.4160499999999985
Partly Cloudy,LSTM,0.401409000000001
Partly Cloudy,LSTM,0.35415300000000016
Partly Cloudy,LSTM,0.22068700000000163
Partly Cloudy,LSTM,1.027365999999999
Partly Cloudy,LSTM,0.9743779999999997
Partly Cloudy,LSTM,0.9170210000000001
Partly Cloudy,LSTM,1.198917999999999
Partly Cloudy,LSTM,1.4082249999999998
Partly Cloudy,LSTM,1.4557330000000004
Partly Cloudy,LSTM,1.657187500000001
Partly Cloudy,LSTM,1.4778905
Partly Cloudy,LSTM,1.7582529999999998
Partly Cloudy,LSTM,1.6244487999999997
Partly Cloudy,LSTM,0.9530877
Partly Cloudy,LSTM,0.86917093
Partly Cloudy,LSTM,0.63531815
Partly Cloudy,LSTM,0.16926242
Partly Cloudy,LSTM,0.17870589999999997
Partly Cloudy,LSTM,0.22423740000000025
Partly Cloudy,LSTM,0.00328169999999961
Partly Cloudy,LSTM,0.43164170000000013
Partly Cloudy,LSTM,0.09148859999999992
Partly Cloudy,LSTM,0.4388795000000001
Partly Cloudy,LSTM,0.24747319999999995
Partly Cloudy,LSTM,1.2550630000000003
Partly Cloudy,LSTM,1.0038599999999995
Partly Cloudy,LSTM,1.4729510000000001
Partly Cloudy,LSTM,1.5263990000000005
Partly Cloudy,LSTM,1.3410979999999988
Partly Cloudy,LSTM,1.5152930000000016
Partly Cloudy,LSTM,1.3241029999999991
Partly Cloudy,LSTM,1.384748
Partly Cloudy,LSTM,0.9371010000000002
Partly Cloudy,LSTM,1.1015469999999983
Partly Cloudy,LSTM,0.649674000000001
Partly Cloudy,LSTM,0.0984960000000008
Partly Cloudy,LSTM,0.14610599999999963
Partly Cloudy,LSTM,0.5712529999999987
Partly Cloudy,LSTM,1.0983145000000007
Partly Cloudy,LSTM,1.1644229999999993
Partly Cloudy,LSTM,1.4164265
Partly Cloudy,LSTM,1.4682779999999998
Partly Cloudy,LSTM,1.911766
Partly Cloudy,LSTM,1.9465700000000004
Partly Cloudy,LSTM,1.6261010000000002
Partly Cloudy,LSTM,1.4597273999999993
Partly Cloudy,LSTM,1.0882628000000003
Partly Cloudy,LSTM,0.7300097999999999
Partly Cloudy,LSTM,0.45157550000000013
Partly Cloudy,LSTM,0.22347420000000007
Partly Cloudy,LSTM,0.21736659999999985
Partly Cloudy,LSTM,0.22568480000000002
Partly Cloudy,LSTM,0.07222600000000012
Partly Cloudy,LSTM,0.1522555000000001
Partly Cloudy,LSTM,0.02201070000000005
Partly Cloudy,LSTM,0.22692054999999994
Partly Cloudy,LSTM,0.40739534999999993
Partly Cloudy,LSTM,0.47725870000000015
Partly Cloudy,LSTM,0.6162849999999997
Partly Cloudy,LSTM,0.8890022000000002
Partly Cloudy,LSTM,0.8648421000000002
Partly Cloudy,LSTM,1.2847747000000003
Partly Cloudy,LSTM,0.8904739999999993
Partly Cloudy,LSTM,1.6271076000000004
Partly Cloudy,LSTM,1.1007914000000003
Partly Cloudy,LSTM,1.59314
Partly Cloudy,LSTM,1.1583469999999991
Partly Cloudy,LSTM,1.3969110000000011
Partly Cloudy,LSTM,1.185535999999999
Partly Cloudy,LSTM,1.2482474999999997
Partly Cloudy,LSTM,1.178423500000001
Partly Cloudy,LSTM,1.3414119999999983
Partly Cloudy,LSTM,1.0763740000000013
Partly Cloudy,LSTM,1.253540000000001
Partly Cloudy,LSTM,1.0158859999999983
Partly Cloudy,LSTM,0.5797260000000009
Partly Cloudy,LSTM,0.7214750000000016
Partly Cloudy,LSTM,0.39813999999999794
Partly Cloudy,LSTM,0.6904910000000015
Partly Cloudy,LSTM,0.455957999999999
Partly Cloudy,LSTM,0.05139499999999941
Partly Cloudy,LSTM,0.14907499999999985
Partly Cloudy,LSTM,0.031818000000001234
Partly Cloudy,LSTM,0.2776570000000014
Partly Cloudy,LSTM,0.2690829999999984
Partly Cloudy,LSTM,0.3201040000000006
Partly Cloudy,LSTM,0.14988900000000172
Partly Cloudy,LSTM,0.8968319999999999
Partly Cloudy,LSTM,0.7498089999999991
Partly Cloudy,LSTM,0.5258119999999984
Partly Cloudy,LSTM,0.6276970000000013
Partly Cloudy,LSTM,0.9851540000000014
Partly Cloudy,LSTM,0.8383629999999975
Partly Cloudy,LSTM,0.8063660000000006
Partly Cloudy,LSTM,1.1029780000000002
Partly Cloudy,LSTM,1.7265440000000005
Partly Cloudy,LSTM,1.8522370000000006
Partly Cloudy,LSTM,1.4099049999999984
Partly Cloudy,LSTM,1.6873830000000005
Partly Cloudy,LSTM,1.7480860000000007
Partly Cloudy,LSTM,1.6933839999999991
Partly Cloudy,LSTM,1.4238204000000003
Partly Cloudy,LSTM,1.5453093
Partly Cloudy,LSTM,1.4416687000000001
Partly Cloudy,LSTM,0.9747459
Partly Cloudy,LSTM,0.8018087299999999
Partly Cloudy,LSTM,0.444186466
Partly Cloudy,LSTM,0.58330142
Partly Cloudy,LSTM,0.8126179
Partly Cloudy,LSTM,0.9625506000000001
Partly Cloudy,LSTM,1.2863646000000002
Partly Cloudy,LSTM,1.322267
Partly Cloudy,LSTM,1.6419519999999999
Partly Cloudy,LSTM,1.28205
Partly Cloudy,LSTM,2.1056945000000002
Partly Cloudy,LSTM,1.5401434999999992
Partly Cloudy,LSTM,1.7346389999999996
Partly Cloudy,LSTM,1.3067220000000006
Partly Cloudy,LSTM,1.4835900000000013
Partly Cloudy,LSTM,1.0761310000000002
Partly Cloudy,LSTM,1.1236089999999983
Partly Cloudy,LSTM,0.9476480000000009
Partly Cloudy,LSTM,1.0895079999999986
Partly Cloudy,LSTM,0.6537480000000002
Partly Cloudy,LSTM,0.7688120000000005
Partly Cloudy,LSTM,0.6838529999999992
Partly Cloudy,LSTM,0.27301100000000034
Partly Cloudy,LSTM,0.3765210000000003
Partly Cloudy,LSTM,0.04502300000000048
Partly Cloudy,LSTM,0.5414850000000015
Partly Cloudy,LSTM,0.2993339999999982
Partly Cloudy,LSTM,0.005099000000001297
Partly Cloudy,LSTM,0.028582000000000107
Partly Cloudy,LSTM,0.09745399999999904
Partly Cloudy,LSTM,0.4014020000000009
Partly Cloudy,LSTM,0.427187
Partly Cloudy,LSTM,0.3738779999999977
Partly Cloudy,LSTM,0.37269799999999975
Partly Cloudy,LSTM,0.9606550000000027
Partly Cloudy,LSTM,0.9553949999999993
Partly Cloudy,LSTM,0.44689599999999885
Partly Cloudy,LSTM,0.7422690000000003
Partly Cloudy,LSTM,1.0840530000000008
Partly Cloudy,LSTM,0.9369160000000001
Partly Cloudy,LSTM,0.9714570000000009
Partly Cloudy,LSTM,1.063152999999998
Partly Cloudy,LSTM,1.8466020000000007
Partly Cloudy,LSTM,1.844270999999999
Partly Cloudy,LSTM,1.5026430000000008
Partly Cloudy,LSTM,1.644969999999999
Partly Cloudy,LSTM,1.7055487000000005
Partly Cloudy,LSTM,1.5930173000000005
Partly Cloudy,LSTM,1.1810109999999998
Partly Cloudy,LSTM,1.4352234
Partly Cloudy,LSTM,1.2022282999999998
Partly Cloudy,LSTM,0.7408156
Partly Cloudy,LSTM,0.011535900000000154
Partly Cloudy,LSTM,0.18027859999999984
Partly Cloudy,LSTM,0.03782770000000002
Partly Cloudy,LSTM,0.20256320000000017
Partly Cloudy,LSTM,0.15881480000000003
Partly Cloudy,LSTM,0.05059739999999979
Partly Cloudy,LSTM,0.31947840000000016
Partly Cloudy,LSTM,0.1494065
Partly Cloudy,LSTM,0.3738845999999998
Partly Cloudy,LSTM,0.14429400000000037
Partly Cloudy,LSTM,0.37549779999999977
Partly Cloudy,LSTM,0.1401344
Partly Cloudy,LSTM,0.42219620000000013
Partly Cloudy,LSTM,0.6195239999999997
Partly Cloudy,LSTM,0.6400934999999999
Partly Cloudy,LSTM,0.43609650000000055
Partly Cloudy,LSTM,0.5409733000000001
Partly Cloudy,LSTM,0.33943419999999946
Partly Cloudy,LSTM,0.16527850000000033
Partly Cloudy,LSTM,0.2535594999999997
Partly Cloudy,LSTM,0.23331949999999946
Partly Cloudy,LSTM,0.029335700000000742
Partly Cloudy,LSTM,0.20486929999999948
Partly Cloudy,LSTM,0.4151726
Partly Cloudy,LSTM,0.4762529999999998
Partly Cloudy,LSTM,0.48883840000000056
Partly Cloudy,LSTM,0.35518499999999964
Partly Cloudy,LSTM,0.20851600000000037
Partly Cloudy,LSTM,0.48736159999999984
Partly Cloudy,LSTM,0.25809039999999994
Partly Cloudy,LSTM,0.49888220000000016
Partly Cloudy,LSTM,0.38739539999999995
Partly Cloudy,LSTM,0.0902927
Partly Cloudy,LSTM,0.3421949999999998
Partly Cloudy,LSTM,0.11233210000000016
Partly Cloudy,LSTM,0.03254290000000015
Partly Cloudy,LSTM,0.09130349999999998
Partly Cloudy,LSTM,0.0340878
Partly Cloudy,LSTM,0.03509519999999977
Partly Cloudy,LSTM,0.1838468999999998
Partly Cloudy,LSTM,0.027115
Partly Cloudy,LSTM,0.08434410000000003
Partly Cloudy,LSTM,0.41931010000000013
Partly Cloudy,LSTM,0.07190754999999993
Partly Cloudy,LSTM,0.31841414
Partly Cloudy,LSTM,0.11014099999999993
Partly Cloudy,LSTM,0.26897170000000004
Partly Cloudy,LSTM,0.06754900000000008
Partly Cloudy,LSTM,0.3377330999999999
Partly Cloudy,LSTM,0.25800690000000004
Partly Cloudy,LSTM,0.15036039999999984
Partly Cloudy,LSTM,0.3443508000000004
Partly Cloudy,LSTM,0.02959540000000027
Partly Cloudy,LSTM,0.35282159999999996
Partly Cloudy,LSTM,0.18006330000000004
Partly Cloudy,LSTM,0.04609029999999992
Partly Cloudy,LSTM,0.03653499999999976
Partly Cloudy,LSTM,0.2841271999999999
Partly Cloudy,LSTM,0.2388450999999998
Partly Cloudy,LSTM,0.3385802
Partly Cloudy,LSTM,0.08870719999999999
Partly Cloudy,LSTM,0.30031680000000005
Partly Cloudy,LSTM,0.09734719999999975
Partly Cloudy,LSTM,0.43581819999999993
Partly Cloudy,LSTM,0.29552830000000085
Partly Cloudy,LSTM,0.24133359999999993
Partly Cloudy,LSTM,0.5638871999999999
Partly Cloudy,LSTM,0.48887319999999956
Partly Cloudy,LSTM,0.5509960000000005
Partly Cloudy,LSTM,0.5466523999999993
Partly Cloudy,LSTM,0.3800756000000005
Partly Cloudy,LSTM,0.1360676999999999
Partly Cloudy,LSTM,0.5313043000000004
Partly Cloudy,LSTM,0.2198519999999995
Partly Cloudy,LSTM,0.40550700000000006
Partly Cloudy,LSTM,0.3283360000000002
Partly Cloudy,LSTM,0.4248770000000004
Partly Cloudy,LSTM,0.2165809999999997
Partly Cloudy,LSTM,0.7248509999999992
Partly Cloudy,LSTM,0.4633844000000007
Partly Cloudy,LSTM,0.6961722999999997
Partly Cloudy,LSTM,0.6458067999999999
Partly Cloudy,LSTM,0.6102851999999999
Partly Cloudy,LSTM,0.6143403000000003
Partly Cloudy,LSTM,0.8008232999999998
Partly Cloudy,LSTM,0.31500269999999997
Partly Cloudy,LSTM,0.33326980000000006
Partly Cloudy,LSTM,0.33288790000000024
Partly Cloudy,LSTM,0.39619779999999993
Partly Cloudy,LSTM,0.32170489999999985
Partly Cloudy,LSTM,0.20122260000000014
Partly Cloudy,LSTM,0.36266580000000004
Partly Cloudy,LSTM,0.15221319999999983
Partly Cloudy,LSTM,0.70142196
Partly Cloudy,LSTM,0.6231958000000002
Partly Cloudy,LSTM,0.6229524999999998
Partly Cloudy,LSTM,0.7322719000000002
Partly Cloudy,LSTM,0.9491850999999998
Partly Cloudy,LSTM,0.9729546999999998
Partly Cloudy,LSTM,1.2109614000000004
Partly Cloudy,LSTM,0.9287635999999999
Partly Cloudy,LSTM,1.2521049999999994
Partly Cloudy,LSTM,1.077744000000001
Partly Cloudy,LSTM,1.1660380000000004
Partly Cloudy,LSTM,1.1802859999999988
Partly Cloudy,LSTM,0.7932790000000001
Partly Cloudy,LSTM,0.8151240000000008
Partly Cloudy,LSTM,0.43039199999999944
Partly Cloudy,LSTM,0.4195595000000001
Partly Cloudy,LSTM,0.07645049999999998
Partly Cloudy,LSTM,0.6469190000000005
Partly Cloudy,LSTM,0.23643150000000013
Partly Cloudy,LSTM,0.3770604999999989
Partly Cloudy,LSTM,0.34567800000000126
Partly Cloudy,LSTM,0.3321349999999992
Partly Cloudy,LSTM,0.08832199999999979
Partly Cloudy,LSTM,0.47387799999999913
Partly Cloudy,LSTM,0.5415850000000013
Partly Cloudy,LSTM,1.0257379999999987
Partly Cloudy,LSTM,1.1387750000000008
Partly Cloudy,LSTM,1.0520949999999996
Partly Cloudy,LSTM,0.6608139999999985
Partly Cloudy,LSTM,1.0130960000000009
Partly Cloudy,LSTM,1.0977689999999996
Partly Cloudy,LSTM,0.951271000000002
Partly Cloudy,LSTM,0.15823800000000077
Partly Cloudy,LSTM,0.11316500000000218
Partly Cloudy,LSTM,0.16840499999999992
Partly Cloudy,LSTM,0.42501999999999995
Partly Cloudy,LSTM,0.5322490000000002
Partly Cloudy,LSTM,1.1001549999999973
Partly Cloudy,LSTM,1.1354090000000028
Partly Cloudy,LSTM,1.4646410000000003
Partly Cloudy,LSTM,1.6336569999999995
Partly Cloudy,LSTM,2.1083809999999996
Partly Cloudy,LSTM,1.5105529999999998
Partly Cloudy,LSTM,1.640815
Partly Cloudy,LSTM,1.4671449999999995
Partly Cloudy,LSTM,1.5108195000000002
Partly Cloudy,LSTM,1.3066675000000005
Partly Cloudy,LSTM,1.2828247999999998
Partly Cloudy,LSTM,1.2497961999999996
Partly Cloudy,LSTM,0.8112904000000003
Partly Cloudy,LSTM,0.5807768999999998
Partly Cloudy,LSTM,0.33845013
Partly Cloudy,LSTM,0.28935816999999997
Partly Cloudy,LSTM,0.5982019999999999
Partly Cloudy,LSTM,0.37742660000000017
Partly Cloudy,LSTM,0.7103047999999998
Partly Cloudy,LSTM,0.4876459999999998
Partly Cloudy,LSTM,0.7598537000000007
Partly Cloudy,LSTM,0.5009142999999998
Partly Cloudy,LSTM,1.2904564999999995
Partly Cloudy,LSTM,0.7590471000000001
Partly Cloudy,LSTM,1.2241343999999996
Partly Cloudy,LSTM,1.009874
Partly Cloudy,LSTM,1.4434090000000008
Partly Cloudy,LSTM,1.3795009999999994
Partly Cloudy,LSTM,1.6383790000000005
Partly Cloudy,LSTM,1.1962279999999996
Partly Cloudy,LSTM,1.3383650000000014
Partly Cloudy,LSTM,0.9122699999999995
Partly Cloudy,LSTM,0.5823019999999985
Partly Cloudy,LSTM,0.5666050000000027
Partly Cloudy,LSTM,0.06421799999999678
Partly Cloudy,LSTM,0.06051500000000232
Partly Cloudy,LSTM,0.25512799999999913
Partly Cloudy,LSTM,0.794120000000003
Partly Cloudy,LSTM,0.7583260000000003
Partly Cloudy,LSTM,0.8122539999999994
Partly Cloudy,LSTM,0.8605299999999989
Partly Cloudy,LSTM,0.8377750000000006
Partly Cloudy,LSTM,0.8495910000000002
Partly Cloudy,LSTM,0.6461069999999989
Partly Cloudy,LSTM,1.112425
Partly Cloudy,LSTM,0.769248000000001
Partly Cloudy,LSTM,0.8792029999999986
Partly Cloudy,LSTM,0.7599300000000007
Partly Cloudy,LSTM,0.7227320000000006
Partly Cloudy,LSTM,0.7029219999999992
Partly Cloudy,LSTM,0.6376166000000003
Partly Cloudy,LSTM,0.7735576999999996
Partly Cloudy,LSTM,0.9672507000000001
Partly Cloudy,LSTM,0.991536
Partly Cloudy,LSTM,0.5200794000000002
Partly Cloudy,LSTM,0.5190200000000003
Partly Cloudy,LSTM,0.581769
Partly Cloudy,LSTM,0.5549032999999999
Partly Cloudy,LSTM,0.2000557999999999
Partly Cloudy,LSTM,0.26871860000000014
Partly Cloudy,LSTM,0.5654729999999999
Partly Cloudy,LSTM,0.3075574000000001
Partly Cloudy,LSTM,0.30627174
Partly Cloudy,LSTM,0.37622155999999995
Partly Cloudy,LSTM,0.53438814
Partly Cloudy,LSTM,0.6577850999999999
Partly Cloudy,LSTM,0.9798496000000003
Partly Cloudy,LSTM,0.9187462999999996
Partly Cloudy,LSTM,1.3753737
Partly Cloudy,LSTM,1.0391617000000002
Partly Cloudy,LSTM,1.6476449999999998
Partly Cloudy,LSTM,1.2611116000000004
Partly Cloudy,LSTM,1.6642139999999994
Partly Cloudy,LSTM,1.213203
Partly Cloudy,LSTM,1.4410360000000004
Partly Cloudy,LSTM,1.1460179999999998
Partly Cloudy,LSTM,1.111987000000001
Partly Cloudy,LSTM,1.0935879999999987
Partly Cloudy,LSTM,1.0969580000000008
Partly Cloudy,LSTM,0.7762449999999994
Partly Cloudy,LSTM,0.9886529999999993
Partly Cloudy,LSTM,0.6961730000000017
Partly Cloudy,LSTM,0.3162099999999981
Partly Cloudy,LSTM,0.46861800000000287
Partly Cloudy,LSTM,0.09273499999999757
Partly Cloudy,LSTM,0.48583900000000213
Partly Cloudy,LSTM,0.2767269999999975
Partly Cloudy,LSTM,0.03598799999999969
Partly Cloudy,LSTM,0.03974499999999992
Partly Cloudy,LSTM,0.06504899999999836
Partly Cloudy,LSTM,0.3364539999999998
Partly Cloudy,LSTM,0.31092100000000045
Partly Cloudy,LSTM,0.38985800000000026
Partly Cloudy,LSTM,0.28562399999999855
Partly Cloudy,LSTM,0.8726710000000004
Partly Cloudy,LSTM,0.7014390000000006
Partly Cloudy,LSTM,0.5159130000000012
Partly Cloudy,LSTM,0.5551889999999986
Partly Cloudy,LSTM,0.8106590000000011
Partly Cloudy,LSTM,0.7109389999999998
Partly Cloudy,LSTM,0.6499679999999994
Partly Cloudy,LSTM,0.9742860000000011
Partly Cloudy,LSTM,1.465831999999999
Partly Cloudy,LSTM,1.5727930000000008
Partly Cloudy,LSTM,1.1534270000000006
Partly Cloudy,LSTM,1.3924279999999989
Partly Cloudy,LSTM,1.4595733000000006
Partly Cloudy,LSTM,1.4459152
Partly Cloudy,LSTM,1.1709994999999997
Partly Cloudy,LSTM,1.2673101999999998
Partly Cloudy,LSTM,1.3145774000000001
Partly Cloudy,LSTM,0.830244
Partly Cloudy,LSTM,0.7199343600000001
Partly Cloudy,LSTM,0.26452365999999994
Partly Cloudy,LSTM,0.24931760000000014
Partly Cloudy,LSTM,0.19663239999999993
Partly Cloudy,LSTM,0.33161149999999995
Partly Cloudy,LSTM,0.26658249999999994
Partly Cloudy,LSTM,0.3524707
Partly Cloudy,LSTM,0.09441420000000011
Partly Cloudy,LSTM,0.3644642
Partly Cloudy,LSTM,0.15646159999999965
Partly Cloudy,LSTM,0.20960969999999968
Partly Cloudy,LSTM,0.09955589999999992
Partly Cloudy,LSTM,0.41179330000000025
Partly Cloudy,LSTM,0.7018154000000001
Partly Cloudy,LSTM,1.1055933000000002
Partly Cloudy,LSTM,1.1200493999999992
Partly Cloudy,LSTM,1.6812353000000009
Partly Cloudy,LSTM,1.8386752999999993
Partly Cloudy,LSTM,2.021040000000001
Partly Cloudy,LSTM,1.8966394999999991
Partly Cloudy,LSTM,1.7793595
Partly Cloudy,LSTM,1.8122229999999995
Partly Cloudy,LSTM,1.5068009999999994
Partly Cloudy,LSTM,1.4940720000000027
Partly Cloudy,LSTM,1.3268889999999978
Partly Cloudy,LSTM,0.6613070000000008
Partly Cloudy,LSTM,0.731268
Partly Cloudy,LSTM,0.3809870000000011
Partly Cloudy,LSTM,0.03622999999999976
Partly Cloudy,LSTM,0.014159999999996842
Partly Cloudy,LSTM,0.13738599999999934
Partly Cloudy,LSTM,0.17355200000000082
Partly Cloudy,LSTM,0.7479310000000012
Partly Cloudy,LSTM,0.814315999999998
Partly Cloudy,LSTM,0.6289660000000019
Partly Cloudy,LSTM,0.8411469999999994
Partly Cloudy,LSTM,1.008341999999999
Partly Cloudy,LSTM,0.9401599999999988
Partly Cloudy,LSTM,0.933957000000003
Partly Cloudy,LSTM,1.004769999999997
Partly Cloudy,LSTM,1.7157740000000015
Partly Cloudy,LSTM,1.7207080000000001
Partly Cloudy,LSTM,1.170318
Partly Cloudy,LSTM,1.6143850000000004
Partly Cloudy,LSTM,1.5229419999999987
Partly Cloudy,LSTM,1.4143350000000003
Partly Cloudy,LSTM,1.3811483000000004
Partly Cloudy,LSTM,1.4565592
Partly Cloudy,LSTM,1.295099
Partly Cloudy,LSTM,1.145992
Partly Cloudy,LSTM,0.86429426
Partly Cloudy,PiT-Net(Proposed),0.9018928479436193
Partly Cloudy,PiT-Net(Proposed),1.180103252199528
Partly Cloudy,PiT-Net(Proposed),1.437414436526693
Partly Cloudy,PiT-Net(Proposed),1.5645713489629465
Partly Cloudy,PiT-Net(Proposed),1.4031248907925447
Partly Cloudy,PiT-Net(Proposed),1.2521278877246615
Partly Cloudy,PiT-Net(Proposed),1.2364611184348888
Partly Cloudy,PiT-Net(Proposed),1.021228908202641
Partly Cloudy,PiT-Net(Proposed),1.1334977634445966
Partly Cloudy,PiT-Net(Proposed),0.8487470429921036
Partly Cloudy,PiT-Net(Proposed),0.6812769241825336
Partly Cloudy,PiT-Net(Proposed),0.7404137389675842
Partly Cloudy,PiT-Net(Proposed),0.7027356462390646
Partly Cloudy,PiT-Net(Proposed),0.5251887366931314
Partly Cloudy,PiT-Net(Proposed),0.15841117845475594
Partly Cloudy,PiT-Net(Proposed),0.5633916109862014
Partly Cloudy,PiT-Net(Proposed),0.3553476244069991
Partly Cloudy,PiT-Net(Proposed),0.3950053604606474
Partly Cloudy,PiT-Net(Proposed),0.018120860546964934
Partly Cloudy,PiT-Net(Proposed),0.13440948755784277
Partly Cloudy,PiT-Net(Proposed),4.942619250769553e-05
Partly Cloudy,PiT-Net(Proposed),0.03126871825858757
Partly Cloudy,PiT-Net(Proposed),0.21483749636184513
Partly Cloudy,PiT-Net(Proposed),0.35909932448107185
Partly Cloudy,PiT-Net(Proposed),0.14654800460407813
Partly Cloudy,PiT-Net(Proposed),0.0948823570044155
Partly Cloudy,PiT-Net(Proposed),0.26150132568686857
Partly Cloudy,PiT-Net(Proposed),0.10567312283233221
Partly Cloudy,PiT-Net(Proposed),0.4738264715705096
Partly Cloudy,PiT-Net(Proposed),0.298944251999659
Partly Cloudy,PiT-Net(Proposed),0.5885709565641033
Partly Cloudy,PiT-Net(Proposed),0.7646492019621292
Partly Cloudy,PiT-Net(Proposed),0.8604457610858454
Partly Cloudy,PiT-Net(Proposed),0.8864856478224095
Partly Cloudy,PiT-Net(Proposed),1.0129787047762981
Partly Cloudy,PiT-Net(Proposed),1.1479277003848178
Partly Cloudy,PiT-Net(Proposed),1.2597598845096663
Partly Cloudy,PiT-Net(Proposed),1.3925404849618692
Partly Cloudy,PiT-Net(Proposed),1.63277886120349
Partly Cloudy,PiT-Net(Proposed),0.6238933818308554
Partly Cloudy,PiT-Net(Proposed),0.7863651340507245
Partly Cloudy,PiT-Net(Proposed),1.037506732737238
Partly Cloudy,PiT-Net(Proposed),1.0124116996063939
Partly Cloudy,PiT-Net(Proposed),0.911073650411641
Partly Cloudy,PiT-Net(Proposed),0.8922137397607681
Partly Cloudy,PiT-Net(Proposed),0.9169711519991894
Partly Cloudy,PiT-Net(Proposed),0.8890181633908405
Partly Cloudy,PiT-Net(Proposed),0.9644603331741193
Partly Cloudy,PiT-Net(Proposed),0.8180691199989685
Partly Cloudy,PiT-Net(Proposed),0.9369042560849437
Partly Cloudy,PiT-Net(Proposed),0.8905302920170364
Partly Cloudy,PiT-Net(Proposed),0.7857798199957706
Partly Cloudy,PiT-Net(Proposed),0.33294515182058504
Partly Cloudy,PiT-Net(Proposed),0.7785083580006322
Partly Cloudy,PiT-Net(Proposed),0.6167299837264562
Partly Cloudy,PiT-Net(Proposed),0.7223227894634547
Partly Cloudy,PiT-Net(Proposed),0.37835170746761904
Partly Cloudy,PiT-Net(Proposed),0.22386816409810706
Partly Cloudy,PiT-Net(Proposed),0.1649891454142427
Partly Cloudy,PiT-Net(Proposed),0.011290529011333206
Partly Cloudy,PiT-Net(Proposed),0.2055489847770371
Partly Cloudy,PiT-Net(Proposed),0.3798825145024658
Partly Cloudy,PiT-Net(Proposed),0.29958931730539895
Partly Cloudy,PiT-Net(Proposed),0.3943823624154881
Partly Cloudy,PiT-Net(Proposed),0.754509196101532
Partly Cloudy,PiT-Net(Proposed),0.45756623539525343
Partly Cloudy,PiT-Net(Proposed),0.4113211537456962
Partly Cloudy,PiT-Net(Proposed),0.027183596825219425
Partly Cloudy,PiT-Net(Proposed),0.09443632424291515
Partly Cloudy,PiT-Net(Proposed),0.4039723823389014
Partly Cloudy,PiT-Net(Proposed),0.7861852941327303
Partly Cloudy,PiT-Net(Proposed),0.8209573571797186
Partly Cloudy,PiT-Net(Proposed),0.9199385011068362
Partly Cloudy,PiT-Net(Proposed),1.245825362967782
Partly Cloudy,PiT-Net(Proposed),1.2023682233667605
Partly Cloudy,PiT-Net(Proposed),1.3563975530598897
Partly Cloudy,PiT-Net(Proposed),1.4474343138359682
Partly Cloudy,PiT-Net(Proposed),1.454120232632195
Partly Cloudy,PiT-Net(Proposed),1.2939245801388901
Partly Cloudy,PiT-Net(Proposed),1.0014926629097105
Partly Cloudy,PiT-Net(Proposed),0.41269651322278417
Partly Cloudy,PiT-Net(Proposed),0.5246031210168166
Partly Cloudy,PiT-Net(Proposed),0.6617737487868074
Partly Cloudy,PiT-Net(Proposed),0.8930789562127079
Partly Cloudy,PiT-Net(Proposed),0.8243112458367596
Partly Cloudy,PiT-Net(Proposed),0.6902700708762524
Partly Cloudy,PiT-Net(Proposed),0.6073224152183405
Partly Cloudy,PiT-Net(Proposed),0.5725280303547438
Partly Cloudy,PiT-Net(Proposed),0.5235789724450299
Partly Cloudy,PiT-Net(Proposed),0.5267360278535991
Partly Cloudy,PiT-Net(Proposed),0.5330975557720841
Partly Cloudy,PiT-Net(Proposed),0.83286006590584
Partly Cloudy,PiT-Net(Proposed),0.8907878614442444
Partly Cloudy,PiT-Net(Proposed),0.961541935079488
Partly Cloudy,PiT-Net(Proposed),0.5266579486548455
Partly Cloudy,PiT-Net(Proposed),1.0350297786103386
Partly Cloudy,PiT-Net(Proposed),0.8178898539798691
Partly Cloudy,PiT-Net(Proposed),1.009045357988839
Partly Cloudy,PiT-Net(Proposed),0.505369672243809
Partly Cloudy,PiT-Net(Proposed),0.4388033995463978
Partly Cloudy,PiT-Net(Proposed),0.005042793547300306
Partly Cloudy,PiT-Net(Proposed),0.0276617843901672
Partly Cloudy,PiT-Net(Proposed),0.06259346594472603
Partly Cloudy,PiT-Net(Proposed),0.17292318856724087
Partly Cloudy,PiT-Net(Proposed),0.023873306295271846
Partly Cloudy,PiT-Net(Proposed),0.09303302251976753
Partly Cloudy,PiT-Net(Proposed),0.36611557322375177
Partly Cloudy,PiT-Net(Proposed),0.3650904945038729
Partly Cloudy,PiT-Net(Proposed),0.4743744870922022
Partly Cloudy,PiT-Net(Proposed),0.4316148311634205
Partly Cloudy,PiT-Net(Proposed),0.3438667693492192
Partly Cloudy,PiT-Net(Proposed),0.5543751605307801
Partly Cloudy,PiT-Net(Proposed),0.8088375184338013
Partly Cloudy,PiT-Net(Proposed),0.6398528781552582
Partly Cloudy,PiT-Net(Proposed),0.7042716389812771
Partly Cloudy,PiT-Net(Proposed),0.9202754611105508
Partly Cloudy,PiT-Net(Proposed),0.9128029252316887
Partly Cloudy,PiT-Net(Proposed),1.0642923314611297
Partly Cloudy,PiT-Net(Proposed),1.1992037334295942
Partly Cloudy,PiT-Net(Proposed),1.2775494788366046
Partly Cloudy,PiT-Net(Proposed),1.2736681668079215
Partly Cloudy,PiT-Net(Proposed),1.105920619524821
Partly Cloudy,PiT-Net(Proposed),0.49605666045822777
Partly Cloudy,PiT-Net(Proposed),0.6549498417587937
Partly Cloudy,PiT-Net(Proposed),0.7903337222873303
Partly Cloudy,PiT-Net(Proposed),0.9856712382252062
Partly Cloudy,PiT-Net(Proposed),0.8886174923640255
Partly Cloudy,PiT-Net(Proposed),0.7288322634060274
Partly Cloudy,PiT-Net(Proposed),0.7828456750701411
Partly Cloudy,PiT-Net(Proposed),0.7252984779818457
Partly Cloudy,PiT-Net(Proposed),0.7550399853713108
Partly Cloudy,PiT-Net(Proposed),0.559323250104022
Partly Cloudy,PiT-Net(Proposed),0.4896206589816803
Partly Cloudy,PiT-Net(Proposed),0.6823173416789938
Partly Cloudy,PiT-Net(Proposed),0.6341739448201515
Partly Cloudy,PiT-Net(Proposed),0.6210519239740631
Partly Cloudy,PiT-Net(Proposed),0.2098687785049549
Partly Cloudy,PiT-Net(Proposed),0.646586187205969
Partly Cloudy,PiT-Net(Proposed),0.4121499278542675
Partly Cloudy,PiT-Net(Proposed),0.4424899477621924
Partly Cloudy,PiT-Net(Proposed),0.10266920824712322
Partly Cloudy,PiT-Net(Proposed),0.022825514981285266
Partly Cloudy,PiT-Net(Proposed),0.01808970682529676
Partly Cloudy,PiT-Net(Proposed),0.11208801048619321
Partly Cloudy,PiT-Net(Proposed),0.04706852522355298
Partly Cloudy,PiT-Net(Proposed),0.23744352418037984
Partly Cloudy,PiT-Net(Proposed),0.017106239780162014
Partly Cloudy,PiT-Net(Proposed),0.18984511593347442
Partly Cloudy,PiT-Net(Proposed),0.37911948720553745
Partly Cloudy,PiT-Net(Proposed),0.3187428544729869
Partly Cloudy,PiT-Net(Proposed),0.38384104025500854
Partly Cloudy,PiT-Net(Proposed),0.3981189417227178
Partly Cloudy,PiT-Net(Proposed),0.33314572383413754
Partly Cloudy,PiT-Net(Proposed),0.607438357609448
Partly Cloudy,PiT-Net(Proposed),0.8059478619127987
Partly Cloudy,PiT-Net(Proposed),0.6816377162901333
Partly Cloudy,PiT-Net(Proposed),0.7614596584782412
Partly Cloudy,PiT-Net(Proposed),0.9326162402580902
Partly Cloudy,PiT-Net(Proposed),0.8117986608609487
Partly Cloudy,PiT-Net(Proposed),0.9016421184547223
Partly Cloudy,PiT-Net(Proposed),0.9744149327095482
Partly Cloudy,PiT-Net(Proposed),1.0163168770089315
Partly Cloudy,PiT-Net(Proposed),0.9291089750263832
Partly Cloudy,PiT-Net(Proposed),0.8160034148031583
Partly Cloudy,PiT-Net(Proposed),0.5901048976140366
Partly Cloudy,PiT-Net(Proposed),0.8054617491827689
Partly Cloudy,PiT-Net(Proposed),1.0843072801137839
Partly Cloudy,PiT-Net(Proposed),1.3117587334611551
Partly Cloudy,PiT-Net(Proposed),1.4846890090239349
Partly Cloudy,PiT-Net(Proposed),1.3754182721910073
Partly Cloudy,PiT-Net(Proposed),1.178520546912666
Partly Cloudy,PiT-Net(Proposed),1.1700926392736868
Partly Cloudy,PiT-Net(Proposed),1.031607116215099
Partly Cloudy,PiT-Net(Proposed),1.1339152477078986
Partly Cloudy,PiT-Net(Proposed),0.8930516875385841
Partly Cloudy,PiT-Net(Proposed),0.7699948177693443
Partly Cloudy,PiT-Net(Proposed),0.8501098442037023
Partly Cloudy,PiT-Net(Proposed),0.8031484525365684
Partly Cloudy,PiT-Net(Proposed),0.6771441386026957
Partly Cloudy,PiT-Net(Proposed),0.313630066149047
Partly Cloudy,PiT-Net(Proposed),0.7889741870134461
Partly Cloudy,PiT-Net(Proposed),0.6649989263541727
Partly Cloudy,PiT-Net(Proposed),0.7244063798025735
Partly Cloudy,PiT-Net(Proposed),0.27755955442441405
Partly Cloudy,PiT-Net(Proposed),0.25538510113608126
Partly Cloudy,PiT-Net(Proposed),0.1288459160308264
Partly Cloudy,PiT-Net(Proposed),0.10078738401080045
Partly Cloudy,PiT-Net(Proposed),0.2566027578501675
Partly Cloudy,PiT-Net(Proposed),0.3859566922716198
Partly Cloudy,PiT-Net(Proposed),0.13739687740057605
Partly Cloudy,PiT-Net(Proposed),0.18803618621149454
Partly Cloudy,PiT-Net(Proposed),0.47953087481883827
Partly Cloudy,PiT-Net(Proposed),0.5083275500295308
Partly Cloudy,PiT-Net(Proposed),0.876017299038395
Partly Cloudy,PiT-Net(Proposed),0.5783373230717395
Partly Cloudy,PiT-Net(Proposed),0.7190032716842385
Partly Cloudy,PiT-Net(Proposed),0.8530250100001755
Partly Cloudy,PiT-Net(Proposed),1.055404920498976
Partly Cloudy,PiT-Net(Proposed),1.0136253859816673
Partly Cloudy,PiT-Net(Proposed),1.0428467638180372
Partly Cloudy,PiT-Net(Proposed),1.1192856557270723
Partly Cloudy,PiT-Net(Proposed),1.1885620691442664
Partly Cloudy,PiT-Net(Proposed),1.2396711279086121
Partly Cloudy,PiT-Net(Proposed),1.4783421008867892
Partly Cloudy,PiT-Net(Proposed),1.570634064129008
Partly Cloudy,PiT-Net(Proposed),1.5519010630124908
Partly Cloudy,PiT-Net(Proposed),1.291589948081738
Partly Cloudy,PiT-Net(Proposed),0.8645689215548136
Partly Cloudy,PiT-Net(Proposed),1.1201241713167958
Partly Cloudy,PiT-Net(Proposed),1.329136704151817
Partly Cloudy,PiT-Net(Proposed),1.4726056761115256
Partly Cloudy,PiT-Net(Proposed),1.3667100976676654
Partly Cloudy,PiT-Net(Proposed),1.202763119007594
Partly Cloudy,PiT-Net(Proposed),1.1863394872190618
Partly Cloudy,PiT-Net(Proposed),1.0158433918285752
Partly Cloudy,PiT-Net(Proposed),1.0851468640843756
Partly Cloudy,PiT-Net(Proposed),0.874713292697022
Partly Cloudy,PiT-Net(Proposed),0.7010896104332058
Partly Cloudy,PiT-Net(Proposed),0.73576930768232
Partly Cloudy,PiT-Net(Proposed),0.759162553581529
Partly Cloudy,PiT-Net(Proposed),0.472522950554783
Partly Cloudy,PiT-Net(Proposed),0.11305680442096033
Partly Cloudy,PiT-Net(Proposed),0.564381579072796
Partly Cloudy,PiT-Net(Proposed),0.3570528124133858
Partly Cloudy,PiT-Net(Proposed),0.43783728402950217
Partly Cloudy,PiT-Net(Proposed),0.052886421025700514
Partly Cloudy,PiT-Net(Proposed),0.07388523340208764
Partly Cloudy,PiT-Net(Proposed),0.08139947956022198
Partly Cloudy,PiT-Net(Proposed),0.13241001205989633
Partly Cloudy,PiT-Net(Proposed),0.025405915743078822
Partly Cloudy,PiT-Net(Proposed),0.4848391612781491
Partly Cloudy,PiT-Net(Proposed),0.10361271479659351
Partly Cloudy,PiT-Net(Proposed),0.15381338050313076
Partly Cloudy,PiT-Net(Proposed),0.5075730009149648
Partly Cloudy,PiT-Net(Proposed),0.4077749188437192
Partly Cloudy,PiT-Net(Proposed),0.6938636088301564
Partly Cloudy,PiT-Net(Proposed),0.4541388625070226
Partly Cloudy,PiT-Net(Proposed),0.5156423792554854
Partly Cloudy,PiT-Net(Proposed),0.5890544222487186
Partly Cloudy,PiT-Net(Proposed),0.8006882776693107
Partly Cloudy,PiT-Net(Proposed),0.6828061759910398
Partly Cloudy,PiT-Net(Proposed),0.799643521516936
Partly Cloudy,PiT-Net(Proposed),0.9525439922707228
Partly Cloudy,PiT-Net(Proposed),0.9644477324814815
Partly Cloudy,PiT-Net(Proposed),1.1321399169424264
Partly Cloudy,PiT-Net(Proposed),1.3483000528066649
Partly Cloudy,PiT-Net(Proposed),1.4835057078552873
Partly Cloudy,PiT-Net(Proposed),1.4493179315913194
Partly Cloudy,PiT-Net(Proposed),1.292975170333245
Partly Cloudy,PiT-Net(Proposed),0.923193700967826
Partly Cloudy,PiT-Net(Proposed),0.8653286599547548
Partly Cloudy,PiT-Net(Proposed),1.3107873449658425
Partly Cloudy,PiT-Net(Proposed),1.6052173042901225
Partly Cloudy,PiT-Net(Proposed),1.864043096983572
Partly Cloudy,PiT-Net(Proposed),1.9831850621915743
Partly Cloudy,PiT-Net(Proposed),1.731939507384448
Partly Cloudy,PiT-Net(Proposed),1.5628492019090139
Partly Cloudy,PiT-Net(Proposed),1.5158745675619034
Partly Cloudy,PiT-Net(Proposed),1.2293014002838838
Partly Cloudy,PiT-Net(Proposed),1.3230323945046205
Partly Cloudy,PiT-Net(Proposed),1.0836219314659399
Partly Cloudy,PiT-Net(Proposed),0.8290174359111866
Partly Cloudy,PiT-Net(Proposed),0.9079125335444616
Partly Cloudy,PiT-Net(Proposed),1.074425211302792
Partly Cloudy,PiT-Net(Proposed),0.6260804193739844
Partly Cloudy,PiT-Net(Proposed),0.2809951159351236
Partly Cloudy,PiT-Net(Proposed),0.6387385127897609
Partly Cloudy,PiT-Net(Proposed),0.504022844755621
Partly Cloudy,PiT-Net(Proposed),0.5863512367545418
Partly Cloudy,PiT-Net(Proposed),0.1076827764664614
Partly Cloudy,PiT-Net(Proposed),0.0005863510655217397
Partly Cloudy,PiT-Net(Proposed),0.027480259530488382
Partly Cloudy,PiT-Net(Proposed),0.04729739069008332
Partly Cloudy,PiT-Net(Proposed),0.30190298541255345
Partly Cloudy,PiT-Net(Proposed),0.5499146154078858
Partly Cloudy,PiT-Net(Proposed),0.024211995712985157
Partly Cloudy,PiT-Net(Proposed),0.18822998806837887
Partly Cloudy,PiT-Net(Proposed),0.47468313163744114
Partly Cloudy,PiT-Net(Proposed),0.4777447631447842
Partly Cloudy,PiT-Net(Proposed),0.9873947370781373
Partly Cloudy,PiT-Net(Proposed),0.6967503210913293
Partly Cloudy,PiT-Net(Proposed),0.933698332357384
Partly Cloudy,PiT-Net(Proposed),0.951259705961693
Partly Cloudy,PiT-Net(Proposed),1.1117600081554233
Partly Cloudy,PiT-Net(Proposed),1.0114422873832112
Partly Cloudy,PiT-Net(Proposed),1.191176551554177
Partly Cloudy,PiT-Net(Proposed),1.2604912534211916
Partly Cloudy,PiT-Net(Proposed),1.4013365486662117
Partly Cloudy,PiT-Net(Proposed),1.5671307466788722
Partly Cloudy,PiT-Net(Proposed),1.8454439280341441
Partly Cloudy,PiT-Net(Proposed),2.0490330938195527
Partly Cloudy,PiT-Net(Proposed),1.9968320780042457
Partly Cloudy,PiT-Net(Proposed),1.7261531456529808
Partly Cloudy,PiT-Net(Proposed),1.2141928959093549
Partly Cloudy,PiT-Net(Proposed),0.5852010706665228
Partly Cloudy,PiT-Net(Proposed),0.6707230345316164
Partly Cloudy,PiT-Net(Proposed),0.887561598435648
Partly Cloudy,PiT-Net(Proposed),1.1271918931465894
Partly Cloudy,PiT-Net(Proposed),1.1029107284886166
Partly Cloudy,PiT-Net(Proposed),0.8687026863745704
Partly Cloudy,PiT-Net(Proposed),0.901063016186388
Partly Cloudy,PiT-Net(Proposed),0.7030563096804423
Partly Cloudy,PiT-Net(Proposed),0.86074111378041
Partly Cloudy,PiT-Net(Proposed),0.8433066897862904
Partly Cloudy,PiT-Net(Proposed),0.6580673128314682
Partly Cloudy,PiT-Net(Proposed),0.9735269524316621
Partly Cloudy,PiT-Net(Proposed),0.9133749528510826
Partly Cloudy,PiT-Net(Proposed),0.863858840273755
Partly Cloudy,PiT-Net(Proposed),0.3669957849306531
Partly Cloudy,PiT-Net(Proposed),0.930180128383352
Partly Cloudy,PiT-Net(Proposed),0.975391779752151
Partly Cloudy,PiT-Net(Proposed),0.9309834927746703
Partly Cloudy,PiT-Net(Proposed),0.6479189110664372
Partly Cloudy,PiT-Net(Proposed),0.34943045814087625
Partly Cloudy,PiT-Net(Proposed),0.1289902278910411
Partly Cloudy,PiT-Net(Proposed),0.23724806409315136
Partly Cloudy,PiT-Net(Proposed),0.43186273860168356
Partly Cloudy,PiT-Net(Proposed),0.22931097893861363
Partly Cloudy,PiT-Net(Proposed),0.13986667857905388
Partly Cloudy,PiT-Net(Proposed),0.31637467929362373
Partly Cloudy,PiT-Net(Proposed),0.6782231834441923
Partly Cloudy,PiT-Net(Proposed),0.17745735083378023
Partly Cloudy,PiT-Net(Proposed),0.3010674574573251
Partly Cloudy,PiT-Net(Proposed),0.09176093942475205
Partly Cloudy,PiT-Net(Proposed),0.19555252339642948
Partly Cloudy,PiT-Net(Proposed),0.44158946515369735
Partly Cloudy,PiT-Net(Proposed),0.7138104864134682
Partly Cloudy,PiT-Net(Proposed),0.979147114964718
Partly Cloudy,PiT-Net(Proposed),1.0167163223216207
Partly Cloudy,PiT-Net(Proposed),1.1386117704646725
Partly Cloudy,PiT-Net(Proposed),1.397566075180377
Partly Cloudy,PiT-Net(Proposed),1.5547321719724305
Partly Cloudy,PiT-Net(Proposed),1.575699994442009
Partly Cloudy,PiT-Net(Proposed),1.7438811193990906
Partly Cloudy,PiT-Net(Proposed),1.7192163920088905
Partly Cloudy,PiT-Net(Proposed),1.549049647477268
Partly Cloudy,PiT-Net(Proposed),1.1859260603350408
Partly Cloudy,PiT-Net(Proposed),0.9861021597121196
Partly Cloudy,PiT-Net(Proposed),1.2958172559212644
Partly Cloudy,PiT-Net(Proposed),1.4782007609239498
Partly Cloudy,PiT-Net(Proposed),1.6217744938117402
Partly Cloudy,PiT-Net(Proposed),1.7004531096135453
Partly Cloudy,PiT-Net(Proposed),1.466125963174541
Partly Cloudy,PiT-Net(Proposed),1.2753567300591442
Partly Cloudy,PiT-Net(Proposed),1.2856111871972704
Partly Cloudy,PiT-Net(Proposed),1.008888199717811
Partly Cloudy,PiT-Net(Proposed),1.1183317762428402
Partly Cloudy,PiT-Net(Proposed),0.8597234900254769
Partly Cloudy,PiT-Net(Proposed),0.6023923963156097
Partly Cloudy,PiT-Net(Proposed),0.7256848656993373
Partly Cloudy,PiT-Net(Proposed),0.5807937288855527
Partly Cloudy,PiT-Net(Proposed),0.3144202735431527
Partly Cloudy,PiT-Net(Proposed),0.10749885369703804
Partly Cloudy,PiT-Net(Proposed),0.37387776021651575
Partly Cloudy,PiT-Net(Proposed),0.2588223387858939
Partly Cloudy,PiT-Net(Proposed),0.44226742458925017
Partly Cloudy,PiT-Net(Proposed),0.2416843581417112
Partly Cloudy,PiT-Net(Proposed),0.31583015272464365
Partly Cloudy,PiT-Net(Proposed),0.1402019215570398
Partly Cloudy,PiT-Net(Proposed),0.2679940025188827
Partly Cloudy,PiT-Net(Proposed),0.1106155920603733
Partly Cloudy,PiT-Net(Proposed),0.5813582522685934
Partly Cloudy,PiT-Net(Proposed),0.13181922538334234
Partly Cloudy,PiT-Net(Proposed),0.04495776525702411
Partly Cloudy,PiT-Net(Proposed),0.25164986680470136
Partly Cloudy,PiT-Net(Proposed),0.09687098874880462
Partly Cloudy,PiT-Net(Proposed),0.5361617423539666
Partly Cloudy,PiT-Net(Proposed),0.3006553499615734
Partly Cloudy,PiT-Net(Proposed),0.48847467759514807
Partly Cloudy,PiT-Net(Proposed),0.6175907581081681
Partly Cloudy,PiT-Net(Proposed),0.7456938301709624
Partly Cloudy,PiT-Net(Proposed),0.7655981655783588
Partly Cloudy,PiT-Net(Proposed),0.8504361369119771
Partly Cloudy,PiT-Net(Proposed),1.058395836976091
Partly Cloudy,PiT-Net(Proposed),1.1865640263890462
Partly Cloudy,PiT-Net(Proposed),1.3258600637970126
Partly Cloudy,PiT-Net(Proposed),1.582542447246201
Partly Cloudy,PiT-Net(Proposed),1.7598795152278282
Partly Cloudy,PiT-Net(Proposed),1.7214849707901339
Partly Cloudy,PiT-Net(Proposed),1.546628602038715
Partly Cloudy,PiT-Net(Proposed),0.8320300614642672
Partly Cloudy,PiT-Net(Proposed),1.153617245400776
Partly Cloudy,PiT-Net(Proposed),1.3440404209862153
Partly Cloudy,PiT-Net(Proposed),1.5383704217125813
Partly Cloudy,PiT-Net(Proposed),1.6990937747857355
Partly Cloudy,PiT-Net(Proposed),1.4498357234628845
Partly Cloudy,PiT-Net(Proposed),1.3560669313759792
Partly Cloudy,PiT-Net(Proposed),1.4272582757796624
Partly Cloudy,PiT-Net(Proposed),1.2449205029653818
Partly Cloudy,PiT-Net(Proposed),1.4016257237026633
Partly Cloudy,PiT-Net(Proposed),1.0858559114318425
Partly Cloudy,PiT-Net(Proposed),0.9411634668761426
Partly Cloudy,PiT-Net(Proposed),0.969112491667719
Partly Cloudy,PiT-Net(Proposed),1.0069248596356601
Partly Cloudy,PiT-Net(Proposed),0.7739409894419182
Partly Cloudy,PiT-Net(Proposed),0.332433420088023
Partly Cloudy,PiT-Net(Proposed),0.6910749727586705
Partly Cloudy,PiT-Net(Proposed),0.5581539393072532
Partly Cloudy,PiT-Net(Proposed),0.6889982416075853
Partly Cloudy,PiT-Net(Proposed),0.029006844877557114
Partly Cloudy,PiT-Net(Proposed),0.026274218733888688
Partly Cloudy,PiT-Net(Proposed),0.020865268186859964
Partly Cloudy,PiT-Net(Proposed),0.10698192777917015
Partly Cloudy,PiT-Net(Proposed),0.3394731313637429
Partly Cloudy,PiT-Net(Proposed),0.513203455510304
Partly Cloudy,PiT-Net(Proposed),0.2131150051235977
Partly Cloudy,PiT-Net(Proposed),0.17639710273585507
Partly Cloudy,PiT-Net(Proposed),0.4812454214836386
Partly Cloudy,PiT-Net(Proposed),0.45104704007824026
Partly Cloudy,PiT-Net(Proposed),0.9710917953234492
Partly Cloudy,PiT-Net(Proposed),0.7344734814699692
Partly Cloudy,PiT-Net(Proposed),0.7839661180129163
Partly Cloudy,PiT-Net(Proposed),0.8654854030727748
Partly Cloudy,PiT-Net(Proposed),1.1710471282097288
Partly Cloudy,PiT-Net(Proposed),1.037784034202204
Partly Cloudy,PiT-Net(Proposed),1.157914165525769
Partly Cloudy,PiT-Net(Proposed),1.2458548200500061
Partly Cloudy,PiT-Net(Proposed),1.3896296731045439
Partly Cloudy,PiT-Net(Proposed),1.5220987974966107
Partly Cloudy,PiT-Net(Proposed),1.6939771045587069
Partly Cloudy,PiT-Net(Proposed),1.8199139039818437
Partly Cloudy,PiT-Net(Proposed),1.765665106131748
Partly Cloudy,PiT-Net(Proposed),1.5423382352527946
Partly Cloudy,PiT-Net(Proposed),1.1411960308748093
Partly Cloudy,PiT-Net(Proposed),1.0382534876758993
Partly Cloudy,PiT-Net(Proposed),1.4126922591208735
Partly Cloudy,PiT-Net(Proposed),1.6593493014255287
Partly Cloudy,PiT-Net(Proposed),1.8536814838059623
Partly Cloudy,PiT-Net(Proposed),1.9348386947113099
Partly Cloudy,PiT-Net(Proposed),1.6356687528268754
Partly Cloudy,PiT-Net(Proposed),1.4516880658387077
Partly Cloudy,PiT-Net(Proposed),1.434389095034291
Partly Cloudy,PiT-Net(Proposed),1.0486296683854146
Partly Cloudy,PiT-Net(Proposed),1.2325549957503608
Partly Cloudy,PiT-Net(Proposed),0.9373899888847124
Partly Cloudy,PiT-Net(Proposed),0.6894049907985753
Partly Cloudy,PiT-Net(Proposed),0.804069689022171
Partly Cloudy,PiT-Net(Proposed),0.8383673280665178
Partly Cloudy,PiT-Net(Proposed),0.5220831794928209
Partly Cloudy,PiT-Net(Proposed),0.00016703873309253936
Partly Cloudy,PiT-Net(Proposed),0.5433008042381466
Partly Cloudy,PiT-Net(Proposed),0.40643649094554846
Partly Cloudy,PiT-Net(Proposed),0.6243290472161682
Partly Cloudy,PiT-Net(Proposed),0.09558653733325428
Partly Cloudy,PiT-Net(Proposed),0.12144363286071069
Partly Cloudy,PiT-Net(Proposed),0.00530665983890799
Partly Cloudy,PiT-Net(Proposed),0.07972766930038233
Partly Cloudy,PiT-Net(Proposed),0.35075779607212
Partly Cloudy,PiT-Net(Proposed),0.4984477231344968
Partly Cloudy,PiT-Net(Proposed),0.12235214782692694
Partly Cloudy,PiT-Net(Proposed),0.04186535555973947
Partly Cloudy,PiT-Net(Proposed),0.31195698742690325
Partly Cloudy,PiT-Net(Proposed),0.18635583505493258
Partly Cloudy,PiT-Net(Proposed),0.673920314480025
Partly Cloudy,PiT-Net(Proposed),0.4682614652539101
Partly Cloudy,PiT-Net(Proposed),0.6203391596200838
Partly Cloudy,PiT-Net(Proposed),0.7898514917771386
Partly Cloudy,PiT-Net(Proposed),0.900086791855685
Partly Cloudy,PiT-Net(Proposed),0.9996445034512895
Partly Cloudy,PiT-Net(Proposed),1.08705288650029
Partly Cloudy,PiT-Net(Proposed),1.1952709085558304
Partly Cloudy,PiT-Net(Proposed),1.3586093928949534
Partly Cloudy,PiT-Net(Proposed),1.5278286250709066
Partly Cloudy,PiT-Net(Proposed),1.7976013917805052
Partly Cloudy,PiT-Net(Proposed),1.9974611642797386
Partly Cloudy,PiT-Net(Proposed),2.051177750341928
Partly Cloudy,PiT-Net(Proposed),1.891680883779021
Partly Cloudy,PiT-Net(Proposed),1.5072425871999149
Partly Cloudy,PiT-Net(Proposed),0.17667622415348772
Partly Cloudy,PiT-Net(Proposed),0.28463015426392907
Partly Cloudy,PiT-Net(Proposed),0.48057515949282603
Partly Cloudy,PiT-Net(Proposed),0.6551287940381725
Partly Cloudy,PiT-Net(Proposed),0.8339855885196705
Partly Cloudy,PiT-Net(Proposed),1.0479635516604753
Partly Cloudy,PiT-Net(Proposed),1.097740777405678
Partly Cloudy,PiT-Net(Proposed),1.1064674153615979
Partly Cloudy,PiT-Net(Proposed),1.22766636075903
Partly Cloudy,PiT-Net(Proposed),1.5364176075914164
Partly Cloudy,PiT-Net(Proposed),1.1743476365957441
Partly Cloudy,PiT-Net(Proposed),0.9307137030734491
Partly Cloudy,PiT-Net(Proposed),1.056014835826863
Partly Cloudy,PiT-Net(Proposed),0.8463650122295157
Partly Cloudy,PiT-Net(Proposed),1.0088907211262956
Partly Cloudy,PiT-Net(Proposed),0.8428338378575475
Partly Cloudy,PiT-Net(Proposed),0.5753127410500305
Partly Cloudy,PiT-Net(Proposed),0.7978952754265087
Partly Cloudy,PiT-Net(Proposed),0.8349688211556945
Partly Cloudy,PiT-Net(Proposed),0.7662082025780386
Partly Cloudy,PiT-Net(Proposed),0.22624855934617827
Partly Cloudy,PiT-Net(Proposed),0.5094154296551743
Partly Cloudy,PiT-Net(Proposed),0.5574222629196051
Partly Cloudy,PiT-Net(Proposed),0.597549300620873
Partly Cloudy,PiT-Net(Proposed),0.37143398917243786
Partly Cloudy,PiT-Net(Proposed),0.2882756932467956
Partly Cloudy,PiT-Net(Proposed),0.11471992330466918
Partly Cloudy,PiT-Net(Proposed),0.11832315695133389
Partly Cloudy,PiT-Net(Proposed),0.4126995621828655
Partly Cloudy,PiT-Net(Proposed),0.0536262604728428
Partly Cloudy,PiT-Net(Proposed),0.06304456393881708
Partly Cloudy,PiT-Net(Proposed),0.03539678511943478
Partly Cloudy,PiT-Net(Proposed),0.39429555831252827
Partly Cloudy,PiT-Net(Proposed),0.26539211362491244
Partly Cloudy,PiT-Net(Proposed),0.5157766768674215
Partly Cloudy,PiT-Net(Proposed),0.4869696733664881
Partly Cloudy,PiT-Net(Proposed),0.5411543790922337
Partly Cloudy,PiT-Net(Proposed),0.7616248393614811
Partly Cloudy,PiT-Net(Proposed),1.0511681713434164
Partly Cloudy,PiT-Net(Proposed),0.9537498742676238
Partly Cloudy,PiT-Net(Proposed),1.0466432176045384
Partly Cloudy,PiT-Net(Proposed),1.1987857496967163
Partly Cloudy,PiT-Net(Proposed),1.1094740053329453
Partly Cloudy,PiT-Net(Proposed),1.269006994270045
Partly Cloudy,PiT-Net(Proposed),1.3529801500292482
Partly Cloudy,PiT-Net(Proposed),1.4381091297781836
Partly Cloudy,PiT-Net(Proposed),1.3924480044479637
Partly Cloudy,PiT-Net(Proposed),1.3486420719737815
Partly Cloudy,PiT-Net(Proposed),1.3508437843542662
Partly Cloudy,PiT-Net(Proposed),1.2406021508921334
Partly Cloudy,PiT-Net(Proposed),1.0677553261399138
Partly Cloudy,PiT-Net(Proposed),0.8717943712003942
Partly Cloudy,PiT-Net(Proposed),0.18640857050483578
Partly Cloudy,PiT-Net(Proposed),0.2894378835375073
Partly Cloudy,PiT-Net(Proposed),0.4538031889695917
Partly Cloudy,PiT-Net(Proposed),0.676887998659166
Partly Cloudy,PiT-Net(Proposed),0.8846343101737728
Partly Cloudy,PiT-Net(Proposed),1.0922816059488505
Partly Cloudy,PiT-Net(Proposed),1.092740752062539
Partly Cloudy,PiT-Net(Proposed),1.0632372972128632
Partly Cloudy,PiT-Net(Proposed),1.1717434136917646
Partly Cloudy,PiT-Net(Proposed),1.4956047097134988
Partly Cloudy,PiT-Net(Proposed),1.1937709703833619
Partly Cloudy,PiT-Net(Proposed),1.1254503052772424
Partly Cloudy,PiT-Net(Proposed),1.3321748110649239
Partly Cloudy,PiT-Net(Proposed),1.1298666399934234
Partly Cloudy,PiT-Net(Proposed),1.3646508523437024
Partly Cloudy,PiT-Net(Proposed),1.1670524013280907
Partly Cloudy,PiT-Net(Proposed),0.834204001552628
Partly Cloudy,PiT-Net(Proposed),1.0504854639706984
Partly Cloudy,PiT-Net(Proposed),1.1690210279460373
Partly Cloudy,PiT-Net(Proposed),1.0553224567851665
Partly Cloudy,PiT-Net(Proposed),0.5591363882078504
Partly Cloudy,PiT-Net(Proposed),0.6651236572480741
Partly Cloudy,PiT-Net(Proposed),0.6975411538154397
Partly Cloudy,PiT-Net(Proposed),0.679532106929706
Partly Cloudy,PiT-Net(Proposed),0.3565352995400346
Partly Cloudy,PiT-Net(Proposed),0.3618559583827192
Partly Cloudy,PiT-Net(Proposed),0.017262170223098394
Partly Cloudy,PiT-Net(Proposed),0.054624073282298014
Partly Cloudy,PiT-Net(Proposed),0.23741156772558014
Partly Cloudy,PiT-Net(Proposed),0.2139220404897202
Partly Cloudy,PiT-Net(Proposed),0.18354385595267786
Partly Cloudy,PiT-Net(Proposed),0.23254194098060665
Partly Cloudy,PiT-Net(Proposed),0.5756326476639693
Partly Cloudy,PiT-Net(Proposed),0.4814885026426339
Partly Cloudy,PiT-Net(Proposed),0.6500540187985067
Partly Cloudy,PiT-Net(Proposed),0.6225454764293517
Partly Cloudy,PiT-Net(Proposed),0.6874472039511694
Partly Cloudy,PiT-Net(Proposed),0.8601357908462326
Partly Cloudy,PiT-Net(Proposed),1.129647228426517
Partly Cloudy,PiT-Net(Proposed),0.9863643029381102
Partly Cloudy,PiT-Net(Proposed),1.1321533502578305
Partly Cloudy,PiT-Net(Proposed),1.199043975951776
Partly Cloudy,PiT-Net(Proposed),1.1346707883459128
Partly Cloudy,PiT-Net(Proposed),1.3553124220602264
Partly Cloudy,PiT-Net(Proposed),1.4200216088498188
Partly Cloudy,PiT-Net(Proposed),1.4997798076523097
Partly Cloudy,PiT-Net(Proposed),1.4511594540628172
Partly Cloudy,PiT-Net(Proposed),1.4101766752904599
Partly Cloudy,PiT-Net(Proposed),1.441921459501895
Partly Cloudy,PiT-Net(Proposed),1.3361649115813528
Partly Cloudy,PiT-Net(Proposed),1.1920159126498908
Partly Cloudy,PiT-Net(Proposed),1.0500247264509532
Partly Cloudy,PiT-Net(Proposed),0.7666724424913324
Partly Cloudy,PiT-Net(Proposed),0.40139968455547315
Partly Cloudy,PiT-Net(Proposed),0.5301427415668052
Partly Cloudy,PiT-Net(Proposed),0.46976902516514984
Partly Cloudy,PiT-Net(Proposed),0.38800956498285233
Partly Cloudy,PiT-Net(Proposed),0.3967624041214779
Partly Cloudy,PiT-Net(Proposed),0.5534215979999972
Partly Cloudy,PiT-Net(Proposed),0.53293143061709
Partly Cloudy,PiT-Net(Proposed),0.6213099939005575
Partly Cloudy,PiT-Net(Proposed),0.34460028272524834
Partly Cloudy,PiT-Net(Proposed),0.5340189519024676
Partly Cloudy,PiT-Net(Proposed),0.34048181294335045
Partly Cloudy,PiT-Net(Proposed),0.4860019851654247
Partly Cloudy,PiT-Net(Proposed),0.16057674540821054
Partly Cloudy,PiT-Net(Proposed),0.2780451913024313
Partly Cloudy,PiT-Net(Proposed),0.003379700863955115
Partly Cloudy,PiT-Net(Proposed),0.25920666604372666
Partly Cloudy,PiT-Net(Proposed),0.13889554710537233
Partly Cloudy,PiT-Net(Proposed),0.21444317514627542
Partly Cloudy,PiT-Net(Proposed),0.21426019163650523
Partly Cloudy,PiT-Net(Proposed),0.20501199888142363
Partly Cloudy,PiT-Net(Proposed),0.507021769125716
Partly Cloudy,PiT-Net(Proposed),0.5560823291407324
Partly Cloudy,PiT-Net(Proposed),0.4795264779072985
Partly Cloudy,PiT-Net(Proposed),0.4918456303432226
Partly Cloudy,PiT-Net(Proposed),0.4648320054716515
Partly Cloudy,PiT-Net(Proposed),0.5813750941016353
Partly Cloudy,PiT-Net(Proposed),0.6866312034335862
Partly Cloudy,PiT-Net(Proposed),0.5847917640065523
Partly Cloudy,PiT-Net(Proposed),0.5501609301052386
Partly Cloudy,PiT-Net(Proposed),0.5695213106660646
Partly Cloudy,PiT-Net(Proposed),0.46350481952877454
Partly Cloudy,PiT-Net(Proposed),0.80903022220367
Partly Cloudy,PiT-Net(Proposed),1.1464591675930444
Partly Cloudy,PiT-Net(Proposed),1.254926271545167
Partly Cloudy,PiT-Net(Proposed),1.2148036743019124
Partly Cloudy,PiT-Net(Proposed),1.2996286112271358
Partly Cloudy,PiT-Net(Proposed),1.2165828455709145
Partly Cloudy,PiT-Net(Proposed),1.2841086221514333
Partly Cloudy,PiT-Net(Proposed),1.0409822366335515
Partly Cloudy,PiT-Net(Proposed),0.8121634149713373
Partly Cloudy,PiT-Net(Proposed),0.9643876075104512
Partly Cloudy,PiT-Net(Proposed),0.8370233922987662
Partly Cloudy,PiT-Net(Proposed),0.855776768956936
Partly Cloudy,PiT-Net(Proposed),0.3963773171362899
Partly Cloudy,PiT-Net(Proposed),0.45168235646215926
Partly Cloudy,PiT-Net(Proposed),0.4171461412869064
Partly Cloudy,PiT-Net(Proposed),0.35910026556350694
Partly Cloudy,PiT-Net(Proposed),0.11680678270598932
Partly Cloudy,PiT-Net(Proposed),0.0018449432659970455
Partly Cloudy,PiT-Net(Proposed),0.19822260253570967
Partly Cloudy,PiT-Net(Proposed),0.35619306991389443
Partly Cloudy,PiT-Net(Proposed),0.20746317642745105
Partly Cloudy,PiT-Net(Proposed),0.6556392138106375
Partly Cloudy,PiT-Net(Proposed),0.4951840092541353
Partly Cloudy,PiT-Net(Proposed),0.36630478976636915
Partly Cloudy,PiT-Net(Proposed),0.7050462829340933
Partly Cloudy,PiT-Net(Proposed),0.8071426856718311
Partly Cloudy,PiT-Net(Proposed),0.9287456576576272
Partly Cloudy,PiT-Net(Proposed),0.9536520973998677
Partly Cloudy,PiT-Net(Proposed),0.9907333768341715
Partly Cloudy,PiT-Net(Proposed),1.076210059389573
Partly Cloudy,PiT-Net(Proposed),1.3955990216907992
Partly Cloudy,PiT-Net(Proposed),1.3797112872760673
Partly Cloudy,PiT-Net(Proposed),1.483667570716018
Partly Cloudy,PiT-Net(Proposed),1.3306717169722648
Partly Cloudy,PiT-Net(Proposed),0.9946316726071841
Partly Cloudy,PiT-Net(Proposed),0.8228597242424202
Partly Cloudy,PiT-Net(Proposed),1.0137206313308382
Partly Cloudy,PiT-Net(Proposed),0.93646420311928
Partly Cloudy,PiT-Net(Proposed),0.9611796267295327
Partly Cloudy,PiT-Net(Proposed),0.9061340164672842
Partly Cloudy,PiT-Net(Proposed),0.9307370434464906
Partly Cloudy,PiT-Net(Proposed),0.7304384019378496
Partly Cloudy,PiT-Net(Proposed),0.5096374144593341
Partly Cloudy,PiT-Net(Proposed),0.6422989111442652
Partly Cloudy,PiT-Net(Proposed),0.5311896223623407
Partly Cloudy,PiT-Net(Proposed),0.49532349947104315
Partly Cloudy,PiT-Net(Proposed),0.3672933433987282
Partly Cloudy,PiT-Net(Proposed),0.3411026746278054
Partly Cloudy,PiT-Net(Proposed),0.14342871257100853
Partly Cloudy,PiT-Net(Proposed),0.08402671835689368
Partly Cloudy,PiT-Net(Proposed),0.058050642837779165
Partly Cloudy,PiT-Net(Proposed),0.011121769554195637
Partly Cloudy,PiT-Net(Proposed),0.15114689341366017
Partly Cloudy,PiT-Net(Proposed),0.35708585276072924
Partly Cloudy,PiT-Net(Proposed),0.1989428003163951
Partly Cloudy,PiT-Net(Proposed),0.3420099678837065
Partly Cloudy,PiT-Net(Proposed),0.34474203691826233
Partly Cloudy,PiT-Net(Proposed),0.321471109066108
Partly Cloudy,PiT-Net(Proposed),0.66075907512709
Partly Cloudy,PiT-Net(Proposed),0.5630316341314625
Partly Cloudy,PiT-Net(Proposed),0.4322394509507115
Partly Cloudy,PiT-Net(Proposed),0.61643945615545
Partly Cloudy,PiT-Net(Proposed),0.6088492261654661
Partly Cloudy,PiT-Net(Proposed),0.7037814406555034
Partly Cloudy,PiT-Net(Proposed),0.9743406934718499
Partly Cloudy,PiT-Net(Proposed),0.9193684119539007
Partly Cloudy,PiT-Net(Proposed),1.0362568682089814
Partly Cloudy,PiT-Net(Proposed),0.9315060730440972
Partly Cloudy,PiT-Net(Proposed),0.6909051795978264
Partly Cloudy,PiT-Net(Proposed),1.5093841878122756
Partly Cloudy,PiT-Net(Proposed),1.7104489880417852
Partly Cloudy,PiT-Net(Proposed),1.6728712434444217
Partly Cloudy,PiT-Net(Proposed),1.7446359846811648
Partly Cloudy,PiT-Net(Proposed),1.501715434382234
Partly Cloudy,PiT-Net(Proposed),1.479470595682173
Partly Cloudy,PiT-Net(Proposed),1.2177204052257924
Partly Cloudy,PiT-Net(Proposed),0.8550838252844599
Partly Cloudy,PiT-Net(Proposed),1.0319479178105624
Partly Cloudy,PiT-Net(Proposed),1.0420645325066165
Partly Cloudy,PiT-Net(Proposed),0.8265588630859462
Partly Cloudy,PiT-Net(Proposed),0.4418091585905586
Partly Cloudy,PiT-Net(Proposed),0.5120564718215945
Partly Cloudy,PiT-Net(Proposed),0.46824227413074837
Partly Cloudy,PiT-Net(Proposed),0.3434686547243544
Partly Cloudy,PiT-Net(Proposed),0.10260239029456031
Partly Cloudy,PiT-Net(Proposed),0.05752738119175049
Partly Cloudy,PiT-Net(Proposed),0.27262144646542197
Partly Cloudy,PiT-Net(Proposed),0.32199407409375524
Partly Cloudy,PiT-Net(Proposed),0.14386354314611438
Partly Cloudy,PiT-Net(Proposed),0.6991676166863314
Partly Cloudy,PiT-Net(Proposed),0.42337369530932634
Partly Cloudy,PiT-Net(Proposed),0.4219645871195805
Partly Cloudy,PiT-Net(Proposed),0.7327123465974328
Partly Cloudy,PiT-Net(Proposed),0.8596229714087844
Partly Cloudy,PiT-Net(Proposed),1.017591460258652
Partly Cloudy,PiT-Net(Proposed),1.1077922837197374
Partly Cloudy,PiT-Net(Proposed),1.2173183171276456
Partly Cloudy,PiT-Net(Proposed),1.2780221910332035
Partly Cloudy,PiT-Net(Proposed),1.6381060443517255
Partly Cloudy,PiT-Net(Proposed),1.7382750947532077
Partly Cloudy,PiT-Net(Proposed),1.8946361199713975
Partly Cloudy,PiT-Net(Proposed),1.7899871262557223
Partly Cloudy,PiT-Net(Proposed),1.3922762631318444
Partly Cloudy,PiT-Net(Proposed),0.5705587502085476
Partly Cloudy,PiT-Net(Proposed),0.49325197432062096
Partly Cloudy,PiT-Net(Proposed),0.44493515595912525
Partly Cloudy,PiT-Net(Proposed),0.5077016801134278
Partly Cloudy,PiT-Net(Proposed),0.5337102543255301
Partly Cloudy,PiT-Net(Proposed),0.3902484300515807
Partly Cloudy,PiT-Net(Proposed),0.5018379921695839
Partly Cloudy,PiT-Net(Proposed),0.3417905055006685
Partly Cloudy,PiT-Net(Proposed),0.21603891220549176
Partly Cloudy,PiT-Net(Proposed),0.2615532036863861
Partly Cloudy,PiT-Net(Proposed),0.14342227614799974
Partly Cloudy,PiT-Net(Proposed),0.2179243092294918
Partly Cloudy,PiT-Net(Proposed),0.1880609516521634
Partly Cloudy,PiT-Net(Proposed),0.32110342751953613
Partly Cloudy,PiT-Net(Proposed),0.2318665489911309
Partly Cloudy,PiT-Net(Proposed),0.28694366539262717
Partly Cloudy,PiT-Net(Proposed),0.40635542623896015
Partly Cloudy,PiT-Net(Proposed),0.5164314458954085
Partly Cloudy,PiT-Net(Proposed),0.6767612751102137
Partly Cloudy,PiT-Net(Proposed),0.5443912252159748
Partly Cloudy,PiT-Net(Proposed),0.3005810183910129
Partly Cloudy,PiT-Net(Proposed),0.317681406023294
Partly Cloudy,PiT-Net(Proposed),0.44253820465903804
Partly Cloudy,PiT-Net(Proposed),0.47553766003381015
Partly Cloudy,PiT-Net(Proposed),0.6339453843116298
Partly Cloudy,PiT-Net(Proposed),0.45155227390657304
Partly Cloudy,PiT-Net(Proposed),0.3492763666704559
Partly Cloudy,PiT-Net(Proposed),0.2069565203666183
Partly Cloudy,PiT-Net(Proposed),1.4129173536434585
Partly Cloudy,PiT-Net(Proposed),1.6262909494256044
Partly Cloudy,PiT-Net(Proposed),1.5822785067823908
Partly Cloudy,PiT-Net(Proposed),1.6218309061528542
Partly Cloudy,PiT-Net(Proposed),1.393185839864464
Partly Cloudy,PiT-Net(Proposed),1.3774055695137246
Partly Cloudy,PiT-Net(Proposed),1.0254137370503198
Partly Cloudy,PiT-Net(Proposed),0.6554812443581959
Partly Cloudy,PiT-Net(Proposed),0.8300301852162058
Partly Cloudy,PiT-Net(Proposed),0.7270725464289143
Partly Cloudy,PiT-Net(Proposed),0.5799473490227207
Partly Cloudy,PiT-Net(Proposed),0.23578126766313545
Partly Cloudy,PiT-Net(Proposed),0.39658040048516696
Partly Cloudy,PiT-Net(Proposed),0.22104141681580636
Partly Cloudy,PiT-Net(Proposed),0.05241879186056586
Partly Cloudy,PiT-Net(Proposed),0.17527808251549182
Partly Cloudy,PiT-Net(Proposed),0.3527194441910311
Partly Cloudy,PiT-Net(Proposed),0.3815799591560971
Partly Cloudy,PiT-Net(Proposed),0.37638998947021207
Partly Cloudy,PiT-Net(Proposed),0.2560164370339759
Partly Cloudy,PiT-Net(Proposed),0.7239875525565562
Partly Cloudy,PiT-Net(Proposed),0.3947676026118785
Partly Cloudy,PiT-Net(Proposed),0.37684426764477585
Partly Cloudy,PiT-Net(Proposed),0.6766600276370269
Partly Cloudy,PiT-Net(Proposed),0.6881368269498598
Partly Cloudy,PiT-Net(Proposed),0.7633357652865698
Partly Cloudy,PiT-Net(Proposed),0.8261110369556146
Partly Cloudy,PiT-Net(Proposed),0.9215793911384189
Partly Cloudy,PiT-Net(Proposed),0.9173736431382613
Partly Cloudy,PiT-Net(Proposed),1.1997298310896225
Partly Cloudy,PiT-Net(Proposed),1.3205234356432447
Partly Cloudy,PiT-Net(Proposed),1.471853749873965
Partly Cloudy,PiT-Net(Proposed),1.4266397367245562
Partly Cloudy,PiT-Net(Proposed),1.0951584395468075
Partly Cloudy,PiT-Net(Proposed),0.3702255631210692
Partly Cloudy,PiT-Net(Proposed),0.4965732129582443
Partly Cloudy,PiT-Net(Proposed),0.5108673920263536
Partly Cloudy,PiT-Net(Proposed),0.6586342946992991
Partly Cloudy,PiT-Net(Proposed),0.8426141484194001
Partly Cloudy,PiT-Net(Proposed),1.0457826020889813
Partly Cloudy,PiT-Net(Proposed),0.9229666474339657
Partly Cloudy,PiT-Net(Proposed),0.9626437890201691
Partly Cloudy,PiT-Net(Proposed),1.080313949986465
Partly Cloudy,PiT-Net(Proposed),0.8216489425677356
Partly Cloudy,PiT-Net(Proposed),0.9388665141584767
Partly Cloudy,PiT-Net(Proposed),0.6848978810120894
Partly Cloudy,PiT-Net(Proposed),0.583885365873364
Partly Cloudy,PiT-Net(Proposed),0.4168622343190158
Partly Cloudy,PiT-Net(Proposed),0.43025624121957584
Partly Cloudy,PiT-Net(Proposed),0.09050550450445094
Partly Cloudy,PiT-Net(Proposed),0.21294011915919953
Partly Cloudy,PiT-Net(Proposed),0.08633360740019036
Partly Cloudy,PiT-Net(Proposed),0.31147321112489124
Partly Cloudy,PiT-Net(Proposed),0.17937611724962643
Partly Cloudy,PiT-Net(Proposed),0.431789822792096
Partly Cloudy,PiT-Net(Proposed),0.44712585639506486
Partly Cloudy,PiT-Net(Proposed),0.7631518448256696
Partly Cloudy,PiT-Net(Proposed),0.9060106665556429
Partly Cloudy,PiT-Net(Proposed),0.7046372870181195
Partly Cloudy,PiT-Net(Proposed),0.6444557457464217
Partly Cloudy,PiT-Net(Proposed),0.7087482046382769
Partly Cloudy,PiT-Net(Proposed),0.8505375562057518
Partly Cloudy,PiT-Net(Proposed),0.8074550269589711
Partly Cloudy,PiT-Net(Proposed),1.0286317871129729
Partly Cloudy,PiT-Net(Proposed),0.9585110310645413
Partly Cloudy,PiT-Net(Proposed),0.8827731553204303
Partly Cloudy,PiT-Net(Proposed),0.7564949823401201
Partly Cloudy,PiT-Net(Proposed),0.5140263057561629
Partly Cloudy,PiT-Net(Proposed),0.5420131871027979
Partly Cloudy,PiT-Net(Proposed),0.9395802206825845
Partly Cloudy,PiT-Net(Proposed),0.7221145574187107
Partly Cloudy,PiT-Net(Proposed),0.5050453708375988
Partly Cloudy,PiT-Net(Proposed),0.5479233542389519
Partly Cloudy,PiT-Net(Proposed),0.28848575200414306
Partly Cloudy,PiT-Net(Proposed),0.259045527882237
Partly Cloudy,PiT-Net(Proposed),0.24406317541468425
Partly Cloudy,PiT-Net(Proposed),0.08081919130076098
Partly Cloudy,PiT-Net(Proposed),0.17596775452468538
Partly Cloudy,PiT-Net(Proposed),0.0400852374109677
Partly Cloudy,PiT-Net(Proposed),0.08629054217627896
Partly Cloudy,PiT-Net(Proposed),0.14365282008724112
Partly Cloudy,PiT-Net(Proposed),0.07875027667738888
Partly Cloudy,PiT-Net(Proposed),0.3291037581329759
Partly Cloudy,PiT-Net(Proposed),0.06596745901566603
Partly Cloudy,PiT-Net(Proposed),0.46913671811912305
Partly Cloudy,PiT-Net(Proposed),0.2696514850196836
Partly Cloudy,PiT-Net(Proposed),0.5378026572988261
Partly Cloudy,PiT-Net(Proposed),0.6793998984828269
Partly Cloudy,PiT-Net(Proposed),0.400054048363085
Partly Cloudy,PiT-Net(Proposed),0.3746655922903477
Partly Cloudy,PiT-Net(Proposed),0.3308254847204344
Partly Cloudy,PiT-Net(Proposed),0.47859974776951164
Partly Cloudy,PiT-Net(Proposed),0.4061611517397452
Partly Cloudy,PiT-Net(Proposed),0.6506980422518054
Partly Cloudy,PiT-Net(Proposed),0.6129874908507413
Partly Cloudy,PiT-Net(Proposed),0.5448736813141146
Partly Cloudy,PiT-Net(Proposed),0.44966099866995757
Partly Cloudy,PiT-Net(Proposed),0.3424646559695049
Partly Cloudy,PiT-Net(Proposed),0.33060264144387774
Partly Cloudy,PiT-Net(Proposed),0.21851378892912543
Partly Cloudy,PiT-Net(Proposed),0.2192948726663576
Partly Cloudy,PiT-Net(Proposed),0.44851351844807297
Partly Cloudy,PiT-Net(Proposed),0.6925498751645518
Partly Cloudy,PiT-Net(Proposed),0.7839957972184952
Partly Cloudy,PiT-Net(Proposed),0.7999629003828619
Partly Cloudy,PiT-Net(Proposed),0.9562427183702815
Partly Cloudy,PiT-Net(Proposed),0.8889316745854932
Partly Cloudy,PiT-Net(Proposed),0.9634640904304357
Partly Cloudy,PiT-Net(Proposed),0.7816769194825044
Partly Cloudy,PiT-Net(Proposed),0.6644403788515048
Partly Cloudy,PiT-Net(Proposed),0.9481378301952201
Partly Cloudy,PiT-Net(Proposed),0.6857932446333947
Partly Cloudy,PiT-Net(Proposed),0.9238140787353792
Partly Cloudy,PiT-Net(Proposed),1.18419980698701
Partly Cloudy,PiT-Net(Proposed),0.8771895815058901
Partly Cloudy,PiT-Net(Proposed),0.5274627359859405
Partly Cloudy,PiT-Net(Proposed),0.5099316069797659
Partly Cloudy,PiT-Net(Proposed),0.4345927165218857
Partly Cloudy,PiT-Net(Proposed),0.02152275992603414
Partly Cloudy,PiT-Net(Proposed),0.3244741356592993
Partly Cloudy,PiT-Net(Proposed),0.3627898948615531
Partly Cloudy,PiT-Net(Proposed),0.35988760301999
Partly Cloudy,PiT-Net(Proposed),0.023632941493257675
Partly Cloudy,PiT-Net(Proposed),0.26267109609076833
Partly Cloudy,PiT-Net(Proposed),0.26973233808793395
Partly Cloudy,PiT-Net(Proposed),0.3643742757929225
Partly Cloudy,PiT-Net(Proposed),0.45096659531905203
Partly Cloudy,PiT-Net(Proposed),0.4568123660784238
Partly Cloudy,PiT-Net(Proposed),0.7512979569187319
Partly Cloudy,PiT-Net(Proposed),1.0335622550633676
Partly Cloudy,PiT-Net(Proposed),1.0499000550346196
Partly Cloudy,PiT-Net(Proposed),1.2120453604596282
Partly Cloudy,PiT-Net(Proposed),1.2981717171997493
Partly Cloudy,PiT-Net(Proposed),1.575331386383949
Partly Cloudy,PiT-Net(Proposed),1.6195908481404606
Partly Cloudy,PiT-Net(Proposed),1.6756673374130333
Partly Cloudy,PiT-Net(Proposed),1.3889327994875218
Partly Cloudy,PiT-Net(Proposed),0.7479788250100247
Partly Cloudy,PiT-Net(Proposed),0.836654205130519
Partly Cloudy,PiT-Net(Proposed),0.8327829315244819
Partly Cloudy,PiT-Net(Proposed),0.9282637514352472
Partly Cloudy,PiT-Net(Proposed),0.8560755282488897
Partly Cloudy,PiT-Net(Proposed),0.8757732280641486
Partly Cloudy,PiT-Net(Proposed),0.7598693873874431
Partly Cloudy,PiT-Net(Proposed),0.5807983398092542
Partly Cloudy,PiT-Net(Proposed),0.6873067457680007
Partly Cloudy,PiT-Net(Proposed),0.7188600083277823
Partly Cloudy,PiT-Net(Proposed),0.8035215563071674
Partly Cloudy,PiT-Net(Proposed),0.4382030340091383
Partly Cloudy,PiT-Net(Proposed),0.7606878893844016
Partly Cloudy,PiT-Net(Proposed),0.88703686260334
Partly Cloudy,PiT-Net(Proposed),0.8843701534588746
Partly Cloudy,PiT-Net(Proposed),0.593423876418889
Partly Cloudy,PiT-Net(Proposed),0.5169279398603202
Partly Cloudy,PiT-Net(Proposed),0.15896802331131354
Partly Cloudy,PiT-Net(Proposed),0.20316106166093562
Partly Cloudy,PiT-Net(Proposed),0.05596536421089837
Partly Cloudy,PiT-Net(Proposed),0.09862172825073223
Partly Cloudy,PiT-Net(Proposed),0.11723770009624346
Partly Cloudy,PiT-Net(Proposed),0.10521320580535587
Partly Cloudy,PiT-Net(Proposed),0.48613459936059833
Partly Cloudy,PiT-Net(Proposed),0.5002866237440298
Partly Cloudy,PiT-Net(Proposed),0.5483558978316587
Partly Cloudy,PiT-Net(Proposed),0.5371995468658284
Partly Cloudy,PiT-Net(Proposed),0.5206267009199035
Partly Cloudy,PiT-Net(Proposed),0.6668698154989894
Partly Cloudy,PiT-Net(Proposed),0.8987599240869208
Partly Cloudy,PiT-Net(Proposed),0.8932719556443853
Partly Cloudy,PiT-Net(Proposed),0.9677109419056142
Partly Cloudy,PiT-Net(Proposed),1.2519198618967158
Partly Cloudy,PiT-Net(Proposed),1.263657575534829
Partly Cloudy,PiT-Net(Proposed),1.3289220580304835
Partly Cloudy,PiT-Net(Proposed),1.2990807849528188
Partly Cloudy,PiT-Net(Proposed),1.3645336859613355
Partly Cloudy,PiT-Net(Proposed),1.4901655887958274
Partly Cloudy,PiT-Net(Proposed),1.3787681209474902
Partly Cloudy,PiT-Net(Proposed),1.3934966841288219
Partly Cloudy,PiT-Net(Proposed),1.2349682366819605
Partly Cloudy,PiT-Net(Proposed),1.2348850794963724
Partly Cloudy,PiT-Net(Proposed),0.909768852461152
Partly Cloudy,PiT-Net(Proposed),0.6287729043204493
Partly Cloudy,PiT-Net(Proposed),0.7420590914708107
Partly Cloudy,PiT-Net(Proposed),0.7322252205220963
Partly Cloudy,PiT-Net(Proposed),0.5751946473352625
Partly Cloudy,PiT-Net(Proposed),0.19419666750295406
Partly Cloudy,PiT-Net(Proposed),0.706493573358868
Partly Cloudy,PiT-Net(Proposed),0.7994980598476538
Partly Cloudy,PiT-Net(Proposed),0.7113776415330797
Partly Cloudy,PiT-Net(Proposed),0.36091515412176634
Partly Cloudy,PiT-Net(Proposed),0.2174294294674315
Partly Cloudy,PiT-Net(Proposed),0.13062057889395362
Partly Cloudy,PiT-Net(Proposed),0.010029867574491647
Partly Cloudy,PiT-Net(Proposed),0.2750993802183288
Partly Cloudy,PiT-Net(Proposed),0.3476202525098806
Partly Cloudy,PiT-Net(Proposed),0.10116674846675622
Partly Cloudy,PiT-Net(Proposed),0.15616772485086372
Partly Cloudy,PiT-Net(Proposed),0.4188194774821703
Partly Cloudy,PiT-Net(Proposed),0.4249726029857399
Partly Cloudy,PiT-Net(Proposed),0.5920238349354978
Partly Cloudy,PiT-Net(Proposed),0.480598195236805
Partly Cloudy,PiT-Net(Proposed),0.5743824104138877
Partly Cloudy,PiT-Net(Proposed),0.7437430658832653
Partly Cloudy,PiT-Net(Proposed),0.9280682011939039
Partly Cloudy,PiT-Net(Proposed),1.0204590298550116
Partly Cloudy,PiT-Net(Proposed),1.1409468336174005
Partly Cloudy,PiT-Net(Proposed),1.359999736348712
Partly Cloudy,PiT-Net(Proposed),1.6138222030961984
Partly Cloudy,PiT-Net(Proposed),1.676455092843863
Partly Cloudy,PiT-Net(Proposed),1.7748625782745853
Partly Cloudy,PiT-Net(Proposed),1.5418561081953368
Partly Cloudy,PiT-Net(Proposed),1.0666183517453607
Partly Cloudy,PiT-Net(Proposed),1.424856503785965
Partly Cloudy,PiT-Net(Proposed),1.9690449039096998
Partly Cloudy,PiT-Net(Proposed),2.108832717408194
Partly Cloudy,PiT-Net(Proposed),2.0448990730355012
Partly Cloudy,PiT-Net(Proposed),2.0498558041796358
Partly Cloudy,PiT-Net(Proposed),1.7312448698567984
Partly Cloudy,PiT-Net(Proposed),1.7177547647824518
Partly Cloudy,PiT-Net(Proposed),1.2784959446018824
Partly Cloudy,PiT-Net(Proposed),0.9043433648407699
Partly Cloudy,PiT-Net(Proposed),1.011648654951923
Partly Cloudy,PiT-Net(Proposed),1.1477749527138563
Partly Cloudy,PiT-Net(Proposed),0.6668891022464152
Partly Cloudy,PiT-Net(Proposed),0.2800325279822218
Partly Cloudy,PiT-Net(Proposed),0.7823818318929909
Partly Cloudy,PiT-Net(Proposed),0.7168998804487323
Partly Cloudy,PiT-Net(Proposed),0.5984178569738958
Partly Cloudy,PiT-Net(Proposed),0.1053413935188523
Partly Cloudy,PiT-Net(Proposed),0.12977910013760052
Partly Cloudy,PiT-Net(Proposed),0.11298431337187154
Partly Cloudy,PiT-Net(Proposed),0.06292269849924281
Partly Cloudy,PiT-Net(Proposed),0.36282718547710147
Partly Cloudy,PiT-Net(Proposed),0.6266957717843695
Partly Cloudy,PiT-Net(Proposed),0.05501320302874646
Partly Cloudy,PiT-Net(Proposed),0.2085708395239081
Partly Cloudy,PiT-Net(Proposed),0.44072218638445193
Partly Cloudy,PiT-Net(Proposed),0.5037614454926249
Partly Cloudy,PiT-Net(Proposed),0.8951629434372244
Partly Cloudy,PiT-Net(Proposed),0.6966141568331281
Partly Cloudy,PiT-Net(Proposed),0.85430373582453
Partly Cloudy,PiT-Net(Proposed),0.9772749260045828
Partly Cloudy,PiT-Net(Proposed),1.2058498341706763
Partly Cloudy,PiT-Net(Proposed),1.1676609790900176
Partly Cloudy,PiT-Net(Proposed),1.4582542895244366
Partly Cloudy,PiT-Net(Proposed),1.70627014159008
Partly Cloudy,PiT-Net(Proposed),2.1483088156168506
Partly Cloudy,PiT-Net(Proposed),2.301011648279382
Partly Cloudy,PiT-Net(Proposed),2.491003329655223
Partly Cloudy,PiT-Net(Proposed),2.1665326329980417
Partly Cloudy,PiT-Net(Proposed),1.0939426086349484
Partly Cloudy,PiT-Net(Proposed),1.4856566672695546
Partly Cloudy,PiT-Net(Proposed),1.5821325969372202
Partly Cloudy,PiT-Net(Proposed),1.5518405402278486
Partly Cloudy,PiT-Net(Proposed),1.563315329295909
Partly Cloudy,PiT-Net(Proposed),1.3777153619501998
Partly Cloudy,PiT-Net(Proposed),1.4820908007406217
Partly Cloudy,PiT-Net(Proposed),1.0876698927967148
Partly Cloudy,PiT-Net(Proposed),0.8377847263444931
Partly Cloudy,PiT-Net(Proposed),0.9825711263463255
Partly Cloudy,PiT-Net(Proposed),1.057730016911627
Partly Cloudy,PiT-Net(Proposed),0.7632469504209265
Partly Cloudy,PiT-Net(Proposed),0.42399237290602976
Partly Cloudy,PiT-Net(Proposed),0.5975394988202787
Partly Cloudy,PiT-Net(Proposed),0.47846649660731444
Partly Cloudy,PiT-Net(Proposed),0.3528482511592905
Partly Cloudy,PiT-Net(Proposed),0.015699518565497783
Partly Cloudy,PiT-Net(Proposed),0.17913165370640272
Partly Cloudy,PiT-Net(Proposed),0.22008182437127388
Partly Cloudy,PiT-Net(Proposed),0.13197722050572125
Partly Cloudy,PiT-Net(Proposed),0.006923206556646022
Partly Cloudy,PiT-Net(Proposed),0.6205188855923147
Partly Cloudy,PiT-Net(Proposed),0.19705759548859447
Partly Cloudy,PiT-Net(Proposed),0.20684095547171744
Partly Cloudy,PiT-Net(Proposed),0.49096803201357986
Partly Cloudy,PiT-Net(Proposed),0.28156360062919994
Partly Cloudy,PiT-Net(Proposed),0.5715566639606902
Partly Cloudy,PiT-Net(Proposed),0.43547668093783365
Partly Cloudy,PiT-Net(Proposed),0.6468474722402284
Partly Cloudy,PiT-Net(Proposed),0.6927966496735039
Partly Cloudy,PiT-Net(Proposed),0.8635846386592423
Partly Cloudy,PiT-Net(Proposed),0.9081265255606574
Partly Cloudy,PiT-Net(Proposed),1.057745374332745
Partly Cloudy,PiT-Net(Proposed),1.2675217740213096
Partly Cloudy,PiT-Net(Proposed),1.5205847124925373
Partly Cloudy,PiT-Net(Proposed),1.6607221458284531
Partly Cloudy,PiT-Net(Proposed),1.8188394958008076
Partly Cloudy,PiT-Net(Proposed),1.6901226738650847
Partly Cloudy,PiT-Net(Proposed),1.2254317922562548
Partly Cloudy,PiT-Net(Proposed),1.525814241216462
Partly Cloudy,PiT-Net(Proposed),1.9078897903193863
Partly Cloudy,PiT-Net(Proposed),1.9686104151392838
Partly Cloudy,PiT-Net(Proposed),1.8474872872248618
Partly Cloudy,PiT-Net(Proposed),1.7789568568239211
Partly Cloudy,PiT-Net(Proposed),1.5460407915021097
Partly Cloudy,PiT-Net(Proposed),1.5196292460699201
Partly Cloudy,PiT-Net(Proposed),1.1204606016358003
Partly Cloudy,PiT-Net(Proposed),0.6899733613288461
Partly Cloudy,PiT-Net(Proposed),0.9226478242628104
Partly Cloudy,PiT-Net(Proposed),0.7172742440017856
Partly Cloudy,PiT-Net(Proposed),0.49126997734346034
Partly Cloudy,PiT-Net(Proposed),0.1319678275634537
Partly Cloudy,PiT-Net(Proposed),0.5246183885915237
Partly Cloudy,PiT-Net(Proposed),0.43548376765621555
Partly Cloudy,PiT-Net(Proposed),0.36951886569881154
Partly Cloudy,PiT-Net(Proposed),0.023654263736975878
Partly Cloudy,PiT-Net(Proposed),0.3940129716136056
Partly Cloudy,PiT-Net(Proposed),0.4224308017899219
Partly Cloudy,PiT-Net(Proposed),0.43760740729493364
Partly Cloudy,PiT-Net(Proposed),0.09078998369758651
Partly Cloudy,PiT-Net(Proposed),0.9142813392382649
Partly Cloudy,PiT-Net(Proposed),0.19938520349280608
Partly Cloudy,PiT-Net(Proposed),0.17924219200666514
Partly Cloudy,PiT-Net(Proposed),0.47556176104219894
Partly Cloudy,PiT-Net(Proposed),0.7610875330842681
Partly Cloudy,PiT-Net(Proposed),1.1802094407354744
Partly Cloudy,PiT-Net(Proposed),0.8701618180235506
Partly Cloudy,PiT-Net(Proposed),1.092187502287162
Partly Cloudy,PiT-Net(Proposed),0.98543807821782
Partly Cloudy,PiT-Net(Proposed),1.171393190311477
Partly Cloudy,PiT-Net(Proposed),0.9038893524122891
Partly Cloudy,PiT-Net(Proposed),0.9773763433734661
Partly Cloudy,PiT-Net(Proposed),1.2000082377798158
Partly Cloudy,PiT-Net(Proposed),1.3875565182955238
Partly Cloudy,PiT-Net(Proposed),1.3891018185235353
Partly Cloudy,PiT-Net(Proposed),1.3991253010246827
Partly Cloudy,PiT-Net(Proposed),1.1842248322888929
Partly Cloudy,PiT-Net(Proposed),0.7944648750528112
Partly Cloudy,PiT-Net(Proposed),0.9471851924165436
Partly Cloudy,PiT-Net(Proposed),1.2074269646392826
Partly Cloudy,PiT-Net(Proposed),1.212461059567917
Partly Cloudy,PiT-Net(Proposed),1.1070015575676218
Partly Cloudy,PiT-Net(Proposed),1.077709970701231
Partly Cloudy,PiT-Net(Proposed),0.9450901193658767
Partly Cloudy,PiT-Net(Proposed),0.94895089715558
Partly Cloudy,PiT-Net(Proposed),0.6659535786727133
Partly Cloudy,PiT-Net(Proposed),0.4892119874515206
Partly Cloudy,PiT-Net(Proposed),0.6639819445576318
Partly Cloudy,PiT-Net(Proposed),0.5212078778182327
Partly Cloudy,PiT-Net(Proposed),0.3365262316489037
Partly Cloudy,PiT-Net(Proposed),0.05601763608821386
Partly Cloudy,PiT-Net(Proposed),0.3534842226718631
Partly Cloudy,PiT-Net(Proposed),0.21065867375295788
Partly Cloudy,PiT-Net(Proposed),0.291580106095509
Partly Cloudy,PiT-Net(Proposed),0.09365847588371956
Partly Cloudy,PiT-Net(Proposed),0.13168986215024958
Partly Cloudy,PiT-Net(Proposed),0.04491031004258694
Partly Cloudy,PiT-Net(Proposed),0.10421050937243237
Partly Cloudy,PiT-Net(Proposed),0.0038425516198472565
Partly Cloudy,PiT-Net(Proposed),0.3896120806107959
Partly Cloudy,PiT-Net(Proposed),0.06581796585840038
Partly Cloudy,PiT-Net(Proposed),0.24685677101352255
Partly Cloudy,PiT-Net(Proposed),0.25879278854230137
Partly Cloudy,PiT-Net(Proposed),0.13110773866381287
Partly Cloudy,PiT-Net(Proposed),0.3007488223685044
Partly Cloudy,PiT-Net(Proposed),0.25777836762501316
Partly Cloudy,PiT-Net(Proposed),0.29004990747422177
Partly Cloudy,PiT-Net(Proposed),0.4466131037891241
Partly Cloudy,PiT-Net(Proposed),0.5919865595199809
Partly Cloudy,PiT-Net(Proposed),0.5878402974880039
Partly Cloudy,PiT-Net(Proposed),0.7713241595782865
Partly Cloudy,PiT-Net(Proposed),1.0173995990530127
Partly Cloudy,PiT-Net(Proposed),1.1849086138230893
Partly Cloudy,PiT-Net(Proposed),1.2916944699656039
Partly Cloudy,PiT-Net(Proposed),1.4706386545974395
Partly Cloudy,PiT-Net(Proposed),1.3324001703556974
Partly Cloudy,PiT-Net(Proposed),0.2321514914437378
Partly Cloudy,PiT-Net(Proposed),0.4316548875531423
Partly Cloudy,PiT-Net(Proposed),0.6840852434304978
Partly Cloudy,PiT-Net(Proposed),0.9125003999268371
Partly Cloudy,PiT-Net(Proposed),1.2351380179861828
Partly Cloudy,PiT-Net(Proposed),1.3949339893411605
Partly Cloudy,PiT-Net(Proposed),1.5220887850927918
Partly Cloudy,PiT-Net(Proposed),1.6731750288467584
Partly Cloudy,PiT-Net(Proposed),1.8815431583822342
Partly Cloudy,PiT-Net(Proposed),1.5315134639909314
Partly Cloudy,PiT-Net(Proposed),1.3567739269117727
Partly Cloudy,PiT-Net(Proposed),1.4366905334821585
Partly Cloudy,PiT-Net(Proposed),1.1755076549497208
Partly Cloudy,PiT-Net(Proposed),1.4102013593952076
Partly Cloudy,PiT-Net(Proposed),1.1650037298723426
Partly Cloudy,PiT-Net(Proposed),0.7849750598362455
Partly Cloudy,PiT-Net(Proposed),0.9604207698175564
Partly Cloudy,PiT-Net(Proposed),1.0752360844158702
Partly Cloudy,PiT-Net(Proposed),0.7834743415526262
Partly Cloudy,PiT-Net(Proposed),0.2788313694111224
Partly Cloudy,PiT-Net(Proposed),0.5757270717489718
Partly Cloudy,PiT-Net(Proposed),0.396651168240961
Partly Cloudy,PiT-Net(Proposed),0.49064668741579
Partly Cloudy,PiT-Net(Proposed),0.118375109741784
Partly Cloudy,PiT-Net(Proposed),0.038687851043810895
Partly Cloudy,PiT-Net(Proposed),0.12683605692221533
Partly Cloudy,PiT-Net(Proposed),0.11376824483890502
Partly Cloudy,PiT-Net(Proposed),0.28856306655347197
Partly Cloudy,PiT-Net(Proposed),0.35992881704206425
Partly Cloudy,PiT-Net(Proposed),0.10937735696527895
Partly Cloudy,PiT-Net(Proposed),0.24197847316573373
Partly Cloudy,PiT-Net(Proposed),0.5834182188277914
Partly Cloudy,PiT-Net(Proposed),0.43932073681882855
Partly Cloudy,PiT-Net(Proposed),0.7977226545135103
Partly Cloudy,PiT-Net(Proposed),0.6241783683877138
Partly Cloudy,PiT-Net(Proposed),0.7967780095556556
Partly Cloudy,PiT-Net(Proposed),0.883835572387369
Partly Cloudy,PiT-Net(Proposed),1.138420656370517
Partly Cloudy,PiT-Net(Proposed),1.0516722555842968
Partly Cloudy,PiT-Net(Proposed),1.1866699588427814
Partly Cloudy,PiT-Net(Proposed),1.2497273184947133
Partly Cloudy,PiT-Net(Proposed),1.2289906071395826
Partly Cloudy,PiT-Net(Proposed),1.4643085817220722
Partly Cloudy,PiT-Net(Proposed),1.5839561293885307
Partly Cloudy,PiT-Net(Proposed),1.6780715114487847
Partly Cloudy,PiT-Net(Proposed),1.6735803498572812
Partly Cloudy,PiT-Net(Proposed),1.6738339640414068
Partly Cloudy,PiT-Net(Proposed),1.6530756923610066
Partly Cloudy,PiT-Net(Proposed),1.3701673130097685
Partly Cloudy,PiT-Net(Proposed),1.0133574221035726
Partly Cloudy,PiT-Net(Proposed),0.6316557195847843
Partly Cloudy,PiT-Net(Proposed),0.35179369382819015
Partly Cloudy,PiT-Net(Proposed),0.6020681503916298
Partly Cloudy,PiT-Net(Proposed),0.8935994357542132
Partly Cloudy,PiT-Net(Proposed),1.0931767019388055
Partly Cloudy,PiT-Net(Proposed),1.3226762349043808
Partly Cloudy,PiT-Net(Proposed),1.3752146724606513
Partly Cloudy,PiT-Net(Proposed),1.4114597094641104
Partly Cloudy,PiT-Net(Proposed),1.5272188979250823
Partly Cloudy,PiT-Net(Proposed),1.7324150490180177
Partly Cloudy,PiT-Net(Proposed),1.364812005226769
Partly Cloudy,PiT-Net(Proposed),1.2463203248276837
Partly Cloudy,PiT-Net(Proposed),1.3981417011265354
Partly Cloudy,PiT-Net(Proposed),1.1930732407554778
Partly Cloudy,PiT-Net(Proposed),1.3834503317311455
Partly Cloudy,PiT-Net(Proposed),1.1716839377799104
Partly Cloudy,PiT-Net(Proposed),0.7824619652073324
Partly Cloudy,PiT-Net(Proposed),0.8945261367210904
Partly Cloudy,PiT-Net(Proposed),1.0123449490158904
Partly Cloudy,PiT-Net(Proposed),0.7038303005717488
Partly Cloudy,PiT-Net(Proposed),0.2719192081864392
Partly Cloudy,PiT-Net(Proposed),0.546255489440064
Partly Cloudy,PiT-Net(Proposed),0.4174921982126918
Partly Cloudy,PiT-Net(Proposed),0.456137143086945
Partly Cloudy,PiT-Net(Proposed),0.06722841265591839
Partly Cloudy,PiT-Net(Proposed),0.02811642262886238
Partly Cloudy,PiT-Net(Proposed),0.0807376571964511
Partly Cloudy,PiT-Net(Proposed),0.07852702911436182
Partly Cloudy,PiT-Net(Proposed),0.2560901745639512
Partly Cloudy,PiT-Net(Proposed),0.37091584158657653
Partly Cloudy,PiT-Net(Proposed),0.0770965109564834
Partly Cloudy,PiT-Net(Proposed),0.20624340545720088
Partly Cloudy,PiT-Net(Proposed),0.5281587777105763
Partly Cloudy,PiT-Net(Proposed),0.40188451030709516
Partly Cloudy,PiT-Net(Proposed),0.7147476411867579
Partly Cloudy,PiT-Net(Proposed),0.5821699329987347
Partly Cloudy,PiT-Net(Proposed),0.8251091557055013
Partly Cloudy,PiT-Net(Proposed),0.9092395881803625
Partly Cloudy,PiT-Net(Proposed),1.1636099606251946
Partly Cloudy,PiT-Net(Proposed),1.0314223668253604
Partly Cloudy,PiT-Net(Proposed),1.207619175710498
Partly Cloudy,PiT-Net(Proposed),1.2349448377080297
Partly Cloudy,PiT-Net(Proposed),1.2348154435058305
Partly Cloudy,PiT-Net(Proposed),1.476170752911738
Partly Cloudy,PiT-Net(Proposed),1.618541316046631
Partly Cloudy,PiT-Net(Proposed),1.765953013459411
Partly Cloudy,PiT-Net(Proposed),1.7259530159753655
Partly Cloudy,PiT-Net(Proposed),1.682546049887364
Partly Cloudy,PiT-Net(Proposed),1.6030125135274385
Partly Cloudy,PiT-Net(Proposed),1.3074058446032577
Partly Cloudy,PiT-Net(Proposed),0.958843546440091
Partly Cloudy,PiT-Net(Proposed),0.25054779568724683
Partly Cloudy,PiT-Net(Proposed),0.3579618676127724
Partly Cloudy,PiT-Net(Proposed),0.4184683586897471
Partly Cloudy,PiT-Net(Proposed),0.4243719147940417
Partly Cloudy,PiT-Net(Proposed),0.38057154865980314
Partly Cloudy,PiT-Net(Proposed),0.48593255256352474
Partly Cloudy,PiT-Net(Proposed),0.8865400724502432
Partly Cloudy,PiT-Net(Proposed),0.637204491022068
Partly Cloudy,PiT-Net(Proposed),0.6099990838308349
Partly Cloudy,PiT-Net(Proposed),0.6588293238170264
Partly Cloudy,PiT-Net(Proposed),0.8525056945796221
Partly Cloudy,PiT-Net(Proposed),0.8229107859013229
Partly Cloudy,PiT-Net(Proposed),0.6817413433551058
Partly Cloudy,PiT-Net(Proposed),0.6003930910683763
Partly Cloudy,PiT-Net(Proposed),0.7963064340624726
Partly Cloudy,PiT-Net(Proposed),0.4305828434162837
Partly Cloudy,PiT-Net(Proposed),0.5805763963380155
Partly Cloudy,PiT-Net(Proposed),0.2833403845320053
Partly Cloudy,PiT-Net(Proposed),0.6277187394464665
Partly Cloudy,PiT-Net(Proposed),0.26595554343847105
Partly Cloudy,PiT-Net(Proposed),0.41750364987784216
Partly Cloudy,PiT-Net(Proposed),0.28389812103702283
Partly Cloudy,PiT-Net(Proposed),0.07493378406724283
Partly Cloudy,PiT-Net(Proposed),0.13425160901113742
Partly Cloudy,PiT-Net(Proposed),0.3179473934528634
Partly Cloudy,PiT-Net(Proposed),0.26157982055970663
Partly Cloudy,PiT-Net(Proposed),0.8252324179363093
Partly Cloudy,PiT-Net(Proposed),0.392025188937275
Partly Cloudy,PiT-Net(Proposed),0.39385233321760893
Partly Cloudy,PiT-Net(Proposed),0.8219804053495512
Partly Cloudy,PiT-Net(Proposed),0.45355290961256856
Partly Cloudy,PiT-Net(Proposed),0.44980709656242546
Partly Cloudy,PiT-Net(Proposed),0.3999471196585809
Partly Cloudy,PiT-Net(Proposed),0.38505567912683514
Partly Cloudy,PiT-Net(Proposed),0.7005974823425625
Partly Cloudy,PiT-Net(Proposed),0.7319798943576759
Partly Cloudy,PiT-Net(Proposed),0.47932792860447293
Partly Cloudy,PiT-Net(Proposed),0.5045556676543876
Partly Cloudy,PiT-Net(Proposed),0.6590272833383404
Partly Cloudy,PiT-Net(Proposed),0.44512140624262564
Partly Cloudy,PiT-Net(Proposed),0.6212861962916332
Partly Cloudy,PiT-Net(Proposed),0.5207537825910755
Partly Cloudy,PiT-Net(Proposed),0.4515892023367347
Partly Cloudy,PiT-Net(Proposed),0.34902122273419556
Partly Cloudy,PiT-Net(Proposed),0.45775149856335023
Partly Cloudy,PiT-Net(Proposed),0.565155847535031
Partly Cloudy,PiT-Net(Proposed),0.6556089367244342
Partly Cloudy,PiT-Net(Proposed),0.765354379004612
Partly Cloudy,PiT-Net(Proposed),0.7391058839133078
Partly Cloudy,PiT-Net(Proposed),0.5265213313263257
Partly Cloudy,PiT-Net(Proposed),0.5623933806516659
Partly Cloudy,PiT-Net(Proposed),0.8600409138680618
Partly Cloudy,PiT-Net(Proposed),0.47945190923044745
Partly Cloudy,PiT-Net(Proposed),0.31913520608997015
Partly Cloudy,PiT-Net(Proposed),0.5041367258326073
Partly Cloudy,PiT-Net(Proposed),0.36092920159737396
Partly Cloudy,PiT-Net(Proposed),0.42397212543485363
Partly Cloudy,PiT-Net(Proposed),0.23026592026440973
Partly Cloudy,PiT-Net(Proposed),0.15693638355724104
Partly Cloudy,PiT-Net(Proposed),0.39713260568655073
Partly Cloudy,PiT-Net(Proposed),0.2306207339138826
Partly Cloudy,PiT-Net(Proposed),0.4359437956710739
Partly Cloudy,PiT-Net(Proposed),0.08345251338076665
Partly Cloudy,PiT-Net(Proposed),0.5836080285230789
Partly Cloudy,PiT-Net(Proposed),0.5138275549859621
Partly Cloudy,PiT-Net(Proposed),0.6259925493760701
Partly Cloudy,PiT-Net(Proposed),0.3635883705950391
Partly Cloudy,PiT-Net(Proposed),0.008349105732170514
Partly Cloudy,PiT-Net(Proposed),0.21594153035814756
Partly Cloudy,PiT-Net(Proposed),0.15276012368306624
Partly Cloudy,PiT-Net(Proposed),0.4485204002465455
Partly Cloudy,PiT-Net(Proposed),0.04009315006985936
Partly Cloudy,PiT-Net(Proposed),0.26569631376245617
Partly Cloudy,PiT-Net(Proposed),0.4641097787744979
Partly Cloudy,PiT-Net(Proposed),0.2826403454430615
Partly Cloudy,PiT-Net(Proposed),0.008841988525025712
Partly Cloudy,PiT-Net(Proposed),0.11335789742183522
Partly Cloudy,PiT-Net(Proposed),0.18735516203799385
Partly Cloudy,PiT-Net(Proposed),0.13774701831481373
Partly Cloudy,PiT-Net(Proposed),0.4587717107528988
Partly Cloudy,PiT-Net(Proposed),0.5939161054143902
Partly Cloudy,PiT-Net(Proposed),0.47821511380842097
Partly Cloudy,PiT-Net(Proposed),0.5134919608726811
Partly Cloudy,PiT-Net(Proposed),0.8033060173204394
Partly Cloudy,PiT-Net(Proposed),0.7203036809368246
Partly Cloudy,PiT-Net(Proposed),0.8813603020300809
Partly Cloudy,PiT-Net(Proposed),0.9287757086630313
Partly Cloudy,PiT-Net(Proposed),1.1572236281448136
Partly Cloudy,PiT-Net(Proposed),1.0295458067958236
Partly Cloudy,PiT-Net(Proposed),1.0397653924058328
Partly Cloudy,PiT-Net(Proposed),0.9529810049225116
Partly Cloudy,PiT-Net(Proposed),0.8788365335855306
Partly Cloudy,PiT-Net(Proposed),0.6545669609795827
Partly Cloudy,PiT-Net(Proposed),0.36376497239586264
Partly Cloudy,PiT-Net(Proposed),0.5913199223518121
Partly Cloudy,PiT-Net(Proposed),0.8439072515693953
Partly Cloudy,PiT-Net(Proposed),1.0544967133415248
Partly Cloudy,PiT-Net(Proposed),1.2957526174985996
Partly Cloudy,PiT-Net(Proposed),1.3470149677591277
Partly Cloudy,PiT-Net(Proposed),1.3666125919895897
Partly Cloudy,PiT-Net(Proposed),1.435284155261538
Partly Cloudy,PiT-Net(Proposed),1.6581971980782146
Partly Cloudy,PiT-Net(Proposed),1.2461174309415277
Partly Cloudy,PiT-Net(Proposed),1.1104038266939007
Partly Cloudy,PiT-Net(Proposed),1.2255661828985254
Partly Cloudy,PiT-Net(Proposed),1.0085861116967365
Partly Cloudy,PiT-Net(Proposed),1.198581496414814
Partly Cloudy,PiT-Net(Proposed),1.0734307098324685
Partly Cloudy,PiT-Net(Proposed),0.7587947642566348
Partly Cloudy,PiT-Net(Proposed),0.949118319576634
Partly Cloudy,PiT-Net(Proposed),1.0640915972047473
Partly Cloudy,PiT-Net(Proposed),0.9277000560205337
Partly Cloudy,PiT-Net(Proposed),0.30434102835624444
Partly Cloudy,PiT-Net(Proposed),0.6320975898208907
Partly Cloudy,PiT-Net(Proposed),0.5188132855755434
Partly Cloudy,PiT-Net(Proposed),0.5970820104578713
Partly Cloudy,PiT-Net(Proposed),0.12712325270823044
Partly Cloudy,PiT-Net(Proposed),0.1581053522859186
Partly Cloudy,PiT-Net(Proposed),0.09441842817814106
Partly Cloudy,PiT-Net(Proposed),0.06156003892430206
Partly Cloudy,PiT-Net(Proposed),0.20709982525625747
Partly Cloudy,PiT-Net(Proposed),0.3348687306023663
Partly Cloudy,PiT-Net(Proposed),0.12653033124407287
Partly Cloudy,PiT-Net(Proposed),0.2455989078273184
Partly Cloudy,PiT-Net(Proposed),0.5604825126809914
Partly Cloudy,PiT-Net(Proposed),0.4413211490808706
Partly Cloudy,PiT-Net(Proposed),0.7231759622076908
Partly Cloudy,PiT-Net(Proposed),0.6297047330952132
Partly Cloudy,PiT-Net(Proposed),0.7544760366284002
Partly Cloudy,PiT-Net(Proposed),0.870102776221394
Partly Cloudy,PiT-Net(Proposed),1.0997411857876607
Partly Cloudy,PiT-Net(Proposed),1.0443101476039693
Partly Cloudy,PiT-Net(Proposed),1.1243217778446422
Partly Cloudy,PiT-Net(Proposed),1.1966592118019879
Partly Cloudy,PiT-Net(Proposed),1.149982265998867
Partly Cloudy,PiT-Net(Proposed),1.3623543664983089
Partly Cloudy,PiT-Net(Proposed),1.5071595681057204
Partly Cloudy,PiT-Net(Proposed),1.6335614048104699
Partly Cloudy,PiT-Net(Proposed),1.6366285544916286
Partly Cloudy,PiT-Net(Proposed),1.5754957223687542
Partly Cloudy,PiT-Net(Proposed),1.5479904454423687
Partly Cloudy,PiT-Net(Proposed),1.316669667042495
Partly Cloudy,PiT-Net(Proposed),1.0556028329821763
Partly Cloudy,PiT-Net(Proposed),0.747640157864522
Partly Cloudy,PiT-Net(Proposed),0.142560975805062
Partly Cloudy,PiT-Net(Proposed),0.26453454859491976
Partly Cloudy,PiT-Net(Proposed),0.8602159470617532
Partly Cloudy,PiT-Net(Proposed),0.9034076138820955
Partly Cloudy,PiT-Net(Proposed),0.9205774757614114
Partly Cloudy,PiT-Net(Proposed),0.9129321655569278
Partly Cloudy,PiT-Net(Proposed),1.2959042475198528
Partly Cloudy,PiT-Net(Proposed),1.1006217576850492
Partly Cloudy,PiT-Net(Proposed),0.9119630481767231
Partly Cloudy,PiT-Net(Proposed),0.9098622313992912
Partly Cloudy,PiT-Net(Proposed),0.9123852891997899
Partly Cloudy,PiT-Net(Proposed),0.9750857329134099
Partly Cloudy,PiT-Net(Proposed),0.9839512923048055
Partly Cloudy,PiT-Net(Proposed),0.9452480730290507
Partly Cloudy,PiT-Net(Proposed),1.066791610448261
Partly Cloudy,PiT-Net(Proposed),1.215869473870331
Partly Cloudy,PiT-Net(Proposed),0.9826155421491869
Partly Cloudy,PiT-Net(Proposed),0.4148861255298577
Partly Cloudy,PiT-Net(Proposed),0.7251344061915681
Partly Cloudy,PiT-Net(Proposed),0.45148100841404215
Partly Cloudy,PiT-Net(Proposed),0.6107605992985832
Partly Cloudy,PiT-Net(Proposed),0.2479093876145484
Partly Cloudy,PiT-Net(Proposed),0.3033745251871096
Partly Cloudy,PiT-Net(Proposed),0.0046014073007363265
Partly Cloudy,PiT-Net(Proposed),0.08403030415886548
Partly Cloudy,PiT-Net(Proposed),0.059604531198409916
Partly Cloudy,PiT-Net(Proposed),0.08951571207160924
Partly Cloudy,PiT-Net(Proposed),0.17810199526188697
Partly Cloudy,PiT-Net(Proposed),0.1909623722625433
Partly Cloudy,PiT-Net(Proposed),0.5919190771897362
Partly Cloudy,PiT-Net(Proposed),0.6539710878030114
Partly Cloudy,PiT-Net(Proposed),0.682748596658417
Partly Cloudy,PiT-Net(Proposed),0.6764027545496489
Partly Cloudy,PiT-Net(Proposed),0.6516149418480772
Partly Cloudy,PiT-Net(Proposed),0.751500714330481
Partly Cloudy,PiT-Net(Proposed),1.1186678927002358
Partly Cloudy,PiT-Net(Proposed),0.8661948501055878
Partly Cloudy,PiT-Net(Proposed),0.9503374667740125
Partly Cloudy,PiT-Net(Proposed),1.0652439290888953
Partly Cloudy,PiT-Net(Proposed),1.0260661640462327
Partly Cloudy,PiT-Net(Proposed),1.2166271406690985
Partly Cloudy,PiT-Net(Proposed),1.263549990566756
Partly Cloudy,PiT-Net(Proposed),1.3319241279336538
Partly Cloudy,PiT-Net(Proposed),1.2475666224211492
Partly Cloudy,PiT-Net(Proposed),1.18440602850895
Partly Cloudy,PiT-Net(Proposed),1.141524584017505
Partly Cloudy,PiT-Net(Proposed),0.929487690953446
Partly Cloudy,PiT-Net(Proposed),0.7967386287766127
Partly Cloudy,PiT-Net(Proposed),0.5975269234035115
Partly Cloudy,PiT-Net(Proposed),0.43956285678415086
Partly Cloudy,PiT-Net(Proposed),0.6282014304242046
Partly Cloudy,PiT-Net(Proposed),0.8338322864779479
Partly Cloudy,PiT-Net(Proposed),1.0653870088566273
Partly Cloudy,PiT-Net(Proposed),1.2006432758372823
Partly Cloudy,PiT-Net(Proposed),1.2785005033196688
Partly Cloudy,PiT-Net(Proposed),1.4204204673601275
Partly Cloudy,PiT-Net(Proposed),1.712533698653278
Partly Cloudy,PiT-Net(Proposed),1.5004207126299551
Partly Cloudy,PiT-Net(Proposed),1.2833885631062358
Partly Cloudy,PiT-Net(Proposed),1.2928211617125012
Partly Cloudy,PiT-Net(Proposed),1.2020529740744248
Partly Cloudy,PiT-Net(Proposed),1.3086305535269762
Partly Cloudy,PiT-Net(Proposed),1.0505545068083482
Partly Cloudy,PiT-Net(Proposed),0.7735163899157946
Partly Cloudy,PiT-Net(Proposed),0.8517011037223092
Partly Cloudy,PiT-Net(Proposed),0.8133075337104323
Partly Cloudy,PiT-Net(Proposed),0.7109361757562489
Partly Cloudy,PiT-Net(Proposed),0.25084630456757395
Partly Cloudy,PiT-Net(Proposed),0.4548466368399673
Partly Cloudy,PiT-Net(Proposed),0.26363739133494235
Partly Cloudy,PiT-Net(Proposed),0.32898393738035026
Partly Cloudy,PiT-Net(Proposed),0.09808642713160864
Partly Cloudy,PiT-Net(Proposed),0.022035183618900334
Partly Cloudy,PiT-Net(Proposed),0.2337940747567373
Partly Cloudy,PiT-Net(Proposed),0.21964933050001179
Partly Cloudy,PiT-Net(Proposed),0.20401720354021435
Partly Cloudy,PiT-Net(Proposed),0.2992750577423635
Partly Cloudy,PiT-Net(Proposed),0.1959991682678499
Partly Cloudy,PiT-Net(Proposed),0.23647985628045376
Partly Cloudy,PiT-Net(Proposed),0.7208038642204215
Partly Cloudy,PiT-Net(Proposed),0.6114999177754186
Partly Cloudy,PiT-Net(Proposed),0.9683031128394397
Partly Cloudy,PiT-Net(Proposed),0.7405240860938598
Partly Cloudy,PiT-Net(Proposed),0.8978704083787186
Partly Cloudy,PiT-Net(Proposed),0.8851915665183441
Partly Cloudy,PiT-Net(Proposed),1.0900785023265254
Partly Cloudy,PiT-Net(Proposed),0.9444726656037545
Partly Cloudy,PiT-Net(Proposed),0.9169631294057083
Partly Cloudy,PiT-Net(Proposed),1.0284860243072824
Partly Cloudy,PiT-Net(Proposed),0.9925757879176373
Partly Cloudy,PiT-Net(Proposed),1.135291273433067
Partly Cloudy,PiT-Net(Proposed),1.243491505643263
Partly Cloudy,PiT-Net(Proposed),1.3168971488374792
Partly Cloudy,PiT-Net(Proposed),1.263656782451723
Partly Cloudy,PiT-Net(Proposed),1.2722181425008987
Partly Cloudy,PiT-Net(Proposed),1.2534432815285488
Partly Cloudy,PiT-Net(Proposed),1.068236677142828
Partly Cloudy,PiT-Net(Proposed),0.8206372580196014
Partly Cloudy,PiT-Net(Proposed),0.5626912035106536
Partly Cloudy,PiT-Net(Proposed),0.2897805862167394
Partly Cloudy,PiT-Net(Proposed),0.46667715341800303
Partly Cloudy,PiT-Net(Proposed),0.6497313232869627
Partly Cloudy,PiT-Net(Proposed),0.8519195632627168
Partly Cloudy,PiT-Net(Proposed),0.9203782186063316
Partly Cloudy,PiT-Net(Proposed),0.8857142521931105
Partly Cloudy,PiT-Net(Proposed),0.9459718504618486
Partly Cloudy,PiT-Net(Proposed),1.2729507511015532
Partly Cloudy,PiT-Net(Proposed),0.9994250350522815
Partly Cloudy,PiT-Net(Proposed),0.8292373362765852
Partly Cloudy,PiT-Net(Proposed),0.9810021308813912
Partly Cloudy,PiT-Net(Proposed),0.7073704036716766
Partly Cloudy,PiT-Net(Proposed),0.8946603100870636
Partly Cloudy,PiT-Net(Proposed),0.6719546287595399
Partly Cloudy,PiT-Net(Proposed),0.5249675409429493
Partly Cloudy,PiT-Net(Proposed),0.8219353762604538
Partly Cloudy,PiT-Net(Proposed),0.8860231110226717
Partly Cloudy,PiT-Net(Proposed),0.9351104932927203
Partly Cloudy,PiT-Net(Proposed),0.3641472862453661
Partly Cloudy,PiT-Net(Proposed),0.7716873652117382
Partly Cloudy,PiT-Net(Proposed),0.916728875494087
Partly Cloudy,PiT-Net(Proposed),0.9906800577914545
Partly Cloudy,PiT-Net(Proposed),0.773828637977207
Partly Cloudy,PiT-Net(Proposed),0.6288745048287474
Partly Cloudy,PiT-Net(Proposed),0.4342405799674047
Partly Cloudy,PiT-Net(Proposed),0.35754652550998145
Partly Cloudy,PiT-Net(Proposed),0.6675038195587
Partly Cloudy,PiT-Net(Proposed),0.1300896375019711
Partly Cloudy,PiT-Net(Proposed),0.08343032069375056
Partly Cloudy,PiT-Net(Proposed),0.21949156851532692
Partly Cloudy,PiT-Net(Proposed),0.2953641134501481
Partly Cloudy,PiT-Net(Proposed),0.23482639512229042
Partly Cloudy,PiT-Net(Proposed),0.5547236407021892
Partly Cloudy,PiT-Net(Proposed),0.5499761588951735
Partly Cloudy,PiT-Net(Proposed),0.6258336538075859
Partly Cloudy,PiT-Net(Proposed),0.8902268942211755
Partly Cloudy,PiT-Net(Proposed),1.1435644590441072
Partly Cloudy,PiT-Net(Proposed),1.0415533702580362
Partly Cloudy,PiT-Net(Proposed),1.163325690216988
Partly Cloudy,PiT-Net(Proposed),1.2802161563834744
Partly Cloudy,PiT-Net(Proposed),1.2098893277422036
Partly Cloudy,PiT-Net(Proposed),1.3505243770488562
Partly Cloudy,PiT-Net(Proposed),1.4186690163932383
Partly Cloudy,PiT-Net(Proposed),1.5218569345150437
Partly Cloudy,PiT-Net(Proposed),1.507856316513311
Partly Cloudy,PiT-Net(Proposed),1.4979629729281516
Partly Cloudy,PiT-Net(Proposed),1.4484149040977399
Partly Cloudy,PiT-Net(Proposed),1.2689070651589809
Partly Cloudy,PiT-Net(Proposed),0.9788066354056679
Partly Cloudy,PiT-Net(Proposed),0.6579734337471197
Partly Cloudy,Transformer(Baseline),1.109068798484351
Partly Cloudy,Transformer(Baseline),1.1657894253864614
Partly Cloudy,Transformer(Baseline),1.2340048083833315
Partly Cloudy,Transformer(Baseline),1.057731703529651
Partly Cloudy,Transformer(Baseline),1.2868114219404836
Partly Cloudy,Transformer(Baseline),0.9293217641391402
Partly Cloudy,Transformer(Baseline),0.847796480889353
Partly Cloudy,Transformer(Baseline),0.8829375392174992
Partly Cloudy,Transformer(Baseline),0.7205427638158213
Partly Cloudy,Transformer(Baseline),1.1081406041145403
Partly Cloudy,Transformer(Baseline),0.5563507510263488
Partly Cloudy,Transformer(Baseline),0.0816879421503014
Partly Cloudy,Transformer(Baseline),0.4986844810967259
Partly Cloudy,Transformer(Baseline),0.3604722263049567
Partly Cloudy,Transformer(Baseline),0.4364792242775817
Partly Cloudy,Transformer(Baseline),0.4857604685426775
Partly Cloudy,Transformer(Baseline),0.16215780587314121
Partly Cloudy,Transformer(Baseline),0.25952689104841475
Partly Cloudy,Transformer(Baseline),0.16749193331667733
Partly Cloudy,Transformer(Baseline),0.28302232045169085
Partly Cloudy,Transformer(Baseline),0.11193301112262688
Partly Cloudy,Transformer(Baseline),0.1135451025468992
Partly Cloudy,Transformer(Baseline),0.17851879450410202
Partly Cloudy,Transformer(Baseline),0.26568963090171316
Partly Cloudy,Transformer(Baseline),0.056732457829751226
Partly Cloudy,Transformer(Baseline),0.2782274924818591
Partly Cloudy,Transformer(Baseline),0.18487955193238825
Partly Cloudy,Transformer(Baseline),0.5808548054245932
Partly Cloudy,Transformer(Baseline),0.11656092559905495
Partly Cloudy,Transformer(Baseline),0.046694105969267596
Partly Cloudy,Transformer(Baseline),1.0547707219903124
Partly Cloudy,Transformer(Baseline),0.5989536804525404
Partly Cloudy,Transformer(Baseline),0.5745722651640648
Partly Cloudy,Transformer(Baseline),0.8273763606527158
Partly Cloudy,Transformer(Baseline),0.8157619739638307
Partly Cloudy,Transformer(Baseline),0.9535872651448436
Partly Cloudy,Transformer(Baseline),1.0975426506217678
Partly Cloudy,Transformer(Baseline),1.1313927138435842
Partly Cloudy,Transformer(Baseline),1.1625099999860522
Partly Cloudy,Transformer(Baseline),0.9183866152755713
Partly Cloudy,Transformer(Baseline),1.043987175438323
Partly Cloudy,Transformer(Baseline),1.471915001785125
Partly Cloudy,Transformer(Baseline),0.45389410865364166
Partly Cloudy,Transformer(Baseline),0.8190296089224489
Partly Cloudy,Transformer(Baseline),1.2318232120836123
Partly Cloudy,Transformer(Baseline),0.7669709288586404
Partly Cloudy,Transformer(Baseline),0.1785824867715693
Partly Cloudy,Transformer(Baseline),1.1294938657369027
Partly Cloudy,Transformer(Baseline),0.6164980635918571
Partly Cloudy,Transformer(Baseline),0.4541098709944933
Partly Cloudy,Transformer(Baseline),1.027779705040599
Partly Cloudy,Transformer(Baseline),0.390915159289154
Partly Cloudy,Transformer(Baseline),0.4480993270134537
Partly Cloudy,Transformer(Baseline),0.8296058677068743
Partly Cloudy,Transformer(Baseline),0.22289407193638588
Partly Cloudy,Transformer(Baseline),0.9139850723298277
Partly Cloudy,Transformer(Baseline),0.7247943255579941
Partly Cloudy,Transformer(Baseline),1.4777536750992013
Partly Cloudy,Transformer(Baseline),1.0880212597040924
Partly Cloudy,Transformer(Baseline),0.06721065599553988
Partly Cloudy,Transformer(Baseline),0.0761832844387893
Partly Cloudy,Transformer(Baseline),1.5398306937043849
Partly Cloudy,Transformer(Baseline),2.1694802886998126
Partly Cloudy,Transformer(Baseline),1.55635668783591
Partly Cloudy,Transformer(Baseline),0.98647421470959
Partly Cloudy,Transformer(Baseline),1.5549492331785384
Partly Cloudy,Transformer(Baseline),0.275741295526716
Partly Cloudy,Transformer(Baseline),0.8656861997338918
Partly Cloudy,Transformer(Baseline),0.03095060859156895
Partly Cloudy,Transformer(Baseline),1.161131753247707
Partly Cloudy,Transformer(Baseline),0.05966628206458324
Partly Cloudy,Transformer(Baseline),1.043307228607027
Partly Cloudy,Transformer(Baseline),1.52982007746302
Partly Cloudy,Transformer(Baseline),0.4558922138237902
Partly Cloudy,Transformer(Baseline),0.7958577869665406
Partly Cloudy,Transformer(Baseline),0.684256424319762
Partly Cloudy,Transformer(Baseline),1.193493331296434
Partly Cloudy,Transformer(Baseline),1.4623830854526925
Partly Cloudy,Transformer(Baseline),1.086409539253407
Partly Cloudy,Transformer(Baseline),1.1252849408425172
Partly Cloudy,Transformer(Baseline),1.0329815767862798
Partly Cloudy,Transformer(Baseline),1.0004477467192783
Partly Cloudy,Transformer(Baseline),1.0803339520994903
Partly Cloudy,Transformer(Baseline),1.0762790480052375
Partly Cloudy,Transformer(Baseline),1.0168527694096623
Partly Cloudy,Transformer(Baseline),0.755867347355851
Partly Cloudy,Transformer(Baseline),0.9160201313970893
Partly Cloudy,Transformer(Baseline),0.6433183026702052
Partly Cloudy,Transformer(Baseline),0.7312787924773314
Partly Cloudy,Transformer(Baseline),0.8411928790251721
Partly Cloudy,Transformer(Baseline),0.7172685519035475
Partly Cloudy,Transformer(Baseline),0.2922664335464802
Partly Cloudy,Transformer(Baseline),0.6978381184385327
Partly Cloudy,Transformer(Baseline),0.03789010374463153
Partly Cloudy,Transformer(Baseline),0.4103067687877555
Partly Cloudy,Transformer(Baseline),0.5498604950381836
Partly Cloudy,Transformer(Baseline),0.08726918505319503
Partly Cloudy,Transformer(Baseline),0.4063375655489274
Partly Cloudy,Transformer(Baseline),0.3189848826780093
Partly Cloudy,Transformer(Baseline),0.05471068935859691
Partly Cloudy,Transformer(Baseline),0.15951841650834098
Partly Cloudy,Transformer(Baseline),0.07058245766105564
Partly Cloudy,Transformer(Baseline),0.43303266276961594
Partly Cloudy,Transformer(Baseline),0.573433422417553
Partly Cloudy,Transformer(Baseline),0.34800462591874926
Partly Cloudy,Transformer(Baseline),0.005675176678716198
Partly Cloudy,Transformer(Baseline),0.16022206445201448
Partly Cloudy,Transformer(Baseline),0.5580840029720697
Partly Cloudy,Transformer(Baseline),0.0902727124504441
Partly Cloudy,Transformer(Baseline),0.1928719645696919
Partly Cloudy,Transformer(Baseline),1.0759329223600211
Partly Cloudy,Transformer(Baseline),0.531206975478085
Partly Cloudy,Transformer(Baseline),0.3462201703793646
Partly Cloudy,Transformer(Baseline),0.7054806248206518
Partly Cloudy,Transformer(Baseline),1.0516417158107743
Partly Cloudy,Transformer(Baseline),0.8036024262904267
Partly Cloudy,Transformer(Baseline),1.035341510102941
Partly Cloudy,Transformer(Baseline),1.048048086204565
Partly Cloudy,Transformer(Baseline),1.1153547983531453
Partly Cloudy,Transformer(Baseline),1.1248386365977172
Partly Cloudy,Transformer(Baseline),1.262330753759139
Partly Cloudy,Transformer(Baseline),1.2324673866385527
Partly Cloudy,Transformer(Baseline),0.8840564611447315
Partly Cloudy,Transformer(Baseline),0.9212228280660959
Partly Cloudy,Transformer(Baseline),0.8933497865617959
Partly Cloudy,Transformer(Baseline),0.37150412205041494
Partly Cloudy,Transformer(Baseline),1.0053317402059196
Partly Cloudy,Transformer(Baseline),0.831081522074558
Partly Cloudy,Transformer(Baseline),0.5926771976309322
Partly Cloudy,Transformer(Baseline),0.6192679540546706
Partly Cloudy,Transformer(Baseline),0.19563048825157026
Partly Cloudy,Transformer(Baseline),1.4740252692947253
Partly Cloudy,Transformer(Baseline),0.7415037346435529
Partly Cloudy,Transformer(Baseline),0.3338919218189069
Partly Cloudy,Transformer(Baseline),0.14531972810446803
Partly Cloudy,Transformer(Baseline),0.7375287047510941
Partly Cloudy,Transformer(Baseline),0.04164764842328417
Partly Cloudy,Transformer(Baseline),0.5604659661435001
Partly Cloudy,Transformer(Baseline),0.5050154587266267
Partly Cloudy,Transformer(Baseline),0.5487267719340387
Partly Cloudy,Transformer(Baseline),0.04950676362620321
Partly Cloudy,Transformer(Baseline),0.22127200701399552
Partly Cloudy,Transformer(Baseline),0.18635494256092322
Partly Cloudy,Transformer(Baseline),0.8005782004412563
Partly Cloudy,Transformer(Baseline),0.3359402983020825
Partly Cloudy,Transformer(Baseline),0.07742241122004145
Partly Cloudy,Transformer(Baseline),0.13147679821505953
Partly Cloudy,Transformer(Baseline),0.3491004769977213
Partly Cloudy,Transformer(Baseline),0.7231724304953886
Partly Cloudy,Transformer(Baseline),0.008925071874031687
Partly Cloudy,Transformer(Baseline),0.12558407886627698
Partly Cloudy,Transformer(Baseline),0.12237395068035717
Partly Cloudy,Transformer(Baseline),1.1530079322330717
Partly Cloudy,Transformer(Baseline),0.03374016072407393
Partly Cloudy,Transformer(Baseline),0.5925755585274803
Partly Cloudy,Transformer(Baseline),0.5625686392032279
Partly Cloudy,Transformer(Baseline),0.37841671411097355
Partly Cloudy,Transformer(Baseline),0.6806065760761797
Partly Cloudy,Transformer(Baseline),1.0251038965437536
Partly Cloudy,Transformer(Baseline),0.7845940075659286
Partly Cloudy,Transformer(Baseline),0.7384818275843514
Partly Cloudy,Transformer(Baseline),0.9788523947873102
Partly Cloudy,Transformer(Baseline),0.7702741861217643
Partly Cloudy,Transformer(Baseline),0.9174123051560685
Partly Cloudy,Transformer(Baseline),0.7236230853763865
Partly Cloudy,Transformer(Baseline),0.9588278028849402
Partly Cloudy,Transformer(Baseline),1.0104815051488534
Partly Cloudy,Transformer(Baseline),0.9488671246648201
Partly Cloudy,Transformer(Baseline),1.103932571431991
Partly Cloudy,Transformer(Baseline),0.9673351834985571
Partly Cloudy,Transformer(Baseline),1.0383001685711228
Partly Cloudy,Transformer(Baseline),1.0225873667516154
Partly Cloudy,Transformer(Baseline),0.5720183845078584
Partly Cloudy,Transformer(Baseline),1.0471324201071894
Partly Cloudy,Transformer(Baseline),0.6147507565259573
Partly Cloudy,Transformer(Baseline),0.7650729481505927
Partly Cloudy,Transformer(Baseline),0.017280011563023834
Partly Cloudy,Transformer(Baseline),0.862325124226965
Partly Cloudy,Transformer(Baseline),0.05513576740396786
Partly Cloudy,Transformer(Baseline),0.29355442451576685
Partly Cloudy,Transformer(Baseline),0.7161776738465964
Partly Cloudy,Transformer(Baseline),0.05691178877421699
Partly Cloudy,Transformer(Baseline),0.14291896615057276
Partly Cloudy,Transformer(Baseline),0.5048712093898153
Partly Cloudy,Transformer(Baseline),0.08361865415745129
Partly Cloudy,Transformer(Baseline),0.07845675778650829
Partly Cloudy,Transformer(Baseline),0.23437125216348242
Partly Cloudy,Transformer(Baseline),0.4158610724930547
Partly Cloudy,Transformer(Baseline),0.10674864745710799
Partly Cloudy,Transformer(Baseline),0.2746335957767716
Partly Cloudy,Transformer(Baseline),0.23527104291487078
Partly Cloudy,Transformer(Baseline),0.3612621770632565
Partly Cloudy,Transformer(Baseline),0.5284080183511062
Partly Cloudy,Transformer(Baseline),0.09246882259424005
Partly Cloudy,Transformer(Baseline),0.10052024223275602
Partly Cloudy,Transformer(Baseline),0.9338279263162601
Partly Cloudy,Transformer(Baseline),0.5796199049598076
Partly Cloudy,Transformer(Baseline),0.4541329565491683
Partly Cloudy,Transformer(Baseline),0.8858040917128989
Partly Cloudy,Transformer(Baseline),0.774204529679885
Partly Cloudy,Transformer(Baseline),0.74325874948833
Partly Cloudy,Transformer(Baseline),1.0209193048685332
Partly Cloudy,Transformer(Baseline),0.910839272388797
Partly Cloudy,Transformer(Baseline),1.1258324260244086
Partly Cloudy,Transformer(Baseline),1.1425713535313768
Partly Cloudy,Transformer(Baseline),1.2414242010790377
Partly Cloudy,Transformer(Baseline),1.1795043308906172
Partly Cloudy,Transformer(Baseline),1.1823205976334674
Partly Cloudy,Transformer(Baseline),1.2590364545328474
Partly Cloudy,Transformer(Baseline),1.330744962510804
Partly Cloudy,Transformer(Baseline),1.2295339013144115
Partly Cloudy,Transformer(Baseline),1.3910386187322645
Partly Cloudy,Transformer(Baseline),1.187823769067582
Partly Cloudy,Transformer(Baseline),1.1509770618018837
Partly Cloudy,Transformer(Baseline),1.1245544904129154
Partly Cloudy,Transformer(Baseline),1.0414489971889296
Partly Cloudy,Transformer(Baseline),1.247250442479059
Partly Cloudy,Transformer(Baseline),0.550656915623005
Partly Cloudy,Transformer(Baseline),0.4940260238459402
Partly Cloudy,Transformer(Baseline),0.7226431348862121
Partly Cloudy,Transformer(Baseline),0.43327674996017507
Partly Cloudy,Transformer(Baseline),0.38189594729800724
Partly Cloudy,Transformer(Baseline),0.6824869940338445
Partly Cloudy,Transformer(Baseline),0.12957184954481704
Partly Cloudy,Transformer(Baseline),0.14248295263196908
Partly Cloudy,Transformer(Baseline),0.18760635806589576
Partly Cloudy,Transformer(Baseline),0.16710381440886835
Partly Cloudy,Transformer(Baseline),0.3282930858293298
Partly Cloudy,Transformer(Baseline),0.31551570553617836
Partly Cloudy,Transformer(Baseline),0.25653060017134166
Partly Cloudy,Transformer(Baseline),0.32088980884370244
Partly Cloudy,Transformer(Baseline),0.28189364241664805
Partly Cloudy,Transformer(Baseline),0.5147410850570857
Partly Cloudy,Transformer(Baseline),0.42431766635535695
Partly Cloudy,Transformer(Baseline),0.5189758083735612
Partly Cloudy,Transformer(Baseline),0.3261255546450883
Partly Cloudy,Transformer(Baseline),0.2455255762866546
Partly Cloudy,Transformer(Baseline),0.9422861630012616
Partly Cloudy,Transformer(Baseline),0.7636377393750902
Partly Cloudy,Transformer(Baseline),0.6779671770846214
Partly Cloudy,Transformer(Baseline),0.7824421436742348
Partly Cloudy,Transformer(Baseline),1.0132706519694814
Partly Cloudy,Transformer(Baseline),1.0561701257796017
Partly Cloudy,Transformer(Baseline),1.0302602010343218
Partly Cloudy,Transformer(Baseline),1.1503373816718927
Partly Cloudy,Transformer(Baseline),1.150783298665293
Partly Cloudy,Transformer(Baseline),1.352328895261481
Partly Cloudy,Transformer(Baseline),1.355471444411728
Partly Cloudy,Transformer(Baseline),1.2638448615016027
Partly Cloudy,Transformer(Baseline),1.117692576464348
Partly Cloudy,Transformer(Baseline),1.263562652402872
Partly Cloudy,Transformer(Baseline),1.53499113516268
Partly Cloudy,Transformer(Baseline),1.6590527400476454
Partly Cloudy,Transformer(Baseline),1.7695037746224784
Partly Cloudy,Transformer(Baseline),1.7070445878238196
Partly Cloudy,Transformer(Baseline),1.9081292609655165
Partly Cloudy,Transformer(Baseline),1.5195501453327047
Partly Cloudy,Transformer(Baseline),1.270881238348064
Partly Cloudy,Transformer(Baseline),1.6721789148377777
Partly Cloudy,Transformer(Baseline),1.2425472931590456
Partly Cloudy,Transformer(Baseline),1.5018375014169578
Partly Cloudy,Transformer(Baseline),0.6519789701346212
Partly Cloudy,Transformer(Baseline),0.7333885824128572
Partly Cloudy,Transformer(Baseline),1.4087285572198773
Partly Cloudy,Transformer(Baseline),0.21201672218590772
Partly Cloudy,Transformer(Baseline),0.679811245489816
Partly Cloudy,Transformer(Baseline),0.7546489368911544
Partly Cloudy,Transformer(Baseline),0.24293870667030149
Partly Cloudy,Transformer(Baseline),0.5305187032992791
Partly Cloudy,Transformer(Baseline),0.4278287691344751
Partly Cloudy,Transformer(Baseline),0.07009371057765534
Partly Cloudy,Transformer(Baseline),0.24481785129358968
Partly Cloudy,Transformer(Baseline),0.1416854308556239
Partly Cloudy,Transformer(Baseline),0.41874216758228755
Partly Cloudy,Transformer(Baseline),0.14502009820440875
Partly Cloudy,Transformer(Baseline),0.18406379857534105
Partly Cloudy,Transformer(Baseline),1.014045314062166
Partly Cloudy,Transformer(Baseline),0.5430881142890875
Partly Cloudy,Transformer(Baseline),0.6421218424111643
Partly Cloudy,Transformer(Baseline),0.6399100967423905
Partly Cloudy,Transformer(Baseline),0.7558241882093419
Partly Cloudy,Transformer(Baseline),1.0067610303777919
Partly Cloudy,Transformer(Baseline),1.2583531820751865
Partly Cloudy,Transformer(Baseline),0.8156629203698245
Partly Cloudy,Transformer(Baseline),1.4350721328227607
Partly Cloudy,Transformer(Baseline),1.2824610694309708
Partly Cloudy,Transformer(Baseline),1.4514092824581244
Partly Cloudy,Transformer(Baseline),1.5122002867748368
Partly Cloudy,Transformer(Baseline),1.2848757944416
Partly Cloudy,Transformer(Baseline),1.5333885435133867
Partly Cloudy,Transformer(Baseline),1.7345142150592698
Partly Cloudy,Transformer(Baseline),1.615711988108389
Partly Cloudy,Transformer(Baseline),1.5934547617672887
Partly Cloudy,Transformer(Baseline),1.4415764580730852
Partly Cloudy,Transformer(Baseline),1.663071700180668
Partly Cloudy,Transformer(Baseline),1.0316401327739144
Partly Cloudy,Transformer(Baseline),1.5689833272058689
Partly Cloudy,Transformer(Baseline),1.9843905126030483
Partly Cloudy,Transformer(Baseline),0.8793372079403792
Partly Cloudy,Transformer(Baseline),0.15312136794821463
Partly Cloudy,Transformer(Baseline),2.1632734690135305
Partly Cloudy,Transformer(Baseline),2.3880036919575307
Partly Cloudy,Transformer(Baseline),1.2844155899989236
Partly Cloudy,Transformer(Baseline),2.2014768232209825
Partly Cloudy,Transformer(Baseline),1.2585766781241947
Partly Cloudy,Transformer(Baseline),1.6951688892913381
Partly Cloudy,Transformer(Baseline),2.387675329172559
Partly Cloudy,Transformer(Baseline),0.9553266137247789
Partly Cloudy,Transformer(Baseline),0.669214139472448
Partly Cloudy,Transformer(Baseline),0.9773483834447241
Partly Cloudy,Transformer(Baseline),0.9485684982887648
Partly Cloudy,Transformer(Baseline),2.343317327950416
Partly Cloudy,Transformer(Baseline),1.0205537323694998
Partly Cloudy,Transformer(Baseline),2.215201216036796
Partly Cloudy,Transformer(Baseline),2.299178841976598
Partly Cloudy,Transformer(Baseline),0.4086368621118801
Partly Cloudy,Transformer(Baseline),0.026895265006135816
Partly Cloudy,Transformer(Baseline),3.072209375202945
Partly Cloudy,Transformer(Baseline),1.7299167789390921
Partly Cloudy,Transformer(Baseline),2.3446437267965763
Partly Cloudy,Transformer(Baseline),1.5839305152598548
Partly Cloudy,Transformer(Baseline),1.1054152015114624
Partly Cloudy,Transformer(Baseline),0.5589862768684171
Partly Cloudy,Transformer(Baseline),0.5781245252946512
Partly Cloudy,Transformer(Baseline),1.3045859325619915
Partly Cloudy,Transformer(Baseline),2.0951336759964825
Partly Cloudy,Transformer(Baseline),0.11288870137443752
Partly Cloudy,Transformer(Baseline),0.31452706602716773
Partly Cloudy,Transformer(Baseline),3.752788077971392
Partly Cloudy,Transformer(Baseline),0.17706595641539913
Partly Cloudy,Transformer(Baseline),1.2099467602703253
Partly Cloudy,Transformer(Baseline),0.829728971022524
Partly Cloudy,Transformer(Baseline),1.975435031409921
Partly Cloudy,Transformer(Baseline),1.2859475622167098
Partly Cloudy,Transformer(Baseline),2.0181449686820745
Partly Cloudy,Transformer(Baseline),1.5557414351287897
Partly Cloudy,Transformer(Baseline),1.7228014721210991
Partly Cloudy,Transformer(Baseline),1.125765100206549
Partly Cloudy,Transformer(Baseline),1.3402822670408363
Partly Cloudy,Transformer(Baseline),1.3037718657474273
Partly Cloudy,Transformer(Baseline),1.3127892422900302
Partly Cloudy,Transformer(Baseline),1.145321863229908
Partly Cloudy,Transformer(Baseline),1.399565247897054
Partly Cloudy,Transformer(Baseline),1.0656745660050966
Partly Cloudy,Transformer(Baseline),0.9790812404853817
Partly Cloudy,Transformer(Baseline),0.935802025121852
Partly Cloudy,Transformer(Baseline),0.9552327484165115
Partly Cloudy,Transformer(Baseline),1.0987021495164857
Partly Cloudy,Transformer(Baseline),0.41452118400469473
Partly Cloudy,Transformer(Baseline),0.3182312659586106
Partly Cloudy,Transformer(Baseline),0.5851473995030627
Partly Cloudy,Transformer(Baseline),0.3051931323310093
Partly Cloudy,Transformer(Baseline),0.3585492517996851
Partly Cloudy,Transformer(Baseline),0.7191538971689315
Partly Cloudy,Transformer(Baseline),0.06265453988552139
Partly Cloudy,Transformer(Baseline),0.3453394616582379
Partly Cloudy,Transformer(Baseline),0.3547520150292094
Partly Cloudy,Transformer(Baseline),0.10260133176961261
Partly Cloudy,Transformer(Baseline),0.13606545631673939
Partly Cloudy,Transformer(Baseline),0.1432013581501188
Partly Cloudy,Transformer(Baseline),0.21872703546304706
Partly Cloudy,Transformer(Baseline),0.2887531960547278
Partly Cloudy,Transformer(Baseline),0.12350509047307412
Partly Cloudy,Transformer(Baseline),0.560850453478487
Partly Cloudy,Transformer(Baseline),0.30086166898782807
Partly Cloudy,Transformer(Baseline),0.43459098990721756
Partly Cloudy,Transformer(Baseline),0.3276546727431544
Partly Cloudy,Transformer(Baseline),0.2795583308293228
Partly Cloudy,Transformer(Baseline),0.9536551500499044
Partly Cloudy,Transformer(Baseline),0.6915065585835851
Partly Cloudy,Transformer(Baseline),0.7117547548031045
Partly Cloudy,Transformer(Baseline),0.8947498012278867
Partly Cloudy,Transformer(Baseline),1.0102846682718134
Partly Cloudy,Transformer(Baseline),1.097796402835284
Partly Cloudy,Transformer(Baseline),1.2169979706752638
Partly Cloudy,Transformer(Baseline),1.1783180788379077
Partly Cloudy,Transformer(Baseline),1.2620156826086033
Partly Cloudy,Transformer(Baseline),1.4111209730644871
Partly Cloudy,Transformer(Baseline),1.4459544655896623
Partly Cloudy,Transformer(Baseline),1.376630492696731
Partly Cloudy,Transformer(Baseline),0.8468282019450505
Partly Cloudy,Transformer(Baseline),1.044903105067571
Partly Cloudy,Transformer(Baseline),1.0625738932978774
Partly Cloudy,Transformer(Baseline),1.0597340256586611
Partly Cloudy,Transformer(Baseline),0.878567760061161
Partly Cloudy,Transformer(Baseline),1.145386107226284
Partly Cloudy,Transformer(Baseline),0.9026043859927997
Partly Cloudy,Transformer(Baseline),1.048096298881739
Partly Cloudy,Transformer(Baseline),0.7884497444500855
Partly Cloudy,Transformer(Baseline),0.9879375149350533
Partly Cloudy,Transformer(Baseline),1.1329528017669936
Partly Cloudy,Transformer(Baseline),0.7740742268413374
Partly Cloudy,Transformer(Baseline),0.40741167388143573
Partly Cloudy,Transformer(Baseline),0.40456066738336993
Partly Cloudy,Transformer(Baseline),0.7811200243495584
Partly Cloudy,Transformer(Baseline),0.3714107973335814
Partly Cloudy,Transformer(Baseline),0.7422415561464675
Partly Cloudy,Transformer(Baseline),0.39114197784375726
Partly Cloudy,Transformer(Baseline),0.3926987835013307
Partly Cloudy,Transformer(Baseline),0.29859142567069696
Partly Cloudy,Transformer(Baseline),0.39317390596724877
Partly Cloudy,Transformer(Baseline),0.32461134542831616
Partly Cloudy,Transformer(Baseline),0.09169647917541823
Partly Cloudy,Transformer(Baseline),0.10246939447089787
Partly Cloudy,Transformer(Baseline),0.30768935754069204
Partly Cloudy,Transformer(Baseline),0.3751123732136641
Partly Cloudy,Transformer(Baseline),0.10435712859787571
Partly Cloudy,Transformer(Baseline),0.543339659929412
Partly Cloudy,Transformer(Baseline),0.4489122452808001
Partly Cloudy,Transformer(Baseline),0.31253213506507294
Partly Cloudy,Transformer(Baseline),0.22966835524244722
Partly Cloudy,Transformer(Baseline),1.000805948356497
Partly Cloudy,Transformer(Baseline),0.7214083880168634
Partly Cloudy,Transformer(Baseline),0.8186366070258426
Partly Cloudy,Transformer(Baseline),0.8779986864303009
Partly Cloudy,Transformer(Baseline),1.0126216787791265
Partly Cloudy,Transformer(Baseline),0.9862350275448417
Partly Cloudy,Transformer(Baseline),1.0214964065487653
Partly Cloudy,Transformer(Baseline),1.1993994163564947
Partly Cloudy,Transformer(Baseline),1.1159077890108042
Partly Cloudy,Transformer(Baseline),1.2567490594518853
Partly Cloudy,Transformer(Baseline),1.2488110489677964
Partly Cloudy,Transformer(Baseline),1.1396427045220752
Partly Cloudy,Transformer(Baseline),1.026200271508468
Partly Cloudy,Transformer(Baseline),1.2490960221187848
Partly Cloudy,Transformer(Baseline),1.4285236830579757
Partly Cloudy,Transformer(Baseline),1.4002029428427063
Partly Cloudy,Transformer(Baseline),1.4303472992538326
Partly Cloudy,Transformer(Baseline),1.4545306372560072
Partly Cloudy,Transformer(Baseline),1.6142343635775411
Partly Cloudy,Transformer(Baseline),1.258885863654804
Partly Cloudy,Transformer(Baseline),1.0641029660207675
Partly Cloudy,Transformer(Baseline),1.1885661791323887
Partly Cloudy,Transformer(Baseline),1.00939211091662
Partly Cloudy,Transformer(Baseline),1.2733604718028477
Partly Cloudy,Transformer(Baseline),0.4449593337214104
Partly Cloudy,Transformer(Baseline),0.4728999042782256
Partly Cloudy,Transformer(Baseline),0.9550260227307845
Partly Cloudy,Transformer(Baseline),0.3155436673466063
Partly Cloudy,Transformer(Baseline),0.4313449462694763
Partly Cloudy,Transformer(Baseline),0.6720274700702369
Partly Cloudy,Transformer(Baseline),0.17118743590588892
Partly Cloudy,Transformer(Baseline),0.3960444570021835
Partly Cloudy,Transformer(Baseline),0.30883460043257216
Partly Cloudy,Transformer(Baseline),0.11399623137320347
Partly Cloudy,Transformer(Baseline),0.008703272698234343
Partly Cloudy,Transformer(Baseline),0.1278038978624565
Partly Cloudy,Transformer(Baseline),0.09699180360644633
Partly Cloudy,Transformer(Baseline),0.1585170816160364
Partly Cloudy,Transformer(Baseline),0.36326813226995824
Partly Cloudy,Transformer(Baseline),0.8274619786978406
Partly Cloudy,Transformer(Baseline),0.36424776722096297
Partly Cloudy,Transformer(Baseline),0.30019443764444276
Partly Cloudy,Transformer(Baseline),0.41460891206299166
Partly Cloudy,Transformer(Baseline),0.6380681841841565
Partly Cloudy,Transformer(Baseline),0.8893964154685712
Partly Cloudy,Transformer(Baseline),0.7884502713102002
Partly Cloudy,Transformer(Baseline),0.6919435027761232
Partly Cloudy,Transformer(Baseline),1.1176365898113403
Partly Cloudy,Transformer(Baseline),1.06806544256189
Partly Cloudy,Transformer(Baseline),1.2969279678912393
Partly Cloudy,Transformer(Baseline),1.3776076524841567
Partly Cloudy,Transformer(Baseline),1.2209269900558688
Partly Cloudy,Transformer(Baseline),1.4516189465928164
Partly Cloudy,Transformer(Baseline),1.6181781355068559
Partly Cloudy,Transformer(Baseline),1.6446965999429608
Partly Cloudy,Transformer(Baseline),1.6115367911689327
Partly Cloudy,Transformer(Baseline),1.4997744080475375
Partly Cloudy,Transformer(Baseline),0.5530654614622289
Partly Cloudy,Transformer(Baseline),0.48066778606980565
Partly Cloudy,Transformer(Baseline),0.604419342486707
Partly Cloudy,Transformer(Baseline),0.5979633689132702
Partly Cloudy,Transformer(Baseline),0.4392600619465421
Partly Cloudy,Transformer(Baseline),1.0682992910424391
Partly Cloudy,Transformer(Baseline),0.9598304922577157
Partly Cloudy,Transformer(Baseline),0.6613302778364103
Partly Cloudy,Transformer(Baseline),0.586926868355266
Partly Cloudy,Transformer(Baseline),1.0622296967133877
Partly Cloudy,Transformer(Baseline),1.099162061082101
Partly Cloudy,Transformer(Baseline),1.0106358911207938
Partly Cloudy,Transformer(Baseline),0.5376455039412082
Partly Cloudy,Transformer(Baseline),0.8070642373009864
Partly Cloudy,Transformer(Baseline),1.02749315459916
Partly Cloudy,Transformer(Baseline),0.9942883764790285
Partly Cloudy,Transformer(Baseline),0.6240784576249343
Partly Cloudy,Transformer(Baseline),0.5973701934738873
Partly Cloudy,Transformer(Baseline),1.0579885830236755
Partly Cloudy,Transformer(Baseline),0.681775445936621
Partly Cloudy,Transformer(Baseline),0.7548063197369217
Partly Cloudy,Transformer(Baseline),0.7256919718790016
Partly Cloudy,Transformer(Baseline),0.8474461908709294
Partly Cloudy,Transformer(Baseline),0.3113451542795893
Partly Cloudy,Transformer(Baseline),0.9843939729657123
Partly Cloudy,Transformer(Baseline),0.051665066461211495
Partly Cloudy,Transformer(Baseline),0.19911469365212042
Partly Cloudy,Transformer(Baseline),0.18552850303795054
Partly Cloudy,Transformer(Baseline),0.06375842112740315
Partly Cloudy,Transformer(Baseline),0.03361191843710998
Partly Cloudy,Transformer(Baseline),0.006648138175993523
Partly Cloudy,Transformer(Baseline),0.21115593472996608
Partly Cloudy,Transformer(Baseline),0.5389360079147281
Partly Cloudy,Transformer(Baseline),0.34801057631467813
Partly Cloudy,Transformer(Baseline),0.2809636300335754
Partly Cloudy,Transformer(Baseline),0.6087666438933077
Partly Cloudy,Transformer(Baseline),0.6572033662398802
Partly Cloudy,Transformer(Baseline),1.178085521721627
Partly Cloudy,Transformer(Baseline),0.4608721022300948
Partly Cloudy,Transformer(Baseline),1.205397915595288
Partly Cloudy,Transformer(Baseline),1.042818738206062
Partly Cloudy,Transformer(Baseline),0.8387182188256688
Partly Cloudy,Transformer(Baseline),1.0838187480097723
Partly Cloudy,Transformer(Baseline),0.8173223075473786
Partly Cloudy,Transformer(Baseline),1.4267843617261402
Partly Cloudy,Transformer(Baseline),0.943563253211666
Partly Cloudy,Transformer(Baseline),1.3221613268884038
Partly Cloudy,Transformer(Baseline),1.117362655194312
Partly Cloudy,Transformer(Baseline),1.1444294504810575
Partly Cloudy,Transformer(Baseline),1.0375835067903272
Partly Cloudy,Transformer(Baseline),1.0652095375427804
Partly Cloudy,Transformer(Baseline),0.9955292604315611
Partly Cloudy,Transformer(Baseline),0.5499635444199362
Partly Cloudy,Transformer(Baseline),0.48938199910403113
Partly Cloudy,Transformer(Baseline),0.6175478411661364
Partly Cloudy,Transformer(Baseline),0.7725693919233931
Partly Cloudy,Transformer(Baseline),0.4642995807656396
Partly Cloudy,Transformer(Baseline),1.4970803095202703
Partly Cloudy,Transformer(Baseline),0.9873166305035799
Partly Cloudy,Transformer(Baseline),0.9240281886594897
Partly Cloudy,Transformer(Baseline),0.7239776651059326
Partly Cloudy,Transformer(Baseline),1.8092525652924598
Partly Cloudy,Transformer(Baseline),1.0359512665569408
Partly Cloudy,Transformer(Baseline),1.5782654571690102
Partly Cloudy,Transformer(Baseline),0.7488170198895236
Partly Cloudy,Transformer(Baseline),1.0810653122108
Partly Cloudy,Transformer(Baseline),1.2658723687904612
Partly Cloudy,Transformer(Baseline),1.0348786779862778
Partly Cloudy,Transformer(Baseline),0.7926583804738812
Partly Cloudy,Transformer(Baseline),0.7944359220392876
Partly Cloudy,Transformer(Baseline),1.5802592708472645
Partly Cloudy,Transformer(Baseline),0.6251079867083682
Partly Cloudy,Transformer(Baseline),0.613832714449817
Partly Cloudy,Transformer(Baseline),0.7470184187387368
Partly Cloudy,Transformer(Baseline),1.0244945833248735
Partly Cloudy,Transformer(Baseline),0.7057312776718376
Partly Cloudy,Transformer(Baseline),0.5467687479887751
Partly Cloudy,Transformer(Baseline),0.18211080315306916
Partly Cloudy,Transformer(Baseline),0.15186354649086553
Partly Cloudy,Transformer(Baseline),0.10096922707342415
Partly Cloudy,Transformer(Baseline),0.3844255700203867
Partly Cloudy,Transformer(Baseline),0.13621486999468857
Partly Cloudy,Transformer(Baseline),0.45924843728591824
Partly Cloudy,Transformer(Baseline),0.817656014580578
Partly Cloudy,Transformer(Baseline),0.5042788569699397
Partly Cloudy,Transformer(Baseline),0.48960453279394756
Partly Cloudy,Transformer(Baseline),0.38940729919082173
Partly Cloudy,Transformer(Baseline),1.043714079799475
Partly Cloudy,Transformer(Baseline),0.44128139263441213
Partly Cloudy,Transformer(Baseline),1.5481673883964824
Partly Cloudy,Transformer(Baseline),0.6663007751685299
Partly Cloudy,Transformer(Baseline),1.731014678338223
Partly Cloudy,Transformer(Baseline),1.1328631763564445
Partly Cloudy,Transformer(Baseline),0.9709252800027564
Partly Cloudy,Transformer(Baseline),1.1489586179554827
Partly Cloudy,Transformer(Baseline),1.0172296266590628
Partly Cloudy,Transformer(Baseline),1.4973152702824386
Partly Cloudy,Transformer(Baseline),1.2522130495736814
Partly Cloudy,Transformer(Baseline),1.4601293633406573
Partly Cloudy,Transformer(Baseline),1.1698169930582702
Partly Cloudy,Transformer(Baseline),1.335750239665618
Partly Cloudy,Transformer(Baseline),1.1989406719036158
Partly Cloudy,Transformer(Baseline),1.0327011816409586
Partly Cloudy,Transformer(Baseline),1.1300186492226223
Partly Cloudy,Transformer(Baseline),0.8420254466147801
Partly Cloudy,Transformer(Baseline),0.8487707377405282
Partly Cloudy,Transformer(Baseline),0.4551338870802857
Partly Cloudy,Transformer(Baseline),0.6529775824072805
Partly Cloudy,Transformer(Baseline),0.6408263999637089
Partly Cloudy,Transformer(Baseline),0.6383553549093577
Partly Cloudy,Transformer(Baseline),0.033698553101682016
Partly Cloudy,Transformer(Baseline),0.24543261715529585
Partly Cloudy,Transformer(Baseline),0.04124665059409516
Partly Cloudy,Transformer(Baseline),0.1357214290669182
Partly Cloudy,Transformer(Baseline),0.45985120855591965
Partly Cloudy,Transformer(Baseline),0.008260021995287303
Partly Cloudy,Transformer(Baseline),0.1862855709468585
Partly Cloudy,Transformer(Baseline),0.04892273797423563
Partly Cloudy,Transformer(Baseline),0.04220208297771855
Partly Cloudy,Transformer(Baseline),0.023982676360445154
Partly Cloudy,Transformer(Baseline),0.12771752070122222
Partly Cloudy,Transformer(Baseline),0.22399417642713448
Partly Cloudy,Transformer(Baseline),0.2748995972727135
Partly Cloudy,Transformer(Baseline),0.13567181105291937
Partly Cloudy,Transformer(Baseline),0.20496019230758478
Partly Cloudy,Transformer(Baseline),0.6589345395704589
Partly Cloudy,Transformer(Baseline),0.22650891502222592
Partly Cloudy,Transformer(Baseline),0.22111188506180568
Partly Cloudy,Transformer(Baseline),0.19177169637795544
Partly Cloudy,Transformer(Baseline),0.9528473775022759
Partly Cloudy,Transformer(Baseline),0.4004615421385269
Partly Cloudy,Transformer(Baseline),0.601172952504542
Partly Cloudy,Transformer(Baseline),0.8605885602766374
Partly Cloudy,Transformer(Baseline),0.6623682508146125
Partly Cloudy,Transformer(Baseline),0.8103581138388583
Partly Cloudy,Transformer(Baseline),0.8567130531954036
Partly Cloudy,Transformer(Baseline),0.9443373649320549
Partly Cloudy,Transformer(Baseline),0.9164396346511405
Partly Cloudy,Transformer(Baseline),1.158120186773047
Partly Cloudy,Transformer(Baseline),0.8963414288433564
Partly Cloudy,Transformer(Baseline),1.2490381946947506
Partly Cloudy,Transformer(Baseline),0.7075044948831337
Partly Cloudy,Transformer(Baseline),1.063739729623272
Partly Cloudy,Transformer(Baseline),0.802712654081347
Partly Cloudy,Transformer(Baseline),0.978550854148093
Partly Cloudy,Transformer(Baseline),0.3979614808977878
Partly Cloudy,Transformer(Baseline),0.31000141126582115
Partly Cloudy,Transformer(Baseline),0.7484047310750661
Partly Cloudy,Transformer(Baseline),0.29466302761318985
Partly Cloudy,Transformer(Baseline),0.5273218856911264
Partly Cloudy,Transformer(Baseline),0.6456475239142634
Partly Cloudy,Transformer(Baseline),0.13740693344389499
Partly Cloudy,Transformer(Baseline),0.26220900654572077
Partly Cloudy,Transformer(Baseline),0.1922281881755925
Partly Cloudy,Transformer(Baseline),0.2791925468759775
Partly Cloudy,Transformer(Baseline),0.3658927983569491
Partly Cloudy,Transformer(Baseline),0.273353512365178
Partly Cloudy,Transformer(Baseline),0.02081200263414651
Partly Cloudy,Transformer(Baseline),0.6545003587432561
Partly Cloudy,Transformer(Baseline),0.27171848189298053
Partly Cloudy,Transformer(Baseline),0.5915179442309952
Partly Cloudy,Transformer(Baseline),0.4743191977936245
Partly Cloudy,Transformer(Baseline),0.6646800750849167
Partly Cloudy,Transformer(Baseline),0.6210234511775035
Partly Cloudy,Transformer(Baseline),1.2573096761662654
Partly Cloudy,Transformer(Baseline),1.0382645586703694
Partly Cloudy,Transformer(Baseline),1.1064518619260646
Partly Cloudy,Transformer(Baseline),1.22771965847513
Partly Cloudy,Transformer(Baseline),1.2892094389764606
Partly Cloudy,Transformer(Baseline),1.2429933507278923
Partly Cloudy,Transformer(Baseline),1.0540565556006942
Partly Cloudy,Transformer(Baseline),1.199372558757696
Partly Cloudy,Transformer(Baseline),1.356534876755687
Partly Cloudy,Transformer(Baseline),1.1501407876965608
Partly Cloudy,Transformer(Baseline),1.2124931417718416
Partly Cloudy,Transformer(Baseline),1.0277160000555519
Partly Cloudy,Transformer(Baseline),0.7583744001361374
Partly Cloudy,Transformer(Baseline),1.1304030544274521
Partly Cloudy,Transformer(Baseline),0.6170663777417058
Partly Cloudy,Transformer(Baseline),0.33576861267588853
Partly Cloudy,Transformer(Baseline),0.8330907156857439
Partly Cloudy,Transformer(Baseline),0.19025684038040325
Partly Cloudy,Transformer(Baseline),0.5551946904231482
Partly Cloudy,Transformer(Baseline),0.41052431011090107
Partly Cloudy,Transformer(Baseline),0.033295308560116865
Partly Cloudy,Transformer(Baseline),0.49634876663374605
Partly Cloudy,Transformer(Baseline),0.5068915849379572
Partly Cloudy,Transformer(Baseline),0.17962279455760566
Partly Cloudy,Transformer(Baseline),0.04134692605731338
Partly Cloudy,Transformer(Baseline),0.24594129097085293
Partly Cloudy,Transformer(Baseline),0.3058285002482162
Partly Cloudy,Transformer(Baseline),0.030688255532689723
Partly Cloudy,Transformer(Baseline),0.2116156246974814
Partly Cloudy,Transformer(Baseline),0.31731395516909267
Partly Cloudy,Transformer(Baseline),0.5349182221105018
Partly Cloudy,Transformer(Baseline),0.06576533398761342
Partly Cloudy,Transformer(Baseline),1.113731565833632
Partly Cloudy,Transformer(Baseline),0.4704699942007107
Partly Cloudy,Transformer(Baseline),1.4297000545905494
Partly Cloudy,Transformer(Baseline),1.0912742493367666
Partly Cloudy,Transformer(Baseline),1.211226765445165
Partly Cloudy,Transformer(Baseline),1.1625425655604102
Partly Cloudy,Transformer(Baseline),1.7083988922088986
Partly Cloudy,Transformer(Baseline),1.4473573947525051
Partly Cloudy,Transformer(Baseline),1.3517068652714381
Partly Cloudy,Transformer(Baseline),1.6128208116990042
Partly Cloudy,Transformer(Baseline),1.741022118425355
Partly Cloudy,Transformer(Baseline),1.754047708776456
Partly Cloudy,Transformer(Baseline),1.593413693966089
Partly Cloudy,Transformer(Baseline),1.4491380993684757
Partly Cloudy,Transformer(Baseline),1.496808960140136
Partly Cloudy,Transformer(Baseline),1.4052803400756186
Partly Cloudy,Transformer(Baseline),0.896440192519897
Partly Cloudy,Transformer(Baseline),0.8637691440950999
Partly Cloudy,Transformer(Baseline),0.8515965405788108
Partly Cloudy,Transformer(Baseline),0.5171454957183634
Partly Cloudy,Transformer(Baseline),0.7835271636300583
Partly Cloudy,Transformer(Baseline),0.7790572861802119
Partly Cloudy,Transformer(Baseline),0.26458466714947093
Partly Cloudy,Transformer(Baseline),0.21698451249346462
Partly Cloudy,Transformer(Baseline),0.43166697894629635
Partly Cloudy,Transformer(Baseline),0.07118015478087614
Partly Cloudy,Transformer(Baseline),0.268263153155182
Partly Cloudy,Transformer(Baseline),0.19443136313299192
Partly Cloudy,Transformer(Baseline),0.4266392412266029
Partly Cloudy,Transformer(Baseline),0.2798183884313481
Partly Cloudy,Transformer(Baseline),0.17525531521023652
Partly Cloudy,Transformer(Baseline),0.9732534549386536
Partly Cloudy,Transformer(Baseline),0.6254393611541147
Partly Cloudy,Transformer(Baseline),0.9564304908889181
Partly Cloudy,Transformer(Baseline),1.0585369647757226
Partly Cloudy,Transformer(Baseline),0.9673405797718733
Partly Cloudy,Transformer(Baseline),1.5368961462665371
Partly Cloudy,Transformer(Baseline),1.5200196016002714
Partly Cloudy,Transformer(Baseline),1.4563402225354505
Partly Cloudy,Transformer(Baseline),1.7510099092603992
Partly Cloudy,Transformer(Baseline),1.8146914084377412
Partly Cloudy,Transformer(Baseline),1.7856659015249252
Partly Cloudy,Transformer(Baseline),1.5770448586594945
Partly Cloudy,Transformer(Baseline),0.058628862195724274
Partly Cloudy,Transformer(Baseline),1.3104613039648987
Partly Cloudy,Transformer(Baseline),0.6052258708560965
Partly Cloudy,Transformer(Baseline),0.5088816858865508
Partly Cloudy,Transformer(Baseline),0.9481071880816438
Partly Cloudy,Transformer(Baseline),0.5785754239795562
Partly Cloudy,Transformer(Baseline),0.1678816459117627
Partly Cloudy,Transformer(Baseline),0.7597621272842972
Partly Cloudy,Transformer(Baseline),0.10908594977550123
Partly Cloudy,Transformer(Baseline),1.0925542560498727
Partly Cloudy,Transformer(Baseline),0.14145214840093168
Partly Cloudy,Transformer(Baseline),0.6422703487083563
Partly Cloudy,Transformer(Baseline),0.3401536075926437
Partly Cloudy,Transformer(Baseline),0.19447497176851058
Partly Cloudy,Transformer(Baseline),0.2417876540196442
Partly Cloudy,Transformer(Baseline),0.6409533375452448
Partly Cloudy,Transformer(Baseline),0.033349593132181
Partly Cloudy,Transformer(Baseline),0.21418680534266876
Partly Cloudy,Transformer(Baseline),0.02271159283748858
Partly Cloudy,Transformer(Baseline),1.542548968328651
Partly Cloudy,Transformer(Baseline),0.43013428968860623
Partly Cloudy,Transformer(Baseline),0.3590000611467179
Partly Cloudy,Transformer(Baseline),1.4707617977379783
Partly Cloudy,Transformer(Baseline),0.7559314997747029
Partly Cloudy,Transformer(Baseline),1.1123643861106096
Partly Cloudy,Transformer(Baseline),0.7664515777843262
Partly Cloudy,Transformer(Baseline),1.6074039873607973
Partly Cloudy,Transformer(Baseline),0.7967168085658713
Partly Cloudy,Transformer(Baseline),1.500529257172926
Partly Cloudy,Transformer(Baseline),1.6642127596291916
Partly Cloudy,Transformer(Baseline),1.674394758176101
Partly Cloudy,Transformer(Baseline),1.4325505526090385
Partly Cloudy,Transformer(Baseline),1.4766501165183819
Partly Cloudy,Transformer(Baseline),1.189282343448621
Partly Cloudy,Transformer(Baseline),1.4217243830134532
Partly Cloudy,Transformer(Baseline),0.8088856824115904
Partly Cloudy,Transformer(Baseline),0.5518736679143839
Partly Cloudy,Transformer(Baseline),0.9175051002106844
Partly Cloudy,Transformer(Baseline),0.2998360574290029
Partly Cloudy,Transformer(Baseline),0.9115919563310158
Partly Cloudy,Transformer(Baseline),0.4817837031138197
Partly Cloudy,Transformer(Baseline),0.1487349785008405
Partly Cloudy,Transformer(Baseline),0.1888177875806818
Partly Cloudy,Transformer(Baseline),0.19871469445939027
Partly Cloudy,Transformer(Baseline),0.11506778913031113
Partly Cloudy,Transformer(Baseline),0.06382933845238625
Partly Cloudy,Transformer(Baseline),0.32612523944247584
Partly Cloudy,Transformer(Baseline),0.019836623385543817
Partly Cloudy,Transformer(Baseline),0.4605844055793522
Partly Cloudy,Transformer(Baseline),0.0465074168883195
Partly Cloudy,Transformer(Baseline),0.9315620866294214
Partly Cloudy,Transformer(Baseline),0.961206871044272
Partly Cloudy,Transformer(Baseline),0.4698783397899877
Partly Cloudy,Transformer(Baseline),1.0036705205795862
Partly Cloudy,Transformer(Baseline),1.035949523817802
Partly Cloudy,Transformer(Baseline),1.1109756153090515
Partly Cloudy,Transformer(Baseline),1.4778830086479218
Partly Cloudy,Transformer(Baseline),1.1743045345550938
Partly Cloudy,Transformer(Baseline),1.5551453269759383
Partly Cloudy,Transformer(Baseline),1.56404437770476
Partly Cloudy,Transformer(Baseline),1.6389968559602788
Partly Cloudy,Transformer(Baseline),1.4364233461475355
Partly Cloudy,Transformer(Baseline),1.0271036253673846
Partly Cloudy,Transformer(Baseline),1.083612377499093
Partly Cloudy,Transformer(Baseline),1.063458620353928
Partly Cloudy,Transformer(Baseline),1.238006733849601
Partly Cloudy,Transformer(Baseline),1.036810952510459
Partly Cloudy,Transformer(Baseline),0.9139858569259838
Partly Cloudy,Transformer(Baseline),1.4165115073939
Partly Cloudy,Transformer(Baseline),1.0074807354548003
Partly Cloudy,Transformer(Baseline),0.9778994946297246
Partly Cloudy,Transformer(Baseline),1.0500622314603607
Partly Cloudy,Transformer(Baseline),0.5041008478040219
Partly Cloudy,Transformer(Baseline),0.9753128426109505
Partly Cloudy,Transformer(Baseline),1.0412273182658733
Partly Cloudy,Transformer(Baseline),0.31468588311632395
Partly Cloudy,Transformer(Baseline),0.343116955410407
Partly Cloudy,Transformer(Baseline),0.7539446255757944
Partly Cloudy,Transformer(Baseline),0.20565406737729397
Partly Cloudy,Transformer(Baseline),0.06474345900992517
Partly Cloudy,Transformer(Baseline),0.33751881125517613
Partly Cloudy,Transformer(Baseline),0.07542506334658583
Partly Cloudy,Transformer(Baseline),0.02192882488709813
Partly Cloudy,Transformer(Baseline),0.8785907774505617
Partly Cloudy,Transformer(Baseline),0.2893359397107158
Partly Cloudy,Transformer(Baseline),0.6565247951593385
Partly Cloudy,Transformer(Baseline),0.8163330603432257
Partly Cloudy,Transformer(Baseline),1.328715920515684
Partly Cloudy,Transformer(Baseline),0.7667495629675436
Partly Cloudy,Transformer(Baseline),1.7586632932841937
Partly Cloudy,Transformer(Baseline),1.039518107138269
Partly Cloudy,Transformer(Baseline),1.3892859018391013
Partly Cloudy,Transformer(Baseline),1.229534506147333
Partly Cloudy,Transformer(Baseline),1.7113984010877714
Partly Cloudy,Transformer(Baseline),1.337672266325888
Partly Cloudy,Transformer(Baseline),1.233975879970761
Partly Cloudy,Transformer(Baseline),0.8981797919192633
Partly Cloudy,Transformer(Baseline),0.20113982062162616
Partly Cloudy,Transformer(Baseline),1.5341420483049895
Partly Cloudy,Transformer(Baseline),0.9820255279892827
Partly Cloudy,Transformer(Baseline),0.6073921312229675
Partly Cloudy,Transformer(Baseline),0.9156038938451214
Partly Cloudy,Transformer(Baseline),0.7027007441378963
Partly Cloudy,Transformer(Baseline),0.017311897140432464
Partly Cloudy,Transformer(Baseline),1.3759682316571968
Partly Cloudy,Transformer(Baseline),0.3686049493377741
Partly Cloudy,Transformer(Baseline),0.791259043475316
Partly Cloudy,Transformer(Baseline),0.5903251155973024
Partly Cloudy,Transformer(Baseline),0.6413641496529952
Partly Cloudy,Transformer(Baseline),0.16364203375735897
Partly Cloudy,Transformer(Baseline),0.3523040193853255
Partly Cloudy,Transformer(Baseline),0.8586319574951045
Partly Cloudy,Transformer(Baseline),0.20519691852260458
Partly Cloudy,Transformer(Baseline),0.03761484632343226
Partly Cloudy,Transformer(Baseline),0.2914843313076556
Partly Cloudy,Transformer(Baseline),0.41983321035803556
Partly Cloudy,Transformer(Baseline),1.5493931914128876
Partly Cloudy,Transformer(Baseline),0.36054550726257517
Partly Cloudy,Transformer(Baseline),0.17226235245416532
Partly Cloudy,Transformer(Baseline),1.4775697931752472
Partly Cloudy,Transformer(Baseline),0.7235331261842521
Partly Cloudy,Transformer(Baseline),0.7575408471619971
Partly Cloudy,Transformer(Baseline),0.36533295332337445
Partly Cloudy,Transformer(Baseline),1.5200834899216664
Partly Cloudy,Transformer(Baseline),0.5576027732145192
Partly Cloudy,Transformer(Baseline),0.5230238051961256
Partly Cloudy,Transformer(Baseline),0.880651591549805
Partly Cloudy,Transformer(Baseline),0.7519389790342841
Partly Cloudy,Transformer(Baseline),0.7547637966002261
Partly Cloudy,Transformer(Baseline),1.0120000251601415
Partly Cloudy,Transformer(Baseline),1.418082573265539
Partly Cloudy,Transformer(Baseline),0.9362376628766254
Partly Cloudy,Transformer(Baseline),1.238145734406272
Partly Cloudy,Transformer(Baseline),1.353118646777519
Partly Cloudy,Transformer(Baseline),1.1332222407493502
Partly Cloudy,Transformer(Baseline),0.4408326368937576
Partly Cloudy,Transformer(Baseline),1.2964643275576186
Partly Cloudy,Transformer(Baseline),0.856648355150682
Partly Cloudy,Transformer(Baseline),0.05400254267845739
Partly Cloudy,Transformer(Baseline),0.5646671047894163
Partly Cloudy,Transformer(Baseline),0.9494176249315274
Partly Cloudy,Transformer(Baseline),0.5574512146731472
Partly Cloudy,Transformer(Baseline),1.3437209814674347
Partly Cloudy,Transformer(Baseline),0.060360116085943716
Partly Cloudy,Transformer(Baseline),0.013480260747996908
Partly Cloudy,Transformer(Baseline),0.5402352765046157
Partly Cloudy,Transformer(Baseline),0.07221854440723163
Partly Cloudy,Transformer(Baseline),0.626278885327082
Partly Cloudy,Transformer(Baseline),1.2428749722700356
Partly Cloudy,Transformer(Baseline),1.3485522917865502
Partly Cloudy,Transformer(Baseline),1.0448674295997566
Partly Cloudy,Transformer(Baseline),0.5306796939610354
Partly Cloudy,Transformer(Baseline),1.5516549750988151
Partly Cloudy,Transformer(Baseline),0.3406390324817643
Partly Cloudy,Transformer(Baseline),0.47653250542615666
Partly Cloudy,Transformer(Baseline),1.4217955949132914
Partly Cloudy,Transformer(Baseline),1.0780531698878306
Partly Cloudy,Transformer(Baseline),0.4983556246729197
Partly Cloudy,Transformer(Baseline),0.8038299628214602
Partly Cloudy,Transformer(Baseline),1.7301350214463618
Partly Cloudy,Transformer(Baseline),1.0372541048347008
Partly Cloudy,Transformer(Baseline),0.8997366554427568
Partly Cloudy,Transformer(Baseline),1.2648923100761778
Partly Cloudy,Transformer(Baseline),1.4276898090514107
Partly Cloudy,Transformer(Baseline),1.2841800396759226
Partly Cloudy,Transformer(Baseline),0.9661356106807593
Partly Cloudy,Transformer(Baseline),1.083914127772097
Partly Cloudy,Transformer(Baseline),0.9903373701514844
Partly Cloudy,Transformer(Baseline),0.8885576853912225
Partly Cloudy,Transformer(Baseline),0.7676737849217421
Partly Cloudy,Transformer(Baseline),0.6866048076653497
Partly Cloudy,Transformer(Baseline),1.0332122968878013
Partly Cloudy,Transformer(Baseline),0.8250412667072666
Partly Cloudy,Transformer(Baseline),0.01351181794263745
Partly Cloudy,Transformer(Baseline),0.4343715493627709
Partly Cloudy,Transformer(Baseline),0.04384612292822787
Partly Cloudy,Transformer(Baseline),0.47078278179110455
Partly Cloudy,Transformer(Baseline),0.47066179178211875
Partly Cloudy,Transformer(Baseline),0.17426735179335928
Partly Cloudy,Transformer(Baseline),0.02404557176919475
Partly Cloudy,Transformer(Baseline),0.009848106540433221
Partly Cloudy,Transformer(Baseline),0.18651768757365694
Partly Cloudy,Transformer(Baseline),0.05594456890638
Partly Cloudy,Transformer(Baseline),0.3021771362372494
Partly Cloudy,Transformer(Baseline),0.7951411935083534
Partly Cloudy,Transformer(Baseline),0.3115276850947293
Partly Cloudy,Transformer(Baseline),0.14525704488083413
Partly Cloudy,Transformer(Baseline),0.3988278382588799
Partly Cloudy,Transformer(Baseline),0.547632996629849
Partly Cloudy,Transformer(Baseline),0.04065881710807062
Partly Cloudy,Transformer(Baseline),0.11760861301083914
Partly Cloudy,Transformer(Baseline),0.02431410798188871
Partly Cloudy,Transformer(Baseline),1.1219851506298752
Partly Cloudy,Transformer(Baseline),0.2431093736459431
Partly Cloudy,Transformer(Baseline),0.4624916561326593
Partly Cloudy,Transformer(Baseline),1.0014004574407007
Partly Cloudy,Transformer(Baseline),0.4365970011634639
Partly Cloudy,Transformer(Baseline),0.9995091874439792
Partly Cloudy,Transformer(Baseline),1.2432709709153986
Partly Cloudy,Transformer(Baseline),0.9468761876224905
Partly Cloudy,Transformer(Baseline),1.1155070625717682
Partly Cloudy,Transformer(Baseline),1.2295647980943167
Partly Cloudy,Transformer(Baseline),1.3732417715001102
Partly Cloudy,Transformer(Baseline),1.1699277741938214
Partly Cloudy,Transformer(Baseline),1.4668625879966566
Partly Cloudy,Transformer(Baseline),1.0471123920272936
Partly Cloudy,Transformer(Baseline),1.1023220819444859
Partly Cloudy,Transformer(Baseline),0.9402680300441357
Partly Cloudy,Transformer(Baseline),0.932185723054948
Partly Cloudy,Transformer(Baseline),0.44742562341789593
Partly Cloudy,Transformer(Baseline),0.5662258373794486
Partly Cloudy,Transformer(Baseline),0.2605453073120394
Partly Cloudy,Transformer(Baseline),0.47922542840353444
Partly Cloudy,Transformer(Baseline),0.4123114682850346
Partly Cloudy,Transformer(Baseline),0.03451834669693987
Partly Cloudy,Transformer(Baseline),0.43602441324192753
Partly Cloudy,Transformer(Baseline),0.40931356292682075
Partly Cloudy,Transformer(Baseline),0.207059104367465
Partly Cloudy,Transformer(Baseline),0.15016672822826038
Partly Cloudy,Transformer(Baseline),0.34546685260230703
Partly Cloudy,Transformer(Baseline),0.1925656629193142
Partly Cloudy,Transformer(Baseline),0.2530379890250032
Partly Cloudy,Transformer(Baseline),0.5318330286080872
Partly Cloudy,Transformer(Baseline),0.2981948617820045
Partly Cloudy,Transformer(Baseline),0.08413737243717634
Partly Cloudy,Transformer(Baseline),0.23714482836232875
Partly Cloudy,Transformer(Baseline),0.32020845617739724
Partly Cloudy,Transformer(Baseline),0.049315727654574815
Partly Cloudy,Transformer(Baseline),1.0052578821160605
Partly Cloudy,Transformer(Baseline),0.9535136800010235
Partly Cloudy,Transformer(Baseline),0.47886478088028106
Partly Cloudy,Transformer(Baseline),0.7910775485718418
Partly Cloudy,Transformer(Baseline),1.109326383832176
Partly Cloudy,Transformer(Baseline),1.1653567770780873
Partly Cloudy,Transformer(Baseline),1.0641746034470678
Partly Cloudy,Transformer(Baseline),1.1443259522788853
Partly Cloudy,Transformer(Baseline),1.3778388521334146
Partly Cloudy,Transformer(Baseline),1.2732994785945637
Partly Cloudy,Transformer(Baseline),1.1998760731234086
Partly Cloudy,Transformer(Baseline),1.339632799463237
Partly Cloudy,Transformer(Baseline),1.5837328398689339
Partly Cloudy,Transformer(Baseline),1.6531583842096804
Partly Cloudy,Transformer(Baseline),1.6530336077765524
Partly Cloudy,Transformer(Baseline),1.6619968208179756
Partly Cloudy,Transformer(Baseline),1.4808032688139807
Partly Cloudy,Transformer(Baseline),1.505569973153344
Partly Cloudy,Transformer(Baseline),1.4773139578933208
Partly Cloudy,Transformer(Baseline),1.0092873133762197
Partly Cloudy,Transformer(Baseline),0.9435543239295381
Partly Cloudy,Transformer(Baseline),1.1410922438873463
Partly Cloudy,Transformer(Baseline),0.6432150306896389
Partly Cloudy,Transformer(Baseline),0.8112974838008178
Partly Cloudy,Transformer(Baseline),0.8329871212817643
Partly Cloudy,Transformer(Baseline),0.3054277320350387
Partly Cloudy,Transformer(Baseline),0.46302910734824465
Partly Cloudy,Transformer(Baseline),0.6488493140439004
Partly Cloudy,Transformer(Baseline),0.08358200474377853
Partly Cloudy,Transformer(Baseline),0.3419279194323046
Partly Cloudy,Transformer(Baseline),0.2952049136098509
Partly Cloudy,Transformer(Baseline),0.21573504580846148
Partly Cloudy,Transformer(Baseline),0.30164275314342603
Partly Cloudy,Transformer(Baseline),0.6212901870698815
Partly Cloudy,Transformer(Baseline),0.4280124430482708
Partly Cloudy,Transformer(Baseline),0.5036205945548495
Partly Cloudy,Transformer(Baseline),0.6747143004550473
Partly Cloudy,Transformer(Baseline),0.5859817120212725
Partly Cloudy,Transformer(Baseline),0.488730144172667
Partly Cloudy,Transformer(Baseline),1.1598988752742407
Partly Cloudy,Transformer(Baseline),1.12875963886888
Partly Cloudy,Transformer(Baseline),0.8927913946208825
Partly Cloudy,Transformer(Baseline),1.2817198614609975
Partly Cloudy,Transformer(Baseline),1.3665780361567812
Partly Cloudy,Transformer(Baseline),1.67882175462052
Partly Cloudy,Transformer(Baseline),1.4226556083625894
Partly Cloudy,Transformer(Baseline),1.4046337049818014
Partly Cloudy,Transformer(Baseline),1.693621347101284
Partly Cloudy,Transformer(Baseline),1.6517465926760746
Partly Cloudy,Transformer(Baseline),1.270592215873079
Partly Cloudy,Transformer(Baseline),1.4443340418998778
Partly Cloudy,Transformer(Baseline),1.4833692762753232
Partly Cloudy,Transformer(Baseline),1.3673051167498675
Partly Cloudy,Transformer(Baseline),1.2386930279554482
Partly Cloudy,Transformer(Baseline),1.3908845284649765
Partly Cloudy,Transformer(Baseline),1.098851869357155
Partly Cloudy,Transformer(Baseline),1.306445839820519
Partly Cloudy,Transformer(Baseline),0.8136916978483946
Partly Cloudy,Transformer(Baseline),0.625263322905889
Partly Cloudy,Transformer(Baseline),0.9738046122043809
Partly Cloudy,Transformer(Baseline),0.5306975050211271
Partly Cloudy,Transformer(Baseline),0.7798526483145132
Partly Cloudy,Transformer(Baseline),0.5781855696947922
Partly Cloudy,Transformer(Baseline),0.3317842177258221
Partly Cloudy,Transformer(Baseline),0.44037990984562825
Partly Cloudy,Transformer(Baseline),0.16761905602281146
Partly Cloudy,Transformer(Baseline),0.24828498005935984
Partly Cloudy,Transformer(Baseline),0.06673663240582428
Partly Cloudy,Transformer(Baseline),0.12568500299248342
Partly Cloudy,Transformer(Baseline),0.0062899771205096044
Partly Cloudy,Transformer(Baseline),0.2748621524680708
Partly Cloudy,Transformer(Baseline),0.29667669575166045
Partly Cloudy,Transformer(Baseline),0.5141830030666554
Partly Cloudy,Transformer(Baseline),0.44039001226921926
Partly Cloudy,Transformer(Baseline),0.5414137175002232
Partly Cloudy,Transformer(Baseline),0.4223243313019118
Partly Cloudy,Transformer(Baseline),0.5315842715397743
Partly Cloudy,Transformer(Baseline),0.8438340716342285
Partly Cloudy,Transformer(Baseline),1.1116201493959235
Partly Cloudy,Transformer(Baseline),0.7231025209389248
Partly Cloudy,Transformer(Baseline),1.2152507856295287
Partly Cloudy,Transformer(Baseline),1.0478901733134727
Partly Cloudy,Transformer(Baseline),1.3478402558728302
Partly Cloudy,Transformer(Baseline),1.292195186693208
Partly Cloudy,Transformer(Baseline),1.335177841536189
Partly Cloudy,Transformer(Baseline),1.5537577066872101
Partly Cloudy,Transformer(Baseline),1.5934794090179851
Partly Cloudy,Transformer(Baseline),1.4044294176007515
Partly Cloudy,Transformer(Baseline),1.3229771662594247
Partly Cloudy,Transformer(Baseline),1.2427183059096447
Partly Cloudy,Transformer(Baseline),1.4439104729212175
Partly Cloudy,Transformer(Baseline),1.32723559590716
Partly Cloudy,Transformer(Baseline),1.2128091050890042
Partly Cloudy,Transformer(Baseline),1.3017441067740467
Partly Cloudy,Transformer(Baseline),0.8935621323008576
Partly Cloudy,Transformer(Baseline),1.5266343372613935
Partly Cloudy,Transformer(Baseline),0.7124842633154298
Partly Cloudy,Transformer(Baseline),0.288087537509627
Partly Cloudy,Transformer(Baseline),0.880937776076312
Partly Cloudy,Transformer(Baseline),0.43898529183585744
Partly Cloudy,Transformer(Baseline),0.3891258286609034
Partly Cloudy,Transformer(Baseline),0.5710187715130512
Partly Cloudy,Transformer(Baseline),0.3242887268702468
Partly Cloudy,Transformer(Baseline),0.07084145599521996
Partly Cloudy,Transformer(Baseline),0.3937022114307318
Partly Cloudy,Transformer(Baseline),0.1017428022472906
Partly Cloudy,Transformer(Baseline),0.08054629102581856
Partly Cloudy,Transformer(Baseline),0.5729558608687721
Partly Cloudy,Transformer(Baseline),0.18578017956873083
Partly Cloudy,Transformer(Baseline),0.2519148167761145
Partly Cloudy,Transformer(Baseline),0.3322307685161938
Partly Cloudy,Transformer(Baseline),0.5537192807117695
Partly Cloudy,Transformer(Baseline),0.2220128263103991
Partly Cloudy,Transformer(Baseline),0.69062084420435
Partly Cloudy,Transformer(Baseline),0.21017233056598172
Partly Cloudy,Transformer(Baseline),0.40304611237531063
Partly Cloudy,Transformer(Baseline),0.9128773201571363
Partly Cloudy,Transformer(Baseline),0.9173484619876895
Partly Cloudy,Transformer(Baseline),0.5758558685869577
Partly Cloudy,Transformer(Baseline),1.144376222130644
Partly Cloudy,Transformer(Baseline),0.7866701902081541
Partly Cloudy,Transformer(Baseline),1.145761333211646
Partly Cloudy,Transformer(Baseline),1.2185298709453027
Partly Cloudy,Transformer(Baseline),1.0117281004951773
Partly Cloudy,Transformer(Baseline),1.2560854372400865
Partly Cloudy,Transformer(Baseline),1.3256735153173684
Partly Cloudy,Transformer(Baseline),1.105847388044485
Partly Cloudy,Transformer(Baseline),1.209992458178206
Partly Cloudy,Transformer(Baseline),1.1232932764741825
Partly Cloudy,Transformer(Baseline),1.26250160497045
Partly Cloudy,Transformer(Baseline),1.0391066449932111
Partly Cloudy,Transformer(Baseline),1.0469645127741973
Partly Cloudy,Transformer(Baseline),0.842664806498318
Partly Cloudy,Transformer(Baseline),0.9519714185809711
Partly Cloudy,Transformer(Baseline),0.9633570614803837
Partly Cloudy,Transformer(Baseline),0.5340936320259146
Partly Cloudy,Transformer(Baseline),0.3490818625110137
Partly Cloudy,Transformer(Baseline),0.4313786391517862
Partly Cloudy,Transformer(Baseline),0.23954853214522842
Partly Cloudy,Transformer(Baseline),0.46053140225099654
Partly Cloudy,Transformer(Baseline),0.6165986837350186
Partly Cloudy,Transformer(Baseline),0.0018643048044744148
Partly Cloudy,Transformer(Baseline),0.32668524779364105
Partly Cloudy,Transformer(Baseline),0.4388778158661335
Partly Cloudy,Transformer(Baseline),0.009119424423595035
Partly Cloudy,Transformer(Baseline),0.22593250171022383
Partly Cloudy,Transformer(Baseline),0.22476289079521194
Partly Cloudy,Transformer(Baseline),0.1604673748580776
Partly Cloudy,Transformer(Baseline),0.3237798538269363
Partly Cloudy,Transformer(Baseline),0.24269836618338125
Partly Cloudy,Transformer(Baseline),0.2704167568502349
Partly Cloudy,Transformer(Baseline),0.07974157810403248
Partly Cloudy,Transformer(Baseline),0.6187177741382968
Partly Cloudy,Transformer(Baseline),0.2125944321399551
Partly Cloudy,Transformer(Baseline),0.008302502514789367
Partly Cloudy,Transformer(Baseline),0.914665947562117
Partly Cloudy,Transformer(Baseline),0.6942715944069349
Partly Cloudy,Transformer(Baseline),0.5133739605428751
Partly Cloudy,Transformer(Baseline),0.802926252781095
Partly Cloudy,Transformer(Baseline),0.9249115502068328
Partly Cloudy,Transformer(Baseline),1.039623123594967
Partly Cloudy,Transformer(Baseline),1.0160911139451247
Partly Cloudy,Transformer(Baseline),1.1247233048702237
Partly Cloudy,Transformer(Baseline),1.2060727335550947
Partly Cloudy,Transformer(Baseline),1.2375316430937433
Partly Cloudy,Transformer(Baseline),0.6535578691030672
Partly Cloudy,Transformer(Baseline),0.7985220216156601
Partly Cloudy,Transformer(Baseline),1.0238358833481875
Partly Cloudy,Transformer(Baseline),0.9045819674436015
Partly Cloudy,Transformer(Baseline),1.4649805816427213
Partly Cloudy,Transformer(Baseline),1.2266955106706146
Partly Cloudy,Transformer(Baseline),1.3032176092668237
Partly Cloudy,Transformer(Baseline),1.1662967256117422
Partly Cloudy,Transformer(Baseline),1.8364364265046813
Partly Cloudy,Transformer(Baseline),1.4508401593537403
Partly Cloudy,Transformer(Baseline),1.521532844167508
Partly Cloudy,Transformer(Baseline),0.9126274176735709
Partly Cloudy,Transformer(Baseline),1.2206829448952927
Partly Cloudy,Transformer(Baseline),1.2372155334659602
Partly Cloudy,Transformer(Baseline),1.1216725520859931
Partly Cloudy,Transformer(Baseline),0.7728140386127542
Partly Cloudy,Transformer(Baseline),0.5934152795532093
Partly Cloudy,Transformer(Baseline),1.520992598656978
Partly Cloudy,Transformer(Baseline),0.537675107927214
Partly Cloudy,Transformer(Baseline),0.6592191408310271
Partly Cloudy,Transformer(Baseline),0.6364308478609928
Partly Cloudy,Transformer(Baseline),0.7748488814932308
Partly Cloudy,Transformer(Baseline),0.5728634611059249
Partly Cloudy,Transformer(Baseline),0.6057178872397451
Partly Cloudy,Transformer(Baseline),0.17533666584210295
Partly Cloudy,Transformer(Baseline),0.1270441422750821
Partly Cloudy,Transformer(Baseline),0.1783727533539654
Partly Cloudy,Transformer(Baseline),0.3682445930795346
Partly Cloudy,Transformer(Baseline),0.02803960310801301
Partly Cloudy,Transformer(Baseline),0.015407944690576159
Partly Cloudy,Transformer(Baseline),0.7965172773943259
Partly Cloudy,Transformer(Baseline),0.7795119763798759
Partly Cloudy,Transformer(Baseline),0.4292490552889774
Partly Cloudy,Transformer(Baseline),0.7452041525445381
Partly Cloudy,Transformer(Baseline),1.0368029689107807
Partly Cloudy,Transformer(Baseline),0.7325369961134314
Partly Cloudy,Transformer(Baseline),1.5015340934032047
Partly Cloudy,Transformer(Baseline),0.7727141044611123
Partly Cloudy,Transformer(Baseline),1.6790119574740956
Partly Cloudy,Transformer(Baseline),1.2119112531161331
Partly Cloudy,Transformer(Baseline),1.2637282653628592
Partly Cloudy,Transformer(Baseline),1.3408309687943412
Partly Cloudy,Transformer(Baseline),1.135570300385405
Partly Cloudy,Transformer(Baseline),1.4644588914802341
Partly Cloudy,Transformer(Baseline),1.5392142504851538
Partly Cloudy,Transformer(Baseline),1.4255742284101887
Partly Cloudy,Transformer(Baseline),1.400287664691227
Partly Cloudy,Transformer(Baseline),1.4133163481300484
Partly Cloudy,Transformer(Baseline),1.2990173729717842
Partly Cloudy,Transformer(Baseline),1.0846791189246345
Partly Cloudy,Transformer(Baseline),0.9417293217166403
Partly Cloudy,Transformer(Baseline),0.7165789071731207
Partly Cloudy,Transformer(Baseline),0.8521142316100923
Partly Cloudy,Transformer(Baseline),1.0305530568925145
Partly Cloudy,Transformer(Baseline),0.9941621389249478
Partly Cloudy,Transformer(Baseline),1.3795338673003714
Partly Cloudy,Transformer(Baseline),1.2889240234521724
Partly Cloudy,Transformer(Baseline),1.3001205559393192
Partly Cloudy,Transformer(Baseline),1.2551791745670773
Partly Cloudy,Transformer(Baseline),1.6699072456414612
Partly Cloudy,Transformer(Baseline),1.5400036164496758
Partly Cloudy,Transformer(Baseline),1.367570339520153
Partly Cloudy,Transformer(Baseline),0.8674206092373833
Partly Cloudy,Transformer(Baseline),1.282166031878642
Partly Cloudy,Transformer(Baseline),1.0464769151252256
Partly Cloudy,Transformer(Baseline),1.2449358918703446
Partly Cloudy,Transformer(Baseline),0.6634046200940382
Partly Cloudy,Transformer(Baseline),0.4821302193158452
Partly Cloudy,Transformer(Baseline),1.1807970562348125
Partly Cloudy,Transformer(Baseline),0.570946884738408
Partly Cloudy,Transformer(Baseline),0.8119321746676142
Partly Cloudy,Transformer(Baseline),0.6826908486453256
Partly Cloudy,Transformer(Baseline),0.6149078783392596
Partly Cloudy,Transformer(Baseline),0.5263616488870717
Partly Cloudy,Transformer(Baseline),0.5875858792778885
Partly Cloudy,Transformer(Baseline),0.29722087404664066
Partly Cloudy,Transformer(Baseline),0.22713313179671957
Partly Cloudy,Transformer(Baseline),0.0039766863785466455
Partly Cloudy,Transformer(Baseline),0.29950956499618187
Partly Cloudy,Transformer(Baseline),0.0852930247160657
Partly Cloudy,Transformer(Baseline),0.021810581511765292
Partly Cloudy,Transformer(Baseline),0.906393727697111
Partly Cloudy,Transformer(Baseline),0.926458317548061
Partly Cloudy,Transformer(Baseline),0.13430449932064192
Partly Cloudy,Transformer(Baseline),0.8870311903731398
Partly Cloudy,Transformer(Baseline),1.0108793013611113
Partly Cloudy,Transformer(Baseline),0.8706160690137779
Partly Cloudy,Transformer(Baseline),1.4446149468541627
Partly Cloudy,Transformer(Baseline),0.7572309823257584
Partly Cloudy,Transformer(Baseline),1.5116870493103498
Partly Cloudy,Transformer(Baseline),1.2495755795696066
Partly Cloudy,Transformer(Baseline),1.3195695808005716
Partly Cloudy,Transformer(Baseline),1.355865035203344
Partly Cloudy,Transformer(Baseline),1.1377757330190388
Partly Cloudy,Transformer(Baseline),1.4580853314520823
Partly Cloudy,Transformer(Baseline),1.475177339327809
Partly Cloudy,Transformer(Baseline),1.4204373225377092
Partly Cloudy,Transformer(Baseline),1.3432936671985214
Partly Cloudy,Transformer(Baseline),1.3629273476631738
Partly Cloudy,Transformer(Baseline),1.3375163237282681
Partly Cloudy,Transformer(Baseline),1.0001923447409529
Partly Cloudy,Transformer(Baseline),1.4184209923998248
Partly Cloudy,Transformer(Baseline),0.3190531024255314
Partly Cloudy,Transformer(Baseline),1.3266792734170592
Partly Cloudy,Transformer(Baseline),2.1346654537680854
Partly Cloudy,Transformer(Baseline),0.4680778234814902
Partly Cloudy,Transformer(Baseline),1.4657982905054396
Partly Cloudy,Transformer(Baseline),0.7120624807404781
Partly Cloudy,Transformer(Baseline),1.2318043680618551
Partly Cloudy,Transformer(Baseline),1.7122637295437464
Partly Cloudy,Transformer(Baseline),0.6126214858141186
Partly Cloudy,Transformer(Baseline),0.17665796625699492
Partly Cloudy,Transformer(Baseline),0.5402018110570541
Partly Cloudy,Transformer(Baseline),3.4903689033926
Partly Cloudy,Transformer(Baseline),0.2010841850763363
Partly Cloudy,Transformer(Baseline),0.03642722108082097
Partly Cloudy,Transformer(Baseline),1.546919303343099
Partly Cloudy,Transformer(Baseline),1.5185843210049974
Partly Cloudy,Transformer(Baseline),0.018058974242300962
Partly Cloudy,Transformer(Baseline),2.1552587555050593
Partly Cloudy,Transformer(Baseline),0.5588031604154011
Partly Cloudy,Transformer(Baseline),1.6107836942259866
Partly Cloudy,Transformer(Baseline),2.6485563948514432
Partly Cloudy,Transformer(Baseline),1.9363412711709316
Partly Cloudy,Transformer(Baseline),0.9309405006619507
Partly Cloudy,Transformer(Baseline),0.25332315095050717
Partly Cloudy,Transformer(Baseline),1.5394541573791614
Partly Cloudy,Transformer(Baseline),2.6090359511810846
Partly Cloudy,Transformer(Baseline),1.272540721983134
Partly Cloudy,Transformer(Baseline),0.9854085243179291
Partly Cloudy,Transformer(Baseline),0.028768623906241686
Partly Cloudy,Transformer(Baseline),1.7735579902727743
Partly Cloudy,Transformer(Baseline),0.5505732845677613
Partly Cloudy,Transformer(Baseline),0.9843036292325102
Partly Cloudy,Transformer(Baseline),1.2057042764217734
Partly Cloudy,Transformer(Baseline),1.0960228256815814
Partly Cloudy,Transformer(Baseline),0.7676763058225156
Partly Cloudy,Transformer(Baseline),2.985871707314116
Partly Cloudy,Transformer(Baseline),1.0135647004115036
Partly Cloudy,Transformer(Baseline),2.2373285002891876
Partly Cloudy,Transformer(Baseline),0.6268309404188113
Partly Cloudy,Transformer(Baseline),0.9827065792595455
Partly Cloudy,Transformer(Baseline),1.141632043566828
Partly Cloudy,Transformer(Baseline),0.3047850387362727
Partly Cloudy,Transformer(Baseline),1.361399670472812
Partly Cloudy,Transformer(Baseline),0.7848165139606129
Partly Cloudy,Transformer(Baseline),1.1187807081465753
Partly Cloudy,Transformer(Baseline),0.4780778954299558
Partly Cloudy,Transformer(Baseline),1.2013064577680277
Partly Cloudy,Transformer(Baseline),1.4294398950827336
Partly Cloudy,Transformer(Baseline),0.4791552803505015
Partly Cloudy,Transformer(Baseline),0.9481939513729856
Partly Cloudy,Transformer(Baseline),1.1067373877057243
Partly Cloudy,Transformer(Baseline),0.6324374748951893
Partly Cloudy,Transformer(Baseline),1.4401050226437935
Partly Cloudy,Transformer(Baseline),0.04627407025659025
Partly Cloudy,Transformer(Baseline),0.05492004891511648
Partly Cloudy,Transformer(Baseline),0.6476160470824119
Partly Cloudy,Transformer(Baseline),1.403536282817674
Partly Cloudy,Transformer(Baseline),0.569795897852515
Partly Cloudy,Transformer(Baseline),0.037930675027398664
Partly Cloudy,Transformer(Baseline),1.3278358950268885
Partly Cloudy,Transformer(Baseline),0.7472791715656601
Partly Cloudy,Transformer(Baseline),0.5451439393427489
Partly Cloudy,Transformer(Baseline),1.5925962470413175
Partly Cloudy,Transformer(Baseline),0.25363404124558997
Partly Cloudy,Transformer(Baseline),0.3235651830277604
Partly Cloudy,Transformer(Baseline),1.0310470536793837
Partly Cloudy,Transformer(Baseline),0.8048114966219693
Partly Cloudy,Transformer(Baseline),0.6100961338877866
Partly Cloudy,Transformer(Baseline),0.07403372637243777
Partly Cloudy,Transformer(Baseline),0.714640249465134
Partly Cloudy,Transformer(Baseline),1.5821213148493527
Partly Cloudy,Transformer(Baseline),1.8406796485695658
Partly Cloudy,Transformer(Baseline),0.6566258898239141
Partly Cloudy,Transformer(Baseline),0.09586913241446737
Partly Cloudy,Transformer(Baseline),1.34026491238021
Partly Cloudy,Transformer(Baseline),0.040027109133930594
Partly Cloudy,Transformer(Baseline),0.3621799683486344
Partly Cloudy,Transformer(Baseline),0.5998290201272027
Partly Cloudy,Transformer(Baseline),1.2648877950841673
Partly Cloudy,Transformer(Baseline),0.33003376036734444
Partly Cloudy,Transformer(Baseline),2.207861759550161
Partly Cloudy,Transformer(Baseline),0.26274620539814286
Partly Cloudy,Transformer(Baseline),1.2850024018952748
Partly Cloudy,Transformer(Baseline),0.7874312881292518
Partly Cloudy,Transformer(Baseline),1.0900439267300097
Partly Cloudy,Transformer(Baseline),0.9799183720432261
Partly Cloudy,Transformer(Baseline),1.3962480108988808
Partly Cloudy,Transformer(Baseline),1.363109959129317
Partly Cloudy,Transformer(Baseline),0.8201366894439017
Partly Cloudy,Transformer(Baseline),1.2820185534774717
Partly Cloudy,Transformer(Baseline),0.9869615931156948
Partly Cloudy,Transformer(Baseline),0.9165231673142973
Partly Cloudy,Transformer(Baseline),0.6846549289187389
Partly Cloudy,Transformer(Baseline),0.7465218846844788
Partly Cloudy,Transformer(Baseline),0.9122443676254011
Partly Cloudy,Transformer(Baseline),0.8056385008979996
Partly Cloudy,Transformer(Baseline),1.2594772942252845
Partly Cloudy,Transformer(Baseline),1.1327769973992723
Partly Cloudy,Transformer(Baseline),1.141031455642585
Partly Cloudy,Transformer(Baseline),1.1207191888591082
Partly Cloudy,Transformer(Baseline),1.6333469240382925
Partly Cloudy,Transformer(Baseline),1.4085683868658627
Partly Cloudy,Transformer(Baseline),1.350060784040041
Partly Cloudy,Transformer(Baseline),0.9208495578705094
Partly Cloudy,Transformer(Baseline),1.0961292313335722
Partly Cloudy,Transformer(Baseline),1.0547376298254587
Partly Cloudy,Transformer(Baseline),1.2419276966030317
Partly Cloudy,Transformer(Baseline),0.7751825283656224
Partly Cloudy,Transformer(Baseline),0.5525977846979195
Partly Cloudy,Transformer(Baseline),1.1829131006892446
Partly Cloudy,Transformer(Baseline),0.6549334922839485
Partly Cloudy,Transformer(Baseline),0.7661044856127361
Partly Cloudy,Transformer(Baseline),0.6271176650206094
Partly Cloudy,Transformer(Baseline),0.6631743485352679
Partly Cloudy,Transformer(Baseline),0.4531619147897672
Partly Cloudy,Transformer(Baseline),0.611241298978932
Partly Cloudy,Transformer(Baseline),0.4273636940979877
Partly Cloudy,Transformer(Baseline),0.146737816643558
Partly Cloudy,Transformer(Baseline),0.12261836288487515
Partly Cloudy,Transformer(Baseline),0.22086434924579734
Partly Cloudy,Transformer(Baseline),0.13777582000209065
Partly Cloudy,Transformer(Baseline),0.09931523102308049
Partly Cloudy,Transformer(Baseline),0.45410519445962905
Partly Cloudy,Transformer(Baseline),0.8016142950496423
Partly Cloudy,Transformer(Baseline),0.1632457905715583
Partly Cloudy,Transformer(Baseline),0.6935553321092556
Partly Cloudy,Transformer(Baseline),0.8803311834048841
Partly Cloudy,Transformer(Baseline),0.8237256188227704
Partly Cloudy,Transformer(Baseline),1.0915841470005319
Partly Cloudy,Transformer(Baseline),0.8630315756480407
Partly Cloudy,Transformer(Baseline),1.3539379705950019
Partly Cloudy,Transformer(Baseline),1.1772494542018368
Partly Cloudy,Transformer(Baseline),1.188733534527982
Partly Cloudy,Transformer(Baseline),1.3003193638232755
Partly Cloudy,Transformer(Baseline),1.1135953227564244
Partly Cloudy,Transformer(Baseline),1.42657526709222
Partly Cloudy,Transformer(Baseline),1.458447948221771
Partly Cloudy,Transformer(Baseline),1.3958791933901749
Partly Cloudy,Transformer(Baseline),1.3665521774880123
Partly Cloudy,Transformer(Baseline),1.4420699307694083
Partly Cloudy,Transformer(Baseline),1.3185160592164356
Partly Cloudy,Transformer(Baseline),1.1766654391249012
Partly Cloudy,Transformer(Baseline),1.0547902351479426
Partly Cloudy,Transformer(Baseline),0.5041000778190432
Partly Cloudy,Transformer(Baseline),0.5031318268039744
Partly Cloudy,Transformer(Baseline),1.4233046054898124
Partly Cloudy,Transformer(Baseline),1.240259577418696
Partly Cloudy,Transformer(Baseline),0.8141523373172346
Partly Cloudy,Transformer(Baseline),0.934514882005498
Partly Cloudy,Transformer(Baseline),1.428383201383367
Partly Cloudy,Transformer(Baseline),0.7395770927656979
Partly Cloudy,Transformer(Baseline),1.7105844182688141
Partly Cloudy,Transformer(Baseline),0.5222048819924492
Partly Cloudy,Transformer(Baseline),0.4813992067870263
Partly Cloudy,Transformer(Baseline),0.777538368317062
Partly Cloudy,Transformer(Baseline),1.0726547304347367
Partly Cloudy,Transformer(Baseline),0.7551436852409843
Partly Cloudy,Transformer(Baseline),0.09870551535470007
Partly Cloudy,Transformer(Baseline),1.0404873764083238
Partly Cloudy,Transformer(Baseline),0.8200119910080055
Partly Cloudy,Transformer(Baseline),0.5270021967587439
Partly Cloudy,Transformer(Baseline),0.8345940855132739
Partly Cloudy,Transformer(Baseline),0.4470961114913692
Partly Cloudy,Transformer(Baseline),0.42876610253757264
Partly Cloudy,Transformer(Baseline),0.8743263261567549
Partly Cloudy,Transformer(Baseline),0.23682718643842193
Partly Cloudy,Transformer(Baseline),0.13216686247496767
Partly Cloudy,Transformer(Baseline),0.4360405944055117
Partly Cloudy,Transformer(Baseline),1.1814530834569332
Partly Cloudy,Transformer(Baseline),1.6985649932674853
Partly Cloudy,Transformer(Baseline),1.0216800459564581
Partly Cloudy,Transformer(Baseline),0.716369905694453
Partly Cloudy,Transformer(Baseline),0.18560068287711573
Partly Cloudy,Transformer(Baseline),0.5027057485943764
Partly Cloudy,Transformer(Baseline),0.740590335505825
Partly Cloudy,Transformer(Baseline),0.4612978278072646
Partly Cloudy,Transformer(Baseline),0.5417420459145212
Partly Cloudy,Transformer(Baseline),0.9135638872156999
Partly Cloudy,Transformer(Baseline),0.31329169331312734
Partly Cloudy,Transformer(Baseline),1.7895041967122367
Partly Cloudy,Transformer(Baseline),1.2537231476558421
Partly Cloudy,Transformer(Baseline),0.45929509512289357
Partly Cloudy,Transformer(Baseline),0.8598257118934534
Partly Cloudy,Transformer(Baseline),0.8091520296411208
Partly Cloudy,Transformer(Baseline),1.1080962204981102
Partly Cloudy,Transformer(Baseline),1.2648823443922161
Partly Cloudy,Transformer(Baseline),1.0408890892191893
Partly Cloudy,Transformer(Baseline),1.222285448204949
Partly Cloudy,Transformer(Baseline),0.9319399010537479
Partly Cloudy,Transformer(Baseline),1.2066619154554128
Partly Cloudy,Transformer(Baseline),0.8087765096471631
Partly Cloudy,Transformer(Baseline),0.7968403925654861
Partly Cloudy,Transformer(Baseline),0.7661799473831971
Partly Cloudy,Transformer(Baseline),0.9674274575477415
Partly Cloudy,Transformer(Baseline),0.8851485468944666
Partly Cloudy,Transformer(Baseline),1.165022351107765
Partly Cloudy,Transformer(Baseline),1.1628356786602465
Partly Cloudy,Transformer(Baseline),1.203633187743157
Partly Cloudy,Transformer(Baseline),1.000297154026768
Partly Cloudy,Transformer(Baseline),1.0913021250628638
Partly Cloudy,Transformer(Baseline),1.3099367631190422
Partly Cloudy,Transformer(Baseline),1.0936214039671057
Partly Cloudy,Transformer(Baseline),0.9637375741564878
Partly Cloudy,Transformer(Baseline),0.8175640224412
Partly Cloudy,Transformer(Baseline),1.0730990921481425
Partly Cloudy,Transformer(Baseline),1.034892018784321
Partly Cloudy,Transformer(Baseline),0.5864882370863072
Partly Cloudy,Transformer(Baseline),0.3275427548827352
Partly Cloudy,Transformer(Baseline),0.6212221200002794
Partly Cloudy,Transformer(Baseline),0.7027027710070541
Partly Cloudy,Transformer(Baseline),0.28129027830093634
Partly Cloudy,Transformer(Baseline),0.694803245098047
Partly Cloudy,Transformer(Baseline),0.378649557901209
Partly Cloudy,Transformer(Baseline),0.2210704776384027
Partly Cloudy,Transformer(Baseline),0.2856973822556661
Partly Cloudy,Transformer(Baseline),0.1531159573868912
Partly Cloudy,Transformer(Baseline),0.3718278531231398
Partly Cloudy,Transformer(Baseline),0.20863152327972756
Partly Cloudy,Transformer(Baseline),0.3445698720779582
Partly Cloudy,Transformer(Baseline),0.3288926113252515
Partly Cloudy,Transformer(Baseline),0.2069758692374144
Partly Cloudy,Transformer(Baseline),0.6273740927965719
Partly Cloudy,Transformer(Baseline),0.6146337954623213
Partly Cloudy,Transformer(Baseline),0.2869500072766371
Partly Cloudy,Transformer(Baseline),0.5451354648413904
Partly Cloudy,Transformer(Baseline),0.48625386950412874
Partly Cloudy,Transformer(Baseline),0.7975710881986604
Partly Cloudy,Transformer(Baseline),0.9378363688636586
Partly Cloudy,Transformer(Baseline),0.5184939873401113
Partly Cloudy,Transformer(Baseline),0.913893744511439
Partly Cloudy,Transformer(Baseline),1.047838808759101
Partly Cloudy,Transformer(Baseline),0.8763124373709363
Partly Cloudy,Transformer(Baseline),0.9045272552861103
Partly Cloudy,Transformer(Baseline),1.0233451349385678
Partly Cloudy,Transformer(Baseline),0.9146246266743674
Partly Cloudy,Transformer(Baseline),1.2336269392821109
Partly Cloudy,Transformer(Baseline),1.1886776454822563
Partly Cloudy,Transformer(Baseline),1.0869107644227656
Partly Cloudy,Transformer(Baseline),1.0761199457549822
Partly Cloudy,Transformer(Baseline),1.0587202085792615
Partly Cloudy,Transformer(Baseline),0.9505769626591387
Partly Cloudy,Transformer(Baseline),0.8624781346748586
Partly Cloudy,Transformer(Baseline),0.5509435672921156
Partly Cloudy,Transformer(Baseline),0.6513971369085028
Partly Cloudy,Transformer(Baseline),0.3203560908727907
Partly Cloudy,Transformer(Baseline),1.2092549871172822
Partly Cloudy,Transformer(Baseline),1.0328251998644618
Partly Cloudy,Transformer(Baseline),0.5470040207982674
Partly Cloudy,Transformer(Baseline),0.46960715458934565
Partly Cloudy,Transformer(Baseline),1.3651976424597985
Partly Cloudy,Transformer(Baseline),0.8953120816239313
Partly Cloudy,Transformer(Baseline),1.2071875362717854
Partly Cloudy,Transformer(Baseline),0.6516093825826346
Partly Cloudy,Transformer(Baseline),0.9121156712071237
Partly Cloudy,Transformer(Baseline),1.271395009956997
Partly Cloudy,Transformer(Baseline),0.9276491877290578
Partly Cloudy,Transformer(Baseline),0.8158545859711062
Partly Cloudy,Transformer(Baseline),0.8332087749926274
Partly Cloudy,Transformer(Baseline),1.5544653516682647
Partly Cloudy,Transformer(Baseline),0.6723788273822411
Partly Cloudy,Transformer(Baseline),0.6608540365459241
Partly Cloudy,Transformer(Baseline),0.8405779536155471
Partly Cloudy,Transformer(Baseline),1.051453585277521
Partly Cloudy,Transformer(Baseline),0.8084094578416945
Partly Cloudy,Transformer(Baseline),1.1314053901780632
Partly Cloudy,Transformer(Baseline),0.11106935111918759
Partly Cloudy,Transformer(Baseline),0.6261496093655374
Partly Cloudy,Transformer(Baseline),0.5645613697849257
Partly Cloudy,Transformer(Baseline),0.02669108194706027
Partly Cloudy,Transformer(Baseline),0.47489549840555156
Partly Cloudy,Transformer(Baseline),0.633067684632028
Partly Cloudy,Transformer(Baseline),0.5956558927753512
Partly Cloudy,Transformer(Baseline),0.19660893525752954
Partly Cloudy,Transformer(Baseline),0.8977617557032289
Partly Cloudy,Transformer(Baseline),0.125107553287247
Partly Cloudy,Transformer(Baseline),0.862090892674857
Partly Cloudy,Transformer(Baseline),0.523783817015282
Partly Cloudy,Transformer(Baseline),1.4625822582812695
Partly Cloudy,Transformer(Baseline),0.2538697143308113
Partly Cloudy,Transformer(Baseline),2.160509142748044
Partly Cloudy,Transformer(Baseline),0.9129604938197602
Partly Cloudy,Transformer(Baseline),0.8897180604422061
Partly Cloudy,Transformer(Baseline),1.4486662506140977
Partly Cloudy,Transformer(Baseline),0.7254378516038784
Partly Cloudy,Transformer(Baseline),1.7225878564159256
Partly Cloudy,Transformer(Baseline),1.1836683045733523
Partly Cloudy,Transformer(Baseline),1.5790772880898993
Partly Cloudy,Transformer(Baseline),1.3339257444572779
Partly Cloudy,Transformer(Baseline),1.454634592187344
Partly Cloudy,Transformer(Baseline),1.0888586929787105
Partly Cloudy,Transformer(Baseline),1.1074130577373869
Partly Cloudy,Transformer(Baseline),1.0176091982209008
