Actual_Power_Fixed,Pred_Ridge,Pred_RandomForest,Pred_XGBoost,Pred_MLP,Pred_LSTM,Pred_CNN,Pred_Transformer(Baseline),Pred_PiT-Net(Proposed)
0.1238656141333333,0.862830849489574,0.1834926284766817,0.44206944,0.55973136,0.609083,2.0271828,0.9921797412129012,0.4349031052115622
0.1562347894,0.0,0.3894284165716023,0.2579536,0.0,0.4438125,0.87979686,0.411831440154648,0.1147921383712691
0.1698103209999999,0.5762714542082338,0.2426525990833291,0.4190193,0.6859235,0.6220076,1.5172287,1.0529675841599384,0.4812784571736985
0.1837947631333333,0.9866694385567542,0.4855933353815868,0.59495914,1.1745918,0.73448426,1.6384397,0.903239568425325,0.5075723136599138
0.1869108457333333,0.4156531452095595,0.5254518102784161,0.3474514,1.3473916,0.46084598,1.4057766,0.809685706647383,0.3680673058318576
0.1938264319333333,0.9616620275216314,0.1993622278033086,0.42972538,0.62966806,1.1892188,1.1768571,1.0658510929833378,0.4307344919769212
0.1973072041333333,0.4869689266447823,0.2426525990833291,0.37124956,0.6074327,0.65532684,1.4799112,1.0651661956788114,0.4939596377457424
0.2115639009333333,0.708265893981844,0.1687630864568812,0.36515012,0.9765706,0.8281944,1.4393679,1.0262758361733144,0.4524994736501715
0.2197958216,0.5824617503773412,0.2426525990833291,0.43943843,1.4256942,0.53997314,0.3798153,1.0988908980060164,0.5161593649815289
0.2320428501333333,0.0696596476380354,0.2388035831177704,0.6080193,0.81786585,0.71571237,0.8814065,0.8749635373856384,0.4457600268783102
0.2396085482666666,0.898088590985632,0.2135072845717676,0.39836162,0.15015452,0.08071084,0.3747991,0.7289717375860095,0.2290432966094954
0.2412761291999999,0.909891716786734,0.1744123136531103,0.39204043,0.45905998,0.0,0.0,0.7370214082278865,0.227128110763598
0.2457728435999999,1.111879096250334,0.1744123136531103,0.39417982,0.49431315,0.018622143,0.0,0.7536732358410041,0.2289748087172776
0.2606756168666666,0.6053659550293293,0.5033000410345524,0.4022489,1.0222625,0.8506297,1.7845703,0.8443460429907597,0.3860034397811348
0.2644001421999999,0.8063681528119273,0.1865736217608728,0.24060121,0.5892604,0.6692566,1.8340878,0.9069494553240568,0.3718011052215189
0.272064165,0.806055775368549,0.2426525990833291,0.38014546,2.1959398,0.7841039,0.8923636,1.0971670588548417,0.5435850704024959
0.2780723246666667,0.3602926541649294,0.1744123136531103,0.47207206,0.13947883,0.071529485,0.5333363,0.6656206616259716,0.2392874647462472
0.2997415445333333,0.1476635553129496,0.2816827679611773,0.59030044,0.7871079,0.5387009,0.0,0.7327648404775727,0.2868032209618014
0.3201519609333332,0.9012333313462766,0.1951901970258714,0.55617213,0.5647381,0.23228964,0.87604576,0.6828911606640189,0.2251846934737078
0.3226783068,0.8308575530507567,0.1744123136531103,0.39202765,0.6906101,0.014296192,0.0,0.7063437421225014,0.202739707847879
0.3259310558,0.5014847359995264,0.1744123136531103,0.5380524,0.07642827,0.10843711,3.9749334,0.691569355494616,0.2531785910210458
0.3414479286666667,1.0788877655598224,0.1744123136531103,0.39284223,0.4506553,0.032079324,0.20319189,0.7411189981320178,0.2163280331217826
0.3448089003333333,0.0,0.4852597558842754,0.52839077,0.6293582,1.5536207,1.320544,0.8819040627880989,0.4724645391113196
0.3489960316666666,0.4857600184280712,0.2426525990833291,0.3800123,0.6028637,0.6594417,1.5314049,1.1159390202052586,0.4926044963751689
0.3521819717333334,0.1136856638121109,0.7038299730899424,0.37597534,0.37970632,0.6976743,1.2764187,0.9939296773581257,0.323466945888169
0.3715160233333334,0.0,0.6788995651575817,0.7677447,0.6835141,0.65085435,0.80345094,0.9307550867853625,0.3584183533589
0.3901808218666667,1.2835412802206787,0.3894284165716023,0.5214543,0.39130712,0.30624124,0.25934732,1.4478491332990997,0.5095524761090832
0.3937373557333333,1.4932982184775,0.3894284165716023,0.4742752,0.47579405,0.3084888,0.12705337,1.4601520152911456,0.5142699543510186
0.3951085106666667,1.2890837944774567,0.4439151339157128,0.47546571,0.17926075,0.35635623,0.7993462,1.469779945969785,0.5181608390193845
0.4190043319333333,0.7636540978223508,0.6617822448223866,0.78200096,1.3135078,0.8037892,1.2237201,1.0665170861236608,0.6300658133840386
0.4397818715333333,0.6531062605994857,0.3894284165716023,0.5093117,0.114806905,0.2765717,0.99570644,1.318611313478845,0.5244820068867048
0.443933965,0.7538947655876578,0.2034292739325228,0.45671722,0.22775535,0.18007007,1.2732614,0.6808776495140237,0.23863579052109
0.4684724601333332,0.9091201008425588,0.2021535968056655,0.4933741,0.3942759,0.0,0.3700474,0.7960039338838847,0.2864471007150921
0.4695817482666666,1.2258970785662149,0.4192632197283322,0.66075015,0.46437725,0.46479815,1.2070794,1.3837573627200008,0.491992228772634
0.4722548237999999,1.0227214826214053,0.3894284165716023,0.39419746,0.093714215,0.24112514,4.26561,1.3734587413419486,0.5370677363739421
0.4730712208,0.4756762329110779,0.4370905828924653,0.5669692,0.21120693,0.11958538,1.1827826,0.8370582415605531,0.2078430874058983
0.4860520064,1.200697573265772,0.3894284165716023,0.49668378,0.5222677,0.26130626,0.05608751,1.378150491021731,0.4663107284704473
0.504328194,0.8337644655879282,0.702670583509992,0.8901952,1.3893502,0.67163855,1.6330887,1.302446961208055,0.7292580464550383
0.5094919105333333,0.4242398531785478,0.5823263717214456,0.5011274,0.63190275,1.028836,0.0,1.3755966003849365,0.6714587068101964
0.5157156062666667,0.535351053744715,0.7344314825045748,0.7548984,1.130044,0.78584146,1.9173821,1.1418524001027188,0.6710802389825083
0.5174933958666667,0.6346714132391394,0.4391585690037924,0.7945326,0.4618055,0.6531884,1.8386538,0.9461416312968016,0.2953425816323306
0.5203614733333333,1.497024694023721,0.3894284165716023,0.5214543,0.37071174,0.30306005,0.64207727,1.438972530514527,0.4933087883981693
0.5410976746,0.7150888843397821,0.7344314825045748,0.5563385,1.2954264,0.66110516,1.7609776,1.299897812557191,0.731140374146543
0.5611894152666667,0.8314633710579727,1.0429946424602192,0.58204836,0.43893084,0.5662666,0.8409138,1.6525436482833256,0.5995670876585278
0.5696052073333333,1.8098165348807012,0.7038299730899424,1.0454699,0.9365349,0.8177355,0.8540888,2.222762668103692,0.93372898614194
0.5844412485333333,1.993607994697844,0.7038299730899424,1.062725,1.0382776,0.8781644,0.7673971,2.239291282787716,0.9393683563404966
0.5936464674,0.765995578575441,1.170845125176459,1.0176234,0.5633878,1.2457237,1.6861563,1.7001553231909214,0.6910482060536195
0.5992089094666667,0.0572516662376101,0.7038299730899424,0.47594118,0.76286894,0.32219288,1.4603056,0.8558394719421943,0.3182359991167052
0.6068235674000001,1.8467938376264068,0.7814456258202278,1.2501193,0.71161324,0.86572707,1.353175,2.2716093804311424,0.95517476505916
0.6283290276666667,1.151601818959626,0.43194292990278,0.48588935,0.2271533,0.4608982,1.6340818,1.3640530503089745,0.52679595594789
0.6325693125333333,1.3585451278005176,0.4328972957953246,0.59750396,0.35411754,0.38704538,0.7202854,1.558465647062255,0.616254980819746
0.6472740456,1.6425694035744014,0.7038299730899424,1.1519676,0.9689711,0.5815153,4.558958,2.0961348916205766,0.949416937688504
0.6534203550666667,1.1713341387839338,0.7038299730899424,1.0174218,0.7083719,0.631247,1.5846268,2.020803642345299,0.9497211963458634
0.6794526421999999,1.6570869666113743,0.7038299730899424,1.015854,1.1245621,0.7213491,0.6906585,2.1318491036418163,0.8682534132235088
0.6945077878,1.6840999157582404,0.7450003838853926,1.4804252,1.1105367,0.9479979,1.7906498,2.145465753381913,0.883190276210692
0.7006897932215748,0.2425672257492402,0.6448585113648337,0.37746787,1.3129663,0.9211746,0.9969069,0.967990008833804,0.5496734517052388
0.7144717765999999,0.0,0.1864706353767589,0.44001922,0.10410463,0.17942247,0.42240953,0.5379063132010913,0.2196876280512796
0.7181616670666666,0.0,0.4796740638372944,0.3905822,0.0,0.19559681,0.0,0.6960999425906447,0.2141746879034049
0.7276755719333333,2.0589578530416413,0.7038299730899424,1.0979025,0.9236489,0.8127316,1.2410015,2.226419055693245,0.9129370094058238
0.7361291879333334,1.6502224630950846,0.6075021540540324,0.93071693,1.1471235,1.2108874,2.6377497,1.866787537213279,1.0651879363526384
0.7392375944666667,1.494304116673258,0.5897954484010668,0.8808151,1.0686604,1.2371922,2.876726,1.8146371508180883,1.0072216782861754
0.7641277122724305,0.7227226151572588,0.6943068394971674,0.57284945,1.7038956,0.94367313,0.5472206,1.070581562391698,0.5814210095342008
0.7642899312,2.217857441917665,1.170802711768237,1.2006332,2.0942645,1.5633612,2.1180837,1.873937912262344,1.272289829828164
0.8000328398,1.6820582978645089,0.6328963139657181,1.142503,1.3098656,1.3770354,1.8442196,1.9498496951910933,1.0602176481234644
0.8121914182666666,1.479255722502879,0.546807084594884,0.8623753,1.6564754,1.4494594,2.1246746,1.9500231513157145,1.126541880326234
0.823575407,0.2752057738213137,1.1371301010688468,0.9607415,0.94446,1.1560934,1.1517278,1.626503353438843,0.7398617376613189
0.8244650623333335,1.2746327373551385,0.6148931934823244,1.0370139,1.5063198,1.3696393,1.4890784,1.771636057345426,1.1103701656634508
0.8539679066,1.720936551006609,0.7643197261321636,1.1086112,0.84334,0.9072254,2.097841,2.114402277400348,0.9536102587090656
0.8541934388666667,1.1988627461920436,0.7344314825045748,1.0827236,1.2140969,1.2488279,2.1615677,1.948468988744609,1.1602600954289128
0.8601608848,1.315454675771075,0.7344314825045748,1.1399932,1.3289922,1.263304,2.2255921,1.910017102471491,1.1412211712207188
0.8808810581333333,0.3231342426968492,0.449770293066913,0.57414144,0.11632865,0.26608646,2.035009,0.7796860923403212,0.2422878175317008
0.8938782327934303,0.83305438034776,0.703196868993463,0.57380533,2.4847617,1.0169553,0.75099754,1.1672223648670197,0.6212416880662772
0.9104707963333332,0.9689269880462094,0.7762726327965583,0.7101919,0.74600136,0.40950665,1.728489,1.5434240500669094,0.4846675765710758
0.9355331322,1.4493944707565207,0.7344314825045748,1.0390018,3.0661337,1.5336468,1.3562273,2.0026530145366177,1.262791547382797
0.9369086664221508,0.9623899725997128,0.7582476482916325,0.8865688,1.9196634,0.86945534,2.5272753,1.2440733054398627,0.662840847220349
0.9385854218666668,1.2730722931802805,0.7344314825045748,1.0596093,2.2361164,1.1541406,0.37011677,1.9687763068159887,1.2403451458544152
0.9387258198,0.9674552386737516,1.2562362477604456,0.8070765,2.269233,1.1538569,1.9487556,1.7537128983460626,1.016556206990973
0.9399149484,0.8990068337810847,1.1649523404934383,1.0256947,1.2451547,2.1368408,1.9227468,1.788825103015301,1.1803832106257186
0.9438472078,0.5773020048447555,1.170845125176459,1.1564142,0.9414451,0.56555593,1.8602225,1.5128843172069018,0.7000701323871246
0.9540473753333334,1.9361489249059889,0.7675541219718007,1.1945566,0.982387,0.8432424,1.210796,2.3951382809300177,1.0925840430733609
0.9749487244666666,1.233722139434786,0.7344314825045748,0.9483409,1.258464,1.2913717,2.196499,2.037976483512414,1.1670877785118543
0.9920451959333332,1.581630098164811,0.6185890607111139,0.840135,1.1650857,1.3283042,2.4871583,1.746817982016352,0.976290972074356
1.0128624491333331,1.3538316158381178,1.203293999423034,0.87874204,1.7986082,1.6325291,2.3963711,1.7960487603415554,1.028826503294707
1.0282454550792182,1.5069992539764914,1.5896714278248183,0.87778705,2.354588,1.6043239,1.3191698,1.5754763623260073,0.908039090422671
1.030313128395574,0.9423016774849688,0.6292253266612358,1.1106321,1.3136388,1.837465,0.32619178,1.3160583141979114,0.7422155021342609
1.0706049005333331,0.0,0.8373280697209599,0.7055286,0.45064154,0.49700737,0.12301116,1.3477987269949656,0.4972924664107116
1.0713995994424648,0.5005467784951053,0.2426525990833291,0.40965843,0.6420541,0.587385,1.3135707,1.112527578193027,0.4880814745921902
1.1280108880666668,0.1337944755135734,0.3959847293950196,0.88975954,0.081456795,0.28987998,0.666609,1.1076578198033384,0.4621626621644705
1.1304788044666665,0.7391123540098997,1.006135085866961,1.2811326,0.8926952,1.765403,0.008194531,2.1765563622600657,1.2685021611116816
1.146381543147469,0.3984839697447285,0.7922384840239537,0.8389779,0.9619703,0.92708015,1.6204513,1.3008180508216989,0.7274590247352836
1.1560480122666668,2.499997700552111,1.170845125176459,1.3535286,1.3902981,1.3425806,1.5052806,3.108386309607965,1.582335828069405
1.206769907133333,2.6619862711816404,1.170845125176459,1.354985,1.5510532,1.4293728,1.4710523,3.124488523809901,1.5852242387096318
1.2122008617150433,0.8357612640551041,0.791008518548021,1.0954691,1.621878,1.2970895,0.93428236,1.555266743631204,0.8825137798446454
1.2349339112,2.226250305163634,1.4374157953342537,1.1798912,2.3042793,1.6234846,1.7834451,2.0516523392047934,1.4489838983510592
1.2567945914,2.6058828464908608,1.281909709596003,1.5396581,1.3126848,1.4090142,2.025962,3.1965177838353025,1.6134638881609804
1.2594260852,1.8037224718505789,1.170845125176459,1.6750412,1.3448005,1.0480566,2.2805839,2.866288827892226,1.588006324899084
1.2722712822666666,1.2432686248853566,1.846447747209773,0.0,0.9856002,1.7718489,2.1359787,2.480853487088094,1.2630863352618642
1.2800893038666663,2.3236601106751293,1.170845125176459,1.577707,1.819858,1.022073,5.0621037,2.950915986489523,1.565251387113442
1.2905645910666663,2.383339826085567,1.170845125176459,1.3661786,1.4724686,1.1918191,1.4176447,3.010958799192275,1.5009018579480258
1.3433188260421014,1.2812901534059558,0.810235130041489,0.9412434,1.4916195,1.0160073,1.6216094,1.4204506241036128,0.9718062947084848
1.3545760276,2.7685525644860576,1.170845125176459,1.3989205,1.3687048,1.3285248,1.9162258,3.110451561276261,1.56023933533036
1.3634412021333333,1.5875982821673993,1.6842936666366637,1.248692,0.98291916,1.0464609,1.2881649,2.5575235041020217,1.1901017542238177
1.3998320148786043,0.5575717202833943,0.5476636661630953,0.51015437,1.0924504,0.92919636,0.0,0.7779367010590759,0.2797349277525446
1.4015552113999998,2.177225010294605,1.235807344592114,1.6873957,1.5644137,1.5165508,2.357914,2.962486744227965,1.47618878348911
1.4052529375872596,0.2177233619389392,0.4858855709179041,0.529425,0.30878514,0.7625812,0.012008592,0.6654680073801967,0.1953380834689543
1.4294755579333334,1.578164622837084,1.5760701090514142,1.339078,1.9742389,1.5725869,2.564822,2.1274604242525506,1.4796343213510728
1.4338054687004984,0.4562694746720646,0.5458682578887435,0.5320213,0.96051574,0.76535213,0.24083315,0.7550804345573634,0.2562941349567852
1.4364214075333332,0.7986647963223776,0.7955919750433295,0.5971339,0.56852233,0.29669175,2.5944698,1.4650450936966608,0.5729996146965486
1.4447089423803838,0.519334726845438,0.6768170898774467,0.5133032,0.5499169,0.7405095,0.086122915,0.7811686740650695,0.2591880164996314
1.4567404158666666,2.01020400048434,1.5090199962346718,1.5650444,2.4932728,1.4603318,2.3436704,2.348400433122668,1.592650473375916
1.4851102044,1.6578598892322525,1.5760701090514142,1.554357,2.2860963,1.422638,2.4079823,2.28215338567654,1.567709213389747
1.503982577733333,2.653344605966451,1.2636767772356694,1.7645106,1.5539669,1.2434897,1.8116131,3.3258095808584875,1.7847619742009937
1.5080723613333331,2.4472014550425656,1.262405534934848,1.4603469,1.4467194,1.4407539,2.5635262,2.9721528329272804,1.5876098018292375
1.5178085713263147,0.0,0.3777601811857338,0.5154492,0.3161018,0.18794659,0.0,0.5632270696497618,0.246209566038785
1.5369043274,0.6536897576197402,1.8010476410363012,2.1753974,1.3265541,1.721829,1.4468193,2.416166596348581,1.3140645788084824
1.5545077320666667,1.6967567441246985,1.291509301951415,1.2426867,1.141109,0.8444839,2.2574055,2.3729020589985192,0.9750632878983244
1.555382544199424,0.8140602615449903,0.53333994775146,0.70869994,0.6657665,1.1482668,0.0,0.7469559439218535,0.3758016293740585
1.5618633742666663,2.005662974156761,2.7327930971895027,1.7826033,4.7078204,1.0415391,2.6123402,1.8649837539280223,1.0959723802942023
1.5769341030549964,0.0,0.5520666885117737,0.40781203,0.7967084,0.43693805,0.0,0.7383663705498348,0.3004246943616717
1.6353113229333334,1.217160614373159,0.779573260688911,0.47048172,1.0346264,1.0745813,2.3771322,1.7216566961136368,0.6348439143394398
1.655609603351601,0.3309729175025248,0.5427592029816816,0.6254564,0.8200592,0.7974867,0.5710032,0.904830866341644,0.3623344470601141
1.6617059754666668,1.152657996754056,1.846447747209773,1.5144556,1.348198,0.8840001,2.1656682,2.3012683854926417,1.2894217511510953
1.6645617981463727,1.4886291821742066,1.481224456860201,1.8657644,2.0887144,1.9768034,1.5765661,2.058684125349534,1.4606292153396954
1.7162243196582276,1.9924960482114136,1.5896714278248183,2.2699125,2.6574554,2.0288835,1.237908,2.199475880211466,1.5191698847286423
1.7554841682666666,2.120057313596297,2.191459631565312,3.2522721,2.319103,2.9114342,2.6533709,2.8157390046765896,2.173633069663868
1.7803154134666668,2.452796451548096,1.250457322544815,1.8286943,2.5087411,2.3769817,2.8312783,3.1204733749531925,2.1011079439512947
1.7904963055999998,2.508003204572514,1.380869109915413,1.7936844,2.1066766,2.1206098,3.28214,2.956991538415588,1.9623715098164247
1.7946955901333332,0.0556675179991105,0.7061031334250736,1.3331487,0.7259513,0.2817307,1.1497892,1.6877594638466729,0.8244973379385103
1.826070377666667,2.444115771919856,1.3483778222606158,1.7075151,1.9836824,2.2571006,3.5522678,2.90925646279617,1.9222540349635768
1.8400008585333327,2.615873481683037,1.4115568710592317,2.0301554,2.3658574,1.8861107,2.4648497,3.027321706911683,1.9647959261866723
1.9074546429333328,2.1142709271764626,1.5760701090514142,1.9771907,2.1872249,2.2951975,2.8854697,3.048439921275298,2.0889060804521797
1.914664671933333,2.254043468634395,1.5760701090514142,1.8532019,2.3575065,2.3119962,2.8399446,2.977135209804847,2.065521213469141
1.9681513672666668,2.69129032814832,3.316051845777156,1.1844487,1.9545748,3.4655783,3.2310896,1.9048340146732088,1.090616318257357
1.9694053378000005,2.176265857307538,1.5760701090514142,2.20146,2.3171206,2.34039,2.8338788,3.17773151341474,2.1073598361375248
1.97630659,3.4920680225446623,2.212662222629937,2.9277048,3.1069686,2.6130059,2.9618125,2.9192944631238977,2.339498499219669
1.981270856079084,2.2554558638148734,1.6603049663336689,2.2654293,2.7974415,1.9154766,3.298101,2.394633446532664,1.6250770591791717
1.981498528661195,2.0932479317057444,1.574392092463658,2.2515838,3.263358,2.1046875,1.4820765,2.3261988530090605,1.5607230989240537
2.003000417533334,2.2927300723520085,1.5760701090514142,2.1960986,4.2647996,2.656594,2.0626922,3.142155910401513,2.2517096890331416
2.017731826133333,0.4087254330015968,1.3647455814202851,1.3917915,1.1499851,0.946336,0.69741327,2.112141414676949,0.9887558527300264
2.030176691,1.3711306851279006,1.3181074922941487,1.3919272,0.99814725,0.53965217,3.2001417,2.2508403674794795,1.135288102229737
2.0313656649333334,2.2039383565330213,3.222401381864275,1.2295648,1.6581938,0.8628831,2.8914433,1.9882472214933584,0.940494149315268
2.058902231533333,1.1925888911718832,2.662632179466559,0.6718862,2.2702205,2.444016,2.2606611,3.1409805546328373,2.0831244570911367
2.0617810753333337,1.9976494143787096,2.3310759078806997,2.0493863,3.2318296,2.027375,2.5579662,2.7789949671139893,2.007343805236034
2.0651037762070263,1.339704200915131,1.26607424403442,1.1157944,1.181292,1.6156794,0.613809,1.4442892631786566,0.6601425814090142
2.067830618,2.0897536004592294,1.5760701090514142,2.2034705,3.3701403,2.1356633,1.0744992,3.113717136452708,2.245564675650688
2.0703217916666667,2.125762573641375,2.808021358281852,1.3535973,3.1047733,1.8119794,3.3070571,1.770033139593786,0.9697715496456728
2.0732771370666665,3.244263850705414,3.4929494882177266,3.1491203,3.3152797,4.0202975,3.404477,4.027356880315043,3.4022044633012403
2.073894390418498,1.5458584191042632,1.7061273717300602,2.2666357,1.6828514,1.7513522,2.3213437,2.3822325247586584,1.6843262471447706
2.074086702678384,1.27987679106466,0.7344314825045748,0.9488541,1.3195072,1.1871308,1.9566444,2.035508665742123,1.1478508160105207
2.098440165696172,2.92307254693082,2.835503968322352,2.3307848,3.0953429,2.7347748,2.247758,2.916480867644881,2.137560324540837
2.113084479410216,2.3210001253745656,1.3900320452993389,2.2269173,2.1929924,3.12312,0.9516605,2.360925923751064,1.7227405142472885
2.1299731366,2.6234729321625263,2.2527589541397397,2.017807,2.6752176,2.5914607,3.3790321,2.8210162449596123,2.016123123424608
2.1474872415333333,1.4943932417568586,1.6665136038653776,1.86799,1.498738,2.6183293,0.8761057,2.988415078431064,2.098689691294284
2.153881905,2.5551251120326177,1.4033435423242948,1.6803039,2.1095304,2.3710897,3.1920323,2.8181443181865173,1.8714208720302543
2.1659279323333336,2.521023015500119,2.846738445692637,1.6116407,3.4595973,1.0865346,2.5283449,1.96815348760922,1.080533449292313
2.178301406733333,2.55092040879534,2.0374315195208785,2.2610595,1.8722141,1.5552996,2.8679526,3.355627034402317,1.7359453043453013
2.214436983866667,2.4722934549151803,2.5306523284612177,1.6088715,1.9298615,1.6722599,2.2284644,3.4784460869578795,2.0113169655505687
2.2211785724666666,3.343046530730021,1.846447747209773,2.3905463,2.1726646,2.2486029,2.199638,4.10258022957098,2.4608832895889803
2.221882438533333,1.1201784409525457,2.106477280506002,2.0716608,2.0664983,1.6549238,1.503358,3.051245583617918,1.7395614658874066
2.2405744635333336,2.5893003496850664,1.846447747209773,2.3073778,2.1511397,1.75618,3.0339718,3.8409764975707255,2.4664035644415088
2.2536596852,3.5123505525873244,1.846447747209773,2.3076806,2.3900914,2.322468,2.1761205,4.113405397582242,2.47255986720195
2.2706504774000003,3.2941739608472567,1.846447747209773,2.2777085,2.1641932,1.9898916,2.1800365,3.970656674919247,2.372679354525214
2.2899227375333333,1.8688228779338216,1.29386404362987,1.234706,1.4405891,1.7253041,2.8615854,2.652390452096164,1.2000017926816662
2.3184151039333334,3.058778341868361,1.846447747209773,1.8612274,2.894527,1.6127762,5.437891,3.960408329950887,2.4532121434056178
2.3242129543333334,2.7550664071778868,2.575873187882092,1.414078,2.3369968,1.8559054,2.8296025,1.6968459530282538,1.0233420073151809
2.3322269669333333,2.099284055257145,2.7149335988584222,1.1429276,2.074062,2.4474926,3.0568995,3.300997560064118,2.031146607700818
2.338641055,3.518500961779918,1.9968675546909904,2.6265836,2.2216074,2.3335128,2.6607378,4.280986455179187,2.5187676189197377
2.339397471143314,2.413958346551484,1.7354101427110151,2.352204,2.4014616,2.0444326,1.9607787,2.545494958437628,2.037188268748124
2.344696957713561,2.0492684560615,1.7039516339941256,2.4973938,2.3386211,2.1294518,1.7942004,2.7337826094771702,1.9484652123918675
2.359960888533333,2.833120635574645,2.9151383271626843,1.7545751,3.9058483,2.7294178,3.3487866,2.2003687463105024,1.2767475499642922
2.3794953016666667,3.609560223322721,1.846447747209773,2.2786474,2.1830153,2.2068872,2.5363443,4.087083193310612,2.4432390798972343
2.444967153,3.534775211964643,1.975209795691805,2.6585424,2.4627051,1.9707093,2.3753662,4.40728225223602,2.7105205517204407
2.461020785538008,0.7359641206290443,0.965486410123616,1.3406458,0.8667001,1.4189373,0.4435981,1.454500117467114,0.5725474187406717
2.4619073541333334,3.602938183583622,2.5329371060963606,2.3913221,3.3709266,2.53031,2.7845943,3.1114038863651574,2.5440059956231025
2.492379992063648,1.3296858217431102,1.26607424403442,1.475421,1.1111771,1.3584538,0.58649594,1.6751505133995546,0.7459957849020193
2.4975035754,2.837560438454333,1.9503499151526529,2.8593786,2.3300319,2.38844,2.925486,3.956699464626115,2.30474784682977
2.5031196929333333,2.1886530889160665,2.0675150942091616,2.2638638,1.679872,0.80395323,3.746004,3.201934234261373,1.9699433031770093
2.509125248266667,3.2776880340359225,1.980433489840936,2.6264975,2.3396559,2.3083854,2.952183,3.901585540833616,2.439837708101188
2.5306102358,0.3698256984877945,1.1729274047198623,1.5238479,1.3087698,0.45077989,1.6193906,2.325068516873149,1.3689198637700255
2.5490918444,2.214406800925998,3.2935408033335785,1.6431555,2.1370082,1.9152607,8.638666,2.289090029913021,1.3486670174625293
2.565983763339133,0.9778160148976608,1.0549666221792,1.2759763,1.4330758,1.3493286,0.68648887,1.5856851874912978,0.6941028716186711
2.578154162133333,2.6962817845968914,3.8209040825518095,1.526478,2.460096,2.6966295,3.6419456,2.426370312782768,1.178102860127769
2.638440759925064,1.1227412999681516,1.0510401913597691,1.3109084,1.7344426,1.6824418,0.0,1.6210163038476086,0.7375442857147736
2.659608760733333,2.85910738124243,2.726710407669061,2.2726142,2.8165336,2.5027947,3.544559,3.079422236193679,2.5370130103151936
2.7026831860666665,3.111770975711416,2.726710407669061,2.299747,3.2879174,2.5382578,3.360596,3.235239698324346,2.658222838008766
2.7038901762666665,3.281005636280699,2.6162029777572378,2.507871,3.5408463,2.441405,3.349454,3.361515335810444,2.6919490753568223
2.7193745816000003,1.8736016830246376,2.7149335988584222,1.6655675,2.2800868,1.3285183,2.973242,3.010562827471248,2.076050232530673
2.7258573902666665,2.49077514216784,1.3035630692660534,2.3388515,2.2091944,2.1505024,2.3433259,2.741535602223744,2.0330209418663023
2.7265820034275987,0.9328865618867606,1.0520856517789523,1.4319484,1.3240777,1.3306928,1.1979059,1.740368193425056,0.8902181961199673
2.749186966126531,0.0505666588199303,0.6808247040317837,0.92674595,1.0248274,0.29310504,0.0,1.1241259209658627,0.6513903770753681
2.762226166679829,1.302973698384709,1.0314142554202648,1.4123927,1.3613942,1.6324219,0.0,1.4992812807909313,0.9432646701113097
2.7815040061601457,0.3405450735983748,1.0500780162316974,0.61291254,1.4569228,0.36038613,0.0,1.4376060562131714,0.7557640699752425
2.781630481733333,2.5402298955535416,2.0373817525519997,2.4158728,2.2837691,2.4751058,3.3491755,3.751993018649876,2.00345408492452
2.783474367,3.679422502773614,2.985777822301208,3.5164557,3.0117836,2.4000206,3.851805,4.311723205552992,2.738714549129152
2.929777440009571,3.413485293183584,2.835503968322352,3.1761696,3.5094879,3.2304182,2.3277109,3.518319536712601,2.907686717367341
2.959767433430207,2.938741059327554,2.669099878210003,2.8325899,2.7651136,3.1618595,2.586419,3.346682524345044,2.796312249598077
3.0342501009333334,0.7946014892129054,1.847474102563351,1.9336509,2.1819909,0.77917707,2.1822896,3.0626171697169746,2.131477673411959
3.034352160576334,3.561754379423948,2.7822507307470867,3.2031884,4.0318675,3.2654178,2.5753725,3.645350209426708,2.9161409660371147
3.0661541324,3.5129042207697827,2.28444372292354,3.3354867,3.5369608,3.421341,3.86712,4.230452909648302,3.2572485936004925
3.080415375133333,3.4952244145052025,3.572578005174308,2.9005868,2.6273553,2.5594425,3.209381,4.643770974547797,3.112712948378504
3.120726577133334,3.726008352560136,2.489271017259859,2.9863114,3.2529085,3.1804848,4.283861,3.915105152499672,3.057821122763422
3.173270216466667,3.304718986492455,2.726710407669061,3.1573784,3.2987003,3.3708699,3.9820662,3.9823912859162007,3.2117519381895594
3.2089429968666665,3.74183650296121,2.513031014392657,3.3355937,3.5954113,2.4430544,3.5398378,4.089819740086948,3.073818109508466
3.2160410200666667,3.589942849776833,2.4491742857500567,2.7540512,3.0453057,3.3843005,4.5461063,4.033893754302081,3.047989060902358
3.2188770130858777,2.258138913315886,1.5760701090514142,2.1918716,2.3811338,2.2011626,2.6336315,3.163862698997363,2.0755985686505647
3.238477503914928,3.70824516230182,2.9007935828558358,3.1660044,3.6533895,3.0802567,4.358815,3.696109608310056,3.002445158178781
3.2464592172,3.3712881815545965,2.726710407669061,3.2438858,3.5132499,3.4744096,3.9458647,3.975447149674791,3.1885842189330136
3.261215198466666,3.3050839953650857,2.726710407669061,3.325884,3.4953914,3.4630082,3.8989503,4.08703675345761,3.2393630935124462
3.281243152933333,3.3142239173575208,3.6571287897521865,3.4535139,4.2446494,3.4001496,3.1488457,4.08692816114739,3.318813552615889
3.341596422466667,3.1450890337203643,3.014459634943316,3.5623,2.7926333,1.1824267,4.752563,4.142658130169455,3.016040234609713
3.347750983357656,2.18122996510813,2.132236553471431,1.9395514,2.2046165,2.474379,1.5415659,2.453226037785736,1.444203955037901
3.3528962196,2.39762327315539,2.57401878206769,3.3825378,2.1754596,3.8139548,1.8322169,4.153868592847339,3.179250860508242
3.362129943583272,3.9073284715622334,2.519628141920694,3.2562065,3.1927729,4.638717,1.8248509,3.731687859160211,3.06553814127442
3.3707788066,3.342453019267355,2.726710407669061,3.2988048,5.491451,3.89951,3.1413345,4.089497772307706,3.4184424691766626
3.381871213333333,1.308910516322338,2.7295518917354675,3.4732752,3.6287498,1.208099,3.0456126,3.6493197244929374,3.0967022039145133
3.4389198238000005,3.1144199171175684,2.726710407669061,3.2372537,4.582445,3.233488,2.022667,4.060269924314338,3.4294030812737573
3.466759577217932,3.5758851116745176,2.9644982238381536,3.241198,3.0994785,3.1128545,2.8183146,4.092116319720774,3.390191455428751
3.4961114134,3.261585923792714,4.150002156540226,2.8066144,3.9945292,2.3062603,4.2673645,3.4888832405937813,2.4353762100501064
3.4977969860666662,4.6147938536871465,3.5336257947037573,3.6283307,4.2152047,4.1507926,3.829254,4.24632308498318,3.6693372717280193
3.501088771133334,2.499764790403205,3.254614700500598,3.4108775,2.6509647,2.4932804,2.414299,2.5695980926337474,1.749230750860935
3.5088510776666664,3.1342480049477603,3.778345076073013,3.449264,2.6601837,3.433647,3.9702444,4.485972944141188,3.0416318373137328
3.518840016824537,4.474859053668925,4.262918949685821,4.0539427,4.2081056,3.7665658,3.2293313,4.355318128615518,3.72991691009128
3.522699605533333,3.9329009604334497,3.570193842496661,3.622925,3.6852686,3.9947264,4.2903533,4.169864375918424,3.343817285491133
3.5608498098,3.932173611655251,3.9080582230546734,2.5513332,3.2404938,2.5652187,4.1166487,3.417631958529327,2.550376039819966
3.573658597133333,4.5506208984716325,2.7149335988584222,2.819231,3.5421693,3.382481,3.3214521,4.980894310791751,3.5145748196514908
3.5765971561333334,4.66829801007347,4.82568009281239,4.1343565,3.9440558,3.4550986,4.337237,5.841822240192013,4.345511763547579
3.578920585333333,3.535895825000705,2.7149335988584222,3.5887556,3.5541997,2.6145916,4.132406,4.6849634431601785,3.5211991188509875
3.5892166272000003,4.337475322742429,2.7149335988584222,3.3903713,3.3099658,3.2782426,3.2944486,5.050111551158348,3.506813364855664
3.5942661304000008,4.003336069206648,2.7149335988584222,3.6612048,4.924694,2.385083,6.136148,4.79254531123493,3.556000167996685
3.600386777133333,2.101718257637243,3.717750245185982,3.4078815,2.7531877,3.4500587,3.0813203,4.417277764377887,3.1069259024873945
3.6073382468666666,4.30751100812912,2.7149335988584222,3.2548263,3.2501054,2.9472115,3.3479493,4.845225443225765,3.418750125319221
3.6236791157333337,1.9856472573621529,3.0418656039727776,3.3208528,3.6457648,2.5143013,2.6680107,3.9193316420939457,2.7200929827540388
3.6302130886081927,3.845128146050943,2.986089576058709,3.3111644,3.2251337,3.277742,3.0170128,3.809286698280628,3.458008730265503
3.640762785,3.6543706068517943,2.520487538501857,2.767121,3.2369123,3.5245912,4.2647686,3.87409354496866,2.975397904747937
3.6506222249753857,2.9277189666504246,2.97410121912095,3.2113316,2.283338,2.6441288,3.3177106,3.6070033720672474,3.0322065655375177
3.6540336580666666,2.731480928990354,3.778345076073013,3.0796266,2.914338,2.0007155,3.7912052,4.275335105741482,3.1057412542879845
3.6616420928666655,4.629772865553552,2.7149335988584222,3.5117235,3.3121376,3.2136774,3.648617,4.974020770168634,3.4873882178349143
3.665858566866666,4.600310601803135,2.908920409067885,3.681354,3.5219038,3.3606644,3.7444355,5.27896753011884,3.604011568501983
3.6706357258,3.756021114940099,2.9980421318996897,3.9037044,3.417918,3.3598242,4.3348413,4.823470939913039,3.017841991312952
3.69675794446742,1.911590406056163,1.7957428924464758,2.0502722,2.9523427,2.610241,0.7379851,2.533935075132736,1.4335566065917789
3.71788038142727,1.5099905446191209,1.7063840198820182,1.7474655,1.8688053,2.2262385,1.4276531,2.348364035110061,1.1828170924608874
3.7611391163333336,3.5910692665454023,4.215089387551901,2.7144773,4.1370482,1.6175189,3.3211808,3.662691029181096,2.7364454622187058
3.7646354108,4.337086834175965,2.896866513044897,3.4271379,3.766618,3.220874,3.8577154,4.82617790839428,3.467030791442038
3.798754592,2.404351638850701,3.813719331844464,4.585728,4.7273307,2.0882206,4.096125,5.040188623363699,4.286262060719091
3.825001409533333,4.574108091448788,2.8807137168776245,3.7598395,3.834653,2.9434023,3.3733587,5.4199604144667495,3.8079868095991234
3.8515179674,3.845957386412214,2.8681847004027885,4.0444484,3.5773873,3.384291,3.9167292,4.855080608406188,3.3264870108643567
3.8538579708,4.791511831932952,4.149881623906417,4.040894,3.967367,3.6873102,4.950188,5.653802608959464,4.015626900961483
3.886838953067617,2.234758913480591,2.132236553471431,1.9758294,2.09467,2.1576025,1.573176,2.6662645167668484,1.50592577671685
3.95014787082558,1.8393315241567465,1.765778996896335,1.7267842,2.6195142,2.317594,0.62357014,2.2888067439287103,1.758382890142099
3.9874298050029657,0.6465172877107177,1.1429462971763622,2.000374,2.3263233,0.4950802,0.1180842,1.5539690575999163,1.269384811499823
4.0235198314335285,1.7070679163045994,1.8229034501926544,2.0140746,2.3710742,2.135885,1.6241877,2.5209134043665484,1.3685015783920171
4.081296624811512,0.7309246076827983,1.7870018683430484,1.4433825,2.5749803,0.2828314,0.0,2.1121131689682446,1.4293581720756556
4.092518608,4.172646769828201,4.105140011643212,3.5710196,3.789139,3.8818903,4.476956,4.342598709316789,3.8125925406841663
4.1144178688,4.803902685885873,4.98761361236598,4.8751893,4.189128,5.0106616,4.5517697,5.290021112997484,4.828566733152676
4.159638337933333,3.9324761808832407,4.2901202542154495,3.2064338,4.7635374,3.547296,4.547374,4.004980509162637,2.898241876370066
4.176720684666667,4.5274014336839965,3.962493751661024,3.8418045,4.776331,3.873158,4.3753176,4.723941677165183,3.992297726373145
4.178994796329164,1.8103295132766095,1.8184400318333576,2.1960611,2.630003,2.0727484,2.2728508,2.6429905032996857,1.663406443931709
4.1838467496,4.604515873889407,4.105140011643212,3.5131226,4.387842,3.981507,4.048272,4.561718811917196,3.970736740414833
4.257161206343856,4.410557894499533,4.098847120618476,4.2878256,3.8255534,4.2106686,3.668267,4.6979918749619225,4.348276924818854
4.297797389503074,3.413362557784493,2.726710407669061,3.2325194,3.5843983,3.2917883,3.6855977,4.100184456017934,3.202222016463689
4.302888335136855,4.977750043855321,4.22026152025148,4.857604,4.9991145,4.3607836,3.7543604,5.04463164245413,4.473987723087073
4.3104633986,4.75560674860612,3.873291041775325,3.9375632,4.516384,3.9668686,3.7095203,4.38978865796871,3.878203524429989
4.339470045747679,4.810223752164915,4.262918949685821,4.853283,4.7488866,4.3210936,3.4883065,4.891549514821833,4.534125628213789
4.355973257866666,7.012173661698553,7.061548216779783,7.9364834,6.2297077,3.7517781,8.023405,7.899662695501077,7.102016534736293
4.456452763133333,4.75673924833981,3.5893906334715333,4.721197,4.3861375,4.8828588,4.80817,5.593579076001179,4.572345425790224
4.4975262012,4.336472296033644,4.177657290138559,3.8124173,3.6442604,1.9148691,5.7960844,5.45507680359309,4.32271634901178
4.545588243466667,8.55190676326337,8.674010998111795,8.584983,7.180056,4.561262,9.309579,9.136970238965038,8.62662531167074
4.5481384598,3.544841885346848,2.3196535328208827,3.2149448,2.9695435,3.4227085,3.3694398,3.941394890225217,3.186017044587949
4.5514573498,4.654779737602991,4.105140011643212,4.729899,4.5214267,5.0180345,4.930984,5.354089511582863,4.511267271891917
4.632020242266667,3.402610256505951,5.109545902143338,4.9277353,6.2646127,2.956606,5.2855225,6.042062159985068,5.508949383616887
4.636605477733334,3.3848772033681684,4.383638373926733,3.5087233,5.8292375,2.2747846,3.6800938,3.4994206265977605,2.606046501979203
4.658228798666667,5.64172994349182,5.572035944738383,5.626031,4.843698,2.5874805,6.9084597,6.678869575058001,5.688575834234693
4.662644002933334,4.859370303702729,3.841462324188899,4.6085258,4.444026,4.7218857,5.122771,5.30021327279443,4.317278592021768
4.6678640334,4.627660816445718,4.105140011643212,4.7064595,4.7682304,5.1428566,4.8317657,5.282272632994444,4.476670579130371
4.673054946213568,3.160687816897004,3.2241470694840304,3.169554,2.9852676,3.6056242,2.5241492,3.658887318073799,2.601248489244768
4.694820047356292,5.292571581414684,3.995392909638136,4.7255898,4.486367,5.966065,2.868139,5.129204190949734,4.582392299997997
4.700181134266667,3.604668413923872,3.666498416687483,3.9051585,3.809424,4.937913,2.833217,5.243839655570772,4.3665311357444
4.705204796,6.088741534212149,5.541917875718585,5.6062975,5.4027653,4.9675484,6.0699296,6.904508374129073,5.3643882485592265
4.709993606986225,4.318311207004699,4.455421944423474,4.6935544,3.3012109,3.4875567,4.3807726,4.9134866039375655,4.560370221337523
4.7124782628,4.549205394823322,4.105140011643212,4.5617266,4.7677383,5.09558,4.7669516,5.520264336084174,4.54828790861941
4.769869539666667,4.995602286017998,3.851158903836176,4.767894,4.873042,3.3731093,4.430658,5.392877230909743,4.36030602197727
4.770340550066667,4.287703968235647,5.070177958986758,3.7257457,3.8957918,4.4328847,4.9085536,5.602304898358374,4.142876527303861
4.7776385930666665,4.855516044107961,5.148609482188856,4.513487,5.3464894,4.843892,4.313325,5.41557322818896,4.876431150440094
4.803619550133333,4.86266607904224,3.804894276395995,4.349189,4.2219934,5.0711007,5.4468946,5.3647519154211,4.3507307574754295
4.805822540906604,5.987883393572792,5.778282014234635,6.116129,5.7476363,5.2691717,4.653321,5.900621599314549,5.503585949848219
4.811132973302224,2.3867407976942108,2.698850877123257,3.107714,2.5686939,3.372155,2.39749,3.461595205051624,2.115235590816902
4.829845411666667,3.698106871997423,4.918421915997771,3.543232,2.7554388,1.5834429,3.8943398,3.7684034328681135,2.562492038272565
4.845834104066667,7.6095680330102065,7.0363181339246665,8.444318,6.991877,6.709457,7.253378,8.182888495147967,6.821618094090611
4.851692350212944,5.092364423932979,4.338640754790794,4.571827,4.8135796,4.129791,5.4272323,5.0791390071868765,4.560217988072828
4.8555646764,5.776224726845729,3.778345076073013,4.237096,4.320385,4.4946933,4.788572,6.307547427538924,4.744025186682818
4.862451378726688,5.057253455586656,4.444165180566751,4.574082,4.085432,4.0028286,3.9899402,5.569302406622811,4.968370066554935
4.885726651314977,5.190305241684709,4.444298675846868,4.9823346,4.539056,4.3967032,4.001466,5.074685523325268,5.0243502222440775
4.913106486466667,4.481679928855153,3.778345076073013,4.5111036,4.413935,3.7931437,5.385078,6.189843407962089,4.782462925480929
4.917884945733333,4.352244226255968,5.575483321103119,4.746373,6.0465035,4.9365745,5.3348074,6.542582645974702,5.3284990885702745
4.935524672933333,4.622689497796884,4.105140011643212,4.556417,6.493382,5.6016684,3.9485137,5.476352748866287,4.741840592697591
4.951347013066667,4.415317862250502,4.105140011643212,4.7402816,5.6536574,4.8149323,2.7317781,5.436116053940195,4.771460728023989
4.967799929521359,1.1433459624598636,1.8131643112798397,2.844655,3.2208397,1.0098333,0.87158453,2.5762449066281228,2.1236809319754903
4.995919722,4.132188668953317,5.087800181872966,3.3445394,3.6723912,5.0731077,4.560933,3.655666808266748,2.8305281672913627
5.012251531266667,5.725380634448621,3.778345076073013,4.4529614,4.5622234,4.6386914,4.561635,6.280162070260727,4.765158132926075
5.016846081933334,5.486047659699553,3.778345076073013,4.1093726,4.1567154,4.1547427,4.6224203,6.233954320108206,4.692699284576933
5.038836929533333,4.9993150529056685,3.778345076073013,4.7108707,6.153835,3.422405,7.0516963,6.309156130340247,4.901134364271006
5.0599652822,3.311221795428461,4.996888081941678,3.920536,3.7116835,4.418128,4.140426,5.537560780268261,4.224834902693004
5.076359991321957,2.666597843819676,2.833334151242157,3.1724439,3.1263397,3.1654687,2.5982366,3.70131156825511,2.356017138739664
5.084123001133333,5.754287525952559,3.987160608081363,4.914011,4.9114475,3.9094443,4.474789,6.6220631633965885,5.120090472078885
5.101376268133333,5.454630819908804,3.778345076073013,4.396025,4.2715955,4.5937347,4.5209694,6.217521230654718,4.768240256994684
5.1036892076,5.513933573380395,5.082360459610405,5.4139647,4.713562,5.4360957,5.5594172,5.566599662154008,4.955487659266727
5.106415624533333,5.766526275363257,4.029800297357953,5.143856,4.551761,4.7304797,4.8650055,6.544549535649057,4.905338717835579
5.1739927411333335,3.634624180552168,4.491663553308041,4.021804,4.676816,3.8826509,3.4950566,4.256232205698455,3.415344117663273
5.231736693466666,3.91158477739542,5.070177958986758,3.886602,4.10153,2.6739595,4.7284894,5.360550348340096,4.225789881199649
5.243453264866667,6.080244271899813,5.055867028236278,5.370153,5.3710895,5.8647914,5.051281,5.625891839116271,5.2200203764938005
5.243667973734065,2.96142247800212,2.7699445947997154,2.9315803,3.787999,3.8095443,1.52833,3.740940420771896,2.4333364525154413
5.2534325100000006,5.401914665206254,4.016440757794096,4.3872175,4.8098397,4.5114126,4.7264314,6.038988105189122,4.710690945263226
5.255999501656781,3.347068641333094,3.2241470694840304,3.040407,2.771094,3.2567637,2.6348577,3.857708466806193,2.6023133943720635
5.260792311466667,4.880534136000435,3.872931754251014,4.176546,4.4525213,5.2106104,5.176819,5.174612489331516,4.266348063008329
5.2818782866,6.129793077475801,6.199624208698329,5.671337,5.3564687,4.7847567,5.4258866,7.081144011546497,5.696327662347662
5.316456157871502,5.872392307942684,5.654075025285263,6.307854,5.33283,5.6994166,5.0941076,6.097526467873619,5.974951473270856
5.387946283200001,4.63649261320424,5.724378918352923,4.802418,6.3786445,3.581597,5.344773,5.4316676905885615,4.426855827184986
5.388260071333334,2.9124604486754784,4.195637733510289,3.6239133,4.704258,3.7583246,4.0907097,5.362765117908495,3.964181424112205
5.398551055733333,5.364898682293158,5.46847816604176,4.966182,5.7419558,4.4710536,5.45045,5.380506948580744,4.583252693400542
5.4290096811333335,4.796420852636311,3.9886650915619546,4.60298,4.529206,4.7137175,4.961387,6.149238432046931,4.580558205923426
5.437816928541281,6.191577304411413,5.778282014234635,6.286946,6.4168563,5.8492503,5.0450654,6.310762382045192,6.242800540372714
5.4545589172,9.26981207398014,8.668010130798613,9.132566,8.1250105,8.012238,8.582621,9.438123533644346,8.401129555272094
5.4877754306,6.262922280785812,5.3764972328573695,5.882846,5.682799,5.377382,4.990816,5.703555841461451,5.399333933472044
5.4931180032906575,3.0499556343522194,2.830577601229192,3.2731924,3.1599348,3.06686,3.3872757,3.752222787353772,2.72982730884674
5.537816618413937,2.902590390406491,2.6846608299016204,2.4993834,3.2865,3.1291146,1.5402188,3.3678429888580377,2.8537648621217824
5.547016984666667,4.329897708736656,5.6770163695696185,3.493322,4.016501,4.4267273,5.100836,4.289764181774122,2.9560742696499296
5.549351008266666,4.742915245374058,4.171108517808816,4.4016085,4.4330115,4.394577,5.182341,6.050585539418184,4.286257817665689
5.5596928938,4.851215182446055,5.782951527749974,4.506221,6.151264,3.383797,4.586328,5.6358177290096805,5.007144564448334
5.560377431666667,5.817205345568404,5.633948131825236,5.22184,4.79789,5.289336,5.7496047,5.608764610527,5.267643057566359
5.568034741800001,4.8706488387444695,3.6164258343316034,5.2098393,3.7014391,4.719671,4.549499,5.153728497330132,4.516514665493051
5.584576196866667,3.7099429672967306,5.04437288868711,3.7786505,3.4491582,3.2118056,10.022816,4.132795664989893,3.345637247914345
5.649321376718632,1.5274144307378978,2.7108949429849507,4.5183973,3.2451158,0.5422724,0.6004326,3.219424773212676,2.381347714976765
5.714659205666667,6.191286543148702,5.464635904078282,5.3833776,6.13048,5.3385243,5.5900884,6.031831295700255,5.442591593290434
5.7391556451634544,4.361153569977187,4.392679068456254,4.913264,4.4223266,4.7252507,3.6150625,5.00847315235268,3.989390795884214
5.740600754538391,6.441070545270045,5.772256374113066,6.142532,6.3835244,5.8757143,5.2408333,6.515978080391267,6.11431736247747
5.763870447733333,6.204752966545212,5.633948131825236,5.6060953,5.489603,5.5201254,5.3200455,5.914917870698964,5.4582533819977
5.774893371174716,6.500329255922477,5.889449650513662,5.7213254,6.377718,5.620085,6.8849244,6.521742796336464,6.176465881850751
5.78507362625474,4.685467024558206,4.105140011643212,4.7064595,4.8608403,4.928004,4.5995054,5.5306326804228885,4.507377182704517
5.902947678876385,6.879537834736604,5.637220766330018,5.316319,6.256769,7.645198,4.077421,6.648402020376257,6.174914241385904
5.950606194666666,10.089779959741536,10.31628664286192,10.660764,9.176157,6.154561,10.761343,10.808344553537294,10.345564449927952
5.966617278533334,6.169604007542007,5.633948131825236,6.2633934,5.7829847,6.6286654,6.224543,6.69212362433088,5.964928621393849
6.023231299699763,6.57646406428572,6.002373259899044,6.3110223,5.547115,5.3619046,5.4472737,7.056254182851984,6.591201117802821
6.027599121796815,5.8399663819170495,6.008872371835391,6.140774,4.7773323,4.779429,5.7639084,6.285348163459041,6.149672064050053
6.102396376866667,6.318155727655414,5.073134271468136,6.0885005,5.3349066,6.4247394,6.0787034,7.022175221314078,6.01870608972036
6.129702628602022,7.474993290554846,7.296596420070775,6.6553426,7.4774914,6.790634,5.9959455,7.507041687970028,7.322195884972713
6.1559666458,5.353423375553189,5.863623000737783,6.20301,6.7097163,5.5162315,5.8290524,6.048696550094943,4.992512295608472
6.174453218333333,6.078041266954857,5.633948131825236,6.3286924,6.038588,6.7924623,6.0836787,6.61635517175866,5.932665652690201
6.228153938133334,5.010063250603991,4.875396429366215,4.678795,5.50943,6.501941,3.9346542,6.437364725146308,5.660285439692933
6.279579815999999,6.223135930804652,5.364146214579541,6.3173313,5.6353393,6.3952017,6.331703,6.69145637677093,5.761260940684756
6.299452970637915,6.5928072700733065,5.990380445938362,6.2282214,6.2709327,5.8543873,5.4380713,6.427487148548086,6.6854584712508585
6.346516492066667,5.9609665725274095,5.633948131825236,6.121597,6.0475354,6.7097406,5.9985876,6.833786454069232,6.037246746866551
6.356510617266667,5.947987000346107,5.096432300095934,5.84076,4.6375136,5.8462944,5.622097,6.320630332716256,5.844092191372642
6.3824573898,5.781794453538159,6.487805437205965,6.3742914,5.4021835,5.799532,5.865719,6.813001628351656,5.36811578912221
6.3960275864666665,5.310584222162575,6.487805437205965,4.039331,5.50728,3.730144,5.6510944,6.524195215050892,5.4783619910866985
6.441555372933333,6.398412121634382,5.366549972967598,6.028547,6.138513,3.9713767,5.68827,6.842445067652103,5.83088675252063
6.474058863899125,3.3519150631132035,3.8164002598836992,3.9376488,3.929906,4.476557,3.4631534,4.672457640149625,3.282117041206084
6.478334378927052,3.8571091196740976,3.856504963735476,4.1214995,5.2792826,4.998089,2.5102408,4.940501935971721,3.626501854177436
6.5088324446,4.813243074302414,6.409508613476232,6.089482,4.8629074,5.7948537,5.075857,6.726406229736703,5.49329088560305
6.509719197466666,6.214953033468309,5.337652783205414,6.287755,5.4377933,6.8594522,6.7123966,6.733131768388644,5.810680898033671
6.512507398066667,11.686274666117244,11.828063533621762,11.966948,10.744874,7.3006077,12.1373625,12.318619790450022,11.71738397387203
6.521579073938078,4.538820635432988,4.392679068456254,4.4900947,4.1610837,4.352754,3.7301626,5.16135650318737,3.909591634700623
6.553790089133333,6.443945514861644,6.711424539807835,6.096887,6.6376853,6.1132865,5.2438755,6.743317853112389,6.468831487064452
6.563548156866666,7.046184125858948,5.070177958986758,6.1608815,5.860578,5.758563,6.0102344,7.5680701942378,6.058230742064967
6.593542976399999,6.058484129991625,5.633948131825236,6.2273426,7.543759,7.290838,5.2634225,6.831304454094441,6.215319188169218
6.595696747066667,7.490194230163145,7.03724683869538,7.245659,7.6930437,6.3216376,7.211756,8.651936014718373,7.085705525434213
6.596401180066667,5.709332427434724,5.070177958986758,5.831166,5.719551,5.0027676,6.527152,7.386364738888962,6.089434440303634
6.604346237331917,3.812184903841653,3.713155530322234,3.0552049,4.3867526,4.076579,2.5833952,4.457897397354221,4.098888797936248
6.634659505999999,6.9974000077163785,5.070177958986758,6.0870175,6.007708,5.9002376,5.8087115,7.534537040443213,6.05608840904699
6.6392902136666665,6.337989881723147,5.385616021973556,6.0797954,5.6924276,6.962272,6.435192,6.577093085984226,5.73375822399746
6.706817271533335,6.377223482573995,5.070177958986758,6.426063,8.018382,4.537292,7.8092914,7.556432431061854,6.289451194258866
6.7283543829333325,6.701709217293769,5.070177958986758,5.9485264,5.724458,5.8697567,5.726425,7.4720663261532625,6.078508846477394
6.728614499738044,3.552303668054833,3.969892547874705,4.051078,4.429404,4.207145,3.7114384,4.911966128183181,3.544773930627512
6.7312353706,5.833652061572073,5.633948131825236,6.412504,6.759386,6.4282537,4.1258683,6.812536259771254,6.256911778538421
6.765359210066666,7.150618863632761,6.656586419796483,7.292335,6.0398626,6.741172,6.8200045,6.896301614307928,6.643556771577977
6.780387833191862,4.39157701884829,3.967641723881228,4.37163,4.183402,4.166963,4.4586267,4.9437881288019,3.964144274082845
6.78375917505694,1.8961195891779823,2.630026275862575,3.9136577,4.3433795,1.6202407,1.7775936,3.523644072307947,3.102607803866672
6.8331498194,6.58954609540086,5.368956084064839,6.939021,6.3879714,5.7509203,5.700463,7.3165884097373635,6.01261509200297
6.84602755154241,7.349530571971727,7.231657202253173,6.747966,7.0434394,7.2538524,6.553858,7.589432866223354,7.624737117507288
6.856748634466666,6.783132994222296,5.070177958986758,5.656591,5.7039165,5.377286,5.917526,7.482187344853544,6.029282688641756
6.90722289263008,8.084202492595278,7.341159888661113,7.789616,7.795593,7.3781133,6.676626,8.076959339868054,7.774690064929356
6.913900153266667,4.89393037492676,6.098503295468507,4.137863,7.052721,3.688366,4.971106,5.421145015915958,4.533481025389101
6.920232895133334,7.041655932624632,5.37201186286013,6.9672956,5.9783306,6.060427,6.0547013,7.835936743060824,6.252197691096203
6.9608419248,7.498705122681756,6.633614953703948,6.9932528,6.7580733,7.2887096,6.282219,6.919967434072778,6.8077897019060645
6.976277152466667,5.997564337358505,5.525085597905531,5.3449287,5.997771,5.1830244,6.2629576,7.35379003443304,5.649613912534619
7.001893522133334,4.928027166571333,5.9144525600719975,5.58098,6.4083095,5.0311303,4.841195,6.090475410281177,5.302478224417328
7.019497526648091,6.149678182641699,5.633948131825236,6.316293,6.1615906,6.575743,5.8482184,6.90482493373621,5.976563993729031
7.030911989266666,7.106688618286329,5.324084288349005,7.3236213,6.5580664,4.627726,5.6424675,7.906915247853112,6.479906627888478
7.1002974074,5.790713223017328,7.01819755236612,6.6711082,7.5878353,6.611551,6.5139394,7.78438660657132,6.785649190169608
7.109179380533334,8.679097171619926,8.1849515472993,8.695401,7.2825723,8.80989,8.605149,8.965660796871628,8.628215533372149
7.117659912264952,7.55831533712912,7.296596420070775,7.109005,8.217282,7.4019985,6.5238647,7.830141627170638,7.968509232657211
7.179926997605931,2.197840427144784,3.708647653529675,2.9623568,3.9605095,0.696828,1.7022939,4.20453911966983,3.4862103538522087
7.180257228466666,7.387180745411622,7.191289463588364,6.4711432,6.083953,6.614781,7.0279512,6.782121356531388,6.733047414249564
7.196273378800001,6.066644788392569,5.33883801504504,6.6881666,6.0224333,6.023771,6.185342,7.329671953427861,5.90230709343272
7.203729513436175,8.059871529298311,7.536561852623711,8.362068,7.2665253,6.8471413,6.8731647,8.467937203568958,8.208125466930618
7.222379623400001,4.595997265629905,6.548030330878047,6.814736,7.9284487,4.378573,6.321185,7.063044719481897,6.767704469541499
7.270390157721277,7.794786239352546,7.448328216685376,7.6806555,8.036423,7.134501,8.349923,8.065517699743989,7.813079769744712
7.272112543266666,7.811769451687496,7.016367612850058,8.061231,7.670109,6.676525,6.876685,7.240757977517652,6.868402963635188
7.320976364066666,5.442910044356448,6.667159797721959,5.8612685,4.419641,2.589256,4.8650117,5.804101570414565,4.8899648676129575
7.3605072906,7.738660049045896,7.191289463588364,6.9831676,6.868943,6.8617883,6.56479,7.081195957855412,6.9530008753757615
7.409950896866667,7.852886401204094,6.945520917929434,7.533607,7.1650496,8.383079,7.570201,7.826686592010939,7.241181135913648
7.414495206133334,6.126649846668143,7.298761960152385,6.9548984,8.146367,4.559849,6.640153,7.412147978731769,6.558292312225467
7.436569195200001,6.940017502686824,7.072990612217605,7.905529,7.75588,5.7566514,7.140902,7.477114798378702,6.733252709236014
7.4391922204,7.388422748085548,6.65545571581995,4.3734674,5.9280424,7.3196564,7.1532288,7.612221936742282,7.207616667506579
7.457798639933333,7.628280076998948,7.191289463588364,7.2868533,7.2506785,8.046433,7.4149747,7.819392687840443,7.460249210645974
7.495545925655826,4.540113650887758,5.041984518801419,4.864521,5.446816,5.9985294,4.6205444,5.893257263494173,4.627419642938352
7.539849153436212,5.750003542685532,5.63308090106188,5.9323053,5.9897375,6.190104,4.7533875,6.3436566908241465,5.510647010091009
7.575988387405608,5.833763423377453,5.63308090106188,6.0206637,5.6758313,5.833273,4.925193,6.469402730455717,5.35033726626454
7.585623859666666,7.729594320390745,6.923081546995783,7.0670757,7.054927,6.69041,6.2634616,6.939916576483769,6.949061584414921
7.599751628866667,6.301379521235789,7.37852756303281,6.640916,7.4358153,4.589858,5.990895,7.729076382405036,7.440505390379855
7.619718695734929,4.915720533053501,5.04813486641975,5.5519605,6.8855324,6.490436,3.5345573,6.202332208982095,4.9815739382415
7.621331176266666,7.512001914597842,7.191289463588364,7.3369236,7.5325418,8.204718,7.222306,7.75638714410511,7.421780108402737
7.6682194272,5.856670326954272,6.889658525033145,5.862269,6.093256,6.831176,6.055107,5.735617738292498,5.176342703603656
7.677257488238041,8.419810394945753,7.341339464898987,8.267878,8.201742,9.405036,5.432751,7.904732672739674,7.771535767371396
7.68297029158547,8.019050996718178,7.544018887300913,9.01265,8.119891,7.477966,6.780125,7.863758192845511,8.368403040064027
7.691356575266667,7.851897782152919,6.6281680513886325,8.2848425,6.422506,7.652717,7.2192945,8.31208360100762,7.433624351514524
7.710407868533333,9.744923953524346,9.620273908536504,8.87052,9.18126,10.235151,10.045987,10.159721421859654,9.992571838240009
7.725866571235632,4.736706451008634,5.202629659615758,5.455408,5.8973184,5.6014524,4.889885,6.189192325764467,4.887439861847224
7.735804174484737,7.310091597095504,7.518004475421553,8.154267,6.478199,6.102541,7.2449665,7.676310665540273,7.749864133885461
7.7576419786,12.394574373344588,11.81902144123494,12.384706,12.138685,11.690175,11.469538,12.611378216878176,11.644252540532444
7.761703569733332,6.644571581272948,6.222361794021582,7.23206,6.7950673,7.701754,5.27532,7.534247896601402,7.056805849913365
7.781726202998105,2.5869126365637523,3.651109969611544,3.3602269,5.4501314,2.6530247,2.644424,4.169115366531659,4.115819825266201
7.806077714333334,6.09790990950531,7.527016639416928,5.9704742,6.019821,6.363374,6.395001,6.459156874196098,5.395528230527375
7.833729147466666,7.653123984118554,6.93096416826676,7.408444,7.1026783,7.764862,7.4815803,7.828776777928154,7.236966306875388
7.865057112209982,9.092714425316176,8.830253737514951,8.931864,9.776781,8.33596,7.4553037,8.967618062784029,8.99646245780499
7.870171906127713,7.629618604860341,7.191289463588364,7.3590474,7.657928,7.9690013,7.0120177,8.031700678088127,7.480626239665076
7.875942396066667,7.374811382242403,7.191289463588364,7.401193,7.56084,8.082078,7.1579924,7.94674847751561,7.553516908544798
7.896363359866666,5.605501756443369,6.844794888908287,6.020948,5.216969,4.782708,11.412602,6.243357589912735,6.027393416506659
7.916414630933333,6.711168277243265,8.036168013300651,6.5365205,6.559077,4.541918,6.7291536,7.445543342906916,6.865473510959242
7.964739974636349,2.847016612148981,4.812500693239655,4.253393,4.893702,1.0833144,2.778475,5.201548314128545,4.678422999629077
8.000950843266667,7.20654979062964,8.036168013300651,7.16072,6.522392,6.805192,6.9859743,7.851588169203732,6.747462361940006
8.054990917133333,6.980300164919496,7.533001206648349,8.610637,7.9511056,6.880425,7.4111195,8.106431181765238,7.168211562263921
8.07592358211812,9.05799106750635,8.830253737514951,8.873359,10.583885,8.93585,8.042347,9.098914731953077,9.540584117370036
8.1009800888,6.044713402089022,7.9506662335856175,7.654892,5.697859,6.8065424,6.260021,7.675835410914077,6.892505939350632
8.140521869599999,7.760499211495446,6.924806817915242,7.775884,7.629479,4.6078606,6.813789,8.057603683426171,7.325384568283168
8.1660768396,7.928706015245005,8.272848728136967,8.25622,8.435074,7.7298,6.7718897,8.179864866855723,8.05758180145309
8.181387872396526,7.446396565467509,7.184776263465809,7.801407,7.0750155,7.3533444,6.1807356,7.713671493451221,7.1972077384842015
8.202615783109353,8.931954228045695,8.790820684506143,8.946724,9.38815,8.7851095,8.025911,8.869309318985906,9.16179167104404
8.239220991066666,7.432961416862332,7.191289463588364,7.405768,8.778879,8.631315,6.4776773,8.025426614097952,7.697420512962585
8.261877521216585,9.386078071431106,8.9425747217096,8.778751,10.203923,8.625561,9.865878,9.332884308164076,9.341572292437938
8.266205795533333,7.530282843251428,6.907992702174226,7.8699384,6.9133415,8.289679,8.054866,8.006981185919795,7.280363284356842
8.271110512,8.344772596022832,6.487805437205965,7.5811496,7.530829,7.5122557,6.98781,8.758097513805803,7.416301648513619
8.328010953866666,9.31861563171299,8.239886319614133,8.70714,8.643606,9.039091,7.7715716,8.296594775363394,8.4342739343594
8.337089965133332,7.933269981861207,6.487805437205965,7.518667,10.111741,6.0036926,8.366038,8.784040122496778,7.757459002956521
8.343512545235845,4.654304025226975,4.811020461865319,3.998753,5.66331,5.241491,3.5973063,5.548885699212051,5.400232891055634
8.348182580733333,8.102312389453413,6.487805437205965,7.687705,7.2827315,7.558019,6.9562974,8.744295595860624,7.461895157168635
8.363778394133334,8.585855050801419,6.774088184447377,7.6926966,8.302088,5.782589,6.7476115,9.215929247238144,7.908652385201874
8.366072409133332,8.786528607644124,8.239879512837229,8.789471,7.850075,8.356767,8.32274,8.306757314905264,8.383990082751069
8.381582750558605,5.773945018848207,5.188264121475475,5.010519,5.4961314,5.4927278,5.542559,6.173424509167672,5.339354024855704
8.382967026666668,7.085242561349212,6.487805437205965,7.4102263,7.1780124,6.6251483,7.5816174,8.623841415282412,7.492931038210545
8.393425132933332,8.447842114544034,6.487805437205965,7.770617,7.463614,7.399024,7.145692,8.8040646432616,7.456886188151591
8.420147393,7.258191709422916,7.191289463588364,7.534872,8.100926,7.7679734,5.368439,7.965135238221875,7.729933987652786
8.4205336444,7.931663971341219,6.829101139992028,7.119021,8.08478,7.366039,6.5994577,8.56188096089563,7.403062054656397
8.485093058666665,6.20430760193843,6.545644674851431,6.099149,5.34568,5.8754473,5.7158175,6.518725502008944,6.2895011107863565
8.518564079199999,7.397191665987272,8.620889924231042,6.344804,8.7137985,7.8513556,8.005924,8.880618864325397,8.374521996738432
8.525929591333332,8.262350280280257,6.487805437205965,7.931099,7.3555202,6.985796,7.1322474,8.722493500935318,7.451928437764298
8.593388095133333,8.458113860053318,6.807152500917834,8.016451,7.504801,7.7858577,7.15376,9.1528312289085,7.66544130557571
8.598618274266668,7.983480308679497,8.138410134123012,7.7658844,6.863126,7.059601,7.1324816,7.827214847463587,7.779206709761919
8.64641841402601,8.860480939669365,9.055128640612224,8.582265,8.764698,7.5112205,8.708868,8.959724065351619,9.23637147240424
8.647109037466667,7.79906408606876,8.891404459727893,8.627052,9.016646,6.607266,7.2970266,9.741410435577352,9.824390125856036
8.69390712173705,9.624440816850573,8.88796571258232,8.942648,9.832556,8.867345,8.227859,9.379689719612308,9.328203742977406
8.7094347948,7.517959775633448,6.803871057136911,7.414798,7.6929803,7.685843,7.219289,8.546529063160746,7.302903454408036
8.723930700527314,10.558824366725188,10.317594082924398,9.915974,11.300121,9.7602415,9.037996,10.236747020265677,10.469853832936856
8.755446832880274,9.951677882924074,8.993839202196547,7.7840343,10.59642,11.097727,6.7796583,9.572632241332755,9.272700811209528
8.789912370133335,9.02277511218196,8.748292740180558,7.973644,7.820037,8.220859,8.495413,8.104584032585597,8.248860565349732
8.806535376666666,6.241105958765594,7.344694257076849,6.682902,8.267434,6.727533,6.093295,7.951413106660459,7.133614789932722
8.8227766078,9.491201949667074,8.570091145575049,9.133161,9.649933,8.264289,8.284787,8.629213537901224,8.36402694899599
8.875157462080109,7.364392287980967,7.184776263465809,7.5937366,6.737228,7.0056667,6.3865314,7.805310019545477,6.951105226386184
8.895621804587607,9.580625501318462,9.069589959116165,9.257855,10.560133,9.113293,8.298575,9.203934151496808,9.915715338999693
8.967260377,9.223365531829806,8.748292740180558,8.877945,8.745159,8.409916,7.997331,8.392265884881457,8.496894087163161
8.980326888866665,8.859700711957087,8.748292740180558,9.069071,9.156166,9.659373,8.922407,9.13456447664076,8.99447072439111
9.042321203748564,3.3521733005567964,4.937648270983102,4.498107,6.4990225,3.4335387,3.8516834,4.766582937935154,5.205258965760683
9.049669828133334,9.235533285423571,9.632083198726828,10.291033,8.573052,8.333109,8.523388,9.196179804045208,9.329552182675236
9.0909013834,6.364445030709096,7.729405566934639,7.4677005,8.310367,4.9000115,6.2831216,7.30353094634518,6.551803316690945
9.138604644280177,3.844929697757277,6.15369495570574,6.7275267,5.4838586,1.34103,4.162079,6.095364934988346,6.012769072772812
9.145698949933331,8.864113462461699,8.748292740180558,9.068227,9.480124,9.799483,8.632136,9.008864856252709,8.935503850004576
9.1513940702,9.355594325994026,8.69405311495554,9.133329,9.042607,7.2412405,8.317271,9.923302145093372,8.622853071133076
9.172251197533331,9.530276987441324,8.474077400261471,8.703268,8.858514,8.278802,7.842371,8.268260163559543,8.511524247168225
9.208328299151596,9.71279802406922,9.063990728715002,9.505392,9.561055,8.359342,8.373484,9.994206828490674,9.731105449823966
9.214711481133332,7.6480009098785615,7.721202587944027,7.1062107,6.376338,5.8280306,6.7658777,8.283652694638128,7.171819577749607
9.240605450333334,9.197524576872512,9.370965416064648,8.683459,8.310264,7.4621563,8.16034,9.635280578260112,8.881346927771274
9.258354478266666,8.175939705366508,7.752735382443485,8.60488,9.153946,9.475446,6.546953,8.99157466557426,8.717952422108539
9.289880477741358,6.465876196375856,6.475025968289429,7.4695606,8.074775,7.7130566,4.7740674,7.402802194635633,6.499735004227338
9.3401235526,7.481131096212721,8.789599719966828,8.325843,10.061965,6.317865,8.018425,9.363966111548915,8.651296788706455
9.341240612774426,6.003863303983164,6.509549544108484,6.8568854,6.494693,7.1708984,5.9987144,7.161189469883694,6.17465350584784
9.370618884748811,6.02436647930494,6.105217711487167,5.8413653,6.5342336,6.223669,4.939765,6.589807925202902,6.791300230469247
9.385606856933334,7.239788895264825,8.316367281900112,8.979963,6.7898993,3.729363,6.112383,7.878419930059463,7.502088521978057
9.401852842132806,6.1257283389256365,6.662917514198883,6.896593,6.9809413,6.731425,6.2789307,7.453113683735921,6.415533130895183
9.4403995114,8.185863619602301,9.703725772804734,7.7817874,8.513001,6.0083876,8.035767,9.02616773057364,8.517866328750278
9.441557020466666,10.81575536154312,10.316127108932829,10.955025,10.387217,10.131255,10.023867,11.09505141541478,10.221173825085108
9.444478396266668,8.676231683165978,8.748292740180558,9.065888,9.512425,9.674567,8.55947,9.320766441780732,9.107028809697551
9.461675687866666,10.709463547644445,9.765938420315123,10.311235,10.493136,10.857415,9.251827,9.773670489248865,10.117550874609591
9.468802911866666,7.413630049237647,9.619190735337156,7.9424424,7.3182783,8.419217,7.613968,9.2288317803104,8.557666677390687
9.4837879126,8.67577769224817,9.703725772804734,8.396334,8.522343,8.475275,8.350963,9.260318525619937,8.380528667407777
9.504104737733334,8.930099404193097,8.499552345248043,9.469437,9.036875,9.400984,8.86587,9.13762649206723,8.767195712876672
9.506213160866666,8.433048747016914,8.602578618838278,8.980113,9.6326275,7.875804,8.828671,9.525214192277437,8.822651786628336
9.5068099188,9.258149225224615,8.204374378411917,9.611729,7.9518633,9.241316,8.48725,9.71308855875258,8.912618585337333
9.52946144519635,9.02263662911228,8.748292740180558,9.0551,9.600022,9.60074,8.470136,9.390204027728974,9.018130406757695
9.621771269622329,7.106121991353253,6.63195049213392,6.7568264,6.4299097,6.493649,6.9573126,7.390688955984756,6.859519013243422
9.673110564066668,9.275744918702474,8.499916747717121,9.482482,9.103207,10.06808,9.024988,9.108471190290686,8.818041118146546
9.682578904067215,11.257948074821265,10.49609442640286,12.278934,12.283352,12.541153,8.20517,10.655193511592746,10.702735520585271
9.7433644816,7.656016855568961,8.616421962103287,8.051105,9.095243,8.692515,7.551415,7.821103229945576,7.694343510407986
9.7733061372,7.844591362192993,9.277998532139046,8.852593,8.486267,8.353532,7.946799,8.67948746895744,8.069482015184565
9.7977727564,9.695031071963005,8.036168013300651,9.213464,8.639646,8.784542,8.344865,9.863565835915445,8.853821425135834
9.805039349733333,5.913329520745867,8.098705757428387,9.989652,9.310214,5.460349,7.521428,8.001371362085028,8.103698212522053
9.8306024676,9.014732939407695,8.488307157505698,9.712849,9.574524,5.3187423,8.224687,9.256782728186806,8.885020417504188
9.8598387452,8.727666120267916,8.748292740180558,9.267848,10.379113,10.224238,7.870834,9.38296814021215,9.239533802156949
9.86586019098689,11.033523634595262,10.363001518320356,9.926702,11.129254,10.212359,9.833503,10.599986041658576,10.756534566006543
9.869112802333332,9.039620077056776,9.779816995090002,9.636354,10.14105,9.424864,8.361387,9.557680288685116,9.692718333576888
9.871778931277802,10.827478975962071,10.404577780381544,9.884175,11.6465845,10.003688,11.316979,10.517721810266805,10.766383295873778
9.878374979066669,8.586968886485394,9.107013767038977,9.368012,9.203182,8.922457,9.035126,10.147543313365723,9.276995078507944
9.878491103531257,9.074972244116967,8.748424750137428,9.445218,9.219784,9.084397,7.542183,9.136690302002789,8.975067819757227
9.882152611666667,9.493411745215353,8.036168013300651,9.340143,11.825896,7.19692,9.042735,9.847536296528444,9.31113145064345
9.8918531626372,11.832048839955648,11.695660650433249,11.804873,12.518897,11.516471,10.691481,11.592959584860193,11.791678693462169
9.900760669151722,10.400762437554455,10.269737036139318,9.647374,10.992473,10.148895,9.604538,10.052898694309064,10.568516401756778
9.90314053573934,10.47146205085738,10.317594082924398,9.792101,12.18268,10.314246,9.687995,10.263696804097824,10.947719209788984
9.9050648394,9.58335455133594,8.036168013300651,9.247881,8.42251,8.851416,8.375714,9.970463038498902,8.915660016769925
9.932543118,9.92067622953466,8.036168013300651,9.814823,8.638925,8.720949,8.529786,9.921549242752798,8.929744249631266
9.950067727266669,7.363210117296095,8.593258429398137,7.9132805,7.679525,6.6494465,12.521537,8.281817303300521,8.910161529099566
9.975949304066669,9.70384993583242,8.414757296627029,8.402,9.356697,8.68021,7.744772,9.79915386129528,8.874680695083036
9.9892534346,8.904570223880517,8.499559152024947,9.4239235,8.87375,10.022271,9.4858675,9.35628549527856,8.804822966364387
10.013431488333334,8.567322321063001,8.748292740180558,9.651035,9.932285,9.3835335,6.9417615,9.400436739449356,9.267339287831922
10.035184492466668,8.656174118230314,8.036168013300651,8.970956,8.36596,7.933587,8.795652,9.680827258024982,8.98469256641175
10.04896032433897,8.920181573393727,8.748424750137428,9.20254,8.814393,8.783268,7.865656,9.141615033763363,8.687098572964908
10.053205285466667,10.283420212498358,9.754208786610118,10.354322,9.641643,10.0677185,9.864153,9.807243297913177,10.12719123613042
10.103983064176113,10.277000039773911,10.556886188934044,10.267525,10.475322,8.936554,10.182704,10.142333930038395,10.587620997532598
10.143921454,9.992664145562356,8.38540428118699,10.005637,8.598927,9.142298,8.503064,10.46405221307524,9.155248068905184
10.147208278866666,9.853106539774409,8.036168013300651,9.302536,8.603144,8.260264,8.5888195,9.805747909565946,8.954146732442421
10.212513888392383,7.294799325240789,8.286250963386856,7.8745728,9.036836,8.413604,7.6424704,8.861582988557487,8.146414982645
10.217072984,10.10802466610036,8.34885691793198,8.921541,9.613978,6.505862,8.089262,10.552711814359752,9.414373481409932
10.273918927454224,7.487846382745528,8.130144529970062,8.289424,8.618132,8.959105,7.482295,8.536776612948985,7.91460318889579
10.27468661365494,4.863334881803048,7.639894254031346,7.113288,7.043488,2.2748928,5.475837,7.622143188107873,7.570929733366241
10.314069067333334,7.517558229982369,8.703413311227793,8.839483,9.724361,8.207462,7.464781,9.547699318897486,9.02789192155312
10.334909865866663,10.972433997841666,10.076722643345194,10.553854,11.588619,9.849752,9.761137,9.992367512716957,9.89549023454084
10.4358901992,10.398708051630829,10.248316278484197,10.137593,9.573746,9.8118925,9.920728,9.434901768742591,9.815927802822612
10.4443939690399,8.472367793338567,8.25483363368635,8.962964,7.9040594,8.304809,8.417296,8.65573031263275,8.558424181643721
10.460088959399998,13.029202180680375,13.19369109290292,14.318391,12.375605,9.032739,13.498294,13.629757383935432,12.944507028784296
10.468600080333331,9.228155583819747,8.408756429313847,8.913912,8.957991,9.043495,8.448933,9.721341955269525,8.83256210918172
10.4703111216,10.610846034590493,10.248316278484197,10.536801,10.616159,10.060893,9.453138,9.77175899950127,10.075857786552602
10.483885093604565,11.120639079824445,10.558049567646483,11.363323,11.301587,9.773136,9.863128,11.249807429764845,11.156969995580472
10.505348413266669,10.307962216319543,10.248316278484197,10.696421,10.912674,11.194499,10.306284,10.468008576365175,10.619084201107963
10.590657984133337,10.463419328304376,10.248316278484197,10.300861,11.254459,11.368442,10.045134,10.36179767471332,10.533207826809928
10.644291281592665,12.542146948389025,12.00102052337113,12.688091,13.638579,14.340138,9.587471,12.03458418510972,11.998598000619074
10.669772279333335,10.781759184071406,10.902112221769352,10.060777,10.042302,8.672049,9.612241,11.053501880285353,10.30286291792346
10.694367479333332,9.939624401826196,9.223485185658186,10.285995,11.383613,10.794162,8.124034,10.419059742915143,10.130822779499448
10.698317156479648,4.387680047492286,6.2212146321707245,5.2478437,7.730245,5.0745363,5.075606,6.174896487144686,6.566179663148087
10.701882415416032,12.041974437125926,11.770856540084289,11.443816,12.674933,11.692064,12.873793,11.812821482034044,12.023837060155593
10.713512388269924,10.881581053341751,10.533442426808032,11.394511,12.320147,10.610931,9.911506,10.428142833279146,11.363867342994906
10.716347536259557,7.702647798954843,8.094711285810698,8.595802,10.074655,9.487161,6.062485,8.84337140289357,8.234863272241832
10.724701314733332,10.87852615037452,9.96259935921101,9.92892,10.512175,9.829757,9.312087,9.669901601606552,10.110317388450117
10.763711684666664,7.781214758731616,9.213505666242549,9.51895,9.239197,6.2788844,7.5835514,9.168871705267213,8.362639818414525
10.808460223104978,7.198982593520818,7.509743917304705,7.813613,8.300012,7.680562,6.336512,7.917925833965318,8.35694888960576
10.828711695866668,9.457477648552072,10.482769564796168,10.871438,10.523218,8.210881,9.097399,11.427787008934253,12.189488684499103
10.88315270921646,12.292698555358331,11.761108141273008,11.811337,12.162296,11.915556,11.478873,11.912569658013656,12.0192003055931
10.893861880666668,10.28324757882108,11.232985385130586,10.022168,10.439157,9.768564,9.682516,10.577038604095147,9.78656180775957
10.948883852,9.79250476135356,11.232985385130586,9.400975,10.317299,7.0355773,9.256864,10.292104994674762,9.929005533039664
10.976559665333331,9.238283397982151,11.13443784429402,9.633078,8.932575,9.625043,8.9335165,10.565344856467952,9.988880616338347
10.986020668666669,10.231517562023972,10.248316278484197,10.930594,11.336544,11.242474,9.905007,10.621450084522133,10.747489330090556
11.021521901455978,10.637437970344736,10.248316278484197,10.868763,11.370918,11.175648,9.950533,10.729029479801568,10.64870589629496
11.028985214975595,10.404690503688812,10.182249192867983,10.839227,10.961434,10.264637,9.093914,10.57849760707376,10.497612494284372
11.057575762,9.018887327621789,10.348298460764443,10.757549,11.832047,7.833445,9.548761,11.123081412327313,10.765818440060112
11.06880628,10.504755515415086,10.002105077257117,10.682835,10.804475,10.984808,10.265883,10.503850759037142,10.3943979706597
11.224162070733334,7.112541493111765,9.730209699108691,11.490452,11.348106,7.4019256,8.854936,9.919375489487416,9.705715637133617
11.242715423333332,10.748272128707974,9.749580405789306,11.269196,9.530409,10.922012,9.761767,11.093689170154043,10.437176434648416
11.248152450866668,10.850780763570496,10.99214438722172,9.839996,10.2641535,11.463416,11.405271,11.258793634447423,11.33148327113883
11.257893239533333,12.189648666752264,11.322188250601643,12.097496,12.985973,12.536829,10.698011,11.158251937599754,11.665583551473237
11.263164014,9.989084717917398,10.202439726230784,11.008087,11.258683,9.55118,10.625846,11.35530281686793,10.894678937610566
11.26701724945898,5.642414105835217,7.565868958705393,7.483661,9.050956,6.2520185,6.328803,7.077088942580075,7.703436175393666
11.268122514666668,11.071794862738502,9.703725772804734,11.013904,10.723322,10.6014595,9.8490305,11.39062995226051,10.556352264295578
11.278070373533334,8.891181968551278,9.916546147024588,10.092212,11.192396,9.8382225,8.872804,11.068114776509322,10.62227469565841
11.331548453333331,8.952864022506994,9.837427174520062,11.351144,8.356152,4.883759,7.386384,9.68150496397343,9.89159305751197
11.339440732,10.861182353906235,9.99719041722938,10.668408,10.881738,11.716003,10.468784,10.56686661163943,10.489737329249936
11.364488316125875,11.715153019890783,11.681268269458744,12.033656,12.329025,11.895054,11.197297,11.334787627374917,11.80269596465533
11.414065868,11.09048300662548,9.703725772804734,11.258433,10.5436735,10.712316,9.904767,11.283468408532144,10.628631335322655
11.424197609333334,10.399699431589813,11.299014265475424,11.233204,12.560651,11.002696,9.941673,11.028842749720743,11.20956571820486
11.434544811333334,11.178490203686025,9.703725772804734,11.054831,13.994591,9.095743,10.041204,11.613775850866531,11.103405551646054
11.441813380666666,11.296797855848116,10.073555512038585,10.759055,11.458737,10.630751,9.017912,11.309793902444618,10.59634632011494
11.443065542,11.394918754304864,9.703725772804734,11.260118,10.822158,10.600106,10.012139,11.522943857575848,10.675475460174033
11.447659252,11.622933415019938,9.998306261283089,9.957805,11.796148,7.725107,9.518377,11.86682071360252,11.159156357963653
11.448717825333333,10.524844551760925,9.998999854632867,10.922376,11.306544,6.0435333,9.6267805,10.704190218662376,10.529037210152085
11.462879354533332,12.27492849084456,11.435905213041954,11.418579,12.724492,11.298921,10.79284,10.907429472579585,11.571686813689867
11.503764152,10.27733397991188,10.248316278484197,11.241031,11.837962,11.838186,9.318683,10.772731600747374,10.87044688053469
11.601536152666668,11.5463678575286,10.044164327570698,11.162576,10.634504,11.114645,9.945896,11.92272917102639,10.917480776038504
11.606495468,10.167302206588486,9.703725772804734,10.2610235,10.087018,9.873903,10.230147,11.500228863447989,10.738171468620491
11.6089218258,12.04211712765763,11.726546416044371,11.173887,11.981677,11.323064,11.279434,10.88352030569112,11.266354154886091
11.611894695333334,10.289699075052429,10.683879483081604,11.96759,10.630995,10.503418,10.823238,11.969353415754153,11.400369591159595
11.629426892666666,10.831534320003806,10.329820970646855,10.641759,11.338589,8.697813,9.612618,11.18481614620535,10.398422850676258
11.632699331333331,9.531788727022455,10.865599385385115,10.862387,10.236843,10.2285385,9.426064,10.39635092499048,10.46301745688446
11.649449846666668,11.791544258845356,11.293339572805762,12.363816,12.110689,11.642751,11.337302,11.279855710349963,11.706417662943313
11.650045684,9.414144978778667,10.179305563781051,10.513655,11.164839,10.366116,9.039515,9.515958177864032,9.931340853973062
11.650678485457531,11.846976044786144,11.695660650433249,11.531576,13.402199,12.054328,11.336393,11.542468361529208,12.183686990155527
11.664449044,10.16029472760433,10.248316278484197,11.098829,11.558807,11.044158,8.461248,10.700803417999971,10.897991894724443
11.684872532026636,9.005111364498246,9.54422676121761,9.88751,10.294915,10.207846,8.988369,10.013017666502316,9.468472941245532
11.686674989333332,10.56504335896914,10.01383471096212,10.967761,10.78246,11.702918,10.860927,10.81162226313235,10.423078510592797
11.690211576628675,12.17959863436666,11.920602053291605,12.515923,13.57933,12.475889,11.67663,11.66868683830111,12.591831032581377
11.722414292666665,11.380727138420042,9.703725772804734,11.3450165,10.797013,10.131558,10.118648,11.49360025067222,10.733643179417491
11.752387814,12.646339044782533,11.556888463087324,12.229621,14.026474,11.373815,11.126917,11.550605893257105,11.346115642787874
11.795010140666667,9.058535870104444,10.174446510034551,10.646326,9.423183,8.432942,13.722037,9.990205556266648,11.444724365734132
11.869034014840262,12.363933049455866,11.972498388140984,12.436502,12.854569,11.640487,11.320317,12.547109422225423,12.43327440264514
11.928965339238395,13.344285828521084,12.985867584551922,12.8837595,13.529792,13.209777,12.308297,12.888048252259807,12.99101737727573
11.95971034,12.21176081937186,11.726546416044371,11.610977,13.183099,11.620269,10.956202,11.355364187590242,11.545845231930665
11.981221722869709,10.299287771674477,10.182249192867983,10.526024,10.566951,10.024264,9.462794,10.66698458895578,10.175205157804292
11.988292195999998,11.564905106322374,11.726546416044371,11.968249,13.18847,12.628382,11.703777,11.83554723801826,12.112578533152142
12.000994143333337,10.703024335659835,10.07339597810949,11.24886,11.182293,11.01908,9.858919,11.219418879896986,10.608516174093657
12.00853555446323,11.60023048612097,11.989286105019488,11.752653,11.8890915,10.689027,11.657182,11.360595632815864,11.774988718695536
12.042084339931884,8.980558546686304,9.480711859781044,11.093047,11.798385,10.720989,7.4509892,10.332842643095049,9.7693326970635
12.044239485266669,8.338554775864182,11.205777082324124,10.770298,12.890539,8.849089,10.313962,11.139843592305152,10.933127757447975
12.094065795333334,12.087456987336116,12.245990678083915,12.06864,11.714084,10.32663,11.057268,12.239566419739576,11.596997177463184
12.1171756,10.43723352097449,11.186775123547616,11.97703,10.76178,9.273836,9.939377,10.337999506484092,10.783988035565155
12.127086677066666,12.43610808370449,13.125680901902992,14.039921,12.878554,13.08578,15.87973,13.868146049918211,15.630090932560105
12.14325681041315,13.27461483836508,12.998952756089157,12.812968,13.464982,13.591768,12.804039,12.585585826197898,12.977061803046867
12.157697944666666,11.586741614643335,10.63253895435289,11.535055,13.439892,12.403903,9.467545,11.71066317238751,11.385317151519756
12.193171437650298,12.001672929289573,11.726546416044371,12.524494,13.661575,12.624165,11.377277,12.153946894153655,12.139548843809262
12.201632444,9.144216026995675,10.48954338483954,10.256178,10.388885,7.645542,8.583699,10.61928813294604,10.030240201340929
12.216675103576632,11.77623398371039,11.555211569947984,11.739137,12.58826,11.855314,10.586926,11.842196511745907,11.858271198352588
12.23078507253499,8.79553325908637,9.686417732814895,10.689339,10.790883,9.579054,9.180748,10.395072508526338,9.702330079780957
12.273019496666668,11.832136304483548,11.726546416044371,11.968249,13.596385,12.810421,11.429507,11.618457421730724,11.98451523101294
12.29143121118622,8.394437685448013,8.727797739895212,6.977531,9.57818,8.700719,7.759646,9.246860323053449,9.691021849353987
12.300130703233002,14.004117366616832,13.363163164435573,12.443495,14.749662,16.040207,11.097749,13.084352929360284,13.350224089830393
12.305456206680123,5.982753110014996,8.875726926052526,7.4166293,7.8723807,2.7841818,7.054235,8.813903971145804,8.923514404013625
12.320983520666667,11.846333748889837,12.598207589924504,11.401906,12.258105,11.261498,10.988998,12.016378975747688,11.033699714403909
12.342763253333333,10.72911740726511,12.496589876960552,9.890222,10.644229,11.139396,10.332051,12.031694748211375,11.263803184717892
12.3458132304884,13.04126920245927,13.300455439900798,13.452662,13.1928215,12.468196,13.158999,12.465363774786796,12.935360973187471
12.345818928,11.243130146108063,12.598207589924504,9.624046,12.043126,8.647979,10.5790615,11.74426667563953,11.198708994538066
12.366859678666666,11.686006475843511,12.520417057205892,11.895537,11.985984,10.086347,11.315178,11.390979167275608,12.12490460480002
12.433768541333334,11.608640293270458,11.726546416044371,12.307731,13.682094,12.674508,11.277098,12.012227896032742,12.253142160733091
12.461835917034284,13.447831719254562,13.070463355607057,13.38945,13.463195,13.322032,14.458732,13.08180585779998,13.244086476004314
12.47329356434689,13.732038705767522,13.075382574467168,12.864204,12.968668,13.522393,13.08278,13.238695843063573,13.22335241373344
12.530522315654656,13.484841269018204,12.985867584551922,12.711731,14.381478,13.720791,12.933814,12.753321424152082,13.341169005228602
12.601240958666668,11.852968222658852,11.51006618858604,12.2000265,13.150791,12.480228,11.672134,11.871278199119326,11.897981115371266
12.623358185527962,10.054970170202326,9.67350117942287,10.146811,9.465364,9.570675,10.000163,10.06571620536282,10.032757343059378
12.683995571266664,13.422053643377202,12.744322812317815,12.679904,14.053884,12.535134,12.32564,11.99286873854036,12.919820243259087
12.685700828666668,12.390421413680492,11.232985385130586,12.145694,12.306804,11.95758,11.384402,12.704193878746828,11.899991735736227
12.691572884933334,9.319036977755518,10.26751819603317,11.540643,10.633065,9.779384,9.635262,10.679915853107238,10.18207842787671
12.694329789333333,10.1331761177357,11.12101880022565,11.303519,12.776411,11.167381,10.250881,12.563201084918711,12.173788356152704
12.701874493333332,10.437501166073606,11.711704811419873,13.321118,13.484463,9.582214,11.052402,13.059418965192648,12.534668964196664
12.725656693159218,14.531306070346144,14.21512845295038,14.254128,14.731147,14.339436,13.76746,14.171302330611654,14.16130196143976
12.757708029999998,11.76889875007575,12.63554679225324,12.7831955,14.22564,12.345617,11.63242,12.097651919507896,12.623221008192978
12.772025925333333,12.242772372720207,11.289026181218254,13.2673025,11.67879,12.448396,11.094261,12.656345175975048,11.898140913370714
12.789333186666669,13.01051410735235,11.510401017194122,12.489271,13.564262,8.477655,10.9956045,13.304487930503154,12.52744290288026
12.801511324000002,12.290465124555038,11.507362144879654,12.320949,13.209166,13.217004,11.87311,11.892738166163642,12.031782709957428
12.8079264798,11.042258079773632,11.773763936187065,11.378872,11.958608,11.200748,11.301733,12.167669817562546,11.603728939283124
12.815503388466666,13.33042476124606,13.007959275880886,12.617084,13.59761,12.586562,12.696435,11.977827759004994,12.64990939727556
12.838930862,12.760409821065144,11.232985385130586,12.449082,12.550737,12.03913,11.486419,12.875541114242631,12.058834455105073
12.839379148,12.498673745086826,11.232985385130586,12.180303,12.255039,12.112587,11.492958,12.67544836733156,11.990048720554745
12.845623327221794,10.27192105127549,10.778684180454682,11.134494,13.368748,12.300143,8.807144,11.610101866804657,11.143749243467884
12.864126264,12.645500697347112,11.589630051029888,11.525251,13.185892,12.132188,10.329927,12.742040528111312,11.973946135865228
12.872943499333331,12.59750583504592,11.232985385130586,12.985478,15.8267,10.592866,10.776975,12.990421338286785,12.503390515656974
12.875348292666668,12.386728508607984,11.827631719719117,11.661637,13.07346,9.893778,10.823788,12.704021015605647,11.83615879549023
12.894824363308182,10.061246737238635,11.03601280841862,10.519268,12.499341,11.215772,10.704301,11.634314690783926,11.105705271439012
12.909921452,11.493660786140104,11.599208432889514,14.304975,12.766591,11.34603,12.556346,13.38221267469898,12.594442891811056
12.946203579751746,13.83810516902976,13.287835728770176,13.5764,14.320921,13.414945,12.924824,13.748210931984971,13.68500281801921
12.950955426465784,14.958239761554909,14.31404857896853,14.423191,13.958624,14.583019,14.474934,14.547909417071835,14.390423127253833
12.977049763333332,11.862522967062356,11.49486968565502,12.964784,13.594208,6.578543,11.012241,11.99008131748226,12.058042463396594
12.97988319716074,10.508702329452206,10.89755210742404,11.06051,11.925997,11.8638315,10.498047,11.25340816060728,10.860691616039034
12.995347027333333,10.848230066503898,11.857878573322308,13.414484,11.99266,10.094512,10.592816,13.467954425744308,14.045233614512446
13.009778815333334,12.981320693678024,11.55643333308262,12.443161,12.151137,12.619853,11.388825,13.309815432932842,12.272832036884132
13.04027303032755,7.134755692444998,10.098512499083522,7.5109096,8.8934355,3.9996336,8.490949,10.319980130915384,10.137580712883906
13.049690476,10.597721149572909,11.317219962712985,12.5783205,9.987179,6.718155,8.809305,11.576492008517336,12.085889672974847
13.058141864666666,11.635476234786186,11.726546416044371,12.30449,13.9133005,13.244446,10.768105,12.254627772680951,12.369231189532876
13.075323517733333,13.770703364812356,15.14218870256896,12.531356,13.583499,12.200747,14.299517,13.715352479285023,14.348861490240768
13.086828829333331,13.84016306665816,12.85007974222877,12.892335,15.648103,12.659432,12.490348,12.587824967486956,12.75666099633049
13.101614837333337,13.163829141686383,12.647717608935004,13.598829,13.728938,12.954505,12.786256,12.437054799103407,13.12264672956815
13.117719350700566,14.703075051435736,14.21512845295038,14.4540615,15.474365,14.808472,14.395672,13.966219007089936,14.478526670612014
13.129435787128257,6.497631948019669,8.940747299876007,9.057989,9.939605,8.011957,7.568033,8.426459598491537,8.662787522063583
13.149283467973651,14.637248714065962,14.319079953005392,14.635374,14.465902,14.37049,15.755611,14.341384105692963,14.412094795224082
13.151570570666667,12.74901531286915,11.232985385130586,12.326778,12.7027645,11.549637,11.715967,12.911790136847614,12.151573807461975
13.179032639333334,13.497977039570904,12.694756494651177,13.470405,14.551023,13.956641,12.224069,12.288461132398403,13.100404323478328
13.19309846315386,13.209383194511522,13.007959275880886,13.922165,15.021809,13.861316,12.756653,13.146238974465554,13.516188062971048
13.200921543333331,11.837202222009076,12.078462445362844,14.461916,11.807579,12.254681,12.59717,13.990824652873052,13.121932317777134
13.214433177833977,11.668749506721763,11.555211569947984,11.3045,12.2392235,11.688998,10.986796,11.86783470050197,11.519670182624532
13.243403128000002,11.944204537015672,11.538914866381925,12.327751,13.262644,13.225191,12.311398,12.113150075077751,11.942406428496918
13.245848286666666,11.6137928760951,11.232985385130586,12.422123,11.656013,11.39611,11.5596485,12.881902306350662,12.144548540237704
13.288602723333334,11.606020674059565,11.726546416044371,11.30401,13.942957,12.553212,10.052017,12.175485052761928,12.399600459565102
13.291334137999998,11.136428996166662,11.708846536552104,13.065324,13.28314,12.578169,10.619461,11.361595183097757,12.009137015912485
13.308687056309871,14.880569829745456,14.718840902173682,16.040337,15.800804,17.045002,12.286067,14.103677768111885,14.591984822560027
13.324538262,12.779161269158426,13.007959275880886,12.8815,14.576327,13.831716,13.094323,12.869603171643805,13.480866116598865
13.340734848,11.208915214162346,12.349852780954423,13.523149,12.000795,12.478464,11.072248,12.341763475221208,12.667210454969451
13.379912321333334,13.506688014056534,13.677562105662904,13.4098015,12.821665,11.523658,12.589654,13.236584814407523,12.947107222477625
13.387066568364796,15.604163823739434,15.366237827107868,15.027928,15.734465,15.271797,15.056207,15.44191432092982,15.19061666474463
13.410936370666668,13.577776685946766,13.007959275880886,13.043386,14.898477,12.935668,12.507675,12.310262645191075,12.970077199558048
13.51985864566748,13.693178579488984,13.218728611611343,14.053657,14.490045,14.272938,13.334093,12.800803553995468,13.849371838124322
13.521985811333332,10.299957717926224,11.772551345728468,12.068271,11.602443,9.144404,9.8713255,12.332286591207458,11.314108463213705
13.530072623333332,14.266465355204565,12.864042828715707,14.036087,15.199295,10.187335,12.347768,14.433704057423531,13.727066332894916
13.538795242666666,12.048875230030838,11.580587958643063,12.320731,12.968444,12.560216,11.227142,12.661353146850448,12.025671115586832
13.544156762541098,11.571316795317628,11.00919479537289,11.330867,10.944297,11.230485,11.42331,11.288601212701408,11.363455377965169
13.548207306133332,13.737561820956856,13.16815855787208,14.516858,13.909099,13.457181,12.896241,13.935862525333034,12.944626376697723
13.55386106,13.339843927390229,11.942551248067613,12.405249,14.530972,13.582766,11.122084,12.728967886767984,12.71546556164275
13.563943846419372,9.66291230193498,9.915484723144594,9.233013,10.824649,10.113632,9.119301,10.464359673196135,10.87011853334665
13.589314554000005,13.005569691013113,14.007904144347416,11.72521,13.017252,9.840467,11.979031,12.689869245133345,12.575425079092328
13.619871800666669,12.38845106567365,13.907735288527611,11.975523,11.694193,12.297862,11.876246,13.038600088488549,12.657803001789908
13.630477992666668,13.41935818346963,14.007904144347416,12.138568,13.226241,12.516279,12.379045,12.94906127820764,12.4211204002784
13.711000001333332,13.047575721382662,13.007959275880886,12.978495,15.025657,14.003381,12.816193,12.659089046947951,13.3305107340402
13.722796103333332,10.835686297408785,11.72071426614031,12.858319,11.25723,10.845942,14.273444,11.866165175928373,13.781678622789446
13.786085890597496,14.930220124847551,14.547811837923122,15.152013,15.807659,14.626201,14.192969,15.08273154774507,14.93318445336009
13.816318531662208,14.789862748295583,14.452002906204491,15.073389,15.749324,15.387679,14.983471,14.071598817620394,15.013611224649296
13.818615703407469,13.123385799547174,12.940658906687142,12.921357,13.34458,12.859154,12.584153,12.916937000681626,12.899589928927456
13.899245683064834,13.200866456765718,12.940658906687142,13.424389,13.756056,12.93761,12.146771,12.975412876400991,13.236571170621948
13.920941433466666,14.599864383134973,14.03473051095181,13.940042,14.961109,14.156225,13.866182,13.15706378490528,14.040529851247928
13.932727606,12.846182144586011,13.007959275880886,12.836981,15.113645,13.893808,12.705525,13.030993565722074,13.6385376417896
13.968166036,13.6512123485225,12.598207589924504,13.80864,13.875142,13.458893,12.749421,13.981018028602724,13.0894568422348
13.992172936,13.072206461245248,12.826825914405193,13.454948,14.61799,13.7509575,12.983338,12.930803718827772,13.30270690658866
14.055498699249114,14.353443045510614,14.55092768599584,12.924521,14.591649,13.729928,14.488056,13.5748736650202,14.038470288807297
14.083063349333337,12.997259354828108,13.927131190703255,14.413225,15.536889,14.113855,13.27373,13.353169354184372,13.83536819218451
14.086183222479162,14.5509559056562,14.230753766868816,14.429686,14.731861,14.709635,14.243219,13.79700810852779,14.123345801054157
14.119726688666663,11.167161156835324,12.217243627086969,14.62655,13.960421,12.846422,11.2353525,14.07567600687956,13.419263401015993
14.172958917333332,13.98977035134367,12.598207589924504,14.026486,14.194412,13.581487,12.838154,14.227222113483188,13.26243090282015
14.174333850666669,12.759574506166908,13.11249907090736,14.03962,13.326983,12.927987,12.588937,13.76959907821018,12.850363922485103
14.181593454,14.05566490680892,12.94197546454197,13.889939,14.753567,13.706654,11.547688,13.973532872047684,13.16204534998426
14.211478602,13.851968337748003,12.598207589924504,14.55835,17.430054,12.274519,11.439637,14.505451896139885,13.739350062634587
14.221420924,11.863251689284626,13.115279584476156,13.867799,15.551069,11.245492,12.690419,14.726217050545596,14.260569012790626
14.226911694666668,13.764352889214804,12.598207589924504,13.832573,13.921724,13.628631,12.911921,13.777533771909964,13.19363998808242
14.26126345203881,15.762122234816411,15.43471656233805,15.631449,15.523901,15.287016,17.062,15.59235159474341,15.464309248379717
14.287322827333334,13.519400418298956,12.665262798337563,14.581592,13.008721,13.726583,12.328835,13.753484946827465,13.289083354391058
14.29867352,14.08487939454393,13.162902914565477,14.062388,14.72268,11.517403,12.075934,13.761130203898022,13.091396076262896
14.311475030692575,13.125698806906298,12.431693569769475,13.042705,11.807961,12.44614,12.811783,12.35714740382359,12.800636245435063
14.311640212666669,12.801078204079548,13.818242742821823,12.556137,12.895041,11.211434,12.782058,12.584068349744726,13.212909936354585
14.312070594666666,14.607535420514145,14.293752792614066,14.262763,14.807066,14.251002,14.082171,13.172745921178931,13.821901276181642
14.315444906393862,14.5164742092825,14.293752792614066,14.734387,15.941428,15.448252,14.187627,14.35031929717536,14.684166241873076
14.36807734410757,11.70575732792788,12.444053436670318,12.516532,13.599501,12.304595,12.283817,12.746421112225004,12.56362917148918
14.377944202666669,13.495044508731292,12.818791517525366,13.364594,14.635008,14.505608,13.1870365,12.930363648429408,13.466536206017468
14.384584139333334,15.038131579329889,14.148324651108105,14.3893,16.714104,14.291055,13.845094,13.75424023336044,13.954242325730943
14.411816967333332,13.126013831518298,12.812335572679746,13.138163,14.97874,6.778723,12.330951,13.020757671400874,13.466059113047857
14.430238625754598,8.660476144301251,11.407177297393524,8.838327,9.914888,4.874626,10.155387,11.388975454169875,11.475595158254425
14.437826134666668,14.275937604991984,12.901053763117188,13.950528,13.6602,14.175376,12.73135,14.5069052611841,13.46905639976305
14.444104133828937,11.10624729500286,11.147374608837216,9.92026,11.804004,10.975246,10.697657,11.449248468462576,12.126972494057426
14.447448972666663,12.977283388055842,13.016073221925147,15.245045,14.697582,12.940858,14.432336,15.000759298215478,14.28835307754432
14.475286241333334,14.747534344390033,14.005035839148276,15.107429,15.758972,15.767276,13.769124,13.595526538948128,14.306637528302351
14.484460328666666,14.385703159551296,13.951607934539444,14.604542,15.01433,14.724531,14.279211,13.795805955058832,14.3241400265894
14.502421058000545,15.815240879226485,15.366237827107868,15.575299,16.379305,15.6902075,15.658254,15.167347941473713,15.482198957491285
14.584151026666666,9.539407625043523,12.53390307827719,12.797896,14.278091,10.775795,11.560799,12.774848641209829,12.021179829559328
14.597682302,12.256726501988636,13.24656592875406,14.5170965,13.916202,11.72542,12.903707,14.94653801147194,15.883466626929074
14.598593551333332,14.925319853047109,14.9484383642498,14.66448,14.456882,12.925241,14.012919,14.415722810068775,14.101893034607963
14.608609581333331,12.898733114507662,13.007959275880886,13.293628,15.320164,14.479371,12.20372,13.242397356663272,13.76322430064234
14.61357606,14.244417040864972,14.293752792614066,14.675788,15.544348,15.41947,14.455794,14.032698534630107,14.628410040384756
14.628622647333335,13.972125681698977,12.598207589924504,13.929356,14.45115,13.127743,13.156271,14.25953732040875,13.414051237178526
14.667651344349222,14.552133601570183,14.111928232088744,14.755315,15.228643,14.156396,13.647918,14.301243956936109,14.317140551414727
14.674716824589462,12.017401743928897,12.177803251137338,13.007774,14.3172035,13.386688,10.343681,12.674749513934788,12.574621150376428
14.679056748426738,15.678563485765196,15.39700644931896,15.462602,15.755255,15.629454,15.459809,15.044269386640872,15.149439026730589
14.680808870188365,12.114856537784965,12.316386348778018,12.743952,13.042464,13.074811,12.092112,12.32741638497506,12.299734520561463
14.708406112,14.82470189255628,14.293752792614066,14.734977,16.163063,14.563753,14.050428,13.486567384101097,14.142422893908323
14.767104987333331,11.317687703693966,12.838638758761665,14.020338,13.22162,10.478977,10.790971,13.815765274120508,12.53024575231038
14.772791689333332,13.125472291511423,12.873864800121368,13.94458,14.8246975,14.566797,13.751204,13.16521854859389,13.376023504474052
14.773009401529617,7.014198485927835,10.245685023637,10.480903,10.81813,9.454704,8.988152,9.194845726181578,9.745942051037922
14.775101664,12.830091703942069,13.007959275880886,13.243562,15.595221,13.890131,11.526178,13.232044757451892,13.807695708298343
14.780414595333331,13.352870516200127,13.539947509844144,15.102552,13.732525,13.717723,14.453124,15.677083749318523,14.845300130177844
14.788507927333333,14.388985527513883,15.291264171350312,13.708547,14.527942,11.267742,13.243632,13.828236204207776,13.797517680111014
14.789626019333332,12.09976699184998,12.719185826173431,13.692003,11.6536255,8.4307375,10.254764,13.479393333603968,13.921995037174511
14.791909532666669,13.874264033283522,15.19925046898458,12.76633,13.431221,13.63555,13.229551,14.272152013883648,13.904657416480376
14.79858711,13.002309402750688,12.598207589924504,13.07626,13.208563,13.027613,12.787123,14.373351508457612,13.426277464336872
14.813305136000002,14.844484365551292,15.291264171350312,14.878099,14.91929,13.949395,13.721263,14.193533991222564,13.674373231991268
14.836437282322294,15.787067110287252,15.930466733853164,10.99073,16.443111,17.86337,13.4832945,15.950612207936713,15.698199028706693
14.884979079292956,15.514126237646154,15.718536644580976,15.67005,15.671585,14.743678,15.68951,14.842082125060331,15.063342231661052
14.902019107333333,12.61671580540642,13.08914250160643,13.953386,15.136843,14.61502,12.344808,13.488839219903353,13.719007886756138
14.910597294666664,12.716495646025033,13.72341221691956,13.89801,13.559616,14.700924,12.749153,14.456909794974818,14.452880793112042
14.94218877,14.81147365312416,13.167256124449446,13.85975,16.138435,14.911725,12.556738,13.935818865123084,13.891202251110313
14.947407079376235,15.994708640117953,15.693466865968576,15.60921,17.0263,15.59198,15.411179,16.381663823872294,16.029386652958838
14.97084253,14.34185748421149,14.293752792614066,14.761497,16.01773,15.600655,14.26051,13.810582281693518,14.449462061382077
14.975087310405504,14.597312300065427,14.111928232088744,14.032958,14.952431,14.1529455,14.144068,14.206677919651906,14.01159553109014
15.005334763845124,16.799227351172508,16.510517175763383,16.536316,16.78418,16.48835,16.534899,15.856175921065097,16.280354435568007
15.037822771537144,7.622519386469402,11.510277495738752,8.394616,11.7725115,11.045941,10.283562,10.013219349327162,10.544059506213763
15.050536463333332,15.611650873531463,14.259525369138789,16.32478,16.355095,11.468154,13.832537,15.26596842715777,15.03647408458838
15.057421944047736,16.904002326293934,16.45748577835732,16.040552,16.719494,16.1768,16.10503,16.30216976006302,16.315479994327422
15.060877047076906,14.748372468669888,13.613385934134248,14.775219,13.420125,13.856683,14.372622,13.534972184015473,14.066113083314896
15.114608248666665,15.000699855945104,14.007904144347416,15.34454,15.145001,14.535689,14.2778015,14.814484783109387,14.373729269117506
15.121139175333331,13.50106683721778,12.916442929511128,14.164832,14.681069,14.120478,12.581386,13.89682874919308,13.26848955390251
15.126775266666668,12.056940912773689,13.191876887105025,13.746546,14.97212,14.155373,12.312314,15.003549242162782,14.222577423022932
15.149737466,12.098457824790678,12.29132536839822,11.508496,11.0461645,13.0734625,12.746311,12.415906489042332,12.495650850953638
15.150914466397692,13.435207547328426,13.620220073781116,13.264303,15.055295,13.581081,13.815128,14.021266020386632,13.781954465009791
15.151128621733337,15.25218127268736,14.528360850146496,15.866714,15.270373,14.811959,14.303143,14.84006987221505,14.361489464407942
15.20465546630316,15.676894112918092,15.544421717674137,15.537469,16.493721,16.934303,15.687104,15.444446137597634,15.869755246104171
15.282839718,14.547495775099588,15.201650524338213,17.135204,16.49944,15.820297,15.130919,14.668166607850395,15.065350699009894
15.292298701221704,16.160761831831927,15.48167428376166,15.621515,15.041792,15.421131,15.747956,15.746303889054603,15.439343931928017
15.29334685,14.209940034705545,14.293752792614066,14.6767645,16.049212,15.498,14.160115,14.19122414385052,14.781450745052508
15.321526663333332,14.539906571923042,14.133014540368098,14.918016,15.607625,15.371484,14.350425,14.175944194693871,14.458431897846026
15.339968635853468,15.90239920941073,15.205709606702785,15.920892,16.406467,15.06635,15.099224,15.30116788300398,15.550122799669644
15.345262388772056,17.980426490468552,17.42234023457121,17.109097,17.586721,17.182049,17.018085,17.38494262640654,17.268275458142604
15.387091687333331,15.335095272114428,14.007904144347416,15.221105,15.456108,14.738335,14.360864,15.030099636596615,14.570809622800928
15.41601745049231,13.69446125624553,13.50146882747687,13.495507,14.581921,14.366865,13.580123,13.648766245245112,13.487447348332209
15.441701881579286,16.912385252960117,16.513432165522694,16.264475,16.443129,16.13031,17.947563,16.363958295758202,16.60431874414022
15.463960291333333,15.30777116809814,14.325153214446056,15.200119,15.858377,14.983645,12.926153,14.799880663353004,14.478541710052877
15.4653094319264,14.908877969797873,14.862631802470329,14.146587,16.1053,14.546814,15.287765,15.11026165919919,15.172253488341642
15.494822224666663,15.718796163663646,15.544421717674137,15.461443,15.687776,15.74703,15.488247,14.173315340994272,15.056991753653826
15.528793616,15.074880718461555,14.007904144347416,15.230277,15.182496,14.7829685,14.48383,14.64826978583216,14.492706554842096
15.532255641333334,15.151661622314345,14.007904144347416,15.587306,18.084524,13.550958,12.248353,15.170309942549956,15.064451986556618
15.562047371333334,15.4043924795555,14.508024108676585,13.812766,16.039381,12.857047,13.343438,14.643975636989376,14.419973620055366
15.569249503158424,16.952643068270767,16.45748577835732,16.46011,17.275333,16.544502,16.716305,15.923546398196404,16.584012233993302
15.626323774666668,14.700550812455162,14.509030014015332,15.579589,14.269794,14.227324,14.134854,14.613708655884208,14.211009300774
15.636557853333334,16.2130864044553,15.411666009130618,15.580213,17.431309,15.804528,15.303663,14.808717528890496,15.227723293501194
15.650443292158878,12.333455647223214,12.16987705922457,12.453825,13.177635,12.134876,12.15216,12.480472100448416,13.153313066271336
15.672711796,13.224572386481066,14.449039952021716,14.105688,16.89371,13.309218,13.918925,16.45613695195537,15.6396232272962
15.674231134,15.682885917215764,14.300899770565715,15.227921,14.948779,15.369112,14.225451,15.337001794650938,14.782451444473768
15.680291210085322,15.860691071675152,15.595871055335571,16.321777,16.981153,16.463245,16.493896,15.30062318844964,16.096698539779158
15.687560438666669,16.17212996435581,16.11408407611743,15.64423,15.556909,14.07672,15.412716,15.453827061515623,15.412853379825574
15.746397268666668,14.545427215149918,14.099812402085217,14.885158,15.8883915,7.609273,13.744851,14.300619318923596,14.64190593584951
15.758818812,14.79827088243714,14.118097940003592,14.742209,15.648552,16.146505,14.602723,14.17105268581638,14.671341096760184
15.761876355277993,11.584970718868991,13.814135860346854,13.642855,12.300299,7.3643317,13.211053,13.743893407435024,13.832909869966564
15.767193827333331,15.86807160902743,15.251262623815592,16.663445,15.948732,16.410969,15.790156,15.090411748557532,15.545867363375203
15.787397188779844,17.172149883925712,16.9416354013046,15.359496,16.983969,18.576548,14.370415,16.683349836820508,16.8906133215267
15.790686715999998,15.54168643583608,15.544421717674137,15.55653,16.141554,16.877415,15.970632,15.127525810691406,15.794355468765314
15.817760783333334,11.14179430439036,13.868503966443384,13.096284,15.104664,12.326361,13.118905,13.655920752331436,13.274208352679596
15.826751848666666,15.97459585955221,15.329323357589365,16.707764,16.630514,17.515154,15.290125,14.862314811665218,15.554221250230585
15.830945872376754,16.04259054044594,14.839433249318564,14.9270935,14.669587,14.944155,15.735279,14.667320923864247,15.441252483629333
15.831362424666668,14.759883830417849,14.038586484389334,15.3995285,13.975485,15.508569,13.579501,15.051677324721185,14.475756911663163
15.890177596666668,15.288118349898124,16.351146359789446,15.178262,14.763176,14.722974,14.71429,15.4988487099671,15.294906861708558
15.905635750666669,15.680376152551393,16.44550692570279,13.296845,15.543815,12.556562,14.610877,15.118964087116275,15.173466385698523
15.946955188666664,12.164006538417322,13.981460633006868,13.814544,14.13424,11.643017,11.959658,14.917831921255583,13.634351645858834
15.947098078666665,14.327436793084116,14.373671509215148,15.367719,15.685238,14.901399,16.006115,16.90603777975783,15.559713607303848
15.962060962,16.141189456388226,16.44550692570279,16.6275,16.08186,15.098292,15.111669,15.42234350201804,15.058489649799272
15.967951621035176,17.4355869813456,17.766780780018717,15.541657,17.985037,16.930254,17.385592,16.687350361884555,17.023754617237927
15.983499266666664,12.917873742390132,14.159890802879769,14.634773,15.639938,15.688139,13.226234,15.809152677577044,15.224676689188168
15.990859958247334,10.033375564524045,12.48786254344162,7.301143,10.9950905,6.1170382,11.700606,12.37409005877148,12.530782937761112
15.997770572,15.206923219497869,14.007904144347416,15.436738,15.5985775,14.304375,14.668248,15.077029404122383,14.737607983996462
15.999011626093209,13.36070381576572,13.341131253225452,13.285588,15.724597,14.627169,11.785805,13.877411916408525,13.759659155473166
16.010615416666667,15.8823066962606,15.544421717674137,15.754218,17.095695,16.162546,15.651209,14.641544926491347,15.41031636044779
16.010751582,14.093903817833557,14.293752792614066,14.821992,16.192724,16.069363,13.617297,14.498776503235865,14.891377122930889
16.031444560666667,13.56678534172704,14.605488043980046,12.957851,15.263595,13.903582,14.22188,16.824191956080373,17.17358146733329
16.03311390022544,18.075372118928705,17.82844428625879,18.770992,17.390205,19.497204,15.1522875,18.081326321336057,17.849257781448433
16.050456388804818,17.202476849748574,16.58149555655566,16.573126,15.92997,16.269217,16.800772,16.54902378350021,16.584414054111797
16.093175108666667,14.09901804207812,14.293752792614066,12.348045,16.69241,15.539265,12.962205,14.423789283551132,14.963740393272534
16.120188174689137,16.968544158369827,16.724550610402073,17.027939,17.259401,17.811937,16.9146,16.610109923749118,16.98565893129585
16.128120776,14.704012815331376,14.915158171941176,15.893173,14.669731,15.498735,15.828395,17.476812905255027,16.17945538223512
16.129585236330723,13.80230315159662,13.486368884023578,15.74048,14.484557,12.868756,13.582899,13.62092085562166,14.366106816447951
16.175596478,15.792479660570894,15.28096057222369,15.171551,15.499209,15.647791,15.355951,14.289300062346182,15.180022631494012
16.195554912333332,13.82579732964956,14.458547237947448,14.585734,14.606471,14.656129,16.969109,15.359804220546495,17.244997844882715
16.19837194333333,14.390979480515742,14.007904144347416,15.47818,14.198552,14.304867,14.120079,15.110105992505602,14.812657397605577
16.203889688,15.4674214597484,15.544421717674137,15.620898,16.623451,17.083649,15.709617,14.9143976454817,15.600134312434877
16.221587929333335,13.56518990327216,14.044442856080815,15.204411,13.573698,9.867995,11.619538,15.165485469263,15.451512980685504
16.222882337333335,14.307632656479184,14.18644244497693,15.293914,15.944357,16.199253,15.26547,14.434226158248132,14.565273981191806
16.226728622666666,16.205671602368653,14.376917394156148,15.282617,17.098484,15.9493065,14.059896,15.106116681045572,15.227340316295312
16.256167844,13.420196812694789,13.519503308626724,12.453067,11.597044,14.613023,14.323581,13.553162695297084,13.73158001835708
16.2819332073318,15.926251769011412,15.205709606702785,15.9730015,16.213009,15.161312,15.568785,15.213261332181634,15.297915240166256
16.285007683333333,14.17614987729291,15.06484089979583,15.563979,15.313355,16.053326,14.248493,16.09115939784469,15.970996040002904
16.288081725337424,17.149465746653462,16.78345849262275,17.14529,18.273373,16.45405,16.3589,17.359941640006117,17.20919826668925
16.306164292666665,16.257111872906172,15.291264171350312,15.799323,16.564325,15.80937,15.646552,15.95127177324871,15.465134059035972
16.34074544876685,17.86458600845925,17.42234023457121,17.334896,17.956615,17.50879,17.618767,16.92836600887285,17.485054252645785
16.369283604389263,16.98915317686284,16.27827534270286,16.387665,17.072624,16.017254,16.237839,16.60556734000347,16.5549266015189
16.393798250666666,15.692064570604655,15.408095998810069,15.467193,16.21526,16.85345,15.726876,15.287648599208357,15.670499113487711
16.431810649559043,8.316877774732916,12.781010212364462,10.635503,12.308392,12.513181,11.578716,11.437050094626455,11.534594405551395
16.464311195333334,14.01402337219261,14.422509529903063,14.102776,17.072773,15.913548,13.880662,15.072862593551037,15.176099780820143
16.475678355554386,14.597265650416066,14.618302742164293,14.368914,16.721159,15.54957,13.306945,15.002537390677194,15.137326542852383
16.500599769333334,16.91829684694851,16.724550610402073,17.037315,16.735722,16.70311,16.644102,15.434396221433351,16.154642519971645
16.509794436499504,15.120082401023248,14.756934059912265,15.363703,15.884659,15.409153,15.049281,14.709766162316743,14.85675016474624
16.536223980000003,14.99497694956558,14.296792751890273,15.159842,15.881821,15.341139,14.036472,14.816316473677649,14.650778861517278
16.537618855999998,16.576569563738587,15.291264171350312,15.982412,16.923462,16.07109,15.66206,16.237726746961837,15.677490228734223
16.552140184666666,14.669919161825506,14.55672131270228,15.981097,13.699244,10.376607,14.9484825,14.495598293273012,14.31570178764551
16.577042301333332,15.197689333179325,16.403153792034068,11.35813,14.518621,12.718721,15.581371,14.790302810378146,15.361296423839176
16.588321759333336,15.874365485031223,16.415906135014108,17.274967,17.738155,16.906622,16.776804,16.046316730424266,16.263379344736656
16.60264778049876,17.887058263336783,17.5826263125419,17.398851,16.842072,17.20488,17.64892,17.57241640342702,17.51042729042323
16.627062700666666,12.910295963448531,14.887138674382204,13.498221,14.919483,12.989242,12.879371,16.139855868440442,14.626920862312662
16.64938590866667,16.50392979654105,15.291264171350312,16.859915,19.52327,15.125883,12.785628,16.439590593588605,16.26995403939869
16.654002857333335,15.374814002324785,15.544421717674137,15.565499,16.623652,17.022211,15.623865,15.292652165433289,15.9474261578591
16.654227786,16.698236516073752,15.581663959164112,15.7342,17.321375,16.336031,14.140864,16.05486402284595,15.6338286948401
16.703663352,16.94630056886728,16.724550610402073,17.072805,16.931967,17.761372,17.230804,16.256638450924058,16.89983228919631
16.70659570933333,16.197443839191166,15.72668995648734,17.283096,15.594072,15.667534,15.4399395,15.83547025881626,15.328003774226712
16.709118701333335,16.97223020306143,17.152249734104068,16.658949,16.269567,15.179146,16.522924,16.682284543076637,16.557969915958452
16.716948927413565,16.876501301411274,16.68199619825079,16.706627,17.994696,17.378723,17.417099,16.166961487437824,17.25096999220211
16.719296756000002,16.271459972667394,15.291264171350312,15.781579,16.709345,16.070604,15.916473,15.78111137725404,15.61286651894398
16.72225570666667,17.28890721882452,16.593582539901018,16.300442,18.290184,16.823784,16.457483,16.242653222994726,16.341980597292
16.730971553175113,17.664401126028142,17.528820542613794,16.767115,17.646782,17.474905,17.396902,16.95328127371759,17.18045926831342
16.74172529466667,16.827613422578995,15.517980903936555,15.922743,17.844315,12.789467,15.209573,16.501641318544404,16.14767463671918
16.795829710000003,13.69373795018575,15.01175521625524,15.014255,16.335733,16.742838,14.000854,16.719574505738624,16.25610410651431
16.833312546666665,16.15166700333673,15.806141327466449,16.715012,15.272449,11.970859,16.277021,15.785326353929346,15.458257249503191
16.835532974666666,16.95139909735632,15.78127601714964,15.66834,17.381025,14.423415,14.484056,15.694644938278904,15.629141481472766
16.836464468,16.884142792255236,15.54639689273882,16.116844,16.4197,16.703724,15.577006,16.54704324973636,15.887903819788594
16.852870810666666,16.697932664235605,15.796199924179268,16.794575,16.852463,16.29316,15.658286,16.136103016155097,15.569940332317016
16.865913449333334,17.13868429205897,17.489102324707652,16.445286,16.701633,16.261189,16.236933,16.621526933627155,16.31908015634511
16.880328852119664,16.383558282351167,15.744477181125315,16.459295,16.247265,14.462357,16.156458,15.471879780034143,16.205645625114865
16.880436193333335,17.052865078337053,17.489102324707652,15.069908,16.107502,13.916423,15.615155,16.11959341580327,16.397815621588045
16.903859063333332,12.394350344930276,15.151659953237989,14.7195015,16.249414,13.99059,14.383059,14.850816070386598,14.317569426638418
16.916275077045537,16.943699384079345,16.27827534270286,16.231901,16.977188,16.169165,16.754736,16.57974335447973,16.34247758235858
16.917381868,16.679880165254318,17.39987494406498,16.62243,15.662848,15.803533,15.784884,16.539358740232057,16.549756630476647
16.935467884666668,17.437363118798615,16.60160782691497,17.72085,17.708755,18.5139,16.614477,16.074383989351844,16.73784359671313
16.937609453333334,15.791062011460346,15.355954095374209,15.92513,16.415073,8.154634,15.141505,15.427220190728134,15.83136966684897
16.9455532984805,19.195617702502783,18.27021662164706,18.928085,18.897093,17.92352,17.884735,18.51201371098831,18.13018467160257
16.952872363932816,17.08497050741564,15.955726635200474,16.039293,15.343434,16.149565,16.943228,15.894995905134229,16.691349771380033
16.97036342241203,8.985707878765629,14.124609260167778,12.907658,12.372499,14.139709,12.738548,12.300108254008814,12.36132309240114
16.98750678504444,16.535973746849844,16.78269981208993,16.664284,16.925346,15.852206,16.609745,15.624456660413408,16.140252567635248
17.01854066,17.08200076528724,16.517366085457795,16.96084,17.114237,17.490244,17.075851,16.298734422002248,16.713020217566037
17.029339543333332,15.962699856347722,15.383102274646191,15.512787,16.283434,17.697775,16.077772,15.298622111070683,15.905026217206956
17.03160036908785,18.05913654480434,17.769909324489873,17.589678,19.428968,17.48351,17.188461,18.55863340379689,18.14645861511584
17.059229874,14.518301929468125,15.61617613186548,16.318861,18.229923,15.051074,15.248405,17.79833972237733,16.60617017565045
17.10156155733333,17.103562725624204,16.45795828296522,16.151999,16.283638,16.608555,16.629105,15.473425112151764,16.248291242511318
17.144744803333335,15.087323235860756,14.524476206665607,14.536313,12.280998,15.632204,15.433822,14.758425197636615,14.873036921108184
17.160368039628874,16.32274756944237,15.877384400833453,16.120932,16.691032,16.432808,16.244703,16.112693880484663,15.966489017927438
17.170997782,15.815785754307962,15.355990741796742,16.499119,14.63308,17.248959,14.988042,16.201683952604743,15.751750595704586
17.187016587333332,13.859610226901689,15.760281283694225,15.767218,15.5562105,14.302068,13.7305565,16.975571968633364,15.468014741808345
17.196738705333335,17.163953553814917,16.724550610402073,17.124348,18.274286,17.178455,17.038828,16.05952482430526,16.54453090370089
17.204723659333336,16.766575220894236,16.724550610402073,17.09761,17.444183,18.000143,16.99422,16.049207244526517,16.66988098341576
17.21026611156094,17.85473746075395,17.51559802347568,17.465002,17.2942,17.096272,18.760489,17.415030847817864,17.51082213512314
17.24527412275277,15.175345345272602,14.558683446871896,13.286436,15.278973,13.717421,14.853518,14.770390117111404,15.395174751461752
17.256192961333333,16.425748870012953,15.291264171350312,15.9477625,17.09965,15.670264,16.088156,16.24368486865924,15.874988118066826
17.26785483,18.137996981725912,17.500614009956028,16.910402,17.190935,17.26861,17.753784,16.636301954518053,17.225043605149963
17.29076546008388,16.29561340777592,15.982748858734798,16.231382,16.74684,15.52321,16.407194,16.543683188861124,16.31604239668068
17.315436326666667,15.07449255475865,15.544421717674137,16.069965,16.778118,17.65604,15.0450735,15.591422773698902,16.072366180959538
17.318969568,14.446373744330328,16.516249559699006,16.313803,16.50074,14.977958,14.255349,17.788043888759994,16.174032545979305
17.32507595,17.288236997565996,15.434907876797324,17.22403,17.647434,16.948812,15.21099,16.37391521117979,16.38962606464076
17.33527558533333,17.299516774213277,16.44550692570279,16.882566,17.585272,16.770796,17.010437,16.972345706579624,16.681892039139576
17.340308768666667,15.49131096940502,15.56912046450556,16.265488,16.851768,16.464075,17.768188,18.134548091620186,16.434686471158916
17.415686292666667,18.004819046358016,17.761230244917105,17.40231,17.850496,17.377163,17.656942,16.920110391716182,17.16526732866578
17.41901229466667,15.867708448995907,16.079401198890057,16.949938,15.835512,16.882776,17.289904,18.770788261023075,17.128186588233255
17.430524922572165,13.103683825152912,14.926111889759966,12.452241,13.186933,9.095156,14.522869,14.816334431444522,14.90226241417681
17.441593657446035,17.80405676556722,17.666148947029757,18.179295,18.815805,18.451086,18.624514,17.41167557789485,18.19217890297895
17.458079098,15.068570408565495,15.544421717674137,13.0405245,17.419218,17.197376,14.360024,15.51051588592568,16.167813308091525
17.477313988000002,14.601054623091654,15.767327159450442,15.805319,16.613285,15.543575,15.908756,18.03101505798328,18.01817495273505
17.496801738666665,15.884304593671958,15.291264171350312,15.970911,15.780758,15.76427,15.271085,16.28668164676801,16.042324860096695
17.518378566666666,14.3531097597663,15.98511348691974,17.92931,16.89774,17.630028,14.59679,17.296149059202953,17.03988046787979
17.540617076977266,15.75261714624658,15.732308427972695,15.47019,17.189077,16.497307,14.504838,16.332355333720933,16.262345378095574
17.57397522666667,14.937323964632698,15.178430478901245,16.039478,14.949169,11.213695,12.735562,17.204415370686625,16.656132233662614
17.57846106,17.612352550573394,16.44550692570279,17.207294,17.898134,17.076267,16.95809,17.253235150456845,16.882542553205028
17.593988972000002,15.405625381165256,15.486156732583842,16.586817,16.71393,17.76038,16.657797,15.646181029667243,15.82742404323792
17.60309439677738,19.940936917435216,19.034784991097087,19.075857,19.846571,18.564413,18.76843,19.179825912131616,18.743800103235
17.609065754169418,17.42667091137801,16.934532768608367,17.280626,17.68753,17.470972,17.50678,16.870996791187125,16.835184023222308
17.611379487961738,19.082474023669317,18.41454497413908,19.291304,17.998705,17.89341,18.594437,18.57652890782002,18.335171519963826
17.61785942141545,18.84890448876185,18.35032781699097,19.169096,18.562817,17.78958,19.517859,18.335838713433567,18.335351836533643
17.645608466000002,18.310790697410432,17.639034110469428,17.13073,19.37904,17.555124,17.576546,17.6110940520097,17.396579616720338
17.656661005333333,17.839266668434284,16.732464627806216,17.102568,18.253668,17.378433,15.450927,17.077956373146975,16.868480987962517
17.660142726380638,18.800189843019872,18.695976437466737,18.763554,17.957108,20.06843,16.084433,18.76462262867708,18.591268943171148
17.671002031333334,18.209418038809112,18.21713753983682,17.739983,17.488287,16.317173,17.80787,17.451633519522403,17.32421667450917
17.677081189333332,15.460873392590146,16.224148132541686,16.092932,16.411861,17.230743,15.475494,18.232628004417684,17.15393021898645
17.678185999000004,18.794804603531176,17.963132972214947,19.310146,19.370743,17.299866,16.676006,17.941525610675257,18.110691513930583
17.688235306666666,16.922883397228613,17.515980049723378,17.703028,19.138998,17.721373,18.025736,17.480299116561273,17.29936520144371
17.701129698666666,17.64785493148557,16.44550692570279,17.471447,20.282948,16.26493,13.622138,17.50092763992441,17.55759550852943
17.713554922666667,17.053521908151133,16.62286939863758,15.161581,17.13448,17.756447,16.849192,16.43132208125031,16.75812336296632
17.721216163333334,17.27822067522198,16.44550692570279,16.852814,17.755495,17.086866,17.217842,16.722992044939648,16.81859357727616
17.726881431055904,17.986043563833196,17.262346483745883,17.583086,18.045685,16.982103,17.529919,17.361684458500772,17.337238086737464
17.747115977100243,17.972188212814654,17.761230244917105,17.852896,18.103397,18.54774,18.084332,18.017096282517137,17.96274668421786
17.763892563333332,16.67352734147813,16.724550610402073,17.203022,17.394163,17.933298,16.956884,16.404393423831614,17.019285590488373
17.79325043696874,20.970720602364548,20.27682476666222,20.45578,21.137924,20.340431,19.874353,20.167474028085014,20.037952320903003
17.803214979086412,9.737160037239017,15.114787194986857,13.192987,13.058588,15.587582,13.938949,13.134485330121397,13.049607956040628
17.803401335999997,17.57502162121608,16.95340293897194,18.500622,16.550406,13.393327,17.577887,16.810469843993882,16.836941119250028
17.814503363333333,15.237725080805856,15.590760540637136,15.496276,18.117989,17.088335,15.437262,17.05343766627455,16.359721826348704
17.821047216666667,18.235885998886065,18.53217062940852,16.284086,17.163939,15.277511,16.79281,17.018420366112455,17.264453092307118
17.83024947266667,17.9858981780005,17.761230244917105,17.654339,17.782442,18.457289,18.426756,17.63466276015026,17.859737626116043
17.830418847999997,16.44709645869841,15.571722555876937,15.828307,17.358612,16.718143,15.305074,16.008343095247007,15.838514091865736
17.846821754,17.628622316732667,16.85613828825824,18.20706,16.647385,16.844933,16.743076,17.086225656491273,16.715965045762612
17.877021002666666,17.906754100726427,16.946094193010648,18.21338,18.081047,17.440649,16.934338,17.22236456707828,17.000161969004612
17.879833947333335,17.903735122504692,16.689734913739905,18.037497,17.536594,17.705399,16.895353,17.45349703086784,17.12623072826725
17.898531058666666,18.271576008089927,18.53217062940852,17.560925,17.919743,17.218082,17.509516,17.542077997674212,17.196086312580846
17.898971983267604,18.87556405335414,18.27021662164706,18.545744,19.180374,18.20238,18.55448,17.947878477484714,18.30861322053925
17.912295096666668,13.835259621780766,16.310885828094253,18.37132,17.201874,15.44219,15.694688,16.12242988100443,15.594428566077196
17.919040582666664,17.980832660072696,18.459495409963743,16.272518,17.205532,16.825714,17.130785,17.461841044089287,17.451253487427227
17.99751277090043,19.503876404215145,19.154155987791583,19.076534,19.74612,18.806858,19.133768,18.783487610952907,18.60637960387085
18.03623412,17.160820035166974,16.58167362519683,16.02334,17.21971,8.394666,16.348896,16.530481199222127,16.925446487124525
18.079314432666667,18.306407858991896,17.581028925756176,18.616697,18.241194,18.234104,18.24773,17.805328980778174,17.787865440622685
18.079762240666668,18.59241537849398,17.658066743841324,18.353518,18.80656,19.359116,17.791296,17.537927452923135,17.811085129448077
18.114027554666663,18.951643647388156,18.47244575386965,17.723051,17.819483,17.982218,18.61881,17.36982021898592,18.295391697069444
18.123710295333336,16.327538702514083,15.525904851830898,14.400451,13.112141,16.41173,16.668486,15.953234111977777,15.905196001959895
18.12570848148017,18.769562385620773,18.13200460096335,18.809975,18.892202,18.249813,19.027145,17.735860470268147,17.98105984174185
18.15516537640303,19.646710171973005,19.034784991097087,19.311201,20.06382,18.80336,19.464691,18.68839597159869,18.903522292679845
18.169963698666667,15.077931440969524,16.75330637201869,18.665169,17.3781,18.179691,15.007178,18.25900188394778,17.44257563694037
18.178997995333333,16.071257977902498,17.53908247917543,13.506766,15.442743,13.104862,16.730064,15.870136574557636,16.349361663085357
18.194502464,18.24151320437537,17.761230244917105,17.620771,19.544235,18.006596,18.3128,17.328474163885964,17.60443144730856
18.20145302266667,17.229962630139088,16.567528868223114,17.30106,17.187412,18.595778,17.269182,16.445940902181995,17.059810888201003
18.203934634666663,15.990593298074684,16.65816098604557,17.713842,19.4039,17.06103,16.440697,18.759346115398188,17.734135554666782
18.20777030933333,18.048977154178463,16.918962996505876,17.65456,18.667873,15.822458,15.815511,16.671197886865396,16.967717317234996
18.23872579,15.005141465284964,17.140827560042002,16.91996,17.066374,15.742644,14.77881,18.85397934856895,16.572594333759366
18.24948241476279,18.971349132420464,18.703734506553804,18.004885,18.749012,19.292074,18.7972,18.70806864567499,19.096460500538253
18.25573398333333,18.222007291938464,17.489102324707652,17.959187,18.22883,17.56853,18.060795,18.00518125904309,17.734817877217036
18.255896046666667,17.863858689728822,16.670575711686745,17.489088,18.784237,14.023909,16.474531,17.431337457053957,17.36510643496035
18.281889830990647,14.60851759210117,16.036167548290983,13.613325,14.139973,10.673803,15.928676,15.596874002840138,15.80515217775161
18.292912720666667,17.8025726078953,17.761230244917105,17.8615,18.337376,18.748041,18.19992,17.23159716766379,17.62965855000385
18.31900748252767,17.882638214363176,17.262346483745883,17.463299,18.033108,17.200697,18.028227,17.258579764230184,17.148610779371044
18.32063100330061,17.347689307994063,17.02850911661005,17.384348,17.712076,16.54841,17.748707,17.3412104592407,17.193049616119982
18.32220446333333,15.222179983761082,15.63369003936622,15.467162,15.926986,16.177275,17.582869,17.298525840471413,18.472866036667124
18.33371118133333,16.17323891911791,16.28568494341438,18.404684,16.526102,12.391311,13.56048,18.462111053805724,17.954549318931175
18.338992285333333,17.45409788650162,16.44550692570279,17.582018,18.012344,16.729284,17.418505,17.333538116324867,17.108880889642986
18.360209742,18.52665776796076,16.44165721097705,18.004608,18.515478,17.96737,16.624716,17.197117532398387,17.22684209337018
18.36240971728662,18.732116721898404,18.488775955027226,19.611729,19.714424,19.207508,19.685884,18.4496391926298,19.075034279897697
18.384211219868583,18.110845710526807,16.998604303930822,17.789557,16.759565,17.236303,18.238802,16.72121974038614,17.587040019820957
18.395926299333336,18.898825061438817,18.703734506553804,18.21424,18.659756,18.050962,18.446047,17.70630945439565,18.272711810578883
18.40655588610521,19.843094502386343,19.579171783511853,18.827923,19.391537,20.151627,19.53467,20.136204226664475,19.948556168409603
18.431269182,16.1080084831981,16.724550610402073,17.590853,18.553108,18.136795,15.728115,16.738115410322443,17.292636761896947
18.432147290023824,19.56755009379217,19.349044133828023,19.34816,21.246403,18.89432,19.001692,20.192408994046943,19.622998909022503
18.48383821666667,16.690589325528865,16.649540861181546,17.872074,17.6051,18.325602,19.165924,19.05922286903689,17.488661859188884
18.49393281138736,18.71603948293145,18.35821571337737,18.755339,18.884493,18.169437,18.304985,17.9818268647062,17.99985537521396
18.498571065333334,18.94053816907288,19.13962075428889,18.430288,18.514746,17.42432,18.849464,17.9525274452103,18.244064688848077
18.5001104743464,11.213726249038846,17.306937584090655,10.974047,14.035441,18.462957,15.83289,15.512587653802733,14.884193444695796
18.503113572,17.191311975471926,16.54967077436958,17.472878,15.580533,18.3369,16.137358,17.40752472528622,16.945405112529574
18.50870353133333,19.172940897659167,18.58671371104797,18.69151,20.097233,18.299324,18.38912,18.35463187759068,18.52618467467226
18.539552790666665,18.56873418833552,17.489102324707652,18.432352,18.471487,17.94248,17.936962,18.30768452170362,17.933367133322584
18.54031506098237,19.86310311482676,19.192835018864773,19.15437,18.929636,18.483086,19.431915,19.428664411568505,18.997128841371545
18.548320485698067,18.132278067546945,17.729126760769326,18.22642,18.876223,18.498056,17.030703,17.63786035281567,18.072367565288577
18.54856309933333,15.578273255529917,17.37995307400554,18.22465,18.29629,18.526672,15.357074,18.97216294573828,17.941711660012004
18.57242417733333,16.24467502620278,16.724550610402073,17.64651,17.717657,18.577389,16.408783,16.683305047402797,17.168087305328076
18.60676669733333,17.065245543579262,17.08357226324281,18.608118,17.207287,18.608755,18.581097,19.678686072812823,18.19965409624772
18.619111078,15.554305566137838,17.687956228314587,18.082159,17.543215,16.515871,15.041895,18.870664643397607,16.990714468465
18.62226057269265,18.93141726438057,18.60563724752397,19.449036,20.568943,18.136961,18.068089,19.363046602956672,18.95774607824667
18.624978422,19.12656817172761,19.453278622494476,18.287117,17.966082,16.699314,17.768383,17.630918494105696,18.318100351260608
18.638796412666668,18.751415586468,17.77924093344863,17.900595,18.703838,18.405178,16.406313,18.273517956468485,17.996727852903884
18.670019539593994,18.333841028560744,18.597506370788004,17.799683,19.339054,17.73922,18.234028,17.571198009886515,17.834346243608227
18.679874162666668,17.06097087234783,16.44550692570279,17.519535,16.804096,16.8902,16.487919,17.408344046412218,17.347321653152715
18.68179359066667,16.06581511695169,16.858445870830643,17.848528,18.028818,17.644512,17.35904,18.81422825836884,19.026399844357176
18.695025560666668,17.92988582986125,18.46232222166938,18.887321,20.200748,18.544504,18.84118,18.27941552845485,18.473093792667186
18.703345871333333,19.07774523185161,19.370767492393007,18.095076,18.574488,17.902727,18.238884,18.00089117392303,18.58876824355445
18.70493710533333,18.81409518863204,17.489102324707652,18.957502,20.39899,17.383478,14.034203,18.54200184993157,18.74752465244625
18.72928632933333,16.796285562147325,16.707111140094757,17.828627,17.692616,18.635191,17.946125,16.82379323534247,17.0027512502926
18.731754018666667,18.731457471452558,18.006080395437923,19.28934,17.432007,14.907968,18.548725,18.11341516537971,17.984320366249143
18.741560810666662,18.919324215700204,18.703734506553804,18.948292,18.439753,19.21312,19.188114,18.36221268370765,18.96800806178536
18.74983689333333,18.11128295472583,17.680392884449535,17.817352,18.16042,18.516434,17.919998,17.7561750275785,17.75503843472602
18.762156996666665,18.231124867340824,17.489102324707652,17.944311,18.404806,17.920261,18.301537,17.902186294675662,17.906294803950566
18.77448663066667,19.24786946437637,19.453278622494476,18.635117,18.863077,18.30595,18.524431,18.15963671991292,18.27419254276047
18.779087027333336,17.678632365468825,17.761230244917105,17.926228,18.261202,18.682884,18.195902,17.816909127768994,17.963956602721925
18.78279387439457,19.43399421512989,19.50023244239588,17.651968,18.577059,20.563328,16.846119,19.50755710042013,19.270035675497745
18.805035511929187,18.637437633269258,17.944231898319327,18.753368,18.460232,17.575762,18.761395,17.92217452025373,18.095784715206168
18.814023893884706,16.936694778640412,16.82430412682196,17.977106,18.147038,17.48971,15.853723,17.09155474550932,17.13088669132704
18.820443726,16.54225371241359,17.299002620310564,18.611113,17.385666,18.320467,16.42672,19.318186701103023,18.42576237323022
18.8415561054305,19.925901242750697,20.00745823237706,19.610203,20.950123,19.157661,19.525192,18.9347346117578,19.259031891199207
18.857541260666668,18.69803534046191,17.890507086311363,20.965555,17.210436,17.92882,17.8361,18.249601046701688,17.825627423260418
18.883278293333333,18.872219390145297,17.996972460590637,19.282421,18.880165,18.541008,17.842413,18.48129891886207,18.203756374004925
18.89167191046791,17.4838849746841,16.91746484136918,15.086626,17.425425,15.319802,17.272755,16.019295175634646,17.073809572636204
18.89295248762754,20.564182150888342,19.734651341519065,19.405968,20.575264,19.406782,19.324026,19.70852777373705,19.58319787259666
18.894743142666663,15.194851551997736,17.408903693649485,18.169071,17.503988,16.92157,16.703876,17.2825340670118,16.744904338264927
18.900009044666664,18.865984619868907,17.728232856293847,18.466486,18.251335,18.58422,17.898348,18.67330018788107,18.215129193505685
18.917946839935496,19.092429642423923,19.344190270814103,15.800847,20.374723,18.318819,19.048405,18.282498442972823,18.483364027768317
18.92676702052755,20.58768899970613,19.876264306028563,19.95646,19.689028,19.269169,20.00702,20.124198288023248,19.808922251604304
18.937989434,15.874687237548676,18.1230864136414,18.289667,17.539574,17.32523,15.287321,19.2952411051103,17.72876913968327
18.99662195533333,17.22163162646165,16.46752307121536,16.3878,13.730169,17.190527,17.404121,16.672051530434732,17.04054458725219
19.00045868866667,16.135693328450905,17.93452325984748,18.123348,18.86315,18.869717,15.665388,19.325410326536023,18.37194968701374
19.002357784,19.449537770377443,18.542391653563897,19.822159,19.149876,19.014374,19.054087,18.628213540371675,18.93133273050109
19.01161686104001,18.94413298725241,18.13200460096335,19.133512,18.778881,17.991383,18.538567,17.80084043662365,18.1327316947019
19.016631769333333,17.569979968020785,16.725155881844923,17.764832,18.431787,17.718288,16.653374,17.005641948567153,17.197123220667734
19.026678724000003,18.165572734592683,17.636633136016876,18.17818,18.15962,8.648572,17.509537,17.844074286587208,17.931043141022798
19.044221632666662,19.760924932700053,19.579171783511853,19.19762,19.378014,18.85996,19.145329,19.37195355481195,19.121750005916287
19.04627572533333,16.30743741029845,16.695917899562932,16.689825,18.89727,18.2008,16.397745,17.914949967152957,17.564519854263967
19.04639316133333,16.693494989762186,18.491328925197973,15.89367,16.43546,13.36259,17.431858,16.57525621455753,17.44590493035064
19.05776766156273,18.50372544811651,17.860247095277778,18.603252,18.563265,18.538904,18.524675,17.442459250679295,17.72943542108481
19.07388715733333,19.167990588338608,18.53217062940852,19.001238,19.2897,18.49952,19.385508,18.73535234837059,18.41410015420928
19.074527186529227,20.22536453339021,19.787925235862257,20.344725,19.410414,19.449175,20.10671,19.337618790396007,19.6120013195524
19.10707168,19.467252629390657,18.62356108050685,19.949505,19.684591,20.173622,18.588661,18.359588068609167,18.97230898072284
19.158926152666663,18.25989226733074,17.6454522932935,18.176075,18.126593,19.383617,18.448957,17.787288128758835,18.09148989736116
19.159718776,19.192368837029186,18.703734506553804,19.28399,20.492401,18.76178,19.23583,18.16319097255531,18.725253537445173
19.202686310666667,16.17108603145276,18.26903153380421,18.322319,17.838226,17.848377,15.458753,19.620336363019657,17.871447976984552
19.235002622666663,17.18407608929931,17.63555866619265,18.873417,20.376642,18.576433,17.439144,20.392353181555052,19.141332881291746
19.246195122666663,16.515344631748754,18.30388392398877,17.293276,19.545343,18.782396,15.726947,19.482805574876053,18.654901718582032
19.296812907333333,20.032826512912628,19.341102576568648,18.854612,18.410416,18.793615,19.367708,18.52265805544136,19.10758142363211
19.313145908666662,19.53115634205039,17.390831389437018,18.406855,18.789492,18.997307,17.678696,17.86774805657915,18.197732341323093
19.32564722333333,19.68296950597432,19.92958381187344,19.171728,18.724083,18.205103,19.757915,18.82059033615229,19.23479090872818
19.33091285,17.530217503144314,17.28789983545256,19.108805,18.207129,13.676087,14.4276705,20.11576112249149,18.95006197537823
19.33297134393175,20.929051570982352,20.32804822603305,21.643513,21.898046,21.494503,21.851269,20.074586464933542,21.08636863684109
19.344132956666662,16.58897327756887,18.47481367043632,18.154718,19.140553,18.8345,15.71236,19.95358270200113,18.701126803981804
19.34960792533333,18.85637172737314,18.703734506553804,19.408249,19.014194,19.49701,18.990868,18.021835796119785,18.729152340914265
19.36295138933333,16.564428367338877,18.491655493690736,18.753458,18.567064,18.793758,15.714412,20.02241050263464,18.552410206654542
19.364415792666662,18.38460310411504,17.489102324707652,18.258371,18.469461,17.633488,18.427736,18.33315300573882,18.18603404191438
19.37155639533333,16.320984411858053,16.752097523860673,19.069107,16.978907,17.563412,18.131195,18.192983788080216,19.78762665039256
19.38230361533333,19.557588143325308,18.53217062940852,19.20559,19.501478,18.868944,19.17918,18.99577722952928,18.61597376839453
19.39146458550732,20.288406326444303,20.012110538660306,19.548296,21.705557,19.682634,19.538876,20.915307002259677,20.41486243141493
19.394769895333333,18.82995182575217,17.71385870558165,17.910706,19.25988,15.305201,17.490845,18.7263725953301,18.45795788882109
19.395146897333333,19.96620588177045,19.47019125750156,18.62053,20.69899,19.152071,19.143745,19.972135752037023,19.37769558581087
19.41738737733333,19.89616530506493,20.22678393830917,17.645123,18.137234,17.811174,18.609299,18.79963997427486,19.41684877691548
19.422456700666668,16.316791246269805,18.40723749484286,17.499046,17.868105,18.244757,15.821317,19.783142470425567,18.225877071988904
19.448898518,19.732988674936863,20.146725272317,19.393091,19.147888,18.720264,19.172842,19.09411962894673,19.80206135586638
19.49831388,17.033189793236428,17.761230244917105,15.780321,20.03098,18.938915,16.573078,18.305773924796505,18.30329815019528
19.51119958434876,20.269255123892627,19.83185245358002,19.848448,20.251343,19.607515,19.718647,19.464073021159138,19.39372719689572
19.511657891924788,18.985832836299856,17.903571752234694,19.1881,17.889847,18.423973,19.204023,17.31602046398966,18.60018782638684
19.52425045,19.73189859902813,18.822265413800316,19.484898,19.745228,19.290108,17.610146,19.07910251638145,18.70919171213401
19.537257150666665,17.694372515444062,17.619300999148983,18.986265,18.318617,19.459143,20.37451,20.63788088659368,18.790930226736467
19.547541236628245,20.909093135473583,20.45258779284661,20.623543,21.90506,20.599321,20.125372,21.20680129879021,20.882602340972625
19.563954882,18.161500391120114,17.6203311597448,18.853168,16.85373,19.175978,17.31422,18.992914163025542,18.04157192703555
19.565022076819925,20.38516310384904,19.893839943639698,20.821064,21.452349,20.562397,21.378597,19.8242382497124,20.612481413726176
19.57165237699051,19.063221281562026,18.63008061387441,19.251614,19.116302,19.078773,18.115164,18.68216506907228,19.106685583013668
19.58000434299525,19.60173335751164,19.133994127324684,18.768654,19.66919,18.38983,20.307232,19.18524307879437,19.005357027246745
19.58828405533333,17.15601153636927,17.761230244917105,18.410501,18.836155,19.391611,17.558126,18.274214246594216,18.15212340617759
19.601761136666667,18.793197968041145,19.35993681190315,20.375004,21.27204,19.484695,19.785275,19.70438276892889,19.364806949716417
19.602276939333333,20.09615820754897,20.22678393830917,18.670496,19.151922,19.226246,19.504406,19.062044438996104,19.402143575387505
19.602278798666667,19.93931808664483,18.53217062940852,19.790928,21.265158,18.362942,14.823106,19.23781076906592,19.477802471558377
19.625851123333334,18.071556200125418,18.10185987659437,19.731466,18.364988,19.688486,19.704044,21.45011092249449,19.552762679499168
19.638118672376905,20.284197083236567,19.787925235862257,20.392788,19.718128,19.772472,20.577394,19.32084106283637,19.53726620292801
19.641700505333333,19.909617910545386,18.76860169611233,19.645449,19.424002,19.464474,19.193707,19.44954411756743,18.916338255519733
19.649567132,19.6985684880565,19.579171783511853,19.757923,19.08897,20.065426,19.993132,19.78380362027413,19.83488401879985
19.66676165063927,21.28594788305922,20.30904750169076,20.59433,20.14192,20.165466,20.56483,20.40990665803137,20.336296210235226
19.667445718,19.20889240221935,18.53217062940852,19.102789,19.513224,18.85048,19.66538,18.658198813818043,18.60059919249962
19.67464123333333,18.708532622418943,18.703734506553804,18.379896,18.911777,19.452517,18.991932,18.454575901282823,19.07747033129999
19.686432730586606,20.05278693153116,20.07120997663864,18.240713,18.956436,21.279448,17.402925,19.72719345915079,19.9600580912566
19.728221626666667,19.924503878130736,19.453278622494476,20.344147,20.276222,19.310051,20.285988,19.074684601815783,19.26257108997765
19.732382257843145,15.984788208538074,17.12318730240533,14.699496,15.53139,12.664446,17.108723,16.404670388925283,16.8143304320236
19.738375626666667,19.652187045032782,19.03187241180218,20.59812,18.709623,16.269932,19.728815,18.816335684896814,18.78414688668854
19.758054638666668,19.647032661074984,18.902513760832903,19.474564,18.247423,19.01147,19.04288,18.9021876528396,18.614911064495463
19.766015310666667,19.790075461545097,18.751126831384735,19.920794,20.273983,16.764217,18.814634,19.51702867349201,19.14733029293281
19.767944905333334,18.18767369474033,17.489102324707652,18.324068,17.478758,17.867376,17.302273,18.41600810263399,18.539024139686116
19.773864150318545,19.469670568391177,19.24894966220176,19.561543,20.755533,19.738014,20.715248,19.137629964462704,19.76133797193271
19.781781776636503,21.09241067445026,20.271159818628067,20.638756,21.241735,20.178555,21.16743,20.16242352900205,20.35991791545657
19.784791954,17.313346850193728,17.85160475521814,18.251324,18.987684,19.181667,18.666483,20.506373285454487,20.411150685286252
19.788198406666663,19.00447110572697,18.626491388521472,18.335836,18.97784,19.278309,18.502455,18.572372014454945,18.872393176529503
19.803677612,20.329251878047717,19.44170533795884,20.625618,20.034891,19.95079,19.803381,20.01321040657661,19.83744343879589
19.809349654666665,20.467531041167906,20.34544028248604,19.534304,20.3333,19.37162,19.845612,20.10304492757276,19.804650506444563
19.820553081333333,20.11811074395604,19.079511312257523,20.053988,20.064466,19.523855,19.018421,19.251513850667457,18.97772248375917
19.84812995933333,17.83544518955481,18.24758879388336,19.792149,18.470627,19.536652,17.446234,21.259625308096933,19.416919546623856
19.85160398057182,20.425682249507904,19.803539581949057,19.598988,20.552292,19.23913,20.710028,19.832216432716653,19.86040670675092
19.8539321237906,12.332726455279031,18.496827252398987,16.721195,14.749277,19.833788,16.649128,16.159472195014743,15.79952570400986
19.88401269188516,19.524992442707195,18.778206810557368,19.563295,18.623394,18.161686,19.665712,18.873067474015254,19.11252638205724
19.91115848533333,17.968016400715236,17.757430702534688,19.006569,18.689962,19.437126,19.031336,18.15077557410711,18.068970038330427
19.92381255133991,20.037801207143595,19.60253905529072,20.220638,19.503452,20.111763,20.114437,19.228556340921894,19.433648591403177
19.928302217157547,19.61813928908782,18.96976811984052,19.07376,19.031384,18.552616,19.43381,18.733208119487013,19.029242778512657
19.955451335393978,19.573005770762293,18.96976811984052,19.074314,19.290787,18.844105,19.865692,18.692766444641627,18.896142327659405
19.96498946,20.58722580410733,20.62549178787308,19.820349,19.280468,19.227629,20.44876,19.56087151005309,20.011889694691583
19.97140338133333,19.09789300926388,18.582196343017703,17.73331,18.897923,8.748427,18.156866,18.69944717812534,19.04085614578073
19.975702582666667,20.56613040380706,19.528648118601986,21.037214,20.576567,21.110155,19.330973,19.77647297908952,19.86636496554863
19.985474128,20.592558564785293,20.10206302544619,19.307184,19.376432,19.336123,20.152187,19.38477919703021,19.776147245168943
19.995992740800947,21.461501122684503,20.6643807804376,21.098005,21.162066,20.841036,20.601929,20.682939343010045,20.495508610709788
20.006617656,19.744633387332627,19.579171783511853,20.13654,19.665127,20.358025,19.77795,19.222719468001443,19.57052384218118
20.027995375333333,18.193604834798407,17.307921170659334,16.772352,14.333327,18.085224,18.166641,17.99675937012285,17.925485798464752
20.04076516319505,21.757015832884548,20.604424912006504,20.790823,21.540867,20.78862,21.02046,20.47463140396249,20.70144320329839
20.046938372666663,17.622858227441537,19.383493835101746,14.847579,17.318712,13.900034,18.170221,17.614380811710554,18.338938233961105
20.065390833333336,16.69801625844085,18.53584244714279,20.547613,18.304985,18.20026,18.079891,18.176026915512928,17.594350420252866
20.09347597533333,17.573065194903737,17.6586544111454,19.860283,19.604694,19.397055,17.45338,19.77809673641483,18.552216814523288
20.10349041488936,10.548612391228716,16.24559514814279,11.520216,13.756056,17.202667,14.937749,14.07852635379315,13.957735642252333
20.103585947400408,21.773793353142995,21.13173337271535,21.5451,21.64271,21.268085,20.964422,21.25231036251852,20.726276511130177
20.11251110266667,20.33365542565043,19.453278622494476,20.418882,20.39015,19.72531,20.057802,19.357891846319877,19.466232711235985
20.11305598688189,20.477238378433885,19.734651341519065,19.934528,20.617033,19.606607,20.068905,19.30386266195271,19.71042805828033
20.11405745133333,20.3919365167969,18.080175497939013,19.775108,18.70406,19.681322,18.674135,18.854061671007525,19.18788407303064
20.114635329333336,17.97633469801543,18.55936362629007,20.345572,21.04751,19.891094,18.131804,20.949947824754855,19.98711220381363
20.122754054666668,20.760479028588207,20.24578326607869,19.724672,21.660482,19.736288,19.934038,20.84251136885894,20.104692269406005
20.12328152489813,17.34381443261327,18.225165338396184,18.170883,16.490046,14.533438,18.211582,17.574811427318487,17.940657698493673
20.12713441,20.85717003997132,20.866735823812483,19.818933,18.763033,19.070898,19.318865,19.66701221310203,20.36645890831248
20.15040361700437,19.717367772272727,18.73318646445627,19.282284,18.323364,19.164827,20.13003,18.154451047160155,19.64245338560606
20.15502435133333,20.168147211748003,19.579171783511853,19.506344,21.335688,19.654354,20.121895,19.63695151122991,19.55523467609312
20.16086091733333,19.91946889463008,19.04990153148168,18.162455,20.313242,18.726542,17.746027,18.53612704059384,18.834810917511295
20.177016903472424,19.889730294166117,19.565815480797166,18.220251,19.621315,19.96984,18.97253,19.50537138857026,19.8550518205465
20.181695689402783,21.862427507908777,21.076441598445413,20.494665,22.240171,20.960262,20.616112,21.471015046591084,20.76610783543069
20.19856603381292,18.48568010923308,19.55039646324743,18.546608,17.342081,16.324833,18.978945,18.47618640727448,18.84879401812042
20.21691238983773,19.325447877012294,18.69966389752706,19.103624,19.05642,19.139727,19.405737,18.47258255357689,18.7219757476653
20.217692486666667,19.31047482246467,18.59265507649767,19.146616,18.888945,20.153296,19.074686,18.592375783168908,19.22714821983229
20.229095116666667,18.35037298705658,18.18465743237631,19.895973,19.967613,14.6648245,15.295883,21.488925020055987,19.81332394596693
20.235749046666665,18.670469705521143,17.770132998601348,18.75584,19.023125,18.638979,17.557737,18.31083364295733,18.370150657303427
20.264399926666663,20.812551410104813,20.79763709881519,20.517546,20.08862,19.741135,19.866385,20.0222802271656,20.79021375334897
20.282814354551466,22.06457972478832,21.076441598445413,21.535585,22.02878,21.178444,21.40819,21.082638243798844,20.888364290640997
20.292457110113585,21.471395990589286,20.604424912006504,20.944258,21.725988,20.58627,20.23785,20.991389188470883,20.5592575562906
20.301108894666665,20.70979513384552,19.453278622494476,20.58408,22.148882,19.379892,15.574439,19.755957441845908,20.41671602008621
20.301749006666668,19.35459332309024,18.53217062940852,19.248394,19.459017,18.613565,19.811049,18.951630343275863,18.855004572309408
20.30615079740684,20.88260100196996,20.25250170836487,20.554111,20.673183,20.565054,20.23392,19.873776828424276,19.901948584331382
20.31562412067385,20.593063798273477,20.418545789441783,20.836452,21.54212,19.863363,20.004877,19.201654474348658,19.69661603699794
20.316193526000003,21.330607960158527,20.81900731143575,20.147106,20.23911,19.772778,20.888535,20.072698512539013,20.26238594073929
20.317961138569142,20.66503257433469,20.224948437111077,19.652777,19.422895,22.19036,17.905851,20.5982293282216,20.336534480926115
20.33883374,19.52802256049309,20.17360621209106,21.446152,22.160881,20.094513,20.468805,20.62465780233483,20.18797273150702
20.346747256666664,20.439606624940517,20.34544028248604,20.396315,20.218634,20.662266,20.773983,20.60590954552154,20.540264240858484
20.34981777452307,18.992305535637406,19.501503479164004,17.994211,18.971125,16.445076,19.100307,17.751119982625813,18.78375283581881
20.36040209305816,18.234920462406933,17.973230268056835,19.797209,18.296959,15.851807,18.285954,16.94824742321695,17.989712938929273
20.367081782,20.308435568834923,19.701993658127947,20.154139,20.683931,20.261131,18.574156,19.428329752383025,19.597656722454065
20.37628177733333,20.615736564910303,20.22678393830917,20.470713,20.291622,19.826872,21.115097,19.990481567792493,20.234902019386357
20.380202624666666,20.959331065233005,20.866735823812483,20.407503,19.868093,20.21009,20.333475,19.84397249814889,20.34987373943472
20.397298708,17.643303842672648,17.71823306301043,18.650415,18.047934,19.010458,18.765928,19.92105797167754,20.859607620953724
20.397299858666667,19.143012894736916,18.584061176902942,20.328695,17.790298,20.021566,17.937315,19.848188324903568,19.227226076901093
20.429153201993525,21.348166346917264,20.835089670822278,20.913122,20.98822,20.31304,21.111204,20.6893369406496,20.336125018215245
20.445964638666663,20.557769667796997,19.628340958496224,20.411123,21.14447,17.998262,19.68625,19.9502243998528,20.020010062649188
20.464784416666664,19.981146086290888,19.453278622494476,20.482199,20.490711,19.696278,20.563019,19.004546596798896,19.436124142903417
20.46992847734493,21.90487294516076,21.43775211445705,21.55059,22.42201,21.385798,21.599648,21.38748245193862,21.17210510732957
20.472398699333336,18.40743375545435,18.59560614879128,20.41671,19.044994,20.655006,21.289068,21.118685172582783,19.523090950324903
20.484345004666665,20.711819419398704,19.654912055484825,20.497948,20.605188,20.332315,20.09613,19.81282377091447,19.806109797517543
20.498416525333337,21.110583839547157,21.220735160472856,21.034706,20.075489,19.954403,20.990906,20.237279639560203,20.30704219081796
20.500139361333336,20.539191872211298,19.781243665705865,22.31174,19.486492,20.150242,19.71524,19.55360641516164,19.59831688883303
20.509577249516536,20.370459096137488,19.68273552971745,20.157381,19.123053,19.048872,20.331013,19.74612314734956,19.819130796210757
20.530607018,21.12644678035077,21.04760165919089,20.355421,21.157862,19.83861,20.41427,20.98284135312762,20.358765088619137
20.532730148,18.025334149486465,18.703734506553804,18.748533,21.142702,19.745193,16.882038,19.053574393653125,19.457693459054568
20.534152403333334,20.77547928666681,19.93263763731491,21.31424,21.160952,20.638147,19.77591,19.76306079515583,19.910198382886133
20.538717422666668,18.12681172089125,18.703734506553804,18.802086,19.713676,20.177975,18.220118,18.92282378707703,19.27772258871816
20.56382201,20.622019390123103,19.896126194229133,21.315678,19.955986,17.803762,20.61808,19.35612901620812,19.71451977127271
20.57989508733333,19.579736927258743,19.579171783511853,19.106365,19.508348,20.345587,19.845148,19.986437963526924,19.919408366504346
20.581423816666668,19.21766413577607,18.53217062940852,19.182785,18.764297,18.828653,18.532736,19.057958982741976,19.279830538284276
20.599857102666665,18.779489645601025,19.04548686630766,20.511398,19.20383,20.79896,20.442896,21.919631545738557,20.350254964552416
20.61766229890636,21.12776557549446,20.27682476666222,20.46389,21.07321,20.538944,20.634537,19.695711343265987,20.16151986426075
20.628073792,18.64948081286336,19.16787456872238,19.925129,19.756758,20.407757,18.363562,22.40886536969112,20.315356909129683
20.65700126133333,19.96793239616628,19.52089370459812,20.291481,19.797205,20.117533,19.136854,19.97573820836747,19.71060541299642
20.669544644,21.2447663846672,20.277613112867016,21.59245,21.145052,20.52344,20.683624,20.87510842271548,20.635313714912662
20.70736574733333,20.58562758204235,20.34544028248604,20.784449,20.761778,20.948212,20.64587,20.094159608232207,20.3038678305054
20.710945880871275,20.410718433990446,19.63774859123697,20.753239,18.945839,20.052328,20.990612,18.88749651498884,20.465124153168905
20.718916933044824,20.883568143066093,21.5758758298998,20.337006,22.879576,20.078438,20.824743,20.45117966966357,20.56311049009799
20.72350993333333,18.25090477056178,18.78524482059721,19.560253,19.702967,20.436127,19.636305,21.07459293640527,21.153916630235475
20.72536616095914,20.67183216179081,20.262863851854604,20.397596,20.212858,20.671793,20.643507,19.879848227831133,19.68266304724337
20.74112497333333,21.44166979046576,21.444910654222248,21.119871,20.761747,21.032843,21.023293,20.874217207501232,20.7423679506988
20.75548609333333,21.458419756689786,21.444910654222248,20.477297,19.595844,20.032072,19.84594,20.49364272219468,20.754683090343285
20.760303308666668,21.26663146837746,20.36651852568254,22.017405,21.829977,21.74757,20.11223,20.64353241719228,20.619188397291648
20.770609453333336,21.04527780999906,20.22678393830917,20.413305,20.33797,20.266438,20.799192,20.289044390787755,20.438848047101462
20.772832753333333,21.493541012587777,20.95173726201427,20.353855,22.535341,20.266825,20.638298,21.740268822614468,20.73298353266726
20.77969753076697,20.76472691961934,20.825932780971847,21.620222,22.052866,19.890125,20.325438,19.87414706445606,20.245827455173472
20.786226139333333,22.029504802741773,21.41098895675813,20.87547,20.90865,20.444382,21.373705,20.7525129246928,20.906773879255763
20.795483380089617,14.660315230507274,19.89814135455902,17.111496,17.248053,21.420853,18.05556,17.862135769980625,16.91783791015341
20.816000995972303,21.28736732059241,20.5568369434689,16.866339,19.703117,22.339043,18.249983,20.80661600004945,20.76740003958012
20.827833284666667,18.355526389428917,18.494970532205045,20.32714,20.922407,20.317154,18.62463,20.87268646638108,19.440382760007687
20.831172910666663,17.951357400253826,19.490532457628916,22.999258,18.904207,19.639536,18.992079,18.901089499815047,18.707796372131646
20.84164833466667,19.85543196166462,19.47308123649353,20.189705,19.62887,8.989869,18.961515,19.93634182990893,19.90431830234901
20.842993782,18.07597712465832,20.16740331619592,10.928515,18.901295,14.208307,18.825125,18.520282303747454,19.2093004426229
20.85875390933333,23.00530135381004,23.112755416657667,15.269021,21.90942,22.658983,21.299875,22.01112430794459,22.961421151780097
20.864915163333333,21.09576745066129,18.93294406388636,19.938646,19.028353,20.687042,19.372622,19.676686198482045,19.99049225857218
20.881928905333336,18.983294232819976,18.025667929552235,17.652319,15.594238,18.71043,18.833841,18.83993854734599,18.747947505670453
20.884561304666665,21.803927651843686,21.718603560388352,21.137926,21.172306,20.329803,21.577309,20.96086877114067,20.85217127901257
20.88693645,21.49251085414473,21.37260152670852,20.792732,21.24686,20.518877,20.522207,20.979535594098856,21.260825791788488
20.897781597365054,21.282796327311235,20.81413604787831,22.806335,20.593033,22.979633,18.716766,21.098090393384386,20.81831553077396
20.9188245052582,21.519507335415625,20.835089670822278,20.999973,21.417414,20.639124,21.609064,20.539676452206773,20.264291983609237
20.926650227333337,20.0647913790844,19.50241534911272,21.252832,18.705585,21.002071,18.725863,21.38623771464245,20.121792367923906
20.940553280158657,22.334242260680057,21.53040142288515,21.505901,22.99141,21.528618,21.710583,21.445425264652243,21.85581659672944
20.952303472666667,20.997438031185563,21.04760165919089,21.010614,21.05685,20.97396,21.605894,21.3453736590905,21.019117995294035
20.967238612666662,18.5538016257472,19.29002640431469,19.372705,21.81368,20.889805,18.657978,22.307037609690717,20.30023174681192
20.968102984666668,21.438735593007912,20.22678393830917,20.653107,22.18278,20.208126,16.379524,21.10070046428612,21.48341792554253
20.976702941333333,21.230721166834204,20.866735823812483,21.004753,20.668924,20.618935,21.81452,20.579396571815483,20.95101152463552
20.99093471533333,20.525667633828157,19.91396281174381,19.76966,20.68626,20.146923,18.620302,18.82355996392518,19.74468660526788
20.99403562066667,20.91028771288631,20.34544028248604,20.62053,22.286411,20.223269,21.005075,20.749519924948533,20.223516230350334
20.995326906666666,20.965600550224064,20.445150781974387,20.826797,20.715414,20.868284,19.420109,20.39845928580609,20.564126941464902
21.019247381333333,18.88165605938373,18.707660815464425,20.516298,19.507359,20.215254,19.727903,18.8996097865167,19.231632430108096
21.02399436471684,21.741107957921404,20.712819801631717,20.784351,20.66897,20.362583,20.90984,21.303442536246987,20.94676400983189
21.037788253511152,13.680857374656082,19.309391820406283,16.343647,15.922876,20.891092,17.382786,16.814101943277603,16.12850085591465
21.053303400666667,19.101891320109026,18.955203938765223,19.822506,20.94653,15.59709,16.108385,22.32104623205533,20.539562170231857
21.11190728733333,20.11659476395265,19.453278622494476,20.52922,20.156433,19.513401,20.667875,19.321048407688576,19.690338199664712
21.11990082333333,20.242046127584317,20.89802287656918,21.858088,22.99592,20.629696,21.280666,21.685205192721117,20.82176477428764
21.12013564,21.820043336141413,21.650965174224368,21.071068,21.750786,20.487352,20.907406,21.738187427560224,21.012452356101317
21.15272974721754,22.130638443494977,21.47632841030412,21.440113,21.693705,21.680082,22.756493,21.362535588472635,22.355968474306103
21.163284432666668,21.413280507764544,20.380289293478064,21.347345,20.771536,20.843136,20.886503,20.925555694947857,20.825163228521262
21.186913818666667,22.49093195205552,21.873473330829743,21.091103,21.296797,21.245445,21.742205,20.90056364676788,21.25620392002925
21.18749901,19.701500430085797,18.869904314255656,19.401363,20.082527,19.476927,18.820753,19.107578125975845,19.10631744778861
21.189435894666666,21.250231927729043,20.38065348871404,21.764011,21.060482,18.226715,20.515894,20.90055415729717,21.008159100977487
21.192708038000003,20.691281396085493,20.22678393830917,21.135378,20.489843,20.214622,21.404125,19.80752617153852,20.40296062978133
21.199065920830368,21.25854226242358,20.882488810497872,21.602812,22.016222,20.789642,20.521088,21.864997322043507,21.463364660566903
21.210056546666667,19.03242590845518,19.338409360733216,20.389875,19.670118,21.61213,22.044138,22.555327306307547,19.75736498481978
21.219560942666664,21.2140684003786,20.486042423829595,21.150927,19.848806,20.899822,20.585878,20.853693431371013,20.69628908182901
21.219571654000003,20.27250297884663,19.47726208078327,19.981464,19.667547,21.027218,19.821209,19.835979720373896,20.087470568041496
21.221867936128763,20.688432142022943,21.267567596102275,20.0642,22.472559,20.02646,20.63772,20.38307719196554,20.425439853878174
21.253386258000003,22.105953782864766,21.09731331562795,22.563013,22.757103,22.180847,20.719145,21.57315259034032,21.18697556755011
21.258064151799623,22.109424053566347,21.50237926645454,21.55904,22.515255,21.232817,20.794216,21.81773351092051,20.914310893540115
21.26227193733333,22.17993314343052,22.06979323393164,21.141346,21.79198,20.844778,21.919222,21.506545304175027,21.280714005354543
21.27812631,21.63033925113055,20.866735823812483,21.207724,20.71705,21.079103,21.400394,20.845780458740634,21.145820676239868
21.28707601533333,20.799772946306764,20.320486511483328,21.30818,20.96774,20.699522,19.8393,20.878117473124888,20.45223222557705
21.29559852633822,22.4576931344769,21.568970398083884,21.618662,23.027456,21.590254,21.820131,21.962053001119124,21.58978056857374
21.315348091072394,22.207479475026457,21.493240208615887,22.298063,22.531254,20.386917,21.907835,21.884642500495307,21.568729581979284
21.320694140666667,20.346195713133618,20.34544028248604,20.764933,20.6649,20.941551,20.695534,20.775567623294144,20.63865303496104
21.321198013333333,18.968440495659888,19.579171783511853,18.785994,22.191092,20.707502,17.584972,20.66687830007467,20.333418038525
21.32489804,21.4470836765885,20.6492735467412,21.769413,21.390818,21.308575,20.483,20.945592373118775,20.99338316627337
21.3256999793088,21.292550984491125,20.733806358270407,20.561678,21.283121,20.938942,21.203712,20.54117420709256,20.23572706547361
21.332350700000003,21.42054890921579,20.612338266187876,21.530148,20.275707,19.076189,21.323309,20.513237222310455,20.76936549917396
21.340930686666667,22.047483051627324,21.91577020963156,20.917522,20.923248,20.531282,20.463575,21.16711307698565,21.385881413237275
21.349320102,21.219776685868347,21.04760165919089,21.036102,21.619274,21.307314,21.468925,20.700154472568205,20.834640648191616
21.35088847825862,19.503044377085,20.27879431954093,20.319643,20.043272,17.052803,19.8274,18.266065877398358,19.069761591406788
21.35308539499893,22.711590274654903,21.756217235402676,21.75278,21.817356,21.210005,21.553825,21.82703797857408,21.77483105653134
21.35803032907782,21.59073263844251,20.682382609149137,20.882772,21.870077,20.450636,21.449816,20.993222784513797,20.966263892427104
21.36608942550691,21.434850335081236,20.75166109875676,21.00338,21.985586,21.699352,22.212444,20.921909927569143,21.631895107444414
21.391662706666665,22.07555001699825,21.845036089622845,20.67891,22.691347,20.837984,21.197432,21.60496238526775,21.906283466903236
21.406892354000004,19.016341639301004,20.2756331159996,21.448183,19.149708,20.716896,20.004263,20.42428195996998,19.91119147568745
21.41012532117199,21.6922238565253,21.211696137281603,21.280947,22.417095,22.030773,22.448406,21.38915117037121,21.883917230862668
21.41235742044277,21.5817510083764,21.62544750581499,20.999233,22.300272,21.693762,21.092655,22.43927977751252,21.8912349686987
21.42236818994389,20.514392880618544,20.259073289873367,18.535978,20.409626,20.548336,19.71966,19.95817499161362,20.14611914136642
21.42380801609876,21.850396521732712,21.1559197474096,21.380486,22.62659,20.845827,21.641932,21.526182519880216,21.258811486847797
21.429120884934942,21.97100965226552,21.173104873133543,21.855883,21.437357,20.705742,21.2544,21.81862658846115,21.21614677543574
21.438359008000003,18.928079377675235,19.579171783511853,19.412477,20.471539,21.108545,19.049053,20.502023681711524,20.130531275992155
21.45928753133333,19.368877954762123,19.817533555005987,20.501266,20.189014,21.749414,20.989656,23.407212490301795,20.697313113775948
21.46073173237141,22.48636592589644,21.788323777201608,21.250307,22.074213,21.808931,21.73217,21.09288598353176,21.42418999938859
21.4619602474882,22.341704673292487,21.71699246329045,21.51,22.202555,21.28129,21.564297,21.847285273498372,21.29578052525637
21.467156642000003,21.80529227075446,21.010020798530867,22.733854,22.03092,21.121887,21.442509,21.89755968805869,21.239202931273205
21.471582924666667,22.33286404200092,21.558525880629844,21.80262,23.267424,21.017452,21.195711,22.4099584201251,21.42450196175611
21.475476224670857,20.702480770449007,21.592513250647883,20.53177,22.729618,18.222395,21.181913,20.044161187780965,20.67588048771422
21.482734370666662,21.49193422763482,19.515196231229822,21.26962,19.363617,21.348019,20.092405,20.33027835249412,20.36998494886599
21.48724527016149,20.2689545937767,20.891784238038174,21.334019,20.213253,19.04088,20.505339,19.999522303508687,19.94188200299544
21.48996786287694,21.910931766158985,21.23277004872054,21.022272,21.782589,21.064161,21.910463,20.907562477944914,20.688738342509065
21.490321766666668,21.50329793530785,21.650965174224368,21.639984,21.86056,21.769264,22.107212,22.14015967834752,21.59552909496786
21.491233718,19.445531704855387,19.893196686831036,20.803993,20.384989,21.01333,19.306889,23.54383217140972,20.993762563359017
21.491708246666665,19.075650330447036,19.541313942620626,20.848162,20.756798,21.673904,20.837105,22.47719839220072,21.373301434304828
21.495722876736465,21.608980532295572,20.785029703056065,20.853172,20.987577,19.93618,21.413311,20.94808881923909,20.68755877447024
21.49727599032246,22.06890592163374,21.14891017759045,21.37817,21.725431,20.366661,21.739649,21.52450576021687,21.082737645770624
21.501569269981847,20.946546278318145,20.391109788052933,20.3281,20.355734,20.35175,21.088465,19.89707872357081,19.73492269698005
21.52395070933333,18.62232635152488,20.864270960148804,15.079108,19.998234,14.739548,19.389437,19.121958988211087,19.9178208400872
21.55126051674807,20.889145314738887,20.391109788052933,20.246292,20.049448,20.020947,20.603611,20.065709598502856,19.787628179787127
21.55379233372616,21.06734819220865,21.58254219650969,21.201103,22.060755,21.00901,21.356588,21.23996152860572,21.29227410605167
21.560367474666663,22.63960521735816,22.4458536887084,21.877449,22.576618,20.98751,22.153944,21.956504110045984,21.7577536786562
21.5776552,21.18900675527877,20.61596733929571,21.025423,20.742525,21.15655,19.406464,19.575262975595543,20.71320369338314
21.601258688666665,18.54026148164307,18.573595845515165,19.774996,19.12187,20.098219,19.289516,20.92339302894431,21.757462538171787
21.603393338666667,21.77516275942646,21.444910654222248,21.724554,21.46367,21.22554,22.35158,21.49508960738415,21.239816986268384
21.608341554000003,20.059571229173194,19.453278622494476,20.200325,20.14927,19.748579,19.33111,19.52018273021667,20.19713363833186
21.608482684,20.809665084473277,20.299339973512215,21.542812,19.921484,21.597462,19.516003,22.04864634574218,20.872455444306187
21.60935387533333,22.43659198567809,22.106531670293624,21.69334,21.98976,21.313547,21.199297,21.77468075939052,21.39591653855492
21.62631032794337,22.38222466374905,21.810760943871887,21.39169,21.77511,22.023706,21.513107,21.819092669384837,21.12090879899128
21.62682901464017,22.36163827949868,21.81172948166115,21.368126,21.4037,22.064861,21.635155,21.820951291268816,21.24533726724916
21.629981316,19.071559510377085,19.84324531196885,20.192427,22.639439,21.247984,19.194014,23.321770409576533,20.988223110184904
21.635478360666667,19.07822472288838,19.23387306594026,20.46733,21.356161,20.891102,19.638393,21.79366887154465,20.152519886235677
21.639658595333334,21.422568936691448,21.086046305113413,21.220182,21.170021,21.712723,20.082779,20.989613540868667,21.34480554279308
21.65668262235896,21.9768495609232,21.40207419038915,21.51131,23.080818,21.171461,21.696053,21.786242240615465,21.46927222325735
21.66101049466667,22.736432621674176,22.270105871223176,21.837276,21.669516,21.397755,22.027481,21.72342910955248,21.76678890586478
21.66716928341467,22.00299494147549,21.61790229066328,21.469038,23.01932,21.542128,21.592539,21.831660371641817,21.7631912271347
21.66824421933333,22.12769787720754,20.866735823812483,21.873163,22.647772,21.02902,17.251139,21.548054663727356,22.28853411080832
21.669401895333333,22.12488493351604,21.91577020963156,21.684841,22.116552,21.321632,21.715048,21.70976635501034,21.38218565161253
21.67542254214655,22.38248326759075,21.7251171531198,21.164736,21.733158,21.985952,21.245272,21.273492861235024,21.335745228202438
21.682517239333336,21.50590516236469,21.04760165919089,21.375095,23.178272,20.787256,21.713095,21.65670246805337,20.779353820652982
21.696229094,20.5874883630707,20.268224286717107,18.553015,20.76712,9.350363,19.77769,20.78938390102195,20.68622882258017
21.71161416376489,19.405527960175935,20.379242658021735,20.62681,18.759684,17.944576,19.75625,19.091707590603896,19.26676976563639
21.712110057530413,21.213899439926227,21.954004675532225,20.637861,22.65759,19.455654,21.33464,20.800940718820637,20.79631549031261
21.7221414308431,21.414559233088085,21.852065741526054,21.0646,22.79588,20.180916,20.931461,20.248640648380697,20.876023275483597
21.7233486764306,22.365207050827888,21.79561294236216,21.6124,22.33659,22.625498,22.67519,21.517871655497512,22.455704770561717
21.72791346911167,22.60261930895007,21.89569958614951,21.788969,22.19826,21.564108,21.253149,21.882513865334957,21.13782006069946
21.73339809866667,19.86106400079067,19.541641565779678,19.104828,21.786419,16.500435,16.81274,23.109245422043603,21.443120904765188
21.745380910459943,22.756822224954977,21.86347761696372,21.518066,21.686739,21.560873,21.471846,21.95428989212708,21.2245228494499
21.7481660417385,20.95306167067293,20.304367425661432,20.940924,19.752054,20.791344,21.653133,19.61653015498828,20.77594603556894
21.76115352733333,22.720725629304603,22.728922287962,22.221182,22.526293,21.56295,22.339323,22.431998442047316,21.95098667432659
21.769881654,22.16784082265461,21.444910654222248,21.876335,21.470589,21.702448,21.916428,21.849934666335457,21.387605081095444
21.773364154,20.21705145200361,18.727259341225267,19.723446,16.557758,19.280672,19.726223,19.66888735850152,19.423065880741284
21.77681820988359,20.78875617695932,21.226625970656144,21.110167,21.07211,20.289469,21.019825,20.685367322358672,20.58387780922309
21.788861858,22.5843006279841,22.21252353949531,21.736477,23.400375,21.379688,21.518469,22.45555747686312,22.37972671596917
21.789653524,22.43214626101241,22.269396758504,20.85541,21.693089,21.169867,20.75612,21.99382701834917,21.82653732811801
21.791456116666662,22.105515954822582,22.106531670293624,22.380829,22.27419,22.581675,22.617727,22.179242732746552,21.944291362874864
21.8155518005574,20.666436904181417,21.277545750921647,18.676626,22.007513,17.994272,20.956688,19.554232756885835,20.146728342275026
21.832351444666667,20.817352918531437,20.22678393830917,21.066769,20.033024,20.110464,21.502151,20.261597955747696,20.63692549624116
21.83881294023197,21.064894308877093,20.338441028925168,20.770151,19.872738,19.633812,20.879799,20.27718840112637,20.14210254284161
21.841088518666663,22.13415148363509,21.8231553192884,21.759892,21.003937,22.872393,20.392567,20.544502038945875,21.673892159962776
21.842983040666667,19.692254842665044,19.91774164061724,21.109674,20.817171,22.130651,22.68061,23.367656969652373,20.457774114005808
21.850353014000003,22.839059628848464,22.01648267901423,21.815506,23.574522,21.868822,21.630173,22.305749544269776,21.837730527458287
21.858065261333333,22.007835736146824,21.031949406991,21.041048,21.226896,21.677366,21.476038,21.32966483981587,21.611895875691168
21.86106879799356,21.96785591920745,21.1395164779882,21.151684,21.112236,21.581652,22.66228,20.89240092619731,21.87122451721745
21.864320370666665,21.35281916120261,21.039865711435464,21.093214,22.055944,21.088556,20.49655,21.60806918337948,21.00770424874637
21.866477008,22.82452141241027,22.50856869079652,22.076204,22.13282,21.42813,21.42821,22.67387639684707,21.92494292256272
21.872236742336938,22.40363988512712,21.883922221436823,21.713888,22.104675,22.67854,22.85215,21.8156549377674,22.25622235771381
21.877894670477698,16.044769374595173,20.475434889892387,13.053514,18.334412,22.12464,18.51738,18.66428356942139,17.789057182274956
21.87865450257221,22.34148163532073,21.86776671720514,22.332008,21.813494,22.62135,23.06385,22.25903278085246,22.527825894617045
21.879986548,21.07662866517176,21.542924046924934,23.08216,23.57955,21.420715,21.705593,22.58121822027231,21.64018291472419
21.88037583935697,21.451129148111992,21.9544718881573,22.711817,22.735785,20.045229,21.20191,20.52363428822829,20.617220019799124
21.881057036,22.890712431866344,21.728263598274985,23.379068,23.578602,23.005333,21.263601,22.40069707987537,21.88170857860192
21.91198010133333,21.28165692252865,20.866735823812483,21.135803,20.886547,21.094208,22.056097,20.427134884882072,21.13407267204173
21.92799122025279,21.73264716228439,21.083486595517503,20.984394,22.188751,21.180864,21.024689,21.184213463994563,21.11630063316113
21.93692834641861,21.392750875454485,21.04760165919089,21.054985,21.450085,21.092817,21.09665,21.83892931386144,21.184465044066
21.94122652333333,22.519329406923354,22.269396758504,22.205761,22.926815,21.91585,22.118885,22.27224525797523,21.855752904938356
21.942262818666663,21.154348613136424,20.265077678532936,20.850595,20.816458,21.636158,20.567125,20.671348541736528,20.85295455453008
21.945502622041072,21.490425869867,20.761634825030487,20.844961,20.674274,21.071308,22.189745,20.40298287159533,21.419856879291608
21.945853684666663,20.007647713367238,20.366130618024965,19.78624,21.19133,22.21068,21.582272,24.34076994257335,21.49874815271269
21.95301228,22.271438481236185,21.285776266177997,22.475973,21.959543,22.297945,21.065641,21.53007152237619,21.803543658204077
21.96517392866667,22.89955884176802,22.90743569899793,22.459658,22.403063,21.919565,22.396101,22.833470736749288,22.096951867386064
21.966580724,21.910419514138432,21.124274047062425,22.45604,20.466589,21.955355,21.15158,21.448063135712463,21.468048048318984
21.982884225333333,21.734108210472314,21.650965174224368,21.833479,22.388327,22.085213,22.01093,21.448301463385825,21.474470671161427
21.98962587133333,19.500067016707163,19.60783648524127,20.671944,20.311802,21.105011,20.455229,20.07044676743252,20.099563973862764
21.99946849333333,20.03554352634882,20.34544028248604,20.965355,23.121359,21.325651,18.119637,21.31993274005104,21.12481235663332
22.00242169746744,22.65915212042311,21.855416307342143,21.989624,21.920868,21.196156,21.816563,22.3637200745132,21.528120690495047
22.0067198606754,22.237978306559437,21.814797922549506,21.609245,21.973707,22.154022,21.708136,22.16452350027484,21.32292514318228
22.022513248666662,23.252104220318373,22.600248960401228,22.265882,22.383263,21.673803,22.25673,22.19927406965492,21.925713434515725
22.026298521421097,22.14113362764921,21.69438905683539,21.669449,22.347572,21.876255,21.699444,21.679397025557662,21.298615793755207
22.02639980666667,20.09179722063613,20.923070236532205,21.233017,19.456638,21.977583,20.467619,21.09909895324805,20.965187096848755
22.028003182666662,20.28458061770939,20.472038997216234,18.362125,20.885721,21.83326,20.042978,24.29529813516213,21.87820405125858
22.030468726,22.1889294578706,21.23681315668774,22.416862,20.862617,20.428896,21.879698,21.124223751187,21.58978364289162
22.03809723844063,21.816307702076926,21.89992676446984,21.576807,22.101421,22.17212,21.191616,22.173186325012693,22.15168544473893
22.047095622666664,20.596083838180057,19.73850510121372,22.062187,20.985481,20.32675,19.748009,19.573684834689477,20.042674932593155
22.04796333133333,21.765056087260994,21.248862815353807,21.463789,20.591112,22.15704,19.990892,20.10002817543481,21.461415212148264
22.08007748866667,23.147608946989937,22.40947211984961,21.989613,23.67872,22.05635,21.94789,23.34416616008603,22.390261066776105
22.0894823015208,20.714326820694797,20.849919351795364,20.463583,20.947971,23.349882,19.062426,21.31360290430685,20.33412893729429
22.090448170666665,22.600060511913664,22.102276942248317,22.353151,23.10595,22.624016,21.329958,22.649015742333365,22.18990867264623
22.093133562,19.25455463564437,21.56228702251197,19.580624,21.100027,15.527049,19.865395,19.828127673515176,20.791505991143623
22.09708827533333,21.908904937676127,19.96452680400432,21.607914,20.370337,21.645433,20.784052,21.07508509257842,20.90567166273744
22.106743855507684,21.977541640781133,21.520369893460387,21.7909,22.547174,22.368788,22.635689,21.789640717454304,21.993195751463613
22.11073993933333,21.41091404377863,20.866735823812483,21.218391,20.425165,20.958765,22.167294,20.910555958739657,21.328468701529957
22.11662736466667,22.847780469603983,23.038527376579108,22.437721,22.030897,21.991884,22.514702,22.488859817268303,22.03209125585571
22.12281133324177,22.58554496513907,21.86347761696372,21.351501,21.539225,21.842741,22.127777,21.60325980456637,21.253932122983727
22.12478845391053,21.831266629651378,21.361817850387503,21.523026,23.021162,21.101465,21.345798,21.57127204451969,21.646678146130263
22.12805409700097,21.42862216445742,21.318759726041016,21.719618,22.240381,21.26311,20.854849,22.35070143482703,21.682166567690217
22.142244824666665,22.61113643383265,21.66176664933072,23.035494,22.750494,21.844015,22.005093,22.74968589631002,21.946739031777653
22.142477100474743,20.699795242817103,20.34544028248604,20.452152,20.561249,20.743704,20.300047,21.03317121252224,20.68211699800457
22.148043810666667,23.59106120281899,22.8564131647232,22.280687,22.724745,21.844002,22.263039,22.47054688761029,21.99435385726857
22.15989596811949,21.98478383628727,21.650965174224368,22.070444,22.294088,21.923807,21.53381,22.63737068723361,21.793017070356523
22.16412376,21.943942427885418,21.651785535882045,21.161398,22.032944,22.37222,20.712748,21.98346914051313,21.623522247354053
22.17265312666667,22.30666536536097,21.91577020963156,21.892912,22.408628,21.526936,22.897385,22.196651648175063,21.74615434293411
22.17365502466667,22.60645722418488,22.64522598867652,22.241486,22.596899,21.376476,21.029593,22.642682674583583,22.305115302674714
22.186553872666668,21.81851103399574,21.01784655414832,20.996296,21.38861,19.015047,21.048107,21.3806062422363,21.76774320601212
22.19074404849654,22.60890389336768,21.86463666146237,21.93504,21.703169,21.196575,21.912529,22.331979723640043,21.670824743945392
22.191278929333333,20.32995185188873,20.0206417598388,19.2788,22.402815,17.630419,17.436968,24.225518043540045,21.85242798728037
22.19217212533333,22.61790003651217,22.50856869079652,22.782475,22.69627,22.831953,22.924206,23.05502648527197,22.48668348394592
22.192944088666668,19.830458155926472,19.77739729660261,19.01034,21.708439,21.712206,20.47098,22.649997995386,21.07368462643726
22.20890817,22.801024117621026,22.64522598867652,22.431896,23.920937,22.11639,22.394419,22.938166863276127,22.343320206589045
22.210429149333333,19.66449212567136,20.08975878532299,20.872486,21.748379,22.327513,21.60667,23.2048436082962,21.98449143849696
22.214548054666665,22.624201482583302,21.444910654222248,21.55594,23.594318,21.844627,18.163105,22.301250377736,22.66999573140525
22.216941141333333,20.937171191892,21.04760165919089,21.010715,21.583124,21.296303,21.546839,21.573480435095437,21.15451969232838
22.23266047703618,21.776019149842146,21.23277004872054,20.852945,21.50159,20.738525,21.436779,21.11169702964045,20.75383855609532
22.23398414733333,19.71480497513501,20.39605269926183,21.959326,23.323584,21.70596,19.540121,23.889268093053584,21.612615534039385
22.235445510666665,22.26731691992179,21.650965174224368,21.21636,23.77608,21.604692,22.307423,22.285142180370613,21.409559576735077
22.24827414379316,22.517860475569982,21.89569958614951,21.35467,22.005241,21.81974,21.990799,21.59245979037332,21.179590996961608
22.248861170666668,20.806562140697604,20.22678393830917,21.022547,20.470592,20.403242,20.146854,20.798389241184942,21.232211437739597
22.26372947933333,21.44148606082632,21.01188294450883,22.362806,21.040876,22.160292,20.422983,23.110766795499572,21.49190925442472
22.27088396266667,22.693591878988656,21.91577020963156,22.075485,22.464746,21.973425,22.433182,22.521631538856944,21.87241205879505
22.272177489827182,20.270780890796857,20.830894960363946,19.515692,21.396029,17.444267,20.54385,18.952220706301844,19.677049707644887
22.27300135733333,23.4043106727991,22.73908136078423,23.20564,24.35591,22.33927,22.14025,23.76367194640392,22.641847977554924
22.27363372698959,21.825743091741757,21.982537549555666,21.329166,22.023693,22.336887,21.480011,22.349704315352547,21.801871669036466
22.28165471133333,23.069879081141647,22.921364866404343,23.005442,24.00272,22.696613,22.65353,23.79433544455913,22.572420402710943
22.28335313131185,21.29586098934117,21.856394444956496,22.989452,21.959734,21.928993,21.510796,22.120801520605763,21.569147092544306
22.288343704,23.1650708731029,22.83305518332141,22.470333,22.76598,21.714346,21.590883,23.293206995919785,22.148747815646978
22.29182110505897,21.3509039818151,20.68597053759836,20.702501,20.124523,22.668653,18.471943,21.37212169818886,20.779495418976808
22.303351522,22.83628944221244,22.59109041626588,23.310553,24.269258,21.557991,21.82047,23.042170867258697,22.86979607783461
22.31616616533333,23.11368849094516,23.04756527133278,22.614584,22.466185,22.043262,22.403933,22.50960602679328,22.013070820113604
22.321723174,23.747611041768558,23.01964568540352,22.618368,22.533333,22.098309,22.288164,22.19303343018591,22.27370470381163
22.33408575822341,22.140950648499928,21.52832009559051,21.707615,22.371721,21.083347,22.045883,21.27713760309425,21.18563711692974
22.342400311333336,21.143763214761183,20.98538855321736,17.410343,21.748392,9.656454,20.619188,21.44414911951636,21.24715797904053
22.347085924541563,21.826617365404022,21.98809189324749,21.77914,21.66658,22.354572,21.654778,22.405183578257727,21.817305675181714
22.34714811266667,21.713173128562858,22.02527266555164,22.981909,23.767635,22.364052,22.168262,22.660832633795504,22.10228734451722
22.36890021064128,22.41099244153441,21.73736808259967,21.959421,22.368855,20.899136,21.972612,22.15140159018532,21.685601794726093
22.375516145540235,21.161110602256617,20.888744287269493,19.011185,20.584063,23.345608,18.797934,21.231514967904797,20.9188864233959
22.382081912,21.81518877806893,21.444910654222248,21.821106,21.647108,21.700428,22.607649,21.222729918371904,21.413501308026166
22.403603931919047,22.299309634636508,21.71699246329045,21.626228,22.333384,21.594574,22.152117,21.550166498550407,21.288173130075386
22.40975100933333,22.83652619096596,22.921364866404343,21.8459,22.626738,21.964413,21.220486,23.504311420513243,22.48587628781484
22.412339970666665,23.80004139413296,23.156780317045524,23.23107,24.483673,22.825977,22.148209,23.842419423477367,23.07463628190226
22.425911682,20.355001628871012,20.476683313555007,21.797411,21.579887,22.547106,23.143257,23.95404139455519,20.98956964866034
22.442399717843355,20.391704226462057,20.95628004823391,19.578123,20.379772,23.342419,19.161802,20.99755470693,20.077065593823374
22.44378608066667,22.538188728267485,21.58799400869316,22.49778,22.148155,22.324354,22.030502,22.12557553371236,21.878207649280217
22.459442131333333,23.462882640501576,22.99935967100663,23.079973,24.649286,22.591835,22.191824,23.753998670322247,22.76720357557817
22.46919410367417,22.036978219708896,21.44459907120353,21.753693,21.955736,21.596098,21.141361,21.561214465645115,20.94459287211252
22.480089372,20.656526237057687,20.83692742427469,22.69582,21.88973,22.687832,21.975008,25.020435858398343,22.30463791685581
22.4924973272402,22.497540309354186,21.788323777201608,21.630749,22.217613,21.570753,20.989826,21.50606698926678,21.35827164627621
22.492889408666667,23.35157681364573,23.20226903634124,23.076048,24.297577,22.761702,22.216873,23.735990395202176,22.864700676376053
22.511691672666668,23.474865302195568,22.24567681535656,24.64459,24.00617,23.950178,21.62657,22.63525219512468,22.31409058396698
22.512006305333333,22.339147108129914,22.106531670293624,22.30767,22.774689,22.927132,22.504139,21.60755677704305,21.89309915255137
22.51965391,19.827473047085338,20.34544028248604,21.119598,21.425913,21.701256,19.841978,21.142630379236085,20.898502153915807
22.52168522405861,22.61940223211805,21.858316831133063,21.776484,22.005411,21.576637,21.52971,22.283159432456664,21.29166400261973
22.52839017832639,22.444210210024963,21.858316831133063,21.573687,22.014677,21.878635,22.169928,21.95002128998045,21.3167361114471
22.536357724671632,22.231886579825908,21.50237926645454,21.440588,22.359316,21.457626,21.569492,21.410671354602247,21.03336455253976
22.542374095333333,23.15308027891003,22.83305518332141,22.57892,23.358007,23.070314,23.191547,23.75901670427857,22.67142097758516
22.551971258,23.06417797263028,22.866501626891075,23.464573,24.188087,22.145536,22.012243,24.018755515829557,23.053792799562704
22.55200761533333,22.659579638477908,21.847907716318467,24.002878,22.94228,23.049171,21.372808,22.32155457882944,22.0830245933974
22.552677909333337,23.39354557587662,23.081268589489515,22.740425,23.037098,21.936554,21.514023,23.248696479812203,22.26632871925973
22.556234028176664,20.85170035514805,21.83843509442345,20.371143,22.789547,18.929493,21.289055,20.38838929274401,20.761951782817142
22.566201090000003,22.64647758840908,22.269396758504,22.319395,22.89853,21.962887,23.142809,22.68991029667089,22.17111821532396
22.571548318,20.784528870566945,20.40807979714268,18.10057,23.146896,18.024525,17.912773,24.53929283797487,22.17867750435625
22.575063008,20.82218960051073,21.53070277796746,19.978477,20.45569,22.923237,20.99538,22.127393531962145,21.4462194898239
22.58500019622888,22.43610567962172,21.89553327268008,21.570904,21.582758,22.612951,23.048567,21.75160338652132,22.440270493231363
22.590165518000003,21.3617399380707,19.29498598621016,20.852455,17.358498,20.08264,20.155334,20.44903049853076,20.271362847464403
22.593322842666662,23.076146473538373,23.11706975072141,22.481907,22.636126,22.277985,21.361538,23.519241518936493,22.604053474365248
22.60421510535293,22.076551695417194,21.52832009559051,21.327448,22.270601,20.758041,21.533081,21.491791669584558,21.25354022482011
22.60568874266667,19.952939220680992,22.156687841643624,21.564297,21.776934,16.680048,20.179358,20.06087331626093,21.330997615482143
22.613977870032382,22.47506254818812,21.857129185982675,22.045874,22.172405,21.182695,21.99404,22.66093742557729,21.751172945680292
22.617652204,22.7499408399128,21.802215641691088,23.789722,21.870253,21.491173,22.320662,22.008177668453506,21.85819783605005
22.61839168333333,23.54790271247124,23.23364912830409,22.667406,22.77244,22.218203,21.478373,23.22666555682517,22.57304735317831
22.61881807,20.872554245956056,20.881832692650768,17.399048,21.285147,22.782974,20.720531,25.04767741490641,22.29202134110808
22.622135336,20.316067311042588,20.666503971140603,21.590107,22.428886,22.899458,21.78843,23.821236617135785,22.64953139546565
22.622152916,20.37240372341409,20.251426615599318,19.855186,21.923151,22.709106,21.156021,23.339906311289838,21.471121969971588
22.625031452666665,21.93424416174014,21.444910654222248,21.910694,21.074825,21.612885,22.696705,21.8084901182776,21.57687195736042
22.637820606,22.358320694018843,21.671181677838323,23.721731,21.684065,22.668058,21.65161,22.19567146283264,21.77500886009488
22.65182858933333,22.172813063218456,20.346040114728236,22.051655,20.968004,22.098686,21.223965,21.71592686626052,21.33816923580333
22.66258115533333,20.218872785740725,20.69934968696628,21.800177,24.38689,21.60333,19.701357,24.736917784236883,22.114880977663372
22.672168434,22.952690697943822,22.45694861982864,22.495096,23.78729,22.931757,21.638065,23.11468541873707,22.615706048071573
22.67664968,21.85966486221784,20.98054403575829,22.965647,21.743856,21.985716,21.34191,21.3843653506265,21.37330802617397
22.680222988,22.445571319379177,22.42622033914748,23.500292,23.815802,22.690626,22.44069,23.52252199989484,22.80014654999493
22.686412306,22.183878980607897,22.50856869079652,23.267124,25.348179,23.723164,20.339504,24.01025212253922,23.42822724293732
22.689074858666668,23.01425623604697,23.244090362432303,22.56821,22.222265,22.227812,21.530197,23.3521355178561,22.47631900047425
22.690124908,22.900366101425558,21.91577020963156,22.922369,24.854534,22.196795,19.219475,23.01967572741237,23.23230064977861
22.703588325608266,21.19174962846005,20.750295541477065,20.391058,21.512041,20.789625,20.52173,20.595491614021576,20.725280492700925
22.70369144,21.751967264993144,21.661120017459687,21.475159,22.966137,21.982292,20.90158,22.46442799945364,21.67264488325864
22.71370338066667,23.264753637045,22.15795057752773,24.433939,23.085953,22.769564,22.455685,22.828497764475227,22.372477220277005
22.71645622866667,23.21083865489192,23.182658183387822,23.347311,23.931622,22.607565,22.32114,23.86470486929766,23.03511284978125
22.721173238,23.415512481338293,23.060325175847463,23.277555,24.223164,22.541918,22.166412,23.98523357607889,23.193202750821587
22.725499087333333,23.18959914927042,23.269072419421548,22.55978,22.63312,22.213932,21.438517,23.342868091140545,22.32777552545833
22.745866655333334,19.348195695555688,19.31537840646457,20.103561,19.573713,20.713968,19.86283,21.99619806741421,22.435916387115125
22.748005398000004,23.049875421408025,22.269396758504,22.707857,23.020056,22.397652,22.639229,22.961960370480288,22.28905352929824
22.749610202,21.99830347524999,21.607167420090427,23.232529,21.98058,22.931055,20.988327,23.9117464669247,22.17948590226315
22.75463602495167,17.309830455661046,20.729285523739048,19.209217,19.820826,22.403275,18.82907,19.490256801345726,18.733914865428343
22.772605456666668,22.75143445258252,22.106531670293624,22.139444,24.028929,22.48505,22.643538,22.11544492003749,21.752804465525053
22.78088801066667,20.77914833924757,21.04760165919089,21.820541,24.202877,21.73402,18.89588,22.294565442824872,21.73577995052532
22.796378386,21.26017514573518,20.482086062527717,21.569548,21.110226,20.856785,20.69329,20.657334712117148,21.066931099168897
22.8026934177721,22.3399202965946,21.47165158968272,21.807495,21.881197,20.924795,21.422081,22.18223642291978,21.41926758494117
22.809839818,23.090280246580345,22.033083097650312,22.919355,23.09985,22.61473,22.553196,22.75340209815244,22.382576542226445
22.84246544790263,21.702228206046332,21.101772291388844,20.915594,21.770998,21.365168,21.45405,20.995565167267248,20.67315871205984
22.84273977933333,23.04236395940202,23.11706975072141,23.176235,24.180481,23.190413,22.865711,24.039346610615446,22.739110430078945
22.84422443133333,20.879894735151517,20.900172927106397,21.834122,23.011932,22.699932,23.325686,24.59716900504878,21.48141602501039
22.87201571866667,22.3392584041384,21.91577020963156,22.26407,22.63989,21.97465,23.129084,21.902223000751864,21.921586791607
22.892050576,23.40390534013428,23.081268589489515,22.82771,23.661333,23.291233,23.229946,23.745605865761515,22.727353443968894
22.90906390857488,22.205570342988626,21.727896139997945,21.39274,21.650263,22.222998,22.996855,21.88268964142376,22.489924541060624
22.917650080666665,22.887319612555867,22.64522598867652,22.584618,23.62954,22.107328,23.345213,23.21025696664586,22.61007115522399
22.918544318,22.324826559834744,21.579566160429284,21.043339,22.098314,18.9412,21.59478,22.188236649113183,22.03108405631973
22.926322476666662,22.983209864056853,22.269396758504,23.183105,25.705248,22.779612,19.844336,23.66906594488148,23.649316594767424
22.936978820666667,21.35139213579872,20.866735823812483,21.144377,21.138119,21.261326,20.941525,21.319757227570783,22.020367190384803
22.938103404000003,23.024690389462968,22.50856869079652,22.666273,24.08082,22.643848,22.907808,23.139054500278725,22.22872971186068
22.946927078,22.815007793962504,22.080097524528394,24.342163,22.919249,22.9751,22.220074,22.97969513578894,22.307778200171203
22.959952,20.479383674786284,20.40939192429885,21.268873,21.545948,21.724869,21.145836,20.90621239100517,20.855929810617518
22.965923260666667,23.01443536232381,23.06137624307989,24.470467,24.514452,23.522312,22.735992,24.32259442164892,23.26712143031975
22.966757454,22.37517465812868,21.91577020963156,22.228323,22.135002,21.915361,23.220308,22.42538124977986,22.083427892804732
22.98786851,22.788954143429795,22.50856869079652,23.060007,23.143703,23.19158,22.828114,22.44719378004491,22.44036446759125
22.989293136,21.481975782563044,21.650965174224368,21.982473,22.41952,22.096333,22.081785,22.44864050333339,21.79895529183379
22.993382972,20.185762833915494,19.864280561384465,17.07857,19.899023,21.63806,20.319479,22.949986097942094,23.330109213752333
22.999246088666663,22.528710015700405,20.611794583080005,22.036089,21.674404,22.157495,21.475582,22.105826337569034,21.82819386881525
23.000935393333336,21.234459335206743,21.268959552828186,22.16118,23.117403,22.813492,22.1977,25.80298896562401,22.97847470238147
23.017313506,21.62765222166264,21.60515864617986,20.48984,22.605337,9.909597,21.16304,22.224746594480507,21.92153986486605
23.01814782866667,20.800523132358105,21.024997100480384,22.101122,23.910942,21.642576,19.797918,25.42060241149126,22.20476385018145
23.021208466,23.278925316325733,23.269072419421548,23.302248,24.256704,23.462267,22.949429,23.71375340273502,22.539734602819426
23.02357178064644,22.62089404877855,22.106531670293624,22.367517,22.769476,22.766026,22.004896,22.55373522978662,22.1597193526142
23.030737303333336,23.341424613832547,22.64522598867652,22.754452,23.855675,22.51581,22.824331,23.56168900205178,22.749391273441944
23.031005644666667,22.664604778560523,22.269396758504,22.561867,22.689579,22.392344,23.481892,22.91377706784621,22.45092146375257
23.032526214666664,22.82166459903112,22.83305518332141,22.944523,26.157393,24.004194,20.891895,25.03759962158785,23.75258870565323
23.046493386,23.038677807035786,22.564509753616733,22.588205,21.629086,23.103905,21.03235,21.47633008470255,22.499048700737607
23.060331453333333,23.129097540428607,22.921364866404343,22.715614,23.355486,22.695118,23.431166,23.84939733787904,22.7772692302229
23.080031782767488,18.381443496473043,21.002386146349085,16.955559,20.179071,23.06609,19.009531,20.589008869880864,19.3217610802379
23.080431838,20.33864612170104,22.60404334134237,21.81037,22.236137,17.340296,20.476961,20.840576631392715,21.934494046025243
23.08496239666667,23.831058853599863,22.650489295213703,24.47188,24.472258,24.25461,21.849295,23.531928836222612,22.88156535758361
23.10770348733333,23.33934311012116,22.241330366724487,24.147182,23.0058,22.04627,22.842289,22.653166683075696,22.405537454610727
23.112552547333333,20.97209577005108,20.781159816300324,18.816721,23.469093,18.620508,18.391577,25.18712527499257,22.19465867512933
23.113413206666667,21.588717663714604,22.106531670293624,22.959385,25.26499,23.474253,19.937881,23.21294469734943,22.884662783411898
23.11372741733351,21.673136192571704,21.97389939798188,22.880991,21.868113,22.484276,21.565966,22.40832854836299,21.782968650091536
23.123526546666668,21.504580744919217,21.307684641898025,20.856802,21.834951,22.927597,21.138536,25.692518059501804,22.642364108105824
23.129034438,23.572709511362977,23.23364912830409,22.500912,23.398165,23.55086,23.322454,23.69812854600217,22.993406688837744
23.129821596,23.168956552227183,22.427823719540918,24.22206,23.79918,23.417856,22.399149,23.49626215209083,22.74115646173269
23.142301540666665,20.96355435089548,20.622439262175195,18.583342,22.515566,22.85296,21.690285,23.9232846067072,21.787108389292044
23.15485698333333,23.025954824102588,23.244090362432303,22.916176,23.749216,23.249203,22.95394,23.7443833216764,22.661559804557942
23.154899672,23.63264208519233,22.921364866404343,22.930885,23.684752,23.097511,22.914656,24.19729589325795,22.935995312075885
23.171146578,22.034306621418416,19.937813828066023,19.050297,17.961357,21.028843,20.741035,20.599324915559148,20.793930062715795
23.18478599933333,22.254121537177117,22.14391650086097,22.122568,23.569107,22.859947,21.254148,22.495746429553733,22.09109097302145
23.191690372,21.20607625915312,21.650965174224368,22.461887,24.878094,22.606909,19.324339,23.02996902538056,22.43078737332513
23.191768991333333,21.60368835994464,22.039253996813105,22.641603,21.673683,23.42029,21.687628,22.838226832880757,22.089268451527307
23.195184463333334,20.52201583219175,21.04760165919089,21.534307,22.318298,22.108215,20.721088,22.11135198256047,21.445147531921823
23.204484884666662,22.682771459547567,22.269396758504,22.684227,23.143263,22.416426,23.386051,22.352202019655213,22.342088285145177
23.208253374,23.373807509510048,22.83305518332141,23.100803,24.682371,22.937914,23.035015,23.529202564292863,22.400756711031192
23.234047975333336,23.194678811863103,22.64522598867652,23.288193,26.567226,23.00785,20.491331,24.283104895215672,24.101907445036936
23.24847081733333,21.37961481062324,21.18629216174833,21.987494,23.003424,23.283497,23.481354,25.08947505504341,21.48566313142772
23.248716492,23.253765835683048,22.32600583205992,24.08481,24.1355,23.401007,21.835133,22.981626265393317,22.60529349928835
23.252811019333336,21.20063254169433,20.999187217109217,22.819326,23.419987,19.253471,18.73181,25.531255728080357,22.162309129547225
23.258412964666665,23.59160239510825,23.269072419421548,23.388979,23.336685,23.453047,23.398426,23.803603791792213,22.77296864187315
23.260335155333333,22.52025851473107,20.304603739979072,21.239271,18.80996,21.396086,21.065502,21.47703421183211,21.431893809974422
23.26216572466667,23.36566032482153,23.11706975072141,23.256577,23.08338,23.090319,23.528429,24.07187139122317,22.90322257480316
23.262428979333333,22.763491972900127,22.785623663821948,23.864954,24.404379,23.131226,22.565466,24.42626482193082,23.091140569131205
23.27025209904336,22.468128298680952,21.636790990968755,21.401337,22.654135,21.68202,21.890669,21.977127203883413,21.7602343737061
23.27650401933333,21.085253825197448,21.156191877751176,22.996689,23.516415,21.469471,19.71772,26.01158252643548,22.28765044446783
23.288323956,22.769717249735265,20.81052639440731,22.860928,21.587828,22.645012,21.548548,22.52864590060248,22.01217128284276
23.288576344666662,22.65191049609976,22.256349197442997,20.751657,21.505518,22.863756,20.929998,21.16719842296505,22.177557543700587
23.289161062666665,22.409841976843047,21.60464050580242,22.383333,22.584227,22.827534,21.782099,22.064303933403284,22.009743629379173
23.31274440796804,19.65255977764212,20.91967828298784,20.636675,20.447435,23.465971,19.068602,20.676752964354737,19.77055724215789
23.31418037,24.093564023987856,23.23364912830409,23.333416,23.974247,23.857924,22.705744,24.09493672543688,23.2218038429181
23.320229814666664,23.5276067976561,23.245581817342934,24.177069,25.285204,24.638748,23.12818,24.30323480382158,23.34694007074572
23.32871968666667,23.1926069045418,23.081268589489515,22.982515,26.414497,24.326025,21.146805,24.6335656311633,23.78949352216499
23.335060548637585,22.25927595862372,21.683748637107342,21.879847,22.976667,21.76445,21.747461,22.285899313342288,21.82722756157659
23.350115362,21.828717787358183,21.683310800179044,24.086359,22.856731,23.452875,22.295076,26.51379343238761,23.161733415591343
23.351640513333333,22.593410518000063,22.100253974679664,23.40081,22.538258,23.913239,21.499796,24.016246733848348,22.63584385613975
23.352541684666665,23.939243289150856,23.11706975072141,23.262978,23.517815,23.476683,22.99317,24.412331840132744,23.07510487958028
23.36059350933333,23.53177091499154,23.244090362432303,23.220095,22.84361,23.327974,23.635485,23.824907086444853,22.80236896770913
23.361185906666663,23.677117241338248,22.56379394037813,24.378544,23.408981,22.942236,22.78547,23.738654513141007,22.93252067384394
23.362506546666665,20.73687744643822,21.05531765300072,21.40659,23.25694,23.109127,22.241335,24.52131871043464,23.0977114214628
23.366450956666668,23.543342390899625,23.081268589489515,23.174406,24.825047,23.290184,23.029938,23.66971382093228,22.474417032879067
23.367075091333334,23.585143337573395,23.3898909846842,23.587723,24.94975,24.023197,22.044233,24.207948524114723,23.058911326970875
23.393535412666665,20.572545138521,20.3310598960811,17.485918,19.918882,22.588028,20.953745,23.47469738227431,23.77135849740262
23.401836521333333,24.16806304075601,23.269072419421548,23.402828,23.871315,23.78214,22.81211,24.16049698794013,22.98881432167166
23.40937660133333,21.327637231756928,21.04100612548279,24.923874,23.098984,19.826883,19.008905,25.613180228779196,22.7864061452956
23.410072022,23.20583894935822,22.83305518332141,23.01219,23.8113,23.444202,23.069813,22.9757515077706,22.65715160339921
23.41199474681096,21.50319300729288,21.96464091995932,19.649925,22.313139,19.766802,21.394655,20.486362100216123,20.718602234062235
23.420706918666667,24.35487602824978,23.031603572202105,24.575432,25.217491,24.566446,22.04012,24.25101653828512,23.134000105984192
23.42184974133333,24.14825262210951,23.244090362432303,23.203363,23.305182,23.663057,23.059242,24.17257476483439,23.004461003095464
23.42855184333333,21.69678858721614,21.135009414603665,20.001516,21.619984,21.591875,21.38671,21.316185735101456,21.887115513615598
23.430393408666664,23.50334037407297,22.3867334810256,22.98976,23.655338,23.03771,22.775002,23.269560352627053,22.823883520771613
23.431161678666665,23.599658562688152,23.23364912830409,22.549736,24.498192,23.498888,22.933748,23.7487177254998,22.774389993448143
23.432782018666668,23.344262680075374,22.82320764333487,22.673231,24.66521,22.987364,21.903667,23.56506401164082,23.05167911349669
23.45718094,23.64396757905745,22.921364866404343,23.427294,26.542639,23.693449,20.959219,24.82225795547209,24.246756834771965
23.459320806,22.981046225167404,22.64522598867652,22.799364,23.884344,22.571442,23.529896,22.76606002004709,22.783706419665524
23.46019433533333,21.423864318490363,21.00092226249793,23.765017,23.266283,20.383076,19.327883,25.85521733901645,22.43564601496023
23.46272038,23.110395017110346,20.78134692450394,22.601892,19.788006,21.836308,21.353537,22.037585787122023,21.75015649889795
23.47312046933333,22.263587370803645,22.084053544286185,20.201307,23.124527,10.931557,21.621302,22.5831229836696,22.326607221360497
23.481375389333333,21.30116267620693,21.067039203514465,23.73344,22.884071,20.76061,19.68072,25.708435650359277,22.350542411332903
23.487844812,21.33500277497421,20.92997380613538,19.001102,22.88759,23.092562,22.13543,24.75717783996079,21.76873421763707
23.50178228933333,22.7997075369103,22.03179824252468,22.524979,23.022905,18.753397,22.13174,22.885618717757605,22.55391325660697
23.522404218666665,23.4489090398231,21.24896074579658,22.89591,20.459063,22.224297,21.46316,22.270329687402278,21.8922036814234
23.529099692,21.52531832105121,21.411041958418647,22.84764,22.76605,23.544168,23.367397,25.30395798465277,21.55793455671925
23.52991661733334,23.52385822759953,23.340139597715314,23.061892,25.050312,24.102423,21.936413,24.053798736278008,23.23728741668163
23.53194969533333,23.73685442987716,23.23364912830409,23.798716,26.385038,24.563826,21.375761,24.70150682862157,24.209080049249703
23.53201766,23.03307965535141,20.98798021684041,22.602371,21.205675,22.893137,21.647305,22.894791610977112,22.17330843234966
23.53456359733333,21.934177964309765,21.444910654222248,21.732498,22.199425,21.964329,21.589243,22.158942376777173,22.351230351209733
23.536059182666666,23.31387348070697,23.239123788965223,24.8037,24.36398,23.940176,22.619114,24.374361188793856,23.633034969322896
23.536946134,23.908026403860426,22.58915523023204,24.079817,23.678034,22.750471,23.017752,23.32593661529029,22.836812694314517
23.55169588533333,21.91396951766373,21.663144036424743,22.525639,22.203352,23.218023,21.567522,26.4007893354874,22.66933609470762
23.583583264,23.465010298665334,23.11706975072141,23.458338,23.450403,23.555965,23.674883,23.7113641424096,23.037820237483675
23.585107736666668,23.666034998803827,22.672609392078275,24.067196,24.884798,23.847273,21.964556,23.571744553535797,23.005163296168057
23.59212807133333,23.2423324736092,22.921364866404343,22.79368,23.664867,23.148424,23.63246,23.334777211299023,22.92776873529005
23.592211418,23.600158618966265,23.366611381096867,22.688126,24.38985,23.893118,22.262875,24.204846273559117,23.167497281250583
23.592620682666663,23.523757916968695,22.796738432299957,24.797703,24.715645,23.49846,22.517475,24.09866100554721,23.286540794123333
23.598735624,22.673143547401885,22.55734166452628,22.987175,24.057518,23.197733,21.545668,23.411348413043747,22.60142482632062
23.610019654,22.91823944750032,22.64522598867652,22.768122,23.5475,22.5555,23.63963,23.466230409099392,22.897497612895265
23.61011480666667,22.04852559888,21.91667756234662,22.587637,22.614494,23.773294,22.294582,26.954612121399187,23.18285032278677
23.61798641733333,21.71426219235627,21.38745108814861,24.318495,22.119972,23.451195,23.37184,25.144261165487112,21.615148325401165
23.624189044666664,21.22822447180953,21.127158228532544,21.179459,22.489462,22.101492,21.767963,21.79940583915763,21.41885084878453
23.62514851133333,22.175160020199787,22.106531670293624,22.354832,22.89541,22.936188,22.622992,22.262192811225468,22.18953669969513
23.63824957733333,23.07716715490983,22.37828850231568,23.205448,23.533432,18.49835,22.365488,23.32094260430583,22.95175450961056
23.643511131333337,21.16782305384452,23.00664451036529,17.837137,22.737576,18.179241,20.694256,21.49226325690913,22.226388615252453
23.653219708666665,23.508819543531065,23.269072419421548,23.829268,23.69806,23.888176,23.474741,23.304063973292383,22.834301810014647
23.65971984133333,23.52412390674958,23.08006237590945,21.930698,24.59847,23.509201,22.094341,24.21213952821896,23.194035294790883
23.664859794666665,23.427119547659725,23.25857815343106,22.637787,24.616117,23.78171,22.182308,24.588842645607844,23.299013964873257
23.666621255333336,23.55440576080885,23.244090362432303,23.447548,23.171171,23.745367,23.713614,23.33511089825073,22.9004747703376
23.689319546666667,23.33503242066124,23.305275423773296,24.155455,24.370161,24.043135,22.57161,24.6529646831543,23.40168763536553
23.694763663333333,21.872870219860246,21.35866276486387,24.220083,22.82933,23.57648,22.966402,25.078440699784498,21.732541712322227
23.698928922666667,23.35732557039067,23.081268589489515,23.127672,24.105246,23.705702,23.217709,23.258119617948623,22.734706684149916
23.701691486666665,21.02280044161701,20.726375533728827,21.525133,20.277935,22.742273,21.50425,24.27784931501196,24.083102102984466
23.707544534666667,21.058881198777875,21.650965174224368,21.577402,23.021194,22.937002,21.28258,22.96416713489629,22.0839809482926
23.714163614,23.9880358748628,23.269072419421548,23.762442,26.311014,24.54543,21.329802,24.96453427285952,24.050169328145145
23.718227848,21.20877628535492,21.3535243527326,23.144558,22.720083,23.618587,22.316013,24.88671155643629,23.24877636119364
23.721859522666666,23.36753827970357,21.39501187199167,22.806648,20.65057,22.73927,21.63698,22.446040607089586,21.964068129556477
23.72857897133333,23.977948487202912,23.11706975072141,23.895912,26.675747,24.201742,21.541334,25.01192529583033,24.348178042193325
23.73348341133333,23.46071707870489,23.23364912830409,23.479961,23.81202,23.97826,23.31861,23.023363712595312,23.04850306864188
23.740614369333333,22.813959756595573,22.49658409458856,21.053562,23.573616,11.448869,21.936533,23.301690302473894,22.85137953121077
23.745097289333334,23.988809209835853,22.94720166968561,24.411018,24.019794,23.335278,23.052635,24.501733559673355,23.141274589806688
23.746184974666665,22.91944459872966,22.519195175806814,23.631433,22.851656,24.17601,21.895647,24.75893621990249,23.21728006203608
23.747866456,22.887858962808803,21.18399619673385,23.053833,20.521599,22.816414,21.843285,22.53505195004537,22.10658893675089
23.75211919266667,22.37096987060837,21.907147993860573,24.324991,22.18962,23.451431,21.743662,26.59853734046604,22.70227397581893
23.757246076666664,21.813914548851272,21.396022022084782,24.200584,22.470247,23.588608,22.607445,24.94800070257298,22.248110799725925
23.757685142666663,24.751636113638572,23.297100608404893,24.242664,25.571348,24.919281,22.036129,24.343585693237188,23.25003354313336
23.763678964000004,23.00036261437877,22.079587629009108,22.807043,23.069277,23.690165,22.220274,22.45036596105613,22.4048783181161
23.766871108666667,22.301017659987306,22.01293612725286,24.130306,21.961243,23.638292,22.358301,26.763554128468098,23.10066798382933
23.78773752933333,22.34529517858931,21.91577020963156,22.716866,23.474281,22.265028,22.3235,22.73238415636564,22.914842407726447
23.789449016666666,22.033987784514743,22.450657764179983,22.146976,22.509848,24.004637,21.963982,23.73546238494517,22.69680936518792
23.790041985555305,23.887204359199867,23.081268589489515,23.337786,24.277767,23.575575,22.639688,24.060218751260933,22.937846730079684
23.80061337,23.22448511336118,22.881019398221035,24.254086,23.670765,24.54084,22.121765,25.340232231398016,23.4608495397791
23.81340259066667,23.564365943929463,23.316438330762917,24.544756,24.045137,24.097635,22.83251,24.79151254521489,23.45028306982687
23.817224522666667,23.83273542369769,21.42639633956845,22.800468,20.412647,22.650356,21.543852,22.05797559401481,22.20356441683651
23.822143092666664,21.70671197903293,21.20445510288776,22.817343,22.928186,23.273043,22.351665,24.67711466767983,21.698831986986853
23.829488226666665,24.05009875630413,23.244090362432303,23.695171,25.995014,24.380413,21.755209,24.846810527270364,24.202635618627856
23.835716848,22.478488732867547,22.05588810194446,23.876451,22.06167,23.724335,21.902067,26.77337080527738,23.3818718658274
23.841944332,24.054531907214127,23.02953138258366,24.426634,25.820696,24.02095,22.164816,24.05618134140022,23.468081484696885
23.853867268,23.25733196981229,22.908585242499665,22.982214,24.84465,23.414396,21.764214,24.038915998546845,22.829600306225355
23.86202770066667,23.292024192931727,22.747331732121243,22.446121,24.285753,17.74682,22.518753,23.69666349544976,23.385398894526688
23.86859755,22.090083479331483,23.204439099835245,21.030407,23.01583,19.1057,20.749247,21.73922649781162,22.34422753625233
23.869893928,22.28127180096427,21.69747761050942,22.37414,22.469772,22.243479,21.904047,22.04722318181281,22.196237767410004
23.87698763,23.700920220592472,23.048693976532967,25.343924,24.55907,23.974154,22.508638,24.77775262285808,23.467724774648808
23.878926210666663,22.635724641345817,22.186952407583743,22.968454,23.590399,22.501894,22.549448,22.73036663624223,22.71374006821215
23.878996207333334,24.20663958281889,22.94313911795061,24.210531,24.475838,23.064606,23.228714,23.869948474674235,23.32783229134914
23.879117432,23.60512762843855,23.165781019483774,22.71226,25.22993,23.7537,21.881805,24.187567942975527,22.87864687560617
23.936103816,22.52718935601904,22.015972244417604,24.06903,22.460043,23.751146,22.07472,26.78321245828873,23.102134797599174
23.94050016066667,23.702329562981845,23.21942912230947,25.273697,24.459476,24.20474,22.728848,24.94900829336457,23.566967041602418
23.947226681333333,24.259987190692403,23.217299810545736,24.119055,24.31552,23.639887,23.138372,24.45113079369223,23.25945534881536
23.972296824666667,23.393282511037967,22.843312559355947,21.083565,24.310764,12.223622,22.134727,23.803337117016454,23.06339867997613
23.976562048,21.418676979013235,21.565203201865977,24.007332,21.962162,23.827427,22.559607,25.3742261501176,23.39993121275743
23.982643046000003,25.056890512132167,23.48435732936461,24.64007,25.365976,25.24176,22.13666,24.231517923993877,23.62007276094989
24.00240172,24.466931768758634,23.20090462370981,24.49154,24.228682,23.687164,23.372383,24.433265003968845,23.42654847697919
24.011783312666665,22.451756183971284,22.78663550602396,24.000923,23.393616,24.289217,22.314896,24.33988993564227,23.34444388968368
24.028534942666667,23.51215602057256,23.00254770196898,22.85082,24.109833,17.345217,22.627367,24.275349337868462,23.50403191345529
24.040377505333336,21.317685906484684,21.055053208762903,19.522564,20.666069,22.968443,22.118134,25.20592335183345,23.97166902883623
24.053783434,23.53227231175157,22.492851126385784,23.371897,23.519262,23.996195,22.51009,23.265664704882088,22.948576902943707
24.05809169533333,23.35761541153964,23.33475962770454,22.200277,24.063742,25.303106,22.243523,25.24352599664792,23.89305075917302
24.061458086,24.534001965516328,23.559451844625784,24.675339,25.381655,25.221905,22.12265,24.57087432207196,23.40457195831637
24.067643304666664,24.495627088555345,23.400168247285613,24.486847,24.117987,23.96731,23.190762,24.403555678130623,23.59345604427684
24.07152306533333,21.698754127628103,22.106531670293624,22.238886,23.389088,23.799097,21.967867,22.877801572433928,22.51090452615231
24.078015461333337,23.20549898699316,23.270742430301688,24.256266,23.7433,25.312403,22.513638,25.44759298798434,23.83144051160669
24.107235958,21.626478571905192,21.54279682249201,24.229465,21.17757,23.631687,22.40539,25.25991177315969,23.56568785464598
24.110165310666662,22.788300657505456,23.44074276346229,22.987005,22.649515,19.93355,20.826963,21.41813104580093,22.75867404042677
24.11559550533333,22.744111062786875,22.50856869079652,23.04225,23.309284,23.185553,22.943586,23.158466213015185,22.7308311530176
24.121174387333337,22.861298457969465,23.0392421523754,24.65882,23.630802,24.951519,22.42762,25.17215618765679,23.57878712556311
24.122077070666663,23.334389228499127,22.96712570050832,22.14968,22.042517,22.6405,21.256777,21.67436724275555,22.879804360218944
24.127049956666667,23.32019837713742,23.41604988455507,24.418745,23.974756,25.309324,22.384369,25.41373863216403,23.72171351397116
24.13989092,22.93726776990146,23.34325867715758,20.928284,21.742556,22.218496,21.272718,22.34094714165968,22.97941600501886
24.140866612666667,23.86092595349899,22.75868527668008,23.088339,24.428843,23.211365,22.930048,23.71572166678236,23.292221125029734
24.142746268666667,24.373600487132737,23.446727803170745,24.472569,25.334911,25.02206,22.289122,24.93831028111,23.65891108520764
24.154700794,24.264446191298397,23.54067029569314,24.482346,24.958595,25.096567,22.314232,24.659683874376437,23.508376254749223
24.165192634666667,22.54723042348436,23.521634453931654,17.956787,21.489769,21.394754,21.237577,21.90958411568034,22.774790237006744
24.165987192,24.22114400665112,23.2599720288678,24.608963,25.584013,24.63714,22.210325,24.6146115833619,23.57386989020646
24.172898328,23.31905651829428,23.14127946438786,25.084156,24.11745,24.895061,22.239273,25.20023286052164,23.60912500299584
24.17412154533333,21.782290333089872,21.727616966403957,22.717646,23.3294,23.015455,22.220894,22.565038155367297,22.07088442157062
24.181119618666667,24.583153760502636,23.47611173870725,24.79191,24.095747,24.021137,23.30477,24.635441341730832,23.34086686910587
24.189201158666663,24.578012913615776,23.36800590181221,24.60445,23.979897,24.062218,23.454403,24.87673150236548,23.50575030623827
24.207935728,23.363823537368354,23.39569167444894,23.557814,23.394266,25.265049,22.726759,25.56898693316829,23.763352533902346
24.21261442,21.682748252894186,21.34935584161524,24.265993,20.761688,23.240305,22.029242,25.003200418780978,23.951349263725863
24.23047909,23.14135522617564,22.921364866404343,22.935837,23.480122,23.164831,23.714664,24.05182480209142,23.054784822043903
24.25318487066667,24.592324703482557,23.449585388975255,24.434517,23.667435,23.970865,23.528145,24.654648157522725,23.39970572778429
24.264761574,23.742108614963996,23.18783872903109,22.281706,23.995485,16.569288,22.63128,24.735353170158906,23.56732304374664
24.27945774866667,23.698978861111858,23.10084394473152,21.990425,24.62541,12.938937,22.289804,24.19047449283689,23.1196401827691
24.327868831333333,22.45843430091384,23.54195466585328,19.407545,22.305641,20.631832,20.935368,21.77645671513457,22.56581170215505
24.328161702692444,23.135042574228912,22.50856869079652,22.813847,23.25045,23.051073,22.299383,23.443661260396343,22.70716164482308
24.338074099333337,24.06410187355968,22.831463842747787,23.176626,24.19482,24.208847,22.69607,23.79560069402366,23.166790115247
24.36789801733333,21.930698749166183,21.53254043663356,24.228197,21.239529,23.716322,22.092548,25.31739531863211,23.89137828261651
24.38257812,22.26996074065048,22.50856869079652,23.184305,23.529457,24.029816,22.323265,23.715389486424456,23.05383368592097
24.394798085098746,23.633616873548444,22.83305518332141,22.959219,23.959795,23.295134,22.536873,24.21353391726341,22.887147050713484
24.41668058533333,24.39061689949597,23.19562539554063,23.494696,23.95582,24.271872,23.085806,24.655603354831182,23.54398933382365
24.43991459733333,24.142169509116727,23.007170670973004,23.541956,24.161959,23.847445,23.02791,24.28809131216024,23.442062508097678
24.440990952666667,23.882610984865376,23.273600318756596,23.276573,24.371235,13.778516,22.351078,24.03019661881964,23.464840059398107
24.460867888,21.836599609901764,21.55698610437002,23.9226,20.697105,23.572435,21.82649,25.424959592541075,24.497396924424866
24.467055739333333,23.21249063698983,22.83305518332141,23.153006,24.023458,23.443762,23.215061,24.112215402105026,22.92617860208955
24.468075072,22.59693190593039,22.269396758504,22.876513,24.188818,22.807674,22.656496,23.384644440168824,23.31379675485426
24.54087402933333,23.93698114821802,23.32239564689804,23.00854,24.260963,14.53081,22.439634,24.290509464123254,23.29826881358824
24.604440648,23.31638654578144,22.99298714501616,23.64517,24.96118,24.347599,23.06578,24.135136207938164,23.280247843040865
24.61758754266667,22.74113951186711,22.83305518332141,23.474895,24.182325,24.267452,22.78458,24.744110455974425,23.32889414207494
24.646791484666664,24.498035886276103,23.306922381335028,23.690567,23.728727,24.496119,23.183765,24.380792986137177,23.45868145322948
24.65854821266667,23.90243128654445,23.29243492782672,23.507147,23.71312,15.533477,22.73175,24.34216757435149,23.40528228572033
24.670594148666662,22.27418134667174,22.23164273868981,23.401834,23.808508,23.883728,22.572449,22.73512737978241,22.489854735340728
24.707710026,24.3120462283896,23.09567368204344,22.301783,24.496689,24.509928,22.79144,24.110302899209422,23.24742335472056
24.719522240666667,23.384096666678666,23.081268589489515,23.140375,24.336227,23.70346,23.322039,23.784187013260432,22.965089699729116
24.771031582,23.444397011526814,23.23364912830409,23.379099,23.984863,23.968683,23.437143,23.82040606339863,23.26027335921774
24.77717906133333,23.3885455590103,23.11706975072141,23.298342,23.44601,23.583763,23.805204,24.163716877821408,23.185377659261707
24.79940927066667,24.478497675583185,23.31028482852456,23.70486,24.24382,24.678282,22.902935,24.27794051959701,23.39729864809474
24.843255642666666,22.8867569394976,22.64522598867652,23.237247,24.930805,23.034586,23.012968,23.970535301392022,23.75193906199623
24.864745047333333,22.994973753349303,23.081268589489515,23.405514,24.516989,24.549175,22.974794,24.31480816028085,23.36655495909512
24.87208924533333,23.485172296701226,23.269072419421548,23.406456,23.79862,23.896385,23.555855,23.884193137256396,23.02282268925533
24.91087660333333,23.648415282819144,23.33730005478959,24.128735,24.86629,24.193605,23.498417,24.70048492755029,23.78822801171257
24.966314980666667,24.485615837037223,23.263702247406894,23.002491,24.29575,24.785666,22.818184,23.89387679846596,23.58614003634082
24.985110532666667,22.950190047404245,22.54040278167487,21.885906,24.243105,22.910822,22.841982,23.355656835448396,23.1043789088792
25.076229066666667,23.522639250272373,23.244090362432303,23.109081,23.20355,23.773108,23.818357,23.89603746112551,23.07349952497075
25.110436522,23.258525056220684,23.23364912830409,23.558939,24.603025,24.775028,23.169352,24.36651150569008,23.756874385325712
25.18944413066667,23.26024455968484,22.909599907967923,23.086935,25.150354,23.066248,23.209118,23.754107661008543,23.55549359628165
25.190122821333333,23.53759759419464,23.139129781067428,22.926266,24.965652,23.734756,23.3515,24.22632662896953,23.684026830367145
25.233164854,22.791761409378548,22.64403701936186,24.049515,24.219883,24.17211,22.85719,23.61246319070913,23.045703304867672
25.23518070133333,23.33349204650161,23.244090362432303,23.15672,24.216227,24.474676,23.541357,24.57492322072309,23.753570336121545
25.27215809466667,23.2829721432768,23.269072419421548,23.77964,24.456135,24.67502,23.220545,24.55364222869829,23.60455164075807
25.300613428666665,23.12989426862353,22.921364866404343,23.34828,24.703157,23.725672,23.206192,24.58041651193124,23.865128052553587
25.443993794666667,23.307795788490736,23.11706975072141,23.314346,24.711754,24.251484,23.505793,24.66529728808448,23.92513867029984
25.72213740133333,23.70927900473861,23.45769628781475,24.291492,24.476603,24.465395,23.55135,24.476000677497023,23.66214924206309
26.27947050266667,23.794156358905823,23.47323109060273,24.024437,24.96187,24.716063,23.277248,24.427274887321477,23.545280374553705
26.51426395466667,23.84071342242255,23.42432867979431,24.643475,25.051205,24.867476,23.195566,24.05610147202358,23.69572290361309
