Actual_Power_Fixed,Pred_Ridge,Pred_RandomForest,Pred_XGBoost,Pred_MLP,Pred_LSTM,Pred_CNN,Pred_Transformer(Baseline),Pred_PiT-Net(Proposed)
0.1033235382666666,1.6649184616502315,1.345898699843984,0.6917202,1.1325047,1.4072868,1.7285163,1.8495427114220129,0.3893640299521433
0.1063418557333333,5.546290134493519,5.546337844984921,6.841647,6.0443697,3.2956336,3.541662,5.568259526405261,6.000944043980823
0.1107064852666666,1.0861163197423025,0.9531499446813678,0.656878,0.113031946,1.1163142,0.618359,1.3536800996573009,0.9651146289919132
0.1120133703999999,0.065399901691851,0.4748998133947749,0.5424693,0.41473505,0.024111014,1.776344,0.7632926652092841,0.2354990689476957
0.1131250540666666,10.125176447174304,9.5527746408828,10.863043,11.806512,7.15561,6.4969406,8.959704890856665,10.286023274655848
0.1132962029999999,0.2484174283095945,0.3596826021273545,0.26451477,1.0353793,0.53305197,0.6724954,0.7220225781581833,0.3057612138800639
0.1257759852,2.54971325484029,2.7061939129811186,3.0921633,2.4107869,1.2953471,1.0105603,2.8352037173493434,1.5686635605275825
0.1349866352666666,0.0,0.3776155883506167,0.0,0.0,0.77836776,1.9753327,1.059521642543767,0.5478394074678165
0.142330995,2.640622339806021,2.5703080048695117,2.7751186,0.0,0.018512353,0.0,2.6243869827416635,1.5442004193208834
0.1550587411333333,1.6548760618030525,1.3699937821876609,0.67258453,1.624463,0.62395036,0.0,1.1608808634472745,0.5954933127103794
0.157587072,6.974206177011459,5.435058049925403,4.6396303,0.9891325,2.5943217,6.3034177,6.741218162440245,5.939445853830801
0.1762727082666666,0.5610944530170461,0.7478755495881606,0.0,0.38776615,1.3132045,1.253743,5.6223184441740415,2.0460263206239286
0.1909086829333333,1.7594042785704336,2.1021314895567405,1.2750708,1.3381364,1.6660116,1.0567654,1.815870174516828,1.1967901242473795
0.193798904,1.414015884227212,1.8684495163356236,1.2827606,0.6083304,1.5103779,0.435171,1.3158159190767529,0.3082096579419477
0.1995835671333332,1.441460162375769,2.4854459967629343,1.6862735,2.3123116,0.84965575,2.31223,1.7707141565473337,1.0106539985510474
0.2059120172666666,0.0,1.6526324567317858,1.0170304,0.29554328,0.56787604,0.5510394,3.096911809678153,1.0593883430787967
0.214842412,1.2698428969315594,0.7379362868144964,0.13342024,1.9171714,0.6067239,2.254759,1.1906762791409995,0.7137254304638324
0.2183549789333333,0.0,1.1988458794780723,0.46029487,0.92629683,1.1816349,4.3953786,3.183053905524253,0.6604149212373239
0.2253772449999999,1.011524997983226,1.0868952294977492,0.7252129,1.1996591,0.9026127,1.9313333,1.6837698890498811,0.953337668744921
0.2309026461333333,9.972320658597528,7.064836471679883,5.0370154,18.8632,4.1964087,4.7250276,10.96047641609532,6.235909039181412
0.2431260743999999,1.9736133147664003,2.029663631372446,1.2649089,0.0,0.0,0.0,1.8140288689028052,0.9746791086548188
0.2800552185333333,1.3990161841493003,1.0683246041339158,0.84860224,0.0107633425,1.9313279,0.0,0.9871401923219124,0.5880143428295029
0.2900998899999999,1.8044237631073048,1.367031275180467,1.1447059,0.08968025,0.9975181,1.1751279,2.2710924048133694,1.7811180437950715
0.3048580715333333,0.9098079736809186,0.6154534502042381,0.0,0.31092474,0.96535945,0.16182902,0.6300570142809143,0.3750097313778766
0.3146422819333332,0.8456383468365812,0.8598785757692706,1.351966,0.93278944,0.64596266,1.0340778,2.17692841291712,0.8266636680102541
0.3187784763999999,0.0,0.1653793422175517,0.26895466,0.0,0.04421966,0.4168776,0.5292313783323002,0.1659618191293743
0.3294779002666666,0.4288071101164654,0.5345999434105443,0.9882496,0.38175258,0.8938944,0.17369089,5.317533405437769,1.594437118287194
0.3375817314,6.0595521078625385,5.979383890831942,4.249929,7.3398714,2.90652,7.3399043,10.518120232232688,7.2255014646596125
0.342088391735603,0.6582326522642793,2.139957574329875,1.714534,1.459242,1.3879539,1.1754766,1.74695183591472,1.2334297850657765
0.3456143163333333,0.0658304218803991,0.3767268058720229,0.0,0.5414913,0.82198685,0.0,3.956133734964957,1.2454158955529984
0.3690120087333333,0.038870309641112,0.2159562948437009,0.30418408,1.331757,0.52252585,1.8050565,1.0930454894784276,0.6113223113377687
0.3693274271333333,2.688214176451015,2.036212147364929,1.9544092,0.38762575,1.2456474,2.0012543,3.0413665909351337,2.710227018821455
0.3759974976666667,0.4696467645440357,0.7938894055821966,0.0,0.0,1.1150053,2.5779808,1.239749291574142,0.1492991481949908
0.3761454542666666,0.4179250296099822,0.147794846410588,0.0,0.48766282,0.92713624,0.35844854,0.870174388949693,0.4055739680565574
0.3880606429333333,1.4981748623594715,1.003619530927174,0.6224452,0.0,0.47650412,0.5452159,1.1692688958901745,0.2192574638790425
0.3961363611333333,0.0,0.4525365824601423,0.33464253,0.10074358,0.4769414,0.0,0.6536271295348237,0.1458409528705421
0.3965141437333333,2.0525574822828934,0.9072761494006908,0.62788916,0.22876339,0.7738699,0.0,0.9220258604446592,0.4900646315642544
0.3966557366,5.687953571899802,3.866592042272861,8.534169,2.4701986,3.0214605,3.790986,5.598862466461173,2.461504101358661
0.3984332615333333,7.058303632275871,7.314423488590656,6.4048896,8.5877,4.354759,4.5108657,6.730769526391313,7.633722905184313
0.4099462905333333,2.4246706295332867,2.637527476287681,2.3012629,2.3734357,1.7593098,2.6914241,1.7591256653428486,1.2458744567088025
0.4141474848666666,0.6858019547758178,0.8372141557789234,0.6503267,1.0868415,0.46829748,2.383112,1.4798715723824047,0.5872927627758858
0.4225161804666666,10.421826232365158,9.343713534938331,5.0780344,15.529018,10.60688,9.509283,13.76702597101594,11.631499267024203
0.4251681365333333,4.74966808874448,2.7605413826494534,2.7948341,0.85527253,0.75287426,2.6285439,6.020394698152113,3.7735051759099134
0.4300007688666666,8.162414475670353,5.798250159699557,4.329113,13.748495,2.6281798,4.590129,8.831192437073886,4.914688425619282
0.4319620073999999,1.9405273039462096,0.6189898968648753,1.4963793,2.4640622,1.2875671,1.0472748,2.234369978997597,0.9586000456029812
0.4340666031333333,1.3752717095975031,2.7017951420943342,2.943667,1.4017959,2.0204165,5.6883535,10.845506483066105,4.252002755407744
0.4401158169333333,0.0,1.926958647601724,0.37234306,5.55644,0.45468134,2.6057258,1.2864590464790877,0.6783919340975505
0.4586192116666667,3.5344764960995194,3.58325143564864,2.6499467,3.8508213,1.2733364,1.96375,4.072735360443087,2.90106373088328
0.4684523280666666,8.77535938968567,8.566046161501683,4.6188793,10.191922,5.500851,5.62336,7.862162240234897,9.026263390146182
0.4795490825333333,1.4048719796455618,2.006348127131436,0.8926663,0.5582324,1.2299541,0.42592534,1.8618096038278,0.2472728241804569
0.4796233820666666,0.0,1.3068231976767477,0.19563799,0.27075192,0.45915312,0.0,2.2481410719376247,0.6579886585233236
0.4916549112,0.6439898526004012,0.2212590263993626,0.44574508,1.8313764,0.9027112,0.85061413,1.7355532337038615,1.0020503074793508
0.5063418951333333,1.093191688877182,0.5509982620675992,0.95347214,0.79647684,1.1527537,1.0802326,1.1560767904995624,0.5450768687448295
0.5065856022666666,0.7882444095083779,1.4224882434149495,1.3765314,0.6306354,1.9089574,3.4752934,8.721167860239731,3.1099627765250357
0.5183849018666666,0.0,0.3931509031729187,0.0030182013,0.33864367,0.97905004,1.261658,0.962221644150035,0.3787679217839728
0.5207676205999999,0.6340702102898635,1.7924608764205467,0.58850193,0.0,0.4928084,0.0,2.072291842915443,0.7787809119798818
0.5216036342666667,0.0,0.1603411718563161,0.29353604,0.48265904,0.58054364,0.0,0.5709012705317839,0.1729862396177044
0.5402963374666667,0.2021310784637948,1.624744739612363,1.4175168,1.5628866,1.1931708,4.7840867,4.601474897924078,0.9109627169245708
0.5454533112000001,0.1903495091438171,0.5093157858107213,0.48885915,0.74840665,0.3683003,0.0,0.929955328622366,0.3525038279342918
0.5455937983333333,0.4345673274405184,2.067876950128729,2.6553771,2.5078025,1.3734494,5.3017564,4.920528000349609,1.2689245845373431
0.5485257840666667,2.3411899027111622,2.173872470433646,2.499223,1.1013855,1.582911,1.5838257,3.700330876929117,2.294548930777912
0.5705526180666666,0.0,1.3125756543970546,3.3083653,0.4048623,1.8328166,1.0648396,2.909514066176054,2.1284883264764183
0.5745924327999999,1.9724608348391488,2.0950180763272943,2.005078,2.0145574,1.6434283,2.7589815,2.683962233790834,1.912181215185012
0.5901394676666666,11.244844192015542,10.355084978682426,9.15045,13.060081,8.755756,7.5982437,9.913292156001509,11.433950975040666
0.5914534693333334,2.0854790140819346,1.839746946909612,0.5309759,1.4424266,0.67360824,1.0503248,1.005859416910424,0.4611923861350412
0.6210393195333334,3.853488251076746,2.9474202805819805,2.4786093,0.13498381,0.14342894,0.5307367,3.286755233556276,2.094361349426122
0.6396920562666667,2.1478420368072317,0.8601320240453779,1.1164138,3.4175663,1.5411795,2.0874147,3.897441679178265,1.543801116269504
0.6451267156666667,3.114288520535025,3.337090305739552,1.6559855,0.19667526,1.5276548,4.2243476,5.622097274443161,2.838745539836757
0.6546160578000001,1.4106213131207197,1.3798083821021014,1.4848285,1.6471918,1.0515989,3.0407,2.331985803992497,1.1893609131675156
0.6673758666666666,0.0,0.4087874123657707,0.6377283,0.21903963,0.81831604,0.0,0.9298866218148094,0.3220305538360179
0.6689320471333334,0.4880236681441949,0.7383583830544255,0.4058152,0.0,0.9822296,0.0,1.0917785381372644,0.2750459676649723
0.6887790729333334,0.1641523901830866,0.7951577296966685,0.71519977,0.75185025,0.70386195,0.0,1.307184998637891,0.3779924443142799
0.6999183622,0.4144555718938394,1.931122532632321,0.55974406,1.0150766,1.6047424,1.2457815,1.362371193956832,0.659257800851726
0.7071209602666667,0.3825081528132417,1.0887566460035365,0.0,0.16752559,1.3921969,2.7417321,2.665138544756416,1.9421049596479407
0.7102119539333334,2.8646546027716884,1.1395413151618634,1.879568,4.427522,1.7698215,2.9838588,4.929081811952179,2.2145241508011204
0.7178682370666666,1.86787827246762,0.8439949749540562,0.57619655,0.8938439,2.0369906,0.0,1.7994415961708592,0.7406382505271861
0.7272287460666665,2.019044449172134,1.4410791597798571,1.2250273,1.5398334,1.3375959,0.0,1.5134731381701747,0.7893103151865677
0.7436416619333333,7.149515656499176,5.924243821651766,3.1426039,0.52134216,3.3107708,8.268266,7.605763918028752,7.080182988620721
0.743641799,1.0364940424322342,1.921085666918413,0.5404687,0.0,0.0,0.43840784,1.60708170104848,0.4919666186961838
0.7439087133333332,1.0927506731412142,1.00540619531934,0.88667494,0.4762285,1.0396507,0.0,2.124760114923544,0.6877424808877565
0.7448280453333332,0.8798756516547218,1.0428141407262166,1.2851628,0.8043313,1.3092685,1.4131635,3.095315028192691,1.4505570498411096
0.75586384,6.321495019931319,4.377309420418659,8.755876,1.2991521,1.3652471,3.7632906,7.755676567078728,5.435199954011209
0.7652752735333332,2.003511256813765,1.1103517367564568,1.1434081,1.3922265,2.6935818,0.86593735,1.5017169423126209,0.7988578544588876
0.7730271202666666,1.1193257999280717,2.4426343877556627,0.0,0.2206444,1.1765342,2.2936552,4.5139858049555945,1.838833773104802
0.7814546109333333,0.6047604176174443,0.9033546859656844,0.0,0.0,1.0968548,1.0099876,1.4116812689873577,0.77374426529989
0.7821162804666667,8.149916635630424,5.354385592565198,8.824002,4.020522,3.7676091,5.724152,8.217682874447608,4.448646919536175
0.7893761416,9.705833679386789,6.734759302030102,7.0328574,17.71892,3.8297424,4.526326,9.867922160045447,5.974355835495026
0.7905494385333333,0.5039045685896001,1.6258436195878585,0.16990507,0.0,0.0,0.0,0.9573158157074017,0.5111742891260442
0.7920891280000001,1.847813740731333,1.636204058437474,1.9363924,0.35995317,2.8524818,0.61379826,1.833968394266963,1.42004440429377
0.8058313442666667,7.450599559458753,5.865133683252819,8.122856,0.62129414,3.032088,7.960273,7.330864320756039,6.865739813474446
0.8084477462666667,0.7997100883601571,1.3479310428127944,0.47477573,0.020954892,1.068032,0.8350112,1.796846116499125,0.7611454362127986
0.8096871226000001,2.1319851549061104,1.016621149477754,0.6185229,0.84756327,1.0025642,0.0,1.2034049258284805,0.5954492684798212
0.8139042092666667,0.0,0.3658122137617772,0.6834503,0.0,0.33295226,0.8064985,1.0791949227522364,0.3523703896342101
0.8251170729333334,4.366544622099614,4.8616648947365375,3.6014426,0.18720075,2.9198108,7.6227922,7.13916354897911,5.331180531458732
0.8251537162,10.295786986084975,8.527075747854855,11.673243,13.645075,8.738105,9.087162,12.817608346084413,10.707685188288824
0.8282306584666667,0.8801133882518,1.886712114544581,0.8557716,1.1255916,1.9933015,4.7174845,9.86279990380656,3.6307165591161112
0.8362384057333333,0.9391814674389352,0.9372939968821016,0.8477136,1.8025028,1.3348607,1.3102968,1.6637518998748235,0.9374169334648482
0.8384476752,0.0,0.6401482792002418,1.0352819,0.0051326817,1.0846395,2.2649958,1.8563620351092531,1.145366330871328
0.8471387957333333,3.0636959930916534,4.047176144812704,2.524158,3.301802,1.9353082,3.3771157,3.347759015206828,2.402930261682892
0.8643712184666666,2.352924999630727,0.9539763883062854,0.75343347,1.1615323,2.2931433,0.0,1.2659043409226698,0.7491755936476139
0.8674317337333334,1.1370133193937528,2.184222514181028,2.1264527,0.41717124,0.7437587,0.89030695,3.271664401673139,1.601640636222302
0.8881773799333333,0.0,0.2946939827548693,0.39916763,0.7773402,0.8450673,0.0,1.1218448378238994,0.4627668258344438
0.8989529382666667,5.865783776061488,2.394875111194884,3.8721676,2.1489177,1.1332022,1.0033407,4.163184535954049,3.682478826985968
0.9309989868666668,5.929846669252418,3.55115499859219,6.762496,1.362781,0.5818849,2.8546631,6.221534518773739,4.713085396592498
0.9477668739333334,1.4253311767316976,0.8884950112786683,0.6648759,1.3679988,0.67387736,3.0015328,1.8902863419752869,0.4095411146011246
0.9532695300666668,1.4016784362083623,0.604769212852843,1.2380377,2.7603424,1.8463441,1.2211452,2.7310824941354226,1.873844678679745
0.9644952862,3.943817365679862,3.786233313104997,3.2116625,2.8176992,2.1138704,4.022958,2.9915930519814014,2.3517950762336235
0.9651725675333332,7.497750504472528,9.275728398045729,6.4315867,5.8009577,7.3166676,10.715495,11.722495062817623,9.943972813519522
0.9691925306,0.0,0.9375338551583222,1.1648028,0.16755144,1.4716876,2.7183137,0.8333680293951825,0.2457235917254111
0.9753577956,3.876271660558823,4.60455919016102,3.4563718,0.25962228,2.7329297,7.1264896,7.180410199573205,4.709870537558174
0.9754413808,6.26806292267728,5.582947916040013,5.8894515,0.27914017,3.4784422,8.82819,7.726476164606661,6.550281579029798
0.9794519596,12.455275609317288,11.346875299637992,7.821503,14.868861,10.176324,8.644526,10.72905412996534,12.446929679816964
0.9797900404,3.875830746696632,2.592566465508112,0.6020125,1.1183103,2.2263885,3.8810613,4.803740361265577,4.013117234618892
0.9895578921333332,0.7384103856451816,0.6673114894889076,1.2817245,2.0604413,1.0886319,2.6207824,1.9350709360932077,1.377994753829101
0.9927650442666668,4.780195247096843,4.34484070143049,4.0502496,5.4443817,1.1210809,3.2827795,5.278808093998181,4.371702385480719
0.9928924912,1.0111755036554666,1.7320453978118648,1.926067,0.52634805,1.9576699,3.1461434,3.871800460211829,2.8715926506013867
1.0001657948,2.5326222084104235,1.973849657368752,0.9035479,2.779504,1.4298462,0.0,1.476231722787721,0.9548492980505098
1.0004632311333337,1.482823226271729,1.4045723886306247,0.64947397,1.1042892,1.1269298,0.31057,3.1252078616428225,1.212345601904573
1.0023255125333332,1.2729928916273163,1.086868075326224,0.932132,0.98231924,2.244208,2.0048997,1.082701916076947,0.6365243396983867
1.0077817810666667,2.0316681831308965,1.2745526076259115,1.2119684,1.5324302,1.909597,0.0,1.7012000307936763,0.9150627427680896
1.0078886644666667,5.275423673310425,2.8627069608007507,3.3965578,5.012993,4.054843,1.4813077,5.233713125786752,4.701885210302988
1.0105678420033763,0.0,0.105257162995535,0.3363213,0.0,0.0,0.0,0.3000226095410216,0.0609949596698213
1.0196128177333332,2.6693364522089005,1.0722581503818895,1.427631,2.7465303,0.95002234,0.0,1.5596355602381358,0.9523477346221928
1.020241824466667,12.544142239433356,11.265883857220974,11.264308,18.812605,20.161062,10.435829,15.167371391148784,15.164875715004696
1.0204089488,6.996417370684484,6.088016993429398,6.741235,0.53814334,3.5209959,8.67301,7.381769741601618,7.219078535726093
1.0300264484,7.138565144211181,3.0386199997132777,8.129985,2.8377435,1.3801639,1.8212187,5.11006072357654,5.011400885016451
1.0305846648,5.583571952421355,5.458680585010867,4.8487654,5.7076244,4.044336,4.0292816,5.37937006001786,5.610915199470616
1.0330246791333335,1.972814338097684,1.6043375150624022,1.4426205,1.2510054,1.2549242,0.4307761,2.1946410372599594,1.4876370311544953
1.0390009461333332,5.031640158126173,2.9994058302644917,4.536682,5.441406,5.3380604,2.865184,4.333380275530571,4.861217929177108
1.0405156740666668,3.994466087705384,2.7410125704936563,1.8933109,1.452007,1.337626,2.6248438,4.020218985722444,3.7265438958303863
1.0494729118666666,2.238574652206478,1.8394700919499296,4.140139,5.9253798,0.17179424,4.6565113,2.1794505750803874,1.3555057837450664
1.0508237845333337,1.4528386997942433,3.312272833095787,3.6768088,1.6978651,2.2042634,7.0186753,11.472337423484916,4.69712416165037
1.0554875425333334,1.9312201112301648,4.311476210481406,2.7481866,7.65244,2.0670755,9.73893,11.027811322262162,3.864809031694703
1.0664926637333334,6.307727722125683,5.16463096718765,5.9387107,6.2823415,2.1850536,7.474002,8.33005704408668,4.681432372319851
1.0800044316,1.41463676825981,3.0597898323633723,2.6252973,1.4859302,2.750394,2.4001858,2.803947652029917,1.873450696761081
1.0813016144666667,5.587075398798342,4.545676956308892,3.3276808,9.550917,2.1153696,4.0074496,6.795628139126135,3.4830280611287434
1.0910313056666665,4.771012915496872,3.688834171877041,3.8328273,11.36826,0.9766546,5.570083,4.891320423807721,4.4201059206456215
1.0926405865333333,0.0,0.0819410249704256,0.29657736,0.23156095,0.49953565,0.0,0.525261508168232,0.1375611632842732
1.0943612230000002,0.5533071524042767,1.9788826861056037,1.1454841,0.46801278,0.4495325,1.7702829,0.9401387601944776,0.5280694701020705
1.1015418006000002,3.000406640770181,1.8705488558159111,1.9150467,2.370795,3.9913023,1.7357509,2.7508129644314057,1.8371113421347869
1.1108906131638538,0.0,0.5155750726963537,0.3937537,0.13849558,0.75158864,4.2411838,1.271402077435204,0.2247625398175079
1.1125535968666669,3.585824378952536,4.381033061651336,2.9230018,0.21028301,2.5326188,6.59831,6.934977582417909,4.176939106941084
1.1150488044,2.397423822626201,2.8840781668789868,1.8266461,0.17275283,1.5104105,3.4645255,4.96911969203588,2.368976514671607
1.1183690800666666,1.4348976842843149,1.4737240950712078,1.1407472,0.0,1.6693103,1.4127303,2.6822734848604366,1.8676868739348385
1.1234693644,0.8570353364372004,1.2003170110571164,1.6362017,1.185257,2.1429338,0.43094468,2.361063435418027,1.2771154485836926
1.1391210246666663,1.3834304808809312,0.452850299445884,0.84146106,0.9335776,1.7914305,0.89065075,1.887783587170594,1.063547401803677
1.1519252047333337,3.2380315488404747,3.6158822483846857,2.2020025,0.19576691,1.9218346,5.0542254,6.26292367440687,3.2267551048196093
1.153138449,7.121828283381601,6.964741302692924,7.1336474,7.753916,5.0667405,5.1331773,6.505202486042268,7.0892573003574055
1.153273607,2.322175550738276,2.5212192153914303,1.8402863,0.7741329,1.5811845,1.2355326,2.6585264123936714,0.4542293445470752
1.1619991604666666,2.1974995234654795,2.145815096640024,2.3596127,2.4942589,1.8642168,3.6091263,3.3625388608850115,2.0829603489217288
1.1651753009333332,6.034627935121081,5.323666243048153,3.8183901,0.26121834,3.319017,8.539786,7.734736186601948,6.209799766086448
1.1655586830666669,1.965458892979745,1.3179432105626068,1.280846,0.0,1.2206138,3.2505739,1.994513088174368,0.3685940208613484
1.1687572008,11.77148951533538,10.576082327803569,12.3792715,18.74524,18.990673,10.271157,14.627136114644168,14.73028299848281
1.186563466333333,0.5557294359045103,1.3245725592132132,1.3777785,1.4011898,1.1112573,0.0,2.105707020253551,0.8096473318674222
1.1945795484,2.7853801787791643,4.439560195611191,2.5320325,2.3177412,3.8276944,3.6563106,4.397402413797206,3.5996038424140617
1.2089166652666667,2.426757730561655,1.268148857487415,1.6402918,1.649211,1.7335306,1.6916949,2.210867025647505,1.2927170266093515
1.2200574648666669,2.686491269708276,1.1223614976952745,1.7875751,1.9301956,2.5242176,0.0,2.7655772068516185,1.4886170755372108
1.2525627725333333,0.0,0.6631655726449128,1.2314042,0.20484672,0.7435364,1.4131984,1.5685769218562675,0.6418082731717174
1.271030601,5.815017008763045,4.778242897130885,8.088741,13.481252,1.6401203,5.87359,6.156212733883899,6.039696768786082
1.2746752162666668,0.0056873206357355,2.837932442727807,2.2439668,3.420113,1.3356217,5.9144044,6.247207273766668,1.6873929432270902
1.2809248096,8.951890681791337,6.29482695922859,5.7210383,10.238883,8.827607,8.865948,9.888714936631592,9.806725791549283
1.2857073884666663,5.77468725371571,5.123734655277096,6.06246,6.5285945,1.1933069,4.6042295,6.403531398868405,5.663396855446323
1.2896022502666666,19.61170578855934,17.066196035710394,14.488667,17.135384,7.705744,19.082071,17.19524300166831,16.448134943014296
1.2945515704,4.243257642574646,1.827902122244909,3.4575434,1.447476,0.98377544,0.2822464,3.047677473382281,2.383398042033149
1.342624914,2.664328903536834,1.409966367644926,1.5694853,1.6718814,1.0869652,0.27139533,2.1622327287134206,1.40091101766259
1.3699576591333331,1.6577435086343506,1.2791105598324508,1.9043227,0.86552733,1.7799385,2.0155282,4.139302203631014,2.236922183891834
1.3787885744666666,9.26653051787318,6.09577720801098,8.420138,15.00749,2.8792443,4.469865,8.999074082985649,5.416526417788866
1.3805086442,3.48512617420567,3.0637638803756087,3.760696,1.0740114,2.115212,1.832103,4.265930399754469,0.8035057112175311
1.4085520134666665,5.013191577523481,3.5760695905498427,1.8935503,2.709487,1.4149684,3.6197999,4.758700813306795,4.700958828539934
1.4188304411333332,0.0,1.9264320652159057,2.0186532,0.6225301,2.4310186,2.2337985,4.3328186716658665,2.9887042735381715
1.4239609954,1.1382400136292683,2.9263734407730264,2.3009207,6.7682037,0.9411617,2.9875855,2.340515602079782,1.6730236067047346
1.4474542772,12.211171161388748,10.20204783333176,15.911304,18.599722,16.972157,10.1338215,14.613655853896171,14.220351391503044
1.4633872706666669,3.3463593989916447,3.3787500828061807,2.9509914,2.9867635,2.8456566,3.5745616,4.021478557519102,3.2195870597882696
1.467753946133333,3.4386605746267174,1.9364775412710469,3.118919,2.691673,1.2120169,0.65444595,3.172714233862274,2.485218297776374
1.4947500975333334,0.0,0.1807905174183972,1.0415636,0.18213607,0.89286923,0.0,1.078326969630461,0.3142373874377609
1.4978364826,8.773011232337808,6.433463271128776,8.671278,3.0350394,5.439995,5.8278303,10.2606981201361,6.776654431091902
1.5039426686666666,3.340877036691956,3.106033955465633,3.8646178,3.8799427,2.8267674,4.7124367,4.356700999809959,3.176137050860534
1.5159351306666666,4.419074905094344,5.195948543716186,4.9522724,0.9881067,2.1174679,5.591849,6.514709247418019,5.383363524690068
1.5197330399333335,7.173763419495281,5.937704404195976,2.1963573,0.28871486,3.450364,8.899279,7.540190593659802,7.036283564195223
1.5449657114666666,1.4373970523897552,1.487600444853114,0.0,1.9719996,2.2016609,2.1875627,1.6577207877780256,0.7960148232521885
1.5599411480666667,2.285194398864579,2.044935898290642,2.695969,1.5741289,0.9160762,1.5334215,4.205541813742313,1.8741193506913805
1.5726799016,4.517960160678553,2.5947085024942216,4.6168776,3.4837766,0.91633034,1.3434012,4.121581358527094,3.796977031237529
1.578377998,2.2503844222120843,2.3080230764136664,1.0754923,1.4915645,3.1345088,2.4664345,4.126607526760314,3.353343541204393
1.584313350133333,2.9622886277511857,2.7672858295067453,1.6705041,2.0804381,1.558044,2.1645095,2.269422069313296,1.326521046089796
1.584910564,1.869702287783569,0.7308439607268892,0.8528444,0.67550635,1.6270492,0.0,0.9507299092456822,0.4631673957611802
1.6050736396666665,0.5462036091936269,3.304665989583659,3.3023255,4.596225,1.5381849,7.0219097,8.381872727534754,2.111764858021132
1.6052716055999998,2.248545432812044,1.305112420798776,1.8516524,0.5004342,0.7036945,1.7987472,2.196372521257559,0.5894830270001117
1.6087903788666666,7.409918710581582,5.279897272611774,4.7020507,12.301421,2.5124125,4.391256,8.25261701309433,4.524439995567701
1.634190783133333,2.874207976201894,2.164471529869421,2.357126,2.54365,2.044213,0.6456822,2.695793735803642,1.6538792367413813
1.6388613806,1.493949537424215,1.611410510580328,1.2387199,2.5473611,1.6120162,1.3462021,1.2395352027154514,0.8760412335883339
1.6447813966,7.33189251487615,6.112448116222771,4.5104375,0.36776283,3.6209164,9.045563,7.4912678556855665,7.196860309603434
1.6461180206666668,1.186784458199625,2.091315997307692,1.9202929,3.7380583,1.4523467,3.261883,1.5365249307157205,0.7067514493251656
1.6660364223999995,0.0,0.471771287521703,0.98715097,1.4562376,1.0943849,0.0,1.7732419747324022,0.9294439792524468
1.7000424974,0.3805936265259932,0.8656488958213985,0.7456302,1.2134563,0.74452186,0.07890632,1.696135276005563,0.7920666847184427
1.7239918618,2.7958279543821023,2.2032728634578187,2.1936433,2.7164156,1.5536445,0.63937706,2.360756936570683,1.66211166445574
1.7307208733333332,4.432110701066008,5.9642892355244586,5.181915,3.5795438,5.379984,5.103435,6.013114401905595,5.596435920418307
1.7421722748,3.681616501240221,1.5944029865485847,3.1079538,3.2892547,1.5784377,0.2263178,2.684920501080653,1.9538403975319032
1.7578632544,7.108640533406178,5.271639074172451,6.182536,1.4127878,2.0818295,4.729561,8.73770209506801,5.940245324848807
1.760112856,1.7679145966466072,2.6365074277359035,1.4908102,0.18207835,0.16926242,1.1072685,2.712929089092965,1.286431493748995
1.7796103442,2.5570755921579225,1.229927671679518,1.8289008,4.5025787,3.081813,2.1839554,3.796292031678203,2.9416000048196587
1.7807191575333334,14.89553548832142,12.355252112384912,16.562393,11.898475,7.3345604,13.993073,12.821889447893351,13.29883870462764
1.7914965143999997,6.77843046574329,6.188293583199724,7.133256,0.33632073,3.584259,8.954417,7.50948726230284,7.47828520176982
1.8052037072,2.7515941205263483,3.949447775173623,4.4534364,1.9949434,2.1691682,8.70143,13.709665923774104,5.35615144498871
1.8241161204666667,1.2109864194928837,2.057882513489489,2.1833746,2.2557976,1.588516,0.3958071,3.1295429036017386,1.49373257529792
1.8627348393333327,6.938465204146245,5.589825343383202,8.661287,7.8093796,5.5392785,4.565849,6.156221219577547,6.655285443769525
1.8630468076666664,7.086711013525027,4.549850272055993,7.643036,3.2715619,3.3115628,4.7006927,6.828396972608506,3.4200151324232024
1.8976994284666664,0.2504119787212409,0.7264138522254437,0.96049476,0.69027543,1.519738,0.0,1.6145415507335483,0.6857955262318806
1.897988316533333,6.9021523631280415,6.09108641324587,7.9900346,7.5168924,1.4189917,5.603961,7.41962251281353,6.8483054692694125
1.9021584698,3.6483631003177655,5.129615555314812,2.2592587,5.9427094,2.326819,6.510735,9.661471877082006,6.561061085808108
1.9101309014,10.026772656909676,6.860230299565966,6.575032,3.836277,7.73614,5.917224,10.963398864273996,7.035699958974139
1.9213467208666668,3.4833901561701093,1.502785462228032,1.7022586,1.8197688,3.5594893,0.0,2.3916694411292188,1.7352777533597334
1.9219592388,3.381915066787947,4.048131639708948,3.4524493,0.13286023,2.1071284,5.904394,6.901279029316227,3.623517508941087
1.935258094866667,2.898260493479698,1.8668383888965832,2.8403068,2.2087116,2.0883029,0.43899032,2.9111924889718823,1.8622479351846333
1.9424980628666668,3.926511534185632,2.1665757231029388,3.0585032,3.976737,3.661129,1.5830201,3.090661969620926,2.9533281388577213
1.961966198,12.299480582912064,14.042182696080925,13.694578,13.504261,12.236196,11.184858,14.045776892882383,13.860468384615636
1.9622174252,1.6800593976492677,1.460844822732816,2.1884706,3.0272958,2.036077,3.2018893,3.06508958531583,2.4280194802800543
1.981852233533483,0.0,0.2184323210153425,0.33366302,0.0,0.33845013,0.0,0.8041226873600649,0.2035559354748833
1.9826576764666664,3.601820081449841,2.3224930742758447,3.1085896,2.6982687,2.544821,2.8278337,3.387532464772406,2.348319859591528
1.9903587995333327,3.4473864995633865,1.554374693283212,0.96704817,5.213805,1.6574156,4.4346642,6.498065139158048,3.1020857492367684
1.9911252614666664,7.238687557915863,5.886660073682667,11.88588,15.316482,2.8961473,6.2104883,7.055949389326655,7.615028155170031
1.998407757688112,0.1913338491249948,0.7712612081728106,0.82010025,0.31069615,2.010674,0.0,1.3089645880625351,0.6282337495292095
2.002132484266667,1.723613887403277,2.1204650174868926,2.0446877,3.1576107,1.9366951,1.2680107,3.548711280447771,2.254100401620595
2.002959187133333,2.003356338758167,1.8661367003608973,2.0008612,2.5817156,2.3096066,2.2098246,2.748431018799458,1.9507743555684207
2.006039664933333,3.798032485374094,2.076375709533508,3.307473,5.326985,4.656401,2.7639143,4.83387553846853,4.182202155711792
2.019003251533333,8.00304291816827,5.789860088646467,5.6940627,0.79344547,2.950698,7.406543,7.195192509703119,6.65147962183794
2.0314674982666667,13.5775437096585,12.794448664202054,14.92215,13.060962,9.420646,15.868405,12.95300035593918,12.328420105582929
2.0320137027333334,0.0,1.1150245701797088,2.3357637,0.9233774,1.2104679,1.8734856,2.186124763022404,1.0956114621413091
2.0381641208666665,0.0,0.3221617653920096,1.9856923,0.6907736,1.1234709,0.0,1.5589947557002666,0.59886754170169
2.044128844733333,3.0723018814623293,4.701296847929872,2.5875754,2.530023,2.203256,10.183022,12.6961012233626,5.860707112643098
2.0515701740666668,6.484420101473708,3.530029853154982,4.6366496,5.7686486,5.6555176,2.1400685,6.427206457083186,6.149319524138956
2.0596318334666663,1.6776563745487272,1.7167308246095907,2.3084946,0.46462104,1.2202452,1.2376033,2.7133692838134222,1.4157123971923813
2.084986059066667,8.21727283661302,10.360696599776496,8.726254,7.2759714,8.540802,12.029036,12.20389426960465,10.856358102719312
2.085027983933333,10.920788010056032,7.242964684533349,9.413396,21.02077,12.027006,16.170519,19.369346904706124,12.917886245068043
2.089041354466667,4.890875150885579,5.138157686029156,3.5145166,0.18134075,3.0367074,8.1976,7.274884978046028,5.67578081418398
2.0930102618000004,1.2005236313189502,0.7057177964874819,0.5778611,0.53072894,0.0,1.7798933,1.0024315984205734,0.4988579251566686
2.1058610066666668,7.612126514943742,8.661032151816716,7.9351954,6.842816,5.1721783,7.027444,8.699126234429894,7.825828602663219
2.1176778478,4.8554767209003415,5.745919089648278,3.047371,4.60778,3.0604804,4.588063,5.133424916731753,4.192917387938614
2.120739040933333,8.112187801719113,5.867172818593758,8.963562,2.013354,3.4659731,5.377099,9.345094226290978,6.488168679087759
2.1209685480666667,2.50749812106972,1.4570361004307424,2.462608,1.7979567,1.9388638,1.6130327,2.691453528322125,1.9421575711767716
2.147733558666667,1.974049582983343,1.299127837411579,0.8577617,1.6793994,0.9922915,3.3542776,2.6751028559359,0.8672926131644748
2.155768778666667,12.276312361457466,8.081371624740264,9.22996,7.355678,12.864635,10.201697,10.678414664103109,13.608140536586422
2.1588345780666667,2.4310870434375134,1.776886864790177,2.7904246,0.0,1.5086743,3.745316,2.746452067208652,0.5871078097904738
2.161098925466667,10.1198017167792,7.394628116173989,6.6665893,4.70271,10.012517,6.522162,10.946086967133564,7.279763134388824
2.1630596376,5.320150163638553,4.787301838105878,3.2623832,3.5533075,2.623016,5.1594224,4.25392380574054,3.625463243041545
2.1661360762,1.6078525199618652,1.89333140819571,2.6112516,1.9766854,2.7658863,0.97686684,3.273307803043428,2.121022700153088
2.1702976012,6.822096133981023,4.899639705456632,4.9218273,10.693558,2.4474757,4.157315,7.304509825012686,3.990729741242171
2.1792896604,2.85475885827306,2.4863254952395053,3.8161032,1.1001868,2.2021196,1.4040412,2.549791799047514,0.8222359636981107
2.1818898582,4.156047399649061,5.083225708067495,2.9938693,5.3532643,2.511732,5.425821,6.717487070434348,6.45610993816497
2.1836517054,6.107361763997245,4.594755194142513,7.215263,7.070697,1.2616283,3.2017026,6.192849113457642,6.657084312452471
2.184765358466666,5.378307769336361,3.7701897127223942,3.6281543,2.0087795,2.4264443,4.9533124,6.026025809470526,5.197523263127842
2.1873906098,2.572567475952896,1.0130347065969487,1.4054271,2.3019714,2.9374225,1.7613817,2.9951966449079808,2.042354037209345
2.2188689974,0.847386077498559,3.8949272804160087,3.8569138,5.675462,1.6969997,7.4930816,8.849950551016244,2.492336406680935
2.2214184156,7.292483706091434,6.261550169719764,10.486423,0.3821848,3.6742544,9.0334,7.533469938663285,7.474905500905865
2.222766203,4.743027186941189,3.4788715721557044,4.40029,5.7115507,1.2627817,2.3434212,5.225513929959085,5.281666040261464
2.2228257812666663,2.032120288996172,1.5372453458388826,1.7734985,1.695184,2.96662,2.572525,2.191770714561298,1.538417187642006
2.226810147733333,0.0,0.8609845919174465,0.47388306,0.9325512,1.6989844,1.9637572,1.8246997788248935,0.9414591252946264
2.245266747866667,0.8778537630646263,1.8747258786458352,1.1557367,0.60064393,3.0776975,2.6517453,5.611217205416139,3.274428916629072
2.2461666867333334,2.859931432823875,2.794512210590232,0.9367861,2.9792595,1.1222531,2.7417002,5.28182086174755,2.7671983069040884
2.2595361048,2.811583299327177,2.371581196415162,2.9406645,2.9681873,2.4435096,1.5046607,3.424205835354276,2.852170717115831
2.2601320944666665,9.210263251283465,6.420560101621125,6.5074315,16.632744,3.3030362,4.5357165,9.758836210269946,5.758316923289534
2.264254875266667,8.97153618054525,8.54076469392301,7.410066,9.765617,4.3521924,11.205447,9.42315025743124,9.09273813813492
2.268743699133333,9.988228560340351,9.27574241471362,14.062891,17.879913,9.774951,8.130808,11.125524103102098,12.208707542927396
2.2763449198666668,2.514840297456216,2.4401849474415536,3.0356553,1.4990492,4.0638013,1.4142687,2.878871499334534,2.573661649694546
2.2910290124,1.5131792267155495,2.0415986632624623,1.5876454,1.8974174,0.52565193,1.0576445,1.660665471745597,0.3886681591073792
2.333637197333333,3.816177563575145,2.296075260726736,4.254122,0.21577276,1.896517,4.0300283,3.627103658758457,0.9177104512343516
2.3348823034,1.9503507110276868,4.536189856071491,2.820303,5.238239,1.8263311,5.8519254,8.365007549524387,5.779384166325603
2.3552439288,11.77855794284371,8.080813310554495,11.665153,21.866777,14.114965,16.242512,20.03856104417857,13.284882029998696
2.36910758,10.350815900597317,7.284361612599829,8.109955,17.819016,5.6483197,4.7820697,11.1211410088101,6.40919467290674
2.3739332972,2.5979854856871523,2.786080644384607,3.5767937,3.0710278,3.4981582,1.8980998,4.078946303941428,3.1755194134946128
2.3861975934666666,3.0573274202662124,3.785595682326588,2.6288612,3.962885,2.1472678,4.186554,5.35228942797455,5.183159187063417
2.4174997898000004,0.8614514729550472,1.3862113801210043,1.3079114,1.9234099,1.27891,0.37902257,2.6635627335533045,1.4202681151426473
2.4359633728000003,4.720182873790788,6.057400214870716,4.4917264,3.9471993,2.0794096,12.447713,14.9142966248542,7.072014935605247
2.4368474744,4.552923910667204,4.282634667527754,3.8897953,4.931787,4.113132,5.858563,5.736234867110331,4.498813285764915
2.4708915394,13.210692490585595,12.027003440587846,11.849333,15.643565,11.670303,9.484087,11.556430490618055,13.333415327639374
2.481138768733333,3.9911993264438688,3.3809423468831894,1.2480603,4.517449,1.1195942,3.8697047,6.298673631157213,3.591509552740848
2.488908228733333,11.6759665791816,12.274847409085243,7.0875688,11.276807,12.042818,15.192733,11.931614291716054,9.73023248769047
2.532408354,2.5007015727071416,2.419265762261176,1.6728898,1.2411017,4.032629,3.2140698,6.065111314069781,4.286840616235466
2.535518791,4.504301212223227,3.3551659860777634,2.2717786,0.50089115,0.24284643,1.388093,4.147343793832913,2.6791531134326743
2.5370397173333337,0.0,1.216159370330382,0.43645582,0.13314563,1.7791797,3.0109537,1.845368054555324,0.6942371101734841
2.5447583444,2.071908427848615,3.585434540589047,2.6784902,3.744755,1.4861197,2.138775,1.9287402716889088,1.3137606042056038
2.560626324,7.773623471468682,6.983300740764372,7.675143,8.522146,1.6363583,7.0007253,8.459245636408497,7.865705068322425
2.5702685344,4.561027509452949,3.641620396098778,3.8960676,3.773163,3.7946172,3.881757,4.706048523988842,3.664989526634023
2.572415641533333,4.028565618265103,5.403105227362341,5.922499,3.2756765,2.1119525,11.586528,15.681972930676716,6.340035041247571
2.574097591733333,2.7444392888575617,3.570742137898298,1.5678893,0.7396923,0.80458057,2.0934937,4.038602604410333,2.4706563260378878
2.5748216858,4.346555487925836,2.847517673630975,3.6028538,8.689157,0.38428697,5.2001357,3.46363061475631,2.744438583232588
2.612886028733333,7.724565733662395,7.572423653828126,7.458172,8.43703,2.7323334,9.841023,8.392890056396919,8.128290405653438
2.6170501241333333,6.761750118088386,5.71493086900199,7.0802665,4.6563854,6.9344997,11.04541,10.934138799875049,7.10987906363299
2.6342939344,7.378362845250927,5.0414648672194255,6.648456,3.3989346,2.9813476,6.238462,7.066914898689715,6.445089885548991
2.6571284092000003,1.9783376507624344,0.8722316408395682,1.1112199,2.6871412,1.1145229,1.3540457,1.833158949976816,1.1325424429803632
2.6720483618666666,10.166595750032842,11.41672055796978,7.7710834,10.867668,10.349267,14.290246,11.893724187971422,8.768690552610982
2.672931917666667,6.116338996720259,5.289565495316731,4.0149655,4.0672174,5.38127,10.196355,9.956239305245324,6.029565113646525
2.6842737277333337,4.8492979576788615,3.5564134266364014,0.9498311,7.1331954,1.8554336,3.4308226,4.87994096430514,2.544840930848997
2.7225031494666667,3.824412496808131,2.914554193113241,2.62925,9.056649,2.160343,8.30965,9.51491422764969,6.200891057246545
2.7232285506666667,0.1781177862252501,2.600138764094999,3.6308863,1.0668732,2.8084452,3.263211,5.5730782490845625,3.892111887420267
2.7267910435333333,2.7904791467626238,3.118298564635796,3.8942657,2.263944,2.246051,2.0451298,2.995374505407445,2.4883800723291176
2.727790775066667,10.137950438272975,7.985407144865541,6.433249,5.694999,12.041853,7.1786313,12.32205519879076,7.360582325689585
2.7315017544,9.474259802726513,7.520080138587506,6.9631834,6.0668964,7.972246,10.147602,11.693252368619708,8.763440507219517
2.7357815543333337,1.2914929653731178,3.91525096357556,2.6119142,6.6020746,1.7475971,8.386397,10.315748841521684,2.97826895924446
2.7387606552,3.3204785490710984,1.5996532267429855,2.7524445,2.0238647,1.9683704,0.83861744,2.7560091984565096,1.6141738979782017
2.740211238533333,13.364610819472484,15.343021602940045,15.68152,14.714752,13.029475,12.452265,15.141906124215955,14.869054496312373
2.75710483,7.351741141052344,5.806228777652168,8.597144,8.097765,2.0247998,4.215992,7.231149282028765,7.835604859365137
2.7588909391333334,3.655589872322221,4.437570026989604,1.8789678,1.6715122,1.6737515,3.214029,5.29468804165042,3.8697816270625705
2.7913716924,2.813898865833866,1.5800721959601458,1.3714371,3.3291266,2.650338,0.47967634,1.7676848033615014,1.4275138976412594
2.792319819933333,4.391596496759073,5.875803874674178,4.9242373,6.881211,3.2912953,4.590972,5.0934822884910265,4.352968907274667
2.7928193844666667,8.590206504050341,6.885395408758156,7.9580603,9.245588,2.451948,5.4251328,8.25373664878038,9.005697498638824
2.7954888556,4.069338132293324,2.804224737072007,3.0095909,2.05868,1.7026404,5.612014,5.581450252960181,2.2555579266840087
2.796735645866667,11.597752855188302,9.822206371051756,10.059191,18.149353,14.890403,9.838455,14.553295737810227,13.692888655517104
2.7973200310666666,14.622210300503276,11.151839431010858,11.871758,10.80933,6.5610027,12.814616,11.56816630023751,12.348501237853627
2.813425045266667,2.161712657361916,3.000541382439413,3.3636255,3.7909236,2.204801,1.322678,4.03412487104534,2.406232975224757
2.852887110133333,4.892694249420172,4.865817182748526,4.850041,3.9145966,4.28088,4.814275,5.384405905182276,4.822599573315708
2.860681410933333,3.352539184109932,3.414278004897903,2.5642111,2.8401275,4.29124,3.2227023,5.609976803035638,4.935476138141613
2.8729542222,7.258122563348113,5.475277092260065,5.8987303,5.452838,4.452682,3.751357,8.371439661162086,2.807079234128582
2.8870718887333333,10.61101626628984,7.175470158058447,6.067079,16.143913,6.187594,4.5775347,11.073828326558967,5.856224696396073
2.8912371512000004,6.9944458741927775,5.654929742454526,2.602735,0.9372602,2.6775873,6.9110684,7.400152702010704,6.446467622956517
2.9288583366,5.212249810305996,4.90625951151299,1.9698443,1.0369865,1.5387472,4.6909523,6.293597362356214,4.90383704678277
2.941981660533333,4.182887477295386,4.228975186575614,2.5299404,5.912644,1.6379399,5.202325,7.054540978513064,4.2817796236171
2.955329561133334,0.0,1.7738272140122944,2.265351,1.9207984,1.978423,2.5929494,2.958694154945797,1.7724994608004752
2.9599147210666668,4.872566580559889,3.870962196293023,3.9729822,3.1229653,2.9292924,8.420347,7.532247062396624,4.14395467719239
2.984086383133333,5.511508547209594,9.271239114362904,7.3788743,8.482791,3.672489,15.107448,17.566486614760294,8.127999754200683
2.987180276333333,0.0,0.539521661195584,2.1468365,0.8466612,1.6372873,0.08098173,2.1634140981869736,1.079442701194516
2.987627476666667,10.825047565730724,7.352445756632892,12.322755,16.742374,5.977371,4.6626744,11.315615980578611,6.088091245387204
2.9935807898666664,0.3825854515414288,0.7965591531624258,2.9105227,1.9930297,1.2910173,0.3096199,2.093598065605193,1.5791753025394095
3.015622261340832,0.2991085019014822,0.3767080164315182,1.1052074,0.0,0.6278083,0.0,1.3072545141640393,0.4680904840698031
3.026653787066666,2.350599222581944,2.497858105273177,2.8898122,3.1217198,2.2911403,2.5962663,2.5791680021786885,2.300897737374299
3.038828325866667,14.15141645141771,12.621156825258652,13.209908,16.563334,13.009559,10.176017,12.13100275578212,14.19386108872522
3.0522134344666667,4.195759871697498,3.958927519650981,3.4814606,3.2351575,2.4829621,3.2497864,3.804413204475976,2.6373083910556385
3.0699024294000004,9.513092643240023,10.380287903940014,11.273932,6.473644,5.9091763,18.066341,17.75947856109391,10.535858519085831
3.0796998606,5.9882895598461205,10.013617924970571,6.165305,8.196499,4.292013,16.196615,17.76757079983663,8.72839284526906
3.1001548345333334,4.055319267616053,3.101041049764916,3.0774443,3.662582,3.1139648,1.4899863,3.9548301903364895,2.774003408058177
3.112347790533333,6.234168503725535,4.3061221409164645,2.8158555,3.89356,1.6455213,4.787152,5.543294820872724,5.602600946994657
3.115800072866667,10.441884484622252,7.711826216800403,8.397115,12.032514,7.0367355,8.686811,12.252941241294996,10.02189194365543
3.1276165349333334,3.683981959309764,2.035917183549141,2.1070907,6.565237,2.1182249,5.65046,8.482455651761097,4.229277642383358
3.144415526066666,6.3328950397201496,7.590918615650797,7.0622816,5.2229753,6.992375,6.683035,7.747628616964865,7.64546901423786
3.145605563866667,5.48732243983825,7.150549248000943,6.573048,4.6703925,2.1917417,13.765293,16.010319450535782,7.772612417947809
3.1541553592000007,5.496509791033895,4.023783613979055,5.67196,5.417962,2.0346932,6.830876,7.381863092713694,4.1190389916681855
3.178065960807092,1.515500147133347,1.0231218266554296,0.40809456,0.58969337,2.1725008,0.0,2.2071443799817985,1.1702469366320074
3.1883406643333334,11.022218632401213,12.703851052215418,11.847255,12.320304,11.05591,9.861202,13.124927335011874,12.63490220171711
3.1937154358,5.944986376379011,4.260084964776752,3.8852017,2.4378436,3.2295725,3.2139626,6.144746363649404,1.889003369435734
3.2046503592,2.772072496635376,2.568183968111843,3.0353265,4.095927,3.0959206,4.2984867,4.097790766956789,3.620035392929945
3.213782248133333,4.261181032013413,3.1211211860529064,0.65939003,5.785726,1.937419,3.2223384,4.821312102109416,1.9742821806404496
3.2243503866666665,2.4254554485161166,2.978019380936107,3.6235628,0.028551387,1.9604731,2.5918696,2.4093066489741126,1.557425633653433
3.258259460066667,5.50358602523675,4.629908039902064,4.9508586,3.5640845,4.223253,9.282973,8.948758569790524,5.066921324626356
3.2682392070000006,7.154536713339771,7.103743560961336,6.006033,7.399057,9.364783,6.301998,9.60685947620593,9.42834736961557
3.2702568620666668,3.5802036171628,2.7519919556812247,2.226489,3.456916,2.5611155,0.79028964,3.19903319490882,2.1407753583855507
3.2706844196666665,8.201616093697755,6.499293990014498,11.024579,5.0517983,3.5631166,7.500623,8.331797243081931,7.777014013482645
3.2762191712,2.0113894196770854,2.842212110450021,2.146981,1.2968868,0.8917221,1.9304093,4.628199278428826,2.61536126755314
3.2787821599333333,3.973154855473811,2.5982360110889275,3.9161985,3.606079,2.3125403,1.6116279,4.034485765446065,3.069674899823916
3.2962391252,8.93533328372739,11.498519546369376,12.439275,8.703642,9.550676,13.018105,12.981432637921712,11.831443835632722
3.317192621533333,5.913483541707964,5.688346497630902,5.3378253,6.550787,5.435399,7.0831566,7.025158890562503,5.874027958225566
3.321884350466666,14.906502373049609,12.963122395954644,11.41765,17.076597,14.085495,10.60692,12.72995643623466,14.958510290687348
3.325890727466667,2.7762274486396654,3.1255974176203845,3.2215137,3.830658,2.9165447,2.1776874,4.713733631555536,3.3194874104772225
3.3329959241333333,8.446114484016979,7.790396757421962,7.4607687,9.445298,1.8598325,8.112893,9.38415718661533,8.637029227900712
3.3427673884,4.122885135878221,3.117097513314579,3.3639042,4.2701154,4.8858337,4.3381104,2.942297208695533,2.1802577989656617
3.352256832333333,3.108905168058296,2.9976878792110324,2.7632701,1.499699,5.7965493,3.8485475,6.88414092299223,5.197914266647107
3.3550305491333337,10.42724863409137,9.67263375313028,8.856468,10.934702,5.954736,12.666338,10.479320383210842,10.045282130405642
3.377441106066667,5.821639677315151,5.018807761229444,1.6537979,2.7923024,2.5020363,4.000115,7.165596078979807,5.31684113490208
3.3836629961333333,4.634853271016861,2.233292341953187,3.5603893,3.3040736,4.8406415,0.57572496,3.731951708170055,3.031095009280998
3.3983485914666667,3.2360339927304795,4.162289935278692,3.4863265,4.8393607,3.0938032,2.4877982,5.499105452688061,3.64137099321094
3.4020532259333334,0.2790204962771335,2.6296678860984644,3.1116743,3.5372753,2.8630242,3.4271152,3.4229937357114366,2.657133770974248
3.4199868077333337,9.287198649735783,10.185362176481274,6.9308147,10.564872,8.552653,13.452639,11.19588606953289,7.877902691166738
3.4367166632,10.340417510808088,9.64031658379044,9.932595,10.236237,12.478357,8.268021,8.975833970453056,11.388327197797604
3.4500933295333334,3.496315303732116,3.089830552161772,3.2274628,3.4271595,3.7512753,3.1266634,4.047448391771242,3.320941668578189
3.4589551160000003,0.2652220140459897,1.2113299535513125,3.3377743,1.5287251,2.6519532,1.7939515,3.200637529046786,2.568557083752359
3.4634344417333334,6.020447869395301,5.142235470792234,5.51128,4.887934,5.077442,5.119743,6.14811845475825,5.212979972076392
3.4644425733333333,0.0,0.8136172984411985,1.8835329,1.2526574,2.0660183,0.9422676,2.761377467100244,1.7345714952326885
3.4712485864,13.75711040701373,14.447639548554536,8.412085,19.166119,8.778902,11.013367,11.935275839367664,14.11200197866484
3.4728585996666665,6.528214340704719,4.086960381221458,8.76385,6.7037163,6.707529,4.345823,5.777290748451788,6.829828344316391
3.47852262,3.785806081408981,1.836950032413648,3.0755188,3.1427433,4.2325215,2.4537292,4.084055337886691,3.311261102368326
3.479359657533333,3.63624658576715,3.880884564258213,5.052375,4.0103316,4.4473433,2.9231007,5.338423598166712,4.471272030993212
3.490280634133333,14.538233534886924,12.77621181572406,15.946556,13.313524,9.699687,16.45904,13.71663809531427,12.917474527831647
3.4905278294666666,4.904436056528972,2.239472363631442,3.720716,3.9437778,2.6657145,0.7827467,3.77133004033406,3.2477649776707933
3.5041736454666665,5.236280900315395,4.0812641157412335,0.8584534,8.320651,1.9279824,3.6590672,6.190402268270039,3.038092905169618
3.527108275733333,5.218545229211856,2.920198718686828,0.0,0.5427399,2.8060255,4.215016,4.150127463954583,1.2601751072038565
3.535347158866667,6.436744799623929,7.238489124076249,7.174061,5.8442917,4.052884,5.8714085,6.948116325169495,6.087553507910012
3.5472729929333333,5.990477560684719,3.7039772240858415,3.001078,7.4969654,5.5169163,4.921985,8.215877279641315,6.57803610732794
3.5588493162666666,7.924291962270316,6.200141268630273,6.982255,5.460825,8.2126,11.795946,11.98420103133541,7.931528006200725
3.599478941133333,1.3289467002332378,2.800392418004644,2.4081547,0.3066327,0.3993843,2.5506248,1.8844761251265325,1.3370996923057406
3.6141765996,1.126299108142266,3.42122442765455,2.9101365,1.6097571,3.51875,4.3799415,6.387230586401797,4.812689363181678
3.6156108637333335,12.25241527632564,6.817196101348076,8.502247,12.134075,10.03327,7.7974296,10.642738628930449,12.011417207369638
3.6321820968,4.050309421025166,2.531021023803137,3.5325005,3.7729104,5.2841616,2.8858075,4.179336647489381,3.2498036012556604
3.636942491733333,2.8557005882555595,1.3193982231640131,2.0441506,2.5180495,0.6878896,3.285019,2.2168765506494674,1.8549214613386416
3.638811730933333,7.126714703111845,6.190204775822145,5.5932684,3.8838823,2.8349242,4.9372416,8.561844089878688,6.4740647630468935
3.659755912,4.758093675575102,5.335093238831522,4.3159533,2.1504357,2.6268392,4.6409187,6.306416142145597,5.258883445586106
3.669937296400001,2.4553328978066937,1.7721138919542905,1.5276488,2.191801,1.1024325,3.6366515,3.793883564082475,1.4324484606995058
3.6722619185333336,0.7754205160874712,1.7895166399032896,1.3270913,0.84338623,2.1882381,3.3295522,3.263450627820863,1.386786985338036
3.6880419036,10.766050683366114,9.55483192437021,5.6932535,16.498419,12.921828,9.69657,13.209574756342793,12.815699074011214
3.6939664203333336,2.8675211754724463,5.335033889947704,5.9585156,8.390135,2.216482,10.727488,12.259615690324017,4.502013522716771
3.69659526,6.388332496922635,7.177284235620589,6.563332,7.711761,6.2498264,5.4940233,8.080499651985708,7.219051656994301
3.7362619808,2.8119639995311214,3.806240094160232,6.8286905,4.4422007,5.0100746,5.1606464,5.890097590183351,5.82072882818011
3.744198813,12.390983809793488,12.073482949682043,10.826944,19.538492,21.25984,10.226305,15.095152846741552,15.18639847493073
3.747431056533333,9.99327594967408,11.378026802458686,11.3824215,11.021974,9.889872,8.769241,11.774866550971833,11.52449837502321
3.7940206616666665,3.1279601041986846,2.157864715963264,2.6562924,2.819649,3.8775055,3.2239852,3.3575601399477595,2.718520439841534
3.8021946604666654,9.21485341109056,7.714663748356402,7.613916,7.1168475,4.0821366,8.773407,9.439893463580042,9.0405640040494
3.848893897066666,0.8307372946112129,1.2885202441028143,1.4881376,2.5626318,1.6226288,1.1573398,3.302853052722475,2.4310948658021263
3.869362526333333,3.664798183690915,6.048572234834624,7.433187,8.759531,2.5903666,11.95041,13.971879419867763,5.112012606547606
3.8770607504,8.458896921250041,5.7377093119134965,8.3862095,4.975537,16.226124,8.33036,11.261619351029305,10.615551031055936
3.8990069953999993,5.283590379905614,3.273989683479124,4.13609,6.4302464,6.2350373,4.0449824,5.978304988949588,5.533045940066058
3.9008420966666666,2.302166636657215,4.165079345151729,0.9699091,8.001513,1.1376945,3.4951258,3.5835089528076742,3.0036953236769994
3.9035298467333335,4.135867629578481,3.1888874903458224,3.9274392,1.7802851,2.600731,2.5148616,3.887464065373402,1.5787309460382308
3.9073646684666654,6.091303727240437,6.173573564674735,9.566262,4.379338,3.106617,6.6498747,5.378762442338258,4.90301272187815
3.9147451477333335,4.60431917116831,3.311584764939586,2.8485174,2.5127165,2.3598006,7.0574465,6.61826120547064,3.0981720751034088
3.916220643666666,9.058118548573194,8.324020745303702,8.327626,8.719441,11.262616,6.8694744,7.927737671571317,9.961068922017942
3.925066141733333,16.245803711795148,14.861101407306377,14.221746,13.673393,12.669587,15.482186,14.702885373313284,13.74412095894134
3.9417298752666654,6.415349278001714,8.156048220035302,7.668749,4.8641253,6.5576205,9.524196,11.200290180825174,9.034110582120231
3.945197098533333,4.13072241043563,6.512341418309204,6.4074955,8.909796,2.7346606,12.742318,13.359257934053645,5.770841930364632
3.9522463258,3.563318590887758,2.4600521073192074,5.251249,7.624092,1.9350657,6.8823595,9.361792859701476,5.332188370871974
3.9711631888,1.8015789608361197,2.792576366335898,5.548861,3.1756132,4.0305157,4.047186,5.228767312346941,4.714261412818512
3.9723413056,0.955114553472454,1.898109421094818,3.3685637,1.9356891,3.3561916,2.9124587,4.268936820089225,3.6165206354128343
3.996889913600001,1.158829175254033,3.68602724280479,3.704196,4.636037,4.0611043,4.5723963,4.920074045231707,3.7494153769230985
4.0333088766000005,10.907308612354942,13.179141521111218,13.751272,12.50051,9.992861,10.897305,14.179722784604026,13.067067438895531
4.043859587533333,7.251516164398845,6.206555533571154,3.272922,7.594202,2.5294044,8.490322,9.436794431792404,5.541473286187913
4.044774217800001,5.054624319208206,4.988478708025057,3.1475904,6.9767904,1.9405831,6.655132,7.970561109910153,4.889102038835441
4.049241520733333,7.296146562932422,7.178062477589055,7.434574,8.328994,7.077351,8.170686,8.325279446501822,7.285487667689677
4.086837484466667,3.1243728055718685,4.685767774491137,3.3931742,5.5916038,2.525826,3.339251,3.429269528861835,2.7266779578490623
4.1000265266,3.345561015720152,2.2251352768212627,0.5058771,1.5769662,1.3375787,4.340064,4.34344351911058,1.5969236319847095
4.110204514666667,10.178540976328929,10.492758272783398,9.026896,6.3800716,6.2486105,18.482948,17.74141958685161,10.819198903617837
4.1114860948,12.628649661482504,12.138304571269057,12.460757,12.582545,8.419777,15.026491,12.275033178854558,11.527731827913618
4.1217351472,3.352179793841476,1.735036342959499,3.2040374,3.6139271,2.3543816,2.4678972,3.3329333580243534,2.639785030180278
4.1352463492,4.4106931539950205,3.376413603266742,3.415174,2.1706417,7.1716895,4.681038,8.115964135075842,6.090128006407875
4.155281667600001,14.458522303015126,16.468495711982772,17.336176,15.571258,13.844599,13.467261,16.196643754041414,16.067635992727187
4.160419220333334,7.788610745668382,6.819159487683482,7.228861,7.81339,6.5642757,5.531341,7.90614767289397,6.942455885989185
4.204168103933333,12.896511369716338,12.83308162215852,6.5780606,11.530411,13.522916,15.948064,12.34192106050381,10.256890436345316
4.2061325296000005,6.958681796897114,5.179552349690004,4.8389964,4.113256,14.25861,7.7481523,10.807509480034811,9.678646774970993
4.253593338800001,2.858413589130094,1.1189149335638575,1.999965,1.2395226,1.9112383,0.18522786,1.8347863703904137,0.959224056219408
4.277206289266666,14.98969424037139,14.196192114343877,14.874775,13.598656,12.300416,14.354732,14.208859349467344,13.00835165125902
4.2859102252,0.3899192973219138,1.5717494322808907,1.9869883,1.8406663,2.5292284,2.7663863,2.7752767414840323,1.7620963833142278
4.290597037466667,6.443316170694519,7.936288804621544,6.092619,5.31974,2.5339367,14.70666,17.216023726957555,8.157668097074644
4.292189787466668,9.343898346620492,7.635329758124336,4.6236362,8.342755,4.76018,8.815119,8.782566205334339,9.596061084794869
4.2927599288666665,9.886318904614376,7.891671075162075,7.114521,17.752663,5.9959884,7.2855134,9.823338515607718,10.125245232829409
4.303107978533333,6.830229200104433,4.5803567417237625,2.7070858,3.3648777,12.626514,6.961571,10.191011416442954,8.860577654972024
4.3053597478666665,10.366285713100035,7.042765506147518,7.441188,15.081593,6.2472677,4.7556677,10.432874989013722,5.569281031003446
4.3077794624,4.851190711238156,8.320936151767672,10.268574,8.9271755,3.2502928,14.566632,14.076117711367694,7.446258410845577
4.322116887666667,9.891370659827396,6.550114608778054,9.625212,20.294016,9.796426,15.513972,20.324673518430902,12.054027404794288
4.334277641266667,18.192814266721232,16.110322677248163,18.21093,17.833864,6.826937,18.980993,16.688609949033278,15.650280678686126
4.341603360600001,7.290670754043292,8.538043973221162,4.465953,6.071257,2.6242294,16.035181,18.200327356190066,8.557615216733225
4.368863936266666,8.34031885580186,8.827055958737756,4.5293145,6.748313,3.0116248,16.748905,17.649754071622304,9.00742231329565
4.374693025933333,7.037489119682431,7.132959585987032,7.393498,3.29179,6.009541,7.1146636,8.670707346302546,7.846448201661445
4.380657475666666,4.552935319446772,5.532309394773447,4.670924,6.159229,3.9586453,3.6508737,6.725800963358676,5.0363049825521005
4.3978314888000005,19.95838018916104,16.41676296777102,19.074717,17.945955,6.396018,19.12037,17.549953174143074,16.42713613063791
4.4091173894,12.974108055390124,12.847906639798198,16.152353,18.822287,21.329494,10.338808,15.827109051585149,14.788195112708486
4.524314708866666,4.434931150098167,5.551411647661581,5.546214,2.851296,3.9569364,4.8046775,5.763149579098472,4.777258809507494
4.537766961,6.487944533139271,6.43110557819137,6.290459,5.2124944,5.461891,6.151554,6.727699572380797,6.505145623203072
4.545132175133333,19.46637298520665,16.216276225973825,15.625014,17.731607,6.1095247,19.279291,17.221660088313744,16.345736651077686
4.5478803826666665,4.491946924217478,5.229907802960961,4.0271373,4.6906347,6.2821155,6.023703,5.9970276602410415,5.355994484486503
4.551296507933333,9.819449041479276,6.98012240702075,4.3430023,10.489053,5.351031,8.45778,12.306943783973454,9.07375411346021
4.5537246054,3.363847341990704,2.833872528644857,3.276613,1.41818,1.7841336,2.252806,4.982349430406589,3.2475299357004235
4.5595046902,3.804728008931485,4.321494650713899,4.296388,5.21322,3.835291,3.1924932,5.876569310215783,4.520130686314505
4.5666524742000005,6.480916665728607,6.24773896251144,6.703898,7.126628,1.6644337,8.207984,7.242552674725026,6.996150488711011
4.613617911,11.219418002851716,10.78886901985408,11.177144,13.013047,14.240235,9.802828,12.825848883231998,12.8358927894974
4.618189972933334,8.157042374740085,3.666180610431028,7.3893223,4.7291484,2.0801966,2.6569688,6.3533316944919385,6.27505846055128
4.647411446866667,6.263628168742091,6.671705475055455,7.2335515,6.735748,6.6312594,4.9422126,7.6122320512085695,7.18489959074193
4.649447128199999,5.622626299558903,4.418593317978915,6.973738,6.447643,3.9393613,3.2619312,5.011895267298661,4.978830350925662
4.6544356494666665,9.208469367649183,8.364944047186633,7.283557,9.711505,2.311408,9.081177,10.187083439396424,9.224869525388716
4.6625857853333335,7.999479714393936,6.592572212585726,4.6271195,6.4233475,3.1122344,7.7707806,7.627422007603631,8.108475506591937
4.663167464733333,13.402913993805017,12.852348326272503,24.438904,18.422707,20.5114,10.265781,14.782241621985392,14.764562171215228
4.667272286666667,3.9569910339953496,3.915086156942505,4.527286,5.070022,4.656775,5.1300397,5.296731438860404,4.956200304511298
4.667902667866667,7.349101237789514,8.528833741279524,3.8312917,9.830404,5.063954,10.873167,10.186351084082862,6.511945069488814
4.675027889733333,2.1581485941150937,1.3437531425394786,1.9685664,1.0570192,0.0,2.8734312,2.1201241748849213,1.4220516261244946
4.6754857910666665,7.59063444874148,6.707929724524922,6.7877736,6.208156,6.3841095,6.0820317,7.514670632246262,6.788475694445146
4.6756423362,3.3393039985451582,3.402352301894908,2.816036,2.6263952,5.324554,2.2372959,3.9414453926324113,3.9177020706807615
4.685404625266667,5.832329804730804,4.400268113112346,2.9113212,6.817691,1.5489469,5.0767317,5.857276369349198,5.007628614260791
4.690565667466667,7.40946223701236,8.584994972116055,8.362023,8.924174,6.133894,6.310191,9.195315298237242,8.23156879649165
4.695941432266667,11.106131945308322,8.80900131442161,8.757718,7.4619403,10.021852,11.203924,12.43870389942326,9.626057350089289
4.6996123001333325,2.729679986096443,3.4742678891541,2.3929172,2.1141737,1.4655038,3.0139246,5.778340066125387,3.55182547067242
4.701489101266667,4.318398352992275,7.241544737224239,7.635885,9.055223,3.1101584,13.4790125,13.53591590031064,6.623347624944254
4.701727447666667,2.706341043749037,2.440448765689526,1.8228691,3.4328442,3.6044977,3.2455711,3.062150205378777,2.0214466155084434
4.705594852266667,2.4632247442965234,3.325262448588885,2.8729887,4.845794,2.7473376,4.2392387,2.972948276863256,1.8019098888719731
4.7056779074,5.972071449540428,6.995927800828095,7.454014,7.721598,5.24342,4.8440742,8.0290185726255,6.558393767644892
4.717255600866666,8.772804018077753,8.211817128353005,9.566473,8.864862,5.9749527,6.306034,7.416041758431065,8.328928428266018
4.757219582266667,10.447005017445512,7.255928047323213,6.315224,18.349615,5.2014465,4.76109,11.461294616402744,6.597255624558904
4.789598489466667,1.5590361760132063,2.551250984644791,1.7976788,2.7887552,3.8438058,3.6333435,3.8339969500632938,2.830333060457056
4.804516832066667,6.1237479396050425,6.024539485884837,4.6077714,8.2016115,2.7273242,8.293944,8.613879412580358,5.461630069190185
4.8349958106,16.035364282440614,14.418363497332985,12.08776,12.707347,11.591728,17.588133,13.739362613984987,13.804892853359735
4.861273692666667,5.5351909846674126,5.312023400227528,4.7196712,4.58684,3.907901,4.4647675,5.463465944523621,4.242525695345761
4.887432752666666,8.286984432759736,7.243980716371885,6.0155907,5.3787274,3.168194,5.991318,9.541762461921914,7.402840471709925
4.897372395933334,10.101468659178405,8.101069364217725,3.5181134,6.643782,14.577299,7.3188996,11.953450249452986,7.53655008021427
4.9043939246,5.083738884256782,4.211577923224047,4.5097456,4.8395553,4.1462426,2.724281,5.285575152847294,4.103140112209994
4.907749412933334,11.328727947856091,11.1802368769142,13.641047,11.556321,13.815133,9.736358,9.764283714903142,12.633247700762986
4.918588324533334,3.279094296204838,4.173408328567572,3.553911,1.471918,3.0529268,3.589602,4.022127460673117,3.0668098214657085
4.931328870066667,7.798015533417002,6.7783080831574605,5.2409043,8.829538,2.499809,9.301785,10.069231906687593,6.020925195418361
4.934721617666667,4.97082329110331,3.636301605217557,4.1961474,1.6867983,2.6214685,2.4382083,5.032381977538795,1.2550579851241042
4.954341161733333,8.297455313234632,10.260354604459206,2.9245238,13.088522,3.5652215,13.414155,14.02909103791228,8.016300758194816
4.967258603466666,2.1291560576401443,2.69488750902744,0.69473463,3.3192506,2.241682,3.0547276,4.882682273385204,4.237187336601568
4.977946118133333,3.766297234650948,3.542264483124642,4.39131,4.9182096,4.0600348,3.8096943,4.162900842047622,4.269942641283999
4.980330396266667,3.1783866227366144,2.13496445998643,2.771802,2.8755312,1.3714042,4.4032807,4.271961459512431,2.08805739742394
5.0162189078,12.792702811215555,10.053779670288492,14.972516,10.394635,11.907304,12.17544,13.378872284728024,10.194615455644996
5.020557909733333,13.18262065206285,9.90815486236738,15.269223,9.891052,5.593752,11.483571,11.108871205114616,11.283257308764732
5.022419283066667,5.082273399206271,5.686893118780519,6.160642,6.6162286,5.2106647,4.3087277,7.08020249795894,5.798631189634174
5.023097624,6.463428299171718,5.299064483849608,4.2494125,4.7549005,2.0369725,5.6570888,6.5683987174164775,6.414399607855605
5.0329260372,4.924865762666465,5.207643588993829,4.854864,5.376263,5.420298,3.8749657,6.471200595565985,5.81828699875234
5.039967656866667,5.402402843525237,3.0422582451327864,4.9341636,3.8899965,5.6890807,3.6212587,5.538689930074035,4.759676006466066
5.041250447666667,2.9043076331171966,2.433832457787524,4.060761,2.2890313,0.9365084,1.9038643,3.012372337017035,1.0795733387052056
5.059254168333333,9.14843950278166,8.873928701210133,5.682932,7.3120813,3.510507,17.531487,19.42331206189508,9.46097522290822
5.103515737333333,11.550617183456849,10.872794732122824,11.95976,12.069892,7.242768,14.034407,11.492591035180324,10.844925651922578
5.104432244133332,5.117729341558606,4.531876325416221,4.8405623,4.420231,5.2965846,4.3344717,5.460764739901291,4.974017360939196
5.129151173533333,10.271425032077511,9.98339786146508,10.699431,13.007899,14.619652,10.283452,11.232490778499672,11.03698279184938
5.1329596181333335,5.9562369554731145,3.170594163638052,5.0774083,5.0506835,6.3834248,1.5827914,5.035723573917482,4.509295770204948
5.1453679046,15.079103482608076,13.106229003635882,15.611313,14.542634,9.938857,17.247839,14.658924258315531,13.433116907087133
5.1531808748,6.516336767551243,7.269877181702526,2.8653495,9.144383,3.4877431,9.52701,9.34515820505769,5.985209041635215
5.1627130800000005,2.579229937130608,1.6911350265829217,1.0553576,1.0161422,0.6969619,2.9319353,3.279984898756652,1.086056239958356
5.1774502854,5.738830933514824,6.937526546312697,6.537567,4.4572444,5.4553676,5.991944,7.517197287874928,6.450130052951915
5.1791090342,9.078913378871809,6.801111932372883,4.9639807,6.3935637,9.5467825,12.359862,12.488301879139431,8.870394520359202
5.185987077666667,10.563012000986816,7.534818756572167,10.851866,7.7180643,6.439058,9.374057,13.111329758353298,7.459843453085597
5.190063680600001,2.14885338679466,4.96034375181018,4.41464,6.0186653,5.2286086,5.729124,5.907390675735287,4.842156128985637
5.2119533888000005,11.75180891167559,10.18183288483532,10.299692,13.52379,6.726288,8.940243,10.487638209921386,12.064271550100406
5.3072979989333335,7.507221917333344,6.434528349940051,8.878698,5.1323466,5.295506,8.393917,10.524393040258076,7.589951973712911
5.310239077199999,5.429834956433012,3.667540423546532,4.145012,2.7229137,9.021088,5.566836,8.882935063934482,7.0070991584070645
5.311136238866666,6.057559535379545,4.193103345834574,3.7391322,3.177067,10.599018,6.282986,9.061517550706052,7.896117321797905
5.324449465800001,6.960276243496541,8.364927417345132,8.335869,7.4418154,9.187604,8.832667,8.419332245005409,7.936548415775706
5.3259556946,9.129890140717762,8.435096203561537,8.811082,4.8135376,9.144619,9.517441,10.601753758641344,9.7277138974472
5.334263845466666,0.4423706594531236,4.1214163274795625,0.13467413,3.5830956,1.8068714,5.3111267,7.92417491263063,4.815920075895168
5.337169902066667,10.00466597129831,9.715085404542,11.103028,11.219522,12.784384,8.642675,12.012157185383604,11.998108063152907
5.343927038,15.435067434931696,14.2995508905437,16.053959,18.654327,15.595754,11.929523,13.83142126419424,15.84602549925111
5.3709217134000005,7.1221345641225655,5.987616758617181,7.461925,5.25763,2.5949888,6.7036524,7.249005293492657,7.347015848113696
5.417672370199999,7.782256804138989,6.030190026252334,5.155335,6.8376913,5.064592,4.079012,8.730439722308803,3.124760640151876
5.436398321466666,5.7852637189627565,5.944008573133625,5.731555,5.721347,7.5662446,5.1430354,8.215974947740953,8.05063200766537
5.4390895624,4.514129863778208,4.629091394176266,4.580285,4.4041524,6.0826206,4.11692,6.977281919785505,6.487316678369462
5.492726807933333,9.45482162017776,8.038912963716676,8.159062,10.960379,20.498034,10.042288,13.176189091501078,13.40331465288996
5.532499589466667,7.369637843574518,8.251680028883143,8.427573,7.700191,7.560023,6.1847215,8.732951240067678,8.620183746003468
5.535254608333333,8.886178351880483,8.78867829350859,8.897475,9.652825,8.359401,9.52632,9.5804586210689,8.812706565614759
5.573808753266666,4.510355617487097,2.972736082458613,4.157288,3.7292871,4.81528,4.1013975,4.591564948331091,4.155934876368227
5.5872900478666665,8.157501649019474,9.965375659767814,8.45986,9.121904,10.580032,10.183993,9.333956871679776,9.180039921418969
5.610126566000001,2.025436517013966,4.489018351596182,3.2559552,1.884779,4.006396,5.6548634,7.321745468407295,5.725621528738606
5.655631826466666,1.7088823978170251,3.4991429245036305,3.5615282,2.8380039,1.857581,4.4817944,6.790952671881279,3.9269884013096745
5.666004479200001,5.321905989442432,3.620974200428163,4.9021206,5.5092096,6.8801847,3.7685187,5.579539590332088,4.909152902681189
5.697011553533334,9.057670504239535,7.4340048051428225,11.398797,9.337505,20.046663,9.682041,12.346583223794203,12.624806294889328
5.701095916533333,11.87066873629114,14.08257338210425,12.186499,13.404367,11.33915,11.656184,15.238259749379749,14.084658899154183
5.717883786133334,16.246868083624825,15.69856799627703,15.547794,18.337488,15.52499,13.967977,14.669521950900672,16.8046953822134
5.7355202994,6.650356933248607,4.804517528404044,8.760736,7.9802856,7.79773,5.321084,7.0956676441439,6.88168801203984
5.743325635266667,5.918294447634712,6.772328950877218,4.690579,6.0498624,7.7280307,7.505731,7.185705305723298,6.619651266938226
5.7552188876666674,10.30327392843554,6.890479747167575,11.759156,13.816296,6.4173503,4.7766943,10.466224582145903,5.162925604764486
5.756456765133334,5.157773272557619,3.4218003686892997,4.3524528,4.0814447,3.6219468,2.1232867,4.75477463003761,3.6898250058628186
5.791960218133333,15.6921793794458,15.287422018535343,18.07064,18.802254,16.416887,13.253255,14.713716547150277,16.68702641934082
5.839537334466667,3.6997559409096343,2.43410507306698,3.692851,2.736326,2.503572,2.780918,4.068084021018856,3.4887861732154866
5.847172965,9.896414548741776,7.197456684506316,9.174187,6.867964,5.619691,8.4100275,11.782613837837614,6.815387707339175
5.850204380266667,3.022257440775201,3.796125284827805,3.835341,3.5912874,5.111116,4.833453,4.910116895818276,4.083776341985605
5.864647297666667,14.056432983211758,12.759747341995729,16.919697,19.09691,21.652014,10.265505,14.478556759798598,15.148082715728476
5.871534806133333,13.51074536440565,13.908512513478614,13.499731,14.473691,19.43328,12.848355,15.126298306098278,14.148338077983013
5.8994750882,9.332059190024571,8.290676982166152,8.697946,7.923139,7.894929,7.4151697,8.910549825636437,8.425104248936774
5.910860270733333,8.11677886339086,7.72024979831367,6.772074,4.056081,7.4874315,8.43372,9.4573775365107,8.823824545034912
5.932754970066667,8.148763668475317,8.022606989124453,8.586326,6.9439564,7.0549083,7.713429,8.148136894918506,8.231098639178438
5.9466662472,4.170692950366634,2.11153740266977,4.1209173,3.3367565,0.39105144,4.310984,3.3565192551715426,3.397259696591436
5.987196351200001,15.288528231374732,13.943241853178389,16.90003,18.199999,14.994779,11.448282,13.784727158224973,15.547081247251452
5.994004751866666,8.555915447748037,6.2465094820797145,8.037016,6.3709736,17.689137,8.832051,12.289399056069904,11.506081323072973
6.003100574933334,9.731414249318217,8.743909150033902,8.745909,18.216238,7.883456,7.9244003,10.627168478429178,11.175145287864028
6.014215639866666,9.60947269181878,10.181948686719556,5.633963,12.422437,12.975376,10.964406,11.903551819533623,11.865055275418715
6.020683005533333,12.915086685190284,10.223336429427436,6.5560007,10.877536,10.082395,11.894125,13.807375210443052,9.534368782437795
6.0545635503333335,4.87569107083798,3.058008816977412,4.891732,4.7812624,3.4740736,3.8368177,4.944470149193286,4.531465913959299
6.089677334466667,12.799774604564774,9.975866972594549,11.488227,11.022959,10.935626,12.069512,13.501546710194836,9.73331158275419
6.0896854258,6.681856090735562,5.368133281002654,4.0116744,7.6773176,1.036067,6.333024,6.44995356698013,5.790474289330932
6.090374436466667,13.283959684167904,11.074896355849075,16.256533,11.903191,10.398926,10.816492,10.840228434180712,12.69324830293706
6.092879423666666,18.84126859472213,16.074661320270135,12.11773,18.52523,6.1478343,19.02197,16.970503591449926,15.75389339348272
6.093138283933333,7.657011499522845,4.136498181106579,6.3563538,6.2962337,7.18135,2.839952,7.111462881402948,7.505717077198846
6.127012391400001,3.1830599362822354,1.4356491531398947,2.3949077,2.63179,2.7914436,0.22270629,3.8494913346237154,2.32527128066773
6.133079814399999,8.530690184719948,9.934319760673183,9.196962,8.197421,6.2932653,7.9920177,10.155466456965344,9.463934647014945
6.145598320533334,3.125582768939503,6.355791760735184,4.4377728,7.6085286,6.842721,6.9011602,6.831418864394776,5.905393426198501
6.170894505333334,12.108498424005672,11.129686500881729,15.007509,18.007008,16.044325,9.364993,14.101905373329377,13.867784461243604
6.183389231933333,5.562594483545292,5.418954603224099,5.928473,6.0512195,6.2369027,6.4066358,6.632481678526022,6.398121764013193
6.194992339666666,13.441954032588509,13.03247841752918,10.6497345,16.070623,17.122133,11.840344,14.424916818342268,14.876193932755353
6.200430344466667,11.547575539431351,11.961591153695483,14.05953,10.04238,12.236722,11.375305,12.078093241694688,12.459380237617088
6.2118430556,12.582149682023491,7.263235684632111,8.479577,11.919095,11.362137,8.347722,10.52513001591961,12.559773105201296
6.218744873333333,1.538329020571321,1.8875807074033495,3.2121332,2.8242834,1.8892113,2.090214,4.335678252586937,3.351473084408458
6.218756458533334,4.049791824194313,4.246680993246672,4.3170037,3.491224,3.065639,3.172688,4.236798706486483,4.040281135341608
6.2309133436,14.72269592576076,14.04031817563125,10.623087,9.460544,20.11779,16.10121,13.712794121917566,16.10928875966898
6.271587340933333,3.693686915177568,2.5692343499038115,3.8525372,3.496319,1.4389532,5.0655975,5.473267917280459,2.853411776428552
6.272928567666667,10.392864586168438,9.009498816165918,7.3486814,7.6766367,3.7685974,17.99428,19.45208068580132,10.28295562825777
6.286231314266668,12.965998435000516,13.203783825907234,9.6798115,12.568729,14.586687,16.62567,12.891781555541993,11.291920214955654
6.300321098866667,8.821659248451008,5.854431726747695,8.190377,4.9443097,4.237709,6.851948,9.257200981585877,5.256101946495146
6.301650838666667,8.512883202659799,10.57116725544441,3.497799,7.0206637,5.368203,17.341413,19.278062882098908,9.955282122747816
6.307254508066666,4.530161122823808,3.524131355389992,3.8006861,1.9840565,2.1058385,3.271849,5.8024861198504905,4.287295328106256
6.332777792933334,8.304343032305281,7.155532221520449,5.0482364,7.098009,3.8306692,8.466016,8.189990646806859,8.79011322288207
6.335545946533332,15.09877517314816,14.340455941632325,14.975758,9.390753,19.857458,16.355871,14.244627150525654,16.210455508135738
6.352016334066666,8.488053055959783,8.35194745752227,7.676694,9.500827,10.914409,7.455751,10.705711345563085,10.910438170356192
6.368416624599999,2.8895811320104308,2.224161039612987,3.55407,1.7190989,0.0,4.2515187,3.383969036386524,2.7150267964577397
6.3775261938000005,11.001024303812816,7.111753335640371,7.4601245,18.651258,4.8058877,4.59888,10.819024267694388,6.379331315329412
6.4102249248000005,15.931334389709654,15.3846042145955,13.424457,18.552671,16.074554,13.568762,14.991944039632136,16.592144062336406
6.454079846,3.5841716964637573,3.930514880998706,2.0092897,2.808488,1.8479006,4.187426,6.990833207897229,4.513005097401953
6.4607447097333335,10.93528347429809,9.358579391288425,8.951429,7.8436093,4.255959,18.649933,20.43748921011925,10.67680796147538
6.4639042388000005,15.34752924766594,17.568544946449123,18.557117,16.041882,14.274991,14.506545,17.438571450644446,17.141066702559655
6.480097728333334,1.4366938570844483,2.3649399005941407,3.9001098,1.3675737,2.086348,3.596458,4.199688290697488,2.170782782556531
6.5030316227333325,6.369393502848522,4.18589152258515,6.959178,6.1842084,2.7474637,4.1388836,6.336094015409726,5.389137516959455
6.5475416646,4.31117626243314,2.8359569008026333,3.4012854,4.2045717,1.9400802,2.8791635,4.02086310706872,3.390178858490738
6.559974371066667,17.784724708781894,15.46123270427267,13.992693,12.962104,15.583949,17.500849,13.649662499463528,14.06302849871457
6.585254927,2.034725184969656,2.9375323420887653,1.2439698,1.870549,2.0722275,4.0116553,5.4378340251037605,2.970745682939393
6.585445681133333,10.052238960096885,12.100919247575792,12.503191,11.368942,8.860034,9.917911,13.212382204832153,11.959275155175794
6.595052695200001,4.209609606483239,7.875721410441628,5.3072653,8.808753,8.052345,8.057447,7.555396529500709,7.077136839890265
6.596135846866666,3.9594120577367455,5.257676036387688,4.7401533,9.112236,1.406182,4.145193,4.872718391784135,4.4873628943930175
6.597556152866666,6.09811948065365,3.10924531783692,4.1184587,4.4710526,0.70523816,5.7167325,4.605330304139339,5.162924802723184
6.611615916000001,7.915715075132347,10.638849157948302,8.679235,7.609919,4.9321065,16.745178,17.73114357875581,9.524699279331532
6.650311022866667,6.672413328422132,4.58953269909877,5.0375705,4.8565035,7.070229,4.8854065,6.872615674531313,6.257638979394217
6.674695679733333,12.53278184560828,8.7365044293687,13.611713,10.01599,9.090999,11.249731,14.873523553566578,9.833643251485029
6.709666677266667,8.353528684071385,6.00055328137294,7.8164387,8.551431,3.2778318,6.909654,8.225723334682241,7.411937607026562
6.711596822866667,15.667706506110289,15.064559686235,15.895857,18.96083,16.809624,13.039665,14.528836995217889,16.425525093653953
6.732789375866666,4.020051073333377,3.2617968587554,2.6962981,3.9846904,3.313893,2.5484614,4.797447606854386,4.342336305911658
6.747212291266667,14.089793749875096,14.562381273734832,15.314678,13.181099,16.768648,15.72896,14.092402620852548,15.58404108551863
6.751734380733333,9.492238637354642,9.079399991111927,10.029496,11.820059,13.15522,8.84595,10.1846006051862,9.979237417516636
6.757494352199999,6.309776718981052,4.839586332134456,7.6939015,3.5327566,3.7173908,3.4937758,6.900677863424107,2.364541029469544
6.761574665733332,15.356033294555688,14.93702903934389,13.847867,18.751535,16.290413,12.517106,13.947982189793295,16.31985197082162
6.7874404376,12.30361812694146,9.783689084619615,11.472575,9.480638,11.581518,11.916785,12.882523518094278,10.110588737288102
6.798116512333333,4.988556096115879,4.499405851275501,4.9620485,3.3941689,6.7916965,3.194709,5.0011794182910725,5.456072492393343
6.798877771066667,7.8731800839563535,9.35938141379549,3.6001284,10.371313,6.5426693,12.373248,10.90361963598641,7.045042625260898
6.826695393266667,4.126882500194704,3.266207046365768,4.0303645,4.712271,2.5689125,1.8655542,3.634056415165247,3.203967772651077
6.838812361666666,6.708120168418098,6.084428422534818,6.4975257,5.5843596,6.720405,5.547567,6.861052404592518,6.647851324980603
6.8485888342,5.680037649593054,7.009417703613469,6.1257677,8.282978,4.7750087,5.873106,6.767877046667127,5.9352474140570575
6.8506141707333335,11.429000828507313,12.4414458910303,9.297266,14.538153,15.35384,13.787835,13.209548392628646,13.366671810779028
6.851788014333334,16.314708440869065,15.399939849291195,14.738539,18.508673,15.761159,13.8137665,14.935211581802385,16.445596057732327
6.8678655685333325,17.562601229422096,16.525721208594454,13.922541,17.479097,7.7171087,18.83588,16.173868863976193,15.496467298182996
6.877229580866666,8.656152686135355,6.882795954313799,6.6383777,5.560946,6.710674,9.323498,10.860161652933964,8.232250884857176
6.889974812133333,2.0180512448382117,3.652026848061228,2.506639,1.0184494,0.9594669,3.255677,2.800915759777673,2.483558859898785
6.908231552866667,20.675363519436388,20.442123365151865,20.015417,19.455196,22.090029,21.327137,19.73199271927171,20.866152216431864
6.919541796533333,9.199877390891157,6.916040371452306,12.210727,7.5722985,18.942463,9.233338,11.89848389678075,12.291861143068743
6.945578581733334,11.011165317984778,11.00285601015806,11.923685,13.368649,15.979785,11.110061,12.4477415641292,11.945109317410038
6.991542936733333,4.437266595973982,2.6583174327719163,3.1406963,4.786105,4.461028,3.0353043,6.496060175088164,4.942393491876349
7.010733420266667,13.063254598455083,14.870877505354697,14.4667845,14.264103,12.731607,12.308987,16.194690240268667,14.944281870562968
7.050575316133333,5.534705162548662,4.375568652792289,4.6854076,6.3714633,6.781064,5.8438,4.594043801371607,4.346790431963703
7.0690204938,10.562310169938971,10.42561572992438,10.743898,11.823159,10.4650955,11.086066,11.25036586671036,10.545121614632777
7.073639399666667,5.066828947512722,4.763802727254203,7.3637996,6.109576,5.3379254,5.231782,5.816059226257303,6.3787753586921925
7.091934908733333,16.28994095590173,14.911554275957243,16.765985,14.495728,15.208193,16.538513,15.948423945360457,16.04330428528517
7.1058709918666665,7.610743603105634,6.964715588751928,7.50011,8.738473,8.635313,7.305635,9.583672443016644,9.584454427166303
7.1369123246,7.238146685015571,6.463614245670593,5.3814554,8.586329,1.0503136,7.514797,7.069221521034801,6.515772767312778
7.164918079066666,16.606606887591816,15.366664631099251,11.787343,15.875937,16.546558,17.371592,16.768435936368462,17.025919827434358
7.202073807666667,9.327590265270214,7.036304591219165,7.966385,9.967798,3.525305,8.372068,9.177694753263212,8.360888504182142
7.205096916066666,19.05447271455187,16.5624157523226,13.451015,18.57205,6.019598,19.008188,16.649613782606224,16.23873255476087
7.242868506333333,19.86949691772656,16.07472526395731,17.269157,17.810194,6.9677286,19.035892,17.382849359734205,16.501021364039996
7.252427428133333,6.907612005525968,6.858893240567245,6.6218433,5.4095926,5.018258,5.9991236,7.2329697191461,6.106568792329333
7.2613987962666675,7.626120795371542,4.264911782517431,6.267452,6.59449,7.5605454,2.8320644,6.348512816207513,6.131070264016688
7.289736944533334,4.068133941377679,2.149300034709107,2.8016653,2.7006426,1.9541311,1.7525997,3.6493589850183055,2.404507620265532
7.318357744533333,4.019467091647658,4.803639568414491,4.0462976,5.991912,4.0262117,5.5048203,4.611945132823535,3.2285496255965294
7.367291672266666,5.226242289456744,3.206077569346902,4.4514093,6.4752307,4.863244,3.9112952,7.182664982753514,5.818166719940497
7.391228997933335,4.151055037888724,3.741247417133641,4.2126346,5.4569354,5.1778965,4.331601,4.655629614396762,3.711569289373528
7.399249012333333,20.57336291917107,21.617405582637904,21.455345,19.583736,13.51059,18.685368,21.370302842293917,21.14511246797445
7.438726983466666,13.123988792563118,9.56458557595399,8.950188,10.766746,12.042814,12.226313,13.706141075108375,10.24154432892858
7.454750089133333,10.723866068700788,14.6958819924413,15.676905,8.835205,7.6849227,15.452023,14.231819300769612,12.886662700096911
7.459442517,5.820925836918802,6.282342392829944,4.7120376,2.6855748,4.251288,5.824437,7.5249460130909,6.64643996388163
7.472527556066666,8.21018066936374,9.19578679480964,9.456552,7.395876,8.68448,8.191134,9.281017160478251,9.490912942272004
7.521668161133334,12.37307970248652,11.980347584104123,12.530762,14.694742,15.943464,10.807744,13.451112206137887,13.818463915843726
7.578506380066666,8.229223686503582,11.262709780236102,8.591727,13.543212,3.9038017,14.091665,14.06702171293968,8.413433363881367
7.588715932266667,9.300493182416728,11.105907102591068,9.540725,9.61114,7.6027308,9.097394,11.675486058565616,10.741956838048148
7.592522817333332,7.931562852314356,6.431304855277266,8.358967,9.7082815,9.404217,6.5105114,8.417828971032304,8.274136016487804
7.626357638800001,4.359308831633429,3.0592307899612283,5.1923275,2.8037672,1.1236874,3.1095312,4.45972973176954,2.0110794117493027
7.635992640933334,5.9384430214201815,4.045555087268812,5.029584,5.9494452,6.1039577,5.167252,5.649296651860742,5.720506225331174
7.658692273333333,12.192748487434956,10.542651235839982,9.813653,11.966762,5.589408,10.706533,12.309394941908351,10.553519096172042
7.689310166133333,8.426119675061418,7.9614852607607105,6.6011553,10.72308,11.04676,7.545677,8.83676034931337,8.711715643495326
7.727906250866667,13.457188482779587,14.102002715417983,15.451402,12.878732,15.437707,16.963135,12.979050740595188,12.109810068935523
7.730472777,13.3646887657247,12.486472526565615,9.92115,10.355078,20.040607,14.310388,13.093317059336057,15.109328954350207
7.732403620266666,5.248504965864079,3.431249144792808,6.315988,5.033789,2.315822,2.9269865,5.296987370416515,4.282135959391833
7.749463380266666,7.031410346580976,6.9750464613007415,7.4932256,7.2107873,7.6057143,7.6415644,7.802298671584293,7.808298439303653
7.772979567733333,7.743451389383679,7.02482736832104,8.757937,7.150363,9.701514,5.6384616,7.025133285578518,8.605001990641963
7.783335070533333,3.56736192050764,1.817981832551432,3.7539637,3.098239,3.475179,1.0615194,4.8398287047752,3.1580542121922117
7.791443510866666,12.099339722850363,11.91364673581364,12.644393,13.592306,12.005239,12.618749,12.790369483160037,11.909933619859546
7.8000477772,4.621476999617118,3.339340002054615,2.6163225,10.487066,2.2764473,9.648364,11.67818769666322,7.101954073432933
7.803366212,15.620122404086892,14.899240131383266,15.307842,14.63544,16.135418,13.803311,12.659248258446526,16.061892802773635
7.858571455933333,9.912073503828452,10.59858706594832,10.659198,8.768926,10.19668,9.783589,10.565892954919851,11.058043688950876
7.8632720748,10.836894939138856,10.552958515798462,9.126439,11.240318,3.4160357,11.180854,9.146489091405742,9.002074003448785
7.876920792866668,7.570136010347038,4.985958435382919,7.630567,7.3799334,2.8389523,5.59873,7.383058528183923,6.466847487660686
7.9225260766,13.007826688194095,9.640897228265707,11.704426,10.6455145,12.158956,12.174009,13.88576386966598,10.252666098482775
7.934902012600001,5.103357916606757,6.125104949240838,8.006052,8.056876,6.761422,7.670872,7.539254155252005,8.584812796530557
7.957323638200001,10.404903490991469,9.833006121634698,11.263934,9.592595,9.362074,8.904435,10.368997773858208,10.058665653747244
7.981287224666667,6.60954625766923,4.2848646060329285,6.1638203,4.957262,4.916438,3.334244,6.772919598719684,5.409041397871709
7.993287754,4.8771207737017255,3.6197819144510617,5.0679154,4.373664,3.5388446,4.07832,5.514038486608518,5.21027114400562
8.006343795933333,11.592554298292512,11.803024891476598,14.651462,7.5163183,5.7847514,19.675116,20.487853432888546,12.473592782361534
8.009633492333334,11.754068508859444,6.599986703144047,6.666916,11.71612,8.828455,7.2634616,10.61842452094856,11.47421766050381
8.0138110356,7.035362190869373,6.663825090021168,7.8039064,9.265335,8.799287,6.39861,7.544565162620161,7.191130931002789
8.021712964666667,10.297834749190562,8.104249455324666,10.003374,10.643377,4.780368,9.52554,10.141051814743596,9.026842082854856
8.0226967472,6.665305444262255,5.439514246183911,4.448535,6.3720384,5.4419007,4.0796666,6.515109054161705,5.57574578832152
8.058868199533332,9.088892879908462,10.231472443296887,10.03562,10.830931,7.7610016,7.791761,11.031751724741923,10.113111954873885
8.096860789466666,9.467784947109834,9.556774181900918,9.746257,8.637922,8.760457,9.209721,9.623314234246315,9.997051652637849
8.136376466333333,4.348044871734099,5.527301772491712,5.6473427,2.6634684,4.7662497,7.0218725,8.750128669790662,7.021525776258459
8.141625100933334,12.70528407463512,12.749743552213296,13.867657,12.858636,14.619017,11.304263,10.752221229838195,14.03487342446565
8.1481908046,6.332369884491277,4.45309440860213,7.8750815,6.746758,5.152288,5.492333,6.589166749136247,6.582643664301227
8.149488745933334,18.15387947772113,14.77250248604435,11.984878,12.587601,12.693294,17.343006,14.31279603640254,13.977816041926976
8.166552725866667,4.633843786571678,3.065241762054358,4.495449,4.498897,1.7766863,6.354295,6.902707812363192,3.59251766034186
8.175418059866667,16.881664368093354,14.9645556227067,9.620125,12.794587,19.921087,13.994328,13.772916931654034,18.474284307962645
8.192142514133334,15.248925356482784,13.373767668504469,11.298119,12.96304,7.972177,15.104156,14.611393644605588,14.165033554733228
8.198764708,16.034761615426245,17.847442491201523,17.361513,17.823608,18.788044,13.946286,19.137790517517796,17.95997917998093
8.215848346866666,8.12778516041553,6.287572859678285,7.3699703,6.032814,8.484564,6.194102,8.451692962621213,7.765495295907528
8.237425695,13.991966787603197,10.969579976053954,13.131904,21.899605,20.99018,16.680838,23.431211989654447,16.769356341975307
8.250091223533333,7.609385598599189,8.849482740039669,8.952122,9.248632,7.8974714,6.7997804,9.171801777048572,8.931585355647579
8.267499663066667,10.701418448918044,9.528376597822524,7.4325933,9.964583,9.392933,8.674475,10.244948503763435,9.33155849221584
8.2820856464,7.855277680911331,7.3537134869255825,6.2669396,5.4695983,3.5647154,7.9895496,6.494117240691403,6.102216455307744
8.302394855133334,5.358725905696679,9.533810898407909,11.144532,10.792914,9.8967705,9.480072,9.364649094793169,8.572741549603764
8.332103264266665,12.694927182026952,8.177441337693214,10.429992,7.6177015,13.218202,9.887203,10.37623752786586,13.811301598247358
8.335889928066667,10.17687802340871,8.221483953971896,2.8625784,8.848324,6.1171927,9.307772,8.748826044610265,10.203499442404317
8.3427131084,7.611955705889495,7.526464121805611,5.445464,9.721377,0.8421536,8.559598,7.264852009286371,7.270812752684089
8.375714579733334,12.382194117287016,7.479694010253129,12.312559,11.055335,12.454284,8.790911,10.56578883302768,13.060059728945326
8.382637387933334,11.001533454583342,6.343616481805428,6.2112546,11.288364,7.4489384,6.7220287,9.496439370318685,10.953590959583906
8.403030373200002,10.237626844055578,10.910793908452431,8.912083,6.4221473,6.413889,19.135386,19.89667834235667,11.446917643064303
8.405130695933334,5.284438181049729,4.767322274128903,6.6805725,4.96184,0.7129861,6.763281,6.091769376059733,5.647850435904346
8.447077565066666,12.61740264341513,10.57508799251539,13.513499,11.892196,9.567925,9.83324,9.954424342467814,11.679622916955394
8.448124558466667,11.973131734983326,11.365935710543884,11.716461,11.6207485,11.002889,10.175443,11.795573040950428,11.565825221852965
8.4515251958,8.256909027591332,6.950918750421989,10.201343,16.619865,4.4644904,6.8450265,8.093203494161356,8.91319987236978
8.4935995208,16.25894935133941,16.457412243631932,14.275092,17.245089,14.92966,14.747669,14.006440125249313,16.34245929685288
8.514163325,10.118211624633114,8.811052654778553,5.4915295,10.234004,3.0414178,9.624335,10.7004573999393,9.816856084908697
8.526588002799999,7.824080788322475,5.274896389703624,9.206862,8.088096,8.613859,5.6741295,7.104526344358948,8.677315631541253
8.561753472133333,8.356528463868772,7.706829531866922,8.6371975,7.301043,8.413789,7.033629,8.286626633002706,8.321431674837884
8.567094160733333,7.32289093168367,5.03220100649244,8.977179,5.9083886,6.3109603,4.678078,8.058867160936394,7.1529225172708
8.570844506533334,11.16424061045685,12.178024219588137,12.553903,7.3918047,6.199924,19.563324,19.556912932226595,12.339341173350396
8.574936924666668,8.22576305274342,5.892803349773615,9.712669,18.8096,7.8513975,14.899512,17.936998189258343,11.140652451943206
8.606566926866668,12.931314430862413,8.906888302917281,9.806119,22.444246,15.981038,16.55754,21.015909427623296,14.215062158382048
8.616418132666666,10.512575269302232,14.473301386219848,14.399931,15.452636,6.789195,18.089167,17.551719171948005,11.291154308191684
8.643848739400001,8.007193039059795,6.230465583012433,5.8428836,9.732626,9.846723,6.670258,8.464417526841927,8.697673081198461
8.659436047199998,21.679767715293423,22.12687929983717,22.47588,20.669203,13.164912,19.399103,21.997420507314526,21.77721005779534
8.669554770533333,8.084847606821898,7.343284258260946,5.9422417,9.850227,2.8526306,10.025691,11.509336929331386,6.340060401508331
8.6767089466,12.047691215277336,11.489447983387128,16.030256,18.17189,18.088352,9.676659,13.761266340847612,14.232158737036526
8.691680541199998,5.013603062287389,4.075247943562091,6.281539,4.92455,4.8017697,3.605929,5.967375381048208,5.721104426859148
8.694517781933333,15.436694891301642,15.59897988278913,16.244555,15.30205,13.010191,14.03019,16.137435090832035,15.613597534208468
8.701834053266667,9.001808993359539,8.102954636515198,6.9856377,6.618045,3.4831967,7.0148726,10.631806388651924,8.284200773740006
8.730584287133333,14.956058840505602,14.914521849718108,19.031433,13.829507,19.98516,13.566841,13.16262413650225,16.26727305637521
8.738074913133334,12.896871392135251,10.190604209012536,13.481578,10.934262,11.510061,12.286277,13.747488001165689,10.09039743551492
8.7558248948,12.300354741013887,13.039716339118325,12.374311,13.396289,10.454933,10.886304,14.004124728263172,13.001399345776589
8.756744377,11.058636579814094,10.796458827239762,8.27268,9.6646,5.5086455,10.681861,12.441493873278308,10.32130243286995
8.795952180266667,14.304947016452788,14.119102847333126,13.284265,13.659415,15.480692,12.487999,11.885174031605189,15.120729335897492
8.802860050200001,5.303303099252353,3.5572983662599573,3.6296256,5.6340065,1.7089084,4.090184,5.02619484727464,4.278796350854764
8.835806961800001,11.01888728660965,8.850953843577155,8.539297,9.635253,7.7322297,9.916448,9.901833976843337,10.536645166238454
8.836130319066667,8.891921210649743,13.757742672963484,8.051046,14.296908,14.054268,13.976757,12.727682838408644,12.224137636329292
8.8396953466,8.842933053131443,9.881494617724922,10.372935,9.575383,8.812128,7.4748178,10.36629816410597,10.278380944081682
8.861252173466667,15.389741668566527,15.596806223060668,18.40815,13.435535,16.325638,15.962446,16.247035726406544,15.922490329975668
8.867073879133333,19.37303413727781,17.396969509439767,20.839058,16.142906,8.86984,18.768406,17.05276004903634,16.010297658984793
8.8719261978,3.457506656800976,4.570911762770798,3.1272705,1.7492946,1.2098057,4.051029,3.95903594655072,3.738485131443952
8.874552922466668,10.770647537572486,11.667034775850269,11.945847,12.141364,8.861793,9.402853,12.482591884095664,11.644625418864816
8.935387796333332,13.01750690812646,18.083353275151456,17.452625,9.541702,13.4412775,18.044596,17.11951751636604,15.07194359065767
8.936073287800001,4.761557515528166,4.611774332930547,3.3724012,1.0812455,1.1934842,3.7817192,6.101825665978258,4.411991416439547
8.948606838333333,6.913529927284205,9.018713187601684,9.610319,7.383778,2.664436,9.39805,9.4715960709127,9.265774440375228
9.004112928466666,12.881507342879528,10.61464270392237,6.574147,11.974428,11.530717,11.047411,9.905044105029257,11.31860514821618
9.011995368933333,10.416853332162514,9.190414085064058,7.159106,9.925055,7.51113,7.3230743,8.436961063299599,9.517490497410284
9.0309680596,6.287990963771128,5.972138812271385,7.7786117,7.4500403,7.362302,6.6293116,7.469092834033855,8.423674431727694
9.043507525,12.979201967827096,13.342403065068137,15.083216,11.163017,14.081548,13.101741,13.529502524152813,13.71987149103828
9.0808118804,6.701592229202441,4.848511565559018,5.258256,6.85913,7.975636,5.144097,7.00988688958592,6.762834386487151
9.121215339533334,4.043140439872166,2.2387002525758346,3.0602713,3.788798,3.8828557,1.9334162,5.728386390166422,4.086317963627459
9.1241178342,6.680004928129955,3.6578210964016127,3.4361796,1.2296897,3.6128068,4.9510765,4.707730237169102,1.709836105873814
9.1754719902,16.259156414256104,16.55911320597469,16.09231,14.425858,17.346016,17.0062,17.06269864677637,17.03425033813109
9.1984110324,17.418629856698143,17.179417869199362,18.672108,17.88386,19.387663,18.732409,17.745844742677317,18.769835655806087
9.208801725933332,20.1800990985294,20.47686090247164,16.544798,20.492147,23.134184,20.367695,22.004314449363083,20.61303395699699
9.209423248133334,8.527278423881734,8.544450092235193,7.9632487,7.5441794,6.9949512,7.597123,8.94001430696992,8.089753854520907
9.2280584352,7.0555745659395175,5.928285715213066,9.065023,8.771083,8.754202,7.375703,6.287665148472891,6.837793761618927
9.2550994432,16.270595044690637,14.277675885233606,11.608117,12.167922,10.596118,17.455746,14.087367239903736,13.781019547064464
9.2751908804,7.32316423390374,12.403522455174912,9.827687,13.366479,12.854393,12.309668,11.97886581851912,10.891962825264368
9.300852796666666,5.359116825861971,6.112722258887307,6.524795,7.206773,5.1729317,6.7852054,6.175989510528295,4.700403375470494
9.333828832933332,9.19181868816899,4.911628732372735,8.601761,7.196591,3.8431704,4.639647,7.789437883099382,8.49468926435361
9.334019947733331,8.90650401704724,5.487944479161559,8.983771,9.213327,9.490094,4.256324,7.493834679437421,7.831523373630233
9.351201005599998,11.539358932773393,16.204830051228985,18.539991,16.400433,16.460958,16.423584,15.074620519409905,14.718655128666418
9.356565900266666,16.99281490338014,18.668860045749945,14.793208,17.010437,14.6945505,15.845517,18.213753979010068,17.89986146681629
9.365190499866666,15.651521938962969,14.746954545685488,10.023566,14.044012,9.397831,16.313267,15.838249225134415,16.035202161763944
9.367556943866669,16.924348827208043,16.795968349499066,16.657,16.243404,14.195727,15.469459,17.374650624297995,17.023798893603676
9.376068331533334,8.464705568197097,8.520410749023027,9.640541,8.8966675,9.207409,8.714063,9.26242803492495,9.25945789336647
9.385644112266666,8.2668224623574,8.50598623018542,8.588637,9.036802,3.2592194,7.897648,7.875659794595233,8.753608884695348
9.389348544933332,9.318774132008745,9.31460332617226,5.130541,10.777904,2.1819344,10.426095,9.48038101322465,8.319756661769791
9.397721415533333,6.278224951668962,11.048529312812958,10.647508,12.113656,11.260471,11.010659,10.40060036135011,9.766512519987126
9.4508662554,14.205920249864011,14.63774130263902,14.369326,14.669299,19.812067,13.399603,15.657882577638052,14.583814758920846
9.458244676733331,22.17817213434966,22.537354739963096,23.223,21.489794,12.832777,19.731195,22.660594855849794,22.296023343370884
9.466742008733334,9.129388172644632,8.168369681071974,7.8128476,8.732872,8.053205,6.991917,9.093971441961552,8.145219004996779
9.478339429533332,10.995039912714962,7.524027001813752,6.295826,8.219193,11.555114,10.127151,10.547841545435832,12.932244573414788
9.485876695066668,5.736564298592723,5.1920506406283415,6.57951,7.6458173,7.0079675,5.3873367,6.209387321083972,5.530408785174336
9.510302370866668,5.651021175459357,3.851634022962892,6.669691,3.352778,1.3308029,4.193473,6.168128623978439,3.047336279958284
9.518584060933334,6.880230335227656,8.264728641288736,8.013279,9.36639,5.9882083,7.262598,8.200427599276166,7.557078320209912
9.5257208062,8.427288477824984,8.328064711356348,5.656096,9.990604,1.5687454,9.62553,8.738877278581096,7.830136002788111
9.546697604866669,8.14767624983336,8.391621912087475,4.102231,11.637747,3.0787842,11.285999,11.40814281015968,7.205126328938312
9.563898194733332,8.254040795400067,6.740613913637971,9.226886,8.949577,7.7321997,5.645788,7.220395823024615,8.269107646865724
9.6076188258,13.922573259752005,14.387533588650554,13.925991,14.199614,11.61328,12.495894,14.916752145936742,14.438089879258747
9.628446626,7.1831511122081375,5.172870731925992,8.132913,7.340267,7.1615157,6.24703,6.9361080738012255,7.123631116123718
9.70821939,6.529664403377179,5.801293619727925,4.79037,4.5686197,4.24733,7.393372,9.90732666251637,7.080314559253577
9.7171218676,9.75083646911932,7.991236135387172,8.5989895,8.174766,10.007506,7.5165267,9.635361267194565,9.287352230422572
9.752751921466666,11.029728042260157,11.722002136965036,6.412336,13.148138,14.581916,12.760677,12.730322964225111,13.172475143276074
9.792075042066664,11.879039294198224,11.479870205875756,11.770878,11.121244,10.47206,11.116951,12.36769371326814,11.38454256381437
9.794908609933334,9.111955612354317,5.692752835731781,9.5900345,7.6985,1.5507083,8.211295,6.9779871526020285,8.676815811263735
9.806496027933331,9.572425469352895,7.69039264684998,5.491434,9.724075,17.486032,7.9743586,12.126187614984048,12.97940052253449
9.833417514266666,14.296251178290063,14.624234912239904,17.766119,12.474491,15.365736,14.634062,14.811963593583783,14.911048042592457
9.850437734400002,4.781928525769556,5.550395338661364,3.4477942,3.3633528,1.8579186,5.018966,4.8553773753940765,4.953288805745864
9.860608954466668,11.622710381051686,12.034433496815751,13.067054,13.628034,17.271595,11.752694,13.170844085068126,12.80869395606928
9.882210816,20.849936029586623,20.3056697185692,21.96476,22.607634,23.112114,20.44184,22.16248663558956,20.82655391519271
9.9094439996,22.869781841771676,22.86346843226457,23.209364,22.600567,12.744455,19.991594,23.11375677063956,22.893105353828755
9.915229521266667,11.923802142801984,10.075564666608951,10.875988,11.573537,15.347225,10.707085,10.765021313387,12.718581447880752
9.972142141666668,13.180017292777736,16.72594718881558,11.778157,13.176885,17.107277,17.109934,14.618368239886042,15.287907304412943
9.9940123534,15.520917819247687,14.92993345664914,13.6089945,9.774709,19.713436,16.415268,13.99158916150065,16.558075760645618
9.9965344612,4.884519066661984,6.805688666598545,3.7110922,3.7911627,5.267164,8.364843,9.48970576255636,8.122147533943508
10.013716759466668,9.38353738213924,12.488421780074123,12.217232,8.97759,4.883638,13.192407,12.582755939805878,11.539759782893508
10.0138451706,10.0718212500577,15.069243742868826,12.775521,15.512115,15.393599,15.2110195,13.808748150619444,13.354004276322716
10.051975507866668,17.012229759241226,15.742420644563976,18.147339,14.909517,16.663027,15.00029,13.066659932327962,17.031005294441353
10.055236655466668,6.031075477485507,4.733198114283664,6.448337,6.3027186,4.715342,5.311871,6.925159459673005,6.970150659233449
10.066783788,5.750828741129198,3.6759610453516656,4.149682,12.00687,2.57536,11.067976,14.066191388620751,7.805010383113375
10.0838870712,5.132084432795044,6.445324909876156,5.239521,5.9385633,2.3552704,6.738245,7.61279915205828,7.455534973217252
10.122631137133332,6.228502169618343,5.7454926022832105,7.0294833,5.359765,8.386336,4.2875137,5.8797471783522335,7.155166267179078
10.122981101133334,10.315242218973465,10.08222910400796,10.362033,9.274672,8.402137,9.466275,10.848143567935436,9.821693361905355
10.134452004733332,7.1343242037450985,8.245607325054731,9.034992,5.762568,6.7921357,7.261612,9.110610981841017,8.19476603763308
10.142676608666669,9.04791476944886,6.05408432783018,9.257346,7.04066,7.996955,6.050321,10.034302192346315,8.728622511712809
10.166040802333333,7.772472322087653,5.9052929541925865,7.1677713,9.117429,6.889755,7.0219564,8.207344884643103,8.580104828580966
10.184571448666668,13.284717881469138,11.38987417396948,9.170732,12.924177,13.347163,11.496296,9.913969176903288,11.637348002689167
10.1860571814,9.200562743620626,10.381088054058658,9.588118,10.656232,9.158583,8.230377,10.481738540167614,10.432006068277534
10.201159542666666,18.76125136052513,20.39466426988946,19.626875,18.045568,14.124082,17.53742,19.949264864397232,19.91307138359767
10.203647099133333,9.44000851814602,6.561819364207207,8.627849,5.991947,5.0425835,7.5116334,11.01586427487007,6.106639502700898
10.209276396266668,11.634705525681037,12.716982364276657,12.864768,11.446122,12.972508,11.679342,14.358278573945144,13.24875629820774
10.2430992108,16.986592017869597,15.752747193079028,17.41459,12.661324,20.949211,14.046272,13.35705585916098,18.217681550112477
10.259723887866668,9.709209340156676,9.275341425341738,9.859491,8.9921255,10.161875,8.56562,9.82584088348786,9.999503186286669
10.2942648174,15.81809585116175,15.880248776623873,16.205221,17.613375,17.687613,16.687729,16.317918815668307,17.1273986387174
10.3324405148,10.95756005213419,9.687551693634784,10.017107,13.442926,14.877637,11.941704,10.793776216437802,12.99338436710524
10.3337870254,16.23218109724099,14.59595667163713,16.299246,16.06465,19.792376,16.491396,15.319915494695431,18.120154750664884
10.352532411466669,7.665089997185541,4.2930100101529165,5.5681286,6.0276613,0.97634864,6.7889414,5.862079363591224,6.982838706705028
10.356062642666666,8.20896661523289,9.414109897782405,9.151095,10.4594965,7.4241014,8.697192,9.677077715794548,8.950264160074376
10.3590112686,15.2336871415583,15.47577580784293,13.403762,14.747147,21.186798,13.97716,16.621620626440187,15.436935023510737
10.383921573533334,9.968348984203011,10.595177778174472,9.012843,8.949642,9.652596,9.815845,12.056558041349628,11.175952067697487
10.395665840666666,13.396092681501536,13.279437871114812,14.077957,15.294342,13.739878,14.024342,14.15793982268019,13.15625394468723
10.442885642,12.831106499193654,9.910164187167734,12.004153,10.74968,8.965066,11.740747,13.776686954910362,9.192358814554089
10.476902826533331,4.111542927319718,3.368142375289058,3.9911652,2.9904804,0.0,5.67705,4.739440480798252,4.164344728049059
10.593543684333332,5.749922905545649,4.837670454728686,6.7651496,5.555122,5.992966,4.801191,7.434237969044864,7.11460111098797
10.59378998,15.793222640487569,17.468260706669756,18.240845,17.695343,18.966381,14.22359,18.41795887129716,17.571435516153766
10.608443677533332,10.278800617598463,8.19694434986054,5.931081,6.7819867,9.015398,10.648239,11.883509209000112,9.25876400669056
10.618362324133331,9.889461105926491,8.708333762215535,7.875962,7.5936003,4.28402,8.1089325,11.419237676781176,9.00450445467683
10.636468828,8.681621750795417,9.416975516288032,8.743405,7.210916,8.316731,8.565044,10.559749081209493,9.696481472015314
10.638974676866669,11.94567699949529,12.4855389309606,9.40806,16.774345,6.6651893,10.287462,10.364886194988282,12.408165536109454
10.642792797533334,11.027513536088408,11.08995387645214,11.663782,10.942604,10.405427,10.723385,11.081399565698398,11.61559296868448
10.696047242666667,4.096161409693231,4.91267626497546,7.7804904,5.6742024,5.5841937,6.3205786,6.477024458538617,7.04839518893914
10.787031937866669,7.785644208754884,7.447176894230112,9.192234,8.983977,9.007473,8.293054,9.13108965485183,10.47353023590733
10.796759334533334,10.150605574913122,8.304117039030416,9.538468,12.392881,20.92887,10.243025,12.953295019564692,14.020044636616417
10.814259636,6.572795228057608,7.448567578465534,8.193082,8.245355,6.40175,8.139189,7.731134837504233,6.020926811113739
10.8160800154,13.737653329838418,12.377827013140914,16.867428,16.287758,18.268215,15.519201,14.334865508676463,16.82514946989037
10.854315701333334,10.146017862281164,10.031801637978791,10.604891,10.379771,10.808743,9.995879,10.514641084498631,10.75923770101878
10.869881268466663,5.687231485573128,3.7523069894002585,2.7179296,0.8025031,0.5009442,2.0042675,4.748516746337455,3.3657843168662605
10.891747750333332,20.97039106151412,19.02841002257756,20.688595,19.430923,23.272123,20.902855,20.291231811135745,20.416397790036232
10.926579189466668,11.142238582234356,9.074678303718873,9.726999,11.491565,5.784228,10.488227,10.67514544676951,9.516054070306376
10.959482246266669,12.410812010153048,13.73643814849332,12.671386,12.464043,14.756696,12.491039,15.222047718040244,14.280704216018302
10.989940664666667,18.66140213121677,18.060254175146262,19.182638,19.773783,18.72993,19.338675,18.598939270791785,18.3026031560803
10.994203925066666,13.554119517014083,9.118132360654169,12.071855,11.544224,12.733032,12.663236,16.122243571496075,11.289741866446898
11.010627267533332,10.265864446976146,10.54081256227493,8.353686,13.397321,4.768588,9.221321,9.656923302824673,10.606754536300237
11.0364771684,7.747941262460449,5.649084571880051,6.448698,4.4754763,1.8761764,6.213376,8.541897954984014,4.941045385384035
11.116794140399998,6.567831007365222,4.316484462879503,2.579079,14.076441,3.238515,12.163377,12.781775798621828,8.665751496893785
11.1499066876,13.21047553059772,17.29430756663258,19.033213,16.82028,17.433792,17.47488,16.109499197396183,15.885707529994509
11.151676183533334,15.097645791689596,12.92359811241798,16.035646,16.773125,19.367428,16.24527,15.463625147545343,17.802424395894953
11.152218913133334,5.811095980455636,6.537112375853875,5.9252057,4.7910447,2.4219835,6.047869,6.104415570088827,6.252917416973
11.156690848000002,10.93635266144344,11.479987540857282,12.555632,15.395774,5.8143716,9.876094,10.05488478372246,11.571142143810688
11.186243571533334,9.9031838138525,9.236147142062324,9.509107,5.773144,10.600352,10.479687,11.177609627228302,10.899107087758678
11.187361741399998,17.501107101487662,16.671405038813717,17.345194,20.206202,21.069262,17.865158,15.55098563867718,17.06885198449097
11.206035961333336,12.853405049271547,10.869504860302955,11.940805,13.075353,8.783578,12.249361,11.45560594843231,10.70124389268224
11.2191335786,6.698964176065994,4.310710162448666,3.6718202,8.468442,6.2316594,5.937447,9.040918546348582,7.1588344471371945
11.237630555333334,10.241094159500491,6.912687649008048,10.078805,11.652688,10.829416,5.834842,8.893399927334475,9.297649336804774
11.2396532434,16.27442904182203,16.437112701700507,12.50902,17.23502,15.1419735,14.848753,13.844282319376171,15.98711167244588
11.246754116666668,11.023804995490542,9.540672715736104,9.034157,10.481583,11.621891,9.002751,11.35794912361049,10.70602124681581
11.251733424,23.04795725474347,23.111555541486467,23.842136,22.619196,13.218333,20.20076,23.724998069618493,23.020228606536985
11.273613751066668,13.730710920137996,10.178228900409312,18.98638,22.73305,19.386288,16.900967,22.410658257284947,16.12143743090887
11.306903713800002,12.819264122243167,12.98643886266433,9.801779,17.633627,7.557081,10.557794,11.113290926063348,13.26394230506639
11.325542825533333,16.14262049508951,12.935355638945977,13.813346,14.107854,16.232403,17.288147,14.846257666903208,18.585069432408257
11.329731703133334,9.461297478145214,7.674295346505416,8.730938,11.638785,11.070118,8.061781,10.078651890419469,10.333341834025337
11.352985978066664,11.727319442598471,9.990425481329872,10.2983265,10.629221,8.617431,8.676867,9.180219812787929,10.636776153137356
11.362795330866668,21.08174675392581,20.33706992442399,19.27484,23.314987,22.974728,20.369877,21.566830742814208,21.04604548370804
11.383600380666666,8.187677041408671,7.42326072762678,10.309501,10.418306,10.590973,8.763962,7.692298853454693,9.138805409898309
11.4071003644,13.294046044969182,14.725843690183586,15.951396,14.3923,14.747484,15.232683,15.89656533787737,12.390697600953889
11.411516489333332,8.146321123782043,11.472661861380455,4.568982,14.103629,3.8150945,14.959545,15.394857607966568,8.64405409779525
11.457327873333334,8.926014701101463,6.245270235878484,10.529369,9.321069,10.331358,7.357403,8.317335449447953,10.456272488365174
11.475406356666667,6.687480552765897,4.611127135761903,6.670052,3.8874435,1.5005968,5.4331164,7.330671189538849,3.966704691912185
11.4841716732,20.219728413088,19.086810138402143,22.606882,19.600687,22.795584,20.4842,19.827037964707863,20.49688458230342
11.488050071866668,23.35002993633672,23.33877467360712,24.838514,22.765783,13.759918,20.360182,24.15236176371648,23.178333958822904
11.524841080733331,9.872476708085324,8.259433115210536,4.6850224,7.7004333,16.659237,7.5176783,12.744709292928302,7.576635317625238
11.528674283933334,9.288073634586922,8.171804846219924,9.752097,12.27867,11.082878,7.750513,9.36139222424397,9.712245146265987
11.5750110476,23.394177032974564,23.420216901412036,24.16919,23.621473,16.976526,20.504017,23.66214123494225,23.22945531697672
11.580069771133331,16.182746322326047,15.87181535016985,17.061037,18.017576,16.53019,16.927822,16.307526463796215,15.747468886569242
11.590611447866666,14.666587140590568,11.759724427787658,14.367185,14.071236,11.073845,12.351782,13.149009650701393,11.243154024829373
11.592679122200002,13.95909614301696,11.367954190303305,20.255201,20.981552,22.208715,16.710964,21.21601077361765,17.118786800116183
11.595760096,19.429783842871807,20.648885898488786,19.294174,18.464394,22.753197,20.474665,22.031005531310143,19.94553013743829
11.5981341216,14.021315861754037,13.876251700291776,14.454655,16.788706,15.790828,14.142662,14.599599010144049,15.50060365903411
11.6061446564,11.188687188786766,9.129272787694475,12.173259,10.5556345,11.472865,9.723961,9.596163858047218,10.63344903048591
11.624208069333337,11.506621142699432,7.925195273797496,10.614201,8.464745,7.451728,10.072437,13.927662818696524,8.164480740103716
11.666577942733332,14.331938581808942,12.68643226502341,9.30758,14.387109,13.987831,13.695622,10.504444528774108,11.968394713570383
11.677034861066668,15.702626816657578,15.2114073090269,15.597332,13.414273,15.840227,17.353083,13.704373188822125,13.624225099168171
11.724932968533333,10.354086392344769,7.671293625425554,10.6717205,8.300387,15.459515,6.6651287,10.08459830665238,5.108647296810514
11.737131758466669,9.358050442579993,10.597397694208688,9.490829,11.637235,8.683139,10.042136,10.866360059243169,10.3276697295881
11.739886295333331,15.333893345980822,12.304341978331951,15.399505,15.084471,12.542123,12.585469,13.06926807259736,11.501946813371674
11.744291261533334,22.83001517911934,22.97277842829132,22.149931,23.284555,18.650436,20.713312,23.70060182392126,22.76805625513028
11.875699340066667,23.27629001484948,23.46373754059256,24.877249,22.940056,14.785656,20.683361,24.005623947072923,23.083915530644763
11.894691957266666,8.219879954756331,8.119399480432683,5.547836,10.708676,3.0326939,10.8561735,11.463062859074796,6.844197127340938
11.895878625733332,7.775358538152202,8.485949730547949,9.584868,9.273356,7.593527,9.155909,8.905439372059327,7.220656642203362
11.906814538666668,11.203197487634768,10.84057833252768,12.351503,11.330702,11.849258,10.087684,11.290299774968094,11.5834593156752
11.925182788266667,8.75947989163612,9.453063012781124,9.665138,10.344612,8.854117,10.305108,10.383322380707249,8.138030285341623
11.930871843066669,10.89267797251,11.700812933088027,11.38904,10.308814,11.488023,10.723017,13.461838381425247,12.39367247292328
11.942909589333333,12.168268783727047,9.751731149783849,9.102084,8.083748,4.464475,19.041769,19.164948488136115,11.068833150412654
11.953207696666666,8.26977515710484,6.509057694561448,7.0908384,8.4401045,8.722845,7.3898683,7.865429837940366,8.37575900384838
11.977337855866669,8.980193020820797,9.009910716098709,10.040029,10.459328,10.823488,10.099507,10.611892923665811,12.204775105764128
11.990129243333334,7.106397758073661,6.187850097245201,8.154431,8.41217,6.053925,6.7894335,8.187175142281609,8.55269310647965
12.020306692866669,13.785427736089051,15.710257350908806,15.778874,15.348148,13.640886,12.6781645,16.82012960142278,15.6769942171604
12.028656267533334,17.37106438660757,15.950320994761052,16.514389,20.130892,20.339926,17.08048,15.24579250634617,16.754431710947816
12.151251127266669,8.616072821663545,4.656730752533719,7.01456,6.413118,9.282661,3.5793276,7.907320668369489,8.708085300565607
12.152366128,13.57976307309156,12.901258483568933,13.239876,12.822887,11.975811,12.923181,13.638574951616205,12.900417131376273
12.172015849333334,9.24365472949682,7.78692547963847,10.603724,11.861766,8.70213,8.607055,9.65896383123592,10.377706220361471
12.182953487466667,13.735625065848115,19.27683839358885,14.301479,10.131703,15.220637,18.788559,17.96009546998159,15.843630955869408
12.194217180866666,6.8573491781576825,7.543786177235196,7.71622,6.6504564,2.9115603,7.071733,6.811920064971961,7.469500262543915
12.202467285666666,15.548725826462505,15.411809775861247,14.503301,14.98472,10.157761,17.028782,16.379991271048937,16.68681710361202
12.2052293132,12.01946106426614,11.844558602977058,7.3124714,11.844949,6.678897,12.286028,10.029337524261305,10.257299872243
12.206465867266669,9.313396221256776,8.077648286050806,6.1183715,10.887942,18.114954,8.517719,12.99187381471794,13.00658411935971
12.2231529776,11.419391688811295,14.436360927555654,13.393468,15.685615,7.3358474,17.903711,17.625752898320442,11.44391443187475
12.2864740132,11.007612932280042,11.089110080663405,7.4708033,11.676387,5.0621867,11.837596,9.29180881951021,9.636247948268936
12.322915781666666,6.217907134471552,7.683045843939335,7.155433,6.3675447,2.5648801,8.013071,8.819986688330065,8.284772309493837
12.323528090333332,13.071203766213124,12.75282258378454,12.1235,12.824892,12.513442,11.314268,12.909168363706852,12.928179588351274
12.336993248533332,12.717260603097,10.588474167910627,6.2647443,11.506331,16.893986,11.612316,11.718534993388024,13.462324513764017
12.345581724333334,10.38391634459112,6.811589991090556,14.361215,8.567133,2.5070095,9.591627,8.177386568958523,10.198914608760346
12.3485737746,13.2216885997406,11.908014073978078,14.890859,15.208698,14.943527,12.649976,13.590206899227429,14.26804866328375
12.350890922666666,12.171888070513695,9.853323474411186,11.852788,12.191043,7.257179,11.483134,11.024227309280525,10.180036014864008
12.355285211333332,11.59011838226544,11.508057684034286,11.998,12.639782,12.31642,11.3302145,12.01195635478107,12.179259309868598
12.393235670266668,5.239632043974478,6.323294478253294,8.694057,10.3809595,1.5185162,4.8929205,6.100438050259265,5.867074181669085
12.402571787066668,6.982187939982244,8.490927629645306,9.76901,11.383457,8.714716,10.299534,9.6490521074549,10.68987413619975
12.439767480866664,10.958311025706443,11.548268036380076,8.174733,7.239546,6.4047933,19.709587,21.493254203397527,12.41427495741764
12.4543793262,14.770366149118797,15.037177587673977,19.190338,18.701859,18.677826,17.512777,16.68871073590558,18.26479278765501
12.467810614533336,16.24514080327832,15.212290512320264,14.582315,15.905045,15.5323,14.28869,12.922042626555912,15.265308883004924
12.4723826578,12.300220517126617,10.94330357925378,13.084462,14.493092,8.69665,9.894942,11.252711158071978,12.83426636786975
12.476853352666666,6.8626208170679135,5.923339764944358,8.532414,6.7395434,7.402,5.9513745,8.481350361072158,8.34956934766993
12.486516974066664,14.378986947041705,13.899002605582584,14.849342,13.113532,14.011965,15.800578,14.907936568952133,14.82743481141484
12.509408974666668,14.821520404942778,14.648103088833937,15.806962,16.483627,15.0466,15.59636,15.025360431917573,14.554395645813765
12.518709846666669,21.831105650211363,21.16929465957797,22.082869,19.233171,20.293724,20.656921,21.921220201134144,21.792908879098317
12.579386273533332,20.656856378454783,20.47223323873684,21.186857,19.425013,21.195879,20.949007,21.365668986592244,21.08109819776442
12.603382149533331,9.627801236845004,8.772371087086974,10.417781,12.061843,12.798029,10.252729,9.114954461817282,11.28711422551516
12.621393283333331,10.612242870205996,11.804504917795056,8.473571,11.903749,10.822797,9.529038,11.57535994413472,11.71539463138377
12.62501874,12.28027005509913,11.00513454825668,11.881819,11.733894,12.792209,10.569651,12.083386975214369,12.056545623864666
12.6283344962,13.845578375157832,13.4619587939572,8.618519,12.843721,11.939258,13.117925,13.65820243384434,12.307262040825814
12.632961887,10.62980043227195,9.137690578983976,10.261196,12.999404,12.67037,9.532622,11.337537754074273,11.785029899864044
12.657223301333334,10.705443806175763,10.069599805440069,10.346306,6.8577337,12.008577,11.128115,12.094958089215991,11.884545165976498
12.669884665333331,12.505071645866366,14.14829518216427,13.256629,13.905753,14.016263,14.709236,14.965003251247948,12.013853333309113
12.7078613944,15.619097272682463,15.141251575658496,17.748108,19.843824,19.382359,13.826581,16.3136525413727,16.660972754902588
12.713472934466663,11.521696196014954,10.73492152256381,7.6071057,7.916493,5.3084984,19.372747,20.23453028193804,12.15564538890867
12.758146790666666,22.617937890454986,22.757066892322293,23.107914,23.937687,23.483025,22.63935,23.913358073627226,23.22629695916144
12.802066222,10.193172068644854,7.364446601911793,10.464944,10.526945,12.1402,8.783963,9.619079556222,12.002313279867284
12.802997394,4.452981321186563,4.550332065762347,4.445222,3.4810016,2.5318093,5.353308,8.01854920795278,5.419139113869237
12.812952315333334,10.71624454189764,9.592563511118977,11.183142,17.176853,20.509483,10.677506,14.135131346061865,15.498285914048507
12.822487119666668,17.40382616741387,17.213444303010835,17.056877,17.920223,20.963005,14.11219,17.56066907561298,16.945397285520297
12.8677699846,11.509736438538893,10.862097974135729,8.748852,10.859927,10.527674,10.20471,11.36950299417635,10.347401884044416
12.8811092536,12.133416727055888,12.32087187533756,12.279074,14.270901,7.0273285,10.207085,12.125723297201985,13.090508153013417
12.882612073333334,15.718318177759768,12.728593499525472,14.923799,15.451677,13.9585495,12.903537,13.339684829447595,11.255090042358152
12.907400680266669,8.357756822144816,5.931338129457502,5.208337,9.202679,8.273547,8.322694,9.417932154840488,9.368522757540145
12.925349464666668,9.709092693335975,7.03021572541321,7.6135507,7.543506,13.3558235,6.6756144,9.724052799389804,4.733981704520167
12.948735132666668,17.585614121499102,19.59928572780757,19.750679,17.915585,14.771001,16.674896,18.766351763707988,18.848979786392924
12.954806610466669,16.656301601866087,16.273108788648525,17.108809,17.62539,18.807983,17.823162,16.790818719946532,17.93146832773957
12.9778343516,19.97564142720432,21.01667522581648,20.404295,18.60333,13.8876505,18.049015,20.60419835668118,20.840771439618205
12.9870389086,16.5963516980844,16.523976810990508,18.337778,20.683657,19.893373,14.134232,17.08581666894415,17.492287502669193
12.987348734,11.471760312909074,8.17383381234375,11.115205,13.441984,12.641678,7.3133006,9.959074493339571,10.573006066863918
12.9913199438,11.551210281390157,9.217073342726929,7.448665,8.570493,10.904287,11.585727,12.84922820953416,9.967160024717094
13.028784999866668,12.439593293486505,10.166760657363309,14.328084,12.878634,12.542162,10.781319,10.31670662186304,11.766946793930506
13.035837371466668,11.651865014012744,10.585429459655034,14.4537325,15.568554,12.497939,11.758883,12.257498473775945,13.264144238327331
13.058091958,19.306949577898767,16.286991310504682,19.040585,18.902256,5.9941735,19.223886,16.906144382777565,16.21332663901779
13.0822331456,6.016905109503948,7.272598956764741,9.99622,10.064932,7.4778075,9.118168,8.638416216334106,9.7591604331263
13.092754677333334,10.243329954984578,11.67440647062922,13.335501,12.499142,10.431393,11.060483,12.288084442256622,11.35308346663842
13.127572656933332,8.072734977336737,5.466526471210654,5.5621333,9.69118,7.5476346,7.6170673,9.461778277768715,8.565001201232977
13.134577280866669,10.815428016216025,9.073750241322552,12.405408,12.343515,4.626971,8.004104,9.872887453395428,11.171219862561822
13.154289640266668,9.999836044861826,6.682828940131638,3.3673444,12.647443,6.288465,4.6545305,10.680411387488572,4.646494158869078
13.218333458533332,10.585019283887595,9.289478508846924,12.043158,13.671642,10.414985,10.251252,10.879890821291788,11.905534845432378
13.224311088,10.527506155934232,9.635342631257911,13.059865,14.637676,12.710025,9.266019,10.78817658597011,11.065225296295235
13.258757437733337,15.995230836835576,14.376907218743629,15.7744665,16.397215,15.400395,13.912306,12.561570400250956,14.740120146311792
13.267494534666668,12.500658120752377,12.46923792556444,13.654705,12.41753,11.90807,12.264711,12.219175298717436,13.091763721596218
13.3616841046,17.406485967356275,15.678604692695185,11.838598,17.619751,17.458828,17.900627,17.295438133127206,17.440805952964215
13.367370161800002,13.763958716166186,14.24055106458734,15.907418,17.297302,17.61336,16.29197,15.547618492018234,17.117017834941155
13.3798757618,11.09829121067832,9.630029717570975,8.493331,17.008434,20.17254,10.391056,14.211314630500654,15.703834898825544
13.3873217538,13.809390462140662,12.21362805154226,13.062703,14.109265,11.639969,13.276408,12.155685882828536,11.093787760419358
13.4029165534,12.22993520571676,14.181034047195253,13.19637,15.558165,7.715923,17.632618,18.340393147785576,11.892434832121296
13.422209572266668,18.39008485281254,20.60206475456084,20.64221,15.89221,22.021929,20.283215,21.466444161525217,19.58798361192831
13.431966328533337,10.522294347083628,10.444251354974917,11.05269,12.855552,12.443036,11.576647,12.117462896819156,13.92252987054658
13.446759363666668,14.663846352690417,14.301872814151023,15.9363365,13.486423,8.675099,15.810664,14.924685337918715,15.283701447433463
13.451608364,12.547100265339695,12.239559130569454,13.639316,12.990238,13.259163,11.579338,12.4258700753535,13.047767897397271
13.471880389733334,9.530732728651437,5.403038602687748,9.031649,8.805678,4.960866,5.4731865,8.790838340540082,9.387961219997996
13.478194579866669,7.668149955578862,4.14264214637428,7.135474,2.053863,4.7949224,5.2801,6.227813727090768,2.2547097871879287
13.489509326866669,9.888185334809862,8.102666709558775,11.591487,10.181588,3.4731107,6.5404434,8.825755033288239,10.037304614853923
13.541134970666668,10.989877282354191,8.32152064927561,9.546857,9.029589,17.410467,7.090481,11.633991498065267,5.508701345173599
13.546779763066668,9.6307916176586,10.31002360104236,11.990777,11.534394,10.031419,11.23814,11.4942979960163,9.059609676480042
13.616637695333331,14.845624470435135,14.183088275518324,15.162592,14.512774,13.575932,14.671897,15.310753866453982,14.129718531660156
13.653759278,11.621886934372496,8.307061935249793,12.829279,8.759893,6.070017,10.613439,12.712839152933286,7.865386593442628
13.785126822,5.513539441934762,5.170874957328112,4.524417,4.115919,3.0321636,6.5349884,8.776923608088918,6.349876157315728
13.789355579333334,12.920033906966,12.822842780841276,12.774134,14.106938,13.5660925,12.615742,13.029185981440133,13.534571731928825
13.810524806666669,10.980012327050408,9.721753344423083,13.938066,17.404917,11.986685,8.5199585,12.203577272989929,12.960005499846128
13.831400221333334,19.602413514267464,19.05777217803421,19.42072,20.873922,19.677578,20.428204,19.262343890885823,19.08506512128763
13.839801159333334,11.842859332781922,13.17868866587769,12.216851,12.571878,12.036,10.994121,12.539097518291207,13.008215793096271
13.864409000666669,8.667115340443683,6.313896617121864,7.899686,5.175375,2.3878644,7.296365,9.63317220432078,5.644826826039538
13.88404872,8.156787518806606,7.587399699800052,10.208613,9.96146,7.368416,8.246802,9.365493221119516,9.878553170276662
13.894411682,15.083054239864174,16.849129922230055,17.574686,17.009003,17.84112,15.525359,16.59711337574864,15.051436668489131
13.899023370533332,7.728307715919348,10.036482256925083,9.354704,7.403192,3.0762293,10.692762,10.383711742119823,9.973144844046905
13.911050272666666,12.725557168926294,12.202520455831536,10.178027,11.987156,8.59835,12.850897,9.98768987583802,10.467168650747954
13.925360393333332,13.523936019785657,12.450238660401435,14.678233,12.82604,14.512917,12.083592,13.532053225828466,13.26643495160687
13.935407732000002,12.469270009407856,9.362089322829595,9.049916,10.1832285,8.020019,11.450512,13.56507133021288,8.847616777635826
13.946091514,14.445321977408096,16.346400339122454,16.492533,15.9176235,14.607887,13.071077,17.793383056361435,16.09895880427998
13.966401870066669,10.564546838531031,9.620141109998512,8.751702,17.042278,20.589842,10.801075,14.202342002057405,15.50957644305984
13.967260083199998,16.004872154716043,16.036709858043857,19.7385,16.846127,15.424458,14.563798,13.358521850833494,15.42372006145968
13.996342732,10.87552714683316,8.53644405362097,6.9055076,9.353085,18.856443,7.3531356,11.214158287707232,6.188101243656426
14.004551698933334,12.751274426718474,13.079393535552596,10.720759,13.722721,18.498425,12.611331,14.28246423446405,13.501490605742784
14.0144771804,12.942475966313507,11.879377605883306,11.318277,16.925058,14.5595665,13.4964,13.554426441667184,14.459415146883162
14.014800840666666,8.911007509006,8.409785698679038,8.03643,6.179403,3.9177876,9.442062,7.542165326895968,7.1665087867688735
14.048830746333332,9.345070405953122,5.8419615409545305,7.872511,7.2476144,12.731868,5.1169863,9.8930329596563,10.873849164640225
14.1234815912,11.3274077995533,15.793993094871992,13.3008795,9.209761,9.523598,16.462896,15.786284652437876,13.772685811119583
14.152715117333337,14.831636975391156,18.584338804567903,10.7492695,14.772233,18.473125,18.388014,16.35377569694836,17.070969279310006
14.155392207333334,8.07469524781655,9.480721663897375,3.7142863,12.779042,3.3263764,12.783048,13.459295140059766,7.859364374637575
14.183417458,8.15006881593826,11.5466459983694,7.2216954,14.384873,4.1154113,15.612788,14.647578436400908,9.079997893466324
14.230290174666669,9.21862301969726,11.224030791853226,10.067952,10.285018,11.733459,11.533081,10.357302006618344,10.315331194852035
14.232303246666667,17.574400437077205,17.01210908279535,18.05397,19.135796,17.606321,18.390133,17.35400337892144,17.130919218300388
14.236251951999998,12.397742631616197,15.808191390269632,10.421164,12.496784,16.396338,16.379356,14.09987425254593,14.197828802086418
14.2810150942,8.475583789538483,6.258715476113903,6.9825506,8.934294,5.8523326,4.370955,9.16057401199741,3.425341658542889
14.295092187999998,16.07763526599915,17.774464674648954,16.896177,18.436255,18.970888,14.136105,18.634943383790624,17.91490417087812
14.3144363926,10.62823091542605,8.435489824385288,10.908429,11.106535,11.654316,8.654927,9.495078983934878,10.770054216831836
14.322662670266666,17.435275630420307,17.544226379834157,17.694767,15.396019,18.368275,17.93506,18.321051828851555,17.985510044092784
14.340415034666668,8.135501354679846,12.182066603947057,11.04149,15.846282,4.6485767,17.010334,16.785318622784974,9.580153408608636
14.341969835333336,11.153865873469986,8.380422510518438,15.242808,11.861095,13.610415,10.3491125,10.512641688522857,13.521942525937204
14.352715537866668,13.5679082737342,11.297996062940584,11.918856,13.993982,13.65792,11.710837,11.42484722597758,12.61569383692261
14.427419178666668,13.267115075076536,9.340715436723222,11.86209,22.505795,17.865524,16.633638,20.06734092933453,15.1904539381342
14.470712067333332,9.453322222269392,6.831357315609336,10.320119,6.2712936,3.2055497,7.9697466,11.06287225891133,6.253676052205004
14.503236828666669,11.151730323869794,8.704356865619934,9.373382,8.657772,4.602216,10.183891,10.249045493221162,10.2571911447185
14.52032722,11.751701429841434,14.891974647210828,11.182525,11.900861,15.74637,15.335455,13.185980508034492,13.253356136482664
14.541671373333337,9.7373418359969,7.1863831988233065,7.7054787,7.8346567,9.416893,7.611867,10.86403116336884,10.28335468368524
14.547549224866666,13.96562482364249,14.829923317555066,12.945284,19.01004,9.176237,11.128615,12.580923363281928,14.529148119951746
14.563268211933334,19.512182067478527,17.496951334112527,21.0299,15.805414,16.465668,18.792406,15.757134955384696,20.39353347567288
14.570577579333332,9.419065506607566,7.531944891924434,10.761341,9.728634,9.897392,7.3707843,8.385752600102702,9.629107383214436
14.5793610534,18.35068052422332,17.3997791803589,18.064962,15.160373,16.568747,16.883614,14.25234062406089,18.811871143518932
14.579403686866668,14.965796432167824,16.71003320456704,18.475689,16.025648,17.85233,15.659017,16.68076028107772,14.523439141782609
14.602831744733336,8.445617034789656,7.985084197751944,5.8775644,10.273158,10.222077,8.445928,10.52394047306078,10.494223279627455
14.620489806866669,10.32639672292631,7.631261235091589,12.378625,8.264552,11.487229,9.091674,12.073977923639164,11.680920758865616
14.635632117999998,13.762073618279688,13.755154356661253,14.380294,13.491986,13.752341,13.750672,13.57504033392078,14.326579165102048
14.663937399333332,12.86404331139174,9.643589374548734,12.666538,14.646653,13.934248,9.039938,10.938155733824953,11.858617254061189
14.66412468,10.436408606245422,9.458389888884192,11.684814,16.615225,20.007463,10.295826,12.67148393679627,15.323952384323078
14.740664167333334,15.488663215174594,12.87483111909384,9.214782,13.335844,14.937039,16.643003,14.61658931166076,17.85059595093829
14.7707057178,14.015171453017258,15.524461550997628,15.438591,14.737718,15.469436,15.353895,15.85005792098905,12.785465203565767
14.798207934266664,8.173842054502291,4.887156158423054,10.036829,2.9396534,6.1977744,5.946991,6.593146680414143,2.86769727803867
14.800273825533331,10.48655668828317,9.621345035897392,10.193225,8.760641,4.8983603,9.367146,12.70424007867645,9.80781047199727
14.816399864,9.926840537204344,7.677051422397854,9.175698,9.525923,10.058545,8.53671,8.713226318829719,9.612220122283269
14.817522531666668,8.749652845235097,4.3734046807656215,8.520218,5.4339066,2.8836737,3.689528,7.352840881935918,7.526978322447996
14.818241685333334,13.768731431821347,13.55397906385758,14.609812,14.348898,15.1114,13.1427965,13.76670104414784,14.276758504536854
14.847240445333332,10.141736434060782,7.430280633599788,9.301348,7.1552362,3.8559785,9.074599,11.53334225311204,6.870115508360454
14.878369928666666,16.180263841480112,15.32601944281213,16.78419,16.246548,14.91457,16.381973,16.553301159613028,15.452750926164777
14.899822476533332,17.80713253144003,16.44413595292151,17.146807,15.03245,16.693539,16.131716,13.471220599711332,18.037930154077014
14.924828349466669,8.745837982140635,11.426033341561403,8.1115465,8.598099,3.7780447,12.027529,11.65510675207682,10.867805154133968
14.95978551,14.168437266870546,14.1630293209971,14.880378,15.301542,15.237921,13.951445,14.178144599395615,14.669242520274738
14.969073755533332,17.802358229743177,17.681709941385115,18.863186,21.261234,21.29843,20.453909,19.28163810371284,20.71099613022537
14.970998597333336,14.406673340609045,14.11969072708708,12.675123,13.615031,14.621823,12.552349,14.209487727530128,14.07816185435014
14.9820741126,15.785379095364345,13.527403594705753,10.979901,15.340472,9.53346,17.80372,14.904449834602186,13.887255769594155
15.0262164144,20.101998435494643,17.062824462213467,15.186375,22.399542,18.47734,19.02524,18.78586136731261,19.779465879670067
15.039282590266666,11.774739105809852,10.977806416298284,14.045171,16.42678,13.942495,10.756396,11.605498893517488,12.33423229056528
15.039596047066668,12.529256286448318,13.883679450997622,9.751879,13.2909355,8.03886,13.971052,16.184038687672494,11.989952381160474
15.049328962,15.601738437668365,17.604939896143446,17.876862,17.131407,17.435617,13.659304,18.675096001229623,17.365363659421753
15.060007136,14.868190618259746,14.76829949975593,18.661463,18.548103,18.943005,13.102588,15.735466971677909,16.06343325608231
15.131241893333334,10.96783209841045,8.908001326472231,12.155665,9.324133,20.239115,7.2785974,11.505642619014887,6.725903900955252
15.167319999333332,13.186569816847292,11.524091517834838,8.526018,12.703877,7.215509,11.395707,12.31769744442314,10.811297463797056
15.175557250666666,4.876236873101491,4.127084777912806,2.7619765,1.0085837,0.7085928,2.9765117,5.148978288475982,3.947159410967896
15.2143654738,13.210372221216817,9.111280175339084,10.813464,10.648909,9.830577,11.556688,15.75211433101714,10.280769107880094
15.232946566666667,13.138020502484752,14.43718082668723,11.941749,13.917014,13.477036,12.273884,13.356661540732407,14.210268767170696
15.239386116,15.02695552906847,13.826783444508289,13.893987,14.014841,16.228691,13.569959,14.421771286270673,14.546651107990344
15.268760245333334,11.922706996842596,10.526873270438452,10.318942,14.190437,13.678165,11.119477,12.40164072009504,13.219418994898335
15.270819579866666,14.64640673403347,19.854296537234116,15.67831,10.552045,17.03286,19.303911,19.01154905525911,16.760359831363495
15.279878643333332,14.457259621983292,14.628086101484232,9.431792,18.678904,9.3671,11.172888,12.718330296725822,14.888248385515253
15.311023010066668,19.079514533428284,17.801269863769136,17.635395,15.597731,16.396132,18.369415,15.36599297754094,19.835379536365625
15.3340226022,13.045947983634322,12.295002232495431,10.062852,12.517213,10.325437,13.315099,10.54815584198152,11.113754837953923
15.338233688266667,13.14946058728325,8.659776013783762,13.886096,11.161617,12.629111,12.971953,15.162644878542986,10.986296242783247
15.378108922666664,10.94431606327196,9.27097226360025,8.938415,9.083785,21.103357,7.657108,11.54325746533832,6.995555385974936
15.386199672400002,12.99214016265442,13.645043073883851,13.69102,15.539865,8.603147,16.521826,17.942325591681875,12.58214777458839
15.390210147533333,14.206754681314392,14.090952064914672,17.04908,17.159517,18.039167,12.579316,14.955614323363395,15.63944088317628
15.393357444333333,13.82085818617907,13.058239347140622,13.61134,14.947799,13.860098,11.846234,12.09775627073592,14.48752466461002
15.411040468066666,20.218185534436408,20.248564559578035,21.189644,21.81045,20.813541,20.1174,20.668697290292464,20.664034372646373
15.434287232666668,9.412329781091591,9.533913453308411,12.60839,11.216482,4.216229,8.669207,8.67837244867658,9.7945911213289
15.478080101333331,11.108853324865578,12.667922464433309,13.865549,13.191846,11.890834,12.132427,13.096970124668212,12.008564710996616
15.508633013333332,8.969839782937523,8.785881022614593,11.23327,11.334087,9.26856,9.584699,10.58249119179478,11.065117196665708
15.5287286026,18.389502199649684,15.738679795362772,14.067427,12.643387,14.6511965,17.562523,13.809180915971869,14.06807129226187
15.582291556,12.354916810280542,12.657795748664816,15.789096,19.060028,21.752464,10.141637,15.721431732068634,15.51087261059003
15.599243049333332,15.244036741915064,13.725413792833798,15.334819,16.335154,16.387468,14.100914,13.539711935027803,11.855852287055969
15.628328782000002,6.646289649282736,7.336078257142465,9.283116,11.434409,1.7952263,5.587687,7.206889912185329,7.262673203359884
15.634552382933334,12.994304319150526,11.923887144061254,10.744915,11.348459,18.965776,13.682782,12.77310860315866,14.51730511941471
15.646488439866664,16.363492463641407,16.61802970565239,13.802789,17.23511,14.4006815,14.745179,14.265967016297727,16.737464657313527
15.655340013333335,9.221522155043017,5.302437305828415,8.452754,7.0844626,11.25959,4.4497776,8.36321288219328,9.953910663533389
15.6785373018,11.40588801285139,9.604735079689949,8.908977,10.679949,4.1296806,10.220719,11.394728994346234,10.26346918869782
15.706156605,10.917901803570542,10.533525637845246,12.287402,17.948517,14.144055,8.886195,13.62537286790322,13.416817865924552
15.709502132066667,14.919668986376545,13.08254360463482,9.898748,14.723906,15.686154,13.741468,10.553951292400312,12.071063921817506
15.710584735333336,12.049276327356656,10.667327123421265,11.0919285,14.8745985,16.148083,13.369136,12.160354252594583,14.451638656629676
15.721327038666669,23.65049295568837,21.26313250457609,22.922325,22.08868,22.511875,22.859177,22.73865038203452,21.397564931243647
15.727896276133334,11.676106608029816,9.734461846454474,3.1757627,10.603332,9.534242,10.534596,9.77946002616298,10.934764107961172
15.735189564666667,17.55462324834687,16.48462832291701,18.298815,17.517467,16.37744,17.75399,18.055138661029986,16.536372857630717
15.7672453504,19.132947429964936,18.9185162566112,19.854836,17.382318,16.622398,18.04718,19.269137214996743,18.973777683312264
15.794025046599998,14.893474203513716,13.52739860755162,11.431246,16.232725,15.285921,14.199741,13.10083411916167,11.949510762939688
15.796255304666667,20.521322254627204,19.906471657703744,22.548214,21.754498,20.767086,21.26805,19.74447411020167,19.97959125800872
15.809547424466666,11.251493804610528,9.376832189587136,10.96548,11.058481,13.576807,9.9856205,10.28615653250672,11.790513246686848
15.830796220333331,16.423840221552304,17.15729590625617,18.919846,20.207003,20.565323,19.17085,18.143223250396037,19.21171441788365
15.847549342866666,15.47502004011228,15.184989307909754,11.34054,12.015329,18.125319,16.498472,14.294657079411904,16.162385669107827
15.855605832666663,19.15023014429873,19.284624576604823,20.539536,22.695166,23.150095,19.907595,19.310154354587443,20.264970991123057
15.855797355333335,12.402616929316048,13.368118236646607,11.569047,11.345801,12.373586,15.107682,14.809231053597433,13.760643200966578
15.8609839104,22.955696093216854,23.079946636277448,23.893583,23.543917,23.848665,23.007235,23.721917302792093,23.314465044372863
15.870262707333334,19.572138018390746,19.95523359844225,15.204464,18.768442,20.315996,20.427462,20.72354714418108,20.603353434619635
15.873375857333334,8.969050904452429,6.691275066830171,7.272299,7.9101777,15.404087,6.622181,10.99600647032791,12.480991815952674
15.875495520666666,12.195998136596536,9.36854181500205,13.492067,12.923513,15.337604,11.67647,12.03927602578425,14.642403127573004
15.9064440866,10.525481764882535,9.416654298341369,9.521472,8.989949,21.843012,7.3711567,11.748454383860924,7.464692104094059
15.915014702066664,16.547918783956675,14.206307530796586,16.606544,19.024315,18.556684,14.908976,14.342413840884497,15.447953116362926
15.917829798599998,14.690523038355892,14.652804412747722,14.238895,12.698368,17.529636,16.101557,14.501716183779369,15.944956239640396
15.919260102,15.218529670056895,15.029850825476144,16.558058,14.187163,15.598943,15.353487,14.894609914721352,15.561524002810078
15.948347202066666,17.237345902489647,17.6614494200924,18.37614,21.145842,20.944983,20.010702,18.9762103716778,19.99409624977664
15.958536872000002,23.99983452330181,23.14282215763441,24.095358,23.866844,24.109539,23.578703,24.71969648099205,23.45479895917842
15.985154924,10.5344283676888,9.361656231142293,10.386088,15.927856,20.950373,10.701746,13.114320742353312,15.344587297645598
16.012886563933332,12.978841918652964,12.279226885272868,13.454045,17.55446,15.656667,12.270491,12.68931764152726,13.443706295898226
16.026785742666664,9.44999220365564,6.525502148773057,4.055121,6.599822,11.250559,6.0939264,9.55179044693564,4.403156219799732
16.06347364466667,10.942156729372336,13.723619954003162,10.159053,11.318172,14.772084,14.230612,12.13814169927539,12.336393007076955
16.06927303466667,24.372560206807787,23.29008651753424,24.564774,23.44417,24.408873,23.634995,25.01691735503869,23.48291538180728
16.075686202,15.612520566460176,13.255250458087106,12.429137,15.404596,17.063263,13.625364,10.775223299414307,12.093889436798792
16.08955445533333,13.416071466133053,13.652090320435978,11.050324,18.622025,8.238949,10.847323,11.407953953676538,13.66031962220268
16.14204786066667,9.4976671430053,8.953044867355509,8.701668,14.0453205,19.656742,9.672938,14.271081752369762,13.87547150850066
16.164990130000003,23.270736465253933,21.68054559174778,20.786936,21.230295,22.030273,21.792694,23.10686621351884,21.768223313183224
16.170064187333335,15.371953786936432,14.869687103574924,17.259523,15.335988,16.837944,14.763512,15.0304293095107,15.526485823031567
16.224627245066667,20.654532670123636,20.279358366379988,21.781307,21.866024,23.097954,20.42495,21.52941895095753,20.74312359449896
16.227969324866667,14.774668602699611,15.158966965833343,13.05432,14.60002,20.60458,13.778045,16.080206908939964,15.155371422881537
16.245906385999998,14.18403622277345,10.793235581772832,15.013206,16.218935,15.332834,10.618784,11.873957758946805,12.867505453779
16.267546471266666,17.5038564861076,16.35329689716923,13.30862,16.976168,22.83792,19.461058,17.21476932152152,17.070610219443314
16.270324446,12.77599750022996,12.866854076196796,13.834326,15.893833,15.860426,14.930996,14.604064168088696,16.105369179989232
16.308497016666667,15.176075442910596,15.419533918372862,15.824166,16.162336,16.795431,15.238402,15.149069879398372,15.868286496226514
16.35317351,15.996365966909336,15.168572663419964,16.240929,15.431474,17.233461,14.865894,15.334731780090433,15.709976798207332
16.365986010666663,11.907252815622774,13.551022786414524,14.085214,13.700833,13.624808,13.125915,13.648843792582596,12.838594896212822
16.3760990144,15.958388966996214,14.026634318854592,16.81387,11.873661,9.630468,17.670599,14.093042416582453,13.687986524544696
16.423663756,10.331914860165671,11.39448568505866,12.597653,12.189247,11.056072,12.4415865,12.530247519834102,9.885720713435656
16.446535155333333,12.105534962886908,8.839904494472488,10.976841,9.650996,7.0050807,11.027365,13.247757375043788,8.526145668569718
16.446666652266668,17.939766904528277,15.50390080382209,15.631342,12.796775,13.784598,17.68734,13.879763373632924,14.040409507871702
16.47482880866667,18.811166771017916,17.507004786791057,18.143337,18.92625,17.698223,19.18887,18.707117631164607,17.365390293541903
16.47979668266667,14.154796235780552,15.59004075391962,13.822323,14.83559,14.623054,13.61825,14.42976063288055,15.518899320697672
16.503224864666667,11.839990356466334,12.005673194326151,13.074764,14.380356,14.326818,13.201989,13.594776854712476,15.201025815148462
16.518852710066668,14.921871000534702,18.3563662526136,19.404814,17.650642,18.422493,18.763567,16.902157577870064,16.719911531547137
16.526249087333333,15.6571406708338,14.239545860268535,15.774095,15.650744,19.834082,15.989003,14.74889672318238,17.59553636207336
16.52832103,12.296742716360637,10.438588978807044,18.442188,7.9573326,4.81966,18.993637,21.7739844393172,11.894065568348964
16.558303007133333,14.026028091669838,13.53232875937345,16.072948,18.794582,17.18623,13.523356,13.52803586035293,14.642492045594942
16.579730431333335,10.73612513183852,7.837338750211408,10.964717,7.999092,4.9647207,9.761508,12.647073818945673,7.302354959311166
16.606333378666665,9.118111281278642,9.22803573954242,14.130948,15.248623,19.617643,10.026397,13.284607537660172,14.629980704602191
16.637775291066667,12.70223137544841,13.128618665911512,12.088678,14.389614,7.628705,10.462428,12.78022365594524,13.585692162267552
16.657329207333333,22.68404290418884,20.412660802733363,22.593313,21.285095,21.827293,22.28825,21.741062738473065,20.254803573698265
16.672169598666667,14.731256913764447,14.366652985913625,13.888991,14.249975,18.555573,12.810354,12.446446462655654,15.478298869361764
16.676467399333333,15.390516417791686,14.11941966564564,13.316825,16.169447,17.037142,13.992801,13.548831359451398,11.72416242490572
16.676490224266665,18.00626143380191,18.162555341260287,23.440073,22.754461,21.132065,18.2749,18.07241350434588,18.996832527264235
16.703921377333334,15.369803141720729,16.912698301237498,17.275497,16.930557,18.523947,14.071164,18.15337420414769,17.103193242023018
16.705627277333335,19.652248960429603,18.83686834999764,22.33827,20.761648,23.26011,20.449701,20.060246297232137,20.62386976431615
16.729743394333333,19.45008376622182,16.53298920651549,22.783756,20.122124,22.252674,20.16158,19.925873404141573,21.456572906419566
16.738258593866668,21.4503660182192,20.70774220050796,23.166162,18.415552,23.287262,21.413471,20.16352682377572,20.64381538639899
16.76056339126667,18.629697160998248,18.66216406651296,20.140528,16.402912,19.955685,17.115824,18.79244026250299,18.5431941773884
16.762012250133335,10.628747021017428,9.867027456973728,8.55522,7.738159,5.0411887,12.057047,9.381109263289336,8.999587173111113
16.773256803666666,7.087555057268168,4.875808933863251,6.565568,15.293324,4.567122,13.069657,14.98325262184281,9.509058186680075
16.777120419333333,17.707460034320675,20.6059227294868,18.961208,17.426208,20.563148,19.906664,17.672115038570517,19.391296396018724
16.779063112666666,15.996223084967724,15.43243664569977,16.702026,14.141347,16.25548,14.022593,15.39822126205811,15.274821066152128
16.801313314,14.857500329019558,15.08115700352809,17.459959,17.22402,16.804377,15.40945,15.872959481946896,16.437993647918823
16.81760943866667,9.46674960202866,9.353328866803713,6.2559543,6.9593706,4.591863,10.780586,8.577506836998909,8.079311712000562
16.837423728,9.142778136632664,13.329912029476066,10.136021,16.53833,5.1854386,17.804922,16.715387481002804,10.719973512970668
16.839962392,13.890240136013016,11.652921588375426,10.779032,14.515245,18.057943,13.830595,13.039847826609307,16.25502431316466
16.844119739333333,21.37713204261069,20.61080993293043,21.126377,21.805696,21.420834,21.926245,20.92527116643648,20.99193620702461
16.879759343733333,18.90165957600612,18.061483005965083,21.302761,19.759712,21.678663,19.899803,19.162595759842457,19.998571759821584
16.907419608466668,19.41813645635701,19.34808953504872,20.494158,18.74098,21.414156,20.856285,19.164760826363636,19.835386678270147
16.942465658,8.753989902685426,7.167849396969544,5.751033,8.479545,16.575087,7.1173544,12.157138223575616,12.884964198291575
16.9852354052,15.719914956809768,15.259893163661433,15.07616,13.085338,21.34775,13.632959,13.105712347728034,16.932271982729382
17.00076793,18.65387907675506,19.179067861665644,16.983517,17.84454,19.594963,19.732796,20.08363704743869,19.615958697541497
17.0433050782,12.266823616987216,8.334197214379854,9.900742,9.371102,8.1953745,10.549334,14.584187613855862,9.07049140665936
17.057638578,13.273633579079432,14.584703533363465,13.339121,13.759506,16.07841,13.134334,16.073644258619055,15.322768748524918
17.058064854799998,16.301149712090474,15.792792725171706,13.854438,18.212599,15.195928,14.346165,14.49100315639657,16.589857885851554
17.067090634666666,21.741545330722133,20.95662676599178,20.41642,20.339294,21.458443,21.28808,21.90875710088133,21.55578132940186
17.082955766666668,7.792483709128811,8.099920201545471,9.586617,12.310768,2.314875,6.2800555,8.245154470855699,8.338883262749457
17.0857678278,15.257662888851575,17.37726360139507,17.155714,16.8497,16.67651,13.455074,18.24845676000302,17.22150011627564
17.093864303333334,16.21932607373239,13.176030132230528,13.190034,15.833833,17.538198,13.699624,10.96157824197523,12.111979143624088
17.101430218666668,14.466920629695649,12.27449072716825,12.464797,15.098157,14.5544,12.716656,11.981197977003928,13.296970761105143
17.126954164,10.080546769249407,9.871975968188318,10.93033,12.412027,11.101216,11.093427,11.680287594630064,12.1235130336418
17.141112748666668,18.067905407170468,20.091505121104557,18.91504,18.978268,20.086494,20.576962,19.276852770756616,18.939418023463872
17.146930458666667,16.733022366889006,20.16159461217766,18.576963,16.60582,19.690477,19.487759,17.38516503129388,18.779796478243306
17.15117456213333,13.399664565567814,11.569725978092006,11.159343,13.703518,10.124676,12.737456,11.69515448057754,11.037770124331145
17.15509291533333,21.24931973108162,20.85142536132464,21.833435,20.036985,20.843687,21.03723,21.73921384315612,21.28069418285573
17.161721039733333,17.547168877702948,16.759086345528868,18.267591,20.81396,22.202051,19.583647,16.691343327531317,17.59405322979634
17.170199359333335,16.36662902263585,16.31119929038417,16.380175,15.163968,16.662096,16.707293,16.14418549429096,16.769143178520576
17.1832115138,15.764510981196546,17.758992498802098,16.391153,17.32659,18.025635,13.952417,18.869527364362614,17.68735773351551
17.185513265333334,8.929235738331561,6.438899391078196,11.30744,10.759708,6.3848057,4.764726,10.70312298032606,3.969732883758864
17.20363864893333,18.67680183370433,18.921832846647373,25.453531,22.50121,22.326681,19.53006,18.962143778272765,19.999578877498145
17.241174042933334,9.987000057569697,13.801293966426098,11.715715,9.397358,6.0036874,14.434005,13.398610525776984,12.064727323836458
17.241261206,13.250973068332174,10.716801072156091,14.897267,13.913422,16.6293,12.813519,12.75176028909968,15.33237648890185
17.250832189333334,14.111429108036026,15.520136594045749,16.147366,14.738074,17.227451,13.550493,16.59078975433742,16.149327611610865
17.270282496,11.344771773702576,8.130254176806565,8.301902,9.253604,4.045838,10.821523,9.198882975507289,11.58854428186489
17.277988544,24.287333626368397,23.381238228636988,24.37309,23.21351,24.432356,23.245796,24.785807536863423,23.323650695496468
17.329030794,16.520849633324023,19.302557209570143,20.889023,18.769754,19.410288,19.616446,17.69659349990935,17.770396995517835
17.386186022333334,9.320438114651164,9.149063210083789,8.488014,11.567225,11.51241,9.7511015,11.456126196115727,11.122996183947905
17.397524380466667,13.21662584476639,12.464533272062642,20.50634,18.20087,19.676435,10.1512785,15.312921315946427,14.50189107512446
17.397824468,10.04917936226274,12.457854885016244,10.696291,10.915156,13.306252,12.83671,11.261829261904454,11.307906982769673
17.415162791333334,8.705401317352292,5.666070321918308,6.091042,4.1391826,7.5217295,6.018868,7.35068752757614,3.5183953202904754
17.429849674666666,17.011147276932952,16.38419664261568,11.494209,16.523838,18.167418,16.050816,17.495240922838477,16.75153016846537
17.448986121999997,14.935798809680628,16.31008093380181,17.681377,15.588867,18.014053,13.814612,17.374316917967477,16.591136770201423
17.461744487999997,12.65137154825783,14.253055408656651,13.629959,14.144406,14.866768,13.925386,14.56634889279328,13.565667442641736
17.471072861666666,14.000352719594096,12.964737202830571,17.196297,18.51259,15.859498,14.990285,14.622491884229074,15.546468033383452
17.474975455333333,16.566507840918042,16.135680365561225,17.373993,16.537918,17.940922,16.137056,16.242340562626833,16.71315578187435
17.506145973333336,23.427233765349666,22.533974847510603,23.641144,23.772537,23.523031,23.391117,23.60574895282709,22.931433403435555
17.517095344,16.577810449034935,17.699058709148506,17.302406,16.250546,16.828629,15.818582,16.051140888751178,17.342970217421815
17.560726686466666,11.239544591937522,9.455041534944378,13.009103,9.50926,14.712086,11.750538,16.003831958025955,13.83624885165191
17.566828667466666,15.781982196726496,15.26744388738202,18.751047,19.389498,18.099783,17.009789,16.432071976816538,17.446199328690426
17.578894281333334,22.593407540779044,21.3107990277615,19.653263,20.873354,21.794937,21.664042,22.922802414943497,21.74401131747024
17.6358876256,15.524434627245473,13.258230590398655,15.540499,18.018576,20.161503,17.159193,16.623524022819584,18.656728131719483
17.643557434,14.125783181262278,13.480295992930904,16.557297,10.059403,20.420908,15.756706,13.414599260135562,15.953121034818118
17.643779912,16.514727726022105,16.59114721759085,18.771666,17.398909,17.786701,16.506985,16.281933055754816,17.000439846484344
17.653197744,15.220172689415904,16.664230662587748,15.837559,15.3262205,15.735041,14.675462,15.46465265166487,16.56945382750602
17.679682800666665,10.929693014132273,12.669871164180451,13.2541,12.733143,12.205577,13.35455,13.533918040413688,10.649056478722226
17.684644883333334,12.930025714288076,11.772533924972535,13.893686,15.616161,17.244652,14.827637,13.44207411405558,15.619299635719694
17.6850324948,14.206649003708767,13.245658153692773,12.432645,10.105261,6.6405153,16.500237,13.091591672138232,12.050791138561449
17.691240919600002,21.04016097616142,20.326710723312743,20.297527,24.119211,23.14828,20.201103,21.37022180755668,20.75068137025789
17.769198167333332,14.99776620692985,16.936348007029867,16.860079,16.596663,15.604665,13.301793,17.96863837157167,16.522332499589307
17.783146016266667,17.929953362345607,18.377061667822343,17.319592,16.922333,19.104773,18.942015,19.327812859229347,18.919208376450168
17.809570449333332,11.21788756747299,8.570000493248154,13.900165,8.773822,13.358472,10.561315,12.251043880054564,12.819532529330289
17.8451151018,15.29577243246801,13.343569304161935,11.638905,15.340203,15.288083,13.463368,12.06288591915423,14.037384500072728
17.852911027999998,14.75422871828375,16.4492623916319,18.088348,15.451458,17.303799,15.812638,16.616930942625334,14.141859182626511
17.8739000402,14.241432048743638,11.908034553585187,13.754521,12.395384,11.139615,11.431675,11.29436139072988,13.748653223436037
17.8767520958,15.674945511521,15.238640565086344,14.404154,11.160816,18.672611,16.73027,14.144490351183643,16.29300624800178
17.88629273133333,14.71376842789692,12.59470245031625,16.219109,15.026621,18.861689,14.72567,13.92078560268562,16.972298557166447
17.891895332133334,9.217122353804648,6.223851885468383,3.6391988,7.450743,14.162085,6.0791955,10.936340188263326,11.694806521819944
17.91329078,18.75461256242284,19.30693587002741,18.980679,17.519594,18.701832,17.533455,16.999905763634192,19.007978854854557
17.929028067333334,8.556310918546925,8.82234061662767,9.834344,13.180077,2.9862244,7.10276,9.502464147021964,9.329616639583628
17.971074250733334,11.808760660708533,10.602110622414225,10.961155,8.202204,5.2396755,13.168484,10.43275097910011,9.70385881209239
17.989875569333332,11.372798928270836,11.593125781301124,12.856441,14.140722,6.1865945,9.803216,11.854004815309004,12.724203363247048
18.01505365533333,13.326444490504066,14.926904769449138,12.928776,14.476467,15.995376,14.337221,14.866184950222284,14.145614791664457
18.029683216,17.02453490408309,16.64656645796149,16.74374,14.916235,17.720121,15.132299,16.575470716259947,16.39914284399677
18.041708632666666,23.71087107418427,22.89836422597292,23.814917,24.238972,23.568054,23.571796,24.13211060171416,23.3875705465225
18.05169662733333,19.288726844040436,19.10515820267078,18.211655,22.04061,23.074871,20.193052,19.84909036250217,20.659266549435586
18.08020484113333,14.37764876321375,15.817562956880986,16.653429,14.78248,16.283806,15.493672,16.310642326568402,13.509452756122323
18.1043129242,13.188633822281556,13.56546666036118,13.64472,14.591835,8.377198,10.635314,12.801035658579387,14.24133137607819
18.107306788666666,9.57577357865198,9.497433824290548,11.87281,13.6135645,3.6034906,7.9344716,10.123487598199468,10.283268736983496
18.115909457466667,14.287975829856652,13.75477609630501,10.871472,13.849992,16.292353,12.32681,12.152892038139887,15.164668803212717
18.12414860533333,14.465355577842749,13.086208469139082,13.873803,15.333139,14.34882,14.0893345,12.774148871368029,11.65793065684418
18.136651285333333,23.743223472227985,23.0891190260287,24.331783,23.177874,23.9335,22.962387,24.571590996583307,23.208825028473843
18.187171485333334,15.164028647883216,12.268383475967315,18.575157,17.900658,16.34177,12.314547,12.829190507363316,13.98583723002184
18.212739992333333,12.955841585315277,13.085474015499454,13.627803,15.504064,8.383295,17.21658,18.59895148150579,12.118037995813893
18.216505708666663,17.431241628120056,17.387772143448547,18.135353,16.16469,17.633553,17.850603,17.65587254360131,17.800565545345936
18.246313147333336,16.73764727119158,16.702831489445774,18.918497,21.315275,19.69365,16.800728,16.237124616384374,17.69405330881052
18.290792782866667,20.11723925704757,19.82005539304559,22.818583,18.932053,21.870945,21.062159,19.335948262269525,20.241823169215696
18.302344693266665,16.284287523302943,14.523935911875858,18.037012,16.32759,19.749065,16.770365,15.644204221565678,18.5556385183211
18.30509788746667,19.333761844889548,17.77509633843086,22.462881,20.803726,22.185537,20.942476,20.477098529848764,21.54453448085572
18.30617393333333,11.113029005045844,13.186606226064088,10.766692,19.81589,23.398472,16.357859,22.60842914644841,17.54771017318439
18.30643518853333,13.65587290493272,11.930532387095049,8.838683,14.425693,14.746444,11.883431,10.637141607398677,12.016467489894705
18.30908015466667,13.706548472596564,13.922760154285058,14.136786,15.0516405,8.902496,10.9207115,12.52768214621421,14.44879455250564
18.3253185178,9.93363492012166,7.389818793035878,10.544007,7.5017185,10.596396,12.583692,13.463614721750382,9.555292401371291
18.457678988666668,21.36263689647998,22.2260408855434,22.296202,22.556288,22.654293,22.373205,22.28730647397841,21.916541679520403
18.460592348666665,13.883427666671338,12.595353501301114,7.993023,13.0335245,12.365936,13.560369,11.053171300708147,11.52590476580819
18.47616607073333,15.879278301070244,15.821713409471345,18.261715,20.242027,18.955233,16.00168,15.77625251415428,16.642885137467104
18.502262842666667,8.204677328407158,5.425155743720395,4.9621234,16.897467,5.85255,14.214787,16.241829299967005,10.167125499511544
18.505092976,11.55573046936655,11.072620169849996,11.943826,8.363826,13.207495,12.178536,13.007835409373127,12.97673266826366
18.505570862666666,16.352171156842655,14.572936613564693,11.909702,13.558933,13.830766,13.072178,12.908329464238705,15.89901882819219
18.509818238,18.355421594880852,17.43227604880675,15.37251,17.999931,19.107578,17.084446,17.749110637169288,17.895094627509476
18.51955725266667,8.274652247002285,9.346245855042175,3.8923774,12.504008,3.0422492,12.302229,12.055758857242092,7.629098454373166
18.53777556933333,23.19122879102464,22.423606339844422,23.830673,21.972307,23.132435,22.430542,23.68700785039796,22.92548511206016
18.57473038993333,17.13611696237561,16.923007104683577,15.910969,17.057148,21.025099,14.07057,17.554379098492472,16.952320492076943
18.585398328666667,17.833064264200676,17.69853491976182,17.894691,15.708621,18.85553,16.453342,17.92940868685495,17.44345299160074
18.610807453333333,15.190893584503211,14.795129616765244,15.439223,20.29371,18.198286,14.841627,14.570854598558991,15.68913526319948
18.619096486133333,12.384857166765055,9.519487914837786,13.60457,9.91269,5.7811155,12.299184,10.18511800305213,12.834399101914896
18.63896189533333,7.922455886901396,9.842140042882814,8.556592,12.279378,9.631511,11.796724,10.186697611396108,11.745888972026613
18.6487317486,15.016677454993472,12.86305983614457,17.388292,12.365947,12.044813,12.086322,11.873981295689688,14.601678233436212
18.704910736666665,20.328606952161355,21.323583737230926,18.713453,20.539007,21.79557,21.42268,20.5157934719148,20.55387686845689
18.705937612,17.486764407742786,17.63938956676768,18.263882,18.725456,18.535858,17.599346,18.01294773409304,17.986804149422454
18.710021650666665,10.00240428433878,14.90000140819392,11.595094,15.975786,6.238199,17.869171,16.941623038060218,11.075212777833537
18.711841018,11.053867660014047,10.852998532844705,15.457452,13.439671,12.536479,12.419946,12.690572262901878,12.973949170553777
18.71397890813333,17.036859344616502,16.876411777134138,18.058352,20.171518,20.323292,14.444118,17.253435724966963,17.476587984103695
18.721021376666663,13.98729347298886,15.33816790676122,16.200636,15.037701,16.788385,14.739881,15.7777769065533,14.381396059327592
18.722788456866667,15.14657098852759,12.195668391393934,9.93363,15.771046,17.0376,12.738764,10.419517928616015,11.809516134181068
18.723510630666667,23.337655698084117,23.004238807486065,24.794106,22.650114,24.110031,21.994133,24.7000151999066,23.379858084451044
18.75103969866667,11.01500425092651,11.190551652280345,11.725019,11.804873,17.37016,13.9844885,16.205470322678686,15.529206453030096
18.793684536266667,10.42010248843904,12.850263200487218,8.796019,9.646284,10.994085,13.969277,14.054087368356448,12.815395127937528
18.86318960866667,13.021550651083496,11.90653480137582,13.132244,10.584474,15.098894,13.67067,13.62105385231442,15.027103927022685
18.8808097738,17.019867548948415,14.76471214128246,15.510506,13.746127,16.93525,14.090263,13.705530837058827,17.762894552078954
18.88494311733333,17.729069468302733,17.257257452579648,18.684097,17.807459,18.747288,17.39685,17.92135252010093,17.764828037458646
18.91137115733333,10.78865327030628,8.753239969847378,6.8995,8.008385,18.751202,7.903739,12.154384177331,7.662925859801517
18.925483973466665,16.741085586621846,16.226133952156665,18.053574,19.494062,19.285707,17.778406,17.220522248126738,18.236050820467565
18.934889326666667,23.10833636453692,23.48665089661076,22.965744,23.56663,15.924431,20.487532,23.883005584188048,23.02235549172046
18.940233418466665,17.0927210188375,14.402088590964969,7.917929,13.753278,16.092138,13.920026,13.34426865999557,17.283363677260116
18.944727720666663,16.810855790690688,15.306422052749207,15.099017,16.837133,8.815734,18.772697,15.749551197620836,14.98889429726803
18.96233129533333,24.37027810393813,23.36819054703892,24.00761,22.902227,24.403774,23.616125,24.78978422324197,23.40217772461083
18.999786768666667,12.180948981796512,11.640201557935084,12.370653,9.482419,14.124516,13.029229,13.410881521748438,13.84689448628721
19.014962914666665,17.816440526654898,18.487830447295465,16.023153,17.080894,17.925587,16.691023,16.378683643633913,18.194671321144124
19.079261506,13.51935935661616,9.515654052818263,11.722009,11.460837,11.637614,12.112369,15.849468219250824,10.891935047921816
19.09010205,12.682400482651074,12.348353572118086,11.609574,12.404481,11.284533,11.850248,12.41095199136528,11.432548748128792
19.11079300853333,17.11171313893984,15.08361772366343,15.279402,19.467978,19.720396,16.147495,14.660645106843107,16.173637982062264
19.128962325933333,20.17418444076272,19.7852613033028,20.971327,18.361849,17.96381,19.048227,19.862552494549952,19.93419845312982
19.15799395266667,14.024171938457606,17.678099890386232,12.903678,13.659725,17.917936,17.824776,15.5562046087497,16.173098870931288
19.16172786,17.99675722996094,16.362230488296465,9.081671,20.77718,18.607735,18.770422,18.57712833013185,18.617421367569825
19.18058336813333,17.190045675608292,16.27295003251022,12.152461,12.490693,22.394806,14.048957,13.753502523268422,17.93423791695637
19.185154639333334,17.54908649708951,16.754383021718915,15.741833,20.822844,22.183405,19.82949,17.036682789189555,18.03632065438559
19.19256305333333,22.66042513604856,22.161489113598577,23.499634,21.522335,21.889336,21.811811,23.216870189826164,22.64746732025841
19.205764228666663,11.127691890721746,9.361761043243398,10.379508,8.642036,21.052078,8.037833,12.959390360741354,7.727828403211369
19.212876714933333,19.81815901092231,19.56677156776709,19.591516,17.16299,20.487934,17.876925,19.88402440950352,19.413296953609795
19.219886516666666,16.36557887401444,15.408564101502428,16.92243,15.465311,18.75521,16.806248,16.00700508674434,18.50749014866933
19.25292947953333,15.563099975042576,16.18548142024663,17.589241,19.221983,19.718235,18.231745,17.33192576659522,18.931681889901427
19.265493272,11.049076970402403,10.968356916284822,13.922549,14.052925,5.5505066,9.302791,11.262486871078009,12.019157080312954
19.285275568,11.6609600732984,7.827125808973377,6.403078,7.5897555,12.351522,10.195035,10.734359233009489,13.449172513275109
19.29449741333333,23.765633744629337,23.252991049326976,23.271423,22.584944,24.387688,22.029615,24.671975596798585,23.739786901493108
19.294619881666662,20.76110031171084,18.803539158739987,24.061123,19.519758,23.063599,20.659752,20.654499943405703,20.53874993786316
19.31766637893333,11.82985398320472,11.14967298780807,5.8700237,11.222741,6.8506246,12.476876,14.319321872461124,11.393433652092762
19.325024886,10.20720463740056,10.399281924565807,10.90335,14.122519,4.4835553,8.6048,10.788167673284384,11.212014394641123
19.3525174256,11.141943051099142,10.379726168990876,9.431344,10.534249,16.140734,12.905751,16.318359024053123,14.815395966616627
19.357572020666662,19.46680373414445,19.90643597635911,17.191555,17.923292,19.690485,18.263218,17.702608534641247,19.718915030610805
19.358794178,12.215585546161066,8.120811771213084,14.261914,10.071079,12.270987,12.892044,14.81952792313258,10.556040001563671
19.362294802666668,18.613744838872183,18.35781034083812,19.663403,17.009617,18.570469,18.65511,18.413103525927067,18.96417550597113
19.36862745733333,22.98300642400021,22.189724188409222,23.523537,23.424076,23.14651,23.315264,22.99084107448783,22.513941205222864
19.38548647533333,23.22773481392464,20.89994084248146,22.8904,21.818567,22.22021,22.700413,22.49571167536422,20.893542086488026
19.396948158,18.91125537312336,18.332105678862007,21.578733,19.152735,20.11592,17.83183,19.211692895450557,18.78532152173065
19.46690528,13.972328763112772,11.62485435271538,14.737253,13.237771,9.162079,11.842137,12.530291876563096,11.11204628616556
19.493007401333333,16.092881739985245,17.94719493329545,18.062288,18.196129,18.98055,14.053723,19.06661036273692,18.01750656117268
19.51184754533333,22.231295769296317,21.72308046069614,22.732035,20.29673,21.30961,21.242031,22.58043934196517,22.07174024850944
19.54024753046667,14.125933029490076,14.26992217229242,16.33102,15.686378,9.12385,11.024516,12.893574944571158,14.804987622419535
19.545653545333334,15.025510620536378,16.97269479464174,18.595423,16.672777,17.946709,15.685982,16.79582807020803,14.87615858597364
19.5574019738,17.571165621682834,15.22544373812579,16.15273,17.006744,18.757837,18.488005,16.151041707178493,20.488453689293586
19.60350550133333,14.342747116101458,16.14168814101912,18.01218,15.750862,17.339752,15.124265,16.25956060966712,14.77797645981276
19.64138455533333,15.733427025681404,19.30819142738086,12.285091,15.8114605,18.989038,19.085327,16.84002956645249,17.811493365403866
19.643791878666665,11.21528159999588,7.848852951114241,9.65875,8.814962,11.578405,12.793849,14.504842040016255,10.139177767244655
19.67220788333333,18.869415301925176,18.23851131865895,19.876366,18.687191,19.585651,18.061678,18.69406662456204,18.903248693829163
19.704136164,23.862198763598645,21.569026780611537,23.408247,22.63588,22.51702,22.865063,23.2691690853338,21.98391616799819
19.711865654,19.59049221560917,19.47964152177335,19.48891,20.957594,20.21227,19.166132,20.22741589765805,19.976587168695204
19.713528046,8.721625711485279,10.914570262482965,11.86675,13.349708,10.888513,13.067387,10.993761848697094,12.592253984256129
19.73894937333333,19.860675553360952,20.509955656248483,16.220911,18.505886,20.386658,18.8156,17.983898812942183,19.96976133517838
19.753558100666663,11.831736789227469,13.483605606637328,13.21623,13.122035,13.413707,14.1768265,14.003796380203676,11.337193305672086
19.77148821933333,16.134946745199127,15.324987699926467,16.630981,15.0386095,18.189665,16.754059,15.92645879571852,18.085059346879408
19.78336673933333,17.443622892435705,17.479803606946298,21.009077,21.380754,20.56661,17.411695,17.415210138106,18.455678148172
19.795184816666666,11.551298156403398,10.839094617447536,6.3098783,10.135585,6.1544523,11.645559,14.649355632828469,10.799517546678372
19.79602596533333,9.607511102395543,12.359903856195135,14.588096,15.013098,12.043946,14.217183,12.021255003296254,13.601144705382424
19.81002905133333,16.05975136232024,15.099281909835817,17.435076,14.909452,17.897657,16.63485,15.353502934849748,17.647451939584474
19.84107703733333,10.35340582396845,13.44155611047901,14.287203,15.496304,13.267744,15.268539,13.015543379775282,14.443978543239972
19.863671838,21.17239200142036,21.67201667020158,18.67944,19.83659,21.264221,20.105453,19.27842209357984,21.01722930073364
19.914024444,15.044975622603973,12.810485312441056,16.592161,13.358699,16.7011,15.424862,15.087406803540938,16.442995413155817
19.92728770153333,16.320924501308912,14.536566686464512,11.705412,13.505803,14.787207,13.53921,12.815860641644464,16.775036127230585
19.952558395333337,10.461890677367826,11.026704652574944,6.813238,13.439209,13.892797,11.893047,12.469777656913072,12.597280495940812
19.998321276,10.535792810281905,8.920662965163231,14.071032,14.847826,20.940063,10.584096,14.592074417452514,15.12071913354749
20.043447736666668,17.683259120711867,16.972103321584534,19.703161,19.26601,22.78403,19.700079,17.494036135988377,17.478806143519236
20.083338703333336,19.719184074264703,19.04381063445492,20.258957,21.052963,20.957067,18.73139,19.73547671246584,19.411155175538237
20.09351485666667,14.755355632242637,14.146929851380216,17.477242,18.981045,16.931917,16.265602,15.740128474040414,16.54611253683474
20.150041244,23.37727008714861,22.881112587391836,23.817394,23.285275,23.008951,22.343206,24.56458253242532,23.53476517591516
20.156130312666665,11.893273717175877,17.209678333415393,16.575747,8.699514,11.544638,17.375103,16.458663479820117,14.707796304412303
20.163412920000003,8.542749066459006,12.8316915571475,6.153602,16.042318,4.944105,17.176937,17.038952664030564,10.093980963594598
20.19647426133333,14.723916712152734,16.514856294659403,17.8046,16.391888,17.815157,15.368558,16.40829558816796,14.999017876628566
20.200424542,11.64333687314686,11.680400362037489,14.915327,13.096161,13.94849,13.579706,13.585322064129764,13.739547336132135
20.240783744,13.368408544164026,10.768813716956808,10.645588,10.701503,7.4830627,13.616736,11.197739681831257,13.992313267440665
20.241629090666667,15.606499247518382,13.544856440434373,17.102247,14.144301,17.102509,15.7046585,15.419637572057132,16.642380616648623
20.24308230933333,18.636605065594324,18.59447068233568,17.46839,19.804758,19.320452,18.47164,18.67924850926157,19.11645137784897
20.25439886533333,14.400737966937047,12.470541162490196,19.425505,12.615468,16.346947,14.812924,14.533687522829169,16.263753221149152
20.26594602333333,21.72893353088845,22.59071374146521,21.627743,23.540157,22.863148,22.795082,22.99303775165025,22.59607378645011
20.27532871933333,10.34549257832634,8.414038079546012,12.019963,14.117749,20.844128,10.473986,13.86728009189452,14.742367426079872
20.350375343333337,12.828054682965336,13.67962464260942,10.714954,15.817171,7.8519907,17.560524,16.758271832936224,11.852341682051437
20.366087706,18.321973596045268,18.400895877782023,23.9299,22.964436,21.669182,19.046438,18.68118014823919,19.483802200630723
20.37335350893333,14.808995846865615,12.39885894636987,12.0445385,11.759836,13.337988,16.085487,13.615783363304264,17.066629832925372
20.38895584053333,9.123918271506248,6.711264066556324,8.803792,9.650508,9.540688,9.393077,10.35937672841371,10.567413680933685
20.40497677933333,7.983021858438832,11.467360464435782,11.7028,14.822816,4.2127585,16.060593,15.192722375743656,8.996545380085557
20.4168761184,12.377329609911984,7.646289301529834,11.546429,10.729937,12.750063,9.006417,11.11342182965753,13.546194328305925
20.46026102333333,15.6655478119777,15.99225653199444,16.369802,15.359748,21.0795,14.130588,17.062010638709406,15.927903055524316
20.48106089533333,19.549285850631023,19.275376268167594,20.606804,17.815794,19.654522,19.464222,19.85771847278123,19.873415094151493
20.48766745,22.084684646802742,19.79255312585526,21.53321,20.753424,21.095467,21.83678,21.06125149298325,19.97380845776314
20.6054368386,17.398506417802448,15.77990462440094,16.440851,14.430784,11.89534,16.531239,15.425528508199497,14.503283512522868
20.605664666600003,11.372787376562748,9.535474531496495,9.136581,8.8106575,21.780842,7.844808,12.607086341356029,7.398724645078393
20.609830442666667,19.67181209761922,19.20693973485437,20.504591,19.581894,20.570805,18.881779,20.195600717965245,19.78708426621653
20.618020797266663,19.37383290060033,18.40604469720781,20.396793,19.526508,22.5667,20.363514,19.4627901974869,20.184927594876516
20.634161782,15.921741096010017,13.28409451793796,18.130098,18.462807,17.58024,13.657476,13.927892656879802,14.845560720047317
20.723832314666662,20.35723795641551,19.598976544876454,16.922009,22.062061,21.586033,19.385098,20.597567605140696,19.96113133443341
20.735345732666666,23.70484967954428,23.08537493500216,23.918562,23.189388,23.699442,22.397074,25.170300419665065,23.653140285656946
20.744808468666665,20.480793134603637,20.119861867539463,21.835762,19.007494,20.396791,20.248941,20.728334541795007,20.698524249856995
20.792981644666668,22.894785659754493,23.019576958828672,24.900763,23.968536,23.77218,22.741886,23.454109636341308,23.40984081511412
20.799582969333333,7.610890900870565,4.931638350832142,4.5644693,8.785359,6.9375663,6.787755,9.027406728405944,7.846141192905195
20.81509717533333,19.625538511474563,17.4508301235896,22.517141,20.177818,22.42581,20.03284,19.624230650998147,22.083268678203936
20.835108749333333,20.0865528754588,18.31522304904951,18.777119,19.938208,19.161112,20.264725,19.440506213577464,18.273302827086365
20.861807834,23.409324401463937,22.812054661325,23.397144,22.733967,23.506313,22.856087,24.593401578095072,23.13172851751736
21.013734303333333,18.574734260727404,21.18672988486629,17.711956,18.11595,20.848772,20.09634,18.28674883403284,20.112100260239146
21.03159906493333,21.42111754453608,20.75826599176609,20.297104,19.377316,23.139532,21.300123,20.154823551077484,20.6491220462379
21.067682794,23.296407575620066,21.997628374386643,22.93892,21.08551,22.496185,21.95675,22.96184611531443,22.31813792859111
21.07527935133333,11.352585934323134,14.576984689100197,15.476082,15.983999,14.472822,16.505028,13.639621837400217,15.019291284290002
21.10432153933333,9.09372290685887,6.037696961103688,7.5305104,5.564577,9.353184,5.8524585,8.074220653760392,3.9245564720302206
21.144954317333333,21.118184734354315,19.15818677560678,19.961807,20.377928,20.003586,21.13632,20.84923477079734,19.347728038389157
21.14677389666667,20.89010774705144,21.325484858701607,18.98774,19.538223,21.171486,19.82927,19.05735161594144,20.68824536335329
21.192284921333336,13.502105746007183,9.306667282398784,13.073883,11.054611,10.826535,11.863354,15.774043155904238,10.71255893067219
21.203727816,14.606065998324432,16.16607231562611,17.845173,15.306555,16.863873,15.646632,16.29080570318286,13.7654691931563
21.23504660833333,16.25693904373255,13.599255399103123,11.270319,15.061742,17.728231,17.78574,15.15878980196828,19.556161227731707
21.249970468666664,12.68894686899833,12.231249725153564,15.810458,13.236239,15.344481,14.298037,14.297076818932869,14.485241166303098
21.271185731333333,16.057519240009153,15.971832190380953,14.990949,19.442049,18.04113,18.546007,18.13003221864048,18.165940359155783
21.307395346,19.302634191942957,21.516323839653204,18.452673,18.770435,21.23863,20.332989,18.91412292682941,20.3485801165196
21.308745055333333,20.594676230300664,20.054338603714303,21.900068,20.395042,21.198502,19.662539,20.928137714078677,20.583862275772187
21.314776098,16.229823269511623,15.894551459549517,18.54551,20.354708,19.789772,14.014672,16.645436759098523,17.139439251509902
21.395228438666667,12.795634635727517,11.082355653255712,12.31064,11.683136,18.173746,12.560207,12.723792875504085,14.036706924177905
21.406162372666667,24.261070910779036,23.29903543263055,24.315386,23.10214,24.334902,23.097715,24.48629797186724,23.57974087006042
21.420994192666665,20.67037059531318,22.231211213100902,18.00057,19.44881,21.951054,20.434807,19.13677605681953,20.6398371389896
21.440945686533336,18.888731036850945,17.90347420602176,20.89347,15.22081,16.53263,17.594984,14.623751421394472,19.144304563606955
21.472192800666665,13.592362862040003,9.384826185808889,16.792793,11.669535,12.195601,12.480636,16.186987030506,11.203408259046707
21.50609804213333,17.747612426479048,17.363050481883597,13.545409,22.347786,16.924894,19.107935,18.481987635382065,19.690834168210465
21.506360354,15.340977073905403,13.491072807666017,17.449718,15.257016,19.542017,15.512783,14.359770894521477,17.463568534509907
21.552523172666668,20.6052225926035,22.249196535220392,21.989334,19.482521,21.886005,20.413246,18.792206184741573,20.843854342529813
21.595820428,12.391039777593743,13.107264224730026,11.631162,14.654446,15.9288025,14.655798,13.62185986091368,14.073165384137896
21.619690677000005,13.32061505806482,11.980795040368507,12.963222,14.337136,11.326397,10.921888,11.235431146508954,13.684376212073452
21.63715555,13.98583134968569,11.484276292462935,12.828559,10.9764595,9.535081,14.706123,12.075738368261558,15.030097301642869
21.68005696533333,15.662893984062167,14.511595695227236,17.10308,14.54419,17.518559,16.03941,15.167722755281018,17.556661955886888
21.696529124666668,21.56464466224374,21.68994828601869,21.157316,20.801159,20.857714,20.08168,22.28163654384043,21.5206536855411
21.715603604,14.733195845134665,14.739379540454028,15.9922905,13.376457,15.757229,17.20645,13.385388306144115,13.118855426924362
21.72751357,18.265745191324253,16.741605463011325,16.678932,14.414728,11.469045,17.157072,15.858805258159672,14.975806463077651
21.742003860666667,23.999917757682898,21.71858464371115,23.921041,22.052029,22.903069,22.756964,23.696997854468275,22.09159894446465
21.76529279933333,14.393065948019292,14.59041131874334,13.848369,17.433548,9.535746,11.082656,12.980539303271543,15.005055168221242
21.823024078666663,21.055829729242305,20.487790346096528,19.96812,18.67343,19.040184,19.97274,21.38354509320693,21.00943453754569
21.839503989466667,18.87772160856657,16.21848654788444,20.589773,19.761333,22.207012,19.729414,19.30458321707169,21.40155970339082
21.86406432,12.388788301347292,15.33264521572941,14.840118,15.8167515,15.849802,17.385483,14.236992030874104,15.81718655971651
21.87412086266667,13.767437640007907,12.13107819923444,13.013006,11.498246,16.12626,14.364673,14.31167469651877,15.788191460106953
21.913127994666667,13.060754652581918,13.800558489789054,12.956326,14.430394,8.680318,15.522658,16.506191546887198,12.290665440620304
21.935603576666665,16.58719817829112,14.87471696761124,16.475649,16.48988,19.18344,16.936237,15.715045677560898,18.92515738401991
21.936602650666668,22.16864791742844,21.44851315327437,23.298132,21.573792,22.474123,20.91384,22.710144835533995,22.00576329867341
22.00071877333333,21.08925045111632,21.905837628425083,21.138966,19.655655,22.026787,20.265663,19.7172354332224,21.093280544246348
22.003459142,22.011949237302467,21.521633827428136,22.942434,20.864536,21.799082,21.541275,22.62624503352926,21.995441824042487
22.052306536000003,20.34942874398896,21.052752388268583,18.17666,19.387678,20.702868,19.475225,18.67870205804023,20.424607972018347
22.06462272,21.292888104988403,20.79194929843164,22.43491,21.113913,21.724314,20.405556,21.964940682989457,21.2080406441599
22.092312400266668,21.21429975252502,20.301843441289154,22.653093,19.753954,22.757753,21.33426,20.04082731970428,20.77056567909861
22.11243766626667,10.940588221198247,11.830441780436384,10.275897,13.204999,18.748587,14.491907,18.300603998675168,15.970795918183793
22.128611527333334,12.21796612655949,11.05500739384752,11.032709,8.475266,5.3707447,14.32907,11.138231603920762,10.343711690247648
22.193245999,17.241257515582273,14.577358181146064,13.814903,13.210092,17.961157,14.166272,13.940801879973698,17.95093073829045
22.19678337666667,16.90028185638037,16.50162467163939,14.399413,17.687267,14.437307,14.77555,14.433458949614405,16.755585517860492
22.201729644,21.77877864617581,22.02444088643933,21.939165,23.342735,22.88914,22.011292,22.591423202076708,22.418122370516866
22.21085337333333,22.95005643182537,23.17833597311612,21.130627,23.751827,24.108065,22.7482,23.590324506335996,23.62376285560384
22.21675793733333,16.91421689441396,16.467666512840335,18.14979,16.540112,20.9328,14.36076,17.2795169460244,16.33180160648463
22.22155678933333,13.591183009145912,8.819743847764675,13.4570265,11.3974,12.821853,12.776391,15.91658950411878,11.076801747287698
22.252199798666663,20.74299243103329,20.08641387464473,19.32007,23.598646,22.400349,19.85051,20.47246005185345,20.5158549751356
22.256178426666665,20.304835965683147,20.37410886639508,22.791655,18.535646,20.912954,18.726072,20.70775002832629,20.167772990238195
22.30880133133333,20.129688865840397,21.86207045608084,21.58575,19.359394,21.549551,20.336338,19.121098796066825,20.54457928478745
22.31625335533333,13.36593468802402,12.534294023191476,13.614124,13.104439,16.77989,14.962708,14.988583377516454,15.102831924411266
22.327955754666664,12.548532025550694,12.728351733908326,8.582954,12.068211,7.314009,13.4374275,15.584209667545291,11.85220536284566
22.34506542733333,20.83335211493863,22.044630865802464,19.235207,19.233837,21.990799,20.461542,19.34540758009926,20.85948646948961
22.375531868,16.46643640503196,14.186513379168362,19.53379,18.485857,20.605684,18.092464,17.11225416699225,19.35334228855261
22.41190390866667,22.70089702578183,21.940426509419137,24.369423,21.724789,23.370955,21.345936,23.139393890822973,22.44508403549224
22.443221540666663,10.825654763701191,9.033728977778871,10.315306,8.492024,20.454235,7.8284035,12.795748326983995,7.806578679888758
22.44881239633333,17.61406325262067,16.719233232375075,17.03084,17.293934,22.729784,19.683308,17.357970679671638,17.338604221962196
22.4499746876,18.886078204437727,19.0652847861108,21.277708,18.017054,20.935125,20.07785,18.4927333562934,19.292085874032
22.45027776666667,14.66331016544948,14.401990945081682,14.393969,16.233576,9.550481,11.017445,13.172767491447136,15.003210224955245
22.49261959333333,12.81003012729692,13.646515138784633,7.992219,14.113309,8.255441,14.9735365,16.54621865602113,12.177307543198468
22.500229672,18.889968783851703,17.636925311257976,20.999155,21.425776,21.90623,20.974314,20.393516525104985,21.41475538071812
22.503894041333336,14.59847249972782,12.003815824780048,12.710794,11.426871,11.54395,15.335223,12.8943749752874,16.201144429852597
22.511455410666667,16.941617908840744,15.114769055864365,16.292072,15.980974,18.938446,16.89421,16.10874788899163,18.901503120282936
22.5391590844,16.014991937018525,12.9947539879831,15.058304,11.121994,8.755322,17.801405,13.932820352130438,13.321870951320944
22.5933319338,17.053540670127525,14.190071162595048,15.340074,15.9312,18.753014,18.183134,15.60770204724908,20.007208267809947
22.604714944,15.583326099682145,20.3473460170995,17.930182,11.692778,18.539661,19.712263,19.819958513100804,17.75103988915495
22.60839602733333,20.623213462620186,20.962521301756738,21.972855,22.616438,21.23501,20.968817,21.71241137009194,21.286579849075725
22.621888440666662,21.041956742759904,21.82890912445716,21.39815,21.658842,22.159748,22.131792,21.262811890653538,21.219000525704963
22.635502066,15.822268882313038,14.335550811235423,14.680396,15.795005,16.938646,14.046277,13.322898857741174,11.679252114863132
22.640878624666662,16.128137772930003,12.776639056219668,12.580845,16.299473,17.937567,13.393744,10.161000041533974,11.999891133137895
22.676152579333333,21.298095161014025,21.80490370985995,18.494709,19.816885,21.75006,20.214848,19.564119475835508,21.115315727865248
22.69446005266667,13.1626225081318,16.24395787618437,12.680427,16.581566,17.136122,18.438023,15.29498061389778,16.652155380872205
22.737975838666667,17.24461176382939,18.000583609000124,13.4580145,21.767143,16.11264,18.821825,19.663440718839,19.750438699408875
22.741994619333337,13.421587149135918,11.842308937825416,13.97055,20.302843,22.728138,16.574253,23.51518961559425,17.247777028007224
22.780608132,19.026066770786905,16.74692546791967,12.326384,22.278183,18.732468,19.078844,19.02268855375103,19.476091354482957
22.79520720133333,10.803230303707736,11.493343337589872,4.8835955,6.679668,6.6674485,19.070608,20.45548150277207,11.712873186502774
22.795775964,13.358620909408062,12.50954260658503,6.512054,9.081089,5.987516,15.379465,12.015658749778211,11.70692436921223
22.90722171,17.24459353423707,14.663175766087138,19.854599,18.781265,21.344131,18.56064,17.698235879013524,20.248505231989835
22.923643357333333,9.924258280817345,5.960380778799504,9.295216,10.329307,6.2389593,6.0786157,9.253329996672742,10.286721144084916
22.92425388,11.349142829790672,12.86609300478033,16.441368,19.891884,23.5589,16.23604,20.87851236750932,17.687576851763446
22.931103625333336,19.296189473319917,20.741135067880187,22.33747,19.46068,21.082426,21.101645,19.901960757464984,19.99474048024904
22.948915184,16.700176434833953,18.113042014388256,16.280188,21.097466,15.25211,18.693758,17.964875725571513,19.660922987337266
22.95816467686667,15.263279819171084,16.595724613660625,8.093666,16.21048,11.036964,17.569328,16.8412890988562,17.36321985816167
22.959558798666663,10.2765676863938,12.862384027608533,14.060586,17.560467,21.959854,16.092503,20.742300733400228,16.375654959612795
22.981852526666668,9.823282582752938,7.051651964516868,5.540461,9.679699,10.378168,9.75453,10.53364408020707,11.454450543537025
23.033730686,13.594641169547671,11.773607580039956,11.217656,8.874738,5.570979,15.062626,11.484451774300126,11.15254920868145
23.09172694533333,14.092962717392137,17.658867170231535,14.325755,17.118414,11.806212,17.984026,17.581879434362026,18.045968454820088
23.14038240933333,14.0399304873056,13.32307243377306,10.965618,13.856605,17.965872,15.798259,15.942238527566358,15.591306602006414
23.16433934533333,10.925894360183351,11.558501350921556,6.013996,6.959858,6.434129,19.51382,18.844697808546083,12.130376836380616
23.201228506000003,9.672853702672109,14.750996716372438,13.202008,16.530224,5.7493258,17.917442,17.746434534682187,11.083561883565707
23.265452750666668,21.036543711767703,21.564634931460237,20.689425,23.138426,22.01045,21.5072,22.10181866928276,21.93663386787423
23.291462443333334,20.92912514744229,21.092995204817544,21.103127,19.655504,20.744549,19.620178,21.588081211731176,20.797477723333408
23.307351403266665,22.117125506614453,22.41817454183372,23.084347,23.394938,23.172424,22.363213,23.095702059046648,22.993755018180835
23.386607568,16.13537284961676,14.223714445196851,13.461318,16.037582,9.2179785,18.3559,15.230575389247274,14.581119378424312
23.401276270666667,17.988871890904996,17.859235682201234,17.421356,16.585451,15.4439745,16.617355,18.49632317638399,18.18880262347602
23.443421076000003,13.915105345218311,16.88317583010381,12.336634,15.843281,18.53221,19.048992,15.9767560598344,17.418363583450244
23.451503088,19.722163017501373,17.873326892532944,19.162405,20.092674,22.150007,20.907372,20.13517061041646,21.65751879422759
23.525471313333338,17.76314260271648,15.67482545289046,20.305616,19.033554,22.12981,19.172142,18.37295017946857,20.75226667748246
23.543529421333336,22.5648731163357,21.77988795955135,23.486969,22.677975,22.873499,22.815248,22.308150225842503,21.9676857157828
23.594741741133333,13.132841582627057,13.778761276318784,11.332624,14.330197,16.490377,15.195397,13.65637820761062,14.87266344398555
23.618544226,9.132509811318592,8.498889852162502,6.1781087,12.389279,18.836699,9.104484,12.716132519191223,13.417905273105406
23.755449096666663,21.86863081777608,22.191201782954124,21.674898,21.661905,20.699476,20.52813,22.44488233441199,21.96197483462197
23.796377902666663,22.64235516633577,22.02126050688352,22.835493,21.419228,22.759737,22.044168,22.7605495328499,22.397326334349582
23.79682560333333,16.367325824184075,20.446462085273517,16.164244,12.8456955,20.033733,19.989962,20.951363903278867,18.524868527132156
23.820193514,23.29095736134686,22.72400817988849,24.22739,22.458021,23.840948,21.810854,24.715423144597175,23.270480727485765
23.88292453333333,16.14238767286179,12.55208271412418,5.8865,16.350216,17.695902,12.952756,10.496940339836057,12.046959658361448
23.89613895333333,18.405749347597528,16.045206013942146,21.307743,19.485432,22.121231,19.674906,18.87657077402342,21.192988863866912
23.93750182333333,24.02479675217012,23.24353177907085,24.947565,23.050838,24.1554,22.478388,25.345637085507168,23.691828136700757
24.01713231333333,13.99520878787481,13.033598526552442,8.108556,10.1801815,20.67767,15.252308,13.330461887698386,15.534301557335947
24.099896314,14.11485398054721,12.88347564259367,15.011853,15.015072,12.964072,13.836729,12.772284566563554,11.447271983091222
24.195931107333333,16.161556379484953,16.221063811340244,15.511895,15.873607,20.97887,14.208949,17.57619364177606,16.134744010996034
24.196930450666667,14.830636141768997,13.931832874685869,12.254545,13.943107,18.929865,16.501598,16.22179685839568,15.891961951967987
24.201555302666662,23.086728156197328,22.49857916448052,23.528183,22.366785,22.610811,22.114746,23.991719071319395,23.04411848849937
24.214051672,10.611525414560154,13.514732078785404,16.668043,18.585297,22.94181,16.34813,21.84771593491169,16.553112310446576
24.241129166,16.281430796771748,13.094086210802551,15.4454,15.955535,15.1229725,13.210303,13.582383195630976,11.189272076499751
24.24197534066667,10.7637388590873,13.509464467272789,12.638025,19.430702,23.105566,16.364378,20.263785419651835,17.231335493890768
24.33528018306667,13.63388515371702,17.76729403491338,16.538408,18.002563,12.918637,18.409277,18.084585182956403,18.6999395426231
24.408855218,16.73064164351088,15.903935025508776,12.483,14.418706,21.672808,17.918005,17.28490419003388,16.77664454987546
24.4356067,15.974045495288236,15.03951263011988,13.223532,13.509056,21.272953,17.587374,16.984042521046053,16.52499468307076
24.465747858666663,10.37923724440045,7.267810203808593,7.728609,8.198021,10.824623,10.041812,10.557689651976265,12.3388206969959
24.47412958066667,12.37290323447328,7.841732867513698,12.821265,9.335991,13.170709,9.2461195,10.71459399139865,13.65140753411128
24.49198088933333,23.150363885003003,22.358059339834668,24.056778,21.82318,23.520844,21.632273,23.91890586720285,23.02850225432003
24.512320148666664,10.551155035621196,12.105577173792996,14.847898,14.967968,19.943394,15.271691,19.60518993123716,16.166348441580222
24.516960937333334,15.723305921330631,14.02497059487506,16.666807,13.3999195,12.981004,12.523734,12.807809222005949,15.32068150512045
24.55070336,14.595240299744331,17.32320830433753,10.791225,16.37456,19.687784,19.468304,16.731562379571322,17.644612142796422
24.58412331,23.15297612962778,23.232250734072736,21.399982,23.762463,17.63734,20.681322,23.79991705494434,22.894586586374352
24.603539466,17.526769662595207,17.075447193152844,18.165798,20.281599,20.21306,18.602818,18.10991866359531,18.85638998008765
24.60635705933333,23.823020269855256,21.80287771486536,23.77502,21.436739,22.944046,22.62818,23.76709156504593,22.091012593399128
24.61601568533333,16.04756783406604,13.777927122933551,13.444885,16.285902,16.79254,13.786863,13.098135966945962,11.5750416054907
24.61995615,17.188527682885976,16.13233939158269,15.630529,14.735404,22.08773,18.349895,17.845754643512368,16.731686784618436
24.639990152666662,17.277615152634148,20.81677602493297,21.67429,14.503599,21.360622,20.2376,20.84029455215968,19.153743031960904
24.669519077333334,12.59929714053719,8.060812570603233,12.03975,8.11802,13.221413,9.529971,10.859851036279483,13.768645234207524
24.76738116466667,17.107202519331963,17.20481124508023,18.674372,19.388412,20.624947,14.400305,17.501720705026322,17.297456330397292
24.842741038666663,17.437763436139154,19.423664555542523,15.752943,17.154058,22.376867,21.085373,19.600439669566555,19.680433125164512
24.889988846,15.292165473748453,14.515245949097237,13.847952,13.161987,20.072006,17.051432,16.549451531138835,16.428123694321954
24.89206485,18.483121307397848,16.27375320659988,12.764439,21.906694,18.671953,19.075228,18.148362227594276,19.22818196686841
24.899518958,14.786087871034844,18.054103252983975,15.140369,19.98417,14.414335,18.475061,18.98655577152797,19.48282099207538
24.97990143333333,15.070459304712308,13.60878379837268,11.371935,10.528209,7.006275,16.883944,13.284463636707924,12.48240596972487
25.06731484533333,23.558914181832368,21.841162821769068,21.958246,21.066467,22.74248,22.573503,23.52227371375234,22.06353233386864
25.125312384666667,18.1684945447852,17.532631624537018,20.975597,20.22211,20.769508,19.310394,18.747986847779465,19.32465144534156
25.12828549,23.48468285341974,21.97767410788805,20.100067,21.369375,22.61042,22.236383,23.380588282896717,22.016234943178556
25.16845650466667,16.108844918070243,18.981609935393305,18.302116,16.706257,21.24863,20.550694,18.304700542321253,18.7114498353712
25.1719017678,15.65193955405122,15.257035461584763,15.709997,10.453534,19.28007,16.642311,13.799023498581336,16.28297638042729
25.17564026533333,10.312717942979727,12.267481907721614,12.7899065,16.351553,20.882973,15.671039,20.18331445653181,16.07458750215547
25.195446364,22.132279062067717,21.23636736452917,22.196966,22.068312,22.189646,22.462534,21.49621805117489,21.69576650759636
25.224570037333333,22.309698040659317,22.860185386239287,22.346895,23.473724,23.458958,22.92342,23.539806499639024,22.952609085990144
25.286355594,16.197229577242243,13.545497370297635,13.707385,15.94343,16.221287,13.4348955,13.25860334180404,11.578884157110547
25.32307063,23.910595193007097,23.351850795429478,25.09095,22.482521,24.206795,22.501146,25.218592943232085,23.56499207977854
25.368276057333333,14.601786054345547,12.392413576631276,12.637869,15.3480015,16.074604,12.27636,10.288041130400956,11.82662237396123
25.42424104333333,19.72802069175135,17.502878479383877,20.981512,20.53936,22.32369,20.651371,19.83996569680661,21.720441492726835
25.42763581466667,18.218778561375604,18.27922244475871,19.106682,17.535093,20.197426,19.40664,18.061388410023923,19.291918835298908
25.432212986666663,23.82658891407857,23.342771721770653,24.352928,22.751507,24.35587,22.19911,25.04022018987812,23.451223834939636
25.44709832,12.646269641147734,12.085835630167123,20.791862,20.1907,23.439894,16.463987,23.92382647770613,17.485025092100376
25.46126651733333,16.83722447995825,19.69441101811122,18.808006,16.656197,21.719828,20.968128,18.616045696600843,19.308999135992075
25.52227455333333,17.299192320175052,17.082291741098086,16.689539,18.462908,20.692535,14.589934,17.434984072620498,17.07737450602602
25.60987889,12.887689904347448,13.481763277192384,12.33335,15.052659,9.008654,16.219503,17.846456459267408,12.29950742914533
25.636824918,12.94223194439192,8.101053139145804,14.181712,7.805367,13.365086,9.610157,11.171378721374213,13.867266962458256
25.654837020666665,18.5498073889307,17.94722018591766,20.57585,21.659128,21.349264,20.656399,19.744667211061085,21.309413987199267
25.660624838666667,19.568880605656695,18.808335933215066,21.370596,20.047472,23.426828,20.540089,20.06689443540813,20.560825200377334
25.68875910533333,16.387480936619102,16.408730337479252,13.578662,17.226276,14.825152,14.531405,14.604548258943469,16.62112660411014
25.795484741333336,16.94445622684207,16.314614617263345,17.395082,11.764988,21.550465,14.313277,13.591427111324462,18.318468934123278
25.941108561333333,14.522059274398693,18.523070046049472,14.4483595,18.913101,13.564744,18.328466,18.27018586583352,19.291858619812835
25.98650447,9.426893589462695,9.293017634520274,12.86368,15.739352,19.76089,10.180244,14.840964225496082,15.02436306701768
26.233021480666668,23.308541173703397,23.20702935386664,23.73284,23.150585,23.962757,23.184837,23.87378084928296,23.33172721459596
26.3058940968,21.254204906189788,20.607734102061244,21.466188,19.271454,23.488884,21.204079,20.035722925913262,20.56408771709861
26.371436871333334,17.48435016844303,16.53709379950291,17.316471,20.473635,22.580677,19.787117,17.391434804218765,17.79463629624388
26.37419835933333,15.727631259571751,13.05379148788096,13.056767,10.84363,7.7621994,17.37267,13.374736349158368,12.956780456817071
26.586490153333333,15.267993644648053,18.34197062138743,10.298562,16.978462,20.357483,20.236456,17.457254351450324,18.154027572451596
26.72812073933333,18.878235866165458,15.705900207912432,14.393405,17.692589,18.636301,18.815308,16.630511208990033,20.87796579715304
26.864555532,20.00491495046024,16.635915060868907,17.27137,16.514938,17.511232,19.430239,16.516987725095657,21.15867804907877
26.87661584066667,18.16069253784336,19.712422548796496,15.186661,17.619581,22.937191,21.077871,19.652104736027766,19.968708818411308
26.93966062733333,22.21725431439773,22.60168262160567,22.763275,22.494032,19.748205,20.75547,23.24649662946163,22.52245734730296
26.95894438266667,18.33954764132349,17.02564934693981,22.214396,22.32478,17.68322,19.08241,18.918028229787577,19.77486447236933
26.97456743333333,19.717056704848503,16.227685155235342,17.800154,16.562025,16.571733,19.26666,16.448425164556724,21.11153856215802
27.06436931533333,17.431408030214396,16.08001108332097,16.450533,15.427341,22.465374,18.66241,17.722249553039294,16.599867559235093
27.174371972666663,20.25460485991839,16.5416000368905,20.777424,16.487253,17.00552,19.240208,16.841599070523973,21.13781278089191
27.19090466333333,19.69274935202455,16.22085208573006,18.146278,17.287027,18.063614,19.141657,16.42529124592024,21.0516961212996
27.221334651333333,23.263489618678147,23.2169759864241,26.013231,23.652706,24.065273,22.985659,23.974750076356383,23.38635128787826
27.230060718666667,16.452318706475737,16.341358317227353,14.979181,17.795015,14.594673,14.617294,14.716481270066096,16.62117603030265
27.33057425293333,19.84325058901066,16.949745643603563,18.283104,16.63872,16.212343,19.158669,16.149833738886027,21.082531717280464
27.363215195333336,18.925075804754265,19.578524208814752,19.300333,18.093735,23.35096,20.970427,20.036747932717837,20.20175189866731
27.47659475333333,21.222929981112248,19.76465239063928,19.985878,18.973501,23.514233,20.89873,20.13271472951971,20.91484551317073
27.531795099333333,18.0320791509682,15.17250737266592,15.928782,17.386322,18.661453,18.739805,16.25539883577637,20.66485079202944
27.558625657333334,18.587740436454343,19.458087840152245,16.420645,17.053629,23.073767,21.141073,19.851219429679887,20.083428741715977
27.624093628666667,17.5979544099576,16.285982336027196,14.474901,15.752936,22.770527,18.934526,17.433496356984566,17.181225811503687
27.630745276,19.36267936928849,19.13274950944402,18.848461,19.201574,23.462431,20.592165,20.10050635384524,20.614451460850177
27.828113474,19.59512372636252,16.18515226148644,19.182365,17.331184,18.442562,18.921734,16.32282185144934,21.391169252663342
27.90511154666667,17.36616806870092,16.943753289095305,17.715496,21.089554,21.909721,19.212461,16.628688787645796,17.335230891010447
28.036113008666664,16.438661904439687,15.720590551629318,12.0273905,12.344098,22.030558,14.009408,13.248631313878606,17.656678362531956
28.300274229333336,18.96865702719887,17.4298136936668,19.46911,15.007043,10.58153,17.728941,16.24070120545768,15.088863267498612
28.308922852666665,17.276429815517414,16.247623316582956,16.741909,12.237619,22.348307,14.163961,13.66988386911097,18.18962301809245
28.324779214666663,17.48131362235092,14.542703312535794,13.580424,13.081111,18.95749,14.135359,13.666168284196926,18.088327615691025
28.42429906,11.489066727284348,12.427427421183468,14.992682,19.980637,23.761663,16.078213,23.950721742712265,17.91688783070206
28.671898395333333,17.613676922727052,17.161966610212716,18.166956,20.321863,21.67125,18.572573,15.909534890476865,16.96135313079393
29.175596846666668,19.13370025374425,17.619254400630147,19.045576,15.756844,9.920533,18.487072,16.923188199491523,15.653244846571408
