Actual_Power_Fixed,Pred_Ridge,Pred_RandomForest,Pred_XGBoost,Pred_MLP,Pred_LSTM,Pred_CNN,Pred_Transformer(Baseline),Pred_PiT-Net(Proposed)
0.1062152820666666,0.0,0.2426525990833291,0.3786481,0.49126998,0.21767628,1.1165045,0.6467697517191968,0.2540512316284719
0.1066269785999999,2.120260463815594,1.850433922343219,0.43043277,0.7433084,0.5957986,0.0,2.404730031719708,0.7210517108333745
0.1084731039999999,0.1381460071599997,0.2426525990833291,0.33869576,0.7764831,0.4077604,0.93423516,0.644886322228943,0.2533513191464179
0.1091061443333333,0.4598862553193947,0.361933206407349,0.24974078,0.9140226,0.65376365,1.3876239,0.7742536537351811,0.3232772174269789
0.1122780941999999,1.1302675694151756,2.238418824612338,0.64729,1.2739413,1.2839619,1.0484675,1.610306242215819,0.7644138848958894
0.1139576798666666,0.8621140657827223,0.4333153315444892,0.6088086,0.0,0.59207165,0.0,1.7282575694797429,0.5344587486229325
0.1247924212,3.339619025641088,3.8399830853744974,4.9213524,1.2857556,1.697044,1.4666404,6.707290415895037,3.2960997245425867
0.1276939546,1.881166919141794,0.8502111436753075,1.4341409,0.0,1.5081173,0.0,3.8191592071147817,1.7179521890203109
0.1282364114666666,1.898808603453898,0.7095186294571008,0.3344109,0.34490094,0.73389685,0.0,1.282681575905391,0.3629607303419961
0.1297477468666666,1.5606615708331413,0.6435640171812516,1.0825825,0.0,0.8385082,0.0,2.929934644858222,1.0572256512930345
0.1341726972,0.4933967463359317,0.207089569822632,1.5441039,1.9921681,0.0,0.0,1.9802541206619737,0.966616238942289
0.1439551076,0.6794137249004607,0.4666018727741979,0.57186806,0.35421953,0.049457837,0.73307765,0.7736687542486255,0.230318615266663
0.1446808660666666,2.4189675957479557,0.7328554192902672,3.3947043,5.686968,0.7625058,0.09320977,5.403962048137559,3.591617665753806
0.1778621727333333,0.2316859951491176,1.1337965179923604,0.4328031,1.4723072,0.8646411,0.0,1.3051996744779146,0.6557975444939577
0.1791947738666666,0.6614192969200934,0.3207338472147232,2.2109635,2.8838248,0.0,0.0,2.8853637267103345,1.7912560307357863
0.1903876690666666,0.0,0.3894284165716023,0.2646399,0.20615198,0.08391848,0.0,0.4592238029018489,0.1511466631422459
0.1945629004578614,0.9933822029840206,1.1599954797873573,1.7585601,0.45132637,0.13253741,0.0,0.836558143826315,0.2716500582013085
0.2187613591333333,2.7342379846506177,1.803229580787045,1.8633766,0.37451702,0.4600705,0.0,2.260978697624826,0.8867799081211817
0.2352202188666666,0.1901841280786457,0.2775951557853846,0.27827892,1.0313697,0.69913775,1.5937111,0.8330523987675157,0.3365169693162365
0.2356792942666666,0.0,1.1238163465266209,0.6290213,0.45580703,0.87014055,0.0,0.6313482460138841,0.2486949884317726
0.2529976010666666,2.8597523991462506,1.134197199237059,2.3607376,0.0,2.2143478,0.4646804,5.115781319069169,2.489775369626648
0.2588349217333333,0.0,0.1786856365392056,0.3824541,0.381248,0.32755363,1.3329948,0.6607207286046382,0.2622083920356876
0.2687159044,0.2018000519711373,0.3894284165716023,0.47309133,0.292498,0.15666263,0.0,0.4931969024385682,0.1444478382323586
0.2733688833999999,0.1740195176032011,0.3894284165716023,0.44723588,0.05441487,0.28395548,0.0,0.5323954108492409,0.1584278837598581
0.2736820322,2.303338406508351,1.5608027537401623,1.747368,1.1240443,0.14626195,2.7221203,1.449142877401728,0.5214797533952593
0.2809023396666666,3.160491700536975,2.109809019322232,0.2429231,0.49936917,0.5716431,0.47421688,3.145291029069545,1.314855993646708
0.3054299203333333,0.374034461945295,0.2300273258930844,0.51698786,1.0946546,0.43045658,0.6388817,0.7710628453943973,0.204540857004736
0.3220896881333333,1.013164263383185,0.4824342044732314,2.0092716,4.0289297,0.18221918,0.0,3.683919445320434,2.678912916956308
0.3400439428666666,0.0281137959211195,0.7038299730899424,0.7297954,0.70963776,0.3597118,0.070923224,1.030009307660425,0.3976616677886642
0.3609229494000001,0.0,0.2901365690999564,0.115907915,0.16167581,0.0,2.0000222,0.6620643678897652,0.213465680712851
0.3641564178,0.0,0.7257862938351617,2.054897,0.6176898,2.5013933,1.597763,1.867202613276815,0.8502097262722449
0.3658667029999999,0.7509698278545592,0.7513825186799797,0.38001353,1.0261966,0.40688306,1.2259282,1.1278972751792342,0.3662178391265253
0.3826989508666666,0.667412240745465,0.2457894641389381,0.6888106,1.1980052,0.50570554,1.6677704,0.9948928707288048,0.6356483894641842
0.3939724930666666,2.968843146876537,3.1079865233041453,3.0844603,0.95171523,1.4568058,0.7554051,5.910883944066456,2.503074520501353
0.3948323216666667,0.3584399152488776,0.1433889005919303,0.88185596,0.5749156,0.4597159,0.0,0.927404577337982,0.4006874540154367
0.3951375287321026,0.3091411429584261,1.0282110434603928,0.09915078,0.46035454,0.26924312,0.0,0.8568283676840673,0.1693737407775447
0.4564411400666666,1.338251306774504,0.8239028172774363,0.69331145,0.994703,0.48536476,1.3859066,1.5357929457261128,0.5800657790411106
0.4632973357999999,1.062971860601757,1.5640364988174,1.5085692,1.4889544,0.9083802,2.37233,2.3649271802235936,1.1616614377194123
0.4687552362638694,0.2497617358633522,0.6448585113648337,0.36243942,1.331827,0.8952463,1.4614669,0.7574273536538351,0.3748340736733908
0.4788939873333333,2.718549101286552,1.0927677179196111,2.3827083,7.736067,1.5528903,1.1888373,6.637443174764534,4.488039313957887
0.483360202,0.0880277033093496,0.1616490073581717,0.7028771,0.0,0.06787331,0.0,0.5326671382425304,0.1273710891450155
0.4844564114666667,0.8782123889879655,0.2208223073778977,0.18479934,0.56899005,0.93547606,1.3640937,0.9718401426449932,0.3804256315937835
0.4911187183333333,1.37776541256057,2.577628503196315,1.5043966,4.317578,2.7365556,2.3600845,1.5649777454137388,0.8640614255557099
0.4918840980666667,0.1656738748827986,0.1630386791929092,0.394451,2.3532915,0.73704207,1.8681378,0.6532753922464316,0.3090206573177241
0.495617131,0.7302793968994771,0.7038299730899424,0.49250773,0.8192461,0.4667786,0.31649095,1.14022549249871,0.4040929336882378
0.5010516808666666,1.0491659849813526,0.702670583509992,0.711562,1.1348422,0.96050847,1.6863496,1.1175575474986053,0.7203816863835438
0.5111994273333332,1.9912226500465,0.9323086746561576,0.33512205,0.93804216,0.8180383,0.40494892,3.883324306546788,1.8996292130534491
0.5129677834666667,0.6857005588474722,0.7038299730899424,0.49528065,0.58497393,0.64500755,0.35364056,1.1711429529216004,0.4214476900813966
0.5200237855333333,1.8756463401904355,2.2885716232631217,1.3586168,3.5892615,1.4535878,2.675035,1.9733603319071065,1.264457874453382
0.5417893032,0.9737780252533332,0.7344314825045748,0.7921237,1.1501243,0.96546495,1.4869547,1.4056672256930345,0.7155579532744456
0.5519519007967877,0.5259450116525228,0.6448585113648337,0.39870748,1.2960931,0.6178167,1.3098637,0.8212894420297286,0.4323285386693276
0.5642385413333333,0.1933950225804989,0.6788995651575817,0.27300236,0.23410138,0.26869813,1.0290887,0.8812795598322765,0.2663927504724959
0.5807633146,0.2270355950505819,0.4072181142513144,0.5011488,0.67186064,0.6288452,1.703466,1.2304175813720235,0.630665761435972
0.5868339610000001,5.3951885798614265,5.05624362166017,4.6385503,3.6540759,2.36068,5.294917,6.622699370142202,3.722517952190095
0.5898367922,1.994674474876824,1.59945468456642,0.85073334,0.58364964,2.4168499,0.22954841,1.5582486228059826,1.0233603703129408
0.6104427736071932,0.3630675181310686,0.6448585113648337,0.4454019,1.4341644,0.99017066,1.1299236,0.8896325248832236,0.4748473339358527
0.6180282217999999,0.0,1.6594423093865427,0.0,0.7922367,1.5236276,0.6078726,1.891740261468419,1.005595813190303
0.6182857144666667,3.2110683768122854,4.630771522883337,1.9364061,1.7439924,2.105631,1.8962512,7.473178930755787,3.9074546127586975
0.6239284772666667,0.8768183945526115,0.5077153371252676,0.50321764,1.0855554,0.8547631,1.0165933,1.5141592318117765,0.5279810900596233
0.6319920245333334,0.7366911065791532,0.1914697836399845,0.4968949,0.54335254,0.1122019,0.0,0.6936096649772242,0.2482766508646033
0.669123827,0.6874266226641689,0.7344314825045748,0.81357074,1.467807,0.8694727,1.6020536,1.4711303934238489,0.7945395648884089
0.6900503925333333,0.0640912300934197,0.1999643773627202,0.399894,0.3942916,0.4644052,0.19368845,0.8000126770922203,0.2018947102301088
0.6944934742000001,4.487243409087974,7.687420957204956,2.6694262,4.205779,3.5354073,5.2717757,11.208053235708588,5.682238619160046
0.6981416106,4.589730269124575,6.652408492683971,4.2305984,3.353363,3.1798077,4.275951,10.515063509844593,5.154930244314338
0.7004732177999999,3.256686073402654,2.610342859494055,2.7251124,2.078591,0.41633025,3.7808673,2.483560276999296,1.28174714795601
0.7048407614666666,0.5444740729801998,0.7344314825045748,0.8599786,0.9738211,0.7048756,1.6127719,1.4603571551380998,0.793425296977742
0.7050729178666667,6.131674302826138,5.786455319905178,4.9007473,5.0995874,1.691103,7.8901973,5.378475503789553,4.594380363585266
0.7175965448,5.250190245762652,4.926752160403558,2.8587558,4.1205688,0.91437745,6.6833906,4.420062695701195,3.4614981420422213
0.7189282548000001,2.219131621012492,1.1961757646529012,0.0,0.4678221,0.8780363,0.0,2.215023057589622,0.7133658508281044
0.7222178835333334,2.8317158203821995,2.3558401639163096,1.6474962,1.0587577,0.7222304,0.0,3.268789408812659,1.116569572857435
0.7274917130666667,0.0,1.3796166346369252,0.34946415,0.4940517,1.0653528,0.0,1.3714912496814848,0.5528353087762001
0.7515712571333334,1.8480935721529508,0.7058665328050205,1.0205663,1.9894656,1.7540778,1.4241524,1.7597343086713004,1.2891048789708712
0.7581113771333333,0.0,0.5072371359835965,1.0629832,0.38891336,1.1664792,2.3636415,0.8753197654390166,0.3462508851870831
0.7736638557333334,0.8839624564583306,2.330144279079029,0.62149435,3.6933672,3.1832933,3.7913465,1.3159938484963511,0.7313707117546896
0.7771732121333333,1.4286737797025135,1.170845125176459,1.04995,1.0252001,0.86497015,0.6979214,1.9514240713266204,0.8654664069166668
0.7806153079333334,1.3239431132356367,1.170845125176459,1.0616871,1.1185778,1.1497644,0.9222397,1.9734699995665888,0.8736908476574923
0.7851744298,2.801392410786004,1.3293036097878783,1.7682474,1.4483348,0.968029,0.9636265,4.950351648228118,2.7479799994994654
0.7919153269999999,4.290963233156102,3.76109327018792,4.269266,3.172277,0.607885,5.1686177,3.4387660249740684,2.3530790985590757
0.8024700463333332,2.10975715167409,1.3734126536157516,1.4617957,1.465082,0.9202812,2.1568313,2.4520282622549234,1.1971499727492594
0.8076008170666666,1.197823567718724,0.9634720803837185,0.6957698,1.6264232,1.4881934,1.8308306,1.7272949246852505,0.9205183204588884
0.8228670440666667,1.218338258041004,2.3467280406960573,1.4164366,3.1468127,2.456599,2.6557577,1.2582286359761283,0.9036511097002315
0.8385191754666667,0.4224321846233097,1.170845125176459,1.2384737,0.74754393,0.6845912,0.45522323,1.7487847283073847,0.8195217626511003
0.8783380940000001,7.058916625358439,6.64138672395212,5.690608,5.9215765,2.2780402,9.300759,6.303516466861747,5.604473447221914
0.8916890355333335,0.6968248569305128,1.492533376146048,1.737629,2.0770836,1.3301101,0.4381315,2.1389596741916748,1.254288799866777
0.9181044102666666,0.2611227978901299,1.9721385851731936,3.6998188,1.2732104,1.920523,1.221802,2.656286941528541,1.5220933992419243
0.947610339,1.0772323720428645,1.7911927097186666,0.0,0.68947893,0.12080951,0.0,1.37275210524987,0.5389228720985932
0.9620658751333332,0.9105937672223924,1.8155184327040568,0.29854986,0.42883125,0.999609,0.91605806,1.7505445550428418,0.7483491115432649
0.9644175754,1.3514381613100528,2.9188532550870927,1.996559,2.3024633,1.6021948,1.7396325,2.5697648182006287,1.6634362118807928
0.9869703864,0.2335194406236063,0.3087823619026762,0.50124747,0.0,0.12250452,0.36495999,1.022664880150148,0.3443158098232028
0.9931741435333332,0.4886781725980087,0.4644731230148807,0.5320302,0.5717654,0.8189368,0.68670374,1.471056522383083,0.4899105346377705
1.0029751074,2.908980441013513,2.114827315323241,2.5485032,0.8694162,2.980078,0.8335457,2.5163226830544336,2.112814127024921
1.005707237,0.5724016582704314,0.5084790667993744,0.98905903,0.4840579,0.048132427,2.572783,1.6533278537006566,0.5562786370293588
1.0066952612,0.8321129678779993,0.2605066602884578,1.1066875,1.0603968,0.72616255,0.0,1.6328652468604348,0.8324520078000253
1.0202672265333332,3.5532259275611917,2.463738843707923,1.6202644,0.70827985,0.7358779,1.0425844,4.103542466015156,1.757612174077214
1.0410830096666668,1.3827170018246748,2.167419277408452,1.5492758,2.1560066,1.8910556,2.3177876,1.130854021404626,0.6365585704697103
1.0422075895333334,0.9318526739339864,0.8069038215444445,0.7765469,1.9104003,1.4753293,2.2183166,1.7812483435410291,0.95917008247453
1.045210472,0.0,1.125344365867059,2.0325673,0.8484683,2.9990158,1.9429711,2.7605365824149453,1.4066338677959629
1.0492834415333332,1.5188122247983415,2.7407991268956486,2.2119977,2.1650062,1.172811,3.586831,3.713311249778768,2.3750190954271795
1.0534170823333333,7.963966511883274,7.410331301822558,7.0824966,7.4662366,2.7249868,10.671598,7.131543535855128,6.495793397216567
1.0540269709333334,0.9652638778035644,0.4819565969631726,0.708883,3.2909012,1.0605371,2.5305696,1.5019090075325658,0.89546194892258
1.0550264283369897,0.6445910652887223,0.6768170898774467,0.50080675,0.47694156,0.6479045,0.56664157,0.6126269889769858,0.2050924143691682
1.0621640728666666,0.6592757678657734,1.1371301010688468,0.5739238,0.5388547,0.44717863,1.4074906,1.5699884203889072,0.6107026656476765
1.0641159681333334,1.6419637526264732,0.924574015307268,0.54676855,2.136409,1.480912,0.0,0.855317928642053,0.5089122578014623
1.0689799005333334,0.2009603221608325,0.53387347736726,1.1643429,0.0,0.43079334,0.8524639,1.6333827346604763,0.7475460374931308
1.0696618249333334,4.630649242838392,4.604551058831374,2.7869682,2.9293087,1.8990037,4.165078,6.29755679444346,3.2289319779381374
1.0718964800666668,1.417531898932476,0.6199299526134432,0.6111363,0.8724048,1.1227558,1.7525158,1.8108396259345363,0.9927417605897896
1.0725393054,2.6536224854499197,3.778345076073013,3.372723,2.6447937,2.8270242,2.6726477,4.592757642945499,3.393991905910269
1.0768257004,1.5205350661092136,2.280396368607476,1.4158757,1.8750447,1.6195881,1.3600342,1.1246009210039982,0.7479668116793444
1.0996744486666667,0.938834420204432,2.66472824323204,0.0,2.5818808,3.1234355,2.4842262,4.015422563548458,2.5303373788400045
1.1088004285333335,0.5310319695353877,2.2996366328188653,1.1508101,1.8732398,2.5847075,1.982187,3.265891145666026,2.020764744307933
1.1129042782666667,2.15901768303518,3.577186293705661,3.3021376,3.0189238,1.3196064,2.458169,3.791549054393421,2.7930464367774923
1.125964355,4.69801371999945,5.411946924250491,10.067812,2.3758044,2.529264,3.094681,9.414226500416186,4.590195418293478
1.1366103223314166,0.5902071667094733,0.5065928150327221,0.37338617,0.34862402,0.6714037,0.0,0.6391483183898342,0.1872599619490734
1.1409260971333337,4.05070782246942,5.195443742698494,3.8645658,4.91222,1.0366238,4.013617,5.840939738712087,4.999995377276126
1.1530163773333333,0.0,0.7528340527774773,2.4100237,0.4697453,1.0558989,2.671075,1.771864801827648,0.8177575137242832
1.1613686036666666,1.9338603317843384,0.7315317892981417,1.226594,2.0881946,1.2575915,2.2474182,1.9569218277053413,1.4821556364348036
1.1730275198,1.9211860422561968,2.979169238765257,2.1666448,1.2484657,1.1855222,1.4835682,1.606560114025185,0.8646317688067491
1.1850955836,1.710824722298968,2.330144279079029,1.4045311,3.0557265,3.158366,3.3006442,1.558653675522383,1.0683870512602436
1.1862941723333336,1.4585577269469243,2.3467280406960573,1.7401563,3.168039,3.2548006,3.1485415,1.3165359652597386,0.9667961914733818
1.188188481642566,0.2297936296570495,0.4858855709179041,0.38562536,0.096681386,0.6497294,0.0,0.6149775233274619,0.1935411803902749
1.1979439216451349,0.4084246063933114,0.4858855709179041,0.47938403,0.21194366,0.3562074,0.1540712,0.6212756194424329,0.1886851547182147
1.2059171564,2.819971447000098,4.09048639697794,3.6187334,5.7021875,4.563436,3.6616619,3.050734899058974,2.175129988917
1.2080479468,3.2854978409580755,4.501981111862254,1.5402548,3.7743876,1.380305,3.213572,4.700977357618145,3.898696767131312
1.2111905544666668,3.997347403804171,4.214289373489482,3.662216,2.342712,1.3368416,3.0509272,5.382553166394905,2.697797281061979
1.2132079516,3.117424619343566,2.149570274745221,2.604365,2.2324123,1.7525675,2.9516127,3.577586891623925,2.104495229961511
1.2206110108613688,1.4430111473958884,1.4721647354921066,1.5035622,1.9867833,1.9130288,1.4737989,1.7184120809312886,1.081028066116578
1.2264456927333334,8.744881481943656,8.34318281310071,7.7807436,8.156337,3.280669,11.708395,7.964230075955181,7.199798933297718
1.2277661425333333,0.5602740483700112,0.9145093007282814,2.0289347,0.82816225,0.41458362,1.5042033,2.385822100191988,1.3681519451048705
1.2399744162126811,1.2364816939031549,1.5896714278248183,1.4110465,2.8075914,1.7548008,1.3153102,1.6324290879771048,0.9734904621394044
1.2400759176666667,4.396919526861763,1.8072286721442503,6.0338774,13.564541,5.7806077,5.764408,8.663463210379875,8.4127799769845
1.2432346623333337,6.464460583713279,5.389641838246083,5.9229193,4.439446,4.324728,6.1586585,7.80463003369319,4.631812929021953
1.2661913205333335,1.5337343831991217,0.9707938280939168,1.2693241,1.4944896,1.5375521,1.2852657,2.451712003823095,1.071404068044865
1.2697526506666663,7.2494884064418414,9.505090405718752,1.0883399,3.7490525,15.279385,17.213966,21.219672537390267,8.363047574794452
1.2712338164,4.090283492497536,8.120070131067067,3.0484507,5.0416784,4.5124316,6.5677147,12.059880537794225,6.0893947047932135
1.2731227622,5.909005547006028,4.060856948845164,6.09747,14.730713,11.329216,9.568195,10.86206649571414,11.348016163444722
1.2848549699333331,1.57814934590402,2.18406456013548,0.19552922,1.0899141,0.39351177,0.0,2.1579843032135164,1.0845929411190944
1.2859540323483694,0.5310660361707534,0.4858855709179041,0.5481606,0.64692485,0.7041377,0.11191024,0.6305911535156203,0.2177820721051703
1.3132805489333337,3.920785365924528,2.640962150949519,2.8329766,0.9549764,3.2147489,1.3412927,3.542821202793576,3.3655596823998057
1.3344025087333335,9.41119119721071,9.04184812256702,8.375833,11.215274,3.1508455,7.7817173,10.101760207318335,9.276291829720677
1.3520489124666668,0.6998628846670695,0.4170695702629799,0.7405076,0.26329947,0.23669533,0.0,1.3696989522755767,0.5241481900539058
1.3735012350666669,2.4496559607941397,2.029646694393952,1.4870005,0.46992183,0.5371975,0.0,1.4107347490923607,0.5339528583857083
1.375886676,5.767116368456769,4.466257308974214,8.355986,14.039363,12.548649,10.091927,11.233895805049723,11.705225772261835
1.3818078912666667,7.085373527396265,4.900647570714764,11.201739,12.73562,13.743668,10.653394,12.57502755559052,11.826026072608864
1.3859273187333334,3.096233577508245,4.374602151031875,4.1104774,7.121752,5.9096737,4.382649,3.677591925019942,2.5756174693283853
1.3909722846666668,2.259869415034089,1.5090199962346718,1.2606952,1.9687574,1.8392665,2.3092816,2.0997498932273286,1.5814516089325994
1.4008005834,3.324949286662956,1.3553440596481827,5.8416486,10.975263,3.6733825,3.5366292,7.338292404196466,6.509661389668507
1.401822537,1.5946176794251443,2.280396368607476,1.7795289,1.6472424,1.817805,2.1577384,1.145383364338131,0.823891707018458
1.4055288090050606,1.417332389694685,1.481224456860201,1.5174667,2.0706716,1.9254194,2.1030374,1.839503677693872,1.171658754739883
1.4070470404000002,1.5181830968580554,2.167419277408452,1.4434425,1.5209628,1.5246719,2.0343902,1.250930285543745,0.7877882724882032
1.4144260590666669,3.601541923553765,1.659614030387376,2.6198869,2.049329,1.3576863,1.5871447,5.851109922534909,3.586452823113416
1.4328172712,1.9791800201272751,1.846447747209773,1.8252149,1.8037392,1.7654654,1.4767267,2.897254917405794,1.5529144321225028
1.4376451710666664,2.2720211160780206,1.5760701090514142,1.4964769,2.1870854,1.887935,2.0735242,2.45445410784016,1.5332558276821693
1.4465010548666666,3.0554955309183884,9.429211639603375,9.28307,6.529376,6.2188087,9.115301,13.295226403402228,6.736679787676298
1.446859524666667,2.262881029708672,1.846447747209773,1.5533607,1.6348981,1.492291,1.0697612,2.8866149969051724,1.5723567277317794
1.4692603212666668,2.798814613204049,9.835982987316624,10.694115,7.223482,7.1499934,10.341011,17.08992781754202,6.881686785864006
1.4712780338523146,1.684035363371417,1.481224456860201,1.4777939,2.0794008,1.5982596,1.9402393,1.9006115912953028,1.2841376526142538
1.4720059600666666,6.317043053847769,2.9590330758436303,3.7890315,1.1575351,8.632186,5.534606,7.877670159965793,4.992000958966221
1.4817386710666665,1.1311024876197129,1.8010476410363012,1.0739459,0.9867621,0.63772285,1.7335992,2.4017966659789853,1.1604219827623286
1.4996027944,3.3793265617146955,2.977844247712356,1.732843,1.4680918,0.8035166,0.971929,4.03011047718816,1.570831824937212
1.5122022434,4.3992815449231815,2.0311713096723327,3.1177795,2.5076296,1.8317676,2.1627405,6.793981570659379,4.3771929031398935
1.5141715715333337,6.7060866914805946,10.33396635603174,5.015156,3.6182668,15.542944,17.827715,18.91019417952287,8.312597636518136
1.5160998374,3.3833571973475824,1.5384949758635955,3.1839702,0.0,3.6782825,1.7126887,6.048994241134582,3.402790315270808
1.5448125760666669,2.028953913813884,2.947588369200651,0.8236092,3.1405969,2.240336,3.1615965,1.6263697971384727,1.1708335954568554
1.5521683823333332,1.5370351974778385,0.4766658062931098,1.3506191,1.6677549,1.1053913,0.0,2.4378220086914304,1.5035090101263195
1.5532685813333331,1.8326681464595036,2.314726916696279,1.4743085,1.8686894,1.4548134,1.7004869,1.3201151608959636,0.8730024789770889
1.5724034689333333,3.70664725036754,3.640577667517927,1.1444701,1.869747,1.0346069,1.9466689,4.68704174113639,2.147854256739353
1.578436255533333,1.180584027557264,0.6745688588672317,1.0255264,0.76945907,0.38609895,3.0146246,2.787001795812897,1.007929021822214
1.5787604886666664,2.535417854122026,4.179816762527934,3.1179504,3.3097064,1.994841,5.016673,5.098558634604865,3.885029963315998
1.588533948115912,1.5767227590667012,1.481224456860201,1.7445376,2.202558,2.0641832,1.7573154,1.9794326338838737,1.3377557509350444
1.608703981,0.897212284161558,1.846447747209773,1.7101805,1.1434978,1.2276309,0.8196676,2.578021643220929,1.4575606201364115
1.6093796928,1.844829135229995,1.5760701090514142,1.5432825,2.5380323,1.71555,2.2948787,2.547982708360492,1.6678516218254615
1.6104952935333336,5.120692120397471,2.4718887239459844,2.6726515,2.9467998,2.140384,3.002891,7.456988360947547,4.998201881900074
1.6112405656,4.229918032750924,3.1352616156421096,3.3458962,3.5107803,2.7119405,4.2173743,4.678091286420876,3.2231941849450134
1.6218644354,3.4848684349770367,8.765185039182901,7.837304,5.744599,5.572858,7.751045,14.227332125828012,6.496678926572026
1.6387537032,1.7041450576169974,2.314726916696279,1.563224,0.96387285,1.172469,1.4782175,1.4180351227015142,0.8037761752620763
1.6397572365333335,1.6765847289453495,1.5760701090514142,1.6920171,1.880875,1.5039141,2.2239974,2.512025179896741,1.649997743862896
1.6403445380666668,6.503634178894581,3.17875222745095,4.540905,1.4084874,10.470205,6.8020096,8.692320316672873,5.300620468498411
1.6623401014,1.803483742460445,2.7149335988584222,1.8066728,1.9705088,1.9012783,1.7466528,3.389706751106072,2.302681473276899
1.681893316,2.768450701132537,1.2824994231556517,1.0423652,9.432078,2.3161514,2.435381,6.643161338787893,5.461260770275396
1.6906696523999998,5.767608262579882,2.883946873989019,4.80568,3.2681916,2.545974,3.4046683,8.326138197190607,5.472112041797372
1.6956419382666663,2.1969980002434286,2.947588369200651,1.6638404,2.8575637,2.190699,3.2728586,1.7487812089456385,1.3648377182054536
1.7007148022,0.1641118848275465,1.601362368822777,2.4508045,0.8746428,3.2760763,2.379434,3.817557192137365,2.0021872086147305
1.7155170312,6.033565599011115,4.818804487895105,12.77477,13.21757,13.072721,10.30832,11.72438037579821,12.09085148295875
1.7194309449333334,0.797104978198062,0.9256198067028008,1.154854,0.94990814,1.1713736,1.1946527,2.257199371053043,0.9770637138702142
1.7209790133333334,3.959860121813604,2.886760018425521,2.0269253,1.0499109,1.1529788,1.1972911,4.623634689279512,2.345448201706274
1.7242495799999995,8.693067789684548,6.742035806179422,8.265105,2.048679,4.720383,7.671202,10.46170652167401,9.00880830545
1.7286868124,3.2519868727072074,1.5155644529157888,2.4323337,12.358562,4.7922397,4.5033054,8.797777633157446,7.549713725744271
1.7329228238,7.065030601691111,5.120212656242724,14.160098,12.071644,14.663066,11.106995,12.591583126508487,11.982278996732814
1.7398427259333331,3.4114031040448487,3.809407943965856,2.8396425,4.6719913,2.7878902,3.7677646,3.543229381755028,2.839854956921205
1.7664326130666668,1.058527217530264,1.3311599267246677,1.7553897,1.6481789,0.594704,2.432121,2.882734343817707,2.1588905850720788
1.778161468466667,8.941748861739347,4.216506520234981,8.775537,2.7115612,17.094383,10.892481,10.073161799938047,6.30904409388829
1.811037630333333,4.739858947782411,2.0321097890457067,4.1461034,0.3100276,4.9767675,3.0211062,6.58610608807282,4.094860440739334
1.8138802088,4.924323811692669,3.095367734785876,4.8040595,0.90144473,3.8259854,1.8296039,4.437015678794973,4.551293505865751
1.853392835666667,0.4571805441606726,1.0836410536218384,0.8134024,0.8817596,1.3183129,2.92715,2.9412354219303127,1.4067071119907353
1.861213121,6.029743334804128,11.208853334258604,3.7578812,3.9127135,15.597051,18.190893,19.463400393647504,7.96404170433624
1.8750486844666667,4.27673779492484,3.68087187664988,3.9166312,0.982781,0.923364,1.1431924,3.982462628793865,2.339279006278377
1.8780330831333327,8.23630224753886,6.52637889682723,9.5955105,2.1023026,4.5516176,7.4397883,10.05933891833154,8.597630754706882
1.8782413529333333,2.236418913166696,1.3322011689686262,1.3132405,1.4994591,1.2794048,2.4870777,2.847990793115261,1.89718849496674
1.880430992133333,3.227640678187671,2.8366245768716216,3.722082,0.5596752,0.6701707,0.0,2.6570780819143542,1.2786364050628567
1.9166211606666668,3.954849700180284,5.925568716578573,4.116292,4.8160787,3.1179028,6.5975547,6.594071095352059,5.508530493524693
1.9275236519333327,7.670140961811334,3.388322107487977,3.1682682,1.7810953,12.017734,7.9441786,8.251281519464916,5.64818391635754
1.9279721755333328,7.294569781851611,5.866812973804578,3.979717,4.8763804,5.274977,6.8426423,8.206765178813491,5.099632817416
1.9283210556,5.5512169719466495,4.817475971534993,3.1420891,3.8971684,3.545089,5.301357,7.284303216046268,4.315843036880922
1.9283578266666668,2.3195644443612973,2.5864860052774703,0.0,1.6543528,0.5834024,0.0,3.1424331007735598,1.7001272589245624
1.9361922301333327,8.788554593155883,8.355667491085102,9.920627,9.562381,2.108499,6.9721055,9.77340607398934,8.501192691580505
1.9450204982,5.549081737848444,3.2860247164718257,5.321061,15.18397,9.5723295,8.432531,10.73060951168019,10.78121337503378
1.9486161132,5.505959364357612,4.339555649628633,4.985658,4.54952,3.9716458,5.4447465,6.012701434904858,4.6019409441478505
1.9587548088,2.2631104122427392,3.2365173344691285,0.0,4.383391,4.3832946,3.7890928,5.040539873080363,3.726105368270646
1.96719651,2.3054929780837874,1.94570585326442,2.008012,2.4384437,2.4451425,2.7395306,2.8240359412424967,1.869634471627217
1.9804865333333328,3.960422629376178,3.161754247554431,5.369147,1.5355321,1.8565543,2.4202898,5.069540725766612,2.8597196287484947
1.9998611725333333,7.479800884887573,4.543125413499449,3.8680947,2.7553878,3.7146144,5.1064115,10.173992183048744,7.044471900561873
2.005814795,1.4575099620499388,2.0012879754636472,2.468072,2.798238,2.2351701,1.0295769,2.9120961134178294,2.083869158510709
2.017184422733333,5.139427727564124,7.759660470039,6.0764036,6.709858,4.3937097,8.13448,7.846146985419329,7.023761251951075
2.0424604636666666,3.3160134083732054,10.779054563099498,6.074203,7.6920624,8.1722145,11.434022,15.40111448772187,7.156264658317279
2.059734485066667,9.195606412362352,9.300344354507104,8.838129,9.3843355,3.8245497,12.41811,8.47495012596293,8.042331927628833
2.0651685751333333,1.9026616592739545,2.662632179466559,0.0,2.011097,0.93723154,2.5880623,3.184903496310584,1.9151215016023508
2.0660714298666667,4.323144272319424,3.7690233171398297,3.4737663,3.2430525,3.5729554,3.7945006,6.524012511422634,3.7002452600542064
2.082374084297097,1.4003271095614698,1.26607424403442,1.144532,1.0015353,1.2609587,0.98116636,1.4903349003428283,0.6811269792388576
2.1067505846,2.437485480960392,1.6538413875250364,2.0924401,2.1023774,2.3619277,2.2040703,3.385729217776402,1.8378731004702904
2.1309636183333334,7.918264198564114,9.099434629502646,6.9878674,4.065828,15.18057,16.419058,19.994882765642235,8.418290498235997
2.1673373563333334,2.202019591149972,1.7233304902215358,1.7349247,2.8305666,2.3368244,3.0776026,2.9160298574306163,1.9243956656630292
2.1780585889333337,2.809427403957547,2.2952653034683608,2.7069328,2.8992813,2.2979894,3.6381083,3.6599756519285065,2.998369487877999
2.194065111598653,1.2953110128427627,1.01015136486738,0.85723186,0.83922166,1.2557267,0.35048565,1.5182608087815193,0.6100179031218738
2.1954191892,1.7615396124266824,1.9144347662839345,3.016223,1.669564,1.5600944,0.85181755,3.870884750979952,2.3905560546998936
2.1987701951333336,8.986919448167187,7.922124851534265,5.442672,1.1687629,2.036902,8.848367,10.719799898037328,8.79926730063074
2.2003132463333333,2.1533984206382497,0.8250460748649416,1.9164226,2.4938998,1.5148193,0.6325954,3.46934678182883,2.303207436380541
2.2034223464666667,6.935265478738732,3.699967781803298,5.365151,3.073333,3.0571926,4.188637,9.591459512283302,6.434407299417523
2.2071201295333336,2.629429714460795,3.5374563014903337,2.5316873,3.049671,2.4563255,2.2235916,2.4036354830210542,1.9484387948675244
2.2071648422666668,2.967490485066145,1.5202859007796523,2.2307956,3.0509603,2.8674152,2.3092465,2.7760808113310653,2.3018118658905227
2.213836157733333,5.307660729919069,5.34365892445929,9.766204,8.879541,10.315566,7.627448,8.366044566967664,7.296254465076
2.216460164133333,6.742160346061586,5.76286912242696,6.097537,6.109486,5.1873083,6.6927075,7.36720669755625,6.071532084896313
2.2172646533333333,1.8593139469725908,2.8039232238907386,1.6063583,0.83266044,1.521747,1.9858062,3.0958214300425517,1.5665473953613231
2.2528282144666667,7.241402758028923,6.347970503065198,9.502646,11.425744,9.489836,6.429878,6.343547491535052,5.237819587808564
2.2577553428,8.612473535272196,3.704502699323851,2.8518214,1.9602027,13.917765,9.043618,10.402171348149304,5.776240788540089
2.2714813632873256,0.9554903181114306,0.965486410123616,0.9123697,0.63223624,0.8366178,0.588852,1.4450362764614295,0.5761061832582229
2.273539898,1.0040146236802294,0.8076842790332381,1.2435218,1.2551311,1.0144447,1.9944457,1.9429769635775205,1.211591667989945
2.2907019954666663,5.977124439383763,5.835445281507476,5.6095557,9.624305,8.066009,5.472056,5.533330161013708,4.451901398757977
2.2976529402666666,5.8228784139634495,2.5211459802825886,4.110904,14.882429,7.7664685,7.155271,9.753647729147962,10.033142877475605
2.2997381808,3.065449263389185,3.11161422265874,4.5172596,0.6683716,0.9785843,4.6841574,6.691675062073641,4.725260130802604
2.308541425,7.270452918370201,6.203313228623867,6.379181,0.5936731,0.6996344,7.338519,8.806943586667963,7.732453617811407
2.3090380499206096,2.6945967095746592,2.835503968322352,2.3116205,3.5682533,2.9012537,2.218293,2.9417910140203336,2.2008979223144416
2.309305564466667,2.920705116146009,4.284642972725068,3.4126024,1.8564723,1.9338138,2.5474362,3.137198411297565,2.162342743178833
2.3172502348,8.815602195557434,6.827361099626355,10.983445,2.463632,5.035603,7.796678,9.914491258107194,9.041613304027385
2.319161632866667,0.900745369173214,0.7760146938861703,0.8063794,0.84659535,0.67377687,0.0,2.092065148854621,0.9234164019683424
2.3232848456666666,2.472659113737368,3.389442738472667,2.7686338,2.9819827,2.885055,3.1486673,2.451625683614389,1.7611782268488456
2.3262928688,7.2948771713495715,4.119075984272903,6.1132507,2.933012,3.517924,4.4888062,10.351634927391617,6.833659236931153
2.3297563242842734,0.7925833222045635,0.965486410123616,0.8312632,0.5593084,1.1968096,0.0,1.404004354132215,0.5872042351896017
2.335608729866667,7.031565980300664,5.32518194073374,10.431169,11.129734,15.499639,11.350472,13.648345516136915,12.059554132494927
2.3358671584666664,7.934379164151181,5.398709765146953,11.3489065,2.2544448,4.37566,6.196288,10.907160249006605,7.975513925086315
2.3428943398,5.075904772656643,4.664806736761488,3.7752638,6.6496763,7.7627516,6.506078,7.558345675649686,5.696695180548407
2.3472330866666664,7.370809691078424,5.848751008979285,7.224561,4.842179,3.9811044,7.00922,7.629018454234029,5.040612580782835
2.352397636,5.835052008925403,3.5958988438704704,1.2977557,0.9046156,4.129789,2.5326598,5.228695459396277,5.635890877679996
2.353802966,1.9111484193495616,2.036163086398322,2.2654846,2.3545039,0.95703393,3.508329,4.14441403237243,3.163796258541415
2.3623192044,4.420444136808325,5.024579748078563,5.6459465,8.221383,6.9092946,4.836971,4.48927884726697,3.4789707163552626
2.368511246466667,4.737572606364807,2.1076136631176485,3.628255,14.432945,6.8792,6.575156,10.690650773446375,9.13536476907557
2.379922241,3.504099255091813,4.344032076493237,0.0,7.2902656,7.1440682,5.0398917,6.738376002477255,5.139721360176694
2.3801558190666667,6.081811740701072,9.228007231819769,8.134579,8.035916,5.624033,9.787622,8.926749188937249,8.285667430354037
2.381404531827914,1.090469177511807,0.965486410123616,1.3858273,1.2467607,1.3036044,0.5671823,1.4000341849727385,0.6437715046151825
2.3834347536,6.626517339517059,4.043098014888546,4.523993,0.8912725,4.5873513,3.227626,5.994919112191925,6.602665451288357
2.3903553733333336,8.285980537861061,6.993798386448012,6.4932184,12.942231,10.926827,6.6963363,7.743330242483336,6.053270270835631
2.3913255412666667,3.411347611496532,1.589977122498488,2.5518646,3.0085416,2.315096,3.1586301,2.983344764650373,2.599782849915889
2.3930420977333333,2.989580484423397,3.94050779370819,2.014789,1.3629091,1.8493716,3.1645534,4.566390481504041,2.570804428460585
2.3934121160666666,2.269586146961968,1.0598168189633967,1.7661176,1.1437906,0.9113935,3.4457042,3.946277890186564,1.6138648974099628
2.399835142333333,5.565394881959747,2.870500339337615,8.717726,15.051737,8.738753,7.662575,10.346944146478158,10.570767052983763
2.420104265,2.6739381309676955,1.5519913016278717,1.7968396,3.0535946,2.7745123,0.7733757,1.990446131933451,1.409625097617783
2.4398624066,2.1739338591897197,2.591656444928222,2.4448192,3.5835087,2.9535837,2.1023982,3.97430934433704,3.0593980668987792
2.4458880901984243,2.940840262436654,2.669099878210003,2.709485,2.7121053,3.1228845,3.0789988,3.183118905743568,2.44003881162774
2.460490414533333,2.160951596037944,2.932566814962725,0.82424355,3.4778411,3.8678007,3.031037,4.515102739608751,3.1335164915831366
2.4640523609333336,8.856911222509968,4.046182595915211,6.175615,2.3047762,15.325083,10.047588,10.598863295882063,5.817206226029623
2.4646258522,2.41534141507585,3.576534362199589,2.2131639,5.2996035,5.3393893,4.1411586,5.863065487867668,4.196959348964427
2.4785144882,4.284401381652396,3.8990329485800097,4.41552,0.54230714,0.9307031,5.284578,7.7714968232684285,5.483478046744521
2.4858825478666664,9.407679899272296,7.609368211013366,6.67354,14.378139,12.219552,7.5887537,8.097999274586781,6.747934820197132
2.4901803647333334,6.353377318437634,5.72739060928892,13.182146,9.117744,18.636963,12.750233,12.009014135238395,9.93404824469548
2.496373300933333,9.627333838469024,8.719291667406836,11.339379,1.7979199,3.055892,9.444561,10.228822150591276,9.536563871115522
2.496426221133333,10.058841447296857,7.621418843694127,9.732354,7.353157,7.552507,8.835263,9.177426536649705,7.137853658494275
2.505088573533333,2.092963424281174,3.005912836189348,1.7461648,1.8985978,2.0894186,0.0,1.6134455961789376,0.9753594920138204
2.5066054238,3.2569233241740685,2.7149335988584222,2.1891878,2.6125576,2.2378812,1.9640714,3.8251159309412617,2.488502225785341
2.514347982266667,2.870547742645123,2.7149335988584222,2.4976282,3.1522834,2.5316646,2.5161624,3.775831686154336,2.4369601551535545
2.5221158234666667,10.593929576044928,10.251189168090123,10.634468,10.724123,9.076654,10.868028,10.130656792740652,10.255087678971265
2.5228887920000003,5.641556055926713,2.4467214865455595,5.387902,0.7737323,6.938056,4.1996293,7.6785908328086,4.542469529757101
2.533973640432724,2.8986363466914224,2.656763161460911,2.6628473,2.644163,3.0964673,2.4377673,3.037470907627505,2.352044594603171
2.537240832666667,7.314520328114868,4.528199532307873,4.5487576,1.1390291,4.6273975,3.9220638,6.560226452207939,7.45466309427785
2.5410607358,2.222576438835704,3.949773125590738,2.8196318,5.643009,4.6728554,4.741328,2.7991041711052453,2.136243521954301
2.561550989333333,2.1825210547896825,0.8752368893042429,2.1436164,4.848376,1.4572266,3.1978824,2.5652918282506656,1.813982916794432
2.5663439052,2.889257971022253,3.330542573951305,4.7884,4.3072376,3.7283094,3.0387769,4.908721446053038,4.142925788992414
2.5770086262666667,6.432947947087478,3.311662537076901,5.1840796,3.2016485,2.8734734,3.5834832,8.806007905708833,6.091486373166346
2.596518601733333,3.5293338769185256,2.6162029777572378,2.588848,2.818194,2.9445632,3.2618082,3.091610223782705,2.6774880126064096
2.6014916132666666,8.02557554523589,4.886185254390174,5.8215976,1.0185264,4.9692717,4.4638863,7.310632428422187,7.91507006114371
2.6049264484469616,3.138476845602155,2.669099878210003,2.6698246,2.7486622,2.7217476,2.9270196,3.23351495976577,2.60356604040232
2.608747771066667,5.375739790652109,5.179904030858919,6.2843013,8.568166,9.992975,7.21395,8.568068202315663,6.774749086645382
2.633084414683413,3.057843191209636,2.669099878210003,2.6241074,2.8862476,3.2445023,2.7821307,3.289483166714311,2.6464978951141664
2.649933534733333,7.691408874180992,4.980159808130487,8.58197,2.4989305,3.9517088,5.6637444,10.321687951142415,7.488095155652357
2.6510240427333334,0.9201514287020284,1.553382450076858,1.8385965,0.870743,1.4651592,3.2208836,3.859880413137966,2.1006275460199597
2.651520072533333,3.28462066099739,2.348653961731157,1.0328329,2.257901,1.5508418,3.2775755,3.855692495965076,3.010314585952595
2.667899713266667,5.477299902239992,4.837998209863423,3.3369834,7.492536,8.569978,6.966121,8.252689499940765,6.048232003705252
2.6763379834666665,3.658068412769721,2.726710407669061,2.4492013,3.4080555,2.9526942,3.067528,3.4946454460750296,2.617207172224511
2.6785208684666664,12.606894671923037,10.71546516672472,7.596317,8.499563,8.611278,11.529568,12.437587843829313,11.385068140887848
2.6836208859333333,1.268024183844911,1.244679881273502,2.123991,1.0059583,1.1444364,0.41961154,2.918200170343606,1.541571520470859
2.6916279880666667,2.658435629662458,3.5374563014903337,2.5071063,2.697205,2.695138,3.048616,2.4055887826305047,2.1067334355935543
2.6945966671333337,2.5376231577677064,3.978739867263608,3.3277457,5.0851474,3.800397,3.5085,2.600784690321598,2.385281233148135
2.6996167943333336,2.5064081485546743,3.389442738472667,2.550505,2.4272492,2.4826255,3.0068102,2.5315333401808893,1.9980988698563904
2.703267807933333,12.066211546406386,10.307357039536498,8.353176,6.601194,7.2180667,11.122708,11.044915995386994,10.958207575263888
2.7147921045333336,5.433998672398089,4.598416081396049,3.7533712,1.3587166,1.0936315,2.469096,5.430970027585261,3.549818252626437
2.7190826602,2.743462406348793,2.756176140882319,4.0172434,2.494195,2.339908,1.855974,4.685992245561958,3.4462459129953147
2.722381078133333,8.170725456437788,5.784685227138155,9.206722,2.2570496,4.2705674,6.538463,10.736148516921746,8.258455948738378
2.7317769594,8.127517420303194,7.112250478519141,2.4741056,0.83701986,1.0949956,7.9694605,10.226464247208536,8.369867458617888
2.737166536666667,4.671898748325681,4.55811518581128,5.828153,7.995939,7.9005857,5.4138575,7.050893943862054,5.591684690336215
2.75563462,10.377081240348977,8.224633827803876,9.68685,15.482413,13.577602,8.303859,8.523937007835366,7.400815387447552
2.7560812033999995,10.667996206568866,9.23091912419199,7.568553,2.8745017,4.329224,10.100255,11.070164779164946,10.0081368027785
2.789917525866666,8.096235347465093,4.308758410780082,7.276555,2.9334123,18.084946,11.605679,11.851372950753364,6.836273728451815
2.795194372333333,4.09800510322047,3.516341923605164,7.1360936,2.3797674,2.7887492,2.7317185,5.919517441840347,3.2266420347468943
2.827769093466667,8.167801682084868,7.265873691525744,7.8902802,7.812279,6.8444223,7.9159393,8.743077212217157,7.599953587554622
2.8409927041333334,2.977731378201164,2.726710407669061,2.6688344,2.9400895,2.5702398,3.1809237,3.525034923837824,2.7576963293605448
2.8417002982,0.9082388359352797,2.114342328095525,3.2720692,1.1955596,3.5660622,2.783041,5.26959400641544,2.684483855370327
2.843161888466667,3.129105385498261,2.726710407669061,2.5922873,3.5845218,2.642679,3.3104022,3.640140073499108,2.779541267814245
2.8946606196,2.888920750929904,3.717750245185982,2.8012943,2.5413234,1.4025916,3.3617995,4.38650818911007,2.9140857698865577
2.8982862282,5.255730404522219,12.036986292433191,5.6382747,4.183595,15.730988,18.893286,21.73171243777645,8.439413158733231
2.9013058222,2.9414181625137727,3.60221832810617,1.980186,2.9957333,2.386315,2.6376026,2.6114499534760944,2.105249283847717
2.910556065733333,7.879773111294447,7.547333841763778,6.7595463,8.383254,1.4024321,6.395286,8.697013655684076,7.888749481366702
2.950233443333333,8.185503076710098,6.233675274203256,9.133334,2.196434,4.517789,6.992592,10.725071707708734,8.331554240412153
2.951467553466667,6.872920278278134,10.498792863813676,6.2923703,9.146578,7.5446877,11.3443365,10.142418081038205,9.471906360231522
2.9818536718,3.2201099520794734,1.3305771278125793,1.984786,1.6721218,1.2919525,4.1700172,5.564165124804715,2.2910199336423456
3.0028319370666665,2.619443240675148,3.60221832810617,2.8093398,2.0853221,2.0853488,2.451324,2.7504168141341787,1.9954105107676825
3.003832776,5.879446097793649,3.7122951326901408,9.524902,14.929219,10.364706,9.040834,11.615903409524762,11.032164163927234
3.0294985495333333,1.6417027522494791,1.6249844551136463,1.9583291,1.8826145,1.6869743,2.197733,3.0553093009705563,1.671212009631224
3.0300251214,2.9814461452446013,1.2495543496301058,3.5386987,3.6144845,2.0241807,1.2410233,4.257270217991164,3.2505588215861705
3.0301343934,9.89548682578026,7.466524751045148,7.805289,7.254418,7.081943,8.694573,8.808087841552167,6.864028194830141
3.0441389845333333,6.286339858215921,5.385706143530168,6.205479,9.277758,10.5912285,7.33706,8.248007118003448,7.247901433910329
3.045689117866667,10.076577612363163,7.4434420152871965,8.976847,7.3518825,7.932261,8.8261175,9.35779834695828,7.164308294988047
3.050013592266667,2.8637468244289765,3.949773125590738,3.448994,5.2856407,4.620263,4.2152514,3.026149189185173,2.6402977780413512
3.0566400971333336,3.2101631894595486,4.686848076881905,3.3497071,5.2076077,3.5697904,4.235232,3.084935230689368,2.785956742075003
3.057295712266667,10.24223046966845,9.578796903760349,6.665574,12.705605,4.3583026,8.624141,10.728892372268534,9.837421797928604
3.0582911861333333,8.667657669969758,5.265031357637018,4.620116,1.0243821,5.385465,5.159579,7.835568733877755,8.073288225224092
3.0623890600666663,5.589942205250228,5.856514087197752,4.871032,5.931276,1.0360582,4.8823743,6.999006583598585,6.053601274587736
3.0836996744000005,2.3982626492040664,4.078256220227043,2.1417196,6.32118,6.086448,4.4986973,6.289149530794113,4.618473789152767
3.094624731133333,6.656947331678617,6.658438554690163,5.829795,7.2916813,1.0991911,5.840454,7.52346741138416,7.062173007423617
3.1027383477333337,4.184112415169997,4.21240952181741,8.185546,4.925198,6.0078263,5.32042,7.204054198542337,4.83187964794422
3.1176865,5.319309012893889,4.6125699751451945,4.580542,0.48147446,0.5969947,5.894652,8.147884857108126,6.131831062306169
3.1251759577333336,5.663919790337198,5.019876148145718,2.5420635,8.171637,9.420707,7.126004,9.203481797205043,6.426696076216442
3.1254545938,3.399127457883601,1.5493911640376532,2.7675042,5.689347,2.0218604,3.6574142,3.6436392312257815,3.013668928102488
3.1524919811333336,6.074955773179062,5.765238857986119,5.7072053,9.4711275,18.002813,12.503403,10.773633489510436,10.49033763365296
3.156639751133333,6.553000804015236,5.5418054488774064,3.7668014,4.2303014,3.1621876,6.188394,7.012702399140173,4.292767798565768
3.190796514866667,2.230924778734535,2.480817905333305,2.1181612,0.48202404,1.3154901,4.2072573,5.821278902689399,3.8330777670412464
3.2144965527333333,4.556755242340686,13.330585407038456,2.1100101,4.9406323,15.899425,19.103579,19.241792254837826,8.005642534231319
3.216351127933334,6.451738891436431,9.131025926087611,7.6063623,11.730103,11.0796385,11.605791,10.29618906174474,9.967396817264364
3.236983611333333,9.697219504862266,10.227166183652072,11.736654,9.865189,4.5320144,13.219305,9.30277449130142,8.705040456224655
3.2591953412,5.1925075805722445,5.045231239190641,2.6536262,9.613859,10.106111,6.850963,7.9673480961206975,7.037181989746544
3.2593622305333336,4.45847776130937,12.889699756703529,6.261359,5.1106176,15.911248,18.85859,21.73959588650015,8.05428086032762
3.2651556734,3.657468229058817,3.2265238768849853,3.0824113,3.3741498,3.9264905,3.533678,4.147932989314684,3.1703218835071576
3.265537124533333,5.085811078713518,5.57817842181817,3.8445063,6.0361047,4.1477146,5.0743923,5.24565919245513,4.801116051240005
3.2716419583333334,13.73478861401322,13.414613437349225,10.937605,11.004857,16.969845,16.516237,13.508560021533272,13.084155817053595
3.3295490364666667,3.373345219583728,2.5561412681307782,3.5014718,2.7524765,3.4537563,3.099508,4.590868487990727,2.905075409323813
3.3329605808666667,3.973430725247091,4.996888081941678,3.8355136,3.4569283,1.8299336,4.365117,5.50302786367441,4.008272269211533
3.3352455500666665,2.283427707006288,3.5546689877232285,1.9877951,1.2164867,1.1431592,2.1803362,1.7664394738377691,0.920611787645395
3.349972287224119,2.3181045425062914,2.132236553471431,1.8900738,1.9179038,2.0227091,1.9838297,2.511141323172888,1.4560808639525504
3.350587100466667,2.6385358895370468,3.978739867263608,3.5562012,5.215867,4.544769,4.0354156,2.644014334411406,2.5127172635279496
3.362795361133333,4.811874289468143,4.36384450284676,3.6125112,3.530411,2.683885,4.291464,6.414184607095731,3.9167564026427777
3.3670238892,3.787345755996843,2.452903074651548,2.9374712,4.6146336,3.9727714,1.8213859,3.40376792601312,2.6973454490531585
3.3903618068,9.057822732980531,5.582744046026701,7.921935,1.1510861,5.829053,5.8271804,8.014472962807844,8.402622194237887
3.3967027665333336,11.32308219920209,9.782623270052651,12.239726,17.76962,15.530545,9.413681,10.271821017897876,8.867386004341496
3.3992487166000003,7.121927323324285,5.32692647028946,4.326038,0.74933374,0.5968112,6.705559,8.602718739228347,6.997313211102538
3.4007916888,1.7373673087818695,2.636037914415413,1.693799,1.4064399,3.8859048,3.3275847,6.064935926958646,3.386212180174011
3.4250153677333333,6.796022099170034,7.76891105129808,7.694106,4.70258,4.276841,8.222033,9.805639255857784,6.495779836200125
3.427170630865909,4.23436367217538,4.262918949685821,4.1300526,4.639897,3.9266603,3.189783,4.331157647795567,3.764235853402829
3.428436205666076,1.482255893802522,1.7063840198820182,2.2867813,1.4482589,1.8806496,0.72206604,2.324411023837168,1.2215189863678058
3.4415307793098218,2.163975553796514,1.7814352929627315,1.815877,1.7297683,1.9967932,1.3600436,2.545594291080503,1.3045852079529012
3.4558059106666668,1.9043209055429795,2.0512871865727287,2.5010202,0.7071092,1.1865698,3.6856735,5.0024577853553405,2.884226030733257
3.459173754933333,8.982007128390283,6.900832948532862,8.965364,2.3825822,5.3533797,8.293488,9.693930104403243,9.316519544199716
3.4853608354000003,11.602945018793276,9.792124468243491,12.4761095,4.8230867,5.955235,10.595723,10.698586086305486,10.583683889605831
3.4854388758,4.097332833702741,3.3247494636737307,3.7625337,4.0655994,3.0659943,4.7316055,4.6520116722853935,4.10248566269624
3.4862421245333333,8.38741248245367,6.133760508140036,4.06478,5.558361,4.483964,7.485502,7.959015182808825,5.644939918812431
3.4895715088666663,3.956986081840945,5.634293052149141,4.2946544,3.5893478,2.9806178,3.740121,4.821755875740613,3.9795999661417514
3.4928403566,4.178038906682283,4.9724749867690745,2.3365567,2.105578,2.2291815,4.516752,6.047449352825324,3.647753921069224
3.4929929001333337,9.67471311520674,7.285193562733057,4.151351,7.25928,7.9202323,8.815831,9.567044067894477,6.989550588903706
3.4989565968056056,1.710228377482642,1.7063840198820182,2.089012,1.5088546,1.4297308,1.5429982,2.4130395616381124,1.2063241589013047
3.504455274266667,5.1672039898580095,13.321071038285837,6.283521,5.0581737,15.739771,19.41737,21.35150704659732,8.341405142518408
3.505312411066667,3.9632785327753455,11.290830356914237,10.182225,8.019349,9.296865,12.288237,16.193919602100806,7.329607449070608
3.516307417133333,11.798149940174632,11.630844786762196,9.272607,11.633011,10.240771,12.290985,11.02203558583994,11.441205381255669
3.5274653382000003,3.718680229439382,2.925302616134112,3.167311,3.902395,3.745993,3.9844131,4.157007009548364,3.2222559681417207
3.5486806954,3.676974993064527,4.031292428766305,4.095146,4.0680547,4.8119693,4.639943,6.919612477049054,4.198066085123799
3.549373833133333,3.0151725025724603,2.9802147348362245,4.5084763,3.3330808,1.5250634,4.8087697,5.145555235108487,4.251317212517458
3.5530922868,9.499558412433354,7.248155885868166,7.6159782,6.9622035,7.8884277,8.824942,9.478662042545151,6.770380840731928
3.571307140933333,3.5309031356657377,4.851704961045658,3.6955383,4.1164074,4.282778,4.0221972,4.0254278904663305,3.3669461109879637
3.573837668333334,4.141066388028131,2.6602918817031305,3.6891077,4.2154913,4.416346,3.178252,3.955740407218281,3.519504320537005
3.5914552443333334,3.10853850610503,3.0859580286791384,3.6978428,2.1288662,1.2164254,0.5533558,3.97911168980966,2.283112197052912
3.596207385733333,6.609845988608473,5.697729969893146,6.706926,9.975607,17.046846,12.3435955,12.589891994087512,11.127271666467776
3.624355494933333,6.817640576335386,5.169029204440167,12.908595,7.2073655,19.585804,13.014627,12.283212554622644,8.697676256151318
3.6423906136666666,3.658686752732363,4.296111491555048,4.974165,5.3925204,4.83393,3.9545681,5.82209376572378,5.201118198559773
3.656649271400001,3.687940425774042,13.372446273512343,10.826506,5.4559555,15.835381,18.714203,19.651698596897464,7.689824156806683
3.665097632579005,4.425174442969418,4.086160337381129,4.247443,3.6841285,4.1696463,3.4739203,4.418336998928812,3.928918415118506
3.671948891933333,9.282811231138435,5.830030312951111,5.0506263,1.2811419,5.741653,6.4665236,8.219459998136152,8.646035791897079
3.678814751666667,5.213653140861946,3.601123558088226,4.9581914,6.204717,5.6941686,3.012524,4.886837771384387,4.237108732950467
3.694260060266666,9.544628767950188,8.898261142133881,8.510411,9.431457,7.5343843,9.445942,8.927044887231174,9.178580310459104
3.6971789434,5.437592206636916,6.761921465154424,5.8483353,10.081647,8.224395,8.610844,8.836698494631573,8.340716128733863
3.697453180066667,9.467527098744789,6.920798318406431,6.507954,2.6925218,5.660255,8.220201,9.667989347630156,9.607465951674852
3.711025093333333,9.747862632296313,8.934535121204537,9.161081,9.080731,8.101465,9.430868,10.11070713498228,9.206119536566884
3.712370162200001,6.17074854393414,5.439648249955017,5.044191,9.016616,10.65667,7.308369,7.848165671131263,7.462887263337218
3.726261978435119,1.9102484873365264,1.7063840198820182,1.9872687,2.3469002,2.063575,1.5526357,2.287614129789732,1.3214340578205477
3.7325241746,4.186077809144275,11.210670024968692,15.042424,8.003007,10.446686,13.358756,17.464430755908786,7.179779694250339
3.7457778633333336,5.031783043509903,4.478834760531831,1.5005475,5.9539895,6.835024,5.95566,7.375720340782257,5.41124917389782
3.7561698693333336,9.165626102781864,6.954039583410439,8.781235,2.481915,5.604815,8.268641,9.764016652811204,9.556339566423269
3.762761348866667,7.368958988861762,4.726981241170755,10.618267,4.711233,19.635786,12.560573,10.862607214284768,7.552416852044304
3.779031017733333,5.8154709075464535,5.278500180393294,6.5114017,9.637917,10.318564,7.0972686,7.665641540296038,7.277509011527591
3.7850427878,5.772121852805497,6.894187552146828,4.4646893,3.6660106,3.351268,6.805458,8.520753522695177,5.633215444670264
3.799426706133333,7.873641251600852,11.813679650166154,9.291985,10.34517,9.49194,13.006268,11.307603928407977,10.583714448330074
3.802041874466666,7.858775031516975,6.333362161821992,4.8480415,5.200309,6.0127554,7.4257245,8.397650777652517,5.461598793207311
3.8045957764666674,4.3955156970771085,3.778345076073013,2.954049,3.393337,3.302258,2.9036624,4.972068132002592,3.673936064982053
3.8068314308,8.053125727454342,9.580557339617696,4.8109255,4.049788,14.406413,15.890417,19.533570278945948,8.122668947169123
3.8098337233333335,9.152432986435135,6.9906595003029866,4.1133575,6.5003543,7.5257072,8.685938,9.490821213936078,6.5742627492155865
3.814309840133333,7.247945505955939,8.596563975631117,7.6340528,5.5296483,5.500562,9.306001,11.030681505095291,7.345095587195969
3.818738759866667,11.051656217329562,8.977063163397407,11.016167,16.641756,14.906717,9.040809,9.51719953230166,8.068028359648777
3.825827012615031,4.529378623117984,4.098847120618476,4.2561636,3.7346141,4.1635666,4.155466,4.578792812575752,3.976667548042962
3.8372128988,4.809338757186568,2.763653498617369,3.9143429,4.0310235,3.739986,3.8429143,4.272171769952881,3.922366365846032
3.8871643194,4.758356257551023,2.6215940397423823,4.4678187,6.397597,2.8772972,4.7226477,4.861916258401168,4.401605523959908
3.894990044866667,5.160297655967272,12.529028979664028,3.799441,4.922807,15.575217,19.268703,18.17951983154789,8.74112102335958
3.9279283285333335,6.554442905306996,5.507338245816565,5.162575,10.69074,16.397314,11.985037,11.78584337160859,11.605344113686634
3.934310960666666,3.890875009831599,3.778345076073013,4.0942693,3.8795068,3.5477784,3.5314436,4.964680776382632,3.5646459606586247
3.948319638933333,4.901813241954219,5.910623468494461,3.4050353,2.8055234,2.6962488,5.923296,7.397746326589256,4.634371967562455
3.967945415800001,5.364545120690042,6.409508613476232,4.227652,4.6049175,2.630501,5.2092137,6.6579481425953455,5.203055730880925
3.9709553280666654,3.7386722349481976,4.686848076881905,3.8834114,5.0352826,3.505629,4.3314657,3.2293883380469417,3.051639469376109
3.972458697733333,9.100934749718286,6.796038527183169,7.445194,5.990254,7.056342,8.403009,8.972367599042608,6.213630984106534
3.973653016242304,4.642964612481732,4.098847120618476,4.041616,3.8060675,3.7121007,4.009525,4.613740233441409,4.173210838254586
3.982435792066666,4.719373038205913,3.962493751661024,3.728088,3.8159275,4.438989,4.135566,4.350072159672052,3.9685597721441335
4.0250952366,8.86201367666738,13.035122182478895,8.40155,11.485151,11.068817,14.497145,12.32314875806111,11.523470220136554
4.027761585733334,3.201408900884218,13.550432165494389,14.196406,5.507525,15.628475,17.824999,22.710181597362556,7.682595990351596
4.0341282392,4.929937268329137,4.105140011643212,3.7770696,4.686896,4.5182786,3.9901018,4.8323567202890185,3.935024740309944
4.036856505395892,4.556649592992355,4.098847120618476,3.9907265,3.9417748,4.3228326,3.882099,4.644950466132958,4.2035898348790175
4.072184140066667,4.360442247192852,1.6043744669784183,2.1560633,2.2558331,2.0072284,5.0111384,5.737777069421036,2.9752736545020517
4.073582332133333,4.610067831796291,3.9027312118659214,2.025677,3.0887249,2.2830102,3.1233268,5.66235816089504,3.3615935269478245
4.088521769733333,3.2306680221119826,3.884344351423017,2.6866367,3.1249013,2.9426515,0.34304136,2.716085992879424,2.074614544382664
4.0906145758,4.851972263716553,6.070742991520009,5.854993,8.518476,7.175911,6.990095,7.852065136482791,7.441199082361399
4.0914363288,14.024414297729736,13.515446239930109,9.128693,10.199164,17.33514,16.199413,13.367894467949768,12.81490591171205
4.102369365533334,4.753445267360045,4.667347475381974,1.6966017,8.539895,8.552592,5.635391,6.808436507278006,5.983347423099649
4.107207329533334,4.600891862489927,3.596347049130596,3.9556925,3.0033145,1.9499587,4.056991,5.082453655343604,4.276010573835677
4.1200626768,7.798141609000265,9.619190735337156,7.5889163,6.9965024,4.284392,7.6238847,9.158871005593006,8.111245484640381
4.136803597066667,6.526729066074144,5.420933594808668,6.9545364,8.539971,19.07829,12.925591,9.636799944587892,9.678724549222332
4.145753585733333,3.6223989341336194,4.851704961045658,3.6679838,3.7362585,3.8203075,3.94171,4.002126854785663,3.631332769884402
4.150185034133333,1.8716006447649067,1.4294474634525176,1.9205114,2.213403,1.5607843,2.8511374,2.620355051560227,1.98981001450598
4.1527096848000005,10.02053954925936,14.036308656803246,10.111689,12.232472,12.538118,15.851443,13.44406925280275,12.395011094829288
4.1581205992,7.773324592013721,4.445144275520546,10.603186,3.6540844,18.988066,12.10495,9.804444313682742,7.451026867745973
4.174995205199999,3.448355268829069,3.860727897643302,4.0024476,2.0696046,4.1752057,4.5691376,8.129887554619847,4.586819441867768
4.206265455466666,3.825355889337208,5.013160524457038,3.420908,3.9755769,4.0111675,3.9309423,3.840379004792347,3.8469085713766256
4.226097071533333,11.16738762554225,14.975251871464184,11.235426,13.342469,13.896021,16.732588,14.02187259204958,13.308721310473548
4.238083271133333,10.02224006433679,10.746816661735616,8.766049,10.76465,5.396143,13.766001,10.17964917826003,9.404103435782632
4.257085196866666,3.824205698369275,5.013160524457038,2.2850525,4.421684,3.829371,3.1367407,3.8847909245040735,3.580126497755217
4.271942384066667,4.52645135001943,4.105140011643212,4.060853,4.681411,4.0995092,4.3298497,4.984269825948031,4.100927896586317
4.2862203116,9.667098794681976,7.008263226539671,5.8989,2.4982197,5.675912,8.092555,9.719197452595433,9.47467687730393
4.292608271733333,5.899262697067189,7.8255303807697025,10.529569,10.963071,9.807609,10.285544,9.626082273993145,9.140790496356487
4.2944812530666665,3.770019848979087,4.033900514067646,4.913145,4.255945,2.1520224,5.620824,5.883996502859556,5.363799003765899
4.306183507,7.964393696422127,9.732268245847076,3.1906192,4.1795993,13.6725025,14.953415,19.43955768022571,8.335297003388481
4.3166350632,5.434398269653691,12.331281098066558,3.4624577,4.5160093,15.843019,19.013294,22.23107812744304,8.540106297642213
4.327681291066667,11.08843202949025,10.529545662675892,11.338343,14.046256,5.971184,8.918474,11.251704903428198,10.211654992758843
4.3290339104,3.5261613336868987,1.842150085196201,3.8807936,4.6360884,2.95529,2.2736554,5.357453646397642,4.324006824937826
4.334537460333333,7.479335067910116,5.044791007026239,7.4098954,6.166238,19.61627,12.860516,11.23838864999172,8.126312235734297
4.3589746799333335,11.174414798523545,10.590969999099698,11.486658,11.231734,10.005095,10.901749,11.59649932881382,11.012583972217728
4.3870849468,4.420532648969847,12.284828271234115,13.482228,7.765918,12.6002,15.11609,17.73547877894414,7.029385992965126
4.4082797322,4.085094671592628,5.104451271381289,3.4257348,4.3888063,3.762786,3.610855,4.086198896468153,3.711570685138907
4.409658400066667,6.408971194184596,5.678687061726889,6.574468,1.7345092,1.5791875,3.908333,6.830679715716577,4.71784505712222
4.4169336316,2.293233187272265,2.5665618767442613,2.955959,2.3938892,2.3842573,3.1720345,4.17431386495976,2.6139062031780225
4.447156913266666,4.314244594123322,4.105140011643212,4.0705376,4.102973,4.0334263,3.877733,4.844610805718034,4.060252195275252
4.4529225984666665,13.333793926593208,11.178236358417363,13.015314,9.678392,13.590323,12.524149,12.640433422562388,11.649627141769145
4.4606537296,8.339315663477851,9.436670698391543,9.518861,4.411069,12.798021,14.194565,15.481149057266832,8.308146834983733
4.477107567866667,3.833571032890352,3.582642690661149,1.339108,2.4737396,1.6520294,1.7228676,4.903659571195075,2.771104752222513
4.481787325666667,4.3974759407787225,5.74969005714714,4.763071,7.591551,6.4092126,4.9802523,4.8312297549457845,3.9530633062393097
4.5003907054,3.8180376520940422,5.104451271381289,3.6375656,3.4977598,3.4352999,3.4566827,4.258946364249252,3.5820387658169874
4.501443490466667,4.600955608604354,2.577562975137134,5.7021527,5.7501383,3.5760996,3.3298783,6.466765607259243,5.360254328261977
4.558515471066666,4.8447495711431126,6.368889207052461,4.6650867,4.8594513,5.5327287,5.1011114,5.683006989677951,5.275436303609874
4.574685511133333,9.829025043953616,7.236265236399658,4.569677,6.998561,6.4849415,8.42172,8.633205181860347,6.686449022470084
4.582131453733333,2.4695518114120203,3.1264959373194383,1.301728,1.8259287,3.8618221,3.9048967,7.194781803299822,4.045455603025798
4.590934295133334,9.497846916999398,6.213502587805881,3.7952924,1.3968139,6.036679,6.725865,8.43420225920162,8.886273972683426
4.606496350866667,4.112524810623857,5.807890717417938,4.5704865,6.3127027,5.1037536,4.3865743,4.086503258213398,4.302189650307766
4.6083809934,9.842680074894508,7.245057414187879,9.130466,7.324688,8.070486,8.898687,9.556384844428573,7.118915662659482
4.610156827333333,8.72454252551466,8.29957690802053,9.295609,4.452272,12.052002,13.470496,16.82553923658947,8.065706702177334
4.617045397999999,9.72119883631158,6.935721280173008,7.0563235,2.1682038,6.069607,7.949895,9.626158349612128,9.25381311446615
4.623819062733333,9.5610827871062,6.530352156607879,6.1948013,1.5874714,5.9205503,7.231799,8.885308152280558,8.844360919247974
4.6270205388,9.443385421090715,7.675808306650376,8.8970175,4.5182285,10.654578,12.613412,15.878122830496665,7.674983880088521
4.6463051172666665,4.067798981292215,11.605688604993272,16.43899,7.924134,11.414364,14.50516,18.16524617423238,7.052942031795049
4.6548379934,4.514683007551045,3.5657125037262936,4.381718,4.031069,4.5440016,4.2562156,5.810649714212293,4.137270378244482
4.683301416600001,4.125572913248109,5.761608289098893,4.8307433,6.968001,6.2269335,5.87694,4.4196182246083255,4.100418894235378
4.698542281133333,7.534960026656641,6.671352694058114,8.8831835,2.2488048,1.8795997,5.3721175,8.134465406260896,5.887268329196786
4.698745016,6.132992331152402,5.010955121203415,5.363486,3.740023,2.3490016,5.110968,6.433682082809661,5.652210153803732
4.70247576464246,3.444674067288683,3.2241470694840304,3.1666048,2.6274197,3.0935168,2.9525588,3.695884451597579,2.574213341913924
4.703009472600001,9.69987269106174,6.765484887073345,5.701624,1.9358113,6.0573826,7.675681,9.358624326350151,9.000413841516732
4.7303208712,5.252250517164878,7.091246973088659,6.6567874,4.871119,3.7705534,5.0156813,6.596470574115462,5.9625993835822415
4.747917721974782,3.221275158095946,2.796690940437533,3.0230405,2.4409668,3.0572693,2.365803,3.726131455857084,2.349575474796174
4.819073749666667,3.053035252763507,13.792195464597071,9.941256,6.072767,15.39517,17.568094,19.01950144359352,7.350846182064176
4.857524243266667,11.72980730924442,12.258930541081474,11.519073,8.670602,12.043125,13.9745,14.69115261863793,10.695564081167076
4.860194345533333,5.028679851550553,4.736512672985596,4.7788157,4.3274508,5.469215,4.644478,5.534952234786525,4.769185203988865
4.8645935352602505,5.756693332066121,5.778282014234635,6.298321,6.139477,5.4306917,4.577863,5.831088112145116,5.498681538494306
4.868436267271303,2.6587325892232405,2.698850877123257,3.0034592,2.1192636,2.4328928,2.5129123,3.598809858023684,2.162004100024065
4.921390596266667,6.481016881628538,7.9506662335856175,5.8660455,5.422559,3.1303978,6.312433,7.698033089007515,6.513370711011594
4.9479657924,7.282975598851425,8.852470578267543,8.881012,10.419988,10.2549,7.9202785,8.272877377480732,7.624354174950849
4.964376578933333,3.148529932515633,4.69277920412613,3.0716357,2.955442,1.5997322,3.3860369,3.2343107004969958,2.119506477001209
4.980711434,5.584172873718365,5.070177958986758,4.238155,4.985826,4.3343873,3.9693909,6.219415530442599,4.974792482572824
4.982081082533334,4.210748025652997,5.188633901628087,6.221197,6.9950776,5.9904695,5.461933,6.977312271803933,6.374897692204804
4.9889810174,5.238854035333123,4.354329584959538,4.7205334,4.974352,5.1630626,5.1756177,5.475292434062945,4.7778660931437775
4.998923198466667,12.35181763557284,15.562310876921172,11.774391,14.429272,15.38566,17.529417,15.021274481913608,14.085145094219133
5.021110190909978,2.6035435166752263,2.698850877123257,2.944111,1.9991417,2.954917,1.6600451,3.461717684808767,2.1895650073963084
5.037272038266667,5.704780176596904,4.055004979699256,4.8473787,5.406084,5.947681,4.3776736,5.294799410779648,4.9035055818702
5.048760036466667,3.719771647138145,5.070177958986758,4.593043,4.102834,3.7358541,3.8480072,5.735801058167828,4.581570631981717
5.072212515866666,4.585652365704187,5.197620593490375,7.6669054,5.4670563,2.7276042,6.7103295,6.429172534740848,6.57154332943821
5.080895881333333,6.00106083265977,4.2284878593080935,6.437562,7.451009,3.5370638,6.176974,6.174929070306401,5.823571203258602
5.0880944032,5.075729300156558,5.070177958986758,4.6351285,5.160763,4.61569,4.596752,6.224886259517476,4.783295983290891
5.094976742700074,6.14148509218523,5.654075025285263,6.2679853,5.2061086,5.67198,5.4897933,6.033652035618037,5.648080295258472
5.152514689,4.277315509284095,5.761608289098893,4.783462,6.7263856,6.09282,5.197607,4.578113855793399,4.600659838323294
5.154752846185601,2.7654137947699047,2.698850877123257,3.0279148,3.1202772,3.1322725,2.5535789,3.390303250046608,2.331486162702722
5.185834324466668,5.050807290708189,4.787508324028183,10.159862,9.046207,9.153082,6.190001,6.978998521263935,6.307373709024317
5.186856628866667,14.267185390831138,13.50838775116171,12.711615,10.013832,17.1159,15.732596,13.318581977314592,12.42754406566874
5.191621779066667,7.852428297291097,14.969788767128517,13.788262,13.657594,16.165808,18.267212,14.769012476404582,14.110022014798956
5.196873411386071,5.9295503456097896,5.632888258402301,6.19614,5.147032,5.7026877,4.892636,5.880485528259785,5.645876019368229
5.204324192666667,6.932309887201539,10.00720403484705,10.833801,12.329033,12.2562,12.98253,10.889992892131618,10.691269874783677
5.210508659187532,6.204889378018789,5.654075025285263,6.1293545,5.3500466,5.1697145,5.4278207,6.023719126098884,5.846472627867367
5.221253565933334,7.159173267182935,3.2890176750257085,5.741839,3.7788785,4.6461163,7.6397386,10.428021911851484,5.053797767407047
5.2488751527333335,3.856613335920891,3.8317951348394015,4.0305853,3.515407,3.0478764,2.830621,5.945458635961446,4.740817770253684
5.2789759997333325,11.56136948380365,11.199114072346298,8.645187,15.674257,7.393995,9.415412,11.14333505797908,10.511681864652257
5.284613414195256,6.050825818876525,5.654075025285263,6.095184,5.440425,5.826385,5.326926,6.066667289446918,5.865809613104086
5.2942124973333335,3.230212904366993,3.646579636621808,3.8418753,3.4881015,3.1381395,4.2481065,5.302597452704894,3.667892028890856
5.311651209466667,4.031937176613134,5.807890717417938,4.4533205,6.568307,5.795597,4.990246,4.106338775945932,4.535761548016511
5.386927643666667,7.314931324274003,10.547063468942898,9.584937,12.578199,13.091305,14.32138,11.575860121609704,11.376706907862442
5.399615062466666,6.302285327756785,4.155139884921088,5.878233,5.043651,5.2443876,5.1344957,5.599934573156359,5.4000455327561285
5.4207577104,4.502697281715275,4.434250410336489,2.4872682,2.2105727,4.605786,5.342016,9.132533302246683,5.18761804284805
5.431008343466666,10.04524556822292,7.085093000892407,7.666005,4.509997,9.659493,11.733501,16.542816538328008,7.34705333244138
5.479085502733334,6.455768768524888,5.633948131825236,5.6836834,5.887436,6.064054,5.262881,6.184551015012304,5.456661384127092
5.4853886112,12.57167934806017,12.16906756451829,8.45787,20.229824,17.034843,10.407329,11.336849776675988,10.528758964225444
5.509069055,13.179686244026266,10.82123251827799,15.15609,9.011961,13.576977,12.149692,11.925270986085655,11.13169393391064
5.536342729533334,13.236322846888422,16.20613886197043,17.198402,16.122765,16.506466,18.574816,15.913092441797732,14.917024847475698
5.5388914478,11.508476221719745,10.545652105071488,10.948198,18.670126,16.471788,9.975135,10.55440563491814,9.427008891603798
5.5468788182,6.199176031275793,5.464635904078282,5.9571176,4.854887,5.9131784,5.35117,5.7050635997345225,5.415092607457733
5.5507938755333335,13.151588234841832,10.81337253699617,12.955036,9.380947,10.203996,11.866775,12.54051776059565,11.79028374494289
5.578043745066666,3.0169395644887524,13.181378606084278,11.3608885,6.5967326,14.889092,17.009388,20.945049081927284,7.269460703514128
5.5948246787333344,13.949260440385896,12.946858779101682,13.172667,10.170069,16.126621,14.366689,12.20295257557246,11.649851791629647
5.608393084266666,5.681004806147466,4.472555402125722,4.5792007,5.326967,4.2054477,5.660067,5.595925329230073,5.244221974645911
5.627634943466667,4.982011126766992,6.368889207052461,4.3856688,4.66229,4.9684367,5.1650987,5.522200649719252,5.5215175138490205
5.630855578399999,8.235126649228716,15.429441540654482,15.380526,14.182532,16.147875,18.365715,14.816299542157545,14.603775893404086
5.650788931666667,8.103467032923936,4.153945329365504,6.3823423,3.949022,5.5820737,8.596883,12.827217224120584,5.702546579093562
5.6652636372666665,7.576904007162436,6.490030915835443,5.478866,4.6692905,2.600401,6.18156,7.580027407040838,6.984064988861261
5.6707799218,13.348818485669648,13.695116149692174,9.783613,11.160259,16.696203,16.60376,13.570539559251491,13.040331278254309
5.693069675466667,6.521322759115649,5.776532413816765,6.3460326,6.235729,5.033099,6.8362784,6.547300983955372,6.477643685080401
5.693264459999999,14.167743765477764,13.003277737380756,14.456308,10.083574,16.781313,14.979572,12.676449807240004,11.916155693457885
5.700604926333334,5.550644570411881,3.28575610545966,6.783249,6.868123,4.6832447,4.568815,7.316349433702635,6.315862576852124
5.728949164133333,4.6921364933220335,6.529926836965259,4.5182357,6.5674186,4.9206824,5.344258,4.622272932550661,4.744382727898914
5.731462626266667,5.266663707530331,6.536193770063029,4.434921,4.736623,5.069595,5.1652265,5.354161903348812,5.863681061872083
5.739345296733333,13.82296589533298,10.86334994658075,16.467594,10.036621,12.262385,12.286078,13.202529161948,12.335798122646992
5.770349714333332,9.446685352363769,5.207410176213454,5.3704133,4.511192,7.083774,9.732892,13.178733160279052,6.479626547038701
5.772678331933332,5.225146791910986,6.536193770063029,4.7181664,5.297425,4.7949476,4.378762,5.432398608174847,5.468592611837355
5.789707531066667,8.502946077720836,6.629796410272612,3.7823112,5.5913715,6.546082,8.109755,8.728470106828073,5.912129739536357
5.8084439834,6.423264259043737,7.279031616103123,5.634868,7.511308,5.4054446,6.5240498,6.939941678267181,6.820553213505884
5.809799832133333,10.60756743211441,11.896154833646165,8.911888,13.19094,9.240198,15.881774,11.786061333455896,11.433281165604376
5.856436871,6.138532642634867,5.633948131825236,5.423096,5.8059216,5.548547,5.5997605,6.353431570130767,5.579897834996039
5.86078813,10.822307841844356,11.64173368191889,9.545684,8.3373575,10.875105,13.36787,14.081750309225129,10.297247716834656
5.945492628533334,5.428420278816318,6.684572973388168,4.445912,5.3055167,4.898989,4.8759303,5.607468798130606,5.53522845518742
5.98290796,5.945124884530841,7.335521275104909,7.748029,9.205261,8.1406355,6.498079,6.521621862885185,5.856203353567248
5.985426196666666,6.570347126129589,8.504017871780727,7.894192,6.3184357,5.2014894,6.306803,8.315460514041213,7.850144249517168
5.992318748333333,7.317153335039853,12.938376912085827,9.944134,13.184718,14.775836,16.706825,13.189797625353805,13.06900765391024
5.9945841026,10.74537537949453,9.816963345372292,8.02097,6.1186934,12.614437,11.484051,13.173751438390765,10.093019391676153
6.002420046,9.774483551716644,6.119549950305146,6.8527756,4.542332,8.038489,10.787319,13.994339866486724,7.065269413903672
6.005294184508231,4.400894025735442,3.923471543896794,4.198806,3.7305956,4.1302495,3.5008018,5.073894111429758,3.630825948647769
6.011194958933333,12.632016502180674,12.05783863409769,12.637301,12.952892,11.384058,12.444304,13.234762597955154,12.462394937892826
6.0135786687333335,5.287188433293825,6.684572973388168,4.743988,4.451759,4.58974,4.7566304,5.8094683283640425,5.411707333503658
6.022823678266666,5.904230986045911,5.633948131825236,5.7222304,5.221667,5.594694,5.1758738,6.235246900402101,5.540961730261668
6.036022036133333,9.379695107861805,15.370788766693405,9.323972,14.59007,16.245056,18.565535,15.158026097251668,14.672630311716988
6.0393353260666665,14.372138210971642,16.439752844100628,12.386451,17.360733,17.547653,19.388662,16.497202667307935,15.53547442665685
6.046676442866667,5.353594659786645,6.529926836965259,6.3097086,6.4722385,4.844331,5.426181,4.77700965282038,4.989283856266336
6.054810207999999,6.035990694755848,7.891418177250715,7.5483775,6.6096573,7.438099,6.230961,7.37233226788189,7.355838314780065
6.062713421800001,7.402998644675779,11.226059182106797,7.548603,12.60274,13.827642,15.107504,12.047280506654348,12.098313054623178
6.0650909424,10.39792063689036,11.05312093578748,12.860099,12.096902,7.0724616,15.1455145,10.77734611640788,10.45445962044148
6.069168583200001,5.795749854098398,4.675331221919588,5.5186896,5.4330053,6.034352,5.326316,7.09134802051338,5.525069678451641
6.087788501133335,8.051908606423611,9.249052965352442,8.344343,6.381462,6.5862875,10.654672,11.841424733808308,8.143679631231548
6.101208240185855,3.682093856916514,3.8164002598836992,4.448631,3.392606,3.443893,3.5766578,4.888094935507269,3.3484318772041144
6.118292959156094,7.23398666879954,7.296596420070775,6.6831865,7.7061663,6.965277,6.0040326,7.379078727146609,7.287234582708575
6.151393946417513,7.365478612532145,7.1916769511500975,6.84146,6.8167424,7.2588363,6.349974,7.422995339974658,7.387712321204443
6.171397945533333,12.0527050610383,11.49683237640509,9.117497,19.51352,16.883926,10.290559,10.949839853757416,9.939239810592738
6.1716390666,5.262267037589363,2.269031472297908,3.385148,2.8624022,2.6961458,5.728187,7.411021616313252,3.7571285806009422
6.17316743,8.333322213593487,7.681377824828581,8.367412,2.7672765,2.6254163,6.9980626,9.284792510402928,6.875836076563817
6.203196307799999,4.89752337372286,4.909544647513695,3.9531043,9.408139,9.649264,6.6583123,7.920425572758468,6.741022336637063
6.219390285466667,7.64327537921703,8.949111700354374,7.14114,8.578081,6.775575,7.6434565,8.677845747509632,8.601061040865334
6.226065169266668,5.8829582545069385,7.591540569641921,6.6249065,7.6250324,6.969738,5.6248007,5.617052636699708,6.457615316799586
6.2304886176,4.544541200816787,4.80642080826834,5.6297812,4.805737,4.2082996,5.295452,6.432157120366518,4.8358784378069934
6.2382615005333335,6.340921124577151,6.487805437205965,6.659784,6.597186,5.967497,5.6359324,7.447748125408557,6.101044094787292
6.255976124266667,13.811270807344654,11.14094857308508,20.521988,9.725991,13.347639,12.385096,12.350410990632795,12.031054981145209
6.2800123356,13.5617329905444,10.56784432679056,12.878147,9.801058,11.260049,12.112104,12.26479183207348,12.185982373904848
6.287985484066399,3.677302879467021,3.8164002598836992,3.896374,4.5496755,4.185054,3.6603866,4.619203491886802,3.564770778372216
6.289798255133333,4.362023801405269,5.101969721468968,3.263619,4.2684107,3.6075988,1.8839504,3.994850989612743,3.4127423909042114
6.297668468533334,6.482767111935304,3.0895113995367174,5.7155533,3.3779953,3.5796204,6.7193446,9.692696733132289,4.39278717549013
6.301152993333333,10.52130218536139,11.298387948654304,10.806673,12.527404,8.353193,15.686247,11.459234969329373,10.93487111088526
6.337670762683011,4.650742250718154,4.392679068456254,4.5290375,3.8886983,4.17641,4.0587945,5.040292578420105,3.89720773988408
6.347899560133334,10.45648421027624,12.051924812565966,13.011293,16.589615,15.62478,11.591077,12.664933717360372,11.756327758348052
6.348188954066667,12.614643100446845,13.000832387907032,10.704333,9.011867,13.1978,14.474555,14.962258297819243,11.148268992479146
6.387183319808751,7.669947525419389,7.231657202253173,6.845202,6.9222794,7.2786255,6.960312,7.613814571134132,7.355419296060495
6.403670528044245,3.771222962043896,3.8164002598836992,3.8383422,3.2182949,3.9997752,2.7007554,4.706136768051258,3.3996944919228564
6.406008926599999,11.312335173782088,13.332947957565942,13.835444,17.839632,17.161348,12.784549,13.479385795817237,12.876163703641955
6.445232002333333,8.535421074697442,9.860540126566995,9.115132,12.478531,12.071145,9.179188,9.582494665893988,9.262078023068868
6.4532891466,6.922837451601175,6.487805437205965,6.3238063,6.6548414,5.829961,5.0198913,7.48062693212892,6.379130010077549
6.490856974800001,10.193423342069227,10.663110775672209,5.898441,11.317485,6.0807443,14.595045,10.436480063387425,9.890810214590232
6.520611188733334,6.78902336025442,5.868976207063723,5.988425,6.2094955,6.4603977,6.41126,6.762905138014367,6.3600109538287946
6.537107235666667,6.395512195035252,6.322446709359862,6.28184,5.5884595,6.851505,5.7861633,6.886123618237011,6.45344523836599
6.6191427415333335,7.169422308909797,5.578859458449567,6.718601,6.8273,7.422089,5.69399,6.541661000948869,6.335512033707365
6.6394925136000005,6.109329448910606,7.5217454139700415,6.1327615,8.269672,8.244057,7.096484,6.099243868348862,6.421877965749683
6.644451633723275,7.496135425984568,7.231657202253173,6.825688,7.125958,7.3639374,6.7760563,7.562026552629325,7.556003638052045
6.660542091066667,4.182299793420249,6.045295399617149,3.478639,4.416002,1.6034591,4.7933517,4.864567762906926,3.5878197227880007
6.684714401733333,5.102310175483435,6.487805437205965,5.8877378,5.6996393,5.0628886,4.9501796,6.965176615520641,5.8802031807972766
6.705333311,5.444115108852436,6.533361232855378,8.987906,6.728833,4.094652,8.109975,7.812765097128479,8.017373398593673
6.719560166400001,7.839248463592042,5.235589676920496,10.576072,9.300973,6.6467443,7.4188924,9.054915965533691,8.590620687256378
6.755440599666667,11.182639501206022,10.126967836442171,10.3619175,7.130866,13.018783,11.731916,12.021106610236204,10.44038095890077
6.7762537328666665,6.507744811402506,4.142546847417221,6.2295904,8.010353,5.4685135,6.0986834,8.189682445377956,7.320578047197109
6.781638952475156,7.747769508114554,7.231657202253173,6.652198,7.177344,6.75691,6.896121,7.566621455268883,7.542384998977646
6.798589357866667,3.0659390122777737,12.848571113670804,12.63651,6.9725027,14.327029,16.351023,18.21814854832174,7.636558790247187
6.830403680533333,5.940599667160032,7.5217454139700415,7.0962176,8.336265,8.084414,6.4794617,6.193106959250466,6.745282985018578
6.8561478228,6.614039544864846,4.930367839186592,6.3979597,7.567798,6.971471,4.599731,6.452420108230635,5.927485642274879
6.8802111992666655,5.093186314256094,5.077951251379613,5.5396485,5.290773,4.012838,4.0296965,7.072729648997726,6.111028894732488
6.901449825533333,9.942714060697426,9.714150918346364,11.415186,3.9163513,4.5911655,9.591044,11.550806418888792,8.767758749628356
6.912923068933334,7.960540976061617,6.432036877169702,8.522286,9.578142,9.084918,6.215543,7.900273848407115,7.733361722204802
6.925216837200001,10.543073656286625,12.29778679846275,9.759954,13.170748,10.358016,16.176989,12.359291875788248,11.47673992344832
6.959885000733333,15.508911188745792,17.34522916757534,16.807472,18.25952,18.62364,20.026117,16.95530195361181,16.57272722095595
6.9741062734,9.006688967394801,6.575574573722209,5.2177877,6.058535,5.209714,7.921087,8.346114258139396,5.94933778469064
7.0000825354,8.036364818979196,7.191289463588364,7.27076,7.330563,7.431164,6.4407167,7.359609839356022,7.010775031154997
7.036086530533333,5.696143329744613,7.591540569641921,6.8846292,8.032804,7.589229,6.290542,5.6196530873975465,6.866284283727255
7.048383438399999,7.767490862624744,5.651871998070151,7.2355475,6.298439,6.6933804,6.385929,6.822939182183543,6.88013143559324
7.065157538266667,6.449904943526174,8.023808284466845,9.197857,8.135701,4.9415684,9.489658,8.813369829015365,9.17297912175403
7.074149425866668,7.658460605926214,7.016367612850058,7.235706,6.157037,7.3568687,6.6716914,6.921899373480366,6.863200143458729
7.099016428533333,16.594940816948867,18.01218554585948,16.800274,19.430433,19.91937,20.556059,17.558014165595072,17.190374578477435
7.151891389666666,6.482893127046702,8.085204888491868,7.308172,7.4617887,6.4498234,5.606366,6.91755255553025,7.4676740862689215
7.159603664066666,6.331122596774171,7.891418177250715,7.2721405,7.0227203,6.8003674,6.360011,7.071709742703297,7.534383425391248
7.174227543933334,6.682426364959811,8.085204888491868,7.324395,6.8150854,6.738233,6.407731,6.85140145535491,8.00211566928267
7.179723647733333,9.175070501469326,8.701494152215341,7.4688797,3.440119,3.1775186,8.392776,10.365065773237513,7.920252880215315
7.179798896666667,9.611157930031585,10.981438423146658,10.677542,14.408093,13.929092,10.314885,11.24960095126376,10.553725218813408
7.2787034624,13.85969168911424,13.452308926414164,14.087449,14.568584,13.05022,13.794917,14.409417841075667,13.764227646332213
7.312359618799999,7.846273902425349,9.918264469493238,9.223202,7.596001,6.342865,7.6728115,9.974294801280797,9.74784753321654
7.3752976444,12.602743447581496,10.635508462241408,12.063209,8.399174,13.348576,11.905887,12.836223200561204,10.927158116411237
7.375659386133333,7.800551437426964,7.191289463588364,7.292551,7.0594096,6.8866196,6.831099,7.547989664293668,7.040807917998002
7.410568838656093,5.705085867225608,5.162822643139913,5.4385705,5.1660814,5.6048326,4.656641,6.429519974531984,5.083919913296734
7.436951455,6.484210233526714,8.254205195720015,6.3256583,8.024566,6.816905,6.7421417,6.208136837920506,6.841118115234736
7.443433110066667,12.132960553787113,14.299104488509265,13.988745,18.480206,18.717455,13.720921,14.681242373925532,13.819304881019985
7.4722969904,8.63049904352652,6.348998798869365,12.415783,10.353095,7.651603,9.114955,9.83741330766017,9.543501140256511
7.488250030697883,8.788148680382978,8.830253737514951,8.842655,9.864791,8.5004,7.452728,8.773607124473667,8.937812672492862
7.520067597533334,6.798031348413095,8.265484774460608,7.3816266,6.9049335,6.4138465,6.0626884,7.308597276311277,7.354032716841273
7.527603261933334,6.771476059820824,8.265484774460608,6.9756036,7.605323,6.691393,6.0995617,7.126067961809154,7.469853431147927
7.543192789653561,5.034927891025749,5.041984518801419,5.174964,4.642375,5.518864,3.8044364,5.950255443379645,4.788819697925557
7.549698993042234,4.766450740788061,5.041984518801419,5.546739,6.136108,5.6432724,4.8213844,5.84803372623789,4.959285277654145
7.553902802,8.673505618292085,15.307095928315956,11.32396,14.293411,16.18856,18.410818,15.077978657721667,14.619661612170482
7.564567308044818,4.849146553543886,5.041984518801419,5.0543313,4.8611374,4.945261,4.7001886,6.2029105126030135,4.711519340672546
7.576595254533334,7.653141745162638,9.203220639884194,8.217564,8.838981,8.983013,6.9226136,6.992724887578641,8.472897201391689
7.626234619399999,7.48334999526144,7.191289463588364,7.3984766,6.6235075,6.980034,6.40102,7.424219239524093,7.044414950035533
7.6309619872,11.9905432654627,13.776208481103447,11.836058,14.3071,11.761275,11.73428,14.18862934330426,13.88872731923612
7.6469556262,17.835531953251444,18.78229845323508,16.884766,20.65848,20.606205,20.855541,17.9909757634671,17.87283699031293
7.651956482383951,5.985966432973041,5.63308090106188,5.8011656,5.2996464,5.6405525,5.202186,6.390642291753371,5.347227538721048
7.658564496466667,6.927248303463891,8.254205195720015,8.97636,8.018113,6.7373548,6.8397217,6.375486877755209,6.993359112491253
7.6596073824,7.303954187877494,5.983113576007514,7.421193,6.4398036,7.2048454,6.587017,8.318985453545002,7.080997931147618
7.705181468123952,9.281329301657593,8.790820684506143,8.906269,9.304822,8.871662,8.379888,8.996582968380276,8.956191593479797
7.759807130466666,5.886057378054669,6.15130521577993,6.4623027,5.7762604,5.006101,6.5379043,7.533426282030896,6.149885330028971
7.798474788774516,8.932411421498282,8.741574253877689,8.885817,9.112321,8.823201,7.818689,8.815894337239854,8.987751175490132
7.819842223599999,9.64834633102422,9.454397616888148,8.436891,8.163028,8.809758,8.606359,8.595239019018381,8.282625862643668
7.892171832933333,12.960502969025493,11.942627784223513,14.328981,18.700329,11.08591,10.183523,12.031072109891024,11.066267410675351
7.928370513866668,8.743805315108403,8.007910425026635,7.0374274,5.831715,2.9605432,7.5457125,8.782950556521413,8.329040198640099
7.975687799088874,9.119906321155996,8.790820684506143,8.79557,9.464791,8.884468,8.276527,8.910783473067106,9.12630204058131
7.986597212804764,7.270893836782832,6.622257310735095,7.12453,6.138835,6.76141,6.0907545,7.841504100384492,6.717503950443345
7.987141097599999,7.143830293833783,13.506948909244867,13.00584,13.261801,15.309161,17.449953,13.449195239643268,13.31965607027169
7.997786778599999,7.370290507173816,9.42538744753583,8.6515465,8.047991,8.885509,7.5095787,9.09281716405958,9.161090345425986
8.017225865866665,7.742618232079699,8.036168013300651,7.753879,7.6651096,7.0609765,6.9140377,8.589495883065462,7.510213608291513
8.059447041921054,9.333884706371595,8.790820684506143,8.696455,9.685723,8.327477,8.348976,8.926722676351435,9.133990179512798
8.061221666066666,8.412693407097315,7.390979186346365,7.928881,7.876475,8.050748,7.929074,8.109530419344917,7.929124496305831
8.069970509133332,8.310395992187747,8.036168013300651,7.3475246,7.9178476,6.9804053,6.298594,8.68531478857123,7.895512296082882
8.073644730066666,9.417746568558696,7.044977284644895,6.7146535,6.6246347,5.7590175,8.3314705,8.590229852969053,6.290684048056337
8.117168349066667,7.983419285974199,7.322684086991585,7.138391,7.9671187,6.4973316,8.177265,7.828142496568302,7.964517637227859
8.125907646733333,9.004170205283597,7.109825098192167,7.913102,8.657366,9.042305,7.187669,7.836698546640117,7.829001684890471
8.153715502399999,18.918524824740743,18.956006099412868,14.614906,21.262466,21.36037,21.11765,18.834741834951807,18.22764259612252
8.161597624,13.574475242550063,12.744202829330415,11.5497875,10.356478,15.198646,13.593591,11.845878635343428,11.1273721541154
8.176563690666667,13.081196047560027,12.651649870004729,15.964047,20.49166,16.962997,10.409293,11.607792736865612,10.69890539927368
8.187874362333334,7.754920385947877,9.155497006194697,7.9621143,9.405712,10.355945,8.554336,7.737424099434991,8.653992499488604
8.255248671666665,6.579007013911945,8.036168013300651,7.3213377,6.918555,6.1241326,6.3081374,8.104969822514565,7.309059382508882
8.265026599733334,13.048289527813932,12.642044440782112,15.485542,20.405273,16.47259,10.612388,11.724587380063678,11.05718609203258
8.2728217502,10.279182939155476,15.473525753154712,17.446829,14.550923,16.35628,18.732567,15.1798859318648,14.871332066020884
8.275926897666666,7.969280534545875,7.961642442456395,8.727431,7.286075,8.488681,7.2098594,8.274630075711213,8.161629598774082
8.337549459,10.059425102970184,9.19714130624302,8.446212,5.3676786,11.570721,11.17503,13.38463847772246,9.856685421723157
8.350740548933334,7.6986652424196,9.155497006194697,9.381283,9.931747,10.099458,7.893772,7.7028620126598994,8.727878815388648
8.3563656592,5.740668894037039,6.3668871727823255,4.5370803,5.0794506,5.007441,3.4423475,5.189590448759726,4.745914508108399
8.483480301666667,7.341312284381157,12.477886161574784,14.786413,12.687822,14.324078,15.750071,12.797581664474071,12.63736373671862
8.5575186396,5.476673631487006,5.15404621375145,5.933269,2.3705275,4.7803917,6.187908,9.243176404137383,5.701643668060194
8.560458169199999,9.384823409209432,8.570091145575049,8.958741,7.9071064,8.963284,8.176248,8.228604508999737,8.348983067437432
8.575297302800001,9.60350363001754,7.160500435492652,9.129992,7.996823,8.314341,7.8608356,8.189078802312403,8.364867092507613
8.579486566666667,5.257140501974971,7.614263800007335,4.7400117,6.0136046,2.0073085,6.161539,6.548131491733175,5.062139931284913
8.636036235533334,9.741846320294014,8.748292740180558,9.031836,9.184986,9.026439,8.00808,8.6970561241967,8.604484814608954
8.668920897046913,10.294097391537615,10.317594082924398,9.605863,11.208736,9.910908,8.9708,10.04072236644349,10.420704573096184
8.669361343666667,7.484743552613922,9.203220639884194,9.030809,9.383571,9.470146,7.677441,6.920119066807593,9.083941521761234
8.687534281666666,7.781145188138467,9.42538744753583,8.534631,8.798307,8.098706,7.769671,8.641496963326977,9.277048610585329
8.709885712066667,8.20798928558386,9.625602582583838,8.592668,8.287357,8.001727,7.809819,8.460238287706924,9.820993613217802
8.755936633411965,7.603453525123463,7.184776263465809,7.722771,6.2776556,6.813226,6.6280675,7.77428925244766,6.953837538438232
8.7637797384,10.913810540603029,12.456487081593062,10.364723,12.977095,11.454956,16.377962,12.549492744845397,11.713889675728172
8.813628627600002,7.8159171694080865,9.625602582583838,9.460115,9.030005,7.739307,7.0525575,8.500979740842034,9.174357327420068
8.814997825666667,9.309039793687386,11.129097611626197,10.376461,8.968819,7.7005095,9.078473,11.535431510302956,11.29234996267062
8.831657710182974,6.231027900417147,6.509549544108484,6.871107,7.2633343,6.7846007,6.2140956,7.139206795592206,6.539695603588116
8.849038589733334,10.844476577713449,15.291749490374505,14.404694,14.977608,16.3714,19.0001,15.634664045689144,14.617403919469972
8.904112095245441,10.793441249850869,10.269737036139318,9.30633,11.480125,9.730152,9.867109,10.114196367371116,10.572497715143532
8.907923154133334,9.5577061169183,8.748292740180558,8.8681,8.7457485,8.481689,8.307212,8.917553079055946,8.51968676778162
8.981305523733333,12.756432509980645,12.962825197694734,10.965822,12.834892,11.621871,13.582392,12.08429588516861,12.49299516329661
8.9864560004864,6.214389519660672,6.509549544108484,7.3863325,5.854478,6.100196,6.083115,7.588474087143268,6.263631476321795
8.993206812066667,8.292134160306684,9.846825715352676,9.105821,9.422693,8.823592,8.238296,7.707592309313434,8.745307189522496
9.026414273933334,8.27657584573157,9.799577895156736,8.554414,8.832698,7.7790833,7.5184813,8.85397709636457,9.018100541394352
9.037247738666666,14.1886731848977,14.272613862154504,17.01007,9.432166,15.472591,15.6064625,15.585430908480271,12.46138209017425
9.0415967626,8.229145566326,9.799577895156736,9.1401005,9.325634,8.026503,7.5516276,8.640307314423996,9.114123287893984
9.043743393,7.091971346890605,6.055143701246239,8.800315,2.5630789,5.5510707,7.3872647,10.90440139710353,6.894899004019738
9.0741493452,3.1804290457838658,12.782096607093834,14.0204735,7.37453,13.9765005,15.881329,18.91138216206795,7.221267126386515
9.076815494258671,10.809809170631244,10.269737036139318,9.900501,10.92745,10.273172,9.878719,10.217571607165976,10.423279358310824
9.095069232654444,10.43575054033324,10.215787336817714,10.182913,10.645839,10.237019,9.354646,10.062285215999731,10.42752944192407
9.099607458333333,13.501046813201173,13.792417312064156,15.268759,9.433644,15.13683,15.108726,15.233841997888076,12.095191395143337
9.129344032533334,10.09134521600608,11.61847544781907,9.656372,11.708167,9.471927,9.839222,11.574494830459344,11.531759709236235
9.137525551333333,9.353491055354,10.76371041344097,9.418591,10.3196745,10.713345,8.3269005,8.622896040530556,10.277932350118622
9.148048827066669,9.413012466805162,7.403108633264538,11.955354,11.006487,9.240247,10.425003,10.609393018270492,10.294196279540769
9.148065305733336,8.905762908223208,7.515594875802826,8.130775,8.712779,8.935171,7.935884,9.663248226096488,8.87261331203306
9.211793060933331,9.156373790888072,8.748292740180558,9.569386,8.429299,8.58063,7.8762255,8.740971484468607,8.595191142409544
9.216114545533332,7.604810097314298,7.732578913131967,7.256626,7.587511,6.4611654,7.960423,8.912609033183122,7.739081376546092
9.221846088933331,8.45940803357205,9.846825715352676,9.193166,9.57791,8.717784,8.337507,7.878851183715886,8.777541771513732
9.253220201608446,6.518672955729637,6.509549544108484,7.3257875,5.613745,6.6671796,5.1442027,7.294043127805477,6.3749377639646685
9.261792304333332,9.584400336374904,8.001478265152612,9.57873,11.393118,10.606234,8.024927,9.544388009852462,9.331199166269428
9.26942243,12.9609600433035,12.332354023702264,15.167483,20.599192,15.699399,10.550854,12.418518538629126,11.240661377497974
9.306182249666668,11.711587008314556,15.795041856399257,17.085304,14.672208,16.384363,18.959219,15.781340579971507,14.757796801250306
9.307989223533331,12.503307940150524,11.707392393845211,10.334115,17.144611,9.120373,9.8651,11.8379863250884,10.784197476297525
9.3424416634,7.554463642391372,5.793935458373506,6.8419337,8.704884,4.587961,7.4954166,7.492061643623717,7.238737852228988
9.410940423933331,6.433929743372027,6.429236445755949,7.694437,7.03064,4.830677,4.9514866,8.239394105350716,7.544559503566233
9.415596869812536,10.61840215138247,10.269737036139318,9.687295,11.10768,10.236344,9.874815,10.119385819493282,10.543482284649455
9.44739326,8.079236156380654,7.871643169159568,9.694416,8.363585,5.589528,6.107983,9.289801749699064,9.044306043128085
9.4492232652,10.098799561491807,9.511645185598626,3.8188794,7.2389936,3.2465074,8.808271,10.094279888418011,9.740267794740294
9.526903482266668,9.861739338730716,8.855926025018347,9.409015,9.633111,9.576426,9.289943,9.575628384070187,9.520293839365555
9.538894039266667,12.895316665908329,12.232464103286564,11.609432,9.82945,14.014525,12.452721,11.208565794440675,10.450004872917024
9.5616697768,10.957656847234611,9.506819825859628,12.4343605,12.886266,12.607145,9.671239,10.846892210461572,10.748802383497557
9.5620459668,9.37793157992092,9.703725772804734,8.942898,9.302066,8.799208,8.357706,9.957386506589769,9.155761930344362
9.573301517,10.348820514865665,8.635558519461544,9.757552,10.473205,10.635021,8.598483,9.257134858605625,9.357441468421936
9.585699158533332,9.389639188402414,10.705407404552387,9.012803,10.788037,11.985381,9.981952,9.420202427769222,10.62716195167221
9.590686875466668,9.855929190787672,9.703725772804734,8.168078,10.108564,8.693975,7.609173,10.045335095720173,9.628662727100632
9.682903037066666,8.906579279449193,10.399042184659564,7.8564672,10.128796,8.128128,8.692871,10.00797580119342,10.268242248427756
9.705119168133336,9.463391687104217,10.705407404552387,9.547869,11.67813,11.705874,9.234015,9.27726011098716,10.474033250030065
9.724148927319504,7.728125640846793,8.130144529970062,8.276949,7.778766,8.461967,6.5902033,8.796940415980703,8.139345174412187
9.730051683666666,8.146622827515458,9.703725772804734,8.959822,9.140673,7.765379,7.6778483,9.639936196755896,8.96294722535107
9.748264074866666,19.72652296740312,19.339371019519856,16.331324,21.933851,22.044983,21.3668,19.021956104659147,18.41693450975376
9.7920888638,7.204324157703796,7.571104784821386,6.8893037,6.0045834,6.197053,5.167445,6.402209579508583,6.018015464693898
9.830375536533332,8.85626656015155,10.929534467705643,9.855561,9.598306,10.763307,8.788855,10.663832885255866,10.801915872367903
9.842510074026322,9.140909413914722,8.748424750137428,9.134874,8.290605,8.599368,8.018301,9.16273034893783,8.681603075964764
9.912181345866667,9.441274214504489,9.547131384987122,9.625422,8.96205,10.122806,8.797104,9.770358025291529,9.903122799441634
9.91886601585612,11.777641679647978,11.618611928157508,11.509286,11.927395,12.005129,10.992432,11.356465626119398,11.69886543070975
9.9701290756,10.593415981100234,12.305918145928937,11.469289,10.785331,8.843022,10.439877,13.000642359214924,12.770691565868246
9.976174664666669,6.4637444821802434,5.678523632326738,2.8320913,2.5218422,5.0736127,6.948013,10.38566132174634,6.168020737650418
9.97967207864056,7.676104255102349,8.130144529970062,8.795948,9.407445,8.524624,7.6774516,8.58796650235737,8.29457662200475
10.053485731866669,11.126090692138089,8.650822984153018,10.115572,9.625049,9.963406,9.259449,9.58040497160912,9.888152654591831
10.067906901866666,10.87411067607148,10.076722643345194,10.179223,9.63234,10.603448,9.625701,9.633413155622575,9.877432297058682
10.0685212611685,12.137518997085856,11.681268269458744,12.001265,12.302289,12.0667715,11.462349,11.57219791610056,11.70157383023524
10.077542959266667,9.304759216718312,10.929534467705643,9.958448,10.655012,9.940935,9.0911,10.092107926483491,10.862036691517256
10.0950573134,14.225686908304247,14.27951531382775,14.256569,7.9122224,13.053444,14.865017,15.130385108177848,12.207522702589628
10.1121757914,9.771648987285168,11.109233294654102,9.600518,9.853872,9.772624,9.025771,9.734565768275717,11.467037173882977
10.119697589666666,9.279439914741523,10.76371041344097,8.657378,11.023699,10.997727,9.099468,8.53002625270123,11.069337187077249
10.128440290666669,13.101788349379056,13.462168320222428,14.387196,9.302663,14.371177,14.800174,15.135644172403245,11.77574214130968
10.166384092666666,9.212588904476384,11.109233294654102,9.530903,10.616282,9.449353,8.275963,9.79737477862069,10.725520428385924
10.1681167282,6.299259018535143,9.082472266069084,6.069175,7.240822,2.2810981,7.719219,8.016393549337238,6.648029719029149
10.182612337133332,11.869075231806866,14.82266854737672,12.184478,12.504147,11.890931,15.767294,13.064177949119731,14.24557410230592
10.195281404,10.867194170475871,12.23813411249587,12.294315,11.430166,12.203579,9.699628,10.05233830566214,11.777365675391309
10.198345894447952,8.803348868845825,8.234336647842825,8.173133,8.186528,8.53319,7.531565,9.24573533313664,8.493244289367048
10.216292934866669,11.15437214204217,10.248316278484197,10.528495,10.902321,10.601129,9.397657,10.044378208838236,10.26488248513626
10.227437294133331,12.37332337517354,13.15413706973234,14.633256,13.721745,16.10815,16.602627,14.3846918564762,13.892213754169427
10.246216077533331,10.212162663402726,8.306633459395483,14.164407,11.594223,10.515272,11.791816,11.356919691484208,11.055584855443282
10.3780401462,7.429573159675992,14.070881511091306,11.44014,13.314578,15.595982,17.86461,13.79323351546529,13.780635092990114
10.438705296133334,11.01939759047714,10.248316278484197,10.43,10.339751,10.016029,9.778326,10.326130851465694,10.061446039804911
10.440984460133334,13.071813723074388,15.280982876334685,13.212447,19.300125,19.958511,14.56801,15.596878492794938,14.653374839336076
10.4974021194,9.67236033455522,11.33128720203679,9.858289,10.801156,9.637355,8.95707,10.278327224566942,10.528831355049224
10.511570817533332,9.753904534996158,11.33128720203679,9.313853,11.056377,9.82191,8.928447,10.073785464078597,10.630998446963885
10.537507346466668,10.010615112013705,11.359692493220296,9.476929,10.995594,10.489392,9.66909,9.299795672235035,10.421156940475946
10.566712734066668,10.465327707630795,9.08203337569763,10.347809,10.528914,10.192152,9.41654,11.12964126907706,10.420645189705445
10.572617902,10.81696430796004,10.392912249355549,10.767479,8.684468,10.606403,10.036656,9.86917886876849,9.09254924131304
10.582372548665344,7.588196442021804,8.130144529970062,8.29675,7.9836397,7.9648776,7.523159,9.120438137633508,7.998331970361765
10.590289891266666,7.313453074545596,9.662186599736405,10.993744,8.968331,6.449878,10.711978,10.04042960645974,10.139539197430498
10.598142820066668,9.706643656191687,11.087194254802784,8.6394005,7.715051,9.622725,12.667515,13.263561922426256,9.594147301172798
10.621598207282334,11.652697641896578,11.695660650433249,11.533077,12.289736,11.65865,10.606525,11.322333370293128,11.730975412892768
10.634909956133336,11.560082744978866,12.860696233695275,11.709635,13.271835,12.727551,16.440027,12.52152133688912,12.329493992800815
10.661297836666668,9.484810717294843,11.13443784429402,9.453124,8.437089,5.0035768,8.795335,10.402302956654262,9.469180424400994
10.677897810666666,11.24677696720146,11.041435985627214,8.894614,9.102559,3.5449202,10.073267,11.33748107792173,11.06568440890066
10.681877174666669,9.504306504066482,9.337198607791072,9.89163,9.352334,7.4880457,9.388573,10.222498745607078,9.10727815644187
10.705390281733337,11.16374532965279,12.671221515615969,9.889062,13.348887,10.731396,10.679728,13.097944916349212,12.77668520080179
10.721004052,10.567647696942558,10.248316278484197,10.542399,10.088013,10.194996,9.346887,10.095557007154497,10.196147375193412
10.749942973066666,9.634142104696592,11.685486003891636,11.9421215,11.049843,9.014007,13.33314,11.182481250105026,12.1537689925899
10.7586795686,8.9065909589975,9.012132998868069,11.003186,4.5632343,10.810065,10.726935,13.436485059465465,9.324063027421651
10.777619648,20.04211192949209,19.37239731261709,13.498622,22.01329,22.826132,21.50878,18.980141237624498,19.093009917798454
10.788029908666669,14.98226559855375,14.580768126898816,14.793149,9.370371,15.818112,15.484441,15.64782112240325,12.70237936884658
10.788077830666666,10.08262500963166,11.359692493220296,10.283007,11.212627,10.35992,9.772689,9.483445467184968,10.359877198459111
10.7910400424,13.52881276272588,15.713451794848147,14.381043,15.664425,14.034852,13.335332,16.077613833110647,15.77520450928625
10.799214949466666,12.57017113667482,16.257239007348026,16.232355,15.147078,16.591904,18.828522,16.069898142642472,14.914333147845293
10.830959457521011,10.526251549626462,10.182249192867983,10.2146015,9.980478,9.847514,9.519374,10.587529846063896,10.177442496276338
10.982159329333331,11.405775169830788,10.303881957884142,10.927322,11.924531,11.055066,10.702621,10.697617634132495,11.004779373112154
10.990493326666666,12.224819326339958,12.231353135748234,9.867947,10.273273,3.8728445,11.32151,12.373084938576264,12.315221750329052
10.996137554666667,11.693428500002298,10.11271927061401,11.212797,12.721904,12.124017,10.035021,10.63917278690258,10.789534856593212
11.019562711333334,11.572532353142318,13.411963080930487,13.367198,12.006199,10.398477,11.555028,14.435225905800774,13.928624548561656
11.028808368666668,11.417446454675533,11.232985385130586,10.319464,12.118976,10.015105,9.055964,11.44197199003574,11.052072477443206
11.052012540117955,12.022244925894338,11.681268269458744,11.13542,13.034485,11.494481,11.429417,11.488306197505423,11.848383537098648
11.059759718666667,11.02315322450937,11.232985385130586,10.832518,10.901896,10.122087,9.810933,11.255763840271644,10.505955707891012
11.07497040484458,10.220664361987817,9.634466319408636,10.495289,9.8643465,9.775332,9.033091,10.694923361440544,10.074903492232586
11.082270636,11.093917201165606,12.16898351283537,12.346823,12.928123,13.144256,10.592826,10.784368138272546,11.902960220000042
11.088440159533334,8.750814775005042,10.062245983800302,7.6278496,7.0593452,8.171208,11.746089,12.721891316178786,8.903516419175702
11.154854140537983,9.17474804139774,9.54422676121761,10.389415,11.1044035,9.745457,9.191902,10.06677872417402,9.850672690166888
11.165084043781864,13.424785325705525,12.942574224272862,12.818036,12.964237,13.700056,12.594702,12.593156700328612,12.894656478864592
11.1948088,9.933864859344892,11.232985385130586,10.372477,11.179808,8.972514,9.189812,10.98601707452313,10.349110144851648
11.2101369,8.358202516793956,10.406697313639096,12.232161,10.364896,7.5445795,12.222439,10.50863609011235,11.2531370901564
11.248243251333331,10.855649824318288,12.16898351283537,12.898501,11.860642,13.457803,11.016769,11.009955626217554,12.199614904036665
11.254674819399446,13.315441120564802,12.985867584551922,12.999313,13.115225,13.354663,12.240884,12.56620938350786,12.952347100059477
11.269036627214618,11.914786479084569,11.681268269458744,11.048739,12.455287,11.958595,11.487288,11.433964323450333,11.808224141856476
11.271265053133334,13.70895914139824,11.978959077263736,11.16343,20.080782,12.663535,10.44842,12.637303707445358,11.23632195413099
11.2804843372,9.47408875481979,9.429010044982718,10.00691,10.676909,6.525172,7.455295,10.759254410174211,10.789077116594196
11.289527185333334,12.634947051113516,14.854463124409444,11.961866,14.957174,12.931422,12.610609,15.083160879739443,14.923448753814952
11.321810243769724,8.90679180049104,9.54422676121761,10.863832,9.769841,9.308728,8.975261,10.64606784633045,9.570279961149616
11.328762108,10.1493547837461,12.271444413540554,10.981808,10.923818,12.257356,10.090532,12.09296105755976,12.457617335534234
11.392780298,10.778923891553468,12.271444413540554,10.929613,12.2070055,11.318473,10.573069,11.404599377113652,12.42319481770762
11.459770908,10.919884471133845,12.23813411249587,11.969142,12.290306,12.366755,10.401272,9.974046731547473,12.714665849245645
11.468256213333332,11.16622644846325,12.489002058682734,10.994532,11.334859,11.142007,10.479226,11.071689511120054,13.132957427203918
11.485562098,10.517605110283329,12.489002058682734,10.968381,12.055271,10.888231,9.740431,11.13511079737879,12.280858965825145
11.487919335333332,10.970706394093568,11.11610287659844,11.633708,11.301343,11.679109,10.279419,11.052953029565334,11.489307091523838
11.504485901333334,12.441754168704316,11.556888463087324,11.557466,11.979527,12.114509,11.051763,11.061614307559678,11.29599793236563
11.586471432666665,12.578716052121068,10.106292654245117,11.536052,11.869627,11.562292,10.77412,10.942791645391424,11.290276739129862
11.587867566666668,7.365207121364398,10.275334891156607,8.275672,8.601844,2.7006328,9.394191,9.479511057029278,7.973659412512482
11.595979296666668,11.024098938927706,10.587284072737198,11.17609,4.480634,5.753503,10.815402,12.267121613208298,9.363501115709992
11.606504693466666,15.078062453306035,14.815633321382515,16.218254,15.572247,14.290578,15.194829,15.330542031820125,15.124767484244211
11.623475787533332,10.910036290186165,12.91459839945744,10.7352705,12.167615,10.214607,14.77646,12.27774920362494,13.305874101860004
11.736676140666669,12.570914152568529,11.726546416044371,11.452936,13.087236,12.062486,10.866855,11.31884200871681,11.80002549582279
11.752823762836575,8.899008999673041,9.54422676121761,10.537519,9.434056,9.758176,8.043619,10.30966604060266,9.715839841855184
11.790265817598112,13.7641021162823,12.998952756089157,12.725081,13.480796,13.829451,13.018831,12.86341493047078,12.932100623354875
11.827282168000002,11.13710020580085,12.696397451119315,10.690398,12.5217085,11.264163,10.483597,11.400575497047855,12.14038345008015
11.842423574666666,12.51152762610138,11.726546416044371,11.702657,12.517928,11.477714,11.233346,11.667988798461622,11.519090646260224
11.848366830666668,10.986522386528245,12.696397451119315,11.3913765,12.289566,11.1075945,10.545458,11.618070873715636,12.01686011414711
11.893748889333333,12.815893419203832,13.948760769694012,10.286223,11.922052,16.051628,16.650423,13.399264548044655,12.83775235079122
11.910222196,11.959806102697726,13.361631395153813,11.59603,12.846917,13.854189,16.715633,12.781242750250431,12.4217542098907
11.926053204,13.153556626522745,16.005802641414096,15.381794,15.842947,16.676731,18.955559,16.165543282635124,15.13094877109942
11.930292819333332,11.941883789133046,10.391806335518163,11.4455385,12.431966,11.790372,10.890699,12.328512362259511,11.801751411485675
11.935148317466668,11.83490578157678,11.320444565820672,14.831121,9.512978,12.257976,11.270312,10.6254603282098,9.691641235516082
11.961774816666669,11.532433946067968,12.813093681696593,11.708665,12.11724,12.023197,11.102187,10.775701108131578,11.806533395874787
11.962499533010416,13.57061343755173,12.998952756089157,12.553803,14.45778,13.281263,12.993841,12.74277494688877,13.032974236207934
11.999099604666668,20.420011740918348,19.493140605199017,15.5663,22.569483,23.254194,21.942924,19.227880227565198,18.91812962830632
12.011960744666666,15.262162907816874,14.605189325485537,15.109771,9.188012,14.9220915,15.410557,15.426426687457171,12.732168361070109
12.045488796666666,11.11609187816059,10.685240841679768,11.126054,11.120585,9.005543,10.796577,11.48698134278748,10.3610164528778
12.062531008,17.074518117895497,16.963472199863393,17.269459,18.72461,21.163069,18.94586,16.840100933327374,16.887609682433304
12.073279413333331,17.80988506117304,17.614856459038403,19.433462,19.464022,22.026941,19.882614,17.86065100708757,17.634813825505006
12.083517887333334,12.216911259764595,13.593555659653898,10.749826,12.605244,13.654961,10.580417,11.114402638611852,13.245552708632012
12.123441668666668,19.590252674210344,19.67266887097173,19.113918,21.700863,24.053171,21.831345,19.15109828745955,18.806610101370392
12.128803452666666,11.908068865711495,11.726546416044371,11.89633,12.2348795,11.752139,10.84697,11.43091591522916,11.648938285080517
12.160925601733334,8.22890613239318,8.397088291878514,9.37129,3.8620214,9.5795965,10.095472,12.02417453771678,8.760394418121951
12.183585910666666,11.635092208008276,12.813093681696593,12.493995,12.381817,11.880159,11.242075,10.965969497281588,11.693624020919833
12.194261267333331,12.628788802790424,15.01645467535078,9.314192,13.066991,13.12917,16.745813,13.692950131608432,14.942827960123076
12.214233243333332,12.455842020689095,14.368137921999471,13.124023,12.998774,11.715961,12.605678,15.472403015565057,14.660899793711398
12.23223983328444,14.66113056725668,14.21512845295038,14.344199,14.19716,14.465492,13.679426,13.841384001965082,14.13693014407434
12.284012609745162,10.18621360186614,10.89755210742404,10.591476,11.099858,11.477971,9.521784,11.614012729164717,11.111639246461214
12.306365960666668,10.853976791448147,12.496589876960552,8.739127,9.918106,6.444554,10.122057,11.76173414208984,10.69704665224739
12.3251244589977,11.997830966163244,11.555211569947984,11.567024,11.612044,11.521772,10.99462,11.8110556965466,11.538696807732055
12.377100903333334,12.825740066337843,11.702257777333193,12.014343,13.392949,12.316973,12.144029,11.748519732119943,12.40801220639447
12.402898872666666,12.740018785319988,12.598207589924504,12.252653,13.892148,11.60201,10.418521,12.638831865529944,12.308976104575098
12.406525323266663,14.823251213362887,17.16189442116055,17.322254,16.617422,14.995637,14.357705,17.752071649654447,16.83310360669562
12.428678622,10.241964639480274,9.261362781247172,11.189811,12.730496,7.256153,10.106286,10.184552817823588,10.00865671407042
12.429668481333332,12.5126596619526,13.534687412812604,13.157485,14.339799,14.536117,11.651851,11.92713936293185,13.345692669670974
12.446299467768192,14.76223265094035,14.178435031732349,14.305563,14.198318,14.837467,14.022142,13.848594565867106,14.037957141866311
12.447156817333331,12.760584148881732,11.52946901297456,12.929744,14.164768,13.302214,11.550175,11.767851092959315,12.136906017853828
12.458292895999998,12.478514281364244,12.598207589924504,11.889955,12.420296,11.648617,11.143536,12.511756341084372,11.678330712493674
12.501824186,12.296928709486316,13.534687412812604,13.296268,12.970117,14.789395,12.075507,12.215735230859528,13.722989144681232
12.507033934,11.481076216091491,12.598207589924504,11.851064,13.144364,10.616587,10.647241,12.354247642872206,11.61800713413897
12.51765812880304,13.467673780060355,12.998952756089157,13.203892,13.602089,13.61291,13.130897,12.687204431700842,12.997291097614417
12.560005628,12.313051755167992,13.593555659653898,11.939856,13.56966,13.711894,11.390176,10.954603033448716,14.313850444295024
12.590341172666667,9.141827923024533,7.677500933199019,10.148506,10.539185,5.7657657,8.629325,8.699242764236933,8.681475575953518
12.622026984533337,15.768185045985328,16.44759740263228,17.371653,14.880655,15.334882,17.18157,15.26940835974787,15.543691785393248
12.622387738666667,11.830131554797305,13.608973680031076,12.566429,12.39472,13.809616,11.372933,13.510494461271303,13.745153439228488
12.632256994,12.255374751748723,13.608973680031076,12.221891,13.55144,12.758659,11.993031,12.74845485223466,13.646283152420176
12.688083238,11.920710878848208,13.82576771214964,12.917242,13.403589,12.397504,11.146608,12.540469543958327,13.484568748222191
12.708459114666669,12.582448015114878,13.82576771214964,12.91502,12.761831,12.621358,11.838912,12.586938301356131,14.38691846244538
12.720107810666669,14.766308088898988,14.502176022078489,15.035385,8.610015,14.205711,15.246805,15.24064550823157,12.461438027354436
12.742027655333333,14.811173348846962,17.59794097383872,13.429239,13.619016,16.982393,19.239698,16.454997647406973,17.5330251750932
12.742447589333333,14.101276531884588,16.956934431558174,13.497248,13.855619,16.028265,18.546886,15.735376523959676,16.695324947257728
12.788705191291315,15.070534896813346,14.230753766868816,14.339557,14.802326,14.986997,14.377664,14.127894436401624,14.10208603438054
12.818718516876611,14.708078278923168,14.230753766868816,14.439909,14.856922,14.702677,14.572343,13.899836617392465,14.145275819886422
12.825470413333331,13.676455177381117,12.85007974222877,12.584575,13.581502,13.269525,12.548336,12.174925959965648,12.673504251719386
12.9626137,8.475423996018296,11.477833488719032,9.025727,10.614898,3.310884,10.626313,10.74578794733351,9.28223501006723
12.963734144666669,12.622214981832563,12.33398728593808,12.472261,5.913214,9.040344,12.843703,13.412396607215191,10.78424155942476
12.994423424666666,12.41872198989438,12.534475828401549,13.256264,12.861675,12.970052,11.819047,12.131657548074111,12.928562869775634
13.005280251333332,13.722922916616042,11.501291345700292,12.732316,13.299205,12.869426,12.319322,12.08524824544242,12.6484779698769
13.014739430516451,11.714115269128223,10.987073752994757,11.23189,11.479192,11.446666,10.519534,11.923277248901757,11.485090631196591
13.024554136,12.55723620529834,13.99716168727636,10.997384,13.882476,12.737736,11.974914,12.732807942495375,13.316402503379766
13.078217410666667,13.693720288377625,13.007959275880886,12.901221,14.357445,13.273956,12.343565,12.393473261713853,13.20402074298801
13.09889748,12.320975382492048,13.99716168727636,13.038914,13.822027,12.603739,12.070302,12.94348068708452,13.18409258375176
13.131876143933336,7.393189479403356,6.522441019219182,6.7985744,2.830062,6.5175424,8.054815,11.159740085028805,7.425287179489724
13.154669562666667,13.655973606450283,13.007959275880886,13.178533,13.811566,12.687591,12.618804,12.775729822871057,12.893869270222725
13.171941454666666,13.248530743927336,15.33432092731183,14.435757,14.011935,13.260652,13.554426,16.272809384761782,15.591077110509747
13.192942576666669,13.50690857870008,13.158529074704074,13.871892,6.5107594,10.428194,13.592646,13.8178011849194,11.415168029206052
13.223777636876187,15.791016777020594,15.366237827107868,15.429364,15.162263,15.374081,15.018001,15.025460306197324,15.185225022407034
13.23302351339784,11.810525890935384,12.316386348778018,11.776469,12.207595,12.76099,11.13209,12.61935477625952,12.543799904336874
13.234804195823678,10.378539771697277,10.89755210742404,11.031732,11.548247,11.114692,10.444851,11.966806604008225,10.983133299656611
13.248183852666664,13.389671702197411,11.783702686848208,12.273279,13.749839,12.933925,12.413329,13.379735343666704,13.2345920714089
13.259300808666666,13.351105935703034,13.401128005088244,13.884205,11.11584,4.6691546,12.594592,13.624730480046196,13.33762172572994
13.283270980417534,13.34234737258839,12.390594319475989,13.152194,12.64129,12.623985,12.116006,12.983672517827788,12.920634764295498
13.299846828666666,8.320754576171957,8.548610691659368,8.115228,6.797521,7.554354,6.886758,7.598840426424174,7.165124167717436
13.305060625333333,12.718500843729446,12.103843724692515,9.690386,12.203576,10.17601,12.239207,12.478616958927896,11.75390183319276
13.313892847333332,12.818268927703174,14.089693637953015,13.274633,13.355809,13.4899025,12.200974,11.945774687486317,13.197628261748822
13.329600101653972,14.854761791899966,14.230753766868816,14.373545,15.879329,14.472889,14.415626,13.934384186280733,14.19199765619375
13.330458883926784,10.707230149357184,10.89755210742404,11.303703,12.73048,11.406366,10.710881,11.337760375393954,11.232508117608065
13.340364175333336,12.926305039729591,14.089693637953015,14.060113,13.723733,13.333645,12.292739,12.152649885029629,13.059478506388528
13.359063384535244,13.521807140949834,12.940658906687142,13.06092,12.867813,12.692065,12.5744095,12.915859797063243,12.94686306384308
13.404429013333331,11.446266057821058,10.68253498873273,13.326335,14.25437,8.701247,11.738525,11.15906361990789,11.276311659325703
13.454467156666666,13.463365499711053,14.755533518156431,13.891361,14.081184,16.223715,13.000605,13.534583036765865,14.925599678750578
13.466734596,13.06072368598504,13.007959275880886,12.948014,13.617512,13.098115,12.350486,12.492154369258412,13.021082244708833
13.490611132666666,13.480051579206329,14.808046530187111,13.930453,13.879371,15.198706,11.755864,12.530537829205384,14.482260508522604
13.519452777333331,12.42208960283827,13.907735288527611,8.954006,10.861176,7.53623,11.499553,12.68685486553953,12.050402199491732
13.540244410666666,12.040488784480484,11.466838826196357,12.807817,5.240222,7.408219,11.885242,12.813968022149616,10.146674553166696
13.605650603856802,16.14461631204419,15.39700644931896,15.940637,15.907799,15.899175,15.6908045,15.424030546991698,15.180550407450372
13.610874731333332,13.59742797570495,14.808046530187111,13.471869,14.937968,15.110579,12.519683,12.488385017672195,15.62363486072485
13.632693922666666,13.843095286486248,14.755533518156431,13.926501,15.745541,15.962657,12.816824,13.18590190750012,14.557944481896396
13.6354985,13.867895865091835,13.03262342013523,13.790467,14.544601,13.96127,13.574855,12.916401984266574,13.590249735128046
13.673224861333331,13.109958258834954,14.881308869619216,13.634673,13.835336,15.049257,12.720976,14.662826532491982,15.027082300981732
13.690086383333332,13.574130049706302,14.881308869619216,13.761838,15.118515,13.905857,13.431787,13.82350501792486,14.876284159572114
13.718821111333334,14.142666983277769,14.007904144347416,13.649878,15.002326,12.815033,11.935786,13.633133695147563,13.64731577811557
13.738797156,12.610141272877105,12.140742309100762,13.008089,15.785314,10.781281,13.235556,12.346749425758109,12.383060740260904
13.778638565333331,13.803417985066767,12.875623582350592,13.705869,15.154815,14.877118,13.030607,12.98695076141199,13.27982757803167
13.786943191333334,13.117161503767033,15.090433361825012,13.833444,14.737019,13.668636,12.477802,13.497637670171068,14.741266384187757
13.830531000258963,12.24211562865895,12.316386348778018,12.73549,13.745896,12.579996,12.335472,12.377264531625553,12.64633880137591
13.836448476666666,13.755024712051622,14.007904144347416,13.235093,13.377745,12.83198,12.594023,13.379535838850629,12.962229044479969
13.838587592666668,13.770441614685868,15.090433361825012,13.677291,14.228527,13.788044,13.156016,13.524292781719224,15.721150802177446
13.857330439333332,12.99786525180972,14.007904144347416,12.713022,14.22895,11.818334,12.278815,13.401854156503775,12.996920710495694
13.893539357451225,15.96079306477053,15.39700644931896,15.105216,16.922312,15.424211,15.6409855,15.302727863593509,15.237146448469987
13.967380784,12.391255439247228,12.219755841210796,13.512604,14.063973,7.5655875,9.965643,13.321011246339554,13.269763351322926
13.999541389333332,13.990806515347623,16.287384836982937,17.355925,15.241064,14.306385,14.415533,17.240816209425752,16.568317498598894
14.000846804635904,11.976859583863131,12.316386348778018,13.001756,12.756294,12.476957,12.02991,13.008159197496449,12.435512960593735
14.018102466666669,19.20080088502182,19.28510218032104,18.924866,20.639448,23.8104,21.277538,18.534209143332387,18.289803595127808
14.026597084666667,12.282282805160929,10.900700438671697,14.377599,14.226241,14.204273,11.548799,11.983045129974467,12.1118108813127
14.052963159333332,19.98487345449568,20.0323769990796,20.263262,22.281588,24.3495,22.171347,19.26104238237001,19.03518568240404
14.076115325800002,12.18176790745986,12.220389910765832,13.801976,13.209161,15.17302,16.165138,14.219515357614648,13.45836035877428
14.084769760596217,15.848671850374576,15.356277221244136,15.430485,15.240661,15.730136,15.342617,15.053943219318734,15.08162652611105
14.107899442666666,13.774450186414144,15.280962235960065,12.502874,15.227742,13.928701,13.449579,13.775023857145268,14.530490119837054
14.108617189333335,14.101962545761843,13.823283130326562,13.635583,7.2190437,11.869303,14.292643,14.572808159259305,11.767951429154532
14.128567770666669,14.941401942079262,14.148324651108105,14.232832,14.779543,14.884102,14.035469,13.408791225156872,13.810578837251724
14.2009265,15.586488968894994,17.949031673515854,16.7997,16.656113,15.535917,14.74205,18.379973430731862,17.244859262442514
14.208901265333331,9.511930815688022,12.718431741519112,9.226391,11.69089,4.719583,11.905824,12.230479797668735,10.33543808463654
14.213792344,14.72941229990033,17.003779330993442,17.916695,15.820807,15.31917,14.986236,17.68846541487376,17.24417315577288
14.247975966666669,16.32883726606325,18.67368861455765,17.163654,16.661165,16.574644,15.28567,19.19560888615168,18.158591286001556
14.275506842666667,13.474197251803584,15.280962235960065,14.42548,15.407933,13.788967,13.600028,14.01815036628136,14.379027202699536
14.321453898,13.604605942775352,13.820169484957868,14.516696,14.041637,14.705592,13.535748,13.39533180711765,14.154139457995877
14.325521263333334,14.81121561323629,12.83154402972177,14.02492,14.328021,14.548977,13.926901,13.3029537844418,13.758447509027016
14.340323406,14.78342377378852,14.293752792614066,14.448228,14.711019,14.282688,14.037469,13.955665481487047,14.041311017286782
14.340458928000002,14.874830109042437,14.293752792614066,14.456347,15.135067,14.835524,13.800368,13.532494413930918,14.37806286758794
14.348574524,13.959582186471854,15.346039410043964,16.209503,15.687738,16.970041,18.806183,15.990510962708193,14.992069654038769
14.356999633333333,16.361817250533214,16.052732670519347,16.938097,16.92645,15.63678,16.606594,16.539210221802126,16.271594398478005
14.367838874,7.844402528915352,7.63811126467148,9.204745,3.701683,8.483816,9.407152,12.140837985262191,8.212469559909259
14.386566844666667,10.899260999823529,10.892254176422004,11.578402,12.434682,6.9450016,8.7635355,12.011876068250825,12.134543981496533
14.393087315333332,14.155864528352168,15.29919698773706,15.068723,14.645847,15.018048,13.335695,13.242510531572703,14.393733514074558
14.412859721133335,13.82006545662578,14.191082694204177,14.041154,13.631903,12.859851,14.996354,13.180667531211318,13.678766735554987
14.473506126000002,14.851308252916724,13.05429659828924,12.465078,15.347008,14.203013,13.822508,14.568735017931845,14.443141794359867
14.526549098666663,14.140617534358746,13.397626918009948,14.415406,13.950187,11.572604,13.634341,13.666970252000072,13.019367923034146
14.556303953333334,14.6167107695934,15.799122690520395,16.005503,15.200719,17.177534,13.728205,14.994467239184624,16.05275573862145
14.564785718666668,14.276463350938489,15.29919698773706,15.760353,15.00875,14.83519,13.472715,13.461923401691392,14.262062007704394
14.6146575,14.109834753954814,16.570755458887753,14.304817,16.470186,14.469835,13.787217,16.977813694879913,16.453551181042354
14.634021507999998,15.45547559367524,18.75647730456149,14.529498,14.793485,18.1302,19.625431,17.148125249304833,17.82009827281438
14.639789398,18.55514624801869,18.614681977669264,18.24488,19.973179,23.188053,20.646431,17.98113000573199,18.158300052583066
14.644146002666668,17.20021744158059,20.244683764698237,18.75252,17.98976,20.198948,21.059727,19.47027917425584,19.58103128989011
14.644455264666666,14.489364990723455,14.530855104810712,10.240432,11.607053,5.444125,13.93503,14.678430527722815,14.416900407584183
14.646768127637849,15.798811238269018,15.39700644931896,15.174164,15.946112,15.564267,15.845193,15.224148960174228,15.173127886539056
14.661443650666667,15.571812018227224,15.650545410612576,15.345133,12.31387,5.934496,15.197372,15.709088995068614,15.377207211755495
14.670793429333337,14.527055878076252,15.875490371070194,14.401816,15.273379,16.32203,12.736863,13.813520953730787,15.60661365069438
14.674951368666669,14.788126579409152,16.036876681307504,14.901076,16.222792,15.163583,14.478644,15.10210899232348,15.825982989082677
14.676225186666665,14.223457299607988,16.036876681307504,14.106248,14.930488,16.315573,13.8120365,16.00379455255983,15.993380838857211
14.679249833999998,16.815752526580784,18.941505813044945,18.527916,17.708506,17.177853,15.94309,19.8462000924385,18.871608846054745
14.681868782666667,10.794562807165264,9.227491569051718,13.614576,12.175076,11.831739,13.19457,11.854141391539551,11.799193363593336
14.707211778666666,14.90886228207848,15.799122690520395,15.580094,17.269255,17.006285,13.834107,14.550790258041868,15.654433542527457
14.732319313333337,14.255748087541392,14.293752792614066,14.401945,14.462043,14.7369995,13.924716,13.648566644716087,14.137943756514057
14.737305633333332,13.864978498740664,15.19925046898458,14.052558,12.397843,8.953277,12.768182,13.81092782134859,13.277725465112656
14.776993662,14.647293737561409,15.875490371070194,15.506545,16.257404,16.150824,13.508789,13.69498216929334,16.831720068175517
14.791748465333333,14.230112053198772,16.220341866935602,14.553108,15.701029,14.982632,13.5656185,14.809072796012176,15.687659312556947
14.805524345238702,14.866621137135333,13.57320509617922,14.585465,14.1030245,13.923518,13.621573,14.299346268356151,14.078187733337003
14.80824797215664,17.325262073487497,16.510517175763383,16.295155,16.964434,16.773165,16.732723,16.302626419370362,16.33725565962648
14.83216869790783,14.974330865505328,14.111928232088744,14.225515,14.395384,13.999281,14.044521,14.198137878639749,14.0782918034227
14.862060512,16.363727626945366,16.18044009450393,15.103706,18.037863,19.697762,17.834347,16.329886192779693,16.040516637702094
14.878554260666666,14.853244927258707,16.220341866935602,14.591865,15.333535,15.028885,14.216738,14.895069490816,16.716836047986064
14.886727851333331,15.181023597336978,14.26315946845816,14.415482,15.510398,15.440175,15.072506,14.081107543239096,14.791845599411642
14.9219173883845,17.069886132115453,16.510517175763383,16.41248,18.06763,16.326561,16.668228,16.1684567883011,16.371767665844036
14.96112064466667,15.393969447689123,17.68014444532472,16.024698,16.372095,16.004904,15.369664,18.523934866069737,17.545659026986247
14.966444244666668,15.39872256920689,15.291264171350312,14.637713,16.575197,14.212141,13.315244,14.829958570020596,14.787929004032073
14.966991058997095,13.40540332381609,13.50146882747687,14.478135,14.410299,13.917557,13.520473,14.429500314627964,13.647676556103995
14.981981996255854,17.041340316025146,16.47424456280023,16.284487,16.17488,16.621378,16.365925,15.94996195768524,16.204602795436223
14.986219934,14.44982559446398,15.291264171350312,15.116397,15.903725,13.193099,13.730351,14.630988482534365,14.206725505537468
15.016238030000002,15.02378658633191,14.13882352080804,15.250582,15.84385,16.261713,14.421703,13.939608171149178,14.466014796155031
15.040382136,15.058460576903215,15.291264171350312,14.775006,15.011514,14.226653,13.978377,14.47894084229464,14.124602403220868
15.066000348,15.392906687036408,15.150332877587472,16.727121,17.31387,18.468153,16.366707,15.78121129497929,15.328012253406907
15.078130097333334,13.70734726862537,16.073539825731533,13.877729,20.039019,20.387232,15.057459,16.173450732735976,15.32780360611308
15.131298454666668,14.864029230069066,16.397323905918938,14.497857,16.18211,15.2311735,14.573491,15.05073445728965,15.457457462006763
15.154170985333332,16.510641876988814,16.544362309934197,15.885364,12.959339,6.896924,16.247728,17.099046882361748,16.318504865360485
15.156003265333334,16.80996328804317,18.811419831936195,17.505024,17.228102,17.187857,15.781543,19.90986676603001,18.795298390014167
15.15949399795702,17.035855377684776,16.45748577835732,16.376223,16.038425,16.258026,16.052237,15.89350503278594,16.324227323285136
15.197864711333333,15.25652027592155,14.882013881136263,16.337196,9.196123,15.549433,15.542353,15.732639646040326,12.728965130765568
15.201381869154725,16.214546658252118,14.819186074341168,15.204884,15.288149,14.929437,15.134246,15.28917827332578,15.377069621780493
15.208955353333332,16.08381492817852,15.411666009130618,15.545373,15.633332,16.326239,15.464427,14.439376754573656,15.026673807463988
15.317026328666666,14.594435358307754,16.397323905918938,14.947786,16.53586,15.114155,14.709164,15.281029866239702,15.291173489352186
15.361449410666664,15.890140983614618,18.279407945190155,16.783684,17.086016,16.529846,15.816427,19.157263700958385,18.000213598857393
15.377705108666666,15.272251511215297,16.29503078900512,14.669708,16.098833,16.15874,14.366694,14.60273198149268,15.455637257505405
15.391555556,10.591368875796777,13.725023506224607,11.57593,12.445678,5.94428,13.222399,13.197549981858833,11.075223324842222
15.408175584,7.619753255584325,6.959497247181816,10.476556,3.2107909,7.691573,8.731329,12.110972460605131,7.928101909613313
15.461229654255543,13.77282226712314,13.50146882747687,13.370435,15.22692,13.887876,13.838672,13.764840523297508,13.793489253066571
15.477724766666668,15.843430488946504,14.067678131886034,15.054256,15.031276,16.044127,15.460922,14.403926208781863,14.93367246304856
15.492850788666669,16.103127915303386,15.544421717674137,15.386038,15.594658,16.31261,15.25792,14.620750096332594,15.534640506570112
15.50826464314729,13.425842326687704,13.50146882747687,13.504287,13.795938,14.17348,12.618073,14.066572837320942,13.71021176021532
15.566978901333334,15.92448289090814,15.544421717674137,15.580187,15.311397,15.703708,15.538447,15.083119440600752,15.21523605090123
15.575107508666669,16.13224259609182,14.37001145901478,13.416348,16.652138,15.218361,15.38652,15.638503661843826,15.849303586248809
15.598570201333333,15.458966369858446,16.73662089205391,16.255545,16.021523,18.038416,14.517861,15.935672614591262,17.01473322579958
15.614567482,15.321369219460722,16.82491174742381,13.975419,16.188723,17.408403,13.950008,14.709537838714672,16.54041411851108
15.627335724,15.784907770707088,16.73662089205391,16.526632,18.036798,17.905382,14.963819,15.425628348701071,16.570502467592195
15.635251556,15.009559456043332,15.157856219032215,17.046852,14.857242,16.289515,15.166668,14.685817705703592,15.354829014807631
15.636853622666663,13.464662835086845,12.369281156980255,15.569195,15.541282,15.727986,13.317943,13.378114338139875,13.2379563193196
15.653827991333335,15.61776386207689,14.596917345681936,15.6137705,15.229249,12.805595,15.092016,14.77969778134842,14.434800631065867
15.657817989333331,15.289897041997602,16.29503078900512,16.873497,16.621325,15.9629965,14.523198,14.76440549637474,15.307218699003018
15.659913191333333,15.030265712339231,16.98948147251489,15.805853,16.11076,17.434864,15.067555,16.905163174291854,16.64119432666607
15.676502677333332,15.819615156149355,16.98948147251489,15.56531,17.097984,16.2857,15.609201,15.912081348967323,16.483902589104602
15.702759986666669,13.576673855163255,13.50919643163893,14.869851,15.021804,7.9218616,11.275957,14.196636543819418,14.488225613497653
15.718453466566638,16.243225242007,15.205709606702785,15.438161,15.598259,15.004242,15.515551,15.173829848104054,15.352183480528549
15.753657578554352,17.89400682758969,17.528820542613794,17.192923,17.881933,17.36178,17.822536,17.302165199311844,17.252724693799188
15.765318424,15.13982486811701,17.146256755638664,13.488587,16.638018,16.104034,14.722581,15.732989802786346,16.37038045031113
15.765733267333331,15.497277409012868,16.82491174742381,15.215258,17.155016,17.129929,14.599935,14.704611722403584,17.797355600143835
15.768958084666666,13.038121517347983,13.789477804308152,15.213362,14.159276,16.411308,17.35135,14.572842130714305,14.316370940761011
15.7776408179327,16.989973589315273,16.510517175763383,16.346514,17.002522,16.408339,16.95109,16.081853519996034,16.315807025884578
15.792519864,15.655060942004576,15.544421717674137,15.58152,14.946856,16.259394,15.475744,14.661953647608415,15.33064722257977
15.800173699333332,15.257481038020549,16.351146359789446,15.338716,13.593439,10.3746195,14.174905,15.00030608298774,14.621075921764913
15.812543040666666,15.792140910466314,17.146256755638664,16.192982,16.417467,16.10834,15.226659,15.828492552371303,17.406943193899316
15.814495990666666,14.467548545765816,13.808439134548705,15.619481,16.860653,17.013132,14.878299,14.422900787147311,14.420020581859252
15.815347889999998,16.335718976846735,18.69888117473265,17.743462,17.469143,16.984386,15.921147,19.46245992964351,18.41858338881624
15.817786532459428,14.744127121177694,14.756934059912265,15.853125,15.81805,15.086847,14.973305,15.481136294171964,14.99683842172722
15.832514617935256,17.99588184430689,17.42234023457121,17.025581,16.906015,17.253342,16.9612,16.953602728907583,17.263722141855148
15.988601737333331,16.30501343245014,15.432040545891308,15.4533825,16.385185,16.423761,16.301369,15.308042513613364,15.906518071490035
16.008711396666666,16.56864740923365,16.44550692570279,15.7582245,17.491455,15.320666,14.738314,15.908519696433864,16.045413237863688
16.058455883333334,15.837843819566148,17.384258956029353,15.7247505,17.024261,16.331282,15.789587,15.915180551739128,16.14624037426173
16.12323829,11.35221736059404,10.1410633570691,10.706472,12.889042,12.968042,13.984227,12.713170684789318,12.596911604981935
16.126210529999998,16.077244975715228,15.320728706674329,16.168493,16.748934,17.120977,15.6989,14.98069678267497,15.543929702900249
16.138372899333334,16.000593292240065,18.388527425792887,16.335852,16.52145,16.18334,14.943894,18.690724299441637,17.967767827231246
16.16200459388061,15.959461213917148,15.877384400833453,16.504602,16.735056,16.286879,16.138302,16.87143575195205,16.131290502460818
16.166598488,15.73914738616421,16.44550692570279,16.334078,16.977745,14.334379,15.266927,15.806252003710476,15.585672691866089
16.167180054394965,18.017369267762195,17.473929170392573,17.03624,17.016203,17.594858,17.281473,17.07516907744264,17.138591559861737
16.238869308666665,16.468088375581655,16.44550692570279,15.928542,16.144575,15.297905,15.356017,15.568848509302653,15.382444919273144
16.243890915333335,15.66734022049767,17.384258956029353,16.42005,17.432838,16.216381,15.90896,16.112655738245046,15.973357556155792
16.257962532,16.171203645749564,17.266664315038017,16.03701,16.946764,17.192785,15.472297,15.473865616869755,16.330705553975847
16.278995876,17.34668248510049,16.593582539901018,16.819479,16.714706,17.190554,16.703215,15.574234576661096,16.10472542588637
16.313323986666667,16.5852243240831,17.401032937254268,16.53204,15.623468,16.574339,18.216303,15.849477560850938,16.520277033298747
16.315319644,16.683352225702325,17.605834972197133,17.368818,18.718695,18.87342,15.807962,16.107872386220716,17.570468826281395
16.370441868,11.642713488167976,14.413166659312363,14.025251,13.525073,7.8298287,14.202068,13.793466332931834,12.035054820082848
16.382705257674015,17.90056564035415,17.528820542613794,17.232435,18.954792,17.332527,17.554024,17.38712107754411,17.27847000092283
16.436106332666668,17.131321631355586,15.22859632794094,16.872358,15.967046,16.977102,16.833565,15.60747254481014,16.01773502449243
16.449608731333335,15.955586898639092,17.987680129316637,16.34674,17.39469,17.346138,15.689132,16.240797724778552,17.216230159667376
16.454609119333334,12.36543742383497,13.778827912553387,11.5304985,12.034341,14.914553,16.820354,13.29935392606915,12.726016711624148
16.455535261333335,16.158790452075984,17.704937248388045,16.871393,16.943241,18.407372,14.730012,15.467989690148167,17.548250262822872
16.46118169783554,15.10251351822049,14.756934059912265,15.491448,16.418577,14.915742,15.350216,14.850675635989834,15.09992510733648
16.471447939333334,16.678939895103433,17.84623241118445,16.3193,17.470608,17.520355,16.578043,16.43395339065063,17.278630781522857
16.523639596,17.53283145571786,17.443794422453234,11.651386,13.42135,7.6945095,16.776842,17.902064950607638,17.407286490037816
16.53258427933333,16.433501386662012,17.704937248388045,16.89422,17.840218,18.116098,15.359393,15.572313415040089,18.862806502537087
16.550331801530525,18.26600416618465,17.528820542613794,17.08703,17.871767,17.755005,17.618,17.47433470367411,17.279894854218295
16.55165772133333,16.317144559022612,17.605834972197133,17.008638,16.615625,19.024473,15.2037115,16.6902394711337,18.00157208353182
16.555535254666665,15.718361729120508,17.84623241118445,16.692848,17.103336,18.622904,16.016518,17.454099024629134,17.480179154442997
16.589005136666668,17.277318220618966,16.724550610402073,16.71334,16.268019,17.242393,16.478683,15.79488084209069,16.598646268902286
16.590670199333335,16.001129455357862,17.266664315038017,16.376726,17.489544,16.98179,15.620439,15.657657019753623,16.188294154871127
16.636104364666668,16.74546640797715,15.717642551108463,16.609028,16.089304,14.072149,16.193367,16.01557053454676,15.69648717662506
16.640241052666667,17.284508143854087,15.47297568278158,16.866072,17.580029,16.169712,16.454046,16.942517793569213,17.032387842090852
16.655239409333333,18.542562773668216,18.53217062940852,17.97969,18.136705,17.39447,17.711826,17.450333976322366,17.36755769178908
16.683006584666668,16.620136118855932,17.987680129316637,16.785568,17.415936,17.278769,16.144997,16.364698843076958,18.28466574825138
16.705752036666667,14.15760090614882,13.46143931988884,16.199585,17.603146,12.847261,14.672131,13.122751945813407,13.551309137822242
16.72189846666667,19.430564590239506,19.11979451806172,14.959413,14.957522,9.307954,18.10319,20.025383053028648,19.193159785214483
16.736204442,16.071651593708143,18.89030912305455,12.09553,15.829978,18.927385,20.35597,17.892016251179054,18.450427156518984
16.770463954000004,17.147060199268754,16.724550610402073,17.013855,16.059532,16.6119,16.721498,16.31779755470142,16.315418881586062
16.806176995333335,16.408872867624538,17.39987494406498,16.24745,14.366876,11.896379,15.21695,16.065531909677798,15.864974064550152
16.827297246,16.749229087595882,18.231501192966142,16.320076,17.61525,17.575314,16.818628,16.45606813845798,16.950322984637555
16.836819656,16.575480580248225,18.622249847728558,17.490997,16.566414,16.8225,15.66678,19.511654664494788,18.506028091183374
16.844182864,16.21737392847591,16.46613136198873,16.728031,15.8932085,17.269907,16.645111,15.850230676583902,16.48576408749693
16.871441207999997,16.399238779451775,15.976485363723205,15.461826,20.617287,15.996186,17.134077,15.765368203338,15.56730924486578
16.899782239999997,13.391855262641725,16.683345968789318,13.463925,12.988692,14.784721,17.615377,14.263532131800073,15.79985935565583
16.91221029369026,17.305582221827706,15.932678613162247,15.679039,16.023397,15.971954,16.303354,16.584037689727438,16.456513008989447
16.936711777333333,16.764886955077788,18.91066621475436,18.028265,18.062492,17.021248,15.944988,19.775862374301408,18.75012420765681
16.948305553333334,22.54656932876763,22.306227691989346,21.149931,19.813787,9.189225,20.419065,23.682147899117947,22.67219895537704
16.949171074433643,14.998957597513062,14.756934059912265,15.349343,15.247436,15.263104,14.1417265,15.124399862315816,15.047811273815164
16.95208539393096,18.947889988071346,18.35821571337737,17.759415,20.217922,18.032824,18.430565,18.39358825384483,18.105526220795188
16.961745407333332,17.24311347176453,17.00769394704507,18.9335,22.461658,17.615532,17.942049,16.491273678954602,16.584843598058093
16.966058105333335,16.847614159952148,16.724550610402073,16.753927,15.76335,17.179626,16.8245,15.791641933319474,16.40454064114445
16.966891764504528,16.32693203423195,15.877384400833453,16.251017,16.186525,16.380556,15.385851,16.544057501799298,16.11343184732718
16.98216679533333,20.409346123221635,19.63189891343778,18.23044,22.255476,23.649622,22.194952,19.58261336353063,19.01586604766136
17.005483833333333,17.465163373806128,17.489102324707652,17.008005,17.9381,16.33897,15.863772,17.07529024147759,17.154138919542344
17.01642632733333,17.341893094645517,16.5259536106952,16.568298,17.176823,17.14828,17.433607,16.406220324371027,16.90513768164697
17.029358791466667,13.478251653557336,14.475862394170884,16.56373,14.106707,17.069166,17.796898,14.950036177495305,14.649035293349565
17.052417708666667,17.424827679781703,18.340973963143043,18.056757,19.00111,19.8425,16.62655,16.85196641828103,18.252790053049637
17.056026001333333,16.845032513613592,18.43734665088263,15.677239,17.521439,19.438972,15.523504,16.09846489658792,18.242619375698037
17.05623689933333,17.080376251678967,18.130825958538548,17.174911,17.62792,18.247929,16.271671,16.140171090543763,17.29731308251247
17.068436094000003,16.88135174578584,16.402512195954607,13.41622,17.621155,17.746206,16.706274,16.423757835285517,16.55516483469422
17.102052744,16.63630958163165,18.231501192966142,16.712805,17.896992,17.462059,16.945372,16.657067798715527,16.760183391317664
17.13966509933333,17.16931106849729,18.340973963143043,18.241158,16.979397,19.979826,15.764227,17.51777010849504,18.729550731866325
17.142615748666667,17.389780036427826,18.649669131557356,18.439672,17.795631,18.254684,17.401102,17.23850658059292,18.21107076586946
17.144310925333333,14.932327028674695,14.765845228960307,16.134064,16.145023,8.026932,12.417995,15.259195806398294,15.51292334094918
17.155612176,16.924868842926543,17.489102324707652,17.582664,17.62355,15.444531,16.404263,17.02203865087776,16.79321946220053
17.20177812333333,16.64360933618501,18.813215982525648,17.662148,17.737537,18.263914,16.483212,17.056301227680574,18.21031262130739
17.216428702,17.257612989310058,18.43734665088263,16.190594,18.313587,19.142185,16.083544,16.117453399757668,19.59634387479531
17.225016166666666,12.60343818649938,15.213437263906956,14.786207,15.575807,9.514253,15.052552,14.577231364199726,13.03379561767431
17.229511304,16.86837106506686,18.130825958538548,18.494246,18.125658,18.034105,16.45896,16.297967476219565,17.206926438548802
17.235841044666667,13.73629564257696,15.741801857709971,14.223185,15.873327,16.650543,18.916653,16.051733306765023,15.164519306146108
17.287500065668883,19.147904556575,18.311375423449437,18.697916,18.202559,18.298645,18.198866,18.12045099152919,18.000702629250522
17.29132391,16.37117897740017,18.649669131557356,19.095245,17.53449,19.421423,16.914137,18.35788690171345,18.485454507355666
17.298482351333334,18.211955278135623,16.321388841014635,16.997326,17.014124,17.724854,18.097788,16.88275564308588,17.042315976114672
17.333896476666666,13.754727332369772,15.119401650046768,16.482399,14.663227,17.211454,18.117031,15.131208169508692,14.660494662062838
17.335772468,18.40705231061189,17.639034110469428,17.57459,17.860762,17.81391,17.71801,17.054331109042973,17.136406140154495
17.4134657058318,19.151899502863596,18.27021662164706,18.498117,18.119535,17.973122,17.841156,18.061937770724366,18.121917186153688
17.44552941289618,17.26787225888354,16.27827534270286,16.129763,16.39102,16.060013,16.622726,16.46118169083118,16.410354994717398
17.458871550666668,14.514889211151376,15.3580273779329,14.671892,13.979497,14.076499,16.009779,14.369162748678944,14.74907156808543
17.463006092666664,17.289008346112595,18.813215982525648,17.78738,17.903877,18.024136,16.854376,17.28004655718497,19.34219257473316
17.483174416666667,13.801137563654397,11.87075918287136,14.602362,20.1172,14.19338,10.583031,11.985882595087055,11.204652337094512
17.51625650917867,17.172042145796713,16.934532768608367,17.786076,17.87144,17.394384,17.410843,17.690840298301186,17.007610150373623
17.522809646203438,18.215618046518184,17.262346483745883,17.755182,17.517178,17.11098,17.895512,17.264074308819612,17.22840479451594
17.52457640333333,17.509964167461508,19.098575347712572,18.269901,17.906706,18.36908,17.657366,17.289312428913988,17.881174275005648
17.54577427919654,19.848072366983253,19.154155987791583,19.133389,19.980724,18.65515,19.634836,19.14340285327309,18.71971341412384
17.590749049333336,18.277858801307456,17.761230244917105,17.277922,16.989063,17.921606,17.564396,16.958484017969187,17.561044907150286
17.594538465464964,16.29796081819923,15.877384400833453,16.231663,17.091602,15.944398,16.551842,16.225144844055496,16.16782441324658
17.608316121734717,18.98375655897812,18.35821571337737,18.50385,19.097881,18.04333,18.765955,18.353630904403435,18.09249568050663
17.608850812666663,17.439717418399642,18.94167676469185,19.584398,18.399664,19.678097,16.148153,17.032042600603344,18.872506012141518
17.619247558666668,17.492843837962624,17.489102324707652,16.839321,16.78621,16.391556,16.463346,16.636636388455415,16.571357067991062
17.623817124832883,19.984828138153954,19.092766372890747,19.079287,19.086748,18.909391,19.088982,18.729928390101648,18.63716395005012
17.626989128666665,18.22242594524748,16.539161635327325,17.134073,18.578121,17.205524,17.761833,17.744135422764614,17.851767660175526
17.65748716550868,17.485084690345392,16.934532768608367,18.120821,17.149275,17.37608,16.701418,17.32593888726438,16.966394871915533
17.690732702666665,18.22867994928827,16.752793839059468,17.820566,17.451004,15.3039875,17.467506,16.90471928611278,16.59101392757148
17.696027902666668,17.77773086144813,18.459495409963743,17.585058,15.67151,13.46454,16.444658,16.9713306739176,16.73935964891955
17.71936464,18.038802232378323,18.84936418301736,18.971792,19.400517,19.991571,17.233992,17.694233765942034,18.872698833931224
17.726936335999998,18.074960924845342,19.255500445248305,18.892166,17.953905,19.15532,17.995667,17.69812491617994,18.86056171465765
17.727366085333333,16.730996927858275,16.929108134226507,19.461327,17.183144,8.005856,14.578814,17.524374906196133,17.723445612005868
17.736654737333335,17.39589670275628,19.40187639892876,18.880651,18.066313,19.323172,16.973413,17.413700491882665,18.919939222029114
17.802785323333335,18.462493864611577,17.53476608290012,18.022356,17.917303,17.908564,18.251682,17.113803319353078,18.012969190377564
17.809859006,17.75837102810147,18.789053978917483,18.10062,18.104074,19.296495,17.033308,16.91333951401782,17.93937215201853
17.825177023428957,19.934261261613432,19.034784991097087,18.9807,19.070528,18.585712,18.73205,18.64761268682057,18.71986863252037
17.827899319333333,18.17165920991012,17.761230244917105,17.23463,17.013079,17.264648,17.910788,17.61092890834749,17.312380033091205
17.830419644,17.92969693257003,18.84936418301736,18.809586,17.461891,20.225773,16.124014,18.41927523330392,19.328842807928694
17.834490236276192,17.448393240087125,16.934532768608367,17.322235,17.982103,16.98534,17.864275,17.01880306587653,17.000583465538867
17.837474541799732,18.323815220542784,16.96990002810323,17.0706,17.050905,17.00256,17.60086,17.38660333714905,17.294064351100932
17.866574849333333,17.409949868504143,19.098575347712572,18.904604,18.395975,18.240326,17.767036,17.451485699140648,17.710663547089418
17.87756341533333,17.916844392880684,18.94167676469185,18.582516,19.06734,19.376526,16.666634,17.095219151412312,20.20669791889797
17.890084456666667,18.391998470143896,18.26355623546877,17.683163,13.876296,8.4234295,17.647324,19.2936613509463,18.318150734270983
17.912585336,17.388683136592363,17.551705664414495,18.059565,17.009495,18.056797,17.979416,17.161229944110303,17.4961689796431
17.914973522873666,19.415005889772097,18.35821571337737,18.73993,19.122442,18.428522,18.608995,18.48825765932064,18.11772413946727
17.917456269333332,18.55789843010134,18.53217062940852,17.490152,18.8967,17.34741,17.148516,17.886881407298002,17.884112389929292
17.927079425333332,17.206164154333763,19.255500445248305,18.957993,17.904871,20.255905,17.535194,18.79811308025585,19.220548571962837
17.958048232,18.06009286802069,19.46061927946972,17.773352,18.973896,20.21647,16.604887,17.613207981468122,19.121231949016988
18.020211566666667,17.92223359204369,17.761230244917105,17.13941,16.77674,17.974642,18.11959,17.10292190851795,17.429208831535906
18.024181097333333,17.478208027867822,18.789053978917483,18.40159,18.578249,19.093758,17.19996,17.05090112267827,17.84803903866268
18.027795560666668,17.96206588774118,19.40187639892876,19.71492,18.329216,18.911911,17.406391,17.62912382249399,20.09469511656314
18.03082932792106,19.33888454334657,17.887088522358457,18.717476,17.854952,18.085453,18.672724,17.789987794490248,18.15965161171903
18.03264923,17.824248243337756,17.41276049171334,17.68848,18.289083,18.35863,17.559994,17.28331616151716,17.65202106637726
18.03447416533333,13.40996652268227,15.724815390030884,14.643067,16.680298,11.360721,15.802692,15.1089877478962,13.978738912553156
18.06412680181708,19.69120252884003,19.154155987791583,18.873697,20.948195,18.737665,19.284666,19.258692278121558,18.711027163661694
18.102632078,18.134471542252584,18.53217062940852,17.073795,18.684172,16.591587,17.831568,17.98587277473414,17.613764013645966
18.135075004666664,18.250455543753198,19.64620068659749,18.86374,18.22905,19.311522,18.221777,17.689391039194952,18.527648425798883
18.18145554933333,19.03880831188733,17.338731196727963,17.720444,17.806137,18.39439,18.937809,17.686948318287335,18.113223101333364
18.19340451933333,19.26620173485475,18.58671371104797,17.602842,18.697392,18.384514,18.531918,17.88562246778838,18.25654512511688
18.204505216666664,18.6132653276869,19.393062457188066,18.472363,19.687462,20.340832,17.756224,18.391870661774067,19.09729529358343
18.23234344133333,18.27968563018928,19.8846843136038,18.184729,18.684473,19.888895,17.495491,18.17661130554596,19.155676301687564
18.27435958533333,18.822534570793948,19.757602791925702,18.734388,18.384447,19.701702,18.440395,18.47839495282556,19.08855079205112
18.280152674666667,18.511019925822797,19.46061927946972,18.988789,19.576511,19.808336,17.114431,17.722871661878095,20.44316964661948
18.31201158589084,18.526203358385747,17.860247095277778,17.359701,18.763453,18.058537,18.931461,17.570634615106822,17.850524606834917
18.364622224666665,18.60966238372595,19.393062457188066,19.461327,17.890768,20.683561,16.576822,19.17426431747132,19.503712941730807
18.417877916666665,18.495670739671112,20.001837866976693,17.86966,19.362522,20.563194,16.997738,18.374551580590406,19.36768684284102
18.42557966733333,19.06356793792982,17.469085027607,17.884846,19.375418,18.18073,18.871302,18.24018763614052,18.803552429842007
18.438887970666663,18.399163994429276,19.757602791925702,18.406748,18.457355,20.78738,17.961079,19.5796329359904,19.49792495427055
18.449768353333333,18.01972115005153,19.64620068659749,19.14342,18.714373,19.166376,18.367178,17.84508348826525,18.331612519976456
18.456299368666667,20.507292152851416,20.34544028248604,20.242598,19.384195,19.26292,20.239208,20.621475950658866,19.917431742495644
18.459439056,18.80572079928298,19.370767492393007,18.243761,16.908392,15.13476,17.504894,17.55456589276993,17.82106423462568
18.46067796799343,20.66115932895772,19.734651341519065,19.498983,19.848886,19.415567,19.30025,19.175919577257684,19.546113389012177
18.475188044666663,17.938590788631807,18.688170300210583,20.181332,18.138744,8.206812,16.60714,18.90713072776841,19.387819506490587
18.49028443762268,18.74575682893984,17.860247095277778,18.768532,18.099916,18.48979,17.83111,17.90852803188103,17.8297123759039
18.51950597866667,18.73107198123919,19.8846843136038,18.409954,19.114916,19.416924,17.831701,18.392724185965932,20.327157909049603
18.530122259333336,19.22093520927872,17.644974305532955,18.220757,18.573338,16.58581,18.494814,17.457081009306414,17.67758737137267
18.573247703333333,18.231176414222105,19.274225696153536,17.785261,18.878424,19.543848,17.56997,17.777287352652387,18.564661611790896
18.576020942,19.20504026129674,18.394800352790416,18.810318,18.5105,18.744745,19.085138,18.11220311686764,18.85388431714308
18.585044608377505,20.215231601116265,19.154155987791583,19.150034,20.00039,19.060572,19.445139,19.282503987851225,18.76631689118449
18.614744754666667,18.834817081643777,20.001837866976693,19.430244,19.906832,20.125107,17.437414,18.553310920436505,20.65197054576991
18.627746302666665,20.3565521193048,19.912318626027723,16.97623,23.318083,24.222342,22.297455,19.528524290574264,19.37927927480856
18.63231972866667,19.15807216021489,18.703734506553804,18.4332,17.593447,18.618406,18.360762,17.719574306408603,18.655354175440102
18.64806194333333,18.260048536957527,19.274225696153536,19.013737,19.314693,19.377008,17.76008,17.92028853630671,18.47329287094136
18.660465829177188,19.147748960594203,18.13200460096335,18.553585,18.428015,18.216953,18.903387,17.64917377570579,18.06302575954912
18.66823813266667,18.788294044897057,20.314928037668544,19.213438,19.372183,20.08533,18.013882,18.793313715947452,19.659414475475334
18.679453666,14.07103294074651,16.53991323877588,14.020656,17.644344,13.148883,16.284407,16.23704507551632,14.443987342012752
18.67955290333333,18.76498009052988,18.273740801142697,19.324995,18.220098,17.734102,18.822378,18.818239070737015,18.68627901352768
18.690997590865607,21.156237824737875,20.25250170836487,20.1319,21.479109,20.494389,20.432238,20.430039696837213,19.984647677811047
18.704524526,19.014171441261205,20.126811370489573,19.055119,18.7625,19.839546,18.707544,18.513294658209297,18.741154257089907
18.723154717333333,19.367208398080976,19.453278622494476,19.284998,19.456718,18.3459,18.226706,18.28457508716745,18.771530564952457
18.754345796666662,19.060916514773737,18.703734506553804,18.558126,17.678995,17.937124,18.674307,18.395216437887296,18.402073288427168
18.77062770266667,19.059837016151903,19.924219184506857,19.092978,18.195797,21.07566,16.925451,19.63970621636646,19.76012423621588
18.79737347533333,19.44166444401457,20.7942575746241,17.038675,20.446249,20.952179,18.20906,19.320486490846136,20.59267813494137
18.811917874666666,23.129326029703435,22.431625210292587,20.166098,19.774244,9.688058,20.082008,23.524728778521244,22.512891167477378
18.827911041333333,19.010980544731648,19.924219184506857,19.484802,19.825178,20.548332,18.0389,18.75444339462628,19.297207817131135
18.851976942,18.98182397886745,20.37343462658911,16.849009,19.333302,20.948143,17.246902,18.23940503365828,20.06220393325051
18.86121541066667,18.70192912312774,19.756191811890496,17.890594,19.38553,19.992928,18.038435,18.39136368888191,18.78965856852648
18.861994532666667,14.129853701953424,16.488676701627416,15.139266,19.919397,20.783802,15.534811,16.97568677482143,15.636329096243736
18.889118266,15.32470212084728,14.74200570704925,16.307072,19.440699,14.357306,16.113827,14.27328005460235,14.61706186532541
18.895001756666662,18.977575982800577,18.703734506553804,18.426474,17.566465,18.69141,18.896135,17.908296570184525,18.527936404705937
18.90531735933333,19.184645007544407,20.314928037668544,19.45946,19.887814,19.638733,18.279133,19.074594391077973,20.831541839599524
18.90827549133333,18.58753298363647,18.54811921290897,19.694487,17.849466,18.848532,18.964727,17.892533696226852,18.633609249083644
18.91699622666667,19.099860066081742,20.565103931153928,18.481325,20.057734,20.592407,18.204393,18.93752378644131,20.199953485736952
18.916999618,18.87034097926022,18.29398486817204,19.0639,18.872192,19.090042,18.31943,18.479881433631046,18.505416104400496
18.919955032,19.2104091759026,20.18960853208114,19.201622,19.096321,19.957739,18.854805,18.97873389761668,19.61494368008352
18.923839334666667,18.66833710707084,20.126811370489573,18.41681,19.202164,19.696354,18.900208,18.59065630200138,18.54665118478781
18.935042074,19.26615625756737,20.73279177371916,18.554613,20.810787,20.663391,18.136255,19.390178079213424,20.667622861581183
18.951630446,19.173999638202723,20.37343462658911,18.754107,19.879892,20.478613,17.616188,18.365451993878693,21.38214968410094
18.965969026666667,19.0633737464994,20.18960853208114,19.457315,19.056623,20.962755,18.374971,20.076731750643926,19.991993892829644
18.981246934872686,20.176184131472077,18.726760184696285,19.260548,18.154593,18.738636,19.598036,18.778923655156827,19.09189990452348
18.99086762477752,20.69048700643776,19.83185245358002,19.7042,20.482439,19.441078,20.23731,19.85728009063774,19.52464979375481
18.994761856,19.114786026591517,19.453278622494476,19.80866,19.38205,17.700226,18.991306,18.567420237437247,18.597054558166217
18.99931212866667,19.455242484204827,20.592593219548423,19.487078,19.566792,20.066748,19.181301,19.0550674276059,19.281051971855877
19.017125324,20.22776011053984,19.47019125750156,19.050718,19.439169,19.109146,19.231094,19.350701824427915,19.09892244530204
19.01906295666667,17.349804156439284,17.931811117006625,18.00479,17.790026,8.151844,15.764991,18.38476282989601,18.451617243537108
19.02339128866667,19.334541405579824,20.28370316900861,19.182888,19.491386,20.870634,18.316505,18.811042291197005,19.9684802483453
19.034436906666667,19.95157582853784,18.21182829503589,19.060701,18.540134,19.186346,19.845201,18.992250894674413,18.891681738618978
19.09350200533333,11.753820373742744,11.38317902533524,11.309243,12.879205,14.116751,15.00322,13.661908359991992,13.104169986292549
19.093984858,19.4334248123328,20.28370316900861,19.352135,18.183504,21.516909,17.148973,19.74116971121579,20.4590520629526
19.10740687,17.127677002625216,18.231846026896267,16.015089,15.689481,17.461807,19.088066,16.88202304015516,17.55092156367899
19.10963949114801,21.35516209915412,20.25250170836487,20.218204,20.88111,20.368769,20.81275,20.26399886008247,20.028749001432036
19.120930384666668,21.367230792576716,19.68513431623004,20.843975,20.398874,20.137434,21.506605,20.64701034984797,20.07371204735455
19.1403112048428,20.801426495615544,19.77855544292825,19.687576,19.73217,19.715416,19.690704,19.2908615047318,19.494757665463872
19.153101433333333,19.886078111090853,18.453335027837056,18.913998,19.680767,18.792477,19.826725,19.219825286233316,19.81560605545972
19.16019736866667,18.67027013499189,19.954531956516053,21.013865,18.273798,7.4830894,18.236126,20.54820005261961,21.271774655639064
19.162338666,19.26318529968337,20.666131756059396,16.97519,19.689709,21.101578,17.594841,18.705568645840923,20.14663063912571
19.171077472666667,19.69246646140406,20.146725272317,18.04264,17.38838,16.532362,18.46499,18.64278614423503,18.95558241284711
19.218662350666666,19.04343430542717,20.274106152368,18.259813,19.737034,20.326696,18.33357,18.890476646541124,19.022727098814965
19.224510888666668,14.547694305927331,17.32748993863942,16.096601,19.35314,14.747641,16.684738,16.848796936589935,15.060710263707286
19.23184114733333,18.760921016164144,19.756191811890496,19.079926,19.792612,19.829063,18.216162,18.60525220424929,18.714841203559214
19.236598281541628,19.520118721267103,18.69966389752706,19.205423,19.177729,18.689268,19.860455,18.634944945762285,18.808499360266072
19.239035752666663,19.373134212060556,20.461127820014948,19.025932,19.631315,20.346933,19.088549,19.2337432256156,20.159261382485408
19.256389228666663,19.47196817230465,20.73330816768056,17.028404,19.494474,21.036854,18.090326,19.09786127536145,20.28099078770831
19.260176596,19.99668273068938,18.50048889443654,19.078856,18.971214,17.543432,19.462425,18.37796104747718,18.801234661612572
19.261504717293505,21.40744721929613,20.219441147127014,20.14496,20.182058,20.639862,20.2196,19.831643296940825,19.987382779638075
19.263358541633952,20.950479581101806,19.83185245358002,19.149866,20.562876,19.83838,20.084173,19.95688283290997,19.585986358451088
19.275064369333336,16.091632729481436,15.88286025980478,17.891008,16.794024,7.925946,13.680245,16.343992739570616,16.698616484388825
19.278085044666668,19.498209624765,20.557878987185976,19.17995,19.455698,20.880915,18.630405,19.230712538985472,20.04383525635884
19.28617700333333,19.62176031936824,20.625213971481312,19.641151,19.036102,20.83826,19.023436,19.44795954101849,20.203976448809076
19.28626016466667,19.75877444643806,19.31287352401864,19.856482,19.083738,18.809217,20.131306,19.39587438068188,19.397803748403195
19.286839838666666,19.585710287810905,20.807631204615404,19.100378,19.974302,21.31423,18.04546,19.432913532748582,20.43269579929486
19.293327993127104,18.44638677174694,17.860247095277778,18.912096,18.776627,18.601145,18.43515,18.222919579396287,17.93034943153143
19.318040332666666,19.156871428930607,20.592593219548423,19.787611,20.163366,19.947598,19.326557,19.19943473422103,19.120051689988383
19.380557834666664,19.40580078399634,20.666131756059396,18.051973,20.240885,20.551748,17.969887,18.88100234300193,21.4831898462266
19.38860994333333,19.48209019443062,20.565103931153928,19.235537,20.64235,20.049917,18.413702,19.144143853529737,21.39564480190336
19.390763582,19.76432413892548,20.82646541327537,19.15863,20.233334,20.477875,19.39794,19.34742633702094,19.81538291293665
19.407655662666667,19.424008480947847,20.557878987185976,20.339066,18.363115,21.644342,17.593992,20.277862577746053,20.560171210068948
19.41708956712435,21.234621138016543,20.27682476666222,20.126827,20.396612,20.357965,19.864351,19.68846520742077,20.0043020416748
19.427812225333334,20.058672756123823,19.16138800374628,18.179651,19.785114,19.342087,19.788486,18.99052824058318,19.600564341372827
19.43502462533333,20.080710910949183,19.579171783511853,18.92243,18.112627,19.431618,19.077213,18.988360617221577,19.49323227113966
19.43740662933333,19.53638891644449,20.461127820014948,18.682596,19.408455,21.400509,18.50843,20.38670719900873,20.60740341689373
19.442385604,19.471056419037176,20.650045289752672,18.955328,20.319078,20.300758,19.11104,19.515761442909408,20.605742366078708
19.44776092919989,20.45979890182404,19.60253905529072,20.533854,19.414814,20.18958,19.675667,19.680425387063107,19.464101424140186
19.45176097333333,19.545202419565843,20.735911297112796,18.18855,19.975758,20.690907,19.09161,19.58520064331212,20.53072681050564
19.474764732118548,19.655967457316823,18.69966389752706,19.348507,18.849945,19.190968,18.83723,19.13223261825527,18.7986558570784
19.474791368,19.777534453626497,19.579171783511853,19.312666,18.31663,18.725481,19.431183,19.77979807453,19.21756472330919
19.48096339733333,19.823790699852776,20.807631204615404,19.085976,20.522425,20.694237,18.335459,19.748798337584425,21.73364691570413
19.491181242666663,19.684088632434097,20.706520456594284,19.083857,19.627707,20.964748,18.988033,19.746609376460007,20.387973821841733
19.500708088666663,19.75664700496372,20.7942575746241,19.53378,21.019308,20.399004,18.451979,19.50363202140112,21.889616081920472
19.51275701700608,20.332636221092816,19.60253905529072,20.240046,19.605213,19.651567,20.608871,19.348974495861025,19.46817089190194
19.533419236,19.78821059426196,19.579171783511853,19.036467,18.277428,19.555054,19.788708,19.18145657287563,19.33653421781378
19.543463868666667,19.629659496121377,20.73330816768056,19.672289,20.05954,20.53387,18.355516,19.27844731010218,21.581759823137457
19.54493211726325,19.90686324423808,18.96976811984052,18.588514,18.68495,18.86981,19.767548,18.561606350496103,18.97085291738441
19.550445646666667,20.190644560192062,20.22678393830917,19.102066,19.3153,19.067776,19.183693,19.108634689479945,19.74962163882772
19.57204356133333,19.64743060100245,20.73279177371916,19.462137,21.400763,20.057278,18.412693,19.710676061523817,21.932056214746343
19.575751700666668,19.408918339612597,19.056242232338164,18.867466,19.80614,19.603441,19.047897,19.26808718161497,19.220739050822825
19.576826756666662,19.462280398223367,19.453278622494476,18.946156,19.286741,18.44594,18.7007,17.794592361310954,18.34363716191592
19.601970266666665,17.901246207534225,20.636297621757617,16.776234,18.905651,21.073122,21.130535,20.400329622497924,19.92184588674307
19.602467396784675,20.50251097704229,19.787925235862257,19.744818,19.14886,19.843708,20.416378,19.143585141150837,19.592840392132132
19.6142284,15.113512374269073,17.597460588518523,16.66309,20.04193,16.426876,17.053247,17.204069728394774,15.661917976908043
19.61750815468903,21.793508383596755,20.604424912006504,20.447536,21.00008,20.635397,20.268013,20.498487104691872,20.53131547449381
19.630176068,19.43471174195768,20.625213971481312,18.746696,18.225885,21.72197,17.979723,20.508957608089634,20.731264738817377
19.63428188145141,21.758863293255043,20.6643807804376,21.036383,21.800537,20.747318,20.855072,21.211423825910916,20.526527834984005
19.642243094,19.557694721125337,20.82646541327537,19.469427,20.76879,20.35186,19.54637,19.460919402923352,19.67931331630558
19.649763888666666,19.24218233173134,20.274106152368,18.46118,20.199638,20.173016,18.513212,19.04398176939885,18.96302419390441
19.658780308,20.62311842674256,19.749284094226404,18.080164,23.262123,24.391874,22.294727,19.755665971728828,19.21693934783244
19.658806376,20.61401067122129,18.98196123430995,19.259974,19.502327,19.710136,20.747953,19.88624455988797,19.526358379222444
19.665422222,19.60245088332075,20.650045289752672,18.921972,19.769669,21.33817,18.533178,20.62067877972558,21.07000714137488
19.693317436,19.973696765347665,21.029408957453665,19.64788,21.010931,20.453516,19.379969,19.57259552988572,20.267240959051215
19.69883522266667,14.547658141260918,17.216819608950004,15.426053,19.907007,21.180017,15.982724,16.88068829298718,15.991075678865018
19.705928868666664,19.472997742129905,20.60662533914513,18.13707,19.600138,20.73021,18.563065,18.879979842870064,19.681316063220645
19.742271108,19.636425384772323,20.735911297112796,20.038687,19.258043,21.72368,18.49985,20.6934243534231,21.039346206166428
19.769775706092634,20.3266533657707,19.60253905529072,20.780905,19.776989,20.439774,20.02019,19.98427951979786,19.652201792973205
19.774503904666663,20.92162170978507,20.24578326607869,19.630274,20.21975,19.568111,19.926958,20.101805699822663,19.806008741072503
19.792406025160584,22.18118258181698,21.076441598445413,20.487152,21.638615,21.04276,20.651031,20.91263594040105,20.749165074170584
19.80320813666667,19.616677697354007,20.706520456594284,19.651533,18.78106,21.962496,18.225405,20.838680847452395,20.84490298277416
19.80486300866667,16.657195243039425,20.24675844234007,13.738327,16.78996,19.679504,20.575417,18.810330750643534,18.976710212056524
19.812979007333333,20.506608555152283,19.365440153200517,19.094093,20.15298,19.752274,20.501642,19.95906405688076,20.56468850204476
19.85133426666667,15.49188425090272,17.71334825948796,15.839611,20.968987,17.718672,17.07863,17.3557610146699,16.225717052343352
19.856185006,19.840374983936115,20.959918335735782,19.74003,19.863377,20.830366,18.88775,19.30785207684704,19.73140490218446
19.86939514733333,20.110044615642455,21.00646716378592,20.085136,19.641895,20.814524,19.244106,19.61376052421242,19.87832087382745
19.86947838032333,20.50090911899196,19.83185245358002,19.73326,21.226803,19.53566,19.885517,19.974200182138745,19.49901613614593
19.870071382000003,19.630201937840088,20.60662533914513,19.978592,20.02029,20.601469,18.731625,19.06210559398395,19.618300277693702
19.870290436,20.26945546456517,21.09711761151387,20.480707,20.195713,21.044378,19.253191,19.83239886510101,20.01212612069918
19.92172738577558,21.101265185299685,20.391109788052933,20.072649,19.855228,20.46967,20.940355,19.855137196814677,19.77348640521851
19.925635916,19.97056122800512,20.22678393830917,20.215046,19.4716,18.462542,20.01761,19.67423684987237,19.643058143915148
19.944613452,18.116751898114387,19.15100599792121,18.57723,16.220787,18.584932,19.779297,17.662276796288186,18.466952245103368
19.94491483733333,20.12995607715568,21.11697088678663,18.95116,20.65603,20.775833,19.371965,19.766625663809336,20.16460746031796
19.956968572666668,19.673976122798067,21.029408957453665,19.68847,21.478237,20.334723,19.509493,19.70877613699681,20.13174553417517
19.965616046666668,19.43022278419321,19.490729162218862,20.377182,18.632755,19.74494,19.790575,19.009948439469465,19.524347148505043
20.003874868666667,17.694860305525747,17.21381557178254,18.54181,17.809683,16.754505,17.822113,17.527386223213703,17.574000611292174
20.00673017916177,19.480321713358457,18.69966389752706,19.564781,19.267729,19.355341,19.31047,19.41010650951373,18.92008203581849
20.01154700333333,20.924494553648906,19.3479051435198,19.138472,19.653336,18.652542,20.285618,19.2161716628955,19.744194062016003
20.02271918296937,22.847023634416864,21.7251171531198,21.69172,22.039783,22.323881,21.5129,21.99883407205948,21.457379125980182
20.051995978666667,15.601741337097948,17.997542172559534,17.627754,20.976824,19.191793,17.094376,17.75634651099395,16.53374347214428
20.064995058666668,19.90880321645928,20.959918335735782,19.868235,20.206911,20.709219,19.014883,19.45713022924744,19.616879564737744
20.071578468,20.426593001396505,19.72495956995128,12.028441,15.651037,9.693395,18.835949,20.816638053089324,19.923787522451857
20.074500562666667,20.800562124157253,20.79763709881519,19.875805,18.138016,18.078981,19.273138,19.38822011470744,19.919372102294947
20.07715651533333,19.87967475497056,21.11697088678663,19.889309,21.237036,20.676046,19.489506,19.88441656524498,20.05044479014123
20.082116394,20.69763634768222,20.34544028248604,19.910885,19.291124,19.977774,19.803082,19.922172076730387,20.240628599291508
20.08941468902727,22.26182647334864,21.10096100817084,20.449497,21.245825,21.26947,21.020416,21.044997887864177,20.79227423503605
20.09601109666667,20.54819210503373,20.34544028248604,20.081263,19.263681,20.121338,20.685335,20.05208271283841,20.03033160777236
20.102837795333333,20.034042493932624,21.00646716378592,20.34993,19.976254,20.72305,19.39892,19.751472471680614,19.7507042605198
20.12852587733333,19.92754850263348,21.09711761151387,21.275837,20.708546,20.937239,19.38644,19.949487261370415,19.92061763407644
20.15552822133333,20.59024566598836,19.679377031533303,19.094759,22.832302,24.26147,22.173697,19.79718798896489,19.062157204982764
20.156791606,20.73371973299704,19.848126113594503,19.890982,20.405998,19.775026,20.5517,19.677859605045533,20.182028151416112
20.16448444078985,20.85303134380841,19.621326655434483,20.236032,18.605001,19.721226,20.309528,19.31277777207068,19.745972670881624
20.170653412666667,22.925102940393558,23.11706975072141,23.35055,22.986448,22.06309,22.995148,24.209225791309397,22.59075889975757
20.177570906666663,22.80414836294,23.244090362432303,23.282547,22.36603,22.112946,23.10109,23.964883657156857,22.504437041721843
20.182006029333333,20.226177838945937,19.75419047317473,20.10299,20.555248,19.98708,19.721395,19.99707243219405,19.78379746612689
20.183140610666666,14.84712836393104,17.174768713057176,16.32518,19.595879,21.564753,16.203156,17.38471290031663,16.49422929658945
20.195992354666668,15.548981914706472,17.992029300882294,18.274727,20.402472,20.262016,17.037697,17.949283337788504,16.751478040380714
20.22652798249801,22.470125485293416,21.40675196915537,21.798214,21.561956,21.536182,21.205458,21.555721260562912,20.97072042742464
20.26613428244977,20.98216197871111,20.262863851854604,20.563723,20.327885,20.245176,21.181194,20.124751229828185,19.704455701411334
20.26818790333333,20.06654822096312,20.22678393830917,19.28925,19.566906,19.249386,19.617966,18.632152077766037,19.3674509506202
20.302764856666663,15.016227410237924,17.61659848487694,17.09416,19.542017,21.349329,16.686382,17.54680737772118,16.549226663850252
20.330418751333333,21.00231234446158,20.866735823812483,20.699339,19.615473,20.058273,19.889507,19.842709835093416,20.4746447064245
20.370506106,21.664978842040146,20.95173726201427,20.602798,20.985569,20.019142,20.472082,20.878965740864995,20.38077471571955
20.37143303266667,15.184526583351534,17.686579421865375,18.282421,19.47764,20.72998,16.963911,17.713730044128358,16.690537702686505
20.45067071,21.04764777929406,20.17279246404345,19.704428,20.806137,20.391205,21.090921,20.44269258452335,20.87214742403532
20.459107166503173,22.759818051219145,21.697199541965595,21.377136,21.338442,21.903305,21.379078,21.273916749061037,21.42125302940545
20.473106838,20.536390241827103,20.13464069320324,21.028154,19.780739,19.827719,20.95835,19.782876175992342,20.291702519236104
20.48052187638369,21.98105938620376,20.6643807804376,20.795925,21.450102,21.088146,20.98419,21.26200562811528,20.61858672387817
20.48488160652288,21.44383023792297,20.278651022075127,20.6944,19.322992,20.353783,20.916256,20.02163036279288,19.941630401907883
20.49566731482835,22.6555220472476,21.788323777201608,21.194662,21.845701,21.741478,21.04836,21.056559816212708,21.359143339189007
20.497391669755697,22.174029868160247,21.13173337271535,21.698702,22.125847,21.1926,21.237448,21.78438351208551,20.726213061871547
20.5094274760498,21.45835605279048,20.25250170836487,20.13841,20.968454,20.80429,20.588099,20.419830895360725,20.08333789310309
20.58417010866667,20.755846176401413,20.866735823812483,20.844727,19.990286,19.496788,20.66222,20.453431003921704,20.465168525296715
20.591399653333337,20.65696221560338,20.866735823812483,20.911041,20.112679,20.1528,20.390678,19.43178087421512,20.198208938777576
20.60633538501597,21.17337592997665,20.262863851854604,20.765528,20.213434,20.790695,20.34508,20.468342636619184,19.67320236539341
20.61700970133333,19.11651506807358,20.476303972899476,19.614141,18.107868,19.767073,20.907072,19.197733094580517,19.459622469426723
20.63674974666667,21.353601086418585,21.37260152670852,20.264215,19.156948,19.235706,19.891626,20.18030039047564,20.33946985673461
20.642398923859147,22.089250313870103,21.13173337271535,21.708881,21.83721,21.010006,21.597061,21.62449205308572,20.817782354891
20.65949731821313,21.577186124858883,20.835089670822278,20.72242,20.773962,20.78381,21.457857,20.470219019872157,20.33649583202593
20.659879458900583,22.00528177254481,21.101772291388844,21.11562,22.008791,20.975996,22.069048,21.219028748179596,20.66952048376239
20.675125975504766,22.40322701984624,21.50237926645454,21.487053,22.002924,21.344402,20.864386,21.392150348101616,20.905952573614925
20.683333500666667,21.390788701933644,20.399818258399225,20.82971,20.927431,20.505693,21.09222,20.244512394584092,20.95863141034875
20.683476090666662,21.391426835004623,21.04760165919089,20.571505,20.228834,20.4237,20.563293,20.51175673238684,20.768885621123395
20.691755678,17.72278497576985,17.709511426887286,17.136353,23.55339,19.1688,18.602741,17.746882762137027,17.390032099596212
20.69335546194069,22.337831824587926,21.43775211445705,21.595932,22.792585,21.918503,21.676607,22.13762535503863,21.40658571555446
20.731044553333334,18.271366979823977,19.39759742184638,19.008339,18.024687,7.508865,17.564241,20.00006001096865,20.40736409032988
20.731727744,21.359305544495378,20.04980403768953,20.764256,20.47527,19.517057,20.956697,20.04161577074926,20.13993437034001
20.737315577675247,22.84843264504638,21.79176707463461,21.435873,21.40581,21.920732,21.65904,21.683331383558784,21.20284845146725
20.751695280666667,21.20764632262425,21.04760165919089,21.040316,20.345987,20.535892,21.487135,20.578838352718897,20.560370663326736
20.79756074933333,21.089801994450056,20.281722805789084,19.379177,21.23607,20.574574,20.28417,20.498280516608208,20.402898445603405
20.799214716,21.98657430867235,20.238230108693084,21.040783,21.040838,20.782879,22.071218,21.31914855472917,20.71714907823254
20.80212749419732,21.65902358295442,20.733806358270407,20.62658,21.478859,20.542196,21.76194,20.75818775769762,20.241910293385047
20.875193913801777,21.036332446614267,20.262863851854604,20.790287,20.490387,21.098307,20.624262,20.72025056337431,19.90178204820801
20.91503132756484,22.93149363205101,21.81172948166115,21.334347,21.612968,22.071089,21.937721,22.44169220630678,21.171712699886843
20.918650731333333,21.6119349513742,20.800012940703333,20.732565,22.026224,20.721266,21.715004,21.145893452046096,21.418564082363105
20.92874980266667,20.3134744596474,20.34980646004116,21.274075,19.655647,20.368423,20.69966,19.912781155999195,20.3770529778008
20.928876908000003,21.415707653319696,21.444910654222248,20.448833,20.034222,20.760696,20.484488,20.673886754182497,20.749735025059163
20.938039506666662,22.45839479257037,21.558525880629844,20.837538,21.490395,20.540777,20.933737,21.55712712607742,21.05307351182873
21.026424014,18.67696659557144,19.90643972904437,18.508986,17.027782,19.387629,20.273705,18.474408457866723,18.843571641171017
21.031680235333337,22.061145250534796,21.845036089622845,20.542187,20.38529,19.910374,20.592535,20.923809811175005,20.99334131125144
21.046813784,21.92715354975187,21.650965174224368,21.152819,20.877565,20.377035,21.566423,22.09455155953146,21.10894218731292
21.061746604666663,14.125974216292478,15.7448674249717,15.499396,15.774387,17.039259,18.469387,15.824649581481273,14.932838870133091
21.07797906733333,21.27314625443744,21.04760165919089,20.507488,20.212496,19.687927,21.065556,21.40538036054944,20.444750659719364
21.07935054091793,21.897715422539555,20.6643807804376,20.827185,21.32333,20.612867,21.200579,21.080480012481303,20.60221581878021
21.088089177594053,22.963551172209108,21.810760943871887,21.967854,22.091648,22.41287,21.713406,22.491405334331446,21.259273880966223
21.094411724589207,22.90031430893556,21.814797922549506,22.023447,22.307991,22.660225,21.80694,22.93979107927414,21.5248231286916
21.09492742533333,22.931361757195067,23.269072419421548,23.362434,22.641964,22.133553,22.951271,23.862376206549293,22.394749738158907
21.143290396666668,21.116394147354107,21.444910654222248,21.058226,20.625666,20.21929,21.363625,21.296983603901392,20.826135118083783
21.1461156391701,22.520166073427003,21.44459907120353,21.867098,22.265171,21.87938,21.414915,22.222722346441063,21.044414684399865
21.16247461204347,21.919328714640745,20.745300257892065,20.549011,20.330093,20.685787,21.495672,20.641929578937468,20.525659030721823
21.17304829,21.84394868441801,20.870706226840376,20.863798,21.144386,21.341295,21.502699,20.62453191192936,21.37990613736354
21.218920198495045,22.039301999200863,21.101772291388844,21.409649,22.106222,21.876823,21.539667,21.777228395886706,20.916705099902845
21.256355834666667,22.105830245086963,21.91577020963156,20.609108,20.941273,21.07591,21.128372,21.427404043173155,21.304500730535437
21.257578953986823,22.26789412138596,21.44459907120353,21.41481,22.176022,21.293991,21.770105,21.93152663225054,20.988434305071824
21.271413058666667,22.09027084420218,20.63954604579756,20.612745,21.630184,19.902197,21.601301,20.781546000994013,20.770291745133378
21.27380481666667,22.064962521119565,21.137428697521678,21.186121,22.420992,21.163122,22.041628,21.666517231734264,21.783566065955004
21.27709380118512,22.66115048113101,21.858316831133063,21.51969,21.78774,21.95888,21.691555,21.953238178829743,21.32670648381417
21.283735809333333,22.13657121639062,21.650965174224368,20.946447,21.039087,21.145966,20.986244,21.24010395540494,21.441490023972623
21.28890793585168,22.62521435994028,21.7251171531198,21.313848,21.967392,21.64823,21.913355,21.740786649420254,21.358740557867883
21.295068654147126,21.714687409240327,20.733806358270407,20.974655,21.54238,21.058666,21.045704,21.064328336071853,20.216844046621336
21.29633833666667,21.2228853780287,20.8202465984283,20.879164,19.724997,20.376764,21.727886,20.798424565569185,21.293212101191425
21.302098204666667,21.86177488918819,21.650965174224368,21.025135,21.196688,21.354425,22.017775,21.23798816072787,21.21918919399868
21.333041234,22.316962256246217,20.6947430383763,20.84634,21.385086,21.566341,22.433664,21.362328291550973,21.0670898299448
21.346518849333336,19.74616214425441,20.96285074059705,18.381605,18.813795,20.321684,21.164175,19.99722285691517,20.0088109766595
21.358131758000003,21.49852704516728,20.702902918258008,20.852594,21.593363,21.343441,20.64967,20.77469378218088,20.79283475341932
21.36816012,22.880043555084907,22.01648267901423,21.984467,21.653717,21.335228,21.213638,21.69710342962569,21.44492061993619
21.41100395847076,21.943130504604262,20.63208250155414,20.526339,20.703114,20.888597,20.636974,20.61745397094856,20.547585983513123
21.41650592933333,21.0526780577482,21.444910654222248,21.218668,20.90225,20.954744,21.084057,20.217371257670525,20.52233003862837
21.44084535755199,23.0716501295979,21.81172948166115,21.92068,21.749819,22.502277,21.85568,22.59194060658152,21.43337458957687
21.45315141704802,22.747130405932367,21.7251171531198,21.577238,22.047787,21.92611,21.559906,21.953099974431748,21.28922072379808
21.45649835214444,22.343062439088065,21.43364279897341,21.339844,21.723606,21.171652,21.91201,21.35204862412945,21.414675955475875
21.483860535443693,22.297576844061208,21.13173337271535,21.542925,21.955753,21.533688,21.283827,21.79477880860985,20.85947483857564
21.505721108,20.505965609785296,21.317228802197302,20.720495,19.89967,20.47926,21.473087,20.66101797113885,20.544670263627747
21.50657110133333,22.611025550263776,22.106531670293624,21.878616,21.61251,21.970142,21.376396,21.32575126275365,21.80057076240781
21.516911152,20.96385841358853,21.079964724552227,21.501627,20.535566,20.738605,21.433722,20.69433557771916,20.979399122742173
21.526747194666665,22.47535308234002,21.49943977590384,21.769552,23.08319,21.259878,22.277847,21.99221581133248,22.288868801049546
21.53362731065612,22.340912915718,21.43775211445705,21.330173,22.721184,21.500263,21.6715,21.93506165277208,21.118299924477277
21.53809338133333,22.4269979796332,22.21252353949531,21.523155,21.07532,20.728786,20.94565,21.65456209008652,21.48337605074837
21.538910432666665,22.323062052893693,21.33579685304033,21.066881,21.535702,21.566322,21.84787,21.42913959846791,21.958824475316504
21.584221908,22.446161262525656,22.269396758504,21.331081,21.340452,21.579266,21.536089,21.84885848384533,21.72558887069993
21.61464713875224,21.646079216952398,20.733806358270407,20.994642,21.573505,21.431921,21.21691,21.310780225817044,20.50285894778395
21.620112314666667,22.372461449662776,21.060259004423457,21.808475,22.227106,20.49567,22.048975,21.441530002451486,21.26334150984037
21.62083879333333,21.78890025247292,21.91577020963156,21.824951,21.810724,20.57819,22.04845,22.02826716053816,21.39948219927197
21.62307716733333,23.09096801929636,22.40947211984961,22.599075,21.630957,21.288416,21.463932,22.4966122717078,21.94328584820657
21.626141156710418,22.801986783923088,21.814797922549506,21.53491,22.310501,22.223412,21.92021,22.771159926143213,21.24366197888481
21.627907690915567,22.87759273725064,21.810760943871887,21.511225,21.994125,22.02359,21.808172,22.41884248142468,21.04546576331566
21.639895393333333,21.19089699606664,20.75257693067748,15.672432,17.102755,11.018656,19.571926,22.029088939815185,21.29614046643734
21.64412143484807,22.825946003801587,21.86347761696372,21.19107,21.454685,21.87008,21.60562,21.582725967044624,21.26483057974712
21.678213426,21.778716951089827,21.468902757662683,22.485617,20.046186,21.321531,22.345327,21.35523438628002,21.951049300688087
21.72407800666667,21.95696452957076,21.1309005068586,21.176863,21.752876,21.354374,20.98605,21.47146684328341,21.260483506729184
21.776982128666663,20.812405423930176,20.382846975475147,15.847211,16.520496,10.357235,19.250303,21.643777911446072,20.768931803131515
21.784766626666663,22.21756248369808,22.106531670293624,21.887917,21.78078,22.200016,22.381071,21.33562803173236,21.548257157003963
21.819587313333333,22.46474740299048,21.673999462875308,21.41709,22.068943,21.848625,22.1549,21.78279850634451,22.194889159090867
21.82268294301665,22.76012746251985,21.804353706970343,21.604862,21.384048,21.979113,21.904171,22.16042239669593,21.47411220152147
21.822874779333333,21.632024869827507,21.91577020963156,21.526913,21.796942,21.248281,21.725471,20.91870778126625,21.149130156354776
21.85215505500201,22.43078346978201,21.44459907120353,21.53215,22.364143,21.545187,21.43874,22.1114814851758,20.907107268946124
21.852850083333333,22.693599320946905,21.833084080113487,22.105867,22.819416,21.814026,22.428698,22.32733771347715,22.45314702784941
21.87218292066667,22.699088586974614,22.59109041626588,22.457504,21.862131,21.049976,21.27589,22.307759553597265,21.96556225779154
21.87454860933333,22.38287375880764,21.474067301476506,20.910822,22.149755,21.528889,21.282654,21.775574075499502,21.325994951441697
21.87507123556045,22.739076084254847,21.89569958614951,21.257566,21.876696,21.798328,21.339811,21.47240357310492,21.14356938304408
21.888976871450424,22.59614699873576,21.678045688681784,21.55842,21.650417,21.690792,21.959026,21.749810966259428,21.48797061216249
21.897309422,22.479949237534434,21.128767234807352,22.01715,21.643845,21.563585,22.731544,22.241127619532232,21.570909603343225
21.914631558666667,20.971380653483127,21.60585729262724,18.282372,20.086657,21.036303,21.657944,21.2816862540433,20.853096313552268
21.931332202000004,23.02928497071688,22.50856869079652,22.033829,22.136183,22.168303,21.682787,22.169955335746145,22.282251375503648
21.93503078907221,21.93465528052889,21.23277004872054,20.95405,21.367237,21.212704,21.698723,20.87672798989005,20.760505292307577
21.938677135333336,22.80718602068166,22.64522598867652,22.23775,22.10489,21.722189,21.802294,22.30741297084173,22.201979666949693
21.94134757,23.447041239699324,22.73908136078423,22.572575,22.121809,21.54136,21.65078,23.067149226171864,22.10635950004006
21.94341849066667,22.536732642826053,21.955835544278283,21.782648,22.392841,22.040773,22.206745,22.260359639318104,22.31098599287084
21.95049420533333,22.78358294476405,22.04240888944124,22.181492,22.286783,22.135946,22.43385,22.76181341317704,22.592216526738984
21.96179405133333,22.69297528806397,21.392814425442275,22.373741,22.923008,20.678253,22.334812,21.98790434910911,21.760891335820823
21.96655252,22.379384615575404,21.75548273849317,21.495481,22.140755,21.627388,21.370266,21.76750806956508,21.38923682687057
22.00255645,21.38945396691785,21.82608760588284,21.555855,20.415297,21.423452,21.685034,21.78318617423762,21.10642764861255
22.02319953154272,22.652370052759675,21.69438905683539,21.348576,22.720062,21.943348,21.838434,22.27408636680033,21.23299991089573
22.059733862,22.762454822019176,22.14105105303833,22.316538,21.701735,22.231829,22.530045,22.45505149189333,22.506688430528374
22.06584842832808,22.921585560091643,21.795696529022504,21.540146,21.000587,21.939146,21.878664,21.79682258832012,21.36572093969262
22.070024352666668,22.780670847310567,22.098748679579185,22.478268,22.046028,22.345898,22.283066,21.83640159540955,22.625886767159137
22.077910804,22.958149111040274,22.866501626891075,22.607786,21.813618,21.636974,21.50055,23.034030503357805,22.203084787296184
22.079246077034966,22.114571835793942,21.101772291388844,20.57979,22.037884,21.495014,21.414404,21.510305647760585,20.63554928441107
22.07930401933333,22.71457744985025,22.141069233444192,22.585392,22.003681,22.277819,22.381792,22.341465695886825,22.38393009862557
22.09277086266667,19.96693087260986,21.12305358474553,19.38677,20.3851,7.5065255,19.702114,22.569797140058785,22.409203878768164
22.097367126530525,22.15798997380333,21.43775211445705,21.269884,22.661161,21.002054,22.247637,21.674573513812604,21.16008613266857
22.102571584000003,22.30951117674968,22.106531670293624,21.841084,21.22236,21.211327,22.04644,22.25502727967071,21.481517759269156
22.10408830727293,22.202256956826098,21.52832009559051,21.098145,22.136488,21.216215,21.762028,21.180498379705178,21.271429134163817
22.13953255133333,21.68157837913292,21.932434210345225,21.569443,21.282131,21.630215,21.578571,21.746994424726207,21.200850747278384
22.14696360266667,22.41231076843464,21.897692963504607,22.171824,21.636644,21.74641,21.455147,21.56793379024377,21.550042018132643
22.165441606666665,21.317202545480484,21.92170472823083,21.47002,20.498192,21.506596,21.725853,21.633667325935804,21.14550868972737
22.166284906,23.01006210697864,22.921364866404343,22.38303,22.107403,22.289083,21.984219,22.886333035411702,22.38185071053752
22.169687261333333,22.566481808911533,22.50856869079652,22.0515,22.128172,22.407833,22.688513,22.127656277368946,22.033770778513315
22.171061368,21.94033629729898,22.269396758504,22.054104,22.211824,21.779682,22.139866,21.436620101655024,21.63348462519164
22.17394393933333,23.59539140552651,22.99935967100663,23.233194,22.257635,21.719408,21.629946,23.066702160141247,22.1881946933377
22.183762516337868,22.651392619053563,21.810760943871887,21.239868,22.012926,21.676197,22.193258,22.17982535058401,21.136233404837903
22.186731389334668,22.72813019773216,21.81172948166115,21.457743,21.680414,21.710215,22.321068,22.14197844849577,21.23495444245289
22.191683946666668,22.122713234527406,22.269396758504,22.227581,22.461525,21.066883,22.427666,22.755010600174465,21.811895573933377
22.19463907266667,22.01512186520558,21.738268481567445,22.995518,21.199156,21.490566,21.913616,21.41604765731221,21.75139775764046
22.212043653911312,22.706049290134256,21.69438905683539,22.164888,22.667128,22.400114,21.778046,22.49293223234462,21.50599857879005
22.21692636133333,22.91051353482491,21.498798423956057,22.53267,22.337751,21.724434,22.892157,22.657143736400915,21.75074865767581
22.259668224,23.453417878705466,22.83305518332141,22.390095,22.814167,22.443436,21.945082,22.658612474552854,22.41450596868854
22.263028586666668,23.26564301966353,23.060325175847463,23.090307,21.838715,22.011278,21.658619,23.286359889223085,22.363476003284067
22.266154979333333,22.17687953977737,22.017326978844487,23.11555,20.764883,21.917019,22.787693,21.87281516226385,22.139304697472927
22.2741848566144,22.590973619335777,21.814797922549506,21.570028,22.266928,21.770296,22.366726,22.51120950448668,21.312566497259063
22.289757914000003,22.315435935470447,22.64522598867652,22.47684,22.780224,21.918793,22.392185,21.971861294253173,22.12046519124794
22.31049544933333,22.98798432601812,21.99645149217009,23.125515,22.495838,21.892208,22.904566,22.790036986652797,21.94634720058519
22.34011135333333,22.899846602369696,21.69585357939635,22.625263,22.7866,21.24441,22.62679,22.549188622195896,21.99590382670152
22.355225634666667,23.93894561404197,23.156780317045524,22.597435,22.05133,21.906307,21.61468,22.96711404707905,22.432965462195227
22.361870254,22.74251276362644,22.50856869079652,22.484112,21.626581,21.40984,22.43004,23.11586261643416,22.014665326022502
22.362052533333337,23.55625272046402,21.94328980909599,22.920704,22.580418,22.00007,22.870937,22.60988643637195,22.184760261403543
22.364179944,23.19015721377693,21.79314456946288,23.073002,22.685017,21.887127,22.888178,22.807843194709363,21.88394799391269
22.37915491733333,23.16558518707661,23.182658183387822,22.94767,21.489426,21.926655,21.76831,23.071878234114752,22.277968958082692
22.392248696,22.76852376852353,22.921364866404343,23.103237,23.181206,21.749916,22.908531,23.84906123022891,22.453557943049137
22.41486746733333,22.891960302559216,22.83305518332141,22.61207,22.80829,22.651628,22.831636,22.707128197369297,22.21037530788652
22.444688486666667,23.12349077726344,23.11706975072141,22.205486,22.114916,22.683447,22.077732,23.265505198429008,22.50635475366284
22.481966947333333,22.73083623231066,22.005078137577588,22.799984,22.186474,21.741209,22.92789,22.71219351042089,22.06883078699658
22.484387380666664,23.62234781954393,23.081268589489515,22.746893,23.126837,22.6824,21.956816,22.936132342462727,22.415940352306887
22.496783860666667,22.8391980888524,22.25889457562171,23.620045,21.530228,22.357046,22.303396,21.703277254385046,22.14904634864807
22.508128096000004,23.41176587106072,23.20226903634124,23.045397,21.883856,21.918425,21.661062,23.125120860343458,22.16398434472809
22.520248796666664,23.09740731148061,23.081268589489515,23.228207,23.128887,22.97284,22.860935,22.75036514923203,22.273743705913272
22.523568512666667,22.90451867837981,21.90905452479944,23.150427,22.69793,21.665497,22.832678,22.995888702169037,22.152581119637144
22.526726729333333,23.72944842439989,23.23364912830409,22.104254,22.744095,22.933422,22.013435,22.705992741890235,22.701652409068448
22.63429170466667,23.28879044058228,23.269072419421548,22.250854,22.507952,22.877405,22.116575,22.85611039028761,22.42905051645366
22.649914546666665,22.82668365841383,22.49484885454,23.27478,21.7886,22.198631,23.234337,22.49048565061182,22.658428732351776
22.68820898,21.829391678523997,21.98365736014988,19.360525,20.494717,8.626025,20.2666,23.856661138486967,22.87537715186657
22.695886885333334,23.133524674116572,23.244090362432303,22.306887,21.851852,22.769342,22.236034,22.83329011814988,22.44665648382956
22.734350964,19.60582471892149,20.24515385027846,23.78285,27.60705,23.47904,20.573154,20.12304662336956,19.59795919280385
22.73938103270383,22.484406148526865,21.71699246329045,21.161867,21.973568,21.710457,21.771141,21.557713275065133,21.32783210107845
22.756330730538284,22.182362989024814,21.10458515732719,21.099838,20.94893,21.127623,21.800285,21.04284507196996,20.926585798574607
22.7801798,22.452340912842136,22.64522598867652,23.117828,23.280045,21.186867,22.72039,23.21958266087145,22.299997737035177
22.817590284,19.829709763192557,20.070452282667997,15.34413,26.844677,23.382742,20.756126,20.58955075446519,20.13993093827561
22.836706366666665,22.62443774655681,23.11706975072141,22.793919,22.686628,22.926514,22.854177,22.934731040684053,22.53637666024316
22.858910248,18.432003394187085,18.49901296939969,21.544239,25.485806,20.452238,19.377756,18.347454794062138,18.049750387987707
22.860537906666668,22.566555099068477,22.921364866404343,22.837147,22.641956,22.504395,22.682777,22.59027245999898,22.356344195446347
22.86641166933333,23.013960082232952,22.83305518332141,22.818602,22.447367,21.688261,22.663898,23.515045978488192,22.22762380273097
22.86918697666667,23.31224115987989,23.23364912830409,23.238804,23.034943,23.203657,22.823524,22.62669024505157,22.58787474571817
22.902404474,23.387076054832114,23.23364912830409,23.248405,22.650484,22.190092,22.77505,23.593265454871744,22.61961905761329
22.925229688,22.75321170089513,23.244090362432303,22.882002,22.439957,23.029509,22.956882,22.55734538733648,22.44741801240618
22.933902379333333,22.924173657263527,23.269072419421548,23.336452,22.887796,23.160873,22.887543,22.619900509467687,22.36210065201917
22.934207814,23.355457330184866,22.836296531054952,23.980278,22.405985,22.565348,23.39244,22.922993614949288,23.00961993569608
22.98885217733333,23.352418674158788,22.668622447272288,23.551231,21.845522,22.625603,22.490358,22.52999612544792,22.72080698152173
23.13029222333333,23.07966397579511,23.081268589489515,22.937817,22.840487,21.897606,22.763824,23.80230364875848,22.334261496439947
23.260197926666667,23.64734566472966,23.206862573292355,23.907024,23.122952,22.636803,23.420311,23.35106016555672,23.48423009698773
23.35140254842952,22.402012178969468,21.69438905683539,21.73818,22.62195,21.49477,22.335878,22.01895519818208,21.277588846769884
23.396855802666664,23.602466367245192,23.076922109085103,24.000826,22.517658,22.923376,22.673738,23.34100729153238,22.934570883444387
23.486877862,23.3133792022742,22.49009308836541,19.407743,19.453918,10.1929,20.099827,23.302287267906603,22.62303726468476
23.51752397066667,23.75974808947175,23.393936997058063,24.121702,22.988195,23.135523,23.441793,23.771107227340497,23.519207004345027
23.586547932666665,18.87758084821345,18.660949680860572,23.418482,26.40399,21.355455,19.889736,19.121625945198023,18.63336242105594
23.62357074,21.85610131083098,21.41686586227948,15.465527,17.924623,10.783441,19.794401,22.690469681014733,21.94524449168088
23.778491328666664,24.053655991024883,23.579913148868386,24.331842,22.7293,23.402172,23.398611,24.089481312015383,23.504896131232684
23.78088228933333,24.16572376766608,23.582941252958104,24.861998,22.609823,23.519106,22.826948,23.221106642249676,23.4255671961007
23.793480318,23.800575399282668,23.362657646737524,24.373833,22.827162,23.177057,22.781935,23.485072445127106,23.017668038100464
23.806069152000003,24.211110171417896,23.66487089146917,24.058949,22.282759,23.455708,23.253246,23.73470123631829,23.31785428712452
23.818813082666665,24.169896682444094,23.669729396931817,24.20824,22.646814,23.488926,23.03377,23.66352641220739,23.18190875356284
23.88486327133333,19.459784825417746,20.428174225837523,18.624432,18.828524,7.234251,18.758795,21.32506873899505,21.567666610881343
24.18967019733333,19.635424154597292,20.849975481917497,14.425576,19.772638,7.384979,19.495464,21.981093753509857,22.046404269245297
24.272517678666663,19.621878400642064,19.86631746063624,18.936064,27.332693,22.537746,20.30363,19.508995802379296,19.26228663855381
24.400390610666665,20.655895281933173,21.47127044651505,21.52762,21.152277,7.453313,20.05005,22.927249795936568,22.81951596235154
24.666264194,23.091417684580406,22.03265250660276,19.14695,19.372768,10.325281,20.095411,23.289833484038333,22.329562697078615
25.554106506666667,22.486494328550457,21.707679919467047,20.109749,18.7888,10.63781,19.996069,23.232075935882964,22.208324767448907
25.792038466666668,19.61451236849301,20.063785197986263,20.701408,24.840935,23.319586,21.08944,20.597214712349032,20.38131740286628
25.80998476266667,21.19528649044297,21.695381324384567,17.895802,21.005795,8.098927,20.20094,23.50530065496645,22.88639843327849
25.840424187333337,19.788715785261576,19.50807601696998,19.788084,25.556364,23.31901,20.982998,20.957876897972252,20.25982608267257
26.194337564666668,19.876988859254663,20.26361762579741,16.470736,23.961458,23.237377,20.950886,20.666202865877885,20.615708701815663
26.283131710666662,18.409930096023484,20.17700495251156,16.059875,20.037067,21.78873,21.245354,20.36838779155524,20.15280854232041
26.740261803333336,19.336185896776595,20.328588710511408,18.537737,22.394646,22.902067,21.179607,20.59711686022652,20.332959857872797
27.10361064866667,18.857033988240705,20.480025029579146,18.281275,20.58375,22.255476,21.307293,20.734681553551805,20.256451250866043
