P_st_pu,I_F_PV
0.010563749866973261,0.7606931426691836
0.03486164572480075,0.2511336126926232
0.06799214294993502,0.15174816903264027
0.10498461187284738,0.11890509748747594
0.1431908291282841,0.09539388710879344
0.1811817247324121,0.05284310882587778
0.21810932455637835,0.032790663374597594
0.25341837323006017,0.017916248397863568
0.2867135501854825,0.015955232231649342
0.31769468873096035,0.005164436280291327
0.3461232506176134,0.0066103579372973125
0.37180407056138104,0.010011007186514279
0.39457498711260713,0.010907424263016488
0.4143007431364512,0.00450158961308446
0.43086931064170275,0.0026002058339785615
0.44418963602858047,0.0016541786913866008
0.45419023781001766,0.005361676469886931
0.46081834028768814,0.005764483960689619
0.4640393486756647,0.006705966699155446
0.46383655073781477,0.0072271145807856025
0.46021098677884514,0.009257971775989738
0.45318145750118277,0.005641364446460153
0.4427846730775174,0.003737381721497024
0.42907557456803214,0.0017795667248010694
0.4121278918605457,0.0034661159243594003
0.39203506388064957,0.001749004894649306
0.36891172076981654,0.002087635598514017
0.34289607111076453,0.008243651729579207
0.3141538039710887,0.013996069258268632
0.2828845727499813,0.019892359073867057
0.24933306217888113,0.029670930090713764
0.21380856652366473,0.04190700304599989
0.1767211335191347,0.051512516472272334
0.138651879216982,0.07290399582630903
0.10049816488672177,0.11503882967049506
0.06365690880252291,0.2102998082227019
0.03129988946514461,0.46777492366347806
0.010332383774732971,0.688510795845046
0.03448268241632005,0.22421590261643543
0.067565123589584,0.13313069869583516
0.10456918165591429,0.102493693377459
0.1428203744797138,0.08189917385854124
0.18087648615042423,0.04542087916965236
0.21788270525540518,0.02811818091125801
0.2532798932610689,0.015302940101366163
0.2866703031493153,0.013537765153082753
0.3177521051166417,0.004303238179420042
0.34628552075116686,0.0053186114554811875
0.3720743906488576,0.007964448750823782
0.3949557086310339,0.008558619253298313
0.4147934670601861,0.0030647335786076306
0.43147494911092515,0.0013213456879097424
0.4449084541987056,0.0007066830459458261
0.4550218832639883,0.004613152708069846
0.46176186439186107,0.005394704404142055
0.4650932224004179,0.006511087770284129
0.46499867621758734,0.0071656443771058904
0.4614787050172061,0.009463719036628099
0.45455155181539897,0.006314400665280685
0.4442533669438087,0.004837652549592091
0.4306385213890274,0.003354833381367803
0.41378015244905936,0.005514041933288515
0.3937710645840869,0.00444681732415591
0.3707251804663085,0.0010184617227380391
0.3447798768780217,0.006170266308159443
0.31609979967075963,0.012148900038247526
0.28488319496845627,0.017454328816856327
0.25137269774889837,0.027172946498425186
0.21587437820839764,0.039011074618537804
0.17879281425856686,0.04647077841085243
0.14069911708944172,0.06537620040363393
0.10247092178641477,0.10384291852141532
0.06546116689260253,0.1913294318699066
0.03275758709552625,0.41837219403722864
0.010140250207355267,0.7220233910020626
0.034170418042054625,0.2323002374283177
0.06722070474212931,0.13672717825708958
0.10424565344442711,0.10453380028090825
0.14254769243879856,0.08326919435067466
0.18067298819386465,0.04565701131411461
0.21776064172728485,0.02779665607554233
0.25324802184955275,0.014566833695666994
0.28673517141485555,0.01272961002144605
0.31791872419094375,0.0032031107063706645
0.346557739541615,0.004173068429590499
0.37245511409755505,0.006769590680600547
0.39544703062750863,0.007288275127061684
0.41539675460583586,0.001589133276347354
0.43219089767275454,0.0003777524747143025
0.44573712553571,0.0018247612489346841
0.45596273224258055,0.0007855386619576466
0.4628137586407344,0.0018031425887151111
0.46625445701490215,0.002241541666048487
0.46626698456121574,0.002920073382939068
0.46285126588263525,0.0030464720605568566
0.4560249924265139,0.006817777475866745
0.4458237603710163,0.009660592916136749
0.4323013758278161,0.012797478580193335
0.415530388064058,0.01404782838174583
0.3956029707744013,0.017784356995766363
0.3726323416817992,0.01616888739270325
0.3467550466995072,0.012064666743352395
0.3181346873697972,0.009149471306884316
0.2869680990716315,0.01127594829146575
0.2534958614950109,0.009343058745190392
0.21802081557684405,0.008191904317494971
0.18094207372079507,0.015196960190814564
0.14282078496604927,0.02063487729259313
0.10451502512796429,0.0238687733030179
0.06733419939678804,0.023903096845873863
0.03428308226521239,0.042452558902665666
0.010217981308035608,0.20065340573418147
0.033924720083349284,0.1788623237622058
0.06695917533208451,0.10646076558155902
0.10401448824108107,0.08262187490069765
0.14237328690051496,0.0660111129104987
0.180571710668247,0.037229632944710794
0.2177435523250752,0.02365724290070121
0.2533230933697258,0.013642659343842362
0.28690839090353903,0.012240044236512296
0.3181946736708064,0.00504177763672926
0.34693991975591937,0.0059633975916230965
0.37294613405636823,0.00822011718036487
0.3960487235102886,0.008821355190283214
0.41611025154842335,0.004617770990606
0.43301667661430426,0.003406986127245299
0.446675044897291,0.002893773273613517
0.4570120550636459,0.005788406066629504
0.46397317049182085,0.006345860938501065
0.46752207955126346,0.007239191450590875
0.4676403855528291,0.007839866717174175
0.4643274658270139,0.009588144048869155
0.4576004671217542,0.0074099805531512705
0.4474944379328368,0.0064830496987460864
0.434062625535222,0.005576829680264887
0.4173769966556457,0.00733307199658895
0.397529098998329,0.006802881274599423
0.37463144916746294,0.0028070520043463184
0.3488197648299402,0.0046605363093891366
0.3202566044068956,0.011173733196396078
0.28913739235875735,0.016185732748425597
0.2557006525291341,0.026155784085028926
0.2202459994558107,0.03815755213453239
0.18316709792617222,0.04537529543004446
0.14501520177845392,0.06390836274182526
0.10662904014770222,0.10182112080828445
0.06927502580737739,0.18664308155281673
0.03587628196508585,0.3969691188282612
0.011149779072879727,0.8802305606639371
0.03374554373784175,0.05150593006166349
0.06678084674030167,0.03150598290016034
0.10387613382451392,0.02508099704814165
0.14229762825904324,0.02027918957478672
0.18057308748334247,0.017787107267645694
0.2178318013987503,0.01644577389208194
0.2535053826282358,0.015646348379519972
0.28719013400551163,0.015012471885841407
0.318580014869181,0.01473484508677676
0.3474320056890061,0.014899715495654789
0.37354727375152913,0.015302456634919723
0.39676048683699283,0.01569200211515234
0.41693353232089575,0.016041667754650137
0.4339517347714273,0.016620265256809545
0.4477215359260731,0.015658363009396284
0.4581690513875827,0.007658576473324357
0.46523917759742395,0.003624652790304039
0.4688950483645465,0.0004734469997149858
0.46911772168292626,0.0017470247857715403
0.46590603563267813,0.00683411654469838
0.4592765998679799,0.00602880447193264
0.4492639224440662,0.007159586661832103
0.4359206986497517,0.008618468580924203
0.41931831907319056,0.014854912183028677
0.39954771125247623,0.017955061770600255
0.3767206957748902,0.0184460941357311
0.3509721663097331,0.016508057931929637
0.32246364154357954,0.017107081885958626
0.29138913798015986,0.020740491454782732
0.25798512781984373,0.022357739414697497
0.22254800960553037,0.026440725815821242
0.1854660310451208,0.043673261265385836
0.14728064000554758,0.06256282430521534
0.10881147279914544,0.08955938407238945
0.07128257526794134,0.1378432128537282
0.03753693293308365,0.2884299728209374
0.01214914331168148,0.5997824274764093
0.03363293306207817,0.21269165646119803
0.06668604887007293,0.12545879772298904
0.10383101834127112,0.0964516046121031
0.14232114601279663,0.07700457183464568
0.180677499000407,0.0492112630218346
0.2180256917759092,0.035865939200172
0.2537950976799511,0.02620059646130414
0.28758050287011877,0.024304036607609682
0.3190747365769689,0.017665397886429304
0.3480338677110517,0.01842529461403192
0.3742582817753779,0.020583248246906497
0.3975819453496663,0.021316350518253674
0.4178660968213464,0.017884477438302702
0.4349954471264942,0.017233538632667824
0.448875849449445,0.015573073883623306
0.4594328494251873,0.009705042682887329
0.46661078782099763,0.005817482451168512
0.47037225395228593,0.0031456674933093417
0.47069776976493205,0.0012989209122682263
0.4675856428127584,0.0029445301032949
0.4610519539765799,0.004393381248207557
0.4511306788522085,0.006793086481149833
0.4378739683958393,0.009576722289657063
0.42135264433550307,0.015034913105943055
0.4016570208836106,0.019376726589369307
0.3788982289383664,0.020036107544309654
0.35321034397222245,0.018299514957079183
0.32475385042892246,0.019020287138206176
0.2937213628026508,0.02410710940972073
0.2603473103272223,0.02684247951443924
0.22492489300882904,0.03244632026780334
0.1878369836908628,0.051386010601741604
0.1496153337496873,0.07338229102265927
0.1110607774895921,0.1051106530591612
0.07335569386398196,0.1624705118171121
0.039264627506019154,0.3333411004712842
0.01321759481543732,0.6866180335248938
0.03358702267565434,0.18062821193333978
0.06667512759170946,0.10234596383170483
0.10387954569055374,0.07555889768490914
0.14244422328076403,0.05926015708304344
0.18088526626342719,0.018261234451471185
0.21832545901833542,0.0011809863346472964
0.2541923742784093,0.01553827465438259
0.2880795241988131,0.016467380613460345
0.31967875024506864,0.027596207151390568
0.3487452978735696,0.026853777479237825
0.3750788281202107,0.024433011439584654
0.39851264549231663,0.024645946392136995
0.4189073674314043,0.03240909895317593
0.43614711234431364,0.0359485849808076
0.45013716154278643,0.03531546575492283
0.46080250451889393,0.014827026491028518
0.4680869383353432,0.006298415515316599
0.4719525185641555,0.0010247529992509538
0.4723792410510882,0.005696855953725417
0.4693648922228008,0.01804182940271147
0.4629250331960527,0.011938117410534407
0.453093115807707,0.01162735066857807
0.43992075510082695,0.01187502315231459
0.42347821206917086,0.025761266657070882
0.4038551954115192,0.02934734239447068
0.38116215383804625,0.024509075601199432
0.35553235192336496,0.011049391713731777
0.3271252473503942,0.003521004904236088
0.29613206137425796,0.0015237186084929011
0.2627851931235117,0.010297054081807606
0.22737466807178683,0.02057552251673388
0.19027803711904648,0.0029797596105508393
0.1520174829224134,0.003534949643111138
0.11337536124193812,0.006764504626790133
0.07549314904177706,0.04018067035406592
0.04105880824170052,0.06805041225466514
0.014356372236899848,0.1160596490734197
0.03360803996120802,0.1869008066636966
0.06674844361679094,0.11039485072772436
0.10402209272540895,0.08460145892625692
0.14266719326018013,0.06791732152279033
0.18119664717052064,0.04481125387201812
0.2187312675330214,0.03366661592357007
0.2546972720904756,0.02564431631326392
0.28868714556597774,0.024043938540765374
0.32039188647471684,0.018635324100138607
0.3495660066081242,0.019252272092893655
0.37600850111723766,0.02103378449863569
0.39955205259893933,0.021705966757251564
0.42005668646308403,0.019047367705614056
0.4374059504793063,0.018663613339518676
0.45150457149608625,0.016934476336506306
0.4622769973823677,0.009414174729883144
0.46966649413394435,0.004840898370210611
0.47363459498466187,0.0015186357995281249
0.47416078027264835,0.0010677847542906792
0.47124232534921473,0.006084949260112086
0.4648942812420337,0.007094944195226494
0.45514958542072315,0.009550139592260335
0.442059326167807,0.012444134193189887
0.4256932126833827,0.01914170163363448
0.40614035689579936,0.02389902661634043
0.3835105339509294,0.023117223329924864
0.35793620623789535,0.018482170179257643
0.32957581404773884,0.01691834380470098
0.2986191968154294,0.020856632994526184
0.2652967403319921,0.020383668229624407
0.2298953255821363,0.02239066908167696
0.1927872441938428,0.040864513818849306
0.15448525423196147,0.05865806674296324
0.11575358489827753,0.08026601922024489
0.07769363161001124,0.11360190584569979
0.04291877144762032,0.22601148353248252
0.01556642437847335,0.4587760766310101
0.033696306782530015,0.1964526748656361
0.0669063717152652,0.11478733517617637
0.10425900724665929,0.08763695435597037
0.14299033665689811,0.06957657054403821
0.1816118336519571,0.03639879258584959
0.21924320765462765,0.02076315804297697
0.25530977172519,0.009167659839853175
0.2894032324987832,0.00770410293261194
0.3212138921708509,0.0008276273738286717
0.35049561997681566,0.0007682782821813234
0.37704680480314806,0.00251275868676275
0.4006995483657688,0.0029434976564306063
0.42131331374294434,0.00223784343885775
0.43877110067266645,0.00397397827658383
0.45297709963335725,0.004747636970995831
0.4638552320404834,0.0005992856009375317
0.47134824609187925,0.0006269723952225263
0.4754171647116251,0.0016213548861059108
0.47604096394254863,0.0021667367906556055
0.4732164187358744,0.004432355143953709
0.4669580803398549,0.001162572625699499
0.45729838190965133,0.00048034933728316855
0.4442878948294442,0.002181536129123257
0.42799578622097945,0.0002674319987671545
0.4085105808799097,0.0015088067334002014
0.38594139006890577,0.0028809148642063805
0.3604198840429692,0.005391823259370046
0.3321034968489099,0.0073694804222387824
0.30118069998695535,0.010212793489369194
0.2678798863167283,0.014229608883619042
0.2324848279129251,0.01906652919269683
0.19536262860559037,0.021751458827682417
0.1570167804894107,0.02904577470139224
0.11819376282227186,0.042726485236848376
0.07995575659708799,0.07151926331525355
0.04484367044906138,0.1354970080132729
0.01684840628198049,0.24308757688082988
0.033852239571486205,0.03321524297920569
0.06714929895688634,0.021109992596678513
0.10459060542003817,0.017731550978027172
0.14341387872900357,0.014257542564110017
0.18213094854017725,0.022741806148415155
0.21986129244148675,0.026273358595082088
0.2560297715299895,0.029328231349082145
0.290227565303469,0.028374606649341452
0.3221444274188472,0.031247451483492998
0.3515336766088323,0.03112040488531089
0.3781931559187377,0.03086740537600001
0.4019544279433092,0.03140650630435069
0.42267642380536047,0.034241810693355225
0.44024161846513954,0.03611573786170504
0.4545536847399272,0.03372622176967476
0.46553603336941557,0.011755036554366672
0.4731309086216497,0.0020685846576736226
0.4772988357298785,0.007899219583847063
0.4780182982472655,0.013976459568571107
0.47528558199304594,0.028292243173444503
0.46911474935331,0.025613286961997887
0.45953773985448815,0.02851272028636325
0.4466046185169528,0.03231719079416836
0.43038402083937316,0.04957110840899051
0.41096389496126284,0.05787835642089463
0.38845269895795415,0.04702651492361598
0.36298132226537433,0.021233670724492462
0.3347062054951757,0.0045959796701756876
0.30381446841796284,0.0010479487851211156
0.27053253468146576,0.022789518312338383
0.23514110808841548,0.04451051852322037
0.19800218404684058,0.023075847984098886
0.15961016002256173,0.02644154049725298
0.12069416283745128,0.06043974281038605
0.08227806454710718,0.15554646118227433
0.04683251977360876,0.2963618706197392
0.01820267959126961,0.3664338643463822
0.034076347121534914,0.15600317354128634
0.067477621250594,0.09182186303382472
0.10501716780478641,0.07045156571452417
0.1439379851189891,0.05611192834902424
0.18275404136119308,0.03554605242639861
0.22058545351694608,0.025658307813709726
0.25685708353685655,0.01848643974138317
0.2911598351000356,0.0170603852266175
0.32318306165249133,0.01211888978477123
0.35267962401341385,0.012639614338107846
0.37944688039264296,0.01418398670071426
0.40331589659779277,0.01467038430546168
0.4241451027421466,0.012078106671212018
0.44181647283299325,0.011530338556293518
0.4562331812996309,0.01035129646104773
0.46731814454834386,0.006584409327327102
0.47501311734448426,0.003993249722034703
0.4792781404086566,0.0022349422986288037
0.4800912171658367,0.0009924923041857386
0.4774481561393777,0.0017468760537976125
0.47136254235051983,0.002887006459296687
0.46186583298158396,0.004581178793183772
0.44900759786183136,0.006529564907140484
0.4328559520239805,0.010080297146823514
0.41349827822485447,0.013032244458572062
0.3910423929994954,0.013903486024661365
0.36561841746084717,0.01349172143147272
0.3373818131468123,0.014642890360566914
0.30651836642296193,0.018499680437743103
0.2732525585299313,0.02126341435542134
0.2378620701927648,0.026057961844320462
0.2007038748071338,0.03893481998851092
0.16226345754933813,0.05438831416606611
0.12325300770579643,0.07679598915785277
0.08465902444381086,0.11628415277176815
0.04888420126448133,0.22060528803139337
0.019629317616374587,0.3865206032992651
0.010102610875968341,0.5606576870916846
0.0343692258481604,0.17784107425186296
0.06789173796012121,0.10571088332275454
0.10553893389963982,0.08227003445912906
0.14456275648770336,0.06541532010700044
0.18348108311899497,0.016773352830038776
0.22141553603705935,0.00571392216485748
0.25779142863169413,0.022686431980739264
0.29219963929174114,0.023228199519379038
0.32432926940244006,0.03645703101709903
0.3539328146486348,0.034887047009041536
0.3808072097327032,0.031234053043145363
0.40478306642988254,0.03100609301007728
0.42571834526126184,0.040264736066505796
0.44349454359406076,0.044224869157643204
0.4580143572641511,0.04259434664669465
0.4692002251956997,0.014544368118828694
0.4769934275990267,0.0030688424151331943
0.48135353438144346,0.00840798451359719
0.4822580817316362,0.015430569299700547
0.4797024132450718,0.032998220642768986
0.473699648619112,0.02617880262971358
0.4642807745459145,0.02715404932454993
0.4514948774400487,0.029014913115632212
0.43540956368413153,0.049158409120916936
0.41611166268234706,0.05599573999131548
0.3937083619492814,0.04486231366425271
0.36832902787948185,0.018127108600091223
0.3401281587318389,0.002909227293217761
0.3092902277535536,0.004827256043946482
0.27603780336646294,0.029358192987990746
0.240645592507058,0.05280199407649444
0.2034656391325775,0.030909987629088365
0.16497470786912738,0.035872408854098904
0.12586847945583565,0.0721005507238142
0.08709703947545358,0.17017538828810008
0.050997473074649385,0.31058431337996145
0.021128115480283583,0.36631269659915305
0.010288932655772609,0.30914076622225667
0.03473155261337595,0.09959237615685647
0.06839204481034286,0.0595289855817558
0.10615609547079227,0.04633580371579474
0.14528822221900867,0.03704732806722055
0.18431196037126052,0.019638441582222246
0.22235129314170202,0.011482532679748025
0.2588324314168319,0.005433069449087429
0.29334647681164305,0.0047144508919992785
0.32558242599303694,0.00036546985446186167
0.355292502070041,0.0009608233269159614
0.38227327765525515,0.002251274761426516
0.40635495351349227,0.0025789448454623188
0.4273950523495023,0.0001791139588824835
0.4452746196246266,0.000914165244543055
0.4598958928106138,0.0021113024734912738
0.47118085067475984,0.004404273651859006
0.4790703142967539,0.006449167480888362
0.48352339695901736,0.007949620984452278
0.48451718099414764,0.00930978363487657
0.48204655793725715,0.011453023025856096
0.4761241947138624,0.013435785628122943
0.46678061991155967,0.015685324660187967
0.45406444886921987,0.01826167380099454
0.43804279175048105,0.02160946041743913
0.41880193732554494,0.025235499253634892
0.39644845744515594,0.01937856590655613
0.3711109784005177,0.007575118035699402
0.3429430522906711,0.0023491288778569
0.31212786131508913,0.004300926579500854
0.27888609314853025,0.015795689646565327
0.24348953387345154,0.027755331435796306
0.20628539593002337,0.026021727019963723
0.1677419229688587,0.035786646271606035
0.12853872713788927,0.06288319126668951
0.08959045618813358,0.12446408480241716
0.05317098198130493,0.23612059003992783
0.02269860546727331,0.3173583751145023
0.01051607558296749,0.5544749424216804
0.03516407498595569,0.18097212895316386
0.06897892490391778,0.10764018382812726
0.10686878837282504,0.08291883404138976
0.14611433289363132,0.06634084491032544
0.18524646827835103,0.034868484183381454
0.22339237958935312,0.020036302313448676
0.2599796144195878,0.009013385417061377
0.2945997429312046,0.007717330223858487
0.32694180294974756,0.0004806457423866233
0.3567578369513962,0.0009187817065917623
0.3838441167512719,0.0028852462625916574
0.40803047521882696,0.003344224590563338
0.4291740292689688,0.001580981414441454
0.44715539752055367,0.0031915041296660717
0.4618763796995632,0.0038209201731945757
0.47325851215464465,0.0009158257178641582
0.4812421726933497,0.0019738433088810933
0.4857860326024139,0.003222504331917689
0.48686673419277177,0.003943828795847056
0.484478730268118,0.006462784097147409
0.47863424800943266,0.0034514426567986167
0.4693633707717459,0.0021168198948771193
0.4567142556787181,0.0008386019897333507
0.4407535296715288,0.003172301474552072
0.4215669542496121,0.002314934773669968
0.39926049970557226,0.0011056148322932254
0.3739620677714448,0.00659492976838657
0.34582428269329224,0.011395928596119077
0.31502905929621516,0.015530381099753824
0.28179523883263075,0.023125614815485234
0.24639174262525837,0.031948463489142986
0.20916105408157024,0.03605516169299841
0.17056310177011016,0.04802589606446434
0.13126187725988495,0.07134753943811441
0.09213757633456393,0.11896058663049905
0.055403278550998906,0.2140346714830249
0.02434007699507913,0.32588756506582345
0.010785367369556917,0.5471401025236285
0.03566759884222318,0.17946026284266514
0.06965273776336983,0.10671866419437095
0.10767708282243121,0.08214301395891715
0.14704095143653273,0.06556151278941325
0.18628430246894068,0.04223528237305805
0.2245383442578041,0.030936818739062157
0.26123239123707476,0.022741130734313768
0.2959587230691334,0.021012469940719907
0.3284065624923389,0.015390556771822333
0.3583278623154943,0.01593771872963484
0.38551865443664496,0.017663172935414646
0.4098084469005863,0.018207059235800602
0.4310539829901408,0.015302449269270164
0.4491354798025401,0.014712477446450415
0.463954320253088,0.013255469970810117
0.47543161636631426,0.008168650720248652
0.4835073189203011,0.004816059957901852
0.48813967223373306,0.0024921066612926535
0.48930489284109857,0.0009015866393020988
0.4869970085625297,0.0027726280933813483
0.48122782028919997,0.003990517644780823
0.4720269794666257,0.006025298840741121
0.4594421983353124,0.008373690210433207
0.4435396341294697,0.012989349143678773
0.42440453501512365,0.016606242328245063
0.4021422845124003,0.01725070010783168
0.3768800761756692,0.015974542468240392
0.3487696257730683,0.016725596657699158
0.3179916058608068,0.02095271659529689
0.28476304753649545,0.023319277054080365
0.24935006618909022,0.0279404970675547
0.21209052244053103,0.0427299107535924
0.17343624063549562,0.05921884093047999
0.13403604507059394,0.08159370977688851
0.09478307325713548,0.11833139559153938
0.05772943500319744,0.21299698925562577
0.026074889170151803,0.3346057425551688
0.011111509753649915,0.5308613394784769
0.03627135383074693,0.1767481242166868
0.07045424694581823,0.10593602395431254
0.108630180536443,0.08194069934944194
0.14812346413874677,0.06558327083522383
0.1874854731676215,0.0437286304076821
0.22585272812721632,0.03308608677026237
0.2626570477774363,0.02540844914859635
0.2974918670835621,0.02364870729922202
0.33004687720242654,0.01845828284962413
0.3600741298891479,0.018991253603105475
0.38736954775967253,0.02066502368117719
0.4117624078223185,0.02126460508940104
0.4331091492789253,0.018725357964045838
0.4512896408022034,0.018352402468016546
0.46620489009494753,0.01687969889967542
0.47777561816745295,0.010662187599380906
0.4859413759006793,0.0068520242339152205
0.4906600029998174,0.0041961318438314375
0.4919073086836085,0.00238642982441993
0.4896769109097397,0.001862909950797195
0.483980196327094,0.002641605097299406
0.4748463934906459,0.0045443064994181576
0.4623227755863112,0.006768781774584055
0.4464750324112132,0.011970984868258597
0.4273878969248486,0.015577382223705655
0.4051661590151984,0.016636245119769397
0.3799362911015969,0.015873640121012833
0.3518490800546687,0.017272835003413846
0.3210839267618746,0.021872552669189214
0.2878560127669655,0.024985365304197003
0.25242859913294136,0.03057760695591691
0.2151348743095191,0.04666912803421124
0.17641853689948847,0.06497604319953353
0.1369133402676643,0.09036166692149195
0.09752681311778208,0.13234222723644756
0.06015006105956646,0.23692426617490928
0.02790478253935889,0.35426163726865
0.011497058091905158,0.39800718606298247
0.036977053552468095,0.13376844524139353
0.07138437120647691,0.08028743607852741
0.10972847810665289,0.06207694495664509
0.14936191222095357,0.049612954398687674
0.18884975887040042,0.029266447526525886
0.22733510033690846,0.01950679492363198
0.2642529765288067,0.012315079686713
0.29919841227174193,0.011104306122801154
0.33186184430039267,0.005996651599912277
0.36199560827873206,0.006501549516438692
0.38939564603007815,0.007976938985311667
0.413891096073761,0.008330401877785954
0.435338162403727,0.005419923584901223
0.45361641804968883,0.004582307473141888
0.468626537026666,0.003926950493779035
0.480288882731913,0.004348767541507161
0.48854263349923105,0.003876009460970051
0.49334524708074357,0.003792717096399173
0.49467214424599665,0.0036670146828583915
0.4925165486937605,0.0037555770008271235
0.486889445454579,0.002253089664682867
0.4778196499019552,0.0012280059988962917
0.46535400283418016,0.0001371236512973609
0.44955772992035825,5.928952086664289e-05
0.4305150483561692,0.0012552044717853033
0.4083301492481625,0.0037953611264445754
0.3831287732073889,0.007547796119491207
0.35506076090114524,0.011311067255291553
0.3243042165618642,0.015013029155267215
0.2910724390746955,0.020817817748437654
0.2556257960344916,0.02801099446246673
0.2182927680619825,0.03483028772040843
0.1795089269309778,0.047114653213713775
0.13989308071268924,0.06833799246040043
0.10032114486841427,0.10824669067460942
0.0626276093808991,0.1899145082117832
0.02980611256512212,0.25653440988560483
0.011931099593964503,0.27924571923555724
0.03775763991661425,0.09518777922247189
0.07240321877308639,0.056394816856672886
0.11092283441070439,0.042675770254692456
0.15070042155759794,0.034021934054358625
0.1903162478576386,0.01793622987963537
0.22892067791374093,0.010198887294178121
0.2659523520717561,0.00442228977816577
0.3010080992790115,0.00362732267996125
0.333779231067141,0.0006022639805376914
0.36401844986751536,0.00046834539086141106
0.39152177308672104,0.0006664411704054211
0.4161182413958018,0.000737490829017649
0.4376638545790547,0.0018680350438835553
0.4560379149711354,0.0028375669689800673
0.4711407839688264,0.003701599306593429
0.4828924859327809,0.0036984360292921935
0.4912318436053486,0.004494910105489415
0.4961159487103785,0.005048963221481051
0.4975198488485126,0.005714396578270285
0.49543638837940607,0.0062673716614273095
0.48987616548717444,0.008224499265953806
0.48086759717656546,0.009899072916570535
0.46845710691265735,0.01176422036943114
0.4527094717880379,0.013057212767225804
0.43370840966063745,0.01538395526234453
0.4115575307814715,0.012600838745713055
0.3863818644157094,0.006975776023569258
0.35833032989395586,0.0025830351783051376
0.3275797674369065,0.0020671649374593335
0.2943416401873449,0.002988218390130084
0.2588734963436102,0.007776485786382323
0.22149923684868517,0.005899955489763308
0.18264654816481432,0.00873964000633415
0.14291978544974335,0.018529543762628387
0.10316426985844189,0.04068834648287608
0.06516034765191496,0.07535301678645875
0.0317774034086163,0.08587471185939577
0.012415798867094074,0.19813184893526034
0.038614195545570475,0.069067098761902
0.07351109330138843,0.04217615620739689
0.11221308828176436,0.03293185360213509
0.15213852846920722,0.026473831721201206
0.19188425633209907,0.003837019058420699
0.2306086016591688,0.006877799968874914
0.26775416613588915,0.014996609897705548
0.30291978768127875,0.015093145120315602
0.3357977768022857,0.021508486703289795
0.36614128277940167,0.020834128906975998
0.39374645343495596,0.019212302520061342
0.4184422713880281,0.019229245206662283
0.4400845627787138,0.02385418467107333
0.4585523840058657,0.02595506836364276
0.4737458048984941,0.02511697706760858
0.4855845294262655,0.010411318515501604
0.49400704183909283,0.004034668442653758
0.4989700839254474,0.0014349136594946016
0.5004483455962958,0.004996888007845578
0.49843430700540264,0.013971013536640235
0.49293819448813037,0.010293703617368803
0.48398804172999305,0.010623161085153897
0.4716298701668154,0.011383370649248903
0.4559280241369632,0.02150504264386906
0.43696573889486784,0.024686069370772015
0.4148460621078993,0.020399057594396273
0.3896933325807676,0.009334096364908773
0.3616555736671569,0.0028511750059439845
0.33090839486114193,0.0013709928915748878
0.29766147124725595,0.007970979935629112
0.2621696065413204,0.015945669701088426
0.22475225079829617,0.003475647051585444
0.18582944613751767,0.001736216042921401
0.14599158250606456,0.008698844509114003
0.10605438971087487,0.03281722857974979
0.06774650993893011,0.0514676712045888
0.033817038235876555,0.042522267171988974
0.012953451863846369,0.3677639240571398
0.039547811954985905,0.131291460789403
0.07470825499012876,0.08163175511280181
0.11359901121144199,0.06465701504824253
0.15367569051416508,0.05229818518028278
0.19355301655185236,0.03060918460851273
0.2323979266674655,0.0202610146499378
0.2696573250862275,0.012587422602118724
0.3049322534154614,0.011445040904142388
0.33791613987643987,0.005930574392310899
0.36836265766841586,0.006627691781536334
0.39606813814603925,0.008381809706832853
0.4208615447170277,0.008870736332203933
0.44259855992138325,0.005710733755100576
0.46115801874092954,0.004853437713065446
0.4764397204056225,0.00393521281231554
0.48836306716831557,0.003117574147522023
0.49686622196743674,0.0018951164040900336
0.5019055928857905,0.0012274722642013135
0.503455527781766,0.0006487337526007115
0.5015081579110366,0.00020923806177777397
0.4960733529419221,0.0019250881641019433
0.4871787784848115,0.0034323616639314156
0.4748700694546477,0.005099688869658195
0.45921115348296415,0.006537512706894625
0.4402848001977501,0.00866342549299243
0.4181935132369833,0.010364299990690771
0.39306096215657094,0.012179823363563193
0.36503430010598065,0.014622131979231333
0.3342879396160193,0.0184148645416237
0.301029815944716,0.022718175535830137
0.2655120637492159,0.028572797396269906
0.22804981106969732,0.03737757763858793
0.18905569520361074,0.049825917506147496
0.14910662228961852,0.06884897320356156
0.10898971461990903,0.10180687730722494
0.0703843086107389,0.1710094471951166
0.03592328260687004,0.21353499525383318
0.010764040286318421,0.44105787265056173
0.01354647560656051,0.39249025878224153
0.040559590379430924,0.14419232294488435
0.07599493138787214,0.09142324666344506
0.11508032344980523,0.07343564211778847
0.1553113053764635,0.05986965623617632
0.19532169717769934,0.032615259082328575
0.23428764347454747,0.019747500762859707
0.27166067144802636,0.010113488624993266
0.30704421043657654,0.009036761847957564
0.34013291933590317,0.0019830815650183843
0.3706810690972238,0.0030263826661650994
0.398485225893687,0.005288818180117992
0.42337437170331044,0.005909888882578914
0.4452040749442004,0.0016865243354132109
0.4638529733884718,0.0004408078694179973
0.4792206165107074,0.00037599211303152133
0.4912261235017591,0.002850649013134972
0.49980735322616787,0.0033755869562197656
0.5049203963847759,0.00418818755096852
0.5065392745432122,0.004664205134054746
0.5046557855053682,0.006296618110439614
0.4992794576045039,0.00390704833154695
0.4904376037773619,0.0027545712374552715
0.4781754880976792,0.0015993167107505298
0.46255663770601463,0.0030510617885582646
0.4436633737800717,0.002157096209303015
0.4215976747024709,0.0009265924208425619
0.39648256225436207,0.005633579572463865
0.3684643454534716,0.009906165514406954
0.337716273974374,0.013619356138850925
0.30444459182558575,0.02015821761169024
0.26889884023550875,0.027747463855487108
0.23138995373450166,0.032027803511307684
0.19232340205716433,0.042494153425276446
0.15226308126764812,0.061623622700392316
0.11196846818946389,0.09781556104447237
0.0730719428322483,0.1636070776559152
0.03809430464196563,0.23311004914173833
0.012021720022693095,0.5864373316673476
0.01419739493022837,0.042873141750541195
0.0416506396013626,0.015453535778218045
0.07737132430681687,0.008965251345720583
0.1166567054991727,0.0064610262802980035
0.15704472457541216,0.005095993842260992
0.19718941805056805,0.01554466773415303
0.23627669325997844,0.020015362688422245
0.2737629991660056,0.023745205752834366
0.3092543257411653,0.02305564649792029
0.34244666950055713,0.026378499307970718
0.3730949696070738,0.025946258482795897
0.40099607639317747,0.02517709643863879
0.42597902707378493,0.025382917862515536
0.4478993047648465,0.028274591881421934
0.46663537389997145,0.029878796731031453
0.4820865548750297,0.02919211398987568
0.4941717024301129,0.017645678782106187
0.5028283886133913,0.012563311312164652
0.5080124031359052,0.008625867007584104
0.5096974571233279,0.006316774803538871
0.5078750304833773,0.0007601492696194452
0.5025543256662565,0.002557966623234857
0.49376231846282426,0.0026963158028409594
0.4815439179125196,0.0027380593956717473
0.4659622670302147,0.004704241227088355
0.4470992558679792,0.006436814438093168
0.4250563565027554,0.007341481730161952
0.3999559645982706,0.006219812834185404
0.37194357132804395,0.0075664256968799495
0.34119129784833424,0.009998225776659968
0.30790374567013246,0.011444465382864496
0.2723279381723996,0.014858827536966506
0.23477074408021872,0.028706452225585644
0.1956306999032262,0.04230107203243867
0.15545915653070377,0.06005840818416959
0.11498888357080883,0.08687536166091937
0.07580759885584998,0.15263923643711264
0.040328187757900494,0.2148473432494648
0.013363470393886084,0.5165861116279029
0.014908824894511325,0.4229448260105806
0.04282206845860678,0.16048468969754595
0.07883760994040921,0.10157320191462019
0.11832780174709383,0.08066831059477882
0.158875258587603,0.06568211446385884
0.1991552557602101,0.037044081146721926
0.23836397328842218,0.02329186990364296
0.27596305857615167,0.012988608296458747
0.31156122369516465,0.01160411740890739
0.34485590352699835,0.004109380034686908
0.37560277239789913,0.004948474512552876
0.4035990121219945,0.007125154592798734
0.42867375062805263,0.007627436180658328
0.450682413877025,0.0031755059896161415
0.46950331645189614,0.0017852336929378048
0.4850355701573409,0.0011301185783600739
0.49719778381315954,0.003907566366701407
0.5059272599098904,0.004286633864621775
0.5111795036037003,0.004982291060028
0.5129279315070602,0.005350070398095134
0.5111637212767709,0.006846365137162535
0.5058957650281511,0.004340298622380863
0.4971507170350705,0.0030616861193815998
0.4849731472195124,0.0017685990420343019
0.46942583094303586,0.003049909308314065
0.45059024457564195,0.001984432373057012
0.4285673729595971,0.0008317454674524866
0.4034790074487582,0.005078216287555857
0.3754698478064196,0.008948046756437735
0.34471092112524454,0.012543118718910338
0.31140523521017405,0.018553826542358053
0.27579737088673434,0.02555255922364084
0.23819025765841698,0.029789863673357616
0.19897572968703536,0.03958301955461637
0.158693047913113,0.05701103191697792
0.11804918766025867,0.08926672533324688
0.07858943898543239,0.14672803734908596
0.04262293280023469,0.19428220934944124
0.014788624652963534,0.4262772694747149
0.015683449269946064,0.4169914870485726
0.044074974047992425,0.16108442208620039
0.08039393349644525,0.10236303899843707
0.12009321776871693,0.0812998527577153
0.16080217496064325,0.06619206220456812
0.2012182417012547,0.03725330906299125
0.24054833446443047,0.023287134596937684
0.27825955320980283,0.01279719689134242
0.31396348191171675,0.011334986655622074
0.3473590882116345,0.0036893003000870836
0.3782028449765059,0.00447507624484788
0.40629231073598204,0.006608468780086175
0.431456738410095,0.007053690869567094
0.45355152422838635,0.0024848323347293226
0.47245485600882303,0.0010078877172874398
0.4880656572366964,0.0005343943107255053
0.5003023092521899,0.0038490675319452564
0.5091018622301624,0.004543291464543972
0.5144195532374028,0.0054836298175735786
0.5162285203564039,0.006020222040679011
0.5145196547111688,0.007942006825485997
0.5093015537130106,0.005335587497588031
0.500600565837261,0.004128970774343348
0.48846093788656253,0.002933440301978904
0.47294509413334157,0.004719251705756464
0.454134114799212,0.003882012725858643
0.43212851666275687,0.0012879725632486752
0.4070495086668783,0.003637275876577895
0.3790410256855405,0.007650565467552694
0.3482730352586416,0.01108924498376779
0.314947000188138,0.01722068320551062
0.2793051336158228,0.024184672301962293
0.24164655101446297,0.02737915353319234
0.2023566112396797,0.036290877781189446
0.1619629301859255,0.05271635847964146
0.1211475756088265,0.08344209010293134
0.08141558101162258,0.13602453296353056
0.04497645056107647,0.185399014434912
0.016296120190300682,0.4141817921570006
0.01652399717541611,0.42273849160032456
0.0454104289733894,0.16684754768430068
0.08204040252727832,0.10669873564218069
0.12195251603645549,0.08484910803604119
0.16282469470896943,0.06920458118156758
0.2033773583265821,0.0393184182634135
0.24282857700495225,0.024822609532535112
0.2806511346126658,0.013917771192270905
0.3164596250456705,0.012345717621545583
0.34995463668544297,0.004397043259820571
0.3808935006774601,0.005155706980757461
0.4090741953956825,0.007324775288521995
0.43432613176251966,0.007753789094753046
0.4565047029797379,0.0030071101245451293
0.4754879927640963,0.0014578777352570117
0.4911747563375195,0.0008519900795654895
0.5034831658992245,0.004262497380702853
0.5123500365234579,0.004921126197112438
0.5177303536749158,0.005842913879960911
0.519596992939285,0.006355188081508273
0.5179405746923383,0.008270537885360984
0.5127694173452954,0.005563840626658682
0.5041095793657073,0.004283986473178467
0.49200500051768437,0.003011077439423048
0.47651777062177314,0.0047705979824485285
0.4577285913650244,0.003848699172898743
0.435737530699124,0.0014385668942227133
0.4106652371222804,0.0030509402330633232
0.3826549071889256,0.006707754116570047
0.35187548338333,0.009994050337539487
0.3185269320476205,0.015672618647525893
0.28284917293624334,0.022118592669415196
0.2451376311122339,0.025088857483464316
0.2057714130261544,0.033330267554040935
0.16526692378244878,0.04835656770955511
0.12428218359777309,0.07622786050239823
0.08428407527652125,0.12335045536265077
0.04738655030373873,0.16305407072167424
0.01788452174294102,0.3445601326602331
0.0174332199792062,0.04593966093017094
0.046829470766968986,0.018470891647423143
0.08377708277749973,0.012712581599196356
0.12390521445719814,0.0109890557724575
0.1649419918121863,0.009068513263765352
0.2056315387704692,0.006037580785272482
0.24520344972171176,0.004612157272366014
0.283136401061025,0.003564430227997988
0.31904812280760914,0.0033668146343821394
0.3526409056044873,0.002618925647738461
0.383672994958737,0.0028257939661891396
0.4119428300762177,0.0032243805827510998
0.4372800116475272,0.0034126430614521996
0.45953995580873463,0.0030551378651164133
0.4786006644210589,0.003068610737234424
0.49436074426552934,0.0029765579263426756
0.5067381766365553,0.002439304326436043
0.515669558698797,0.0021172117741343113
0.5211096408216251,0.0019602141820820253
0.5230310521787117,0.0018990538749412002
0.5214241582440937,0.001616436915382983
0.5162970142024811,0.001614924261321964
0.5076754043790823,0.0015507634641240954
0.4956029776487258,0.001480037269701911
0.4801415060860705,0.001182725538421091
0.46137133051586104,0.0010420632833714801
0.4393920893642584,0.0004651991025207412
0.41432389269708636,0.00038302453188027375
0.3863092253361933,0.0012552824104793666
0.3555160391522052,0.001931384436403191
0.32214285232544543,0.0031053996409923664
0.2864273648645515,0.004534570911856703
0.24866143332613275,0.005953897094399136
0.20921813035616443,0.00830247367825211
0.16860307360881013,0.012211495576672567
0.1274510690171263,0.019036391271344988
0.08719288781828276,0.03147469911839593
0.049850931607287645,0.039464286079220735
0.019552045646043133,0.07737532816331667
0.018413869303947325,0.13053985591853282
0.04833309424602998,0.05372773755929681
0.08560399739350154,0.0370607674949038
0.1259507886105784,0.03193573253173873
0.16715319682851118,0.02636787746837182
0.20797967105405926,0.011029722835056842
0.24767165446065106,0.0038573162212767044
0.2857139019528965,0.0016733539587132377
0.3217273941200429,0.002047015001723611
0.355416198971,0.006355247561321313
0.38653952879639136,0.005641333973102822
0.4148963225182505,0.004102033168026534
0.4403164010955192,0.003753060673478727
0.4626552288265248,0.00657358264203886
0.4817907475388317,0.007533867783549185
0.49762143517438406,0.006608139288961616
0.5100651002591804,0.003608953504286336
0.5190581392130857,0.00823931731329979
0.5245550838460429,0.012254720257207759
0.5265283330497015,0.015267640781595329
0.5249680133098396,0.02194145864577673
0.5198819324321603,0.02050160246822031
0.5112956165328365,0.021795993596086385
0.49925243981653367,0.02351826566952314
0.48381387338014675,0.03147927926530433
0.46505991491842563,0.035208233405806505
0.4430897926774332,0.026561697910736613
0.41802310032779105,0.008882176100021223
0.3900016375357862,0.004829666885444025
0.35919239990571333,0.009132988711129145
0.3257925054766027,0.025985560893569064
0.2900375074016673,0.042819234187699506
0.2522158138235569,0.03803647306092506
0.21269467769620778,0.04936542738777256
0.17196934153625948,0.08018233837911899
0.13065220355247517,0.14382353523372737
0.09013989503218825,0.23127793896589277
0.052367184841593,0.2417281099139649
0.021296588609810378,0.37005354176323874
0.019468675358791487,0.06195311563638902
0.04992224500077386,0.02674311845761651
0.08752112718153117,0.017816156877523793
0.12808867523499137,0.014451136385562814
0.16945740209368482,0.012023922778663867
0.2104206042729756,0.007164774685396733
0.2502318528413899,0.004797179157092997
0.28838214491946784,0.003009974485130216
0.3244958145030449,0.0027766031787628443
0.35827877570797356,0.001476556058913124
0.38949125642558835,0.0016206570157828075
0.41793273204800985,0.0020071054443981536
0.44343327307346836,0.0021080647603460524
0.4658484164591198,0.001350945159289083
0.48505606541679364,0.0011310738756190283
0.5009545884331973,0.0011135052894967043
0.5134616393050954,0.0020167543473212763
0.522513430855672,0.0023359579816304974
0.5280642928914969,0.0026790816385278914
0.5300864102117677,0.0029359087117632643
0.5285696862948781,0.003535410221529314
0.5235216974850019,0.003196339485765558
0.5149677276982537,0.0031752679280143926
0.5029508927542508,0.0031879769766568365
0.4875323796042022,0.003880260154345584
0.4687918605894845,0.00406588628182924
0.4468281731558618,0.0016377060096700788
0.421760416634295,0.002848258922939133
0.39372973207033307,0.0066544707160013155
0.36290219302133164,0.008845651690476668
0.3294735650602323,0.013850065130585884
0.2936773265581648,0.019398776560952114
0.2557985553918088,0.021683631779750676
0.2161988943760732,0.028292605071112274
0.1753636120431042,0.04089755661082506
0.1338834789192963,0.06406220484302282
0.09312288994272527,0.10121571300633284
0.054932800993451596,0.10900152738903916
0.02311576209952306,0.16652900071078022
0.020600323985542353,0.24774649500320411
0.05159781115000319,0.10658820446032807
0.08952840848860069,0.07038562463142868
0.1303182731184821,0.0567201673207979
0.17185366435925326,0.04663906533832618
0.21295315240413937,0.010652579376431354
0.25288267096914757,0.006782411207159958
0.2911396012846477,0.020310007561499654
0.3273517221746658,0.020891496723111084
0.36122685634884416,0.03162814023324891
0.39252629254170285,0.030777409745580533
0.4210500773044676,0.028293806496288834
0.44662855871903284,0.02843275311548098
0.46911737018871646,0.03609102674251125
0.48839439731558304,0.039573759020344705
0.5043579183052583,0.03844756462863579
0.5169254501762489,0.015598343223404853
0.5260330392884793,0.005825723774365864
0.5316348300371616,0.0026160095798315676
0.5337028093709809,0.008039978760619865
0.5322266738101346,0.021883466555079327
0.5272137842286514,0.015884761413597542
0.518689198420709,0.016141303793703675
0.5066957901699568,0.017037181908881115
0.4912944791640842,0.03239672953708853
0.47256463021390693,0.036870586820840746
0.45060470936775154,0.03039238500483452
0.42553334365996603,0.013931315380190816
0.3974910419977442,0.004403451464559152
0.3666429899313472,0.002138214646063762
0.33318364784930654,0.011339013535169102
0.297344490511116,0.022515647937620224
0.2594073816528952,0.004573231529909669
0.21972855877579767,0.0022152617398820264
0.17878370633803262,0.010892243538782001
0.13714272087831375,0.04004390207549457
0.09613959632606754,0.05697580981826691
0.057545188223891965,0.035561220741762836
0.025006930986009163,0.006402942041815939
0.02181143154350153,0.447108227491068
0.05336061187414259,0.1988413669615585
0.09162572681801692,0.1366204739925534
0.13263893924822517,0.11438736215553276
0.17434100254247706,0.09522321589602302
0.21557609326465785,0.03938695417157113
0.25562269941631255,0.012654771153046373
0.2939847069426151,0.008135065993639144
0.3302934197808478,0.009578150798554506
0.3642586255765513,0.025726607674522308
0.3956427156781049,0.02384559734058487
0.4242463404310505,0.019109414286153512
0.44990015234557107,0.01845472502891097
0.47245990435212687,0.029224607260204316
0.4918034850564273,0.03335720615715366
0.507829101352381,0.03460470665615408
0.5204541513447134,0.021245260093842616
0.5296145320493606,0.017351951277811466
0.5352642190699374,0.01383770785720973
0.537375017804612,0.012287201546891462
0.5359364339327075,0.005429536304024586
0.5309556289175961,0.013573360093693195
0.5224574505747299,0.017409489107797427
0.5104845470571341,0.02137750717082067
0.49509758771854145,0.015457199208948311
0.4763756476893454,0.0183194780992165
0.4544168410282241,0.013616293289041171
0.4293393444850311,0.006948071128017527
0.40128306121456403,0.0010410626320269919
0.37041232259815215,0.0018615169772410822
0.3369203306586744,0.008734142536451833
0.30103662674776066,0.016723697782339335
0.26303997441481236,0.024740244072617743
0.22328140584021225,0.0369871523892762
0.18222739996931825,0.05907592734183126
0.1404277069181078,0.09721138489167065
0.09918768656282985,0.1628862816621759
0.06020169183030385,0.16392285282411695
0.026967254126149105,0.2305270178855719
0.02310451800993195,0.25601101139173416
0.0552113831675771,0.11671468836212469
0.09381290684406673,0.08254089094092065
0.135049980970366,0.07103009789529176
0.17691839130733802,0.05950440350508002
0.2182881631894611,0.029297959165201497
0.2584504888660895,0.014873511053993545
0.29691585896133266,0.0037281760111040458
0.3333191719436365,0.0027443315260959776
0.3673722307579813,0.005861372656068037
0.3988385676875568,0.004604314616162083
0.42751946751811226,0.0015763572327844848
0.45324591284582166,0.000880566175141443
0.4758737985285261,0.006311724692787478
0.4952810363977689,0.0080682669862068
0.5113657807992135,0.008313890068686047
0.524045328699108,0.0011659561165106812
0.5332554448718569,0.0017339876230344367
0.5389499527780804,0.004071041337123992
0.5411004926153685,0.005664829029537524
0.5396963953986961,0.01001061539208743
0.5347446393028396,0.006651082616510388
0.5262698783642409,0.005701480238566982
0.514314551559938,0.0048870313457772445
0.4989390948668935,0.009358912948990042
0.48022231159621653,0.00951096219841572
0.4582619832091279,0.003943979878887637
0.4331758581300051,0.007167474118808061
0.40510326002013525,0.015809785065451734
0.374207699665946,0.021122509466556718
0.34068116702503876,0.03307803573375034
0.3047513391655066,0.045841732717479794
0.2666939911723698,0.04781322766970361
0.22685514491171468,0.060578245780560466
0.18569244094588702,0.08635410673088999
0.143736184592983,0.13439512229611775
0.10226480032394807,0.20468022889109072
0.06289961509591338,0.19227492200157717
0.02899372498055117,0.2218473278867157
0.024481979635070903,0.21205339542821341
0.05715076263479767,0.09935272310386266
0.09608970094155048,0.06871910344408297
0.13755064639426476,0.05699564013078689
0.17958475274603344,0.04776957395457126
0.22108804981759292,0.03613079746955465
0.2613645439149093,0.030190162678948227
0.29993141033910725,0.025878823885808692
0.3364272009709254,0.02464109507836547
0.3705657785726187,0.02181137369994521
0.4021118513473978,0.022195999042560456
0.43086736719959223,0.023331536013706602
0.45666366331326375,0.023917265740939758
0.47935679818180577,0.022843974740013838
0.4988247266969582,0.02304894089386665
0.5149655692132232,0.021485855664557785
0.527696539244985,0.012044202173046229
0.5369532864091676,0.006903798782537058
0.5426894986881274,0.003073885146154909
0.5448766674677121,0.00087269944315302
0.5435039653249452,0.005693642049622426
0.5385782033176887,0.005498958272920857
0.5301238579455226,0.007334568740578821
0.5181831754914531,0.0095546821374881
0.5028163755308203,0.016781687420492106
0.4841020074089601,0.020774081051302604
0.4621375393452388,0.020263917055054093
0.4370403133017334,0.0162742102856894
0.40894909954073694,0.015315523649306785
0.37802662151768535,0.018585298286730983
0.3444637028386826,0.018288179910285057
0.3084862242674457,0.020133973079675023
0.270367081767262,0.035238930429165434
0.23044747680020924,0.048029913531838844
0.1891765671413538,0.06127388225698504
0.14706588927149786,0.07720263043347875
0.10536856285385574,0.11981531269360388
0.06563623984011824,0.13989724060834755
0.031083210921280337,0.2186602345543395
0.0259460628689789,0.31631545879724315
0.05917927529515823,0.1503014988782445
0.09845577842106308,0.10455185819111185
0.14014011536462265,0.08703542950645571
0.18233894859346755,0.0728634888418491
0.22397438529034866,0.03618457389612827
0.26436331716938394,0.01821711883755977
0.30302966498320644,0.0042607938243611485
0.33961568270450826,0.0028117043862691785
0.3738373317717549,0.00789524388438748
0.40546052801822957,0.00694201621495288
0.43428790922534205,0.003989010738877515
0.4601511905144999,0.0036096419010850796
0.4829066150534355,0.010511068855206794
0.5024322002385194,0.013077581463792794
0.5186260507809368,0.01399860890963489
0.5314053143253373,0.006581542491096611
0.5407055423781579,0.004584296525072174
0.5464803041172541,0.0026186730168312558
0.5487009585353396,0.0017852591527788687
0.5473565360335254,0.0021764268225094863
0.5424536967567514,0.002665345922369002
0.5340167559341997,0.004916254262148069
0.5220877836515451,0.007233438955584605
0.50672680004826,0.0038303905166193843
0.488012118324404,0.005466074614183069
0.46604091274235987,0.005219394128324605
0.4409301405532062,0.005420053057049896
0.4128180444980806,0.004851887958594749
0.3818665936106038,0.0063138843422749415
0.34826549020590536,0.007132315913222273
0.31223888547078743,0.007900535606458698
0.27405690312122444,0.006459584304704739
0.23405610890656664,0.006450159601372937
0.19267752184012177,0.00642237459733774
0.15041456012501522,0.006992455662973785
0.1084966016272877,0.0058328135289146465
0.06840884540841044,0.015380852387641267
0.033232489961548935,0.03695245418665622
0.027498840576260935,0.2675243357955413
0.06129732143063482,0.13052347308128462
0.10091071660087292,0.09397999205992584
0.1428174921399864,0.08096695310764195
0.18517977396452132,0.06836385249851251
0.22694574087286776,0.038411001845752836
0.2674452046669213,0.023833965142689404
0.3062088738939504,0.012576064400104461
0.3428827434640002,0.011247617690302221
0.37718490684150274,0.0027174213498236486
0.4088825160304818,0.004018808779489958
0.4377789235568518,0.006867192981628584
0.463706244724582,0.0076702928555955965
0.4865209277318965,0.002477919170051304
0.5061010715336122,0.0009614218493362157
0.522344783319856,0.0016524871959614942
0.5351691623396185,0.007333412754512005
0.5445096789908938,0.011982114361231375
0.5503198003119776,0.015361537879081523
0.5525707693306501,0.01829053759286206
0.5512514905512009,0.023206601541843692
0.5463684894258062,0.026863357014358404
0.5379459361887072,0.03126787168138129
0.5260257412088862,0.036275868747897226
0.5106677421273089,0.04336954559991833
0.4919500337578706,0.050372539851185984
0.46996951559679595,0.040358382566309234
0.4448427817734585,0.0200295559895227
0.416707573145536,0.005193238088322039
0.38572513681194787,0.0023297482097885585
0.3520840981381323,0.015251439087322013
0.3160069441529727,0.03142057002586736
0.2777611306189709,0.023067390838832396
0.23767876696833737,0.03054352972397881
0.19619306584003435,0.057100151670762954
0.1537799526947695,0.11208332749112035
0.11164655970906129,0.1761984496093782
0.07121472453931137,0.15072159390729714
0.03543828344102907,0.16051195013115468
0.029142191143032747,0.18141491103487703
0.06350516673856625,0.0904934040870716
0.1034539938685185,0.06426761842730411
0.14558179983927172,0.05401647917357414
0.1881059527455868,0.045590496355455076
0.2300006230694157,0.03407268650148801
0.2706085426037193,0.028171096340453533
0.3094672324341862,0.023822782758519602
0.3462264578129716,0.022641782077589417
0.3806064722812223,0.01970671050436914
0.4123756894662983,0.020083988951651022
0.4413381996801285,0.021211273134953
0.4673265395269428,0.021750097188183416
0.49019738193601425,0.020526726932837788
0.5098289260711404,0.020615503350559918
0.5261192995096166,0.018445850990190287
0.5389855704465759,0.00630933873196428
0.5483631451131119,0.0012607030165252776
0.5542054050466481,0.005794497537406107
0.5564834937321752,0.009648236603735169
0.5551862060553446,0.017896493998836166
0.5503199489900494,0.018214954244919958
0.5419087640314317,0.02121081995923425
0.5299944182861791,0.02479238107135781
0.5146365837761882,0.03488187812858884
0.49591315461009955,0.04099999511843424
0.47392077456797066,0.03559598774699724
0.44877569606291234,0.022208386122922873
0.4206151834104533,0.013934827606480769
0.38959979380593285,0.01468923181114667
0.35591711922772046,0.005937205110230745
0.31978804656637116,0.0023712796371693377
0.2814774652708077,0.014506081910070153
0.24131320245376026,0.02024148668867599
0.19972098520765946,0.016929065724049328
0.15715984716682524,0.0011704771305432163
0.11481610496601194,0.0016861354965334347
0.07405119510319562,0.01565690423698344
0.03769728347000746,0.03836342035465706
0.01117634254116938,0.15720534390853916
0.03087778064429273,0.07437924762716412
0.06580293462634922,0.03875195794038052
0.106084984492982,0.02966757201749179
0.1484319764923145,0.026873154468386215
0.1911161343886982,0.02315941577828633
0.23313747094022652,0.01474279550155443
0.27385160505973566,0.010710089876329815
0.31280287842440524,0.007618326267477597
0.34964484700261483,0.007260303053274746
0.3840999473587444,0.004932983571241156
0.4159378772084092,0.005517160053828473
0.444963485901308,0.006635053657140845
0.4710097513836694,0.0071150622511668695
0.4939335903516363,0.0058433385059619486
0.5136133204352136,0.0056969439698290455
0.5299471072553733,0.005634958153375206
0.5428520051656357,0.0060598937604036274
0.5522633730921462,0.006087235072964104
0.5581345236733594,0.006370379507727822
0.5604365172475628,0.006681975282985671
0.5591580553376472,0.00710379894506498
0.5543054426281616,0.006805972611613337
0.5459026080950277,0.006807529952857762
0.5339911919792247,0.006851010359219202
0.5186307174842616,0.007403939547054463
0.4998988955746616,0.00759195070617643
0.4778921332205555,0.004449145367410463
0.4527263622945804,0.0010230682037361814
0.42453839558998313,0.005738930634929407
0.3934881319108112,0.0084119299522293
0.359762172577573,0.014451631658491941
0.32357986690584023,0.021061201511811095
0.2852036369481358,0.023885750164657788
0.2449571960787382,0.03155668240208898
0.2032590951362884,0.04567882148648651
0.16055205276503373,0.07035565795666182
0.11800293537008191,0.10684015001057565
0.07691560796713647,0.11900608695413804
0.04000617522475462,0.17966344108978108
0.012508294636083644,0.40449858269373007
0.03270704806571387,0.2698646923122917
0.06819060035566094,0.13957357848125726
0.10880295485084743,0.10021842478403493
0.15136687217951528,0.08444769278958092
0.19420889164765512,0.07140426837021974
0.23635465428657876,0.036512344042979386
0.27717260254318,0.019103874584917035
0.3162138909476527,0.005439157754268563
0.3531358779782231,0.0038585635727765764
0.3876632012813641,0.006699019231337003
0.4195668622647465,0.005949083879361426
0.4486524888347611,0.0032242154297807174
0.47475351925785,0.002975134796663221
0.49772713237943045,0.009814193921499598
0.5174517821456461,0.012425816196129822
0.5338256896367906,0.014594762551147963
0.5467659124257803,0.013679768795947216
0.5562077789107917,0.015348409093562155
0.5621045493671136,0.016492319884311442
0.5644272173399204,0.01804870590761511
0.5631644072070713,0.018969150985372572
0.5583223375063994,0.024275144271669564
0.549924840854644,0.02859826377474403
0.5380134469455559,0.03335925034134243
0.5226475468609728,0.036062723620266975
0.5039046858489633,0.04175848226031159
0.48188105278350124,0.031036221767314416
0.45669227992202216,0.01118287491458831
0.4284747531836622,0.005698431473697564
0.3973877439541104,0.009510366148640818
0.36361690474451425,0.02784846222774553
0.3273801083501876,0.04633612116338505
0.2889374055723191,0.04621977639233526
0.24860855917070657,0.06131287465294037
0.20680524162299335,0.09649507663714235
0.16395440993732374,0.16200988734460814
0.12120478214810357,0.2482528099977685
0.07980535242221673,0.21419832023078106
0.04236165512999147,0.22065723646075855
0.013918636591939383,0.07699750208531246
0.03463119330901553,0.12445928340239854
0.07066798651362857,0.06695321417291333
0.111607060485819,0.050645631887261754
0.15438524687875804,0.044874571262909516
0.1973827189106388,0.03861424144755483
0.23965047229086645,0.01739090965291789
0.28056968083383405,0.007019068056513389
0.31969828937683475,0.0012157018073082819
0.35669746257245205,0.0017878650897179024
0.3912940525580957,0.008301524935705169
0.42326038126654925,0.007472328989112124
0.45240287300669785,0.0054226275909802545
0.4785554443118977,0.005050310676757561
0.5015755539161731,0.009376335942194896
0.5213418095368085,0.010950784605360739
0.5377525048713244,0.011334599564680081
0.5507247176106216,0.00571860943076551
0.5601937622892588,0.00395465446028005
0.5661128632862417,0.0022972064825400084
0.5684529636457507,0.0014676901408506443
0.5672026267576439,0.0016679724536849676
0.5623680010898844,0.001419518192760218
0.5539728389812829,0.002656811546188742
0.5420585757984275,0.003908036212613067
0.5266844870724953,0.001069119246626114
0.5079279695943885,0.001693266047758131
0.48588501265170986,0.001940289802797199
0.46067096951957437,0.0030224843970141344
0.4324218234988451,0.0032897773974671367
0.4012962489407155,0.0042307896624744976
0.36747899047359883,0.005460743815394069
0.33118650386969634,0.006546442624792403
0.29267656201630937,0.0047129584740247575
0.2522651347638348,0.004545064448021216
0.2103573028647551,0.005097155793504686
0.16736479223141756,0.007038557940548205
0.12441941242340121,0.007310884510798078
0.0827178607556471,0.004412165533048876
0.04476044634602052,0.0018662221442879796
0.015404721944977407,0.035984872013793544
0.010395592679108653,0.3757848045714299
0.03665116728613084,0.10108763994239982
0.07323475893192129,0.05689648300408119
0.11449634315137082,0.044534334308598225
0.15748576806257236,0.04038557940406171
0.20063603018801124,0.03534991341702555
0.24302315181196849,0.027298725322361526
0.28404091955134436,0.023376880652791584
0.3232540321600661,0.020486291674034245
0.36032745647823766,0.01994461936892722
0.3949902681119025,0.017968536874038692
0.42701612372477515,0.018723860634040496
0.456212260262077,0.02010264828774292
0.48241308946879635,0.020942456965232975
0.5054763670730892,0.02028956874455313
0.5252808716062607,0.02075256285689744
0.5417249862840658,0.019883192702702408
0.5547258256422212,0.013095066647493154
0.5642187069017751,0.009530795197718678
0.5701568349155186,0.007052516756479723
0.5725111184394215,0.005537232733865991
0.5712700759537538,0.001397453395055865
0.5664398018476857,0.001948241798837636
0.5580439841621483,0.0011287019344726923
0.5461239800333321,0.0005210451902450087
0.530738965862076,0.004618438374805546
0.5119662070606693,0.006752871440006916
0.4899015115960772,0.00919431747250109
0.4646599740905853,0.011251874090139466
0.4363771990456533,0.014758073163002627
0.40521129354452484,0.01891022926071008
0.3713461342964638,0.023713042243707006
0.3349968179685906,0.03034359649931444
0.2964189300384329,0.042202188471217116
0.2559247997412345,0.0562301153769349
0.21391319167089098,0.07546185482465087
0.17078110908440128,0.10407373040186306
0.12764463267603826,0.15545501447467885
0.08565061325467836,0.1544324877079938
0.04719931286418612,0.1903614835329387
0.01696359585452174,0.2606918918047124
0.011576366128857813,0.45071521356340355
0.038767663551614956,0.12013815698544543
0.07589042239370733,0.06582362327145236
0.11746972706719831,0.050504745571089894
0.16066700733177686,0.045422075131334214
0.203967156108045,0.03894509948707795
0.2464708447310922,0.02678595588030903
0.2875843297841654,0.020750288595701483
0.32687901471901626,0.016125332337094945
0.36402365738638043,0.0152147781866057
0.3987495616882802,0.011780540478240302
0.430831730699764,0.012501428401729962
0.46007822869136045,0.01406716852111686
0.48632397858303644,0.014736026689974402
0.5094270495846996,0.012968080516173468
0.5292664076832655,0.012833343421932234
0.5457405422448894,0.011706901015640257
0.5587666211910811,0.006362291461873357
0.5682799808392293,0.003157783717978888
0.5742338227807875,0.0008719063106518245
0.5765990375979839,0.0008387490383980164
0.5753641148432277,0.004316454161578076
0.5705351107093264,0.004881694987398941
0.5621356647957888,0.006434930588865695
0.550207071963441,0.008244668620822675
0.5348084257295929,0.012624064375624666
0.516016876993065,0.015526205588061602
0.49392807040212877,0.014134575748497184
0.46865686191217915,0.009848524801141971
0.44033850059521434,0.0076537919250784835
0.4091305553760019,0.009092581600984582
0.3752160740291161,0.0071281267875914
0.33880885039015124,0.006303172676128949
0.30016237019987124,0.0145520418560837
0.25958546900294527,0.01985537038458684
0.2174708599514811,0.023146421284177644
0.17420131072334177,0.02438542465503474
0.13087829414950383,0.035940170284556296
0.0886011447068996,0.039840951985324315
0.0496750732885747,0.0520114662269217
0.01859206202019608,0.08404344693308326
0.012859285870886736,0.11707330827769213
0.04098111104620221,0.03414737127069075
0.07863431584075074,0.019793977878610435
0.12052601429232976,0.01566898104096781
0.1639274360421436,0.014311331747283763
0.20737433986002174,0.012522140835069336
0.24999162419693832,0.012729586655184302
0.291197850708716,0.012805630524320719
0.3305710664489016,0.013010898481267496
0.36778380241749004,0.012738293040684285
0.4025695916767465,0.013094413761140752
0.434704793021294,0.013302566506024632
0.46399831124157975,0.013610837948087779
0.49028559547399847,0.013990607802590177
0.5134250442748062,0.014624960487511584
0.5332958273240033,0.015260783755656782
0.5497965564917544,0.014850116513547031
0.5628444694242595,0.009608202094513156
0.5723749377973621,0.007139737435038971
0.5783411760768872,0.005329989379134369
0.580714072667408,0.004264731030850339
0.5794821040534145,0.001168689595544971
0.5746513039858809,0.0022257218785627347
0.5662452793371193,0.0020679329637004035
0.5543052784731425,0.001835749497333919
0.5388903280788758,0.0015724617552282324
0.520077481165872,0.002582942849951342
0.49796223677790497,0.002646215088503583
0.47265923182099684,0.0015196960294133505
0.4443033828153211,0.0015862813384950377
0.41305174895419505,0.0025384615578362456
0.3790865870249225,0.0025848073251252984
0.34262044268279673,0.003423440887382105
0.30390478674050897,0.008901256975214395
0.2632451026769379,0.013419026961795758
0.22102830624355432,0.01820664024627574
0.17762339601367455,0.02391132998099991
0.1341183011037043,0.037704924691579496
0.09156705343318257,0.04874449433310596
0.05218461562435723,0.08038604633258316
0.02028674610198939,0.1918766275625618
0.014247723816945244,0.1741065456139262
0.043291667842545616,0.05804178348642489
0.08146560713072856,0.0331676110698092
0.12366387929311239,0.024323664671221334
0.1672654200219579,0.02030168579081596
0.21085573228568996,0.01736031859285248
0.2535834802320248,0.0011999623177762553
0.2948793456826232,0.00938215101261348
0.3343279473221263,0.016713828219123008
0.3716055652100003,0.01702801641713832
0.40644795874908307,0.02308277648273245
0.4386328494943075,0.022908749436597153
0.4679699945383722,0.021884955602437427
0.4942953833385553,0.02226229239297267
0.5174677590698709,0.02683002905857911
0.5373665109292681,0.029139013019647494
0.5538903893582556,0.028909343526968046
0.566956717863523,0.016597056526347225
0.5765009195613741,0.011527700641756176
0.5824762377770661,0.007499853736906625
0.5848535745922071,0.005251823344218763
0.5836214091400862,0.00202573595983095
0.5787857683290195,0.0021417481661578598
0.5703702418430744,0.0028866078868840903
0.5584160471450803,0.003543771247754066
0.5429821599109396,0.003970990910372041
0.5241455516307516,0.005009261785184506
0.5020015931279947,0.0067985442028948165
0.4766647214821489,0.007317115339468528
0.448269543016201,0.010012676710397711
0.4169726349047931,0.012483161452159332
0.38295549984294613,0.015173515771493165
0.34642948827307674,0.019594446670273657
0.3076441380321341,0.03171143274306786
0.2669017168783545,0.043654450298281335
0.2245835868052705,0.05895312151326568
0.1810454238539159,0.0801481875920898
0.1373626224822664,0.12090800956466637
0.09454601335218754,0.11676782824087764
0.054724913630583835,0.13756768237610953
0.022044155646721797,0.17038909183208137
0.015744558195222882,0.47573924961092134
0.04569921594846542,0.1572740871606592
0.08438328761934329,0.0926891948927143
0.12688186308237642,0.07172979400183649
0.17067921389390772,0.06351096177573545
0.21440938659299258,0.05520464408965449
0.2572443149016904,0.037222474153032925
0.2986265979709359,0.02808169940581291
0.33814734422074555,0.020963651862177288
0.3754865529207971,0.01977448579820321
0.41038220353210525,0.014449922609695081
0.44261338526370103,0.015194735603231882
0.4719907179263013,0.01710158406628089
0.4983507445205773,0.01777727897524549
0.5215525675107159,0.01483140490753172
0.5414758110228418,0.014243809453321675
0.5580193798322751,0.012906210494753238
0.5711006991968229,0.008552148415547653
0.5806552595686454,0.005550058355682149
0.5866363489472167,0.0035317229470993453
0.589014898777065,0.0020901318212724006
0.5877794063838577,0.001024762486762044
0.5829359072496143,0.002281678815040641
0.5745079892097268,0.0041531143972500404
0.5625368541887217,0.006274186668117557
0.5470814424219136,0.010131306767794236
0.528218659941978,0.013220137866063337
0.5060437663994964,0.01405038732217969
0.4806710178222445,0.01350245843468957
0.4522347321483943,0.014531678488848548
0.4208910314839777,0.018128053356605254
0.3868207002347355,0.020407133682876433
0.3502339448947297,0.024266758789915414
0.3113784494140076,0.034615325602994254
0.27055339696583725,0.04523079199297291
0.22813482920218375,0.05784843372393465
0.18446552702277633,0.07484653360578629
0.1406093058983872,0.107967928890235
0.09753578813872117,0.10997513094197361
0.057293044248327964,0.13546282091026257
0.023860736142313124,0.19130935245832484
0.017352143007335227,0.7337466942175637
0.04820335746362518,0.2542478520924404
0.08738616707215112,0.15217531855436586
0.1301783674771005,0.11822510005041437
0.17416695534293017,0.10466192628555482
0.21803325300083745,0.09110044632752504
0.26097193750010955,0.04624157891712206
0.30243730655039064,0.023521463386252286
0.34202686738457677,0.005273213058638608
0.379424303326692,0.0034008500662009605
0.4143698043792092,0.011084591687759262
0.44664383028492965,0.009864103586727376
0.47605787267961147,0.005892219031334555
0.5024490404588197,0.005412469363905772
0.5256768094466161,0.01497356654627894
0.5456210536832007,0.01858723109439662
0.5621808477216964,0.019995287759545812
0.5752737342092135,0.010125535151326257
0.5848352866080754,0.007604418147367558
0.590818853200832,0.005107935693041408
0.5931954102842706,0.004095697018794065
0.5919534887196738,0.001078627681432467
0.5870991477642105,0.005779622104389854
0.5786559885103874,0.009091698549423419
0.5666652124512132,0.012506666958540514
0.5511857396618589,0.008225432345919687
0.5322944264534633,0.010815105735208358
0.5100864379525736,0.00973194101206003
0.48467586745826663,0.00859456688211778
0.4561967657313669,0.006718795355045713
0.42480482598032354,0.008340229161170075
0.3906801489987397,0.008139949126970436
0.3540318468711844,0.007844036130307888
0.3151058258584599,0.0061281288202887675
0.27419831052074795,0.005204555900930306
0.23168024558157443,0.003007968333043009
0.18788192568636394,0.0005590574716756841
0.14385649136476178,0.006434415377657691
0.10053424510764157,0.0010741734088327267
0.05988620414377989,0.008615469947941223
0.025732921809509212,0.03755413053184719
0.01907228736136372,0.4007964114876319
0.05080341311271461,0.1364653440270483
0.09047287018948996,0.08354010776231943
0.13355165082695614,0.06798857888858653
0.1777266608716888,0.0632507597393133
0.22172517481980727,0.05565777002533133
0.26476406107819184,0.035353775742548714
0.3063090831144676,0.025266126156908684
0.3459640479456398,0.017287035595776233
0.3834162829278645,0.016287609800391848
0.41840817608571634,0.01007923238445632
0.45072155864671154,0.011356367850082382
0.48016880192352546,0.014007981644631304
0.5065875922061388,0.01502023838239028
0.5298377921621654,0.011420096926577588
0.5497995402911884,0.01073468420882767
0.5663720960254459,0.009349973158053497
0.5794731347559966,0.005374708471288159
0.5890383283811153,0.002395297729296171
0.5950211008444855,0.00044229743709238277
0.5973924885545536,0.0010619745807235704
0.596141071014565,0.003932228738129024
0.591272946210332,0.00569598659756481
0.5828117433308696,0.007891486627365578
0.5707986782552413,0.01036475883586604
0.5552926658511913,0.014242285526417547
0.5363705280768173,0.017728467983847283
0.5141273517634266,0.017945470995227832
0.4886770852974957,0.016304731185559737
0.46015353284682065,0.016424080940586706
0.4287119840632782,0.019880891026374064
0.39453188964386837,0.021235895893890768
0.35782131503467646,0.02416216341573784
0.3188244621366877,0.03449623706198866
0.2778347177591057,0.0443182482511016
0.23521814332601032,0.05505694781522744
0.1908155029617069,0.06873895080537264
0.14666739715784816,0.09705986809698948
0.10316178191243397,0.08955531818100464
0.06220385967163484,0.092475226899119
0.02746906491126152,0.07307610871618254
0.020748673999707017,0.018919263575370698
0.05322366890142185,0.010620593853014249
0.09328055091239401,0.006395590315716235
0.13657643982344453,0.0039656674851431695
0.18088730943391168,0.0023295482827335157
0.22497965740897613,0.0018569157903463283
0.2680885548299281,0.004207524485029881
0.3096887877684967,0.005235237558849447
0.34938890294971586,0.006146225580650008
0.38687883729922995,0.005997552159751871
0.42190246893930283,0.006872228547803542
0.45424250369186164,0.006637214198276467
0.4837118369134338,0.006258884646777725
0.5101484742530651,0.006194712626192857
0.5334124765950936,0.006932720594552424
0.5533841090239683,0.0072607752072423445
0.5699627161014023,0.007150070286336255
0.583066035710952,0.004899079488030732
0.5926297914789377,0.003951429187399438
0.5986074558119676,0.0031956890833437753
0.6009701149193112,0.0027512477097355087
0.5997064020078521,0.0014567659947922619
0.5948224736605654,0.0021803100934994
0.5863420221670929,0.00231336931501176
0.5743063291961099,0.0024265299725836024
0.558774374563155,0.0011317423002556253
0.5398230384889334,0.0009646000722198766
0.517547450129222,0.00013507266903119234
0.4920615696854131,0.0011320317808793238
0.4634991594692751,0.002525845929140973
0.4320153759240034,0.003463603824539018
0.39778938217009857,0.005057170496756744
0.361028692774374,0.007042084805714662
0.3219764996646178,0.009712572382141483
0.28092435279759553,0.013139982357979413
0.23823492287068246,0.018164603602925055
0.1937382627496441,0.02578693525705165
0.14947010028505034,0.03800065202426666
0.10578660882314102,0.037084965487164716
0.06453063581853277,0.04437933456146703
0.02923921010822564,0.05887629542705848
0.022522456891054105,0.002495774689826724
0.05572456583955791,0.00021567448635838706
0.09615959029885834,0.0002373133117647866
0.13966762122876566,6.49449337241924e-05
0.1841109027676265,0.00020382919454302854
0.22829408115944627,0.00015831372462692114
0.2714700501989561,0.0006438255556715353
0.31312249104540274,0.0010229474671044762
0.3528646557231031,0.0013491091403824793
0.3903890914345987,0.0013570091347338365
0.42544118033383876,0.0016513627046066245
0.45780452143995826,0.0016065529110710183
0.48729255406764854,0.0015115318035017501
0.5137436231198991,0.001508369242802405
0.5370180070940948,0.0017416916420296953
0.556996116391008,0.0018488294745244672
0.5735773987563062,0.0018855579970749913
0.5866796719422206,0.0015544640580612723
0.596238728036019,0.0014641461194223487
0.6022081040183361,0.0013982988698762904
0.6045589514033081,0.001388907280477914
0.6032799720105867,0.001246806050218425
0.5983773953475413,0.0014855042291985587
0.5898749905749705,0.0016248659807935554
0.5778141184063721,0.0017749545935541238
0.5622538364141143,0.0016886372344738255
0.5432710955718258,0.0018316678716981706
0.5209610797520255,0.0004912830424430254
0.4954377736386158,0.0019713507404449907
0.46683491126695453,0.004095988245124155
0.4353075314968392,0.005211110457594055
0.40103452956821256,0.007772649035078724
0.3642228966997467,0.010562296364956912
0.32511485753626673,0.011966773442870487
0.28400019783944663,0.015195394805941648
0.24123833201796355,0.02085646994376236
0.1966489132210338,0.030245277640264943
0.15226331154134548,0.04308625036224915
0.10840730236324544,0.02970013682246982
0.06686463789837305,0.015359191385147596
0.03104047813330053,0.04255098724228182
0.024393633770893406,0.2122323365181675
0.05830476462337488,0.08606384510418091
0.09910819829079509,0.05540606347341943
0.14282311443518195,0.04484544720258842
0.18739515771620383,0.0407210386031496
0.2316660191672582,0.036071514719952714
0.2749060163995344,0.020244702564671247
0.3166075861823309,0.012165945859874886
0.35638864404559656,0.005636703048478136
0.3939443435929478,0.004957379745813036
0.42902158203229684,0.000330916879955551
0.4614048683068389,0.0005895015161710891
0.4909082043410078,0.0018912668539118218
0.5173702933156913,0.002208649417953588
0.5406516500858075,0.0011544263623795255
0.560632848606472,0.0022808544501237496
0.5772134574436676,0.0025521980628514865
0.5903113912465074,0.001758458909942209
0.599862526975889,0.0031146264831855243
0.6058204819893491,0.004468202509687758
0.6081564883050156,0.005345341407713127
0.6068593309569273,0.007839980545939276
0.6019353263912017,0.005816978539063552
0.5934083340850239,0.005210388126700312
0.5813198067084505,0.00467914360058196
0.5657288920441463,0.007233139395668238
0.5467126239375548,0.007261158691224364
0.5243662529662988,0.00509161333099144
0.4988038005223988,0.0007820587122727468
0.4701589854552187,0.0023890743303579174
0.4385867440815048,0.004249267568315573
0.4042657227111975,0.00857314130466761
0.3674024157046124,0.012874912778955572
0.32823812143431425,0.012174918474268031
0.28706093113357833,0.015326795301461056
0.24422713141173658,0.022245685683870135
0.19954627586347123,0.03485920114238661
0.15504585685511027,0.04926752615222742
0.11102256106412198,0.05482564083385808
0.06920411394205826,0.07686932663159388
0.03287013304603093,0.1361393726900798
0.026361802750567938,0.26218951904615
0.060962741589203076,0.11086958571976498
0.10212446944187664,0.07189092841126868
0.14604075569231548,0.05781547445357056
0.19073772639416284,0.05196436212987697
0.23509299220315275,0.04592196063167603
0.2783938799459898,0.02537934535704896
0.3201414320307157,0.014778666200595753
0.3599581789980123,0.0061794606833899
0.3975418727325456,0.0052052656795879065
0.432640933787881,0.0016650429533185197
0.46504079595145564,0.0012351702972148916
0.49455604117420165,0.0007586386059932909
0.5210257490498426,0.001003779678411866
0.5443106888851441,0.0034910928717425335
0.5642916159105142,0.005133048096976133
0.5808682367277505,0.005537739945230893
0.5939585795263402,0.0006908434139005203
0.603498622201638,0.0023338321611285255
0.609442077952634,0.004109660206647855
0.6117602741683539,0.0052192909396682925
0.6104420933622637,0.008602567366796644
0.6054939525875818,0.0057249900291637245
0.5969398147266401,0.004782379263511762
0.5848212369518604,0.003935870307020289
0.5691974693247157,0.007336136925552574
0.5501456402713955,0.007218916089015344
0.5277610786312856,0.004889679618957025
0.5021578542663818,0.00013417979310051878
0.4734696834050473,0.0032760215153739545
0.4418514142506449,0.00542566327324906
0.4074814623516775,0.010215914176441666
0.3705658506051585,0.014922125574277814
0.33134499041344095,0.013644531995031111
0.29010534515381775,0.01676986749435478
0.2472001962986077,0.02394188258655414
0.20242928695031973,0.037233224746723886
0.15781667839858718,0.05172533957177746
0.11363120617979096,0.058153602746973516
0.07154745523195302,0.08163112389328273
0.03472559264175012,0.14376806498074962
0.028426191376484253,0.23145709574275602
0.063696811175655,0.10084309905654965
0.1052064030327473,0.06607895201035804
0.1493183177281536,0.05330576496686929
0.1941362157468766,0.04793855264272771
0.23857248816855905,0.04237920549560058
0.2819310438908795,0.0246413298777305
0.3237213719505996,0.015428707074495026
0.3635705634243374,0.007961209324432915
0.40117895644861246,0.007009434791276805
0.43629650065314624,0.0011320646579908934
0.4687095678629746,0.0016427561700085443
0.4982333362790761,0.0031383382404641855
0.5247072791798729,0.0033720140895830805
0.5479924377589395,0.0004985088058553622
0.5679697657129974,0.0018049547305058352
0.5845391244393492,0.0022682503257579023
0.5976186719152351,0.0020487815810722562
0.6071445026586587,0.0032736394901089045
0.6130704408170934,0.004526662275546313
0.6153679236566953,0.005281697095133757
0.6140259450740772,0.0077000084783172135
0.6090510360298325,0.0053453673937253225
0.6004672755210603,0.0044685924682260165
0.5883163373743838,0.00364936829238497
0.5726575855875695,0.006038475869289376
0.553568254448707,0.005732453419343731
0.5311437621658555,0.0038992985499292396
0.5054982383406988,0.00028254611454002455
0.47676540859962163,0.0023529833964558286
0.4451000468104585,0.004220730641832075
0.41068035512781637,0.008005564191370327
0.3737119092660051,0.011809415525491357
0.3344342712451744,0.01140827517933356
0.29313234028068413,0.014366847216516414
0.250156509640203,0.0204755610045722
0.20529699022085907,0.03140767260006727
0.16057482698033,0.043961268343748076
0.11623217403950395,0.04849481313641006
0.07389318899394226,0.06648585839808732
0.03660443023676315,0.11240979971286978
0.010151995456620001,0.4232318581753842
0.0305856868830065,0.3300844746848972
0.06650514509738802,0.14652282478649256
0.10835191843857622,0.09774388088956497
0.15265352367357937,0.08034628231626106
0.1975882006558736,0.07352710127232615
0.24210197453894736,0.0654397717631527
0.285514899609124,0.02946436378911209
0.3273447448727276,0.010897243150163063
0.3672231021483753,0.004414774569890709
0.4048528802525042,0.005773854530125894
0.43998556124364757,0.018277482828187554
0.47240846656266616,0.017355713654907227
0.5019373857253391,0.014191650090507418
0.5284122021182331,0.01402021409385525
0.5516942455965599,0.022661778466943908
0.5716646849842798,0.026202251493687705
0.5882235527714561,0.02724008052715099
0.6012891525576612,0.015732066423644105
0.6107977107810482,0.012178369196485005
0.6167031772631818,0.009033920090039947
0.6189771132811733,0.0075903367827272646
0.6176086376407454,0.0015324810405797208
0.6126044081231694,0.008043761908834254
0.6039886321524557,0.01092389943599164
0.5918031119510442,0.013846927725466272
0.5761073366876871,0.008353136043801992
0.556978657348,0.010150207930221734
0.5345125921424293,0.008333434756079908
0.5088233411733167,0.00657001867397519
0.480044650919895,0.0037050577806713126
0.44833123404740505,0.0039825577957763696
0.4138610958626913,0.0023631625429541884
0.37683938805548217,0.00046160709995851927
0.33750485912382316,0.004830024203287383
0.29614090489394795,0.009506007778659092
0.2530951417949426,0.016597274360562197
0.20814851646211696,0.02683632842258622
0.163319441851403,0.044079581936912096
0.11882449635619866,0.03984179832909411
0.07623995980782292,0.04558193813796195
0.03850436499536474,0.05515916146689165
0.011223002276181915,0.2681870188849835
0.03283886489986479,0.1848696012967666
0.06938578627479687,0.08509131415978972
0.1115588639785583,0.05757328432620013
0.15604405369968688,0.047555335903681786
0.20109122926549333,0.04355267578241246
0.24567890262758932,0.038880103466677994
0.289142829981551,0.021645092092230967
0.33100888735193507,0.012709884728519787
0.37091310287523455,0.005400711867741426
0.408560937275395,0.0045997198659474105
0.4437054061970479,0.0013035202877802556
0.47613479073291476,0.0009155774852873812
0.5056655056849917,0.0008956203325489346
0.5321378601494776,0.0011529450939861995
0.555413488781672,0.0027224103761297226
0.5753737916472171,0.004112930535394525
0.5919189881742583,0.004459735445261836
0.604967542988697,0.0007436948081523538
0.614455829348268,0.0022141412665036427
0.6203379370869697,0.00373904910714375
0.622585565239735,0.004697484604745015
0.6211879706570334,0.0075836415853602086
0.6161519504584906,0.0051228965021009615
0.607501852401985,0.004317438786904942
0.5952796184294877,0.003592883486232875
0.5795448736752585,0.006491910699983295
0.5603750962053862,0.006387961478044921
0.537865914393323,0.004178027985423668
0.5121316090892888,0.00030772991642550083
0.48330595851123953,0.0034766577530028313
0.4515436265914331,0.00550023283608754
0.4170224375136684,0.009970111225590807
0.37994714098757476,0.014390236882688595
0.3405557061796278,0.01351966186844904
0.29913008344805814,0.016642639097890315
0.2560152183906441,0.023489872106201442
0.210983051480818,0.03589126850346662
0.16604971910227745,0.04951028961158653
0.12140726955064508,0.054691514469338294
0.0785865006078495,0.07441675366361257
0.04042324144078688,0.12308336322489434
0.012343409649377619,0.41805371608396186
0.035184016949395255,0.1816354686808021
0.07233665967658819,0.08723131037147727
0.1148250222478593,0.05962017694746422
0.15948754781696145,0.0490336378369827
0.2046428241712704,0.04448741717086577
0.24930070746965965,0.039707348145520925
0.29281220810860004,0.022583091145890886
0.3347111311148609,0.013613427287242616
0.37463787251569736,0.006265623192826186
0.41230042330438565,0.005389078961163466
0.4474533318602954,0.0005697145459558919
0.47988584754100877,0.0005173868209199071
0.5094150233641918,0.0014152293505788481
0.5358816089448756,0.0015847728720208055
0.5591475592375317,0.002300327585496178
0.5790945211470353,0.0037406809264481757
0.5956229164158982,0.004136288623023381
0.6086513856845455,0.0009739820568638634
0.6181164635264679,0.0024668765228115365
0.6239723937336834,0.003953205214233117
0.6261910264566649,0.004863996283961093
0.6247617693342375,0.007710897750572846
0.6196915709420288,0.005219093246316892
0.6110049308682847,0.0043752066089883515
0.5987439416757069,0.0036091745097143447
0.5829683748305051,0.006459213899635099
0.5637558454122144,0.006306149846819334
0.5412021016264922,0.00438414804910554
0.5154215148100104,0.000443733137370054
0.48654790524121483,0.0023164127419750867
0.4547358999405141,0.00411224656452885
0.4201631568906156,0.008040440388288978
0.38303404477817143,0.011879955319443903
0.3435857859927906,0.010805282978263619
0.3020989406084818,0.013315353440698428
0.25891588428854173,0.019036534311327333
0.2137998002591732,0.029525629796509554
0.16876487635070272,0.04063926754786161
0.12397962035760257,0.04568445021302986
0.08093159971900897,0.0631060527253825
0.04235900328928295,0.10593323068993875
0.01351091679626049,0.34606633978525125
0.010660308237746092,0.4421374992391667
0.03761917891160598,0.15426961805169584
0.07535558393972891,0.07216164653758518
0.11814811646737627,0.04970194325256743
0.16298160990436555,0.0420351413269742
0.20824048510667004,0.03946044909848426
0.25296480946452315,0.035363355479315725
0.29652039795175583,0.018546840866308523
0.3384488026798826,0.009842838544201664
0.37839471576330547,0.002659534010349129
0.416068634289336,0.0019025086390981444
0.45122663669011737,0.003984321142475022
0.4836589478739601,0.0034169071694802574
0.5131832710219069,0.001656068960124613
0.5396408103239517,0.0013782426989385624
0.5628938559285509,0.0053084955354227945
0.5828243166644508,0.006743025184168094
0.599332831508873,0.0071854407408274085
0.6123382316857553,0.0025961881062851228
0.6217772271836844,0.0012407741049441472
0.6276042293137086,0.00015875692578018737
0.6297912523119501,0.0009380153809055013
0.6283278669581026,0.0034399626235023183
0.6232211850050061,0.0007793120697635339
0.6144958689628538,0.00032440269618961155
0.602194172499999,0.0014335731981227114
0.5863760233465923,0.0010228972089434275
0.5671191830760987,0.00043128633973287293
0.5445195289399208,0.0005806960600037147
0.518691531995064,0.0025851164424302324
0.48976906435456125,0.0038404089699946996
0.45790672730333604,0.005225918055244202
0.4232820267636899,0.00748884605374637
0.38609897031040996,0.009712411404653582
0.3465940645550805,0.008910204742175076
0.30504653187034636,0.01032590103385495
0.26179627404920364,0.013393529056425135
0.21659795749067504,0.01907891053145206
0.17146412349045717,0.024831033416893085
0.1265406769622061,0.02126446600657598
0.0832740724427189,0.019870185344338837
0.044309669017548466,0.012154245045559826
0.014723132964424528,0.015693864079466175
0.012115364103418163,0.33088027301935113
0.040142161812001816,0.12300813679079936
0.07844028609062886,0.05965586181190554
0.12152582066411143,0.04177232094249485
0.16652381603700822,0.035542576341900195
0.21188169623903988,0.03340916254173357
0.2566686209354085,0.030076988610933688
0.3002647602564547,0.012872353246371713
0.34221922867566323,0.003920493954636277
0.3821809397599881,0.003556323932760513
0.41986287029665453,0.004206507229668413
0.45502262443888497,0.010411600722221387
0.48745140872897713,0.009935092220346971
0.5169675875427182,0.008337549679521545
0.5434128329850237,0.008251455928239584
0.5666497847093023,0.012603152116861194
0.586560628057304,0.014400643755030775
0.6030462337251687,0.014459618861592017
0.6160256376821381,0.0060744490857010955
0.6254357390435292,0.0028542311161770624
0.6312311298161031,6.596824252777085e-05
0.633384000913819,0.0018293818438648148
0.6318840982294028,0.006710049375101383
0.6267387080254351,0.0035258853082485568
0.6179726664274697,0.0028441083759721225
0.6056283982858038,0.0023704290055818135
0.5897659971082527,0.0074394989344556154
0.5704633800089065,0.008017558619910672
0.5478165620357834,0.0063583265910799585
0.5219401227132039,0.0020039530949833195
0.49296799522216905,0.0005372981490650013
0.4610547656856934,0.0013316922334361747
0.42637780135881,0.00483907557176566
0.38914076762116145,0.007704042201985866
0.34957948480829026,0.002852493782034565
0.30797188771293377,0.0020418830368887624
0.26465549577577785,0.004025079643273156
0.21937669119087622,0.009778929815511385
0.17414664614762254,0.011480418627725718
0.1290895521577217,0.014555657769082655
0.08561274333965725,0.0228008491986209
0.04627331485829212,0.043588718828853734
0.015977599472155993,0.11828201844786507
0.013687546217606277,0.308863367127268
0.04275058388014843,0.11918965692321085
0.08158841827281671,0.06255463997954065
0.12495577232880682,0.044754935014874556
0.17011172565142674,0.037758702489447404
0.21556393666796872,0.03477474156468408
0.2604095562711751,0.03146355652159593
0.30404266241636435,0.02508569189955187
0.3460197454069131,0.021704688782154983
0.385993863366478,0.019073503495861725
0.42368044447644787,0.0185290600650886
0.45883861281726707,0.016643043828424377
0.49126056152681663,0.017042440782856116
0.5207653263589114,0.017966856585417423
0.5471950600014545,0.018483084553375377
0.5704127653829134,0.017713852315670228
0.5903009184757154,0.017890052545261458
0.6067606357486242,0.01714596530397003
0.619711171684938,0.012300937938572103
0.629089627860839,0.009655616387297396
0.6348507897877624,0.007814312363916926
0.6369670372803943,0.006645781533485487
0.6354283029435939,0.003626463584313515
0.6302420585042541,0.003861069924938063
0.6214333240116569,0.003136887308926513
0.6090447051810397,0.002301052508043829
0.5931364703994041,0.001153071147543952
0.5737867009440071,0.002754386298215014
0.5510915579671853,0.005889886970280997
0.5251657377394852,0.009531684218056847
0.4961432432303971,0.01395703472608548
0.46417865538219505,0.018049833365775217
0.429449215458528,0.023755382197265477
0.392158264599845,0.03082560516576626
0.3525409649748049,0.039977057731211636
0.3108740115950375,0.051824762966079026
0.2674926287973614,0.06839776639178478
0.2221351400608325,0.09264470366527064
0.1768116025454476,0.12965028214286126
0.13162533928715228,0.11773754478531427
0.08794644022450454,0.1230115934931419
0.0482480669737288,0.11981954803176577
0.017271811896830507,0.34259206113936064
0.015376556157265618,0.23035125805331158
0.04544190067266445,0.0904252711935288
0.08479757284784374,0.049523007883672726
0.12843558363304114,0.03547151243206731
0.17374289141336646,0.029459727614332597
0.21928468984739158,0.026555801950080987
0.26418504116566194,0.02391223267936763
0.30785148767424525,0.02188010325063904
0.34984770809238447,0.02070175450433003
0.3898308264480491,0.01991901704737116
0.42751869238111656,0.01946824515565602
0.4626719428114623,0.019136124822883963
0.4950837614349029,0.01931340317319315
0.524573864783852,0.019724929705433807
0.5509848981752116,0.020136724512300044
0.5741802410517679,0.020447841979553155
0.5940426736771908,0.02102169062656683
0.6104735719544903,0.019732794987818488
0.6233924222683207,0.009995473974329169
0.6327365416240324,0.0049576418227618374
0.6384609214863601,0.0009838854644709728
0.6405381424344079,0.0018987820121329495
0.6389583350239023,0.008124465791550801
0.6337291670334405,0.007353034111461656
0.6248758523685857,0.008865456751250517
0.6124411869048073,0.010737434609286958
0.5964856226157246,0.018045089705024144
0.5770874131595464,0.0216092160970954
0.5543428736750668,0.019753601445417643
0.5283668249943467,0.013740149663513555
0.4992933480987704,0.010920815640230244
0.46727702816422556,0.012508548666226077
0.4324949924601401,0.009641667296425694
0.39515027493471283,0.00842504102841074
0.3554774063577605,0.019968418961133307
0.3137518875602513,0.026848735457748955
0.27030673098494085,0.030797851027220775
0.22487242038732896,0.03177784161766162
0.17945812979108705,0.04460684322673696
0.13414711739211024,0.05107867706931675
0.09027399685671751,0.0654868162822761
0.05023210084275054,0.0973746222638287
0.018603242575163204,0.2804820671838874
0.017181384974599735,0.4170804001630695
0.04821343062008245,0.180214754757427
0.0880652931208027,0.09519753378104046
0.13196284812658807,0.06887220077221745
0.17741486447836713,0.05913077873332837
0.22304144831163505,0.055544079695670164
0.2679925173046907,0.050323978348038235
0.3116886399375293,0.03258162506548073
0.3537004958807578,0.02325633593147337
0.3936891951185681,0.015594561510159151
0.431374977494668,0.014579466780018192
0.46651998452990956,0.00844256974076926
0.4989183935391633,0.009191124743556827
0.5283906105060139,0.01119792578940111
0.5547797848389475,0.011762682032403339
0.577949685244793,0.007964273541504493
0.5977834095146692,0.006868912424404466
0.6141826062436775,0.0057527009956052835
0.6270670067393901,0.005042207363184659
0.6363741560510753,0.0036704727810118938
0.6420592636969786,0.0029372302987024966
0.6440951225394923,0.0022660785480902775
0.6424720719690747,0.0014147834106661684
0.6371979860442729,0.0007684865325474148
0.6282982820952582,0.0025561052993468432
0.6158159550789365,0.0045114167486670735
0.5998116488828648,0.0059692476076454596
0.5803637973531156,0.008325798758458139
0.5575688770805928,0.009350951524988866
0.5315418408413174,0.009999951271027863
0.5024168553720059,0.011296422612383871
0.47034851895996027,0.01431866269509254
0.4355138561934633,0.016867006787174475
0.3981156100150506,0.020371954288741417
0.35838770528367353,0.026478425420987394
0.31660449217122455,0.03356193912222519
0.2730968506232609,0.04227299726431003
0.22758763766410986,0.05423005543787144
0.1820853549660265,0.07388145314871133
0.13665396110838132,0.07088321110306633
0.09259426036426369,0.0779173983435964
0.052223644957269284,0.08704316805197179
0.01996936263732502,0.22453083852800612
0.019100390118828504,0.4818602990492718
0.0510623751101649,0.2257513795524182
0.09138907911884431,0.11770037679452836
0.1355351425479743,0.08624495317058803
0.18112519485899156,0.07608463002405223
0.22683171358646476,0.0736104647535471
0.27182944220145266,0.06717040410422057
0.3155515437826643,0.03510965316861719
0.35757551216816097,0.018405407200221612
0.3975663624963233,0.0044240811159124505
0.4352466924271553,0.003111836204452171
0.470380138870456,0.008544993691633508
0.5027618749945756,0.00726772910914535
0.5322130042672598,0.0035789324439572663
0.5585771910903146,0.0028957761894516905
0.5817186057156637,0.010755117248158301
0.6015206762787483,0.01356648543185509
0.6178853369513723,0.014484268729695314
0.6307325766270395,0.005678997554385188
0.6400001806666592,0.003151017284929448
0.6456435884007753,0.0005398059755111728
0.6476358161471838,0.001037146829356619
0.6459674226716602,0.005713880986252711
0.6406464981918004,0.0004352438291196185
0.631698672667642,0.0019101058712470708
0.6191671486918361,0.004212546537836556
0.603112770008391,0.0005415243207571614
0.5836141580819,0.0010686758115055468
0.5607679580097988,0.0023283425500918256
0.5346892614605295,0.005287206047876024
0.5055123282011645,0.0068900423602643625
0.4733917779659214,0.00930228799397752
0.43850454335866285,0.01273458660685588
0.4010530916513966,0.016072643104623894
0.3612707660702252,0.014495804688807738
0.31943080762487325,0.016443172207245758
0.2758620395510189,0.020649175850671213
0.23027989961165027,0.028525375424005316
0.18469240774321055,0.03586000082765924
0.13914495235537042,0.03316344514629321
0.09490610068740125,0.03444017706031887
0.05422098663822978,0.033440819666255325
0.02136766272133256,0.060925812468560006
0.021131372594477636,0.15690997861459538
0.05398583441641442,0.07259562017475986
0.09476639029975643,0.041647439606359034
0.13915002578810187,0.03087471232055416
0.1848714289729198,0.02639044329430922
0.23065299328223435,0.024390687303655015
0.275693286304124,0.02220058285632116
0.31943764180418743,0.021971563612093042
0.3614701823119119,0.021805029187298833
0.40145974682115954,0.02187795841357873
0.43913125754631943,0.021558639001455368
0.47424983671123677,0.021927857816066897
0.506611654847892,0.02221662183522789
0.5360385203027205,0.02265989757403392
0.5623746228638125,0.0232173297166313
0.585484546161085,0.02407631678866842
0.6052520610982692,0.024986081049217408
0.6215793999320318,0.02317653279034607
0.6343868214523165,0.009047880903613869
0.6436123632554407,0.0020360289167258294
0.6492117059049576,0.004168186778917308
0.6511581000081348,0.008333576526472526
0.6494423339024036,0.017686902696355138
0.6440727234922684,0.01662677621499993
0.6350751202211995,0.018960520452335285
0.6224929425083083,0.021845466406335445
0.6063872415264572,0.03275823942811891
0.5868368333935848,0.03819852778713385
0.5639385383710062,0.03251465558535296
0.5378075935438636,0.018776888429017338
0.5085783585275162,0.010439983738081797
0.4764054823210368,0.010403679683445048
0.44146581560826265,0.002197943534060971
0.4039615645124786,0.006558687925601124
0.3641255137068766,0.008461459119349594
0.3222298346487097,0.012592198817536072
0.278601366183284,0.00842520531934915
0.232948329105984,0.007225411146632149
0.18727843301208788,0.009627829667965401
0.14161919210137072,0.008711692489272801
0.09720842038109948,0.0272987691337057
0.05622247853666707,0.07480615202550431
0.02279567191323068,0.20274305406167825
0.023271652110196703,0.3236630552329289
0.05698082121148813,0.16084652987657197
0.09819464729816842,0.08980462670135803
0.14280503730179453,0.06698069002663555
0.18865110684164021,0.05865988555222229
0.2345027978778521,0.055878506992515335
0.2795815297709109,0.05105629707276822
0.3233443915934318,0.03239058918157133
0.36538195096116044,0.02254071090488986
0.4053667892450126,0.014359131669343217
0.4430261192604431,0.0133567620165408
0.47812653772378116,0.006705236078314441
0.5104652133744911,0.007527272318847928
0.5398646662677847,0.009690821221774663
0.566169621477,0.010276190168050531
0.5892450874100469,0.0060637015601491895
0.6089751897588043,0.004788319594536089
0.6252624710119246,0.0036851834073010855
0.6380274718182526,0.00392180211067334
0.6472084935963912,0.0029259059890789484
0.6527614692213785,0.0025086275991549273
0.6546598940835396,0.0020268277558125095
0.6528947959454455,0.001731923545944354
0.6474747255785018,0.0007947456685971659
0.6384257644064018,0.00265271276596928
0.6257915545011388,0.004665914145863791
0.6096333616635585,0.005555050443957578
0.5900302033227234,0.007844209803218318
0.567079081162175,0.010024358497768312
0.540895383788568,0.01269431630137431
0.5116135770185235,0.015632953102825843
0.4793883464245447,0.019564710943851964
0.4443964702246941,0.024175833327087608
0.4068399071180964,0.029797120759062302
0.36695090515851064,0.036229434393285936
0.32500060400026104,0.04517225993420586
0.28131392710069775,0.05736509390478669
0.23559207574524282,0.07507369406193894
0.18984260219616417,0.10110609271216663
0.14407581099864278,0.0863438388578283
0.09950016360019402,0.08010192442262667
0.05822654473486624,0.0543548126204769
0.024250974311119066,0.1109115538447945
0.025518138529167806,0.13739591233611545
0.06004427281072661,0.07056336114457695
0.10167123391955665,0.040462702797810036
0.1464976961873364,0.030469706445521026
0.19246176002698134,0.026715154307700748
0.23837863828508302,0.02539138979528929
0.2834916600189067,0.023246933493524136
0.3272692634787943,0.0199771603872295
0.36930828006273403,0.018263774861939114
0.4092849521586968,0.016972833807385162
0.44692874871085975,0.01662515362600034
0.48200772948057774,0.015758953204981933
0.5143200616466191,0.016167610727840405
0.5436889832630443,0.016930514925951417
0.5699597641143687,0.017467487986130664
0.5929978483605816,0.017344183742449344
0.61268772812589,0.017784404388359116
0.628932267912661,0.01673437918845195
0.6416523018371622,0.008995878497781008
0.6507864063793369,0.004904901940893271
0.6562907774662612,0.001768053709147526
0.6581391654248868,0.0007155520720581785
0.6563228469494984,0.005450980335225764
0.650850616506261,0.004979480554991551
0.6417487936392061,0.006270692320405146
0.6290612515346503,0.007851393988703744
0.6128494774490832,0.013677194615390341
0.5931926963950982,0.016604336500560157
0.5701880973367092,0.016101449342833158
0.543951226086684,0.012881006335154994
0.5146166605739371,0.012035145800950766
0.48233912974730886,0.014216656619336528
0.44729534819651223,0.013687140852288537
0.409687040136572,0.014645525982856207
0.3697459378144547,0.024820998030867382
0.3277421850438777,0.032415758738029064
0.28399885570845185,0.03907422744957978
0.23821032447236606,0.045482128011805074
0.1923841216722232,0.06251490282864879
0.14651397722948825,0.057343469001920756
0.10178032256988194,0.05765442716069193
0.06023168488042366,0.05217625429483671
0.02573122233750774,0.12263834020833335
0.027867398515381232,0.2998091153717531
0.06317306258010785,0.1647016502040757
0.10519349968551797,0.09321093817020787
0.1502255011752417,0.07100761762926633
0.19630091057568663,0.06380645346609017
0.24227802435850243,0.062295570497460435
0.2874211701045648,0.05741256951021031
0.3312097389216635,0.03256166536680485
0.3732466473991781,0.01949151228625018
0.4132117179438774,0.008479147647968192
0.450836640786241,0.007392053864630411
0.4858909267224407,0.001855939314234081
0.5181737410537333,0.0011283385310312175
0.5475090456305097,0.002302895959295078
0.5737426639188085,0.002981012757740572
0.5967404863946849,0.0031838660572032895
0.6163873828601752,0.005241805220794189
0.6325865512519878,0.00610769441149518
0.6452591304129119,0.0007806198433535022
0.6543439827782767,0.0008966203932407896
0.6597975777222279,0.002291258218505901
0.6615939303133367,0.0031076206700093203
0.6597245753353104,0.00609150416144324
0.6541985594247645,0.0021461785117362154
0.6450424480238358,0.00028449907164711713
0.6323003525303955,0.0016240238746500428
0.616033988103252,0.0011027414892694363
0.5963227932293389,0.0002931636896010554
0.5732641496137727,0.0024889476317794088
0.54697376554195,0.00636472003620693
0.5175863365122998,0.009304192696224404
0.48525664114230105,0.012408866257943067
0.45016133864389624,0.01712886156418924
0.4125019309182295,0.022103649267613705
0.37250965412861725,0.023254701791286202
0.33045369045653306,0.028204354728014466
0.28665532694939755,0.03651711009122631
0.24080230021938254,0.050052299136030994
0.19490223726153433,0.06614868764888708
0.14893290061044165,0.06086474557332102
0.10404794072053031,0.06384128190435218
0.06223647553038199,0.06468733362021428
0.027234146209612658,0.1377704244803873
0.03031571660245918,0.269563468682326
0.06636401073404728,0.1482127513597331
0.10875876304927128,0.08911122798113667
0.15398593160105373,0.06852035381999583
0.20016607100533768,0.06054239585602405
0.24619846444653154,0.057624527700578694
0.2913675580964186,0.053072785491106375
0.33516330985633097,0.034263809726861376
0.3771945459446676,0.024222431053241827
0.4171445883687427,0.015824376420883707
0.45474731356797166,0.014819280363524721
0.48977367090028295,0.007973113093241007
0.5220238229741812,0.008717794948347584
0.5513224607442097,0.01083026900250471
0.5775159698888791,0.01136747144973975
0.6004706973513753,0.007007419368831357
0.6200719014946728,0.0056410849828173034
0.6362231247353006,0.00423245952463977
0.6488458215464112,0.003257700024142681
0.6578791508588775,0.0015248627030126146
0.6632798655410428,0.00048077672156505795
0.66502225485778,0.0005358247885811768
0.6630981204853484,0.001751525625251937
0.6575167693455675,0.004474715890237204
0.6483050201943882,0.006835835134218422
0.6355072293654335,0.009412535006283279
0.6191853459999412,0.011486963711430027
0.5994190275523423,0.014626114467910558
0.5763058535342934,0.01402513511948903
0.5499616995490674,0.011685551187183077
0.5205213836794392,0.010596592367884152
0.4881397400031529,0.012945520515953749
0.45299338000916434,0.012854994499578819
0.41528359469742165,0.01374632598723988
0.37524114279069903,0.020060415544625707
0.3331342773744498,0.025204985730170448
0.2892825584488387,0.029503469257182054
0.2433672690413385,0.0336527908629145
0.19739623525144456,0.044320479561856876
0.1513318333175386,0.047012221528630715
0.10630211264247372,0.05555526119902543
0.0642395687454158,0.07148157169029161
0.028757559720947186,0.15799107168570362
0.03285915060594741,0.3084067386677668
0.06961389482351718,0.17856112917756314
0.11236431541088036,0.10570941921280622
0.157776449468477,0.08173597638211785
0.20405474553485997,0.07352149262329541
0.25013746617057364,0.07148133394862916
0.29532832761738464,0.0660583613550658
0.3391274790763839,0.029294284535705335
0.3811494841828488,0.009641462453262943
0.421081084876446,0.007182240199744872
0.45865830861286694,0.008719350522820619
0.4936535304394982,0.023018809543551542
0.5258679089984667,0.02206760789953823
0.5551268692079784,0.018486814742397398
0.5812773670626621,0.018355403838265113
0.6041862157290364,0.028548769100573725
0.6237390726157007,0.032813623538302625
0.6398398353062271,0.03286631561933073
0.6524102844449694,0.012464190078123579
0.6613898856530456,0.0045452969489817325
0.6667356849807391,0.0027587878808301796
0.6684222549881771,0.007271645610758062
0.6664416726885216,0.01949678429786002
0.6608035130420256,0.012121788850443413
0.6515348551661928,0.010833943455237263
0.6386803066830524,0.010021776154418183
0.6223020564091962,0.022845655753641107
0.6024799858845,0.024777170840588423
0.5793118770885052,0.019013961662574404
0.5529137773811498,0.005383903348336024
0.5234206319783897,0.0031254027541707577
0.4909873357210948,0.0061366016070310385
0.45579045944603147,0.017405861168658134
0.41803109392502863,0.02705177402100785
0.37793953803929764,0.015657393833193006
0.3357831466738426,0.016042044203220182
0.29187980970979305,0.025475469222576652
0.24590453717558064,0.04669000626999651
0.199865441355584,0.05914681787876653
0.15371006862049347,0.04890398583459247
0.10854198224611918,0.04708762698712202
0.06623968908817914,0.03787378136633941
0.030299363210515424,0.05995185556801529
0.03549358118797115,0.10403859052049427
0.07291945983695135,0.0623169414155703
0.11600742576205149,0.03701465351909739
0.16159450239752132,0.02878273547175913
0.20796443213299903,0.026062325744247317
0.25409253803691145,0.025514005541650286
0.2993009892058983,0.023601996776415658
0.3430997614921637,0.02054414088814336
0.38510898725242265,0.018999162218818675
0.425018749633127,0.0178373615803717
0.4625671919059128,0.01755082579771728
0.4975281016212443,0.016758222329163984
0.5297036317548308,0.01731007469722906
0.5589199456142607,0.01824464520856197
0.5850245772001565,0.01891445525073811
0.6078848152607298,0.018873131386290824
0.6273867263574477,0.019436939034514895
0.6434345735581527,0.018287809460881547
0.6559504738611629,0.009455479888440721
0.6648742094042909,0.00480385457364904
0.6701631287544311,0.0012154091130146627
0.6717920965070959,0.0014085411844475865
0.6697534730948035,0.007043961814170096
0.664057108901784,0.006481688651247263
0.65473035008549,0.007947794679947832
0.6418180615344282,0.00974585412083218
0.6253826770554681,0.01642945622336671
0.6055043069998002,0.019773011269910552
0.5822809400799621,0.017867164550305552
0.5558287994251268,0.012023973308083554
0.5262829615099132,0.009159873899755365
0.4937983867452847,0.010509095105476707
0.45855161181154414,0.007603947102815343
0.42074353718300395,0.006197029641908872
0.3806040184846272,0.01645912036694201
0.33839954171769326,0.022228930436164515
0.2944463808352357,0.025005972664066747
0.24841344977496627,0.024688192154242537
0.20230921935285792,0.03418894595127361
0.15606693930895132,0.03640444390283457
0.11076674056902663,0.042084407020868846
0.06823563029233634,0.05214764470695957
0.031857544906889385,0.11928516729996463
0.011051203017740482,0.11303465957765158
0.038214754985079584,0.049525879626798934
0.07627742689013714,0.03149003523797361
0.11968534465092505,0.018015123121818518
0.16543752606258816,0.014055891572868904
0.21189262428627806,0.013069349891923359
0.25806119078626677,0.013214676839304206
0.3032830614169332,0.012270192115778216
0.3470776850195746,0.004989410586592202
0.3890705977274708,0.0011152378056422504
0.4289551462409568,0.002225910085642773
0.466471554533566,0.002524054078535439
0.5013950091906831,0.005407286890253503
0.5335286554405967,0.005149180630468898
0.5626993990094673,0.004340709120580033
0.5887553591860405,0.004267434257732483
0.6115643092655852,0.006337308150435156
0.631012734695484,0.007178753152681381
0.6470052739684163,0.007171709013872125
0.659464390253812,0.0030272991681227464
0.6683301916732679,0.0013971644882215843
0.6735603382811898,7.65940396344341e-05
0.6751299950841682,0.0010204319838820006
0.6730318136501708,0.0034941911093276682
0.6672759268070039,0.001997221338814529
0.6578899540559404,0.0017386219879237804
0.6449190231510519,0.0015812357441353413
0.6284258178253431,0.004178884935486354
0.6084906815802799,0.004567050976907552
0.5852118137288589,0.0024811656310129784
0.5587056167718295,0.0018829551587991008
0.5291073021211742,0.00494780656850371
0.4965719000785054,0.00641275713169581
0.4612759190958259,0.010379267949338269
0.423420078579508,0.014146182365270493
0.3832338064938292,0.012742063577297845
0.34098274772535864,0.014831871904516718
0.2969816118534457,0.02008038929194496
0.25089339015314677,0.029602724374283868
0.20472697025484018,0.03860873686372108
0.15840181666065464,0.02294437947884026
0.1129756242439827,0.0073063753088483605
0.07022625253450936,0.031064711615888457
0.03343018156415967,0.08483540078254376
0.012696427550563152,0.5070742684977959
0.04101832056565456,0.21377291394985468
0.07968449938168888,0.13434980294914667
0.12339530626324202,0.08407140426784765
0.16930294487068284,0.06673844149126833
0.21583681088073792,0.06067290672794128
0.26204093687927293,0.059193204398247455
0.30727207009808627,0.05511177705613849
0.3510587897782632,0.029551503098401502
0.39303187476187573,0.01581938087880704
0.4328878588485048,0.0040661153375409435
0.4703690117694992,0.0029111277837095976
0.5052519054662975,0.007061564686189468
0.5373406749919452,0.006286554941579295
0.5664629721175067,0.0035129564409539433
0.5924675083107261,0.0031758772108044222
0.6152225499891739,0.01007221025525834
0.6346150108398363,0.012728304544085895
0.6505499143531632,0.01342527767473973
0.6629500793166769,0.004257350199669728
0.6717559489329882,0.0013783249545524737
0.6769255033499537,0.0016629012592918441
0.6784342159934681,0.0033258201782127446
0.6762750369131718,0.008551086776259513
0.6704583880252346,0.0037682658747477033
0.6610121681051271,0.0020315231171440587
0.6479817729993174,0.000740388225202604
0.6314301409144452,0.005530636381121777
0.6114378524509487,0.004952098877019881
0.5881033209919416,0.0022243199048905806
0.5615431315985757,0.003808399169348894
0.5318926338690967,0.007724398587258401
0.4993069318335276,0.01067792853982915
0.4639625110859165,0.016569670994853326
0.42605991848929564,0.02222475550785913
0.38582816896831773,0.02012754321467837
0.3435320925930067,0.023440626317866677
0.29948488358742364,0.031058447376832728
0.253343780700619,0.04480259733305766
0.20711813319598493,0.05773000583889833
0.16071411114665435,0.054642108026767854
0.11516791559902455,0.05977351376847477
0.07221048123004684,0.06682071684750182
0.03501543940860676,0.12977380738111768
0.01446865125743928,0.42572038249937494
0.04389985704036211,0.1854629250545993
0.08313736604110075,0.11801107623125953
0.12713452786798934,0.07607141835741914
0.1731881701410576,0.06082857309750368
0.21979447381639014,0.05509615232838845
0.2660292878203793,0.05333020164946047
0.3112655455891729,0.049705703582296576
0.3550406252463719,0.029617270266953717
0.3969903913038197,0.018776507639321604
0.4368144894826128,0.009527486493639966
0.4742572005667746,0.008545902050442554
0.5090964679996418,0.0008720405850768578
0.5411374139074809,0.0016240655531863009
0.5702084393605922,0.0036540057020315268
0.5961588545070919,0.004028150696806854
0.6188574270794938,0.0012468119398466853
0.6381915079704605,0.003100537376412961
0.6540665148629673,0.003747156825660244
0.6664056312346206,0.002289616055881962
0.6751496441031604,0.003996054273007711
0.6802568619382812,0.00575252697125704
0.6817030742195485,0.006810138987608469
0.6794815364491983,0.010207449441011086
0.6736029659000149,0.006863445503423698
0.6640955461718818,0.005593591227600115
0.6510049460423305,0.004398426722526169
0.6343943623590639,0.007711231579820684
0.6143446163816403,0.007210715463640621
0.590954338635297,0.003012871095811489
0.5643402995273754,0.0049791415213195685
0.5346379896354003,0.011089296014147524
0.502002590086382,0.015172612291505287
0.46661056843418414,0.023368882303984224
0.42866230683840206,0.031725766724232746
0.3883864208614543,0.03272802776864248
0.3460469506139522,0.040090613614506214
0.3019556215380756,0.05364427511958515
0.2557640868165365,0.07595656020348371
0.20948218934792298,0.10095670460698698
0.16300327615540325,0.0860515058543002
0.11734294578048314,0.08204473573479946
0.07418730865930591,0.06587216891188077
0.03661157665518651,0.12546843589823764
0.010230003792560134,0.07594919946661247
0.016364551000947528,0.0742780673044704
0.04685489598144538,0.04374329053249923
0.08663270137006021,0.031706207687668755
0.1309002073082439,0.020366159848367125
0.1770905965416892,0.017039761186038394
0.22376308390790509,0.016423096081149433
0.2700237498578228,0.01683936681864589
0.3152610184313372,0.016108365731248624
0.3590207461546509,0.008166380334679866
0.40094373020195706,0.003980861634262758
0.44073265441694054,0.0003754660159419081
0.4781337762261766,0.00019807469710853614
0.5129263965995805,0.0029160817122525695
0.5449166216740706,0.0024941607423559823
0.5739336047032756,0.0014216639943745511
0.5998272606319904,0.0011714180269866618
0.6224668663113972,0.003330774195606123
0.6417402184225534,0.0040875144400709116
0.6575531376520167,0.004128389186860022
0.6698291808611463,0.0006428779590732336
0.6785094872272587,0.0008696184313123087
0.6835527013947326,0.002062978019912898
0.6849349361504606,0.0028927303136832548
0.6826497590374417,0.005073824056630123
0.6767081885670172,0.003668462663240955
0.6671386983278681,0.0033846695197939846
0.6539872344812037,0.003175162553027633
0.6373172562901666,0.005443851444798748
0.6172098288381943,0.0057195984381916065
0.5937638024626262,0.004200650441546667
0.5670961352777604,0.000998084891837953
0.5373424612165609,0.0012140288452875537
0.5046580413891602,0.0022362902612751783
0.46921932957774076,0.005122594094462126
0.43122655038386387,0.007792268291790125
0.3909079327607731,0.006339097909243849
0.34852675031077107,0.00754195042663488
0.30439330390034575,0.011013002120673503
0.25815382508975354,0.017496438054674074
0.21181867012923358,0.023148570938836502
0.16526881597083182,0.02525882712620345
0.11950010193000675,0.032678171478956027
0.07615579940541155,0.04726900402008035
0.03821694867994586,0.09904290481912609
0.011145043093792469,0.3008812585461456
0.01838005450743469,0.19076338151490607
0.04987893789052338,0.08564464595252218
0.09016716441209531,0.054521188730252385
0.13468951941456717,0.036023464225544734
0.18100759766773175,0.028622472915453955
0.2277400961451859,0.025378964128834558
0.27402181920699037,0.023984390452112245
0.3192560147292935,0.0220994288613345
0.36299670805857337,0.01010104321928931
0.40488948013171555,0.0034428353185333043
0.44463998053470644,0.002333321807691389
0.48199640926184306,0.003071740624614091
0.5167394107116627,0.008006968427360985
0.5486760716810816,0.008015775178514272
0.5776363001419781,0.007181051735658143
0.6034706215674022,0.007423658092325669
0.6260488293292397,0.011032572860847443
0.6452591740827797,0.012725096474298767
0.6610078879388365,0.012354709665436947
0.6732189094426335,0.002321411398726201
0.6818337378867928,0.002580212857919677
0.6868113615495403,0.006175441126985635
0.6881282233850262,0.00872616649182996
0.6857782091705931,0.015200727781874866
0.6797726441458859,0.012646178761004146
0.6701402966541079,0.012954917068359207
0.6569273942941491,0.013565684996752899
0.6401976621179828,0.020723472482399852
0.620032411798917,0.02296107578092934
0.5965307157448703,0.018048506362898304
0.5698097217208257,0.007448692474531892
0.5400052089417473,0.0011541501976298166
0.5072725209042357,0.0018100516786140064
0.4717881013351402,0.01049305200513282
0.43375202375626454,0.018100462175688583
0.39339214234763065,0.011501432134395825
0.3509709862607715,0.01318183939094062
0.30679747368640486,0.02204326543269446
0.2605125755374632,0.03987664404826736
0.2141271694310626,0.05294043158774314
0.16751029771538162,0.046006092291741345
0.12163883834269382,0.04805724179012801
0.07811509958659595,0.04896502092904569
0.039830016054703765,0.09685288246597383
0.012093440065998912,0.11157342770556343
0.020510480902692422,0.16711851875975778
0.05296746407163637,0.08355011676517225
0.09373739637299115,0.05631823613758325
0.13849961186352297,0.03821052334631001
0.18493652133616087,0.031219615918387587
0.2317229447662943,0.02845533279375733
0.2780209771671616,0.02752382951113475
0.3232480514883703,0.02580659859499557
0.366966063044764,0.014323276206773029
0.4088252317276479,0.008045744416042909
0.4485341019387426,0.0026286452766277435
0.48584278252961344,0.0020696017889638577
0.520533247141998,0.0025389310326194405
0.5524135596030839,0.002304254428947846
0.5813143847632546,0.001165504239901071
0.6070868639539434,0.0010997717796201209
0.6296013140809912,0.004314527855937169
0.6487464475594176,0.00561143622477298
0.6644289159291984,0.005802115468343421
0.6765730473122474,0.0006950533429061385
0.6851207086637803,0.0015998332051224322
0.6900312389489015,0.0033000391792668373
0.6912814177409995,0.0044136039082282325
0.6888654548367144,0.007612333820788775
0.6827949872813665,0.005422170296195282
0.6730990825298748,0.00490220505105124
0.6598242532621338,0.004489976875841126
0.6430344932883406,0.007805012789828671
0.6228113632092349,0.008113422045153702
0.5992541593462881,0.006240626195638641
0.5724802206266031,0.0021611391246175566
0.5426254730252759,0.000623650955966273
0.5098453443379435,0.0017975876637977986
0.4743162713935686,0.005394878801912173
0.4362381824235027,0.00863615846291121
0.3958385677447435,0.006264067253549539
0.3533792327644233,0.007340873799035058
0.30916775263954765,0.011194037948349651
0.26283999568442573,0.018686936472704335
0.21640735768357852,0.02454117492416573
0.16972736512124717,0.0265846609240176
0.12375868937035561,0.03425458037797858
0.08006444787792209,0.04902212536672276
0.04144935404583818,0.09901982387926242
0.013073455057201817,0.27712102111842113
0.02275066617271321,0.13671330421725106
0.05611594500866186,0.07024940964912244
0.09734001766123701,0.04778514526313772
0.1423276009094007,0.032672751741548815
0.18887468484083414,0.02670036963550805
0.23570903841658586,0.024277921600991827
0.28201868536088187,0.023413622123081682
0.3272346320775616,0.02191398046015334
0.3709263555134917,0.01250451802992971
0.4127485737902444,0.0073332098758622614
0.4524126566568064,0.002867526706817392
0.4896705884862125,0.002363027573312949
0.5243056578944791,0.0014367339088175294
0.5561269018249253,0.001279592694589644
0.5849657438020612,0.0003601866324551488
0.6106739459501972,0.0003193444911056935
0.6331223552912852,0.0029535751591042553
0.6522001533555145,0.004019586506894051
0.6678144186993804,0.004226482134560531
0.6798898764897263,0.0004248250087074693
0.6883687684702156,0.001423641030552496
0.6932107909161866,0.002712253812303652
0.6943930660449404,0.0035368061348190405
0.6919101330301062,0.005981494411687752
0.6857739453736389,0.0041872421166509926
0.6760138735722822,0.0037028149341296938
0.6626767186038277,0.0032965221474092355
0.6458267455655979,0.005806253663790035
0.6255457659088812,0.005943743775248819
0.6019333012739336,0.004461664343745144
0.575106882817364,0.0012907996363544295
0.5452025842761884,0.0008474465441336595
0.5123759191580713,0.00192368918539147
0.47680331998521247,0.0047880292409773146
0.43868457479405243,0.007411599227932339
0.3982468200271288,0.005797501281451929
0.3557511566833456,0.006868861617731565
0.31150385431153843,0.010114038412576241
0.2651358337006924,0.016240456319503882
0.2186589949830957,0.021303422958829962
0.1719197514142098,0.023499573894404054
0.12585928160953103,0.030506229383260693
0.08200318606926447,0.0439667996766623
0.04307366175558609,0.0877230120688054
0.014083359341106957,0.24250542669208375
0.02509507274329991,0.10088541203527265
0.05931984677038418,0.05608031419932496
0.1009716256783572,0.0395299752635339
0.1461705683730245,0.026739958496608558
0.19281937168736013,0.02198288799267307
0.2396957567602275,0.02027882392778425
0.28601238242985044,0.019890136018006956
0.33121324314737705,0.01868459480611194
0.3748751194214449,0.011093660446859123
0.41665709088039504,0.006952530094472141
0.4562732846186966,0.0033762521102283817
0.493477527595429,0.0029842506937743742
0.5280544090484947,0.00015777272977005673
0.5598139348331742,0.00033264109640855177
0.5885882885560004,0.001029562226785654
0.6142298576504805,0.0011569818105087494
0.6366100254044903,0.000938185487196
0.655618449377932,0.0017045967515492832
0.6711626422839112,0.0019138795140985106
0.6831677333545946,0.0008640534027353396
0.6915763457961014,0.0017299205029956764
0.6963485393724687,0.0025824268218969217
0.6974617845232342,0.00312012776477205
0.694910954707651,0.004727684782863799
0.68870832408527,0.0033840069733291015
0.6788835696774753,0.0029550596315431085
0.6654837835280143,0.002570822491957124
0.6485735041117086,0.004193357169211168
0.6282347951983203,0.00415771015422321
0.6045674046990199,0.0031547455489784656
0.5776890566038664,0.001067029891022886
0.547735972942741,0.0003860640934772365
0.5148637538324707,0.0012078275243575835
0.4792488294822216,0.0031773943128335833
0.44109085212080046,0.005022639849746193
0.40061661337157906,0.004180853539725944
0.35808652782643263,0.005134513182625133
0.31380559461121194,0.007546346937181696
0.2675194400273357,0.011920127078967549
0.22099443460035306,0.01581806057895133
0.17419079431455192,0.019161820388471154
0.12803206035805964,0.026623440182448856
0.08400668184227186,0.04127459257612769
0.04475633581584596,0.08288681161644491
0.01514904107520843,0.24419910041235138
0.027578762244346366,0.08525450725447717
0.0626401653821545,0.04738546817470063
0.10471287901864836,0.03338264867380535
0.15012337575503829,0.02333746917362429
0.19687598678226295,0.019297745664559687
0.24379657515457037,0.017662341102000958
0.2901218819559174,0.017097497357004575
0.3353087799162567,0.01606231364571111
0.37894139179028863,0.009682730096336682
0.4206832400687543,0.00616569993277765
0.46025129565429546,0.0031240949721979315
0.4974013071781399,0.0027731946072592057
0.5319192330275162,0.00023113348685745427
0.5636161060480073,0.000405534770267461
0.5923249187448314,0.0009774155861957709
0.6178987247104085,0.0010347546907552112
0.6402094776289768,0.0007492858598000858
0.6591473395018036,0.0014326271106802023
0.6746202806969515,0.0016114332833931354
0.6865538536999669,0.0008986612111860405
0.6948910785077501,0.0017135090823784582
0.6995923901538855,0.0024880453452211146
0.7006356157284369,0.0029738390820675258
0.6980159681467693,0.0044358935997126404
0.6917460441364299,0.0032768430162722676
0.6818558257859955,0.0029305057955068695
0.6683926911810357,0.0026277114240149686
0.6514214432456252,0.004120526318368167
0.6310243847530119,0.004143357753129438
0.6073014714958521,0.0031462648662942488
0.5803705959039789,0.001092286907770427
0.5503680966249598,0.0003626490571399594
0.5174496196873418,0.0011177523286641949
0.48179154090475995,0.0030314441915864927
0.44359330998444596,0.004821863802759428
0.40308128800766474,0.004026641624276395
0.36051509255390396,0.004954033148956873
0.3161983096037519,0.007310673231026582
0.26999113520524903,0.011562540834627006
0.22341422301261044,0.01535915641786484
0.17654132797554375,0.01836492778364072
0.1302782282243513,0.025252542367021968
0.08607657868299919,0.038622893588787226
0.04649940115377578,0.07662149960744051
0.016272687003986368,0.21688789295822025
0.030202395439555503,0.08772143216167602
0.06607733944998659,0.05595111888263238
0.10856380504142905,0.041902141514180036
0.1541854779806777,0.027834338535216916
0.20104348677795625,0.023099639922657608
0.24801007206084585,0.021831563748939097
0.29434549076470196,0.02202088207254702
0.33951936096593444,0.020801662949733103
0.38312316618713693,0.011329100083710035
0.4248249378062565,0.006182188970227072
0.46434456576897226,0.0016975902791256338
0.5014397912899996,0.0012409111243333428
0.5358980044201745,0.002655125866428366
0.5675313185946123,0.0023131952251103775
0.5961735805976243,0.0011523121540073103
0.6216785483845123,0.0009782438299036432
0.6439187780642325,0.003700827840903136
0.6627849627967956,0.004725479976912166
0.6781855526908859,0.005192689695291069
0.6900465414871144,0.002697709931661787
0.69831136028971,0.0021472598015884127
0.7029408303080968,0.0015479418061856854
0.7039131429498438,0.001324997355307283
0.7012238550925614,0.0001105537931367518
0.694885887364874,0.002002326775508089
0.6849295249833427,0.003014670511139163
0.671402426657277,0.00406271061614934
0.6543696505401745,0.0030424161357986046
0.6339137249140981,0.0038998527939606577
0.6101347950396397,0.002138995221117992
0.5831508975575764,0.0007007525488703444
0.5530984564676384,0.003347186691860274
0.5201331237599484,0.00400421906462374
0.48443116997843017,0.006606136614921682
0.4461917774685526,0.009329588255397293
0.4056407938641756,0.010708099870139081
0.36303693339985976,0.013565534374995475
0.3186822324882898,0.01866561117115157
0.2724315783035848,0.02656563126270243
0.22580609874167096,0.03608636598649319
0.17886814171459034,0.020940644413797622
0.13250639656681437,0.006795539488743196
0.08813723561576728,0.024309171743086878
0.04824827599303013,0.05022666929660706
0.01742636293368926,0.3287646286946861
0.03292096760325042,0.0533397211438606
0.06956275452591686,0.03323767476187539
0.11243785585847553,0.024770408665106276
0.15825676012755666,0.017553277644740045
0.20521142312963744,0.014800841139925951
0.25221780273037386,0.013834971395173175
0.2985584693577412,0.013655176990102942
0.3437152139958321,0.012956223676386438
0.38728659413680844,0.00757165084211868
0.4289450005061077,0.004617833830278709
0.4684131622306684,0.002045631662884337
0.5054507703262268,0.0017935982601015293
0.5398466242771516,0.0004263666483546675
0.5714139075957757,0.00031599138995787215
0.5999873176536237,0.00035131660969848593
0.6254213170862899,0.0004309539007393341
0.6475890670420048,0.0011094958489121375
0.6663817957126349,0.0016919900448497099
0.6817084374247817,0.0018256325321730344
0.693495431821959,0.00042797055492803474
0.7016866256358083,0.0011355700474310327
0.7062432304511838,0.0018286291371887378
0.70714380573937,0.002270722604414692
0.7043842555492756,0.003570914107047769
0.6979778270313092,0.0025594415765468875
0.6879551105471379,0.002263616957500613
0.6743640468588652,0.002006128426370498
0.6572699502334504,0.0033297549115909784
0.6367555748836529,0.003356835112367413
0.6129212556311832,0.002544600144475792
0.5858851732924537,0.000837300680483051
0.5557838374017571,0.0003407758734787724
0.522772906831327,0.0009596597151863522
0.48702854938582774,0.002532549425171494
0.4487496856035887,0.003988005231709881
0.408161660758034,0.003224132978459587
0.3655223068530558,0.003904375021616791
0.3211321503753096,0.005751550143651179
0.27484091973905167,0.009133385067472966
0.22817020868506746,0.012019075349592276
0.18117133672862604,0.01457199509294307
0.1347165415646435,0.020147354497486822
0.0901883407827471,0.030827611892686336
0.0500020429491721,0.05942020749361685
0.018608510247613036,0.16023961691286778
0.035728003984800416,0.007552924206968491
0.07309167145145969,0.007332067638282643
0.11633139521596902,0.006198595709507573
0.16233409314649824,0.0028942367327442976
0.209376915229081,0.002167198657954077
0.256417029869032,0.0022900273543784463
0.30275818156782724,0.00273286731116106
0.3478937881107571,0.00251944102596525
0.3914292055748051,0.0009199526002280109
0.4330410395782006,7.535795675947701e-05
0.4724547807974701,0.0006710306142238426
0.5094320281961896,0.0007751962254595166
0.5437629686889737,0.0014576443235483677
0.5752618452555298,0.0013391284537069054
0.6037642018880478,0.0010596199349045734
0.6291252058332575,0.0009919643665974149
0.6512186254594478,0.001479378851009244
0.6699362274003412,0.001641973235787685
0.6851874341884636,0.001863740576727166
0.6968991355082323,0.0022341244136251798
0.705015597727187,0.0026030151978051574
0.7094984264880181,0.002881571396853882
0.7103265525540464,0.0031448827403679626
0.7074962298286265,0.0035299861608198736
0.7010210340809894,0.00395137223361113
0.6909318623154511,0.004400140297049094
0.677276938250394,0.004903166963202161
0.6601218326262012,0.005491650188499636
0.6395495254818291,0.006151729258849491
0.6156605407549426,0.0038964227097194994
0.5885732028623859,0.0002026611284324124
0.5584241064787907,0.003447424272751515
0.5253689176611875,0.004699025509109749
0.48958370326399503,0.008436979423685369
0.4512671267124194,0.012157880227930191
0.4106440408601411,0.0125200869713924
0.3679714149714325,0.015568893053198215
0.32354830269678947,0.021599511519145093
0.27721942025860136,0.031434585347999616
0.2305068088637836,0.04203111910646682
0.18345112300334018,0.032620824756507245
0.13690875054401722,0.027282298431626887
0.09222970264172545,0.014320533506569819
0.05175992443958227,0.024640979163516697
0.01981766253131336,0.07178299449680565
0.011442544312904892,0.23681654032732274
0.03861701186571123,0.07067866270478566
0.0766594203481477,0.029566602851578597
0.12024082385860063,0.016424777334711857
0.16641437280883187,0.015973567909992912
0.2135371065309858,0.013208804469922151
0.2606050435932918,0.010221757202796921
0.306942023272888,0.007388093827652923
0.35205256939433394,0.006536664064199353
0.3955485723399751,0.0036749374531360782
0.43711071314299554,0.0017443995749059633
0.4764671686176478,5.0633588045571934e-05
0.5133814046839539,0.0003985481820020425
0.5476449739322644,0.0017352500536231953
0.5790731680997638,0.0024154858908618285
0.6075023735589796,0.0030460528291019954
0.6327884617109973,0.003696243085308576
0.6548058098774229,0.004794219320497063
0.6734467260635344,0.005677934750541393
0.6886211244946325,0.006478494997433201
0.7002563485213551,0.006737933922023167
0.7082970876322168,0.007409057357387857
0.7127053446825065,0.008157132300115532
0.7134604244214443,0.009050397309463285
0.7105589327611727,0.009816388957096899
0.7040147756559226,0.011243528843557556
0.6938591577142281,0.01263018302461032
0.680140585988039,0.014163780183886981
0.662924887527798,0.015502656596977527
0.6422952675618269,0.01737801292042419
0.6183524381650036,0.014007778716486471
0.591214866227245,0.007721831082466364
0.5610192305930062,0.002860232169131243
0.5279212041699277,0.0017038136356270614
0.49209675396586583,0.0036869294279350483
0.4537442901213648,0.00856873868344209
0.41308818190118435,0.007302636822458685
0.3703845536975223,0.010177108713243021
0.32593102094415344,0.017557162941819797
0.27956743075905494,0.030337740094245814
0.23281624402240658,0.04261562436229591
0.18570779897524448,0.03452484156369792
0.13908320198796909,0.03296615351344716
0.09426123074483192,0.027729560982284678
0.05352126584383274,0.05809926518290168
0.021052446289926093,0.0400336477737437
0.013202181596443046,0.11843741966481922
0.041581534110423306,0.04293630069233282
0.08026141456516556,0.028057612183570512
0.12416259141969964,0.021413515670477307
0.1704945312432705,0.01592252258730026
0.21768917543516914,0.013628201065743448
0.26477917149061,0.01271056733987942
0.3111074315557093,0.012428514301765666
0.3561890891143482,0.011828788733849788
0.3996423153411185,0.009299349899372936
0.44115173208189684,0.007921593666985452
0.4804481290494626,0.006758500483065637
0.5172967990249014,0.006632503018913758
0.5514906387572192,0.0056957021573314295
0.5828459779307087,0.005885300640838388
0.6112000407629643,0.0063120201806726684
0.6364094019682335,0.006520765626472458
0.6583490491171479,0.00601642995534374
0.6769118340328051,0.005983960819185125
0.6920081656113665,0.005050280279870208
0.7035658439743667,0.00048499748602420773
0.7115299846908726,0.0028354271648763116
0.715862990451671,0.005084584234055598
0.7165445421532538,0.0068645521271986365
0.7135715993354739,0.010445811020231944
0.7069583991702976,0.010868547527691105
0.6967364543055622,0.01238808879619177
0.6829545549802063,0.014165835668914663
0.6656787838554218,0.01856344973240386
0.6449925701903089,0.021385260866346
0.6209968126878528,0.01591322532739294
0.5938101190447451,0.005060548220961342
0.5635692507358425,0.00316088590766659
0.5304298865771959,0.004975342459791013
0.4945678941327659,0.013968995720636672
0.4561814332510192,0.022157460447875522
0.41549439734342536,0.018175874555091003
0.3727620822939563,0.02178979784008695
0.32828069757566475,0.03282654453153133
0.28188536086821964,0.05283656527548185
0.23509891610165032,0.07011095720646561
0.18794172019914077,0.04759885465449425
0.14124013485117634,0.03128623648115534
0.09628290635388935,0.0046024998467165314
0.05528550931714939,0.014575816340146066
0.02231157198532223,0.2837400568232795
0.015090499545957035,0.2425932148256839
0.04461519076881241,0.09124026013803595
0.08389315990373068,0.05452307088704802
0.12809320380347064,0.039621303702229015
0.1745715437696505,0.03153193477626444
0.2218303413813133,0.02701007431467368
0.2689367838353813,0.024297542173151984
0.31525188894290823,0.022577424674856267
0.36030092691367877,0.021299198568368927
0.4037081066622933,0.01645163211105298
0.4451618610004099,0.013630898056698882
0.4843955214425833,0.01122586751065966
0.5211761684180565,0.01083658209848898
0.5552980215605763,0.008921145137219238
0.5865784375969794,0.008889329733335494
0.6148554737828852,0.009223840837164148
0.6399864069172729,0.009248082292771836
0.6618468356650858,0.008075128335775488
0.6803301576313558,0.007668568486046388
0.6953472788621181,0.0072722247613383525
0.7068264588435353,0.0070030402504178794
0.7147132416570255,0.00656693464847759
0.7189704319228066,0.006329358783485495
0.7195780883172684,0.006126479500491353
0.7165335250988618,0.00588734563531789
0.7098513111640181,0.0053134840590184475
0.6995632671113662,0.00485290474109296
0.6857184656960407,0.004371217947511045
0.6683832439856097,0.004044082128618307
0.647641253595991,0.003500873734981867
0.6235935778331196,0.0008698592716419904
0.5963589629977428,0.003565249352286108
0.5660742511100093,0.007483043367313853
0.532895125365809,0.010208136902902738
0.49699735362238806,0.01509489199729617
0.4585788476315987,0.02041524471995326
0.4178630316583456,0.023746536757914615
0.37510438797646156,0.02999137817784763
0.33059775009793146,0.03968526070485811
0.2841736427651316,0.05413389620104039
0.23735524803179042,0.07202096212799876
0.19015326345883082,0.0617327155652107
0.14337981339789624,0.059112760646453655
0.09829474861233302,0.050410849210711976
0.057052162892925876,0.08931556906353552
0.023593818447748657,0.05227868525289948
0.017101565096892986,0.08407063870873774
0.047711711519388585,0.03819673982196154
0.08755026147543858,0.03430601712453958
0.13202922885881443,0.029812223832886873
0.17864243420559167,0.019471207357205794
0.2259578694691752,0.01674317238402032
0.27307529740252273,0.01681394898021178
0.3193729263908442,0.01803461379702
0.36438571293797095,0.017346243562997316
0.4077436707427887,0.008534188992527877
0.44913891839026054,0.003765301333914818
0.4883072602322878,0.00046803054025736996
0.5250175260127143,0.0008304590935565904
0.5590652372242144,0.004611021508505459
0.5902687666377207,0.004147740858411815
0.6184669994646391,0.0028712569332610097
0.6435179130044962,0.002616927482615885
0.6652977174178583,0.005322020751038253
0.6837003575846188,0.006310213352949531
0.6986372386829723,0.006144970173829966
0.7100370816444238,0.000634122885814919
0.7178458609828805,0.0023032639439923056
0.7220267848273892,0.0044691555989417675
0.7225602907476032,0.0060294668094735765
0.7194440482933064,0.009814184039015149
0.7126929580792548,0.008104683478998669
0.7023391480572639,0.008148486736222114
0.6884319723278411,0.00835595053792727
0.6710380206579271,0.012485553878105472
0.6502411648489275,0.013606341692140488
0.6261426702871902,0.010840600714230486
0.5988614191800463,0.004896052925956518
0.5685343314872562,0.0011202901698210397
0.5353170926843407,0.00045196838349054663
0.49938537002845396,0.005317873286374426
0.4609368286227456,0.009602099551841834
0.4201944293283132,0.005994943536217512
0.3774118543426675,0.007029038555673495
0.3328825891283681,0.011960661324260389
0.28643269901811563,0.021612947507672738
0.23958565150103492,0.028491166451468337
0.19234279469108245,0.025365689679775084
0.14550249561415698,0.027135687292631588
0.10029678381018432,0.02922647877959117
0.05882077156615294,0.05220732836033983
0.024898015674880133,0.07139220999877453
0.01922878201279957,0.037013267466074605
0.05086496238408537,0.017312349251875067
0.09122843094693826,0.015789746935625182
0.13596730319507583,0.013845788735561458
0.1827042815349992,0.009158822318362715
0.2300690766959933,0.007909555884724891
0.27719218114845645,0.00796652874432679
0.32346812832298427,0.008556446013183741
0.368441132169346,0.00825333829344765
0.41174678800437436,0.005581932276856489
0.45308077954048914,0.004190356557684625
0.4921813170721917,0.0029763106808684
0.5288189422028954,0.0028966425293214856
0.562790457509556,0.001828396308248854
0.5939152407606946,0.002131088820912157
0.622032999783085,0.002705049987569962
0.647002410406062,0.002960230334927866
0.6687002942749066,0.002292971071224856
0.6870211445777497,0.002194887894677357
0.7018768671258784,0.0016528541197353877
0.7131966458847262,0.0008574066625028843
0.7209268872204835,0.002388836006082077
0.7250312038446957,0.003559576763048984
0.7254904128324168,0.004490785382352476
0.722302539100668,0.006331931649303658
0.7154828144799947,0.006816289687172718
0.7050636731886027,0.007789863804333114
0.6910947490159534,0.008912260912297838
0.6736428822467947,0.011246095237308174
0.6527921622251275,0.012935153592128604
0.6286440334240109,0.00916020250229307
0.6013175107800995,0.0019344497177397407
0.5709495890890585,0.0036634192391421048
0.5376959534923944,0.005194636060980055
0.5017321691726597,0.011370710690504356
0.4632556553314471,0.017150763382553173
0.42248891425213875,0.015478023366240955
0.3796848403448444,0.018737472617956157
0.3351355969991909,0.026976548363771148
0.2886629209713991,0.04127115481455402
0.24179050523767256,0.054508251100600945
0.19451064729245943,0.0376666321078842
0.1476084115694211,0.025442410274100394
0.10228902371351889,0.0010643886311711916
0.06059089573345109,0.005933712295333218
0.026223030593841436,0.17821764147831623
0.021465089680237727,0.05951470820069841
0.05406896827077143,0.024697141592412354
0.09492349479122679,0.012819001884323278
0.1399041406521824,0.008339367633897189
0.1867542285252451,0.007994803886884028
0.23416134035255032,0.006920528777114113
0.28128496425026817,0.0057941001257265186
0.32753514027659153,0.004734695526850128
0.37246493165260836,0.004397490659782385
0.41571530161048365,0.005803668538077143
0.45698538276917905,0.006505477373583612
0.49601572652957265,0.0071899375324021835
0.5325785497769193,0.007190792065183596
0.5664719156763715,0.007915996449659679
0.5975161958630344,0.00781669714057198
0.6255519152003131,0.00759184339789363
0.6504384457479091,0.007618987471358002
0.6720532202127408,0.008290027563692645
0.6902912806791083,0.008643205720678077
0.7050650346226189,0.008476138533583534
0.7163041301567898,0.005814388750850969
0.723955406436968,0.00460211117448748
0.727982881347924,0.003631516203652229
0.7283677515992263,0.0030187813815158986
0.7251083970695597,0.0013736071054762109
0.7182203798300011,0.0020370899886417927
0.7077364388132259,0.002011321844067237
0.6937064853822159,0.0019440281205678257
0.6761976077033516,0.0002653713515512341
0.6552941095731535,0.0002793478945486448
0.6310976111194287,0.0017068364639247022
0.6037272563827215,0.0033958076943084786
0.573320111434953,0.005425388697982349
0.5400318579796114,0.006950873957269041
0.5040379571037882,0.009298103416810772
0.4655355822129558,0.01212132634178659
0.42474678104421054,0.015660531890854094
0.3819236713233948,0.020043799695458615
0.3373571185628359,0.026018611760922697
0.29086465934747774,0.03424370670793052
0.2439701454073625,0.04573748659948441
0.19665711227677937,0.0404766219747167
0.14969775320932302,0.040174659719959246
0.10427145461506947,0.0375363825356586
0.06236209884190732,0.06652135120008856
0.02756775801968092,0.06835682242941458
0.023803133486276003,0.08231391401606018
0.057317931087998875,0.04047428627940133
0.09863140190455454,0.033262148585019774
0.14383654048111857,0.028293139659731743
0.1907894902036452,0.02031056260682418
0.23823210641458173,0.01772929643315405
0.28535124427831243,0.01733252999341172
0.33157167679567007,0.017895080168684754
0.37645492812836034,0.017242063800395578
0.4196471248424411,0.0057003221712034835
0.4608507365515837,0.0008363338198595353
0.4998085929480752,0.006616768402767881
0.5362945504983078,0.0071926188170754485
0.5701079127345656,0.012405418478002077
0.6010700339915332,0.012262854830757277
0.6290222503671817,0.011192988571519914
0.6538246275120887,0.011351327076396507
0.6753552083818727,0.015317682652978743
0.6935095841157883,0.017157971649896974
0.7082006644513759,0.017713701035683132
0.7193585622994205,0.01178553999869905
0.7269305500767124,0.009863867074076283
0.7308810509683159,0.008257216909327268
0.7311916409859952,0.007543235588637406
0.7278610541076445,0.004352905093341974
0.7209051812179622,0.007685694397158088
0.7103570639661233,0.009145796953049824
0.6962668887408401,0.010625437350899554
0.6787019885298442,0.007754252724784576
0.6577468780799999,0.008647891708284923
0.633503349312671,0.005869014575161865
0.6060906713359066,0.0020111218256510283
0.5756459775170027,0.0021506099615197136
0.5423249425690782,0.0034766274070920818
0.5063029209659828,0.007441589071308528
0.4677768398343363,0.011823298746985235
0.4269682956208319,0.015704408706119645
0.3841286394335002,0.021313799880775596
0.3395474614719482,0.030103843860977583
0.29303822438574145,0.04285903908455514
0.24612486556734142,0.059252143291367035
0.19878243789938477,0.0471342147670759
0.1517706733515128,0.041568030347417365
0.10624403503221022,0.02841838276151562
0.06413394268352478,0.05521434212420066
0.02893111651469425,0.005145366815827892
0.026235406047130063,0.20540245394095052
0.060606242195011366,0.101604710952857
0.10234822850147308,0.07812450932675846
0.14776139291220963,0.06460698827736977
0.19480735960110832,0.04840747974189471
0.2422788951955742,0.042258633512103655
0.28938869270210277,0.040440093464888534
0.33557552685066866,0.04062019397065873
0.3804090133294781,0.03898050496887408
0.42354024627652986,0.023183595974275634
0.4646749246026164,0.01437158387083477
0.5035580954606033,0.0065613713440741735
0.5399652200681686,0.00574194099348839
0.5736968223821883,0.0011462280275340738
0.6045752282463569,0.0008734234131078862
0.6324425789755719,0.0012101737990486887
0.6571596308625375,0.0014311531813020481
0.6786050359262082,0.003422694794023188
0.6966749341154471,0.005284549764504897
0.7112827375844892,0.007180652785388451
0.7223590242560518,0.008269741147687276
0.7298514998410132,0.010460967988437729
0.7337249925069302,0.012066831523652167
0.7339614567927712,0.013777287260726079
0.7305599794769475,0.015636014609020532
0.7235367784021846,0.01952666758197757
0.7129251955169765,0.023057074940915946
0.6987756892765762,0.026938991895541883
0.6811558340283801,0.03018663378545334
0.6601503515677102,0.03493516347388344
0.6358612013767782,0.028597015180484037
0.6084077732100963,0.016280620100986003
0.577927263346899,0.007061711395345892
0.5445753355438494,0.0060365609256274036
0.5085272346868089,0.0038101957167850312
0.46997964061158587,0.01186137766906861
0.4291537010415299,0.006951619402227759
0.38630000955640187,0.009859565239285746
0.3417069021094527,0.021061658809487932
0.29518389168952275,0.04151403125957738
0.24825492231745444,0.058262668404151285
0.20088683496646298,0.040225622159125646
0.1538272903077507,0.03063964774010921
0.10820669888302357,0.010237769263188487
0.06590598778361423,0.025454716665811335
0.030312047778106636,0.08369211101845449
0.02875436034927064,0.035885336245969325
0.06392848869388255,0.019297823981370418
0.10607017904211515,0.017541434163896672
0.1516756807865692,0.015543310859700387
0.19880520966792187,0.010697295755505286
0.24629930321036755,0.009315333978165549
0.2933950566544489,0.009301371440441556
0.33954455547948953,0.009877592827364029
0.38432515560324315,0.009523102726565189
0.42739273146558476,0.0010378422676519108
0.4684561076356585,0.004002999462202063
0.5072624898395938,0.008414669304517106
0.5435889100723741,0.008891654017053186
0.5772370930930809,0.012907620218525338
0.6080303250258408,0.012891674350656874
0.6358115461966668,0.01219436918440339
0.6604422002930432,0.012439229170599721
0.6818015468511416,0.015591416344906505
0.6997862739888857,0.01715163255916168
0.7143102960236987,0.016563802626965923
0.7253046556818783,0.00581484680784009
0.732717491570445,0.0012137555020951811
0.7365140360969573,0.00336386418208383
0.7366766211323555,0.006221031758109441
0.733204684540932,0.013193134417769654
0.7261147688567681,0.010840963679424024
0.7154405135144344,0.011449485801591738
0.7012326456879703,0.01238838476778473
0.6835589772453732,0.02014379594573586
0.6625044327631814,0.02281291647373766
0.638171134686282,0.01731447323809942
0.610678588631145,0.005487563120553014
0.5801640490529192,0.002722007556338998
0.5467831644069584,0.004675504938912956
0.5107110666084246,0.014183712546236744
0.4721441866710223,0.022420775806889986
0.4313032255395839,0.015180474941523399
0.38843802746984835,0.016861594206309453
0.34383569385768703,0.026101355967964333
0.2973019105379523,0.04430282506137104
0.25036054356331766,0.05664918873689464
0.20297048480723573,0.03485286131177236
0.1558676951475578,0.017723795454713424
0.11015936130674601,0.016817007537625554
0.06767779646763472,0.038956751360453075
0.03170951810275751,0.25233943328647246
0.03135249763752143,0.05352810540343306
0.06727945457313654,0.029431517384409762
0.10979358393171434,0.024620129078601047
0.15557647802866859,0.02129096145041589
0.2027804918861853,0.016086532392160614
0.250291001751776,0.014295797143068046
0.29736815746239725,0.013966512315266128
0.3434767023447303,0.014298896859215286
0.3882013985256034,0.013860628706583108
0.43120272163052153,0.005757189949534618
0.4721925221985098,0.0011913718911107723
0.5109201075367941,0.0029255407396379177
0.5471640473047206,0.0033229093537500694
0.5807272477085994,0.007001453276981123
0.6114339439267404,0.006892656445906503
0.6391278689050792,0.00611723018332302
0.6636711501924566,0.006198066738541247
0.6849436529533679,0.008971561520039764
0.7028426124494495,0.010230758664484472
0.7172824445120254,0.009978461928937725
0.7281946560540822,0.0025032628914077744
0.7355278177716199,0.0011519426207412017
0.7392475651600398,0.0037519773865589763
0.7393366058209666,0.005678436729803042
0.7357947265910604,0.010516958691394025
0.7286387920455919,0.008550673594778796
0.7179027359047857,0.008735315059709611
0.7036375503460053,0.009135115952265054
0.6859112805628248,0.01444620078974163
0.6648090493025487,0.01602616930275264
0.6404331370351731,0.012993636356170514
0.6129031601239312,0.006170504817291075
0.582356426124311,0.0019596833633505045
0.5489485634944465,0.0007530933391508898
0.512854587399424,0.004664186031375885
0.4742706780724736,0.00907373608840106
0.43341709104185483,0.003839310912849771
0.3905429286151219,0.0039227927360812945
0.3459340760412854,0.008267478488897455
0.29939251290037294,0.017538334471139543
0.2524419374818679,0.022555273143073755
0.205033548009927,0.019593614283419544
0.15789195988124521,0.020843086573926507
0.11210192556937314,0.022238435869972168
0.06944893720109535,0.036731124241851626
0.03312252090148736,0.04369780272097364
0.03402243395486097,0.03699906629859633
0.07065411822782808,0.02061470666809619
0.11351489527561756,0.017467076189866503
0.1594609463857064,0.015166884913672669
0.2067307333227241,0.011325371702908415
0.2542517339515859,0.010013501296041963
0.3013058876643456,0.009793931231610655
0.3473699787762444,0.010066018432510034
0.3920358580372453,0.009734451192817364
0.4349684309601356,0.0058870028952804875
0.47588247817378176,0.0037575565204420176
0.5145293534169215,0.0018611031812664047
0.5506891317268088,0.0016833816203164261
0.5841658817020731,8.077619426094377e-05
0.6147847763413876,0.00024252295207203453
0.6423903346338147,0.0007044510958516645
0.6668453641795357,0.0008144605145917427
0.6880303335427884,0.0003695325501186854
0.7058430237508616,0.00078241440865619
0.7201983511053592,0.0008535706918591515
0.7310282856918482,0.000955955120207212
0.7382818290909083,0.0015975362383798572
0.7419250183387718,0.0022167979508704657
0.7419409347760703,0.002639138288497803
0.7383297117150031,0.003751834023616769
0.7311085327420783,0.0030246685497979384
0.7203116223074543,0.0028787230708808517
0.7059902335272357,0.002772078928372301
0.6882126403876161,0.003944789566317223
0.6670641588624697,0.004094735739946852
0.6426472221941606,0.0031764106490651165
0.6150815520687025,0.0013179785670292849
0.5845045037540402,0.00019227810699047653
0.5510716806900284,0.0006043306800986146
0.5149579771626538,0.002266865856844337
0.4763593202462029,0.0037976659002373217
0.43549552087480436,0.0030911848897225663
0.39261494602652564,0.003837294017962059
0.3480022820516302,0.0058101030213647585
0.3014559216825691,0.009309866718389813
0.2544993007696242,0.012271082824890797
0.20707617248446716,0.013527310556404703
0.15990014500199343,0.017213418020412274
0.11403428948207146,0.023560167074421736
0.07121898881651643,0.04076333235269022
0.034550079356648646,0.08014819990431506
0.01060506070184641,0.09697412943220794
0.03675694935172024,0.04287273090601416
0.07404764810513412,0.023927481451155353
0.11723068221462646,0.01939788804138007
0.16332633185680284,0.016474309252962525
0.21065353336595166,0.012432843162433573
0.2581793115602361,0.010905790060289989
0.3052062078460505,0.010486801178303175
0.35122246463539764,0.01058788049533887
0.3958267193646865,0.01016081947770464
0.4386881436414024,0.006578605409226001
0.47952435597200305,0.004573652717330434
0.5180887031521192,0.0027929671712921024
0.5541627341128635,0.00258143232520911
0.5875516610775109,0.0010211371177293678
0.618081583621804,0.0011611373607557315
0.6455978000313766,0.0016123869570201545
0.6699637938772752,0.0017000133008788412
0.6910606345737079,0.0006235556303744378
0.7087866471600102,0.00023670970301679724
0.7230572469927758,0.00018464880808135737
0.7338048659366241,0.0013643850124117245
0.7409789348652711,0.0017469874508803536
0.7445458904231658,0.00214663890748537
0.7444891853199167,0.0024032266706530197
0.7408092964769827,0.0031567068169819643
0.733523723103833,0.0024927389997458933
0.7226669764747468,0.0022728233157052686
0.7082905662431557,0.0020733683183205742
0.6904629903328878,0.0028378228556892216
0.669269752698229,0.002804896317152463
0.6448134338051832,0.001794616471866212
0.6172138549375997,9.032878611747409e-05
0.586608413394916,0.001497720396753457
0.5531526822799114,0.0023454188942049732
0.517021430547414,0.004177118613224611
0.47841032934354183,0.0059887352320587076
0.4375387453403162,0.006025549286467536
0.39465431611596075,0.0074508541691365605
0.3500405452597146,0.010159896449680197
0.3034923566823925,0.014531449606649536
0.256532824595889,0.018980395936708798
0.20909849929202864,0.014369674563966749
0.16189230493062273,0.01146885318483022
0.11595634995151824,0.005357496469761544
0.07298754327196123,0.007604497771858742
0.035991247995739495,0.023157865259562684
0.010228529276530429,0.06664928811886901
0.012232955327304212,0.2755974239499884
0.03954902351291509,0.10630626633259872
0.07745539767919513,0.06029001465260011
0.1209376267715028,0.044970682141020256
0.16716996183106347,0.03685890385541953
0.21454656125378901,0.03065417331712252
0.26207161253515504,0.027373910396263995
0.3090671441574022,0.025690298366245208
0.35503230582672873,0.02484024832504191
0.39957223459161584,0.02393076439917874
0.4423602115018936,0.015702839559729898
0.48311660424668024,0.010968095967064322
0.52159670102711,0.00675728101333743
0.5575834939783394,0.0062819916145299744
0.5908833204482573,0.002658513887017652
0.6213231953326657,0.0026959917212020304
0.6487491892926397,0.0033713972129443557
0.673025457527751,0.0033299486147782267
0.6940336674290678,0.0007840969648843425
0.7116726859471344,0.00032168625332417306
0.725858425709318,0.000714832897857199
0.7365237785842094,0.0031936141734814323
0.74361860277102,0.0045018894787188
0.7471097322194508,0.00570036596697485
0.7469809882725169,0.006442804208601122
0.7432331882343998,0.008722414070357875
0.7358841432034485,0.007023029177937929
0.724968647037397,0.006559315197153032
0.7105384612062092,0.0061686584540349264
0.6926623024106932,0.008537390414799952
0.6714258570441511,0.008675749579597767
0.6469318469607922,0.004486140781309423
0.6193001870532204,0.003192963809555221
0.5886683107051591,0.009212790538956956
0.5551917550831612,0.012528718835189984
0.5190451590445931,0.019987151299604534
0.48042393468940836,0.02742684906945026
0.4395470043155846,0.028119481942314613
0.3966612813742065,0.03424010536181204
0.3520491018189583,0.0456424513930112
0.30550203747281535,0.06381479339787977
0.258542697473714,0.08266715348571538
0.21110066536649466,0.06872488159445425
0.16386849042439852,0.06327858933524012
0.11786800473406031,0.0501119223950227
0.07475420609072125,0.07818014098696988
0.03744511248387902,0.023094315868287835
0.011069032633533645,0.16134200298578272
0.013972601380223715,0.2826834541969142
0.04239186101426158,0.12201959730980452
0.08087290069365019,0.07095893784536292
0.12463252086027343,0.055121340488290184
0.1709892435379432,0.046021139023832466
0.21840755497815376,0.036975423826452615
0.2659265800174724,0.03282267297399093
0.31288678728079067,0.031063213984826435
0.35879771321010556,0.03050792908618507
0.4032707214870897,0.029322727006205793
0.44598305278795564,0.016177925538822076
0.486657738671205,0.008604424975325922
0.5250519587413591,0.0017980505463831937
0.5609501183841579,0.0009562203001998027
0.5941596618319452,0.005069538942011124
0.624508508044515,0.005116045948960047
0.6518434929785147,0.0040752789109744164
0.6760294388453101,0.004323673187373659
0.696948607821076,0.008787866514977719
0.7145004063229231,0.010843748058522935
0.728601242102278,0.011461255137155157
0.739184464890974,0.004874502206690462
0.7462003578791263,0.002675579443332127
0.7496161496544501,0.0007183959904579684
0.7494160271010997,0.0005495699837087696
0.7456011443363627,0.004036261810282624
0.7381896202761903,0.0005975590253418227
0.7272165268008729,0.0007265498106628492
0.7127338721697698,0.002038676772430322
0.6948105864107206,0.0016777619936583904
0.6735325325372482,0.0011750282514997597
0.6490025676941444,0.0005360913621599777
0.6213406941355436,0.001531741658313496
0.5906843751269775,0.002362400590521216
0.5571891060438258,0.0033864929423491797
0.5210293906160194,0.005191860866996611
0.48240037846343786,0.006663200436411972
0.44152054695238735,0.004126106141188677
0.3986360900929779,0.003801916442162756
0.354028190391937,0.004569623047881566
0.307485183109699,0.006852297437210441
0.260529104939032,0.00700639366681388
0.2130828031482914,0.008741501152682631
0.16582874802696884,0.011491737553481565
0.11976915140102885,0.016193089671809414
0.07651859434056385,0.0219071179946762
0.03891078739569275,0.0409242207890208
0.011941253028401407,0.1399484108889805
0.015817239718266606,0.06312987334107532
0.04527890889103385,0.04443921563644299
0.0842958672835884,0.028583144887218463
0.12831226490715777,0.026196050280005195
0.17478166414907823,0.023781663906287193
0.22223432182135178,0.018202377435992585
0.2697422229169445,0.016456679708191556
0.3166632929478939,0.016358041475910707
0.36251696302250425,0.017016670943674622
0.40692056383570047,0.016618786097079667
0.44955515239367505,0.015231658698928162
0.49014634204356217,0.014642308844541742
0.5284531553773919,0.014205075423822357
0.5642613818035654,0.014313088077611058
0.5973795544560295,0.01402154530568778
0.6276364850726825,0.014655069495306537
0.6548797676429374,0.015558637463464945
0.6789748865275851,0.01627347137648384
0.6998046951946024,0.01646544260336743
0.7172691367392597,0.01710034620549106
0.7312851115321748,0.01628064699799599
0.7417864246713373,0.008909889862167612
0.7487237816454858,0.005039026867358957
0.7520648026612251,0.002056140560094548
0.7517940367076769,0.0005981272593742557
0.7479129708104514,0.004901619706743562
0.7404400273120391,0.004313653330103383
0.729410551247401,0.005471751651173169
0.7148767923482126,0.0069032065278838775
0.6969078882387193,0.012531205985224855
0.6755898724736003,0.015235021608237472
0.6510257311492789,0.014829418480677922
0.6233355473956697,0.011899014232719867
0.5926568079280679,0.011209480434541844
0.5591449602422892,0.013213032404355422
0.5229743676540979,0.012766721524163437
0.4843399135654742,0.013674655169508377
0.44345962950292717,0.02277570381646347
0.4005789941748125,0.02927171180750341
0.3559780499415994,0.03462623431137108
0.30944200989832854,0.03925896649540723
0.2624922272731009,0.051528159810082845
0.2150450382199796,0.04666210076225546
0.16777311754849408,0.0455590919213268
0.1216596844985012,0.04164110591893276
0.07828033310907193,0.06739807144702298
0.04038741266193497,0.06619775646325474
0.012844234916705645,0.17116523673099185
0.017759627048110342,0.25249179254168874
0.0482038682939462,0.11383859839435255
0.0877201808959602,0.06875527502463802
0.13197386761655075,0.05270371045890233
0.178544792059952,0.043782726907108604
0.22602474013132803,0.036581499644738266
0.2735166177846065,0.03275848368292267
0.32039488372549546,0.03079413745978455
0.36618839849674073,0.029813557221240104
0.41052021289535007,0.028713196785182415
0.45307506315490653,0.01782289168520485
0.4935810654202259,0.01149631882668262
0.5317990383767407,0.005822372565777268
0.5675161269205766,0.005118048884537576
0.600541935337102,0.0002953667264328495
0.630706156840733,0.00037629787043425277
0.6578571360292218,0.0009006699163086441
0.6818610142910156,0.0007010951957204455
0.7026012325793886,0.002916849332413538
0.7199782675478954,0.004542282756244358
0.7339095093492104,0.005257630583431836
0.7443292155946178,0.0012887263699608237
0.7511885110307492,0.0003658063084761647
0.754455404123342,0.0008234602600805091
0.7541148021985932,0.0012330417439914744
0.7501685209637369,0.0033393128296243945
0.7426352814891548,0.0006229556391224135
0.7315506968036922,0.000695441826910645
0.7169672525171269,0.002026143003429516
0.698954287865934,0.00021666666171143146
0.6775980006296903,0.0010222951602467435
0.6530014992730842,0.0026923391735481535
0.625284941104081,0.005614961711462863
0.5945858296493091,0.007799214856372354
0.5610595582263002,0.00994555029002821
0.5248803442282776,0.013270210221962581
0.4862428008395296,0.016666012809117132
0.44536451248796616,0.017202883986332754
0.40249024621038587,0.02024298955457573
0.3578989167449947,0.025298872253892154
0.31137272837238456,0.03317133740329006
0.2644322364732949,0.04145515523195735
0.21698748622597863,0.035993469575062255
0.16970162886782966,0.034169681795111435
0.12353949205696388,0.029345027391993798
0.08003905138159519,0.041737717498116784
0.04187414939344973,0.02157423770051354
0.013776977762093877,0.07108136432654207
0.01979222411900481,0.23622005518108039
0.05116070084833712,0.12718627218675763
0.09114189497600424,0.08046348746905305
0.1356144457257556,0.06656221005226547
0.18227627810855712,0.05769929949152776
0.2297767609506366,0.04697554286126297
0.2772479104438582,0.04239313299049056
0.3240798505478949,0.04082572273718728
0.36981043130118296,0.040748175762460356
0.4140681886675624,0.0395449863033833
0.4565414069260938,0.02634196522032812
0.4969606290042543,0.01885368941262324
0.5350884242462935,0.012156995583778859
0.5707132651581471,0.011484236996811023
0.6036458096465502,0.005627995268055782
0.6337166210805832,0.006030845574554065
0.6607747870743446,0.007574009307984702
0.6846871006724385,0.007827261239701648
0.7053375862118528,0.003756724103725499
0.7226272504641947,0.0022361268814400145
0.7364739701777759,0.0004375677634706416
0.7468124522903185,0.0026072736604310053
0.7535942374337854,0.005540698319823881
0.7567877186435272,0.007737722914597112
0.7563781574941358,0.009797634895152773
0.7523676938408909,0.01272336431977421
0.7447753424898086,0.015927083439875197
0.7336369790259547,0.01928083836106014
0.7190053190837278,0.022997521620151014
0.7009498972838918,0.027280291292902395
0.6795570690819137,0.032059403639510445
0.654930058533563,0.026831568060510465
0.6271890902301555,0.01601238590827564
0.5964716776727856,0.008352989186463907
0.562933153512002,0.008267715593404425
0.5267475835102804,0.0016811760878544366
0.4881093064110168,0.005816326322276781
0.4472354579773486,0.001224126035498781
0.4043700967673615,0.0010936745479573065
0.3597910216824138,0.00635606637540773
0.3132775405721603,0.020441219656101493
0.26634929345685077,0.029091743164429203
0.218910250039852,0.01041081071443122
0.17161429901979633,0.004393180382443563
0.12540845242737308,0.03165237207054139
0.0817943782738064,0.048049255100419866
0.0433701758932252,0.17748620233707704
0.014738442460283916,0.41335920221731814
0.021907349677637425,0.14353573221099233
0.054143629712488345,0.03263351964971456
0.09455722804953488,0.016075374800515706
0.13923122210628813,0.0023090104217459127
0.18597385498432464,0.00394739444390904
0.23348840782220934,0.001647386071181144
0.28093431584941586,0.0013335195744165332
0.327716552489676,0.0012020300841897916
0.37338154113337013,0.004148653660850234
0.4175630793624833,0.004482398476669157
0.4599528739528679,0.002858925470929643
0.5002838214115937,0.006653508979760979
0.5383201976999669,0.010224278715002177
0.5738517756951351,0.01041427233976417
0.6066902496233925,0.013878744134111633
0.6366670416499863,0.013224248172738758
0.6636319746413291,0.011788061036373585
0.6874524876865509,0.011449281053080315
0.7080131841134636,0.014128288236288977
0.7252155970534914,0.015121166916698186
0.7389780863415788,0.014923238533611941
0.7492358047258245,0.008815310938106603
0.7559407050221831,0.006254359888390557
0.7590615608302664,0.003976005736856499
0.7585839835801672,0.00250972206563408
0.7545104324475088,0.0014223264239079407
0.7468602107010663,0.000586230156440712
0.7356694507844511,0.0007781489871337145
0.7209910922589267,0.0009582986854343313
0.7028948586764144,0.003216269247834749
0.6814672564144852,0.003989488757404058
0.6568116181464734,0.0053690807626294995
0.6290482286700669,0.006230781479979771
0.5983146044666291,0.0081699622821973
0.5647660108720705,0.009870979086277766
0.5285763561347592,0.01185698752783166
0.4899397001168646,0.014675693550022491
0.4490727280867296,0.020801223044573918
0.40621879292445623,0.02666985931376555
0.3616545888162256,0.03364542561968805
0.3151566386720384,0.0422699019693568
0.26824354677870876,0.05585346176469827
0.22081341847634958,0.045092904320285225
0.17351113077713323,0.038854245006895584
0.12726643255800255,0.025815205831629225
0.0835459406440287,0.041119398209929804
0.04487468471637698,0.0063682099434353035
0.015727557326660146,0.023386094452050265
0.024097301922031147,0.013254221170694969
0.057147135125682556,0.001967754595683076
0.0979625561031094,0.0003647436272940341
0.14282152104813675,0.0012673935255749203
0.18963533376431962,0.0017932102483015264
0.23715777366987806,0.0008873966231469046
0.28457411502175317,0.0008468081805880628
0.33130341367183297,0.001107336622985101
0.3769002726075981,0.0014918945774620954
0.42100353824913084,0.0015046420192042118
0.463308219668751,0.0009636707087220035
0.5035494964534901,0.0007041246253156139
0.5414933084779845,0.00046813937961741347
0.5769307023535643,0.00047108649585486813
0.6096743915026925,0.00023939288722682426
0.6395566455089892,0.0003647710394784513
0.666428014584238,0.0005636092992988024
0.690156577995165,0.0006674909434104091
0.7106275133790168,0.0005216534481303806
0.7277428761604416,0.0005286497381921601
0.7414215054345349,0.0006726927400029925
0.7515989959238012,0.0014120769474567788
0.7582277086140901,0.0018146248773690317
0.7612767933583042,0.0021932651085823486
0.7607322067536345,0.0025140448834565865
0.7565967221869286,0.0030903937003783793
0.7488899258565401,0.003110263693653121
0.7376482011133488,0.0033330858833454814
0.7229247051198459,0.0035975250845326334
0.7047893436982681,0.004304888905231306
0.6833287672039289,0.0047325232140673626
0.6586464097794532,0.004112727910530645
0.6308626091955084,0.002810287207625231
0.60011487776818,0.0019168019318254342
0.5665584067230839,0.0017869627438220487
0.5303669407625615,0.000831435399274366
0.4917342562659089,0.00010937744196986448
0.4508765859493756,0.0008100079282603573
0.40803657943028304,0.0007229468976954257
0.36348983671353063,0.00030881265784494377
0.31701020643838396,0.0020096296569821386
0.2701151341572735,0.0031512252036402775
0.2226970678459399,0.003024278931976119
0.1753921141472232,0.0039011737634712
0.12911328916424636,0.0053367663985964785
0.0852933634157242,0.010112803744327404
0.04638688200218408,0.017824884308043364
0.016743224623745005,0.07212732693770518
0.02635445081198165,0.026604585568876984
0.0601659451320027,0.009061778374091957
0.10135440215150318,0.008227943340307305
0.1463827606211709,0.013448478033492452
0.19325859738878742,0.014684926305369392
0.24078301465667262,0.00937735788092717
0.2881656490100224,0.008577909387487587
0.3348389172643849,0.009587488434133725
0.38036522932152034,0.01135917197396909
0.4243882778287294,0.011303675787351834
0.46660625902343733,0.0007687002718099637
0.5067565676458999,0.006161107748551119
0.5446067660487285,0.011968212193123658
0.5799491485126665,0.012555582527929873
0.6125974307292483,0.017978472225973454
0.6423847182800037,0.017786177989634357
0.6691622806286933,0.016600030196865706
0.6927988311233418,0.01676787359062785
0.7131801167568139,0.021050093824239967
0.7302087108769983,0.023071203337422876
0.7438039276977028,0.022818115018137998
0.7539017997666735,0.01155354551122241
0.7604550919212697,0.0067115715861459126
0.763433325660686,0.0025796462474038996
0.7628227977768877,0.0008722753677405212
0.7586265904906113,0.007190160696388179
0.7508645671357621,0.003822877718248155
0.7395733557901163,0.0036993935189575844
0.7248063246778846,0.0038974719871365544
0.7066335550293166,0.011395578856011956
0.6851418340542219,0.013157137148730033
0.6604346900586678,0.01189100143234071
0.6326325064126976,0.007242788304452117
0.6018727839884198,0.005460976113465492
0.5683106329821431,0.005860137879863
0.5321196283877649,0.003375713196816278
0.49349325834409,0.0022990638611610084
0.4526473007455768,0.011152937428655712
0.4098237040708695,0.015792408413925492
0.3652969841293209,0.01812147463789831
0.3188384251613296,0.01797113985746544
0.2719641885800423,0.02522957493140489
0.22456126811552846,0.023917053067748394
0.17725723239029087,0.024283956853671608
0.1309488742830883,0.02410572012395751
0.08703627408434782,0.04245589311745219
0.04790599043719088,0.056510427774268804
0.017784328759688564,0.13079593239320908
0.028671305241356422,0.015334578093771159
0.06319502239249745,0.019637500681781172
0.10472942363094037,0.014435334987803436
0.14991244279877106,0.015089047103387838
0.19684159187439818,0.014577239298400588
0.24436234177778973,0.010905409138958254
0.29170731069444983,0.009969981750566435
0.33832159748683455,0.01020696036957837
0.38377506604638867,0.01097921823504532
0.4277160622365182,0.010800060556207705
0.46984585917338484,0.005947916846343467
0.5099040012478734,0.003247615315024213
0.5476596330478894,0.0007937040713936527
0.5829062710006903,0.0005825037765136645
0.6154586163026671,0.0016625685347309953
0.6451505990672382,0.001421933713453783
0.6718341997539694,0.0006775993092615162
0.6953787594554073,0.0005304090324185989
0.7156705892766886,0.0021543691995209078
0.7326127758171685,0.002750031913508804
0.7461251039634662,0.002806502087691813
0.7561440396371464,0.00028839628032801184
0.7626227469050402,0.000965509082019048
0.7655311140140886,0.001898864736349527
0.7648557727022555,0.002545941244659808
0.7606001083814746,0.0042412293539076645
0.7527842554851694,0.003176330350812442
0.7414450804077308,0.0029760886785475094
0.7266361556852584,0.002834155703207484
0.7084277309124709,0.004610097091714015
0.6869067228674276,0.00484759525065902
0.6621767465644413,0.0036305641855466815
0.6343582234580384,0.0010896215255854968
0.6035886355806215,0.000672512398829397
0.5700230050763587,0.0014251111488557237
0.5338347309557201,0.0036381877987755563
0.4952170082275303,0.005631781799096781
0.454385157501965,0.004430088401731352
0.41158042795435285,0.005215966869129467
0.367076260674656,0.007599042711910721
0.3206414846320472,0.011916771748265897
0.2737908495202949,0.015211679659216729
0.22640609422210992,0.014941879421971005
0.1791064731759249,0.016998486001150163
0.1327730458582068,0.020096049967141278
0.08877431199489816,0.03151105934219687
0.04943125642631811,0.046546895115329646
0.018849746908920023,0.14902326110384342
0.031040559417974418,0.01685385566122592
0.06622954831469002,0.020341599983352325
0.10808439839878714,0.014871463476031055
0.15340814215840165,0.01543938266213426
0.20038231612046303,0.014872326246977907
0.24789401111679754,0.011096618233357216
0.2951975352795792,0.010104541447794017
0.34175003030703355,0.010322557965428194
0.38712847971482744,0.011094692288834798
0.4309856986342547,0.010890787197971354
0.4730259312882745,0.0064001702070448545
0.5129908085202728,0.003910235736970284
0.5506510180727875,0.0016495684912770554
0.5858012734821179,0.0014493668740853708
0.6182572448240418,0.0006224976779088602
0.6478536752176923,0.00040425616910043843
0.6744432476862015,0.00038177923018021533
0.6978959244822314,0.0005633371705069648
0.7180985752993808,0.0009176058961985116
0.73495479501587,0.0014195581669906971
0.7483848344346511,0.0014900963470597206
0.7583255880881404,0.0007702632351411925
0.7647306143537129,0.0015620344999304355
0.7675701630442027,0.002345371241534826
0.766831195316331,0.002888895827486291
0.7625173938711511,0.004287685039098426
0.7546491579619781,0.0033705743333644553
0.743263585666572,0.0031841241144986575
0.7284144468821228,0.0030450038426325862
0.710172152341022,0.004510463615668215
0.6886237409388603,0.004685688952550141
0.6638729068004459,0.0037331959518265368
0.636040101833812,0.001733148312209752
0.6052627817311201,0.00044973672899611413
0.5716958734356815,0.00024669918775678654
0.5355125935984026,0.001974849686458925
0.4969058390901786,0.003523905288933689
0.45609047062164043,0.0025057032771636763
0.41330703961950865,0.003072238981621797
0.3688279214609933,0.004892399164766756
0.3224195981924979,0.008219746626336044
0.27559527823582125,0.01069101503523799
0.22823164142006885,0.010670705282848593
0.1809398437487635,0.01246572692748812
0.13458568230312176,0.015234557409506367
0.09050714148994057,0.024336264786337995
0.05096196089874211,0.037444990838229074
0.019938361989543175,0.11872269098399786
0.03345512261843099,0.020800228034607914
0.06926490571184284,0.006672615411948409
0.11141621028924752,0.004139936880496308
0.15686749407522413,0.001576936496144073
0.20387881118120524,0.0005578603011630221
0.25137631359203116,0.0016902037181537042
0.29863479035180973,0.0016709213668030434
0.3451228238105692,0.0012417395419690941
0.39042420013058066,0.0006324425128653255
0.43419602827183545,0.0006107768956090017
0.4761454220886269,0.001348485232380273
0.516016037855004,0.0017144594882803554
0.553580068415648,0.0020654870030024377
0.5886333998414801,0.002113088347325317
0.6209926545914246,0.0024872924243944205
0.6504933771831752,0.002377015612167701
0.6769889445787977,0.0021641946334214715
0.7003499333486035,0.0021027766970441847
0.7204637659621412,0.002402034606480046
0.7372345402950411,0.002499283039212693
0.7505829679967039,0.002498264646098239
0.7604463671381341,0.0019844689513175886
0.7667786851862144,0.0017955323887861572
0.7695505280420434,0.001620820717262722
0.7687491804802422,0.0015136788920141037
0.7643786163267863,0.0012125499043141488
0.7564594931295735,0.001455851415292024
0.7450291337923485,0.0015393158519077703
0.7301414984212776,0.001622446749283561
0.7118671514775781,0.0013417643390802687
0.6902932463634682,0.0013719877371497168
0.6655235485753477,0.0008814284881133849
0.6376785327169437,0.004084914638417765
0.6068956205197578,0.00708728971136723
0.5733296364997295,0.008739109021829543
0.5371536084710442,0.0122171327969333
0.4985601300284613,0.01588034184889551
0.4577635991971854,0.01771887665854722
0.4150038709582696,0.02157671739668138
0.37055226352910825,0.02778699001715919
0.32417301955872463,0.036965265814491825
0.27737767489345944,0.04743559939030004
0.2300380425433236,0.033234537730764915
0.1827573880167509,0.022356092250095435
0.13638669892267727,0.0020501160069471857
0.09223446697331704,0.0011124177002985937
0.052497432053036135,0.08137148643305683
0.0210490770685203,0.20442924863976863
0.010506079542693156,0.16214750292582517
0.03590813632912601,0.018024702977742908
0.07229666128820603,0.0018731693922700928
0.11472183533509492,0.002554619433205965
0.1602881837005678,0.0060974734306827325
0.20732915035993718,0.007264512966328045
0.2548075655287041,0.004686971067177903
0.3020175667693986,0.004448109381624327
0.34843860939556837,0.005165915087136965
0.39366098150546885,0.006282635650071033
0.4373459184510453,0.006352222316933013
0.4792033062709143,0.0034905365768073257
0.5189787676744798,0.001988405362328929
0.5564459635469335,0.0006161520710630408
0.5914019283264431,0.000589913563838018
0.6236642204320605,0.0007065447785029045
0.6530691740820043,0.0003784086559816306
0.679470851342663,0.0003633777769896679
0.702740436000201,0.0006530409326774791
0.7227658971806207,0.0002518019736968096
0.7394518301518083,0.00044780084910227806
0.7527194020193696,0.0004306605252229119
0.762506349001257,0.0008525679534977026
0.7687670021217906,0.00132135367596201
0.7714723175961046,0.0018355672538049685
0.7706098977295054,0.0022341951470968907
0.7661840010401395,0.0030788327672598877
0.758215536597682,0.0026136851749124883
0.746742045045351,0.0025767361490910447
0.7318176693339928,0.0025719715515054426
0.7135131200583751,0.0034766488630447265
0.6919156573560487,0.0036613739976596857
0.6671291102086713,0.002908642396079394
0.639273968030276,0.001389940481662023
0.6084876108623238,0.0003596857796153381
0.5749247534557413,0.0001566394502364384
0.5387582282016224,0.0014776969740149192
0.5001803201738001,0.002687229205769976
0.4594049617685395,0.0020984002816565204
0.4166713125595108,0.0026607458695403017
0.37224964168459,0.004196023829543987
0.325902059033953,0.006890084841116181
0.2791382950426441,0.009078829471562841
0.23182548456598737,0.009163577500707483
0.18455920298397943,0.010793835657858476
0.1381760638990855,0.013322893187140038
0.09395604775469406,0.021433021276056383
0.05403705831132678,0.033320768012264315
0.022180830034278013,0.09936135299175412
0.011966584394706105,0.05214952534697864
0.03839298314990712,0.006078127944092565
0.07532055019696558,0.010850201468716647
0.11799833074818336,0.008289051415616226
0.16366793760607604,0.00931982505020336
0.21073143199449978,0.009237045264581044
0.2581861019994116,0.006442728671277074
0.3053443723162966,0.00578228770926396
0.3516960356683338,0.006016248149033662
0.3968375966428264,0.00666592342975173
0.44043425703380235,0.006510653061329768
0.48219858139020927,0.0038358295857806343
0.5218781017576587,0.0023634206921408765
0.5592479109050991,0.0010217583679448792
0.5941061678302547,0.000876640531844607
0.626271350544897,0.00037326845736290477
0.6555805711367768,0.00021561068345188924
0.6818885677209394,0.0003293447898784667
0.7050671239028325,0.0004736992367328355
0.7250047490280203,0.00041390090071078827
0.7416065298342596,0.0006880852686409601
0.7547940831501802,0.0007303452067119035
0.7645055576159053,0.0005046478744702144
0.7706956619596731,0.0009272146615519152
0.77333569662786,0.001365759108859945
0.7724135750757081,0.0016777527410244137
0.7679338338022271,0.0024516680756156927
0.7599176263636275,0.0019237934352860564
0.7484027038170242,0.0018095579598211254
0.7334433843816259,0.0017210539820068608
0.7151105170014055,0.0025294728402118433
0.6934914605912995,0.0026127290436475984
0.6686900995817945,0.002117345147998502
0.6408269301832773,0.0010669589097200025
0.6100392828953064,0.0003917802414702093
0.5764817552555062,6.693401855794941e-05
0.540326977533358,0.0008738757464686765
0.5017669209148072,0.0016777881600327444
0.4610150490429997,0.001106630918723529
0.41830982685656226,0.0013771211898635923
0.3739204820547716,0.002298862548448656
0.3276070974009084,0.003997558905125801
0.2808774637423513,0.005213578633811695
0.23359422283668643,0.00626298752618879
0.18634545291401403,0.00839589600970088
0.1399538120722156,0.01189433192190026
0.09567171100099096,0.018952452066521425
0.05558029992815683,0.03384453711961532
0.0233326074213387,0.09404271386300245
0.013508611567928118,0.10010988367902696
0.04090329159952315,0.001047991828345572
0.0783324648683995,0.012154902724748525
0.12124282881088941,0.010200210915357392
0.16700452053441137,0.01271785268360859
0.2140837773783051,0.01319940369268259
0.2615102752178289,0.009537564999715503
0.3086137303589097,0.008846825576605485
0.35489376733563227,0.009424587927337066
0.39995283598829223,0.010573403219870183
0.4434599516411395,0.010510881773490886
0.4851302672354162,0.006445345464477189
0.5247131688208599,0.00424873379301766
0.5619851457128113,0.0022462327841769915
0.5967454579645395,0.00213415503479254
0.6288134868337018,0.0002919030364347132
0.6580271102986239,0.0007188705781563946
0.6842417332167969,0.0015438534142519407
0.7073297313153123,0.0018629366848774292
0.7271801473930278,0.0005815404582804873
0.7436985533724828,0.000249280504810858
0.7568070097271953,0.0002512833644274556
0.7664440714545458,0.001642435058242725
0.7725648187976033,0.002111598600391731
0.7751408900271208,0.0026588054803702464
0.774160503060072,0.0030640385476919953
0.7696284653750612,0.004003660239579227
0.761566167709812,0.003296825666739249
0.7500115639601421,0.003120053424589589
0.735019139809067,0.0029719337703598817
0.71665987455429,0.003943796381317042
0.6950212177611346,0.003998315027893254
0.6702071011136592,0.003125145895265005
0.642338019442153,0.0014266378248115764
0.6115512457292849,0.00027125816967683115
0.5780012527353497,0.00046995272242573375
0.5418604618040356,0.0020463490298965594
0.5033205247019753,0.0035282479669993734
0.4625944330276923,0.003115283436207728
0.41991995758009626,0.004002273207814202
0.3755652917776671,0.005982876538269751
0.3292885957795373,0.009302730154432252
0.28259558558228043,0.012236665930598271
0.2353445912222717,0.009817106291604604
0.18811637946483378,0.00890026440069001
0.14172005490054423,0.006947386568889146
0.09738136123170418,0.010838539246552622
0.05712669779425176,0.0045359074318520355
0.02450345614790595,0.024052881486713876
0.01512523335753195,0.1520940163835804
0.0434329401989128,0.014068818522726342
0.0813284497257604,0.006963495798879342
0.12445253708539988,0.006467040365883604
0.1702957384670758,0.010961817350901978
0.21738433501008933,0.012283045677303499
0.26477845926344384,0.00782055303524665
0.3118241847232314,0.007170300386932938
0.3580304900445946,0.008126323375234366
0.4030055124280491,0.009781162149510367
0.446421934415743,0.009764383969116755
0.48799741052222995,0.003615044890088587
0.5274831271073495,0.00021821071669474856
0.564656935454472,0.002938688171861945
0.5993191734453907,0.0032062498912897863
0.6312901092114425,0.006169720297539244
0.6604083744624375,0.005777478769767565
0.686530031225799,0.004725154463317045
0.7095280393307803,0.004508955011924402
0.729291967910563,0.0067298504998335685
0.745727867429467,0.007559039972868913
0.7587582355631463,0.008623510131518837
0.7683220272372768,0.010186845016343553
0.7743746876726347,0.011851134218921698
0.7768881862273475,0.01314939504138087
0.7758510382723433,0.014413258303703871
0.7712683149616101,0.016158212362299664
0.7631616366272858,0.018203442447811323
0.7515691521683796,0.020341702324365673
0.7365455066900041,0.022726110111922136
0.7181618016363486,0.025402453997432472
0.6965055688991075,0.028473052197320513
0.6716807790414898,0.02117881950111563
0.643807917202568,0.007895443264504271
0.6130241907347148,0.0030191992664962276
0.5794839399171663,0.005777916831746741
0.5433593702182056,0.01719633008952667
0.5048418083381696,0.027955074678236224
0.46414377034045845,0.026512973995154555
0.42150233308651425,0.033425668476965736
0.37718466239136506,0.04895747151892174
0.331531838097938,0.07426666222849287
0.2848526652463375,0.09780486287673809
0.2376053471546011,0.07365814356678359
0.19036147843225854,0.06067386763705139
0.14391402920560423,0.0357691890778936
0.0994586727512537,0.055887646267638535
0.05896343795275607,0.029114024153274454
0.025869618829707647,0.04460128408667205
0.0169433841270465,0.05508247060577664
0.04622741925144482,0.012567286575676018
0.0846508076535124,0.004317204919073843
0.1280429006091462,0.002469733134648756
0.17401255848607447,0.0006449549474048862
0.221147049109347,0.0002422201811633836
0.2685385480390982,0.0004483484579369185
0.3155509360212431,0.00035795110899748504
0.3617037053676397,9.114279971097541e-05
0.4066115709052515,0.0004887234529953005
0.44995155924080316,0.0005647222651073609
0.49144434212415333,0.0007456942429305264
0.5308433017113915,0.0014508524063944533
0.5679279569822768,0.0021211864682681154
0.6024999617753177,0.0021698662186955503
0.6343806577246496,0.0028244116653113526
0.6634095771331594,0.0027439153262427494
0.6894435548761003,0.00252671003326919
0.712356225735509,0.0025019651693141205
0.7320377559341433,0.0030255602056605776
0.7483947286408436,0.0032481236327423163
0.7613501189258098,0.0028704372709122032
0.7708433097977826,0.000493351680624166
0.7768301289644969,0.0020653556557734543
0.7792828846800703,0.003459048479107835
0.7781903884446838,0.004536575835532335
0.7735579648564835,0.006819726324984329
0.7654074446068161,0.006579020552245676
0.7537771429216295,0.00718079157675073
0.7387218253889017,0.007917682669441527
0.7203126651178922,0.010592616391299806
0.6986372125030682,0.011935281604484477
0.6737993973399256,0.009607506857228503
0.6459195962339802,0.004760643527016751
0.6151348282879814,0.001498737063241673
0.5815991486676771,0.000723062587558926
0.5454843557308476,0.0031213746799640687
0.5069812093507015,0.006326978466376198
0.4663014410027809,0.003577176847848824
0.4236810334037041,0.004244465729926007
0.3793855988447362,0.007894884054463511
0.33375394505298944,0.01480456178858813
0.28709143984854607,0.01936670408899717
0.23985094720759,0.014850781918140623
0.1925951387427513,0.013262243817959526
0.14610133879808893,0.010021354274335505
0.10153614373299939,0.015603084276422256
0.0608111852845823,0.004249168025263755
0.02726417250622482,0.04192998773460475
0.01884068986388569,0.052670260284955236
0.049045811428407506,0.0026838466655134036
0.08796171551181271,0.005455019087181209
0.13160188572096904,0.0048422927814158545
0.17768626634453066,0.006719628805372887
0.22485927160398253,0.0072321993140338214
0.27224322413311014,0.005050235635096861
0.31921884373249276,0.004688697379065159
0.36531561539724033,0.0051118674226837335
0.4101545362839737,0.005886993628160811
0.4534168015084313,0.005870833079649223
0.49482599107066166,0.003699483162284022
0.5341376124998981,0.0025445812607725648
0.5711328051870068,0.001488777872726413
0.6056145059287108,0.001439006295289106
0.6374051059074349,0.00045096305375183027
0.6663450198571307,0.0007301999955664621
0.6922918411074853,0.001250544020639422
0.7151198674764379,0.001473153163430563
0.7347198519360485,0.0008015219515655049
0.7509989010386788,0.0006650849215486676
0.7638804585707728,0.0006796279051722298
0.7733043273186512,0.001454214651784392
0.7792267093671315,0.0017294232296841468
0.7816202438217226,0.002061911826375566
0.7804740302414501,0.0023284638231080095
0.7757936385306778,0.0028697972990759627
0.7676011015438818,0.0025522240737234944
0.7559348926225912,0.0025213726387994513
0.7408498896545597,0.002512597921475973
0.7224173293391489,0.003098629209444403
0.7007247726952635,0.003214116474550989
0.6758761011880282,0.0026768163319216103
0.6479915758403366,0.0016184579652772245
0.6172080212400638,0.0008700979806621891
0.5836792023550502,0.0005308010803374513
0.5475765071188318,0.00042999937880917964
0.5090901279462139,0.0012691105024326764
0.46843101522649816,0.0009114031797741417
0.4258340675225672,0.001342564091864582
0.381563364151595,0.002447147271880147
0.33595554976738623,0.004332625755170741
0.28931247267972743,0.005901396479846557
0.24208186566020135,0.006411308289365862
0.19481771722485164,0.008066094269962258
0.14828217590287318,0.010676046564069858
0.10361371647335933,0.017204569443511303
0.06266948303572539,0.028084941312629817
0.028686188125213972,0.07401807263797339
0.02080945724731906,0.05104116756307239
0.05188195334218516,0.004880455420458256
0.09125701561973608,0.0034569175007854495
0.13512647732156238,0.0033357718622372993
0.1813144897853779,0.0053429353012627995
0.22851902692589146,0.005976827770878547
0.27589078550800045,0.003996323681614986
0.32282641476544965,0.0037173771632974056
0.368864900388385,0.004164032504911837
0.413633241556938,0.004934233713441053
0.4568166343779177,0.004940313472067167
0.4981414625309815,0.0027743942592382744
0.5373652909568655,0.001611842003407218
0.5742708335217503,0.0005431167196096601
0.6086622776819235,0.0004831103617846084
0.6403630404985443,0.0005306177627209432
0.6692144010314485,0.0003131843896178869
0.6950746965805358,0.000211657692322348
0.7178188758644976,0.00039979963385818626
0.737338268008108,0.00031680335732016206
0.7535404933445885,0.0004974911144782087
0.7663494553750495,0.00047364065311202935
0.7757053680323456,0.0007051864201984427
0.7815647993457008,0.0011621295518252051
0.78390071091119,0.001632058485676866
0.7827024819699486,0.0019914784044180373
0.7779759192990611,0.002773293376421975
0.7697432494392585,0.0023959724455886525
0.7580430953701893,0.0023973449840098394
0.7429304388623036,0.002431488900834902
0.7244765719098005,0.0032828995624273197
0.702769058056695,0.0034993095743494147
0.677911722685612,0.0029958621915618703
0.6500247040078759,0.0018907938118558258
0.6192446256518639,0.0011846370913342857
0.5857249571121982,0.0009562762022540743
0.5496366723792436,0.00017392694181293222
0.5111693955152756,0.0006768892895305805
0.4705332989527159,0.00012893088042922746
0.4279622065573894,7.309197103680127e-05
0.383718684385883,0.0007535473141422108
0.33813732208462055,0.002241545433330065
0.2915163629242623,0.0031063352067629774
0.2442986123181956,0.003667789295409676
0.19702960673465722,0.005067261956532719
0.1504567709242752,0.007314903388359271
0.10569137671790407,0.01181338594246394
0.06453792696220723,0.02041338211859036
0.03013477801706738,0.05474741214152949
0.02284196642981726,0.062425267956044715
0.054729954178024995,0.018521955246869094
0.09453273647843295,0.008191720440773197
0.13861378499744179,0.005543040027952563
0.18489495084721141,0.002961748871210384
0.23212441905323514,0.0017402602141716875
0.2794796022256021,0.002515524480090006
0.3263722241938587,0.0023447710952097397
0.3723503065566927,0.0018367885753775566
0.4170465843022418,0.0011828689078663011
0.4601500945953432,0.0010825943869078156
0.5013899244385586,0.00016827704811300768
0.5405256305555446,0.0009749167804962079
0.5773414566199039,0.0017442584206854123
0.6116428090918816,0.001905459118467715
0.6432541075211466,0.0025817309660724026
0.6720174772261241,0.002857538055608827
0.6977919848786698,0.0030987206605194743
0.7204532177671017,0.003393432255194561
0.7398930703156175,0.003999388411842099
0.7560196667263952,0.004463904929405951
0.7687573609063247,0.004385261696068938
0.7780467689897625,0.0017778400820428106
0.7838448162002412,0.0005871407299663326
0.7861247779517961,0.000401987782937362
0.7848763044911349,0.0010183433070828298
0.780105430749278,0.002676652005010803
0.7718345682067781,0.0021014366257763456
0.760102480754547,0.0022212985652869605
0.7449642453948718,0.0024187336003537053
0.7264912009034805,0.004261976825648803
0.7047709050691521,0.00487179472612568
0.6799071192613287,0.003462770945915965
0.6520198514737049,0.000493412534119722
0.6212455177641851,0.0015478772189155851
0.5877372867263513,0.002130101274162308
0.5516657146866595,0.004509939390551939
0.5132198562219756,0.006578551466520093
0.47260910861415145,0.004955455130566448
0.4300662299942677,0.005480228415187044
0.385852292074677,0.0077797339505020335
0.34029993660465707,0.012076950597259405
0.2937037133646738,0.014933498437450711
0.24650170015986056,0.009812554434136794
0.19923120404018466,0.006099485513580319
0.15262536103676336,0.0004959779320583597
0.10776912372092522,0.0028107376567163105
0.06641613847126905,0.02705972014318421
0.03160907831082326,0.05047699471594071
0.024930565857033488,0.18635344560229897
0.05758419775958477,0.04258084932568256
0.09778509259156247,0.0110977724636556
0.14206104627358734,0.005876247086529708
0.18842547092593365,0.0027627710480554305
0.23567363726306687,0.005978311306169638
0.2830081223403974,0.0009796461246027554
0.3298549209455475,0.0007798372118006844
0.3757706513272082,0.002511740588170225
0.4203935313720323,0.005046518942208962
0.463416286564347,0.0052071490393320674
0.5045706108293283,0.000698039189473004
0.5436179892539792,0.0017521331435698755
0.580344151864713,0.0039804931215951566
0.614555693098604,0.00412514153391747
0.6460780118465644,0.006350374581551678
0.6747540616432397,0.005704149236383223
0.7004436238251605,0.004441489301882542
0.7230229117192322,0.003977164986863192
0.7423843739386652,0.0056125672139021995
0.7584366283608558,0.0060308766838543925
0.7711044696864694,0.005554942223225937
0.7803289069934431,0.0008137756408624533
0.7860672136450427,0.001728594390111061
0.7882929699086606,0.0038087081614735143
0.7869960880747929,0.005458666844911884
0.7821828222376046,0.008878189246515447
0.7738757598179389,0.00806059244204386
0.7621137966571886,0.008647121464648173
0.7469520961254035,0.009410249461055882
0.728462035075628,0.01329512490391156
0.7067311570817715,0.01490510940791078
0.6818631514060788,0.01205376475969958
0.6539778882815953,0.005952041434370851
0.6232115694543964,0.0019635145732756105
0.5897170570239177,0.0009636919991997118
0.5536644857804305,0.0038472064729073926
0.5152423394882507,0.007795502371197577
0.47465924279470745,0.003893907569756842
0.43214689661715344,0.004425920537603421
0.38796489652294464,0.00864875045227241
0.34244404261270284,0.016873714739708875
0.2958751000067159,0.021790923294769553
0.24869161479993945,0.01182059630710198
0.20142287944566348,0.004513979400604643
0.15478816036346885,0.008166128266195352
0.109846941532329,0.013357905815304051
0.068303738226097,0.058826711335551105
0.03310822994848491,0.09920011563675157
0.027067746430876564,0.0801730727114405
0.06043934180619481,0.016461880679550088
0.10101048323433415,0.0021156898667870207
0.14546562863407,0.0003691626272168801
0.19190397446690252,0.004139341853908326
0.23916496049359018,0.00574548904450801
0.2864748764174652,0.0035420630138315225
0.3332732322008406,0.0035157975784791884
0.3791248274654588,0.004414016154057218
0.42367312262911977,0.005703945470462355
0.4666143855526753,0.005889245389427531
0.507682824460727,0.0034047676672196376
0.5466417914920714,0.0021381300709053465
0.583278460717366,0.0009681838494619174
0.6174005840919338,0.0010060056625778733
0.6488345169408528,0.00013297739322695317
0.677424023014233,0.0003612946593090748
0.7030295834884891,0.0010858630054455143
0.7255280250016882,0.0014565579174776998
0.7448123390035435,0.0006980880910974995
0.7607916265786953,0.0006137548881889173
0.7733911133201131,0.0006553401249878128
0.7825521917011632,0.001401824372451587
0.7882324738837688,0.0016534065110026435
0.7904058357439326,0.002009302283300347
0.7890624423906415,0.002315493702001735
0.7842087578416344,0.0028570659708524945
0.7758675362237084,0.0025334270146598367
0.7640777961565706,0.002504026292938377
0.7488947783253289,0.0024947391339879793
0.7303898887858077,0.003072595617310174
0.7086506482870755,0.0031778437620403454
0.6837806657593506,0.0026009331258634062
0.6558996660098928,0.0014832549965757837
0.6251436296127029,0.0006785548175673505
0.5916651064843348,0.0002907277683208529
0.5556338058873871,0.0007401779423178509
0.5172376392663784,0.0016733834244140548
0.4766844609110756,0.0013852187076795741
0.43420492267280647,0.0019248250486947462
0.3900571615448566,0.0031775261119580704
0.34457024145285,0.005260401683374847
0.29803104922048973,0.007065066844552141
0.2508687915850742,0.007060570694213684
0.20360495393520425,0.008231966832538568
0.15694533729896984,0.009975217232182625
0.11192477678315431,0.015712965741260864
0.07020032506304545,0.022854647626704347
0.03463136243550636,0.05693768597242533
0.010031001842922186,0.24752006630117204
0.02924619898719538,0.040711242619385524
0.06329031609479475,0.0031328621246340185
0.10420549148779551,0.004650592816019942
0.14882503182673454,0.004268307812775627
0.1953284929094772,0.006443765896624073
0.24259676194135082,0.007128047629527273
0.2898784822873595,0.00470922409452167
0.3366259680935452,0.004323241696376014
0.3824118075861535,0.004818679284703739
0.4268844751674772,0.00571950980274715
0.4697436415755735,0.00569436458348493
0.5107259402929591,0.0035161514297886052
0.5495965311995737,0.0023601801280664397
0.5861439911966182,0.0012963334274051505
0.6201771998516241,0.0012270965938917752
0.6515234462662183,0.00021671571210135458
0.6800272864016838,0.000523121601321073
0.7055498863553283,0.0010784398160670224
0.7279686731760784,0.001320905902759715
0.7471771695622272,0.0006292127662718716
0.7630849490749826,0.0004981115727681623
0.7756176580301724,0.00048735729728696924
0.7847170624761464,0.001116751507185092
0.7903411037660073,0.0013052384762007882
0.792463943885407,0.0015726014385839965
0.7910759912933853,0.0017897429628259082
0.786183910464877,0.0022245402883931177
0.7778106127940749,0.0018873005307425681
0.765995230321032,0.0018061099279453423
0.750793071823814,0.001738674535551813
0.7322755635459367,0.0021902471275910555
0.7105301946813414,0.0022141883669205093
0.6856604854978411,0.001799042772912588
0.6577860076225346,0.0009976952096594624
0.6270425135209373,0.00042811431303914685
0.5935822351575025,0.00011310921885905259
0.5575744521780895,0.000646613929454658
0.5192065020951152,0.0013384200046449364
0.47868547093704766,0.0011455520025441923
0.436240969318705,0.0015594181961682085
0.3921296926657841,0.0024772511501006153
0.346679073543641,0.003991471120853379
0.30017202461260334,0.005309811729646475
0.25303360234051236,0.0056072775443213214
0.20577768586057782,0.00678561979200859
0.15909700120491657,0.00857785231497411
0.11400252532691994,0.013298750316404914
0.07210546257315495,0.020175949976129388
0.03617758269075758,0.047813011845383654
0.010916614618927515,0.19242365053540328
0.031458858298054955,0.050966685800512994
0.06613232033403627,0.01090848952577797
0.10736688409622935,0.0015105087682427674
0.15213689071603076,0.00022600436881728132
0.19869716898556553,0.002658096845900736
0.2459675139615434,0.0037560320264359588
0.2932176501856996,0.0018485926757959167
0.3399120268225065,0.0017211864635829225
0.38563064909596617,0.0023403779078763377
0.4300267880466562,0.0032851469505278358
0.4728033838774781,0.003348319585607802
0.5136994096815086,0.0019655013383272765
0.5524817756832483,0.0012851869898118974
0.5889404214471423,0.0006560707781067637
0.6228853247915258,0.0006600268625873438
0.6541446861324086,4.341652776024213e-05
0.6825638356852644,0.00036151623554454474
0.7080046094516491,0.0008660007435264394
0.730345021812301,0.0011336590786129015
0.7494791149121219,0.0007295496501739365
0.7653169238331089,0.0007348143430512341
0.7777845051878899,0.0008003376374939898
0.7868239885257684,0.0012158753757335898
0.7923936345423059,0.001379668174493913
0.794467881602881,0.0016213679591040061
0.7930373718334122,0.0018491164675599292
0.7881089604980076,0.002190120485399779
0.7797057066367068,0.0020808391213419943
0.7678668461925476,0.002137264029967294
0.7526477466850346,0.0022126000046595665
0.7341198454145854,0.0026043496651645356
0.712370591189109,0.002759670764156467
0.6875034072096508,0.002421183877603162
0.6596377041171907,0.0017293170936047914
0.6289089992827508,0.0012472638595015823
0.5954692009030316,0.0011041019166685485
0.5594871548795188,0.0005507403744636182
0.5211496230948769,6.388530033130193e-05
0.4806629252705581,0.0003948284415313645
0.4382556383649017,0.0002406750186307271
0.39418303279972444,0.00036701647640835847
0.3487710140158717,0.0014087605981730534
0.3022984226032773,0.002171729230523278
0.25518635087283403,0.0026559507254216353
0.20794126631406293,0.003775673610043224
0.16124319749627497,0.0055457865582649825
0.11608002678454386,0.009156229724780673
0.07401867278037229,0.015644070817247935
0.03774596912227473,0.038240688653450476
0.011842309216137594,0.15166442360874632
0.03369893545438036,0.052868221166609185
0.0689608210524339,0.013004120722812575
0.11049161093688384,0.002993247168591507
0.15539897763398422,0.0013482400039265862
0.20200826041601366,0.001690186975212882
0.24927579228569097,0.00291349909135212
0.2964911870618637,0.0010788321401988521
0.34313039893641173,0.0010126594442137237
0.3887804984242983,0.0016834394687214142
0.4330993463665344,0.002667809403773852
0.47579302480124946,0.0027539387317742628
0.5166027640545926,0.0015392710264933917
0.555297169107429,0.000962485090634501
0.5916675030176592,0.00042706710475857383
0.625524813002851,0.00044650995723396363
0.6566981885575661,0.0001035250575991902
0.6850337162201664,0.0002464730467723817
0.7103938867962245,0.0007438645392147641
0.73265728876763,0.001022923931918408
0.7517184717312069,0.0006775609216714938
0.7674879210998946,0.0007143580473019785
0.7798920931319456,0.0008104796418705042
0.7888734705851074,0.0012440354187415797
0.794390623424741,0.0014392748344086476
0.7964182564589061,0.0017079811678368578
0.7949472356057722,0.0019649887206668673
0.7899845970781711,0.0023352017142890193
0.7815535377869613,0.0022786682933262836
0.7696933879295695,0.0023845004551933707
0.7544595643037706,0.0025136397867023133
0.7359235060498964,0.002951968818069663
0.7141726127016779,0.0031717492104446857
0.6893102019499996,0.0027598873409271354
0.6614555155970547,0.0019214223896291843
0.6307438289235089,0.0013319504988406246
0.5973267205545078,0.001185349155359512
0.5613725984774529,0.0005321481434985994
0.5230676472229198,9.170490528531428e-05
0.4826174220727561,0.00035810262824075955
0.4402494737158165,0.00019002965431200394
0.39621766373582973,0.0005210719389936856
0.35084647420838866,0.0017576378229362593
0.3044105739461838,0.0026458847819017203
0.257327274464603,0.002995403056716318
0.21009582046547304,0.004061969097386742
0.1633839086081712,0.005727308949742244
0.11815706475713306,0.009437696225709316
0.0759394349842789,0.01550365368672156
0.03933556972727685,0.038051510375423474
0.012807361116362177,0.1484884613572866
0.010823519691925439,0.20444032865412698
0.03595993967058212,0.045218859276227874
0.07177154632044266,0.008252239174808409
0.11357680259919364,0.0012524980904791672
0.1586092025190521,0.0017087779395318222
0.20526014119773034,0.0044869859753617495
0.2525202777476577,0.005575314988188081
0.29969799846003203,0.0033868964108829547
0.346280169203679,0.0031852568149959596
0.3918605927689753,0.0038362825686392736
0.43610152292556925,0.004872771923581471
0.4787120614068034,0.004934826437892449
0.5194356164436581,0.0030483178074950323
0.5580424339307573,0.0020846890473072846
0.594325062225124,0.0011937347795510746
0.6280955895903695,0.0011816546124537714
0.6591839725667791,0.00031557404929565046
0.6874370361206825,0.0006757553484575637
0.712717910689795,0.0012771042362568154
0.7349057454864377,0.0015756984291401721
0.7538955853831121,0.0010026263801490775
0.7695983547385596,0.0009570948797990216
0.7819408985991764,0.0009943837173427901
0.7908660424239584,0.0015091182636916927
0.7963326551836706,0.0016816659433634166
0.7983156980147097,0.0019486754886065445
0.7968062505847696,0.0021903370494119026
0.7918115200663316,0.0025854859052515168
0.7833548313385903,0.0023731352848975957
0.7714755991000636,0.0023746984522926796
0.7562292798829524,0.002393967326122666
0.737687305392489,0.0028284414319016903
0.7159370169603207,0.00293526072363449
0.6910816182984071,0.0024415476142721896
0.6632401745372888,0.0015002394852552602
0.6325477118896328,0.0008102082656260712
0.5991554735916325,0.0005001832480000494
0.5632314255983535,0.000365817572746665
0.5249611733637874,0.00112949632531817
0.484549509547067,0.0009047728430939885
0.4422229658157393,0.0013546889377749334
0.3982340107628899,0.0023966155190406307
0.3529058064553519,0.004113463142645612
0.3065087485701051,0.00559685893590546
0.25945654866501255,0.005662964446054185
0.21224141220205753,0.006693180061795807
0.16551905829094993,0.008219691465422332
0.1202333703040594,0.01287309402926079
0.07786718773123559,0.018667795990307285
0.04094540283098198,0.04366935802029674
0.013810932799534548,0.16232616136471917
0.012164377367571332,0.1860383985406256
0.03823569052499596,0.043323186930917246
0.0745604776763337,0.007954881598798542
0.1166197652938249,0.0013861443198207725
0.16176561010044072,0.001869939666574658
0.20845129978843585,0.004671483136545463
0.2556997548610402,0.005783423022399184
0.30283708722008806,0.0035874286019593753
0.3493605153390984,0.003390702269648506
0.3948702588441467,0.0040586122296000435
0.43903277695803195,0.0051188493597606605
0.48156007415832447,0.005190925937541947
0.5221976601928685,0.0029764504599881633
0.5607173696908312,0.0018159760149918463
0.5969129990229176,0.0007392781474620532
0.6305976496120641,0.0007047702837173499
0.6616021232372612,0.00034345433756724475
0.6897739654419106,0.00014846059628462261
0.7149769310533088,0.000631868757680138
0.7370907165176773,0.0009109708512130523
0.7560108496453697,0.00019439607156162127
0.7716486821742318,7.949775964216241e-05
0.7839314368924437,0.00011698541874550941
0.7928022712719813,0.0008612035952057015
0.7982203428508273,0.0011240923581405779
0.8001608588168885,0.00146143311170918
0.7986151024065183,0.0017359294104080008
0.7935904416384457,0.0022749865559364532
0.7851103193526381,0.001925680159438305
0.7732142249168484,0.0018706784993048919
0.7579576449980397,0.0018341000052352358
0.7394119945576334,0.0024011561075775053
0.717664547785791,0.0024785406576019894
0.692818385959143,0.002107655062066796
0.6649923897246511,0.0013320766241145209
0.6343213292824975,0.0008171282615025355
0.6009561067411191,0.0005756311386255126
0.5650642419494687,0.00014245904081976432
0.5268307595721933,0.0006918241104076116
0.4864596914633006,0.00029296756129404877
0.4441765574327907,0.0005021845600163352
0.40023244866749397,0.0011875003435223622
0.3549493102409254,0.0024075947895151064
0.30859316186565305,0.003283134045207233
0.2615742936334859,0.0035723726115219645
0.21437805034149401,0.004524089290579541
0.16764851734992675,0.005973674262602163
0.1223086268662454,0.00928092958444507
0.07980133230738963,0.014295446853863036
0.04257445925344203,0.03300757673708337
0.014852082371264846,0.11800218730675512
0.013564101468455093,0.1571041879911959
0.040520322391386324,0.03712841766457422
0.0773238397151229,0.0051528458678115245
0.11961797356630545,0.003023571271244019
0.16486637479949656,0.003170193536186333
0.21158033496043346,0.005749206683403885
0.2588131080294971,0.006712927641675249
0.3059075498289567,0.004309597790178933
0.3523707044268497,0.004007151849613535
0.3978089093504573,0.004623124010727714
0.4418926506619409,0.0056653396649011005
0.4843367235544585,0.005692016472269178
0.5248886656888595,0.0037899401721898144
0.5633218498285626,0.0028192680549347245
0.5994312839494113,0.0019242897927399492
0.6330310552291132,0.0019038170942727681
0.6639527890669606,0.0010351726430790937
0.6920447337661566,0.0014072241120415489
0.7171712532620107,0.0020426890374069875
0.7392125776255971,0.0023646208251798277
0.7580647051135433,0.001807907826528435
0.7736394031120293,0.0017897874054963573
0.7858642609363184,0.0012994611792088797
0.7946827572184267,0.0013382729883862894
0.8000543274720472,0.0029337183001120226
0.8019544145236548,0.004150485132821224
0.8003744948755483,0.005106027589360123
0.7953220871780817,0.007052027351834781
0.7868207421474388,0.007482409745428275
0.7749100139285806,0.008446583948479735
0.7596454096880685,0.00955877523985671
0.7410983183274206,0.011991230787837126
0.7193559379682002,0.013675143843545328
0.6945212190269546,0.010209666826667168
0.6667128499069056,0.0035163697948360243
0.6360653379216845,0.0016229707500065263
0.6027292383819987,0.002742428819189916
0.5668716210246046,0.008173537037814867
0.5286769281026301,0.01304317587410752
0.48834843251147,0.01086974054417382
0.44611064928552185,0.013031430897519713
0.40221330759356094,0.019232441804091813
0.3569772382446843,0.029826377392002685
0.31066398084166613,0.03818975806030669
0.26368058030680414,0.026510090064026638
0.21650569469039924,0.01912607050193724
0.1697721094690588,0.006384764373355833
0.12438247539536068,0.008143147783339497
0.08174123651863681,0.030454533043132222
0.044221704917911935,0.03754856574632054
0.01592977245195295,0.02540535588684321
0.015016178199659681,0.18429533790423147
0.042808283415059774,0.05077566784437521
0.08005808894495281,0.013845371694009716
0.12256906243897374,0.003418630059136931
0.16790979487818028,0.0015496047448365798
0.21464595083856913,0.0019108024042674481
0.2618593170094085,0.003381361605053614
0.30890857207677996,0.0014107690728847788
0.35531008866338115,0.0013920446350870845
0.4006760387769947,0.002205124149848944
0.4446807650858201,0.0033767027499844353
0.48704174611346873,0.0035197404475660887
0.5275084764676079,0.0019334669584025125
0.5658558179549208,0.0011627009778694432
0.6018799545980593,0.0004438551756106686
0.6353959323502824,0.000475419219592832
0.6662361788151884,0.00025458367628144557
0.694249627296193,0.0001892777510643202
0.7193012354963778,0.0007708524870296673
0.7412717533961946,0.0011037821670334211
0.7600576370851831,0.0006306258025953124
0.7755710577184672,0.0006459741780278321
0.7877399597668264,0.0007164354148188922
0.7965081320228881,0.0011427919426824655
0.8018352772504639,0.0012989167857103208
0.8036970633853882,0.0015544194698811932
0.8020851497937778,0.0017993140260242773
0.7970071954608084,0.002150444165355183
0.7884868488314308,0.0020129520979984008
0.7765637189027845,0.002054239876428683
0.7612933236993116,0.0021126349432041016
0.7427470167510966,0.0025055947468727567
0.7210119112138913,0.00263984827160717
0.6961908182787081,0.0022193871323728824
0.6684022264180031,0.0014006123839800091
0.637780373270668,0.0008064613659946137
0.60447546178341,0.0005751020763903256
0.5686541076814807,0.00017706700714368266
0.5305001692652958,0.0007872740409708885
0.49021616236410637,0.0005280509255415035
0.4480256043322172,0.0008542272806535034
0.4041768775452508,0.0016928255817758283
0.3589898010075758,0.0031002610562589177
0.3127213288913741,0.00425663739959023
0.2657754351910527,0.004115326221167016
0.2186242607472527,0.004726781177230361
0.17188961559420832,0.005602786378816385
0.1264545181516583,0.008803838719578317
0.08368623750503676,0.01209713518813956
0.045886082834577215,0.02823476247781446
0.0170428785249435,0.09889808389053034
0.016514047823971877,0.14585103238264133
0.045094331295947226,0.03987236753131412
0.08275990332954096,0.008494800823962556
0.1254708205086605,0.000834774879569315
0.17089428761718486,0.0010900151188992966
0.21764695300354558,0.003977137948671578
0.26483745337099224,0.005159843049551379
0.31183942567715234,0.002907900946029183
0.3581781020873274,0.0027135703682360695
0.403471220228195,0.0034041891747343123
0.44739681700017775,0.004501276885350876
0.4896749512869675,0.004564709065399498
0.5300570062011372,0.002890247168101501
0.5683192849229101,0.002056330127435452
0.6042591127577526,0.0012827658851575804
0.6376924678868489,0.0012786919673663819
0.6684525588933362,0.0005104965620920055
0.696388986365586,0.0008908247480300887
0.7213672863983233,0.0015112449470682306
0.7432687150786703,0.0018358073640802049
0.7619901735851144,0.0013437443358890993
0.7774442248257205,0.0013516426246454162
0.7895591569274252,0.0013725084315617867
0.798279057713801,0.0015572458920374605
0.8035638863540523,0.0015738975233229688
0.805389525264151,0.0017170565251236085
0.8037478061914365,0.0018753427666614651
0.7986465180981708,0.0020531255498227883
0.7901093969715312,0.0019048776467972368
0.7781760967188833,0.0018820391189657774
0.7629021365842166,0.0018665722433375902
0.7443588254515573,0.002057421202158856
0.7226331826743702,0.0020742086802532796
0.6978278719168548,0.0016963796924838938
0.6700611741248503,0.001033135642209178
0.6394670505988549,0.0005078892803886777
0.6061953464658272,0.00021679122535536843
0.5704122196639857,0.0004428144107899286
0.5323009431193909,0.001070834259123374
0.4920632775779992,0.0011203555474260587
0.4499217498170083,0.0016270668657037105
0.4061234105194378,0.002559071379948657
0.3609871691401779,0.0039890422522974355
0.3147652880776026,0.005394686770693977
0.2678588426650247,0.0051512964593933884
0.22073362193096033,0.005706356402788398
0.17400077596316485,0.006462079716158959
0.12852432031581018,0.009979280033674532
0.08563564258575326,0.013063575808212987
0.04756651355343467,0.0289390220301092
0.018190196096569928,0.09565701632754038
0.018051195153996804,0.20415257341023985
0.047373527606318785,0.05722667759674107
0.08542617348489316,0.01165743012313412
0.1283211848691224,0.0017668453893071416
0.17381838628179994,0.002545832032328613
0.22058224637007068,0.006907726441011548
0.2677466787901805,0.008722818970688108
0.31469946673147287,0.005374674061689033
0.3609742590854537,0.005108130988215945
0.40619410390634664,0.006187840624477044
0.45004057739277875,0.007887980533897485
0.4922362199771851,0.008025805988185504
0.5325342371919438,0.0047694407290822085
0.5707123272935727,0.0030801264982392783
0.6065689228871519,0.0015080926526703437
0.6399209082294061,0.001475892067509659
0.6706022518396407,9.401854275465199e-05
0.6984632039287494,0.0005466707466987521
0.7233698635741127,0.0015071504111335244
0.7452039790833654,0.001977487844141245
0.7638628838745629,0.0009358932528884228
0.7792595204758589,0.0008012707289927287
0.7913225090433477,0.0007974595672441714
0.7999962251878052,0.0015825357344946961
0.8052408735451342,0.0017862821674017697
0.80703254030089,0.002150329632926151
0.8053632190379595,0.0024663712580629427
0.8002408182953616,0.0030250485338284756
0.7916891513954118,0.002548354857549872
0.7797479072174531,0.0024199999263511685
0.7644725966160405,0.0023062076687697434
0.7459344746039337,0.0028718188925960734
0.7242204579627781,0.0028639350658883375
0.6994330546323941,0.002318109930810219
0.671690330558483,0.001283436489649933
0.6411259641498027,0.0005360887554808426
0.6078894374087925,9.44389265885734e-05
0.5721464468669434,0.0009248140194721819
0.5340796787909643,0.001857095902736853
0.4938901409376655,0.0016903472160114843
0.4517993766588298,0.002304960355494505
0.4080531199713275,0.0035619667160087603
0.36296947283863784,0.005576841703857442
0.3167958986269726,0.007375623458343364
0.2699307444443569,0.006636470241847043
0.22283360901063226,0.006921075068877562
0.17610528944260156,0.007196020506492557
0.1305914090500428,0.010858171606670452
0.087588727860678,0.01242000641865675
0.04926189376658142,0.02847493382368975
0.01937044617691305,0.09703083318896874
0.019621222013959713,0.13791516543312476
0.04964123159558093,0.041378553229742356
0.08805399580156904,0.010095586554623198
0.13111823800293348,0.0012162237110812184
0.17668073900387238,0.00037339428265407293
0.2234508349669961,0.003498823157075841
0.270586245204924,0.004856657607678869
0.3174881360203581,0.0026176033650634643
0.363698154712798,0.0024834582564598
0.40884441741055094,0.003263533976109433
0.4526118916773797,0.004459250495212445
0.4947255046205371,0.004565803170972934
0.5349402203713333,0.0027872330573050236
0.5730350872579923,0.0019050998057379537
0.6088096119130422,0.0010837387086895
0.6420815589119252,0.0010947451981339034
0.6726856358638276,0.0002759775709117957
0.7004727249832712,0.0006927605254210353
0.7253094728923307,0.0013581641079286305
0.7470781061646526,0.0017101556320497121
0.7656763775133028,0.0011806101687416258
0.7810175968476207,0.0011882693610153706
0.7930307046233653,0.0012147790930241678
0.8016603528998301,0.001445048595859021
0.8068669807556188,0.001478244558998977
0.8086268673742139,0.001643347101433665
0.8069321575877034,0.0018200619551662937
0.8017908690872833,0.002029093635293171
0.7932268823231152,0.0018619454839578873
0.7812799112324963,0.0018363582014245506
0.7660054487195178,0.001818576745819887
0.7474746867718506,0.0020398276896103507
0.7257744309256117,0.002059173982066529
0.7010070253112091,0.0017319286657880872
0.6732903135284585,0.0011406169496971834
0.6427576847069577,0.0006838783921492311
0.609558252590591,0.0004323445023390599
0.5738572488386943,0.0001612101084440738
0.5358367719357288,0.0006897090011405873
0.49569707889091413,0.0006740758732858153
0.45365873686382424,0.0010799537400339985
0.40996617819095443,0.0018623277842847662
0.36493679923859795,0.0030813949146300938
0.31881315630770646,0.0042357227068788965
0.2719910369597417,0.004130631628481362
0.2249240074070242,0.0047049908629721296
0.17820281067416802,0.005513609829030017
0.13265527050376894,0.008563023819304554
0.08954473495872495,0.011585121315353988
0.05097109331125582,0.025198956245774465
0.020582279142106624,0.07877654928217696
0.02121790425915392,0.12775858764944037
0.051893093821290925,0.03827788942032717
0.09064066704800222,0.007831208691077464
0.13386020622165237,0.0014301299485828679
0.17948010918997948,0.001999116481769893
0.22625182318955334,0.005139164604917822
0.27335549639506246,0.006460050512335937
0.3202049606896604,0.004008355163486995
0.36634946636365606,0.003807159382659276
0.41142196731991887,0.004596248646157314
0.4551106811612981,0.00584603726826713
0.4971428305214975,0.005946242493152054
0.5372750764483835,0.003534080022630409
0.5752877735657356,0.0022779052713098975
0.6109814699689258,0.0011068986955381974
0.6441747851796361,0.0010771463002232395
0.6747031452031726,8.785022296488735e-05
0.7024180467045592,0.00037766185171421625
0.727186668406867,0.0010814146237006174
0.7488917011285657,0.0014244141915526576
0.7674313038497697,0.000644122019484124
0.782719141535167,0.000537153992431134
0.7946844631233532,0.0005463158269548401
0.803272185704792,0.0012172550047750998
0.8084429717158241,0.0014162475320231426
0.8101732825226489,0.0017252221699060187
0.8084554035970661,0.0019890820013163187
0.8032974513586185,0.002467827213889983
0.7947233631968561,0.0021105046073767787
0.7827728682359093,0.0020342746168882904
0.7675014319397404,0.001972802208334629
0.7489801742100545,0.00246830585934646
0.7272957807781294,0.0025026418666340825
0.7025504240166153,0.0020658854642030765
0.6748617179927132,0.0012166464641778845
0.6443627563401438,0.0006151635469445851
0.611202279588281,0.0002867003621398903
0.5755450512661024,0.0005068167733285012
0.5375725811519357,0.0012201930180178123
0.49748437789775424,0.000989283586770696
0.45550003981164544,0.001397134990748798
0.4118627125447904,0.0023234124759505706
0.3668891886248516,0.003846706436373567
0.3208170085952857,0.0051228521154423725
0.2740395674923855,0.00483129903373939
0.227004553344103,0.005319063625108073
0.18029294625614828,0.005967002565204097
0.134715345853017,0.00899990511192143
0.09150286688548241,0.011385216985165796
0.05269295135596029,0.024978601938169965
0.02182427740811692,0.07832646840151226
0.0228352355725877,0.12427975051423182
0.0541250495393862,0.039777820860076876
0.09318367994206499,0.009979261434573488
0.13654545878777566,0.001207224912748132
0.18221537640780366,0.000401977525156569
0.2289844174920421,0.003606591738831521
0.27605387002127885,0.005019071189152168
0.322849556356997,0.0027295828578567222
0.3689279558170202,0.00259878637715768
0.4139266411324043,0.003412208557572629
0.45753694483809343,0.004658031711656371
0.4994882974679015,0.004775473250164519
0.5395389973405191,0.0027765495349162147
0.5774706627794545,0.0017651725772500492
0.6130848514458922,0.0008204402897488396
0.646201012785582,0.0008174117173162535
0.6766552706993182,0.00013186127678834904
0.7042997188076792,0.00032363679235847476
0.7290020524714782,0.0009933531473278734
0.7506454126952129,0.0013434162139482895
0.7691283516413842,0.0007160619046574272
0.7843648769263951,0.0006788219018399849
0.7962845340840403,0.0007260666682262597
0.8048324937612017,0.0012798063516315495
0.8099696306239326,0.0014635405847413356
0.8116725773863415,0.0017560836166069672
0.8099337495491341,0.002022914307185823
0.8047613518531629,0.002448760297646248
0.7961793684827199,0.0022125506855024783
0.7842275339491059,0.002208453642168953
0.7689612768729484,0.002221772238030438
0.7504516361207865,0.0026825571886566145
0.728785169200556,0.002785252297047587
0.7040638689377106,0.0023581820479260263
0.6764051128568307,0.0015184938124272254
0.64594169307502,0.0009214734811587349
0.6128219721678961,0.0006600829846620881
0.5772102424862203,0.00013947032642048365
0.5392874243824493,0.0007464741484864556
0.4992522807503641,0.0004573561227128413
0.45732344854139384,0.0007825889985804982
0.4137428017343736,0.0016214404574924324
0.3688266306634953,0.0030292415979870065
0.3228073508921792,0.004153486050431623
0.2760761303867548,0.003908289782782747
0.22907493002745444,0.004382050657287958
0.1823752508484417,0.005028584047441205
0.1367710273526628,0.007782539820608182
0.09346228392456847,0.01009402126405363
0.054426272517375085,0.02260271594664667
0.023094957406813457,0.07054451224530517
0.024467459569333324,0.12423076268505712
0.05633331102555992,0.03993445362381825
0.09568071827766518,0.008893919174430222
0.1391725064362372,0.001128202983290194
0.1848855365591561,0.001675090759471415
0.23164792724210637,0.005123045050460601
0.27868089870713036,0.006607676161084157
0.3254216282719357,0.003985631179024726
0.37143347038873753,0.003791653867884462
0.41635840830520104,0.004669095103016267
0.4598907602749875,0.00604634915541735
0.5017620804655532,0.006165793980969157
0.5417322467429008,0.003620312011575947
0.5795840996514695,0.0022998518016760887
0.6151201751683104,0.001066309859012425
0.6481607279993238,0.0010382222273021013
0.6785425596126687,0.00018576877146960768
0.7061183431584868,0.0003260945404637474
0.7307562751828172,0.0010789813432839415
0.7523399327827929,0.0014562583192715389
0.770768248160141,0.0006299227225193963
0.7859555591325266,0.000525583415746329
0.7978316958979635,0.0005479214047249454
0.8063420711403251,0.0012882026273307603
0.8114477606066404,0.0015186701832093062
0.8131255575221834,0.0018666656795505
0.8113679968276357,0.00216595369543855
0.8061833612212274,0.0027004551122101024
0.7975956716016653,0.002330692192652553
0.7856446581531373,0.002266467698871997
0.7703857033679228,0.0022199361741140023
0.7518897562710367,0.002778846718934977
0.7302432378795771,0.002840770562741322
0.7055479538599525,0.0023284075072323852
0.6779210383941864,0.0013334218987242996
0.6474949762816561,0.0006272754657808166
0.6144177476246259,0.0002621939440581716
0.57885317079526,0.0006547198118375557
0.5409815762418432,0.001477583069982943
0.5010009839142935,0.0012006010004813094
0.45912907706485906,0.0016593312946462351
0.415606473103622,0.00272024462124776
0.37074906174589817,0.004467132596458509
0.3247840238995516,0.005914003861483044
0.2781004644316333,0.005277469849062641
0.23113476502124983,0.005500921570069236
0.18444922451218573,0.005715942034322053
0.13882165553583628,0.008556732852996726
0.09542210059096592,0.009647254391332759
0.05616982388387697,0.02164046971321615
0.02439277165030969,0.06788864932089311
0.026109091066540673,0.14959567390939663
0.05851435753352741,0.05267042437841629
0.09812964991346737,0.01612490082397152
0.14173999736114512,0.004387344131764102
0.18748969928095705,0.002215956900949867
0.23424176273452224,0.0022272492915296612
0.2812362083058248,0.0041720825720392455
0.32792096963047473,0.0014865908365516607
0.3738659411987726,0.00143650392760654
0.4187173184965898,0.0025322793806661385
0.46217228183125997,0.004136102151350303
0.5039644278838201,0.004320857645558665
0.5438551581950877,0.0028414719614962636
0.5816284951416433,0.002204327189732182
0.6170879223760817,0.001609407335215581
0.6500544755416178,0.0016996988223106242
0.6803656135266007,0.0010628343306137947
0.7078745716611899,0.0016474292488760478
0.7324500322393828,0.0025125229979853126
0.753975994341235,0.0030364943398646714
0.7723517570371616,0.002693946043077987
0.7874919758575655,0.0028976958550591975
0.7993267536955588,0.0029792401342836816
0.8078017337427233,0.002612329122434181
0.8128781816763795,0.002406408821319702
0.8145330404156396,0.002423283844834158
0.8127589537950922,0.0025504664473276167
0.8075642721702778,0.0024327358424438956
0.7989730431605033,0.0025128135349023963
0.7870249830214935,0.002574194913546075
0.771775418966092,0.0026382349457317804
0.7532952015244648,0.0025375230570732024
0.7316706071431,0.0025645451885272837
0.7070032469273728,0.0016869922683407641
0.6794100051236819,0.00030360932586390605
0.6490230536484165,0.0009604282864006678
0.6159899858832869,0.001621166504637367
0.5804741436765178,0.003043744354811149
0.5426552673540038,0.004511317691997146
0.5027306369808863,0.0051709181200512875
0.4609169899718955,0.006639256316217965
0.41745370237463797,0.008996630292514638
0.3726563647857936,0.012385974168502914
0.3267468134771906,0.01605668574814837
0.2801122527931279,0.010741797941755815
0.23318363021922894,0.006958110710405149
0.18651431262117887,0.0007602816325520252
0.14086651893878144,0.0009632576086036627
0.09738138497349606,0.015351900110836723
0.05792233405432211,0.022987464672777916
0.025716111775349874,0.029349060524648314
0.027754926982684773,0.05146007480942301
0.06066492159924055,0.039073115962023716
0.1005285160282475,0.035947399082950714
0.14424670900938708,0.03254345014875278
0.19002708093518075,0.027556931131966955
0.2367654286956545,0.026306295867895617
0.28371951162550607,0.025147955346001668
0.3303474554207152,0.022731815827920478
0.37622537710812065,0.021764369704135127
0.42100349555216404,0.021673193342551682
0.46438173468912114,0.022040817137393375
0.5060956556031394,0.021954118777248732
0.5459081293821192,0.013300170133240983
0.58360432085721,0.008173425565815809
0.6189886313142774,0.0033877628337156125
0.6518828533683607,0.002880502103386199
0.6821250833462081,0.001535199524755388
0.7095691014917295,0.001556923725349279
0.7340840604381864,0.0007194920208891876
0.7555543671356033,0.0008420326473897346
0.7738796743356834,0.004199457283891136
0.7889749427751847,0.005722374818597287
0.8007705360649899,0.006914481866225367
0.8092123163687759,0.005953246113962819
0.8142617281614789,0.006586482500735021
0.8158958532825529,0.0070581525915840455
0.8141074339761001,0.007824141819138805
0.8089048780384099,0.007971162387886014
0.8003122499229447,0.010855533716783444
0.7883692424867665,0.013065148992629838
0.7731311186675414,0.015444289206234654
0.7546686220269254,0.01633693550525691
0.7330678765589231,0.018958228464137736
0.7084302916199143,0.0156879402174374
0.6808724951799979,0.009568712982210624
0.6505263409748844,0.0048372249489486985
0.6175390316730112,0.004534141930147339
0.5820734303333891,0.0008724952148084548
0.5443086872299827,0.003951097761348273
0.5044413458682907,0.0019283641637193392
0.4626872059106066,0.003358833808287117
0.4192844173835348,0.00848749280011804
0.37454837321860623,0.017232581619565566
0.3286954548421036,0.02390058909038541
0.2821111272931589,0.013433366889902681
0.23522104609818664,0.0067428004777808645
0.18856991003210322,0.004150804263752464
0.14290485797949648,0.002890377106793113
0.09933916201380721,0.03127166938047719
0.05968249568730085,0.031650154434798454
0.027063313886025158,0.017073518247847835
0.029400047626815088,0.07358770855899197
0.0627819710340958,0.042961494598251784
0.10287551590303791,0.03282410936182809
0.14669153514970437,0.027166973697827328
0.19249699267001588,0.022528978231294374
0.23921851277364103,0.02050836074268903
0.2861305971640517,0.01900987211944019
0.3327010313392729,0.01722416696175136
0.3785118538172243,0.016287409108727065
0.42321712682890555,0.01588793542475717
0.4665194044520226,0.01579407255189701
0.5081561368979607,0.015559434549848485
0.5478916123330331,0.00737861551711653
0.5855120996383811,0.0023955080371593665
0.6208228882867055,0.002291917637315604
0.6536465041906886,0.002989798596415266
0.6838216613327207,0.007326137303180704
0.7112026676930518,0.007675007250499041
0.7356591308634929,0.007319735503874453
0.7570758515593357,0.007823449602050279
0.7753528230238538,0.011299477646344213
0.790405298689648,0.013143384024715155
0.8021638909099669,0.013568292777854138
0.8105746693017177,0.006986775780619135
0.8155992460391703,0.004514516655325327
0.8172148311612988,0.00246392292909205
0.815414254919365,0.0014562046973503784
0.8102059724347257,0.0025452451390005053
0.8016140552302252,0.00039120569726907916
0.7896781634432454,0.0012730585565556836
0.7744534869121695,0.0021366487218006766
0.7560106539497733,0.0018520743373643261
0.7344356284308974,0.001863333330178973
0.7098296110137303,0.0010928917224625806
0.6823089673042788,0.0013401149846002664
0.6520052278249782,0.002364762659513938
0.6190652008376795,0.002996103828537511
0.5836512686522076,0.0047764527000680014
0.5459419918400518,0.006059183497270086
0.5061331809476609,0.0027635568170070466
0.4644397062260027,0.0018122337559690089
0.42109850717329805,0.002041073498036762
0.37642488045637046,0.00367877623440743
0.3306296423174941,0.0027217337768478834
0.2840966783994116,0.0017310458367881393
0.23724649183472582,0.0007858903581170397
0.19061537104253612,0.0007963991657778166
0.1449358745139366,0.00470145702766709
0.10129442225115143,0.01162641418078146
0.06144897300760528,0.020673130577907137
0.028432667539361554,0.04154252056748371
0.031039810089006834,0.14526480217509552
0.0648626876222115,0.06314208577835936
0.10516898829183684,0.030122497374435408
0.14907346907510122,0.017923456985776624
0.19489882450559426,0.013966106994531996
0.2416006700763584,0.009360276689906208
0.2884693138966149,0.006910442211472088
0.3349816988241466,0.008397329257189437
0.3807254991963977,0.00801532583015833
0.4253584488788003,0.00692422197531108
0.46858562324632363,0.005501588494167942
0.5101462890371856,0.005270296488219878
0.5498061005955794,0.001758060507017749
0.5873523933862796,0.0006298657708365561
0.622591316138534,0.0028341200078941847
0.6553461047279117,0.003285991564527188
0.6854560711663996,0.005270075907199954
0.7127760340758533,0.005953073076394485
0.7371760406802134,0.006486315110785193
0.7585412713711431,0.007218115833706031
0.7767720466928836,0.008955271520239484
0.7917839002695197,0.0102033724367139
0.8035076812352641,0.01043712747507014
0.8118896551674071,0.005829523120495882
0.8168915908844235,0.003949470302224077
0.8184908159761469,0.0025459376258280325
0.8166802383858658,0.0018706038193597606
0.8114683505569577,0.0009059556627211625
0.8028792214555024,0.0008489883674102424
0.7909524693339338,0.0012765654212444418
0.7757432022863461,0.0016695930610971278
0.7573219253051383,0.0011736503582890675
0.7357744347032433,0.0014134029960989186
0.7112017157374957,0.0009059156430120973
0.6837198658236615,0.0008100700353801343
0.6534600875300158,0.0014927328443798636
0.620568791307288,0.0016921942827376173
0.5852078770506565,0.0027931300533516204
0.5475553162968255,0.0034892846123982177
0.5078061905390024,0.0008391345588862323
0.46617444917422896,0.0003953600460178837
0.422895836839985,0.0005774556653038613
0.37828565527523117,0.0002734081332977941
0.33254904515463113,0.0012607536096531393
0.28606847132286195,0.001105591205817192
0.23925942149212243,0.0011630225339420703
0.19265002550258256,0.0012591902626220266
0.14695874746472484,0.004283611994883194
0.10324613637133287,0.006672098258941223
0.0632204147166758,0.012011236027894607
0.029822429050668904,0.025411302802130744
0.032669836125096434,0.08572973964938725
0.0669044443331406,0.04293709047087798
0.10740739140818437,0.025944244472938048
0.15139158542091505,0.01889037203941917
0.1972320279363424,0.015460135685683414
0.24391160613610327,0.01277372770337902
0.29073555456702455,0.01119109587697378
0.33718949866097303,0.011174992827512506
0.38286647722552836,0.010675410746876609
0.4274277318085946,0.010086823579558217
0.4705807545955571,0.009478180205973661
0.5120665587528151,0.009322417400049014
0.551652115377221,0.004842931547544408
0.5891257899203888,0.00203964743622657
0.6242945619596457,0.0005960344444596067
0.6569823542861494,0.0010026557579827405
0.6870290574828245,0.0033993718450128457
0.7142899838087766,0.0037641413512399416
0.73863560482147,0.0037996889607054317
0.7599514665127933,0.00423052016187263
0.7781382035577649,0.006182119490798379
0.7931116172787491,0.007314346305713629
0.8048027816415224,0.0076941476191091105
0.8131581467242917,0.004347283990400267
0.8181396269856543,0.0031895195017464825
0.8197246569871021,0.0022894308470590282
0.8179062121483172,0.0019238909809628226
0.8126928123496691,0.00015096657504067262
0.8041085145118394,0.0017973006660533782
0.7921928860041868,0.0025032714726938173
0.7770009447253384,0.00320238028617448
0.7586030644716029,0.0014347434192164873
0.7370848667825157,0.0017313278973491745
0.7125471150651476,0.0018646431000033878
0.6851056329953843,0.0025021049621612563
0.6548912907105385,0.002610343088409548
0.6220500977529302,0.002995434397529491
0.5867434702459333,0.003531955918302644
0.5491487916586513,0.0038979183689016126
0.5094604186112295,0.0026464197562910056
0.4678913884847198,0.002230087743743737
0.42467626689016263,0.002079917231214145
0.38013046182642884,0.002321846272720551
0.33445332806927985,0.0015964952602884512
0.2880260669328704,0.0012864663604070068
0.2412592851102001,0.0007412286764241024
0.19467319978068376,0.0002477213161680529
0.14897265329814274,0.0027224812662210046
0.1051932746514348,0.006501934526222955
0.06499547162298698,0.014373110330887838
0.031230838792019957,0.03697249430608886
0.010223089778369655,0.3079760330442856
0.03428599723142946,0.10009589743680317
0.0689047833522339,0.039342605995141715
0.10958928395319867,0.012727830867294171
0.15364502295120477,0.0036142855778065258
0.1994960995168586,0.0018799568575394463
0.24615106091199776,0.0018123269281097565
0.2929292399358048,0.0034645027604706157
0.3393244955029579,0.001194952274266954
0.38493497289952255,0.0011530406399948344
0.42942526462725955,0.002091482555275376
0.4725051792582759,0.0034718386468485687
0.513917408662893,0.0036335882608569646
0.5534301926511067,0.0018543175138612603
0.5908328908645516,0.0009845621247303205
0.6259332858027025,0.0001660141557312579
0.6585559643982173,0.00018173627571946803
0.6885413764956818,0.0006668860031600386
0.7157453110607909,0.0002682227405245036
0.7400386487236537,0.0005246362520127863
0.7613072870186439,0.0009095531998483688
0.7794521615791137,0.0003493501695653993
0.7943893289377862,0.0003625158051703864
0.8060500759741508,0.00042795223982192496
0.8143810258333586,0.000874900905579561
0.8193442276567907,0.0010222978502393931
0.8209172124734521,0.0012895921284163873
0.8190930130592998,0.0015470813945592853
0.813880166964358,0.0019111193402964349
0.8053027097159051,0.0017259602282670866
0.7934001489639843,0.0017384918681531173
0.7782274041388767,0.0017657050143496946
0.759854710182778,0.0021586897474690004
0.7383675068804352,0.0022572640508720836
0.7138663295708828,0.0020260995760648113
0.6864667228981639,0.001520798991487771
0.6562992203993987,0.0011918807425282086
0.6235094278906128,0.001079193655975194
0.5882582766655389,0.0006747463586540641
0.5507225633903364,0.000323595395308968
0.5110959242774707,0.0006597111969134751
0.4695904937598584,0.0005986281168573895
0.42643967439631186,0.00025836786970880895
0.3819590814855138,0.0004577286548047816
0.33634217369371633,0.0008699533254197713
0.2899690446282127,0.000618732563467227
0.24324555182689098,0.0006857336499003094
0.19668423985590258,0.0007634147353584336
0.15097678870721223,0.0015883796538678414
0.10713482865064508,0.0019042450338713141
0.06677281669339748,0.005865368120085025
0.03265614098135081,0.019727121995423997
0.011157482497251498,0.38305610010408486
0.035884399289590835,0.12982432302521157
0.07086139682325665,0.052380238182143726
0.11171330912944036,0.0176783058523966
0.15583297038760624,0.005573489140199768
0.20169056750169775,0.003176895850527654
0.24831879582147734,0.0018063677642800515
0.29505030609063504,0.004013438002014359
0.34138676543621327,0.001070172797935479
0.3869311800403289,0.0010466728355595456
0.43135134338620845,0.00231304523320652
0.4743592838211545,0.004154083779276069
0.5156993063728498,0.004383860136155497
0.5551408728015141,0.0026538525159413213
0.5924743019283121,0.001895458338027678
0.6275081516780149,0.0011810761173367112
0.6600676505915531,0.0012740905153341892
0.6899937886024168,0.000504224309629322
0.7171428145155377,0.0011680849887842403
0.7413860027976428,0.002147063825340622
0.762609588472432,0.0027312030355268273
0.7807147949625678,0.0022919145428760552
0.7956179215316928,0.002491296405616025
0.8072504560554941,0.0025520694051102844
0.8155591833410573,0.002123557628081722
0.8205062763048874,0.0018566896717376038
0.8220693520019985,0.001841156346758764
0.8202414905349323,0.0019438600085710154
0.8150312374682062,0.0017700188888740466
0.8064625977212794,0.0017849096725831082
0.7945750105445278,0.0017803964414700535
0.7794232888066741,0.0017704396980182272
0.761077521132127,0.0015824171471313937
0.7396229587806138,0.001510993253811464
0.7151599030586177,0.0013605227347782578
0.6878036145480929,0.0011901907230138788
0.6576842862583157,0.000972067489003135
0.6249471177555462,0.0007795485492416957
0.589752554736919,0.0005135317278495842
0.552276808611164,0.00019761104676236133
0.512712799914016,0.00019373968593411903
0.471271769418282,0.0006648634609177835
0.42818597274011155,0.0012794449882731582
0.3837713332451121,0.002076982695549098
0.3382153034610958,0.0031202996131076757
0.29189702365008563,0.0025829686111310227
0.2452177314117599,0.0025322342207271106
0.19868253289660054,0.0023912706503153285
0.15297039193888337,0.004157533495928889
0.10906983186791372,0.004414781426561485
0.06855116456739702,0.009765452176854657
0.03409660350162211,0.027248904325731876
0.010166749567920854,0.1106138134895705
0.012107508265222028,0.3572410518314728
0.037461368501332,0.12605097663497783
0.07277211156319743,0.05133348346727288
0.11377818301090786,0.016955960484054837
0.15795465668287043,0.004932864232531188
0.2038149829784277,0.002637257618071596
0.25041458528047966,0.0023492286048421604
0.29709869620715146,0.004591438712170505
0.34337638791310293,0.0015067655699457087
0.38885529343007347,0.0014484336951820383
0.4332062635363445,0.00272930467770587
0.4761434532819596,0.00461607087100801
0.5174127173553992,0.0048385975364215045
0.5567846939034685,0.003137426586663333
0.5940506265983404,0.0024062201817032086
0.6290198216961422,0.001719215719137322
0.6615181270564547,0.0018208899676343754
0.6913870536272637,0.0010764943149443743
0.718483293229778,0.001765907949890894
0.7426784989463244,0.002785776443431732
0.7638592292322598,0.003403541289226897
0.7819269821214505,0.0030002421976904298
0.7967982871219128,0.0032401640386576667
0.8084048211950433,0.003269380571927016
0.8166935194218075,0.002478306895542946
0.8216266676122536,0.0020254081680162587
0.8231819584675709,0.00186496281022673
0.8213525094685202,0.0018694608055910527
0.8161468646398761,0.0014508763804286116
0.8075889892027585,0.0015059462822427886
0.7957182454724809,0.001452634283595957
0.7805893318291015,0.0013828335940556703
0.762272183301586,0.0009187061154137864
0.7408518560633227,0.0007248530530844202
0.7164284116425906,0.0007053500674949511
0.6891168217626273,0.0008490823067008172
0.6590469352576849,0.0008165307532975841
0.6263635431777841,0.0006227051567340439
0.5912266051131355,0.0005589622553033121
0.5538117490335591,0.00039553349663663286
0.5143111847779265,0.00033424001983792137
0.472935268941077,0.000899290796410027
0.4299151264069617,0.0014351126274683673
0.3855670890220019,0.001981280270613999
0.3400724934151613,0.0030333628845564554
0.29380967923698215,0.002625309183763715
0.2471753907034072,0.002632880014693517
0.20066752384303527,0.0025830557561545733
0.15495275935886,0.0044633193380301285
0.11099737603556126,0.005087798365331846
0.07032928743193803,0.010066579046081249
0.035550535186226265,0.02521504672992132
0.011016584038270709,0.09500702253012677
0.013068594563037104,0.25896978501010726
0.039013440175582365,0.09430422898867595
0.07463487876746958,0.040305376661811616
0.11578268809443303,0.015184864522041437
0.16000934663407676,0.006063376482759696
0.20586891640242355,0.00401282003234539
0.2524382136213232,0.0006179423218687889
0.2990743576558663,0.001555310727926386
0.34529344295444253,0.0005433558932234613
0.3907075060669965,0.00047783720928490944
0.43499031723551235,0.0005683309042987243
0.4778580684392198,0.001903239572320856
0.5190581024319588,0.0020949864824428557
0.5583621892954449,0.0009989768917081706
0.5955624638604473,0.0005449446130151848
0.630468953991113,0.00011428851194307857
0.6629081047448198,0.0001901786871010808
0.6927219291158907,0.00030014450479808345
0.7197675451626044,0.00021873830986906154
0.7439169693524922,0.000884877565077775
0.7650570694952004,0.0013071233520543868
0.7830896050396974,0.0010296660396943744
0.7979313232354737,0.0011877614141049913
0.8095140782117771,0.0013304551135759882
0.8177849439381029,0.0014922759152678998
0.8227063082643513,0.0015812883842584555
0.8242559292002481,0.0018032845209441028
0.822426951724991,0.002063933539002656
0.8172279088615659,0.002296630444776248
0.8086827171504594,0.0023602910581844937
0.7968306535706599,0.002516306541241153
0.7817262942393882,0.0026921986139399373
0.7634394134847323,0.0029907288539027773
0.7420548660237696,0.0032192568137750744
0.717672468068938,0.00280448192132046
0.6904068979209458,0.00200250638344453
0.6603876568209848,0.00140642278744295
0.6277591252874374,0.00126563932566628
0.5926807765626018,0.0006322376365737085
0.5553276572339739,6.0624488993206164e-05
0.5158912716282049,0.0003328954706691108
0.4745811018294423,9.46974260070363e-05
0.4316271582704284,0.0006425681929095424
0.3873462812424516,0.001857905047095766
0.3419135820487924,0.0027958441685523535
0.2957067507409568,0.0015520090632434118
0.24911816197050032,0.0008683923923340332
0.202638723960122,0.0002483041433314025
0.15692325415791608,0.00038706926895619524
0.1129166200470351,0.0021617940651689873
0.07210602439684007,0.0009995095149651907
0.03701629794679333,0.010280984604015516
0.011897153332200372,0.053054495132467086
0.014036272741158543,0.4262674388620943
0.04053735113257066,0.1621612212564239
0.07644776909117634,0.07266482218176883
0.11772567254163187,0.030123107205218592
0.16199634221519685,0.014457442201248309
0.2078519599158724,0.01067890139458582
0.25438947789665656,0.004350714162517549
0.30097724494452616,0.0011642724113281862
0.3471380140743715,0.00455545843300089
0.3924880120127978,0.0044510007705002574
0.4367037960725732,0.002864320442916386
0.47950350845665785,0.00048388627116210405
0.5206359201614572,0.00023322335501245266
0.559873889773685,0.001888474900675222
0.5970104101842136,0.002572519214919866
0.6318562044647525,0.003248436718653747
0.6642382929291321,0.003205722093197275
0.6939991717174729,0.004016151161775933
0.7209963683486108,0.0033312565959971734
0.7451022474393814,0.002263848566437215
0.7662039720587999,0.0016881935021493453
0.7842035498346824,0.002214983170140387
0.7990179332290408,0.0020767001016194593
0.810579141604451,0.002231501517260852
0.8188343764297967,0.0034882905053536463
0.8237461167491074,0.004302839460954188
0.8252921755781788,0.004802700434757148
0.8234657155737556,0.005133603302222234
0.8182752493734557,0.0060388990968056055
0.8097446359593468,0.006307302698807078
0.7979130586895935,0.006789855768055111
0.7828349637823413,0.007349977270724655
0.7645799579215335,0.008518773675022115
0.7432326881767412,0.009374580953670605
0.7188927201089109,0.005508824187838034
0.6916744342351452,0.0013501810043927043
0.6617069810114733,0.006819604201652988
0.6291343286456206,0.009018528126726443
0.594115464017759,0.015084225381446966
0.5568248546184414,0.020914602781101816
0.5174533046725961,0.021148389945055874
0.47620943154471523,0.025411552360943137
0.4333221475370917,0.033603475380778056
0.38910890082363025,0.0460936340655676
0.3437384683591563,0.05766122912700688
0.2975880397809264,0.044770550868583246
0.25104574122041723,0.03769384857440752
0.20459570942310065,0.025925471700336527
0.15888130537406916,0.03382074744549581
0.11482678959265677,0.006448913754339205
0.07388028238940259,0.023984269718032684
0.03849231177667545,0.10293449782255908
0.012806885552287844,0.3800279144233523
0.015006207694475296,0.3143057839891032
0.04203003568050827,0.12259172350135124
0.07820897247933731,0.06543217808699595
0.11960605424572858,0.039307290175016746
0.16391498886193984,0.02834286258060328
0.20976373466224613,0.02340713445753252
0.2562681955711249,0.018921493134195735
0.3028073275436574,0.01633131039341587
0.34891019606901225,0.016894533837901984
0.39419701397242357,0.016222182624746142
0.4383469983413913,0.015187905213841594
0.4810801577857576,0.014002679072504241
0.5221466333538316,0.013766027390694865
0.5613203296595629,0.01303889356080827
0.5983950650994161,0.012515506179625779
0.6331822318484953,0.012090862176355506
0.6655094036816215,0.01210337005787647
0.695219541041675,0.011891922400705631
0.7221705641428894,0.011782703204629432
0.7462351704882186,0.011684542696975764
0.7673008042609247,0.01169040696613763
0.7852697080073691,0.011697785348437814
0.800059026839732,0.011756245172873825
0.8116009333902652,0.010998503896038559
0.8198427452251227,0.006532788817084465
0.8247470217419277,0.004033551582529079
0.8262916206857137,0.0019615546951188187
0.8244697126202507,0.0005451295001072609
0.8192897804862056,0.002840928317884106
0.8107756169177023,0.0028534940204338628
0.7989663034821085,0.003930846940425075
0.7839161489983686,0.005196114499458664
0.7656945857061219,0.008938036824704119
0.7443860470007143,0.011005681741149097
0.7200898426420524,0.010988887659880622
0.6929200512106922,0.009398857738514168
0.6630054693991495,0.009250878904197315
0.63048965154403,0.010938315367065262
0.5955310983726698,0.011082902457639885
0.5583037007770149,0.012133161049232108
0.5189975684618379,0.0181841085771318
0.47782046401105244,0.02261650973713656
0.43500021795106925,0.026312912033930512
0.39064294950999845,0.029538045238301183
0.34534158104486384,0.03687293258283072
0.29925575967524015,0.03421225121511789
0.25276988961372115,0.03398732087548095
0.20636212579076052,0.03296515940447609
0.16066560187983694,0.04430066725165394
0.11658595519737153,0.04546762268073962
0.07553546462415625,0.06801188830141297
0.03989500453621692,0.1296572589529219
0.01370262187288502,0.3610787762402338
0.0159281893362143,0.35263865352838475
0.043402521609318935,0.13988653868767745
0.07979809058322761,0.07584344278931465
0.12127921878444113,0.04644718727190207
0.16560204102068823,0.03378827625904757
0.2114264641828179,0.0277934102909386
0.2578850650950013,0.02258577701525256
0.3043660147414224,0.01950785923875961
0.35040380414618744,0.019830525634178132
0.39562204317733096,0.01892021979123544
0.4397022025082032,0.017683064372648057
0.4823658676066439,0.016320506920108
0.5233643370766446,0.015974915233191802
0.5624724014957758,0.013855386613991738
0.599484581351583,0.01244680565370264
0.6342128408333855,0.011184170708996542
0.6664852293473703,0.011014093014200406
0.696145108229522,0.010025832602902967
0.723050737988143,0.009763800646154631
0.7470751051839606,0.009616741659590899
0.7681058981012978,0.00944328338963675
0.7860455627203573,0.008799432190207138
0.8008114099189607,0.008456497001582552
0.8123357426484937,0.007123868389492933
0.8205659750791864,0.0014644768362984059
0.8254647306211763,0.002235614972654407
0.8270098983398719,0.00512439420382421
0.825194646002493,0.007561853511624979
0.8200274187443214,0.012006048574598057
0.8115319374695893,0.012858284607971544
0.799747179566238,0.014993812962147312
0.7847273173472685,0.01743949988348397
0.7665416131474605,0.022874093143060954
0.7452742953706503,0.026514664410865384
0.7210244314616194,0.02261171586304259
0.6939058173003068,0.013953660713866698
0.6640469220249555,0.008363183734675633
0.6315909209284184,0.008375371666212517
0.5966958743095903,0.0029020989624709385
0.5595351562113493,0.0019794654546088485
0.5202982599960613,0.0054355626945831285
0.47919219638369925,0.006718505615541457
0.4364438510217449,0.003483586221938827
0.39194806498809304,0.0051896291143541705
0.34672231849181206,0.007606237319931611
0.30070901637789216,0.0024898092227456908
0.2542893446977,0.009390997504569771
0.20793622965448097,0.020179806753672456
0.1622737470570607,0.02644337407965104
0.11819079794882573,0.05539220895795608
0.07706692235424266,0.06698756037733575
0.04121795119094364,0.06398567348639002
0.014577001558233627,0.08367996768303952
0.016792928514143768,0.2072367145315232
0.044647695610532764,0.08468499889084698
0.08121031152773785,0.0558663445060812
0.12274191320945858,0.04394583251431077
0.16705527534234008,0.03746261787727722
0.2128386307331545,0.032031819535810295
0.2592390750457861,0.0293566439582577
0.3056526744570398,0.027472974260973948
0.35161850128588173,0.025843465188771887
0.3967629994199165,0.02482195562010122
0.4407695033296134,0.02433176803776941
0.4833608964517406,0.02414621916707011
0.5242894295183136,0.023982143747838032
0.5633306238064526,0.01702067765053991
0.6002795818933562,0.012836076474981467
0.6349487452286353,0.008937728514315783
0.6671665626976994,0.008527327825322315
0.6967767343416403,0.0050066301717586244
0.723637809448747,0.004959953310938408
0.7476230204608119,0.005547355870754825
0.7686202632306236,0.0054551085118441835
0.7865321560492868,0.0028483520530164876
0.8012761489477854,0.0016857772187152701
0.8127846524426786,0.0003439325436077823
0.821005157966874,0.0017368011159144207
0.8259003367277253,0.0037791999069911692
0.8274480957923526,0.005412748944283831
0.8256415894941197,0.006989150181321891
0.8204892170864765,0.009097766107981048
0.8120146223599123,0.011384228122309355
0.8002566761017368,0.013790746135838059
0.7852694149464312,0.016440387988805167
0.7671219357472454,0.01946126534004412
0.7458982704126285,0.022798885930462566
0.7216972573101457,0.020345734922530168
0.6946324284757708,0.014776560844288987
0.6648319511363681,0.011149272847740409
0.6324386556108269,0.012088852624132854
0.5976102064212484,0.008945555204515024
0.5605195189967809,0.0067275512877228326
0.5213555464039497,0.012134020029663198
0.4803246473877652,0.01400792955643288
0.4376528952656341,0.012813015673732508
0.3932362169038944,0.008618762278896975
0.3480860000365346,0.008757649970032332
0.3021450962648696,0.011919065512425522
0.25579156036843165,0.013719966207751618
0.20949324914631515,0.01626104902696997
0.16386548910544946,0.01857270614471297
0.11978107739217025,0.02603016293651934
0.07858816446794734,0.022473952875929192
0.0425402641949305,0.004640204606084753
0.015468008089356158,0.10704864812185103
0.017641235244580254,0.08910749997766895
0.04584807153586192,0.03753361141934233
0.08256211615627711,0.04209876910994791
0.12413634874981073,0.047637908583245056
0.16843645916201191,0.04702716552418002
0.21417714625266668,0.04134645578103314
0.26051910508217696,0.041145798192348676
0.3068658179412411,0.04029835764060121
0.3527606724278688,0.036020508994730936
0.3978327890547526,0.034646302618617245
0.4417672670654411,0.03489878574130912
0.4842882217416176,0.03601147496078451
0.5251488091626481,0.035970188657362616
0.5641252463339627,0.025423056059541448
0.6010131903635536,0.01928830057619924
0.6356255372582229,0.01356702915648712
0.6677911159300215,0.013097221513654656
0.6973539478719164,0.007839845102130661
0.7241728554874235,0.0082734527468017
0.7481213026065341,0.009800148177086814
0.7690873790489325,0.010126089697514998
0.7869738625315487,0.006339072727788072
0.8016983299555732,0.00495922119105211
0.8131932876552065,0.003569729756652122
0.8214062930972941,0.0028261936318210753
0.826300054600183,0.0012278575756321903
0.8278524871175718,0.00017025082572234826
0.8260567219492215,0.0009509374688281959
0.8209211033169223,0.002140397389594359
0.8124691892608172,0.004937119729944865
0.800739735941304,0.007363114017275949
0.785786636942243,0.009992962505284015
0.7676788169412404,0.012008013415434622
0.7465001053780936,0.015113502788436126
0.7223491063534518,0.013997234465870112
0.6953390837430677,0.010899194819413111
0.6655978995415821,0.00911041400354028
0.6332680369017295,0.010888687528274826
0.5985067637374345,0.009897315960865563
0.5614865377617814,0.009730558555809328
0.5223957748729764,0.014699105964169483
0.4814401880623123,0.017776679266419973
0.4388450490665475,0.019171418191744775
0.3945074582175068,0.019216721196726568
0.34943259699554696,0.022870171565536338
0.3035638860504819,0.026613240494923966
0.2572763342921533,0.03111889343308499
0.21103288473594825,0.03744142499364408
0.16544041411087826,0.04911422170041683
0.1213562260418606,0.06688214522641531
0.08009837846631619,0.09632004692595116
0.043860700445467055,0.16127969948944038
0.01637397852020767,0.4042142174715002
0.018469934646421948,0.23412632201165698
0.04700179318237887,0.09948395397999986
0.08385253239521573,0.05585397977439519
0.12546203133282297,0.03486179235744147
0.1697453763788188,0.02576986636820901
0.2154419772282469,0.02136292647629262
0.2617252561998828,0.017502809953812634
0.308005654455754,0.015227924938681579
0.3538306193621592,0.015586499513554472
0.3988317959360021,0.014946082608927751
0.4426959519015166,0.014041952492617357
0.4851483696877623,0.013028098712703882
0.5259430646740677,0.012805767717245743
0.5648569149694761,0.007474464622089009
0.6016861048177395,0.004084602798753996
0.6362439621086301,0.0008943477183592578
0.6683596762606914,0.0003836766853348981
0.6978775729095885,0.0025075843364007096
0.7246567318391544,0.003035833954117537
0.7485708336804224,0.0031926815552328134
0.7695081485436217,0.0037793920225498013
0.7873716006249439,0.006130864443048704
0.8020788813665161,0.007532179028922812
0.8135625811447927,0.007879944398895146
0.8217703122184536,0.0030911868786745195
0.8266648093380062,0.0012809768766154838
0.8282239852629762,0.00024380152872199455
0.8264409387234433,0.0010475123671352332
0.8213239498497144,0.003830126502213061
0.8128964824012754,0.0017916429482994574
0.8011971700169156,0.001204205590425057
0.7862797560085373,0.000763950475151513
0.7682129863549865,0.0035654417730731375
0.7470804822467646,0.003675999088776211
0.722980608547721,0.0029438058041546572
0.6960263568848546,0.0009275504466180961
0.6663452809404613,0.00017230193488228492
0.6340795147829384,0.0004971266277173659
0.5993859291909613,0.0019734504745856475
0.5624365253312308,0.0030485186343688804
0.5234191853507922,0.0006150525997181184
0.4825389830072037,0.00025759748138083735
0.44002039944903226,0.00041058209542628986
0.3957617954645869,0.0017977116354226795
0.35076203431271274,0.0013572033609760869
0.3049652265369527,0.006147839514919329
0.2587434192073127,0.011380220919356265
0.21255479366713276,0.019167660982617088
0.16699806787669988,0.0253451635682784
0.12291564155776363,0.043383334229102004
0.08159672753664853,0.07193499193131589
0.04517801044579396,0.1415107073501352
0.01729322546505572,0.4022998589845681
0.019276072013286502,0.04473902141229589
0.04810717701414282,0.01863930217942402
0.0850807034741057,0.0254634953282376
0.12671855277253954,0.031190948646586357
0.17098188194303088,0.0316454372715826
0.216633152920639,0.027866596432581978
0.2628576868276755,0.028060998943197635
0.3090724466535697,0.02764214918055193
0.35482869381253107,0.024508377462337378
0.39976045064815324,0.023553066836798066
0.44355605960466193,0.023810544543125964
0.4859419068944075,0.024702718850426394
0.5266728218395729,0.024683309861895254
0.5655263093621911,0.01702292370951491
0.6022990535836065,0.012563313088079573
0.6368047916261961,0.008394853583659878
0.6688730538757601,0.008030276286734693
0.6983484527358867,0.00418056067602016
0.7250903095484647,0.004482505758542332
0.7489725071071145,0.005575038581188609
0.7698834820773984,0.005783542176230667
0.7877262921335402,0.002983269082904088
0.8024187309022485,0.0019332969738122198
0.8138934610143804,0.0005258022451954342
0.8220981382842284,0.0025400209309092234
0.8269955132411884,0.005137819503161559
0.8285634864196892,0.007138495491302542
0.8267951145241268,0.008960119127280992
0.8216986046383731,0.011723205969895276
0.8132973178424557,0.014068599324543529
0.801629757502068,0.016723889497792684
0.7867495096000017,0.01966610270821691
0.7687251350859124,0.02347896957486777
0.7476400413270596,0.027295891670724236
0.7235923492034263,0.022744284817077055
0.6966947742627825,0.013478491986376734
0.6670745590637259,0.006986747436429998
0.6348734869539734,0.006697649790223662
0.6002480313350673,0.0013024384622187717
0.5633697383217954,0.005084571980029582
0.524425960055795,0.0006638293165563706
0.48362113785155797,0.0005321691058536712
0.441178973543675,0.00547140317025396
0.3969991747283453,0.01591993874465261
0.35207417632559723,0.021608472741213896
0.30634889824711964,0.01031865284567013
0.26019250848745556,0.0032796266335234233
0.21405857559919458,0.0075639705459827926
0.16853794179847106,0.008201481287203764
0.12445867294333521,0.034804429588692704
0.08308233730584409,0.031981577310054965
0.04649092644193829,0.009805189647721564
0.018224033935247862,0.12389765438660894
0.02005691355631122,0.2189688475727054
0.04916270902495194,0.09860181661517595
0.08624588884202006,0.055533266907249995
0.1279055939840099,0.033875920758874106
0.1721459061736143,0.024673822609750023
0.2177507701583881,0.020734246932928895
0.2639166177917036,0.0167929642302844
0.3100665156131858,0.014563672574956239
0.35575530246068426,0.01545876237418838
0.4006192353929637,0.01500183672606387
0.4443481402269441,0.014105183473284646
0.4866694448506839,0.01300711880420185
0.5273387478055497,0.012869773316902679
0.5661341468583063,0.011246897601428387
0.6028527988793196,0.01017414423418871
0.6373088276082661,0.009211460146839365
0.6693320848362894,0.009159445582021458
0.6987674523128432,0.008421317440408709
0.7254744770697689,0.008236921819060588
0.7493272293593882,0.008128463936840665
0.7702142986184234,0.008017056604328807
0.7880388629886446,0.007544722534040966
0.8027188059078034,0.007300440072479206
0.8141868504772796,0.006510598165344646
0.8223906848580851,0.0033305410264431188
0.8272930647494704,0.0013686188355735466
0.8288718684992822,0.00031957612429188355
0.827120101430455,0.0016946287423710788
0.8220458887518866,0.004144719196938887
0.8136724806087412,0.004654000054831182
0.802038242511559,0.0058577964068889
0.7871965962497027,0.007229929223711182
0.7692159116062101,0.010223480080393718
0.7481793767828997,0.012243112953712061
0.7241848641804769,0.011442310018451616
0.6973448096987371,0.00883191775874361
0.6677861422463421,0.007597673742000178
0.6356502931158079,0.008658405001783451
0.6010933384089604,0.007660636676590581
0.5642863710060898,0.007420436864630752
0.525416217105977,0.012182779958105593
0.48468669272816184,0.014932521169088631
0.442320731967855,0.016308689603943154
0.3982194749370131,0.016473361263824093
0.35336881999276043,0.02003507044813948
0.30771461460722244,0.02240998668675569
0.2616232293580096,0.02560481014447911
0.215543765880868,0.030016764113098844
0.1700594662107055,0.03983089401925545
0.12598461400555383,0.05273406960495466
0.0845542892984359,0.07544524052987703
0.04779815597713801,0.12435733662830464
0.019164660690018,0.2947623932781403
0.02080994605995763,0.27713381299589035
0.05016704209320674,0.123348581236088
0.08734746531559277,0.059693614813255566
0.12902292813290878,0.026312152444769338
0.17323745878299698,0.013008987942678907
0.21879499773030814,0.00933643811426644
0.26490233683592834,0.0036980902846044587
0.3109882453180281,0.0006839554818423891
0.35661091129017175,0.003081312399236651
0.4014086882248314,0.0027261584895721296
0.44507279617951867,0.001212680657069837
0.48733164377382987,0.0010211060213611428
0.5279415546922664,0.0014430504686358812
0.5666811858677736,0.00023554332085684026
0.6033481399338614,0.0001936295185077832
0.6377569046657862,0.000588167151729223
0.669737633687794,0.0003792440798715524
0.6991354606411866,0.0008908497397920815
0.7258101423388784,0.0002321218392158745
0.7496359217572384,0.0009387055071289918
0.7705015273038532,0.001617414801212551
0.7883102445531976,0.0013668030212404712
0.8029800343942847,0.0016969680932843643
0.8144436686565343,0.0017545728348138813
0.8226488566763792,0.0007247521844756331
0.8275583487795718,0.0001945766898642377
0.8291499912565112,9.122998934104952e-05
0.8274167288136149,0.00015929039363578787
0.8223665961036288,0.0007288321018565254
0.8140227242500744,0.0006052536914907418
0.8024233335116908,0.0006747718146052783
0.7876216748193707,0.000778223640969239
0.7696859208914871,0.001452793664099511
0.7486990356635542,0.0017299242837515202
0.7247586388168954,0.0014883305507718408
0.6979768833265887,0.0008474990299824594
0.6684803822271776,0.000527440296245446
0.6364102137398181,0.0006036532698191618
0.6019220570771772,0.0002834898708339152
0.5651865540472073,0.00013229694972758657
0.5263900093249303,0.0009823264283198355
0.4857356211203399,0.0014030015611908408
0.44344556767520893,0.0015209859804667587
0.3994225067896693,0.0013482552180609103
0.3546456939381891,0.001855699017244544
0.3090620211124768,0.0001657993251469682
0.2630351421443144,0.0019850768403527875
0.21700983486552505,0.004847133573510028
0.17156200971430893,0.00655668265541975
0.1274927025389477,0.0130277183293403
0.08601161968943233,0.021469416770822494
0.04909838001084993,0.04059754842769268
0.02011333599700717,0.10904657423014154
0.021532874931339766,0.17337590908580838
0.05111899265894998,0.08016746411027273
0.08838492694277225,0.04030657487554333
0.13007042215188203,0.018654893855426364
0.1742566310712397,0.01030314725260806
0.21976607881164448,0.008037833708584772
0.2658152010786003,0.004370454369408219
0.3118380850611041,0.0024825501528201316
0.35739604790037677,0.004589570437247354
0.40212940519417495,0.004556039898472718
0.4457306842138522,0.0036514320893593468
0.4879292144935433,0.0022877615106807318
0.5284820013361929,0.002188491651086525
0.5671682274739426,0.00040278610842590685
0.6037859144569728,0.0009254478678158331
0.6381498915581058,0.002159613305661339
0.6700905946666514,0.002423363895951281
0.6994533918468053,0.003497126545941694
0.726098233763366,0.004094442009122227
0.7498995213672566,0.0046907518512570075
0.7707461082314018,0.005302395074235025
0.788541374346582,0.0063085823450634
0.8032033457268564,0.007161948719189079
0.8146648312222439,0.00725315710081189
0.8228735502570731,0.0037649397966880017
0.8277922373247034,0.0022486364119520762
0.8293986968941245,0.001128007727180177
0.8276858039616791,0.0005963488383461375
0.8226614941115282,0.0015881553274017166
0.8143487715472363,0.0005011266375537831
0.8027857040856489,0.00036909260133919584
0.7880253653608682,0.000390836412526343
0.770135725366522,0.0025167275204701998
0.7491995189355534,0.0029376281009586736
0.7253141090842342,0.0024254826886973353
0.6985913628800126,0.0008743014933149298
0.6691575755706732,0.00023033703995428923
0.6371534716351228,0.00014901181296794925
0.6027343341533963,0.0008094283572308047
0.566070356384517,0.001380668036693896
0.5273473262668739,0.0009870401215839842
0.4867678320520172,0.001929944714032827
0.44455330836543805,0.002120008599832571
0.40060801530637535,0.001508780383306631
0.3559044611060828,0.0026232236351910374
0.31039069811529585,0.0007684429013074083
0.26442774317158224,0.001056380677442607
0.2184561908525927,0.003764746007032596
0.17304488206717386,0.004173727124221505
0.1289821229729685,0.00946520080916601
0.08745332132263794,0.01626874964930175
0.050390253837157256,0.03257452586468478
0.021068266937758623,0.08790199193601736
0.02222361995316143,0.18563432852197487
0.052017535505018996,0.08590247130391425
0.08935788255275424,0.04107667760779606
0.13104803559579245,0.016661035685026467
0.1752035952659387,0.00711983173009831
0.2206643304608611,0.00485200464039465
0.26665563651855256,0.0009059731990108968
0.31261654889782525,0.0015114829414617384
0.35811130088403553,0.000828135682450972
0.40278203966797815,0.0007205008970373734
0.44632251468117723,0.00053419460916584
0.48846291760121746,0.002088195933960348
0.528960892396486,0.0023395076528701458
0.5675961145136793,0.001095934154044561
0.6041669976940705,0.0005908223911291485
0.6384886902492227,0.00010977290692127188
0.6703918907862554,0.0002131667494068609
0.699722184310948,0.0003432263303543741
0.7263396994127499,0.0002762336782021603
0.7501189802719289,0.001076506386991827
0.7709489918382272,0.0015876061992579572
0.7887331955360923,0.0012786767974378975
0.8033896702293747,0.0014806266341372046
0.8148512501612158,0.0016088831479943852
0.8230656538345567,0.0015169569753622953
0.8279955895594234,0.0014655514327714914
0.8296188103537036,0.001597662573984142
0.827928112569676,0.0018042962878452853
0.8229313243989181,0.0018691011382470405
0.8146513154350068,0.001940007861902352
0.8031259940880043,0.0020491935932229425
0.7884082504997827,0.002167764187289066
0.7705658465416487,0.0022667342269325893
0.7496812833884163,0.002389096409037346
0.7258516637449443,0.002021526161642348
0.6991885660977599,0.001378027352016817
0.669817966349742,0.0008530567997226366
0.6378802348891923,0.0006581044559668419
0.6035302597943109,0.00012378345414633233
0.5669377886780484,0.0004772004703179578
0.5282880979093084,0.0004812485069577375
0.4877831740140142,0.0008828721007867173
0.44564372060176455,0.001675921458048628
0.4017756841600818,0.0028856072572105242
0.3571447233021503,0.004002757590160283
0.31170016547509655,0.0023481440682503775
0.26580046949146807,0.001280923579674853
0.21988218486755293,0.00037764356025752623
0.1745073388684208,4.0990393015793126e-05
0.13045201074854734,0.0035759594395374495
0.0888783473831459,0.0032967032599188362
0.05167240955726942,0.0010253023547298877
0.022027641540463373,0.010920137397320789
0.022880309010975475,0.1624467044498548
0.05286179687053523,0.07636715055615216
0.09026605108251161,0.03463758561369848
0.13195581704916004,0.011186078212847334
0.1760786013607348,0.0024412752773145066
0.22149014056125282,0.0007707604034022423
0.2674241349869369,0.003244345013986485
0.3133242125915497,0.005130306580200573
0.3587573167577601,0.002442002869824212
0.4033672992543156,0.0023600749446794525
0.44684904847054335,0.0034483516904096
0.4889335604486564,0.00509579605576478
0.5293790754005068,0.005291875393493263
0.5679657286839822,0.003365477683213829
0.6044922996617903,0.002452640837853645
0.638774233276434,0.0015907861184879485
0.6706424713252452,0.0016415760016255218
0.6999427983200425,0.0007443040501678316
0.7265355048496801,0.001334571941928427
0.7502952635982657,0.002250548693715199
0.7711111371423166,0.00276890768342927
0.7888866554103541,0.002218352691193793
0.8035399379129722,0.0023276831963778104
0.8150038327490825,0.002341319658054855
0.8232260466034178,0.0020702844235136525
0.8281692513776038,0.0018431741143984388
0.8298111391536268,0.0018452413465707893
0.828144418886523,0.001934584751297332
0.8231768032573619,0.001829880926024702
0.8149310197859166,0.0017230375072815759
0.8034448107540794,0.0016476822423491053
0.7887708768749419,0.0015648991249507158
0.7709767667769161,0.001430921355493963
0.750144743716997,0.0013007255066508157
0.7263716467486708,0.0012008509823527853
0.6997687634495099,0.0011098620551528793
0.6704617491460945,0.0009711792703110399
0.6385906201773981,0.0007711717852529397
0.6043098711158724,0.0005656085035321258
0.5677888072025811,0.00031141296956540117
0.5292121988115058,5.988823669724331e-05
0.48878143937067564,0.0004618441899427918
0.4467165144515736,0.0009532347110846346
0.4029251405066953,0.001565885220772903
0.35836602620559743,0.00239436456110142
0.31298988774244446,0.001276931777572969
0.2671527041675639,0.0005092880705570462
0.2212871158985535,0.0006762286700023315
0.17594858669905097,0.0003454482386083408
0.13190145717084056,0.0027500770857147583
0.0902856155732729,0.0029319231428272807
0.05294345911054613,0.0014446337584154525
0.022989633146309234,0.0013775515362576423
0.02350127080185873,0.19157505421943408
0.053651047086829814,0.09189828918095706
0.09110925630223767,0.051228762769365443
0.1327938997984342,0.02963259212378838
0.17688197311922532,0.020408576952806314
0.222243963993094,0.016899351583369575
0.26812125038311496,0.01287484426802578
0.3139617098416919,0.010609930614235725
0.3593347962162304,0.011759281874927831
0.40388594209652545,0.011338824141935594
0.4473110933569521,0.010336262514807574
0.4893419935655938,0.0090570849219787
0.5297374372665348,0.00884491582845025
0.5682779871939515,0.004862118269401213
0.6047627619050754,0.002236399380359398
0.6390074806484629,0.0002472593201489071
0.6708433089387915,0.000706764614641192
0.700116213360244,0.0029291695725495027
0.7266866306204378,0.003552979070838206
0.7504293472332584,0.00396120530446817
0.7712335096958562,0.004625626697046393
0.78900270358296,0.006506266596164953
0.803655076940505,0.007761111390202462
0.8151234802961064,0.007559954988920354
0.8233555977474818,0.0008069508163455098
0.8283140547063997,0.003011175742790185
0.8299764729992951,0.005595985990751358
0.8283354656245506,0.007371549263283848
0.8233986218610161,0.01203767884721408
0.8151885199347846,0.010524407267162991
0.8037427295321505,0.010948934778556881
0.7891137562778444,0.011591305323480188
0.7713689307287632,0.016762015014126292
0.7505902742730121,0.018546457736366075
0.7268743593022429,0.01395621179114877
0.7003321804943234,0.0047042768533425905
0.6710890717328382,0.0019262182328671224
0.6392846957100321,0.0036797530357106376
0.6050731553777752,0.011000096703390373
0.5686233172992957,0.01730247224174787
0.5301194518114962,0.012952897299639412
0.48976236827234276,0.014852976994166845
0.4477713475988022,0.021788602151919717
0.40405595927182303,0.03402045937270492
0.35956786375181554,0.041920010330155896
0.31425927863574227,0.03429954615427274
0.26848378081157304,0.03187194865677386
0.22267023549719686,0.027585811174897754
0.17736778761463545,0.03575504766425178
0.13332951361285347,0.02555403117979081
0.09167401177519706,0.05553352936271561
0.05420199700285835,0.1470848914292365
0.023952404419861274,0.40169445315878044
0.024085027688048478,0.23154956944834507
0.05438469416666278,0.11161939638197368
0.09188742250908512,0.05798609943379697
0.13356249851879468,0.02839989238925998
0.17761410518261583,0.016426025337259984
0.2229263198638586,0.012872073780411773
0.26874759595155556,0.007593714468010634
0.3145297296497375,0.0047472272180426175
0.3598444915122737,0.007170349894306428
0.40433877426288284,0.006895612128353194
0.44770950143452476,0.005514385192205778
0.4896891081416686,0.00356353382531111
0.5300369018292301,0.00328318194420899
0.5685338403546023,0.007588255753197806
0.604979355190095,0.009997184132098168
0.6391894176457622,0.012355247118928391
0.6709953975322636,0.012677827230924008
0.7002434261288466,0.015102215947806618
0.726794070423404,0.014892037452413989
0.7505222161267568,0.014164605742180453
0.7713170800379773,0.014171235801405857
0.7890822906101753,0.016212028123767333
0.8037360124153682,0.017153406886722185
0.8152110871114359,0.016486841004413975
0.8234551655863883,0.008173685822217723
0.8284308168421314,0.004167767990776166
0.8301155833103667,0.0007001634585135547
0.8285019736845334,0.0018556663909565666
0.823597446188465,0.007388074105310128
0.8154244227929153,0.005933687065484876
0.8040202944009416,0.006741334864367384
0.7894373661720662,0.007817787774846673
0.7717427460646985,0.014044417252052303
0.7510182099748819,0.01643227086571415
0.7273600609584997,0.014608331150114227
0.7008789991568305,0.00935906615187394
0.6717000365130726,0.00676857766605472
0.6399624828593883,0.0073062505412553125
0.6058200518080816,0.004445106819867428
0.5694411753312645,0.0028319003157322737
0.531009630117045,0.010348175677889107
0.4907256509121019,0.013682876958601117
0.44880782772815564,0.014299904058819576
0.40516766564448675,0.012197344302072885
0.360749680780847,0.01570718682308712
0.31550770377243775,0.018203490069311302
0.26979298636731147,0.020880804362419954
0.2240307505451796,0.02456943294560615
0.17876406188005173,0.03374714687955856
0.13473519412217216,0.04560674934835241
0.09304239224197075,0.06037560646936596
0.05544660184470443,0.08473199315233151
0.024914110363099394,0.16651619129844877
0.024630289449817412,0.18749273887128987
0.05506227903903707,0.09062674889830942
0.09260057194810267,0.04456329692117237
0.1342619077439283,0.01867647244286913
0.17827546199070327,0.008396166495313879
0.22353779064402524,0.005846597140248599
0.26930384350825265,0.0014278627796409146
0.3150290155178003,0.0011732718480717418
0.36028720567950284,0.0013378949316279146
0.4047266490009108,0.0011931803303355498
0.4480451683334514,0.00034860709007559864
0.48997583523539356,0.0018936392099678638
0.5302784290759106,0.0021796292609310977
0.5687342708229102,0.0008339041846913102
0.6051430787393852,0.0002873906568523561
0.6393210540513043,0.00024245738652366977
0.6710997515114128,0.00012458445927118097
0.7003254497748731,0.000732448930364444
0.7268588303340229,0.00020451522976089884
0.7505748635457831,0.0008087509786116567
0.7713628229689575,0.0013606323718897073
0.7891263672680573,0.0010143572457452193
0.8037836656713683,0.0012253444025394822
0.8152675398126409,0.0013302190184627826
0.8235255969087585,0.0010926332602929569
0.8285203398091842,0.0009492351099583289
0.8302292226078359,0.0010149031944944467
0.8286446415709342,0.001171266432849871
0.823773916470882,0.0011246844687380787
0.8156393063364694,0.0011658020688714347
0.8042780173833093,0.0012158417537692248
0.7897421492355718,0.0012659456615976249
0.7720985830524655,0.001222077170834877
0.7514288459307702,0.0012411800887023438
0.7278289692779937,0.0010325713131738971
0.7014093574279077,0.0007069464450368958
0.6722947002634799,0.00040442618483174203
0.6406239559361343,0.00024102540076213202
0.6065504514046449,0.00011780990973175915
0.5702421885550233,0.0004681065441412897
0.5318824572337014,0.0006432639999975533
0.49167092744359536,0.0010126871562142028
0.44982551249026226,0.0015942352880496064
0.40625973509534963,0.002415364305394941
0.3619108730598388,0.0032972661652153528
0.3167344807221814,0.0022237683525157086
0.2710795611913538,0.001586142387811056
0.22536782335884534,0.0006049499468790419
0.18013648806195046,0.001171811888703854
0.13611747544224218,0.0008070963014674381
0.09438958348488392,0.0005684940222657693
0.05667583598003403,0.004362543969553374
0.025872899679808586,0.014628949614379879
0.025135948076701907,0.17858184468823063
0.055683472487997196,0.08807265158863985
0.09324882406002427,0.042896004546688855
0.13489250223878932,0.01706753227584458
0.17886657866744282,0.006937463181633584
0.22407902327976648,0.0047261370526475895
0.2697907246466718,0.0007011065161456219
0.3154603667065719,0.00213392691621704
0.3606637937542931,0.0006700519807552421
0.40505046787843113,0.0006408668758491558
0.44831903435371895,0.0007049035353857704
0.4902031468231815,0.00244555748872831
0.5304630160600704,0.0026758507841669055
0.5688802944096829,0.0016461395553346956
0.6052549609415866,0.001303228825601147
0.6394034247544356,0.0009746072420394781
0.6711574062710408,0.0011051754064270454
0.7003633142775073,0.0006866680775234938
0.7268819290738485,0.0013563041979519819
0.7505882912002467,0.0022929358140799973
0.7713717175418653,0.0028995201573717862
0.7891358844375238,0.002732991421575116
0.8037989540333484,0.003065113553762256
0.8152937169507611,0.0031908818364652985
0.8235677264613028,0.0024716212595838555
0.8285834097124543,0.0021351529456101765
0.8303181237301579,0.0020591675445933402
0.828764144473157,0.002148408168069052
0.8239286461384586,0.0018284773798121366
0.8158337184173498,0.002066398195026871
0.8045163772382151,0.0021797723537077492
0.7900285119351568,0.0022905789237801883
0.7724367729919217,0.00198419385351565
0.7518224357715596,0.0020088043933800576
0.728281258062454,0.0018799652112329098
0.7019233474920662,0.0017542597688759809
0.6728730721655195,0.001555266463290434
0.6412690401330574,0.0014656885276768362
0.6072641948005759,0.0012847594819188376
0.5710261128983125,0.0010596550090880275
0.5327376046704658,0.0007078381200034514
0.4925977856833733,0.0003397963154503445
0.45082390714447185,0.00015069665653340703
0.40733159094869203,0.0007466076785815441
0.36305078485825354,0.0015585817125972985
0.3179388765867875,0.000535791734880613
0.2723426966387349,0.0001181640702315334
0.2266805693019141,0.00110585768808692
0.18148410068436038,0.0005784031717794048
0.13747529471621334,0.002401515465472754
0.09571437997250903,0.001791510647918388
0.05788824320663422,0.0014690904875505704
0.026826914534752746,0.009717527851107844
0.02560107355641349,0.172259965234442
0.05624807361495444,0.085321565568767
0.09383239628912154,0.04140245733842515
0.1354547389557904,0.01615439069093882
0.1793880635312243,0.006229712320247036
0.2245507319574276,0.004062912233122345
0.27020903360496684,0.0007674639361092158
0.31582464111284236,0.002681977396565147
0.36097516562381265,0.00020344910081151714
0.40531118357337304,0.0001659392609932737
0.4485320870951164,0.0012804925527528698
0.49037205831838737,0.0030521176315379196
0.5305916993218072,0.003296557593076677
0.5689729623253545,0.0017608375842650189
0.6053160614083479,0.001102233968711961
0.6394375916176217,0.00047458829771755294
0.6711694198553377,0.0005652042385287931
0.7003580678888284,0.00013796157936511096
0.7268643992250134,0.0005217927955869569
0.7505635102332257,0.0014411925788458129
0.7713447478158539,0.0020009719548588325
0.7891117935901404,0.0015974459612661186
0.8037827910495818,0.0017930715756882389
0.8152904889972239,0.0018855614638774118
0.8235823766804622,0.0016466337752115009
0.8286207962162695,0.001490698024176832
0.8303829990615815,0.0015557006283287982
0.8288611332448711,0.0017142526512706417
0.8240622205540495,0.0016705143487181224
0.8160081752557754,0.0016914023807139329
0.8047358177114239,0.0017310297528794307
0.7902968225427819,0.0017716250973156269
0.7727576060314533,0.0017331403070866029
0.752199189218719,0.0017452661136549879
0.7287170546965307,0.0015340395090905387
0.7024210128890269,0.0012052815588342951
0.6734351107826291,0.0009011709993217118
0.6418976083296515,0.0007337841524666168
0.6079610689136796,0.0003879284270408623
0.5717926494727792,2.3632503351576904e-05
0.53357468833153,0.00014844148440770535
0.49350575737290137,0.0005144809289573958
0.45180246075280905,0.0010936094953052824
0.4083826005659607,0.0019104188447707099
0.36416870506424376,0.0027842289924324493
0.3191201040830759,0.0014836597046722646
0.2735815311875605,0.0006126989380864283
0.22796805295444975,0.0007107007242271194
0.1828058864750618,0.00043540378349632463
0.13880754584416896,0.003141483986496832
0.09701554061391152,0.0031498665869584765
0.05908234544763011,0.0009223695568285891
0.027774289209155468,0.0031301528837427523
0.02602491065707509,0.16504709403852266
0.056756009537582,0.08251220254529203
0.09435160614887746,0.04026569171799885
0.1359491603026131,0.01577770994059121
0.17984060189242318,0.006166630735275574
0.2249537021565113,0.004076604710980432
0.2705596314143661,0.0006955249471837934
0.3161227594147495,0.00248551133967241
0.36122229010286305,0.00029152120957234336
0.40550980383536117,0.0002606408197216322
0.4486853652998606,0.0010389006857896034
0.49048363222413477,0.0027552021664559675
0.5306655583097212,0.0029776036616754892
0.5690133644147076,0.0013974326361637847
0.6053274739882658,0.0006979001583871512
0.6394246462176952,4.1174673427872286e-05
0.6711368754367745,9.626501978663945e-05
0.7003107793393095,0.000642900143405108
0.7268072891505858,0.00018308863257587136
0.7505015428456263,0.0008656582967197224
0.7712829041800937,0.0013897793037656498
0.7890550478172554,0.0009426827713910604
0.803736087211119,0.0010956337707067154
0.8152587187449559,0.001200765468672839
0.8235703577883853,0.001233748426744854
0.8286332523301969,0.0012102828319289353
0.8304245400084794,0.0013754256511446857
0.8289362335765652,0.0015979227081946727
0.8241751958874243,0.0017304970846276858
0.8161631600236922,0.0017017826622325574
0.8049367458377717,0.0017608545105095793
0.7905474091666882,0.0018282589966558196
0.7730613289266464,0.001983263015411079
0.7525592696306724,0.002065052821984311
0.7291364374832761,0.0018966412959573247
0.7029023456017992,0.001564285769247414
0.6739807209542915,0.0013170754642619906
0.6425094778173286,0.0012393140991281558
0.6086408035057362,0.0009576786677331906
0.5725414409883449,0.0007001241027238346
0.5343932648082413,0.000823022090214527
0.49439431437463643,0.0007050745811051506
0.45276056228980305,0.00039068207983017675
0.4094120713480768,0.00015947642723811945
0.365263863177565,0.0005802994111415781
0.32027731755624606,0.0003754055726807777
0.2747951464291796,0.001053662608557135
0.22922928418050595,0.0020689856260531015
0.18410078055743404,0.0022451491837859284
0.14011307580865617,0.004420673678852549
0.09829178523200287,0.005025485368126583
0.060256639418995096,0.004682022372985569
0.028713148525226675,0.0052620553922923426
0.026406876033138554,0.1692174232857215
0.05720733559036219,0.08499141954540664
0.09480687363587985,0.04201351984492703
0.13637639761696507,0.017125954032681474
0.1802249600928948,0.007233061560486516
0.22528879490014053,0.004967964837606184
0.27084345019485884,0.0008321390738334221
0.316355709341534,0.0018141256590001196
0.36140619911550936,0.0008373284479415503
0.40564739553462714,0.0007693078076908684
0.44877996273023596,0.000582095581475415
0.49053898181979233,0.002274946151925131
0.530685718855769,0.002523977129585958
0.56900263237183,0.0011310681396159217
0.6052903297251432,0.0005530809529061085
0.6393657125927968,2.8963680730638003e-05
0.6710608837910679,9.50278515955006e-05
0.7002225400282799,0.0005394418117718429
0.7267116649098951,0.00018739802047909067
0.7504034239289746,0.0009984072954403503
0.771187184700677,0.0015466166885881344
0.7889666028879996,0.0011853581371296339
0.8036597507265081,0.0013900375764186231
0.8151992618013723,0.0015138588716967158
0.8235324679971969,0.0014019951293585424
0.828621514336064,0.0013289394855980343
0.8304434166565848,0.0014565534775300053
0.8289900453885355,0.0016635554343129649
0.824268098253305,0.0017154342606785164
0.8162991217355827,0.001763317396825626
0.8051195305963992,0.0018532478141298331
0.7907805581825761,0.0019504579781125023
0.773348143262811,0.0020281700045630693
0.7529027920097225,0.0021224844876050605
0.7295394334567517,0.0019454466938096284
0.7033672837332117,0.001618243349231971
0.6745097513093634,0.0013556511125134428
0.6431044076512087,0.0012821622359500734
0.6093030684304265,0.000999837473786071
0.5732720689077894,0.0007330807476499686
0.53519282844999,0.0007909454755607296
0.49526286568254374,0.0006310762427919271
0.4536975376147331,0.0002764860730199972
0.41041924772700866,0.0003182550193380677
0.3663354263045781,0.0008221642688423154
0.32140960999183504,0.00023444902618690035
0.2759825641869119,0.0009662081584922098
0.2304632153037307,0.0020707068062885674
0.18536766368730667,0.0021815168582904557
0.14139068204997826,0.0044982996575698205
0.09954179203010573,0.005041869928570092
0.061409594167710295,0.004470432046465399
0.029641606721555434,0.004528184799123316
0.026746554274814864,0.16538801209122778
0.05760223394926596,0.08358446257817921
0.09519872171190853,0.04121885018264709
0.1367371725456516,0.016524587409822596
0.1805419872234587,0.006729081457360756
0.22555694864823117,0.0045334339864897925
0.2710614951211858,0.0006635781492004972
0.31652454758792975,0.002189830191946022
0.361527989528107,0.0005114790143245393
0.40572508639745924,0.00045804299197268686
0.44881702978564236,0.0008602547577971572
0.49053927266165204,0.002593579990173561
0.5306533545644617,0.0028372151216160637
0.5689419409959585,0.0014094424822129214
0.6052057979672687,0.000812342044107061
0.6392619481532658,0.00024252740229183155
0.6709425840654539,0.0003354928853347303
0.7000944646596045,0.0003134891605224994
0.7265786107218134,0.00035190849123597443
0.7502702013766249,0.0012387591523594578
0.7710585952840943,0.0017925608626283005
0.7888474172671331,0.001425081065207082
0.8035546873902759,0.0016317019014985867
0.8151129663230692,0.0017305798912104098
0.8234694931199391,0.0014727624977848945
0.8285863012782,0.001315865652764792
0.8304402771483117,0.0013758162274540658
0.829023142103485,0.001531140345146082
0.8243414228857268,0.0014763681941767147
0.8164164743400404,0.0015172955939343955
0.8052845019235291,0.0015669830002442331
0.7909965131761652,0.0016175809544721673
0.773618204336517,0.0015693406897633333
0.7532298218345389,0.0015893387950895901
0.7299260171745091,0.0014962491282948112
0.7038157102492312,0.00135520647056238
0.675021992997031,0.0012113641349358573
0.6436820973933747,0.0011394113523113534
0.6099474723426326,0.0009787969423297217
0.573984052150987,0.0008069582986476573
0.5359728100944089,0.0007079968791437582
0.496110756166869,0.0005190250666511284
0.4546126482393711,0.00022942156552428536
0.41140330994560215,0.0001901976115111562
0.367382497970815,0.000649370014345818
0.32251601187403645,0.0002797719394965326
0.2771427453961625,0.0009552470637421281
0.2316687400586443,0.001965211526525825
0.1866053612925428,0.0020559616999914266
0.14263911148404818,0.004113354240067229
0.10076419658902984,0.004820885615608429
0.06253964996380722,0.0050135844247949065
0.030557767195807734,0.006778483479746368
0.027043690853701802,0.18950730732381338
0.05794100822124179,0.09634137422008601
0.09552777208079802,0.048005527589470194
0.13703229334040926,0.019789104917529443
0.18079261165738142,0.00852428622078085
0.22575917589242894,0.005934599462846123
0.27121484100881094,0.0011289025661260616
0.31663039644836827,0.0018236273504123894
0.361588819800742,0.0012025671031509135
0.40574406165261245,0.0011255215554469913
0.4487977701739825,0.0004843942381702044
0.49048571927189943,0.002346346511566769
0.5305696835140795,0.002627930033630532
0.5688325049488276,0.0014569099026909575
0.6050750831962609,0.0010614770262126615
0.639114540617238,0.0006803783456324677
0.6707831407995781,0.0008316220027469653
0.6999276883506674,0.0003482000952983085
0.7264092262315602,0.0010983797700709224
0.7501029334814471,0.002138361051715709
0.7708981472141286,0.002810204221155573
0.7886984498129933,0.0026039834848997656
0.8034217984676718,0.0029597337091189046
0.8150006710761214,0.003078065744203186
0.82338220481442,0.002232130311141135
0.8285283133997934,0.001819527920040061
0.8304157463180963,0.0016983551920318858
0.8290360694882734,0.001761811727902494
0.8243956331926201,0.0013556869870465279
0.8165155959778635,0.001581629588956559
0.8054319501874103,0.0016598206279551846
0.7911954746398154,0.0017292592627953871
0.7738716210704166,0.0013161926652878139
0.7535403751988392,0.0012719870758866744
0.7302961110697551,0.0012270784629520952
0.7042474535429173,0.0012794839803708811
0.675517180447764,0.0011966695729209978
0.6442421880548084,0.0011084834233731986
0.6105735638547852,0.00104374084250247
0.5746768484265283,0.0009099669849610139
0.5367325785306573,0.000420646281454865
0.49693726820254563,6.299937262523884e-05
0.4555050930985848,0.0003803024133986002
0.41236337593289246,0.0008146528326057003
0.36840412009345674,0.0015686550867694147
0.32359549323124254,0.0005104973697638354
0.2782745922006615,0.00024293087068168455
0.2328446956909101,0.001360013057977275
0.18781264552208107,0.0010448845632995078
0.1438570624999083,0.00311689274254068
0.10195759360644478,0.0033463392630434193
0.0636452195601577,0.002505932529517075
0.03145972397765262,0.0015183138002319294
0.02729818059257204,0.1616723704312258
0.058224072184396417,0.08250911872759586
0.09579473427343792,0.040511352692762514
0.1372626440083608,0.015786517258142924
0.18097783018006278,0.005999297772747583
0.2258965522928292,0.0038753536717364865
0.27130462151014145,0.0008731084601385409
0.3166744330680665,0.00285835751350807
0.36158989938178515,0.0002388749580687912
0.40570555365509087,0.00022092537815058514
0.4487234307567076,0.0014151732907187675
0.49037957526621073,0.003204662499010719
0.5304359587291476,0.0034491216701793455
0.5686755695887381,0.0015880092134148791
0.6048994162584314,0.0007253421276761013
0.638924699669323,0.00010233094164321832
0.6705837360538855,4.0348698459848295e-05
0.6997233592653939,0.000926785346155708
0.7262046196309854,0.00037446851673835337
0.7499026826120334,0.000634481740401867
0.770706851412927,0.0011635544133465241
0.7885206546179004,0.0006004974612285303
0.8032619761207398,0.0007059853506712659
0.8148632014861373,0.0008076292188093806
0.8232713572680909,0.0010667634080134883
0.8284482294713954,0.001132939421948222
0.8303704236708179,0.0013771417684084262
0.8290293442841035,0.001650349143839442
0.8244311600368851,0.0019238428965203066
0.8165968289230969,0.0018100310244730483
0.8055621267691944,0.0018531117847202386
0.7913776011755917,0.0019083864647028014
0.7741084578394477,0.0022074373683861896
0.7538344212233816,0.0023071246947346134
0.7306495884440175,0.002074257323225879
0.704662290987799,0.0015949534781042522
0.6759949954627517,0.0012616807013876553
0.6447842666945186,0.0011483856527511396
0.6111808365961334,0.0007558875250202414
0.5753498597381782,0.000405997311075829
0.537471446438841,0.000645485392844277
0.4977416279353153,0.0005295686496971368
0.45637401511210235,0.00016468891270306028
0.4132985081775353,0.0005615104553351877
0.36939928005908296,0.0010361257256739967
0.3246469708575653,8.380437031096459e-05
0.2793769552496402,0.0007393658832845779
0.23398987024605955,0.0018175274190879481
0.18898824241883924,0.0019776318667637607
0.14504319183026923,0.004295519880030713
0.10312054325576142,0.004673502827702897
0.06472469365656872,0.0036308341386092095
0.032345566445409514,0.0027891373284218523
0.027510051976420206,0.16425483191557314
0.05845193311706484,0.08411388401414975
0.0960003885449776,0.04131835749514065
0.13742916684989187,0.016056070816659346
0.18109869029188125,0.0060423644165154815
0.2259701988877724,0.0038716732073826154
0.27133201136497365,0.0009612111283404108
0.31665787187603145,0.0030269947174215465
0.3615324714022338,0.00031131366648286127
0.4056108249090555,0.0003072070620457639
0.44859528505820834,0.001557938502372845
0.49022211741250954,0.0033979764215740856
0.5302534528126559,0.0036526852885319324
0.5684723962750692,0.0018985054491351488
0.6046800404025089,0.0011146870514760023
0.6386936437882678,0.00036885256121732
0.6703455570795421,0.00044912723917223075
0.6994826271746777,0.00036773116960503666
0.7259658971735201,0.0003331536908837464
0.7496705056964716,0.0012637184502142477
0.7704857099234748,0.0018319366355171699
0.7883149735532988,0.001340137452344788
0.80307609703927,0.0015027237830909975
0.8147013643592703,0.0015976086968493772
0.8231376830328346,0.0015401541867211743
0.8283467037517229,0.0014595861944925053
0.8303048814763808,0.0015930435608405033
0.8290034534383681,0.001798160699900959
0.8244484021035726,0.0018721707106194748
0.8166604810723721,0.0018340066181444742
0.805675246671827,0.0018697435796590348
0.791543013214655,0.0019103206702604115
0.7743287392528555,0.001995884634517779
0.7541118879080346,0.0020343158557945603
0.7309862803473893,0.0017852001470644082
0.7050599567958457,0.0013552919169874133
0.6764550760097469,0.0010006237067428634
0.645307876104935,0.0008261373109579233
0.6117687397376291,0.00041727834166138255
0.5760024436813531,8.097488302418684e-06
0.5381886823837564,3.464143587815064e-05
0.4985230179516637,0.0003554503807208658
0.45721851443949174,0.0009394448480093643
0.41420772735081735,0.0018057442015709843
0.3703669247533506,0.0026297539943442665
0.3256693226356558,0.0013643790133201158
0.28044864817761583,0.0005380888880572171
0.23510301706518472,0.0007036607301824306
0.1901308462440708,0.00044911903181228007
0.1461961284444691,0.0029603406654675176
0.10425158422361554,0.002739120322529633
0.06577645241846597,0.00013780421940181667
0.03321338901605545,0.004505965300045859
0.010454167297724172,0.01102584898941259
0.027679449296525594,0.16852196690257856
0.05862517237156521,0.08654893355390332
0.09614556554035202,0.041549961940981914
0.13753284145784891,0.01476362571169583
0.18115626880809146,0.004281122271043115
0.22598126051262912,0.002179947146134304
0.27129820483000266,0.00271930766950941
0.3165819431868804,0.005053610436083682
0.36141779160484483,0.001964300393612664
0.40546114746373174,0.0019336509508583962
0.44841461319203957,0.0032911481263199387
0.4900146261881305,0.005300918659558688
0.5300234393256794,0.00557330805262329
0.5682242445966871,0.0032923250678158667
0.6044181944519539,0.002217404192126628
0.6384225844547127,0.0011986089058822857
0.6700697816321566,0.0012709579958191468
0.6992066299446325,0.0002052277965508483
0.7256941508963529,0.0009255612822286812
0.7494074432439023,0.002014858372633358
0.7702357062853052,0.0026362379406995816
0.7880823280236195,0.001970917438876676
0.8028650156243199,0.002095949566215722
0.8145159425392495,0.0021056755406714547
0.822981889168252,0.001784457078043471
0.8282243636406684,0.001506979232513678
0.8302196639478304,0.0015000836695794014
0.8289588548149386,0.0015932086095204808
0.8244477281430823,0.0014564147808165285
0.8167068297161749,0.001303193296870928
0.8057714938030676,0.001187522788643338
0.7916917997883869,0.0010597027751932256
0.7745324584115599,0.0008745797999843848
0.754372671808202,0.0006833430108653993
0.7313059866297384,0.0005457536888805174
0.7054401544320373,0.00042463477584742213
0.6768970299315368,0.0002367751109391901
0.6458125297526425,5.471199660022257e-05
0.6123366941003929,0.0003299301565337889
0.5766339306471921,0.0006816825194347956
0.5388835290351821,0.001182373739771208
0.49928059640598804,0.0017496974698144186
0.45803766842240423,0.0024127589853679987
0.41509003306281256,0.0032240480211775577
0.3713059818747029,0.004316931983423331
0.3266614092862153,0.0028912261517375876
0.2814884696716988,0.0019364948238081961
0.236182876938837,0.0004953270901334712
0.19123914145743456,0.0009585718384130002
0.14731449499106297,0.0018718006839737072
0.10534925404904527,0.0019220616936263613
0.06679888380073093,0.00015270707408148243
0.0340613065481277,0.0020669574144511296
0.010969241870065441,0.029246249626323932
0.027806615408010108,0.14506067589527874
0.058744426516192015,0.07479908790682734
0.09623112646271646,0.03620048359412067
0.1375746641792551,0.013184408208782434
0.18115165080140277,0.004153908198639802
0.22593088448163495,0.0023249632399073073
0.2712043943039857,0.001911710148496648
0.31644787194369106,0.00390504915488873
0.36124710736020105,0.0012493496540103032
0.40525778234423576,0.001220075539947164
0.44818268185723525,0.002381774899145514
0.48975836650492444,0.004098211838496075
0.5297471742447655,0.004322790904781582
0.5679323547489489,0.0025849031357054733
0.6041150961834492,0.0017952881876185031
0.6381127105888732,0.0010464974326836053
0.669757563579784,0.0011195921631101246
0.698896480394841,0.0003189268811960105
0.725390446803019,0.0009393071159136034
0.7491145089192417,0.0018650133283961117
0.7699577965628324,0.002406797336037449
0.7878236115061823,0.001928627725802813
0.8026295580836857,0.002082358399448169
0.8143076905983384,0.0021163177512466347
0.8228046545799127,0.001753025643993433
0.8280818086862817,0.0014992586885263454
0.8301152879356606,0.0014807562019843075
0.8288959795910869,0.001563741672800583
0.8244294810768584,0.0014083048782692492
0.8167361273521041,0.001358435400668859
0.8058510284881236,0.0013081324992808084
0.791824027724895,0.001249565133023417
0.7747195877507069,0.0010665478051359247
0.7546166505139271,0.0009488468042892531
0.7316084900284381,0.0007715373155606852
0.7058025722121803,0.0005695705547098618
0.6773204520366147,0.00032325291796612656
0.6462977303078109,8.041730127720532e-05
0.6128841120378317,0.00024131857742914182
0.5772436449832712,0.0006090929168442782
0.5395552255202334,0.0010378826763962512
0.5000135204724314,0.0015663917007243888
0.45883055602856304,0.0022325512287972604
0.41594442911376944,0.0030780905484457965
0.3722153859580474,0.004146628609282725
0.3276221009917822,0.002723136817740367
0.2824952304380498,0.0017798430104769326
0.2372282052638738,0.0003642087041340182
0.1923118297604946,0.0008074741906436949
0.1483969342959454,0.0019828574413009044
0.10641211444198842,0.0019363799145132297
0.06779040665082449,0.00015844228155745263
0.034887474037752615,0.002970834216364977
0.011478918544926851,0.02376810769485747
0.027891877197623555,0.16246794561951955
0.05881037187372107,0.08383014466293993
0.09625794686725855,0.04007378144011219
0.1375556312364161,0.01389840110453762
0.18108591230224105,0.0036869128487905596
0.22582020298174127,0.001677138060903336
0.27105175257493797,0.003102689845307912
0.3162568599963469,0.005389379902131589
0.3610216401144007,0.002324171389118758
0.4050019622998252,0.00228064923782966
0.4479007275087371,0.0036102679396434975
0.4894545713686481,0.005589762737143615
0.5294258802984196,0.0058560005438444826
0.5675979325962476,0.0032849435311342818
0.6037719282312446,0.0020237709767278542
0.6377651754460036,0.0008284628163178121
0.6694100208211726,0.0008677240186995273
0.6985532553285335,0.00037271663433806026
0.7250558150909633,0.00037486776101981333
0.7487926810346898,0.0013998630991534674
0.7696529021652485,0.0019813193334350366
0.7875396837689782,0.0011739771248679707
0.8023705180928207,0.0012100750519634007
0.8140773319807991,0.0012072613433020355
0.8226066286724756,0.0012483489887431748
0.827919610785935,0.0011194832747835313
0.8299922447031429,0.0012275803163104306
0.8288152356226232,0.0013839169291168152
0.8243939829635488,0.0014641790409675008
0.8167486082545756,0.0011791912788185414
0.8059139956393769,0.0010348574254745106
0.7919397514078955,0.0008837982871094223
0.7748900903831011,0.0009193480246881517
0.7548436955364348,0.0007529314734217256
0.7318935705586088,0.0007236312873013128
0.7061468992000934,0.0007037556116933425
0.6777249414125344,0.0006658407966206222
0.6467629883040841,0.00048092331397403445
0.6134104174256023,0.00034598735643250533
0.5778309262205548,0.00017881433198289588
0.5402030298109834,3.3142137358636945e-05
0.5007209698064895,0.00029466220802664567
0.45959628229048194,0.0005921763537806394
0.4167699487973248,0.0009615942057836409
0.3730941044029632,0.0014547101969938484
0.32855030401518637,0.0005505357886953108
0.283467780306353,0.000147141477897193
0.2382377993305841,0.0011730833299398293
0.1933476573107411,0.0012640543418460453
0.14944213616477597,0.003335093289263568
0.10743877705476884,0.004230641652671124
0.06874949450423548,0.005057636201657837
0.03569010732385958,0.008550887234446301
0.011981214507117139,0.04332296336912986
0.027935634645102708,0.14237405888814839
0.0588237134495075,0.07391983624226109
0.09622690529475199,0.03725978036619046
0.1374767269748479,0.015504919071253832
0.18096010813083513,0.006821685431590206
0.2256503206583557,0.004848767830439191
0.2708414202885767,0.0010689706826490098
0.31601007350052446,0.0011781199007807207
0.3607425728564712,0.0012628109634557955
0.4046948794413201,0.001234530977954979
0.4475699442605734,0.00034156875572316487
0.48910443016675553,0.0014471605070437397
0.529060735698483,0.0016415507438012574
0.56722213895105,0.00021163766758128987
0.6033898279865427,0.0004712549287193709
0.6373810871640627,0.0011036399302994417
0.6690282266219935,0.0010701089441777188
0.6981779877103768,0.0017743333282406334
0.7246912432054807,0.001283397158659159
0.7484428965575948,0.00048404219412576083
0.7693219048604154,8.932124317600544e-05
0.7872313669249518,0.0005118814930294546
0.8020886539422379,0.00043579389596563824
0.8138255572884298,0.00034530411917764464
0.8223884308097177,0.00011073684536026124
0.8277383148437786,4.66699994936142e-05
0.8298510018028822,0.00016041409255079973
0.8287170105563291,0.00037741029465818604
0.8243415393572776,0.0006057562579030533
0.8167444940868818,0.0004894032270953597
0.805960531617325,0.0005059266978606845
0.792039020880329,0.0005297751000139125
0.7750439294097129,0.000766412724693616
0.7550536828272483,0.0008220914429272031
0.7321610172181923,0.0009451900389106066
0.706472838049892,0.001055964168943203
0.6781101153978617,0.0012107404294947244
0.6472078372136619,0.0013258123308796544
0.6139150617252546,0.0014759744948927348
0.5783951461280386,0.00166427012137785
0.54082623670322,0.001993568053900618
0.5014021653702533,0.002306204055771321
0.46033399790685015,0.0026685773597362786
0.41756567521783744,0.0030898280763945237
0.37394115839551517,0.0036730097648505484
0.3294449821175002,0.004535718116928364
0.28440502998727724,0.005638123442746228
0.23921052033106222,0.007172660932257094
0.1943454367643033,0.009327682546337927
0.15044885911348108,0.01284244366809977
0.10842792456101309,0.01863209003306583
0.06967469534781803,0.030147453945128144
0.0364675008550436,0.060104108540744536
0.012474197726137387,0.18532082349270942
0.02793835345798607,0.1454748753906021
0.058785178272642895,0.0752694121862978
0.0961388767997698,0.039091510749442594
0.1373389172954825,0.01787299799683382
0.18077526518770307,0.009237144869756657
0.2254223077273077,0.006979045291900088
0.27057449890673513,0.0031085049305012847
0.3157086358700481,0.0010489754767793638
0.3604110430508737,0.003082464737298558
0.40433767822368694,0.0029628026906708847
0.4471914769955435,0.0019245293950959973
0.48870908195174123,0.0003832840003517058
0.5286528676554082,0.00018207589654672184
0.5668060833728134,0.0008436184389502445
0.6029698817321576,0.0010293214716814833
0.6369615033044834,0.0012194123047802106
0.6686132045612556,0.0011248925499807644
0.6977716620761207,0.0014134180350947084
0.7242976717968164,0.0009206362243675787
0.748066047608006,0.00020166192355859083
0.7689656438532976,0.0002491239275439347
0.7868994431338424,0.00010712009305466557
0.8017846868827987,0.0003394931399143545
0.8135530232893933,0.0005182994055466285
0.8221506500062842,0.0005682086920377196
0.8275384391630174,0.0006371869130249906
0.8296920041821613,0.0008380795987315889
0.828601673659248,0.0010924020090729073
0.8242724418659225,0.0012622590822525838
0.816723997184659,0.0014150460676514076
0.8059907682502931,0.0016121244029491386
0.7921218865896681,0.0018263502463596601
0.7751810734046605,0.002058463184562489
0.7552464989730941,0.002305990663142307
0.7324106348779675,0.002211576296417426
0.7067801125760319,0.001935588819585121
0.6784756178015483,0.0017767877316262547
0.6476318422837705,0.0018947908900057559
0.6143975334650201,0.0017742801514676954
0.5789357187352813,0.001722780195252198
0.5414241883601125,0.002150967842861099
0.5020563804979943,0.0023707493388116473
0.4610429107621576,0.0024244675863137164
0.4183307531634369,0.0023287390093295742
0.3747556351406839,0.0025235357303461854
0.3303051690931747,0.0036774528561197314
0.2853059638530856,0.004816002543362549
0.2401453062884481,0.006419178072995564
0.1953040602744578,0.008007022429275088
0.15141594338453485,0.011564397766720254
0.10937832343401414,0.01558490881502646
0.07056464394140555,0.02259198466812377
0.03721803954832694,0.04146944075722198
0.012956001969907038,0.1297932335122405
0.027900560951560884,0.16423708548622656
0.05869551274486169,0.08507620543019745
0.09599473097753362,0.04348751079671473
0.13714314792861532,0.01900271572845708
0.18053238078406753,0.009096964801914945
0.22513719830287052,0.006672569486886815
0.27025204901602806,0.002276940486661509
0.3153536259899608,0.00039531924349169473
0.36002814085585083,0.00233699671017262
0.40393145366355954,0.002232927974679536
0.4467664195365223,0.0010587406347214044
0.488269613621527,0.0007799513184282346
0.5282033505928573,0.0010258209553748831
0.5663508224308286,0.00010516551888312595
0.6025131229701507,0.00023361692025954264
0.6365074292558763,0.0005333466298349809
0.6681659270417962,0.00041632917603134727
0.6973352131554953,0.0008200172460947041
0.7238759934296007,0.0002624418456838465
0.7476629803181486,0.0006573131576568684
0.7685849147899755,0.0012014225299104462
0.7865446537449823,0.0010089547247962198
0.801459300425472,0.0012822467495034891
0.8132603523784686,0.0013423812236626263
0.8218938445530407,0.0005485423586480665
0.8273204752395364,0.0001492290182892361
0.8295156741473133,5.7312446624387514e-05
0.8284695759540563,8.812135717749128e-05
0.8241869684598377,0.0004993330089240973
0.8166873210429474,0.00037803167276040194
0.806004833477989,0.000402236615171493
0.7921884001997704,0.0004495245672491553
0.7753014973850206,0.0009327796948157911
0.7554220423200929,0.0011035312026677476
0.7326422455573338,0.0006551544898314199
0.7070684691752777,0.00025447412589849495
0.6788211204656309,0.0008724412662005558
0.6480346022350559,0.0010436980853104135
0.6148573600428784,0.0017260759160325503
0.5794521022841721,0.0023067797633366687
0.5419962763913654,0.001877577337495015
0.5026829430316647,0.002020866055672869
0.4617222881761237,0.002619811562599357
0.41906439151153596,0.0036869401959077016
0.37553669035367127,0.00431303297032952
0.3311299713501708,0.005117537348219686
0.28616964261003386,0.006353108107012743
0.2410411748361128,0.00806190089926963
0.1962225024012379,0.010364899437070564
0.15234231400471446,0.013993826154460563
0.11028882729500074,0.021353092291449407
0.07141806557580303,0.03690577109296547
0.037940203538347754,0.0755207836436609
0.01342483684850682,0.22404696704992427
0.02782284472294188,0.16780608737100142
0.05855548340894501,0.08675582385159852
0.09579533384545082,0.04414526476043664
0.13689034687717133,0.019041566513704648
0.1802324253720548,0.008913911439366248
0.22479599326553207,0.0064484737316828885
0.2698750932464914,0.00196786241518578
0.3149460811606641,0.0006542855554749255
0.3595949119883028,0.0020351271942973814
0.40347725411369467,0.0019321159163774798
0.44629581740985824,0.0007533965579262136
0.4877870625609894,0.001164331216397425
0.5277132086391646,0.001419589399232431
0.5658573620374296,0.0002379287337883451
0.6020205345758521,0.000235893802501749
0.6360198201914605,0.0006759124815508968
0.6676873170323978,0.0005731072240945022
0.6968695273853237,0.0011107932003226165
0.7234270538689022,0.0005248627846014506
0.7472344958419448,0.0004045396544536808
0.7681804704930116,0.0009485662410406328
0.7861676997617999,0.0006496603919210791
0.8011131404991583,0.0008767302255679751
0.8129481324315313,0.0010481121843025209
0.8216185415583365,0.0010963940738888333
0.8270848869800691,0.0011326132779893772
0.82932241025101,0.001345177487409442
0.8283210487693988,0.0016208492594963321
0.824085381678675,0.0017974771264331264
0.8166346581728022,0.00189081662019429
0.8060028488729254,0.0020541596848874057
0.7922386117566866,0.0022332575487428656
0.7754051796145754,0.002463566385326977
0.7555802194422684,0.002672320687888793
0.7328556845479101,0.0024436578769519487
0.7073376726117524,0.001965017975200396
0.6791463187211852,0.0016259275987710712
0.6484157443980781,0.0016093148036139737
0.6152941025600648,0.0012678197409278062
0.5799437937545828,0.0009824508628936178
0.5425419360959373,0.0012865273678880978
0.5032812293583269,0.0012651416289336812
0.4623714506793494,0.0009687348633993597
0.4197658567763064,0.0003817638908420134
0.3762835416654081,7.802392263244083e-05
0.3319185611997771,0.001089370300155538
0.28699519653775796,0.001846539296523616
0.24189721649592683,0.0029399343999541457
0.19709981355207487,0.0033061498520985735
0.15322697457862333,0.005601859457007186
0.11115837132669572,0.006345851168278798
0.07223377161766475,0.0062757214045214265
0.0386325659970908,0.007545276413704672
0.013878992699891691,0.030232990436208095
0.027705853540750773,0.16910061519362363
0.05836588046117877,0.08731735233641166
0.09554155278553131,0.04307845419235973
0.13658143018104849,0.01681738792799269
0.1798763487877865,0.006388241390934483
0.22439966677831782,0.004114307484347072
0.2694446229238381,0.0009498871006820827
0.31448700378159544,0.0030823877562199727
0.35911236438286187,0.0002752788829083397
0.4029760878198875,0.00026381322493782315
0.44578067414423267,0.0015525396174407983
0.48726242273400394,0.003465107882119002
0.5271834214537469,0.003728034070790278
0.5653266629366827,0.0019406658561478536
0.6014930539234087,0.0011483218848913717
0.635499585784793,0.0003944470729682098
0.6671782523330506,0.0004798851314799254
0.6963754466851716,0.00034880070151137847
0.7229516553269265,0.0003740651208975883
0.7467813530506441,0.0013445141671295196
0.7677530230680233,0.0019356480121339118
0.7857692433178297,0.0014407702308579184
0.8007468163000289,0.0016171123669844966
0.8126169169742536,0.001702207180118836
0.8213252364135379,0.0015339093947379925
0.8268321094505539,0.0013932618917594831
0.8291125853066257,0.001483168737037905
0.8281564010075765,0.0016588199128834901
0.8239679251432153,0.0016572839028662827
0.8165661858512904,0.001623364075382577
0.8059849246176123,0.0016380478076449625
0.7922725639123861,0.001653274398224565
0.7754920950860386,0.0016509606461445707
0.7557209378476423,0.0016439978024628964
0.7330507923878832,0.0014665701549398352
0.7075874972701046,0.0011861814464452626
0.6794509219324628,0.0009315246825775951
0.6487749145740531,0.0007735550424299286
0.6157073450262156,0.0004703872175397354
0.5804103174490918,0.00015304212259805038
0.5430606344620802,2.517091286199788e-05
0.5038506518429456,0.0002943930238718757
0.46298975898379263,0.0007855369857458106
0.4204344596557506,0.0014758667614611066
0.3769954547707915,0.00220223552149597
0.33267016274615685,0.0009222292688073265
0.2877818112181984,1.7225344944369477e-05
0.24271258037779891,0.0013286664292335069
0.19793510585338883,0.0013066524367803373
0.15406899361893206,0.00396651888428703
0.11198595950103442,0.004474216826928307
0.0730106483416157,0.0038606548630040895
0.03929378503298383,0.0043100992587232915
0.014316840681798608,0.031148450074564408
0.02755029951939518,0.16440552066862343
0.05812752272737435,0.08482842994677268
0.09523426319804705,0.04180930802539681
0.13621730953045944,0.01629682869864705
0.17946508846064535,0.006176975091593858
0.22394917486839996,0.003984293423531886
0.2689616068560363,0.0009234616571962847
0.31397737021502614,0.002987375239010156
0.35858147702436427,0.00026017695110855084
0.40242893163215376,0.00024323402507952837
0.4452219598231579,0.0014848194829129966
0.48669665293045367,0.0033367099310898265
0.5266149321224277,0.0035878447670163265
0.5647596482110726,0.0017865608476414787
0.6009315798862319,0.0009739544155485418
0.634947596666155,0.00020207997294044696
0.6666395714304011,0.0002732346794246405
0.6958537736544582,0.0005702888530115201
0.722450560949789,0.00020375027947879324
0.7463042722592803,0.0010576271618935608
0.7673032468221814,0.0016193666700178816
0.7853499097510683,0.00110305258166368
0.8003609014614145,0.0012504299018211223
0.812267225445033,0.001355394970959116
0.8210143921204034,0.0014278708101493425
0.826562547230558,0.0014116253025495407
0.8288865437525255,0.0015968210518443023
0.8279759155012073,0.0018377348440294478
0.8238348188915989,0.0019987661158924735
0.8164820604290618,0.0019410187871595457
0.805951152781055,0.0019906486685463383
0.7922902841537023,0.0020490659438522386
0.7755622067067848,0.002231000466920834
0.7558440961705319,0.0023081169522839555
0.7332274040335491,0.002046140012275546
0.7078177153399013,0.0015601783854452802
0.6797346407373538,0.0011881347507291498
0.6491117633491561,0.0010374347008535168
0.6160966797852784,0.0006119380327229178
0.5808512095754841,0.00020793083203336036
0.5435518539564239,0.0002984545026248049
0.5043906418862254,6.0112408330298376e-05
0.46357659637086784,0.000469609915293018
0.42106953685381565,0.001286790883991681
0.3776717247859558,0.0019755659796114257
0.3333840328162894,0.0007570707002720393
0.2885287082013034,6.169581838947607e-05
0.24348645478708958,0.001262238213769955
0.1987275339154939,0.0011878004805256697
0.15486748581739912,0.003608338001048808
0.1127706468757785,0.003586573132682038
0.0737476410883859,0.0016934549998777668
0.039922591337772095,0.0011616149425749324
0.014736829028257833,0.013541759687521273
0.027356960684658305,0.18142359177930997
0.05784126305994636,0.09348802588218282
0.09487435550838534,0.046198598229035055
0.1357989003320903,0.01824159632457158
0.17899957814991937,0.007129248505537539
0.22344546456864323,0.004701669088712823
0.26842700072986847,0.0008222211749390251
0.31341814029555715,0.0029396940570677954
0.35800320945437986,0.00026547718194983385
0.40183674040648154,0.00021294846670428334
0.44462062028486254,0.001348892619372876
0.4860906856970869,0.0033573641016989516
0.5260086557139043,0.0036337642975346218
0.5641572113643867,0.0013429383911142932
0.6003369804484112,0.0002433120750548144
0.6343646914410063,0.0008050010488619419
0.6660720798513311,0.0007646639680478196
0.6953052772162208,0.0018797326800773571
0.7219244996891991,0.0012447926100619536
0.745803939271785,0.00016104932561532704
0.7668317814350225,0.0004068737977218441
0.7849102898527474,0.00034311146729909244
0.7999559353470116,0.00031009436305426825
0.811899543477156,0.00015341046309858588
0.8206864385275734,0.0013413634290223731
0.8262765725894186,0.001991087169306557
0.8286445987350373,0.002738253654382864
0.8277798449858855,0.0034041524616615837
0.8236862542279164,0.004480623600236704
0.8163824110463275,0.004304907525292343
0.8059015998987794,0.004575170688944805
0.7922917762619437,0.004903095978364309
0.7756154556429677,0.006129014476185486
0.755949573391966,0.0066999104481534335
0.7333853370059777,0.005514608245446099
0.7080280838937366,0.0031488512733738663
0.679997173062539,0.001511974958379688
0.6494259311171326,0.0010696339256643858
0.6164616915808475,0.0008238270665803508
0.5812660013940408,0.002344869673139484
0.5440150748108442,0.0012187271838214556
0.5049006314137191,0.001661400058959526
0.4641313494238351,0.0033961337272188684
0.42185894673909125,0.006416741653665665
0.3784952048942883,0.008343528250662018
0.33423708091407234,0.004550021053529752
0.28940566655843697,0.0020679640783263587
0.2443799611215958,0.0016045729207140814
0.19962755945738786,0.0018086991688214815
0.15575958097049647,0.009663946631162415
0.11363261582948272,0.009646678272752666
0.07454310949020114,0.003377596790550903
0.04058935860506801,0.004620642096466289
0.015175904412096626,0.04682118756847914
0.027182930070235367,0.19275606196097933
0.057594965924446226,0.09911829622260605
0.09457420144427475,0.04939211027146871
0.1354576085295669,0.020143165438373904
0.17862610619563546,0.008454764954657598
0.22304663194874494,0.005812126547593024
0.2680084151982228,0.0009428601840189045
0.31298470119174604,0.002225419768635385
0.3575593836945895,0.0009368966189272686
0.4013867166138166,0.0008633334158218996
0.44416839569970495,0.0007325244725634823
0.4856401147669142,0.0027508996942949603
0.5255634760376113,0.0030429254635703645
0.5637210559106213,0.0017610592944924282
0.5999133812057025,0.0013121177955036291
0.6339570776351183,0.000881458231090042
0.6656837726849599,0.001036706744116795
0.6949394823887217,0.0005042074545671847
0.721584298544575,0.0012824897572030185
0.7454922790962862,0.002369247518039329
0.7665514653560075,0.003066187569418171
0.7846639665740764,0.0028303427855531694
0.7997460889264988,0.0031899246043494167
0.8117284833198326,0.0032992911995630247
0.8205562897794202,0.0023961649363770827
0.8261892673802439,0.0019471968056324611
0.8286018688582141,0.0018049126116854385
0.8277832153170201,0.0018558472105556895
0.8237370346237872,0.0014134728678513251
0.8164816873673396,0.0016306875214319027
0.8060502267550215,0.001692181227972245
0.7924903713467472,0.0017427409695820364
0.7758643945394658,0.001288060107170006
0.7562489843560748,0.0012156720205466316
0.733735095528958,0.0011605586984800764
0.7084278067676635,0.0012149664589817552
0.680446211470606,0.0011200670513634757
0.6499233620460216,0.0010015635414681433
0.6170063065068551,0.0009175955854890453
0.5818562906505372,0.000755585162361186
0.5446492052515147,0.00020133686256016474
0.5055764137303308,0.00026660867372177546
0.46484618921108506,0.0007215758813852237
0.4226135313978982,0.0012123696872312273
0.37928169769636727,0.002054569784023448
0.33505102407863285,0.000853621795072345
0.2902415227257885,1.9529584307029555e-05
0.24523060382202133,0.0012427897341582678
0.2004833812373096,0.0009165446067032814
0.15660686919216293,0.0031653621709186093
0.11445047922173329,0.0034207063276933264
0.07529754235123504,0.0026859780797421733
0.041222483465747986,0.00225759927397632
0.0155955601100008,0.021560182275580403
0.02697220918699136,0.16870812971974797
0.057301976001689486,0.08656273979224742
0.09422274363006254,0.0431862158441571
0.13506343521815176,0.0176958558803314
0.17819986743339902,0.007538800632531442
0.22259612327302042,0.0052284070689598006
0.2675398251268477,0.0009283292865531633
0.31250327978649856,0.0017611250908054776
0.35706980690673673,0.001015327157064959
0.4008932897568742,0.0009619481900217191
0.44367516920079353,0.0004676780669465409
0.48515095033752986,0.002162623127927147
0.5250820837936793,0.0024051976076623254
0.563251013960047,0.0010015939355442706
0.599458144370595,0.0004222317114709994
0.633519979304327,0.00013703889340501335
0.665268022274267,4.450097795387945e-05
0.6945481599920837,0.0006823803583043091
0.7212203478050364,0.0001836996704733669
0.7451584990072846,0.0008811141308961909
0.766250501455449,0.001436315424737436
0.7843983018722155,0.0010712746231166302
0.7995180348113546,0.0012789270436638512
0.8115401706006826,0.0014050195324512304
0.8204096600863819,0.0012968503305762276
0.8260860653374492,0.0012258571800631954
0.828543635662129,0.0013566735978795094
0.8277712832147494,0.0015665068747311188
0.8237725200685468,0.0016215250322609133
0.8165654831563387,0.0016681716812782838
0.8061829956812889,0.0017581044884775385
0.792672541466677,0.001855114641157389
0.7760961549930012,0.0019351673890649374
0.7565302812181482,0.0020292153855727044
0.7340656275029535,0.0018681073569696476
0.7088070204478679,0.0015663994314527294
0.6808732957261427,0.001327257614125334
0.6503972408690852,0.001267044047252544
0.6175256293450708,0.0010126759781970327
0.5824194187398501,0.0007763679031551601
0.54525419173776,0.0008482630725708445
0.5062209741287846,0.0007193256516175521
0.46552765684077446,0.0004113407181325431
0.4233325877328477,0.00010375568235582721
0.3800304628484239,0.0005221364306828852
0.3358250875613935,0.0005756267276386313
0.29103546988424756,0.0013932991119063368
0.24603754515197243,0.0025816774074530493
0.20129412920061768,0.0028871343573358644
0.15740844119494768,0.005291631626724697
0.11522326981444986,0.006249397905799101
0.07600987095894125,0.006800487801279896
0.04182071090797292,0.009531997406791995
0.015994305316273806,0.03640499558767139
0.026725646044075745,0.17538682048300833
0.05696316501389995,0.08952756378842419
0.09382087247732279,0.044614688174438415
0.13461728946166052,0.018319440544799902
0.17772178661828805,0.00783888503738457
0.22209487440189593,0.00541857856157342
0.2670221723335639,0.0009750003638760051
0.31197481865563204,0.001791810323196489
0.35653541730796523,0.0010342389528928831
0.4003573887532616,0.0009654134327245251
0.4431418556781341,0.0004996989292207264
0.48462408872532653,0.0022528215623531475
0.5245653523700102,0.0025096750976932084
0.5627479318077888,0.0011482109207008309
0.5989720851726934,0.0006061023959911261
0.6330541768358317,9.02394739522601e-05
0.6648255705884558,0.00019340381784929282
0.6941320102060788,0.0004147021608563094
0.7208333027193199,0.00029698793931777837
0.7448032063880665,0.0012068517508784303
0.7659294465531451,0.0017904944615072548
0.78411379955901,0.001459437963989783
0.7992722215935973,0.0017006293598056904
0.8113349967456193,0.00183139319236378
0.8202468820291734,0.0015905851589215645
0.8259672387920844,0.0014620103493563042
0.8284701100979154,0.001553265821613586
0.8277441973858621,0.001743836263614461
0.8237927964320825,0.0017213622369559472
0.8166338211388484,0.001811102413262993
0.8062998662538593,0.0019093228344404711
0.7928381833336748,0.0020126240147150297
0.776310571412495,0.0020136410249146884
0.7567932369384335,0.0020964164937086463
0.7343766455752105,0.0019015652244407032
0.7091653786827469,0.0015715259247420876
0.6812780223663953,0.001285555337544224
0.6508471088673694,0.0011916766673810634
0.6180191483353048,0.0008917279066161959
0.5829548233236754,0.0005960106539884279
0.5458294240311586,0.0005631187101896854
0.5068336573998925,0.00033266188981897387
0.46617505521239166,0.0001242087382475839
0.4240153781815208,0.0007504544576358969
0.38074072741900505,0.0013664781539583178
0.3365584662000135,0.00017685443412170627
0.29178667335462544,0.000710503359299932
0.24679992260627712,0.0019650117869210453
0.20205891245002405,0.002023375294540258
0.15816337224479715,0.004494648342918467
0.11595001301456441,0.004974475451417335
0.07667903261398716,0.004382560026515223
0.04238281462668361,0.004630237973830158
0.01637070349586453,0.025547872786864056
0.02644416549068432,0.19433269692162417
0.056579458114041026,0.0988433677807726
0.09336951776924558,0.048611664727003026
0.13412011140285016,0.019210942943810254
0.17719281409481769,0.007570981881445857
0.22154384262371682,0.004996879040600844
0.266456416543552,0.0008206099432881721
0.31140027504515433,0.002969809095180435
0.3559571647120059,0.0003195328893653297
0.39977995112714193,0.0002596748397784919
0.4425693756304887,0.0013347953394346752
0.484060428892259,0.003413044770916588
0.5240141548469733,0.0036996854710940386
0.562212652501685,0.0019632095066978578
0.5984560126775637,0.0012321467527590807
0.6325604415678592,0.000535833267659622
0.6643571477049942,0.000648220137048682
0.6936917185336726,0.00013834560510314606
0.7204238011269752,0.0006371522808673697
0.7444269885677497,0.0017144117417841156
0.7655888348630006,0.002373995569483416
0.7838109383656124,0.0019317768409348012
0.7990090704371523,0.0021763083620327524
0.8111133235243012,0.0022764298716718223
0.820068256433169,0.001879308784020578
0.8258330263603282,0.0016407721145033965
0.8283814675920051,0.0016691405046089514
0.827702069361551,0.001820339618589252
0.8237979109230561,0.0016895117225801328
0.8166866840695493,0.001733759097561232
0.8064007569372901,0.0017678929621469945
0.7929871515835387,0.0017994058117720118
0.7765074353710204,0.0016659977758791392
0.7570375810685736,0.0016451730342918421
0.7346678186119313,0.0014921085241075467
0.7095024912691096,0.0012903349566011255
0.6816599440112899,0.0010660832620180193
0.6512724636462658,0.0009152515884424458
0.6184863084924422,0.0006592375802870817
0.5834618995019404,0.0003724752550824751
0.5463742502339892,0.00011873910995495617
0.5074137677699029,0.0002497286758691529
0.46678764801306294,0.0007502501104983008
0.42466112753790375,0.0014108666016591836
0.3814116826959078,0.002193929367117648
0.3372503212454584,0.0009357733042251755
0.2924942674785478,6.0832686799590015e-05
0.24751684588138118,0.0012220402353525551
0.20277681635091147,0.0010479579803358823
0.15887071941756695,0.0034837492564110456
0.116629724343268,0.003708401831030279
0.0773039683578009,0.002648884721100085
0.042907595077272744,0.0018860116869292055
0.016723372688850633,0.02047676040068768
0.026128769817809015,0.1727278333175211
0.05615183604913379,0.0874655212844772
0.09286965158933665,0.04309802950284866
0.13357287559511322,0.01723917090023025
0.17661392933332531,0.00700239112033548
0.22094401027608096,0.004704584476125724
0.2658435390116861,0.0006877576876465338
0.3107806244680636,0.002294331939860363
0.3553360140352437,0.0005247773963786316
0.3991619263762297,0.0004714037543162006
0.44195865845598925,0.000894730401348963
0.4834608755783522,0.0026896831854485766
0.5234293669720133,0.0029375282482548047
0.5616460186618825,0.001489389948831894
0.5979107324420025,0.0008905857513175586
0.6320395382775155,0.0003196239688805859
0.663863474128909,0.00041804868775389487
0.6932279579471117,0.00023406270769981563
0.7199924654470783,0.0004447204192283942
0.7440304146391662,0.001367996157707956
0.7652291796351841,0.0019403802871924833
0.7834901734565043,0.001576733185324656
0.7987289764307086,0.0017972393336646456
0.8108754842527762,0.0019117443011571844
0.81987405343145,0.0016771480033681352
0.825683633873754,0.0015400232970568723
0.8282778488520731,0.001622578901298477
0.8276449741884911,0.0018013110951508662
0.823787872675513,0.0017744176216671571
0.8167240152190385,0.0018354064588418926
0.8064855454957782,0.0019107587454019535
0.7931192591330318,0.0019898907758745827
0.7766864958913648,0.0019805101812849883
0.7572630000015658,0.002037536053283295
0.7349387719112978,0.0017996174110307156
0.7098179242399437,0.001410845343281647
0.6820185695383438,0.00106965490211531
0.6516727593093647,0.0009236640198489186
0.6189265117917698,0.0005540957364337113
0.5839400000210425,0.00017943680907031782
0.546887977005258,8.6809754364487e-05
0.5079605691742705,0.00023617919606064004
0.46736466000753296,0.0007936342501587623
0.42526902326612803,0.001595998661594878
0.3820424845943696,0.0023902935671492385
0.33789978084384015,0.0010192021873387121
0.29315735618287636,7.393828135928424e-05
0.24818739752935007,0.0013074296533635
0.20344690327430023,0.0012118212776771184
0.15952952242489904,0.0039077932275260316
0.11726141029717156,0.004126593665258315
0.07788362377267054,0.0028014712993491855
0.04339388023589744,0.001770994418428298
0.017050987483128256,0.021226687388186928
0.02578053773842314,0.19031675677107585
0.055681335251151196,0.095906853818622
0.09232228884007489,0.04634734426262674
0.13297659174453652,0.01745590269974031
0.17598614177572058,0.006139614704839181
0.22029638562551979,0.0037542637806885415
0.26518454339699987,0.001545692493577951
0.3101168615454354,0.003943765245134656
0.3546729461029648,0.000797520689119897
0.3985042767292139,0.0007904812327385977
0.4413106430969986,0.002205417668298598
0.48282633993217056,0.004268634952051257
0.5228118677523567,0.0045439565901352705
0.5610488730159421,0.0024094779341402154
0.5973370470185079,0.001428134731593917
0.6314922256565125,0.0004971894081580757
0.6633452612467606,0.0005724072652395943
0.6927413893286418,0.000427856390877745
0.7195399031114934,0.00035473041573073194
0.7436140358990444,0.0013897255362640682
0.7648509736182527,0.002011730306961591
0.7831519368880009,0.0013943791206922007
0.798432309088732,0.0015384961503915693
0.8106217843350585,0.001624155813369562
0.8196645130483875,0.0016292484096682238
0.8255192350183512,0.0015536976236893158
0.8281593605684665,0.0017124667756483376
0.8275729512003045,0.0019385495591483473
0.8237626535978023,0.002051999238033739
0.8167457193082402,0.0019500589501236477
0.8065540700135931,0.0019554496390155433
0.793234278290443,0.0019652077847241906
0.776847460670593,0.0020829310206797818
0.7574691382774588,0.0020953912366864463
0.7351890886260015,0.0018069146131042602
0.7101112014030744,0.0013128419913044813
0.6823533657338706,0.0009094995797670548
0.6520474082256075,0.0006849719153999715
0.619339119053154,0.00021403681754466597
0.5843884372763504,0.0002732027696286258
0.5473698716842041,0.0003308386317723123
0.5084732874958713,0.0007119549852076276
0.46790527943199933,0.0013818571177654363
0.42583821803739674,0.0023651642926484457
0.38263225624452996,0.0032951122352118676
0.338505942737872,0.0018004845494863642
0.29377501577203563,0.0008107169051952526
0.24881063581884702,0.0006515781113820931
0.2040682155065782,0.00043456534906983915
0.16013880653299778,0.0033000593440552003
0.11784407120619973,0.0032131201853711276
0.07841695164608992,0.0010097182584133588
0.043840527867793806,0.0018837965949036598
0.01735228199472787,0.015375786024590297
0.025400621913076387,0.17783881718047453
0.05516904600590639,0.08915412624586865
0.0917284856498105,0.04339298474374032
0.13233230318337433,0.016884987554148058
0.17531048934179727,0.006475785925471102
0.21960200139073113,0.004209518916457179
0.2644804542913467,0.0008350338005220579
0.3094099985406508,0.002860167734104453
0.3539689561912971,0.00021473599524447765
0.39780797573680365,0.00017603448694846486
0.44062627670126503,0.0013414577358250473
0.48215773817334806,0.0031930342573089103
0.5221625381650334,0.0034398836884239692
0.5604220571995249,0.0017041923700214206
0.5967357548039106,0.0009330005371139047
0.630919255245348,0.00020105653269377762
0.662803210356823,0.00027626471907568867
0.6922326606063602,0.0005288397820961426
0.7190667058176615,0.00021922476394114736
0.7431783852276886,0.0010951483688615888
0.7644546885623765,0.0016585041078092373
0.7827966372713969,0.0011730023858460632
0.7981194121600151,0.0013347765374065906
0.8103525012379937,0.0014387713922288288
0.8194398453558145,0.0014357785464389893
0.8253399716665795,0.0013873095687582707
0.8280260759325112,0.0015446322810158035
0.8274860047264578,0.0017666890587190204
0.8237221892762293,0.0018788615322500415
0.8167516636099912,0.0018434920851521615
0.8066061301966615,0.0018932396675821295
0.7933319422566897,0.0019499657017896205
0.7769899977748719,0.002079748778628805
0.7576556005023147,0.0021440145550886292
0.7354183118627268,0.0018908660844798595
0.7103818066302371,0.00143717960928825
0.6826637597839283,0.0010782785376974257
0.6523957837025858,0.0009253683794345177
0.6197234527936488,0.0005187724850970604
0.5848064863357746,0.00012503417565814983
0.54781916547786,0.00015968427639860864
0.5089511139013173,0.00010263427802346645
0.46840866144848586,0.0006333051945981315
0.42636783329406164,0.0014364451686923036
0.3831800917246289,0.0021445208744494885
0.3390678780626131,0.0007935517130835708
0.2943462988036011,0.0001561383979961198
0.24938559867445295,0.0015341425987381583
0.20463977920845924,0.0015786329613849545
0.16069758649786792,0.004323982384721766
0.11837670506439636,0.0047176848388136945
0.07890291555564927,0.0037418379845203637
0.044246428751059955,0.003524040196924475
0.017626053486169788,0.024937810927298167
0.02499024591837684,0.1831901851341089
0.054616109977361396,0.09121664193287854
0.09108933695466584,0.044481250920714414
0.13164108452843484,0.017579482876601188
0.1745880361138509,0.0070091259796386555
0.2188619124427662,0.0046563061438370445
0.2637323149483899,0.000703479303767383
0.30866106311949615,0.0025118429794643146
0.35322505182856306,0.0004081982267535335
0.3970740060903048,0.00035672164687632497
0.43990651248378093,0.0010426121619398411
0.48145598955179414,0.0028878753212102314
0.5214822592014579,0.003138344093042928
0.5597664098768225,0.0013222360388010891
0.5961076483252584,0.0004974451967653853
0.6303213698377096,0.00029047336709011896
0.662238011212893,0.0002235430394969511
0.691702405457191,0.0010799405352254214
0.7185734483990314,0.0004934602343930533
0.7427239761362505,0.0005230620694672832
0.7640407744779928,0.0010691900757045295
0.7824246592207035,0.0005319003284816935
0.7977906032798691,0.0006594011166297345
0.8100678843458324,0.0007890926267012129
0.8192002305311142,0.0011026122007004036
0.8251459541580459,0.001211809830471802
0.8278780351331556,0.0014948332930819243
0.8273841048097975,0.0018043411843928583
0.8236663799149105,0.002127700188541101
0.8167416791117926,0.002047006737343749
0.8066414887628454,0.0021318804913560943
0.793411946741217,0.002233307790697177
0.7771137374769581,0.0025964528588316364
0.7578219533899133,0.002755311693969208
0.7356259469538752,0.002449958139559134
0.7106291863351665,0.0018255785707778857
0.6829491419286046,0.0013927796122646195
0.6527172228504496,0.0012779262027002496
0.6200788002715859,0.0007933202509900681
0.5851933881564169,0.0003696458933979832
0.5482350568392034,0.0006985786396628727
0.5093932083663912,0.0005888889052223237
0.46887393181283654,0.0001735748524828521
0.4268569630441217,0.0006922626016672687
0.3836850599363681,0.001210155906601225
0.33958463534859906,0.00012769434397644864
0.29487023814441155,0.0009812258428806865
0.2499113077709396,0.002292366242342763
0.20516060854564414,0.0025727731305614106
0.16120487066469916,0.005282847864463319
0.11885831153458065,0.0058238300426095005
0.07934049366192485,0.005073594789154433
0.044610510112368426,0.005336305211128553
0.017871166184752985,0.02629018972383199
0.024550701566046138,0.1762871586476993
0.0540237182436279,0.08724184799065095
0.09040597474734087,0.04291766203504702
0.13090403999591135,0.017600183204362272
0.17381987073734953,0.00762434462274914
0.2180771942649299,0.0053115994758382
0.2629411857684759,0.0010801264804437595
0.3078710968834316,0.0014576815600908228
0.35244225137462465,0.0011937943273501444
0.39630335827040974,0.0011333709311546708
0.4391523084429275,0.00034569961562414686
0.48072201512682866,0.001847479025308738
0.52077191072731,0.002077221083580224
0.559082765698827,0.0005042217461298137
0.5954535132439669,0.00021224381132813042
0.6296993026118206,0.0008875913950722243
0.6616503412685081,0.0008318727925344623
0.6911512426527441,0.001582814732761854
0.7180606882924143,0.0010332789034558703
0.7422513023598386,0.00014077656318808166
0.7636096593343338,0.00035250982090103696
0.7820363631898932,0.00013183758807577334
0.7974461739489569,7.196819282383367e-05
0.8097681550870004,0.00016302131059371818
0.8189458191357397,0.0007316176074825522
0.8249372617215729,0.0009970726179147405
0.8277152459343418,0.0013880376375995595
0.8272671879353245,0.0017727650336019994
0.8235950912166976,0.0022776726302250533
0.8167155615474773,0.0022141397304199307
0.8066598726128635,0.0023678564480256593
0.7934739512719166,0.002548936280282959
0.7772182737065892,0.003124977991697995
0.7579677273514387,0.0034106641152605267
0.7358114631706283,0.003110923801340681
0.7108527513199828,0.0024059249142256663
0.6832088674552083,0.001974999965689202
0.6530110286552279,0.001970446341246771
0.6204044156844626,0.001509586959474607
0.5855483518903711,0.0011648220609711704
0.5486167138695872,0.0018425446061652328
0.5097987021928834,0.001996051758692673
0.46930018947493196,0.0017677522523313945
0.42730467653497456,0.0011443930565552365
0.3841462073504718,0.001048442635601516
0.34005524330583287,0.0016032792158066581
0.29534584982943485,0.0019297387145275882
0.25038677142901655,0.0023842113410916252
0.20562970857153,0.00257412063015559
0.16165966388511968,0.0036106372211778745
0.11928789484033347,0.0031475805260380864
0.07972868152653201,0.0009141669862870154
0.04493173835821255,0.003446213890370004
0.01808655467300103,0.009686038046993639
0.02408334717302732,0.19627443380876075
0.053393110710784966,0.09624338842341632
0.08967956790200413,0.04574403342336155
0.13012230348377068,0.016926447652950025
0.17300710663078828,0.005734474169091216
0.21724894326587268,0.0033914130931956984
0.26210814471782445,0.001757900591524665
0.30704115580950825,0.004123638997739556
0.35162158450059694,0.0010701660369451368
0.395497031055097,0.0010742367368378523
0.43836462788687786,0.0024576880905192605
0.4799567383095017,0.004468731246904229
0.5200323720375227,0.004744248103913638
0.5583719558665144,0.0023738306918108174
0.5947741289519887,0.001237891658416367
0.6290537777076631,0.00016465353857752723
0.661040866262138,0.00021339135543370393
0.6905797766701245,0.0009180464514125388
0.7175289661433135,0.0003333266999580718
0.7417608384703108,0.0008336315095482582
0.7631617496883816,0.0014128256380567864
0.7816320861019636,0.0006790841687383253
0.7970863901609456,0.000743916289897619
0.8094535075584974,0.0008450262474806243
0.8186767327345448,0.001313576059374997
0.8247139430915024,0.001453083460340877
0.8275376842803734,0.0017796356110267328
0.8271351576260605,0.002114018370846853
0.8235081549670582,0.002524108288044716
0.8166730719705763,0.0023181318423696126
0.8066609733985379,0.0023426023756204953
0.7935175797558622,0.0023835037446107194
0.7773031645978706,0.0028213579377594764
0.7580924170283395,0.0029343081766143885
0.7359742942420379,0.002460033594197974
0.7110518772731861,0.0015575367796154074
0.6834422571666817,0.0009037604364422126
0.6532764704673567,0.0006229984822230042
0.620699520612425,0.0001961902345437761
0.5858705553111512,0.0008579605398632944
0.5489632747337765,0.0006026721954613512
0.5101666983557058,0.0009615929024583588
0.469686506909964,0.0018204286057141984
0.4277100185721318,0.00319917264494176
0.38456255831764247,0.004262935127314103
0.3404787111373329,0.002427084854776389
0.2957721333666315,0.0012395819879712348
0.25081098494977444,0.0005151625564910303
0.20604607563786645,0.00036498331983988476
0.16206096793831468,0.00391574229706615
0.11966446430912944,0.003657423266647075
0.08006649283458667,0.00043809051574810273
0.04520912013593213,0.0038571985986795092
0.018271226181054038,0.014450541081813598
0.023589606923811814,0.19894011749229842
0.05272557716471908,0.09688232942836002
0.08891132394302681,0.04620202704426209
0.12929704076010867,0.01744661992916058
0.17215088445935597,0.006305123893545083
0.2163782794127038,0.003933769672325644
0.26123429002670223,0.0012550787605587206
0.3061723130579876,0.0035300812181820367
0.35076409498869093,0.0005173478488497134
0.3946560342871354,0.0005074066367234822
0.4375444421728703,0.0018570273659148958
0.4791610875538452,0.0038264974486885857
0.5192645244819057,0.0040841320915517105
0.5576348106777869,0.0023389864427157416
0.5940702710210425,0.0015859197178501054
0.6283855125848814,0.0008717537933521983
0.6604102424524175,0.0009709574754299614
0.6899885997877707,0.00018770012015476638
0.7169788077872482,0.0009004447803742802
0.7412530416981149,0.0019331623252487448
0.7626974323522241,0.0025534943923519386
0.7812121428552121,0.002105051347295992
0.7967114937399895,0.0023223941473023034
0.8091241096880495,0.002408431744628964
0.8183930648773587,0.002048800013535733
0.8244760173033601,0.0018242244330135778
0.8273452949033349,0.0018537317109621123
0.8269878848585696,0.0019972503145828054
0.8234053692553088,0.0018832867973064768
0.8166139367746085,0.0019092183714935931
0.8066444473479157,0.0019340258595953019
0.7935424201037431,0.001956916564877824
0.7773679319185067,0.0018417594120984054
0.7581954805290554,0.0018186535404093704
0.7361138374031087,0.0015625003866710063
0.7112259036352286,0.0011941473444613152
0.6836485960718346,0.0008336281912345897
0.6535127825020675,0.0006086964014709336
0.6209633023839707,0.0002040122113959401
0.586159143012197,0.0002444966634676626
0.5492738457100736,0.0005353238933799834
0.5104962694898041,0.0010230683536999498
0.4700319279888278,0.0017348111724203067
0.42807200729431855,0.0026969648986245563
0.38493311276891407,0.0037635932956636632
0.3408540261880947,0.0021347187179427537
0.2961480693675269,0.001040748663473873
0.2511829282541065,0.0005754022654857054
0.20640869508148801,0.0002642056397433983
0.1624077794103622,0.003335330077035887
0.11998703246087224,0.0033638740610188564
0.0803529578834393,0.0014487738995576597
0.04544170156293037,0.0008657749648360124
0.018424261666213467,0.01974485383224974
0.023070971193788408,0.19649633992890836
0.05202245986262013,0.09496152362686527
0.08810249266071664,0.045034242224737855
0.12842945368363412,0.016861244896269802
0.17125237672602026,0.006000924512808374
0.21546635105630785,0.0037200962750833268
0.2603207451588475,0.0013055124854049749
0.3052656639384755,0.0035239948072937352
0.34987084574897065,0.0005606574373171375
0.39378139387954036,0.0005407313870912893
0.43669273561948607,0.0018495424923129394
0.4783360011542806,0.0037634354707889745
0.5184692561173085,0.004007204813843065
0.5568721640078285,0.0026427494789190245
0.5933427154894991,0.002119720590335426
0.6276952220923657,0.0016252995916889678
0.6597591204587334,0.0017564860065594238
0.6893782956750902,0.0011845561559440246
0.7164107275504884,0.0018980846679931423
0.7407283549724828,0.0029202219647400086
0.7622170771260441,0.0035651233456075147
0.7807768287493606,0.0032979378090748604
0.7963217044535124,0.0036129360611525593
0.8087801050247242,0.003316813248586381
0.8180948825606494,0.0004512862736239182
0.8242234748214053,0.001329280874793756
0.8271379921128189,0.002466118834906879
0.8268252085122859,0.0032586293132870494
0.8232864985848699,0.005256986583188781
0.8165378474708174,0.005240850460866156
0.8066099146956889,0.005862360081225315
0.7935480233380161,0.0066030177132243165
0.7774120598528963,0.008937266615653545
0.7582763378956614,0.010203219836470311
0.7362294515553832,0.007802234977144287
0.711374131464739,0.0030207376083146633
0.6838271309707803,0.000580301864563022
0.6537191611625821,0.0010122220166193128
0.6211949111361418,0.004570206182467586
0.5864132232587496,0.0075416699942561305
0.5495474978320319,0.005184890707253437
0.510786454288198,0.0058465174336358216
0.47033546423860406,0.009004851188535353
0.42838963029492855,0.014627150500706875
0.38525684223542167,0.01794390108627625
0.3411801499013882,0.013465127142669626
0.29647261548465625,0.011360578675480201
0.2515015618586207,0.008123803410223082
0.20671653731466938,0.010157610469626098
0.16269908596877958,0.0031347828937717953
0.12025461167915463,0.011228369218421982
0.08058712085894512,0.034607591954807206
0.04562856657694956,0.07894288296584878
0.018544816369882696,0.13104808858933212
0.022528997672718477,0.16964704511667228
0.05128515752906467,0.0811114800332135
0.08725437143192243,0.04303306791425279
0.12752078628809305,0.022472490044496866
0.1703127943102869,0.014000239786347558
0.21451434172715925,0.011205827257552063
0.2593686657287711,0.007514500696818341
0.3043223328859287,0.005494389321688048
0.3489429257003169,0.006906093664335666
0.3928741585808889,0.006626960610766567
0.43581051213876193,0.005679621715877707
0.4774824336791934,0.00440221980684301
0.5176474679306378,0.004199438031154179
0.5560848592873662,0.002549460958148007
0.5925922445687336,0.0013574792004608046
0.6269836238788756,0.0002366820293519317
0.6590881503538183,4.049372585616942e-05
0.6887494441524779,0.0009794172590473823
0.7158252326679058,0.0014903085316214082
0.740187210960785,0.0019848210821362755
0.7617210404823141,0.002489056179783467
0.7803264227761373,0.0033325287271060433
0.7959172228972577,0.004026512117979531
0.8084216152161181,0.004405742832880576
0.8177822282911368,0.003256010078398249
0.8239562791864892,0.002992757718244075
0.8269156610275462,0.0029093400362201756
0.8266469361867599,0.00306657875099653
0.8231512742788648,0.0026166232344475735
0.8164444606874437,0.003588572344662881
0.8065569593036807,0.004191997213512427
0.7935339028122628,0.004819751178091831
0.7774349938540289,0.004530702820944894
0.7583343695981425,0.005084501954122803
0.7363204554163638,0.00416801653640449
0.7114958212609481,0.0026658959384434707
0.683977067969477,0.001363565650931119
0.6538947622685407,0.0011441507599962383
0.6213934567819458,0.0002236077764314964
0.5866318647030698,0.0012125432520297592
0.5497832633964106,0.0013415381086257134
0.5110362538625322,0.0021701452488548482
0.4705960910011204,0.0038461482014982198
0.4286618406884299,0.006331685187631818
0.38553268583208683,0.008619133929752951
0.3414560137634986,0.004969595837279021
0.29674470236984407,0.00261161229086124
0.2517658229082901,0.0008692344763431392
0.20696855400968553,0.000219967727032979
0.16293386281192496,0.006945817176591107
0.12046621106170091,0.00633708230445215
0.08076803737573704,0.0001936843995639237
0.045768835605419306,0.008378813825143277
0.018632120676126667,0.025037792064479005
0.021965312600158358,0.21002186366980755
0.05051512988500228,0.09944542942596006
0.08636831126402424,0.045146393146653814
0.12657233167211274,0.014715873807635473
0.16933339384121807,0.0033402420259346045
0.2135234777640878,0.0011939677965435394
0.25837924723758654,0.003959454230178422
0.3033434811921707,0.006372996689249928
0.34798145745386844,0.002972984867886734
0.39193540751477773,0.002878700984733183
0.43489880259233926,0.004269498182498665
0.4766013631392127,0.006359955026570533
0.5168000807259887,0.0066114229100690345
0.5552737561102448,0.002827786265643895
0.5918196529413188,0.0008245825641727474
0.6262514443607532,0.0010713989508001345
0.6583979872820874,0.0011490258316289052
0.6881026264429275,0.003050618430278471
0.7152228281533998,0.0024590666949714005
0.7396300365444564,0.0012994487367602211
0.7612096696180017,0.0008274311901647696
0.7798611912759468,0.0021826753215644715
0.7954982337479943,0.0024622686048774997
0.8080487428453462,0.0023438611370174872
0.8174551225137441,0.0002551932107775522
0.8236743690349448,0.0008085778044402966
0.8266781591886565,0.001733743630312676
0.826452845414561,0.0024700738885307027
0.8229993953002166,0.003977219511581863
0.8163333986029381,0.003265133980330382
0.8064851287040158,0.003277341890601377
0.793499533907229,0.003347789143751355
0.777436139977379,0.00494440671584519
0.7583689155350862,0.005331578589694486
0.7363861262080095,0.004516360886348521
0.7115901913542519,0.0026820908024873876
0.6840975705949396,0.0015735379924894989
0.6540386989176633,0.0012576824062898787
0.6215580066429544,0.0002576317767266383
0.5868140938158133,0.0011852757912213761
0.549980133226832,0.00031901123888802564
0.5112446288500253,0.0003856025150726848
0.4708127444726269,0.0005949620183137968
0.4288875540121675,0.0024077989696917315
0.38575954712735455,0.0030864123083644054
0.34168051616961703,0.0013973484761884746
0.2969632305743687,0.00040135727173335644
0.2519746221682383,0.0010625107233947042
0.2071636752543521,0.0013245249865763598
0.16311107008793063,0.004693180105486811
0.1206208342533906,0.0037292690526020095
0.08089477295557843,0.0017019648361065755
0.04586166516441818,0.010309171565483896
0.0186854817798502,0.0074680357264451285
0.021381610638389087,0.21104964303068985
0.04971390086873542,0.09873120198668343
0.08544572145212811,0.04604503480811719
0.1255854374421175,0.017014237116728854
0.16831548358158477,0.005931958663470033
0.21249503442744838,0.0035975477779185243
0.2573537312762232,0.0014466105035249746
0.30233031320668147,0.0036987036676231406
0.34698760344337487,0.0007272968392940735
0.39096625620439596,0.0007175405848043289
0.4339586706496118,0.0020361862284556482
0.4756937966229135,0.00395497865108812
0.5159280405978985,0.004202816099883699
0.5544397354488377,0.002209916545171773
0.591025752729042,0.0012933782973332663
0.6254994234258132,0.00042590933714096996
0.6576892958861323,0.0004925058430649477
0.6874384293114993,0.0004368763045501285
0.7146040206440926,0.00029506273896552746
0.7390572563681749,0.0012388571535820886
0.7606833057098522,0.0018096982844051646
0.7793813908715315,0.001234850847786658
0.7950649083852437,0.001363481692271068
0.8076615737516039,0.001463840478055527
0.8171135656155674,0.0016027182630301113
0.8233776597963769,0.0016081630765746287
0.8264253179545413,0.001816518136167443
0.8262426847585771,0.002072919304447495
0.8228305290582181,0.002275636529041146
0.816204249473721,0.0021852577766983024
0.8063939343653274,0.002225901441394441
0.7934443540287262,0.002276719315700541
0.7774148646439883,0.0025012050107012856
0.7583792745524149,0.0025799582999426625
0.7364256989473104,0.0021623374448993633
0.71165641699581,0.0014185607914886194
0.6841877586878249,0.0008405460474453405
0.6541500401987698,0.000578469520718422
0.6216875839985545,0.00013802533928405198
0.5869588932889311,0.0007219825262914393
0.5501370549177873,0.0006682585951173802
0.5114104975335879,0.001089415895375046
0.4709843197075256,0.001927182343210265
0.4290656462126555,0.0032024194618910386
0.38593629204983415,0.004309016174827099
0.34185252031476726,0.0025761250263286574
0.2971270684658004,0.0014755678799145916
0.2521268420000546,0.00017486732597243412
0.20730080765089684,0.0001795223340985869
0.16322965120431504,0.003031440927192506
0.1207174781191679,0.0025689231734208912
0.08096640231518816,0.0008631252550600049
0.04590624821763595,0.005843691299204266
0.01870428597688569,0.007925430468376163
0.020779651436651086,0.21426429367356917
0.04888305774564184,0.09918316284846891
0.08448806969856547,0.045768829046959475
0.12456150635543484,0.01653729955189865
0.16726042436896807,0.005463342756257756
0.21143033701776134,0.003192979712249954
0.256293406739764,0.0017901295892401444
0.301284077594628,0.004056098766168577
0.34596256716770235,0.0010373443360682862
0.3899678577989217,0.0010118893008570714
0.432991213994893,0.002325075789035663
0.4747607714833215,0.004245560018940286
0.5150323200225057,0.004487228925134177
0.5535837007422177,0.0027406686896797134
0.5902113745106867,0.0019820967353503193
0.624728315389195,0.0012656811892257439
0.6569627512046337,0.001363066307903538
0.6867574459025181,0.0005845693617637845
0.7139693191767293,0.0012784609435777324
0.7384692935564222,0.002298821276815172
0.7601422845674213,0.002909026046270861
0.7788872690679677,0.002469640790869916
0.7946174054294013,0.002685762229289196
0.8072601775007988,0.002661580599659173
0.8167575383521485,0.0017029246077337223
0.8230660440604736,0.0011369897491699192
0.8261569428145238,0.0008731453394361785
0.8260161740731481,0.0007883480349925655
0.822644311618377,0.00022647630313231878
0.8160565677922329,0.00021521867724736858
0.8062828517969286,6.605460372710886e-05
0.7933677626641426,0.0001388795991603152
0.7773704946409757,0.0007687606536554716
0.7583647044080261,0.0011103173503798588
0.7364383663638641,0.0007416039423083847
0.7116936302127368,0.00012194531423920807
0.6842467082208885,0.0006406985588407247
0.6542278109594486,0.000607826420285648
0.621781167806044,0.0011270079669592253
0.5870652017076725,0.0014901271330415393
0.5502529324904938,0.0006808208129579149
0.5115327354674652,0.0004406327773863734
0.47110967020358224,0.0006187327873472573
0.42919495316019035,0.0011910912277390705
0.38606174839930757,0.0011206124381291304
0.34197085365325786,0.0008810451480852877
0.2972350516578344,0.0007820808000115918
0.2522213358082082,0.0006304486639812619
0.20737883379721433,0.0003209084754461946
0.1632885324169144,0.0003217174906638728
0.12075513255006753,0.00019397207907192418
0.08098200963812346,0.0013222258825910482
0.045901815403652874,0.003258097546804746
0.018688001686206206,0.0034037326846515824
0.020161251176158548,0.22620452802621424
0.048024243724907156,0.10335755237036892
0.08349687476022653,0.04745206413735291
0.1235019890047629,0.01715911106465741
0.16616962235956068,0.0057135274184355045
0.21033075368453188,0.0033533762193552045
0.2551996027467276,0.0017757565483793706
0.30020606038952985,0.004100589194467097
0.34490758645555364,0.0010258515971757968
0.3889413965194716,0.001008091100483405
0.4319975579738684,0.0023564792753913762
0.47380334920475603,0.004322574604875884
0.5141139119925721,0.004573878064307276
0.5527065722455072,0.0026614462463107995
0.5893773619805635,0.0018071452534157695
0.62393888394695,0.0009999205361041384
0.6562190339292946,0.0010881851453316588
0.6860602713213323,0.00022313171469908776
0.7133192311025801,0.0009270890388916973
0.7378665659573019,0.00196153579880736
0.7595869332304479,0.002570399219764305
0.7783790612081447,0.0020588795625140436
0.7941558680644293,0.0022417485013677507
0.80684460508083,0.0022884835235619646
0.816386999900994,0.0018804637197040695
0.8227393900076986,0.0016046137007090914
0.8258728121836277,0.0015891084465479005
0.8257730036612501,0.0016875740481067222
0.8224403472155869,0.001518525325143814
0.8158898741479675,0.0014824744183192786
0.806151320748422,0.0014420912723641431
0.7932691219086196,0.00139368607052802
0.7773023179621341,0.001200052501153541
0.7583244229021934,0.0010887843446558806
0.7364232803143046,0.0008565589121477322
0.7117009214932971,0.0005694403289774591
0.6842734532018813,0.00024930467940447723
0.654270993944017,4.6484672881143935e-05
0.6218376950281199,0.0004289729401611775
0.5871319160462606,0.0008738555263460227
0.5503266290136785,0.0013257943910296563
0.5116101782027537,0.0019174833614377992
0.4711876107119236,0.0026875325203741646
0.42927427351861663,0.0036746925155731456
0.3861347087252176,0.004870565670660472
0.3420343108053274,0.0028307753669680794
0.2972859858927764,0.0013566745072115373
0.25225693085394246,0.0008096786741522894
0.20739661507284893,0.0007786586600501635
0.1632866255833429,0.004980386985603653
0.12073278327828679,0.006127647083882386
0.08094069162723871,0.006295303939938407
0.04584763871158326,0.009626365037362482
0.0186361843120441,0.053555501240202
0.019528269108465404,0.22603397136475564
0.047139143654560546,0.10198375671180826
0.08247369106708004,0.04654628786395099
0.12240836778645792,0.016789782623744455
0.16504451271070728,0.005598792275601648
0.20919767907178077,0.0033027775513594744
0.2540736723594717,0.0016896965972873013
0.29909756893116113,0.003941473820696421
0.3438239176567018,0.0009504630742858884
0.3878880722405399,0.0009293127697725496
0.43097884063657343,0.0022351131590468043
0.47282260097046463,0.0041393285828151645
0.5131738161613869,0.004379427804512958
0.5518092738301691,0.0023383299691932687
0.5885245593983799,0.0013912944872999493
0.6231318903613811,0.0004963941398133635
0.6554588193570383,0.0005580050731566603
0.6853474923687651,0.00039382437469925863
0.7126542526486725,0.00032232539496005396
0.7372494775827767,0.0012686852485550625
0.7590175622782026,0.0018318662792365637
0.7778569836698964,0.0012401225606558535
0.793680418136011,0.001356803791845005
0.8064148839108515,0.001450777024057701
0.8160018837941445,0.001609210780853727
0.8223975382545747,0.00161915245987044
0.8255726751700747,0.0018296440337522298
0.8255128329527981,0.0020845011733951627
0.8222182078335352,0.00229590461186055
0.8157036556966989,0.00219018414067648
0.8059987465508484,0.0022221650349027616
0.7931477586535465,0.002264271786183625
0.7772095868171904,0.002495920243138795
0.7582576116784003,0.0025679299814286146
0.7363795563347894,0.0021685487725752765
0.7116773450563391,0.0014535855725015911
0.6842669916401538,0.0009013638646797812
0.6542785363520047,0.0006481667045612564
0.621856067789836,0.00010112789044672308
0.5871578993476146,0.0005993581444590041
0.5503569747502871,0.0005349435654507769
0.5116416298455447,0.0009319601091751325
0.47121692614171184,0.0017294103805046606
0.42930237792983467,0.0029469933082078973
0.38615393972684,0.003995930018026549
0.3420416630799931,0.0023881685289414557
0.2972786566383345,0.001382761333456916
0.25223243785740107,0.00013670413597004346
0.20735300111344274,0.00025372353321971136
0.16322283750045838,0.002677473782776586
0.12064942097867055,0.002099490693810101
0.08084156636692505,0.001479643342160621
0.045743040192447834,0.006969374374156109
0.01854848478949326,0.0033172360240068476
0.01888259097034094,0.23213040105270338
0.04622946500907092,0.10329043804468946
0.08142008757971293,0.047275467344062946
0.12128213453846247,0.01756986473708027
0.16388653657406066,0.006387001615833153
0.20803251104580991,0.004015640722903408
0.25291696937119656,0.0010547513516576577
0.29795990885000945,0.0031888706278494342
0.34271281304775136,0.0003373400755006717
0.3868090784201642,0.00031953829717713594
0.42993619130969585,0.0015821039044772367
0.4718195869817814,0.0034355577282536094
0.5122130190033976,0.003670988968112287
0.5508927140669139,0.0018376659784108218
0.587653793692533,0.0010083309939774832
0.6223080766205533,0.00022452673765253184
0.6546827616916117,0.00029101011932883085
0.6846196730630523,0.0005574938385690272
0.7119748556835452,0.00020375140213998698
0.7366184066495798,0.0010490834241346078
0.7584344552167163,0.0015991200330378722
0.7773212246344602,0.001079165785481673
0.7931911483308189,0.0012174471874473827
0.8059710114541355,0.0013091630356183107
0.8156020929804566,0.0013503082945549008
0.8220402983801943,0.0013130065067778458
0.8252562495633398,0.001475928334498847
0.8252352899558889,0.0016950434338421415
0.8219774341104081,0.0018265201851031347
0.8154973684996859,0.0017575587331837843
0.8058245038663544,0.001787986855567915
0.7930029697237001,0.0018249570890832374
0.7770915241225611,0.001969478562212877
0.7581634240281246,0.0020176700137006717
0.7363062827148468,0.0017883400149124912
0.7116219291382342,0.0013725447384570905
0.6842262969804022,0.0010490999570258795
0.6542493624042,0.000901871122104838
0.6218351669300036,0.000526954600135746
0.5871419952392352,0.00016637000219105324
0.550342782569346,0.00021213300154458733
0.5116258792495146,2.2212828653886747e-05
0.4711963884418472,0.0005014632200011513
0.42927802648339114,0.0012283217613739486
0.3861182002019133,0.0018605579128626447
0.3419916767885396,0.0007459201909584524
0.29721184762486336,3.461280058755673e-06
0.25214666962099547,0.0010933351873622808
0.20724684839061722,0.0010149118636598642
0.16309608815451693,0.003156841174607762
0.12050405903661206,0.0031401903341565815
0.08068379028669642,0.0015870004584556878
0.045587407737397466,0.0006325129321798908
0.018424663234689484,0.011483737274915617
0.018226112438823185,0.253187901242803
0.04529691828125076,0.11090144501054622
0.08033762551745502,0.050291381866815324
0.12012476666367465,0.01848068825854669
0.16269711634183676,0.0065747950755936
0.20683662552310447,0.00406209866795583
0.25173082300605565,0.001267126664924143
0.29679435898456347,0.0035640635523062664
0.3415754960757298,0.0005108174053783512
0.3857055778758623,0.0004992172553686567
0.4288707070494615,0.0018508563891337596
0.47079533372090926,0.0038161957489567843
0.5112324720084339,0.004065960933862679
0.5499577654631808,0.0021740636359106526
0.5867658548401995,0.0013292585568216813
0.6214681470713975,0.0005304494095307101
0.6538914769985558,0.0006114930729955492
0.6838773389907544,0.00025530933599361466
0.7112814735667823,0.0004659259757701607
0.7359736929797716,0.0014609634164964884
0.7578378574861213,0.0020545887418429933
0.7767719347495723,0.0015362756998444145
0.7926881145388568,0.0017046676263125899
0.8055129493164228,0.0017797583039636717
0.8151874956889368,0.0015961171718289835
0.8216674465754408,0.0014411419433310358
0.8249232212847251,0.0015204561437332715
0.8249399725135351,0.0016863186057619868
0.8217175383978358,0.00167146709288253
0.8152704423827716,0.0016241434510771695
0.8056279433352329,0.001624943529455725
0.7928340302797252,0.0016252882937234942
0.7769473336276141,0.0016060990142564284
0.75804099670018,0.00158129442139785
0.73620253394176,0.0014267136880116709
0.7115336910171716,0.001192033105363449
0.6841503346453132,0.0009714655620501298
0.6541823913108573,0.0008184794690976868
0.621773871376479,0.0005504589424074774
0.587083048559556,0.00026642131420424707
0.5502828697120924,0.00011787419203044583
0.511561722868209,0.0001837796075907271
0.4711247804208897,0.0006309939993740179
0.42919999338508935,0.0012462216842929516
0.386026266430121,0.001911900177379474
0.34188313919350244,0.0009521953559349745
0.29708436719286896,0.00033520621426418333
0.2519984675716949,0.0005734040581468401
0.2070770467007877,0.0002821776266749757
0.16290533693295256,0.001969945081511683
0.1202957589938669,0.001649312287289946
0.08046658238434014,0.0002839019677845178
0.045380217195151014,0.003434857320809004
0.018264607112698207,0.002294765664771195
0.017560725461487577,0.2326589356002843
0.04434320074032945,0.10043538871490403
0.07922783954339012,0.04566191205460783
0.11893770669582772,0.01728400438131619
0.1614776342595944,0.006661409346998964
0.20561135457806842,0.004356305848631978
0.25051651584782836,0.0006760386791062476
0.29560214927916695,0.002409706037775079
0.3404131395450737,0.00035044093926183285
0.38457868135943035,0.00031114505085298846
0.4277834317878365,0.0009770709564634304
0.4697508138022019,0.0026673611625350375
0.5102330723652795,0.0028825518550226166
0.5490052460965696,0.0015796945299421169
0.5858614785606032,0.0010546902837206865
0.6206127522725846,0.0005565730594094878
0.6530855283195101,0.00065136035746579
0.6831209637655142,8.532846464455766e-05
0.71057448902351,0.0006999069597561275
0.7353156273919031,0.0015697914432242085
0.7572279674027915,0.002105053603962926
0.7762092196975923,0.0018001011551183484
0.7921713300970475,0.002022471709714274
0.8050406192088088,0.0021197175751910893
0.8147579231473895,0.0017651182081698442
0.8212787251456365,0.001573856826447948
0.8245732456947888,0.0015980074847347942
0.8246264514281632,0.0017285129788223354
0.8214380097105757,0.0016156644328807566
0.8150222877023143,0.0017014531665108306
0.8054084001414722,0.0017645566316268084
0.7926402041756456,0.0018280868843044394
0.7767762120317984,0.0017262767756411098
0.7578894637440357,0.0017499914232459233
0.7360673862269126,0.0015301204539044275
0.7114116541725977,0.0012045237373588381
0.6840380807690135,0.0008913416260947002
0.654076557517401,0.0007357120537253878
0.6216710798049342,0.000400302637980839
0.5869799283975857,4.545753118947901e-05
0.5501760821235944,0.0001580786446366716
0.5114479902496443,0.0005262724952555071
0.4710009223002839,0.0010934551853432012
0.42906709444282626,0.001872645917445821
0.38587696045529407,0.0027133807942759085
0.3417148874351083,0.00122830697598292
0.2968950776880272,0.00017441599661837003
0.25178673141836744,0.001362889240413173
0.2068425488295383,0.0013288572343979374
0.1626496119356049,0.0043100041521641815
0.12002365912264619,0.004877607723176536
0.08018925130473094,0.004293522545765561
0.0451210570286912,0.005024559419045146
0.018068351121362788,0.03138104968229049
0.016888308655694198,0.2289794376392275
0.0433699854826916,0.09705352299507043
0.07809222478588054,0.05044390656702608
0.11772234796541227,0.027637914434637523
0.16022941725328427,0.018265804799492136
0.20435797077505627,0.014752565889433194
0.24927526792440685,0.010851370926200508
0.29438444488589754,0.008678359213300412
0.3392268497976908,0.009721890222190275
0.3834294320492211,0.009295440003099665
0.42667534118498396,0.008333783343626285
0.46868693133316547,0.007123241388010307
0.5092156489387853,0.006897734940338586
0.5480359063089996,0.0028370852798025965
0.5849413338224239,0.0002225385931989969
0.6197424774037756,0.002345177690445841
0.6522654150665934,0.0028237749353456376
0.6823509594894153,0.00508151459414358
0.7098542257304595,0.005704370261951714
0.7346444444644329,0.006104819002154126
0.7566049302119451,0.006782130756499479
0.7756331355509439,0.008697277072138932
0.7916407625086488,0.009976694380448356
0.804553901069283,0.010237943268328675
0.8143131691396406,0.005634395276108345
0.820873843531046,0.0038050830462075134
0.8242059500971527,0.002421849420573273
0.8242942744624154,0.0017656044020698085
0.8211383192289957,0.0009613158067354462
0.8147523023523574,0.0008763112952064406
0.8051652025207068,0.0013744759622805868
0.7924207539429724,0.0018379022554814268
0.7765773604371561,0.0008992236679674112
0.7577079693965109,0.001024135525891716
0.7358999317948302,0.0006623060428254008
0.7112548639357167,0.0007346934577003829
0.6838885391622342,0.0011836349343414723
0.6539308289301129,0.0013459618184104153
0.621525730069137,0.002183663348227472
0.5868315486415766,0.0026495482867877587
0.5500213160597021,0.0003178161339971915
0.5112835666028424,0.0008788287558414781
0.4708236951656149,0.0012719794853283568
0.4288782113137582,0.0010076105129291889
0.38566917500272674,0.0024279332191704797
0.34148583399593535,0.0013375824454338924
0.29664292132683606,0.000576417693451874
0.2515104452442722,0.0005734979925556239
0.20654239665809873,0.000979312576251496
0.16232803582593913,0.00020507844469255923
0.11968699963954352,0.00021985940645697925
0.07985121948388739,0.0007641931946148936
0.04480965042634298,0.0028856231235050355
0.01783609505927266,0.0035910147753167683
0.016210721327197433,0.27459605535731735
0.042378915489339176,0.11433053929858429
0.07693222956017177,0.05175302871099427
0.11648002636540795,0.02023336884923136
0.1589537280875502,0.008442383277333255
0.20307767795355183,0.005739801562136449
0.24800822728847052,0.0010801521524712574
0.29314233663027744,0.0016994781207358442
0.3380176572286238,0.001123576947646247
0.3822587961508512,0.001041942117664308
0.4255473335131966,0.0004401412393619505
0.467604513092785,0.002130189398560579
0.5081809538321432,0.002375664401296934
0.5470504207314577,0.001533023262766136
0.5840060153955308,0.001312831824571742
0.618857835407623,0.0011012398415566284
0.6514315668121279,0.0012587295903454458
0.681567671243221,0.0009525366954060971
0.7091209435813327,0.0016325090650372847
0.7339603186134404,0.002561440391780738
0.7559688349705321,0.0031787099471874605
0.7750436865465287,0.0031015565917188273
0.7910963321054667,0.0034775374022773748
0.8040526326513175,0.003551998811652817
0.8138529905403925,0.002348270898247633
0.8204524798042971,0.0017675425072764346
0.8238209362107137,0.0014834664653939078
0.8239429697932534,0.001421767474578159
0.8208179247377831,0.0007674335945705167
0.814459877188847,0.0010519984724084973
0.8048976781617942,0.001088347885522526
0.7921749481624961,0.0011066583362767466
0.7763499926599549,0.00042672365368677507
0.7574956773284484,0.00027510251127590795
0.7356992890310741,0.0003444299012360864
0.7110623985104925,0.0006710572664466697
0.6837007531726609,0.000748401321358561
0.6537442195774109,0.0006600247806309234
0.6213368126206013,0.0007736150573175699
0.58663688210963,0.000769158837552682
0.5498175328666347,8.130142076079215e-05
0.5110674082052244,0.0004961744099439687
0.4705920568997607,0.000821936101451655
0.4286323079093115,0.0010297743649129501
0.3854018903027144,0.0017657248684200542
0.34119498384073155,0.00088604897588592
0.2963269375638925,0.00025713949207492365
0.25116869499512207,0.0006703627025326357
0.20617573864472943,0.00023772454962618186
0.16193984315395923,0.001743785902963485
0.11928513968018509,0.0019304845355561729
0.07945203951187486,0.0016825566227523542
0.04444587075809639,0.001738449421816833
0.01756821669587217,0.015390698870136575
0.015529799718568433,0.2778895926507735
0.041371601000744815,0.11365712840818118
0.07574925196121951,0.0503518373034959
0.11521201635764122,0.018735442493857026
0.1576517610180164,0.007089728406176412
0.2017716066776806,0.004577134432505197
0.24671646536625993,0.0007580185467529637
0.2918768363546718,0.0026910434296181767
0.3367865116706893,0.00028622864917538345
0.3810676584006509,0.0002390655287953696
0.42440022524473875,0.0011549341040490962
0.466504304334821,0.0029616382806537125
0.5071296584091978,0.003191430394669439
0.546049384554865,0.0016252491446858504
0.5830560404092935,0.0009555966807593037
0.6179592638623819,0.0003220523134687278
0.6505843405014757,0.0004068503107540325
0.6807713746626464,0.0002974575142387644
0.7083748366245582,0.00037290821499130793
0.7332633624225953,0.0012726577324544527
0.7553197133104088,0.0018234778977478622
0.7744408242578308,0.00141641889186476
0.7905379116820618,0.0016039821213611489
0.8035366095981001,0.0016980411376878877
0.8133771078435096,0.0015074014035850538
0.8200142816532113,0.0013768336712716546
0.8234177816058843,0.0014585400427508059
0.8235720478978747,0.001625821576724812
0.8204762729553214,0.0016131633922332896
0.8141443987843916,0.0016272567900074246
0.8046051573803717,0.001671020400974029
0.7919020650456233,0.0017170755905910608
0.776093339210764,0.0017135887677022536
0.7572517749889871,0.0017396699023036796
0.7354646071915699,0.0015187383855885972
0.7108333740160417,0.0011630400320431812
0.6834738110403655,0.0008497333840595422
0.6535157952547651,0.0006923440215091433
0.6211033764170033,0.0003427310886119984
0.5863949667101941,1.804969588497391e-05
0.5495637653619247,0.0001290172850224943
0.510798548949774,0.00045082250866056373
0.4703050489058606,0.0009860857622929012
0.42832843724312814,0.0017487495662991774
0.3850741809985327,0.0025160390264764073
0.34084144139552175,0.0007493312967210925
0.2959462700890602,0.0006264290475565739
0.2507606754675047,0.002603660410886464
0.2057418367806207,0.003057038582996473
0.16148438727087708,0.007040747487007173
0.11881756420614496,0.008889623221993905
0.07899140117532112,0.010660720001799785
0.04402974896797896,0.017338471343798095
0.017265278661184706,0.06868612580872045
0.014847354420260143,0.2887400308519764
0.04034961887225367,0.11609539540907
0.07454463885206514,0.05949343824149399
0.11391952965271658,0.03281038967207687
0.1563246403505348,0.02195917058198999
0.20044081276846884,0.017798890892674737
0.24540097551674867,0.013363232249759506
0.2905888755363953,0.010894422235206876
0.3355342810928372,0.011986064877978351
0.37985682085157196,0.011483158834799067
0.42323474996775373,0.010416463647552734
0.4653869677780107,0.009093062243989479
0.5060623524132704,0.008851880030140332
0.5450333127628477,0.0037271564007257795
0.5820918476934439,0.0004338538376383164
0.6170471244348695,0.0027311537421479716
0.6497240200128375,0.003292741221164037
0.6799622755991351,0.006111382795858686
0.7076160328289453,0.006805823126241702
0.7325536264985889,0.007199259785085912
0.7546575393661511,0.007965888489378275
0.7738244475986777,0.010333603375457488
0.7899653265333559,0.011868811882343759
0.8030055855379414,0.012145250905640637
0.812885205279307,0.006403160275850983
0.8195588665141816,0.004098874867544184
0.8229960398391084,0.002324565865455993
0.8231810016749118,0.0014696204013182313
0.8201127996266716,0.001979747086793175
0.8138052494880652,0.00023209083425217302
0.8042869731251097,0.0007792628750540129
0.7916013923698979,0.0013052756449020088
0.7758066471466164,0.002176625574659386
0.7569754733672357,0.0024381675379702814
0.7351950660343339,0.0017131968107637707
0.7105669440077016,0.00048601135249430616
0.6832068452777188,0.0014280642091193884
0.6532446727544923,0.0017487203207197791
0.6208245279918837,0.0031910306138000165
0.5861049043122137,0.004139120110673705
0.5492591165101623,0.0011177430210241835
0.510476098838692,0.0003074250005383454
0.4699617943976654,0.0002843625037450589
0.42796573954797096,0.0011221647065894696
0.38468521409922474,5.242702832216049e-05
0.34042440830223725,0.00040645860296261273
0.2955001644504634,0.0008253466715024017
0.25028568781792915,0.0014214951819192072
0.20524006405703063,0.00023535962531068985
0.16096113788013175,0.00033765772004233034
0.11828388190245741,0.00022849648250747025
0.07846913013975274,0.0016720081750934124
0.04356147382955497,0.003324541766257017
0.01692803002207812,0.008472831194097629
0.014165168704052258,0.3106724639479316
0.03931451363037553,0.1213224965062433
0.07331968692444478,0.05287940708725841
0.11260371626640849,0.019746137583219525
0.15497342156370655,0.007598536584568244
0.19908627855851943,0.0048666116567629295
0.2440626744245913,0.0007286037843689108
0.2892793067930969,0.0026223498358571348
0.3342617532115619,0.00028592851405368484
0.378627004580829,0.00020650177225190418
0.4220515601609298,0.00123475397463533
0.4642530854463603,0.0030719429973775064
0.5049795458055659,0.0033311074217802312
0.5440026419810848,0.0016291457306328158
0.5811137995951378,0.0008826892848231088
0.6161217046320326,0.00017835957290313016
0.648850817820362,0.00026822074352254584
0.6791405116658961,0.0005032297284521681
0.7068445954825272,0.00022424941266452076
0.7318311006930199,0.001089207941664934
0.7539822307926841,0.0016415580545427791
0.7731944036066088,0.0011800943549937837
0.7893783549882918,0.0013433005709317335
0.8024592723165046,0.0014434302643487372
0.8123769307484544,0.0014095678964083922
0.8190858211660869,0.0013484759173838284
0.8225552396892761,0.0014886394163659497
0.8227693053010292,0.0016946823684113965
0.8197269279800684,0.0017818154145540055
0.8134418054583343,0.0017546517764273418
0.8039424585736814,0.001800566139824846
0.7912722246241495,0.0018521630587946993
0.7754891767501988,0.0019536486408232696
0.7566660031978603,0.002007246965214996
0.7348898715623097,0.001804375966568696
0.7102622947028949,0.001441196261771358
0.6828990274228603,0.0011516792954502939
0.6529300141274766,0.0010285261199401438
0.6204994252313945,0.0006990761777792494
0.5857658540743494,0.000381436897192226
0.5489027523029111,0.00040647034436915697
0.5100992364148473,0.00019054483339223067
0.46956149040642575,0.0002504109961425242
0.4275434338796904,0.0009006837542774352
0.38423424021875013,0.0014861877094205595
0.339943174358963,0.0004884591693031903
0.29498795871439115,0.00017640837533488036
0.24974313008035715,0.0011426581373945417
0.20466989495980864,0.0010222437484394364
0.16036967173870964,0.0029104189404850233
0.11768381642934632,0.0027814470327029374
0.07788518052925833,0.0010830591078488715
0.04304138706199413,0.0015799945819194182
0.016557404061893582,0.00725824134507081
0.013484997895167482,0.3134644190012645
0.03826780063069546,0.12037169561582535
0.072075646317,0.05168272446106616
0.11126566837574518,0.018751524839817953
0.15359909545975559,0.006859408031841182
0.1977089172778202,0.004334983761528213
0.24270240670161614,0.0008776545375738538
0.28794890868619505,0.00291953329571761
0.3329696404264374,0.00021633195599291233
0.377378854687706,0.00018109079027903572
0.42085123220367887,0.001352905444255879
0.46310316363670917,0.0031543160752024956
0.5038816736580947,0.0033803066432940804
0.5429577352085513,0.0017179284071789167
0.5801221865382972,0.000988612034361115
0.6151832221257716,0.0003004812293414196
0.6479648790333803,0.0003777708548666928
0.6783061559452233,0.0003746260570562996
0.7060605265177216,0.0003010664357392072
0.7310957170151645,0.0011822914166030732
0.7532936512247902,0.001722369165368301
0.7725504894102324,0.0012762886090349305
0.7887767298460692,0.0014399082339076037
0.80189734087704,0.001535681171330284
0.8118518960946687,0.0014677897200678458
0.8185947013867902,0.0013921367354150422
0.8220948841599012,0.0015175720316968194
0.8223364125580229,0.001712560768868395
0.8193180663574677,0.0017779009297067344
0.8130534335804425,0.0017607339355399105
0.8035709433224129,0.0018069251472393926
0.7909138584600278,0.0018585043137702663
0.7751401962372122,0.0019388874844038777
0.7563226089177332,0.001988979820829146
0.7345482492229252,0.0017646760966503771
0.7099186374691837,0.0013745219632595993
0.6825495597600878,0.0010567755168061404
0.6525710177010688,0.0009168256893888214
0.6201272676860073,0.0005589960435519853
0.5853770220613804,0.00020836542633351015
0.5484938907147611,0.0002023502207162456
0.5096671970990431,5.3896852569042607e-05
0.4691033955401731,0.0005417075906550121
0.4270608053552049,0.0012663827917162862
0.38372058034195095,0.00193254523131753
0.33939710389568234,0.0009848834948419172
0.2944090695680912,0.00041269735779327185
0.24913248308293512,0.0004376174181567994
0.2040308914378106,0.00010305839032565749
0.15970965895726982,0.0017122852504399386
0.11701719361513967,0.0010843749880636963
0.07723962386360009,0.0018112922382747696
0.04246997550019117,0.007145783096601744
0.01615451387113345,0.007743228599490587
0.012808569816349856,0.32533189000040796
0.037210971548380926,0.12190222092639255
0.07081372713809257,0.05136881820073823
0.10990642739545951,0.0179951554695742
0.152202595662834,0.006092316448921921
0.1963095809197222,0.003637686837232099
0.24132095298050665,0.001390292875984439
0.28659839393593867,0.0035629450466348866
0.3316585880907063,0.0006593664893242245
0.3761129485609577,0.0006424561634402513
0.4196342745668151,0.0018969268866762168
0.4619376409645266,0.003712969429538822
0.5027691039842108,0.0039331530300324305
0.5418988893852441,0.002124654356354243
0.5791172342303473,0.0013092920786443114
0.6142318315759953,0.0005412726202195554
0.6470662877641592,0.0006109647952168551
0.6774592228540927,0.00021396657497274203
0.7052637718374993,0.00044522268667667944
0.7303473543432809,0.0013604672641852496
0.7525916143272908,0.0019007088647549307
0.7718924555748338,0.0014038877300450892
0.7881601409774642,0.0015465875286257299
0.8013194230792994,0.0016191039178595828
0.8113096781154894,0.0015252101034567778
0.8180850321132465,0.0014185799541254012
0.8216144497763063,0.0015206522997392872
0.8218817552405313,0.0016931446566501335
0.818885605718494,0.001729919058939467
0.8126394880546458,0.001673797828880612
0.8031717490500893,0.001682118784549984
0.7905255874277203,0.0016926079675524922
0.7747589755647845,0.0017318407304888184
0.7559445415538267,0.001732039083594934
0.7341694358867514,0.0015369374136997471
0.7095351998908433,0.001216327232334436
0.6821576655452709,0.0009417363629270104
0.6521669074170526,0.0007818297684110547
0.6197072851061182,0.0004571936554964266
0.5849376489923184,0.00012624323621364847
0.5480317887111154,4.214646166019483e-05
0.5091792595048759,0.00025184443855529173
0.46858681566325255,0.0007369170620407192
0.4265171902655006,0.0014316705133690657
0.38314361044848,0.0021245350043064223
0.3387856199968855,0.0012610453969890566
0.2937629762657205,0.000767857975303102
0.24845329429448623,7.929159312934796e-05
0.20332268682709845,0.0004979096371316605
0.1589808473891094,0.0008737969123170453
0.11628392683755592,0.0004203990632033166
0.07653263648120257,0.003274514635111147
0.04184786220978805,0.009682686347936956
0.015720647125536294,0.014995370453301758
0.01213758568579275,0.33663796275424174
0.03614550153629065,0.1231080961308416
0.06953510813362226,0.05096171086787977
0.10852699343222832,0.017297237592058888
0.15078480862001403,0.005434825945640735
0.19488907060179508,0.0030675632619585028
0.23991904054270347,0.0018606146406695467
0.28522842017130823,0.004043942797084588
0.330329185289552,0.00109213812969215
0.37482980657964143,0.0010569565466647137
0.41840113835164106,0.0023002104987930256
0.4607568986605066,0.004111557494502243
0.501642147719203,0.0043240684174564075
0.5408263449840928,0.0023941683164997282
0.5780991128147055,0.0015050943118170013
0.6132676332457785,0.0006690290995635732
0.6461550751815965,0.0007294790019131376
0.6765996755554178,0.00015765527825858415
0.7044542280178774,0.0004956559951852448
0.7295858443995639,0.0014188681932479537
0.7518758889961505,0.001953477236624789
0.771220010488701,0.0014114254016733684
0.7875282388594903,0.0015315345761816063
0.8007251143497457,0.001592196031247644
0.8107498202985015,0.0015408858027065495
0.8175563082444199,0.0014428919910001348
0.8211133864280539,0.0015524778690976522
0.8214047420274841,0.0017256029950064183
0.8184289175264956,0.0017829935404297301
0.8121993072879606,0.00169155719801107
0.8027441854162458,0.0016807038232484507
0.7901066968847297,0.0016717584513494402
0.7743447803597454,0.0017276784405024224
0.7555310516841397,0.0017122973072594848
0.733752671859918,0.0014846993269016812
0.7091112168596628,0.0011118294053253672
0.6817225791821506,0.0007955752249620894
0.651716922182361,0.0005988958773081764
0.6192387259362829,0.00022219971945670064
0.5844469979906367,0.00017038566444578727
0.5475157292658448,0.00027586676450369607
0.5086347317849277,0.000620944585150198
0.46801108963480564,0.001185682348662594
0.4259119612828476,0.0019937547400391566
0.38250274627124276,0.0027995143772779605
0.3381081889144285,0.0017726202577557054
0.29304920481520236,0.0011707395776541618
0.2477051619548042,0.00027903233941696396
0.20254497017478976,0.0007578521577977561
0.15818304745223513,0.00095958866281722
0.11548400298827631,0.00046289942371671635
0.07576448768166318,0.0033196558513665414
0.04117579848775203,0.009813380436623075
0.015257261385800127,0.011542486771058423
0.011473720542949475,0.35396483148445534
0.03507285682811451,0.12611858258024994
0.06824094609345137,0.052089340967558816
0.10712833556903387,0.018161114949651645
0.14934658446093882,0.006222026874193086
0.1934481477899362,0.0037572193780320293
0.23849735472842507,0.0012347246132118485
0.2838396014460473,0.0033464316495814793
0.32898197630489245,0.0005034051641033047
0.37352990345541665,0.00048324380440999983
0.41715222842082,0.0017047881315410706
0.4595612714150026,0.0034749469203361927
0.5005010692070764,0.0036853884226387165
0.5397402960738018,0.00200742435867664
0.577067946446915,0.001265059890320973
0.6122906820496435,0.000566106311322679
0.6452312279452043,0.0006390483355826892
0.6757274337666426,0.00011990574948197408
0.7036317494394189,0.000518694149645316
0.7288109781463853,0.0014139213693195175
0.7511462049865127,0.0019444586059136672
0.7705328251885816,0.0014977533972177165
0.7868806385684356,0.001655935862074046
0.8001139768170363,0.0017387782020791645
0.8101718350781452,0.001619650063797668
0.8170079960018082,0.0015143531957546154
0.8205911178229998,0.0016133136743732197
0.8209047580200672,0.001786657652002844
0.8179473523673607,0.0018140804736338449
0.8117322116019726,0.0017942048132163525
0.8022875468573892,0.0018259008234035154
0.7896564598907843,0.0018611343884748026
0.7738968669257307,0.0018986130114966484
0.7550813835755174,0.0019240037723663739
0.7332971941748204,0.001678552533497019
0.7086459230452441,0.0012730052208691554
0.6812435379072369,0.0009285573454592375
0.6512203067814806,0.0007537797178227341
0.6187208475402356,0.00036392764575993397
0.5839043440675993,3.293014650266823e-05
0.5469450102439029,0.00011728762016993367
0.5080329399445077,0.00044975476564303207
0.4673755771185789,0.001021949915347403
0.4250356270636834,0.0018506796581455023
0.38159398203402456,0.0026604817204821723
0.33716733968946044,0.0015604544715400392
0.29207814722501035,0.0008950099708367275
0.24670805355614994,0.0001260042072721882
0.2015295362571502,0.0003343808558912726
0.15716290036515584,0.0015752328653479226
0.11448302082235001,0.0009207346290183181
0.07482532699747249,0.0023940851641374044
0.040375638775756166,0.0084721796385307
0.014724286176108391,0.00744205682831366
0.010785067470961907,0.3808758868342579
0.033923180325679994,0.1318267097269075
0.06682830565964336,0.05460188698964038
0.10558168128363486,0.019959001242198737
0.14773920545042002,0.007727366028593883
0.19182251199352307,0.005034124824504108
0.23687921296382544,0.000722874274601718
0.2822452520618933,0.002197515974856994
0.3274220740393184,0.0006115212911108916
0.37201154201642345,0.0005548308553573756
0.41568013209708926,0.0007728947150243327
0.45813850707245024,0.0024779533029662564
0.49912948915519095,0.0026962402259129315
0.5384208240341947,0.001413248250427286
0.5758007689298943,0.0009060165624521424
0.6110753809771966,0.0004259446045059217
0.6440668758639231,0.0005252621105902948
0.6746126647422607,3.477835065042622e-05
0.7025648138365004,0.0005975070662401299
0.7277897866467099,0.0014634475591352486
0.750168365318406,0.0019991909448582035
0.7695956738853547,0.0017059569265562584
0.78598126935041,0.0019328636355993806
0.7992492666097306,0.002056471780847393
0.8093384682470832,0.001823830617979632
0.816202487158067,0.0017066117448750926
0.8198098339122603,0.0017920628663460948
0.8201439415635142,0.0019716564732871595
0.8172031471821557,0.0019522492889386806
0.8110006886596035,0.0020549336747186244
0.8015647279079533,0.0021618090695425026
0.788938340309493,0.0022753799365592517
0.7731794397853513,0.002286738170004409
0.7543606654636769,0.0023854008252733733
0.7325692528484916,0.002084024113860204
0.7079069072018304,0.0015800718453973627
0.6804897097152938,0.0011526757699738218
0.6504480782090164,0.0009992805759957567
0.6179268220421654,0.0005513160906788606
0.5830853659818275,0.00010582847622779382
0.5460982254579645,5.412951349556563e-05
0.5071558733363574,0.0002882339698024566
0.4664662355135258,0.000926555318189108
0.42388810817973305,0.0018672836227064745
0.38041736319952457,0.0027562417830755267
0.335963270991857,0.0015875122284905385
0.29085019319877076,0.000910108135627554
0.24546260234940462,0.00013748671876080064
0.20027733769198108,0.00044816950052593304
0.15592179174639967,0.0014835004670227495
0.11328297405270875,0.0006395694985401203
0.07371802294691132,0.0038726277252273977
0.039451461366395005,0.012415478362629701
0.014126892836022788,0.018712757644361037
0.010077878144648058,0.37561413103320357
0.03270250813767924,0.12617281773188338
0.06530199131541818,0.05159892245713394
0.10389080572694699,0.018751946194527414
0.14596569463299372,0.007262484486547017
0.19001463561288434,0.00474914029471265
0.23506667198860082,0.0006922376412564832
0.28044710361164066,0.0019744091038451225
0.32565094689848345,0.0006487454180906095
0.3702759710658047,0.0006040414002047516
0.4139859101000137,0.0006308246238586938
0.4564895017172906,0.0021959847633439646
0.49752815694821734,0.0023911891168721944
0.5368685456739698,0.0009611229118034294
0.5742980759472263,0.000336527576820931
0.6096221141500288,0.0002564110479437298
0.6426622997233341,0.00019362933426895582
0.6732555532014559,0.0008446815614386253
0.7012535164907732,0.0003505173900415979
0.7265222819170426,0.0004991983246841769
0.7489423046001582,0.0009602555584145222
0.7684084194598582,0.0005644537646846634
0.784829927938691,0.0006966894277420439
0.7981307198545198,0.0008344860849637321
0.8082494008783806,0.0011236986334554235
0.8151394133325048,0.0012507386947213798
0.8187691225383077,0.0015163009566825534
0.8191218425076179,0.0018047276453475357
0.8161958197469689,0.002109746822008348
0.8100042302372519,0.0020948806991734122
0.8005752005812754,0.0022170970732308844
0.7879517968306594,0.0023582004185556536
0.7721919509467385,0.0027157820605672673
0.7533683495750746,0.0029175643578590797
0.731568307518124,0.002609961540416175
0.7068936439232058,0.0019745401137823866
0.6794605921370932,0.0015383911180094738
0.6493997654597945,0.0014642816158793527
0.6168562191289227,0.0009978909875595127
0.5819896842567267,0.0006023598313727489
0.5449750576334073,0.0009851121807314446
0.506003289903864,0.0009323290506554396
0.46528291330064475,0.0005397991418085657
0.4226779145289641,0.00023953221289092343
0.3791760451805596,0.0006712016917063688
0.33469275932803105,9.137512030136568e-05
0.28955444460013374,0.00047165025177009837
0.24414856811145605,0.001060158463961677
0.19895660737844614,0.0008658784392842967
0.154613515022253,0.002088968151260715
0.11201928568590971,0.0011515603873330316
0.07255435037157748,0.002598205395279393
0.03848474825699955,0.010511423743647068
0.013510163191807003,0.02479140495621767
0.03148529802030198,0.1345747129267829
0.06376856707688071,0.054377920460715795
0.10218739484253894,0.01980271988780288
0.1441771915909398,0.007769359464443845
0.18819088035679282,0.005103160165761945
0.23323818946869992,0.000797186591189796
0.27863337452314435,0.0018671041532089725
0.32386479932516044,0.0007810263598936939
0.3685260072086124,0.0007176097808980636
0.4122779086270083,0.0005679082472809399
0.4548272639087853,0.0021592169297424326
0.4959140380938371,0.002367616236925219
0.5353038015068224,0.001126004023942853
0.5727830965966727,0.0006279065911536366
0.6081565876076104,0.00015740477952620816
0.6412453300044497,0.0002457116269026738
0.6718857487429569,0.00029517568178973
0.6999290586206787,0.0003088390062613339
0.7252409797986145,0.0011012804788599942
0.7477016408961161,0.001598179583819696
0.7672055895617261,0.0013016092993491785
0.7836618747173765,0.001500503610358767
0.7969941652060798,0.0016213162540841266
0.8071408748838489,0.00149880079256777
0.8140552815231064,0.001433564495952446
0.8177056121015736,0.001548617396256356
0.8180750693169457,0.0017391996494896833
0.8151618176072779,0.0017810933804880778
0.808978980345576,0.0018554480514384008
0.799554658993883,0.001958465126289705
0.7869319212512424,0.002069757618858217
0.7711687288657035,0.0021436354165189167
0.752337828503319,0.0022542923150491263
0.7305266276296839,0.0020096650012355727
0.7058370735773508,0.001574886734313627
0.6783855672496747,0.0012247491542881097
0.6483029341557165,0.001122699847687159
0.6157344938069,0.0007557456557851177
0.5808403042528417,0.0004067501806910346
0.5437956671893562,0.00045579975858412944
0.5047920387485318,0.00023946369522216102
0.4640385912371093,0.00024548863382004216
0.42140451357372993,0.0009669109676902722
0.3778695595432167,0.0016023083694228322
0.33335541160822096,0.0007165765068278064
0.288190598515603,0.00020289836757889223
0.24276575913996315,0.0005647524861674713
0.1975672969716569,0.0001932014124143445
0.1532382180698768,0.0016606272379804197
0.11069239257616453,0.000851559087763493
0.0713352035519724,0.002716850468970867
0.03747712946287672,0.01007896673079676
0.01287657522750417,0.018505602609898024
0.03027319354489987,0.13206782011532442
0.06222932176272369,0.05237955709510045
0.10047248075557186,0.018695200138038454
0.14237455909662022,0.007107184531806449
0.18635198550602144,0.0045841213984871955
0.23139440387463067,0.0006508867656982463
0.27680461382330057,0.002048427974749512
0.3220640968036425,0.0005111110671453436
0.36676203563032367,0.00045838174898615706
0.41055643455714375,0.0007427795774246015
0.45315202362628143,0.002288238562925352
0.49428728691259916,0.0024836501459328227
0.5337266714574807,0.0013661894118022209
0.5712558378018399,0.0009351384885378662
0.6066787368707066,0.0005278605439041575
0.6398158326613423,0.0006230768058147882
0.6705030498432317,0.00015201251855509462
0.6985911735867444,0.0007125510209170443
0.7239455511596952,0.0014983830650693597
0.7464459854665949,0.0019863793481373552
0.7659867389902904,0.001745151128566093
0.7824766114035387,0.00196344236334587
0.7958390549258628,0.0020534381036485454
0.8060122969097786,0.0016615476569327113
0.8129494568127021,0.0014611625016938139
0.8166186303727936,0.0014599455113744044
0.8170029168904649,0.0015645053484765054
0.8141004073997024,0.0014204328170010245
0.8079241821152505,0.0015267256536213298
0.7985023276513191,0.0015913074299039288
0.7858779244495507,0.0016554350947391328
0.7701089758893177,0.0015218430248395813
0.7512683012788015,0.0015412751725733102
0.7294434141829327,0.001399615772424666
0.7047364045157412,0.0012073161950075506
0.6772638562265488,0.0010002152308504516
0.6471568238643781,0.0009001465744889983
0.6145609097480891,0.00068587998877057
0.5796365196040099,0.0004509126546883203
0.5425593838364091,0.0002600596120544143
0.5035214921415367,3.408873827536273e-05
0.46273269119599436,0.0004329300476399255
0.42006738239913566,0.0009808833306592616
0.37649745036307924,0.0016176002388960935
0.33195085053379975,0.0009296860765448569
0.28675837176881597,0.0005608741258207162
0.24131400852797266,7.603241198277178e-05
0.19610938994143753,0.0005663348819417678
0.151796091210424,0.00039464859679880904
0.10930279155352342,0.0008301727787865927
0.07006156722327134,0.0041895959141416165
0.036430373983837167,0.012145740045015544
0.012228762028025409,0.027207773083259487
0.02906783832288206,0.1583753023245643
0.06068554540034617,0.06211044104841764
0.09874709119654101,0.022276649719075562
0.14055865161593345,0.008679136748342467
0.18449867941859485,0.005692209876585602
0.22953594080997716,0.0009023733502228877
0.2749613560783991,0.0020135331276978177
0.32024928897499794,0.0009218635149559315
0.36498442444807216,0.0008597755213287216
0.4088217765900731,0.0005607796192442765
0.45146399170653684,0.0022851534475080456
0.4926480377217696,0.002504990482341904
0.532137214708875,0.001678625079982356
0.569716285130787,0.0014644431713803864
0.6051884756156758,0.0012611250193161284
0.6383736514418088,0.001408664454061144
0.6691072325432197,0.001115187853322619
0.6972395722105912,0.0017764752620621964
0.7226356443567397,0.0026803109624556364
0.7451749272196128,0.003279986260460914
0.7647514004748792,0.00321120545583048
0.781273618070603,0.0035803783355271446
0.794664820169391,0.0036714992327792897
0.8048630531682759,0.002584407007462922
0.8118212846436589,0.0020732713368409907
0.8155074863960762,0.0018449939784037882
0.8159046624305654,0.0018246328819618342
0.8130108392091389,0.001260516501030773
0.8068390633786582,0.0015590700312640737
0.7974174171195959,0.001635412789623422
0.7847890048218953,0.0016989939185070013
0.7690118834454269,0.0011276418368619402
0.7501589576472496,0.0010483585861952194
0.728317860629989,0.0010258693525022659
0.7035908393536836,0.0011657761526956262
0.6760946763977488,0.001116815882906142
0.64596067227937,0.0010247076558821866
0.6133347307732557,0.0010115389245365907
0.5783776262205521,0.0009071581835541527
0.5412655417799161,0.00026779997744718606
0.5021910291728926,0.00020909408115951612
0.46136464433602353,0.000616037774064701
0.41866601005213516,0.001012367425595327
0.37505927659655486,0.001828088713403126
0.3304787170572208,0.0011486021120380907
0.28525750348105877,0.0007918948450794153
0.2397931768816467,0.00026863701107678685
0.19458290455362579,0.0011431591037980176
0.1502873706926542,0.0004139785791913305
0.10785104380522027,0.0018237273028265898
0.0687345225808072,0.005475061273773248
0.035346397418244885,0.014622976735256482
0.011569509857065296,0.03555616646910263
0.027870873667200383,0.1565238353580936
0.05913852866511169,0.058856954540088956
0.09701224913223015,0.01915642979834165
0.13873031497221505,0.005966467563813737
0.18263167921743076,0.0033776493304084427
0.22766341270967821,0.0017624020227956316
0.27310412111919935,0.003970987562988402
0.31842080940548273,0.0009765418189961875
0.3631935245259259,0.0009434206577606004
0.40707420513462417,0.0021921808762630553
0.44976335977045373,0.00399770896154553
0.4909964048496275,0.004203402262767176
0.5305354697861069,0.0014782436562136131
0.5681644029676582,8.82130725775996e-05
0.6036856959348683,0.0012159881410041943
0.6369186082446421,0.0012357077736865048
0.66769805090142,0.0025580172668113544
0.6958739433308042,0.0020325711913192104
0.7213108858971098,0.0010823943824115289
0.7438880334815882,0.0006591660517977488
0.7634990855653989,0.001577448410103589
0.7800523541373025,0.0017013242227315757
0.7934708721086525,0.0017190232964410107
0.8036925106709122,0.0010598317165598503
0.8106700921704707,0.0009164175824039054
0.8143714719596238,0.0006389686774352385
0.814779567031449,0.0004171781025508511
0.8118923482707936,3.882781969835015e-05
0.80572283848472,0.0004868454401199519
0.796299125950525,0.0006859777806242672
0.7836643503173272,0.0008879430332590742
0.7678766341717526,0.0005210257084600468
0.7490089803149197,0.0006634636359452168
0.7271491552047631,0.00029200094680161784
0.7023995774009197,0.0015515518310927892
0.6748772437655797,0.0027656984287426846
0.6447137178194468,0.003263242688244117
0.6120552235700228,0.004500744361573179
0.5770629250822249,0.005760618401728862
0.5399134825829217,0.006393989711782622
0.5008000386816069,0.007615560430976054
0.45993389408805,0.00955705586258851
0.4171999005908249,0.012265544418830864
0.37355461521202415,0.015080749275500186
0.32893867356885786,0.010800226309957852
0.2836877583618195,0.007888831106412862
0.2382031557582373,0.003472626123401082
0.19298789756367893,0.003920086238351893
0.14871234280791715,0.0053354155953158336
0.10633777991062669,0.006912977822906304
0.06735525398111336,0.004546401847806985
0.03422727008123106,0.007874342850062646
0.010901754320250968,0.14909296099447775
0.026683936092172036,0.1465906665208509
0.05758956242739629,0.055426459127617136
0.09526897257100606,0.019357830866776667
0.13689038621166522,0.007305989607796447
0.1807516907038449,0.004690249863144333
0.2257774188430703,0.000669004989463973
0.27123341411861435,0.0019790600899068354
0.31657907572364,0.0005684687633124792
0.3613896696753952,0.0005150011054268149
0.405313972573058,0.0006779433158399449
0.4480503005742549,0.002197432322362184
0.4893324830365989,0.0023865618798327485
0.5289214550674206,0.001102197806644061
0.5666001350813946,0.000562688787735418
0.6021702689934619,5.842562927945017e-05
0.6354505038482872,0.0001268462481695573
0.6662752378042965,0.00044107489824826723
0.6944939547029593,0.00016726611060741966
0.719970881428374,0.0008610885596172236
0.7425848510767317,0.001316079585292033
0.7622292857992717,0.0009880942741667558
0.7788122596319701,0.0011457297377493686
0.7922566032670636,0.0012537156414503265
0.8025000186599713,0.0012491524105037745
0.809495189770415,0.001231309009125805
0.8132098631869528,0.0013728577475654777
0.8136268773470549,0.0015694949034428358
0.8107441567116708,0.0016731737831188786
0.8045747101098016,0.0016988623525333723
0.7951466425580176,0.0017835470740260738
0.7825031403750754,0.0018775101044734295
0.7667024039119279,0.002011111892134489
0.7478175469929456,0.0021184835088053316
0.7259364830228008,0.0019151328202510222
0.701161816788787,0.0015294472354180158
0.6736107751778339,0.0012372361472802738
0.6434152018322166,0.0011627099100915284
0.6107216599038527,0.0008501501575355251
0.5756917244717267,0.0005648970778589785
0.5385025574182783,0.0006883551680097967
0.4993479215241865,0.0005578443648159882
0.45843989844209376,0.00021670028151831637
0.41566857538829954,0.0003907900577560603
0.3719830635203605,0.0008493375177205344
0.32733040627124405,0.0004037740496550047
0.2820489291601185,0.0002530735429788599
0.2365438702631202,6.51761269232954e-05
0.19132446708232312,0.0005712496389251492
0.14707134733176203,0.0001879087931678375
0.10476370430379141,0.001990205544249926
0.06592505524368422,0.006855170761438971
0.03307522467947739,0.019332439645262215
0.01022857362656963,0.0607315961153999
0.02550865563359345,0.15352817053527815
0.05603993869424273,0.05702774046968037
0.09351827604399529,0.019726964872510414
0.1350396952827291,0.007401519193205835
0.17885941017598384,0.004743522899459122
0.22387854719247813,0.0006755849494744807
0.26934972752739234,0.001994074655404314
0.3147244916169083,0.0005918755038906285
0.3595731787011338,0.0005440480224451578
0.40354131534718585,0.0006564790859895372
0.44632497012389905,0.0021801759209425994
0.48765634958917076,0.002364962080337895
0.5272951709161834,0.0012165198612899596
0.5650234068153002,0.0007628303314521081
0.600642047202303,0.00033502243934266227
0.6339691201112888,0.00041931053973823896
0.6648385071687093,7.423348302936261e-05
0.6930992551832806,0.0004817698090615086
0.7186152178979897,0.0012437994921660424
0.7412649084550772,0.0017143439380863143
0.7609414747917377,0.0014524350180061707
0.7775527572367837,0.0016499036629453376
0.791021389521007,0.0017760330971682624
0.8012849105446295,0.001675172907847053
0.8082958729227192,0.0016306600041917673
0.8120219223464213,0.0017549847949020723
0.8124458273286284,0.0019515890605358633
0.8095654752123803,0.002011633536327701
0.8033938708392212,0.0021064369078486185
0.7939591467150142,0.0022299954697678685
0.7813045473333666,0.002364488415656841
0.7654883630331789,0.0024666362605487075
0.7465838316194875,0.0026085802147738676
0.7246790272083073,0.0022923308698961846
0.6998767555105432,0.001728808365973614
0.6722944892602847,0.0012801706035349364
0.6420643694330392,0.0011529134182158985
0.6093333173618893,0.0006858770240800407
0.5742633406265101,0.00024154059243480244
0.5370321276337026,0.00031650447051543115
0.49783409105946186,5.1893064184892975e-05
0.4568821303611162,0.0005478055263952676
0.4140715734947722,0.0014697670878524476
0.3703442394971026,0.0022636384133001308
0.32565362551754595,0.0013925943943710788
0.2803408370349173,0.000987599092751643
0.23481527957093373,0.00037328649319334984
0.1895927533973804,0.0011072813008065575
0.14536477893844818,6.894608242930225e-05
0.1031295979078689,0.00211792899153278
0.06444533445784176,0.008387334410108674
0.031892662639187865,0.024140040358063237
0.024346655276964873,0.14970381039778377
0.05449095355725734,0.05474895239083929
0.09176117445319366,0.01895555468708489
0.1331790693441754,0.007229632615976007
0.1769555289646271,0.004671891051222537
0.22196737917096665,0.0007228276101791268
0.2674535458973782,0.0016666040121159334
0.31285745170389806,0.0007262098483675988
0.35774436028614437,0.0006747577619346659
0.40175645882517,0.00046738289463999345
0.44458751249852746,0.0018575571254121515
0.48596806913269514,0.00202985201230151
0.5256566043673626,0.0008365970472857138
0.5634341296192535,0.00033414742381890816
0.5991008686609764,0.00014267510233728536
0.6324742242315785,7.763366949917796e-05
0.6633875580325904,0.0006072526992173342
0.6916894786469909,0.00018746552334874595
0.7172434672833772,0.0005919776180434676
0.7399277192218068,0.001008227010309424
0.7596351115516512,0.0006971180529117837
0.7762732553783828,0.0008362217161073287
0.7897645929534278,0.0009606916330294809
0.8000465065119965,0.0011221426954213746
0.8070714245628803,0.0011962304223746404
0.8108068999477979,0.0014009780825063789
0.811235640053182,0.0016388016002201785
0.80835550456069,0.001852490455123265
0.8021795044425595,0.001874241202483199
0.7927358105487914,0.0019902436095299196
0.7800677371442076,0.0021216556403256433
0.7642336768617439,0.0023820718388437687
0.7453070045191958,0.0025557166785793776
0.7233759687780944,0.0023094055773238663
0.698543591038702,0.0018044346901478312
0.6709276057743098,0.001451674865421823
0.6406604686193036,0.0014013355329428384
0.607889478246116,0.0010306526317789915
0.5727770964090796,0.0007153350885446512
0.5355015632148273,0.0010125013063265924
0.4962579714241708,0.0009660953864698974
0.45526007589335277,0.0006406958637637348
0.41240844961940304,8.950588020580645e-06
0.36863777967115785,0.00036450014774031393
0.3239080636442766,0.00014008807095065845
0.27856332945407647,0.0003485882024086877
0.23301737494914201,0.0006665503419496313
0.18779293739528888,0.0003256078015073339
0.1435930863791729,0.0009568456950310441
0.10143631878874693,0.0006613571814236688
0.06291761721603538,0.005062979926609482
0.030682159021297277,0.016913305866919255
0.023199551319443262,0.14129100983146492
0.052943912053867274,0.05112384667778366
0.08999868934115585,0.018019233150968303
0.13130933966267577,0.007233483413901758
0.17504074076319098,0.0048175088624535815
0.22004449715654403,0.0010810967256711234
0.2655453535288653,0.0009618340002597424
0.3109783492141918,0.0011486386197180065
0.35590352064149083,0.0010858749348312915
0.3999596248719979,0.0002986892123866851
0.44283806729715336,0.001173614439060497
0.48426770089763727,0.0013287805438731313
0.524005736214489,0.00018308304034672892
0.561832207933962,0.00084984512058832
0.5975465637583074,0.0015178209415416908
0.6309655751022342,0.001509533170710168
0.6619220806017462,0.0022176836744985957
0.6902642497085895,0.0018438097758980494
0.7158551919651819,0.0012176942404493794
0.7385727871445282,0.0009158541865168735
0.758309645106476,0.0014035896801933886
0.7749731524563028,0.0014232151897869585
0.7884855656730777,0.0012036262239094081
0.7987841169272817,0.00027495674260925423
0.8058211180552439,0.0009502009736794318
0.8095640372793235,0.0016396352916906154
0.8099955298238665,0.0022166058939071453
0.8071134373151293,0.003264727910095562
0.8009307871005706,0.0031127342350189178
0.7914757993331748,0.0033720238513146837
0.7787918697353398,0.0036871863366489035
0.7629375056210603,0.00487665401971127
0.7439862319267968,0.005435554611174399
0.7220264857623766,0.004732882598977719
0.697161519052529,0.0031511538485093898
0.6695093439819099,0.002169086687103642
0.6392027482537603,0.002096502191870538
0.6063894271995757,0.0010541015546215475
0.5712323186144518,0.00027033678240551503
0.5339102398061061,0.0015853844328218318
0.4946189942988698,0.0018218779672596781
0.45357323071961064,0.0012378551947076649
0.41067877050631474,0.0002613870545207053
0.3668633353815808,0.0006253344922706253
0.3220934711842887,0.0002926343252570412
0.2767162764421016,0.0006572537024145994
0.2311501762573433,0.0012100198284674306
0.18592523747994658,0.0011355234547904978
0.14175677034205147,0.0026611104894602236
0.09968480173668039,0.0008904580887488509
0.061343549146466995,0.00829159720973008
0.029446466697063398,0.029891202578198838
0.02206895410947979,0.17109352567557023
0.05140013442104814,0.05953668551361608
0.08823185700606946,0.01966985769548246
0.1294313506613791,0.006927342256453629
0.17311575113563885,0.0042528182040332116
0.21811049428285562,0.0006971020304367254
0.26362564436851543,0.0024289090127694885
0.30908758590148633,0.00019375630434757392
0.3540509733522373,0.0001477877037888342
0.39815104156183095,0.001108513114305861
0.4410767791642514,0.002638983549031854
0.4825553080109231,0.0028303236928222033
0.5223425500252563,0.0014319147508515147
0.5602175478898814,0.000825642878368223
0.5959789635336058,0.0002574330362435402
0.6294429312838564,0.00033006897507275787
0.6604417638316863,0.00028766370493776475
0.6888231908733424,0.00027360523347666075
0.7144499514312432,0.001012082361937044
0.7371996123898872,0.0014623002971951024
0.7569645202548497,0.0010989757034683416
0.7736518420973941,0.001238395917632253
0.7871836545595523,0.001341881215695645
0.7974970465603948,0.0013966768563899983
0.8045442208956194,0.0014008609157586565
0.8082925695818185,0.001561034985546041
0.8087247048138936,0.001768622828305295
0.8058384599204056,0.0019086196854822734
0.7996468889944368,0.0019106644916356023
0.7901782725589277,0.001990414201146668
0.777476099571038,0.002080909983228248
0.7615990044950537,0.002253190984987163
0.7426206755669934,0.002366145355938962
0.7206297523187203,0.002134120452132108
0.6957297321063994,0.001690763661747579
0.6680389208806365,0.001360015939840905
0.6376904559324189,0.0012689343819489184
0.6048324487044775,0.0009092285048598616
0.5696283351511602,0.0005815245818867968
0.5322575355859281,0.0007327226971739099
0.49291659551832395,0.0005878021610195933
0.4518210965430161,0.0002052575492507258
0.40888211115883294,0.0004922760807985752
0.36502056889590073,0.001009948840101956
0.32020961295985206,0.0007379741731087232
0.27479956676500367,0.0008037163136268862
0.22921372836212167,0.0008788319152817512
0.18398990654014968,0.001808019466524249
0.13985638138232115,0.0021459483361330055
0.09787605813303558,0.005259837924884117
0.059724898986180525,0.013335624233010246
0.028188520671823775,0.03626621120301399
0.02095646830873315,0.15902286550459002
0.04986096276001832,0.0540423800109221
0.08646173742737467,0.017373474928438618
0.12754596993897643,0.005914430375812476
0.17118128815887798,0.0036205574350084047
0.21616598541221282,0.000713255792487833
0.2616949331309128,0.0023056964036010244
0.30718558316392663,0.00018240633244348808
0.3521870504092858,0.00015477372533473016
0.39633095404661123,0.0009259764316743354
0.4393038084351888,0.002286907827704805
0.48083096786753676,0.0024279002629730693
0.5206670421971893,0.0010087467913234244
0.5585900670083054,0.00035602922761519216
0.5943979089926188,0.00025737095420441273
0.6279060598839267,0.0002259365859078042
0.6589463038643972,0.0008769682533693812
0.6873659305092217,0.00046129352342989154
0.7130273097612692,0.00024818458869888666
0.7358076985058813,0.0006208835951180351
0.7555991840325983,0.0002068159600131962
0.772308719093989,0.0002752327792550022
0.7858582066646083,0.00039886354532588314
0.7961845994441226,0.0008894986058662279
0.8032399990229634,0.0011082316870175402
0.8069917298136853,0.0014224357441263273
0.8074223702865894,0.0017257882742224054
0.8045297553833739,0.002142718710966684
0.7983269764506028,0.0020699022778055834
0.7888423855534775,0.002181688985352329
0.776119576759404,0.0023165450676345
0.7602173242374872,0.002792634586404477
0.741209492783291,0.003017497687683968
0.7191849383996773,0.0026956704473681072
0.6942474188586814,0.001997998003829541
0.6665155500199302,0.0015439345562825535
0.6361228363954783,0.0014796121394612433
0.6032178251555278,0.0009854131816474391
0.5679644727522938,0.0005815270615633517
0.530542828700545,0.0010996494613353587
0.4911502122521459,0.0011210684322787532
0.45000317806548307,0.000767250622231121
0.40701805166744165,9.696051478298273e-06
0.36310915015225886,0.0003414135116599171
0.31825626482295766,7.951902388557248e-05
0.2728131047847778,0.0001475155426461426
0.22720809828809865,0.00021646935293703415
0.18198722969428716,0.0008315435799433119
0.13789251883028145,0.0010055571761109887
0.09601117689904172,0.003900605384520578
0.05806356289402465,0.011833739894283804
0.02691144291903194,0.03469212218169998
0.019863691517894605,0.1703264430137586
0.04832776663353776,0.05719258918034313
0.08468942235578114,0.01893995991859341
0.12565409755586918,0.006976652387172362
0.16923811233504643,0.004428357611712391
0.21421161734419628,0.0006456027842426261
0.2597537656489133,0.0016910055468851287
0.30527279240658206,0.0005882480216840675
0.3503121124879957,0.0005361017770992581
0.3944996346841799,0.0005318918878852245
0.4375193410568656,0.0018632794212822884
0.4790947817985029,0.002026002968690083
0.5189792313321319,0.0007579876648264356
0.5569497032493773,0.00019758401906974944
0.5928032597980218,0.0003309132172620713
0.6263547449088902,0.00027980586181455694
0.6574354119606434,0.0008520781562884065
0.6858921103632909,0.0004309423304486805
0.7115868426947426,0.0002690676012805306
0.7343965590332663,0.0006486468732108655
0.7542130918532878,0.0002940804425011131
0.7709431850642268,0.00039055805885616695
0.7845085743853825,0.0005539854437565763
0.7948460835557667,0.0011130517312750495
0.8019077210068131,0.0013923171247931343
0.8056607523438826,0.0017569345488106308
0.8060877317969823,0.002107990692875252
0.8031865059931498,0.002591744666201407
0.796970214176569,0.002576726334138143
0.7874672912493843,0.0027543358091642227
0.7747214483605704,0.0029619869181719584
0.7587916120337511,0.0035305449201246276
0.7397518369681502,0.0038489211624819033
0.7176912097684225,0.0033351523792813607
0.6927137636915935,0.0022843220940618907
0.6649384407469243,0.0015634795421163095
0.6344991304229554,0.001433698194755364
0.601544835411548,0.000671817962871649
0.5662400552580092,7.947932155778558e-05
0.5287654952577845,0.0006120169147843065
0.4893192807801145,0.0005133092222986137
0.4481189805703568,0.000245974075715956
0.40508617465271013,0.0014501562180946153
0.3611287541199535,0.0021852796172029216
0.31623321101378227,0.0015304725882990828
0.27075680793069395,0.0014370182057008402
0.22513337298318642,0.0012597562448352067
0.1799175226438544,0.002292813168386672
0.1358658302891609,0.0019478373290796758
0.09409132617807318,0.006166977208010961
0.05636156964160102,0.018170780662999937
0.02561854719734826,0.0526958167536675
0.01879220950085367,0.1795140325199875
0.04680194508517348,0.05595239677707171
0.08291603965305767,0.015119605781597599
0.12375667145516914,0.0030902706371200507
0.16728702260093622,0.0010590916499090724
0.2122480751654841,0.003194341001516811
0.25780272536306914,0.0049900760532433095
0.30334970160405444,0.0022573733882425328
0.34842655548460205,0.002141991510256081
0.39265738950517337,0.003141211543023186
0.4357235949407558,0.00463315672032915
0.47734688127462843,0.004767853809465949
0.5172791642636854,0.00300870076174238
0.5552964208383036,0.0021865890532098502
0.5911948998738433,0.0014241694796472088
0.6247887925873294,0.0014692252789223863
0.6559088195797924,0.0006912274893654484
0.6844013903573056,0.0012123902769548473
0.7101281421633322,0.0020115339004278614
0.7329657217390173,0.002461647716297005
0.7528057114448897,0.0019943144148008582
0.7695546520827071,0.002094819638934747
0.7831341187829194,0.0021216137515692075
0.7934808138187499,0.001938984351411055
0.80054666072893,0.001780257420832561
0.804298875311989,0.0018140191889005962
0.8047199972273826,0.0019190434312678735
0.8018078950280982,0.0018765934307395115
0.7955757666478507,0.0018091240444655836
0.7860521412447695,0.0017797803625184058
0.773280859133495,0.0017491072449492104
0.7573210119354138,0.0016999615580355414
0.7382468576927098,0.0016451136085830142
0.7161477278314994,0.0013605304215976173
0.6911279462563571,0.0009363804747602049
0.6633067974741924,0.0005460115640774243
0.6328185738507235,0.0002784911444786498
0.5998127535724846,0.00020285836400035263
0.5644544021516632,0.000687664655500263
0.5269249076624173,0.0009681652659953316
0.48742323461809717,0.0014962238999511614
0.4461680078847495,0.002282197471784275
0.4030860630992257,0.0033708889550507965
0.3590790585502608,0.004564774297142827
0.31414024189732237,0.003963333387136277
0.2686306045302591,0.003955697326594472
0.22298965742131924,0.003866110222498893
0.1777811303711178,0.005729480974335118
0.1337770115257596,0.005945724465949221
0.09211775554078072,0.011000385600265257
0.054621086452325635,0.02435774207254692
0.024313343390337482,0.0639068846762986
0.017743586349230185,0.18432450985203885
0.04528492237146796,0.05600365638616844
0.08114275059613048,0.014888285935324057
0.12185466542209518,0.002957039469956455
0.16532885465524974,0.0009734869063305104
0.21027608080715326,0.0031929266163083763
0.25584243206094714,0.004939625842115917
0.3014168341401854,0.002250604462514571
0.34653080948988724,0.002130772480094354
0.39080455726240904,0.0031032160465902046
0.43391681909702934,0.00455759835561021
0.47558742711625973,0.004685586772134931
0.5155669153361597,0.0028848977459987515
0.553630209610254,0.002031509447752714
0.5895727368118716,0.0012400697091534203
0.6232080308547435,0.001275992163835347
0.6543662779157263,0.0004735009734474218
0.6828934481842414,0.0009779522775975303
0.7086508159180719,0.001754723712978009
0.7315147283018723,0.002185285450481702
0.7513765225680361,0.0016924507491329658
0.768142542435332,0.0017684925869672606
0.7817342093687988,0.0018087125089926227
0.792088111916767,0.0018106064236890545
0.7991560972200445,0.0017438268270063685
0.8029053404821238,0.0018484005968149434
0.8033183766555236,0.0020008554966204155
0.800393106635174,0.0020796659638234807
0.7941427979911154,0.0019864746294805443
0.7845960856879584,0.001977289975706105
0.7717969514077608,0.001972476706267136
0.7558046647173846,0.0020583646054611817
0.7366937005408707,0.0020592610737730564
0.714553649442559,0.0017339422587971446
0.6894891412388648,0.0011936539721955006
0.6616198194001229,0.0007460907217855666
0.6310803972116306,0.0004934732607214615
0.5980208485451586,8.737367669106949e-05
0.562606828054464,0.0005674143162372309
0.5250204340395038,0.00067803087926472
0.4854615038676923,0.0011289757243842095
0.4441497616673106,0.0018993626376004448
0.40101729958432303,0.003028927846471296
0.3569597431705176,0.00414244640778789
0.311977153169512,0.0036198213798604665
0.2664344331138973,0.0036891983368153866
0.2207770741787636,0.00371817679882706
0.17557842731215476,0.005565874742686514
0.13162680784220515,0.006001324487667151
0.09009179969436319,0.011439145750609007
0.05284442638208755,0.025990756187379553
0.02299954169219863,0.07048601758888876
0.016719349123689574,0.1862165996266926
0.04377813601390126,0.05545211821505201
0.07937073821423135,0.014893343570975116
0.11994907735419565,0.003230704212018751
0.16336446919012157,0.0012704683110572683
0.20829638135103798,0.002734870175071645
0.2538735303311094,0.004407726363238525
0.2994747374947882,0.0018603108449711547
0.3446253277170461,0.0017537301272111086
0.3889414987002035,0.002680330665462405
0.43209928324382146,0.004058663375184406
0.47381659949212207,0.004178476468205352
0.5138425768227323,0.0023709439756798454
0.5519510758731941,0.0014977200537607972
0.5879366932035155,0.0006864811477617013
0.6216123011746182,0.0007054326341349285
0.6528075502249495,0.00012190252144194297
0.681367972156033,0.0003681369174989625
0.7071544809160971,0.001072980429303794
0.7300431282333599,0.0014596955503179874
0.7499250114972754,0.0009353843765543602
0.7667062836546915,0.0009669921923734076
0.7803082196981452,0.0010178051613706513
0.7906673024435371,0.001280681350847476
0.7977353113631634,0.001339400258102925
0.801479390493977,0.0015326915647635314
0.8018820801434147,0.0017372874176688857
0.7989413241443803,0.001976235598640977
0.7926704708095463,0.0018295672272114873
0.7830982725986996,0.0018300828133451276
0.7702688648802745,0.001840829203562477
0.7542417081329801,0.0020972714264308524
0.7350915077951374,0.002150914074402566
0.7129081279944495,0.0019007295341121589
0.6877965198303954,0.0014187355304422329
0.659876702328372,0.001072059236864597
0.6292838278989125,0.0009181191609233291
0.5961683865075,0.0005041733934228178
0.5606966454454089,0.0001194478312469789
0.5230514411695314,0.00027164413483413575
0.4834335183557908,8.122426985248443e-05
0.44206374467851467,0.00039696910861422303
0.39887946969826826,0.0011629678161844139
0.35477049321836035,0.0017698854965038646
0.3097437495137676,0.001717562681084049
0.2641682462368108,0.0020507511996884233
0.21849576752192598,0.0025070574690402555
0.173309821962349,0.0039328744820567585
0.12941601981517645,0.00520265068468581
0.08801488646529503,0.01014446353618637
0.05103405956038058,0.02308069572367562
0.02168105794722936,0.0649391474216486
0.015720968557502688,0.20072332519537978
0.04228301852622085,0.05871748292916004
0.07760118784530834,0.01618922129393054
0.11804090891742564,0.0040107865883272625
0.1613947311410417,0.0018790298741874995
0.20630972814551246,0.0022366159819757776
0.25189666877836187,0.0039508930020386605
0.29752396272837867,0.0014500338361585906
0.3427105664045667,0.0013726878809017836
0.38706857696224384,0.0023161338425225575
0.43027125885068446,0.0036986683725184414
0.4720345796587055,0.0038272996956322095
0.5121062414350485,0.002229398722868626
0.550259025752119,0.0014842187680828467
0.5862866908743319,0.0007922586755929032
0.620001443693235,0.0008303649332511535
0.6512323979675373,0.00012288507449179407
0.6798246483693332,0.0005975816342747413
0.7056387515466486,0.001309521963956073
0.7285504681904591,0.0017096663919372707
0.7484506614422533,0.001273405459142455
0.7652453000662467,0.0013518849733630072
0.7788555200572937,0.001423641318192076
0.78921770673851,0.0015750396686622379
0.7962835808797056,0.0016039889482777497
0.8000202649970218,0.0017748745574125194
0.8004103150116942,0.0019752732584843334
0.7974517284707264,0.0021602891712294552
0.7911579456950829,0.0020931937906339382
0.7815578484660454,0.0021359845958909386
0.768695738279095,0.002190079103968998
0.7526312795950758,0.002403844174556735
0.7334394221141859,0.002492319017673536
0.7112103180434283,0.002118263532467131
0.6860492552541115,0.0014431614142036953
0.6580766450461916,0.0009239643349246908
0.6274280973288328,0.000706922974762185
0.5942546388023014,0.00014708399571131882
0.5587231732312191,0.00045049035222426414
0.5210173036720063,0.00036604138095248446
0.48133871734997175,0.0007207819319832981
0.4399094709998177,0.001470106263660491
0.39667217265350385,0.002641894970285496
0.35251101041677707,0.003660565049126018
0.3074398558796376,0.0031307353380135377
0.26183202204622236,0.003189208101887082
0.2161459153268552,0.0032093066202545303
0.17097576934838937,0.004916291550224817
0.127145516742838,0.005268714067865005
0.08588855214033808,0.01078979581063495
0.04919263088901395,0.02625114795418145
0.020362021224413922,0.07643425729502153
0.014749839263135552,0.21184415812317017
0.040800977084736754,0.0598767333276472
0.0758352646003673,0.01589600055767408
0.11613114148393165,0.003569304531165254
0.15942048474683052,0.0014843990899004388
0.2043168515327031,0.0026235955829392124
0.24991247476407621,0.0043261461950527555
0.2955650394926172,0.001770977536380829
0.34078696030036204,0.0016745760521544209
0.3851861337090098,0.0026128231690602556
0.42843299602752816,0.003998793963000017
0.47024152773468136,0.004121949389123372
0.5103579810996451,0.0024490511736446853
0.5485540450584672,0.0016611789081415775
0.5846226319319437,0.0009307798588359416
0.6183752795829516,0.0009657413739309953
0.6496405644709423,0.00022331488278840882
0.6782631457511055,0.0007002431565826158
0.7041032261109059,0.0014238250415070633
0.7270362799401352,0.0018263366993449646
0.7469529420269128,0.0013678273159574567
0.7637590038321901,0.001438931283467303
0.7773754700822716,0.0014871894235884912
0.7877386371052291,0.0015485791739576788
0.7948001761584957,0.0015196098205234327
0.7985271980935537,0.0016440321410399192
0.7989022848976879,0.001806464649910387
0.7959234987781197,0.0019217288896650898
0.7896043834818821,0.001834654312413105
0.7799739620688054,0.0018394598972868027
0.7670767147153764,0.0018504836727820044
0.7509725230372604,0.0019781799036111057
0.7317365948392353,0.002004565434743678
0.7094593850286012,0.001761971914189301
0.684246533832993,0.0013346431304584044
0.6562188616793369,0.0009972324560650018
0.6255124545118087,0.0008270029444575504
0.5922788966523594,0.0004307130861773994
0.5566857525231328,3.990187737868357e-05
0.5189174207571107,4.372578214316406e-05
0.4791765671966095,0.00023854658624721683
0.43768648445189595,0.0007791247078138054
0.3943950404094092,0.0016005068271210548
0.3501810326668358,0.0023615113759511103
0.305065337667389,0.002318207115200123
0.2594257848739614,0.002715055451399904
0.21372775003593492,0.0032592573123321014
0.1685767924102776,0.005050980361192917
0.1248162587722081,0.0066680826350261485
0.08371446498269952,0.012653678772229145
0.04732298459110153,0.028577209187901943
0.01904678280436923,0.08350165965566576
0.013807262881141211,0.2073942815977937
0.03933337598219456,0.05709889164120347
0.07407409334959902,0.015102012548742905
0.11422071437241886,0.003510036307806668
0.15744253083344334,0.0015534177855904819
0.20231843768208937,0.0022572973844197566
0.24792153116352503,0.003821754928736503
0.29359845298884185,0.001451284850845332
0.33885490003855473,0.0013573543788476163
0.3832944671012877,0.0022168937625688195
0.426584702246386,0.0034865366925396235
0.4684375623392817,0.0035923679410851117
0.5085978275949868,0.001919815185237221
0.5468360810502788,0.0011095685312525637
0.5829443817464252,0.00035748081600646024
0.6167335952926645,0.00036887543500762807
0.6480317605754783,0.0003952390735248407
0.6766831031723562,0.0001405465248076687
0.7025474754701788,0.0006818651681331964
0.7255000705991823,0.0010268859116059931
0.745431301178028,0.0005334999873546125
0.7622467885151485,0.0005501740394868467
0.775867414052433,0.0006235721649405254
0.7862293938490204,0.0010635488163455312
0.7932843590616252,0.0012237726205157468
0.7969994189267707,0.0014858992931026905
0.7973571921232339,0.0017362437946142016
0.7943558166233224,0.0020937475506263405
0.7880089511550812,0.001949636864789845
0.7783457721299443,0.0019886756187931336
0.765410951057943,0.0020448209935049616
0.749264599970902,0.0024393789785928607
0.7299821987010842,0.00256984405953627
0.7076545195639311,0.0022753772270041974
0.6823875708203611,0.0016653736640708766
0.6543025989945536,0.0012545906704453486
0.6235361847757528,0.0011314601955393308
0.5902404912073727,0.0006570542942337797
0.5545837679209057,0.00024333146492181747
0.5167512386533559,0.0005914671510383702
0.476946584790939,0.000499962906257887
0.43539438299417565,0.00012919288384732202
0.392047762894956,0.000748175326048436
0.3477803599635226,0.0012474211767509044
0.3026201272202547,0.0014093741576092615
0.25694963217436717,0.001957852406027729
0.2112415859484515,0.0027470141601021237
0.16611350963921337,0.004331450308992241
0.12242932505069719,0.006389103570362637
0.08149445427999769,0.012653403175369882
0.04542819291895792,0.02958793661625639
0.017739923255998716,0.09056418654648433
0.012894435916883454,0.22667726278157344
0.03788152483492236,0.06059414948979447
0.07231874488756106,0.015992917021573492
0.11231050944456644,0.0038016799600102936
0.1554616104751234,0.0017023500855516945
0.20031511178206737,0.002233414876504856
0.24592435941634708,0.003852395399360372
0.2916246271246092,0.0014885954213897437
0.33691471559945463,0.001416713126775108
0.38139381572516207,0.0023029286391234105
0.424726526889302,0.0035980998820733705
0.4666227458494361,0.0037184962986913073
0.5068257586730274,0.002222836356953313
0.5451050295005728,0.0015285552435194989
0.581251757062895,0.0008855771271918747
0.6150761318098446,0.0009264178610941065
0.6464056551022087,0.00026929838697872853
0.6750841211932689,0.0007158657916999336
0.7009710361313302,0.0013887619867162491
0.7239413171165335,0.0017678437843781987
0.7438851610526331,0.0013686530252469342
0.7607080264978919,0.0014494249371224137
0.7743306798284381,0.0015183809804678794
0.7846892657731335,0.001634154059393922
0.7917353849936026,0.0016515857670460772
0.7954361553352772,0.0018053886160979806
0.7957742429480257,0.0019912424188278277
0.792747872807745,0.0021516345723668435
0.786370830293422,0.0021023287729698818
0.7766724573352163,0.0021489635839901646
0.7636976295059938,0.0022064784231431633
0.7475067025809273,0.0023964364940357776
0.7281754424051501,0.002484435526195656
0.7057949534677719,0.0021905421350750607
0.6804716278290743,0.0016494656359648545
0.6523271551652395,0.001238117885345789
0.6214986297657964,0.0010819357672581576
0.5881388147431812,0.0006189454543448943
0.5524166698336916,0.00017927480681024783
0.5145182739640364,0.0002868254452316868
0.4746483618758662,3.554112694985524e-05
0.4330328438670452,0.0005436307299582921
0.3896301138821866,0.0014550220710592208
0.34530888090206385,0.002231242892008115
0.30010425079425146,0.0021896079769772253
0.2544037618797345,0.002629045006436765
0.20868784687498243,0.0032410884938341663
0.1635866629776919,0.00515442443414682
0.1199859420086955,0.006973020158215346
0.07923053928249423,0.013822883244182274
0.04351158377530666,0.03282317077409789
0.016446252516597024,0.10335018198306975
0.012012441736506271,0.2903533668369577
0.03644667225616115,0.07442608022406558
0.07057022825452161,0.018530055969887556
0.11040134216011513,0.003710935667895968
0.15347839526670917,0.0013655077990967254
0.19830742789748632,0.003358748907541643
0.2439214092265703,0.0052732525988719555
0.28964391424944025,0.002275722109224624
0.33496666623343985,0.0021347116064058926
0.3794843488328559,0.0031931140101418274
0.4228585519127461,0.0047675999301835855
0.46479707559520234,0.0048949988249972955
0.5050416898668539,0.0027545603027868282
0.5433607271905547,0.0017159165409983278
0.5795445192644975,0.0007544101428798891
0.6134025787511475,0.0007733836353353209
0.644761869833773,0.00019793220066691494
0.6734657579872853,0.0003656053595177865
0.6993734071628376,0.0011645110856778674
0.7223594642237605,0.0016026874247808917
0.7423139170594606,0.0009835758004362698
0.7591420691077518,0.0010088065773669857
0.7727645801045093,0.0008920017199353355
0.7831175325768269,0.00030704426913650526
0.7901525064595772,0.00016143613066981502
0.7938366385822617,0.00036718033977149923
0.7941526534684252,0.0004896754321823505
0.7910988744428976,0.0008888322252671296
0.7846892252925717,0.0011456715321426856
0.7749532256999802,0.0014418357662527076
0.7619359680793647,0.001774305015566454
0.7456980653151554,0.0023019243566895927
0.7263155832853976,0.002768766678375118
0.7038799734581964,0.002072778322871876
0.6784980275010803,0.0006974237451400397
0.6502918953923223,0.000319833813760509
0.6193992039950021,0.0004011725537467163
0.58597333804937,0.0013949394441246316
0.5501839926413296,0.0022250420454109692
0.5122181325343445,0.0015572427349134306
0.47228158454059654,0.0017200326311640134
0.430601643641906,0.002635726901228005
0.3871419715108235,0.004305208834546898
0.3427665935642009,0.005328378563076789
0.2975178497577263,0.003999080426107592
0.2517884937850558,0.0033642401426717834
0.20606708762557474,0.002318719061006048
0.16099713950556804,0.002971596140475482
0.1174875054820616,0.0003622893714318601
0.07692495212495051,0.0032535274114194527
0.04157676196656766,0.01478796231251472
0.015170798202782254,0.05378217588144392
0.011162244850206324,0.24512894388522638
0.0350300026195712,0.06181312236363032
0.06882948655697513,0.01627832799758344
0.1084939564041007,0.004203880967608864
0.15149348154022493,0.002064620582684706
0.19629586285094253,0.0017291338814481865
0.24191305231322144,0.0032648167886336846
0.2876565889219962,0.0010571408411610165
0.3330109343580033,0.0010020444901535645
0.3775661604593793,0.0018370656916247802
0.420980786258947,0.0030458700734696427
0.46296047863394246,0.003156766079689157
0.5032454696632758,0.0018328336633263286
0.5416029475703111,0.00122677435399724
0.5778223705142644,0.0006654369910672551
0.611712571044918,0.0007043511342601302
0.643099976776724,0.000126488628979387
0.6718275272129374,0.0005403276621679681
0.6977540487002128,0.0011545240972260006
0.720753923593928,0.0015039908463418536
0.7407169376878179,0.0011542433452979557
0.7575482471266972,0.0012361071911733837
0.7711684136096513,0.0013123889737066197
0.7815134667471358,0.0014526680269300789
0.788534975655584,0.001493457203522903
0.7922001066334861,0.0016547546891303344
0.7924916535782232,0.0018427945739018365
0.7894080495824635,0.0020183801162039525
0.7829633686536703,0.001987280663406862
0.773187320495821,0.002050012277041671
0.7601252271614487,0.002125041565819992
0.7438379720183016,0.0023356985295246097
0.7244019350020866,0.002446735873313171
0.7019089293742915,0.002017222199723656
0.6764661622410694,0.001247728408595738
0.648196261087358,0.000651023071948486
0.6172374044293741,0.0004090325076155551
0.583743620389818,0.0002916389517728819
0.5478853649855353,0.0009145985061289023
0.5098505200249891,0.000843551038219321
0.46984604402755625,0.0012640861901797914
0.4281006692104903,0.0021400407961015486
0.38458332941548357,0.003511530238921581
0.34015361673077915,0.004729727913591911
0.2948611918395967,0.0038687984288149546
0.24910428082347294,0.0036886025298324865
0.20338000541742982,0.00332766759153265
0.15834598308655623,0.005064874549041405
0.11493559303447633,0.004531561035897071
0.07458015143580242,0.01026956792974298
0.039627621272101565,0.028709310928665414
0.013918779480307938,0.09963867496233808
0.010344686175815581,0.25908290501367304
0.033632633983576486,0.060528743101331446
0.06709739404619917,0.0131965890550265
0.10658902061534256,0.0015324458771557516
0.14950738590864385,0.0004083575727996991
0.194280811501432,0.0039505573968711275
0.23989957760709388,0.005395771971940746
0.285662843147343,0.0028762451783103014
0.33104762091961165,0.0027055949996537807
0.375639264968825,0.003521782788171606
0.41909316163232735,0.004770362639773819
0.4611128077888608,0.0048554765685570435
0.5014368758443619,0.0030940420932713294
0.5398313973857678,0.0022405781535580417
0.5760849507500462,0.0014551002044986957
0.6100056862695801,0.0014767018185506988
0.6414194958382827,0.0006988517414909759
0.6701688960310432,0.001134623305318533
0.6961123803037874,0.0018243035646908824
0.7191240725376322,0.002197112113654682
0.7390935635354062,0.0017159055591801757
0.7559258701431596,0.0017603102476507599
0.7695414647724389,0.0017777713046459827
0.7798763335270393,0.0017854261770769478
0.7868820447159397,0.0017157507094181436
0.790525804676994,0.001800369797676419
0.7907904877403362,0.0019250620066445638
0.7876746482261412,0.001991845279997402
0.7811925221974662,0.0018786279279668441
0.7713740216516635,0.001847542078891319
0.7582647110627697,0.0018193878428698447
0.741925757632373,0.0018878783741333358
0.7224338693525869,0.0018640241879222476
0.6998812360720054,0.0015550905238249342
0.674375496163914,0.0010506456887656934
0.6460397718432861,0.0006264441497453918
0.615012812465326,0.00036429891952980114
0.5814493114478556,0.00016938378255006267
0.5455205116572317,0.0006749935659065992
0.5074152437155577,0.0008281283668587305
0.46734163842628146,0.0013053062993403093
0.42552991934702294,0.0020925006027077207
0.3819542981457268,0.0032409943017735698
0.3374701911485444,0.004421595908078189
0.29213467225312745,0.0043675432678851375
0.24635171012587131,0.004954234180250829
0.20062744093864227,0.005755892735246892
0.1556343958311068,0.008575189468501563
0.11233196647261463,0.011145304048861611
0.07219882681282036,0.020867284775823176
0.03766834760935247,0.048994986895416315
0.012695566145358056,0.1662088185194292
0.03225561703851898,0.05911521007852255
0.06537475434415838,0.01189350588633619
0.10468712512640606,0.0010485860003170433
0.1475205421519619,0.0009808373007641656
0.19226258342744523,0.004397844742680621
0.23788118790089868,0.00573400546487025
0.2836627830918956,0.003174763895018697
0.32907674223069466,0.002958652937105005
0.37370359404826087,0.003727897930689072
0.417195529666396,0.004931945393297709
0.4592538389960845,0.00499335518909654
0.49961561301150237,0.003356130494987943
0.5380457143834358,0.002572567787160506
0.574331835524097,0.0018546051403137474
0.6082814426268004,0.0018774260802702123
0.6397198929396665,0.0011667340220548146
0.6684892833384514,0.0015953663254774716
0.6944477792925738,0.0022722225332026226
0.7174692524152003,0.0026473539387887575
0.7374431057771789,0.00222468804029349
0.7542742250538435,0.002298478235734117
0.7678830022314052,0.002312124052528493
0.7782053894091915,0.0021532815309767807
0.7851929641714184,0.002012706697577697
0.7888129835121921,0.0020400805888561467
0.7890484132803083,0.002129955803810949
0.7858979404920585,0.0020963923162240724
0.7793759750909208,0.002037196168052471
0.7695126436103407,0.002014315837543808
0.7563537656840211,0.001992075473139457
0.7399608056436523,0.001959468878431871
0.7204108134806324,0.0019207086448398121
0.697796370375678,0.0016269560769946597
0.6722255617671584,0.0011792452019379958
0.6438220218386196,0.0007749618412330007
0.6127250900136145,0.0005145603190868788
0.5790901471012787,7.458959545746434e-05
0.5430892490410716,0.00047328215663322337
0.5049122076132746,0.0007279207679820119
0.46476836744523264,0.0012517136301799696
0.4228894991490904,0.002058824682540119
0.379255099298193,0.0032006482652853765
0.3347166733800182,0.0044525281699104
0.28933880732927403,0.004405460997138915
0.24353149653683215,0.00502005078586013
0.19781037202928822,0.005864577262903945
0.15286373235089284,0.008890799365105284
0.10967856757072106,0.011699743246360115
0.06978389714514592,0.022151097165574726
0.035703415900971064,0.05294636363698223
0.011506624050466934,0.18804459802236395
0.030899936495775035,0.16178032432968284
0.0636623015617371,0.06454108253932234
0.10278878264336144,0.03577646702839811
0.14553330135564557,0.026105469667122117
0.19024140293692884,0.01786736706295646
0.23585799986225126,0.013591190213774218
0.2816564291544171,0.014779990232353862
0.3270982301232313,0.013780893352376923
0.37175899694547754,0.012093918230942113
0.4152876622376163,0.010148629662654039
0.45738327167660564,0.009703802875436455
0.4977813129914111,0.003206160329731574
0.5362454677273889,0.0010094722351269394
0.5725625363986515,0.004848577267575188
0.6065392993111942,0.005541890161342509
0.6380005802889599,0.008977470468437158
0.6667880599228952,0.00984357269895676
0.6927595807476068,0.010358789777375768
0.7157887684560718,0.011323088503892619
0.7357648457679129,0.014200336485829653
0.7525925754179598,0.016091675165337087
0.7661922779105046,0.01635082053664813
0.7764998809027185,0.008849097571016241
0.7834669813753798,0.005779296615198036
0.7870608976134255,0.0034259609691360965
0.7872646980654495,0.0022493978770862983
0.7840772138883562,0.002267673734496824
0.7775130406898441,0.0004699152391663129
0.7676025317231895,0.0010739924171427042
0.7543917744457697,0.0016448189252587296
0.7379425435332312,0.002980662601795764
0.7183322448362511,0.003466811880438405
0.6956538655382646,0.0024368875605723056
0.670015953887326,0.0006520674532154891
0.6415426732509715,0.002039179380130399
0.6103739724099448,0.0024277701834680148
0.5766659418147921,0.004481073781427384
0.5405914770150845,0.005864260492995696
0.5023414038723825,0.0016304250301571305
0.4621263233723965,0.0004459646181111451
0.42017961057021486,0.000432063053885103
0.37648605567064874,0.0018356010943121014
0.3318935256408108,0.00020326821775358404
0.2864742241389827,0.000493956986162647
0.24064447221452015,0.0011721493473358915
0.19492990353808082,0.0022833171187200308
0.1500354904306927,0.006824248998458192
0.10697751059113715,0.012744053647397585
0.06733850620731616,0.02066614158427806
0.03373758343588831,0.036399894721909146
0.01035744788039232,0.12468965800273775
0.02956651604634632,0.06805947243035222
0.06196070589197801,0.020559255368905804
0.10089443360842053,0.00826563444552342
0.14354593713534575,0.005512329522666225
0.18821741429595318,0.0020430109016256284
0.2338300492614382,0.0004823616090395787
0.2796437212115925,0.0020528744549566705
0.3251119371904485,0.001976368582127737
0.36980524567678863,0.0012614216725269239
0.4133692566009733,0.00023546140076946437
0.45550073375924516,0.00014082981938258086
0.49593353970456233,0.004929755688474712
0.5344301626688404,0.007671190361478959
0.5707765053849363,0.010279377067836395
0.6047786606420917,0.010633685104124812
0.6362609201998971,0.01315510325260872
0.6650645519117205,0.013184166980980608
0.6910470805538163,0.012779179644660464
0.7140818923560416,0.013006167453284872
0.7340580371598822,0.015112948190290042
0.7508801630620059,0.016218494368018144
0.7644685280801209,0.015170330607619058
0.7747590450225614,0.004127837712104732
0.7817033403977709,0.0018712686076314097
0.7852688044039556,0.006167519151986495
0.7854386191371182,0.009517039739142934
0.7822117712881955,0.01705428230454235
0.7756030538428895,0.015625087076049888
0.7656430588737536,0.017096200536622343
0.7523781542258438,0.018960298934869772
0.7358704380255725,0.02748900793536061
0.7161976857367245,0.031212511090699765
0.6934533051201924,0.02580230318160821
0.6677463229052573,0.013845848387064203
0.6392014488299868,0.006340145959056546
0.6079592603560521,0.005232683357820137
0.574176579963778,0.0035753355976537275
0.5380271696901603,0.010016465074183065
0.49970290297677733,0.0010441374259790813
0.45941568074461936,0.0009673170311761418
0.4174005416276102,0.005647161739583388
0.37364758007992516,0.01796155236416517
0.32900130431327784,0.02266170416698592
0.2835416488340735,0.012805704204270149
0.23769157496567983,0.007408735489523466
0.19198725601678193,0.0013550619357317582
0.1471513007581326,0.002383812523616166
0.10423107413823099,0.028439944789158036
0.06486601790591427,0.01933834606094281
0.03177588141033939,0.06736810628666635
0.028256226379361777,0.07958402480194578
0.06027058329897109,0.020663955812558227
0.09900445621220928,0.0059126916903529765
0.141558655777736,0.0030971192747729095
0.18619069191100604,0.0011256079539623415
0.23179730119116537,0.002790469676638474
0.2776245287953067,0.0008341975493954424
0.3231176468650986,0.0009034635897760836
0.36784204494529077,0.001808283967448318
0.4114399450890458,0.0030423303999780383
0.45360579110182053,0.003217645436847601
0.4940717982519013,0.0017071226967475628
0.5325992492372743,0.0010002708786799963
0.5689731431774719,0.00034622870545456214
0.6029988838157602,0.00040939669658913606
0.6345002323091019,0.00025552503778578784
0.6633180474070215,0.00020333692626801764
0.6893095414187529,0.0008004686696497919
0.7123478676403716,0.0011506303234954899
0.7323219105755565,0.0007322885288488011
0.749136212031377,0.0007807155792356932
0.7627109765600568,0.0008654855501257822
0.7729821117198732,0.0012176457560262757
0.7799012836631405,0.0013515611179290216
0.7834359650848842,0.0015885197847982891
0.7835694627190747,0.0018252658132577812
0.7803009301072628,0.00213225786494681
0.7736453692369722,0.0020429573077983326
0.7636336229891559,0.002105059578195229
0.7503123520408826,0.0021836946515591785
0.733743990948471,0.002532027847772802
0.7140066984174804,0.0026758422066354343
0.6911943172477926,0.0023806992232055365
0.6654163682337306,0.0017775513400356054
0.6367981246272486,0.0013597298157013629
0.6054808119244671,0.001243787972301689
0.5716220071728974,0.0007686762208138732
0.5353963660946008,0.0003466471050577551
0.4969968438358728,0.0006623105711251812
0.45663668590763434,0.0005456774821736664
0.4145526554931535,0.0001376111727409253
0.3707401640702635,0.0007936388329347715
0.3260406483767151,0.0013789330047115262
0.2805418949501202,0.0019340681218367013
0.23467383668967354,0.0029655104334120725
0.18898375467463346,0.004523262884244698
0.1442129170461799,0.007173209052930152
0.10144169370428871,0.011701832305231013
0.062370012333211246,0.02361500223997846
0.029823605126941127,0.06078347036388995
0.02696989452337184,0.062085964063961614
0.058592507353576205,0.012992310578246447
0.09711917881267057,0.0019449680750910484
0.1395716089280838,0.00046332756899895215
0.18416125314711826,0.0027169538068571066
0.22975966290159008,0.0039018468254653532
0.27559866384499787,0.0016996495424467161
0.3211150860128635,0.0015251285165072202
0.3658690444973497,0.002185325438237239
0.40949930716030186,0.003202385752386691
0.45169795916634625,0.003239376332723215
0.49219554615596245,0.0018122188995051255
0.5307521330055143,0.0011142772604789733
0.5671518094030539,0.00047137883400205643
0.6011992885607448,0.00046118554210339746
0.6327178025763468,0.00018446312738938683
0.6615478048185213,0.00018028138383902268
0.6875462004733576,0.0006779432969182923
0.71058591650709,0.0009496438375773746
0.7305556796617383,0.0005346851244117288
0.7473599338281143,0.0005387354086225142
0.7609188391181296,0.0006278787453767165
0.7711683074225001,0.0011706149694201257
0.7780600546148796,0.0014042561317602865
0.7815616464176479,0.0017042516714980565
0.7816565251113292,0.001977258684951124
0.7783440223084922,0.002407899154560058
0.77163936051164,0.002298405053628858
0.7615736452722687,0.0023848802390647856
0.7481938424062015,0.0024956311270811667
0.7315627357352588,0.0029895870360695286
0.7117588806953816,0.0032017034321764042
0.6888765694610308,0.002762966396099723
0.663025832375912,0.001873057984670623
0.6343325232984686,0.001258331896996157
0.6029385351439027,0.0010938711664801452
0.5690022222118977,0.00041493079427362304
0.5326991614455089,0.00022161464529106307
0.49422342448537615,0.00025580694531703133
0.4537896471974244,0.0001011019723312928
0.4116363802309311,0.0006012641051597953
0.367764367299455,0.0018202234972584147
0.3230122685533226,0.0026383649039452583
0.27747585247226453,0.003001987680052721
0.2315923725916745,0.0040038118409496245
0.18592081916045736,0.005495560630955037
0.14122220713966363,0.008492934853041022
0.09861195536934626,0.012900399887541712
0.059854283033433334,0.02668175347489701
0.027886302541971317,0.07201682603964735
0.02570831250274738,0.05950093046192603
0.056927020795917,0.01096019898014475
0.09523889229197334,0.000920799233344769
0.1375849062689792,0.0008794156239318537
0.18212907115070293,0.0037613187540548884
0.22771699661752523,0.004845908204137133
0.27356589345584326,0.002698126620469961
0.3191039375015128,0.002510488133127972
0.36388585143910746,0.0031354158985912087
0.4075468813946337,0.004113723741734584
0.44977671463063706,0.004157117548363006
0.4903042045309124,0.00234730913543056
0.5288881857505014,0.0014218190501099313
0.5653118327101935,0.0005702183286051713
0.5993791666406955,0.0005483551854692423
0.6309128921721447,0.000281341618818884
0.6597530610709125,0.00012982464781740512
0.685756276795767,0.0005872170402999152
0.7087952466223725,0.0008435894034549639
0.7287585471338731,0.00028851919447111856
0.7455505326820818,0.00022186809739878382
0.7590913279496008,0.00029702436125766637
0.7693168587081428,0.0010583738576123618
0.7761789005779773,0.0013686954857462534
0.779645122758875,0.0017311000103378334
0.779699113894275,0.002035156869333225
0.7763403947761655,0.0025925257517231434
0.7695844198067311,0.0023680938464030166
0.7594625689343887,0.0024109140629663987
0.7460221252638458,0.0024799788319330327
0.729326234564935,0.0030956417392497817
0.7094538623413184,0.0032920474738419867
0.6864997643423258,0.002846875920501505
0.6605744958440809,0.0019155030775419965
0.6318045083512058,0.0012956928861235473
0.6003323816003571,0.0011102969746914159
0.5663172699936756,0.0004004645471089974
0.5299356995962672,0.0002609511675042892
0.49138289400100793,0.0003112102617768885
0.45087492641612575,0.00018912805110511216
0.408652199890525,0.0005046550320063689
0.36472080833957415,0.0017326525490619115
0.3199169379262558,0.0024994495374170062
0.27434447843086396,0.002928007289671719
0.22844837200455592,0.003993287813087754
0.18279995503867177,0.005591586172182382
0.13818114591976016,0.008622935766132768
0.09574459144821947,0.013343063573715213
0.05732283606345102,0.027968214126566984
0.025969760844326964,0.07759184478027227
0.02447224417846235,0.05937566469161075
0.055274645384192134,0.012323457253651473
0.09336386063350655,0.0020143028675281126
0.13559862637970502,0.0005523804997830948
0.18009408582224604,0.002265931865900621
0.22566913053355853,0.003329273881597467
0.27152595078499064,0.0015134806874148867
0.31708385094708275,0.0014013057585263186
0.3618920407698454,0.0019864814964753565
0.4055821757530372,0.0028656192439078347
0.44784150532243083,0.002918006548782042
0.4883971676442674,0.001520358362043242
0.5270067546067855,0.0008212188697460438
0.5634525194823209,0.00017734257457288215
0.5975377900761424,0.00016872102254349717
0.6290847451724115,0.00046846951679170535
0.6579330387497004,0.0002196855864645885
0.6839389779714408,0.00027739897291058775
0.706975057080008,0.0005036319867887313
0.7269297101134613,8.044132216732466e-05
0.7437072102488465,5.532215464892985e-05
0.75722765572211,0.0001623433548699192
0.7674269956861726,0.0009014928869698858
0.774257075463858,0.0012403311004714564
0.7776856780949123,0.0016109252784668898
0.7776965492920518,0.0019250885714732302
0.7742894100099648,0.00248705645674962
0.7674799577970651,0.002341627066504167
0.757299858571232,0.0024417217549275783
0.743796724716278,0.00257176774197002
0.7270340764673887,0.0032098900920160527
0.7070913025744854,0.003474083416747794
0.6840636364209076,0.0030491308218384373
0.6580621734862049,0.0021270446707649174
0.6292139799064563,0.0015287033915248247
0.5976623416867007,0.0014175271257306494
0.5635672363459919,0.0007494821210086552
0.5271061673571356,0.00019682550223880792
0.4884755464466499,0.0008576781872558888
0.44789293241683126,0.0008623712682141066
0.40560064781061417,0.0003769659043007398
0.36161015777414496,0.0007596839470686191
0.31675548492905625,0.0012890000181171556
0.27114878993350877,0.0018971516417173495
0.22524309172569035,0.003061820818065158
0.17962274784840165,0.004849202384831723
0.135091810864931,0.007690140020004252
0.09284247887403976,0.01294729591198493
0.05477989142381275,0.027896229346598703
0.024079990516854402,0.08000667224548455
0.023262429973668976,0.06095638258949815
0.053635889554193183,0.012875535021265358
0.09149432917503691,0.0024496165183687125
0.13361282518182346,0.0009062364594759645
0.1780562123319988,0.001866476039086458
0.2236158673217756,0.0029192136162376095
0.2694785434839466,0.0012142718596322986
0.31505445105916113,0.0011275357520339527
0.35988716355352784,0.0016991790782611388
0.4036046755477812,0.0025441547735275856
0.44589175795170505,0.0026006808480072614
0.4864738103786718,0.0014113867359691848
0.5251071692309229,0.0008324377428070997
0.5615731606707758,0.00029946028020883127
0.5956744176240919,0.00030492328348941697
0.6272325946627405,0.00022815377981919095
0.6560869518121343,0.00010351165331962674
0.682093505391017,0.0004883394843911924
0.7051245432708332,0.0007149442047570108
0.7250683645542708,0.00037037635347444156
0.7418291695836728,0.0003728024404010183
0.7553270390892003,0.0004888215658400895
0.7654979550442558,0.0011529748706602535
0.7722938423496489,0.0014695003410580062
0.7756826081468532,0.0018203060094225377
0.7756481658040115,0.0021279763660011493
0.7721904472858148,0.002645227766551277
0.76532540438457,0.0025672170467190233
0.7550850003976445,0.00270297458901621
0.7415171888143665,0.0028697857095915298
0.724685876672307,0.0034734408316051757
0.7046708889870058,0.0037685177045143213
0.6815679506886325,0.0032595459666474582
0.6554887126225034,0.00220517482966902
0.626560872490056,0.00148725986849333
0.5949284420488574,0.0013378928285982107
0.5607522451367817,0.0005578553813635156
0.5242107913316717,0.00016714807636358128
0.48550171744433246,0.00048695799552782174
0.4448441174585722,0.00037819465459295654
0.4024823027951132,0.00039620967558980444
0.35889572886528587,0.0017397771662011111
0.3139740184076959,0.0025815921682228312
0.26831403730429393,0.0030385127808897658
0.22237618436055465,0.004218582695608318
0.1767569980920532,0.0060122047954670405
0.13228178105997707,0.00947690287578679
0.09018176139202692,0.015006376224895247
0.05243570671166529,0.03275987598559717
0.022345861366666234,0.0974568106862031
0.022201729571737133,0.05967054789433301
0.052216595000669976,0.00874807315322109
0.08990324264910952,0.0017173050011680966
0.13195259518650185,0.002065927978807535
0.17638118558532961,0.004646995319539281
0.22195505866282578,0.005545932542779715
0.26784730040975074,0.0033957131750332365
0.31346035678541845,0.0031526618101878675
0.35833314708984554,0.0037063202280666866
0.4020907323646786,0.00460839258249799
0.4444159495252734,0.004629491403634246
0.48503287281775054,0.0027126387908569223
0.523696901089908,0.0017181450848723866
0.5601886814099685,0.0008062055648980366
0.5943103477166679,0.0007748681099206168
0.6258831868983211,0.00010612278636829378
0.6547461913497565,0.0002318359877426571
0.6807551893384588,0.0007341072556947525
0.7037823465380186,0.000974394120116009
0.7237158962904836,0.00038612992489115143
0.7404600230008322,0.0002950917020914044
0.75393483649703,0.0003541244960037524
0.76407638939271,0.00113711146769603
0.7708367162932431,0.0014462992739754533
0.7741838716477898,0.001805137555435057
0.774101953241492,0.0021006479503672534
0.7705911145688694,0.0026633364024390904
0.7636675659288101,0.0024095280776050888
0.7533635657869933,0.0024322174908156416
0.739727399601521,0.0024805181720241785
0.722823344428354,0.0030983385580530625
0.7027316360857626,0.003275686350650823
0.6795484555323067,0.002774595074984974
0.6533859615727353,0.0017560860981130641
0.624372421769552,0.0010602902205136286
0.5926524944513427,0.0008128207049903309
0.5583877489144081,0.00014349401203411153
0.5217575727331158,0.0007619358975497581
0.4829606650332231,0.0002626624778419644
0.44221744766316656,0.0005003288102235972
0.39977395592216874,0.0013484666125183442
0.35657588078101954,0.002846744397654954
0.3115704184342016,0.003903003014394196
0.2658374519741582,0.00438826843451948
0.21984400101572926,0.00568081383005428
0.17419786219029992,0.007630873882912984
0.12974460910504326,0.011667690453218787
0.08775393097140127,0.01784449305644475
0.05027949261887549,0.03806994851407145
0.020755184779802295,0.11376410591512111
0.021279621054453666,0.06273259585714715
0.05100814345986781,0.00906471025382664
0.08858410040767363,0.0017086024829263513
0.13061307086663354,0.0020424490783094444
0.1750653062947455,0.00465645598305769
0.22068382563367264,0.005556882616140821
0.26662992274723646,0.0033646197236408123
0.3122996839141777,0.0031123686155619876
0.35722840693380553,0.0036680526901327055
0.40103898090433704,0.004576384791148586
0.44341287669740664,0.004592737646794144
0.4840732726231549,0.002884361808282221
0.5227749594039661,0.0020172334369812444
0.5592981612402202,0.0012247439749723478
0.5934447149845267,0.0012094834600131323
0.6250357007813867,0.00044948078031470113
0.6539099729886814,0.0007659289411481569
0.679923277048967,0.001296757926751247
0.7029477424140169,0.0015591239718531552
0.722871607167766,0.0010660494289803303
0.7395990976130118,0.0010326445580940706
0.7530503999193928,0.001074780546340386
0.7631616755432207,0.001540686324765545
0.76988509908554,0.0017060483808487596
0.773188895471129,0.0019520990223724256
0.7730573634228282,0.002175878647688523
0.7694908880442326,0.0025371467808929585
0.7625059417521091,0.002370837747099701
0.7521350750913043,0.0023931685564092765
0.7384268952223635,0.002433841782122407
0.7214460310175598,0.002838196991265174
0.7012731018605779,0.0029619023536025055
0.6780047070214624,0.002501731918295126
0.65175346309933,0.001622445346935424
0.6226481423544188,0.0009824141175796446
0.5908339661012587,0.0007235679814711776
0.5564731425861182,0.00012978338467671527
0.5197458019322572,0.0007384957653141897
0.48085153314790025,0.00048511945427405614
0.44001186572588386,0.0008478073558777317
0.3974742763512638,0.0017490685833014138
0.3541878693221038,0.00324030141233982
0.3090992201369289,0.004477422878903623
0.2632944886425094,0.004985089422791573
0.21724765242901553,0.006351396806143655
0.17157839431684394,0.008415444441280267
0.1271537937881864,0.012989975083390575
0.08528453110285697,0.019858527680559124
0.04810422658040045,0.04235946907873863
0.019184977809147016,0.12902093522031544
0.020370811424202783,0.06404221654774771
0.04980244695270275,0.008414937899165968
0.08726199917341196,0.0023246018250657418
0.1292674628415754,0.0025874408366286664
0.17374132382532967,0.005156106155024282
0.21940290726529516,0.0060196824545816685
0.26540142306768455,0.003793360747384161
0.3111264674467978,0.003523856841187158
0.35610965750334034,0.004072971082246907
0.3999716841154035,0.004980147965320824
0.4423926418897262,0.004995840879465811
0.4830948112117207,0.003117353918413829
0.5218323771532621,0.0021518364747384797
0.5583851460750695,0.001269554400394462
0.5925546643192441,0.0012487303442037798
0.6241618128552451,0.00040928150860864484
0.6530453162461253,0.0007276996201479068
0.6790608458302874,0.0012715611669615059
0.7020805039093451,0.0015321941555563742
0.7219925426451342,0.0009794548429382388
0.7387012397670265,0.0009189937400767287
0.7521268674797932,0.0009358034430783136
0.7622057058903486,0.0013958985567616483
0.7688900795105174,0.0015366432700960248
0.7721483937311371,0.0017629035426579484
0.7719651582270597,0.0019637693191909113
0.7683409996856394,0.0023046063217574643
0.7612926625583857,0.002085174431486303
0.750852999370963,0.002060551550821285
0.7370709489398213,0.0020499972129486453
0.7200115020249719,0.0024164445187562183
0.699755671851249,0.0024794254584664744
0.6764004866046933,0.0021141484225331393
0.6500590318396052,0.001411627651585803
0.6208605965386345,0.0009061661599570354
0.5889509784567248,0.0006680891431883735
0.5544930404693107,0.00010952472913932555
0.517667674457978,0.0005374172988677543
0.4786753841507115,0.0003375011887206467
0.43773884062591395,0.0006499426887260836
0.39510701093200673,0.0013963963263936604
0.3517323588641866,0.002627261553082805
0.30656121021193294,0.003661501830318128
0.26068607625388457,0.004301207796909937
0.21458824765396034,0.00567914403390368
0.16889995945547273,0.0077900675489112
0.12451111510821619,0.012079695458701674
0.0827760996287878,0.019162760470797773
0.04591388935070995,0.04105772006952053
0.017641182551890677,0.12781876604564663
0.01947586702100686,0.01509768112331569
0.04859975320734055,0.040665144408358736
0.08593694524735689,0.0392347613036911
0.12791562689985495,0.030550761144166043
0.1724089861538568,0.030206439413027683
0.2181119641443304,0.02887416668425588
0.2641613862143941,0.023358655833792232
0.30994022469309324,0.021677840453331616
0.3549763554300006,0.0218039004970881
0.39888824430065656,0.022804229778243423
0.44135459926047954,0.0224769924349941
0.4820968007795142,0.009780811859618778
0.5208684307992917,0.0024253393374756983
0.5574488829401799,0.00436419841525211
0.5916394196772662,0.005120777800850871
0.6232607304289539,0.01134541561949373
0.6521514182431567,0.011267537866432017
0.678167089090611,0.010043377920805526
0.7011798271866747,0.010251176041514902
0.7210779080741094,0.015036274620885314
0.7377656703851753,0.017252502746182456
0.7511634819667077,0.01769981505222361
0.7612077512784752,0.009344514183855918
0.7678509625256783,0.006277513095388652
0.7710617113966439,0.0036290885606365436
0.7708247283473726,0.0022437482352289408
0.7671408914172706,0.0027763698030626115
0.7600272267836157,0.0010312513101776383
0.7495168986083732,0.0022091501721611404
0.7356591870511493,0.003353854936674497
0.7185194545476375,0.0016149762837267998
0.6981791181462823,0.001510484095366553
0.6747356452466875,0.001089818703405374
0.6483026012153165,0.0009842715733995521
0.6190098035154219,0.0014652311770877722
0.5870036395366743,0.001931666068126411
0.5524476422763387,0.003305262959761054
0.5155234845130032,0.004085058617184751
0.47643260966592077,0.0005230795322909189
0.4353988648383291,0.002252239896329522
0.3926727575753495,0.003208166452413308
0.34921005795540494,0.0030309825693232584
0.30395722125578367,0.0061586201126412375
0.2580131924505802,0.006122247043611713
0.21186694963312086,0.006999925927629559
0.16616398694077594,0.008309197921940879
0.12181843999052,0.016772859462984523
0.08023131106516083,0.025868747637566976
0.043712692188980495,0.05296033688153182
0.016129939077749622,0.15487566325169394
0.018595355397528348,0.07455562609470008
0.04740030969806494,0.027214895288261612
0.0846089365787442,0.014970733222804998
0.1265574066896417,0.010489515343690836
0.17106802777131183,0.00765878193158828
0.2168106432377603,0.00612387057837735
0.262909383940916,0.005825179641910056
0.30874046081229795,0.005305848653045064
0.35382794641568616,0.004777932915912068
0.39778805425951896,0.004278725150570458
0.44029809505370004,0.004078282445993269
0.4810785473238107,0.0006032643611348318
0.5198823924273004,0.0016085874561038718
0.5564886163926183,0.003609598075711059
0.5906982045243588,0.003946083812403428
0.6223316623555568,0.005762849381910874
0.6512274797231775,0.0060629628066167385
0.6772412059707631,0.006130088489949504
0.7002449162729484,0.006509219494435817
0.7201269188131612,0.008013787868530122
0.736791622537775,0.008926320461098943
0.7501595004448189,0.009038015860157704
0.7601670989390521,0.005306351403500751
0.7667670715556396,0.003792490622604369
0.7699282139435865,0.0026119200939406506
0.7696354869753901,0.0019906669080718906
0.7658900295958769,0.00029058103749052695
0.7587091591647904,0.001153627195854226
0.7481263608819436,0.0014789247783498142
0.7341912656639118,0.0017705592588446463
0.7169696171210349,0.0005362746235670722
0.6965432458015505,0.0007222610530603484
0.6730100683201802,0.0005584888733694072
0.6464841404047381,0.0004134096250001749
0.6170958194671479,0.0006105520770660297
0.5849920954788517,0.0005783591996324459
0.5503371868697614,0.0010685668630389684
0.5133135663946656,0.001238612721735491
0.47412364229259035,0.0011629044314007025
0.43299247267174706,0.00243547788213053
0.39017215694419416,0.0032955294829295325
0.3466217191276939,0.003699760837211403
0.3012881314896642,0.005909909329267091
0.2552768633177346,0.006423853068418292
0.2090849750826988,0.007760672204131346
0.16337197096226255,0.009792076518419433
0.1190777244228762,0.016847816117469664
0.0776529825240323,0.026380245718177295
0.04150508680732928,0.05433366295449748
0.014657549407441654,0.16704875504792424
0.017729848281719845,0.0633878599328367
0.04620436908199621,0.0067337022702381975
0.08327796863175246,0.0030730720119238274
0.12519263984401227,0.003034177907638814
0.16971817600820185,0.005270120916955531
0.21549858435902705,0.005959766708487835
0.2616449814608509,0.00381088601958168
0.3075266753996453,0.0035095380528753967
0.3526638718136936,0.003981446214587817
0.39667050382561064,0.004792394085056969
0.4392224740636723,0.004784442506179785
0.48003935699577366,0.002721523219317356
0.518873535964133,0.0016293627953195694
0.5555035945867914,0.0006296189968043873
0.589730247727469,0.000575831968753751
0.6213738247282785,0.00037368626751139474
0.6502727105327752,0.00016808380720196388
0.6762824065913935,0.00039354518987697355
0.6992749880547422,0.0005975926639098458
0.7191388049549637,6.878375461876035e-05
0.7357783458860182,0.0002058534934777374
0.7491141984098018,0.000197772494891557
0.7590830563382611,0.0007843617358471218
0.7656377520238375,0.0011494966296635787
0.7687472905623649,0.0015447867989461996
0.7683968726775356,0.001853423998499043
0.7645879075507511,0.0024992979396219563
0.7573380129399085,0.0021715335175424713
0.7466810042240386,0.0021646513619905205
0.7326668722116462,0.0021845764792671157
0.7153617508920057,0.002883171594764712
0.6948478936839114,0.0030504160967697747
0.6712236761118181,0.0026401943553562885
0.6446036545031564,0.00174418964381421
0.6151187374062529,0.0011731634122942522
0.5829165300717163,0.0009842945645628083
0.5481619514977938,0.0003034910696720075
0.5110382934488082,0.00033554022010658633
0.47174895429449576,0.00030726649432199577
0.4305202387164737,0.00024052744186114347
0.38760589068802453,0.0003948339638575747
0.3439681369440047,0.001552991971592828
0.2985548627112891,0.002219588005345986
0.25247816132736706,0.002925097753045808
0.2062435927080275,0.004291966811607594
0.1605254694864985,0.006450745560351687
0.11629101423178465,0.010193724426982754
0.07504407869989244,0.01751401690979733
0.039295773964036766,0.04107033491060167
0.013230427547759036,0.1500149344727384
0.016879925599830474,0.21808105126963773
0.04501219683952679,0.038929415874794836
0.08194404296357112,0.006302302842210873
0.12382116709650763,0.0018533516581402236
0.16835916049444608,0.005818629161152189
0.21417542982922666,0.008598734669917583
0.2603677472047265,0.0038533795089719445
0.30629837225375545,0.0035792597612071763
0.35148357833763755,0.005094876446604641
0.39553498946449045,0.007346981605040162
0.43812708906568604,0.007482367865524515
0.47897854534670914,0.004425365323990907
0.5178411461922184,0.0029638776585045636
0.5544930780010738,0.001626349307620504
0.5887347919600652,0.0016667895605912445
0.6203864489347183,0.0003432887816185852
0.649286337297179,0.0011119084351687947
0.6752899193244069,0.002291601312637416
0.6982692791235482,0.002931837830653609
0.7181128177242736,0.002104600783842882
0.7347251126187286,0.0021775046639863397
0.7480268752384754,0.002206923173528703
0.757954956130896,0.002243742726176448
0.7644623758017356,0.00213181966101155
0.7675183580955407,0.0022790693116216017
0.7671083528150133,0.002489337354229462
0.7632340484825448,0.0026093706925004855
0.7559133722245498,0.0023936629756993667
0.745180478476833,0.0023232740047212817
0.7310857267928933,0.002255237782761662
0.7136956504482954,0.0023679184810893534
0.6930929347972974,0.0023036375282276603
0.6693764236507019,0.002112735217919544
0.6426611838846781,0.0017898399788333996
0.6130786860780516,0.001520778657763174
0.5807771632177205,0.0012973251486579644
0.5459222498401844,0.0009242711573196084
0.5086980757240244,0.0005342450690789849
0.46930905489224184,0.00042201539205101625
0.4279827748084166,4.883844545942925e-05
0.3849746781210988,0.0005792416791983541
0.34125014444907714,0.0014932759689384961
0.295758376589053,0.002496388091662133
0.24961820161793496,0.003591119509678596
0.20334411970973273,0.005411565949924479
0.15762610158097565,0.008322036197756483
0.11346044451981055,0.01381017711305323
0.07240771599253615,0.024690295815106834
0.03708971051469733,0.05665877078934069
0.011855033067524747,0.20671873799327456
0.01604617993102721,0.06814150323135382
0.043824080518276076,0.009036223241977575
0.08060717795960073,0.0012374663763350606
0.12244284382588302,0.00149833881488706
0.16699072518587016,0.003713942859166731
0.2128408367682946,0.004446567056611361
0.25907726521756774,0.0026216569975030263
0.3050550717630973,0.002411155096875583
0.3502865303447855,0.0028639221751365516
0.39438092637693184,0.003601066051948625
0.4370113126728974,0.0036095554442531794
0.47789544887052265,0.0021697577606290073
0.5167845299184427,0.0014350180325788688
0.5534563502160942,0.0007639962037197184
0.5877111040514432,0.000745795104281243
0.6193687915402906,0.00010630650776568554
0.6482676128053746,0.0003592398502348749
0.6742629996503215,0.0007792705952368003
0.697227054079264,0.0009825909626281456
0.7170482372047677,0.0005578441710080531
0.7336312245814489,0.0005127632275361829
0.746896860706294,0.0005750281119345531
0.7567821620573411,0.0011733456637154822
0.7632403464659618,0.0014227294550436282
0.7662408656448204,0.001715454608461207
0.765769427496146,0.0019658235555425627
0.7618280087594208,0.002413191007999294
0.7544348546535374,0.0022613855753102477
0.7436244672842148,0.0023186538753161507
0.7294475835212234,0.002399674134214205
0.711971144537701,0.002907932395804157
0.6912782763828681,0.0030975673064229325
0.6674683002293167,0.002686893436590758
0.6406568031438045,0.0018387501990541843
0.6109758283469757,0.0012594434737917177
0.5785742487914414,0.0010923221649829706
0.5436184293685629,0.0004321149048123279
0.5062933568672179,0.00019025472122408775
0.46680448673214003,0.00029238736966156396
0.42538072611593103,0.0001437302889551629
0.3822792719800794,0.0005499632274067021
0.338468608663423,0.0017749069570290623
0.29289966999730044,0.002621375456012274
0.24669813731977852,0.0035701978914498204
0.20038791740143327,0.005302635710781878
0.15467554396394323,0.008082707970747683
0.11058823859458952,0.013069506610603084
0.06974716657339686,0.02321836299114928
0.034892115238379005,0.05593122103792844
0.010537785912881131,0.22303183694554457
0.015229220672687005,0.07469527293095246
0.042640339757014624,0.010807503737474614
0.07926742080001552,0.0008125734110572372
0.12105755305995895,0.0007866995950497552
0.16561264196457198,0.003116770942729418
0.21149449101011222,0.0039169143241312675
0.2577731491964517,0.0021640973411036018
0.30379632492630043,0.001992341416649124
0.34907222373075175,0.0024630495880092044
0.3932077621812917,0.0032050765561199538
0.43587455073901243,0.003225089643604129
0.4767894380574155,0.0018527112768065806
0.5157030286452922,0.001156765106435377
0.5523927301376038,0.0005203249367917636
0.5866584867145191,0.0005065903799554165
0.6183201454838179,0.00011161182718261232
0.6472158266382635,0.00016254953389050286
0.6732009401886955,0.0005547419405103688
0.6961476149350633,0.0007535744300591606
0.7159443810952155,0.00034581707729933365
0.732496021363526,0.0003039360583613561
0.7457235223878184,0.0003874131153024049
0.7555640756384341,0.0010673033600060668
0.7619711052864292,0.0013678364015512908
0.7649142998486421,0.001699939386786297
0.7643796341404436,0.00198105664556891
0.7603693817681612,0.002490131096315298
0.7529021145229455,0.0023486690293288356
0.7420126905319125,0.0024337442139184457
0.7277522322740289,0.002546749893910213
0.7101880971391813,0.0031300454927907584
0.689403860330619,0.003368817413627704
0.6654993291509775,0.002944130574250736
0.63859062021194,0.002039640396605527
0.608810359721431,0.0014369443373910811
0.5763080726013542,0.0012998240013965038
0.5412508687783182,0.000618245294534266
0.503824611063901,7.670799524911557e-05
0.46423582237732636,0.0006101805620880289
0.42271476723002477,0.000540831531525706
0.37952045417179947,0.00018701354122904412
0.3356244260606619,0.001302458697253834
0.2899797703254866,0.0020296029613806506
0.24371915489689794,0.002959424704415041
0.1973763869076448,0.00464775033556125
0.15167552773967496,0.007387441250345258
0.10767670732933171,0.012156921564134482
0.06706586327261882,0.02232772000205012
0.032708473640318626,0.05608687249075702
0.014429677094093275,0.0736680498262071
0.041461335962081694,0.009242694222642792
0.07792485940117909,0.0012921991982474802
0.11966521859129545,0.0015635918599308772
0.16422472441326574,0.003745255439065092
0.21013612121900216,0.004455609998572159
0.2564550567389833,0.0026635771560559055
0.3025217275818907,0.002457511000292132
0.3478402000292088,0.0029002860993399575
0.39201499079409324,0.003620303443808361
0.43471625594587077,0.003630476762087847
0.47565993063521117,0.0021989383095883815
0.5145960314050986,0.0014685638174913673
0.5513015843715768,0.0008023626347861573
0.5855762904269486,0.0007874660497574979
0.617239851425959,0.0001532275242769286
0.646130315952602,0.00040327554809038957
0.6721030808879744,0.000820028213038443
0.6950303106889462,0.0010218257410536183
0.7148006136403582,0.0006025316462063078
0.7313188885706409,0.000558739006600047
0.7445062732570218,0.0006152863767944759
0.7543001430940462,0.0011794396299599228
0.7606541374506275,0.0014107361882455215
0.7635381904069584,0.0016878315125698085
0.7629385523021013,0.0019259880540085476
0.7588578020380481,0.002348846209583422
0.7513148462192686,0.00219911870657593
0.7403449070900526,0.0022495787059084427
0.7259995007596194,0.0023224122704972516
0.7083464088689281,0.0028027725093489764
0.6874696639415853,0.0029783403742420296
0.6634695678875541,0.0025763783813998603
0.63646277592815,0.0017525879816749307
0.6065825073582347,0.0011846519563036078
0.5739789508517843,0.001010797380570968
0.5388199759420542,0.00036226675142507476
0.5012923405190943,0.0002570382450283106
0.4616036613566361,0.00018148153126241337
0.41998559882832087,3.4545657792068965e-05
0.37669903210867284,0.0006996412092146167
0.3327185186450788,0.0019468934321557909
0.28699973140901297,0.0028469004507082167
0.24068247007388005,0.003942627891573998
0.19431096543175178,0.005882974134850752
0.1486278358180697,0.009042008103822767
0.10472824944166279,0.014753417853320095
0.06436740571556178,0.026946929758086675
0.03054454135532947,0.06767946061966405
0.01364819891484138,0.062068129578162136
0.04028747963922642,0.005023961817636522
0.07657963192544513,0.0032416003541385907
0.11826581558153527,0.0029710011060824957
0.16282683901763598,0.004675916994201788
0.2087655103987191,0.005142508848765962
0.2551227009678472,0.0033440928299195297
0.3012309320183985,0.003065074662478662
0.34659005790969466,0.003418363805238257
0.39080216374088017,0.004048070546673689
0.4335359388657623,0.004027205209709199
0.47450640231034624,0.0023557779791521685
0.513462985150977,0.0014710008852761383
0.5501823372384389,0.0006636943125190679
0.5844639230318265,0.0006190990454133311
0.6161273069063831,0.00014570870339620273
0.6450104741677787,0.00011841705415738721
0.6709688172195118,0.00046932975411414786
0.6938745450042296,0.000632989458508978
0.7136163527812517,0.00011417191606239527
0.7300992644299785,2.9042342985293234e-05
0.7432445777360257,0.00012524571493216171
0.7529898608255621,0.001040062206397078
0.7592889769760891,0.0014576413635617998
0.7621121144164617,0.001881033975096346
0.7614458074280218,0.0022166837680127538
0.7572929484229536,0.0029004301390619953
0.7496727868293238,0.0026643490104989293
0.7386209168569914,0.0027371024443247215
0.7241892560035299,0.0028444405460559745
0.7064460179197938,0.003615363751658654
0.6854757003335833,0.003891544683542788
0.6613791079574113,0.0030679530225053114
0.6342734434182441,0.0014543738333782504
0.6042925289459504,0.0003318142068454623
0.5715872285698972,0.00015710411022607144
0.5363261859018084,0.00152476978686718
0.49869707304273286,0.0027746615979477368
0.45890862737574634,0.0022310869415729097
0.41719394455008024,0.00283089761862072
0.3738158352958336,0.004446208205770581
0.32975183031367417,0.007209656703270427
0.28396062976997855,0.009484697800080748
0.23758932416894415,0.007929597414563509
0.1911931230541429,0.007688964334898864
0.14553430093982886,0.0070096212595947656
0.1017453526236408,0.010962154339607184
0.06165556761470797,0.00942984614234524
0.0284063451361491,0.0321902389773768
0.012885452785866969,0.08111164224429283
0.03911923248700608,0.011363814633261122
0.07523193031197244,0.0009650900758132316
0.11685937471621155,0.0003874137270170382
0.16141890966359396,0.002574107039987267
0.20738250056495547,0.003324341333589275
0.2537758552747451,0.0017311761507295127
0.2999236517174195,0.0015852996072769558
0.3453214578689422,0.002017780315116975
0.3895688947561969,0.0026917421497768055
0.4323331724383041,0.002709662706313503
0.47332839114343156,0.0016506052585336418
0.5123033989622306,0.001130624768377507
0.5490344747847555,0.0006567553064649323
0.583320853532929,0.0006569199616778274
0.6149819699107152,0.00019608948282838704
0.6438557542905047,0.0004271119590957593
0.669797603246964,0.0007954815416001293
0.6926797790130947,0.0009874586091697213
0.7123910726830167,0.0006950833709770089
0.7288366420343908,0.0006991189688261722
0.7419379536459997,0.0007776958589010087
0.7516327770677858,0.001234156379744575
0.757875208060013,0.0014444414720550963
0.7606356974189796,0.0016969096538243026
0.7599010716009598,0.0019256470271557728
0.755674544537843,0.0022936056248856083
0.747975716269844,0.0022354987937873937
0.7368405605828022,0.002334890665817088
0.722321403867662,0.002458106784010008
0.7044868992791007,0.00289614295522372
0.6834220173614257,0.003114877381580002
0.6592280735515095,0.002717646535230861
0.6320228264265915,0.0019023250342884795
0.6019407107684782,0.0013345176726506022
0.5691332773938391,0.0012023025988164417
0.5337699583950343,0.0005723386808979897
0.4960393593258399,5.952449037873726e-05
0.4561513653585708,0.0004428200857670414
0.4143405478234895,0.0003043438378136173
0.37087171197430335,0.00037840741990275475
0.32672532336108306,0.0015670123266402264
0.28086356107340565,0.0024166808647579697
0.23444098065711824,0.0034865148716263688
0.18802435978045945,0.005403395411060459
0.14239680409891717,0.00858082699767821
0.0987305953656926,0.014425099910871642
0.058934305050254376,0.02749636122935388
0.026300180129632086,0.074249251691763
0.012142113750481843,0.21373912235322842
0.037957102182313296,0.032383920886734203
0.07388199502938986,0.004735289815897119
0.11544597679607745,0.001241667022746489
0.16000091213956721,0.0044741261186168136
0.20598698721677497,0.006459814545353301
0.2524143478003319,0.002973953790098125
0.2985996558712941,0.002761958884565844
0.3440341168077925,0.0038451046612527095
0.38831485443628344,0.00545310493668213
0.4311075867130365,0.0055430790879762186
0.4721254923427117,0.0035774917710309356
0.5111168389460402,0.002670939373244867
0.5478575398054166,0.0018471246142552646
0.5821466072479148,0.0019009540456420449
0.6138033541557661,0.0010805526472351167
0.6426656643367187,0.0016422652003806586
0.6685889471887402,0.0025005665088072607
0.6914455270214598,0.002988357608146203
0.7111242995838842,0.002512578916619844
0.7275305653359184,0.002637695794284957
0.740585968349482,0.0026842099968131476
0.7502284881801483,0.002494936583956707
0.7564124615084722,0.0023440235366898486
0.7591086099640354,0.002401478783645248
0.7583040602316286,0.00254063956194386
0.7540023555758195,0.002520596292821047
0.7462234542237368,0.0024951727818200444
0.7350037169180587,0.0025104376325497525
0.7203958862040389,0.002529910597067927
0.7024690619786333,0.0025245603320942778
0.6813086949538015,0.002530363402194632
0.6570166189633323,0.0023344813786417558
0.6297111568159889,0.0020204100729549874
0.5995273652562081,0.001737627954283592
0.566617493172234,0.001578027971195467
0.5311517754849828,0.0012412872655229571
0.4933197705918286,0.0008861978343091102
0.45333253911021304,0.000746734223810642
0.4114261695348,0.0003865200330314367
0.36786752679974316,0.00023360901396835676
0.3236399761862445,0.0011201429048370004
0.277709637921825,0.0021466969011580154
0.23123872320587321,0.0030975190305176773
0.1848062041861823,0.004834270881405217
0.13921727471794199,0.007732850943522566
0.09568665078892523,0.013871594904700196
0.05620776686694767,0.027040731524909455
0.02423260282454547,0.07525937294732825
0.01141885248694734,0.06454297163713413
0.03680163015053502,0.11365393333777717
0.07253010112034954,0.09581362732775367
0.11402573767773973,0.07028854700166204
0.1585728585020269,0.06683225334600387
0.2045789034590148,0.062361319721839156
0.2510380455222308,0.04965994873078845
0.29725875357959014,0.045533608661795684
0.342727792441204,0.04536411434759045
0.38703975494481563,0.047104670044527626
0.4298588539155776,0.04616329110360121
0.470897343770586,0.020615928984757056
0.5099029142081221,0.00587165729847244
0.5466511183130305,0.007669917999954053
0.5809407528081452,0.009206782993374867
0.6125910166559374,0.021572793251004304
0.6414397554883429,0.021408128057378812
0.6673424001872629,0.01896282908247824
0.6901713459099865,0.019365688492654597
0.7098156018429032,0.028844643269329198
0.7261806198522256,0.033227071592733866
0.7391882301196951,0.03406198085345035
0.7487766306827616,0.017243901208732915
0.7549004074515998,0.01100633644294202
0.7575305610013926,0.0055897107805277495
0.7566545261250575,0.002826864897258054
0.7522761830405243,0.007494802751576257
0.7444158555276951,0.00022591663896309974
0.7331102984427535,0.0022208246203924108
0.7184126775079092,0.004412201140886106
0.7003925463518966,0.005833869905812869
0.6791358429515265,0.0059037237875969525
0.6547449269495847,0.0046418023488281395
0.6273386934505196,0.0003665833058223827
0.5970528303634621,0.001947540602977432
0.564040295789476,0.0030102683772519805
0.5284721418103289,0.006492313803148644
0.4905388992283759,0.008710226871155309
0.4504528322922471,0.0011056441578439738
0.40845158930981357,0.00448183350364219
0.3648041623982023,0.0058105959883962745
0.32049678510644225,0.004193336803555678
0.2744999919549333,0.009990077354521964
0.2279838581771008,0.009970166059297052
0.18154021663310285,0.011346303472854383
0.1359976954664332,0.013526240812727805
0.09261629524232723,0.032191868366788015
0.05348030947145163,0.05695116258537134
0.022210419379108944,0.14597630251306168
0.0107163209666461,0.05472515801062247
0.0356533757819105,0.00492660017893136
0.07117653941606088,0.010065520022723068
0.11259878769533535,0.007789130758448
0.15713477560522848,0.008755569595029804
0.20315819816482591,0.008717211620145656
0.2496468323854571,0.0063687653302769084
0.2959007721784925,0.005825665408058318
0.34140226199642654,0.0060608001156436395
0.38574332921076165,0.006649041007687731
0.4285866682573031,0.006551102016472762
0.4696436064480887,0.004081169548749965
0.5086612581327761,0.0027336369910343733
0.5454148216585594,0.001509610594458886
0.5797028851915438,0.00141513921095167
0.6113445417071416,0.00029461941707992456
0.6401776070799213,0.0005160463624801537
0.6660575423378313,0.0009782200695810977
0.6888568222393135,0.0011396797275067853
0.708464578151071,0.00035992116364510324
0.7247864220070591,0.00013800884633043194
0.7377443786307647,0.00015238231992379905
0.747276872910038,0.0010830635098780209
0.7533387481630518,0.0014173046517470234
0.7559012918691793,0.001782427640875534
0.7549522546346079,0.0020487302599786405
0.7504958610577711,0.0026820022286297355
0.7425528076284724,0.0022442351558884144
0.7311602502488528,0.002150972764291691
0.7163717846031529,0.00207919345351964
0.6982574247937962,0.002745075116987882
0.6769036029077461,0.002815614485205065
0.6524132115646636,0.0023493866513612026
0.6249057259919991,0.0013912363283439919
0.5945174742741934,0.0007467907940595131
0.5614021347397069,0.00042225747934050744
0.5257315909566859,0.00044718238192281744
0.48769736589758356,0.0012042607112801606
0.4475129562051077,0.0007743786382757073
0.4054176138987661,0.001103986018961489
0.36168252828386477,0.002047497059284486
0.3172967737542521,0.0037133509713765406
0.27123578366346496,0.00503264330308206
0.22467772488037716,0.006444858509525026
0.17822800025366003,0.009060395937724864
0.1327401147950715,0.01344161918138008
0.0895224244316939,0.02215507462584852
0.050756518088400024,0.04200384032967822
0.020240668055708688,0.12241030123225807
0.01003513962650802,0.057812633499095045
0.03451290186159415,0.005025169759039647
0.0698215986045443,0.010188807083486521
0.11116525177193866,0.007838993907685568
0.15568668425129625,0.008781917276992852
0.20172481476736928,0.00873420558330362
0.24824058811223912,0.006412794912982369
0.29452553632807404,0.005878555273219718
0.34005730177088883,0.006117341595541232
0.38442531111117584,0.006705406100416858
0.4272907268513201,0.006617524275534988
0.46836394632175626,0.003968431039660722
0.5073915111029786,0.0025173161843560217
0.5441482702934352,0.001198082195475762
0.5784326105870384,0.001100092676368772
0.6100635269333123,0.00012591301046537684
0.6388788138802982,0.00016485911721893966
0.6647339712579249,0.0005838169857561289
0.6875015621521102,0.0007374877931805192
0.7070708488035584,0.000127275647084898
0.7233476118047283,0.0003780718825488032
0.7362540790606711,0.0004104242640617861
0.7457289105590235,0.0008655270166210458
0.7517272150672376,0.0013246366674499967
0.7542205747659959,0.0017926508737393222
0.7531970635976996,0.002131673224251517
0.7486612577685956,0.002943535315807254
0.7406342334195241,0.002451863417909538
0.729153554200655,0.002378273500161642
0.7142732522999847,0.0023346748179727
0.6960638087828293,0.00320037915624493
0.6746121564354978,0.0033437728238414023
0.6500217277715168,0.0027846349174865032
0.6224125857363793,0.0016001827157270916
0.591921707406582,0.0008229615733787648
0.5587035022283181,0.00048173970022101416
0.5229306995911829,0.0005526036442403633
0.4847958346185536,0.0014317923785861755
0.4445136657325515,0.0007733439301928497
0.4023250938885047,0.0010528650815250567
0.3585035782390523,0.0020850570911304326
0.31404101104099547,0.003989904544181583
0.2679182208531237,0.005365660121478292
0.22132171453040267,0.006741900360654321
0.17487122052514384,0.009438026635522479
0.12944666781625527,0.01398534882068638
0.08640807748417269,0.023191538226467474
0.0480412341560647,0.04441381002515055
0.018330591891052718,0.13691523762582666
0.03338076434738007,0.0021135125574205083
0.06846555207082229,0.007382527821989751
0.10972523451931483,0.005697046202557565
0.1542285834889904,0.006648698594996729
0.2002786752855445,0.006688545970495444
0.2468191723027935,0.004767314154749419
0.29313285242758336,0.004347270377589193
0.3386926720430067,0.004567926653993161
0.3830854210212042,0.0050749784413173776
0.42597071605794745,0.005004643017186032
0.4670580214909339,0.0030796029305912576
0.5060933086850831,0.002037702044151098
0.5428510829926062,0.001092120854482264
0.577129536736804,0.0010249729814579894
0.6087475748059166,0.00015866478837037708
0.6375429788548281,0.0003491147932850843
0.6633712961432248,0.0007267121277493816
0.6861051867685953,0.0008677100136933137
0.7056340524749418,0.00026724168074704146
0.7218638510176535,0.00010755063389053242
0.7347170217104793,0.00015823259906104644
0.7441324677689377,0.0010351036778965784
0.7500655712920489,0.001389003695698774
0.7524882167831274,0.001757036259379422
0.7513888088477176,0.002037169194662777
0.7467722823132779,0.002655241444207964
0.7386600996836168,0.0023438172457779767
0.7270902388154928,0.0023377361277218075
0.7121171746865268,0.002358608980335062
0.6938118615495719,0.0030375456121305767
0.6722617392112629,0.0032073862194899844
0.6475707867347682,0.00269531304743702
0.619859662140641,0.0016340122447634805
0.5892660001117008,0.0009140877561706444
0.5559449519777558,0.0006375772007340109
0.5200701072844989,0.0002984342315786203
0.4818350335324663,0.0010662992735197216
0.4414557809502832,0.0005268446023095787
0.3991749460487682,0.0008003382910452653
0.3552683332819084,0.0017606383982047276
0.31073063464581435,0.0035079981303194597
0.26454858250583774,0.00482832066239604
0.21791729439859087,0.006120110357787207
0.17147162983048672,0.008676216846795383
0.12611960189063479,0.013035397567532685
0.08327646523984172,0.022106749559071714
0.04533958486394483,0.043524398910142856
0.016487594549398195,0.1414246249394729
0.03225750655612635,0.001962022184488353
0.06710864974913841,0.007446239139907778
0.10827881066748933,0.005721758277793589
0.15276044038833259,0.006689366253181429
0.1988196699170287,0.00672623429857879
0.24538241412603035,0.004774356098379156
0.29172249860035876,0.004348891512432023
0.33730810749869555,0.004572143280188298
0.38172335680267105,0.0050847852476376704
0.4246263031029176,0.005012985042499575
0.4657254745628907,0.0031114918179986984
0.5047662748169714,0.0020853294079136255
0.5415228709463832,0.0011549315168480816
0.575793267990472,0.0010905089603198432
0.6073962887291634,0.00023646579864566245
0.6361697103201637,0.00043015059305702793
0.6619691360397145,0.0008140061740767882
0.6846673316144442,0.0009601482764883899
0.7041538468347777,0.0003720731921591828
0.7203348250155952,0.0002208225410962343
0.7331329250811258,0.00027221907035306905
0.7424873014415969,0.0011967619052768335
0.7483536172409918,0.0015762034681763744
0.7507040667305699,0.001967744366809199
0.7495273922894862,0.0022703404527562006
0.7448288941472206,0.0029210143642419526
0.7366304276324196,0.002630473312907669
0.7249703910053447,0.0026521454541941466
0.7099037080445502,0.0027044428438071652
0.6915018121326119,0.003430000948268206
0.6698526561359818,0.0036431135141948103
0.6450607720471485,0.003036580088922613
0.6172474200528011,0.0017981245640412034
0.5865509008482732,0.0009422662250630284
0.5531271182763859,0.0006245258551114772
0.5171505363739557,0.00045938628580327324
0.4788157754857458,0.0013789740237152297
0.4383402083427274,0.0008062862850879914
0.39596817508182797,0.001167152452122318
0.3519779038375734,0.002338550737925814
0.3073668735128595,0.00444407376652779
0.26112824146137575,0.0061018702873622144
0.21446603061656325,0.007337392818485112
0.16803109048477768,0.010074158005300028
0.12276130051189149,0.014750671527397875
0.08013099665461058,0.02529263887073021
0.04265700881085103,0.049543543209135975
0.014719170953358094,0.17079842817183238
0.031143655417673922,0.004253164888502834
0.06575111219744673,0.009406086020300304
0.10682601776539015,0.007154232582788678
0.15128218212904262,0.008006682565033485
0.19734764892851048,0.007946611146014042
0.24393010427320133,0.005835430134046734
0.29029421687630474,0.005351540695678975
0.3359033097659835,0.005569153779573054
0.3803387867869642,0.006100708462105505
0.4232571296038491,0.006024067633809963
0.4643659267810482,0.0038242255914053185
0.503410016587511,0.0026334123907358954
0.5401632332417825,0.0015553319203807734
0.5744234015373496,0.001488950732237863
0.606009270049547,0.0005044548283404377
0.634758619776442,0.0007169875286663285
0.6605271185234545,0.0011521843616091741
0.6831876461712847,0.0013161313553240609
0.702629908986883,0.0006414491204816251
0.7187602441074533,0.0004657419087647818
0.7315015381126854,0.00045925242356714214
0.7407932043998326,0.0012644457619731106
0.7465911946699103,0.0015457313236103666
0.7488680201261289,0.001864705648344528
0.74761276779113,0.0021058211683548283
0.7428311098185997,0.002649082641544649
0.7345453005520467,0.0022955627413006933
0.7227941645653829,0.0022349709653868427
0.7076330801521724,0.0021947210690801957
0.6891339654621134,0.0027767383511561328
0.6673852921520376,0.0028624080435070403
0.6424921512243846,0.0023547731298953997
0.614576411856992,0.0013476728003313032
0.5837770489265106,0.0006391761176388939
0.5502507292665707,0.0002905281122492852
0.5141728057282846,0.0006406754957428351
0.4757389722126427,0.0014822840041184761
0.4351679553234303,0.0011559782480301168
0.39270588840142584,0.0016107515236937684
0.34863350468818,0.002741300399283154
0.30395106289942153,0.004683426456209014
0.25765867949718513,0.006388227244075954
0.2109696032412393,0.0076045711971415185
0.16455158997354813,0.010279497215653764
0.11937429949931518,0.01487511657789846
0.0769752977488051,0.025660490133923138
0.03999927255476045,0.05082895672143882
0.013032805404495284,0.1825811225032263
0.03003971784952238,0.008589989877336843
0.06439312446508422,0.013896238676719849
0.1053668484734429,0.010125348298498567
0.1497936875599356,0.011054980787028393
0.1958624139609908,0.010792870602534862
0.2424619862449232,0.007594681880077599
0.28884770462820497,0.006812946382237632
0.33447793910709367,0.007049418506812166
0.3789313418013255,0.007748637540519444
0.4218628039888486,0.0075729810510133215
0.4629789708800338,0.0030444549455439195
0.5020241175672397,0.00048365546118973586
0.5387717506999777,0.0018686412024112586
0.5730195217735564,0.0021353261691924564
0.6045861129784983,0.004308727507513814
0.6333093173941836,0.004175109101704703
0.6590448757650341,0.003604887972400428
0.6816657905256266,0.0035881709462620526
0.7010619327066415,0.005240894750002389
0.7171398413664686,0.005949369026186155
0.7298226386004116,0.006093080714314484
0.7390500043784286,0.003388502229879891
0.744778186242229,0.002415140139689732
0.7469800193016009,0.0015469505977237525
0.7456449418237222,0.0010696408447076978
0.740779004123435,0.0005665359409836327
0.7324048654494069,0.0007226674698102946
0.7205617822868596,0.0011355234259278308
0.7053055928353648,0.0015369438645629818
0.6867087053194096,0.0001684686128623536
0.664860115587658,9.730368376334994e-05
0.639865479412355,0.0013022006331105686
0.6118472814865616,0.0028816926882609456
0.5809451787867433,0.004725783521679977
0.5473166114459569,0.005678501606174138
0.5111378354308178,0.007587025070074208
0.4726056391385291,0.009818782247858688
0.431940135121879,0.012398924666812205
0.38938930104482106,0.01564857522435165
0.3452364598563905,0.020269371901238075
0.3004846491927884,0.026567338240055593
0.2541414919906589,0.03512215018825389
0.20742981088325388,0.0233786238205926
0.16103524586606022,0.013590821158679815
0.11596129320699743,0.005717688774820014
0.07381322118096258,0.011697850169722194
0.037372476053021166,0.105209674123722
0.011435832935315669,0.3536493000273856
0.028946177498781568,0.06555565174538362
0.06303483002066264,0.029583940388411036
0.10390124272633992,0.018842726249843334
0.14829477854516662,0.01303479846358321
0.19436370902504527,0.010087723101881916
0.2409777472893204,0.009417644366086818
0.2873826055864247,0.008460227098837996
0.33303160560016615,0.007540991471624038
0.37750060656651874,0.00670066385462547
0.420442893139568,0.006354008471185204
0.4615641630184204,0.001294126166517254
0.5006081300486844,0.0018657089572465938
0.5373479784341325,0.004724125827887574
0.5715811931843987,0.005195519704565703
0.603126397796923,0.007772427529935758
0.631821405545736,0.008196087839535768
0.6575220383823698,0.0082922085100595
0.6801014295353577,0.008828403604127696
0.6994496229113921,0.01095778309172294
0.7154733673945205,0.012251834718873204
0.7280960282371064,0.012388205269216955
0.737257559330427,0.0069601199738373865
0.7429145110824684,0.004731594419627564
0.745040049184922,0.0029792177465878507
0.7436239694528102,0.0020487016842185455
0.7386727062847878,0.0012766460919041334
0.7302093293984472,0.0007031597996479411
0.7182735324470507,0.0011111770757792668
0.702921618578044,0.0014852737824358852
0.6842264910430581,0.0019741293313605647
0.662277674929226,0.00238905116306292
0.6371813961939153,0.001928009380175311
0.6090607612492503,0.0001038654401690541
0.5780561168176346,0.0005612658322744121
0.5443256864528874,0.000591577036416004
0.5080466435018239,0.0017031440678774927
0.4694168920257749,0.0023060859331022095
0.42865796331698136,0.0014749419009918855
0.3860197320747317,0.0032936947449127394
0.3417881988580344,0.004251285359021926
0.29696918601002115,0.004201511587048135
0.2505783839607163,0.007323852754113827
0.20384856677920252,0.009574586226448311
0.1574843023707931,0.013350133856143805
0.11252513280511926,0.020077861769858103
0.07064884854488647,0.03970627884729977
0.03478304834526454,0.08850807953751312
0.027863493850751576,0.027954748630596753
0.0616763273142717,0.020650834398634573
0.10242908263583127,0.01430810292694806
0.14678521410457532,0.013143982049753011
0.19285121434661495,0.011996169511780562
0.23947701214470907,0.009352472376007876
0.2858985036049624,0.008461640326880189
0.3315638629864409,0.008354054871431612
0.3760461136731853,0.00862519501019018
0.418996916526249,0.008394122667157031
0.4601210170394282,0.005719191889307884
0.4991615694274203,0.004224909993168433
0.5358914403439229,0.0028810432815590953
0.57010795493953,0.0027432235961571366
0.6016296855414163,0.0015433288443089362
0.630294473563553,0.0016990857341479568
0.6559582302509228,0.0021170694014325756
0.6784942276775581,0.0022377269819912563
0.6977926905278962,0.0014158853520974783
0.7137605851843765,0.0011577602189212517
0.7263215274561781,0.0011082687195270162
0.7354157522352082,0.002070316793945099
0.7410001195302935,0.00239329279170164
0.7430481319816816,0.002748271563026631
0.7415499489289902,0.0030035604867392485
0.7365123944357086,0.0036379166957691365
0.7279589538964953,0.0031878074621784934
0.715929763022991,0.003089052196700748
0.700481594578067,0.003014075096077269
0.6816878514116946,0.003695269436461264
0.6596385925185806,0.0037727982839713377
0.6344406190894071,0.003219930542200881
0.606217665119398,0.002113575243457018
0.5751107744304027,0.0013413783738025196
0.5412789639150395,0.0009512214451232539
0.5049003385169187,0.00017012448674710357
0.46617393936020485,0.0010003156477911038
0.42532274998223485,0.0006035769323117872
0.38259859649119005,0.001086456654795392
0.33829024839376803,0.0023275516005749125
0.2934063256978384,0.004487184489924403
0.24697116143191622,0.0063857202396900925
0.20022789025976614,0.007201960755259747
0.1539011224662056,0.009598508483065019
0.10906882050669707,0.013794173059503988
0.06748648906148341,0.025386331574998734
0.032237735730287966,0.052913399923438624
0.026792105676030683,0.13954900143604684
0.06031767169411748,0.069047237363022
0.10095019322460416,0.044763960412719066
0.1452646906377529,0.0338933495304371
0.19132454638645208,0.027963020117799317
0.23795934299205068,0.024609004472949673
0.28439492259186083,0.02226430177620217
0.330074208586907,0.020672480982331487
0.37456734345794046,0.019544003835892512
0.4175243460090673,0.01880845205036346
0.4586490042102545,0.011933741923289323
0.49768391385598476,0.007826387353103204
0.5344016286561245,0.004115927455232113
0.5685993202948069,0.0035822136583169664
0.6000955172389933,0.00038179586334255477
0.6287280967801759,0.0002191615908057736
0.6543530673290106,0.00036694694391250897
0.6768438476307521,4.7635995083999995e-05
0.6960908508076511,0.0023873242462704456
0.7120012681574509,0.0036051852497390106
0.7244989731612389,0.0037759802125181766
0.73352448849386,0.0014153065145057204
0.7390349901840191,0.0033946069276953018
0.7410043238507045,0.005083166895819413
0.7394230179813774,0.006164336471280961
0.7342982915175085,0.009334021095316766
0.7256540503584341,0.007567748174441746
0.7135308767748679,0.007333485826622542
0.6979860174133096,0.007222375702453774
0.679093378894153,0.010647116234549317
0.656943558387326,0.011315249346255747
0.6316439369781375,0.006689288006823331
0.603318881745999,0.0021343557125087648
0.5721101406602752,0.00884935697101726
0.5381775336534397,0.012115260041359377
0.5017001114261433,0.02039847391576425
0.4628780737887862,0.028483438090961568
0.42193589078644766,0.02783517998853689
0.3791273960060343,0.03363020822315508
0.3347442228348378,0.04559552113684945
0.2897978095777461,0.06518734700380525
0.2433217215661616,0.08478741440346342
0.19656989701883867,0.0654445953619313
0.15028817894242355,0.053755979913449534
0.10559550295221239,0.027790306699516924
0.0643306775780149,0.03939059429886899
0.029743583579330064,0.1099413110152715
0.025732438848912305,0.01402057890574505
0.05895888303517379,0.014285650700590713
0.09946434948947677,0.010078643988240142
0.1437328487851071,0.010053842521050262
0.18978326463325576,0.009522116930647053
0.2364242462148729,0.007253271936354513
0.2828713331906056,0.0066164301123916545
0.32856208987190566,0.006701754095387507
0.37306373042307694,0.007115590381230905
0.4160246120697827,0.006988356844457641
0.4571475592023004,0.004375830624846104
0.49617460992790446,0.0029347932731645433
0.5328780092716991,0.0016322892481895894
0.5670547815615513,0.0015314555183002024
0.598523418461782,0.0003565999736096636
0.62712184063551,0.000539355544740689
0.6527061612814884,0.0009614622950723452
0.675149953387621,0.00108887479098559
0.6943438259018122,0.0002669860646291788
0.7101952021648508,2.9134789181767562e-05
0.7226282201414639,0.00012651797566641098
0.731583696747022,0.0009404011341215347
0.7370191301054158,0.0012655797738869651
0.7389087144834796,0.0016141311112624485
0.7372433527626678,0.001854675125894174
0.7320306635847132,0.0024844367155284963
0.7232949777785344,0.0019887522385795033
0.71107732826447,0.0018484669836674305
0.6954354394209477,0.001725987371107585
0.6764437253875937,0.002376898910860335
0.654193325361993,0.0023940363751545793
0.628792204581852,0.0016673736059370995
0.6003653683406754,0.0002914112630780594
0.5690552754793092,0.0007600812180050277
0.5350225584439887,0.0013496830614036805
0.4984472277907744,0.0027003790397437137
0.459530663874606,0.00402544361398978
0.4184988582737706,0.003926992818059509
0.3756077099121497,0.004903897221476558
0.33115181473035876,0.00687128086943694
0.28614545818153025,0.010094104837601996
0.23963204276024166,0.013359138166478693
0.19287678935347113,0.014940821321980654
0.14664804548352844,0.019116285940690356
0.10210846482359077,0.026518535312847327
0.06118617274226499,0.04762353128170803
0.027307910768803147,0.10140169589135316
0.02468491685085273,0.01640072487481753
0.057599957198018276,0.018463345011576076
0.0979712877787051,0.012951553922673184
0.14218928483280552,0.013199152245827704
0.18822688304015206,0.012558575287989367
0.2348711837786553,0.00925071704927736
0.2813271640568698,0.00836541004682937
0.32702691554208646,0.008518101873290045
0.37153467405316704,0.009142567996335586
0.4144971142929442,0.008952018434894477
0.455616090178829,0.005783727064098336
0.494633082315934,0.004055547999033841
0.5313200309034856,0.0024980599845742905
0.5654738186981069,0.002374033654404717
0.5969129073292058,0.0009628923641609541
0.6254752680483856,0.001230402499063846
0.6510171261902368,0.0018159070339097546
0.673412216271999,0.0020220745589486725
0.6925513501558163,0.0010560972775528813
0.7083421900419367,0.0007889384792932681
0.7207091448611138,0.0007432728049485511
0.7295933318797463,0.0017833969740490875
0.7349525770273496,0.002117560993247956
0.7367614285058764,0.0025110762300686678
0.7350111684398297,0.002801628884524184
0.7297098195837038,0.003490562413304038
0.7208821417014956,0.002967462506265592
0.7085696220221419,0.002836816842714614
0.6928304660723875,0.0027288091866060826
0.6737395988236399,0.003456309217923883
0.6513887049216163,0.003506092690495449
0.6258863375977658,0.002830192997317697
0.5973581451022932,0.0015127446099819106
0.5659473035414969,0.000570711541060799
0.5318152671154396,8.025666936233227e-05
0.4951430202712872,0.001242020334325181
0.4561331460084167,0.0024436297151402375
0.4150131932612686,0.0021622112185886565
0.3720411860061332,0.002937664764220152
0.3275147853236311,0.004658432797069623
0.2824511614058157,0.007571978266237754
0.2359041746198839,0.010383886263322975
0.18915084629680712,0.011777287914774793
0.14298338772533237,0.01553513783080532
0.09861112263412788,0.022335621936150206
0.05805795516832545,0.04192941741379537
0.02493827448901827,0.09513984819872613
0.023649971758177474,0.016837396442332994
0.05624087864408308,0.016250723924314307
0.09647071853850538,0.011271704236938644
0.14063356357303214,0.011138868742520843
0.18665488293586047,0.010471033964587852
0.23329958611190138,0.007829255246494032
0.27976181457468285,0.007087005026687213
0.3254680680057085,0.007160731241747809
0.3699795509517569,0.007609610457349027
0.41294123310161424,0.007445446872260325
0.45405399007318353,0.004900106295396933
0.4930587445361376,0.003508073651815897
0.5297271352738003,0.0022557248461100303
0.5638559088935329,0.0021562670205970136
0.5952635034358291,0.0010270690761662244
0.6237879476532634,0.0012335803271417954
0.6492855860629114,0.0016959562836351152
0.6716303216869294,0.0018581638104242506
0.6907131760745495,0.001089120231941227
0.7064420567693733,0.0008766558380246419
0.7187416497973811,0.0008269337569697774
0.7275533785232896,0.0015960621295301848
0.7328354020099767,0.0018289724805822358
0.734562627283081,0.0021155519429034617
0.7327267201463756,0.0023266135212346765
0.7273361114547056,0.002833042554645512
0.7184159934771752,0.002419012632327745
0.7060083109716312,0.002303079391890584
0.6901717535780552,0.002202888847433574
0.6709817599671547,0.002734161244221117
0.6485305632110955,0.0027491929414002864
0.622927307950834,0.0020973611663991287
0.5942982897419554,0.0008818193792935939
0.5627874080132104,0.00013785168337038738
0.5285569477220247,0.0005899261927346995
0.491788881181656,0.0017968594518805354
0.452687016390593,0.0029885866280310665
0.41148049629948974,0.002952949041803497
0.36842953157508196,0.0038720715384630107
0.323834955139682,0.005694830781785601
0.2787168688280918,0.008675671589404297
0.23214022815732907,0.011785287241362474
0.1853944140223497,0.013200690273655405
0.13929695468785444,0.017130365107367835
0.09510701909767903,0.024283860374498773
0.054951225787401595,0.04600064647367392
0.022642423053834758,0.10641453645244936
0.022628054102961655,0.017318860451464777
0.05488163215875296,0.013762598273394436
0.0949623381392106,0.009223267693900956
0.13906523021350925,0.008687466897757628
0.1850667249642531,0.007998422440989833
0.23170886397015186,0.00609591105113935
0.2781746665836973,0.005505003416655967
0.323884914867302,0.005497448821968919
0.3683977260555187,0.0057592343803336355
0.41135634060994564,0.005623701689297153
0.4524606470049322,0.003603139260941194
0.49145100887488197,0.0024844278132042643
0.5280987665064412,0.001477051527805947
0.562200535382809,0.0013888458143663644
0.5935747360530768,0.00048489830776955804
0.6220594613542866,0.0006143236433519485
0.6475111817106691,0.0009335055185378602
0.6698039752945711,0.001026722636980498
0.6888290797806453,0.0003984739442587899
0.7044946541835084,0.00019621317826571755
0.7167256674007156,0.0002613547968975679
0.7254638542550643,0.0013950329176260488
0.7306677118739682,0.0018799893233652964
0.7323125105835924,0.002347831490381263
0.7303903038778574,0.002698451399651415
0.7249099342633222,0.0034969262616696977
0.7158970296395106,0.0031671910105907676
0.7033939950590461,0.003209178234530082
0.6874600067888075,0.00329077430229354
0.668171019606147,0.004196111251330263
0.6456198175401406,0.004485852916627929
0.6199161396282301,0.0036334294838900032
0.5911869326796473,0.0019150162089856984
0.5595768251629218,0.0007038395618206599
0.5252489415595475,0.00023094104849154124
0.4883862559690242,0.0013125470976342053
0.4491938240145946,0.002701659946261848
0.4079024201917815,0.0020534884606921975
0.36477450552727225,0.002724790513017575
0.3201141957787281,0.004614929092396923
0.2749445812262668,0.007994958908136856
0.22834236721580317,0.010995881042763899
0.1816098975322738,0.012193147863758483
0.13559157158658988,0.016047962153902178
0.09159981902928052,0.023182188727248157
0.05187140496840125,0.04525597465164319
0.020428234120972614,0.10957093471749824
0.021619640985780734,0.0213566406061906
0.05352221285389617,0.014548444570800935
0.09344583883005553,0.009529964747950424
0.13748382032679068,0.008578083365911756
0.1834618590259245,0.007738652877830202
0.2300984183269061,0.006019288546330136
0.2765650941165319,0.005429448400244319
0.3222768184668461,0.005355706077543979
0.36678856187686215,0.005524113452761353
0.4097418095392151,0.005381664324543243
0.4508354528414278,0.0032042277949551204
0.4898092945564828,0.0019776438567549377
0.5264343788644575,0.0008691179612357699
0.56050719472412,0.0007576684829363169
0.5918461509170081,0.00024413565766452246
0.6202894105998746,0.0001860276341534277
0.6456935764852387,0.00012091882693111615
0.6679329082029799,0.0001611018620886307
0.6868988656334984,0.0005632380788118302
0.7024998650334007,0.0008405781782929189
0.7146611635583302,0.0008223906969548679
0.723324812462884,0.000753029973004471
0.7284496514622792,0.001400313047395508
0.7300113182377275,0.001988182635472031
0.7280022575496599,0.002410485534285373
0.7224317266626753,0.0034386722930333613
0.713325791778851,0.00300139434612342
0.700727320553506,0.003036084467701143
0.6846959779284058,0.003118399695736543
0.665308236739878,0.004270215444256439
0.6426574340506643,0.004616273700291042
0.6168539058377223,0.003831748234200177
0.5880252537160948,0.0021360686605697552
0.5563168405706258,0.001012294668376486
0.5218926389391565,0.0006383762393186887
0.4849366385799462,0.0008087545189497277
0.4456551656560386,0.0020345381510116787
0.4042806646525962,0.0009884738103152655
0.36107791273515266,0.0012867437519068063
0.31635442400163094,0.002751155049873646
0.27113634447633034,0.005613357761582524
0.2245128023330447,0.007725323575477618
0.17779975482413718,0.009512978438026246
0.13187013516989937,0.01373012733756153
0.08809330781540832,0.021882025760567535
0.04882413291587803,0.043601597304023236
0.018303635107255592,0.12010640909418288
0.020625242162161703,0.012809210976679945
0.052162634024100214,0.014561695108839728
0.09192091629972751,0.009900626140235442
0.13588886727275723,0.010059570563625395
0.18183973163761638,0.009521735694855102
0.22846764764669727,0.006906122223883945
0.2749324705856987,0.006212991196279273
0.3206431429106418,0.006331385694751208
0.3651514253685282,0.0068146950026538086
0.40809701987107466,0.006664086769026783
0.44917780960080056,0.003948084643293152
0.4881330338687484,0.002455060945258671
0.5247334425749386,0.0011060236515568137
0.5587754023007916,0.0009885294916992698
0.5900773153905249,0.0002476578041398742
0.6184774211885212,0.00014359790065622088
0.6438324607216578,0.000396187407255709
0.6660168810208695,0.0005229236639640618
0.6849223698936368,0.00035304499399321456
0.7004576062296488,0.000635439621351645
0.712548140444506,0.0006328375370844826
0.7211363447930826,0.0009503109050728864
0.7261814056846787,0.0015718601808974635
0.7276593317796636,0.0021710330251923826
0.7255629622387848,0.002610382435828928
0.7199019717390643,0.0036469255687431503
0.7107028669980032,0.003147639282493398
0.6980089801156508,0.0031453394127574303
0.6818804662931535,0.0031883556988924096
0.662394317906715,0.004338115215435671
0.639644426673276,0.004640606618497609
0.6137417276232051,0.003789446312998618
0.5848144803218102,0.001994507283752517
0.5530087871065914,0.0007812689714721665
0.5184894768722914,0.00030563978332913937
0.4814415688694076,0.0012818829824263272
0.4420726830247695,0.002684067903650794
0.4006169732147984,0.0017667049831270362
0.357341600728592,0.0022869705019257
0.3125575982481339,0.004077296845372775
0.2672942459685145,0.007433614538877544
0.22065378715424636,0.010202241358842665
0.17396649362058328,0.011755906549853385
0.12813561163111245,0.016102152205979447
0.08459139241988588,0.02448757810526331
0.04581527075334934,0.0496827641014339
0.01627650135502753,0.13682475161463256
0.019645404136576842,0.02830992653479251
0.05080293282683735,0.017855168959456113
0.09038727476056656,0.011495880882073628
0.1342799069844806,0.0101324408869657
0.18019979058653623,0.009051569894824751
0.22681595246288544,0.00709564191454117
0.2732761732587255,0.006400355676043245
0.3189832584640733,0.006283243697748761
0.363485692202295,0.006439399651568393
0.40642136299398,0.006270391510490075
0.4474871334516598,0.004058673766312006
0.48642167600182257,0.0028206425871460583
0.5229954474933238,0.0017081828782134602
0.5570046958008236,0.0016040313145383991
0.5882678217465755,0.0006149772448431339
0.6166231463474351,0.0007215576241501314
0.6419275545979422,0.0010279995590774533
0.6640556865057358,0.0011002973738714979
0.6828994631467459,0.0004084062976647282
0.6983678310495639,0.00016538590997171995
0.7103866384928177,0.00022377892662252646
0.718898582888493,0.0014225859097334855
0.7238632010207793,0.001927290503895814
0.7252568757152804,0.002408349756617689
0.7230728432179644,0.0027593369789356234
0.7173211978147986,0.003597475677011141
0.7080288884867559,0.0032106118267852457
0.695239713152661,0.0032227865522035807
0.6790143183827831,0.003274318480631707
0.6594302171102415,0.004217146384992655
0.6365818568665802,0.004486407120840806
0.6105807734069089,0.0035387034793580257
0.5815558869895685,0.0016534889315914319
0.5496540441010458,0.000340958428120453
0.5150409380652511,0.000312446984370912
0.4779026314276821,0.0020212935878565286
0.43844806143093906,0.0036362444700787956
0.3969131317451505,0.003075813815961474
0.3535674580775092,0.0039854791346636605
0.3087257168793688,0.006287864021797289
0.2634204127009654,0.010345785084821793
0.21676761654005056,0.014205479845234074
0.1701126697989123,0.01578372069617444
0.12439103622806372,0.020835755569825
0.08109810402965592,0.030573060663712737
0.042850900829181006,0.06334203234867286
0.014354526927681351,0.17673914456531117
0.018680712719601627,0.0030041720566854895
0.04944317436376023,0.0229446434450379
0.0888446301712744,0.01617884730974388
0.13265648075595604,0.01850741618767957
0.1785414875326154,0.018203291354387873
0.22514273788591244,0.012475228230406596
0.27159558571222214,0.011208111935089375
0.31729654393508594,0.011751342997835834
0.3617907490774973,0.013082952682071878
0.40471424394945116,0.012840820084698322
0.44576285689037753,0.00842886149065291
0.4846746891489088,0.006101138239884618
0.5212199051221019,0.004013072235742941
0.5551946371460005,0.0038933656353623983
0.5864172890029984,0.001983291529343543
0.614726268467566,0.0025238858414778687
0.6399786097694941,0.003550447071988673
0.6620491510845848,0.003998895967060002
0.6808300517149043,0.0027435304303019075
0.6962305304317221,0.002521351906981369
0.7081767375731767,0.0023869402201131735
0.716611699445472,0.0028652228465748794
0.7214953064555389,0.002839839964650399
0.7228043183354196,0.003029432496405391
0.7205323706461094,0.0032004740011443177
0.7146899790154069,0.0035198161111608768
0.7053045359663686,0.0029197650422215136
0.6924203061357632,0.0026252403951467257
0.6760984281019145,0.002326840738783217
0.656416935896609,0.0026012060510377955
0.6334708335660523,0.002345555730750679
0.6073722588202142,0.0017600671528881988
0.5782507949487554,0.000793913946204074
0.5462540369442236,0.00010896936505367875
0.5115485504063977,0.0007744945636100928
0.47432145495564365,0.001959060758290646
0.43478302904947236,0.003240017462885931
0.39317096759735515,0.00384037991336648
0.34975741342073025,0.005285501486513564
0.3048608171180684,0.007595230108088927
0.2588822876741084,0.011155184126367847
0.21226147040064358,0.015593454776814028
0.16569635335785324,0.01718995737978006
0.1201611362949178,0.02225545847085841
0.07722737373285915,0.03204657417392158
0.03966467715629321,0.06890556326202935
0.01241620573043008,0.20084766063060358
0.017568233647097392,0.1682189069987897
0.04778030367810697,0.039287359518348434
0.08687956745019525,0.01994669225136776
0.13052278557748084,0.0057073612783065065
0.17630697605238835,0.0007382798967709646
0.2228424563564095,0.004595716465446993
0.26924771042097906,0.004103146933869039
0.31491005646501263,0.0020019747341550155
0.359369340922904,0.0008704077397643657
0.4022584245243758,0.0011951218851994293
0.44327115799956146,0.00046667690257470455
0.4821443901805371,0.0004301822600125839
0.5186474913367075,0.0003776976069450358
0.5525761027117672,0.0005924850543984537
0.5837483461377023,0.0003954928882130992
0.6120024977916312,0.001260598172143133
0.6371955726573981,0.00238661707247046
0.6592024767236563,0.0031507755741233628
0.677915506904506,0.003181254098438914
0.6932440773352001,0.0037001937817606584
0.7051145829077159,0.004315816688759683
0.7134703376003295,0.005364336539928146
0.7182715583513494,0.00616255014988982
0.7194953674371019,0.007097138620457661
0.7171357973430377,0.008073013396665359
0.7112037944504527,0.009250154282194887
0.7017272164505813,0.009961517569450235
0.688750829567563,0.010969754817157121
0.6723363142284136,0.01211602473700818
0.6525622929504435,0.013791295357173395
0.6295244149069538,0.015347939557812782
0.6033355347237517,0.012629707840545984
0.5741260472204243,0.007325323899952474
0.5420444880229955,0.003296888684948606
0.5072585451333294,0.0023016567077462653
0.469956724181463,0.002372165834193762
0.43035108335797423,0.006541098870602434
0.3886817035957772,0.004992773083076903
0.34522407881426187,0.007254885715748037
0.3003016048102594,0.013589343351395198
0.2543221537202456,0.024955357450442424
0.2077399191558969,0.035940333690941795
0.16127414433713064,0.029836403502570087
0.11594029524110304,0.029904389401735294
0.07339141446027397,0.027430985534946068
0.0365595250834834,0.06625549215604955
0.010623038763424878,0.06849718822987147
0.016484562840803234,0.03911654444909847
0.04612770423080947,0.02329225440714217
0.0849121698835315,0.014589467669088106
0.12837877252946983,0.012713963989743369
0.1740565917707709,0.01129016762509732
0.22052203880679372,0.00884576761992729
0.2668761775789193,0.007975463493359798
0.31249685633821545,0.007824755011794155
0.3569184872797465,0.008011317234436384
0.39977067069129185,0.007806116449522495
0.4407452361244457,0.005017241910675409
0.47957775571059463,0.0034605553103460294
0.5160367924201374,0.002064012875425336
0.5499174898257532,0.001942012195935626
0.5810376852134753,0.0007031950721609608
0.6092355229847697,0.0008402673246292775
0.6343680001429912,0.001225441840623084
0.6563100925774711,0.0013182657663046373
0.6749542373210539,0.0004518861436818358
0.6902100465254813,0.00014808002940903752
0.7020041622647836,0.0001583214071894512
0.7102801886781186,0.001265158799333303
0.7149986715144215,0.001674593160054967
0.7161370976320599,0.0020886354712292684
0.713689898237976,0.002373764363074037
0.707668452062601,0.003127490617594957
0.6981010834458781,0.002603187717341582
0.6850330617077471,0.0024842456302937963
0.6685266108752657,0.002390721580286178
0.6486609442584624,0.00319680712994387
0.6255323594587587,0.0032838527977282483
0.599254432999359,0.0024111159256369336
0.5699583788729055,0.0007249509812836707
0.5377936851729131,0.0005717822913629912
0.5029291807220315,0.001233068879219069
0.46555478602458805,0.002890010108023325
0.4258843847389307,0.004522634240295708
0.38416051749876745,0.004333756919055106
0.34066215079200646,0.005521644417943675
0.2957178320470221,0.008043973974226798
0.24974249805464574,0.012368734002187996
0.20320570838477653,0.01693768070609037
0.15684920051080015,0.018652965663562913
0.11173241025157976,0.024409388588921627
0.06959554319434245,0.035962224450331044
0.03354308627378149,0.080390268214305
0.015430545277494687,0.12593920272289924
0.04448587453943677,0.09383110073029916
0.08294247914106184,0.06026847016640943
0.12622421994232952,0.05612597578861088
0.17178996919137268,0.051287998729649814
0.21818104166111713,0.03882855933751113
0.2644805041853823,0.03507864302651963
0.3100564461807352,0.035058853759824024
0.35443769423397914,0.036742880654047474
0.3972505057497428,0.03593141279005513
0.4381846430607084,0.02496904270474212
0.476974375709112,0.019037213711965234
0.5133874450756708,0.013755949643895237
0.5472184896452812,0.01343945350185593
0.5782850588895683,0.008755159059971
0.6064251646809714,0.009760192379870167
0.6314957867913681,0.011887547509093838
0.6533719726155683,0.012757240825089874
0.6719463013487458,0.009701748027201862
0.6871285853566901,0.009032896116559748
0.6988457160733128,0.007292135386203715
0.7070415898356563,0.0013740232941434195
0.7116770830309095,0.0030535537816987527
0.7127300486847421,0.006138358334726055
0.7101953180713996,0.00869977398143292
0.7040847034191016,0.013504585007500736
0.6944269967580015,0.015709351519590426
0.6812679715864136,0.018951184450590106
0.6646703968761042,0.022652903781150115
0.6447140786591912,0.029093896347696706
0.6214959659497408,0.03445167094795223
0.5951303618888081,0.030717869509532342
0.5657493071381408,0.021400490996230852
0.533503254114427,0.015608106436016077
0.4985621911698586,0.017180639129125052
0.4611174832777243,0.01170179375468371
0.4213848867749665,0.007826826850097477
0.37960947846255805,0.019248538534896817
0.33607382406556446,0.024156245183032533
0.2911118389435332,0.023348276092748095
0.24514584864090624,0.01591878058488883
0.19866162925131256,0.018961714553616525
0.15242473860938613,0.024939428044826767
0.10754146980552771,0.03018138980511531
0.06584523091632247,0.04018659395257343
0.030623116227854373,0.0749191555922549
0.014407053564389876,0.047945737663189755
0.04285537936633591,0.005295860259568897
0.08097058775004859,0.0008489702490785854
0.12405894695999423,0.003035205902838761
0.16950677938110295,0.004286289004610702
0.21581905673727678,0.0029093455658975548
0.26206024302415787,0.0029695710060470273
0.30758836557936975,0.0035856970995855122
0.35192650641468715,0.004399129958483619
0.3946974933144007,0.004548367093147882
0.435588972760377,0.0022633389294313463
0.4743338841372714,0.0010764017397710153
0.5106991317777164,3.608744378087727e-05
0.5444788407895627,3.546404647717018e-05
0.5754902688637024,0.0009692853525037657
0.6035712939973394,0.0007019925824882709
0.6285788789490586,0.00016966738687578474
0.6503881437310924,6.204601001896876e-05
0.6688918112666532,0.0006687111209318688
0.6839998958758353,0.0008448923286894368
0.6956395400712703,0.0008001549521970769
0.7037549339694458,0.0004597597655016475
0.7083072859680499,0.0009512172946324073
0.7092748163906706,0.001452217313995751
0.7066527574722314,0.0018354543566735109
0.700453355639921,0.002672297805669579
0.6907058712172642,0.0022846442565160182
0.6774565825393692,0.002295291431502426
0.6607688044654354,0.0023405977349267235
0.640722937309365,0.0032662098904375782
0.6174165841578748,0.0035154649919738315
0.5909647792432025,0.002488000032856672
0.5615003972548657,0.0004617747817337987
0.5291748668240982,0.0010899535110068372
0.49415935485309354,0.0017734402418958205
0.45664670114376,0.0037121227822368417
0.4168545834589296,0.00560947855412814
0.37503069413464296,0.005267451845221503
0.33146133022378255,0.006565456649918149
0.2864860015922591,0.009504328160137658
0.2405347703538785,0.014656624886622876
0.19411051456937328,0.020074045525228665
0.14800403066730633,0.021125386814488462
0.10337155089281773,0.026748409990467834
0.062146098062742856,0.03810155525935556
0.027807428489460693,0.09071763039782195
0.013414987137070065,0.10707047243634155
0.041236861111427645,0.04268919993814846
0.07899665236514436,0.024256252964823106
0.12188282726118962,0.018302120363825048
0.16720674388699416,0.014933084938867369
0.2134357252276653,0.011595958427679312
0.25961499658814674,0.010072053144655795
0.3050922048608911,0.009370664598993182
0.34938452054766483,0.009101767632807923
0.3921112505828242,0.008612162739706294
0.4329578742520733,0.005757945312291597
0.4716559714656711,0.004094900274356558
0.5079715928380278,0.002612589953125273
0.5416983409088769,0.0023509108123370395
0.5726531769045875,0.0010577104816584795
0.6006738429921723,0.001045599950425352
0.6256172845936784,0.001274642565877921
0.6473586949487292,0.0012373779926195675
0.6657909417971248,0.0003191806137688463
0.6808242426825122,8.8211623860776e-05
0.6923859924578256,0.00023685858882993983
0.7004206761438385,0.001249735750610437
0.7048898350655729,0.001764319860179765
0.7057720575214711,0.0022363405296410587
0.7030629771501028,0.0025403566984453898
0.6967752748346475,0.0034389739547175196
0.686938679360814,0.002830676718043923
0.6735999741397847,0.0026946327071396626
0.656823020464372,0.0025908679306468514
0.6366888141269124,0.003563396365884346
0.6132956146335912,0.003685458902865306
0.5867591915426931,0.002638375693485963
0.5572132608058468,0.000601493804978474
0.5248102392129479,0.0009543197065698321
0.48972249157262066,0.0017463480236962561
0.4521443636781132,0.0037483022372695497
0.4122955050662408,0.005727198792485211
0.37042630599376786,0.005476519998930237
0.3268269325784519,0.006909967613413108
0.28184272653024356,0.010006689386463574
0.23591185913869342,0.015396677316562583
0.18955523284276984,0.02119930545951226
0.1435903983586189,0.0235083206212865
0.09922681418312038,0.03130596499029895
0.05850390671714518,0.04793512541967531
0.025103822352803108,0.11928726190705802
0.01245526981671403,0.08100008922885324
0.03963105178089139,0.034657662090026346
0.07702090841637753,0.020090715444254226
0.11969580448261141,0.01573910627252861
0.16488965051329676,0.0132455257210483
0.21103075361073514,0.010731154274114706
0.25714443297444606,0.009604234896578174
0.3025676208683641,0.009159074111306825
0.34681140099651236,0.009053433389472534
0.3894914635353892,0.008760118241661306
0.43029106642436205,0.005626372317051651
0.46894039897507556,0.0038430295786355513
0.5052046401650708,0.0022485174525492565
0.5388768598503008,0.002083544041802869
0.5697737173749033,0.0006897006579674203
0.5977328165036563,0.0007554942883357468
0.6226110844504732,0.0010760218675683732
0.6442837877840969,0.0011006425391005016
0.6626439396695496,0.00012333835130730884
0.6776019616838557,0.0002964004904563402
0.6890855018182579,0.0003839848148508393
0.6970393406685197,0.0014034872915256488
0.7014253529525765,0.0020745100542379573
0.7022224951721864,0.0026932444171047887
0.6994268023683589,0.0031176149836569466
0.6930513897001256,0.004243434416706922
0.6831264541579988,0.0036180966451514174
0.6696992840584142,0.0035494023137430408
0.6528342872858238,0.0035267517653617677
0.6326130559576693,0.004771928343520349
0.6091345080458321,0.005038564599737677
0.5825151524444774,0.003931196000276884
0.5528895534935943,0.0016812490754911427
0.5204111281594095,0.000245643112414328
0.48525345887733995,0.0007030453408573449
0.44761242943938545,0.0028150462987856536
0.4077097131733233,0.004838755193811725
0.3657984837824026,0.004145324559138169
0.3221729200687692,0.00532845711686997
0.2771844441668392,0.008319471740166421
0.2312797350826753,0.013771947228488696
0.18499868121954874,0.019271565071092785
0.1391872062690998,0.021220455869335342
0.09511149806341923,0.028602893785492058
0.05492455008922612,0.044741105679664044
0.022519992250567424,0.11804300008312205
0.011528844886426496,0.09893336154507107
0.038038784544598726,0.04599988258627972
0.0750436851180364,0.02639155614417251
0.11749790830483706,0.021583769231045435
0.16255536990514305,0.0185051753802103
0.20860393044436096,0.014373800635338045
0.25464830268762695,0.012783490451200022
0.30001435359090173,0.012358859455536624
0.3442068961201661,0.012483762798060379
0.3868379029421442,0.012081867439413273
0.42758835360150294,0.0030920356034779954
0.4661870138297811,0.002161090482159251
0.5023981717730659,0.0068911218454701315
0.5360143535471298,0.007449424905066802
0.566851910454229,0.011761874107415787
0.594748304661971,0.01188686781873856
0.6195604437552318,0.01130326713814216
0.6411636672313783,0.01166890195892078
0.6594511338105602,0.015097847616552145
0.6743334694442299,0.016864325860900052
0.6857385756128423,0.01634924729585587
0.6936115287108684,0.004952893090078682
0.6979145368717456,0.0011348788722061716
0.6986269245897062,0.004884915135332439
0.6957451278732619,0.007964688712313626
0.6892826955513986,0.015584336748189537
0.6792702921480636,0.01306937775922865
0.6657557103170284,0.013791271690355236
0.6488039043245485,0.014892971957591636
0.6284970631167249,0.023615179713075522
0.6049347648917284,0.02676369308861098
0.5782342616848375,0.021864271315155993
0.5485309732628776,0.010429309003051758
0.5159793288835381,0.0032795255557574927
0.4807541487247654,0.0015188603056637423
0.4430528874744257,0.007825248531990731
0.4030992960096073,0.015616224586154723
0.36114942027327634,0.006089407710220938
0.31750160149707524,0.00598192562233972
0.2725136025687095,0.01411102260363276
0.22664103585867273,0.032692587005445486
0.1804437788263728,0.04433249839562819
0.1347978555480048,0.036784058586710425
0.09102991288429758,0.0381276045320613
0.05141404008121997,0.036127711043459985
0.02006341704206579,0.08734221757621406
0.010636666417052154,0.10134819118779768
0.0364610029092906,0.041934837118674184
0.07306541854697333,0.0235528780897841
0.11528926872223236,0.018525467947322773
0.1602038703617024,0.01557255662667371
0.20615514141267807,0.012256342314212946
0.2521264537177732,0.010870655088927317
0.29743224114393385,0.010386593313706572
0.3415708530300816,0.010340285236344164
0.38415043879664335,0.009971794566479552
0.424849639575615,0.0063536590665171635
0.46339576264378346,0.004305375263177449
0.4995521848261853,0.002476395134260003
0.5331108764920381,0.002275653448816643
0.5638878739965195,0.0006723893085696039
0.5917204940936163,0.0007670589782588115
0.6164656227726487,0.0011588458338596818
0.6379986715585114,0.0012010275153280018
0.6562129443862557,9.398506195866041e-05
0.6710192714715756,0.00039322771326592067
0.6823458076906631,0.0005184065014496833
0.6901379250245909,0.0012090313522512624
0.6943581646137573,0.0018079322147831602
0.6949862183081229,0.0023781400327067483
0.6920189222289733,0.0027545511789772714
0.6854702578585116,0.0038212198655595084
0.6753713561844259,0.003081113608424939
0.6617705132494164,0.002906700106232653
0.6447332291317057,0.0027672621120957974
0.6243422897968527,0.0039112350569157454
0.600697935165231,0.0040318687831829994
0.5739181640303522,0.002970462755663044
0.5441392585594482,0.0008537830186953021
0.5115166725412454,0.0007419477833474824
0.4762264844414812,0.001563431498461396
0.438467753678741,0.0036597801821223763
0.3984663642542984,0.0057299897757838265
0.35648132654428705,0.0053500922363173675
0.31281530034086874,0.006800915822354126
0.2678326618772135,0.010049017580839894
0.22199841085146108,0.015841918564232862
0.1758934608149346,0.022145523446318226
0.13042577827215637,0.025010441395424642
0.08698643568202233,0.03450052363274698
0.047978492663201956,0.05644201295026848
0.017741226696378547,0.1631965027045951
0.034898764789225246,0.04121156874621524
0.07108665941468033,0.02249562957327277
0.11307012475009275,0.01697252566056803
0.1578352269218046,0.01396354164187466
0.20368437855590962,0.011189614068704081
0.24957884076546982,0.00990582293853424
0.29482122888270496,0.009356868547076595
0.33890322650566956,0.009173935051643392
0.3814290489679317,0.008827030443057306
0.42207493594184714,0.005319257109936442
0.4605666994527696,0.003310962367490261
0.4966667832081442,0.0015134118946875377
0.5301665888700053,0.0013045200880015485
0.5608818301978433,0.0002861966000777582
0.5886496740987818,0.00028404107298373967
0.6133269824606197,6.85609095286028e-05
0.634789237444689,3.9915732431545115e-05
0.6529298873995707,0.001128838837547156
0.667659966253814,0.0016333426678578583
0.6789078817555455,0.0016834934617173817
0.6866193008381922,0.0006333206554385406
0.6907570968243837,0.001514473074874316
0.69130132787276,0.0023065352477760906
0.6882492289595322,0.0028426210381636294
0.6816152128098679,0.004300587814693177
0.6714308754254428,0.0035187457154760645
0.6577450149277747,0.0034418999499338495
0.6406236763030878,0.0034239517483853877
0.6201502424266548,0.0050364455738376255
0.5964256161925364,0.005393381661439751
0.5695685466069156,0.004247433524950113
0.5397161851709438,0.0017922424429552448
0.5070250225970935,0.00027418689772672737
0.4716724166492734,0.0006389482001344772
0.43385906629924414,0.0028812202874054483
0.39381304614192725,0.004980171863779033
0.3517964267156985,0.003795121952995583
0.30811634914038616,0.00472410525123804
0.2631440884006344,0.007628904150516482
0.2173545150434367,0.013260474735431823
0.1713506722689523,0.018596768923407225
0.12607443173746652,0.021597550750917675
0.08298550460777565,0.031151843773839404
0.04462410980474298,0.05433169708669812
0.015560043737223235,0.16699356563374734
0.0333532392579416,0.0537630420397894
0.06910807254108539,0.029265899480432594
0.11084082414767651,0.02290436524363405
0.15544962106861848,0.01918598986959423
0.2011917399076814,0.014927349824036405
0.24700552478071425,0.013194902459102497
0.2921813687882014,0.012623172231480186
0.33620407823317516,0.012606652819305479
0.3786738182724266,0.012154094977833027
0.41926436098682995,0.0053506101768102995
0.45769998440601556,0.0014544389736351575
0.4937421760049233,0.0020722942335204427
0.5271817548237824,0.0024775057324926326
0.5578341036365073,0.00564020777916887
0.5855362344592858,0.005658970560370213
0.6101449820425175,0.005124622825856057
0.6315358973143378,0.005291470083560942
0.6496025717816363,0.007725853030669864
0.6642562421076528,0.008900746563205086
0.6754255679727493,0.008798462270299328
0.6830565102209295,0.002512621528255006
0.6871122731320709,0.0006512666453740073
0.687573279732628,0.0026589191810657913
0.6844371622102744,0.004241706538305558
0.6777187627477314,0.00836326460949537
0.6674501405495638,0.00657646845324523
0.6536805941638943,0.006652630566315803
0.6364767122654523,0.0069125912403169235
0.6159224742519047,0.011541565577805946
0.592119447019992,0.012878096647232076
0.5651871331027426,0.010600002935570504
0.535263560253865,0.00512594236647429
0.5025062686842717,0.001787490890139083
0.46709391696803126,0.0008268500432019936
0.42922887949011274,0.003729227747129862
0.389141480882127,0.007537356556014289
0.3470969512484166,0.002631011264376469
0.30340708271518013,0.002442036072673204
0.25845034778832787,0.006266698339467414
0.21271200222004774,0.01537381953894488
0.16681836161372499,0.020933564922862986
0.1217472923923271,0.021725700059372865
0.07903161278398226,0.029825160566466974
0.04135715707913749,0.049148342246620104
0.013525798239603344,0.15361057721090293
0.03182569601792219,0.04676752393327761
0.06713042766175081,0.02497302947075776
0.10860181357611254,0.01908004644731837
0.15304733037523782,0.015799700327515258
0.19867741882619316,0.012435489981902153
0.2444066621059353,0.010995704992694103
0.28951280855557643,0.01045976440380561
0.33347356583266424,0.010361854459393544
0.37588492747836005,0.009985463134957148
0.416418128699215,0.006299577668527024
0.45479587280624867,0.0042155075042702595
0.4907786665972044,0.0023586466953327834
0.5241567316158431,0.0021620162018071557
0.5547451105220018,0.0005411771741987962
0.5823806547914698,0.0006325993200941866
0.6069201684777746,0.001016211734114517
0.6282392689277438,0.0010525081914074888
0.6462316891288005,0.000130263707935981
0.6608088670748992,0.0005685391956962036
0.6718997130354162,0.0006879043806014761
0.6794504803298081,0.0010832720446652718
0.683424702584349,0.0017012417739542855
0.6838031658745994,0.002285806307184662
0.6805838975869781,0.002670479686031865
0.6737821672181499,0.003767840076651179
0.6634304950210002,0.003009510706214527
0.6495786779941971,0.0028310265289197534
0.6322938469825334,0.0026882356597259086
0.611660577265008,0.0038680896586178394
0.5877811005661288,0.003994518452234338
0.5607756761412893,0.0028301498657009555
0.5307832149241756,0.0005213162966958325
0.49796231940849706,0.0012356015079311234
0.46249297102650494,0.002174458143610603
0.4245792565234664,0.004509045832830862
0.3844538120623418,0.00685100871613007
0.34238513053130815,0.00657557745994585
0.2986898319236445,0.008339698377130202
0.25375389897377476,0.01218524852707078
0.20807351913906114,0.019067880555157395
0.16229947517149426,0.02695711477342584
0.1174478510097142,0.030328953834006103
0.075129302990181,0.042363997018454835
0.03818393731136807,0.0723596901133228
0.011643517748003084,0.25165407357009606
0.03031749064301135,0.05758864643991211
0.06515458500351223,0.03007466876878461
0.10635362284080367,0.022698651805879426
0.1506287118881705,0.018654669876482097
0.19614168692869471,0.014578979061868896
0.24178248721639406,0.012832564171004947
0.286815774249501,0.01216983793516909
0.3307119256022932,0.012032634392399379
0.37306263622395325,0.011568720404195713
0.41353653193111495,0.007628814354242319
0.451854698573219,0.005407021273212102
0.48777663647381225,0.0034364643269240566
0.5210919538370582,0.003222264362082909
0.5516153433379606,0.001509898180466528
0.5791834896575422,0.0016229419065776983
0.6036531620742867,0.0020697011328167634
0.6249000415475318,0.002139812288823704
0.6428180004202733,0.0009486332524298645
0.6573186762133231,0.000499218773862375
0.6683312280487279,0.00041169238768600435
0.6758021999035044,0.0018779234662403283
0.6796954527659204,0.0023725455614287748
0.6799921335765534,0.0028729583865493473
0.6766906625521023,0.0032019840232772063
0.6698067340154824,0.004151792938940246
0.6593733267845295,0.0034089092596254265
0.6454407340237973,0.0031975687493995893
0.6280766269559275,0.003014479826363489
0.6073661758456629,0.0040275953371642385
0.5834122778912775,0.004075820328626492
0.5563359521656613,0.0027596382029809008
0.526276999738961,0.0002738550888557341
0.49339509840531165,0.001716360665150819
0.45787157507030257,0.0028722324772036795
0.41991226691829026,0.005512678017216803
0.3797521852638814,0.008243448831529538
0.33766319294660047,0.00846815701247974
0.29396692213643405,0.010906890640121866
0.2490571930232568,0.01574116812770592
0.20344170473657838,0.024146945061403323
0.1577969567771112,0.0344971360415674
0.11317961274593613,0.038381577986804034
0.07128316627984303,0.05322916627896231
0.035110761675746775,0.09085587155126117
0.028830049732203045,0.08410464134004679
0.0631814806814087,0.04354681453562275
0.10409684876589038,0.03347934893945974
0.1481941850908257,0.02776659610432558
0.19358487665307145,0.02137295074041835
0.23913329520178475,0.018809710625441307
0.2840905529438736,0.017970735922744153
0.32791945543465767,0.017948695269113805
0.37020726632393064,0.017285887237197425
0.41061992618582693,0.010592391448413901
0.4488768585881684,0.006830078737143599
0.4847365301999585,0.0034782417226490703
0.5179879190563947,0.003129070731955736
0.5484453572249521,0.0002299850575404212
0.5759453557291117,0.0004413643172311456
0.6003446444732702,0.0011161366932246506
0.6215189647565802,0.0011979072440622463
0.6393623257302475,0.0009231017004137659
0.6537865622311902,0.0017491725126285267
0.6647210801097473,0.0019709020561415242
0.67211271180681,0.0011018804539688505
0.6759256433218519,0.0021231075617564286
0.6761413799194067,0.003105820624600703
0.6727587319310677,0.0037403582196879805
0.6657938156838712,0.005613341806786896
0.6552800657583607,0.004194744390107065
0.6412682689022536,0.0037940815587391803
0.6238266346468851,0.003445621130351507
0.6030409271298186,0.005421439040125268
0.5790147094904378,0.005514326435547789
0.5518697636268113,0.0037107772858675607
0.5217467877455404,0.00013345469656873629
0.4888065482098697,0.0026241684892604348
0.4532317406047129,0.0042153368783358425
0.4152299918009513,0.007950918766763767
0.3750387540752253,0.011732844137640287
0.3329333714597217,0.011353980444744621
0.2892406803315893,0.014289737135912218
0.2443626806248093,0.02060600876792968
0.19881919788699526,0.031992607964103234
0.15331375569822003,0.045396214567630225
0.1089461049296455,0.04838918363586182
0.06749784663318378,0.06455726432667187
0.032143918288428615,0.10454128748489973
0.027364858728219886,0.09090086993233276
0.061212115508701946,0.04527718184004853
0.10183214271302733,0.03298466228403086
0.1457442186841271,0.026585956649246196
0.19100736780504993,0.020761788722154652
0.23645942840482848,0.01816260767478186
0.2813374796567738,0.017078004959144414
0.3250965022045355,0.0167351578764472
0.36731918972725236,0.016033243146125715
0.40766871824093714,0.009594876911313529
0.4458628020639586,0.005930587072627096
0.4816588456050206,0.0026652499412208788
0.5148451788886425,0.0022812763067340596
0.5452357619841915,0.0005979292873983763
0.5726669247746392,0.0005731752500197477
0.5969953526644928,9.536894633968641e-05
0.6180968435515253,6.030135668594576e-05
0.6358655404172301,0.0020593367793859995
0.6502134727988773,0.0029593093518245996
0.6610702907630734,0.0031969071642401143
0.6683831126462761,0.0003218365990309554
0.6721164467440403,0.0011473216709558913
0.6722521537495514,0.0021305517343893476
0.6687894310503885,0.0027472451636876994
0.661744813824964,0.004687474568026071
0.651152189299837,0.0031910619772487062
0.6370628349297464,0.0027439125552750007
0.6195454962230721,0.0023498404011938457
0.5986865298480224,0.0043790126253278275
0.5745901651870502,0.004434286066047681
0.5473789498896526,0.0030443801847613297
0.517194486349478,0.0001181159495868375
0.4841986430276041,0.0019848872247230503
0.44857550799916374,0.0032398617566258814
0.4105345382626267,0.006218844612500524
0.37031569510631984,0.009170124175959377
0.32819791917447994,0.008309733089464108
0.2845134510117255,0.010237766094063789
0.23967282820692434,0.014834464180831992
0.194208653515512,0.023467752542744504
0.14885284243466815,0.033083203283860926
0.10475089184689056,0.03831880213290231
0.06377805031948504,0.056042655161319815
0.02928963517793686,0.10541409590120963
0.0259234522156125,0.08269493288068898
0.0592475471803198,0.040250662485608636
0.09956020171997079,0.02858684282739389
0.14327932112879088,0.02274598862711243
0.18840957798013944,0.01792991960365321
0.23376126701190697,0.015673091314773898
0.27855692832203977,0.014645207245582867
0.32224345327607073,0.01422991818899732
0.364398820672415,0.01361771752220786
0.40468335904444563,0.00888533789178659
0.44281302426001534,0.00619254658100795
0.4785441283846438,0.0038092784258571986
0.5116643345434256,0.003528143923463489
0.5419872186253676,0.001471725192081499
0.5693489212532974,0.0015369133312348906
0.5936060776665081,0.001980773688317664
0.6146345381410478,0.001997337221124119
0.632328576069987,0.0005524481075302423
0.6466004126650513,5.387988222756682e-05
0.6573799393041445,0.00029958775950792506
0.6646145572713157,0.0018751684134712297
0.6682690940751607,0.0025922259441817203
0.6683257625846896,0.003273962694390947
0.6647841438386365,0.0037143253190972127
0.6576611883812316,0.005016403902352511
0.6469912326521224,0.004070277203318671
0.6328260416420106,0.003826124398821805
0.6152348942383541,0.0036231451627288798
0.5943047380715091,0.005027388051812271
0.5701404689001752,0.005149571324228647
0.5428654029685475,0.0033997126941744476
0.5126220539569237,0.00011293287737401122
0.4795734062126108,0.0026287689721420644
0.4439049647190843,0.0041468116048416345
0.4058280582472444,0.007711526127186471
0.36558522741607014,0.011409487826480108
0.3234591291572747,0.011635453246996092
0.2797876162812665,0.014923736367984957
0.2349901380168954,0.021598907902974834
0.1896127623400942,0.033456383040763316
0.1444172276424537,0.048438990650591464
0.10059759174314589,0.05309473976430521
0.060128555041112176,0.07404495520567618
0.026554031712604946,0.13115060031542308
0.024507404509595043,0.09962351195238205
0.05728888308247753,0.0476489869992939
0.09728176012950414,0.03412085080738766
0.14080003155940615,0.02725961402657913
0.1857919532769044,0.02118293215992757
0.23103921993250506,0.018480244472513275
0.27574930302390477,0.017347226617297238
0.31936072822440453,0.01697919344095884
0.3614466080084371,0.01625725842517822
0.4016643367241358,0.010247071244694787
0.4397280602559134,0.0068442266817966765
0.47539296670169434,0.003827792752893733
0.5084460323092886,0.003483506991922234
0.5387004357820574,0.0008695355943699023
0.5659921197023708,0.000979648583822631
0.5901776629166544,0.0015530255209483769
0.6111329633660332,0.0015787049362413895
0.6287524209885542,0.00031496822516136476
0.6429484452171652,0.0010554889353675948
0.6536511654306819,0.0012837381132947184
0.660808262523167,0.0014058297931142242
0.6643848797556239,0.00230236328727634
0.6643635785538565,0.0031526088512862384
0.6607443198485318,0.0036913930821261816
0.6535444657235362,0.005331475269091373
0.6427987980748564,0.004070588461835218
0.6285595659542844,0.0037058133313703934
0.610896578757574,0.003386363145097885
0.5898973732771597,0.00512539858154858
0.5656675116013388,0.005200284854323612
0.5383310813211002,0.0034637962810957117
0.5080315145424674,0.00010242367857629699
0.4749329255366781,0.0026137822847587776
0.4392222612114958,0.004182862080456279
0.40111276495402304,0.007819400959069526
0.36084962931178843,0.011563048087034516
0.31871935148414515,0.011477650022357656
0.2750656129291332,0.014622644726798044
0.23031716499502258,0.02122217091894125
0.18503426717967453,0.03317491568879816
0.14000997729549292,0.04809215124562229
0.09648988942863704,0.05408997179744275
0.05655421254090841,0.07813237052469564
0.02394305206486424,0.14798939170833864
0.02311831900578514,0.10120295913504666
0.05533727164458645,0.046800096305485296
0.09499757924526488,0.03211976012301238
0.13830690835540216,0.025091709167851927
0.18315495640675336,0.01980897946382672
0.22829371278902466,0.017236277809642226
0.27291502614305035,0.01599086232306375
0.3164487673119535,0.015412132638047974
0.3584630241190577,0.014715082128737967
0.39861216605164607,0.009286584558563944
0.4366084750272918,0.006186528400462076
0.4722059819351775,0.0034417043916880863
0.5051909550260762,0.003110533274682458
0.535376161950435,0.0007469845272741148
0.5625973377785378,0.0007810847068100196
0.5867109981542337,0.0012162493416331334
0.6075930834509987,0.001180867771481887
0.6251381158105744,0.0005335350082673524
0.6392586889927973,0.0012568766498120348
0.6498851666477505,0.0014534166920059301
0.6569655055370769,0.0012223109948095096
0.6604651608215213,0.0021504022431509985
0.6603670384846793,0.003001730764220028
0.6566714752225008,0.0035413426448654577
0.6493962404790364,0.005182286447973602
0.6385765575134034,0.0040117492586722895
0.6242651556529906,0.00371062189604857
0.6065323716410466,0.0034599867385925894
0.5854663293795428,0.005224626642369603
0.5611732570552731,0.00538096866216823
0.5337780162497279,0.0036612258273372444
0.5034249646564221,0.00023505966627315904
0.47027936073913035,0.0024081494551129734
0.4345296189238996,0.0038896804342714465
0.3963909412381449,0.007482766936998209
0.3561112470251973,0.011162777276416676
0.3139810020588293,0.010912112105767804
0.270349941219118,0.013893093097826778
0.2256565252848445,0.020350003338874267
0.1804759708282777,0.03221667006556906
0.13563421932152864,0.0470044861881478
0.09243154006062557,0.0537005013286057
0.05305994061917004,0.07969873811837949
0.02146237690942151,0.15955188069515144
0.021757816825879284,0.11486986794772491
0.0533938928426708,0.05201374357789937
0.09270843560301015,0.035647505191253114
0.13580051592846903,0.02783264527316275
0.18049905272917624,0.021790599472116583
0.22552517367104277,0.018929614093789512
0.27005452406354546,0.017592868908611312
0.3135080173204205,0.017012284538529904
0.3554485509977613,0.016245074905298498
0.39552737484577777,0.010280442747281007
0.4334548502441278,0.006888257441146501
0.4689838159257329,0.0038886460633607593
0.5018998098196289,0.0035355397125907398
0.5320151737477935,0.000951715382423541
0.5591654250684643,0.0010137691630463259
0.5832070087965473,0.0015253263638422086
0.6040159019628207,0.0015121278785238204
0.6214867440757766,0.00035970722585983264
0.6355323088641963,0.0011205390112071496
0.6460831900782668,0.0013372302241398857
0.6530876161804818,0.0014996846587886914
0.6565113499686757,0.0024783506115066715
0.6563376375881307,0.0033860963242114124
0.6525671869892115,0.003965189217953007
0.645218170427051,0.005710209785206738
0.6343262480785562,0.004455345183147421
0.6199446254262856,0.004130033731370499
0.6021441631021427,0.0038580690544261103
0.5810135698044132,0.005736792273467411
0.5566597393746567,0.005898544686184375
0.5292083099029592,0.0038755811782840177
0.49880457183324156,0.00017421053704177412
0.46561494229657957,0.003221105995005811
0.42982932938150076,0.005001760945773891
0.3916649389304881,0.009239834935834714
0.3513724941942373,0.013634624184956149
0.3092465621515474,0.013657613317531278
0.2656431643598322,0.01745860765226054
0.22101089542505545,0.025449896650553683
0.17594073462848872,0.04005188098042386
0.131293140973362,0.05887535512280806
0.08842636353782471,0.06608592807559248
0.04965070408827762,0.09698789271013195
0.01911731306432072,0.19330105208396436
0.02042752704470535,0.13980891058995082
0.05145995105091895,0.061494063256524165
0.09041511149392405,0.041374672899842875
0.13328141360480034,0.031979021649611444
0.1778246982326255,0.02499987550308037
0.22273402064371195,0.02164610331062055
0.267168214470816,0.02003588055811927
0.31053891878859974,0.01929429794136528
0.3524036675250948,0.018391655347385766
0.39241049135787404,0.011385991652875443
0.43026777181239667,0.007393342379967096
0.46572711870927636,0.003861265224399032
0.4985733160553669,0.0034352965318312544
0.528618264106991,0.00040894993259491213
0.5556972515401198,0.00046866546074178235
0.5796666446640529,0.0009868561170600315
0.6004024508194363,0.0009303089834842549
0.6177994215190702,0.0012810641988217299
0.6317705056176349,0.0022348089598748754
0.6422465223294517,0.0025109992918957856
0.6491759672062912,0.0008450791270811387
0.6525249059904721,0.0019400366301049897
0.6522769201763838,0.0029593790293200076
0.6484330840556062,0.0035868658365077783
0.6410119677578932,0.005594784353229339
0.6300496635627191,0.004032287346525075
0.615599848639961,0.0035612412811068797
0.5977339037314932,0.003143196197291173
0.5765411197340194,0.005263072636039705
0.5521290554731292,0.005324393747896562
0.5246241279175574,0.003438303316792798
0.49417256740071214,0.00040657605901572353
0.4609419643732111,0.0032718729100530636
0.42512374724675756,0.005040335587057345
0.38693717196648697,0.009117504399975208
0.34663584500766315,0.013327255346337587
0.30451857148560324,0.013077072937981982
0.2609479013752886,0.01656620834311986
0.21638300487888637,0.024075490387929478
0.17143147036874953,0.0380273904720465
0.1269899795204301,0.05589860084672316
0.08447823201560666,0.06483708798283652
0.046331486863945955,0.0993812864457368
0.01691266340314919,0.21586765880656808
0.019129080468365516,0.13098525759943513
0.04953667342200601,0.056066629212317136
0.08811839153118269,0.037222175060358326
0.1307501507246854,0.028572078864650474
0.17513233376641293,0.02229183283984999
0.21992065545261452,0.01926267155439689
0.26425649975258086,0.017795135420441883
0.30754189921160485,0.017105154172984482
0.349328842527377,0.01629335978745241
0.3892620372259992,0.010313840629362562
0.42704782274546943,0.0069106419494412135
0.462436541318109,0.003908183304812743
0.49521219807513506,0.0035470817513332965
0.5251862349519723,0.0009702004651409424
0.5521937001573997,0.0010136315488398883
0.5760908725336669,0.00150155014573733
0.5967537827744349,0.001472749247941367
0.6140772884900402,0.0003921662947018373
0.6279745083007766,0.0011623765333465652
0.6383764817647761,0.0014139713951705356
0.6452319664451865,0.0012297997302172896
0.6485073258861147,0.0020957655516685536
0.6481864716836169,0.002903859731062484
0.644270839136459,0.00339829672053111
0.6367793909076316,0.004992084646028964
0.6257486461769534,0.003709865056125539
0.6112327489697003,0.0033084057138220418
0.5933035960169603,0.002946965693794084
0.5720510575194911,0.004628441566529095
0.5475833563665193,0.004648833682472346
0.5200276906048815,0.0029973465626717878
0.4895312375468228,0.0003117761906974316
0.4562627757611261,0.002821889223759721
0.4204152811224996,0.004406950528016063
0.38221010703417957,0.007981814288820383
0.3419038246696948,0.011721314611800055
0.2997996184704075,0.011797002531537924
0.2562668170858991,0.015124770959457407
0.21177562555655577,0.02206208459724144
0.166951129070233,0.03486966144316315
0.12272800969953758,0.05188932972799084
0.08059105376595127,0.06154958942820776
0.0431072578710434,0.09769996715709195
0.01485258037869274,0.22840525078460816
0.017864106976624293,0.15208097142996935
0.047625314598332025,0.0630581640198718
0.08581906643918547,0.04145738644360724
0.1282072693409701,0.03161730615410936
0.17242238706228866,0.02431505266986739
0.21708546513166063,0.02088181146473048
0.26131976824416653,0.01925613655203918
0.3045173739815142,0.01852234151936087
0.3462245354285478,0.01759444550596409
0.3860825278371977,0.00903403702009811
0.4237955832281687,0.004141464786868139
0.45911273553366194,0.00022363916715821205
0.4918171846243401,0.0007598996185991484
0.5217198962832258,0.004586619890948615
0.5486556656089212,0.004665860508933266
0.5724806744871354,0.004085372045100698
0.5930709693833248,0.0043125140053833265
0.6103215075188354,0.007206641141827477
0.6241455713833977,0.008607554582644188
0.6344744152500928,0.008714139688185284
0.6412570531298386,0.0024730790370703203
0.6444601407579871,0.0005855676191145998
0.6440679141323236,0.002374230068931223
0.6400821637881261,0.0037948397082041324
0.632522239159526,0.007801896306169769
0.6214250807213495,0.005618217581385305
0.6068452941398246,0.005357372930579577
0.588855287666789,0.005254412620165102
0.5675455075898631,0.009705255382115897
0.5430248396758063,0.01064460043405424
0.515421265056865,0.008099049839573684
0.48488291503779624,0.0022358681867092655
0.4515797712185643,0.0017968489596116633
0.41570638451547187,0.0033563547232123864
0.3774862541632172,0.008837816056124246
0.3371789996034874,0.014031346539147092
0.29509232999047014,0.010321078461582063
0.25160261137866996,0.012188830419788917
0.20719156048985532,0.01950206481118174
0.16250268876849283,0.0353116700575681
0.11851052994370308,0.05167431514871097
0.07676875523619038,0.05617015754934625
0.0399829321454247,0.08355642141154347
0.012940406627965903,0.1766019219449629
0.01663423468427713,0.1307721689872179
0.045727166149386635,0.058066721930135186
0.08351794249158251,0.048691449214115425
0.1256533129411871,0.04136708351278501
0.16969528091044678,0.028000919490092976
0.21422882972700186,0.02414716552623331
0.2583584015864629,0.023914742554635375
0.3014657533709558,0.025211807536928327
0.34309120283820427,0.024286113878267644
0.3828724784915525,0.014267276232286392
0.42051163632445726,0.008868574725725019
0.45575635910696927,0.00409340589555195
0.48838901355454795,0.0037037917163584627
0.5182200703356824,0.0005866565934862288
0.5450840578949671,0.0004712338906416664
0.5688370509229191,0.0017390829984785688
0.5893551034021199,0.002217061033138559
0.6065332650829324,0.0007726327591720273
0.6202849758732575,0.001695870556170204
0.6305416986072905,0.001972857699046361
0.63725269767794,0.0014875438149469181
0.6403849149181049,0.0025262680388909125
0.6399229045611439,0.0036816593239652412
0.6358688061580431,0.004476394551949563
0.6282423497186419,0.006621749690715691
0.6170808909942332,0.0047781175459836326
0.6024394916862601,0.004177774082106829
0.584391066722123,0.003622373096468954
0.5630266349340037,0.005850332156618888
0.5384557434950122,0.005772293056398165
0.5108071584179077,0.004054646175113414
0.48022997191294386,0.0005215798902778161
0.4468953836062644,0.002125465030242263
0.41099954743111944,0.003914145669651655
0.37276815778914724,0.007830756978030326
0.33246396798645156,0.011914204470548672
0.29039936138949607,0.011661800376673763
0.24695800860704442,0.015147682888680682
0.20263363248876312,0.022657585534551498
0.15808914213910524,0.036911108128139206
0.11434084823126103,0.056021530253999086
0.0730152620742098,0.06719632496330999
0.036963327556091934,0.11119056261743819
0.011178507088079916,0.2897443836554242
0.015441088421945125,0.1540234907774283
0.043843567856107234,0.05984137392822201
0.08121585348211408,0.037685992876026204
0.12308883793736626,0.028130883569548754
0.16695144422871844,0.021825521112508607
0.21135113300045716,0.018698993646934985
0.2553727850528368,0.017110147799748707
0.2983874524463288,0.01629041929510902
0.33992930800877696,0.015457888350219122
0.3796324133592141,0.00818364169295662
0.41719657639337276,0.004024471227097536
0.45236808359307734,0.00033426037120855425
0.4849284390402847,0.0001291885153926626
0.514687598143881,0.0033429173392884913
0.541479808211995,0.0034278168794382793
0.5651610257130254,0.0029636074906098796
0.5856073032149625,0.003163961385698768
0.6027137752903854,0.005589204149493127
0.6163940322425218,0.006767295503898003
0.6265797387724533,0.006881873395095743
0.6332204030743687,0.0017780566086080972
0.6362832464905349,0.0006004712906715619
0.6357531348471007,0.0021700582864522325
0.6316325500301398,0.003314623463827167
0.6239415959870793,0.0065920170729481175
0.6127180373013017,0.004761167839885791
0.5980173856985718,0.004513814842576081
0.5799130575690263,0.004393016135729652
0.5584966403961653,0.008032733502587616
0.5338783409915666,0.008767987768221368
0.5061877118132252,0.0066591936541418465
0.47557481276510255,0.0018153890899749638
0.4422120765443377,0.0015381062922686958
0.4062972884283965,0.002896471618376895
0.3680583882233207,0.007506833892286751
0.32776135064081446,0.011929873406847487
0.2857233867829644,0.00901017265468119
0.24233574725313278,0.010796042448589645
0.19810467303292653,0.017292941272785762
0.15371348427402928,0.0313544608481367
0.1102222678942515,0.04678507623375952
0.06933447942615964,0.05731778876205589
0.03405311719595819,0.09994156674152022
0.014286285621820652,0.2364171125198073
0.04197591850500058,0.08998894752549177
0.07891367263929991,0.057964054664358874
0.12051442519330653,0.04380945705112888
0.16419132319762894,0.033113502049436756
0.20845277320658173,0.02831890694728748
0.25236331793866634,0.026175578577337114
0.29528290104598215,0.02530746067502211
0.3367393303602787,0.02405131917895276
0.3763628745079694,0.014437852359339155
0.41385101757618004,0.00901507843628008
0.4489486022601222,0.0042361403598699275
0.4814362388757242,0.003680828481081163
0.5111233461957522,0.0004975321972891689
0.537843874936886,0.0004946048074919934
0.5614536515095202,0.0004947785324198649
0.5818287174248123,0.0004527387970968925
0.598864283741462,0.002543524503536242
0.61247408354714,0.0038221905081716957
0.6225899761647602,0.004149988521071937
0.6291617064851985,0.0006614589673456004
0.6321567682692008,0.002150162752689846
0.6315603318092378,0.0036089980107591522
0.6273752141796088,0.004533234350795988
0.6196218861786512,0.007387736909778491
0.6083385143478462,0.005271010236414102
0.5935810540185159,0.004678447569632121
0.5754234174402257,0.004165681194762909
0.5539577565060501,0.007216890626663591
0.5292949355866141,0.007399402792939576
0.5015652949027851,0.0047911670261273276
0.4709198686924106,0.0006235022454475917
0.4375323377849186,0.004662882785773212
0.40160214743441913,0.007111133425889312
0.3633595339234449,0.01293327476773161
0.32307378276244014,0.019007732438119755
0.281067090195231,0.018578119665348888
0.2377385704166562,0.02369908997290992
0.19360751196693962,0.035078909629692616
0.14937870120974273,0.057067325471370625
0.10615807398669343,0.08722400045980266
0.06573027202790604,0.10477883323399596
0.03125677768119202,0.17793086648794817
0.013171428539284841,0.262144262636576
0.0401256848307929,0.09584616401126889
0.07661232296115737,0.060283250750014
0.1179306899646129,0.044990126057595045
0.1614153907613745,0.033941520389261716
0.20553417223698117,0.028910450639289435
0.2493304223632934,0.026592797105701595
0.2921525522097731,0.025585273127065947
0.33352177350400053,0.02426535743038707
0.37306442948665774,0.014719418842086428
0.41047560090795115,0.009329858133020782
0.44549863669822043,0.004589782274057416
0.4779132205530084,0.004025520080559507
0.5075282119571841,0.0002095957271809574
0.5341772485767314,0.0003252609143695276
0.5577160140972762,0.0008372779025896711
0.5780205286057076,0.0007882395990240662
0.594986070663803,0.0021614343314810213
0.608526507937672,0.0034218539163492654
0.618573886568669,0.0038286704075693114
0.6250781805089218,0.0004823199457389892
0.628007148339455,0.0016357146667681768
0.6273462572046012,0.002842578792861588
0.6230986517503703,0.003566680900255492
0.6152851620871057,0.006016358767320725
0.6039443494061454,0.00389061139836428
0.5891326058130573,0.003146685676707343
0.5709243334234533,0.002455192609804362
0.5494122439360325,0.004986591277047465
0.5247078568805011,0.004849767223902775
0.4969423012951273,0.0027932755433169175
0.46626759222019165,0.0014701683852868439
0.4328586736605868,0.0046497674512691834
0.39691667973338496,0.006885529137957721
0.35867419502993625,0.011668062062819364
0.31840390699642096,0.016741048359984047
0.27643315816258474,0.016784682683334086
0.23316921786540695,0.021418514258280726
0.18914496877998851,0.03122608281022939
0.14508775998409107,0.050044407289609225
0.10215152094679421,0.07681071693511592
0.06220644468334615,0.09509312798358241
0.02857853366684243,0.1686703382751733
0.012098092304142237,0.21287258590732802
0.03829440787271606,0.07759215833655274
0.07431278511230946,0.053385338289996837
0.11533828931468326,0.041566761703294396
0.15862415364844748,0.029317529415576565
0.20259578228342787,0.024895855226272624
0.2462745496120067,0.02358969003335905
0.288996888202313,0.02366793763955202
0.3302771709334673,0.02254281077634262
0.3697376766649954,0.01364756437780905
0.40707099928461893,0.008760417578185974
0.4420189413949431,0.0044675977197489265
0.4743602254296775,0.004026503987921671
0.5039031276156445,0.0003328187482793422
0.5304809550763699,0.0007260370990990805
0.5539492352439547,0.0017620199532525193
0.5741839556980725,0.0019813444446866064
0.5910804528503267,0.0006696105390220529
0.6045527201368806,0.0016101114935322437
0.6145329821494027,0.0019389657743307555
0.6209714337317952,0.001215035579294197
0.6238360901764948,0.002144723857246787
0.6231127073751014,0.0031192812945639832
0.6188047494572073,0.003739826545221332
0.6109333978526125,0.005640895173774176
0.5995376006581046,0.003899033447934702
0.5846741795051066,0.0032727733792243295
0.5664180199896506,0.0026797140658225945
0.5448623886433179,0.004634589156974316
0.5201194574231617,0.004462835990925905
0.49232114496003554,0.002661798016538139
0.4616204533687198,0.000967819039132814
0.42819360481698565,0.00375572997279746
0.39224345136882105,0.0057747834452419435
0.3540049784323948,0.009972642290055943
0.3137543681452923,0.014502323831283437
0.27182427402381365,0.015023955634038648
0.22863041977757467,0.01955238669902433
0.18471984558593066,0.02878754901198049
0.14084360032123924,0.04636379806916271
0.09820582160946219,0.07251838459908465
0.05876672307193596,0.0909149423262681
0.026022298437294877,0.1666931247431113
0.01106780881573225,0.2340875219527035
0.036483706653004294,0.07975045747615564
0.07201610275708194,0.04967760523328102
0.11273792683093953,0.0369053894687393
0.15581815650789058,0.027209147409746687
0.19963808959649762,0.023048115860012507
0.24319618360040937,0.021271913032678346
0.2858164237144144,0.020616427481161177
0.3270060889714249,0.019542523891581298
0.3663832479229313,0.01181120710900159
0.4036379198904226,0.007482711514562744
0.4385103058938699,0.0036849408536799013
0.4707781306114349,0.003250009161121071
0.5002490616817985,0.00016204109406821725
0.5267560571354248,0.0002870930382711158
0.550154473756891,0.0008301549465746865
0.570320254769231,0.0008460250828790397
0.5871487841249451,0.0015032683474383547
0.6005541716108584,0.0024702468213891812
0.6104688113327585,0.002685747619120937
0.6168431103193359,0.0011164072645844137
0.6196453319531515,0.0024401612577794485
0.6188615122774282,0.0036797496272305222
0.6144954263448621,0.004494102038694476
0.6065685984577647,0.006858307204145163
0.5951203554407581,0.005266659608096939
0.5802079407789709,0.004904971721296379
0.5619067167649596,0.00461998699868746
0.5403104994171186,0.007212711964202292
0.5155321100453387,0.007535827898234249
0.48770425735129486,0.004965350309862139
0.4569809365727635,0.00031475166829804884
0.4235396629305979,0.004333400640737482
0.3875850356537304,0.006646028654756863
0.3493544940550556,0.012369506471229719
0.30912780919252,0.01843220854345147
0.26724311360069375,0.018431398579890627
0.2241248919516019,0.02392358630989555
0.1803349215739445,0.03605066115250997
0.1366491277012077,0.059820097851666365
0.094324137294666,0.0947101965337903
0.05541473452666346,0.11538510766337526
0.023591610370925383,0.20951731058239256
0.010082046878275163,0.2907860789035563
0.034695279608267446,0.09504019124211241
0.06972338583554692,0.05843817776549945
0.11013035516505942,0.04312276719491977
0.1529979838604881,0.031486909540869044
0.19666161606102217,0.026569810415923177
0.2400958421785251,0.024500455816272065
0.2826117069512774,0.02376027110818929
0.32370912766702264,0.022494180439292848
0.36300180937050713,0.013884846549029009
0.4001771047446613,0.009079562288540146
0.43497355517070746,0.004875524623307556
0.4671678491584505,0.0043912388505388264
0.49656701902701844,0.0007959133677489478
0.5230036540749216,0.000987564119593857
0.5463329251555529,0.001798288518372719
0.5664307185276165,0.001856717314343197
0.5831924546982239,0.0007162714665647796
0.596532349770177,0.001726935971309028
0.6063829578546656,0.002064740535877991
0.6126948889187124,0.0013427522683474953
0.615436645300231,0.002411730659391782
0.6145945341064285,0.003453491216901044
0.6101726322800922,0.004099892561079232
0.6021927980939611,0.006157705397295641
0.590694728480682,0.004409358359776752
0.5757360806927102,0.0038246433592302766
0.557392686530577,0.00328395330191728
0.5357589057709851,0.005446358171006383
0.5109482056471034,0.005390582378472802
0.4830940850934239,0.0030937563302571277
0.45235153826541447,0.0014991343767048074
0.41889938818340217,0.005102655009543732
0.38294401052249744,0.007541305339390245
0.34472535205872396,0.01283896227699365
0.3045268683028522,0.01860510784957108
0.26269234193294966,0.019509572688214617
0.2196553320872651,0.025482360690256264
0.17599294850702646,0.0377355181695283
0.1325072073652756,0.06134036451789171
0.0905095684923148,0.097938795664712
0.05215398824879365,0.12549666588861647
0.021289565225841987,0.24498605611831337
0.03293090500354329,0.10432834949940824
0.06743581334094564,0.061358710981561454
0.1075163780884842,0.044322694338362834
0.15016426157135024,0.032904166494565755
0.19366692029308874,0.02774233822827008
0.2369740779956664,0.025339159176858764
0.27938332033056035,0.024251220134950156
0.32038692136084257,0.022932641081925397
0.35959406179453657,0.014093832357923374
0.39668933103875115,0.009132147368966382
0.4314095498649482,0.004795410732841972
0.46353033021446605,0.004292351760429045
0.4928580409111951,0.000609863014322644
0.5192248817678989,0.0007345636818009185
0.5424858215153486,0.001448669397493463
0.5625166760666681,0.0014357721085413446
0.5792128908138856,0.001216053343117935
0.5924887775203516,0.002319189177767028
0.602277040218298,0.0026466872444280707
0.608528482025038,0.001228237151738001
0.611211834584318,0.002496652684679879
0.610313666487552,0.003692406122043388
0.6058383470615203,0.004439002700148177
0.5978080591914353,0.006791421750011602
0.5862628608623586,0.004951931560237161
0.5712608145786031,0.00439675336638783
0.5528782140555096,0.0039011613732974214
0.5312099567089419,0.006416201818113619
0.5063701518971329,0.006497329854637202
0.47849308861158574,0.004045643533337118
0.4477347654326953,0.0009462323832714869
0.4142753277311344,0.004803043329905223
0.37832295689261625,0.00727605451171904
0.3401201610617483,0.012926724322102168
0.29995417684842846,0.019020846255641582
0.25817461094748123,0.019491211246287374
0.21522441695520658,0.02546803941934656
0.1716966470323224,0.03823863152049514
0.1284206589716255,0.0633811210547019
0.08676514580746746,0.10229785570667971
0.04898785456869411,0.13260908794882373
0.01911874467442963,0.2687511502796029
0.031192441729510616,0.16228495377144544
0.06515463750190481,0.11375892079861641
0.10489685420697784,0.0888109152522455
0.1473176600590486,0.05896546748334814
0.19065460057568256,0.04958735820383903
0.2338314812659819,0.047748798166717156
0.2761318831285396,0.04907000654059927
0.3170401412304411,0.04676774416307522
0.35616074311093865,0.016609574175628233
0.39317541349494106,0.0005559648230363993
0.4278191885414024,0.014859926010288887
0.45986656116662533,0.016277240390762875
0.48912320703582757,0.029515248033777523
0.5154209145810955,0.028958735366103334
0.5386144332933557,0.025989118001180537
0.5585794945706717,0.026244142148750895
0.5752115563312904,0.036396615013502824
0.5884250147178385,0.041077802029776636
0.5981527130209424,0.041753448912841266
0.6043456371769782,0.02228403012894007
0.6069727379708508,0.014817327410630259
0.6060208354058745,0.008339261723919352
0.6014945812139675,0.0047757964317623304
0.5934164730801013,0.007541551906625114
0.5818269205425985,0.0007966804205809676
0.5667843824203037,0.0029741410627295672
0.5483656063351076,0.005164782379440928
0.5266660208243177,0.007890861164202952
0.5018003731896955,0.008768577747589072
0.47390374194252516,0.008279251431019775
0.4431331352713404,0.0032802563393690355
0.409670035195333,0.002614628094290778
0.3737244579698185,0.0026039995048606234
0.3355415272218268,0.0007484754989299369
0.2954123581995265,0.002175725446588099
0.25369255790876644,0.01657032046463599
0.2108348002507395,0.028847181508862542
0.16744870353932448,0.041166346852085575
0.12474692223559229,0.05411763117851336
0.08338849140553332,0.1031735479904227
0.046134856540431216,0.13428535624456006
0.017197278069244027,0.27521129882848644
0.029647307351067662,0.021054738340912704
0.06313696231176102,0.005494871624064523
0.10259784261935713,0.0015155755848060678
0.14483646022362498,0.0031868685009143844
0.18804300932441678,0.0026685043268829755
0.2311177261104975,0.001621684442457953
0.2733319862097452,0.00043140792043095083
0.31416349984253256,0.00027051209908876843
0.35321301410960126,0.00175837243419203
0.39016008427674836,0.0030408734212990897
0.42473847476592536,0.00420852816767096
0.45672194211346245,0.0044177748735297765
0.4859157570820467,0.005433177240571825
0.5121515153378844,0.005837367657058152
0.5352839133992092,0.006201891589804992
0.5551887242039671,0.006663769950372225
0.5717615126942043,0.007610275004199991
0.5849168285020933,0.0083594389533684
0.594587702286609,0.007716289277237772
0.6007253329824267,0.0008717325437385032
0.6032989048204777,0.003238153077414565
0.6022954888826731,0.006149479287399565
0.597720004860787,0.008337481804412185
0.5895952365439233,0.013428509291812217
0.57796190126739,0.012823287128673923
0.5628787937721922,0.01413607008981645
0.5444230360945582,0.015804638137795847
0.5226904856959096,0.02218527475673906
0.49779639781913415,0.025556308811002678
0.46987647555794304,0.020294339363100142
0.43908852689099875,0.008543654083792433
0.4056151018811842,0.0013300075569308149
0.3696677047410115,0.002323803222142412
0.33149362191824183,0.013318549697957788
0.2913872505786758,0.02406800191642293
0.24970940522488436,0.017810764622400537
0.2069214262043378,0.022724150859485603
0.1636481225164239,0.041222797182827724
0.12147686171996307,0.082839465379093
0.08036643667485212,0.1385056413542713
0.04357665924466752,0.14279599587962288
0.015501747290686773,0.21885347336168212
0.028282327961911945,0.1304482720798182
0.061372412464957865,0.07655108734722943
0.10061169148031744,0.05526256066924923
0.14271510066532644,0.0389788327630928
0.18582812273678576,0.03252369376180228
0.22882992718464265,0.030008729206512864
0.2709816050813381,0.029269935474203056
0.3117556398565417,0.027649605994750092
0.350750047189287,0.01709169322252961
0.3876429459337992,0.011265774390175422
0.42216736736092814,0.0061949237627431505
0.45409673198542194,0.00563503908054618
0.483236206272706,0.0013010262435254832
0.5094174204314642,0.0016239581867214777
0.5324951903829566,0.0027341071494509737
0.5523454609521921,0.002894677070410311
0.568864001548316,0.00024213252632347438
0.5819655863259959,0.0013069693077764199
0.5915834825407273,0.0017734632591448558
0.5976691327582964,0.0016389679278213404
0.6001919688313084,0.0025817372140624507
0.599139311910937,0.003569165835179604
0.5945163339753504,0.0041544066859101
0.5863460743986534,0.006162688105747935
0.574669512035636,0.004093235273655382
0.5595457138013153,0.003253503752306239
0.5410520922355143,0.0024329552701750318
0.5192848257162744,0.004449454971272984
0.494359539745664,0.004052700006991971
0.466412386812241,0.0016573619855756818
0.43560175100657306,0.0031151218898894046
0.4021109627972664,0.006957112559091026
0.36615264084922045,0.009960562271284838
0.3279757439127672,0.01585408950801164
0.28787729942086254,0.022513487046371742
0.24622245541911114,0.02476589072671245
0.20348004347625454,0.032800536733073496
0.16028850700501654,0.04852746976588815
0.11825420923587504,0.07864023528190228
0.07740132336708054,0.13082166478796886
0.041093260217707726,0.17952886785979802
0.013908946009667689,0.4134308388489141
0.026928570538760684,0.1431673715900065
0.05960225532649251,0.08163780668681
0.09861102460860467,0.058117809945455484
0.1405744388077572,0.040871545367792306
0.18359117939934858,0.03395675769086737
0.22651841388759014,0.031186495032960303
0.268606523000393,0.030287380830382717
0.3093225584647366,0.02855773464679362
0.34826169957048175,0.015565692137826213
0.38510057136947257,0.008354446295616115
0.4195714382755138,0.002038749926321596
0.4514473632620976,0.0013376896210678165
0.48053339335261497,0.0041499679324590935
0.5066611814592545,0.00398237219986653
0.5296856526901031,0.002768939950320652
0.5494829142107621,0.002808017105104161
0.5659489304691978,0.00680933853282041
0.5789986905051181,0.008548651729383816
0.5885656881316298,0.008804452460053989
0.5946015989901714,0.0016842332735481703
0.5970760914188724,0.0014375069851707103
0.5959767248883262,0.0037852403588285745
0.5913089112880062,0.0054052279877892725
0.5830959325831835,0.010034123354727392
0.5713790155540139,0.007161350208152242
0.5562174851369126,0.0066143788506261335
0.5376890297220626,0.006229136674092806
0.515890133561421,0.011362916239026537
0.4909367771728853,0.012189017673496439
0.4629655473447936,0.009116771941256922
0.4321353899931519,0.0020800202302887713
0.39863040379383774,0.0029133794842110343
0.3626643142967856,0.005361138826173961
0.32448775480836334,0.012651377871212633
0.28440040603308525,0.02005199141920974
0.24277181713258206,0.01676059041733802
0.20007847726874264,0.021195000986242597
0.15697285791319798,0.034436656747858396
0.11508120233616101,0.06373879666470163
0.07449534140396746,0.10598542001618858
0.038686853395076756,0.1453200875701822
0.012419620939025846,0.35244407655905235
0.025587651087658064,0.04040647499650179
0.05782744892790651,0.03081187948876877
0.0965964815597887,0.024463898081102095
0.13841501783710794,0.01461050246350186
0.18133272669846395,0.012055284375658762
0.2241837837890709,0.011977263352447908
0.26620741024729355,0.012857986700593993
0.30686501056223225,0.012242898843055034
0.34574881746843983,0.006728623990077251
0.3825339020408976,0.0038265757277669613
0.4169517264800759,0.0012900188076797124
0.4487749736090286,0.0010873314712887977
0.47780855505766917,0.0011740774171173046
0.5038841339621973,0.000789557723602871
0.5268567338352219,0.0001951135745004475
0.5466026141273558,0.0004950254739144089
0.5630179244162653,0.0010803523755098666
0.5760178585292093,0.0015478038510470659
0.5855361263505977,0.002297269262543876
0.5915246256051002,0.00389841692121997
0.5939532495499062,0.005316603839466822
0.5928097837998202,0.006385512529256622
0.5880998673574482,0.007362814342936282
0.5798470113594275,0.0089368512657605
0.5680926764858432,0.010337109482954597
0.5528964310922835,0.01196476667102569
0.5343362242923042,0.013840246543207809
0.5125088306511134,0.016341275331495056
0.4875305698735275,0.01900912197238985
0.45953844726415644,0.013529234722076768
0.4286919554357389,0.0027537715116871006
0.39517594800377615,0.006387191720143002
0.3592052484375381,0.009433376503821714
0.3210321649935013,0.02073617589428516
0.28095905218329614,0.032895429309611646
0.23935992479257065,0.03392119839592645
0.19671909277749253,0.04581375376338164
0.15370344854402507,0.07379435879653252
0.11196001703113666,0.13098518288353883
0.07165058784563656,0.22811660260841182
0.03635946216852272,0.25748554797092926
0.01103395297781028,0.4633114907109031
0.024261301723530335,0.11194450805429386
0.056049059451678825,0.059656194721777675
0.09456879665843301,0.04130611697467122
0.1362374716842027,0.02986610895368442
0.17905340248232698,0.024906980421343317
0.22182672562067965,0.02266215969700218
0.26378502894406297,0.021674623582341627
0.3043838432097109,0.020476861863641956
0.34321233913318894,0.011943336755298309
0.37994397083871967,0.007203455440319505
0.41430936132012053,0.0030745081754734753
0.44608078957117037,0.0026490715124275893
0.47506301510277643,0.0008993200686593564
0.5010876981643211,0.0008238104968773098
0.5240099493529795,8.736327423670642e-05
0.5437061698598764,7.20861183034143e-05
0.5600726840239835,0.0025640956814567736
0.5730248799222295,0.0036431939326066385
0.5824966725978129,0.0039386224463701025
0.5884401704494627,0.00041114077341941727
0.5908254796778301,0.001211177576818985
0.5896405994622926,0.0023711640200070687
0.5848913827179425,0.0031027500006636528
0.5766015559287656,0.00542843677018312
0.5648127992372445,0.0035949314487642037
0.5495849093877211,0.0030251456384532012
0.5309960806334838,0.0025119019735405632
0.509143361789397,0.004985280878304601
0.48414339534284595,0.005029500024947193
0.45613358864509324,0.0025014238972497728
0.42527396502379516,0.00272458631854341
0.3917501186646314,0.006827681222032586
0.3557779605211576,0.009572321335959085
0.3176114722066967,0.015714928636770615
0.27755569986217943,0.022527027344859486
0.23598918486787068,0.02369534441029074
0.1934042171549681,0.031112062166905534
0.15048250059418158,0.04690381096670734
0.10889275793926725,0.07874213298861593
0.06886905447636461,0.1347107533984785
0.034112918428408114,0.19922609467930166
0.022951375422359022,0.17038807821842045
0.054268273745132975,0.0844385264588874
0.09252881308123463,0.05615345143451319
0.1340425398671573,0.04061358619692742
0.17675395028195645,0.03339289906508464
0.21944803457941875,0.029772153505698933
0.2613402482180342,0.027868746297730073
0.3018800104888382,0.026078047311255424
0.34065330926713716,0.01644288798076885
0.37733191596494375,0.011026314495341303
0.4116455757709949,0.006342659317191558
0.44336613913677475,0.00574311624786981
0.47229819598174266,0.0018148789057545085
0.4982733899646731,0.0018509612308060682
0.5211469069471675,0.002563731754639876
0.5407952788475784,0.002503517697997734
0.5571149939647578,0.00032020499188631845
0.5700216236736177,0.001449142675631725
0.5794492768630525,0.0018979998046774619
0.5853502608060454,0.0016582146667548903
0.5876948822875426,0.002732849505179533
0.5864713410934995,0.0037568374261064503
0.58168569047537,0.004348456115084347
0.573361858060031,0.0064567952524293495
0.5615417286299081,0.00450167445047186
0.546285311884127,0.003772109711153913
0.527671031197909,0.003075938908904802
0.5057961930891444,0.005268818975700915
0.48077774586328764,0.005063407685407064
0.4527534817697258,0.0025339785660511973
0.4218839380107167,0.0025170930090000986
0.388355433843387,0.006582244932041641
0.3523849557393905,0.009559010408213294
0.31422815494467465,0.015757051988239307
0.27419278410374043,0.022765327314784686
0.23266196814667212,0.024811797390498377
0.19013613125604797,0.0331795317798454
0.14731217525655516,0.05029141326336883
0.10588144831748934,0.08450938921901252
0.0661526153895844,0.14734708338232266
0.03194884169913086,0.2245597519279503
0.0216598460181971,0.1690545654596604
0.05248640787101381,0.0838683773139474
0.09047749280226325,0.05593343472488266
0.13183107807903274,0.03966410004941705
0.1744352301902253,0.032526913156060364
0.21704862323336993,0.02918593001381635
0.25887405493605065,0.027600837624897748
0.2993545839183332,0.025853649690889362
0.33807288901295457,0.015705044906119802
0.37469899040618426,0.010046185580995345
0.4089617153294183,0.005144441279256545
0.44063245998910916,0.004553694408863509
0.46951562655030277,0.00044713822786066043
0.4954428278182672,0.0005877770322000072
0.5182693126169651,0.0013387310969476878
0.5378717321571653,0.0013095974447642482
0.5541467274953632,0.001646386919256509
0.5670100419701773,0.002887549975105157
0.5763959666328243,0.00328474685956775
0.5822569954704723,0.0008977126725138652
0.5845636231405059,0.0021851098023102774
0.5833042367295277,0.0034255492527445214
0.5784850759023705,0.004182341926654621
0.5701302548801173,0.006676757601906939
0.5582818479019329,0.0045867179275934705
0.5430000618121064,0.003888403121873859
0.5243635326842758,0.0032431475565274878
0.5024698077339705,0.005885826552270265
0.4774361235794513,0.005839097715577015
0.4494006395529335,0.003243665890446597
0.4185243890312889,0.002084284939024728
0.3849943996925321,0.006267782713635299
0.349028719967127,0.009177548237533095
0.3108846647561398,0.015559865793814912
0.2708727048744494,0.022680883781048447
0.22938060127349744,0.02396058643356761
0.18691706083069362,0.03187474363597953
0.1441945639711728,0.04880903126885336
0.10292801995753591,0.08354745302631801
0.06350301467725374,0.1470400618122201
0.029868618717324203,0.226050739840076
0.020388801534476916,0.16640471692017333
0.05070490906790684,0.08109500058032339
0.08841591946654455,0.053682352280675576
0.12960406132662988,0.037598266378370306
0.17209822206150652,0.030712752639516585
0.21462952461230894,0.027558408337682895
0.2563875565548906,0.02611404557197127
0.2968087549691603,0.024436186415416814
0.3354723580630518,0.015006278989347371
0.37204656358711263,0.009764841593323586
0.406259239168475,0.00523424333909024
0.43788130014353244,0.004686367644244648
0.4667169421018918,0.0008725042573366629
0.4925977322292231,0.0010142636513625113
0.515378969578899,0.0017957789046261548
0.534937412826448,0.0018050121452828625
0.5511698442188872,0.0009077432297396003
0.5639921673756666,0.0020093034255634426
0.5733388434914469,0.0023686596335270784
0.5791625407804604,0.0013526730275386035
0.581433928740986,0.0025375662099417166
0.5801415681399505,0.003673386480475803
0.5752918708197773,0.004376525657434128
0.5669091227290288,0.006636708604206305
0.5550355720588436,0.004769778289929195
0.5397316066464306,0.004163382990257596
0.5210760584623598,0.00360685053342864
0.49916669798278573,0.006021571223939787
0.4741210321156266,0.006018688863386693
0.446077568808937,0.0033899252786889467
0.41519781905753533,0.001932151557245527
0.381669501136561,0.006183572000765468
0.34571171023728664,0.009091554707661167
0.30758341655520854,0.01551842840292014
0.2675978172950295,0.022745188703619138
0.22614735690930166,0.024382811029589786
0.18374916664008972,0.03271967336723602
0.141131678416559,0.05044733796147453
0.10003430266245833,0.08694487292246676
0.060921854093642404,0.1555875915781313
0.027873383656992757,0.24459963938419776
0.0191404305833896,0.18904864654300446
0.048925350452236824,0.08970187236510407
0.08634529317304081,0.058689528293069344
0.12736257847377674,0.04081570545200163
0.16974401983146398,0.033214712163117374
0.21219188627398314,0.029738029940810103
0.25388197489832176,0.02814301594820569
0.29424382852507314,0.026302923247829874
0.33285310778776,0.015709193809415142
0.36937611415854305,0.009823955614813251
0.40353971258454013,0.004732804345118627
0.4351143100464661,0.004120222801901807
0.46390387614044826,0.0002901781691144973
0.489739917206525,0.000359988959879286
0.512477769404651,0.0008093010711046072
0.5319942866969416,0.0007805340794536251
0.5481863806262142,0.0022998163340027487
0.5609701030982758,0.0035992318212702086
0.5702800731310848,0.004003022217962092
0.5760691203874228,0.0005305275052200913
0.5783080758901682,0.0017832595404194216
0.5769856601858808,0.003083601744377613
0.5721084427804335,0.003881648400150069
0.5637008662029589,0.006510080125513423
0.5518053367998508,0.004308230379835016
0.5364824069379357,0.0035694804861388808
0.5178110873378267,0.0028869831480598717
0.4958893538962821,0.005667271076578497
0.47083496529412383,0.005610035871864261
0.4427867589938789,0.0031376945994038953
0.41190670420023817,0.002030652101256937
0.3783831907802671,0.006033674135201472
0.3424363437720867,0.008860347931486242
0.30432677782336415,0.015073165990959134
0.2643704210376922,0.02200738108163006
0.22296444339903837,0.022999578582531318
0.1806345344102891,0.03060699030650774
0.1381254406730993,0.04724772569839491
0.09720201424045223,0.08221704649912209
0.05841058161736081,0.14807908387984794
0.025964000017862345,0.24193968680766978
0.017917003499721706,0.1845289514590225
0.04714942049975024,0.08562728676090967
0.08426691939612367,0.055529051905761864
0.1251078205590923,0.03827689540970417
0.16737381945165958,0.031055094777977618
0.20973695795208153,0.027803147865767177
0.2513586335647545,0.026344889892112984
0.291661210083045,0.024614608451734084
0.33021662825857057,0.014628522549169475
0.3666892168688053,0.009097160997846068
0.400804793751599,0.004316895093422142
0.43233322924393064,0.003753015064004654
0.46107824699016864,0.0003610665066584306
0.4868712768404679,0.0003776863616720678
0.5095676785956127,0.0006887894317120374
0.529044389014909,0.0006779223146502323
0.545198436752362,0.0022110647382671727
0.5579460097293499,0.0034204027118141652
0.5672218722016474,0.0037111877722392716
0.5729790022445108,0.0009199818829258497
0.5751883788382318,0.0024590449044896226
0.5738388681622582,0.003924395772402256
0.5689371826275124,0.004875477354792274
0.5605079059485799,0.007722796595542283
0.548593586572584,0.005724762812346488
0.5332549246538437,0.005223766214045199
0.5145710922010118,0.004808336822130256
0.49264025231657077,0.007947650669743626
0.46758039646799726,0.008277318692148433
0.43953067191399553,0.005191617293916454
0.40865348581394884,0.001225230211477706
0.37513787942538,0.006257878301111606
0.33920498896357104,0.009363470465609746
0.30111706007635863,0.01687802778677051
0.2611927523281175,0.025222388294139857
0.21983399729439979,0.026153390370680894
0.17757516786121932,0.035086818251619634
0.13517767664183605,0.05528142080817315
0.09443275387858505,0.09844031348812474
0.05597048342230756,0.1808717017279589
0.024141046259662347,0.2966803161402523
0.016720850733774942,0.21223212211947445
0.04537891081331177,0.09744193238931005
0.08218219613770819,0.0629012088655159
0.12284106732233077,0.04218092721158292
0.16498890511662584,0.03396099103154886
0.20726607764547145,0.03049039175140025
0.24881894397092033,0.029113821162472197
0.28906239181774723,0.02714314081923185
0.3275644943886228,0.016934047430051655
0.3639875288355184,0.01131963331594465
0.3980562201679674,0.006493593668384612
0.42953987304367347,0.005901711525033718
0.4582419447023048,0.0018379632489127472
0.48399377251355025,0.002083449134478727
0.5066507261362562,0.003078834482571538
0.526089812363851,0.0031960783677608823
0.5422081645220826,0.00042681353545519533
0.554922094034755,0.0007001974475766321
0.5641664975770431,0.0010857156364799494
0.5698944883755727,0.0025666574454929706
0.5720771795818127,0.0037248201494530994
0.5707035686473214,0.004882276828706928
0.5657804959158301,0.005630255651158577
0.5573326706745372,0.00788908937320869
0.5454027671911869,0.006059749029943518
0.5300516164155604,0.005497446179563717
0.5113585338953075,0.00499021303247724
0.48942185137467276,0.007443625872955088
0.46435977367395087,0.007509744966281734
0.4363117375278345,0.00466672257463777
0.40544056695479597,0.0010404096280894018
0.3719359331790327,0.005653996600498145
0.33601996312651283,0.00875345256235657
0.29795651725346345,0.015730977977275185
0.2580669829468489,0.023653825178850167
0.21675808295049093,0.025682138666933772
0.17457298881515962,0.03517696561484335
0.13229011644336977,0.05562444536389782
0.09172800224288202,0.09887062341601935
0.05360268201711531,0.18568858367136779
0.02240480716692212,0.3135995068171852
0.015554340247347103,0.22468665528656115
0.04361570482621641,0.1025628668412045
0.08009260232306172,0.06666688531794118
0.12056367523271624,0.04588455885431319
0.16259063726510495,0.03755117618726144
0.20478065976753732,0.03404824319152961
0.24626439375040096,0.0326599548262052
0.28644894130490556,0.030782656227556285
0.3248983550479197,0.017302389699189978
0.3612727791052532,0.009933958607897428
