Time,Actual,XGBoost,MLP,LSTM,Transformer
2018-03-12 00:00:00-08:00,0.0,0.0,0.0,0.0,0.0
2018-03-12 00:15:00-08:00,0.0,0.0,0.0,0.0,0.0
2018-03-12 00:30:00-08:00,0.0,0.0,0.0,0.0,0.0
2018-03-12 00:45:00-08:00,0.0,0.0,0.0,0.0,0.0
2018-03-12 01:00:00-08:00,0.0,0.0,0.0,0.0,0.0
2018-03-12 01:15:00-08:00,0.0,0.0,0.0,0.0,0.0
2018-03-12 01:30:00-08:00,0.0,0.0,0.0,0.0,0.0
2018-03-12 01:45:00-08:00,0.0,0.0,0.0,0.0,0.0
2018-03-12 02:00:00-08:00,0.0,0.0,0.0,0.0,0.0
2018-03-12 02:15:00-08:00,0.0,0.0,0.0,0.0,0.0
2018-03-12 02:30:00-08:00,0.0,0.0,0.0,0.0,0.0
2018-03-12 02:45:00-08:00,0.0,0.0,0.0,0.0,0.0
2018-03-12 03:00:00-08:00,0.0,0.0,0.0,0.0,0.0
2018-03-12 03:15:00-08:00,0.0,0.0,0.0,0.0,0.0
2018-03-12 03:30:00-08:00,0.0,0.0,0.0,0.0,0.0
2018-03-12 03:45:00-08:00,0.0,0.0,0.0,0.0,0.0
2018-03-12 04:00:00-08:00,0.0,0.0,0.0,0.0,0.0
2018-03-12 04:15:00-08:00,0.0,0.0,0.0,0.0,0.0
2018-03-12 04:30:00-08:00,0.0,0.0,0.0,0.0,0.0
2018-03-12 04:45:00-08:00,0.0,0.0,0.0,0.0,0.0
2018-03-12 05:00:00-08:00,0.0,0.0,0.0,0.0,0.0
2018-03-12 05:15:00-08:00,0.0,0.0,0.0,0.0,0.0
2018-03-12 05:30:00-08:00,0.0,0.0,0.0,0.0,0.0
2018-03-12 05:45:00-08:00,0.0,0.0,0.0,0.0,0.0
2018-03-12 06:00:00-08:00,0.0,0.0,0.0,0.0,0.0
2018-03-12 06:15:00-08:00,0.0,0.0,0.0,0.0,0.0
2018-03-12 06:30:00-08:00,0.0,0.64325297,0.06867148,0.54885626,0.18211195
2018-03-12 06:45:00-08:00,0.2027794126666666,0.0,0.8545745,0.4271677,0.25108343
2018-03-12 07:00:00-08:00,1.0023255125333332,0.00826789,2.141499,0.2465368,0.3344289
2018-03-12 07:15:00-08:00,2.2228257812666663,0.7501197,3.2669027,0.19790748,0.4102588
2018-03-12 07:30:00-08:00,3.794020661666666,3.068967,4.350899,0.22047593,0.4861349
2018-03-12 07:45:00-08:00,5.573808753266666,3.9864593,5.7462645,0.38705915,0.56298375
2018-03-12 08:00:00-08:00,7.635992640933333,5.2681866,7.441402,0.611714,0.6066885
2018-03-12 08:15:00-08:00,9.628446626,8.903152,8.971326,1.0616488,0.6492785
2018-03-12 08:30:00-08:00,11.953207696666666,10.360042,10.4293,1.4363002,0.67392826
2018-03-12 08:45:00-08:00,14.816399864,10.083717,11.863217,2.175591,0.70958894
2018-03-12 09:00:00-08:00,11.6061446564,9.584052,13.047094,2.888592,0.7312742
2018-03-12 09:15:00-08:00,13.028784999866666,10.863971,14.060471,3.5835693,0.72816056
2018-03-12 09:30:00-08:00,14.352715537866667,8.554743,14.808972,4.5198154,0.7276981
2018-03-12 09:45:00-08:00,17.101430218666668,13.294512,15.970914,5.506032,0.72807544
2018-03-12 10:00:00-08:00,17.8451151018,9.20233,16.245216,6.5318227,0.73581064
2018-03-12 10:15:00-08:00,13.258757437733337,12.35919,17.047564,7.415959,0.7260061
2018-03-12 10:30:00-08:00,12.467810614533336,17.36399,17.759865,8.433943,0.70383394
2018-03-12 10:45:00-08:00,13.967260083199996,12.995467,17.750244,9.237511,0.6913166
2018-03-12 11:00:00-08:00,11.2396532434,12.61886,18.218887,10.143349,0.6985497
2018-03-12 11:15:00-08:00,8.4935995208,15.592955,18.842014,10.743147,0.69606334
2018-03-12 11:30:00-08:00,15.646488439866664,10.27483,19.013475,11.317959,0.7078594
2018-03-12 11:45:00-08:00,22.19678337666667,12.812488,18.980907,11.866561,0.693578
2018-03-12 12:00:00-08:00,27.230060718666664,17.417366,19.37553,12.279479,0.6830159
2018-03-12 12:15:00-08:00,25.68875910533333,19.16386,19.566053,12.554764,0.6974174
2018-03-12 12:30:00-08:00,17.058064854799998,18.455631,19.650427,12.870214,0.6903833
2018-03-12 12:45:00-08:00,5.717883786133334,13.187378,19.422857,12.957811,0.6968304
2018-03-12 13:00:00-08:00,6.851788014333334,13.97612,19.141327,12.978645,0.69834507
2018-03-12 13:15:00-08:00,6.4102249248000005,14.773132,18.88966,12.762236,0.707538
2018-03-12 13:30:00-08:00,5.791960218133333,15.503222,18.439144,12.68285,0.711913
2018-03-12 13:45:00-08:00,6.7115968228666665,12.2602005,18.036062,12.395691,0.720976
2018-03-12 14:00:00-08:00,6.761574665733332,17.298176,17.311197,11.987884,0.7326027
2018-03-12 14:15:00-08:00,5.343927038,13.126376,16.577667,11.564568,0.7276932
2018-03-12 14:30:00-08:00,5.987196351200001,14.606375,15.785211,10.962568,0.7538531
2018-03-12 14:45:00-08:00,3.321884350466666,15.404078,14.799122,10.397142,0.7584856
2018-03-12 15:00:00-08:00,3.0388283258666666,9.264901,13.845316,9.663595,0.7651949
2018-03-12 15:15:00-08:00,2.4708915394,11.116417,12.442572,8.961136,0.7720937
2018-03-12 15:30:00-08:00,0.9794519596,12.523838,11.102271,8.158887,0.78085554
2018-03-12 15:45:00-08:00,0.5901394676666666,8.083742,9.40438,7.2857533,0.7974087
2018-03-12 16:00:00-08:00,0.11312505406666659,6.2390394,7.927449,6.450639,0.8156661
2018-03-12 16:15:00-08:00,0.4684523280666666,5.829999,6.1034975,5.5394278,0.8450196
2018-03-12 16:30:00-08:00,0.3984332615333333,4.3744683,4.6739492,4.6913443,0.83860314
2018-03-12 16:45:00-08:00,0.1063418557333333,4.5195394,3.3354063,3.8934612,0.82036805
2018-03-12 17:00:00-08:00,0.0009188557333333,2.795872,1.9588119,3.2025154,0.7586662
2018-03-12 17:15:00-08:00,0.0,2.212796,0.7599515,2.4657302,0.6376571
2018-03-12 17:30:00-08:00,0.0,1.4180242,0.0,1.9060485,0.53190726
2018-03-12 17:45:00-08:00,0.0,0.7798836,0.0,1.5479157,0.3694981
2018-03-12 18:00:00-08:00,0.0,0.0,0.0,1.2749566,0.2204575
2018-03-12 18:15:00-08:00,0.0,0.0,0.0,1.051487,0.106589064
2018-03-12 18:30:00-08:00,0.0,0.0,0.0,0.0,0.0
2018-03-12 18:45:00-08:00,0.0,0.0,0.0,0.0,0.0
2018-03-12 19:00:00-08:00,0.0,0.0,0.0,0.0,0.0
2018-03-12 19:15:00-08:00,0.0,0.0,0.0,0.0,0.0
2018-03-12 19:30:00-08:00,0.0,0.0,0.0,0.0,0.0
2018-03-12 19:45:00-08:00,0.0,0.0,0.0,0.0,0.0
2018-03-12 20:00:00-08:00,0.0,0.0,0.0,0.0,0.0
2018-03-12 20:15:00-08:00,0.0,0.0,0.0,0.0,0.0
2018-03-12 20:30:00-08:00,0.0,0.0,0.0,0.0,0.0
2018-03-12 20:45:00-08:00,0.0,0.0,0.0,0.0,0.0
2018-03-12 21:00:00-08:00,0.0,0.0,0.0,0.0,0.0
2018-03-12 21:15:00-08:00,0.0,0.0,0.0,0.0,0.0
2018-03-12 21:30:00-08:00,0.0,0.0,0.0,0.0,0.0
2018-03-12 21:45:00-08:00,0.0,0.0,0.0,0.0,0.0
2018-03-12 22:00:00-08:00,0.0,0.0,0.0,0.0,0.0
2018-03-12 22:15:00-08:00,0.0,0.0,0.0,0.0,0.0
2018-03-12 22:30:00-08:00,0.0,0.0,0.0,0.0,0.0
2018-03-12 22:45:00-08:00,0.0,0.0,0.0,0.0,0.0
2018-03-12 23:00:00-08:00,0.0,0.0,0.0,0.0,0.0
2018-03-12 23:15:00-08:00,0.0,0.0,0.0,0.0,0.0
2018-03-12 23:30:00-08:00,0.0,0.0,0.0,0.0,0.0
2018-03-12 23:45:00-08:00,0.0,0.0,0.0,0.0,0.0
2018-03-13 00:00:00-08:00,0.0,0.0,0.0,0.0,0.0
2018-03-13 00:15:00-08:00,0.0,0.0,0.0,0.0,0.0
2018-03-13 00:30:00-08:00,0.0,0.0,0.0,0.0,0.0
2018-03-13 00:45:00-08:00,0.0,0.0,0.0,0.0,0.0
2018-03-13 01:00:00-08:00,0.0,0.0,0.0,0.0,0.0
2018-03-13 01:15:00-08:00,0.0,0.0,0.0,0.0,0.0
2018-03-13 01:30:00-08:00,0.0,0.0,0.0,0.0,0.0
2018-03-13 01:45:00-08:00,0.0,0.0,0.0,0.0,0.0
2018-03-13 02:00:00-08:00,0.0,0.0,0.0,0.0,0.0
2018-03-13 02:15:00-08:00,0.0,0.0,0.0,0.0,0.0
2018-03-13 02:30:00-08:00,0.0,0.0,0.0,0.0,0.0
2018-03-13 02:45:00-08:00,0.0,0.0,0.0,0.0,0.0
2018-03-13 03:00:00-08:00,0.0,0.0,0.0,0.0,0.0
2018-03-13 03:15:00-08:00,0.0,0.0,0.0,0.0,0.0
2018-03-13 03:30:00-08:00,0.0,0.0,0.0,0.0,0.0
2018-03-13 03:45:00-08:00,0.0,0.0,0.0,0.0,0.0
2018-03-13 04:00:00-08:00,0.0,0.0,0.0,0.0,0.0
2018-03-13 04:15:00-08:00,0.0,0.0,0.0,0.0,0.0
2018-03-13 04:30:00-08:00,0.0,0.0,0.0,0.0,0.0
2018-03-13 04:45:00-08:00,0.0,0.0,0.0,0.0,0.0
2018-03-13 05:00:00-08:00,0.0,0.0,0.0,0.0,0.0
2018-03-13 05:15:00-08:00,0.0,0.0,0.0,0.0,0.0
2018-03-13 05:30:00-08:00,0.0,0.0,0.0,0.0,0.0
2018-03-13 05:45:00-08:00,0.0,0.0,0.0,0.0,0.0
2018-03-13 06:00:00-08:00,0.0,0.0,0.0,0.0,0.0
2018-03-13 06:15:00-08:00,0.0,0.0,0.0,0.0,0.0
2018-03-13 06:30:00-08:00,0.0,0.0,0.37239873,0.09103848,0.07120909
2018-03-13 06:45:00-08:00,0.0030152177999999996,0.3181759,0.4429728,0.124249466,0.10035378
2018-03-13 07:00:00-08:00,0.0076704254,1.2881715,0.7059304,0.027964935,0.1277692
2018-03-13 07:15:00-08:00,0.3146422819333332,0.7241821,0.7192952,0.050679423,0.15669793
2018-03-13 07:30:00-08:00,0.7448280453333332,1.6159759,0.87922406,0.17438681,0.16974133
2018-03-13 07:45:00-08:00,1.3699576591333331,0.68398774,1.155813,0.30444458,0.19491613
2018-03-13 08:00:00-08:00,2.245266747866667,3.0309792,1.2921516,0.43862548,0.20329088
2018-03-13 08:15:00-08:00,2.532408354,0.70313764,1.6529078,0.68589824,0.2137424
2018-03-13 08:30:00-08:00,3.3522568323333326,2.0590005,1.9499936,0.9077089,0.22563194
2018-03-13 08:45:00-08:00,4.1352463492,1.7104843,2.2034514,1.259904,0.2397323
2018-03-13 09:00:00-08:00,5.310239077199999,2.8063245,2.608498,1.6176152,0.25348276
2018-03-13 09:15:00-08:00,5.311136238866666,3.758484,2.9225852,2.1082315,0.25947684
2018-03-13 09:30:00-08:00,4.303107978533333,2.634149,3.2538524,2.672341,0.26714668
2018-03-13 09:45:00-08:00,4.2061325296000005,4.797659,3.7058887,3.290017,0.27711803
2018-03-13 10:00:00-08:00,3.8770607504,6.349295,3.6500072,4.0515866,0.28855377
2018-03-13 10:15:00-08:00,5.994004751866666,4.382519,3.8583498,4.7062626,0.29267538
2018-03-13 10:30:00-08:00,6.919541796533332,8.156624,4.103197,5.4804583,0.29346132
2018-03-13 10:45:00-08:00,5.697011553533334,14.606939,4.146873,6.1749496,0.29823855
2018-03-13 11:00:00-08:00,5.492726807933333,11.267122,4.319702,6.8349195,0.30005443
2018-03-13 11:15:00-08:00,10.796759334533334,8.930233,4.6085005,7.3146286,0.29271194
2018-03-13 11:30:00-08:00,20.27532871933333,11.933776,4.901429,7.6819515,0.3034562
2018-03-13 11:45:00-08:00,19.998321276,13.576731,4.9856462,8.052256,0.31185094
2018-03-13 12:00:00-08:00,15.985154924,10.267263,5.279077,8.309486,0.3134346
2018-03-13 12:15:00-08:00,13.966401870066669,11.475292,5.2036433,8.438041,0.32255086
2018-03-13 12:30:00-08:00,12.812952315333334,10.61025,5.370021,8.545619,0.3177793
2018-03-13 12:45:00-08:00,13.379875761799997,14.370331,4.83677,8.573526,0.32383865
2018-03-13 13:00:00-08:00,14.664124679999999,10.364979,4.7557755,8.477037,0.3223036
2018-03-13 13:15:00-08:00,25.98650447,8.370721,4.593494,8.3126,0.3272095
2018-03-13 13:30:00-08:00,16.606333378666665,7.6010485,4.6231694,8.204024,0.32288784
2018-03-13 13:45:00-08:00,16.14204786066667,8.395472,4.53612,7.9386005,0.32213575
2018-03-13 14:00:00-08:00,23.618544226,8.73546,4.6990747,7.623247,0.32560086
2018-03-13 14:15:00-08:00,12.206465867266669,6.556692,4.9895086,7.26149,0.32677034
2018-03-13 14:30:00-08:00,9.806496027933331,6.5342374,4.9501004,6.7169166,0.3344562
2018-03-13 14:45:00-08:00,16.942465658,8.555269,5.2413516,6.1767654,0.33978397
2018-03-13 15:00:00-08:00,15.873375857333333,6.1639037,5.2458935,5.524169,0.34086543
2018-03-13 15:15:00-08:00,17.891895332133334,6.9192853,5.238875,4.962285,0.35448593
2018-03-13 15:30:00-08:00,14.048830746333332,6.041953,4.700323,4.341706,0.34087092
2018-03-13 15:45:00-08:00,15.655340013333335,8.454506,4.2386446,3.576199,0.34634852
2018-03-13 16:00:00-08:00,12.151251127266669,7.3178487,3.5110078,3.021984,0.35701677
2018-03-13 16:15:00-08:00,6.093138283933333,4.946595,2.7430577,2.3460581,0.3753243
2018-03-13 16:30:00-08:00,2.0515701740666668,6.685442,2.065264,1.875911,0.3793915
2018-03-13 16:45:00-08:00,1.0078886644666667,3.6600523,1.332587,1.4796194,0.38660407
2018-03-13 17:00:00-08:00,3.4905278294666666,4.428703,0.87188673,1.1069627,0.35902685
2018-03-13 17:15:00-08:00,1.7421722748,2.2253234,0.31494516,0.7695864,0.30932096
2018-03-13 17:30:00-08:00,1.0196128177333332,1.6792357,0.04961625,0.5222027,0.2662867
2018-03-13 17:45:00-08:00,1.0679125513333334,0.39699304,0.0,0.46666512,0.20483708
2018-03-13 18:00:00-08:00,0.0657498466,0.0,0.0,0.3896335,0.138269
2018-03-13 18:15:00-08:00,0.0,0.0,0.0,0.38233387,0.075292006
2018-03-13 18:30:00-08:00,0.0,0.0,0.0,0.0,0.0
2018-03-13 18:45:00-08:00,0.0,0.0,0.0,0.0,0.0
2018-03-13 19:00:00-08:00,0.0,0.0,0.0,0.0,0.0
2018-03-13 19:15:00-08:00,0.0,0.0,0.0,0.0,0.0
2018-03-13 19:30:00-08:00,0.0,0.0,0.0,0.0,0.0
2018-03-13 19:45:00-08:00,0.0,0.0,0.0,0.0,0.0
2018-03-13 20:00:00-08:00,0.0,0.0,0.0,0.0,0.0
2018-03-13 20:15:00-08:00,0.0,0.0,0.0,0.0,0.0
2018-03-13 20:30:00-08:00,0.0,0.0,0.0,0.0,0.0
2018-03-13 20:45:00-08:00,0.0,0.0,0.0,0.0,0.0
2018-03-13 21:00:00-08:00,0.0,0.0,0.0,0.0,0.0
2018-03-13 21:15:00-08:00,0.0,0.0,0.0,0.0,0.0
2018-03-13 21:30:00-08:00,0.0,0.0,0.0,0.0,0.0
2018-03-13 21:45:00-08:00,0.0,0.0,0.0,0.0,0.0
2018-03-13 22:00:00-08:00,0.0,0.0,0.0,0.0,0.0
2018-03-13 22:15:00-08:00,0.0,0.0,0.0,0.0,0.0
2018-03-13 22:30:00-08:00,0.0,0.0,0.0,0.0,0.0
2018-03-13 22:45:00-08:00,0.0,0.0,0.0,0.0,0.0
2018-03-13 23:00:00-08:00,0.0,0.0,0.0,0.0,0.0
2018-03-13 23:15:00-08:00,0.0,0.0,0.0,0.0,0.0
2018-03-13 23:30:00-08:00,0.0,0.0,0.0,0.0,0.0
2018-03-13 23:45:00-08:00,0.0,0.0,0.0,0.0,0.0
2018-03-14 00:00:00-08:00,0.0,0.0,0.0,0.0,0.0
2018-03-14 00:15:00-08:00,0.0,0.0,0.0,0.0,0.0
2018-03-14 00:30:00-08:00,0.0,0.0,0.0,0.0,0.0
2018-03-14 00:45:00-08:00,0.0,0.0,0.0,0.0,0.0
2018-03-14 01:00:00-08:00,0.0,0.0,0.0,0.0,0.0
2018-03-14 01:15:00-08:00,0.0,0.0,0.0,0.0,0.0
2018-03-14 01:30:00-08:00,0.0,0.0,0.0,0.0,0.0
2018-03-14 01:45:00-08:00,0.0,0.0,0.0,0.0,0.0
2018-03-14 02:00:00-08:00,0.0,0.0,0.0,0.0,0.0
2018-03-14 02:15:00-08:00,0.0,0.0,0.0,0.0,0.0
2018-03-14 02:30:00-08:00,0.0,0.0,0.0,0.0,0.0
2018-03-14 02:45:00-08:00,0.0,0.0,0.0,0.0,0.0
2018-03-14 03:00:00-08:00,0.0,0.0,0.0,0.0,0.0
2018-03-14 03:15:00-08:00,0.0,0.0,0.0,0.0,0.0
2018-03-14 03:30:00-08:00,0.0,0.0,0.0,0.0,0.0
2018-03-14 03:45:00-08:00,0.0,0.0,0.0,0.0,0.0
2018-03-14 04:00:00-08:00,0.0,0.0,0.0,0.0,0.0
2018-03-14 04:15:00-08:00,0.0,0.0,0.0,0.0,0.0
2018-03-14 04:30:00-08:00,0.0,0.0,0.0,0.0,0.0
2018-03-14 04:45:00-08:00,0.0,0.0,0.0,0.0,0.0
2018-03-14 05:00:00-08:00,0.0,0.0,0.0,0.0,0.0
2018-03-14 05:15:00-08:00,0.0,0.0,0.0,0.0,0.0
2018-03-14 05:30:00-08:00,0.0,0.0,0.0,0.0,0.0
2018-03-14 05:45:00-08:00,0.0,0.0,0.0,0.0,0.0
2018-03-14 06:00:00-08:00,0.0,0.0,0.0,0.0,0.0
2018-03-14 06:15:00-08:00,0.0,0.0,0.0,0.0,0.0
2018-03-14 06:30:00-08:00,0.3069641261333333,0.0,0.0,0.06503303,0.108036585
2018-03-14 06:45:00-08:00,0.5972569416,0.0,0.0,0.05501862,0.14937726
2018-03-14 07:00:00-08:00,0.6689320471333334,0.8745184,0.0,0.13776411,0.18524937
2018-03-14 07:15:00-08:00,0.7439087133333332,0.8928988,0.017539188,0.29832196,0.21946116
2018-03-14 07:30:00-08:00,1.0004632311333337,1.1550844,0.20322719,0.58671737,0.25168765
2018-03-14 07:45:00-08:00,1.5599411480666667,0.81305104,0.7141344,1.1963516,0.29916072
2018-03-14 08:00:00-08:00,2.2461666867333334,2.5688314,1.2184372,1.8254566,0.32750037
2018-03-14 08:15:00-08:00,2.481138768733333,2.2413049,2.173027,2.5896847,0.3531732
2018-03-14 08:30:00-08:00,2.941981660533333,3.0587244,2.9325182,3.6745157,0.3740082
2018-03-14 08:45:00-08:00,4.044774217800001,2.10224,3.9948285,4.8867507,0.39942992
2018-03-14 09:00:00-08:00,4.804516832066667,2.955819,5.1099663,6.1117,0.42549598
2018-03-14 09:15:00-08:00,5.1531808748,4.112313,6.0715294,7.546579,0.4405828
2018-03-14 09:30:00-08:00,4.667902667866667,3.9040308,7.238352,8.87734,0.46220547
2018-03-14 09:45:00-08:00,6.798877771066667,3.9101186,8.154499,10.508647,0.47323814
2018-03-14 10:00:00-08:00,3.4199868077333333,5.224973,8.955084,12.03475,0.486386
2018-03-14 10:15:00-08:00,2.6720483618666666,7.2069182,9.910195,13.463765,0.48656765
2018-03-14 10:30:00-08:00,2.488908228733333,8.751531,10.779785,14.884142,0.48632878
2018-03-14 10:45:00-08:00,4.204168103933333,14.906982,11.471323,16.176643,0.49176538
2018-03-14 11:00:00-08:00,6.286231314266667,11.572088,12.326034,17.475044,0.49693227
2018-03-14 11:15:00-08:00,7.727906250866667,14.520441,12.943432,18.619396,0.49792913
2018-03-14 11:30:00-08:00,21.715603604,18.72863,13.864102,19.391415,0.51344514
2018-03-14 11:45:00-08:00,11.677034861066668,20.468012,14.229763,20.11646,0.506652
2018-03-14 12:00:00-08:00,6.559974371066667,16.668198,14.626867,20.773685,0.5019923
2018-03-14 12:15:00-08:00,15.528728602599998,16.647028,14.91728,21.15245,0.5110097
2018-03-14 12:30:00-08:00,16.446666652266668,11.709021,14.955697,21.497217,0.5069841
2018-03-14 12:45:00-08:00,8.149488745933334,15.963451,14.483422,21.936623,0.5107128
2018-03-14 13:00:00-08:00,4.8349958106,14.86296,13.719009,22.019384,0.5146675
2018-03-14 13:15:00-08:00,9.2550994432,15.174233,13.036563,22.067045,0.5236112
2018-03-14 13:30:00-08:00,16.3760990144,14.256058,12.1720295,22.165073,0.5211266
2018-03-14 13:45:00-08:00,22.5391590844,13.942194,10.982531,22.135925,0.5253352
2018-03-14 14:00:00-08:00,26.37419835933333,14.582853,9.88241,22.03863,0.52856594
2018-03-14 14:15:00-08:00,24.979901433333332,14.281481,8.984779,21.772137,0.52238446
2018-03-14 14:30:00-08:00,17.6850324948,10.070302,7.888193,21.282917,0.5389005
2018-03-14 14:45:00-08:00,22.795775964,12.356784,7.319807,20.790888,0.5365033
2018-03-14 15:00:00-08:00,23.033730686,11.464239,6.693676,19.897446,0.5370382
2018-03-14 15:15:00-08:00,22.128611527333334,13.868737,6.430913,19.197876,0.54277384
2018-03-14 15:30:00-08:00,17.971074250733334,10.982395,5.8603454,18.12218,0.5432941
2018-03-14 15:45:00-08:00,16.762012250133335,12.5068445,5.5904074,17.05225,0.56047523
2018-03-14 16:00:00-08:00,16.81760943866667,12.389288,5.2748523,15.833597,0.5883777
2018-03-14 16:15:00-08:00,14.014800840666666,7.570504,4.8579073,14.399227,0.6196083
2018-03-14 16:30:00-08:00,8.2820856464,8.4763365,4.381546,12.877703,0.63772583
2018-03-14 16:45:00-08:00,3.9073646684666663,7.345866,3.7253695,11.505704,0.6468427
2018-03-14 17:00:00-08:00,2.1630596376,5.9575243,3.1846404,9.930505,0.6207813
2018-03-14 17:15:00-08:00,0.9644952862,2.504587,2.2728195,8.306303,0.5518446
2018-03-14 17:30:00-08:00,0.4099462905333333,2.7444844,1.689534,6.7762985,0.49162683
2018-03-14 17:45:00-08:00,0.0573013939333333,1.0971979,1.0942168,5.3671894,0.39106616
2018-03-14 18:00:00-08:00,0.0,0.5200236,0.6908199,4.1283917,0.28960752
2018-03-14 18:15:00-08:00,0.0,1.1517442,0.41300857,3.0032115,0.19853503
2018-03-14 18:30:00-08:00,0.0,0.0,0.0,0.0,0.0
2018-03-14 18:45:00-08:00,0.0,0.0,0.0,0.0,0.0
2018-03-14 19:00:00-08:00,0.0,0.0,0.0,0.0,0.0
2018-03-14 19:15:00-08:00,0.0,0.0,0.0,0.0,0.0
2018-03-14 19:30:00-08:00,0.0,0.0,0.0,0.0,0.0
2018-03-14 19:45:00-08:00,0.0,0.0,0.0,0.0,0.0
2018-03-14 20:00:00-08:00,0.0,0.0,0.0,0.0,0.0
2018-03-14 20:15:00-08:00,0.0,0.0,0.0,0.0,0.0
2018-03-14 20:30:00-08:00,0.0,0.0,0.0,0.0,0.0
2018-03-14 20:45:00-08:00,0.0,0.0,0.0,0.0,0.0
2018-03-14 21:00:00-08:00,0.0,0.0,0.0,0.0,0.0
2018-03-14 21:15:00-08:00,0.0,0.0,0.0,0.0,0.0
2018-03-14 21:30:00-08:00,0.0,0.0,0.0,0.0,0.0
2018-03-14 21:45:00-08:00,0.0,0.0,0.0,0.0,0.0
2018-03-14 22:00:00-08:00,0.0,0.0,0.0,0.0,0.0
2018-03-14 22:15:00-08:00,0.0,0.0,0.0,0.0,0.0
2018-03-14 22:30:00-08:00,0.0,0.0,0.0,0.0,0.0
2018-03-14 22:45:00-08:00,0.0,0.0,0.0,0.0,0.0
2018-03-14 23:00:00-08:00,0.0,0.0,0.0,0.0,0.0
2018-03-14 23:15:00-08:00,0.0,0.0,0.0,0.0,0.0
2018-03-14 23:30:00-08:00,0.0,0.0,0.0,0.0,0.0
2018-03-14 23:45:00-08:00,0.0,0.0,0.0,0.0,0.0
2018-03-15 00:00:00-08:00,0.0,0.0,0.0,0.0,0.0
2018-03-15 00:15:00-08:00,0.0,0.0,0.0,0.0,0.0
2018-03-15 00:30:00-08:00,0.0,0.0,0.0,0.0,0.0
2018-03-15 00:45:00-08:00,0.0,0.0,0.0,0.0,0.0
2018-03-15 01:00:00-08:00,0.0,0.0,0.0,0.0,0.0
2018-03-15 01:15:00-08:00,0.0,0.0,0.0,0.0,0.0
2018-03-15 01:30:00-08:00,0.0,0.0,0.0,0.0,0.0
2018-03-15 01:45:00-08:00,0.0,0.0,0.0,0.0,0.0
2018-03-15 02:00:00-08:00,0.0,0.0,0.0,0.0,0.0
2018-03-15 02:15:00-08:00,0.0,0.0,0.0,0.0,0.0
2018-03-15 02:30:00-08:00,0.0,0.0,0.0,0.0,0.0
2018-03-15 02:45:00-08:00,0.0,0.0,0.0,0.0,0.0
2018-03-15 03:00:00-08:00,0.0,0.0,0.0,0.0,0.0
2018-03-15 03:15:00-08:00,0.0,0.0,0.0,0.0,0.0
2018-03-15 03:30:00-08:00,0.0,0.0,0.0,0.0,0.0
2018-03-15 03:45:00-08:00,0.0,0.0,0.0,0.0,0.0
2018-03-15 04:00:00-08:00,0.0,0.0,0.0,0.0,0.0
2018-03-15 04:15:00-08:00,0.0,0.0,0.0,0.0,0.0
2018-03-15 04:30:00-08:00,0.0,0.0,0.0,0.0,0.0
2018-03-15 04:45:00-08:00,0.0,0.0,0.0,0.0,0.0
2018-03-15 05:00:00-08:00,0.0,0.0,0.0,0.0,0.0
2018-03-15 05:15:00-08:00,0.0,0.0,0.0,0.0,0.0
2018-03-15 05:30:00-08:00,0.0,0.0,0.0,0.0,0.0
2018-03-15 05:45:00-08:00,0.0,0.0,0.0,0.0,0.0
2018-03-15 06:00:00-08:00,0.0,0.0,0.0,0.0,0.0
2018-03-15 06:15:00-08:00,0.0,0.0,0.0,0.34917971,0.07456915
2018-03-15 06:30:00-08:00,0.0316578251333332,0.0,0.0,0.2847374,0.09165117
2018-03-15 06:45:00-08:00,0.4571724898,0.20691723,0.0,0.27738205,0.11918071
2018-03-15 07:00:00-08:00,1.584910564,1.1972368,0.2570514,0.3335269,0.1539302
2018-03-15 07:15:00-08:00,4.253593338800001,1.740352,0.651443,0.5248724,0.19207993
2018-03-15 07:30:00-08:00,2.7387606552,2.5187407,1.1304057,0.80558085,0.22559932
2018-03-15 07:45:00-08:00,7.289736944533334,2.0031729,1.8841585,1.2850962,0.27040607
2018-03-15 08:00:00-08:00,6.5475416646,2.9431345,2.8077466,1.7653565,0.2916184
2018-03-15 08:15:00-08:00,8.802860050200001,2.7532377,3.9469109,2.4293928,0.32604858
2018-03-15 08:30:00-08:00,4.685404625266667,4.4929857,4.9344273,2.9686997,0.3609937
2018-03-15 08:45:00-08:00,6.0896854258,4.609377,6.0187225,3.7416883,0.38994616
2018-03-15 09:00:00-08:00,7.1369123246,5.7389765,6.911373,4.441711,0.42104632
2018-03-15 09:15:00-08:00,8.3427131084,6.1046743,7.6826754,5.2409844,0.4358914
2018-03-15 09:30:00-08:00,9.5257208062,4.2160406,8.470285,5.98283,0.46369326
2018-03-15 09:45:00-08:00,9.389348544933332,5.9280033,8.991449,6.89448,0.48231888
2018-03-15 10:00:00-08:00,7.8632720748,5.639119,9.256117,7.7434635,0.4961131
2018-03-15 10:15:00-08:00,12.2864740132,10.547564,9.853401,8.482058,0.4989151
2018-03-15 10:30:00-08:00,12.2052293132,9.409657,10.328815,9.256697,0.5049581
2018-03-15 10:45:00-08:00,13.911050272666666,13.277584,10.529997,9.916223,0.51936585
2018-03-15 11:00:00-08:00,15.334022602199997,9.024682,11.05155,10.574474,0.5253291
2018-03-15 11:15:00-08:00,18.460592348666665,10.195398,11.425804,10.983087,0.5235331
2018-03-15 11:30:00-08:00,11.666577942733332,13.024684,11.971043,11.287333,0.5320364
2018-03-15 11:45:00-08:00,15.709502132066666,10.660018,12.089863,11.555254,0.5218146
2018-03-15 12:00:00-08:00,16.075686202,14.069979,12.366417,11.727754,0.5143662
2018-03-15 12:15:00-08:00,17.093864303333334,12.998331,12.624689,11.655691,0.5167043
2018-03-15 12:30:00-08:00,22.640878624666662,14.097403,12.902956,11.656772,0.4963561
2018-03-15 12:45:00-08:00,23.88292453333333,11.8427105,12.988768,11.370711,0.49080947
2018-03-15 13:00:00-08:00,18.722788456866667,12.068275,12.771425,11.079991,0.48556525
2018-03-15 13:15:00-08:00,25.368276057333333,11.591087,12.942991,10.667855,0.48063818
2018-03-15 13:30:00-08:00,18.30643518853333,9.796706,12.811956,10.358452,0.46305603
2018-03-15 13:45:00-08:00,10.184571448666668,10.437298,12.410165,9.900102,0.46359694
2018-03-15 14:00:00-08:00,9.004112928466666,11.361223,11.88354,9.361777,0.45454118
2018-03-15 14:15:00-08:00,15.727896276133334,13.822184,11.30534,8.852811,0.43959552
2018-03-15 14:30:00-08:00,8.835806961800001,6.016734,10.2463665,8.206046,0.4435631
2018-03-15 14:45:00-08:00,8.335889928066667,7.484303,9.500012,7.5405045,0.44107145
2018-03-15 15:00:00-08:00,4.292189787466668,3.9669147,8.509007,6.798356,0.4410298
2018-03-15 15:15:00-08:00,6.332777792933334,4.9633183,7.574502,6.0372515,0.4310667
2018-03-15 15:30:00-08:00,4.6625857853333335,6.5048776,6.4793887,5.2052817,0.4089399
2018-03-15 15:45:00-08:00,5.3709217134000005,6.5764627,5.2967696,4.392987,0.3867766
2018-03-15 16:00:00-08:00,5.023097624,6.3441124,4.135841,3.5918963,0.3721273
2018-03-15 16:15:00-08:00,3.112347790533333,3.499681,3.121172,2.8210344,0.36169714
2018-03-15 16:30:00-08:00,1.4085520134666665,3.0660217,2.2494166,2.1224675,0.34649032
2018-03-15 16:45:00-08:00,1.0405156740666668,1.6709054,1.4934415,1.4510376,0.33991253
2018-03-15 17:00:00-08:00,0.3693274271333333,1.9131943,1.2074541,0.9065069,0.31570858
2018-03-15 17:15:00-08:00,0.2900998899999999,1.3972949,0.90443677,0.35262814,0.28428417
2018-03-15 17:30:00-08:00,0.1107064852666666,0.036866933,0.5949198,0.08148363,0.27321553
2018-03-15 17:45:00-08:00,0.3048580715333333,0.0,0.4758339,0.0,0.25153857
2018-03-15 18:00:00-08:00,0.0,0.0,0.582291,0.0,0.22639477
2018-03-15 18:15:00-08:00,0.0,0.2465013,0.5137538,0.0,0.19528551
2018-03-15 18:30:00-08:00,0.0,0.0,0.0,0.0,0.0
2018-03-15 18:45:00-08:00,0.0,0.0,0.0,0.0,0.0
2018-03-15 19:00:00-08:00,0.0,0.0,0.0,0.0,0.0
2018-03-15 19:15:00-08:00,0.0,0.0,0.0,0.0,0.0
2018-03-15 19:30:00-08:00,0.0,0.0,0.0,0.0,0.0
2018-03-15 19:45:00-08:00,0.0,0.0,0.0,0.0,0.0
2018-03-15 20:00:00-08:00,0.0,0.0,0.0,0.0,0.0
2018-03-15 20:15:00-08:00,0.0,0.0,0.0,0.0,0.0
2018-03-15 20:30:00-08:00,0.0,0.0,0.0,0.0,0.0
2018-03-15 20:45:00-08:00,0.0,0.0,0.0,0.0,0.0
2018-03-15 21:00:00-08:00,0.0,0.0,0.0,0.0,0.0
2018-03-15 21:15:00-08:00,0.0,0.0,0.0,0.0,0.0
2018-03-15 21:30:00-08:00,0.0,0.0,0.0,0.0,0.0
2018-03-15 21:45:00-08:00,0.0,0.0,0.0,0.0,0.0
2018-03-15 22:00:00-08:00,0.0,0.0,0.0,0.0,0.0
2018-03-15 22:15:00-08:00,0.0,0.0,0.0,0.0,0.0
2018-03-15 22:30:00-08:00,0.0,0.0,0.0,0.0,0.0
2018-03-15 22:45:00-08:00,0.0,0.0,0.0,0.0,0.0
2018-03-15 23:00:00-08:00,0.0,0.0,0.0,0.0,0.0
2018-03-15 23:15:00-08:00,0.0,0.0,0.0,0.0,0.0
2018-03-15 23:30:00-08:00,0.0,0.0,0.0,0.0,0.0
2018-03-15 23:45:00-08:00,0.0,0.0,0.0,0.0,0.0
2018-03-16 00:00:00-08:00,0.0,0.0,0.0,0.0,0.0
2018-03-16 00:15:00-08:00,0.0,0.0,0.0,0.0,0.0
2018-03-16 00:30:00-08:00,0.0,0.0,0.0,0.0,0.0
2018-03-16 00:45:00-08:00,0.0,0.0,0.0,0.0,0.0
2018-03-16 01:00:00-08:00,0.0,0.0,0.0,0.0,0.0
2018-03-16 01:15:00-08:00,0.0,0.0,0.0,0.0,0.0
2018-03-16 01:30:00-08:00,0.0,0.0,0.0,0.0,0.0
2018-03-16 01:45:00-08:00,0.0,0.0,0.0,0.0,0.0
2018-03-16 02:00:00-08:00,0.0,0.0,0.0,0.0,0.0
2018-03-16 02:15:00-08:00,0.0,0.0,0.0,0.0,0.0
2018-03-16 02:30:00-08:00,0.0,0.0,0.0,0.0,0.0
2018-03-16 02:45:00-08:00,0.0,0.0,0.0,0.0,0.0
2018-03-16 03:00:00-08:00,0.0,0.0,0.0,0.0,0.0
2018-03-16 03:15:00-08:00,0.0,0.0,0.0,0.0,0.0
2018-03-16 03:30:00-08:00,0.0,0.0,0.0,0.0,0.0
2018-03-16 03:45:00-08:00,0.0,0.0,0.0,0.0,0.0
2018-03-16 04:00:00-08:00,0.0,0.0,0.0,0.0,0.0
2018-03-16 04:15:00-08:00,0.0,0.0,0.0,0.0,0.0
2018-03-16 04:30:00-08:00,0.0,0.0,0.0,0.0,0.0
2018-03-16 04:45:00-08:00,0.0,0.0,0.0,0.0,0.0
2018-03-16 05:00:00-08:00,0.0,0.0,0.0,0.0,0.0
2018-03-16 05:15:00-08:00,0.0,0.0,0.0,0.0,0.0
2018-03-16 05:30:00-08:00,0.0,0.0,0.0,0.0,0.0
2018-03-16 05:45:00-08:00,0.0,0.0,0.0,0.0,0.0
2018-03-16 06:00:00-08:00,0.0,0.0,0.0,0.0,0.0
2018-03-16 06:15:00-08:00,0.0,0.0,0.0,0.0,0.056980737
2018-03-16 06:30:00-08:00,0.0,0.0,0.0,0.0,0.12321552
2018-03-16 06:45:00-08:00,0.4724544582666667,0.023593068,0.0,0.035926476,0.1764617
2018-03-16 07:00:00-08:00,0.8096871226000001,1.1837674,0.3834511,0.32154262,0.23861414
2018-03-16 07:15:00-08:00,1.342624914,1.0163949,0.7975985,0.81781256,0.30437058
2018-03-16 07:30:00-08:00,1.467753946133333,2.19761,1.5606244,1.494906,0.36887646
2018-03-16 07:45:00-08:00,1.5726799015999997,2.027259,2.729532,2.3616507,0.44053754
2018-03-16 08:00:00-08:00,2.222766203,4.425245,4.065359,3.381319,0.48075336
2018-03-16 08:15:00-08:00,2.1836517054,4.62917,5.6657023,4.5552025,0.51749057
2018-03-16 08:30:00-08:00,2.75710483,6.965501,7.301752,5.7142706,0.53785115
2018-03-16 08:45:00-08:00,2.7928193844666667,6.2724667,9.033415,7.073943,0.5662771
2018-03-16 09:00:00-08:00,13.489509326866669,9.20434,10.687881,8.392003,0.59181356
2018-03-16 09:15:00-08:00,13.134577280866667,11.17981,12.051275,9.746468,0.5902878
2018-03-16 09:30:00-08:00,5.2119533888000005,11.846886,13.648882,10.964819,0.59451807
2018-03-16 09:45:00-08:00,12.4723826578,12.354947,14.822859,12.395016,0.5993398
2018-03-16 10:00:00-08:00,21.619690677000005,10.345955,15.470326,13.653017,0.6031376
2018-03-16 10:15:00-08:00,15.393357444333333,11.011877,16.382427,14.7112,0.5935099
2018-03-16 10:30:00-08:00,18.115909457466667,13.296663,16.960154,15.7129345,0.58124954
2018-03-16 10:45:00-08:00,16.672169598666667,11.260477,17.038635,16.563047,0.576468
2018-03-16 11:00:00-08:00,8.730584287133333,13.650802,17.524012,17.251114,0.5726286
2018-03-16 11:15:00-08:00,16.9852354052,8.614444,17.416058,17.801954,0.5690851
2018-03-16 11:30:00-08:00,28.036113008666664,12.175326,17.618439,18.223928,0.57737494
2018-03-16 11:45:00-08:00,19.18058336813333,11.691093,17.142504,18.461658,0.56074965
2018-03-16 12:00:00-08:00,28.308922852666665,17.581713,16.956116,18.69644,0.5522202
2018-03-16 12:15:00-08:00,25.795484741333333,12.023241,16.6727,18.735455,0.557041
2018-03-16 12:30:00-08:00,10.2430992108,14.247404,16.343504,18.720085,0.5460723
2018-03-16 12:45:00-08:00,8.175418059866667,15.006687,15.929983,18.568197,0.5465304
2018-03-16 13:00:00-08:00,28.324779214666663,12.778397,15.009209,18.166592,0.55129975
2018-03-16 13:15:00-08:00,22.193245999,13.27993,14.786589,17.750402,0.5625728
2018-03-16 13:30:00-08:00,18.8808097738,13.226143,14.11084,17.398294,0.55879325
2018-03-16 13:45:00-08:00,18.940233418466665,12.9087715,13.370999,16.89065,0.5693975
2018-03-16 14:00:00-08:00,19.92728770153333,11.6659975,12.841304,16.244953,0.580557
2018-03-16 14:15:00-08:00,18.505570862666666,10.6934185,12.30481,15.458635,0.57577205
2018-03-16 14:30:00-08:00,24.516960937333334,14.49485,11.618542,14.579822,0.5998162
2018-03-16 14:45:00-08:00,18.6487317486,14.892205,11.167059,13.638245,0.6017033
2018-03-16 15:00:00-08:00,17.8739000402,15.948198,10.743302,12.366451,0.609965
2018-03-16 15:15:00-08:00,6.090374436466667,11.7881775,10.15937,11.151675,0.62079996
2018-03-16 15:30:00-08:00,8.447077565066666,11.103403,9.181468,9.813519,0.63147944
2018-03-16 15:45:00-08:00,11.352985978066664,11.74941,8.172268,8.491747,0.65254664
2018-03-16 16:00:00-08:00,9.011995368933333,9.35549,6.9528522,7.1770577,0.67407763
2018-03-16 16:15:00-08:00,4.717255600866666,6.8640184,5.6692815,5.8223815,0.706308
2018-03-16 16:30:00-08:00,1.153138449,9.693545,4.4242105,4.608925,0.7103947
2018-03-16 16:45:00-08:00,1.0305846648,4.9737163,3.2376745,3.5613103,0.7035986
2018-03-16 17:00:00-08:00,6.218756458533333,4.2640047,2.2568874,2.6271849,0.65664464
2018-03-16 17:15:00-08:00,2.7267910435333333,0.046875827,1.1615076,1.8321023,0.5608922
2018-03-16 17:30:00-08:00,0.1909086829333333,1.6877522,0.358074,1.3067943,0.4692552
2018-03-16 17:45:00-08:00,0.0,0.4154024,0.0,1.0462635,0.32966056
2018-03-16 18:00:00-08:00,0.0,0.0,0.0,0.8669913,0.2023094
2018-03-16 18:15:00-08:00,0.0,0.0,0.0,0.74240214,0.10422342
2018-03-16 18:30:00-08:00,0.0,0.0,0.0,0.0,0.0
2018-03-16 18:45:00-08:00,0.0,0.0,0.0,0.0,0.0
2018-03-16 19:00:00-08:00,0.0,0.0,0.0,0.0,0.0
2018-03-16 19:15:00-08:00,0.0,0.0,0.0,0.0,0.0
2018-03-16 19:30:00-08:00,0.0,0.0,0.0,0.0,0.0
2018-03-16 19:45:00-08:00,0.0,0.0,0.0,0.0,0.0
2018-03-16 20:00:00-08:00,0.0,0.0,0.0,0.0,0.0
2018-03-16 20:15:00-08:00,0.0,0.0,0.0,0.0,0.0
2018-03-16 20:30:00-08:00,0.0,0.0,0.0,0.0,0.0
2018-03-16 20:45:00-08:00,0.0,0.0,0.0,0.0,0.0
2018-03-16 21:00:00-08:00,0.0,0.0,0.0,0.0,0.0
2018-03-16 21:15:00-08:00,0.0,0.0,0.0,0.0,0.0
2018-03-16 21:30:00-08:00,0.0,0.0,0.0,0.0,0.0
2018-03-16 21:45:00-08:00,0.0,0.0,0.0,0.0,0.0
2018-03-16 22:00:00-08:00,0.0,0.0,0.0,0.0,0.0
2018-03-16 22:15:00-08:00,0.0,0.0,0.0,0.0,0.0
2018-03-16 22:30:00-08:00,0.0,0.0,0.0,0.0,0.0
2018-03-16 22:45:00-08:00,0.0,0.0,0.0,0.0,0.0
2018-03-16 23:00:00-08:00,0.0,0.0,0.0,0.0,0.0
2018-03-16 23:15:00-08:00,0.0,0.0,0.0,0.0,0.0
2018-03-16 23:30:00-08:00,0.0,0.0,0.0,0.0,0.0
2018-03-16 23:45:00-08:00,0.0,0.0,0.0,0.0,0.0
2018-03-17 00:00:00-08:00,0.0,0.0,0.0,0.0,0.0
2018-03-17 00:15:00-08:00,0.0,0.0,0.0,0.0,0.0
2018-03-17 00:30:00-08:00,0.0,0.0,0.0,0.0,0.0
2018-03-17 00:45:00-08:00,0.0,0.0,0.0,0.0,0.0
2018-03-17 01:00:00-08:00,0.0,0.0,0.0,0.0,0.0
2018-03-17 01:15:00-08:00,0.0,0.0,0.0,0.0,0.0
2018-03-17 01:30:00-08:00,0.0,0.0,0.0,0.0,0.0
2018-03-17 01:45:00-08:00,0.0,0.0,0.0,0.0,0.0
2018-03-17 02:00:00-08:00,0.0,0.0,0.0,0.0,0.0
2018-03-17 02:15:00-08:00,0.0,0.0,0.0,0.0,0.0
2018-03-17 02:30:00-08:00,0.0,0.0,0.0,0.0,0.0
2018-03-17 02:45:00-08:00,0.0,0.0,0.0,0.0,0.0
2018-03-17 03:00:00-08:00,0.0,0.0,0.0,0.0,0.0
2018-03-17 03:15:00-08:00,0.0,0.0,0.0,0.0,0.0
2018-03-17 03:30:00-08:00,0.0,0.0,0.0,0.0,0.0
2018-03-17 03:45:00-08:00,0.0,0.0,0.0,0.0,0.0
2018-03-17 04:00:00-08:00,0.0,0.0,0.0,0.0,0.0
2018-03-17 04:15:00-08:00,0.0,0.0,0.0,0.0,0.0
2018-03-17 04:30:00-08:00,0.0,0.0,0.0,0.0,0.0
2018-03-17 04:45:00-08:00,0.0,0.0,0.0,0.0,0.0
2018-03-17 05:00:00-08:00,0.0,0.0,0.0,0.0,0.0
2018-03-17 05:15:00-08:00,0.0,0.0,0.0,0.0,0.0
2018-03-17 05:30:00-08:00,0.0,0.0,0.0,0.0,0.0
2018-03-17 05:45:00-08:00,0.0,0.0,0.0,0.0,0.0
2018-03-17 06:00:00-08:00,0.0,0.0,0.0,0.0,0.0
2018-03-17 06:15:00-08:00,0.0,0.113655046,0.0,0.23764926,0.13604786
2018-03-17 06:30:00-08:00,0.0,0.0,0.0,0.60153776,0.21670277
2018-03-17 06:45:00-08:00,0.0948016385333333,0.18990588,0.110841796,1.1094869,0.27408177
2018-03-17 07:00:00-08:00,0.7272287460666665,1.2397121,0.7001769,1.7829405,0.34313387
2018-03-17 07:15:00-08:00,1.634190783133333,1.872807,1.285881,2.6296172,0.40342242
2018-03-17 07:30:00-08:00,3.100154834533333,3.2267451,2.0566847,3.6555243,0.46277198
2018-03-17 07:45:00-08:00,4.9043939246,2.9088,3.2828572,4.83893,0.53197336
2018-03-17 08:00:00-08:00,8.0226967472,4.669496,4.5742183,6.112047,0.57371694
2018-03-17 08:15:00-08:00,4.160419220333334,5.4631543,6.1335983,7.4795,0.6207359
2018-03-17 08:30:00-08:00,9.466742008733334,5.963773,7.679038,8.753877,0.6538952
2018-03-17 08:45:00-08:00,8.267499663066667,7.942988,9.225569,10.167981,0.6929343
2018-03-17 09:00:00-08:00,12.867769984599999,10.627292,10.690084,11.518353,0.72372055
2018-03-17 09:15:00-08:00,19.09010205,10.833375,11.859229,12.818714,0.7278548
2018-03-17 09:30:00-08:00,12.6283344962,10.8225765,12.919301,13.93284,0.7369631
2018-03-17 09:45:00-08:00,4.277206289266666,13.185883,13.829644,15.2182045,0.74357224
2018-03-17 10:00:00-08:00,3.9250661417333323,13.362185,14.196834,16.249702,0.7503085
2018-03-17 10:15:00-08:00,20.6054368386,12.104647,14.877459,17.063183,0.73939085
2018-03-17 10:30:00-08:00,21.72751357,16.486141,15.562401,17.795582,0.72177875
2018-03-17 10:45:00-08:00,28.300274229333333,16.35572,15.817713,18.36989,0.7149458
2018-03-17 11:00:00-08:00,29.175596846666664,18.529068,16.309734,18.832191,0.7222265
2018-03-17 11:15:00-08:00,8.867073879133333,21.130419,16.618736,19.179623,0.7138376
2018-03-17 11:30:00-08:00,1.2896022502666666,20.346636,16.97815,19.387594,0.71731913
2018-03-17 11:45:00-08:00,7.242868506333333,19.952873,16.758684,19.41257,0.6917418
2018-03-17 12:00:00-08:00,4.3978314888000005,14.707277,16.736359,19.539892,0.6743591
2018-03-17 12:15:00-08:00,4.545132175133333,15.837956,16.541832,19.39197,0.6804737
2018-03-17 12:30:00-08:00,13.058091958,15.025677,16.310062,19.211578,0.66796863
2018-03-17 12:45:00-08:00,7.205096916066666,14.84818,15.868867,18.911158,0.6653483
2018-03-17 13:00:00-08:00,6.092879423666665,15.29376,15.259232,18.3181,0.67100024
2018-03-17 13:15:00-08:00,4.334277641266667,16.562126,14.799694,17.756054,0.6738598
2018-03-17 13:30:00-08:00,6.8678655685333325,16.848438,14.118618,17.24228,0.66899574
2018-03-17 13:45:00-08:00,18.944727720666663,14.709191,13.474558,16.5514,0.673323
2018-03-17 14:00:00-08:00,23.386607568,13.6363945,12.734186,15.709883,0.6792288
2018-03-17 14:15:00-08:00,14.982074112599998,14.152602,12.03302,14.725815,0.67361045
2018-03-17 14:30:00-08:00,5.1453679046,15.045236,11.394276,13.606903,0.6958278
2018-03-17 14:45:00-08:00,3.4902806341333323,14.020898,10.840956,12.440929,0.6947269
2018-03-17 15:00:00-08:00,2.0314674982666667,12.503766,10.289439,10.976499,0.6967977
2018-03-17 15:15:00-08:00,4.1114860948,10.975225,9.701249,9.623434,0.6950428
2018-03-17 15:30:00-08:00,5.103515737333333,10.914785,8.9487915,8.116365,0.69989985
2018-03-17 15:45:00-08:00,3.355030549133333,9.768564,7.928808,6.7078185,0.70956016
2018-03-17 16:00:00-08:00,2.264254875266667,8.255638,6.8289976,5.3615813,0.72226787
2018-03-17 16:15:00-08:00,2.612886028733333,7.2039614,5.604285,4.010872,0.7441625
2018-03-17 16:30:00-08:00,4.5666524742000005,7.3626003,4.4680614,2.8746653,0.74303067
2018-03-17 16:45:00-08:00,8.405130695933334,3.9078455,3.3033764,1.9160664,0.737769
2018-03-17 17:00:00-08:00,10.476902826533331,4.593586,2.3359227,1.1304959,0.6987293
2018-03-17 17:15:00-08:00,6.368416624599999,3.3132844,1.4176648,0.56470644,0.6186141
2018-03-17 17:30:00-08:00,4.675027889733333,2.4594338,0.6730877,0.27802765,0.5515071
2018-03-17 17:45:00-08:00,2.0930102618000004,0.7351017,0.25200415,0.24236682,0.44069737
2018-03-17 18:00:00-08:00,0.0169268148666666,0.0,0.056870084,0.25628042,0.32685584
2018-03-17 18:15:00-08:00,0.0,0.0,0.0,0.3126155,0.22006267
2018-03-17 18:30:00-08:00,0.0,0.0,0.0,0.0,0.0
2018-03-17 18:45:00-08:00,0.0,0.0,0.0,0.0,0.0
2018-03-17 19:00:00-08:00,0.0,0.0,0.0,0.0,0.0
2018-03-17 19:15:00-08:00,0.0,0.0,0.0,0.0,0.0
2018-03-17 19:30:00-08:00,0.0,0.0,0.0,0.0,0.0
2018-03-17 19:45:00-08:00,0.0,0.0,0.0,0.0,0.0
2018-03-17 20:00:00-08:00,0.0,0.0,0.0,0.0,0.0
2018-03-17 20:15:00-08:00,0.0,0.0,0.0,0.0,0.0
2018-03-17 20:30:00-08:00,0.0,0.0,0.0,0.0,0.0
2018-03-17 20:45:00-08:00,0.0,0.0,0.0,0.0,0.0
2018-03-17 21:00:00-08:00,0.0,0.0,0.0,0.0,0.0
2018-03-17 21:15:00-08:00,0.0,0.0,0.0,0.0,0.0
2018-03-17 21:30:00-08:00,0.0,0.0,0.0,0.0,0.0
2018-03-17 21:45:00-08:00,0.0,0.0,0.0,0.0,0.0
2018-03-17 22:00:00-08:00,0.0,0.0,0.0,0.0,0.0
2018-03-17 22:15:00-08:00,0.0,0.0,0.0,0.0,0.0
2018-03-17 22:30:00-08:00,0.0,0.0,0.0,0.0,0.0
2018-03-17 22:45:00-08:00,0.0,0.0,0.0,0.0,0.0
2018-03-17 23:00:00-08:00,0.0,0.0,0.0,0.0,0.0
2018-03-17 23:15:00-08:00,0.0,0.0,0.0,0.0,0.0
2018-03-17 23:30:00-08:00,0.0,0.0,0.0,0.0,0.0
2018-03-17 23:45:00-08:00,0.0,0.0,0.0,0.0,0.0
2018-03-18 00:00:00-08:00,0.0,0.0,0.0,0.0,0.0
2018-03-18 00:15:00-08:00,0.0,0.0,0.0,0.0,0.0
2018-03-18 00:30:00-08:00,0.0,0.0,0.0,0.0,0.0
2018-03-18 00:45:00-08:00,0.0,0.0,0.0,0.0,0.0
2018-03-18 01:00:00-08:00,0.0,0.0,0.0,0.0,0.0
2018-03-18 01:15:00-08:00,0.0,0.0,0.0,0.0,0.0
2018-03-18 01:30:00-08:00,0.0,0.0,0.0,0.0,0.0
2018-03-18 01:45:00-08:00,0.0,0.0,0.0,0.0,0.0
2018-03-18 02:00:00-08:00,0.0,0.0,0.0,0.0,0.0
2018-03-18 02:15:00-08:00,0.0,0.0,0.0,0.0,0.0
2018-03-18 02:30:00-08:00,0.0,0.0,0.0,0.0,0.0
2018-03-18 02:45:00-08:00,0.0,0.0,0.0,0.0,0.0
2018-03-18 03:00:00-08:00,0.0,0.0,0.0,0.0,0.0
2018-03-18 03:15:00-08:00,0.0,0.0,0.0,0.0,0.0
2018-03-18 03:30:00-08:00,0.0,0.0,0.0,0.0,0.0
2018-03-18 03:45:00-08:00,0.0,0.0,0.0,0.0,0.0
2018-03-18 04:00:00-08:00,0.0,0.0,0.0,0.0,0.0
2018-03-18 04:15:00-08:00,0.0,0.0,0.0,0.0,0.0
2018-03-18 04:30:00-08:00,0.0,0.0,0.0,0.0,0.0
2018-03-18 04:45:00-08:00,0.0,0.0,0.0,0.0,0.0
2018-03-18 05:00:00-08:00,0.0,0.0,0.0,0.0,0.0
2018-03-18 05:15:00-08:00,0.0,0.0,0.0,0.0,0.0
2018-03-18 05:30:00-08:00,0.0,0.0,0.0,0.0,0.0
2018-03-18 05:45:00-08:00,0.0,0.0,0.0,0.0,0.0
2018-03-18 06:00:00-08:00,0.0,0.0,0.0,0.0,0.0
2018-03-18 06:15:00-08:00,0.0018662960666666,0.0,0.0,2.2095222,0.24691609
2018-03-18 06:30:00-08:00,0.3033837128,0.0,0.067012176,2.2158074,0.35075274
2018-03-18 06:45:00-08:00,1.0641159681333334,0.8491207,0.5383353,2.3573105,0.42762184
2018-03-18 07:00:00-08:00,2.420104265,2.4490302,1.4461913,2.5119414,0.5151155
2018-03-18 07:15:00-08:00,3.3670238892,2.9814296,2.36407,2.6596334,0.5876654
2018-03-18 07:30:00-08:00,3.6788147516666667,4.524501,3.4396534,2.850442,0.6518471
2018-03-18 07:45:00-08:00,6.8561478228,6.33378,4.907766,3.2627468,0.71998084
2018-03-18 08:00:00-08:00,6.912923068933333,6.9656763,6.4093657,3.62716,0.755601
2018-03-18 08:15:00-08:00,9.261792304333332,9.8326,8.24435,4.0354476,0.795415
2018-03-18 08:30:00-08:00,9.5616697768,11.601315,9.951099,4.4354076,0.82516885
2018-03-18 08:45:00-08:00,14.026597084666667,15.129433,11.698982,4.8800254,0.84848225
2018-03-18 09:00:00-08:00,15.636853622666663,15.214355,13.337713,5.233939,0.8657579
2018-03-18 09:15:00-08:00,15.814495990666664,13.825865,14.706078,5.6687884,0.85379666
2018-03-18 09:30:00-08:00,15.066000347999998,14.690199,15.98365,5.982588,0.8416357
2018-03-18 09:45:00-08:00,14.862060512,18.950657,17.215075,6.531997,0.8319352
2018-03-18 10:00:00-08:00,12.062531007999999,17.304747,17.836124,7.0562773,0.8253883
2018-03-18 10:15:00-08:00,12.073279413333331,18.59961,18.808426,7.5016823,0.80589557
2018-03-18 10:30:00-08:00,14.639789397999998,22.144194,19.59196,8.010853,0.7785361
2018-03-18 10:45:00-08:00,14.018102466666669,21.22606,19.839497,8.400506,0.76702255
2018-03-18 11:00:00-08:00,12.123441668666668,20.83963,20.305113,8.805783,0.777856
2018-03-18 11:15:00-08:00,14.052963159333332,22.657015,20.554457,8.9966955,0.76650155
2018-03-18 11:30:00-08:00,18.627746302666665,19.312334,20.975315,9.168443,0.76394296
2018-03-18 11:45:00-08:00,19.658780308,16.795769,20.709177,9.372585,0.7353538
2018-03-18 12:00:00-08:00,20.15552822133333,17.579983,20.74811,9.480261,0.7174598
2018-03-18 12:15:00-08:00,16.98216679533333,15.855436,20.531527,9.487516,0.7224947
2018-03-18 12:30:00-08:00,11.999099604666668,16.061958,20.284187,9.695719,0.7101815
2018-03-18 12:45:00-08:00,10.777619648,12.790619,19.55808,9.799042,0.70747256
2018-03-18 13:00:00-08:00,9.748264074866666,14.4575405,18.760792,9.895332,0.7117096
2018-03-18 13:15:00-08:00,8.153715502399999,16.947592,18.232677,9.793652,0.71201766
2018-03-18 13:30:00-08:00,7.646955626199999,16.426,17.614227,9.818022,0.7107699
2018-03-18 13:45:00-08:00,7.099016428533333,14.124802,16.897577,9.554932,0.7122788
2018-03-18 14:00:00-08:00,6.959885000733333,16.891346,16.122211,9.216656,0.72484046
2018-03-18 14:15:00-08:00,6.039335326066666,13.501589,15.516766,8.724661,0.72287446
2018-03-18 14:30:00-08:00,5.536342729533334,11.375477,14.731247,8.137571,0.74382335
2018-03-18 14:45:00-08:00,4.998923198466667,13.841111,13.980715,7.4807925,0.746313
2018-03-18 15:00:00-08:00,4.226097071533333,11.965835,13.252999,6.834445,0.7545313
2018-03-18 15:15:00-08:00,4.1527096848000005,8.739242,12.428631,6.280835,0.75421786
2018-03-18 15:30:00-08:00,4.0250952366,7.8027835,11.170226,5.682173,0.7598256
2018-03-18 15:45:00-08:00,3.7994267061333327,6.7771125,9.88356,5.224967,0.7582635
2018-03-18 16:00:00-08:00,2.951467553466667,6.192403,8.564755,4.7906513,0.75591636
2018-03-18 16:15:00-08:00,2.3801558190666667,5.918726,6.9507227,4.3250575,0.7559061
2018-03-18 16:30:00-08:00,2.017184422733333,5.5522237,5.568726,3.9554858,0.7164725
2018-03-18 16:45:00-08:00,1.9166211606666668,3.2192953,4.069543,3.668839,0.6655531
2018-03-18 17:00:00-08:00,1.5787604886666662,3.3188248,2.818892,3.3116245,0.5860471
2018-03-18 17:15:00-08:00,1.0492834415333332,1.9295154,1.4404582,2.9987888,0.47240084
2018-03-18 17:30:00-08:00,0.4632973357999998,1.6473794,0.49045807,2.729913,0.38569638
2018-03-18 17:45:00-08:00,0.3658667029999999,0.49655014,0.0,2.460852,0.2642878
2018-03-18 18:00:00-08:00,0.0614360545333333,0.25339067,0.0,2.3660293,0.15768716
2018-03-18 18:15:00-08:00,0.0,0.0,0.0,2.246203,0.07444451
2018-03-18 18:30:00-08:00,0.0,0.0,0.0,0.0,0.0
2018-03-18 18:45:00-08:00,0.0,0.0,0.0,0.0,0.0
2018-03-18 19:00:00-08:00,0.0,0.0,0.0,0.0,0.0
2018-03-18 19:15:00-08:00,0.0,0.0,0.0,0.0,0.0
2018-03-18 19:30:00-08:00,0.0,0.0,0.0,0.0,0.0
2018-03-18 19:45:00-08:00,0.0,0.0,0.0,0.0,0.0
2018-03-18 20:00:00-08:00,0.0,0.0,0.0,0.0,0.0
2018-03-18 20:15:00-08:00,0.0,0.0,0.0,0.0,0.0
2018-03-18 20:30:00-08:00,0.0,0.0,0.0,0.0,0.0
2018-03-18 20:45:00-08:00,0.0,0.0,0.0,0.0,0.0
2018-03-18 21:00:00-08:00,0.0,0.0,0.0,0.0,0.0
2018-03-18 21:15:00-08:00,0.0,0.0,0.0,0.0,0.0
2018-03-18 21:30:00-08:00,0.0,0.0,0.0,0.0,0.0
2018-03-18 21:45:00-08:00,0.0,0.0,0.0,0.0,0.0
2018-03-18 22:00:00-08:00,0.0,0.0,0.0,0.0,0.0
2018-03-18 22:15:00-08:00,0.0,0.0,0.0,0.0,0.0
2018-03-18 22:30:00-08:00,0.0,0.0,0.0,0.0,0.0
2018-03-18 22:45:00-08:00,0.0,0.0,0.0,0.0,0.0
2018-03-18 23:00:00-08:00,0.0,0.0,0.0,0.0,0.0
2018-03-18 23:15:00-08:00,0.0,0.0,0.0,0.0,0.0
2018-03-18 23:30:00-08:00,0.0,0.0,0.0,0.0,0.0
2018-03-18 23:45:00-08:00,0.0,0.0,0.0,0.0,0.0
2018-03-19 00:00:00-08:00,0.0,0.0,0.0,0.0,0.0
2018-03-19 00:15:00-08:00,0.0,0.0,0.0,0.0,0.0
2018-03-19 00:30:00-08:00,0.0,0.0,0.0,0.0,0.0
2018-03-19 00:45:00-08:00,0.0,0.0,0.0,0.0,0.0
2018-03-19 01:00:00-08:00,0.0,0.0,0.0,0.0,0.0
2018-03-19 01:15:00-08:00,0.0,0.0,0.0,0.0,0.0
2018-03-19 01:30:00-08:00,0.0,0.0,0.0,0.0,0.0
2018-03-19 01:45:00-08:00,0.0,0.0,0.0,0.0,0.0
2018-03-19 02:00:00-08:00,0.0,0.0,0.0,0.0,0.0
2018-03-19 02:15:00-08:00,0.0,0.0,0.0,0.0,0.0
2018-03-19 02:30:00-08:00,0.0,0.0,0.0,0.0,0.0
2018-03-19 02:45:00-08:00,0.0,0.0,0.0,0.0,0.0
2018-03-19 03:00:00-08:00,0.0,0.0,0.0,0.0,0.0
2018-03-19 03:15:00-08:00,0.0,0.0,0.0,0.0,0.0
2018-03-19 03:30:00-08:00,0.0,0.0,0.0,0.0,0.0
2018-03-19 03:45:00-08:00,0.0,0.0,0.0,0.0,0.0
2018-03-19 04:00:00-08:00,0.0,0.0,0.0,0.0,0.0
2018-03-19 04:15:00-08:00,0.0,0.0,0.0,0.0,0.0
2018-03-19 04:30:00-08:00,0.0,0.0,0.0,0.0,0.0
2018-03-19 04:45:00-08:00,0.0,0.0,0.0,0.0,0.0
2018-03-19 05:00:00-08:00,0.0,0.0,0.0,0.0,0.0
2018-03-19 05:15:00-08:00,0.0,0.0,0.0,0.0,0.0
2018-03-19 05:30:00-08:00,0.0,0.0,0.0,0.0,0.0
2018-03-19 05:45:00-08:00,0.0,0.0,0.0,0.0,0.0
2018-03-19 06:00:00-08:00,0.0,0.0,0.0,0.0,0.0
2018-03-19 06:15:00-08:00,0.0,0.02018033,0.31741762,0.35073584,0.21347058
2018-03-19 06:30:00-08:00,0.1246383312666666,0.25149083,0.67227346,0.7388672,0.32559127
2018-03-19 06:45:00-08:00,0.5914534693333334,0.90987444,1.0371318,1.2746445,0.40691
2018-03-19 07:00:00-08:00,1.5843133501333329,2.2480583,1.9811203,1.955411,0.5101718
2018-03-19 07:15:00-08:00,3.0522134344666667,3.1844137,2.8063912,2.9654496,0.60066146
2018-03-19 07:30:00-08:00,4.861273692666667,4.707636,3.6332126,4.203353,0.69009507
2018-03-19 07:45:00-08:00,7.252427428133333,6.6104927,4.939656,5.719954,0.77536976
2018-03-19 08:00:00-08:00,9.209423248133334,7.1609674,6.421076,7.2599564,0.82571536
2018-03-19 08:15:00-08:00,10.122981101133334,9.535565,8.181546,8.893002,0.8802352
2018-03-19 08:30:00-08:00,9.792075042066664,11.507003,9.934543,10.587791,0.9143921
2018-03-19 08:45:00-08:00,12.152366128,13.987387,11.748434,12.316255,0.95026517
2018-03-19 09:00:00-08:00,13.616637695333331,15.333895,13.598955,13.858263,0.9778298
2018-03-19 09:15:00-08:00,14.878369928666665,15.502702,15.268412,15.342537,0.96712255
2018-03-19 09:30:00-08:00,15.735189564666666,17.030632,16.688862,16.554184,0.96105134
2018-03-19 09:45:00-08:00,16.47482880866667,19.0224,18.342966,18.007133,0.9599392
2018-03-19 10:00:00-08:00,20.835108749333333,20.943995,19.235975,19.219456,0.9637852
2018-03-19 10:15:00-08:00,21.144954317333333,20.48227,20.479242,20.160604,0.9472358
2018-03-19 10:30:00-08:00,20.48766745,22.095678,21.5639,21.028915,0.92105246
2018-03-19 10:45:00-08:00,16.657329207333333,20.65582,21.937225,21.690287,0.9042154
2018-03-19 11:00:00-08:00,19.38548647533333,23.079908,22.55269,22.37072,0.9181658
2018-03-19 11:15:00-08:00,15.721327038666667,22.115173,22.950768,22.872684,0.9115323
2018-03-19 11:30:00-08:00,19.704136164,21.681406,23.331572,23.184278,0.91026074
2018-03-19 11:45:00-08:00,21.742003860666667,22.233538,23.152248,23.431328,0.8814427
2018-03-19 12:00:00-08:00,24.606357059333327,23.6867,23.312992,23.711332,0.8605417
2018-03-19 12:15:00-08:00,25.06731484533333,22.615738,23.326443,23.685957,0.87127715
2018-03-19 12:30:00-08:00,25.128285489999996,23.2925,23.21796,23.643488,0.8564199
2018-03-19 12:45:00-08:00,21.067682794,23.384056,22.617924,23.61829,0.85953945
2018-03-19 13:00:00-08:00,16.164990130000003,22.071758,22.007406,23.174656,0.86738694
2018-03-19 13:15:00-08:00,17.578894281333334,19.609993,21.437944,22.843718,0.87247765
2018-03-19 13:30:00-08:00,17.067090634666666,21.246456,20.858261,22.60612,0.87768334
2018-03-19 13:45:00-08:00,12.579386273533332,18.451578,20.18726,22.22326,0.8827141
2018-03-19 14:00:00-08:00,15.870262707333334,18.53124,19.433384,21.765085,0.8917669
2018-03-19 14:15:00-08:00,17.00076793,16.861385,18.83977,21.209972,0.88351697
2018-03-19 14:30:00-08:00,17.783146016266667,17.207834,18.197212,20.40482,0.90466243
2018-03-19 14:45:00-08:00,14.322662670266666,17.819862,17.431763,19.573908,0.90025616
2018-03-19 15:00:00-08:00,9.1754719902,16.2727,16.619368,18.360441,0.90310466
2018-03-19 15:15:00-08:00,8.861252173466667,17.683773,15.639996,17.266691,0.89973843
2018-03-19 15:30:00-08:00,9.833417514266666,15.087763,14.367911,15.865954,0.9110006
2018-03-19 15:45:00-08:00,9.043507525,15.592644,12.969978,14.419216,0.92675877
2018-03-19 16:00:00-08:00,6.200430344466667,13.841173,11.445564,12.859896,0.94036263
2018-03-19 16:15:00-08:00,7.858571455933333,10.839647,9.655279,11.124947,0.9644546
2018-03-19 16:30:00-08:00,7.472527556066666,8.700452,8.063014,9.385959,0.94808936
2018-03-19 16:45:00-08:00,3.1444155260666657,7.5285115,6.4860005,7.837735,0.9178682
2018-03-19 17:00:00-08:00,1.730720873333333,4.5194077,4.988841,6.2562346,0.84085375
2018-03-19 17:15:00-08:00,1.1945795484,4.561038,3.3867798,4.736519,0.71254325
2018-03-19 17:30:00-08:00,1.0800044316,2.4399383,2.1363993,3.4957576,0.5986788
2018-03-19 17:45:00-08:00,0.6999183622,0.22361326,1.1185602,2.543954,0.42090145
2018-03-19 18:00:00-08:00,0.084329345,0.0,0.42791557,1.7372078,0.2598645
2018-03-19 18:15:00-08:00,0.0,0.0,0.1416661,1.0983081,0.13722719
2018-03-19 18:30:00-08:00,0.0,0.0,0.0,0.0,0.0
2018-03-19 18:45:00-08:00,0.0,0.0,0.0,0.0,0.0
2018-03-19 19:00:00-08:00,0.0,0.0,0.0,0.0,0.0
2018-03-19 19:15:00-08:00,0.0,0.0,0.0,0.0,0.0
2018-03-19 19:30:00-08:00,0.0,0.0,0.0,0.0,0.0
2018-03-19 19:45:00-08:00,0.0,0.0,0.0,0.0,0.0
2018-03-19 20:00:00-08:00,0.0,0.0,0.0,0.0,0.0
2018-03-19 20:15:00-08:00,0.0,0.0,0.0,0.0,0.0
2018-03-19 20:30:00-08:00,0.0,0.0,0.0,0.0,0.0
2018-03-19 20:45:00-08:00,0.0,0.0,0.0,0.0,0.0
2018-03-19 21:00:00-08:00,0.0,0.0,0.0,0.0,0.0
2018-03-19 21:15:00-08:00,0.0,0.0,0.0,0.0,0.0
2018-03-19 21:30:00-08:00,0.0,0.0,0.0,0.0,0.0
2018-03-19 21:45:00-08:00,0.0,0.0,0.0,0.0,0.0
2018-03-19 22:00:00-08:00,0.0,0.0,0.0,0.0,0.0
2018-03-19 22:15:00-08:00,0.0,0.0,0.0,0.0,0.0
2018-03-19 22:30:00-08:00,0.0,0.0,0.0,0.0,0.0
2018-03-19 22:45:00-08:00,0.0,0.0,0.0,0.0,0.0
2018-03-19 23:00:00-08:00,0.0,0.0,0.0,0.0,0.0
2018-03-19 23:15:00-08:00,0.0,0.0,0.0,0.0,0.0
2018-03-19 23:30:00-08:00,0.0,0.0,0.0,0.0,0.0
2018-03-19 23:45:00-08:00,0.0,0.0,0.0,0.0,0.0
2018-03-20 00:00:00-08:00,0.0,0.0,0.0,0.0,0.0
2018-03-20 00:15:00-08:00,0.0,0.0,0.0,0.0,0.0
2018-03-20 00:30:00-08:00,0.0,0.0,0.0,0.0,0.0
2018-03-20 00:45:00-08:00,0.0,0.0,0.0,0.0,0.0
2018-03-20 01:00:00-08:00,0.0,0.0,0.0,0.0,0.0
2018-03-20 01:15:00-08:00,0.0,0.0,0.0,0.0,0.0
2018-03-20 01:30:00-08:00,0.0,0.0,0.0,0.0,0.0
2018-03-20 01:45:00-08:00,0.0,0.0,0.0,0.0,0.0
2018-03-20 02:00:00-08:00,0.0,0.0,0.0,0.0,0.0
2018-03-20 02:15:00-08:00,0.0,0.0,0.0,0.0,0.0
2018-03-20 02:30:00-08:00,0.0,0.0,0.0,0.0,0.0
2018-03-20 02:45:00-08:00,0.0,0.0,0.0,0.0,0.0
2018-03-20 03:00:00-08:00,0.0,0.0,0.0,0.0,0.0
2018-03-20 03:15:00-08:00,0.0,0.0,0.0,0.0,0.0
2018-03-20 03:30:00-08:00,0.0,0.0,0.0,0.0,0.0
2018-03-20 03:45:00-08:00,0.0,0.0,0.0,0.0,0.0
2018-03-20 04:00:00-08:00,0.0,0.0,0.0,0.0,0.0
2018-03-20 04:15:00-08:00,0.0,0.0,0.0,0.0,0.0
2018-03-20 04:30:00-08:00,0.0,0.0,0.0,0.0,0.0
2018-03-20 04:45:00-08:00,0.0,0.0,0.0,0.0,0.0
2018-03-20 05:00:00-08:00,0.0,0.0,0.0,0.0,0.0
2018-03-20 05:15:00-08:00,0.0,0.0,0.0,0.0,0.0
2018-03-20 05:30:00-08:00,0.0,0.0,0.0,0.0,0.0
2018-03-20 05:45:00-08:00,0.0,0.0,0.0,0.0,0.0
2018-03-20 06:00:00-08:00,0.0,0.0,0.0,0.0,0.0
2018-03-20 06:15:00-08:00,0.0,0.0,0.9668075,2.4584095,0.063022494
2018-03-20 06:30:00-08:00,0.0,0.036634803,1.163528,2.693235,0.07477662
2018-03-20 06:45:00-08:00,0.005207628,0.03506945,1.60715,2.9937005,0.1025406
2018-03-20 07:00:00-08:00,0.11395767986666659,1.042433,1.8410232,3.3379648,0.14050865
2018-03-20 07:15:00-08:00,0.1297477468666666,0.0,2.41791,3.690414,0.18656686
2018-03-20 07:30:00-08:00,0.1276939546,1.2569497,3.2164736,4.071458,0.20615572
2018-03-20 07:45:00-08:00,0.2529976010666666,1.3932753,4.080396,4.5331073,0.23381561
2018-03-20 08:00:00-08:00,1.5160998374,2.5840158,4.9335327,5.0065255,0.24070382
2018-03-20 08:15:00-08:00,1.811037630333333,2.6813235,6.0802155,5.357754,0.2618016
2018-03-20 08:30:00-08:00,2.5228887920000003,4.359633,6.7041607,5.7691092,0.2796783
2018-03-20 08:45:00-08:00,1.4720059600666666,3.4493093,7.3376856,6.086668,0.29474494
2018-03-20 09:00:00-08:00,1.6403445380666666,6.967905,7.595989,6.439418,0.30545506
2018-03-20 09:15:00-08:00,1.9275236519333327,3.2939773,7.269264,6.618676,0.3029431
2018-03-20 09:30:00-08:00,2.2577553428,3.7590215,6.8838034,6.6810417,0.30601352
2018-03-20 09:45:00-08:00,2.4640523609333336,6.2926674,5.662183,6.693866,0.31124446
2018-03-20 10:00:00-08:00,1.7781614684666667,5.761118,4.8839674,6.6592827,0.30026045
2018-03-20 10:15:00-08:00,2.789917525866666,6.223151,4.1868916,6.481018,0.29700044
2018-03-20 10:30:00-08:00,4.1581205992,3.9006186,3.1786213,6.2528944,0.29200926
2018-03-20 10:45:00-08:00,3.762761348866667,5.4363317,2.651316,6.1081705,0.29666796
2018-03-20 11:00:00-08:00,4.334537460333333,4.1435175,2.2483244,5.895954,0.2912648
2018-03-20 11:15:00-08:00,3.6243554949333325,4.669124,1.5110638,5.663905,0.28224334
2018-03-20 11:30:00-08:00,4.136803597066667,5.2625422,1.5124931,5.3531475,0.28772092
2018-03-20 11:45:00-08:00,2.4901803647333334,4.3430877,1.3832035,4.985103,0.29299042
2018-03-20 12:00:00-08:00,3.152491981133333,5.636162,1.1570883,4.6760483,0.2870805
2018-03-20 12:15:00-08:00,3.5962073857333325,7.486865,1.1041304,4.382065,0.28462777
2018-03-20 12:30:00-08:00,3.9279283285333335,6.865077,1.0719528,4.0695443,0.26213667
2018-03-20 12:45:00-08:00,2.335608729866667,6.9788637,0.82355165,3.7192419,0.25630432
2018-03-20 13:00:00-08:00,1.7329228238,8.2411175,0.69801986,3.3637798,0.252949
2018-03-20 13:15:00-08:00,1.3818078912666667,6.691697,0.7556727,3.0037308,0.24687287
2018-03-20 13:30:00-08:00,1.7155170311999999,7.310318,0.70083636,2.6810026,0.24084435
2018-03-20 13:45:00-08:00,1.375886676,7.618516,0.66821337,2.36488,0.24239951
2018-03-20 14:00:00-08:00,1.2731227622,4.6347475,0.5820564,2.0125515,0.24440467
2018-03-20 14:15:00-08:00,3.003832776,5.249195,0.63690114,1.6751454,0.24773414
2018-03-20 14:30:00-08:00,1.9450204981999997,3.8311894,0.76089245,1.301577,0.25040728
2018-03-20 14:45:00-08:00,2.399835142333333,5.290307,0.8208772,1.0059888,0.25303176
2018-03-20 15:00:00-08:00,2.2976529402666666,6.3102937,0.9558286,0.82571554,0.25844225
2018-03-20 15:15:00-08:00,2.368511246466667,9.195579,1.1291912,0.69099426,0.26531914
2018-03-20 15:30:00-08:00,1.2400759176666667,8.625412,1.1133559,0.6561327,0.24435717
2018-03-20 15:45:00-08:00,1.7286868124,4.7615423,0.9756455,0.6062756,0.22925732
2018-03-20 16:00:00-08:00,1.4008005834,2.3688846,0.93026644,0.6223864,0.21863243
2018-03-20 16:15:00-08:00,1.6818933159999998,2.8341897,0.7356889,0.5475781,0.21568277
2018-03-20 16:30:00-08:00,0.4788939873333333,6.6740756,0.5756663,0.56743836,0.20864658
2018-03-20 16:45:00-08:00,0.1446808660666666,0.52219576,0.51925826,0.5473306,0.2050026
2018-03-20 17:00:00-08:00,0.3220896881333333,2.774886,0.44398123,0.45037803,0.18231946
2018-03-20 17:15:00-08:00,0.1791947738666666,1.8660748,0.31817877,0.37644005,0.15373626
2018-03-20 17:30:00-08:00,0.1341726972,2.7939124,0.2288166,0.21824977,0.14446165
2018-03-20 17:45:00-08:00,0.0,0.2115677,0.1755147,0.10887746,0.13542576
2018-03-20 18:00:00-08:00,0.0,0.0,0.20933267,0.13721868,0.12273697
2018-03-20 18:15:00-08:00,0.0,0.14415252,0.21057142,0.14181916,0.09648426
2018-03-20 18:30:00-08:00,0.0,0.0,0.0,0.0,0.0
2018-03-20 18:45:00-08:00,0.0,0.0,0.0,0.0,0.0
2018-03-20 19:00:00-08:00,0.0,0.0,0.0,0.0,0.0
2018-03-20 19:15:00-08:00,0.0,0.0,0.0,0.0,0.0
2018-03-20 19:30:00-08:00,0.0,0.0,0.0,0.0,0.0
2018-03-20 19:45:00-08:00,0.0,0.0,0.0,0.0,0.0
2018-03-20 20:00:00-08:00,0.0,0.0,0.0,0.0,0.0
2018-03-20 20:15:00-08:00,0.0,0.0,0.0,0.0,0.0
2018-03-20 20:30:00-08:00,0.0,0.0,0.0,0.0,0.0
2018-03-20 20:45:00-08:00,0.0,0.0,0.0,0.0,0.0
2018-03-20 21:00:00-08:00,0.0,0.0,0.0,0.0,0.0
2018-03-20 21:15:00-08:00,0.0,0.0,0.0,0.0,0.0
2018-03-20 21:30:00-08:00,0.0,0.0,0.0,0.0,0.0
2018-03-20 21:45:00-08:00,0.0,0.0,0.0,0.0,0.0
2018-03-20 22:00:00-08:00,0.0,0.0,0.0,0.0,0.0
2018-03-20 22:15:00-08:00,0.0,0.0,0.0,0.0,0.0
2018-03-20 22:30:00-08:00,0.0,0.0,0.0,0.0,0.0
2018-03-20 22:45:00-08:00,0.0,0.0,0.0,0.0,0.0
2018-03-20 23:00:00-08:00,0.0,0.0,0.0,0.0,0.0
2018-03-20 23:15:00-08:00,0.0,0.0,0.0,0.0,0.0
2018-03-20 23:30:00-08:00,0.0,0.0,0.0,0.0,0.0
2018-03-20 23:45:00-08:00,0.0,0.0,0.0,0.0,0.0
2018-03-21 00:00:00-08:00,0.0,0.0,0.0,0.0,0.0
2018-03-21 00:15:00-08:00,0.0,0.0,0.0,0.0,0.0
2018-03-21 00:30:00-08:00,0.0,0.0,0.0,0.0,0.0
2018-03-21 00:45:00-08:00,0.0,0.0,0.0,0.0,0.0
2018-03-21 01:00:00-08:00,0.0,0.0,0.0,0.0,0.0
2018-03-21 01:15:00-08:00,0.0,0.0,0.0,0.0,0.0
2018-03-21 01:30:00-08:00,0.0,0.0,0.0,0.0,0.0
2018-03-21 01:45:00-08:00,0.0,0.0,0.0,0.0,0.0
2018-03-21 02:00:00-08:00,0.0,0.0,0.0,0.0,0.0
2018-03-21 02:15:00-08:00,0.0,0.0,0.0,0.0,0.0
2018-03-21 02:30:00-08:00,0.0,0.0,0.0,0.0,0.0
2018-03-21 02:45:00-08:00,0.0,0.0,0.0,0.0,0.0
2018-03-21 03:00:00-08:00,0.0,0.0,0.0,0.0,0.0
2018-03-21 03:15:00-08:00,0.0,0.0,0.0,0.0,0.0
2018-03-21 03:30:00-08:00,0.0,0.0,0.0,0.0,0.0
2018-03-21 03:45:00-08:00,0.0,0.0,0.0,0.0,0.0
2018-03-21 04:00:00-08:00,0.0,0.0,0.0,0.0,0.0
2018-03-21 04:15:00-08:00,0.0,0.0,0.0,0.0,0.0
2018-03-21 04:30:00-08:00,0.0,0.0,0.0,0.0,0.0
2018-03-21 04:45:00-08:00,0.0,0.0,0.0,0.0,0.0
2018-03-21 05:00:00-08:00,0.0,0.0,0.0,0.0,0.0
2018-03-21 05:15:00-08:00,0.0,0.0,0.0,0.0,0.0
2018-03-21 05:30:00-08:00,0.0,0.0,0.0,0.0,0.0
2018-03-21 05:45:00-08:00,0.0,0.0,0.0,0.0,0.0
2018-03-21 06:00:00-08:00,0.0,0.0,0.0,0.0,0.0
2018-03-21 06:15:00-08:00,0.0,0.4023867,0.73653543,0.7083107,0.119291455
2018-03-21 06:30:00-08:00,0.1634842332666666,0.0,0.76958674,0.52426785,0.1387678
2018-03-21 06:45:00-08:00,0.7581113771333332,0.0,0.76947105,0.4793175,0.15736143
2018-03-21 07:00:00-08:00,1.1530163773333333,0.6702981,0.86562455,0.4148987,0.17313936
2018-03-21 07:15:00-08:00,1.853392835666667,0.768742,0.811721,0.35043994,0.19709395
2018-03-21 07:30:00-08:00,2.6510240427333334,1.4314313,0.79212403,0.33948648,0.20230496
2018-03-21 07:45:00-08:00,3.4558059106666668,0.0,0.78989136,0.46661276,0.2178826
2018-03-21 08:00:00-08:00,3.1907965148666664,2.6398425,0.8611299,0.604621,0.21055618
2018-03-21 08:15:00-08:00,2.2997381808,2.3917212,1.0395422,0.85505533,0.22000717
2018-03-21 08:30:00-08:00,2.4785144882,3.2371216,1.1543067,1.0528312,0.2257173
2018-03-21 08:45:00-08:00,3.1176865,4.5965033,1.2577194,1.5168004,0.23038685
2018-03-21 09:00:00-08:00,3.3992487166000003,4.0323253,1.5917099,1.9980394,0.23195158
2018-03-21 09:15:00-08:00,2.308541425,2.7712936,1.712579,2.4653184,0.23762704
2018-03-21 09:30:00-08:00,2.7317769594,1.9652479,1.9715779,3.0672135,0.24221295
2018-03-21 09:45:00-08:00,2.1987701951333336,3.8606167,2.3997562,3.778288,0.24988332
2018-03-21 10:00:00-08:00,2.496373300933333,3.8764386,2.5296133,4.512293,0.25710878
2018-03-21 10:15:00-08:00,2.7560812033999995,5.685704,2.9245067,5.1771474,0.25557035
2018-03-21 10:30:00-08:00,3.4853608354000003,9.487631,3.203883,5.867629,0.25485855
2018-03-21 10:45:00-08:00,2.703267807933333,14.05652,3.4260085,6.4346304,0.2592749
2018-03-21 11:00:00-08:00,2.6785208684666664,10.359763,3.8916886,7.02273,0.26586375
2018-03-21 11:15:00-08:00,5.5507938755333335,7.357005,4.427226,7.3398185,0.2636003
2018-03-21 11:30:00-08:00,6.2800123356,11.740355,4.8507233,7.6494923,0.28024966
2018-03-21 11:45:00-08:00,5.739345296733333,11.043919,5.118866,7.935425,0.28688118
2018-03-21 12:00:00-08:00,6.255976124266667,13.658016,5.6893907,8.10836,0.28316694
2018-03-21 12:15:00-08:00,4.4529225984666665,12.39345,5.9523997,8.228188,0.28792277
2018-03-21 12:30:00-08:00,5.509069055,9.705004,6.298252,8.512564,0.27881837
2018-03-21 12:45:00-08:00,7.3752976444,9.700302,6.2088757,8.583452,0.27702406
2018-03-21 13:00:00-08:00,6.755440599666667,4.834009,6.1337223,8.7282295,0.26893282
2018-03-21 13:15:00-08:00,5.9945841026,7.6657343,5.8665,8.608442,0.26751703
2018-03-21 13:30:00-08:00,8.337549459,8.527126,5.5181727,8.6430025,0.25943622
2018-03-21 13:45:00-08:00,10.7586795686,5.909683,5.1053543,8.430711,0.2560315
2018-03-21 14:00:00-08:00,12.160925601733332,9.853525,4.553349,8.237964,0.25094727
2018-03-21 14:15:00-08:00,14.367838874,7.1892996,3.96812,7.908163,0.24358648
2018-03-21 14:30:00-08:00,15.408175583999999,2.1299806,3.4607327,7.3965826,0.24058329
2018-03-21 14:45:00-08:00,13.131876143933336,4.2968507,2.9542632,6.8899755,0.246582
2018-03-21 15:00:00-08:00,9.043743393,4.75348,2.5001016,6.4086385,0.24588999
2018-03-21 15:15:00-08:00,9.976174664666669,5.3236485,2.0613182,5.8659754,0.24939674
2018-03-21 15:30:00-08:00,8.5575186396,2.067475,1.6112828,5.310712,0.22830462
2018-03-21 15:45:00-08:00,5.4207577104,0.0,1.1870155,4.7159023,0.21339795
2018-03-21 16:00:00-08:00,4.174995205199999,1.7319632,0.82842577,4.2492867,0.20858686
2018-03-21 16:15:00-08:00,4.582131453733333,1.3818893,0.4374194,3.6474702,0.21422213
2018-03-21 16:30:00-08:00,3.4007916887999996,2.085995,0.29444653,3.204739,0.21264842
2018-03-21 16:45:00-08:00,2.8417002982,0.98163164,0.039030153,2.7211165,0.22017793
2018-03-21 17:00:00-08:00,1.7007148022,2.8044696,0.0,2.4069958,0.21520108
2018-03-21 17:15:00-08:00,1.045210472,1.1276829,0.0,2.0166454,0.20067094
2018-03-21 17:30:00-08:00,0.3641564178,0.8618486,0.0,1.7841299,0.19477884
2018-03-21 17:45:00-08:00,0.0126723911333333,0.55573744,0.0,1.5986978,0.18251947
2018-03-21 18:00:00-08:00,0.0,0.23847462,0.0,1.4959091,0.15158248
2018-03-21 18:15:00-08:00,0.0,0.0,0.016814103,1.3796866,0.11566359
2018-03-21 18:30:00-08:00,0.0,0.0,0.0,0.0,0.0
2018-03-21 18:45:00-08:00,0.0,0.0,0.0,0.0,0.0
2018-03-21 19:00:00-08:00,0.0,0.0,0.0,0.0,0.0
2018-03-21 19:15:00-08:00,0.0,0.0,0.0,0.0,0.0
2018-03-21 19:30:00-08:00,0.0,0.0,0.0,0.0,0.0
2018-03-21 19:45:00-08:00,0.0,0.0,0.0,0.0,0.0
2018-03-21 20:00:00-08:00,0.0,0.0,0.0,0.0,0.0
2018-03-21 20:15:00-08:00,0.0,0.0,0.0,0.0,0.0
2018-03-21 20:30:00-08:00,0.0,0.0,0.0,0.0,0.0
2018-03-21 20:45:00-08:00,0.0,0.0,0.0,0.0,0.0
2018-03-21 21:00:00-08:00,0.0,0.0,0.0,0.0,0.0
2018-03-21 21:15:00-08:00,0.0,0.0,0.0,0.0,0.0
2018-03-21 21:30:00-08:00,0.0,0.0,0.0,0.0,0.0
2018-03-21 21:45:00-08:00,0.0,0.0,0.0,0.0,0.0
2018-03-21 22:00:00-08:00,0.0,0.0,0.0,0.0,0.0
2018-03-21 22:15:00-08:00,0.0,0.0,0.0,0.0,0.0
2018-03-21 22:30:00-08:00,0.0,0.0,0.0,0.0,0.0
2018-03-21 22:45:00-08:00,0.0,0.0,0.0,0.0,0.0
2018-03-21 23:00:00-08:00,0.0,0.0,0.0,0.0,0.0
2018-03-21 23:15:00-08:00,0.0,0.0,0.0,0.0,0.0
2018-03-21 23:30:00-08:00,0.0,0.0,0.0,0.0,0.0
2018-03-21 23:45:00-08:00,0.0,0.0,0.0,0.0,0.0
2018-03-22 00:00:00-08:00,0.0,0.0,0.0,0.0,0.0
2018-03-22 00:15:00-08:00,0.0,0.0,0.0,0.0,0.0
2018-03-22 00:30:00-08:00,0.0,0.0,0.0,0.0,0.0
2018-03-22 00:45:00-08:00,0.0,0.0,0.0,0.0,0.0
2018-03-22 01:00:00-08:00,0.0,0.0,0.0,0.0,0.0
2018-03-22 01:15:00-08:00,0.0,0.0,0.0,0.0,0.0
2018-03-22 01:30:00-08:00,0.0,0.0,0.0,0.0,0.0
2018-03-22 01:45:00-08:00,0.0,0.0,0.0,0.0,0.0
2018-03-22 02:00:00-08:00,0.0,0.0,0.0,0.0,0.0
2018-03-22 02:15:00-08:00,0.0,0.0,0.0,0.0,0.0
2018-03-22 02:30:00-08:00,0.0,0.0,0.0,0.0,0.0
2018-03-22 02:45:00-08:00,0.0,0.0,0.0,0.0,0.0
2018-03-22 03:00:00-08:00,0.0,0.0,0.0,0.0,0.0
2018-03-22 03:15:00-08:00,0.0,0.0,0.0,0.0,0.0
2018-03-22 03:30:00-08:00,0.0,0.0,0.0,0.0,0.0
2018-03-22 03:45:00-08:00,0.0,0.0,0.0,0.0,0.0
2018-03-22 04:00:00-08:00,0.0,0.0,0.0,0.0,0.0
2018-03-22 04:15:00-08:00,0.0,0.0,0.0,0.0,0.0
2018-03-22 04:30:00-08:00,0.0,0.0,0.0,0.0,0.0
2018-03-22 04:45:00-08:00,0.0,0.0,0.0,0.0,0.0
2018-03-22 05:00:00-08:00,0.0,0.0,0.0,0.0,0.0
2018-03-22 05:15:00-08:00,0.0,0.0,0.0,0.0,0.0
2018-03-22 05:30:00-08:00,0.0,0.0,0.0,0.0,0.0
2018-03-22 05:45:00-08:00,0.0,0.0,0.0,0.0,0.0
2018-03-22 06:00:00-08:00,0.0,0.0,0.0,0.0,0.0
2018-03-22 06:15:00-08:00,0.0,0.3152349,1.3989426,0.7271034,0.13525207
2018-03-22 06:30:00-08:00,0.0,0.48309922,1.5518034,0.8960261,0.18539843
2018-03-22 06:45:00-08:00,0.0,0.05997274,1.774612,0.9143473,0.21569051
2018-03-22 07:00:00-08:00,0.43196200739999985,0.91596293,2.0709364,1.0487075,0.2427147
2018-03-22 07:15:00-08:00,0.6396920562666667,0.2528274,1.9590229,1.2024612,0.2642393
2018-03-22 07:30:00-08:00,0.7102119539333334,1.5568135,2.1260872,1.4559978,0.2798341
2018-03-22 07:45:00-08:00,1.990358799533333,1.9517164,2.1330125,1.883331,0.30428758
2018-03-22 08:00:00-08:00,3.1276165349333334,3.491003,2.345427,2.3214648,0.3160434
2018-03-22 08:15:00-08:00,3.9522463258,4.0005865,2.4707415,2.913854,0.32585186
2018-03-22 08:30:00-08:00,2.7225031494666667,2.2839305,2.1765485,3.7324884,0.33465412
2018-03-22 08:45:00-08:00,7.8000477772,2.9943204,2.3821344,4.6179976,0.346324
2018-03-22 09:00:00-08:00,10.066783788,2.727979,2.3996556,5.509591,0.35754988
2018-03-22 09:15:00-08:00,11.116794140399998,3.9648063,2.3197405,6.5914464,0.35982895
2018-03-22 09:30:00-08:00,16.773256803666666,6.780326,2.5603113,7.5988555,0.36792022
2018-03-22 09:45:00-08:00,18.502262842666667,4.9960146,2.5505593,8.906984,0.3736987
2018-03-22 10:00:00-08:00,8.574936924666668,10.777238,2.8534794,10.097652,0.38486686
2018-03-22 10:15:00-08:00,4.322116887666667,8.081902,3.4730997,11.170523,0.38316956
2018-03-22 10:30:00-08:00,2.085027983933333,12.889265,3.6682673,12.311438,0.3792066
2018-03-22 10:45:00-08:00,2.3552439288,11.223635,3.7106237,13.353825,0.3709075
2018-03-22 11:00:00-08:00,8.606566926866668,8.936207,4.045889,14.410555,0.3713983
2018-03-22 11:15:00-08:00,14.427419178666666,15.336328,4.2226086,15.344147,0.37549567
2018-03-22 11:30:00-08:00,11.273613751066668,10.380745,4.247401,16.031143,0.38799435
2018-03-22 11:45:00-08:00,8.237425695,13.62253,4.1690197,16.768858,0.38958576
2018-03-22 12:00:00-08:00,11.592679122200002,12.420643,4.393918,17.450855,0.388763
2018-03-22 12:15:00-08:00,22.741994619333337,11.786563,4.349905,17.926834,0.39850873
2018-03-22 12:30:00-08:00,25.44709832,14.717623,4.4806366,18.446365,0.39977193
2018-03-22 12:45:00-08:00,28.42429906,9.915037,4.750087,19.053743,0.40894073
2018-03-22 13:00:00-08:00,22.92425388,20.236475,5.1294813,19.381111,0.41947728
2018-03-22 13:15:00-08:00,18.30617393333333,13.455666,6.078744,19.532661,0.43459058
2018-03-22 13:30:00-08:00,24.24197534066667,12.780925,6.7101355,19.754732,0.43935022
2018-03-22 13:45:00-08:00,24.214051671999997,15.585986,7.6050982,19.813976,0.44773552
2018-03-22 14:00:00-08:00,22.959558798666663,18.710464,8.256807,19.772457,0.46822494
2018-03-22 14:15:00-08:00,25.17564026533333,11.948904,8.936459,19.442421,0.47637808
2018-03-22 14:30:00-08:00,24.512320148666664,7.523587,9.615326,19.035315,0.494668
2018-03-22 14:45:00-08:00,22.11243766626667,8.448935,10.18323,18.562529,0.50758725
2018-03-22 15:00:00-08:00,18.75103969866667,10.4234495,10.605971,17.70327,0.5113096
2018-03-22 15:15:00-08:00,19.3525174256,11.104829,10.718227,16.99087,0.52345407
2018-03-22 15:30:00-08:00,17.560726686466666,11.326268,10.609687,15.985142,0.5143375
2018-03-22 15:45:00-08:00,17.809570449333332,11.743717,9.949698,15.0098915,0.51764214
2018-03-22 16:00:00-08:00,14.620489806866669,9.830815,9.372061,13.89716,0.5273783
2018-03-22 16:15:00-08:00,14.541671373333337,5.7657614,8.10117,12.565004,0.54611933
2018-03-22 16:30:00-08:00,10.142676608666669,8.994267,7.0950108,11.200026,0.55568755
2018-03-22 16:45:00-08:00,8.567094160733333,3.9821672,6.0834637,9.993225,0.56717956
2018-03-22 17:00:00-08:00,7.981287224666666,2.8280323,4.996052,8.515248,0.5621025
2018-03-22 17:15:00-08:00,5.756456765133334,3.7087817,3.7387052,7.0587573,0.5303731
2018-03-22 17:30:00-08:00,3.2702568620666668,4.1806707,2.6626637,5.6967278,0.5005123
2018-03-22 17:45:00-08:00,1.0001657948,2.7433298,1.7634678,4.413534,0.44586316
2018-03-22 18:00:00-08:00,0.0406136928,0.0,1.1067909,3.3557281,0.38114306
2018-03-22 18:15:00-08:00,0.0,0.021328188,0.9311861,2.3637981,0.3178051
2018-03-22 18:30:00-08:00,0.0,0.0,0.0,0.0,0.0
2018-03-22 18:45:00-08:00,0.0,0.0,0.0,0.0,0.0
2018-03-22 19:00:00-08:00,0.0,0.0,0.0,0.0,0.0
2018-03-22 19:15:00-08:00,0.0,0.0,0.0,0.0,0.0
2018-03-22 19:30:00-08:00,0.0,0.0,0.0,0.0,0.0
2018-03-22 19:45:00-08:00,0.0,0.0,0.0,0.0,0.0
2018-03-22 20:00:00-08:00,0.0,0.0,0.0,0.0,0.0
2018-03-22 20:15:00-08:00,0.0,0.0,0.0,0.0,0.0
2018-03-22 20:30:00-08:00,0.0,0.0,0.0,0.0,0.0
2018-03-22 20:45:00-08:00,0.0,0.0,0.0,0.0,0.0
2018-03-22 21:00:00-08:00,0.0,0.0,0.0,0.0,0.0
2018-03-22 21:15:00-08:00,0.0,0.0,0.0,0.0,0.0
2018-03-22 21:30:00-08:00,0.0,0.0,0.0,0.0,0.0
2018-03-22 21:45:00-08:00,0.0,0.0,0.0,0.0,0.0
2018-03-22 22:00:00-08:00,0.0,0.0,0.0,0.0,0.0
2018-03-22 22:15:00-08:00,0.0,0.0,0.0,0.0,0.0
2018-03-22 22:30:00-08:00,0.0,0.0,0.0,0.0,0.0
2018-03-22 22:45:00-08:00,0.0,0.0,0.0,0.0,0.0
2018-03-22 23:00:00-08:00,0.0,0.0,0.0,0.0,0.0
2018-03-22 23:15:00-08:00,0.0,0.0,0.0,0.0,0.0
2018-03-22 23:30:00-08:00,0.0,0.0,0.0,0.0,0.0
2018-03-22 23:45:00-08:00,0.0,0.0,0.0,0.0,0.0
2018-03-23 00:00:00-08:00,0.0,0.0,0.0,0.0,0.0
2018-03-23 00:15:00-08:00,0.0,0.0,0.0,0.0,0.0
2018-03-23 00:30:00-08:00,0.0,0.0,0.0,0.0,0.0
2018-03-23 00:45:00-08:00,0.0,0.0,0.0,0.0,0.0
2018-03-23 01:00:00-08:00,0.0,0.0,0.0,0.0,0.0
2018-03-23 01:15:00-08:00,0.0,0.0,0.0,0.0,0.0
2018-03-23 01:30:00-08:00,0.0,0.0,0.0,0.0,0.0
2018-03-23 01:45:00-08:00,0.0,0.0,0.0,0.0,0.0
2018-03-23 02:00:00-08:00,0.0,0.0,0.0,0.0,0.0
2018-03-23 02:15:00-08:00,0.0,0.0,0.0,0.0,0.0
2018-03-23 02:30:00-08:00,0.0,0.0,0.0,0.0,0.0
2018-03-23 02:45:00-08:00,0.0,0.0,0.0,0.0,0.0
2018-03-23 03:00:00-08:00,0.0,0.0,0.0,0.0,0.0
2018-03-23 03:15:00-08:00,0.0,0.0,0.0,0.0,0.0
2018-03-23 03:30:00-08:00,0.0,0.0,0.0,0.0,0.0
2018-03-23 03:45:00-08:00,0.0,0.0,0.0,0.0,0.0
2018-03-23 04:00:00-08:00,0.0,0.0,0.0,0.0,0.0
2018-03-23 04:15:00-08:00,0.0,0.0,0.0,0.0,0.0
2018-03-23 04:30:00-08:00,0.0,0.0,0.0,0.0,0.0
2018-03-23 04:45:00-08:00,0.0,0.0,0.0,0.0,0.0
2018-03-23 05:00:00-08:00,0.0,0.0,0.0,0.0,0.0
2018-03-23 05:15:00-08:00,0.0,0.0,0.0,0.0,0.0
2018-03-23 05:30:00-08:00,0.0,0.0,0.0,0.0,0.0
2018-03-23 05:45:00-08:00,0.0,0.0,0.0,0.0,0.0
2018-03-23 06:00:00-08:00,0.0,0.0,0.0,0.0,0.0
2018-03-23 06:15:00-08:00,0.013475168799999998,0.17267166,0.0,0.0,0.26560873
2018-03-23 06:30:00-08:00,0.2827346189333333,0.0,0.44770676,0.0,0.36858052
2018-03-23 06:45:00-08:00,0.8643712184666666,0.6470706,1.4285767,0.38691518,0.44284678
2018-03-23 07:00:00-08:00,1.9213467208666668,2.318861,2.7062252,0.995624,0.51998574
2018-03-23 07:15:00-08:00,3.383662996133333,2.3484983,4.1836314,1.8192718,0.5772608
2018-03-23 07:30:00-08:00,5.1329596181333335,4.4335413,5.7600393,2.8359451,0.632714
2018-03-23 07:45:00-08:00,7.261398796266667,6.4760027,7.533435,4.0507145,0.6896875
2018-03-23 08:00:00-08:00,9.334019947733331,7.469284,9.391926,5.335108,0.72210497
2018-03-23 08:15:00-08:00,11.237630555333334,8.860996,11.185697,6.7463503,0.74934494
2018-03-23 08:30:00-08:00,12.987348734,8.725375,12.632106,8.152088,0.763482
2018-03-23 08:45:00-08:00,14.663937399333332,11.219475,14.038267,9.707716,0.78006554
2018-03-23 09:00:00-08:00,16.245906385999998,13.096823,14.993713,11.189156,0.7908386
2018-03-23 09:15:00-08:00,18.187171485333334,14.728579,15.564627,12.567923,0.7800188
2018-03-23 09:30:00-08:00,20.634161782,16.15957,15.990412,13.840466,0.7701491
2018-03-23 09:45:00-08:00,15.915014702066662,16.473824,16.302032,15.228026,0.76384413
2018-03-23 10:00:00-08:00,19.11079300853333,17.529232,16.182476,16.385744,0.76078874
2018-03-23 10:15:00-08:00,12.028656267533332,17.235823,16.361437,17.289488,0.7407069
2018-03-23 10:30:00-08:00,11.187361741399998,17.178722,16.320444,18.133018,0.7184017
2018-03-23 10:45:00-08:00,28.671898395333333,14.031731,15.950921,18.736374,0.70314133
2018-03-23 11:00:00-08:00,27.90511154666667,18.454336,15.945955,19.361206,0.7123338
2018-03-23 11:15:00-08:00,17.161721039733333,15.393417,15.735342,19.846802,0.70317864
2018-03-23 11:30:00-08:00,19.185154639333334,18.115158,15.710272,20.139107,0.70717
2018-03-23 11:45:00-08:00,26.371436871333334,13.283366,15.287394,20.365978,0.6774476
2018-03-23 12:00:00-08:00,20.043447736666668,16.635935,15.191354,20.613098,0.66065156
2018-03-23 12:15:00-08:00,22.44881239633333,15.927752,15.060816,20.655884,0.66609514
2018-03-23 12:30:00-08:00,16.267546471266666,16.429232,14.843282,20.655676,0.6581015
2018-03-23 12:45:00-08:00,27.624093628666667,12.788454,14.532518,20.590998,0.66168034
2018-03-23 13:00:00-08:00,27.064369315333327,14.45208,14.151063,20.223366,0.6684879
2018-03-23 13:15:00-08:00,24.619956149999997,14.572658,14.036731,19.822016,0.67413855
2018-03-23 13:30:00-08:00,24.408855218,13.63605,13.864759,19.496305,0.6776064
2018-03-23 13:45:00-08:00,24.435606699999997,13.924301,13.693132,18.992582,0.6842774
2018-03-23 14:00:00-08:00,24.889988846,13.662233,13.470369,18.359879,0.69572294
2018-03-23 14:15:00-08:00,24.196930450666663,11.808303,13.4506645,17.54359,0.69391024
2018-03-23 14:30:00-08:00,23.14038240933333,11.644395,13.311718,16.59051,0.7154594
2018-03-23 14:45:00-08:00,22.31625335533333,11.495907,13.031442,15.588894,0.7225555
2018-03-23 15:00:00-08:00,21.249970468666664,11.447071,12.787088,14.2156105,0.7305739
2018-03-23 15:15:00-08:00,20.200424542,11.233976,12.199657,12.902597,0.7243439
2018-03-23 15:30:00-08:00,18.711841018,12.854968,11.325478,11.3971,0.7311462
2018-03-23 15:45:00-08:00,17.126954164,10.767125,10.112537,9.861988,0.7369468
2018-03-23 16:00:00-08:00,15.508633013333332,10.264989,8.837269,8.324811,0.7457874
2018-03-23 16:15:00-08:00,13.884048719999997,7.9705496,7.24723,6.665959,0.76440847
2018-03-23 16:30:00-08:00,11.990129243333334,9.255316,5.7861834,5.14359,0.7495498
2018-03-23 16:45:00-08:00,10.055236655466668,6.3315907,4.403348,3.7921305,0.7341347
2018-03-23 17:00:00-08:00,7.993287753999999,7.225956,3.1299627,2.5889907,0.6924837
2018-03-23 17:15:00-08:00,5.839537334466667,4.124707,1.8793321,1.5010195,0.601427
2018-03-23 17:30:00-08:00,2.1209685480666667,3.345698,0.93537015,0.7206282,0.52823985
2018-03-23 17:45:00-08:00,0.0198547281333333,0.66319096,0.24658415,0.2772889,0.3997576
2018-03-23 18:00:00-08:00,0.0,0.060465746,0.0,0.0,0.27072492
2018-03-23 18:15:00-08:00,0.0,0.6976174,0.0,0.0,0.16485107
2018-03-23 18:30:00-08:00,0.0,0.0,0.0,0.0,0.0
2018-03-23 18:45:00-08:00,0.0,0.0,0.0,0.0,0.0
2018-03-23 19:00:00-08:00,0.0,0.0,0.0,0.0,0.0
2018-03-23 19:15:00-08:00,0.0,0.0,0.0,0.0,0.0
2018-03-23 19:30:00-08:00,0.0,0.0,0.0,0.0,0.0
2018-03-23 19:45:00-08:00,0.0,0.0,0.0,0.0,0.0
2018-03-23 20:00:00-08:00,0.0,0.0,0.0,0.0,0.0
2018-03-23 20:15:00-08:00,0.0,0.0,0.0,0.0,0.0
2018-03-23 20:30:00-08:00,0.0,0.0,0.0,0.0,0.0
2018-03-23 20:45:00-08:00,0.0,0.0,0.0,0.0,0.0
2018-03-23 21:00:00-08:00,0.0,0.0,0.0,0.0,0.0
2018-03-23 21:15:00-08:00,0.0,0.0,0.0,0.0,0.0
2018-03-23 21:30:00-08:00,0.0,0.0,0.0,0.0,0.0
2018-03-23 21:45:00-08:00,0.0,0.0,0.0,0.0,0.0
2018-03-23 22:00:00-08:00,0.0,0.0,0.0,0.0,0.0
2018-03-23 22:15:00-08:00,0.0,0.0,0.0,0.0,0.0
2018-03-23 22:30:00-08:00,0.0,0.0,0.0,0.0,0.0
2018-03-23 22:45:00-08:00,0.0,0.0,0.0,0.0,0.0
2018-03-23 23:00:00-08:00,0.0,0.0,0.0,0.0,0.0
2018-03-23 23:15:00-08:00,0.0,0.0,0.0,0.0,0.0
2018-03-23 23:30:00-08:00,0.0,0.0,0.0,0.0,0.0
2018-03-23 23:45:00-08:00,0.0,0.0,0.0,0.0,0.0
2018-03-24 00:00:00-08:00,0.0,0.0,0.0,0.0,0.0
2018-03-24 00:15:00-08:00,0.0,0.0,0.0,0.0,0.0
2018-03-24 00:30:00-08:00,0.0,0.0,0.0,0.0,0.0
2018-03-24 00:45:00-08:00,0.0,0.0,0.0,0.0,0.0
2018-03-24 01:00:00-08:00,0.0,0.0,0.0,0.0,0.0
2018-03-24 01:15:00-08:00,0.0,0.0,0.0,0.0,0.0
2018-03-24 01:30:00-08:00,0.0,0.0,0.0,0.0,0.0
2018-03-24 01:45:00-08:00,0.0,0.0,0.0,0.0,0.0
2018-03-24 02:00:00-08:00,0.0,0.0,0.0,0.0,0.0
2018-03-24 02:15:00-08:00,0.0,0.0,0.0,0.0,0.0
2018-03-24 02:30:00-08:00,0.0,0.0,0.0,0.0,0.0
2018-03-24 02:45:00-08:00,0.0,0.0,0.0,0.0,0.0
2018-03-24 03:00:00-08:00,0.0,0.0,0.0,0.0,0.0
2018-03-24 03:15:00-08:00,0.0,0.0,0.0,0.0,0.0
2018-03-24 03:30:00-08:00,0.0,0.0,0.0,0.0,0.0
2018-03-24 03:45:00-08:00,0.0,0.0,0.0,0.0,0.0
2018-03-24 04:00:00-08:00,0.0,0.0,0.0,0.0,0.0
2018-03-24 04:15:00-08:00,0.0,0.0,0.0,0.0,0.0
2018-03-24 04:30:00-08:00,0.0,0.0,0.0,0.0,0.0
2018-03-24 04:45:00-08:00,0.0,0.0,0.0,0.0,0.0
2018-03-24 05:00:00-08:00,0.0,0.0,0.0,0.0,0.0
2018-03-24 05:15:00-08:00,0.0,0.0,0.0,0.0,0.0
2018-03-24 05:30:00-08:00,0.0,0.0,0.0,0.0,0.0
2018-03-24 05:45:00-08:00,0.0,0.0,0.0,0.0,0.0
2018-03-24 06:00:00-08:00,0.0,0.0,0.0,0.0,0.0
2018-03-24 06:15:00-08:00,0.0,0.12222851,0.0,0.3003407,0.17391028
2018-03-24 06:30:00-08:00,0.0039121681333333,0.7503457,0.0,0.28484988,0.24792683
2018-03-24 06:45:00-08:00,0.2800552185333333,0.5654834,0.012421891,0.32476228,0.30427897
2018-03-24 07:00:00-08:00,0.7920891280000001,2.2315996,0.79373,0.47878158,0.36633384
2018-03-24 07:15:00-08:00,2.2763449198666668,2.5772047,1.5015645,0.80254376,0.42333162
2018-03-24 07:30:00-08:00,4.6756423362,2.8212454,2.4068453,1.2909997,0.47375083
2018-03-24 07:45:00-08:00,6.798116512333333,4.4047637,3.6716287,1.9668624,0.5297749
2018-03-24 08:00:00-08:00,10.122631137133332,5.6453643,5.0639668,2.7816036,0.56336415
2018-03-24 08:15:00-08:00,7.772979567733333,7.4605293,6.5594544,3.7676554,0.5986752
2018-03-24 08:30:00-08:00,3.916220643666666,6.721078,8.000045,4.741338,0.6182399
2018-03-24 08:45:00-08:00,3.4367166632,8.642698,9.496633,5.8914404,0.64577127
2018-03-24 09:00:00-08:00,4.907749412933334,12.919102,10.725595,7.0332146,0.66611475
2018-03-24 09:15:00-08:00,8.141625100933334,11.583196,11.661543,8.291729,0.6699433
2018-03-24 09:30:00-08:00,8.795952180266667,3.788453,12.549606,9.387396,0.672518
2018-03-24 09:45:00-08:00,7.803366211999999,12.138645,13.398289,10.729332,0.67986095
2018-03-24 10:00:00-08:00,10.051975507866668,14.097807,13.645182,11.931272,0.685457
2018-03-24 10:15:00-08:00,14.899822476533332,15.5377445,14.278404,12.993336,0.6744073
2018-03-24 10:30:00-08:00,14.5793610534,9.120138,14.807499,14.037956,0.66031593
2018-03-24 10:45:00-08:00,21.440945686533336,9.514164,14.878238,14.948975,0.6500089
2018-03-24 11:00:00-08:00,15.311023010066668,12.597427,15.322623,15.721064,0.6553916
2018-03-24 11:15:00-08:00,14.563268211933334,9.008684,15.658531,16.329403,0.6480482
2018-03-24 11:30:00-08:00,27.33057425293333,15.220875,16.048552,16.813698,0.65990484
2018-03-24 11:45:00-08:00,26.97456743333333,13.98482,15.953865,17.108513,0.6405411
2018-03-24 12:00:00-08:00,27.174371972666663,17.656576,16.262806,17.384895,0.629583
2018-03-24 12:15:00-08:00,26.864555532,15.931432,16.447971,17.398798,0.63588166
2018-03-24 12:30:00-08:00,27.19090466333333,18.114117,16.585817,17.344444,0.6275934
2018-03-24 12:45:00-08:00,27.828113474,18.47481,16.659,17.1212,0.63126963
2018-03-24 13:00:00-08:00,26.72812073933333,13.424326,16.559128,16.653725,0.6370356
2018-03-24 13:15:00-08:00,27.531795099333333,8.886463,16.79221,16.148022,0.64438426
2018-03-24 13:30:00-08:00,19.5574019738,10.028494,16.889147,15.696267,0.6464577
2018-03-24 13:45:00-08:00,22.5933319338,12.234369,16.956324,15.088514,0.650265
2018-03-24 14:00:00-08:00,21.23504660833333,12.201828,17.018261,14.33387,0.6628064
2018-03-24 14:15:00-08:00,11.325542825533333,6.9613485,17.071354,13.511482,0.656512
2018-03-24 14:30:00-08:00,14.740664167333334,7.283165,16.897291,12.588543,0.6761119
2018-03-24 14:45:00-08:00,20.37335350893333,8.385779,16.64143,11.607745,0.678445
2018-03-24 15:00:00-08:00,22.503894041333336,11.187589,16.220407,10.391748,0.68052626
2018-03-24 15:15:00-08:00,21.63715555,12.39808,15.457682,9.250154,0.6758884
2018-03-24 15:30:00-08:00,20.240783744,9.126611,14.31485,7.99127,0.6796012
2018-03-24 15:45:00-08:00,18.619096486133333,10.488784,12.793113,6.794998,0.68518287
2018-03-24 16:00:00-08:00,17.270282496,11.561012,11.05328,5.602109,0.696767
2018-03-24 16:15:00-08:00,12.345581724333334,8.959344,9.125541,4.413031,0.72055024
2018-03-24 16:30:00-08:00,9.794908609933334,8.083427,7.2856684,3.3419816,0.7191354
2018-03-24 16:45:00-08:00,10.352532411466669,5.536256,5.5972834,2.446583,0.7144574
2018-03-24 17:00:00-08:00,6.597556152866666,5.7998037,4.085774,1.6073327,0.6787699
2018-03-24 17:15:00-08:00,5.9466662472,5.111567,2.575041,0.92739093,0.5965537
2018-03-24 17:30:00-08:00,3.636942491733333,2.9391122,1.3960031,0.53169525,0.51924044
2018-03-24 17:45:00-08:00,0.21484241199999998,1.3021555,0.5571964,0.33594552,0.3844341
2018-03-24 18:00:00-08:00,0.0,0.24134323,0.016094044,0.22417492,0.24880417
2018-03-24 18:15:00-08:00,0.0,0.09587708,0.0,0.19891244,0.13243069
2018-03-24 18:30:00-08:00,0.0,0.0,0.0,0.23655441,0.044844825
2018-03-24 18:45:00-08:00,0.0,0.0,0.0,0.0,0.0
2018-03-24 19:00:00-08:00,0.0,0.0,0.0,0.0,0.0
2018-03-24 19:15:00-08:00,0.0,0.0,0.0,0.0,0.0
2018-03-24 19:30:00-08:00,0.0,0.0,0.0,0.0,0.0
2018-03-24 19:45:00-08:00,0.0,0.0,0.0,0.0,0.0
2018-03-24 20:00:00-08:00,0.0,0.0,0.0,0.0,0.0
2018-03-24 20:15:00-08:00,0.0,0.0,0.0,0.0,0.0
2018-03-24 20:30:00-08:00,0.0,0.0,0.0,0.0,0.0
2018-03-24 20:45:00-08:00,0.0,0.0,0.0,0.0,0.0
2018-03-24 21:00:00-08:00,0.0,0.0,0.0,0.0,0.0
2018-03-24 21:15:00-08:00,0.0,0.0,0.0,0.0,0.0
2018-03-24 21:30:00-08:00,0.0,0.0,0.0,0.0,0.0
2018-03-24 21:45:00-08:00,0.0,0.0,0.0,0.0,0.0
2018-03-24 22:00:00-08:00,0.0,0.0,0.0,0.0,0.0
2018-03-24 22:15:00-08:00,0.0,0.0,0.0,0.0,0.0
2018-03-24 22:30:00-08:00,0.0,0.0,0.0,0.0,0.0
2018-03-24 22:45:00-08:00,0.0,0.0,0.0,0.0,0.0
2018-03-24 23:00:00-08:00,0.0,0.0,0.0,0.0,0.0
2018-03-24 23:15:00-08:00,0.0,0.0,0.0,0.0,0.0
2018-03-24 23:30:00-08:00,0.0,0.0,0.0,0.0,0.0
2018-03-24 23:45:00-08:00,0.0,0.0,0.0,0.0,0.0
2018-03-25 00:00:00-08:00,0.0,0.0,0.0,0.0,0.0
2018-03-25 00:15:00-08:00,0.0,0.0,0.0,0.0,0.0
2018-03-25 00:30:00-08:00,0.0,0.0,0.0,0.0,0.0
2018-03-25 00:45:00-08:00,0.0,0.0,0.0,0.0,0.0
2018-03-25 01:00:00-08:00,0.0,0.0,0.0,0.0,0.0
2018-03-25 01:15:00-08:00,0.0,0.0,0.0,0.0,0.0
2018-03-25 01:30:00-08:00,0.0,0.0,0.0,0.0,0.0
2018-03-25 01:45:00-08:00,0.0,0.0,0.0,0.0,0.0
2018-03-25 02:00:00-08:00,0.0,0.0,0.0,0.0,0.0
2018-03-25 02:15:00-08:00,0.0,0.0,0.0,0.0,0.0
2018-03-25 02:30:00-08:00,0.0,0.0,0.0,0.0,0.0
2018-03-25 02:45:00-08:00,0.0,0.0,0.0,0.0,0.0
2018-03-25 03:00:00-08:00,0.0,0.0,0.0,0.0,0.0
2018-03-25 03:15:00-08:00,0.0,0.0,0.0,0.0,0.0
2018-03-25 03:30:00-08:00,0.0,0.0,0.0,0.0,0.0
2018-03-25 03:45:00-08:00,0.0,0.0,0.0,0.0,0.0
2018-03-25 04:00:00-08:00,0.0,0.0,0.0,0.0,0.0
2018-03-25 04:15:00-08:00,0.0,0.0,0.0,0.0,0.0
2018-03-25 04:30:00-08:00,0.0,0.0,0.0,0.0,0.0
2018-03-25 04:45:00-08:00,0.0,0.0,0.0,0.0,0.0
2018-03-25 05:00:00-08:00,0.0,0.0,0.0,0.0,0.0
2018-03-25 05:15:00-08:00,0.0,0.0,0.0,0.0,0.0
2018-03-25 05:30:00-08:00,0.0,0.0,0.0,0.0,0.0
2018-03-25 05:45:00-08:00,0.0,0.0,0.0,0.0,0.0
2018-03-25 06:00:00-08:00,0.0389271121333333,0.3342198,0.0,0.28044894,0.12795734
2018-03-25 06:15:00-08:00,0.6780537747333333,0.0,0.0,0.5334522,0.17756896
2018-03-25 06:30:00-08:00,0.48530296199999995,0.26380044,0.17409115,1.1062927,0.29263768
2018-03-25 06:45:00-08:00,0.7652752735333331,0.8773384,0.7094877,1.8687439,0.37407082
2018-03-25 07:00:00-08:00,1.1015418006000002,2.1303077,1.6973044,2.7669873,0.46060514
2018-03-25 07:15:00-08:00,3.6321820968,2.6455626,2.6661568,3.8623457,0.52731216
2018-03-25 07:30:00-08:00,5.666004479200001,4.221353,3.8130126,5.1005993,0.59782565
2018-03-25 07:45:00-08:00,9.0808118804,6.308657,5.3722944,6.5388994,0.6727482
2018-03-25 08:00:00-08:00,8.643848739400001,6.9591246,7.033594,7.8768296,0.72223014
2018-03-25 08:15:00-08:00,11.329731703133334,7.030914,8.91022,9.248489,0.76215625
2018-03-25 08:30:00-08:00,12.632961887,8.56635,10.624685,10.651973,0.7856966
2018-03-25 08:45:00-08:00,15.268760245333334,8.468942,12.370775,12.057961,0.8152652
2018-03-25 09:00:00-08:00,12.3485737746,8.885544,13.880821,13.394291,0.8363322
2018-03-25 09:15:00-08:00,11.5981341216,9.849551,15.071028,14.640298,0.82902324
2018-03-25 09:30:00-08:00,16.801313314,9.843382,16.035698,15.7320595,0.82747936
2018-03-25 09:45:00-08:00,10.2942648174,13.155354,16.946177,17.001455,0.82602644
2018-03-25 10:00:00-08:00,12.954806610466669,14.007881,17.204222,18.06725,0.82513344
2018-03-25 10:15:00-08:00,9.1984110324,19.07332,17.766537,18.873796,0.8062303
2018-03-25 10:30:00-08:00,25.42763581466667,18.741903,18.09484,19.634794,0.7814797
2018-03-25 10:45:00-08:00,22.4499746876,19.703615,17.89192,20.21931,0.76081157
2018-03-25 11:00:00-08:00,16.907419608466668,15.659451,18.064398,20.881226,0.76628864
2018-03-25 11:15:00-08:00,18.290792782866667,15.195885,17.999859,21.387089,0.7575395
2018-03-25 11:30:00-08:00,6.908231552866666,18.555834,18.089306,21.58837,0.7632054
2018-03-25 11:45:00-08:00,22.092312400266668,20.606897,17.772621,21.792713,0.7306491
2018-03-25 12:00:00-08:00,21.03159906493333,8.74781,17.821487,22.078527,0.70744187
2018-03-25 12:15:00-08:00,16.738258593866668,12.36314,17.842194,22.050014,0.7148447
2018-03-25 12:30:00-08:00,26.3058940968,16.968506,17.826366,21.995544,0.7120682
2018-03-25 12:45:00-08:00,27.47659475333333,19.010284,17.58825,22.001915,0.72048724
2018-03-25 13:00:00-08:00,10.891747750333332,15.116951,17.333431,21.607214,0.73535955
2018-03-25 13:15:00-08:00,19.294619881666662,14.152302,17.36029,21.304531,0.74901074
2018-03-25 13:30:00-08:00,11.4841716732,14.491497,17.23944,21.049452,0.7588481
2018-03-25 13:45:00-08:00,20.618020797266663,11.047363,17.043058,20.610039,0.7704061
2018-03-25 14:00:00-08:00,16.879759343733333,17.216007,16.814056,20.109991,0.79145515
2018-03-25 14:15:00-08:00,25.125312384666667,14.3967285,16.772926,19.389248,0.7982434
2018-03-25 14:30:00-08:00,24.603539466,13.671379,16.585266,18.418896,0.83210874
2018-03-25 14:45:00-08:00,18.925483973466665,17.121922,16.434433,17.418999,0.84201
2018-03-25 15:00:00-08:00,17.566828667466666,14.075081,16.272253,16.02842,0.8537412
2018-03-25 15:15:00-08:00,20.09351485666667,16.87656,15.855314,14.780711,0.8590261
2018-03-25 15:30:00-08:00,17.471072861666666,11.148366,15.094387,13.15506,0.87746716
2018-03-25 15:45:00-08:00,14.014477180399998,13.415254,14.181218,11.565134,0.89793146
2018-03-25 16:00:00-08:00,13.035837371466668,10.085509,13.00774,9.894234,0.9190323
2018-03-25 16:15:00-08:00,13.218333458533332,10.778502,11.524036,8.051744,0.94946957
2018-03-25 16:30:00-08:00,12.172015849333334,10.404515,10.031591,6.3250027,0.9420918
2018-03-25 16:45:00-08:00,10.166040802333333,6.7395134,8.405422,4.791957,0.92628926
2018-03-25 17:00:00-08:00,8.1481908046,7.2638044,6.8592167,3.4041805,0.8769318
2018-03-25 17:15:00-08:00,6.0545635503333335,4.73874,5.0125213,2.1296887,0.77136075
2018-03-25 17:30:00-08:00,4.1217351472,2.8764055,3.5176942,1.2276561,0.6849898
2018-03-25 17:45:00-08:00,2.6571284092000003,1.1874174,2.2231221,0.66268855,0.53531194
2018-03-25 18:00:00-08:00,0.6315677889333333,0.0,1.3805258,0.26978046,0.39081815
2018-03-25 18:15:00-08:00,0.0086220785333333,1.204566,0.89666593,0.0,0.26432267
2018-03-25 18:30:00-08:00,0.0,0.0241297,0.53727394,0.0,0.17192638
2018-03-25 18:45:00-08:00,0.0,0.0,0.0,0.0,0.0
2018-03-25 19:00:00-08:00,0.0,0.0,0.0,0.0,0.0
2018-03-25 19:15:00-08:00,0.0,0.0,0.0,0.0,0.0
2018-03-25 19:30:00-08:00,0.0,0.0,0.0,0.0,0.0
2018-03-25 19:45:00-08:00,0.0,0.0,0.0,0.0,0.0
2018-03-25 20:00:00-08:00,0.0,0.0,0.0,0.0,0.0
2018-03-25 20:15:00-08:00,0.0,0.0,0.0,0.0,0.0
2018-03-25 20:30:00-08:00,0.0,0.0,0.0,0.0,0.0
2018-03-25 20:45:00-08:00,0.0,0.0,0.0,0.0,0.0
2018-03-25 21:00:00-08:00,0.0,0.0,0.0,0.0,0.0
2018-03-25 21:15:00-08:00,0.0,0.0,0.0,0.0,0.0
2018-03-25 21:30:00-08:00,0.0,0.0,0.0,0.0,0.0
2018-03-25 21:45:00-08:00,0.0,0.0,0.0,0.0,0.0
2018-03-25 22:00:00-08:00,0.0,0.0,0.0,0.0,0.0
2018-03-25 22:15:00-08:00,0.0,0.0,0.0,0.0,0.0
2018-03-25 22:30:00-08:00,0.0,0.0,0.0,0.0,0.0
2018-03-25 22:45:00-08:00,0.0,0.0,0.0,0.0,0.0
2018-03-25 23:00:00-08:00,0.0,0.0,0.0,0.0,0.0
2018-03-25 23:15:00-08:00,0.0,0.0,0.0,0.0,0.0
2018-03-25 23:30:00-08:00,0.0,0.0,0.0,0.0,0.0
2018-03-25 23:45:00-08:00,0.0,0.0,0.0,0.0,0.0
2018-06-04 00:00:00-08:00,0.0,0.0,0.0,0.0,0.0
2018-06-04 00:15:00-08:00,0.0,0.0,0.0,0.0,0.0
2018-06-04 00:30:00-08:00,0.0,0.0,0.0,0.0,0.0
2018-06-04 00:45:00-08:00,0.0,0.0,0.0,0.0,0.0
2018-06-04 01:00:00-08:00,0.0,0.0,0.0,0.0,0.0
2018-06-04 01:15:00-08:00,0.0,0.0,0.0,0.0,0.0
2018-06-04 01:30:00-08:00,0.0,0.0,0.0,0.0,0.0
2018-06-04 01:45:00-08:00,0.0,0.0,0.0,0.0,0.0
2018-06-04 02:00:00-08:00,0.0,0.0,0.0,0.0,0.0
2018-06-04 02:15:00-08:00,0.0,0.0,0.0,0.0,0.0
2018-06-04 02:30:00-08:00,0.0,0.0,0.0,0.0,0.0
2018-06-04 02:45:00-08:00,0.0,0.0,0.0,0.0,0.0
2018-06-04 03:00:00-08:00,0.0,0.0,0.0,0.0,0.0
2018-06-04 03:15:00-08:00,0.0,0.0,0.0,0.0,0.0
2018-06-04 03:30:00-08:00,0.0,0.0,0.0,0.0,0.0
2018-06-04 03:45:00-08:00,0.0,0.0,0.0,0.0,0.0
2018-06-04 04:00:00-08:00,0.0,0.0,0.0,0.0,0.0
2018-06-04 04:15:00-08:00,0.0,0.0,0.0,0.0,0.0
2018-06-04 04:30:00-08:00,0.0,0.0,0.0,0.0,0.0
2018-06-04 04:45:00-08:00,0.0,0.0,0.0,0.42372027,0.037168674
2018-06-04 05:00:00-08:00,0.0002322789333333,0.12926045,0.0,0.54315823,0.059432667
2018-06-04 05:15:00-08:00,0.0767690565333333,0.0,0.030265968,0.7273616,0.08819724
2018-06-04 05:30:00-08:00,0.2396085482666666,0.76314104,0.18518874,0.8884717,0.117041096
2018-06-04 05:45:00-08:00,0.3951085106666667,0.61769164,0.60899574,1.1977448,0.151659
2018-06-04 06:00:00-08:00,0.6068235674000001,1.0225241,0.97254777,1.5406442,0.19768551
2018-06-04 06:15:00-08:00,1.2567945914,1.6717927,1.3454663,1.8908669,0.23258698
2018-06-04 06:30:00-08:00,2.338641055,2.713561,2.1025877,2.4621215,0.3309
2018-06-04 06:45:00-08:00,3.6658585668666657,4.2589397,2.885909,3.1038716,0.39318538
2018-06-04 07:00:00-08:00,5.106415624533333,5.4696407,4.3485904,3.8999062,0.46726006
2018-06-04 07:15:00-08:00,6.920232895133333,6.628136,5.590831,5.011572,0.52131534
2018-06-04 07:30:00-08:00,8.593388095133333,8.053337,6.7581697,6.2602015,0.5796597
2018-06-04 07:45:00-08:00,10.143921454,9.663371,8.294144,7.7733173,0.63683504
2018-06-04 08:00:00-08:00,11.601536152666668,12.351309,9.975651,9.303562,0.6733154
2018-06-04 08:15:00-08:00,13.009778815333334,13.084862,11.515516,10.868206,0.7175794
2018-06-04 08:30:00-08:00,14.437826134666668,13.667328,12.957039,12.57889,0.74547845
2018-06-04 08:45:00-08:00,15.674231134,15.622826,14.097818,14.221579,0.77486026
2018-06-04 09:00:00-08:00,16.836464468,16.39608,15.1680565,15.668172,0.7981005
2018-06-04 09:15:00-08:00,17.879833947333335,17.910904,16.019363,17.0322,0.80337214
2018-06-04 09:30:00-08:00,18.900009044666664,18.379074,16.696356,18.067072,0.81834805
2018-06-04 09:45:00-08:00,19.641700505333333,18.71424,17.556007,19.293053,0.83708936
2018-06-04 10:00:00-08:00,20.484345004666665,20.680157,18.01307,20.303284,0.85395336
2018-06-04 10:15:00-08:00,21.163284432666668,20.511229,19.003223,20.972927,0.8521439
2018-06-04 10:30:00-08:00,21.858065261333333,21.966553,19.909723,21.635986,0.8455585
2018-06-04 10:45:00-08:00,22.44378608066667,22.774319,20.24733,22.183655,0.8294762
2018-06-04 11:00:00-08:00,22.809839818,23.465443,21.175137,22.70632,0.84945184
2018-06-04 11:15:00-08:00,23.430393408666664,23.781775,21.713654,23.07454,0.84952784
2018-06-04 11:30:00-08:00,24.140866612666663,24.454754,22.513672,23.36626,0.8582259
2018-06-04 11:45:00-08:00,24.439914597333328,23.626904,22.873348,23.648216,0.8412323
2018-06-04 12:00:00-08:00,24.41668058533333,24.163654,23.452618,23.896431,0.82302225
2018-06-04 12:15:00-08:00,24.64679148466666,23.93411,24.156292,23.818996,0.83620083
2018-06-04 12:30:00-08:00,24.799409270666665,24.225342,24.433697,23.789242,0.833092
2018-06-04 12:45:00-08:00,24.966314980666667,24.119804,24.388355,23.854816,0.84687555
2018-06-04 13:00:00-08:00,24.707710026,23.651869,23.924156,23.386852,0.8629434
2018-06-04 13:15:00-08:00,24.338074099333333,24.886341,23.79538,23.083817,0.8731139
2018-06-04 13:30:00-08:00,24.053783434,24.567822,23.29052,22.875824,0.88495034
2018-06-04 13:45:00-08:00,23.763678964000004,22.686838,22.58001,22.63164,0.8891624
2018-06-04 14:00:00-08:00,23.289161062666665,21.959713,21.85648,22.258343,0.9002336
2018-06-04 14:15:00-08:00,22.67664968,22.208042,21.212847,21.847006,0.9006963
2018-06-04 14:30:00-08:00,21.942262818666663,21.203123,20.63853,21.30159,0.91882557
2018-06-04 14:45:00-08:00,21.219571654000003,20.483055,19.938498,20.688473,0.91133153
2018-06-04 15:00:00-08:00,20.217692486666667,19.718914,19.27916,19.701122,0.904755
2018-06-04 15:15:00-08:00,19.158926152666663,18.092339,18.426563,18.879417,0.88864017
2018-06-04 15:30:00-08:00,18.20145302266667,16.968414,17.4614,17.7669,0.8863236
2018-06-04 15:45:00-08:00,17.029339543333332,16.596031,16.294067,16.647446,0.8853448
2018-06-04 16:00:00-08:00,15.758818812,14.183558,14.944179,15.399643,0.88008535
2018-06-04 16:15:00-08:00,14.377944202666667,12.953882,13.3330555,13.951923,0.88392895
2018-06-04 16:30:00-08:00,12.801511324000002,12.424118,11.691931,12.40324,0.8664266
2018-06-04 16:45:00-08:00,11.339440732,10.960129,10.190552,11.007835,0.85782754
2018-06-04 17:00:00-08:00,9.673110564066668,9.935638,8.544929,9.444519,0.82647496
2018-06-04 17:15:00-08:00,7.4099508968666665,7.983513,6.5966763,7.8580585,0.7668777
2018-06-04 17:30:00-08:00,6.6392902136666665,5.4875956,4.8425016,6.396655,0.72693914
2018-06-04 17:45:00-08:00,5.260792311466667,4.530585,3.2439923,4.9953766,0.627273
2018-06-04 18:00:00-08:00,3.6407627849999997,2.4952717,1.9396212,3.8492618,0.5187654
2018-06-04 18:15:00-08:00,2.153881905,1.6100918,1.0792906,2.7162604,0.40609473
2018-06-04 18:30:00-08:00,0.9920451959333332,0.81110203,0.34792304,1.784739,0.31326744
2018-06-04 18:45:00-08:00,0.2644001421999999,0.47748962,0.1001343,1.0915387,0.21405423
2018-06-04 19:00:00-08:00,0.0100661723333333,0.06005484,0.0,0.565668,0.12906337
2018-06-04 19:15:00-08:00,0.0,0.08965883,0.0,0.37197077,0.069177575
2018-06-04 19:30:00-08:00,0.0,0.22827964,0.0094089545,0.15417084,0.013162913
2018-06-04 19:45:00-08:00,0.0,0.0,0.0,0.0,0.0
2018-06-04 20:00:00-08:00,0.0,0.0,0.0,0.0,0.0
2018-06-04 20:15:00-08:00,0.0,0.0,0.0,0.0,0.0
2018-06-04 20:30:00-08:00,0.0,0.0,0.0,0.0,0.0
2018-06-04 20:45:00-08:00,0.0,0.0,0.0,0.0,0.0
2018-06-04 21:00:00-08:00,0.0,0.0,0.0,0.0,0.0
2018-06-04 21:15:00-08:00,0.0,0.0,0.0,0.0,0.0
2018-06-04 21:30:00-08:00,0.0,0.0,0.0,0.0,0.0
2018-06-04 21:45:00-08:00,0.0,0.0,0.0,0.0,0.0
2018-06-04 22:00:00-08:00,0.0,0.0,0.0,0.0,0.0
2018-06-04 22:15:00-08:00,0.0,0.0,0.0,0.0,0.0
2018-06-04 22:30:00-08:00,0.0,0.0,0.0,0.0,0.0
2018-06-04 22:45:00-08:00,0.0,0.0,0.0,0.0,0.0
2018-06-04 23:00:00-08:00,0.0,0.0,0.0,0.0,0.0
2018-06-04 23:15:00-08:00,0.0,0.0,0.0,0.0,0.0
2018-06-04 23:30:00-08:00,0.0,0.0,0.0,0.0,0.0
2018-06-04 23:45:00-08:00,0.0,0.0,0.0,0.0,0.0
2018-06-05 00:00:00-08:00,0.0,0.0,0.0,0.0,0.0
2018-06-05 00:15:00-08:00,0.0,0.0,0.0,0.0,0.0
2018-06-05 00:30:00-08:00,0.0,0.0,0.0,0.0,0.0
2018-06-05 00:45:00-08:00,0.0,0.0,0.0,0.0,0.0
2018-06-05 01:00:00-08:00,0.0,0.0,0.0,0.0,0.0
2018-06-05 01:15:00-08:00,0.0,0.0,0.0,0.0,0.0
2018-06-05 01:30:00-08:00,0.0,0.0,0.0,0.0,0.0
2018-06-05 01:45:00-08:00,0.0,0.0,0.0,0.0,0.0
2018-06-05 02:00:00-08:00,0.0,0.0,0.0,0.0,0.0
2018-06-05 02:15:00-08:00,0.0,0.0,0.0,0.0,0.0
2018-06-05 02:30:00-08:00,0.0,0.0,0.0,0.0,0.0
2018-06-05 02:45:00-08:00,0.0,0.0,0.0,0.0,0.0
2018-06-05 03:00:00-08:00,0.0,0.0,0.0,0.0,0.0
2018-06-05 03:15:00-08:00,0.0,0.0,0.0,0.0,0.0
2018-06-05 03:30:00-08:00,0.0,0.0,0.0,0.0,0.0
2018-06-05 03:45:00-08:00,0.0,0.0,0.0,0.0,0.0
2018-06-05 04:00:00-08:00,0.0,0.0,0.0,0.0,0.0
2018-06-05 04:15:00-08:00,0.0,0.0,0.0,0.0,0.0
2018-06-05 04:30:00-08:00,0.0,0.0,0.0,0.0,0.0
2018-06-05 04:45:00-08:00,0.0,0.120497234,0.2600004,0.4922492,0.051471524
2018-06-05 05:00:00-08:00,0.0027378468,0.31080675,0.23778608,0.639181,0.0691841
2018-06-05 05:15:00-08:00,0.1287660935999999,0.06910469,0.40989152,0.8448154,0.09292445
2018-06-05 05:30:00-08:00,0.3201519609333332,0.5395062,0.5720453,1.0253617,0.117954195
2018-06-05 05:45:00-08:00,0.46958174826666654,0.8203591,0.96298075,1.3547964,0.14898533
2018-06-05 06:00:00-08:00,0.6945077878,1.3680959,1.3199819,1.714608,0.19016737
2018-06-05 06:15:00-08:00,1.4015552113999998,1.8874533,1.5913904,2.0627022,0.22283232
2018-06-05 06:30:00-08:00,2.4975035754,2.4541044,2.2499697,2.6590464,0.30866095
2018-06-05 06:45:00-08:00,3.8515179674,4.473606,2.9997206,3.3023038,0.36499217
2018-06-05 07:00:00-08:00,5.4290096811333335,4.655389,4.2617483,4.1050496,0.431518
2018-06-05 07:15:00-08:00,7.196273378800001,5.8993225,5.4227386,5.2166963,0.48004487
2018-06-05 07:30:00-08:00,8.7094347948,7.81705,6.4975166,6.472787,0.53218913
2018-06-05 07:45:00-08:00,10.468600080333331,8.856459,7.9096947,7.989296,0.5841752
2018-06-05 08:00:00-08:00,12.000994143333335,11.091323,9.582749,9.511079,0.61589015
2018-06-05 08:15:00-08:00,13.538795242666666,11.874897,11.0650215,11.076209,0.65526175
2018-06-05 08:30:00-08:00,15.121139175333331,14.187593,12.543903,12.763184,0.680635
2018-06-05 08:45:00-08:00,16.536223980000003,14.91451,13.879408,14.388798,0.70960057
2018-06-05 09:00:00-08:00,17.830418847999997,15.652615,15.013666,15.8130455,0.7327478
2018-06-05 09:15:00-08:00,19.016631769333333,17.32117,15.961681,17.15737,0.7374081
2018-06-05 09:30:00-08:00,20.235749046666665,18.117708,16.616909,18.179365,0.75283146
2018-06-05 09:45:00-08:00,21.18749901,20.052345,17.515808,19.414104,0.7695138
2018-06-05 10:00:00-08:00,22.047095622666664,21.036072,17.895159,20.445745,0.78540504
2018-06-05 10:15:00-08:00,22.796378386,20.555685,18.702553,21.152851,0.78359234
2018-06-05 10:30:00-08:00,23.42855184333333,21.723074,19.40604,21.83752,0.77811956
2018-06-05 10:45:00-08:00,23.869893928,21.60873,19.498255,22.421143,0.76541257
2018-06-05 11:00:00-08:00,23.878926210666663,22.715097,20.09732,22.972534,0.78358287
2018-06-05 11:15:00-08:00,24.985110532666667,21.431824,20.422146,23.356205,0.7845531
2018-06-05 11:30:00-08:00,25.18944413066667,23.945215,20.678638,23.658134,0.7935453
2018-06-05 11:45:00-08:00,25.190122821333333,21.210768,20.631569,23.947313,0.7740285
2018-06-05 12:00:00-08:00,24.910876603333328,23.369835,20.78188,24.209352,0.75666463
2018-06-05 12:15:00-08:00,25.722137401333335,22.97331,21.078201,24.130993,0.7672498
2018-06-05 12:30:00-08:00,26.279470502666666,23.770346,21.124546,24.103935,0.76194155
2018-06-05 12:45:00-08:00,26.51426395466667,23.297646,21.158562,24.156876,0.77209127
2018-06-05 13:00:00-08:00,23.320229814666664,25.662981,20.866806,23.692034,0.78394985
2018-06-05 13:15:00-08:00,24.604440648,24.286049,20.85978,23.373726,0.79127085
2018-06-05 13:30:00-08:00,25.233164854,23.750317,20.627989,23.164946,0.7969619
2018-06-05 13:45:00-08:00,24.67059414866666,21.814388,20.355251,22.902475,0.8017609
2018-06-05 14:00:00-08:00,24.17412154533333,22.843855,19.907701,22.519875,0.81104124
2018-06-05 14:15:00-08:00,23.624189044666664,21.620071,19.445507,22.090202,0.80750597
2018-06-05 14:30:00-08:00,22.959952,19.900827,19.108667,21.50212,0.82545304
2018-06-05 14:45:00-08:00,21.98962587133333,19.652786,18.463833,20.865341,0.8207941
2018-06-05 15:00:00-08:00,21.019247381333333,20.064682,17.898306,19.851349,0.8177055
2018-06-05 15:15:00-08:00,19.91115848533333,18.78088,16.963264,18.980124,0.8034795
2018-06-05 15:30:00-08:00,18.72928632933333,17.586811,16.059637,17.808971,0.8003118
2018-06-05 15:45:00-08:00,17.593988972000002,16.58432,14.829891,16.621986,0.7961906
2018-06-05 16:00:00-08:00,16.222882337333335,14.4648485,13.517146,15.300409,0.7894478
2018-06-05 16:15:00-08:00,14.772791689333332,13.269217,11.932195,13.776451,0.79342616
2018-06-05 16:30:00-08:00,13.243403128,12.261885,10.446199,12.165878,0.77658224
2018-06-05 16:45:00-08:00,11.686674989333332,11.33983,9.155792,10.706429,0.7691481
2018-06-05 17:00:00-08:00,9.9892534346,9.861353,7.6754704,9.096405,0.74559736
2018-06-05 17:15:00-08:00,8.266205795533333,7.824441,6.010494,7.4796853,0.695874
2018-06-05 17:30:00-08:00,6.509719197466665,5.654044,4.548071,6.0192194,0.66276664
2018-06-05 17:45:00-08:00,4.803619550133333,4.7033234,3.2444577,4.6515923,0.578851
2018-06-05 18:00:00-08:00,3.2160410200666663,2.4806013,2.0666022,3.5577378,0.48359844
2018-06-05 18:15:00-08:00,1.826070377666667,2.0350263,1.4596035,2.4931614,0.38412976
2018-06-05 18:30:00-08:00,0.7392375944666667,1.1986618,0.84747124,1.6397283,0.30167937
2018-06-05 18:45:00-08:00,0.0981303003333333,0.5342119,0.6244796,1.0265235,0.21496403
2018-06-05 19:00:00-08:00,0.0,0.0024486985,0.5121504,0.56311566,0.13836241
2018-06-05 19:15:00-08:00,0.0,0.1817156,0.44002527,0.41017348,0.081126615
2018-06-05 19:30:00-08:00,0.0,0.25166944,0.46808565,0.22390667,0.029382795
2018-06-05 19:45:00-08:00,0.0,0.0,0.0,0.0,0.0
2018-06-05 20:00:00-08:00,0.0,0.0,0.0,0.0,0.0
2018-06-05 20:15:00-08:00,0.0,0.0,0.0,0.0,0.0
2018-06-05 20:30:00-08:00,0.0,0.0,0.0,0.0,0.0
2018-06-05 20:45:00-08:00,0.0,0.0,0.0,0.0,0.0
2018-06-05 21:00:00-08:00,0.0,0.0,0.0,0.0,0.0
2018-06-05 21:15:00-08:00,0.0,0.0,0.0,0.0,0.0
2018-06-05 21:30:00-08:00,0.0,0.0,0.0,0.0,0.0
2018-06-05 21:45:00-08:00,0.0,0.0,0.0,0.0,0.0
2018-06-05 22:00:00-08:00,0.0,0.0,0.0,0.0,0.0
2018-06-05 22:15:00-08:00,0.0,0.0,0.0,0.0,0.0
2018-06-05 22:30:00-08:00,0.0,0.0,0.0,0.0,0.0
2018-06-05 22:45:00-08:00,0.0,0.0,0.0,0.0,0.0
2018-06-05 23:00:00-08:00,0.0,0.0,0.0,0.0,0.0
2018-06-05 23:15:00-08:00,0.0,0.0,0.0,0.0,0.0
2018-06-05 23:30:00-08:00,0.0,0.0,0.0,0.0,0.0
2018-06-05 23:45:00-08:00,0.0,0.0,0.0,0.0,0.0
2018-06-06 00:00:00-08:00,0.0,0.0,0.0,0.0,0.0
2018-06-06 00:15:00-08:00,0.0,0.0,0.0,0.0,0.0
2018-06-06 00:30:00-08:00,0.0,0.0,0.0,0.0,0.0
2018-06-06 00:45:00-08:00,0.0,0.0,0.0,0.0,0.0
2018-06-06 01:00:00-08:00,0.0,0.0,0.0,0.0,0.0
2018-06-06 01:15:00-08:00,0.0,0.0,0.0,0.0,0.0
2018-06-06 01:30:00-08:00,0.0,0.0,0.0,0.0,0.0
2018-06-06 01:45:00-08:00,0.0,0.0,0.0,0.0,0.0
2018-06-06 02:00:00-08:00,0.0,0.0,0.0,0.0,0.0
2018-06-06 02:15:00-08:00,0.0,0.0,0.0,0.0,0.0
2018-06-06 02:30:00-08:00,0.0,0.0,0.0,0.0,0.0
2018-06-06 02:45:00-08:00,0.0,0.0,0.0,0.0,0.0
2018-06-06 03:00:00-08:00,0.0,0.0,0.0,0.0,0.0
2018-06-06 03:15:00-08:00,0.0,0.0,0.0,0.0,0.0
2018-06-06 03:30:00-08:00,0.0,0.0,0.0,0.0,0.0
2018-06-06 03:45:00-08:00,0.0,0.0,0.0,0.0,0.0
2018-06-06 04:00:00-08:00,0.0,0.0,0.0,0.0,0.0
2018-06-06 04:15:00-08:00,0.0,0.0,0.0,0.0,0.0
2018-06-06 04:30:00-08:00,0.0,0.0,0.0,0.0,0.0
2018-06-06 04:45:00-08:00,0.0,0.0,0.0,0.65234387,0.039658774
2018-06-06 05:00:00-08:00,0.0757331971333333,0.110670894,0.0,0.72506315,0.047183335
2018-06-06 05:15:00-08:00,0.5734063336,0.08732543,0.0,0.8564398,0.060137417
2018-06-06 05:30:00-08:00,1.0926405865333333,0.0,0.0,0.8675555,0.07333198
2018-06-06 05:45:00-08:00,1.4947500975333334,0.55357015,0.0,1.0402122,0.09309654
2018-06-06 06:00:00-08:00,2.0381641208666665,0.8440696,0.26764497,1.1850064,0.123673104
2018-06-06 06:15:00-08:00,2.987180276333333,1.0133438,0.42491573,1.2828348,0.14756949
2018-06-06 06:30:00-08:00,3.464442573333333,2.3918524,0.7415626,1.6646733,0.2150163
2018-06-06 06:45:00-08:00,3.4589551160000003,2.8288736,1.2449517,2.059192,0.2611114
2018-06-06 07:00:00-08:00,3.9723413056,2.488811,2.0415616,2.6072264,0.31198978
2018-06-06 07:15:00-08:00,3.9711631887999994,4.093983,2.7431247,3.4043064,0.3507552
2018-06-06 07:30:00-08:00,3.7362619808,5.938499,3.441647,4.3914323,0.38932556
2018-06-06 07:45:00-08:00,10.696047242666667,5.398388,4.42146,5.651149,0.43350613
2018-06-06 08:00:00-08:00,7.934902012600001,7.347938,5.546683,6.8983755,0.4636698
2018-06-06 08:15:00-08:00,13.0822331456,8.0262985,6.7663603,8.2736225,0.4942904
2018-06-06 08:30:00-08:00,12.402571787066666,8.99022,7.848833,9.803083,0.51048684
2018-06-06 08:45:00-08:00,18.63896189533333,12.071865,8.983735,11.319144,0.5388181
2018-06-06 09:00:00-08:00,19.713528046,12.046354,9.9128685,12.715811,0.5638119
2018-06-06 09:15:00-08:00,19.79602596533333,13.326527,10.718323,14.172224,0.5674359
2018-06-06 09:30:00-08:00,19.84107703733333,12.226042,11.73859,15.301927,0.58739966
2018-06-06 09:45:00-08:00,21.07527935133333,12.950177,12.723956,16.746374,0.6081158
2018-06-06 10:00:00-08:00,21.86406432,13.979115,13.238356,17.932991,0.6254442
2018-06-06 10:15:00-08:00,22.69446005266667,15.030373,14.253811,18.87893,0.6299677
2018-06-06 10:30:00-08:00,23.443421076000003,12.785299,15.249433,19.796503,0.6293342
2018-06-06 10:45:00-08:00,24.55070336,16.014816,15.872084,20.596325,0.62197053
2018-06-06 11:00:00-08:00,26.58649015333333,15.746424,16.834227,21.387663,0.6366003
2018-06-06 11:15:00-08:00,25.168456504666665,17.782215,17.495262,22.013187,0.6396971
2018-06-06 11:30:00-08:00,25.46126651733333,20.563545,18.353905,22.482904,0.65244216
2018-06-06 11:45:00-08:00,24.84274103866666,17.899902,18.86604,22.940136,0.6354292
2018-06-06 12:00:00-08:00,26.87661584066667,18.921177,19.567398,23.394646,0.6216308
2018-06-06 12:15:00-08:00,27.558625657333334,20.214434,20.284359,23.45861,0.63180673
2018-06-06 12:30:00-08:00,27.363215195333336,19.641258,20.764223,23.588123,0.6309044
2018-06-06 12:45:00-08:00,27.630745276,18.559875,21.185495,23.825647,0.64444166
2018-06-06 13:00:00-08:00,25.660624838666667,20.805902,21.247896,23.61225,0.655848
2018-06-06 13:15:00-08:00,16.705627277333335,18.604141,21.795143,23.458204,0.6655962
2018-06-06 13:30:00-08:00,18.05169662733333,22.389029,22.054443,23.417898,0.66920316
2018-06-06 13:45:00-08:00,15.855605832666663,18.30184,22.102236,23.308567,0.67763364
2018-06-06 14:00:00-08:00,17.20363864893333,20.652752,22.057644,23.119843,0.6911439
2018-06-06 14:15:00-08:00,20.366087706,21.28664,21.868975,22.794718,0.69264257
2018-06-06 14:30:00-08:00,16.676490224266665,18.675869,21.438026,22.26993,0.7174762
2018-06-06 14:45:00-08:00,19.78336673933333,20.757874,20.846613,21.724371,0.7205627
2018-06-06 15:00:00-08:00,18.246313147333336,20.240232,20.287573,20.760834,0.72515005
2018-06-06 15:15:00-08:00,18.47616607073333,16.959215,19.305626,19.96808,0.7209083
2018-06-06 15:30:00-08:00,18.610807453333333,16.024418,18.070501,18.772865,0.71981716
2018-06-06 15:45:00-08:00,16.558303007133333,15.476364,16.631424,17.62308,0.7177575
2018-06-06 16:00:00-08:00,16.012886563933332,14.547846,14.997862,16.305555,0.71584773
2018-06-06 16:15:00-08:00,15.039282590266664,14.050041,13.172077,14.754677,0.72443604
2018-06-06 16:30:00-08:00,13.224311087999999,11.666767,11.528299,13.130655,0.7136941
2018-06-06 16:45:00-08:00,11.528674283933334,10.793354,10.081077,11.620727,0.7151463
2018-06-06 17:00:00-08:00,7.592522817333332,8.971193,8.564434,9.928806,0.7043547
2018-06-06 17:15:00-08:00,5.7355202994,5.392875,6.954382,8.251938,0.67115974
2018-06-06 17:30:00-08:00,3.899006995399999,4.227936,5.396514,6.7373157,0.6560576
2018-06-06 17:45:00-08:00,2.006039664933333,3.774644,3.9090219,5.3076143,0.6006315
2018-06-06 18:00:00-08:00,1.7796103441999997,2.4823806,2.7731504,4.129057,0.5294057
2018-06-06 18:15:00-08:00,0.9532695300666668,1.894728,1.8036847,2.9942045,0.44654918
2018-06-06 18:30:00-08:00,0.4916549112,1.1885669,0.98264706,2.07133,0.37365568
2018-06-06 18:45:00-08:00,0.0266708265333333,0.69277763,0.48749828,1.3869,0.29360655
2018-06-06 19:00:00-08:00,0.0,0.0,0.00970364,0.8589277,0.2125661
2018-06-06 19:15:00-08:00,0.0,0.0,0.0,0.6304749,0.1454659
2018-06-06 19:30:00-08:00,0.0,0.089008234,0.0,0.37842053,0.088424325
2018-06-06 19:45:00-08:00,0.0,0.0,0.0,0.0,0.0
2018-06-06 20:00:00-08:00,0.0,0.0,0.0,0.0,0.0
2018-06-06 20:15:00-08:00,0.0,0.0,0.0,0.0,0.0
2018-06-06 20:30:00-08:00,0.0,0.0,0.0,0.0,0.0
2018-06-06 20:45:00-08:00,0.0,0.0,0.0,0.0,0.0
2018-06-06 21:00:00-08:00,0.0,0.0,0.0,0.0,0.0
2018-06-06 21:15:00-08:00,0.0,0.0,0.0,0.0,0.0
2018-06-06 21:30:00-08:00,0.0,0.0,0.0,0.0,0.0
2018-06-06 21:45:00-08:00,0.0,0.0,0.0,0.0,0.0
2018-06-06 22:00:00-08:00,0.0,0.0,0.0,0.0,0.0
2018-06-06 22:15:00-08:00,0.0,0.0,0.0,0.0,0.0
2018-06-06 22:30:00-08:00,0.0,0.0,0.0,0.0,0.0
2018-06-06 22:45:00-08:00,0.0,0.0,0.0,0.0,0.0
2018-06-06 23:00:00-08:00,0.0,0.0,0.0,0.0,0.0
2018-06-06 23:15:00-08:00,0.0,0.0,0.0,0.0,0.0
2018-06-06 23:30:00-08:00,0.0,0.0,0.0,0.0,0.0
2018-06-06 23:45:00-08:00,0.0,0.0,0.0,0.0,0.0
2018-06-07 00:00:00-08:00,0.0,0.0,0.0,0.0,0.0
2018-06-07 00:15:00-08:00,0.0,0.0,0.0,0.0,0.0
2018-06-07 00:30:00-08:00,0.0,0.0,0.0,0.0,0.0
2018-06-07 00:45:00-08:00,0.0,0.0,0.0,0.0,0.0
2018-06-07 01:00:00-08:00,0.0,0.0,0.0,0.0,0.0
2018-06-07 01:15:00-08:00,0.0,0.0,0.0,0.0,0.0
2018-06-07 01:30:00-08:00,0.0,0.0,0.0,0.0,0.0
2018-06-07 01:45:00-08:00,0.0,0.0,0.0,0.0,0.0
2018-06-07 02:00:00-08:00,0.0,0.0,0.0,0.0,0.0
2018-06-07 02:15:00-08:00,0.0,0.0,0.0,0.0,0.0
2018-06-07 02:30:00-08:00,0.0,0.0,0.0,0.0,0.0
2018-06-07 02:45:00-08:00,0.0,0.0,0.0,0.0,0.0
2018-06-07 03:00:00-08:00,0.0,0.0,0.0,0.0,0.0
2018-06-07 03:15:00-08:00,0.0,0.0,0.0,0.0,0.0
2018-06-07 03:30:00-08:00,0.0,0.0,0.0,0.0,0.0
2018-06-07 03:45:00-08:00,0.0,0.0,0.0,0.0,0.0
2018-06-07 04:00:00-08:00,0.0,0.0,0.0,0.0,0.0
2018-06-07 04:15:00-08:00,0.0,0.0,0.0,0.0,0.0
2018-06-07 04:30:00-08:00,0.0,0.0,0.0,0.0,0.0
2018-06-07 04:45:00-08:00,0.0,0.18391773,0.024646338,0.36553526,0.025433438
2018-06-07 05:00:00-08:00,0.0097368332,0.0,0.0,0.4625305,0.039176196
2018-06-07 05:15:00-08:00,0.3020791742666667,0.47292808,0.00010238215,0.61657333,0.057713225
2018-06-07 05:30:00-08:00,0.7144717765999999,0.6571867,0.17984024,0.7340866,0.07090612
2018-06-07 05:45:00-08:00,1.1280108880666668,0.9367442,0.43481857,0.97866654,0.0946594
2018-06-07 06:00:00-08:00,1.794695590133333,1.2082297,0.733747,1.2683802,0.13294554
2018-06-07 06:15:00-08:00,2.5306102358,2.2274444,0.9728159,1.5299268,0.16114917
2018-06-07 06:30:00-08:00,3.034250100933333,2.6747746,1.4583337,2.0196426,0.2516957
2018-06-07 06:45:00-08:00,3.381871213333333,2.2936382,2.0119405,2.584247,0.3051663
2018-06-07 07:00:00-08:00,3.798754592,4.8684,3.129668,3.2692575,0.3699543
2018-06-07 07:15:00-08:00,4.632020242266667,4.6853595,3.9578495,4.278867,0.42159992
2018-06-07 07:30:00-08:00,7.222379623400001,7.4587393,4.8678837,5.4433494,0.4762602
2018-06-07 07:45:00-08:00,9.805039349733333,9.072238,6.150972,6.883297,0.5382713
2018-06-07 08:00:00-08:00,11.224162070733334,9.932516,7.5963163,8.317918,0.5808226
2018-06-07 08:15:00-08:00,12.044239485266669,10.265194,8.967987,9.830193,0.62801784
2018-06-07 08:30:00-08:00,14.584151026666664,10.70777,10.388112,11.507849,0.65913796
2018-06-07 08:45:00-08:00,15.817760783333334,15.546722,11.650558,13.138468,0.7006897
2018-06-07 09:00:00-08:00,16.903859063333332,16.605022,12.823469,14.618531,0.73615646
2018-06-07 09:15:00-08:00,17.912295096666668,16.910168,13.952265,16.034077,0.74678874
2018-06-07 09:30:00-08:00,18.894743142666663,21.386078,15.161646,17.168919,0.77219063
2018-06-07 09:45:00-08:00,20.065390833333336,18.739649,16.397167,18.497494,0.7981512
2018-06-07 10:00:00-08:00,20.831172910666663,20.277191,17.163044,19.631231,0.8204628
2018-06-07 10:15:00-08:00,21.406892354000004,17.267845,18.483543,20.411907,0.8248726
2018-06-07 10:30:00-08:00,22.02639980666667,22.226616,19.786854,21.187212,0.82039416
2018-06-07 10:45:00-08:00,22.575063008,21.322586,20.37812,21.814186,0.8100345
2018-06-07 11:00:00-08:00,23.191768991333333,21.551598,21.497604,22.432926,0.8282277
2018-06-07 11:15:00-08:00,23.789449016666666,23.55958,22.230885,22.853554,0.83075213
2018-06-07 11:30:00-08:00,24.011783312666665,26.857422,23.075613,23.180496,0.8397552
2018-06-07 11:45:00-08:00,24.121174387333337,24.576832,23.315557,23.51995,0.8182386
2018-06-07 12:00:00-08:00,24.078015461333333,24.18806,23.739834,23.789707,0.79852974
2018-06-07 12:15:00-08:00,24.207935728,24.515099,24.198692,23.747402,0.8108681
2018-06-07 12:30:00-08:00,24.127049956666667,25.75697,24.404926,23.748924,0.8077664
2018-06-07 12:45:00-08:00,24.058091695333328,25.696396,24.401005,23.855112,0.82136446
2018-06-07 13:00:00-08:00,24.172898327999995,24.803982,23.89265,23.439991,0.8392056
2018-06-07 13:15:00-08:00,23.80061337,25.796911,23.830956,23.183071,0.85030174
2018-06-07 13:30:00-08:00,23.746184974666665,23.789076,23.413944,23.022316,0.8565453
2018-06-07 13:45:00-08:00,23.351640513333333,23.411251,22.793663,22.826113,0.86335135
2018-06-07 14:00:00-08:00,22.749610202,22.822823,22.13066,22.524294,0.8771789
2018-06-07 14:15:00-08:00,22.263729479333332,22.135342,21.335138,22.18499,0.8792004
2018-06-07 14:30:00-08:00,21.608482684,20.95015,20.548918,21.684,0.9061221
2018-06-07 14:45:00-08:00,20.926650227333337,18.204617,19.727474,21.147947,0.90152526
2018-06-07 15:00:00-08:00,20.397299858666667,20.803707,18.924112,20.208189,0.8997928
2018-06-07 15:15:00-08:00,19.563954882,19.451641,17.867508,19.451965,0.8897644
2018-06-07 15:30:00-08:00,18.503113572,16.781876,16.683887,18.37322,0.88874066
2018-06-07 15:45:00-08:00,17.170997782,17.235332,15.329833,17.291351,0.88844025
2018-06-07 16:00:00-08:00,15.831362424666668,14.458846,13.679283,16.0478,0.8875095
2018-06-07 16:15:00-08:00,14.287322827333332,13.934582,11.990486,14.600002,0.8981207
2018-06-07 16:30:00-08:00,12.772025925333331,13.265226,10.355692,13.041255,0.8872399
2018-06-07 16:45:00-08:00,11.242715423333332,11.789656,8.806667,11.627065,0.8830868
2018-06-07 17:00:00-08:00,9.5068099188,9.915931,7.3916254,10.05508,0.85867214
2018-06-07 17:15:00-08:00,7.691356575266667,7.8524766,5.7740912,8.412508,0.810972
2018-06-07 17:30:00-08:00,6.102396376866667,5.7696514,4.2959123,6.896146,0.77725327
2018-06-07 17:45:00-08:00,4.456452763133333,4.7189693,3.0645413,5.4437723,0.69109595
2018-06-07 18:00:00-08:00,3.0661541324,3.0469332,2.1262803,4.229749,0.5932833
2018-06-07 18:15:00-08:00,1.7803154134666668,2.1017318,1.3997697,3.0228548,0.4848495
2018-06-07 18:30:00-08:00,0.8121914182666665,1.1804885,0.9214695,2.0262508,0.39408776
2018-06-07 18:45:00-08:00,0.21156390093333327,0.62287813,0.6913185,1.289048,0.2906031
2018-06-07 19:00:00-08:00,0.0004898069999999,0.0,0.50066036,0.6989434,0.19163957
2018-06-07 19:15:00-08:00,0.0,0.0043128813,0.32798398,0.48435336,0.11371113
2018-06-07 19:30:00-08:00,0.0,0.2248984,0.28013182,0.22991481,0.041713268
2018-06-07 19:45:00-08:00,0.0,0.0,0.0,0.0,0.0
2018-06-07 20:00:00-08:00,0.0,0.0,0.0,0.0,0.0
2018-06-07 20:15:00-08:00,0.0,0.0,0.0,0.0,0.0
2018-06-07 20:30:00-08:00,0.0,0.0,0.0,0.0,0.0
2018-06-07 20:45:00-08:00,0.0,0.0,0.0,0.0,0.0
2018-06-07 21:00:00-08:00,0.0,0.0,0.0,0.0,0.0
2018-06-07 21:15:00-08:00,0.0,0.0,0.0,0.0,0.0
2018-06-07 21:30:00-08:00,0.0,0.0,0.0,0.0,0.0
2018-06-07 21:45:00-08:00,0.0,0.0,0.0,0.0,0.0
2018-06-07 22:00:00-08:00,0.0,0.0,0.0,0.0,0.0
2018-06-07 22:15:00-08:00,0.0,0.0,0.0,0.0,0.0
2018-06-07 22:30:00-08:00,0.0,0.0,0.0,0.0,0.0
2018-06-07 22:45:00-08:00,0.0,0.0,0.0,0.0,0.0
2018-06-07 23:00:00-08:00,0.0,0.0,0.0,0.0,0.0
2018-06-07 23:15:00-08:00,0.0,0.0,0.0,0.0,0.0
2018-06-07 23:30:00-08:00,0.0,0.0,0.0,0.0,0.0
2018-06-07 23:45:00-08:00,0.0,0.0,0.0,0.0,0.0
2018-06-08 00:00:00-08:00,0.0,0.0,0.0,0.0,0.0
2018-06-08 00:15:00-08:00,0.0,0.0,0.0,0.0,0.0
2018-06-08 00:30:00-08:00,0.0,0.0,0.0,0.0,0.0
2018-06-08 00:45:00-08:00,0.0,0.0,0.0,0.0,0.0
2018-06-08 01:00:00-08:00,0.0,0.0,0.0,0.0,0.0
2018-06-08 01:15:00-08:00,0.0,0.0,0.0,0.0,0.0
2018-06-08 01:30:00-08:00,0.0,0.0,0.0,0.0,0.0
2018-06-08 01:45:00-08:00,0.0,0.0,0.0,0.0,0.0
2018-06-08 02:00:00-08:00,0.0,0.0,0.0,0.0,0.0
2018-06-08 02:15:00-08:00,0.0,0.0,0.0,0.0,0.0
2018-06-08 02:30:00-08:00,0.0,0.0,0.0,0.0,0.0
2018-06-08 02:45:00-08:00,0.0,0.0,0.0,0.0,0.0
2018-06-08 03:00:00-08:00,0.0,0.0,0.0,0.0,0.0
2018-06-08 03:15:00-08:00,0.0,0.0,0.0,0.0,0.0
2018-06-08 03:30:00-08:00,0.0,0.0,0.0,0.0,0.0
2018-06-08 03:45:00-08:00,0.0,0.0,0.0,0.0,0.0
2018-06-08 04:00:00-08:00,0.0,0.0,0.0,0.0,0.0
2018-06-08 04:15:00-08:00,0.0,0.0,0.0,0.0,0.0
2018-06-08 04:30:00-08:00,0.0,0.0,0.0,0.0,0.0
2018-06-08 04:45:00-08:00,0.0,0.0858506,0.0,0.418249,0.03869538
2018-06-08 05:00:00-08:00,0.0144019567999999,0.25651112,0.0,0.5628749,0.061034106
2018-06-08 05:15:00-08:00,0.21025144726666659,0.020150673,0.0,0.8154243,0.090592965
2018-06-08 05:30:00-08:00,0.44393396499999993,0.61447024,0.0,1.064203,0.12046945
2018-06-08 05:45:00-08:00,0.6283290276666667,0.7033232,0.18510745,1.4497923,0.15693581
2018-06-08 06:00:00-08:00,0.8539679066,0.93731,0.57641584,1.8992418,0.20415622
2018-06-08 06:15:00-08:00,1.5080723613333331,1.7418001,0.86561084,2.3832407,0.24120717
2018-06-08 06:30:00-08:00,2.509125248266667,2.51368,1.6267172,3.0682418,0.33526465
2018-06-08 06:45:00-08:00,3.7646354108,3.8521779,2.506233,3.8052127,0.39846677
2018-06-08 07:00:00-08:00,5.2534325100000006,4.6907988,4.0222826,4.720813,0.471023
2018-06-08 07:15:00-08:00,6.8331498194,5.6788034,5.427985,5.891837,0.5234755
2018-06-08 07:30:00-08:00,8.4205336444,6.926381,6.827864,7.169547,0.5813443
2018-06-08 07:45:00-08:00,9.975949304066669,9.651551,8.65464,8.699224,0.63555825
2018-06-08 08:00:00-08:00,11.441813380666666,10.989399,10.59758,10.2372675,0.6701865
2018-06-08 08:15:00-08:00,12.864126263999998,11.823522,12.481884,11.781124,0.7110563
2018-06-08 08:30:00-08:00,14.181593454,13.757858,14.310554,13.428558,0.737899
2018-06-08 08:45:00-08:00,15.463960291333333,14.452219,15.818947,15.046207,0.76764643
2018-06-08 09:00:00-08:00,16.654227786,15.521768,17.18148,16.419643,0.7906065
2018-06-08 09:15:00-08:00,17.656661005333333,16.41581,18.33711,17.655779,0.79427505
2018-06-08 09:30:00-08:00,18.638796412666668,17.465368,19.21346,18.612507,0.8080407
2018-06-08 09:45:00-08:00,19.52425045,18.18155,20.302532,19.696873,0.82454026
2018-06-08 10:00:00-08:00,20.367081782,19.366627,20.75898,20.577978,0.84031874
2018-06-08 10:15:00-08:00,20.995326906666666,20.795876,21.691109,21.130812,0.8361783
2018-06-08 10:30:00-08:00,21.639658595333334,20.983707,22.550943,21.707747,0.828345
2018-06-08 10:45:00-08:00,22.16412376,21.859238,22.76569,22.140528,0.8112471
2018-06-08 11:00:00-08:00,22.090448170666665,21.509737,23.50702,22.594152,0.8320268
2018-06-08 11:15:00-08:00,22.672168434,21.777275,23.89185,22.927101,0.83172244
2018-06-08 11:30:00-08:00,23.432782018666668,21.371239,24.481853,23.171255,0.8410043
2018-06-08 11:45:00-08:00,23.65971984133333,21.811535,24.654333,23.445711,0.8206092
2018-06-08 12:00:00-08:00,23.664859794666665,22.713211,25.041544,23.645432,0.8019388
2018-06-08 12:15:00-08:00,23.592211418,23.015175,25.552284,23.56534,0.8124647
2018-06-08 12:30:00-08:00,23.367075091333334,23.173397,25.671879,23.525818,0.808265
2018-06-08 12:45:00-08:00,23.52991661733334,22.225397,25.556446,23.56479,0.82155514
2018-06-08 13:00:00-08:00,23.879117432,22.403008,25.0153,23.076859,0.83469725
2018-06-08 13:15:00-08:00,23.853867268,21.748714,24.865444,22.704302,0.8439766
2018-06-08 13:30:00-08:00,23.598735624,21.351387,24.399395,22.433834,0.85507876
2018-06-08 13:45:00-08:00,23.18478599933333,19.986015,23.799301,22.138247,0.8608551
2018-06-08 14:00:00-08:00,22.70369144,20.917915,23.226074,21.682747,0.8733313
2018-06-08 14:15:00-08:00,21.864320370666665,20.234406,22.701933,21.178291,0.871963
2018-06-08 14:30:00-08:00,21.28707601533333,19.719849,22.19508,20.590023,0.8918048
2018-06-08 14:45:00-08:00,20.65700126133333,19.0307,21.48769,19.90957,0.8883675
2018-06-08 15:00:00-08:00,19.788198406666663,17.213873,20.856386,18.88945,0.88727355
2018-06-08 15:15:00-08:00,18.74983689333333,18.245054,19.91669,17.990255,0.87167084
2018-06-08 15:30:00-08:00,17.713554922666667,16.86641,18.785238,16.859978,0.86983
2018-06-08 15:45:00-08:00,16.393798250666666,16.619701,17.47949,15.689705,0.8673289
2018-06-08 16:00:00-08:00,15.321526663333332,14.040021,16.016666,14.451887,0.86066806
2018-06-08 16:15:00-08:00,13.992172936,13.258212,14.2566,12.995884,0.8654368
2018-06-08 16:30:00-08:00,12.601240958666667,12.4151325,12.578892,11.464195,0.8452512
2018-06-08 16:45:00-08:00,11.06880628,9.308231,11.101914,10.088132,0.8330822
2018-06-08 17:00:00-08:00,9.504104737733334,9.274655,9.425659,8.587679,0.8031415
2018-06-08 17:15:00-08:00,7.8337291474666655,7.5379753,7.385723,7.052949,0.74394035
2018-06-08 17:30:00-08:00,6.279579815999999,5.938203,5.6242123,5.650734,0.7069032
2018-06-08 17:45:00-08:00,4.662644002933334,4.585493,3.962715,4.3178673,0.61106384
2018-06-08 18:00:00-08:00,3.1207265771333335,3.3956614,2.5087583,3.2834682,0.50307095
2018-06-08 18:15:00-08:00,1.7904963055999998,1.7803402,1.5853939,2.2348433,0.39436173
2018-06-08 18:30:00-08:00,0.7361291879333334,0.83593065,0.6972754,1.4373978,0.30521125
2018-06-08 18:45:00-08:00,0.1238656141333333,0.51561946,0.3231377,0.83068717,0.21106772
2018-06-08 19:00:00-08:00,0.0,0.020524533,0.14483583,0.40272295,0.13140216
2018-06-08 19:15:00-08:00,0.0,0.035475023,0.03711368,0.24896644,0.071816266
2018-06-08 19:30:00-08:00,0.0,0.21865478,0.09511179,0.1033167,0.017319728
2018-06-08 19:45:00-08:00,0.0,0.0,0.0,0.0,0.0
2018-06-08 20:00:00-08:00,0.0,0.0,0.0,0.0,0.0
2018-06-08 20:15:00-08:00,0.0,0.0,0.0,0.0,0.0
2018-06-08 20:30:00-08:00,0.0,0.0,0.0,0.0,0.0
2018-06-08 20:45:00-08:00,0.0,0.0,0.0,0.0,0.0
2018-06-08 21:00:00-08:00,0.0,0.0,0.0,0.0,0.0
2018-06-08 21:15:00-08:00,0.0,0.0,0.0,0.0,0.0
2018-06-08 21:30:00-08:00,0.0,0.0,0.0,0.0,0.0
2018-06-08 21:45:00-08:00,0.0,0.0,0.0,0.0,0.0
2018-06-08 22:00:00-08:00,0.0,0.0,0.0,0.0,0.0
2018-06-08 22:15:00-08:00,0.0,0.0,0.0,0.0,0.0
2018-06-08 22:30:00-08:00,0.0,0.0,0.0,0.0,0.0
2018-06-08 22:45:00-08:00,0.0,0.0,0.0,0.0,0.0
2018-06-08 23:00:00-08:00,0.0,0.0,0.0,0.0,0.0
2018-06-08 23:15:00-08:00,0.0,0.0,0.0,0.0,0.0
2018-06-08 23:30:00-08:00,0.0,0.0,0.0,0.0,0.0
2018-06-08 23:45:00-08:00,0.0,0.0,0.0,0.0,0.0
2018-06-09 00:00:00-08:00,0.0,0.0,0.0,0.0,0.0
2018-06-09 00:15:00-08:00,0.0,0.0,0.0,0.0,0.0
2018-06-09 00:30:00-08:00,0.0,0.0,0.0,0.0,0.0
2018-06-09 00:45:00-08:00,0.0,0.0,0.0,0.0,0.0
2018-06-09 01:00:00-08:00,0.0,0.0,0.0,0.0,0.0
2018-06-09 01:15:00-08:00,0.0,0.0,0.0,0.0,0.0
2018-06-09 01:30:00-08:00,0.0,0.0,0.0,0.0,0.0
2018-06-09 01:45:00-08:00,0.0,0.0,0.0,0.0,0.0
2018-06-09 02:00:00-08:00,0.0,0.0,0.0,0.0,0.0
2018-06-09 02:15:00-08:00,0.0,0.0,0.0,0.0,0.0
2018-06-09 02:30:00-08:00,0.0,0.0,0.0,0.0,0.0
2018-06-09 02:45:00-08:00,0.0,0.0,0.0,0.0,0.0
2018-06-09 03:00:00-08:00,0.0,0.0,0.0,0.0,0.0
2018-06-09 03:15:00-08:00,0.0,0.0,0.0,0.0,0.0
2018-06-09 03:30:00-08:00,0.0,0.0,0.0,0.0,0.0
2018-06-09 03:45:00-08:00,0.0,0.0,0.0,0.0,0.0
2018-06-09 04:00:00-08:00,0.0,0.0,0.0,0.0,0.0
2018-06-09 04:15:00-08:00,0.0,0.0,0.0,0.0,0.0
2018-06-09 04:30:00-08:00,0.0,0.0,0.0,0.0,0.0
2018-06-09 04:45:00-08:00,0.0,0.10657308,0.38558263,0.49009806,0.08690302
2018-06-09 05:00:00-08:00,0.0023623119999999,0.0,0.41145453,0.56859636,0.09958378
2018-06-09 05:15:00-08:00,0.2051882012666666,0.04881531,0.5735284,0.77257776,0.11892886
2018-06-09 05:30:00-08:00,0.6319920245333334,0.3194547,0.84007716,1.0561733,0.14073688
2018-06-09 05:45:00-08:00,1.3520489124666668,0.53280854,1.2660358,1.3939809,0.16510846
2018-06-09 06:00:00-08:00,2.319161632866667,1.2913101,1.6534958,1.7532881,0.20393206
2018-06-09 06:15:00-08:00,2.6836208859333333,1.7117987,2.0829942,2.2424994,0.23349251
2018-06-09 06:30:00-08:00,2.1954191892,1.9847465,2.6889224,2.8121078,0.3074168
2018-06-09 06:45:00-08:00,2.7190826602,4.3793626,3.4414165,3.429088,0.35834774
2018-06-09 07:00:00-08:00,5.2488751527333335,4.866432,4.551355,4.240254,0.41612667
2018-06-09 07:15:00-08:00,6.8802111992666655,4.390365,5.5489035,5.194018,0.45546055
2018-06-09 07:30:00-08:00,9.410940423933331,6.462164,6.490938,6.193489,0.49713576
2018-06-09 07:45:00-08:00,9.44739326,8.570112,7.668874,7.3451595,0.53625834
2018-06-09 08:00:00-08:00,11.2804843372,12.51507,9.095034,8.585867,0.56240493
2018-06-09 08:15:00-08:00,14.386566844666667,13.650768,10.348833,9.744685,0.59123
2018-06-09 08:30:00-08:00,13.967380784,14.241854,11.480661,11.018295,0.60783523
2018-06-09 08:45:00-08:00,15.702759986666669,14.2848015,12.501238,12.325325,0.62314856
2018-06-09 09:00:00-08:00,17.144310925333333,14.845685,13.375753,13.445377,0.63990116
2018-06-09 09:15:00-08:00,19.275064369333336,17.312729,14.151469,14.481144,0.64292073
2018-06-09 09:30:00-08:00,17.727366085333333,16.962227,14.913909,15.325483,0.6555717
2018-06-09 09:45:00-08:00,19.01906295666667,20.000397,15.667233,16.223854,0.66803837
2018-06-09 10:00:00-08:00,18.475188044666663,18.620693,16.2262,16.96999,0.6790086
2018-06-09 10:15:00-08:00,20.731044553333334,14.54922,17.158854,17.458872,0.67594856
2018-06-09 10:30:00-08:00,19.16019736866667,15.959578,17.920319,17.910923,0.66813815
2018-06-09 10:45:00-08:00,23.88486327133333,22.195333,18.158333,18.207424,0.65611327
2018-06-09 11:00:00-08:00,24.189670197333328,17.21142,18.811268,18.491066,0.6704685
2018-06-09 11:15:00-08:00,22.09277086266667,17.533255,19.086697,18.69392,0.66943264
2018-06-09 11:30:00-08:00,24.400390610666665,23.068617,19.368889,18.793488,0.67945606
2018-06-09 11:45:00-08:00,25.80998476266667,15.751474,19.307755,18.909245,0.6621111
2018-06-09 12:00:00-08:00,22.68820898,17.762737,19.267292,19.032928,0.6459376
2018-06-09 12:15:00-08:00,16.948305553333334,21.63584,19.465538,19.069477,0.650991
2018-06-09 12:30:00-08:00,18.811917874666666,21.58149,19.26389,19.140747,0.64778036
2018-06-09 12:45:00-08:00,23.486877862,17.41985,19.086315,19.273575,0.65349704
2018-06-09 13:00:00-08:00,24.666264194,26.259304,18.441471,19.092,0.66181254
2018-06-09 13:15:00-08:00,25.554106506666667,24.667805,18.100985,18.897133,0.66603124
2018-06-09 13:30:00-08:00,23.62357074,21.189762,17.511505,18.681955,0.6690725
2018-06-09 13:45:00-08:00,21.639895393333333,20.172216,16.821762,18.383198,0.67116845
2018-06-09 14:00:00-08:00,21.776982128666663,9.823593,16.029037,17.814953,0.67927206
2018-06-09 14:15:00-08:00,20.071578468,20.35021,15.152927,17.08087,0.67635894
2018-06-09 14:30:00-08:00,16.72189846666667,13.446177,14.443947,16.321404,0.69202316
2018-06-09 14:45:00-08:00,17.890084456666667,12.618008,13.569439,15.413769,0.69062936
2018-06-09 15:00:00-08:00,16.523639596,13.556273,12.922674,14.185973,0.6890212
2018-06-09 15:15:00-08:00,15.154170985333332,13.487889,12.019252,13.044036,0.67611045
2018-06-09 15:30:00-08:00,14.661443650666667,13.381259,11.267679,11.818369,0.67194873
2018-06-09 15:45:00-08:00,14.644455264666666,15.429382,10.2757,10.633842,0.6664056
2018-06-09 16:00:00-08:00,13.259300808666666,10.921413,9.310662,9.419193,0.65853906
2018-06-09 16:15:00-08:00,10.990493326666666,12.657695,8.167669,8.180012,0.6584285
2018-06-09 16:30:00-08:00,10.677897810666666,9.717055,7.099664,6.9439187,0.64167744
2018-06-09 16:45:00-08:00,9.4492232652,10.255718,6.2995005,5.936167,0.6355789
2018-06-09 17:00:00-08:00,7.928370513866668,8.295889,5.3497715,4.9385395,0.62343276
2018-06-09 17:15:00-08:00,5.6652636372666665,4.38237,4.262322,4.0356684,0.59101707
2018-06-09 17:30:00-08:00,4.698745016,3.6667957,3.2794676,3.3142333,0.57706606
2018-06-09 17:45:00-08:00,4.107207329533334,3.9068348,2.457582,2.7475944,0.521328
2018-06-09 18:00:00-08:00,2.651520072533333,2.5296211,1.6041319,2.3675756,0.4502706
2018-06-09 18:15:00-08:00,1.8782413529333333,2.0386415,1.1787285,1.9763807,0.36881444
2018-06-09 18:30:00-08:00,1.0718964800666668,0.65365887,0.8169456,1.7768135,0.29379058
2018-06-09 18:45:00-08:00,0.4844564114666667,0.8385987,0.74978375,1.593389,0.21546495
2018-06-09 19:00:00-08:00,0.05454910786666659,0.019680073,0.563193,1.6284753,0.14143138
2018-06-09 19:15:00-08:00,0.0,0.0,0.5081042,1.6683664,0.08589071
2018-06-09 19:30:00-08:00,0.0,0.0,0.54372424,1.6849127,0.037647426
2018-06-09 19:45:00-08:00,0.0,0.0,0.0,0.0,0.0
2018-06-09 20:00:00-08:00,0.0,0.0,0.0,0.0,0.0
2018-06-09 20:15:00-08:00,0.0,0.0,0.0,0.0,0.0
2018-06-09 20:30:00-08:00,0.0,0.0,0.0,0.0,0.0
2018-06-09 20:45:00-08:00,0.0,0.0,0.0,0.0,0.0
2018-06-09 21:00:00-08:00,0.0,0.0,0.0,0.0,0.0
2018-06-09 21:15:00-08:00,0.0,0.0,0.0,0.0,0.0
2018-06-09 21:30:00-08:00,0.0,0.0,0.0,0.0,0.0
2018-06-09 21:45:00-08:00,0.0,0.0,0.0,0.0,0.0
2018-06-09 22:00:00-08:00,0.0,0.0,0.0,0.0,0.0
2018-06-09 22:15:00-08:00,0.0,0.0,0.0,0.0,0.0
2018-06-09 22:30:00-08:00,0.0,0.0,0.0,0.0,0.0
2018-06-09 22:45:00-08:00,0.0,0.0,0.0,0.0,0.0
2018-06-09 23:00:00-08:00,0.0,0.0,0.0,0.0,0.0
2018-06-09 23:15:00-08:00,0.0,0.0,0.0,0.0,0.0
2018-06-09 23:30:00-08:00,0.0,0.0,0.0,0.0,0.0
2018-06-09 23:45:00-08:00,0.0,0.0,0.0,0.0,0.0
2018-06-10 00:00:00-08:00,0.0,0.0,0.0,0.0,0.0
2018-06-10 00:15:00-08:00,0.0,0.0,0.0,0.0,0.0
2018-06-10 00:30:00-08:00,0.0,0.0,0.0,0.0,0.0
2018-06-10 00:45:00-08:00,0.0,0.0,0.0,0.0,0.0
2018-06-10 01:00:00-08:00,0.0,0.0,0.0,0.0,0.0
2018-06-10 01:15:00-08:00,0.0,0.0,0.0,0.0,0.0
2018-06-10 01:30:00-08:00,0.0,0.0,0.0,0.0,0.0
2018-06-10 01:45:00-08:00,0.0,0.0,0.0,0.0,0.0
2018-06-10 02:00:00-08:00,0.0,0.0,0.0,0.0,0.0
2018-06-10 02:15:00-08:00,0.0,0.0,0.0,0.0,0.0
2018-06-10 02:30:00-08:00,0.0,0.0,0.0,0.0,0.0
2018-06-10 02:45:00-08:00,0.0,0.0,0.0,0.0,0.0
2018-06-10 03:00:00-08:00,0.0,0.0,0.0,0.0,0.0
2018-06-10 03:15:00-08:00,0.0,0.0,0.0,0.0,0.0
2018-06-10 03:30:00-08:00,0.0,0.0,0.0,0.0,0.0
2018-06-10 03:45:00-08:00,0.0,0.0,0.0,0.0,0.0
2018-06-10 04:00:00-08:00,0.0,0.0,0.0,0.0,0.0
2018-06-10 04:15:00-08:00,0.0,0.0,0.0,0.0,0.0
2018-06-10 04:30:00-08:00,0.0,0.0,0.0,0.0,0.0
2018-06-10 04:45:00-08:00,0.0,0.13281661,0.0,0.3663528,0.04778125
2018-06-10 05:00:00-08:00,0.0024288051333333,0.2355411,0.0,0.52611905,0.06920526
2018-06-10 05:15:00-08:00,0.2001868920666666,0.04052577,0.0,0.80018413,0.098846465
2018-06-10 05:30:00-08:00,0.4684724601333332,0.6143446,0.0,1.0550632,0.12971795
2018-06-10 05:45:00-08:00,0.6325693125333333,0.77302885,0.0,1.4743946,0.16434692
2018-06-10 06:00:00-08:00,0.9540473753333334,1.1316085,0.3095088,1.9345279,0.2126618
2018-06-10 06:15:00-08:00,1.5039825777333329,1.844215,0.72289395,2.4373412,0.25061888
2018-06-10 06:30:00-08:00,2.444967153,2.586833,1.5996087,3.1670387,0.34565777
2018-06-10 06:45:00-08:00,3.8250014095333325,4.099969,2.5570269,3.9311235,0.40838858
2018-06-10 07:00:00-08:00,5.084123001133333,5.2095876,4.1682367,4.8924627,0.48195308
2018-06-10 07:15:00-08:00,7.030911989266666,6.175066,5.5972233,6.1005783,0.5331292
2018-06-10 07:30:00-08:00,8.363778394133334,8.056578,7.0508237,7.435541,0.59017646
2018-06-10 07:45:00-08:00,10.217072984,9.949857,8.834883,8.976541,0.6432824
2018-06-10 08:00:00-08:00,11.447659252,10.204458,10.757719,10.514668,0.67777395
2018-06-10 08:15:00-08:00,12.789333186666667,12.195427,12.565324,12.054394,0.7172629
2018-06-10 08:30:00-08:00,13.53007262333333,13.723585,14.2956295,13.655865,0.7430773
2018-06-10 08:45:00-08:00,15.050536463333332,14.269543,15.665598,15.205492,0.76744956
2018-06-10 09:00:00-08:00,16.74172529466667,16.155788,16.995644,16.524658,0.78770816
2018-06-10 09:15:00-08:00,18.255896046666667,18.239254,18.10931,17.754738,0.7890184
2018-06-10 09:30:00-08:00,19.394769895333333,18.187954,18.98566,18.684343,0.8016138
2018-06-10 09:45:00-08:00,19.766015310666667,19.567905,19.973549,19.788443,0.81605047
2018-06-10 10:00:00-08:00,20.445964638666663,20.577873,20.543516,20.713003,0.8284233
2018-06-10 10:15:00-08:00,21.189435894666666,20.887589,21.594688,21.372849,0.8226079
2018-06-10 10:30:00-08:00,22.186553872666668,21.266655,22.43915,21.97715,0.81436
2018-06-10 10:45:00-08:00,22.918544318,22.578295,22.694294,22.5067,0.7983122
2018-06-10 11:00:00-08:00,23.50178228933333,22.97105,23.443443,23.001911,0.817708
2018-06-10 11:15:00-08:00,23.63824957733333,22.556355,23.651806,23.341476,0.8166325
2018-06-10 11:30:00-08:00,23.86202770066667,23.809183,24.151318,23.588984,0.82496595
2018-06-10 11:45:00-08:00,24.028534942666667,23.64974,24.163155,23.8135,0.8041371
2018-06-10 12:00:00-08:00,24.264761574,23.716858,24.323536,24.011074,0.7841549
2018-06-10 12:15:00-08:00,24.65854821266667,23.812258,24.624046,23.89993,0.7934444
2018-06-10 12:30:00-08:00,24.54087402933333,22.270536,24.550304,23.824226,0.7896157
2018-06-10 12:45:00-08:00,24.440990952666667,23.77228,24.242746,23.797173,0.8007345
2018-06-10 13:00:00-08:00,24.27945774866667,23.031641,23.464514,23.295998,0.8141558
2018-06-10 13:15:00-08:00,23.972296824666667,23.4454,23.2809,22.920715,0.8229305
2018-06-10 13:30:00-08:00,23.740614369333333,21.989954,22.7153,22.65577,0.83228195
2018-06-10 13:45:00-08:00,23.47312046933333,22.706429,22.024345,22.340214,0.8362099
2018-06-10 14:00:00-08:00,23.017313506,20.757736,21.48368,21.902203,0.8470457
2018-06-10 14:15:00-08:00,22.342400311333336,20.606075,21.045837,21.39923,0.8453663
2018-06-10 14:30:00-08:00,21.696229094,18.158728,20.565655,20.78816,0.86290133
2018-06-10 14:45:00-08:00,20.84164833466667,17.917526,20.003521,20.106504,0.85906434
2018-06-10 15:00:00-08:00,19.97140338133333,18.11386,19.518362,19.070143,0.8567462
2018-06-10 15:15:00-08:00,19.026678724000003,17.962849,18.797235,18.133331,0.8399858
2018-06-10 15:30:00-08:00,18.03623412,15.991245,17.831741,16.942623,0.83773667
2018-06-10 15:45:00-08:00,16.937609453333334,15.717709,16.776348,15.692753,0.8337195
2018-06-10 16:00:00-08:00,15.746397268666668,14.261976,15.57123,14.353523,0.82500255
2018-06-10 16:15:00-08:00,14.41181696733333,13.630495,14.054704,12.799796,0.82639575
2018-06-10 16:30:00-08:00,12.977049763333332,12.502504,12.562971,11.195557,0.8056061
2018-06-10 16:45:00-08:00,11.448717825333333,10.697064,11.297546,9.730454,0.79586387
2018-06-10 17:00:00-08:00,9.8306024676,9.450111,9.796677,8.168827,0.77124953
2018-06-10 17:15:00-08:00,8.140521869599999,7.7151155,7.853963,6.609877,0.7203805
2018-06-10 17:30:00-08:00,6.441555372933333,5.6305017,6.1322308,5.250262,0.6896251
2018-06-10 17:45:00-08:00,4.769869539666667,4.571386,4.438007,3.9995592,0.6027275
2018-06-10 18:00:00-08:00,3.208942996866666,3.5186725,2.9037476,3.0145097,0.50208
2018-06-10 18:15:00-08:00,1.840000858533333,2.1332312,1.850857,2.055806,0.39533317
2018-06-10 18:30:00-08:00,0.8000328397999998,1.2956408,0.82985294,1.3161706,0.30305257
2018-06-10 18:45:00-08:00,0.1938264319333333,0.6730753,0.34795475,0.78567314,0.20582338
2018-06-10 19:00:00-08:00,0.0016830229999999,0.0,0.05172885,0.39372656,0.12149337
2018-06-10 19:15:00-08:00,0.0,0.047061514,0.0,0.24282579,0.06100176
2018-06-10 19:30:00-08:00,0.0,0.24341285,0.0,0.11004744,0.0054790424
2018-06-10 19:45:00-08:00,0.0,0.0,0.0,0.0,0.0
2018-06-10 20:00:00-08:00,0.0,0.0,0.0,0.0,0.0
2018-06-10 20:15:00-08:00,0.0,0.0,0.0,0.0,0.0
2018-06-10 20:30:00-08:00,0.0,0.0,0.0,0.0,0.0
2018-06-10 20:45:00-08:00,0.0,0.0,0.0,0.0,0.0
2018-06-10 21:00:00-08:00,0.0,0.0,0.0,0.0,0.0
2018-06-10 21:15:00-08:00,0.0,0.0,0.0,0.0,0.0
2018-06-10 21:30:00-08:00,0.0,0.0,0.0,0.0,0.0
2018-06-10 21:45:00-08:00,0.0,0.0,0.0,0.0,0.0
2018-06-10 22:00:00-08:00,0.0,0.0,0.0,0.0,0.0
2018-06-10 22:15:00-08:00,0.0,0.0,0.0,0.0,0.0
2018-06-10 22:30:00-08:00,0.0,0.0,0.0,0.0,0.0
2018-06-10 22:45:00-08:00,0.0,0.0,0.0,0.0,0.0
2018-06-10 23:00:00-08:00,0.0,0.0,0.0,0.0,0.0
2018-06-10 23:15:00-08:00,0.0,0.0,0.0,0.0,0.0
2018-06-10 23:30:00-08:00,0.0,0.0,0.0,0.0,0.0
2018-06-10 23:45:00-08:00,0.0,0.0,0.0,0.0,0.0
2018-06-11 00:00:00-08:00,0.0,0.0,0.0,0.0,0.0
2018-06-11 00:15:00-08:00,0.0,0.0,0.0,0.0,0.0
2018-06-11 00:30:00-08:00,0.0,0.0,0.0,0.0,0.0
2018-06-11 00:45:00-08:00,0.0,0.0,0.0,0.0,0.0
2018-06-11 01:00:00-08:00,0.0,0.0,0.0,0.0,0.0
2018-06-11 01:15:00-08:00,0.0,0.0,0.0,0.0,0.0
2018-06-11 01:30:00-08:00,0.0,0.0,0.0,0.0,0.0
2018-06-11 01:45:00-08:00,0.0,0.0,0.0,0.0,0.0
2018-06-11 02:00:00-08:00,0.0,0.0,0.0,0.0,0.0
2018-06-11 02:15:00-08:00,0.0,0.0,0.0,0.0,0.0
2018-06-11 02:30:00-08:00,0.0,0.0,0.0,0.0,0.0
2018-06-11 02:45:00-08:00,0.0,0.0,0.0,0.0,0.0
2018-06-11 03:00:00-08:00,0.0,0.0,0.0,0.0,0.0
2018-06-11 03:15:00-08:00,0.0,0.0,0.0,0.0,0.0
2018-06-11 03:30:00-08:00,0.0,0.0,0.0,0.0,0.0
2018-06-11 03:45:00-08:00,0.0,0.0,0.0,0.0,0.0
2018-06-11 04:00:00-08:00,0.0,0.0,0.0,0.0,0.0
2018-06-11 04:15:00-08:00,0.0,0.0,0.0,0.0,0.0
2018-06-11 04:30:00-08:00,0.0,0.0,0.0,0.0,0.0
2018-06-11 04:45:00-08:00,0.0,0.077622406,0.0,0.47381204,0.030862771
2018-06-11 05:00:00-08:00,0.0,0.2520913,0.0,0.5493741,0.05133555
2018-06-11 05:15:00-08:00,0.0820523151999999,0.24111646,0.010661971,0.6779733,0.07798814
2018-06-11 05:30:00-08:00,0.2412761291999999,0.31866145,0.1252445,0.81015444,0.10671596
2018-06-11 05:45:00-08:00,0.3901808218666667,0.8981754,0.55996037,1.0628911,0.14201213
2018-06-11 06:00:00-08:00,0.5696052073333333,1.0757427,0.9328644,1.361438,0.18968444
2018-06-11 06:15:00-08:00,1.1560480122666668,1.5780369,1.2851502,1.7003682,0.22778629
2018-06-11 06:30:00-08:00,2.2211785724666666,2.5270934,2.0586,2.2147198,0.32531264
2018-06-11 06:45:00-08:00,3.5892166272,3.5953364,2.9498308,2.828392,0.38890463
2018-06-11 07:00:00-08:00,5.101376268133333,4.778756,4.4259434,3.5855718,0.46424896
2018-06-11 07:15:00-08:00,6.728354382933332,5.8273754,5.770858,4.6667194,0.5179165
2018-06-11 07:30:00-08:00,8.348182580733333,7.701687,7.0105543,5.887913,0.57958674
2018-06-11 07:45:00-08:00,9.9050648394,9.683073,8.610316,7.342249,0.6360147
2018-06-11 08:00:00-08:00,11.414065868,11.00947,10.369743,8.8536415,0.67317224
2018-06-11 08:15:00-08:00,12.839379148,11.684357,12.056846,10.389432,0.71540546
2018-06-11 08:30:00-08:00,14.226911694666668,14.087885,13.510978,12.075123,0.7416523
2018-06-11 08:45:00-08:00,15.528793616,14.188433,14.746453,13.716896,0.7687417
2018-06-11 09:00:00-08:00,16.719296756000002,15.695427,15.927761,15.172472,0.7887631
2018-06-11 09:15:00-08:00,17.721216163333334,17.273247,16.835571,16.536,0.79030484
2018-06-11 09:30:00-08:00,18.762156996666665,18.6621,17.497566,17.602837,0.80296737
2018-06-11 09:45:00-08:00,19.667445718,19.411825,18.367687,18.80642,0.8192137
2018-06-11 10:00:00-08:00,20.464784416666664,20.176754,18.837711,19.791431,0.83417004
2018-06-11 10:15:00-08:00,21.192708038000003,20.624939,19.770578,20.43396,0.8287942
2018-06-11 10:30:00-08:00,21.91198010133333,21.483564,20.530867,21.074392,0.82178116
2018-06-11 10:45:00-08:00,22.382081912,22.009535,20.783396,21.580317,0.8052615
2018-06-11 11:00:00-08:00,22.87201571866667,23.081879,21.514683,22.06349,0.82405126
2018-06-11 11:15:00-08:00,23.204484884666662,22.520826,21.889273,22.412811,0.8232313
2018-06-11 11:30:00-08:00,23.459320806,22.951918,22.411268,22.700409,0.8305304
2018-06-11 11:45:00-08:00,23.59212807133333,23.360619,22.600414,22.974152,0.81081235
2018-06-11 12:00:00-08:00,23.583583264,23.556929,22.996616,23.21322,0.7922437
2018-06-11 12:15:00-08:00,23.666621255333336,23.019426,23.511133,23.15128,0.80255806
2018-06-11 12:30:00-08:00,23.653219708666665,23.507542,23.612291,23.148106,0.797589
2018-06-11 12:45:00-08:00,23.73348341133333,23.210342,23.474339,23.246828,0.81060684
2018-06-11 13:00:00-08:00,23.698928922666667,22.721825,23.070263,22.827843,0.8237424
2018-06-11 13:15:00-08:00,23.410072022,23.047459,22.9192,22.565205,0.8343603
2018-06-11 13:30:00-08:00,22.98786851,22.534626,22.491404,22.385023,0.84478164
2018-06-11 13:45:00-08:00,22.512006305333333,21.070423,22.009903,22.189774,0.85109305
2018-06-11 14:00:00-08:00,21.982884225333333,21.68498,21.521027,21.850918,0.86210334
2018-06-11 14:15:00-08:00,21.349320102,21.234934,21.052395,21.477993,0.85989594
2018-06-11 14:30:00-08:00,20.70736574733333,20.537918,20.704462,21.014778,0.87888646
2018-06-11 14:45:00-08:00,20.006617656,19.158335,20.084938,20.465288,0.8754605
2018-06-11 15:00:00-08:00,19.34960792533333,18.608944,19.51039,19.538633,0.8729327
2018-06-11 15:15:00-08:00,18.292912720666667,17.853584,18.624958,18.791775,0.85869586
2018-06-11 15:30:00-08:00,17.204723659333336,16.452122,17.690498,17.778996,0.8572991
2018-06-11 15:45:00-08:00,16.203889688,15.276773,16.463804,16.762062,0.8574594
2018-06-11 16:00:00-08:00,14.97084253,13.954791,15.158819,15.632437,0.85244805
2018-06-11 16:15:00-08:00,13.71100000133333,13.041066,13.489819,14.309467,0.8583353
2018-06-11 16:30:00-08:00,12.273019496666668,11.795701,11.923262,12.865454,0.84219635
2018-06-11 16:45:00-08:00,10.590657984133337,10.296419,10.564206,11.5588665,0.83591294
2018-06-11 17:00:00-08:00,9.145698949933331,8.944922,8.985823,10.072691,0.8090542
2018-06-11 17:15:00-08:00,7.621331176266665,7.375541,7.154422,8.528881,0.7543611
2018-06-11 17:30:00-08:00,6.174453218333333,5.819369,5.4468813,7.078275,0.7183118
2018-06-11 17:45:00-08:00,4.6678640334,4.6768665,3.8871841,5.6341653,0.6228441
2018-06-11 18:00:00-08:00,3.2464592172,3.4532354,2.5538373,4.4029074,0.5142752
2018-06-11 18:15:00-08:00,1.914664671933333,1.9837525,1.6371388,3.1628122,0.40101665
2018-06-11 18:30:00-08:00,0.8601608847999999,0.8862868,0.80951893,2.1081057,0.30463138
2018-06-11 18:45:00-08:00,0.1698103209999999,0.6371567,0.47167155,1.2899439,0.20353818
2018-06-11 19:00:00-08:00,0.0,0.031822525,0.25379825,0.658947,0.11808668
2018-06-11 19:15:00-08:00,0.0,0.0,0.09912367,0.37213117,0.05811683
2018-06-11 19:30:00-08:00,0.0,0.0,0.17363337,0.10505477,0.0042372243
2018-06-11 19:45:00-08:00,0.0,0.0,0.0,0.0,0.0
2018-06-11 20:00:00-08:00,0.0,0.0,0.0,0.0,0.0
2018-06-11 20:15:00-08:00,0.0,0.0,0.0,0.0,0.0
2018-06-11 20:30:00-08:00,0.0,0.0,0.0,0.0,0.0
2018-06-11 20:45:00-08:00,0.0,0.0,0.0,0.0,0.0
2018-06-11 21:00:00-08:00,0.0,0.0,0.0,0.0,0.0
2018-06-11 21:15:00-08:00,0.0,0.0,0.0,0.0,0.0
2018-06-11 21:30:00-08:00,0.0,0.0,0.0,0.0,0.0
2018-06-11 21:45:00-08:00,0.0,0.0,0.0,0.0,0.0
2018-06-11 22:00:00-08:00,0.0,0.0,0.0,0.0,0.0
2018-06-11 22:15:00-08:00,0.0,0.0,0.0,0.0,0.0
2018-06-11 22:30:00-08:00,0.0,0.0,0.0,0.0,0.0
2018-06-11 22:45:00-08:00,0.0,0.0,0.0,0.0,0.0
2018-06-11 23:00:00-08:00,0.0,0.0,0.0,0.0,0.0
2018-06-11 23:15:00-08:00,0.0,0.0,0.0,0.0,0.0
2018-06-11 23:30:00-08:00,0.0,0.0,0.0,0.0,0.0
2018-06-11 23:45:00-08:00,0.0,0.0,0.0,0.0,0.0
2018-06-12 00:00:00-08:00,0.0,0.0,0.0,0.0,0.0
2018-06-12 00:15:00-08:00,0.0,0.0,0.0,0.0,0.0
2018-06-12 00:30:00-08:00,0.0,0.0,0.0,0.0,0.0
2018-06-12 00:45:00-08:00,0.0,0.0,0.0,0.0,0.0
2018-06-12 01:00:00-08:00,0.0,0.0,0.0,0.0,0.0
2018-06-12 01:15:00-08:00,0.0,0.0,0.0,0.0,0.0
2018-06-12 01:30:00-08:00,0.0,0.0,0.0,0.0,0.0
2018-06-12 01:45:00-08:00,0.0,0.0,0.0,0.0,0.0
2018-06-12 02:00:00-08:00,0.0,0.0,0.0,0.0,0.0
2018-06-12 02:15:00-08:00,0.0,0.0,0.0,0.0,0.0
2018-06-12 02:30:00-08:00,0.0,0.0,0.0,0.0,0.0
2018-06-12 02:45:00-08:00,0.0,0.0,0.0,0.0,0.0
2018-06-12 03:00:00-08:00,0.0,0.0,0.0,0.0,0.0
2018-06-12 03:15:00-08:00,0.0,0.0,0.0,0.0,0.0
2018-06-12 03:30:00-08:00,0.0,0.0,0.0,0.0,0.0
2018-06-12 03:45:00-08:00,0.0,0.0,0.0,0.0,0.0
2018-06-12 04:00:00-08:00,0.0,0.0,0.0,0.0,0.0
2018-06-12 04:15:00-08:00,0.0,0.0,0.0,0.0,0.0
2018-06-12 04:30:00-08:00,0.0,0.0,0.0,0.0,0.0
2018-06-12 04:45:00-08:00,0.0,0.0,0.0,0.53294086,0.033997744
2018-06-12 05:00:00-08:00,0.00197491,0.09329733,0.0,0.60060585,0.055840127
2018-06-12 05:15:00-08:00,0.0998937987333333,0.045574434,0.0,0.70795166,0.08352141
2018-06-12 05:30:00-08:00,0.2457728435999999,0.29372212,0.072892964,0.81962156,0.113036424
2018-06-12 05:45:00-08:00,0.39373735573333324,0.8185221,0.5068704,1.0440078,0.1493155
2018-06-12 06:00:00-08:00,0.5844412485333333,0.8323354,0.87540567,1.3084399,0.19651186
2018-06-12 06:15:00-08:00,1.206769907133333,1.3474106,1.1931167,1.6154866,0.23401894
2018-06-12 06:30:00-08:00,2.2536596852,2.1258993,1.926204,2.1055536,0.33076656
2018-06-12 06:45:00-08:00,3.573658597133333,3.4639506,2.7743418,2.6855824,0.39356115
2018-06-12 07:00:00-08:00,5.012251531266667,4.7888913,4.2387114,3.4175901,0.46758538
2018-06-12 07:15:00-08:00,6.634659505999999,5.747607,5.528268,4.481094,0.5204574
2018-06-12 07:30:00-08:00,8.271110512,7.8076544,6.687488,5.699032,0.5810408
2018-06-12 07:45:00-08:00,9.7977727564,9.43465,8.256204,7.1344004,0.6352943
2018-06-12 08:00:00-08:00,11.268122514666668,11.137602,10.001743,8.643978,0.67068934
2018-06-12 08:15:00-08:00,12.685700828666668,11.767345,11.620263,10.17835,0.71184874
2018-06-12 08:30:00-08:00,13.968166036,14.110521,13.029787,11.854948,0.7379215
2018-06-12 08:45:00-08:00,15.114608248666665,15.253311,14.262728,13.500535,0.7641516
2018-06-12 09:00:00-08:00,16.306164292666665,16.702824,15.385423,14.956837,0.78435457
2018-06-12 09:15:00-08:00,17.33527558533333,17.053553,16.290913,16.330854,0.7865722
2018-06-12 09:30:00-08:00,18.25573398333333,18.16183,17.002182,17.417213,0.7998331
2018-06-12 09:45:00-08:00,19.07388715733333,19.245148,17.920296,18.635096,0.8163391
2018-06-12 10:00:00-08:00,19.728221626666667,19.783972,18.485302,19.639263,0.8331293
2018-06-12 10:15:00-08:00,20.37628177733333,20.52676,19.536165,20.317986,0.8290846
2018-06-12 10:30:00-08:00,20.976702941333333,20.99992,20.455114,20.971529,0.82306993
2018-06-12 10:45:00-08:00,21.603393338666667,21.842674,20.850163,21.495417,0.80779564
2018-06-12 11:00:00-08:00,22.17265312666667,22.614315,21.73167,21.985397,0.82759213
2018-06-12 11:15:00-08:00,22.566201090000003,22.428204,22.264559,22.343908,0.82773024
2018-06-12 11:30:00-08:00,22.917650080666665,23.019764,22.898731,22.637085,0.836038
2018-06-12 11:45:00-08:00,23.060331453333333,23.087482,23.170698,22.904064,0.81838477
2018-06-12 12:00:00-08:00,23.26216572466667,22.973307,23.615082,23.158535,0.8017795
2018-06-12 12:15:00-08:00,23.36059350933333,23.045427,24.197857,23.108286,0.8134608
2018-06-12 12:30:00-08:00,23.258412964666665,23.375648,24.369507,23.12457,0.8085766
2018-06-12 12:45:00-08:00,23.129034438,22.977192,24.294003,23.238365,0.82234573
2018-06-12 13:00:00-08:00,22.892050576,22.560318,23.906109,22.859928,0.8354807
2018-06-12 13:15:00-08:00,22.542374095333333,23.170036,23.805046,22.620085,0.84637153
2018-06-12 13:30:00-08:00,22.19217212533333,22.370241,23.417377,22.467901,0.85730517
2018-06-12 13:45:00-08:00,21.791456116666662,22.048918,22.943748,22.291595,0.86363876
2018-06-12 14:00:00-08:00,21.490321766666668,21.388485,22.406338,21.969538,0.8738018
2018-06-12 14:15:00-08:00,20.952303472666667,20.76816,21.855873,21.605108,0.87080973
2018-06-12 14:30:00-08:00,20.346747256666664,20.991419,21.424692,21.141502,0.8886046
2018-06-12 14:45:00-08:00,19.649567132,19.621054,20.780878,20.595215,0.88373756
2018-06-12 15:00:00-08:00,18.741560810666662,18.712563,20.143173,19.665247,0.8806012
2018-06-12 15:15:00-08:00,17.83024947266667,17.692856,19.158352,18.903196,0.86535215
2018-06-12 15:30:00-08:00,16.703663352,16.749819,18.118809,17.875023,0.86127746
2018-06-12 15:45:00-08:00,15.790686715999996,15.679832,16.751442,16.839188,0.85920835
2018-06-12 16:00:00-08:00,14.61357606,14.231234,15.286871,15.68647,0.85211366
2018-06-12 16:15:00-08:00,13.324538261999999,13.270016,13.496599,14.348731,0.8558576
2018-06-12 16:30:00-08:00,11.988292195999998,11.875785,11.789122,12.891506,0.83707464
2018-06-12 16:45:00-08:00,10.505348413266669,10.504357,10.231982,11.562105,0.82862914
2018-06-12 17:00:00-08:00,8.980326888866665,8.870876,8.508776,10.059191,0.79854786
2018-06-12 17:15:00-08:00,7.457798639933333,7.5669436,6.5866632,8.506919,0.7420938
2018-06-12 17:30:00-08:00,5.966617278533334,5.8398075,4.816593,7.0609245,0.7037764
2018-06-12 17:45:00-08:00,4.5514573498,4.657498,3.2307248,5.6335444,0.60815173
2018-06-12 18:00:00-08:00,3.173270216466667,3.4535398,1.966674,4.40755,0.4995942
2018-06-12 18:15:00-08:00,1.9074546429333332,1.9246935,1.1049645,3.1898139,0.38894057
2018-06-12 18:30:00-08:00,0.8541934388666665,0.92311853,0.40010875,2.151905,0.2959203
2018-06-12 18:45:00-08:00,0.1973072041333333,0.24229044,0.18095069,1.3538347,0.1974051
2018-06-12 19:00:00-08:00,0.0017094399333332998,0.40330857,0.07289961,0.737291,0.11544795
2018-06-12 19:15:00-08:00,0.0,0.0,0.0,0.44296563,0.05735548
2018-06-12 19:30:00-08:00,0.0,0.0,0.14167646,0.17892048,0.006078834
2018-06-12 19:45:00-08:00,0.0,0.0,0.0,0.0,0.0
2018-06-12 20:00:00-08:00,0.0,0.0,0.0,0.0,0.0
2018-06-12 20:15:00-08:00,0.0,0.0,0.0,0.0,0.0
2018-06-12 20:30:00-08:00,0.0,0.0,0.0,0.0,0.0
2018-06-12 20:45:00-08:00,0.0,0.0,0.0,0.0,0.0
2018-06-12 21:00:00-08:00,0.0,0.0,0.0,0.0,0.0
2018-06-12 21:15:00-08:00,0.0,0.0,0.0,0.0,0.0
2018-06-12 21:30:00-08:00,0.0,0.0,0.0,0.0,0.0
2018-06-12 21:45:00-08:00,0.0,0.0,0.0,0.0,0.0
2018-06-12 22:00:00-08:00,0.0,0.0,0.0,0.0,0.0
2018-06-12 22:15:00-08:00,0.0,0.0,0.0,0.0,0.0
2018-06-12 22:30:00-08:00,0.0,0.0,0.0,0.0,0.0
2018-06-12 22:45:00-08:00,0.0,0.0,0.0,0.0,0.0
2018-06-12 23:00:00-08:00,0.0,0.0,0.0,0.0,0.0
2018-06-12 23:15:00-08:00,0.0,0.0,0.0,0.0,0.0
2018-06-12 23:30:00-08:00,0.0,0.0,0.0,0.0,0.0
2018-06-12 23:45:00-08:00,0.0,0.0,0.0,0.0,0.0
2018-06-13 00:00:00-08:00,0.0,0.0,0.0,0.0,0.0
2018-06-13 00:15:00-08:00,0.0,0.0,0.0,0.0,0.0
2018-06-13 00:30:00-08:00,0.0,0.0,0.0,0.0,0.0
2018-06-13 00:45:00-08:00,0.0,0.0,0.0,0.0,0.0
2018-06-13 01:00:00-08:00,0.0,0.0,0.0,0.0,0.0
2018-06-13 01:15:00-08:00,0.0,0.0,0.0,0.0,0.0
2018-06-13 01:30:00-08:00,0.0,0.0,0.0,0.0,0.0
2018-06-13 01:45:00-08:00,0.0,0.0,0.0,0.0,0.0
2018-06-13 02:00:00-08:00,0.0,0.0,0.0,0.0,0.0
2018-06-13 02:15:00-08:00,0.0,0.0,0.0,0.0,0.0
2018-06-13 02:30:00-08:00,0.0,0.0,0.0,0.0,0.0
2018-06-13 02:45:00-08:00,0.0,0.0,0.0,0.0,0.0
2018-06-13 03:00:00-08:00,0.0,0.0,0.0,0.0,0.0
2018-06-13 03:15:00-08:00,0.0,0.0,0.0,0.0,0.0
2018-06-13 03:30:00-08:00,0.0,0.0,0.0,0.0,0.0
2018-06-13 03:45:00-08:00,0.0,0.0,0.0,0.0,0.0
2018-06-13 04:00:00-08:00,0.0,0.0,0.0,0.0,0.0
2018-06-13 04:15:00-08:00,0.0,0.0,0.0,0.0,0.0
2018-06-13 04:30:00-08:00,0.0,0.0,0.0,0.0,0.0
2018-06-13 04:45:00-08:00,0.0,0.006260547,0.0,0.5015328,0.030231927
2018-06-13 05:00:00-08:00,0.0077012435333333,0.18620692,0.0,0.58852583,0.052649517
2018-06-13 05:15:00-08:00,0.1444324504666666,0.06894429,0.0,0.7164533,0.08227595
2018-06-13 05:30:00-08:00,0.3414479286666667,0.30094373,0.0,0.8366974,0.11302116
2018-06-13 05:45:00-08:00,0.5203614733333333,0.8135786,0.43193424,1.0859106,0.15084991
2018-06-13 06:00:00-08:00,0.7276755719333333,0.98668474,0.83034164,1.3677197,0.19962059
2018-06-13 06:15:00-08:00,1.3545760276,1.7105322,1.1738176,1.6735609,0.23713204
2018-06-13 06:30:00-08:00,2.3794953016666667,2.367913,1.9457095,2.178379,0.33501393
2018-06-13 06:45:00-08:00,3.6616420928666655,3.5789056,2.843886,2.7727823,0.39860237
2018-06-13 07:00:00-08:00,4.8555646764,5.0731297,4.3567643,3.510403,0.4728117
2018-06-13 07:15:00-08:00,6.563548156866666,6.006885,5.7025466,4.580959,0.5259517
2018-06-13 07:30:00-08:00,8.393425132933332,7.6399884,6.9529824,5.797784,0.58549196
2018-06-13 07:45:00-08:00,9.932543118,9.402744,8.572675,7.2661524,0.6407564
2018-06-13 08:00:00-08:00,11.443065542,10.703128,10.385883,8.781544,0.67698205
2018-06-13 08:15:00-08:00,12.838930862,11.912773,12.059492,10.332233,0.7173792
2018-06-13 08:30:00-08:00,14.17295891733333,14.229129,13.558981,12.035479,0.7428256
2018-06-13 08:45:00-08:00,15.38709168733333,15.745144,14.823044,13.68947,0.7701366
2018-06-13 09:00:00-08:00,16.537618855999998,16.62228,16.068575,15.155025,0.7909704
2018-06-13 09:15:00-08:00,17.57846106,17.257908,17.03756,16.543972,0.792758
2018-06-13 09:30:00-08:00,18.539552790666665,18.2751,17.755013,17.614447,0.80527693
2018-06-13 09:45:00-08:00,19.38230361533333,18.90806,18.724785,18.854572,0.8205566
2018-06-13 10:00:00-08:00,20.11251110266667,18.75986,19.19678,19.867949,0.83620405
2018-06-13 10:15:00-08:00,20.770609453333336,20.656342,20.159897,20.539524,0.83123446
2018-06-13 10:30:00-08:00,21.27812631,20.968828,20.94863,21.208326,0.8239027
2018-06-13 10:45:00-08:00,21.769881654,21.688206,21.14577,21.746088,0.8077202
2018-06-13 11:00:00-08:00,22.27088396266667,22.335518,21.88515,22.262196,0.8271394
2018-06-13 11:15:00-08:00,22.748005398000004,22.314524,22.275826,22.636223,0.82699776
2018-06-13 11:30:00-08:00,23.030737303333336,22.921236,22.812878,22.943855,0.8351807
2018-06-13 11:45:00-08:00,23.154899672,23.03246,23.020617,23.23936,0.8170755
2018-06-13 12:00:00-08:00,23.352541684666665,23.397188,23.55704,23.51138,0.80042493
2018-06-13 12:15:00-08:00,23.42184974133333,23.190212,24.152704,23.458984,0.81153595
2018-06-13 12:30:00-08:00,23.401836521333333,23.348776,24.368666,23.468788,0.8068707
2018-06-13 12:45:00-08:00,23.31418037,23.619877,24.260601,23.576458,0.820543
2018-06-13 13:00:00-08:00,23.31418037,22.878065,23.928013,23.166924,0.8342033
2018-06-13 13:15:00-08:00,23.31418037,23.641462,23.786987,22.908178,0.84504676
2018-06-13 13:30:00-08:00,23.31418037,22.539532,23.3359,22.737349,0.8563386
2018-06-13 13:45:00-08:00,23.31418037,22.315454,22.783792,22.53749,0.863052
2018-06-13 14:00:00-08:00,23.31418037,21.407722,22.1627,22.200111,0.8745223
2018-06-13 14:15:00-08:00,23.31418037,21.030525,21.5936,21.825718,0.87351143
2018-06-13 14:30:00-08:00,23.31418037,20.32248,21.140429,21.326609,0.8926294
2018-06-13 14:45:00-08:00,23.31418037,19.453217,20.437603,20.75625,0.88790596
2018-06-13 15:00:00-08:00,23.31418037,18.432098,19.752714,19.805208,0.8860109
2018-06-13 15:15:00-08:00,23.31418037,18.05342,18.769907,19.033293,0.8721251
2018-06-13 15:30:00-08:00,23.31418037,16.031755,17.776604,17.974396,0.87043065
2018-06-13 15:45:00-08:00,23.31418037,14.660005,16.516989,16.920876,0.8707357
2018-06-13 16:00:00-08:00,23.31418037,14.02359,15.152117,15.739611,0.8656306
2018-06-13 16:15:00-08:00,23.31418037,13.136441,13.476618,14.364561,0.8714229
2018-06-13 16:30:00-08:00,23.31418037,12.686245,11.868831,12.87562,0.85291904
2018-06-13 16:45:00-08:00,23.31418037,10.379687,10.397068,11.522971,0.8435141
2018-06-13 17:00:00-08:00,23.31418037,8.921762,8.7228565,9.990729,0.8112694
2018-06-13 17:15:00-08:00,23.31418037,7.5449767,6.8227086,8.418495,0.7495076
2018-06-13 17:30:00-08:00,23.31418037,6.3842974,5.0500565,6.950698,0.706407
2018-06-13 17:45:00-08:00,23.31418037,4.62958,3.4247983,5.5110426,0.6049762
2018-06-13 18:00:00-08:00,23.31418037,3.5993161,2.142751,4.2934246,0.4923621
2018-06-13 18:15:00-08:00,23.31418037,1.9234335,1.2795608,3.0820427,0.3800153
2018-06-13 18:30:00-08:00,23.31418037,1.0745504,0.55407476,2.0586212,0.28691158
2018-06-13 18:45:00-08:00,23.31418037,0.32623214,0.31702915,1.273396,0.19022804
2018-06-13 19:00:00-08:00,23.31418037,0.20491287,0.20113416,0.6715069,0.110144086
2018-06-13 19:15:00-08:00,23.31418037,0.07281111,0.10503937,0.40678656,0.053628344
2018-06-13 19:30:00-08:00,23.31418037,0.11037876,0.2363158,0.13941261,0.002075876
2018-06-13 19:45:00-08:00,23.31418037,0.0,0.0,0.0,0.0
2018-06-13 20:00:00-08:00,23.31418037,0.0,0.0,0.0,0.0
2018-06-13 20:15:00-08:00,23.31418037,0.0,0.0,0.0,0.0
2018-06-13 20:30:00-08:00,23.31418037,0.0,0.0,0.0,0.0
2018-06-13 20:45:00-08:00,23.31418037,0.0,0.0,0.0,0.0
2018-06-13 21:00:00-08:00,23.31418037,0.0,0.0,0.0,0.0
2018-06-13 21:15:00-08:00,5.723190496666667,0.0,0.0,0.0,0.0
2018-06-13 21:30:00-08:00,0.0,0.0,0.0,0.0,0.0
2018-06-13 21:45:00-08:00,0.0,0.0,0.0,0.0,0.0
2018-06-13 22:00:00-08:00,0.0,0.0,0.0,0.0,0.0
2018-06-13 22:15:00-08:00,0.0,0.0,0.0,0.0,0.0
2018-06-13 22:30:00-08:00,0.0,0.0,0.0,0.0,0.0
2018-06-13 22:45:00-08:00,0.0,0.0,0.0,0.0,0.0
2018-06-13 23:00:00-08:00,0.0,0.0,0.0,0.0,0.0
2018-06-13 23:15:00-08:00,0.0,0.0,0.0,0.0,0.0
2018-06-13 23:30:00-08:00,0.0,0.0,0.0,0.0,0.0
2018-06-13 23:45:00-08:00,0.0,0.0,0.0,0.0,0.0
2018-06-14 00:00:00-08:00,0.0,0.0,0.0,0.0,0.0
2018-06-14 00:15:00-08:00,0.0,0.0,0.0,0.0,0.0
2018-06-14 00:30:00-08:00,0.0,0.0,0.0,0.0,0.0
2018-06-14 00:45:00-08:00,0.0,0.0,0.0,0.0,0.0
2018-06-14 01:00:00-08:00,0.0,0.0,0.0,0.0,0.0
2018-06-14 01:15:00-08:00,0.0,0.0,0.0,0.0,0.0
2018-06-14 01:30:00-08:00,0.0,0.0,0.0,0.0,0.0
2018-06-14 01:45:00-08:00,0.0,0.0,0.0,0.0,0.0
2018-06-14 02:00:00-08:00,0.0,0.0,0.0,0.0,0.0
2018-06-14 02:15:00-08:00,0.0,0.0,0.0,0.0,0.0
2018-06-14 02:30:00-08:00,0.0,0.0,0.0,0.0,0.0
2018-06-14 02:45:00-08:00,0.0,0.0,0.0,0.0,0.0
2018-06-14 03:00:00-08:00,0.0,0.0,0.0,0.0,0.0
2018-06-14 03:15:00-08:00,0.0,0.0,0.0,0.0,0.0
2018-06-14 03:30:00-08:00,0.0,0.0,0.0,0.0,0.0
2018-06-14 03:45:00-08:00,0.0,0.0,0.0,0.0,0.0
2018-06-14 04:00:00-08:00,0.0,0.0,0.0,0.0,0.0
2018-06-14 04:15:00-08:00,0.0,0.0,0.0,0.0,0.0
2018-06-14 04:30:00-08:00,0.0,0.0,0.0,0.0,0.0
2018-06-14 04:45:00-08:00,0.0,0.077622406,0.0,0.604772,0.043084174
2018-06-14 05:00:00-08:00,0.0054753281333333,0.24632402,0.0,0.6844201,0.063357644
2018-06-14 05:15:00-08:00,0.1294169740666666,0.10705644,0.0,0.8079468,0.09095256
2018-06-14 05:30:00-08:00,0.3226783068,0.3799435,0.0,0.91443443,0.12133632
2018-06-14 05:45:00-08:00,0.4860520064,1.0359964,0.39828134,1.1529922,0.15659672
2018-06-14 06:00:00-08:00,0.6794526421999999,1.247218,0.7924986,1.4123394,0.20480344
2018-06-14 06:15:00-08:00,1.2905645910666663,1.8804154,1.1173295,1.7006459,0.24252342
2018-06-14 06:30:00-08:00,2.2706504774000003,2.4588752,1.844411,2.2003443,0.33763927
2018-06-14 06:45:00-08:00,3.607338246866666,3.5956016,2.7303443,2.7727766,0.39974365
2018-06-14 07:00:00-08:00,5.016846081933334,4.491931,4.136311,3.4997587,0.47345728
2018-06-14 07:15:00-08:00,6.8567486344666655,5.39281,5.445558,4.5589247,0.5251639
2018-06-14 07:30:00-08:00,8.525929591333332,8.005529,6.6603603,5.775996,0.584725
2018-06-14 07:45:00-08:00,10.147208278866666,9.489369,8.227427,7.2249203,0.6378099
2018-06-14 08:00:00-08:00,11.722414292666665,10.899213,10.01038,8.731694,0.6743756
2018-06-14 08:15:00-08:00,13.151570570666665,12.09104,11.646294,10.269812,0.7149533
2018-06-14 08:30:00-08:00,14.628622647333334,14.187014,13.091467,11.944184,0.74214894
2018-06-14 08:45:00-08:00,15.997770571999999,15.285776,14.356747,13.580416,0.7679026
2018-06-14 09:00:00-08:00,17.256192961333333,16.204369,15.5350485,15.016986,0.7887595
2018-06-14 09:15:00-08:00,18.338992285333333,17.350855,16.484652,16.402992,0.7891933
2018-06-14 09:30:00-08:00,19.364415792666662,18.344513,17.205599,17.459082,0.8003905
2018-06-14 09:45:00-08:00,20.301749006666668,18.990189,18.073662,18.701939,0.8124938
2018-06-14 10:00:00-08:00,21.11190728733333,19.9138,18.562618,19.71735,0.8253363
2018-06-14 10:15:00-08:00,21.832351444666667,20.449234,19.480331,20.426823,0.81801116
2018-06-14 10:30:00-08:00,22.11073993933333,21.752216,20.231289,21.111101,0.80688
2018-06-14 10:45:00-08:00,22.625031452666665,21.450834,20.46599,21.67009,0.7927642
2018-06-14 11:00:00-08:00,22.966757454,22.659428,21.155691,22.198933,0.8108094
2018-06-14 11:15:00-08:00,23.031005644666667,22.257532,21.433538,22.588963,0.80866045
2018-06-14 11:30:00-08:00,23.610019654,23.149937,21.807419,22.911636,0.8147626
2018-06-14 11:45:00-08:00,24.230479089999996,23.099354,21.879452,23.20195,0.79408765
2018-06-14 12:00:00-08:00,24.77717906133333,23.002813,22.140867,23.48393,0.7756535
2018-06-14 12:15:00-08:00,25.076229066666663,23.365177,22.544874,23.435038,0.78402203
2018-06-14 12:30:00-08:00,24.87208924533333,23.791317,22.57389,23.45105,0.7760369
2018-06-14 12:45:00-08:00,24.771031581999996,23.606693,22.492393,23.554886,0.78540933
2018-06-14 13:00:00-08:00,24.719522240666663,23.006659,22.081335,23.171911,0.79662967
2018-06-14 13:15:00-08:00,24.467055739333333,23.232939,21.968254,22.918858,0.80383265
2018-06-14 13:30:00-08:00,24.11559550533333,22.276928,21.548317,22.760338,0.81152755
2018-06-14 13:45:00-08:00,23.62514851133333,21.694944,21.08723,22.567183,0.8163475
2018-06-14 14:00:00-08:00,22.989293136,21.054049,20.576752,22.241499,0.8242412
2018-06-14 14:15:00-08:00,22.216941141333333,20.920593,20.042185,21.871681,0.8207637
2018-06-14 14:30:00-08:00,21.320694140666667,20.470882,19.66151,21.380474,0.8385416
2018-06-14 14:45:00-08:00,20.57989508733333,19.48919,19.019766,20.816172,0.8346314
2018-06-14 15:00:00-08:00,19.67464123333333,18.154928,18.4709,19.867838,0.8343314
2018-06-14 15:15:00-08:00,18.779087027333336,17.953547,17.597906,19.083647,0.8218719
2018-06-14 15:30:00-08:00,17.763892563333332,16.529587,16.802248,18.012568,0.81985384
2018-06-14 15:45:00-08:00,16.654002857333335,15.136887,15.744573,16.939926,0.82076365
2018-06-14 16:00:00-08:00,15.29334685,14.166175,14.622595,15.736008,0.8154323
2018-06-14 16:15:00-08:00,13.932727606,13.201252,13.221706,14.345156,0.8214635
2018-06-14 16:30:00-08:00,12.433768541333333,11.743717,11.871376,12.843859,0.8041252
2018-06-14 16:45:00-08:00,10.986020668666669,10.527351,10.643877,11.467108,0.7946434
2018-06-14 17:00:00-08:00,9.444478396266668,8.871924,9.1236725,9.919536,0.76497626
2018-06-14 17:15:00-08:00,7.875942396066666,7.374358,7.3431687,8.34004,0.70752203
2018-06-14 17:30:00-08:00,6.346516492066667,5.8478575,5.5583744,6.888558,0.6669624
2018-06-14 17:45:00-08:00,4.7124782628,4.6136894,3.9440084,5.4739566,0.5746714
2018-06-14 18:00:00-08:00,3.2612151984666657,3.7634635,2.5473044,4.26252,0.47020358
2018-06-14 18:15:00-08:00,1.9694053378000003,1.8300791,1.5406368,3.072401,0.3634957
2018-06-14 18:30:00-08:00,0.9749487244666666,0.9582064,0.6853193,2.0602548,0.27510673
2018-06-14 18:45:00-08:00,0.3489960316666666,0.46064138,0.29341453,1.2893183,0.18323825
2018-06-14 19:00:00-08:00,0.0349049871999999,0.82624966,0.09013584,0.6918617,0.104668625
2018-06-14 19:15:00-08:00,0.0,0.060449727,0.0,0.40825623,0.04976295
2018-06-14 19:30:00-08:00,0.0,0.040292893,0.053270135,0.13935468,0.0
2018-06-14 19:45:00-08:00,0.0,0.0,0.0,0.0,0.0
2018-06-14 20:00:00-08:00,0.0,0.0,0.0,0.0,0.0
2018-06-14 20:15:00-08:00,0.0,0.0,0.0,0.0,0.0
2018-06-14 20:30:00-08:00,0.0,0.0,0.0,0.0,0.0
2018-06-14 20:45:00-08:00,0.0,0.0,0.0,0.0,0.0
2018-06-14 21:00:00-08:00,0.0,0.0,0.0,0.0,0.0
2018-06-14 21:15:00-08:00,0.0,0.0,0.0,0.0,0.0
2018-06-14 21:30:00-08:00,0.0,0.0,0.0,0.0,0.0
2018-06-14 21:45:00-08:00,0.0,0.0,0.0,0.0,0.0
2018-06-14 22:00:00-08:00,0.0,0.0,0.0,0.0,0.0
2018-06-14 22:15:00-08:00,0.0,0.0,0.0,0.0,0.0
2018-06-14 22:30:00-08:00,0.0,0.0,0.0,0.0,0.0
2018-06-14 22:45:00-08:00,0.0,0.0,0.0,0.0,0.0
2018-06-14 23:00:00-08:00,0.0,0.0,0.0,0.0,0.0
2018-06-14 23:15:00-08:00,0.0,0.0,0.0,0.0,0.0
2018-06-14 23:30:00-08:00,0.0,0.0,0.0,0.0,0.0
2018-06-14 23:45:00-08:00,0.0,0.0,0.0,0.0,0.0
2018-06-15 00:00:00-08:00,0.0,0.0,0.0,0.0,0.0
2018-06-15 00:15:00-08:00,0.0,0.0,0.0,0.0,0.0
2018-06-15 00:30:00-08:00,0.0,0.0,0.0,0.0,0.0
2018-06-15 00:45:00-08:00,0.0,0.0,0.0,0.0,0.0
2018-06-15 01:00:00-08:00,0.0,0.0,0.0,0.0,0.0
2018-06-15 01:15:00-08:00,0.0,0.0,0.0,0.0,0.0
2018-06-15 01:30:00-08:00,0.0,0.0,0.0,0.0,0.0
2018-06-15 01:45:00-08:00,0.0,0.0,0.0,0.0,0.0
2018-06-15 02:00:00-08:00,0.0,0.0,0.0,0.0,0.0
2018-06-15 02:15:00-08:00,0.0,0.0,0.0,0.0,0.0
2018-06-15 02:30:00-08:00,0.0,0.0,0.0,0.0,0.0
2018-06-15 02:45:00-08:00,0.0,0.0,0.0,0.0,0.0
2018-06-15 03:00:00-08:00,0.0,0.0,0.0,0.0,0.0
2018-06-15 03:15:00-08:00,0.0,0.0,0.0,0.0,0.0
2018-06-15 03:30:00-08:00,0.0,0.0,0.0,0.0,0.0
2018-06-15 03:45:00-08:00,0.0,0.0,0.0,0.0,0.0
2018-06-15 04:00:00-08:00,0.0,0.0,0.0,0.0,0.0
2018-06-15 04:15:00-08:00,0.0,0.0,0.0,0.0,0.0
2018-06-15 04:30:00-08:00,0.0,0.0,0.0,0.0,0.0
2018-06-15 04:45:00-08:00,0.0,0.08416703,0.0,0.6209204,0.050412174
2018-06-15 05:00:00-08:00,0.0028389241333333,0.31838965,0.0,0.71486145,0.06940082
2018-06-15 05:15:00-08:00,0.1263227653999999,0.1955668,0.0,0.85314524,0.08893873
2018-06-15 05:30:00-08:00,0.2780723246666667,0.76464933,0.10055548,0.9742584,0.11158812
2018-06-15 05:45:00-08:00,0.4397818715333333,0.95552754,0.56989664,1.2285793,0.13916244
2018-06-15 06:00:00-08:00,0.6534203550666667,1.5351818,0.9144347,1.5037186,0.17990424
2018-06-15 06:15:00-08:00,1.2594260852,2.1354659,1.2469894,1.8014379,0.21145523
2018-06-15 06:30:00-08:00,2.2405744635333336,2.7579708,1.9736834,2.3195362,0.30222616
2018-06-15 06:45:00-08:00,3.578920585333333,4.292345,2.805489,2.9012837,0.3590405
2018-06-15 07:00:00-08:00,4.913106486466667,5.065084,4.242732,3.6376026,0.43003607
2018-06-15 07:15:00-08:00,6.596401180066667,5.644454,5.535777,4.701829,0.4815696
2018-06-15 07:30:00-08:00,8.382967026666668,6.804057,6.765726,5.9258814,0.53948605
2018-06-15 07:45:00-08:00,10.035184492466668,8.604021,8.401645,7.3757133,0.59435606
2018-06-15 08:00:00-08:00,11.606495468,10.278629,10.290313,8.877849,0.62986106
2018-06-15 08:15:00-08:00,13.245848286666666,11.187586,12.114472,10.415129,0.67540497
2018-06-15 08:30:00-08:00,14.79858711,13.256443,13.779337,12.074716,0.70577395
2018-06-15 08:45:00-08:00,16.19837194333333,14.966375,15.313278,13.698742,0.7364768
2018-06-15 09:00:00-08:00,17.496801738666665,16.619764,16.796946,15.123398,0.762907
2018-06-15 09:15:00-08:00,18.679874162666668,18.435558,17.94086,16.497707,0.76809895
2018-06-15 09:30:00-08:00,19.767944905333334,17.776993,18.761032,17.542027,0.78494036
2018-06-15 09:45:00-08:00,20.581423816666668,19.00909,19.743992,18.785156,0.80316293
2018-06-15 10:00:00-08:00,21.608341554000003,20.283546,20.19836,19.807278,0.82374305
2018-06-15 10:15:00-08:00,22.248861170666668,21.216372,21.077625,20.531263,0.82298553
2018-06-15 10:30:00-08:00,22.936978820666667,21.720507,21.723389,21.222391,0.81541944
2018-06-15 10:45:00-08:00,23.53456359733333,22.175177,21.739874,21.794498,0.80288625
2018-06-15 11:00:00-08:00,23.787737529333334,22.524284,22.282494,22.330725,0.82325685
2018-06-15 11:15:00-08:00,24.468075072,22.930962,22.458948,22.720428,0.8247705
2018-06-15 11:30:00-08:00,24.843255642666666,24.10077,22.73938,23.045391,0.8323517
2018-06-15 11:45:00-08:00,25.300613428666665,23.857302,22.680286,23.329191,0.81525403
2018-06-15 12:00:00-08:00,25.443993794666667,23.940958,22.991798,23.605494,0.7980448
2018-06-15 12:15:00-08:00,25.235180701333327,23.758766,23.395979,23.546875,0.8091681
2018-06-15 12:30:00-08:00,25.27215809466667,24.644638,23.525442,23.551605,0.8013004
2018-06-15 12:45:00-08:00,25.110436522,24.172848,23.440891,23.636908,0.8106022
2018-06-15 13:00:00-08:00,24.864745047333333,22.86195,23.160667,23.239756,0.82160914
2018-06-15 13:15:00-08:00,24.617587542666666,24.023708,23.120214,22.969233,0.82798237
2018-06-15 13:30:00-08:00,24.382578119999998,23.094555,22.740902,22.799454,0.8338571
2018-06-15 13:45:00-08:00,24.07152306533333,22.747568,22.293388,22.591862,0.8362751
2018-06-15 14:00:00-08:00,23.707544534666667,21.92353,21.667374,22.259024,0.84248954
2018-06-15 14:15:00-08:00,23.195184463333334,22.704296,21.109444,21.880941,0.8397379
2018-06-15 14:30:00-08:00,22.51965391,21.328573,20.619785,21.378855,0.8563242
2018-06-15 14:45:00-08:00,21.438359008000003,20.338469,19.883509,20.810015,0.84824157
2018-06-15 15:00:00-08:00,20.538717422666668,18.628765,19.092197,19.857546,0.84291583
2018-06-15 15:15:00-08:00,19.58828405533333,18.6699,18.112259,19.059132,0.82912755
2018-06-15 15:30:00-08:00,18.572424177333332,17.310543,17.176441,17.973118,0.8255502
2018-06-15 15:45:00-08:00,17.315436326666667,15.715006,15.9411335,16.87711,0.82359
2018-06-15 16:00:00-08:00,16.010751582,14.641751,14.708668,15.6509495,0.8157708
2018-06-15 16:15:00-08:00,14.608609581333331,13.264612,13.1344185,14.234417,0.81858075
2018-06-15 16:30:00-08:00,13.058141864666666,12.230064,11.663759,12.715407,0.8010476
2018-06-15 16:45:00-08:00,11.503764152,10.584195,10.293097,11.319064,0.7934735
2018-06-15 17:00:00-08:00,9.8598387452,9.294343,8.749617,9.760353,0.76519024
2018-06-15 17:15:00-08:00,8.239220991066666,7.4757633,6.958255,8.174154,0.71343803
2018-06-15 17:30:00-08:00,6.593542976399999,6.1995153,5.2602215,6.729717,0.67890155
2018-06-15 17:45:00-08:00,4.935524672933333,4.594736,3.727044,5.332012,0.5958147
2018-06-15 18:00:00-08:00,3.3707788066,3.5863848,2.4800286,4.1384597,0.5020616
2018-06-15 18:15:00-08:00,2.003000417533334,2.173707,1.6525472,2.9709682,0.40004903
2018-06-15 18:30:00-08:00,0.9355331322,0.96852005,0.90911126,1.9790361,0.31556728
2018-06-15 18:45:00-08:00,0.272064165,0.29436076,0.6204411,1.2325268,0.2243528
2018-06-15 19:00:00-08:00,0.0101017156,0.30805892,0.5058152,0.64877355,0.14180493
2018-06-15 19:15:00-08:00,0.0,0.0,0.40963918,0.37260914,0.083281636
2018-06-15 19:30:00-08:00,0.0,0.13559768,0.5235446,0.11304096,0.029595144
2018-06-15 19:45:00-08:00,0.0,0.0,0.0,0.0,0.0
2018-06-15 20:00:00-08:00,0.0,0.0,0.0,0.0,0.0
2018-06-15 20:15:00-08:00,0.0,0.0,0.0,0.0,0.0
2018-06-15 20:30:00-08:00,0.0,0.0,0.0,0.0,0.0
2018-06-15 20:45:00-08:00,0.0,0.0,0.0,0.0,0.0
2018-06-15 21:00:00-08:00,0.0,0.0,0.0,0.0,0.0
2018-06-15 21:15:00-08:00,0.0,0.0,0.0,0.0,0.0
2018-06-15 21:30:00-08:00,0.0,0.0,0.0,0.0,0.0
2018-06-15 21:45:00-08:00,0.0,0.0,0.0,0.0,0.0
2018-06-15 22:00:00-08:00,0.0,0.0,0.0,0.0,0.0
2018-06-15 22:15:00-08:00,0.0,0.0,0.0,0.0,0.0
2018-06-15 22:30:00-08:00,0.0,0.0,0.0,0.0,0.0
2018-06-15 22:45:00-08:00,0.0,0.0,0.0,0.0,0.0
2018-06-15 23:00:00-08:00,0.0,0.0,0.0,0.0,0.0
2018-06-15 23:15:00-08:00,0.0,0.0,0.0,0.0,0.0
2018-06-15 23:30:00-08:00,0.0,0.0,0.0,0.0,0.0
2018-06-15 23:45:00-08:00,0.0,0.0,0.0,0.0,0.0
2018-06-16 00:00:00-08:00,0.0,0.0,0.0,0.0,0.0
2018-06-16 00:15:00-08:00,0.0,0.0,0.0,0.0,0.0
2018-06-16 00:30:00-08:00,0.0,0.0,0.0,0.0,0.0
2018-06-16 00:45:00-08:00,0.0,0.0,0.0,0.0,0.0
2018-06-16 01:00:00-08:00,0.0,0.0,0.0,0.0,0.0
2018-06-16 01:15:00-08:00,0.0,0.0,0.0,0.0,0.0
2018-06-16 01:30:00-08:00,0.0,0.0,0.0,0.0,0.0
2018-06-16 01:45:00-08:00,0.0,0.0,0.0,0.0,0.0
2018-06-16 02:00:00-08:00,0.0,0.0,0.0,0.0,0.0
2018-06-16 02:15:00-08:00,0.0,0.0,0.0,0.0,0.0
2018-06-16 02:30:00-08:00,0.0,0.0,0.0,0.0,0.0
2018-06-16 02:45:00-08:00,0.0,0.0,0.0,0.0,0.0
2018-06-16 03:00:00-08:00,0.0,0.0,0.0,0.0,0.0
2018-06-16 03:15:00-08:00,0.0,0.0,0.0,0.0,0.0
2018-06-16 03:30:00-08:00,0.0,0.0,0.0,0.0,0.0
2018-06-16 03:45:00-08:00,0.0,0.0,0.0,0.0,0.0
2018-06-16 04:00:00-08:00,0.0,0.0,0.0,0.0,0.0
2018-06-16 04:15:00-08:00,0.0,0.0,0.0,0.0,0.0
2018-06-16 04:30:00-08:00,0.0,0.0,0.0,0.0,0.0
2018-06-16 04:45:00-08:00,0.0,0.20674667,0.12906206,0.6305245,0.070430286
2018-06-16 05:00:00-08:00,0.0052461456666666,0.15111998,0.09551572,0.74002016,0.09089462
2018-06-16 05:15:00-08:00,0.1323178228,0.136798,0.2699798,0.90084374,0.111195356
2018-06-16 05:30:00-08:00,0.3259310558,0.45816877,0.46895894,1.0399243,0.1351209
2018-06-16 05:45:00-08:00,0.4722548237999999,0.7210212,0.94449234,1.3223301,0.16427068
2018-06-16 06:00:00-08:00,0.6472740456,1.430309,1.2811822,1.6226747,0.20224476
2018-06-16 06:15:00-08:00,1.2800893038666663,2.1713028,1.64119,1.9393666,0.23277572
2018-06-16 06:30:00-08:00,2.3184151039333334,3.284439,2.3208008,2.4868546,0.31566626
2018-06-16 06:45:00-08:00,3.5942661304000008,4.096891,3.1693344,3.0985165,0.36815807
2018-06-16 07:00:00-08:00,5.038836929533333,5.3536806,4.5459747,3.8696501,0.43525574
2018-06-16 07:15:00-08:00,6.706817271533335,6.492464,5.855857,4.957986,0.48440188
2018-06-16 07:30:00-08:00,8.337089965133332,8.141644,7.050908,6.204548,0.539135
2018-06-16 07:45:00-08:00,9.882152611666667,9.2556925,8.68478,7.6849003,0.58883446
2018-06-16 08:00:00-08:00,11.434544811333334,11.218251,10.591109,9.206877,0.61748
2018-06-16 08:15:00-08:00,12.872943499333331,12.014875,12.381222,10.765137,0.6603569
2018-06-16 08:30:00-08:00,14.211478602,13.890756,14.006222,12.426548,0.6890213
2018-06-16 08:45:00-08:00,15.532255641333334,15.2646475,15.5327835,14.049034,0.71754175
2018-06-16 09:00:00-08:00,16.64938590866667,16.387152,16.934643,15.4608965,0.74467194
2018-06-16 09:15:00-08:00,17.701129698666666,17.700592,18.035412,16.812794,0.74757063
2018-06-16 09:30:00-08:00,18.70493710533333,19.09743,18.846895,17.825933,0.76522577
2018-06-16 09:45:00-08:00,19.602278798666667,19.9354,19.780548,19.050621,0.7837552
2018-06-16 10:00:00-08:00,20.301108894666665,20.381804,20.295258,20.04964,0.80775833
2018-06-16 10:15:00-08:00,20.968102984666668,21.439829,21.195137,20.754585,0.81021
2018-06-16 10:30:00-08:00,21.66824421933333,21.09239,21.850412,21.429554,0.8073213
2018-06-16 10:45:00-08:00,22.214548054666665,22.451862,21.91798,21.995451,0.7971817
2018-06-16 11:00:00-08:00,22.690124908,23.860538,22.473122,22.525883,0.81873834
2018-06-16 11:15:00-08:00,22.926322476666662,23.898266,22.565098,22.914925,0.8229109
2018-06-16 11:30:00-08:00,23.234047975333336,24.879456,22.697721,23.237925,0.83174586
2018-06-16 11:45:00-08:00,23.45718094,23.51281,22.535057,23.522602,0.8168471
2018-06-16 12:00:00-08:00,23.72857897133333,23.332521,22.654545,23.800854,0.80169886
2018-06-16 12:15:00-08:00,23.829488226666665,23.528912,22.921482,23.736053,0.8145177
2018-06-16 12:30:00-08:00,23.714163614,23.587753,23.00651,23.73244,0.8043008
2018-06-16 12:45:00-08:00,23.53194969533333,23.683115,22.992537,23.798246,0.81300884
2018-06-16 13:00:00-08:00,23.32871968666667,23.411932,22.806412,23.376415,0.8232188
2018-06-16 13:15:00-08:00,23.032526214666664,24.339886,22.956568,23.077341,0.8288065
2018-06-16 13:30:00-08:00,22.686412306,23.514105,22.804825,22.883453,0.83179855
2018-06-16 13:45:00-08:00,23.113413206666667,23.020765,22.669827,22.644726,0.8342752
2018-06-16 14:00:00-08:00,23.191690372,22.79838,22.27149,22.282234,0.83892435
2018-06-16 14:15:00-08:00,22.78088801066667,23.29111,21.829773,21.868505,0.8321754
2018-06-16 14:30:00-08:00,21.99946849333333,21.136017,21.592943,21.325626,0.84515315
2018-06-16 14:45:00-08:00,21.321198013333333,20.375319,20.959934,20.719288,0.83443755
2018-06-16 15:00:00-08:00,20.532730148,19.823883,20.257969,19.738468,0.828497
2018-06-16 15:15:00-08:00,19.49831388,18.533653,19.202961,18.90068,0.8114451
2018-06-16 15:30:00-08:00,18.431269182,16.738089,18.227901,17.777027,0.803045
2018-06-16 15:45:00-08:00,17.458079098,15.463388,16.822346,16.639616,0.79375744
2018-06-16 16:00:00-08:00,16.093175108666667,14.7273245,15.436977,15.3825,0.77757883
2018-06-16 16:15:00-08:00,14.775101664,14.048295,13.696466,13.925667,0.77324814
2018-06-16 16:30:00-08:00,13.288602723333334,12.09466,12.128388,12.379225,0.7473086
2018-06-16 16:45:00-08:00,11.664449044,11.073278,10.637132,10.961267,0.73745817
2018-06-16 17:00:00-08:00,10.013431488333334,9.091083,8.967421,9.3863325,0.7078925
2018-06-16 17:15:00-08:00,8.420147393,7.5237823,7.1700296,7.802247,0.660943
2018-06-16 17:30:00-08:00,6.7312353706,6.137352,5.3879356,6.370006,0.6304972
2018-06-16 17:45:00-08:00,4.951347013066667,4.8337827,3.8115072,5.0007486,0.5565647
2018-06-16 18:00:00-08:00,3.4389198238000005,3.2590585,2.5619755,3.8552392,0.4703582
2018-06-16 18:15:00-08:00,2.067830618,1.7512281,1.7047505,2.7413118,0.3769396
2018-06-16 18:30:00-08:00,0.9385854218666667,1.0584756,0.9189383,1.8112518,0.29946643
2018-06-16 18:45:00-08:00,0.2197958216,0.46810246,0.6094705,1.1183659,0.21665516
2018-06-16 19:00:00-08:00,0.0,0.0,0.5295061,0.59061944,0.14195271
2018-06-16 19:15:00-08:00,0.0,0.0,0.44501168,0.3509249,0.086887866
2018-06-16 19:30:00-08:00,0.0,0.2574414,0.602874,0.12311641,0.03880128
2018-06-16 19:45:00-08:00,0.0,0.0,0.0,0.0,0.0
2018-06-16 20:00:00-08:00,0.0,0.0,0.0,0.0,0.0
2018-06-16 20:15:00-08:00,0.0,0.0,0.0,0.0,0.0
2018-06-16 20:30:00-08:00,0.0,0.0,0.0,0.0,0.0
2018-06-16 20:45:00-08:00,0.0,0.0,0.0,0.0,0.0
2018-06-16 21:00:00-08:00,0.0,0.0,0.0,0.0,0.0
2018-06-16 21:15:00-08:00,0.0,0.0,0.0,0.0,0.0
2018-06-16 21:30:00-08:00,0.0,0.0,0.0,0.0,0.0
2018-06-16 21:45:00-08:00,0.0,0.0,0.0,0.0,0.0
2018-06-16 22:00:00-08:00,0.0,0.0,0.0,0.0,0.0
2018-06-16 22:15:00-08:00,0.0,0.0,0.0,0.0,0.0
2018-06-16 22:30:00-08:00,0.0,0.0,0.0,0.0,0.0
2018-06-16 22:45:00-08:00,0.0,0.0,0.0,0.0,0.0
2018-06-16 23:00:00-08:00,0.0,0.0,0.0,0.0,0.0
2018-06-16 23:15:00-08:00,0.0,0.0,0.0,0.0,0.0
2018-06-16 23:30:00-08:00,0.0,0.0,0.0,0.0,0.0
2018-06-16 23:45:00-08:00,0.0,0.0,0.0,0.0,0.0
2018-06-17 00:00:00-08:00,0.0,0.0,0.0,0.0,0.0
2018-06-17 00:15:00-08:00,0.0,0.0,0.0,0.0,0.0
2018-06-17 00:30:00-08:00,0.0,0.0,0.0,0.0,0.0
2018-06-17 00:45:00-08:00,0.0,0.0,0.0,0.0,0.0
2018-06-17 01:00:00-08:00,0.0,0.0,0.0,0.0,0.0
2018-06-17 01:15:00-08:00,0.0,0.0,0.0,0.0,0.0
2018-06-17 01:30:00-08:00,0.0,0.0,0.0,0.0,0.0
2018-06-17 01:45:00-08:00,0.0,0.0,0.0,0.0,0.0
2018-06-17 02:00:00-08:00,0.0,0.0,0.0,0.0,0.0
2018-06-17 02:15:00-08:00,0.0,0.0,0.0,0.0,0.0
2018-06-17 02:30:00-08:00,0.0,0.0,0.0,0.0,0.0
2018-06-17 02:45:00-08:00,0.0,0.0,0.0,0.0,0.0
2018-06-17 03:00:00-08:00,0.0,0.0,0.0,0.0,0.0
2018-06-17 03:15:00-08:00,0.0,0.0,0.0,0.0,0.0
2018-06-17 03:30:00-08:00,0.0,0.0,0.0,0.0,0.0
2018-06-17 03:45:00-08:00,0.0,0.0,0.0,0.0,0.0
2018-06-17 04:00:00-08:00,0.0,0.0,0.0,0.0,0.0
2018-06-17 04:15:00-08:00,0.0,0.0,0.0,0.0,0.0
2018-06-17 04:30:00-08:00,0.0,0.0,0.0,0.0,0.0
2018-06-17 04:45:00-08:00,0.0,0.49113292,0.0,0.36916822,0.02279947
2018-06-17 05:00:00-08:00,0.0,0.42972916,0.0,0.42193303,0.03232106
2018-06-17 05:15:00-08:00,0.026593874399999995,0.37839139,0.0,0.43566182,0.040981144
2018-06-17 05:30:00-08:00,0.3187784763999999,0.5910177,0.0,0.49785352,0.050241318
2018-06-17 05:45:00-08:00,0.8139042092666667,0.87005556,0.15588126,0.57751435,0.067637235
2018-06-17 06:00:00-08:00,1.2525627725333333,0.87481904,0.4324016,0.75139976,0.09932594
2018-06-17 06:15:00-08:00,2.0320137027333334,1.5499732,0.6758933,0.9203376,0.12466705
2018-06-17 06:30:00-08:00,2.955329561133334,2.3217347,1.1999958,1.2546196,0.20879778
2018-06-17 06:45:00-08:00,3.4020532259333334,0.8295495,1.8540441,1.6883242,0.25887012
2018-06-17 07:00:00-08:00,3.996889913600001,4.488661,3.18062,2.2052689,0.32274178
2018-06-17 07:15:00-08:00,5.190063680600001,5.2317047,4.171421,3.0590193,0.3710983
2018-06-17 07:30:00-08:00,6.145598320533333,7.9132223,5.233634,4.097038,0.42389676
2018-06-17 07:45:00-08:00,6.595052695200001,8.872715,6.8468757,5.333783,0.480462
2018-06-17 08:00:00-08:00,8.302394855133334,8.897378,8.5070715,6.6416574,0.5188198
2018-06-17 08:15:00-08:00,9.397721415533333,12.611589,10.118149,8.071236,0.5655325
2018-06-17 08:30:00-08:00,9.2751908804,12.44607,11.701376,9.649124,0.5958576
2018-06-17 08:45:00-08:00,8.836130319066667,14.756075,13.087534,11.296569,0.6372819
2018-06-17 09:00:00-08:00,10.0138451706,14.14292,14.465318,12.850344,0.6716635
2018-06-17 09:15:00-08:00,9.351201005599998,14.095873,15.660482,14.282755,0.6783843
2018-06-17 09:30:00-08:00,11.1499066876,18.328264,17.004375,15.5977955,0.7041958
2018-06-17 09:45:00-08:00,16.518852710066668,22.063755,18.316515,16.977673,0.7292551
2018-06-17 10:00:00-08:00,17.329030794,19.701698,19.09121,18.179153,0.7545514
2018-06-17 10:15:00-08:00,17.141112748666668,20.633884,20.466871,19.007526,0.76327336
2018-06-17 10:30:00-08:00,22.931103625333336,23.964094,21.793484,19.814167,0.7610898
2018-06-17 10:45:00-08:00,18.704910736666665,22.420238,22.474497,20.427504,0.75688493
2018-06-17 11:00:00-08:00,22.621888440666662,20.118801,23.670937,21.043686,0.7748735
2018-06-17 11:15:00-08:00,18.457678988666668,25.613037,24.307463,21.465542,0.77859473
2018-06-17 11:30:00-08:00,20.26594602333333,25.258549,25.277374,21.839064,0.7871307
2018-06-17 11:45:00-08:00,25.22457003733333,21.98221,25.584166,22.21032,0.770324
2018-06-17 12:00:00-08:00,15.860983910399998,23.975082,26.230247,22.54789,0.75388
2018-06-17 12:15:00-08:00,26.233021480666665,24.577955,26.86525,22.60656,0.7691201
2018-06-17 12:30:00-08:00,27.221334651333333,24.568375,27.341738,22.752674,0.76454884
2018-06-17 12:45:00-08:00,22.21085337333333,23.918884,27.394379,23.005075,0.7758846
2018-06-17 13:00:00-08:00,20.792981644666668,22.751133,27.022781,22.78658,0.79001105
2018-06-17 13:15:00-08:00,12.758146790666666,25.372147,27.199543,22.6415,0.79979193
2018-06-17 13:30:00-08:00,23.307351403266665,24.535583,26.964645,22.605055,0.8021301
2018-06-17 13:45:00-08:00,22.201729644,21.597479,26.524086,22.52898,0.8084179
2018-06-17 14:00:00-08:00,23.265452750666668,19.76443,26.139423,22.340055,0.81788015
2018-06-17 14:15:00-08:00,22.60839602733333,23.384315,25.628761,22.085545,0.81843007
2018-06-17 14:30:00-08:00,15.411040468066664,20.317532,25.058983,21.682352,0.8422088
2018-06-17 14:45:00-08:00,19.711865654,19.401802,24.517633,21.273382,0.83675355
2018-06-17 15:00:00-08:00,20.24308230933333,18.683678,23.74031,20.43126,0.83583355
2018-06-17 15:15:00-08:00,18.705937612,19.11272,22.692951,19.781292,0.8284991
2018-06-17 15:30:00-08:00,17.643779912,15.910999,21.255577,18.844946,0.8248998
2018-06-17 15:45:00-08:00,16.308497016666667,15.8805275,19.511639,17.894218,0.8224977
2018-06-17 16:00:00-08:00,14.959785509999998,15.849515,17.412373,16.84026,0.81661403
2018-06-17 16:15:00-08:00,13.789355579333334,13.3263855,15.312695,15.567013,0.8220123
2018-06-17 16:30:00-08:00,12.355285211333332,12.808151,13.2524185,14.196695,0.80954736
2018-06-17 16:45:00-08:00,10.854315701333334,10.7622175,11.160013,12.923387,0.80916685
2018-06-17 17:00:00-08:00,9.376068331533334,7.9990525,9.195306,11.500071,0.78891367
2018-06-17 17:15:00-08:00,7.749463380266665,7.2171974,7.091773,9.937622,0.7506285
2018-06-17 17:30:00-08:00,6.183389231933332,5.897697,5.152713,8.443996,0.7261414
2018-06-17 17:45:00-08:00,4.667272286666667,4.3181806,3.3717864,6.955262,0.66087747
2018-06-17 18:00:00-08:00,3.2046503591999995,3.4552631,2.1844277,5.6080427,0.58324873
2018-06-17 18:15:00-08:00,1.9622174252,1.6927795,1.0555558,4.244877,0.48648155
2018-06-17 18:30:00-08:00,0.9895578921333331,0.8488475,0.23769929,3.051231,0.40693384
2018-06-17 18:45:00-08:00,0.3690120087333333,0.5855664,0.0,2.1143262,0.31335393
2018-06-17 19:00:00-08:00,0.0394846098666666,0.8056377,0.0,1.3287234,0.21628869
2018-06-17 19:15:00-08:00,0.0,0.0,0.0,0.88622636,0.14302468
2018-06-17 19:30:00-08:00,0.0,0.8838047,0.0,0.4967004,0.07804999
2018-06-17 19:45:00-08:00,0.0,0.0,0.0,0.0,0.0
2018-06-17 20:00:00-08:00,0.0,0.0,0.0,0.0,0.0
2018-06-17 20:15:00-08:00,0.0,0.0,0.0,0.0,0.0
2018-06-17 20:30:00-08:00,0.0,0.0,0.0,0.0,0.0
2018-06-17 20:45:00-08:00,0.0,0.0,0.0,0.0,0.0
2018-06-17 21:00:00-08:00,0.0,0.0,0.0,0.0,0.0
2018-06-17 21:15:00-08:00,0.0,0.0,0.0,0.0,0.0
2018-06-17 21:30:00-08:00,0.0,0.0,0.0,0.0,0.0
2018-06-17 21:45:00-08:00,0.0,0.0,0.0,0.0,0.0
2018-06-17 22:00:00-08:00,0.0,0.0,0.0,0.0,0.0
2018-06-17 22:15:00-08:00,0.0,0.0,0.0,0.0,0.0
2018-06-17 22:30:00-08:00,0.0,0.0,0.0,0.0,0.0
2018-06-17 22:45:00-08:00,0.0,0.0,0.0,0.0,0.0
2018-06-17 23:00:00-08:00,0.0,0.0,0.0,0.0,0.0
2018-06-17 23:15:00-08:00,0.0,0.0,0.0,0.0,0.0
2018-06-17 23:30:00-08:00,0.0,0.0,0.0,0.0,0.0
2018-06-17 23:45:00-08:00,0.0,0.0,0.0,0.0,0.0
2018-08-27 00:00:00-08:00,7.189756869999999,0.0,0.0,0.0,0.0
2018-08-27 00:15:00-08:00,7.189756869999999,0.0,0.0,0.0,0.0
2018-08-27 00:30:00-08:00,7.189756869999999,0.0,0.0,0.0,0.0
2018-08-27 00:45:00-08:00,7.189756869999999,0.0,0.0,0.0,0.0
2018-08-27 01:00:00-08:00,7.189756869999999,0.0,0.0,0.0,0.0
2018-08-27 01:15:00-08:00,7.189756869999999,0.0,0.0,0.0,0.0
2018-08-27 01:30:00-08:00,7.189756869999999,0.0,0.0,0.0,0.0
2018-08-27 01:45:00-08:00,7.189756869999999,0.0,0.0,0.0,0.0
2018-08-27 02:00:00-08:00,7.189756869999999,0.0,0.0,0.0,0.0
2018-08-27 02:15:00-08:00,7.189756869999999,0.0,0.0,0.0,0.0
2018-08-27 02:30:00-08:00,7.189756869999999,0.0,0.0,0.0,0.0
2018-08-27 02:45:00-08:00,7.189756869999999,0.0,0.0,0.0,0.0
2018-08-27 03:00:00-08:00,7.189756869999999,0.0,0.0,0.0,0.0
2018-08-27 03:15:00-08:00,7.189756869999999,0.0,0.0,0.0,0.0
2018-08-27 03:30:00-08:00,7.189756869999999,0.0,0.0,0.0,0.0
2018-08-27 03:45:00-08:00,7.189756869999999,0.0,0.0,0.0,0.0
2018-08-27 04:00:00-08:00,7.189756869999999,0.0,0.0,0.0,0.0
2018-08-27 04:15:00-08:00,7.189756869999999,0.0,0.0,0.0,0.0
2018-08-27 04:30:00-08:00,7.189756869999999,0.0,0.0,0.0,0.0
2018-08-27 04:45:00-08:00,7.189756869999999,0.0,0.0,0.0,0.0
2018-08-27 05:00:00-08:00,7.189756869999999,0.0,0.0,0.0,0.0
2018-08-27 05:15:00-08:00,7.189756869999999,0.0,0.0,0.0,0.0
2018-08-27 05:30:00-08:00,7.189756869999999,2.0631971,0.20186305,0.48817414,0.09212649
2018-08-27 05:45:00-08:00,7.189756869999999,1.4900906,0.3388034,0.5646138,0.12239854
2018-08-27 06:00:00-08:00,7.189756869999999,1.7525666,0.6240876,0.69639534,0.16447698
2018-08-27 06:15:00-08:00,7.189756869999999,1.3116312,0.6260599,0.8815799,0.20036119
2018-08-27 06:30:00-08:00,7.189756869999999,1.8656826,0.98858625,1.2528179,0.2890986
2018-08-27 06:45:00-08:00,7.189756869999999,2.8186445,1.4062754,1.6759129,0.34564903
2018-08-27 07:00:00-08:00,7.189756869999999,4.3954535,2.2519934,2.3315125,0.41484886
2018-08-27 07:15:00-08:00,7.189756869999999,4.40994,3.0818002,3.24755,0.46827534
2018-08-27 07:30:00-08:00,7.189756869999999,4.8921165,3.8324957,4.336953,0.5254193
2018-08-27 07:45:00-08:00,7.189756869999999,5.688559,5.1722045,5.665374,0.58118165
2018-08-27 08:00:00-08:00,7.189756869999999,8.046449,6.5826607,7.1333914,0.6126901
2018-08-27 08:15:00-08:00,7.189756869999999,8.72009,8.32889,8.670529,0.6547009
2018-08-27 08:30:00-08:00,7.189756869999999,8.9088,10.077425,10.259607,0.6825411
2018-08-27 08:45:00-08:00,7.189756869999999,10.090342,11.697142,12.002804,0.71156263
2018-08-27 09:00:00-08:00,7.189756869999999,13.775297,13.341309,13.503216,0.7356771
2018-08-27 09:15:00-08:00,7.189756869999999,13.423246,14.7806225,14.880743,0.7390678
2018-08-27 09:30:00-08:00,7.189756869999999,14.861219,16.010132,16.074043,0.7584073
2018-08-27 09:45:00-08:00,7.189756869999999,14.230256,17.342674,17.286991,0.7794501
2018-08-27 10:00:00-08:00,7.189756869999999,14.44681,18.035765,18.242819,0.80134517
2018-08-27 10:15:00-08:00,7.189756869999999,14.802964,18.951569,18.934742,0.8014908
2018-08-27 10:30:00-08:00,7.189756869999999,13.588598,19.75535,19.546427,0.79495215
2018-08-27 10:45:00-08:00,7.189756869999999,16.462883,19.990295,19.944635,0.78410065
2018-08-27 11:00:00-08:00,7.189756869999999,16.428827,20.520216,20.351515,0.804611
2018-08-27 11:15:00-08:00,7.189756869999999,16.60217,20.638996,20.703445,0.80472255
2018-08-27 11:30:00-08:00,7.189756869999999,17.075705,21.037464,20.925264,0.81583804
2018-08-27 11:45:00-08:00,7.189756869999999,18.759323,21.039112,21.159351,0.7945484
2018-08-27 12:00:00-08:00,7.189756869999999,18.286596,21.202253,21.405151,0.77684295
2018-08-27 12:15:00-08:00,7.189756869999999,16.279703,21.588844,21.474842,0.7863276
2018-08-27 12:30:00-08:00,7.189756869999999,14.987987,21.708143,21.590992,0.7757272
2018-08-27 12:45:00-08:00,7.189756869999999,15.204153,21.652979,21.716293,0.7833604
2018-08-27 13:00:00-08:00,7.189756869999999,15.463551,21.299482,21.521578,0.7902909
2018-08-27 13:15:00-08:00,7.189756869999999,18.76148,21.178265,21.272858,0.7950037
2018-08-27 13:30:00-08:00,7.189756869999999,15.019049,20.843073,21.120161,0.7944001
2018-08-27 13:45:00-08:00,7.189756869999999,18.514713,20.335995,20.886662,0.79736763
2018-08-27 14:00:00-08:00,7.189756869999999,18.823595,19.802702,20.439682,0.80021405
2018-08-27 14:15:00-08:00,7.189756869999999,18.053572,19.198256,19.828922,0.79037297
2018-08-27 14:30:00-08:00,7.189756869999999,14.485304,18.746159,19.175398,0.80466825
2018-08-27 14:45:00-08:00,7.189756869999999,15.871064,18.003357,18.393871,0.7989917
2018-08-27 15:00:00-08:00,7.189756869999999,14.1132,17.388092,17.263107,0.7956936
2018-08-27 15:15:00-08:00,7.189756869999999,15.569857,16.481518,16.153103,0.7808511
2018-08-27 15:30:00-08:00,7.189756869999999,14.212718,15.414679,14.917673,0.77735335
2018-08-27 15:45:00-08:00,7.189756869999999,12.873055,14.184505,13.58085,0.7717123
2018-08-27 16:00:00-08:00,7.189756869999999,11.630999,12.783325,12.270039,0.76380926
2018-08-27 16:15:00-08:00,7.189756869999999,11.317311,11.154465,10.76724,0.77244985
2018-08-27 16:30:00-08:00,7.189756869999999,9.63146,9.522181,9.271038,0.75962794
2018-08-27 16:45:00-08:00,7.189756869999999,8.689789,8.024972,7.892679,0.7592826
2018-08-27 17:00:00-08:00,7.189756869999999,6.2678647,6.4362707,6.4769397,0.73471516
2018-08-27 17:15:00-08:00,7.189756869999999,4.949946,4.6545916,5.0798697,0.6843125
2018-08-27 17:30:00-08:00,7.189756869999999,4.768384,3.1466331,3.8678033,0.64398134
2018-08-27 17:45:00-08:00,7.189756869999999,3.0364,1.8624587,2.8634195,0.5500462
2018-08-27 18:00:00-08:00,7.189756869999999,2.3023305,0.87590986,2.089117,0.4446299
2018-08-27 18:15:00-08:00,7.189756869999999,1.8116398,0.2752006,1.3802345,0.3341527
2018-08-27 18:30:00-08:00,7.189756869999999,1.477587,0.0,0.95432675,0.24113765
2018-08-27 18:45:00-08:00,7.189756869999999,1.6051817,0.0,0.68975836,0.15135047
2018-08-27 19:00:00-08:00,7.189756869999999,0.0,0.0,0.0,0.0
2018-08-27 19:15:00-08:00,7.189756869999999,0.0,0.0,0.0,0.0
2018-08-27 19:30:00-08:00,7.189756869999999,0.0,0.0,0.0,0.0
2018-08-27 19:45:00-08:00,7.189756869999999,0.0,0.0,0.0,0.0
2018-08-27 20:00:00-08:00,7.189756869999999,0.0,0.0,0.0,0.0
2018-08-27 20:15:00-08:00,7.189756869999999,0.0,0.0,0.0,0.0
2018-08-27 20:30:00-08:00,7.189756869999999,0.0,0.0,0.0,0.0
2018-08-27 20:45:00-08:00,7.189756869999999,0.0,0.0,0.0,0.0
2018-08-27 21:00:00-08:00,7.189756869999999,0.0,0.0,0.0,0.0
2018-08-27 21:15:00-08:00,7.189756869999999,0.0,0.0,0.0,0.0
2018-08-27 21:30:00-08:00,7.189756869999999,0.0,0.0,0.0,0.0
2018-08-27 21:45:00-08:00,7.189756869999999,0.0,0.0,0.0,0.0
2018-08-27 22:00:00-08:00,7.189756869999999,0.0,0.0,0.0,0.0
2018-08-27 22:15:00-08:00,7.189756869999999,0.0,0.0,0.0,0.0
2018-08-27 22:30:00-08:00,7.189756869999999,0.0,0.0,0.0,0.0
2018-08-27 22:45:00-08:00,7.189756869999999,0.0,0.0,0.0,0.0
2018-08-27 23:00:00-08:00,7.189756869999999,0.0,0.0,0.0,0.0
2018-08-27 23:15:00-08:00,7.189756869999999,0.0,0.0,0.0,0.0
2018-08-27 23:30:00-08:00,7.189756869999999,0.0,0.0,0.0,0.0
2018-08-27 23:45:00-08:00,7.189756869999999,0.0,0.0,0.0,0.0
2018-08-28 00:00:00-08:00,7.189756869999999,0.0,0.0,0.0,0.0
2018-08-28 00:15:00-08:00,7.189756869999999,0.0,0.0,0.0,0.0
2018-08-28 00:30:00-08:00,7.189756869999999,0.0,0.0,0.0,0.0
2018-08-28 00:45:00-08:00,7.189756869999999,0.0,0.0,0.0,0.0
2018-08-28 01:00:00-08:00,7.189756869999999,0.0,0.0,0.0,0.0
2018-08-28 01:15:00-08:00,7.189756869999999,0.0,0.0,0.0,0.0
2018-08-28 01:30:00-08:00,7.189756869999999,0.0,0.0,0.0,0.0
2018-08-28 01:45:00-08:00,7.189756869999999,0.0,0.0,0.0,0.0
2018-08-28 02:00:00-08:00,7.189756869999999,0.0,0.0,0.0,0.0
2018-08-28 02:15:00-08:00,7.189756869999999,0.0,0.0,0.0,0.0
2018-08-28 02:30:00-08:00,7.189756869999999,0.0,0.0,0.0,0.0
2018-08-28 02:45:00-08:00,7.189756869999999,0.0,0.0,0.0,0.0
2018-08-28 03:00:00-08:00,7.189756869999999,0.0,0.0,0.0,0.0
2018-08-28 03:15:00-08:00,7.189756869999999,0.0,0.0,0.0,0.0
2018-08-28 03:30:00-08:00,7.189756869999999,0.0,0.0,0.0,0.0
2018-08-28 03:45:00-08:00,7.189756869999999,0.0,0.0,0.0,0.0
2018-08-28 04:00:00-08:00,7.189756869999999,0.0,0.0,0.0,0.0
2018-08-28 04:15:00-08:00,7.189756869999999,0.0,0.0,0.0,0.0
2018-08-28 04:30:00-08:00,7.189756869999999,0.0,0.0,0.0,0.0
2018-08-28 04:45:00-08:00,7.189756869999999,0.0,0.0,0.0,0.0
2018-08-28 05:00:00-08:00,7.189756869999999,0.0,0.0,0.0,0.0
2018-08-28 05:15:00-08:00,7.189756869999999,0.0,0.0,0.0,0.0
2018-08-28 05:30:00-08:00,7.189756869999999,1.6027555,0.18941514,0.80531466,0.053310767
2018-08-28 05:45:00-08:00,7.189756869999999,2.3501348,0.2811749,0.79744935,0.07744261
2018-08-28 06:00:00-08:00,7.189756869999999,2.0056202,0.5952951,0.86636585,0.11680202
2018-08-28 06:15:00-08:00,7.189756869999999,2.6414819,0.6424303,0.9376373,0.14675462
2018-08-28 06:30:00-08:00,7.189756869999999,3.2451816,0.79496115,1.0500243,0.2293289
2018-08-28 06:45:00-08:00,7.189756869999999,3.0494893,0.8660606,1.1599991,0.27978167
2018-08-28 07:00:00-08:00,7.189756869999999,3.008438,1.350251,1.3568447,0.33470446
2018-08-28 07:15:00-08:00,7.189756869999999,5.1146445,1.5674026,1.7357695,0.3768409
2018-08-28 07:30:00-08:00,7.189756869999999,4.4492435,1.7340441,2.2477975,0.41706178
2018-08-28 07:45:00-08:00,7.189756869999999,5.6337566,2.3764546,2.8160605,0.4637881
2018-08-28 08:00:00-08:00,7.189756869999999,5.249769,3.006993,3.5116606,0.49549133
2018-08-28 08:15:00-08:00,7.189756869999999,5.3429766,3.9349966,4.3779755,0.5286364
2018-08-28 08:30:00-08:00,7.189756869999999,8.649314,4.878805,5.2047563,0.55116445
2018-08-28 08:45:00-08:00,7.189756869999999,7.6727695,5.762674,6.262483,0.58253956
2018-08-28 09:00:00-08:00,7.189756869999999,10.927861,6.743924,7.300926,0.6083114
2018-08-28 09:15:00-08:00,7.189756869999999,11.079966,7.734214,8.371916,0.61620814
2018-08-28 09:30:00-08:00,7.189756869999999,12.314575,9.004007,9.4286175,0.6346391
2018-08-28 09:45:00-08:00,7.189756869999999,11.44824,10.263602,10.5563545,0.6478779
2018-08-28 10:00:00-08:00,7.189756869999999,12.716849,11.066614,11.622958,0.6640259
2018-08-28 10:15:00-08:00,7.189756869999999,14.898077,12.297652,12.554039,0.66278356
2018-08-28 10:30:00-08:00,7.189756869999999,14.889616,13.623983,13.422212,0.6503012
2018-08-28 10:45:00-08:00,7.189756869999999,15.206284,14.4431305,14.120094,0.6420319
2018-08-28 11:00:00-08:00,7.189756869999999,16.338955,15.602264,14.82196,0.6530615
2018-08-28 11:15:00-08:00,7.189756869999999,15.584829,16.358139,15.37898,0.6551587
2018-08-28 11:30:00-08:00,7.189756869999999,16.726288,17.338293,15.879438,0.66790056
2018-08-28 11:45:00-08:00,7.189756869999999,16.171652,17.782402,16.35285,0.6537653
2018-08-28 12:00:00-08:00,7.189756869999999,18.398586,18.337511,16.813856,0.64101726
2018-08-28 12:15:00-08:00,7.189756869999999,18.595673,18.918482,17.197212,0.6527086
2018-08-28 12:30:00-08:00,7.189756869999999,20.491982,19.229797,17.615242,0.651846
2018-08-28 12:45:00-08:00,7.189756869999999,17.866081,19.36323,17.999146,0.65946656
2018-08-28 13:00:00-08:00,7.189756869999999,17.488247,19.101274,18.22145,0.6719607
2018-08-28 13:15:00-08:00,7.189756869999999,17.789225,19.158653,18.302036,0.68142176
2018-08-28 13:30:00-08:00,7.189756869999999,16.542965,18.911263,18.409874,0.6820935
2018-08-28 13:45:00-08:00,7.189756869999999,15.469794,18.41032,18.448807,0.68691283
2018-08-28 14:00:00-08:00,7.189756869999999,16.542356,17.924782,18.30937,0.69912505
2018-08-28 14:15:00-08:00,7.189756869999999,16.873247,17.20673,17.934149,0.6991659
2018-08-28 14:30:00-08:00,7.189756869999999,15.105156,16.41827,17.540041,0.7224113
2018-08-28 14:45:00-08:00,7.189756869999999,15.436283,15.583623,17.087055,0.7220633
2018-08-28 15:00:00-08:00,7.189756869999999,14.962685,14.781822,16.246887,0.7253811
2018-08-28 15:15:00-08:00,7.189756869999999,14.477554,13.784735,15.40751,0.7233868
2018-08-28 15:30:00-08:00,7.189756869999999,12.061106,12.60999,14.491782,0.72222215
2018-08-28 15:45:00-08:00,7.189756869999999,12.722536,11.426643,13.4289055,0.7242198
2018-08-28 16:00:00-08:00,7.189756869999999,10.803307,9.966964,12.421854,0.7293408
2018-08-28 16:15:00-08:00,7.189756869999999,9.714233,8.555342,11.198572,0.74629056
2018-08-28 16:30:00-08:00,7.189756869999999,9.012945,7.224062,10.042946,0.74227464
2018-08-28 16:45:00-08:00,7.189756869999999,7.3691583,6.0461063,8.954875,0.7416291
2018-08-28 17:00:00-08:00,7.189756869999999,6.27805,5.0537786,7.8753304,0.71957713
2018-08-28 17:15:00-08:00,7.189756869999999,5.547708,3.9247694,6.742354,0.6679288
2018-08-28 17:30:00-08:00,7.189756869999999,4.2206745,2.8979814,5.827626,0.62118554
2018-08-28 17:45:00-08:00,7.189756869999999,2.3157911,2.1285665,5.0733414,0.53520197
2018-08-28 18:00:00-08:00,7.189756869999999,1.4984138,1.6713023,4.341321,0.44377244
2018-08-28 18:15:00-08:00,7.189756869999999,2.695476,1.282743,3.6401782,0.34786755
2018-08-28 18:30:00-08:00,7.189756869999999,2.134757,0.9515097,3.0650663,0.27580488
2018-08-28 18:45:00-08:00,7.189756869999999,2.7124968,0.8489122,2.6439395,0.20312819
2018-08-28 19:00:00-08:00,7.189756869999999,0.0,0.0,0.0,0.0
2018-08-28 19:15:00-08:00,7.189756869999999,0.0,0.0,0.0,0.0
2018-08-28 19:30:00-08:00,7.189756869999999,0.0,0.0,0.0,0.0
2018-08-28 19:45:00-08:00,7.189756869999999,0.0,0.0,0.0,0.0
2018-08-28 20:00:00-08:00,7.189756869999999,0.0,0.0,0.0,0.0
2018-08-28 20:15:00-08:00,7.189756869999999,0.0,0.0,0.0,0.0
2018-08-28 20:30:00-08:00,7.189756869999999,0.0,0.0,0.0,0.0
2018-08-28 20:45:00-08:00,7.189756869999999,0.0,0.0,0.0,0.0
2018-08-28 21:00:00-08:00,7.189756869999999,0.0,0.0,0.0,0.0
2018-08-28 21:15:00-08:00,7.189756869999999,0.0,0.0,0.0,0.0
2018-08-28 21:30:00-08:00,7.189756869999999,0.0,0.0,0.0,0.0
2018-08-28 21:45:00-08:00,7.189756869999999,0.0,0.0,0.0,0.0
2018-08-28 22:00:00-08:00,7.189756869999999,0.0,0.0,0.0,0.0
2018-08-28 22:15:00-08:00,7.189756869999999,0.0,0.0,0.0,0.0
2018-08-28 22:30:00-08:00,7.189756869999999,0.0,0.0,0.0,0.0
2018-08-28 22:45:00-08:00,7.189756869999999,0.0,0.0,0.0,0.0
2018-08-28 23:00:00-08:00,7.189756869999999,0.0,0.0,0.0,0.0
2018-08-28 23:15:00-08:00,7.189756869999999,0.0,0.0,0.0,0.0
2018-08-28 23:30:00-08:00,7.189756869999999,0.0,0.0,0.0,0.0
2018-08-28 23:45:00-08:00,7.189756869999999,0.0,0.0,0.0,0.0
2018-08-29 00:00:00-08:00,7.189756869999999,0.0,0.0,0.0,0.0
2018-08-29 00:15:00-08:00,7.189756869999999,0.0,0.0,0.0,0.0
2018-08-29 00:30:00-08:00,7.189756869999999,0.0,0.0,0.0,0.0
2018-08-29 00:45:00-08:00,7.189756869999999,0.0,0.0,0.0,0.0
2018-08-29 01:00:00-08:00,7.189756869999999,0.0,0.0,0.0,0.0
2018-08-29 01:15:00-08:00,7.189756869999999,0.0,0.0,0.0,0.0
2018-08-29 01:30:00-08:00,7.189756869999999,0.0,0.0,0.0,0.0
2018-08-29 01:45:00-08:00,7.189756869999999,0.0,0.0,0.0,0.0
2018-08-29 02:00:00-08:00,7.189756869999999,0.0,0.0,0.0,0.0
2018-08-29 02:15:00-08:00,7.189756869999999,0.0,0.0,0.0,0.0
2018-08-29 02:30:00-08:00,7.189756869999999,0.0,0.0,0.0,0.0
2018-08-29 02:45:00-08:00,7.189756869999999,0.0,0.0,0.0,0.0
2018-08-29 03:00:00-08:00,7.189756869999999,0.0,0.0,0.0,0.0
2018-08-29 03:15:00-08:00,7.189756869999999,0.0,0.0,0.0,0.0
2018-08-29 03:30:00-08:00,7.189756869999999,0.0,0.0,0.0,0.0
2018-08-29 03:45:00-08:00,7.189756869999999,0.0,0.0,0.0,0.0
2018-08-29 04:00:00-08:00,7.189756869999999,0.0,0.0,0.0,0.0
2018-08-29 04:15:00-08:00,7.189756869999999,0.0,0.0,0.0,0.0
2018-08-29 04:30:00-08:00,7.189756869999999,0.0,0.0,0.0,0.0
2018-08-29 04:45:00-08:00,7.189756869999999,0.0,0.0,0.0,0.0
2018-08-29 05:00:00-08:00,7.189756869999999,0.0,0.0,0.0,0.0
2018-08-29 05:15:00-08:00,7.189756869999999,0.0,0.0,0.0,0.0
2018-08-29 05:30:00-08:00,7.189756869999999,0.0,0.0,0.0,0.0
2018-08-29 05:45:00-08:00,7.189756869999999,1.2815009,2.8137593,0.90446913,0.10589251
2018-08-29 06:00:00-08:00,7.189756869999999,0.99419135,3.079359,1.0440998,0.1476577
2018-08-29 06:15:00-08:00,7.189756869999999,1.1986753,3.2456846,1.2011783,0.18062554
2018-08-29 06:30:00-08:00,7.189756869999999,1.3350263,3.490746,1.4451973,0.26170096
2018-08-29 06:45:00-08:00,7.189756869999999,2.3525538,3.8057766,1.700973,0.31470323
2018-08-29 07:00:00-08:00,7.189756869999999,4.02606,4.33595,2.1405525,0.37104908
2018-08-29 07:15:00-08:00,7.189756869999999,3.8379178,4.791772,2.751181,0.41076002
2018-08-29 07:30:00-08:00,7.189756869999999,4.5726595,5.159706,3.4828386,0.44985965
2018-08-29 07:45:00-08:00,7.189756869999999,5.0699697,5.9068017,4.349657,0.4911803
2018-08-29 08:00:00-08:00,7.189756869999999,7.3558846,6.5913773,5.375502,0.51742864
2018-08-29 08:15:00-08:00,7.189756869999999,7.208984,7.599476,6.5067396,0.54428065
2018-08-29 08:30:00-08:00,7.189756869999999,7.9870405,8.543098,7.637637,0.5595927
2018-08-29 08:45:00-08:00,7.189756869999999,8.65376,9.324212,8.924917,0.5789428
2018-08-29 09:00:00-08:00,7.189756869999999,10.53165,10.111206,10.08977,0.59486127
2018-08-29 09:15:00-08:00,7.189756869999999,9.250563,10.840126,11.24666,0.5971808
2018-08-29 09:30:00-08:00,7.189756869999999,12.405029,11.501321,12.2549715,0.6055228
2018-08-29 09:45:00-08:00,7.189756869999999,15.215305,12.155259,13.334299,0.61369926
2018-08-29 10:00:00-08:00,7.189756869999999,15.247257,12.396123,14.235327,0.6249471
2018-08-29 10:15:00-08:00,7.189756869999999,11.995916,12.824932,14.939115,0.6187509
2018-08-29 10:30:00-08:00,7.189756869999999,16.50273,13.254431,15.614117,0.6024763
2018-08-29 10:45:00-08:00,7.189756869999999,15.953234,13.244745,16.086054,0.5921743
2018-08-29 11:00:00-08:00,7.189756869999999,14.67454,13.432262,16.549881,0.60245746
2018-08-29 11:15:00-08:00,7.189756869999999,17.168085,13.399454,16.93211,0.59992206
2018-08-29 11:30:00-08:00,7.189756869999999,17.672165,13.55843,17.221231,0.6115946
2018-08-29 11:45:00-08:00,7.189756869999999,16.796131,13.439428,17.516605,0.5984471
2018-08-29 12:00:00-08:00,7.189756869999999,18.97721,13.515648,17.76643,0.5851522
2018-08-29 12:15:00-08:00,7.189756869999999,18.14355,13.731213,17.94968,0.5939453
2018-08-29 12:30:00-08:00,7.189756869999999,20.579294,13.741104,18.149605,0.58997375
2018-08-29 12:45:00-08:00,7.189756869999999,16.61935,13.792837,18.317959,0.59560895
2018-08-29 13:00:00-08:00,7.189756869999999,17.96894,13.646656,18.257788,0.6031845
2018-08-29 13:15:00-08:00,7.189756869999999,16.819607,13.75696,18.127014,0.6099484
2018-08-29 13:30:00-08:00,7.189756869999999,15.47698,13.690553,18.007399,0.6112313
2018-08-29 13:45:00-08:00,7.189756869999999,11.327683,13.622253,17.841011,0.6145097
2018-08-29 14:00:00-08:00,7.189756869999999,15.344524,13.578312,17.425503,0.622954
2018-08-29 14:15:00-08:00,7.189756869999999,10.893619,13.412611,16.820232,0.6237979
2018-08-29 14:30:00-08:00,7.189756869999999,10.600189,13.381614,16.268208,0.64189893
2018-08-29 14:45:00-08:00,7.189756869999999,12.040194,13.162754,15.568272,0.64351296
2018-08-29 15:00:00-08:00,7.189756869999999,9.575132,13.101286,14.536715,0.64716107
2018-08-29 15:15:00-08:00,7.189756869999999,11.385404,12.793352,13.511945,0.64448667
2018-08-29 15:30:00-08:00,7.189756869999999,12.80834,12.463297,12.4592,0.6436556
2018-08-29 15:45:00-08:00,7.189756869999999,8.171452,11.913084,11.331936,0.646056
2018-08-29 16:00:00-08:00,7.189756869999999,9.079762,11.222068,10.239052,0.64841604
2018-08-29 16:15:00-08:00,7.189756869999999,9.88224,10.314161,9.011149,0.66328084
2018-08-29 16:30:00-08:00,7.189756869999999,6.9226503,9.405365,7.806474,0.6581227
2018-08-29 16:45:00-08:00,7.189756869999999,8.164898,8.577522,6.753535,0.6586713
2018-08-29 17:00:00-08:00,7.189756869999999,5.4687552,7.65289,5.6803203,0.63992137
2018-08-29 17:15:00-08:00,7.189756869999999,4.2326326,6.5061827,4.6416993,0.5892765
2018-08-29 17:30:00-08:00,7.189756869999999,3.2115312,5.4383836,3.809038,0.5484617
2018-08-29 17:45:00-08:00,7.189756869999999,2.6869798,4.610777,3.1374114,0.46828786
2018-08-29 18:00:00-08:00,7.189756869999999,1.3346927,3.9296126,2.6053987,0.37864557
2018-08-29 18:15:00-08:00,7.189756869999999,0.55819684,3.470709,2.1002624,0.28537795
2018-08-29 18:30:00-08:00,7.189756869999999,0.69862723,3.0750046,1.7834973,0.21162653
2018-08-29 18:45:00-08:00,7.189756869999999,0.80032164,3.029585,1.5572174,0.14361215
2018-08-29 19:00:00-08:00,7.189756869999999,0.0,0.0,0.0,0.0
2018-08-29 19:15:00-08:00,7.189756869999999,0.0,0.0,0.0,0.0
2018-08-29 19:30:00-08:00,7.189756869999999,0.0,0.0,0.0,0.0
2018-08-29 19:45:00-08:00,7.189756869999999,0.0,0.0,0.0,0.0
2018-08-29 20:00:00-08:00,7.189756869999999,0.0,0.0,0.0,0.0
2018-08-29 20:15:00-08:00,7.189756869999999,0.0,0.0,0.0,0.0
2018-08-29 20:30:00-08:00,7.189756869999999,0.0,0.0,0.0,0.0
2018-08-29 20:45:00-08:00,7.189756869999999,0.0,0.0,0.0,0.0
2018-08-29 21:00:00-08:00,7.189756869999999,0.0,0.0,0.0,0.0
2018-08-29 21:15:00-08:00,7.189756869999999,0.0,0.0,0.0,0.0
2018-08-29 21:30:00-08:00,7.189756869999999,0.0,0.0,0.0,0.0
2018-08-29 21:45:00-08:00,7.189756869999999,0.0,0.0,0.0,0.0
2018-08-29 22:00:00-08:00,7.189756869999999,0.0,0.0,0.0,0.0
2018-08-29 22:15:00-08:00,7.189756869999999,0.0,0.0,0.0,0.0
2018-08-29 22:30:00-08:00,7.189756869999999,0.0,0.0,0.0,0.0
2018-08-29 22:45:00-08:00,7.189756869999999,0.0,0.0,0.0,0.0
2018-08-29 23:00:00-08:00,7.189756869999999,0.0,0.0,0.0,0.0
2018-08-29 23:15:00-08:00,7.189756869999999,0.0,0.0,0.0,0.0
2018-08-29 23:30:00-08:00,7.189756869999999,0.0,0.0,0.0,0.0
2018-08-29 23:45:00-08:00,7.189756869999999,0.0,0.0,0.0,0.0
2018-08-30 00:00:00-08:00,7.189756869999999,0.0,0.0,0.0,0.0
2018-08-30 00:15:00-08:00,7.189756869999999,0.0,0.0,0.0,0.0
2018-08-30 00:30:00-08:00,7.189756869999999,0.0,0.0,0.0,0.0
2018-08-30 00:45:00-08:00,7.189756869999999,0.0,0.0,0.0,0.0
2018-08-30 01:00:00-08:00,7.189756869999999,0.0,0.0,0.0,0.0
2018-08-30 01:15:00-08:00,7.189756869999999,0.0,0.0,0.0,0.0
2018-08-30 01:30:00-08:00,7.189756869999999,0.0,0.0,0.0,0.0
2018-08-30 01:45:00-08:00,7.189756869999999,0.0,0.0,0.0,0.0
2018-08-30 02:00:00-08:00,7.189756869999999,0.0,0.0,0.0,0.0
2018-08-30 02:15:00-08:00,7.189756869999999,0.0,0.0,0.0,0.0
2018-08-30 02:30:00-08:00,7.189756869999999,0.0,0.0,0.0,0.0
2018-08-30 02:45:00-08:00,7.189756869999999,0.0,0.0,0.0,0.0
2018-08-30 03:00:00-08:00,7.189756869999999,0.0,0.0,0.0,0.0
2018-08-30 03:15:00-08:00,7.189756869999999,0.0,0.0,0.0,0.0
2018-08-30 03:30:00-08:00,7.189756869999999,0.0,0.0,0.0,0.0
2018-08-30 03:45:00-08:00,7.189756869999999,0.0,0.0,0.0,0.0
2018-08-30 04:00:00-08:00,7.189756869999999,0.0,0.0,0.0,0.0
2018-08-30 04:15:00-08:00,7.189756869999999,0.0,0.0,0.0,0.0
2018-08-30 04:30:00-08:00,7.189756869999999,0.0,0.0,0.0,0.0
2018-08-30 04:45:00-08:00,7.189756869999999,0.0,0.0,0.0,0.0
2018-08-30 05:00:00-08:00,7.189756869999999,0.0,0.0,0.0,0.0
2018-08-30 05:15:00-08:00,7.189756869999999,0.0,0.0,0.0,0.0
2018-08-30 05:30:00-08:00,7.189756869999999,0.0,0.0,0.0,0.0
2018-08-30 05:45:00-08:00,7.189756869999999,1.2421713,0.85041386,0.46834272,0.059008677
2018-08-30 06:00:00-08:00,7.189756869999999,3.2126827,1.2435977,0.5330118,0.0954019
2018-08-30 06:15:00-08:00,7.189756869999999,1.308209,1.5632461,0.6062506,0.123452395
2018-08-30 06:30:00-08:00,7.189756869999999,0.9998658,1.8557036,0.7602149,0.20022981
2018-08-30 06:45:00-08:00,7.189756869999999,2.8184743,2.193174,0.92232394,0.24846086
2018-08-30 07:00:00-08:00,7.189756869999999,3.256995,2.83188,1.2214565,0.29585826
2018-08-30 07:15:00-08:00,7.189756869999999,2.4821663,3.1882362,1.706882,0.3327281
2018-08-30 07:30:00-08:00,7.189756869999999,3.4926245,3.4916458,2.3276339,0.36872748
2018-08-30 07:45:00-08:00,7.189756869999999,3.5421758,4.1925116,3.0753326,0.40922087
2018-08-30 08:00:00-08:00,7.189756869999999,5.4059095,4.7534776,3.9297917,0.43664467
2018-08-30 08:15:00-08:00,7.189756869999999,4.0947943,5.5794997,4.9523025,0.4634199
2018-08-30 08:30:00-08:00,7.189756869999999,7.021967,6.3389754,5.9575977,0.4790169
2018-08-30 08:45:00-08:00,7.189756869999999,7.7091036,6.9323416,7.1658516,0.50350887
2018-08-30 09:00:00-08:00,7.189756869999999,7.3909335,7.4804688,8.313992,0.530469
2018-08-30 09:15:00-08:00,7.189756869999999,8.531734,8.053028,9.4732275,0.53434813
2018-08-30 09:30:00-08:00,7.189756869999999,11.1918,8.921309,10.57188,0.55473757
2018-08-30 09:45:00-08:00,7.189756869999999,10.689285,9.732354,11.7401085,0.56899035
2018-08-30 10:00:00-08:00,7.189756869999999,9.910271,10.243988,12.794512,0.5871525
2018-08-30 10:15:00-08:00,7.189756869999999,8.665363,11.119723,13.67734,0.59068197
2018-08-30 10:30:00-08:00,7.189756869999999,9.9886,12.210255,14.508913,0.58310694
2018-08-30 10:45:00-08:00,7.189756869999999,13.29961,12.998626,15.145184,0.5779905
2018-08-30 11:00:00-08:00,7.189756869999999,10.921003,14.13209,15.805284,0.59254926
2018-08-30 11:15:00-08:00,7.189756869999999,13.066006,14.853712,16.323288,0.60339814
2018-08-30 11:30:00-08:00,7.189756869999999,14.593466,15.885684,16.74819,0.61897105
2018-08-30 11:45:00-08:00,7.189756869999999,14.524015,16.517658,17.19308,0.61392164
2018-08-30 12:00:00-08:00,7.189756869999999,16.276718,17.13847,17.577053,0.6106426
2018-08-30 12:15:00-08:00,7.189756869999999,12.340446,17.922937,17.898983,0.6248458
2018-08-30 12:30:00-08:00,7.189756869999999,13.28502,18.2851,18.248262,0.628023
2018-08-30 12:45:00-08:00,7.189756869999999,12.784344,18.54121,18.553013,0.6365163
2018-08-30 13:00:00-08:00,7.189756869999999,14.232632,18.356583,18.679428,0.65366167
2018-08-30 13:15:00-08:00,7.189756869999999,14.105194,18.477188,18.672161,0.66597974
2018-08-30 13:30:00-08:00,7.189756869999999,13.416741,18.220383,18.699299,0.6735297
2018-08-30 13:45:00-08:00,7.189756869999999,14.746492,17.677233,18.659157,0.6845407
2018-08-30 14:00:00-08:00,7.189756869999999,16.338667,17.144226,18.42881,0.7002086
2018-08-30 14:15:00-08:00,7.189756869999999,16.16743,16.291636,17.9508,0.7056067
2018-08-30 14:30:00-08:00,7.189756869999999,12.039422,15.495102,17.470354,0.7349273
2018-08-30 14:45:00-08:00,7.189756869999999,14.183151,14.721786,16.893583,0.73426527
2018-08-30 15:00:00-08:00,7.189756869999999,13.777676,14.090548,15.94301,0.7438166
2018-08-30 15:15:00-08:00,7.189756869999999,14.256123,13.218382,14.9799595,0.7469455
2018-08-30 15:30:00-08:00,7.189756869999999,11.320283,12.247587,13.939169,0.74652404
2018-08-30 15:45:00-08:00,7.189756869999999,12.652761,11.189388,12.761984,0.75191355
2018-08-30 16:00:00-08:00,7.189756869999999,11.127434,9.878298,11.630634,0.75524354
2018-08-30 16:15:00-08:00,7.189756869999999,11.929182,8.543157,10.27997,0.7758429
2018-08-30 16:30:00-08:00,7.189756869999999,6.7083282,7.188158,9.000913,0.771153
2018-08-30 16:45:00-08:00,7.189756869999999,7.33375,5.9220095,7.8250513,0.7735423
2018-08-30 17:00:00-08:00,7.189756869999999,6.6551447,4.8468747,6.685268,0.7549562
2018-08-30 17:15:00-08:00,7.189756869999999,5.5164185,3.6619468,5.5201654,0.7078065
2018-08-30 17:30:00-08:00,7.189756869999999,4.4183455,2.5912337,4.6048183,0.66619563
2018-08-30 17:45:00-08:00,7.189756869999999,2.8526216,1.7713435,3.9070973,0.5851062
2018-08-30 18:00:00-08:00,7.189756869999999,1.9957759,1.3080077,3.322978,0.49651742
2018-08-30 18:15:00-08:00,7.189756869999999,1.1261001,0.83718324,2.7758412,0.40145865
2018-08-30 18:30:00-08:00,7.189756869999999,1.0235382,0.59872824,2.422996,0.32522187
2018-08-30 18:45:00-08:00,7.189756869999999,1.4179764,0.51854706,2.21601,0.25090432
2018-08-30 19:00:00-08:00,7.189756869999999,0.0,0.0,0.0,0.0
2018-08-30 19:15:00-08:00,7.189756869999999,0.0,0.0,0.0,0.0
2018-08-30 19:30:00-08:00,7.189756869999999,0.0,0.0,0.0,0.0
2018-08-30 19:45:00-08:00,7.189756869999999,0.0,0.0,0.0,0.0
2018-08-30 20:00:00-08:00,7.189756869999999,0.0,0.0,0.0,0.0
2018-08-30 20:15:00-08:00,7.189756869999999,0.0,0.0,0.0,0.0
2018-08-30 20:30:00-08:00,7.189756869999999,0.0,0.0,0.0,0.0
2018-08-30 20:45:00-08:00,7.189756869999999,0.0,0.0,0.0,0.0
2018-08-30 21:00:00-08:00,7.189756869999999,0.0,0.0,0.0,0.0
2018-08-30 21:15:00-08:00,7.189756869999999,0.0,0.0,0.0,0.0
2018-08-30 21:30:00-08:00,7.189756869999999,0.0,0.0,0.0,0.0
2018-08-30 21:45:00-08:00,7.189756869999999,0.0,0.0,0.0,0.0
2018-08-30 22:00:00-08:00,7.189756869999999,0.0,0.0,0.0,0.0
2018-08-30 22:15:00-08:00,7.189756869999999,0.0,0.0,0.0,0.0
2018-08-30 22:30:00-08:00,7.189756869999999,0.0,0.0,0.0,0.0
2018-08-30 22:45:00-08:00,7.189756869999999,0.0,0.0,0.0,0.0
2018-08-30 23:00:00-08:00,7.189756869999999,0.0,0.0,0.0,0.0
2018-08-30 23:15:00-08:00,7.189756869999999,0.0,0.0,0.0,0.0
2018-08-30 23:30:00-08:00,7.189756869999999,0.0,0.0,0.0,0.0
2018-08-30 23:45:00-08:00,7.189756869999999,0.0,0.0,0.0,0.0
2018-08-31 00:00:00-08:00,7.189756869999999,0.0,0.0,0.0,0.0
2018-08-31 00:15:00-08:00,7.189756869999999,0.0,0.0,0.0,0.0
2018-08-31 00:30:00-08:00,7.189756869999999,0.0,0.0,0.0,0.0
2018-08-31 00:45:00-08:00,7.189756869999999,0.0,0.0,0.0,0.0
2018-08-31 01:00:00-08:00,7.189756869999999,0.0,0.0,0.0,0.0
2018-08-31 01:15:00-08:00,7.189756869999999,0.0,0.0,0.0,0.0
2018-08-31 01:30:00-08:00,7.189756869999999,0.0,0.0,0.0,0.0
2018-08-31 01:45:00-08:00,7.189756869999999,0.0,0.0,0.0,0.0
2018-08-31 02:00:00-08:00,7.189756869999999,0.0,0.0,0.0,0.0
2018-08-31 02:15:00-08:00,7.189756869999999,0.0,0.0,0.0,0.0
2018-08-31 02:30:00-08:00,7.189756869999999,0.0,0.0,0.0,0.0
2018-08-31 02:45:00-08:00,7.189756869999999,0.0,0.0,0.0,0.0
2018-08-31 03:00:00-08:00,7.189756869999999,0.0,0.0,0.0,0.0
2018-08-31 03:15:00-08:00,7.189756869999999,0.0,0.0,0.0,0.0
2018-08-31 03:30:00-08:00,7.189756869999999,0.0,0.0,0.0,0.0
2018-08-31 03:45:00-08:00,7.189756869999999,0.0,0.0,0.0,0.0
2018-08-31 04:00:00-08:00,7.189756869999999,0.0,0.0,0.0,0.0
2018-08-31 04:15:00-08:00,7.189756869999999,0.0,0.0,0.0,0.0
2018-08-31 04:30:00-08:00,7.189756869999999,0.0,0.0,0.0,0.0
2018-08-31 04:45:00-08:00,7.189756869999999,0.0,0.0,0.0,0.0
2018-08-31 05:00:00-08:00,7.189756869999999,0.0,0.0,0.0,0.0
2018-08-31 05:15:00-08:00,7.189756869999999,0.0,0.0,0.0,0.0
2018-08-31 05:30:00-08:00,7.189756869999999,0.0,0.0,0.0,0.0
2018-08-31 05:45:00-08:00,7.189756869999999,3.694037,6.4820266,1.6532578,0.105662405
2018-08-31 06:00:00-08:00,7.189756869999999,3.6849718,6.659446,1.8710929,0.15316793
2018-08-31 06:15:00-08:00,7.189756869999999,1.7476562,6.6719093,2.1973839,0.19121441
2018-08-31 06:30:00-08:00,7.189756869999999,1.5383348,6.764596,2.5667896,0.28174698
2018-08-31 06:45:00-08:00,7.189756869999999,4.863302,6.813885,3.0043137,0.34047264
2018-08-31 07:00:00-08:00,7.189756869999999,3.2993324,7.0465636,3.6619587,0.40399942
2018-08-31 07:15:00-08:00,7.189756869999999,5.050909,7.232732,4.4197536,0.45098493
2018-08-31 07:30:00-08:00,7.189756869999999,5.273839,7.28275,5.222216,0.50130534
2018-08-31 07:45:00-08:00,7.189756869999999,6.138738,7.6869144,6.1831684,0.55135775
2018-08-31 08:00:00-08:00,7.189756869999999,6.962701,8.104979,7.2956305,0.58361584
2018-08-31 08:15:00-08:00,7.189756869999999,6.117526,8.736369,8.4152775,0.6180389
2018-08-31 08:30:00-08:00,7.189756869999999,7.8312206,9.420727,9.532527,0.63915366
2018-08-31 08:45:00-08:00,7.189756869999999,8.456113,9.890021,10.802998,0.66524196
2018-08-31 09:00:00-08:00,7.189756869999999,9.564848,10.42036,11.855784,0.6882915
2018-08-31 09:15:00-08:00,7.189756869999999,11.280316,10.884419,12.835457,0.6930284
2018-08-31 09:30:00-08:00,7.189756869999999,8.8510685,11.310668,13.628859,0.70585793
2018-08-31 09:45:00-08:00,7.189756869999999,12.281602,11.740598,14.458783,0.7157916
2018-08-31 10:00:00-08:00,7.189756869999999,11.373835,11.8832,15.073,0.73222864
2018-08-31 10:15:00-08:00,7.189756869999999,6.211277,12.24188,15.464905,0.7265878
2018-08-31 10:30:00-08:00,7.189756869999999,10.839344,12.568602,15.893724,0.7121035
2018-08-31 10:45:00-08:00,7.189756869999999,12.841567,12.588913,16.05449,0.7010837
2018-08-31 11:00:00-08:00,7.189756869999999,13.328257,12.831931,16.288643,0.71255064
2018-08-31 11:15:00-08:00,7.189756869999999,14.041807,12.75317,16.419853,0.7128562
2018-08-31 11:30:00-08:00,7.189756869999999,12.246826,12.864553,16.477386,0.7258034
2018-08-31 11:45:00-08:00,7.189756869999999,14.699591,12.632774,16.5014,0.7080686
2018-08-31 12:00:00-08:00,7.189756869999999,13.29973,12.499758,16.50422,0.69308925
2018-08-31 12:15:00-08:00,7.189756869999999,13.41346,12.571601,16.414976,0.70360327
2018-08-31 12:30:00-08:00,7.189756869999999,14.666899,12.413761,16.366293,0.6969271
2018-08-31 12:45:00-08:00,7.189756869999999,10.5676,12.334261,16.2099,0.7039273
2018-08-31 13:00:00-08:00,7.189756869999999,15.669762,11.904837,15.945084,0.7136527
2018-08-31 13:15:00-08:00,7.189756869999999,15.904251,11.8079815,15.504766,0.7214167
2018-08-31 13:30:00-08:00,7.189756869999999,12.36642,11.49761,15.144629,0.72164243
2018-08-31 13:45:00-08:00,7.189756869999999,13.169216,11.105837,14.741361,0.72669065
2018-08-31 14:00:00-08:00,7.189756869999999,12.095235,10.732956,14.084476,0.73573864
2018-08-31 14:15:00-08:00,7.189756869999999,15.203337,10.242483,13.319151,0.7324508
2018-08-31 14:30:00-08:00,7.189756869999999,10.891173,9.985079,12.53062,0.75450647
2018-08-31 14:45:00-08:00,7.189756869999999,12.341992,9.511811,11.653036,0.75262874
2018-08-31 15:00:00-08:00,7.189756869999999,12.346735,9.226004,10.637714,0.7543232
2018-08-31 15:15:00-08:00,7.189756869999999,12.706312,8.786453,9.627498,0.7468858
2018-08-31 15:30:00-08:00,7.189756869999999,8.727986,8.345172,8.663259,0.74610335
2018-08-31 15:45:00-08:00,7.189756869999999,11.061375,7.7851353,7.6679006,0.7509336
2018-08-31 16:00:00-08:00,7.189756869999999,11.034677,7.0548296,6.805634,0.75581217
2018-08-31 16:15:00-08:00,7.189756869999999,8.733557,6.2283974,5.8025775,0.77374506
2018-08-31 16:30:00-08:00,7.189756869999999,9.082108,5.4554915,4.8793936,0.767956
2018-08-31 16:45:00-08:00,7.189756869999999,7.1259794,4.8917637,4.1079807,0.76609945
2018-08-31 17:00:00-08:00,7.189756869999999,6.3906193,4.2851615,3.360711,0.73946154
2018-08-31 17:15:00-08:00,7.189756869999999,4.6025224,3.508852,2.7068675,0.67695916
2018-08-31 17:30:00-08:00,7.189756869999999,5.522267,2.843121,2.2531893,0.6203286
2018-08-31 17:45:00-08:00,7.189756869999999,3.8111467,2.4082942,1.9182711,0.51519275
2018-08-31 18:00:00-08:00,7.189756869999999,2.5016365,2.0533533,1.7570908,0.40380454
2018-08-31 18:15:00-08:00,7.189756869999999,2.2761884,1.9683363,1.5637947,0.29533973
2018-08-31 18:30:00-08:00,7.189756869999999,1.7463717,1.8486035,1.5310376,0.21307254
2018-08-31 18:45:00-08:00,7.189756869999999,0.0,0.0,0.0,0.0
2018-08-31 19:00:00-08:00,7.189756869999999,0.0,0.0,0.0,0.0
2018-08-31 19:15:00-08:00,7.189756869999999,0.0,0.0,0.0,0.0
2018-08-31 19:30:00-08:00,7.189756869999999,0.0,0.0,0.0,0.0
2018-08-31 19:45:00-08:00,7.189756869999999,0.0,0.0,0.0,0.0
2018-08-31 20:00:00-08:00,7.189756869999999,0.0,0.0,0.0,0.0
2018-08-31 20:15:00-08:00,7.189756869999999,0.0,0.0,0.0,0.0
2018-08-31 20:30:00-08:00,7.189756869999999,0.0,0.0,0.0,0.0
2018-08-31 20:45:00-08:00,7.189756869999999,0.0,0.0,0.0,0.0
2018-08-31 21:00:00-08:00,7.189756869999999,0.0,0.0,0.0,0.0
2018-08-31 21:15:00-08:00,7.189756869999999,0.0,0.0,0.0,0.0
2018-08-31 21:30:00-08:00,7.189756869999999,0.0,0.0,0.0,0.0
2018-08-31 21:45:00-08:00,7.189756869999999,0.0,0.0,0.0,0.0
2018-08-31 22:00:00-08:00,7.189756869999999,0.0,0.0,0.0,0.0
2018-08-31 22:15:00-08:00,7.189756869999999,0.0,0.0,0.0,0.0
2018-08-31 22:30:00-08:00,7.189756869999999,0.0,0.0,0.0,0.0
2018-08-31 22:45:00-08:00,7.189756869999999,0.0,0.0,0.0,0.0
2018-08-31 23:00:00-08:00,7.189756869999999,0.0,0.0,0.0,0.0
2018-08-31 23:15:00-08:00,7.189756869999999,0.0,0.0,0.0,0.0
2018-08-31 23:30:00-08:00,7.189756869999999,0.0,0.0,0.0,0.0
2018-08-31 23:45:00-08:00,7.189756869999999,0.0,0.0,0.0,0.0
2018-09-01 00:00:00-08:00,7.189756869999999,0.0,0.0,0.0,0.0
2018-09-01 00:15:00-08:00,7.189756869999999,0.0,0.0,0.0,0.0
2018-09-01 00:30:00-08:00,7.189756869999999,0.0,0.0,0.0,0.0
2018-09-01 00:45:00-08:00,7.189756869999999,0.0,0.0,0.0,0.0
2018-09-01 01:00:00-08:00,7.189756869999999,0.0,0.0,0.0,0.0
2018-09-01 01:15:00-08:00,7.189756869999999,0.0,0.0,0.0,0.0
2018-09-01 01:30:00-08:00,7.189756869999999,0.0,0.0,0.0,0.0
2018-09-01 01:45:00-08:00,7.189756869999999,0.0,0.0,0.0,0.0
2018-09-01 02:00:00-08:00,7.189756869999999,0.0,0.0,0.0,0.0
2018-09-01 02:15:00-08:00,7.189756869999999,0.0,0.0,0.0,0.0
2018-09-01 02:30:00-08:00,7.189756869999999,0.0,0.0,0.0,0.0
2018-09-01 02:45:00-08:00,7.189756869999999,0.0,0.0,0.0,0.0
2018-09-01 03:00:00-08:00,7.189756869999999,0.0,0.0,0.0,0.0
2018-09-01 03:15:00-08:00,7.189756869999999,0.0,0.0,0.0,0.0
2018-09-01 03:30:00-08:00,7.189756869999999,0.0,0.0,0.0,0.0
2018-09-01 03:45:00-08:00,7.189756869999999,0.0,0.0,0.0,0.0
2018-09-01 04:00:00-08:00,7.189756869999999,0.0,0.0,0.0,0.0
2018-09-01 04:15:00-08:00,7.189756869999999,0.0,0.0,0.0,0.0
2018-09-01 04:30:00-08:00,7.189756869999999,0.0,0.0,0.0,0.0
2018-09-01 04:45:00-08:00,7.189756869999999,0.0,0.0,0.0,0.0
2018-09-01 05:00:00-08:00,7.189756869999999,0.0,0.0,0.0,0.0
2018-09-01 05:15:00-08:00,7.189756869999999,0.0,0.0,0.0,0.0
2018-09-01 05:30:00-08:00,7.189756869999999,0.0,0.0,0.0,0.0
2018-09-01 05:45:00-08:00,7.189756869999999,2.1656368,3.0094976,1.7113893,0.11192927
2018-09-01 06:00:00-08:00,7.189756869999999,1.6513982,3.0492945,1.8997719,0.15747187
2018-09-01 06:15:00-08:00,7.189756869999999,1.4344862,2.8315835,2.2134538,0.19399172
2018-09-01 06:30:00-08:00,7.189756869999999,2.4227905,2.7561073,2.563142,0.28378823
2018-09-01 06:45:00-08:00,7.189756869999999,2.7160394,2.6554008,2.9522288,0.34017316
2018-09-01 07:00:00-08:00,7.189756869999999,3.1807208,2.8136334,3.5479498,0.40277296
2018-09-01 07:15:00-08:00,7.189756869999999,4.0547266,2.9618616,4.273875,0.45085502
2018-09-01 07:30:00-08:00,7.189756869999999,5.8230505,2.9247584,5.038537,0.5021316
2018-09-01 07:45:00-08:00,7.189756869999999,5.744065,3.3948004,5.958092,0.55362904
2018-09-01 08:00:00-08:00,7.189756869999999,7.5945263,3.8935008,7.023919,0.58617866
2018-09-01 08:15:00-08:00,7.189756869999999,8.215163,4.661687,8.075755,0.6231932
2018-09-01 08:30:00-08:00,7.189756869999999,9.763124,5.4065394,9.17346,0.64654946
2018-09-01 08:45:00-08:00,7.189756869999999,10.356919,6.106245,10.37229,0.6747071
2018-09-01 09:00:00-08:00,7.189756869999999,12.836245,6.8751917,11.363779,0.69932187
2018-09-01 09:15:00-08:00,7.189756869999999,14.349561,7.5467906,12.323772,0.7058364
2018-09-01 09:30:00-08:00,7.189756869999999,14.343416,8.091473,13.071393,0.7187813
2018-09-01 09:45:00-08:00,7.189756869999999,14.60368,8.67294,13.849892,0.7305294
2018-09-01 10:00:00-08:00,7.189756869999999,14.962174,9.0013075,14.446743,0.7485657
2018-09-01 10:15:00-08:00,7.189756869999999,16.636671,9.463459,14.824897,0.74390393
2018-09-01 10:30:00-08:00,7.189756869999999,14.044973,9.900285,15.243904,0.73122907
2018-09-01 10:45:00-08:00,7.189756869999999,16.946737,10.01091,15.43502,0.72121614
2018-09-01 11:00:00-08:00,7.189756869999999,15.351952,10.292641,15.663285,0.73297715
2018-09-01 11:15:00-08:00,7.189756869999999,16.638674,10.377631,15.81821,0.7336566
2018-09-01 11:30:00-08:00,7.189756869999999,15.218504,10.625253,15.895193,0.744594
2018-09-01 11:45:00-08:00,7.189756869999999,15.410749,10.627107,15.962305,0.727402
2018-09-01 12:00:00-08:00,7.189756869999999,15.718454,10.715044,16.015884,0.7125458
2018-09-01 12:15:00-08:00,7.189756869999999,18.335022,10.994541,15.997184,0.72427714
2018-09-01 12:30:00-08:00,7.189756869999999,20.033798,11.122875,16.015783,0.7167632
2018-09-01 12:45:00-08:00,7.189756869999999,19.645155,11.256675,15.9835825,0.72397643
2018-09-01 13:00:00-08:00,7.189756869999999,16.87653,11.193247,15.800871,0.73340106
2018-09-01 13:15:00-08:00,7.189756869999999,15.215953,11.31773,15.519205,0.74121
2018-09-01 13:30:00-08:00,7.189756869999999,17.000134,11.268474,15.275955,0.74178684
2018-09-01 13:45:00-08:00,7.189756869999999,15.041116,11.177095,15.004003,0.7461381
2018-09-01 14:00:00-08:00,7.189756869999999,14.641224,11.062583,14.464632,0.7546706
2018-09-01 14:15:00-08:00,7.189756869999999,15.194186,10.873454,13.827496,0.7495374
2018-09-01 14:30:00-08:00,7.189756869999999,12.440235,10.768041,13.166582,0.76974905
2018-09-01 14:45:00-08:00,7.189756869999999,14.549797,10.508885,12.387476,0.76614237
2018-09-01 15:00:00-08:00,7.189756869999999,15.212006,10.296746,11.442536,0.76608896
2018-09-01 15:15:00-08:00,7.189756869999999,13.60431,9.944101,10.520315,0.75797415
2018-09-01 15:30:00-08:00,7.189756869999999,12.531919,9.546259,9.631841,0.756568
2018-09-01 15:45:00-08:00,7.189756869999999,9.258216,8.938151,8.71778,0.75989175
2018-09-01 16:00:00-08:00,7.189756869999999,11.122325,8.232701,7.887414,0.7642497
2018-09-01 16:15:00-08:00,7.189756869999999,9.175924,7.3848705,6.9348464,0.7807412
2018-09-01 16:30:00-08:00,7.189756869999999,9.164696,6.5595655,6.021531,0.7747599
2018-09-01 16:45:00-08:00,7.189756869999999,6.730389,5.9608116,5.2301426,0.7713237
2018-09-01 17:00:00-08:00,7.189756869999999,6.554296,5.247533,4.4315195,0.7410319
2018-09-01 17:15:00-08:00,7.189756869999999,4.367361,4.411515,3.6819854,0.67782724
2018-09-01 17:30:00-08:00,7.189756869999999,3.8499403,3.6857378,3.101893,0.61838925
2018-09-01 17:45:00-08:00,7.189756869999999,2.701453,3.22115,2.5979903,0.51160157
2018-09-01 18:00:00-08:00,7.189756869999999,1.5044099,2.8154554,2.2454739,0.4000607
2018-09-01 18:15:00-08:00,7.189756869999999,0.9004496,2.6761034,1.8553243,0.29357737
2018-09-01 18:30:00-08:00,7.189756869999999,2.4715424,2.5392084,1.6393147,0.21401462
2018-09-01 18:45:00-08:00,7.189756869999999,0.0,0.0,0.0,0.0
2018-09-01 19:00:00-08:00,7.189756869999999,0.0,0.0,0.0,0.0
2018-09-01 19:15:00-08:00,7.189756869999999,0.0,0.0,0.0,0.0
2018-09-01 19:30:00-08:00,7.189756869999999,0.0,0.0,0.0,0.0
2018-09-01 19:45:00-08:00,7.189756869999999,0.0,0.0,0.0,0.0
2018-09-01 20:00:00-08:00,7.189756869999999,0.0,0.0,0.0,0.0
2018-09-01 20:15:00-08:00,7.189756869999999,0.0,0.0,0.0,0.0
2018-09-01 20:30:00-08:00,7.189756869999999,0.0,0.0,0.0,0.0
2018-09-01 20:45:00-08:00,7.189756869999999,0.0,0.0,0.0,0.0
2018-09-01 21:00:00-08:00,7.189756869999999,0.0,0.0,0.0,0.0
2018-09-01 21:15:00-08:00,7.189756869999999,0.0,0.0,0.0,0.0
2018-09-01 21:30:00-08:00,7.189756869999999,0.0,0.0,0.0,0.0
2018-09-01 21:45:00-08:00,7.189756869999999,0.0,0.0,0.0,0.0
2018-09-01 22:00:00-08:00,7.189756869999999,0.0,0.0,0.0,0.0
2018-09-01 22:15:00-08:00,7.189756869999999,0.0,0.0,0.0,0.0
2018-09-01 22:30:00-08:00,7.189756869999999,0.0,0.0,0.0,0.0
2018-09-01 22:45:00-08:00,7.189756869999999,0.0,0.0,0.0,0.0
2018-09-01 23:00:00-08:00,7.189756869999999,0.0,0.0,0.0,0.0
2018-09-01 23:15:00-08:00,7.189756869999999,0.0,0.0,0.0,0.0
2018-09-01 23:30:00-08:00,7.189756869999999,0.0,0.0,0.0,0.0
2018-09-01 23:45:00-08:00,7.189756869999999,0.0,0.0,0.0,0.0
2018-09-02 00:00:00-08:00,7.189756869999999,0.0,0.0,0.0,0.0
2018-09-02 00:15:00-08:00,7.189756869999999,0.0,0.0,0.0,0.0
2018-09-02 00:30:00-08:00,7.189756869999999,0.0,0.0,0.0,0.0
2018-09-02 00:45:00-08:00,7.189756869999999,0.0,0.0,0.0,0.0
2018-09-02 01:00:00-08:00,7.189756869999999,0.0,0.0,0.0,0.0
2018-09-02 01:15:00-08:00,7.189756869999999,0.0,0.0,0.0,0.0
2018-09-02 01:30:00-08:00,7.189756869999999,0.0,0.0,0.0,0.0
2018-09-02 01:45:00-08:00,7.189756869999999,0.0,0.0,0.0,0.0
2018-09-02 02:00:00-08:00,7.189756869999999,0.0,0.0,0.0,0.0
2018-09-02 02:15:00-08:00,7.189756869999999,0.0,0.0,0.0,0.0
2018-09-02 02:30:00-08:00,7.189756869999999,0.0,0.0,0.0,0.0
2018-09-02 02:45:00-08:00,7.189756869999999,0.0,0.0,0.0,0.0
2018-09-02 03:00:00-08:00,7.189756869999999,0.0,0.0,0.0,0.0
2018-09-02 03:15:00-08:00,7.189756869999999,0.0,0.0,0.0,0.0
2018-09-02 03:30:00-08:00,7.189756869999999,0.0,0.0,0.0,0.0
2018-09-02 03:45:00-08:00,7.189756869999999,0.0,0.0,0.0,0.0
2018-09-02 04:00:00-08:00,7.189756869999999,0.0,0.0,0.0,0.0
2018-09-02 04:15:00-08:00,7.189756869999999,0.0,0.0,0.0,0.0
2018-09-02 04:30:00-08:00,7.189756869999999,0.0,0.0,0.0,0.0
2018-09-02 04:45:00-08:00,7.189756869999999,0.0,0.0,0.0,0.0
2018-09-02 05:00:00-08:00,7.189756869999999,0.0,0.0,0.0,0.0
2018-09-02 05:15:00-08:00,7.189756869999999,0.0,0.0,0.0,0.0
2018-09-02 05:30:00-08:00,7.189756869999999,0.0,0.0,0.0,0.0
2018-09-02 05:45:00-08:00,7.189756869999999,3.0850854,0.3588764,0.9981247,0.12960327
2018-09-02 06:00:00-08:00,7.189756869999999,1.921434,0.5588492,1.0969522,0.18074834
2018-09-02 06:15:00-08:00,7.189756869999999,1.519036,0.5974188,1.2323273,0.22113174
2018-09-02 06:30:00-08:00,7.189756869999999,1.219067,0.96639454,1.5035696,0.31510723
2018-09-02 06:45:00-08:00,7.189756869999999,2.0100386,1.3818337,1.8040957,0.37670588
2018-09-02 07:00:00-08:00,7.189756869999999,4.101063,2.2795858,2.2663496,0.44277996
2018-09-02 07:15:00-08:00,7.189756869999999,3.761818,3.0763278,2.9694047,0.49101287
2018-09-02 07:30:00-08:00,7.189756869999999,5.237913,3.829314,3.8260555,0.54362106
2018-09-02 07:45:00-08:00,7.189756869999999,7.5625706,5.029502,4.8368335,0.5940579
2018-09-02 08:00:00-08:00,7.189756869999999,9.256321,6.4327106,5.991645,0.62634116
2018-09-02 08:15:00-08:00,7.189756869999999,9.728651,7.949202,7.2186375,0.6601298
2018-09-02 08:30:00-08:00,7.189756869999999,10.7595215,9.441332,8.493506,0.68059564
2018-09-02 08:45:00-08:00,7.189756869999999,12.324871,10.901239,9.903322,0.7033054
2018-09-02 09:00:00-08:00,7.189756869999999,13.3819,12.258303,11.196269,0.72151726
2018-09-02 09:15:00-08:00,7.189756869999999,15.11826,13.502365,12.451541,0.7243795
2018-09-02 09:30:00-08:00,7.189756869999999,16.055017,14.497086,13.570527,0.7324354
2018-09-02 09:45:00-08:00,7.189756869999999,16.816378,15.603626,14.752341,0.7422863
2018-09-02 10:00:00-08:00,7.189756869999999,16.178217,16.253468,15.774393,0.7551825
2018-09-02 10:15:00-08:00,7.189756869999999,18.985497,17.173717,16.562283,0.74750143
2018-09-02 10:30:00-08:00,7.189756869999999,13.136413,17.952847,17.25422,0.7330451
2018-09-02 10:45:00-08:00,7.189756869999999,17.950449,18.21205,17.752588,0.7207903
2018-09-02 11:00:00-08:00,7.189756869999999,16.180128,18.767162,18.20728,0.7328963
2018-09-02 11:15:00-08:00,7.189756869999999,17.549932,19.036827,18.593405,0.73010683
2018-09-02 11:30:00-08:00,7.189756869999999,16.216255,19.429451,18.8261,0.73911166
2018-09-02 11:45:00-08:00,7.189756869999999,16.278656,19.518215,19.063353,0.7213956
2018-09-02 12:00:00-08:00,7.189756869999999,17.16035,19.773365,19.349934,0.7055507
2018-09-02 12:15:00-08:00,7.189756869999999,19.451828,20.173738,19.466385,0.7154405
2018-09-02 12:30:00-08:00,7.189756869999999,16.686968,20.304686,19.639317,0.7086028
2018-09-02 12:45:00-08:00,7.189756869999999,19.589842,20.284033,19.84174,0.7168972
2018-09-02 13:00:00-08:00,7.189756869999999,16.638134,19.985813,19.762028,0.7257168
2018-09-02 13:15:00-08:00,7.189756869999999,17.720543,19.940784,19.650011,0.7343035
2018-09-02 13:30:00-08:00,7.189756869999999,15.439194,19.720268,19.551678,0.73924035
2018-09-02 13:45:00-08:00,7.189756869999999,15.271754,19.392658,19.368673,0.7440907
2018-09-02 14:00:00-08:00,7.189756869999999,17.950693,18.992619,18.934776,0.75205696
2018-09-02 14:15:00-08:00,7.189756869999999,16.869112,18.567017,18.337555,0.7482383
2018-09-02 14:30:00-08:00,7.189756869999999,16.152702,18.195673,17.680243,0.7663273
2018-09-02 14:45:00-08:00,7.189756869999999,15.528658,17.569836,16.926239,0.76492757
2018-09-02 15:00:00-08:00,7.189756869999999,15.047409,17.030382,15.809008,0.7655078
2018-09-02 15:15:00-08:00,7.189756869999999,13.257211,16.143156,14.716367,0.7571591
2018-09-02 15:30:00-08:00,7.189756869999999,13.586758,15.165623,13.511255,0.75785834
2018-09-02 15:45:00-08:00,7.189756869999999,11.02291,13.982349,12.28352,0.7643936
2018-09-02 16:00:00-08:00,7.189756869999999,11.337284,12.660313,11.01959,0.77095234
2018-09-02 16:15:00-08:00,7.189756869999999,10.1774435,11.134417,9.672366,0.7900824
2018-09-02 16:30:00-08:00,7.189756869999999,8.815908,9.658188,8.321108,0.78688836
2018-09-02 16:45:00-08:00,7.189756869999999,7.8861265,8.328012,7.0958247,0.78449446
2018-09-02 17:00:00-08:00,7.189756869999999,6.706992,6.8330956,5.8729296,0.75457275
2018-09-02 17:15:00-08:00,7.189756869999999,4.4953685,5.189043,4.689768,0.6869717
2018-09-02 17:30:00-08:00,7.189756869999999,3.9539301,3.6832218,3.744411,0.6260437
2018-09-02 17:45:00-08:00,7.189756869999999,2.0698783,2.3761187,2.9831011,0.5101141
2018-09-02 18:00:00-08:00,7.189756869999999,1.7107449,1.2801101,2.3854072,0.38961607
2018-09-02 18:15:00-08:00,7.189756869999999,1.261834,0.5989579,1.8598323,0.27736676
2018-09-02 18:30:00-08:00,7.189756869999999,1.2437009,0.032871846,1.5498565,0.19165945
2018-09-02 18:45:00-08:00,7.189756869999999,0.0,0.0,0.0,0.0
2018-09-02 19:00:00-08:00,7.189756869999999,0.0,0.0,0.0,0.0
2018-09-02 19:15:00-08:00,7.189756869999999,0.0,0.0,0.0,0.0
2018-09-02 19:30:00-08:00,7.189756869999999,0.0,0.0,0.0,0.0
2018-09-02 19:45:00-08:00,7.189756869999999,0.0,0.0,0.0,0.0
2018-09-02 20:00:00-08:00,7.189756869999999,0.0,0.0,0.0,0.0
2018-09-02 20:15:00-08:00,7.189756869999999,0.0,0.0,0.0,0.0
2018-09-02 20:30:00-08:00,7.189756869999999,0.0,0.0,0.0,0.0
2018-09-02 20:45:00-08:00,7.189756869999999,0.0,0.0,0.0,0.0
2018-09-02 21:00:00-08:00,7.189756869999999,0.0,0.0,0.0,0.0
2018-09-02 21:15:00-08:00,7.189756869999999,0.0,0.0,0.0,0.0
2018-09-02 21:30:00-08:00,7.189756869999999,0.0,0.0,0.0,0.0
2018-09-02 21:45:00-08:00,7.189756869999999,0.0,0.0,0.0,0.0
2018-09-02 22:00:00-08:00,7.189756869999999,0.0,0.0,0.0,0.0
2018-09-02 22:15:00-08:00,7.189756869999999,0.0,0.0,0.0,0.0
2018-09-02 22:30:00-08:00,7.189756869999999,0.0,0.0,0.0,0.0
2018-09-02 22:45:00-08:00,7.189756869999999,0.0,0.0,0.0,0.0
2018-09-02 23:00:00-08:00,7.189756869999999,0.0,0.0,0.0,0.0
2018-09-02 23:15:00-08:00,7.189756869999999,0.0,0.0,0.0,0.0
2018-09-02 23:30:00-08:00,7.189756869999999,0.0,0.0,0.0,0.0
2018-09-02 23:45:00-08:00,7.189756869999999,0.0,0.0,0.0,0.0
2018-09-03 00:00:00-08:00,7.189756869999999,0.0,0.0,0.0,0.0
2018-09-03 00:15:00-08:00,7.189756869999999,0.0,0.0,0.0,0.0
2018-09-03 00:30:00-08:00,7.189756869999999,0.0,0.0,0.0,0.0
2018-09-03 00:45:00-08:00,7.189756869999999,0.0,0.0,0.0,0.0
2018-09-03 01:00:00-08:00,7.189756869999999,0.0,0.0,0.0,0.0
2018-09-03 01:15:00-08:00,7.189756869999999,0.0,0.0,0.0,0.0
2018-09-03 01:30:00-08:00,7.189756869999999,0.0,0.0,0.0,0.0
2018-09-03 01:45:00-08:00,7.189756869999999,0.0,0.0,0.0,0.0
2018-09-03 02:00:00-08:00,7.189756869999999,0.0,0.0,0.0,0.0
2018-09-03 02:15:00-08:00,7.189756869999999,0.0,0.0,0.0,0.0
2018-09-03 02:30:00-08:00,7.189756869999999,0.0,0.0,0.0,0.0
2018-09-03 02:45:00-08:00,7.189756869999999,0.0,0.0,0.0,0.0
2018-09-03 03:00:00-08:00,7.189756869999999,0.0,0.0,0.0,0.0
2018-09-03 03:15:00-08:00,7.189756869999999,0.0,0.0,0.0,0.0
2018-09-03 03:30:00-08:00,7.189756869999999,0.0,0.0,0.0,0.0
2018-09-03 03:45:00-08:00,7.189756869999999,0.0,0.0,0.0,0.0
2018-09-03 04:00:00-08:00,7.189756869999999,0.0,0.0,0.0,0.0
2018-09-03 04:15:00-08:00,7.189756869999999,0.0,0.0,0.0,0.0
2018-09-03 04:30:00-08:00,7.189756869999999,0.0,0.0,0.0,0.0
2018-09-03 04:45:00-08:00,7.189756869999999,0.0,0.0,0.0,0.0
2018-09-03 05:00:00-08:00,7.189756869999999,0.0,0.0,0.0,0.0
2018-09-03 05:15:00-08:00,7.189756869999999,0.0,0.0,0.0,0.0
2018-09-03 05:30:00-08:00,7.189756869999999,0.0,0.0,0.0,0.0
2018-09-03 05:45:00-08:00,7.189756869999999,2.3425696,3.469421,1.5595798,0.106854
2018-09-03 06:00:00-08:00,7.189756869999999,1.6714435,3.4181843,1.5814037,0.15118018
2018-09-03 06:15:00-08:00,7.189756869999999,1.3964411,3.2494304,1.7506553,0.18560117
2018-09-03 06:30:00-08:00,7.189756869999999,2.3640227,3.1740904,1.8582205,0.27145734
2018-09-03 06:45:00-08:00,7.189756869999999,2.2869403,3.0787854,2.098939,0.32681373
2018-09-03 07:00:00-08:00,7.189756869999999,3.552207,3.1804268,2.4750824,0.3880415
2018-09-03 07:15:00-08:00,7.189756869999999,3.8554401,3.3208852,2.8833323,0.43492815
2018-09-03 07:30:00-08:00,7.189756869999999,5.5398674,3.2812672,3.349077,0.485622
2018-09-03 07:45:00-08:00,7.189756869999999,5.777735,3.6503658,3.9058921,0.5355748
2018-09-03 08:00:00-08:00,7.189756869999999,7.2810473,4.021749,4.5906982,0.56816006
2018-09-03 08:15:00-08:00,7.189756869999999,7.9387474,4.656577,5.29872,0.60418403
2018-09-03 08:30:00-08:00,7.189756869999999,10.0944195,5.199407,5.854679,0.6279544
2018-09-03 08:45:00-08:00,7.189756869999999,11.216821,5.6794176,6.5948424,0.6545391
2018-09-03 09:00:00-08:00,7.189756869999999,11.025829,6.259722,7.138794,0.6771938
2018-09-03 09:15:00-08:00,7.189756869999999,13.426514,6.694746,7.656076,0.68478894
2018-09-03 09:30:00-08:00,7.189756869999999,13.205856,6.963235,8.023796,0.6979066
2018-09-03 09:45:00-08:00,7.189756869999999,13.959427,7.220583,8.3961315,0.7111982
2018-09-03 10:00:00-08:00,7.189756869999999,15.671099,7.343422,8.626495,0.7276811
2018-09-03 10:15:00-08:00,7.189756869999999,15.456215,7.505045,8.825739,0.7231908
2018-09-03 10:30:00-08:00,7.189756869999999,14.519859,7.517471,9.044048,0.71038735
2018-09-03 10:45:00-08:00,7.189756869999999,17.39744,7.3031573,9.059297,0.7000461
2018-09-03 11:00:00-08:00,7.189756869999999,13.144442,7.199674,9.25243,0.713707
2018-09-03 11:15:00-08:00,7.189756869999999,16.457909,6.8977747,9.334229,0.71371454
2018-09-03 11:30:00-08:00,7.189756869999999,15.029237,6.8540583,9.335701,0.7244784
2018-09-03 11:45:00-08:00,7.189756869999999,16.074701,6.6283283,9.293415,0.7081953
2018-09-03 12:00:00-08:00,7.189756869999999,16.045633,6.5400467,9.236368,0.6928842
2018-09-03 12:15:00-08:00,7.189756869999999,17.79747,6.658778,9.0161,0.7020875
2018-09-03 12:30:00-08:00,7.189756869999999,18.430752,6.7450447,8.937279,0.6950271
2018-09-03 12:45:00-08:00,7.189756869999999,17.750374,6.8424463,8.624046,0.7018156
2018-09-03 13:00:00-08:00,7.189756869999999,14.549656,6.832406,8.533169,0.70799583
2018-09-03 13:15:00-08:00,7.189756869999999,15.893822,7.013446,8.203716,0.71432
2018-09-03 13:30:00-08:00,7.189756869999999,13.932287,7.060198,8.047186,0.715212
2018-09-03 13:45:00-08:00,7.189756869999999,13.776978,7.0851574,7.8962803,0.71918553
2018-09-03 14:00:00-08:00,7.189756869999999,14.667755,7.085923,7.6738772,0.72401035
2018-09-03 14:15:00-08:00,7.189756869999999,16.439388,7.0545673,7.4400487,0.719149
2018-09-03 14:30:00-08:00,7.189756869999999,10.872966,7.1798887,7.1772895,0.73662615
2018-09-03 14:45:00-08:00,7.189756869999999,12.730949,7.1082673,6.9314103,0.73242676
2018-09-03 15:00:00-08:00,7.189756869999999,12.692781,7.159193,6.7202682,0.7327323
2018-09-03 15:15:00-08:00,7.189756869999999,12.024453,7.123886,6.3858232,0.72568536
2018-09-03 15:30:00-08:00,7.189756869999999,10.330933,7.092477,6.118702,0.72607017
2018-09-03 15:45:00-08:00,7.189756869999999,8.831024,6.882456,5.7062306,0.73210025
2018-09-03 16:00:00-08:00,7.189756869999999,11.165161,6.608055,5.47627,0.73830724
2018-09-03 16:15:00-08:00,7.189756869999999,9.008095,6.145399,4.9908066,0.7568848
2018-09-03 16:30:00-08:00,7.189756869999999,7.393783,5.7100105,4.5419273,0.7547579
2018-09-03 16:45:00-08:00,7.189756869999999,7.1990905,5.4408803,4.012401,0.7530543
2018-09-03 17:00:00-08:00,7.189756869999999,6.019006,5.0264287,3.5307093,0.726667
2018-09-03 17:15:00-08:00,7.189756869999999,4.3775334,4.466703,3.0419798,0.6666861
2018-09-03 17:30:00-08:00,7.189756869999999,4.0314794,3.9267063,2.7560902,0.6132041
2018-09-03 17:45:00-08:00,7.189756869999999,2.808943,3.6161952,2.4749944,0.51146907
2018-09-03 18:00:00-08:00,7.189756869999999,1.3482988,3.3483343,2.3200977,0.40444982
2018-09-03 18:15:00-08:00,7.189756869999999,0.91268337,3.2917266,2.0890102,0.30215442
2018-09-03 18:30:00-08:00,7.189756869999999,1.410584,3.249649,1.9606948,0.22451203
2018-09-03 18:45:00-08:00,7.189756869999999,0.0,0.0,0.0,0.0
2018-09-03 19:00:00-08:00,7.189756869999999,0.0,0.0,0.0,0.0
2018-09-03 19:15:00-08:00,7.189756869999999,0.0,0.0,0.0,0.0
2018-09-03 19:30:00-08:00,7.189756869999999,0.0,0.0,0.0,0.0
2018-09-03 19:45:00-08:00,7.189756869999999,0.0,0.0,0.0,0.0
2018-09-03 20:00:00-08:00,7.189756869999999,0.0,0.0,0.0,0.0
2018-09-03 20:15:00-08:00,7.189756869999999,0.0,0.0,0.0,0.0
2018-09-03 20:30:00-08:00,7.189756869999999,0.0,0.0,0.0,0.0
2018-09-03 20:45:00-08:00,7.189756869999999,0.0,0.0,0.0,0.0
2018-09-03 21:00:00-08:00,7.189756869999999,0.0,0.0,0.0,0.0
2018-09-03 21:15:00-08:00,7.189756869999999,0.0,0.0,0.0,0.0
2018-09-03 21:30:00-08:00,7.189756869999999,0.0,0.0,0.0,0.0
2018-09-03 21:45:00-08:00,7.189756869999999,0.0,0.0,0.0,0.0
2018-09-03 22:00:00-08:00,7.189756869999999,0.0,0.0,0.0,0.0
2018-09-03 22:15:00-08:00,7.189756869999999,0.0,0.0,0.0,0.0
2018-09-03 22:30:00-08:00,7.189756869999999,0.0,0.0,0.0,0.0
2018-09-03 22:45:00-08:00,7.189756869999999,0.0,0.0,0.0,0.0
2018-09-03 23:00:00-08:00,7.189756869999999,0.0,0.0,0.0,0.0
2018-09-03 23:15:00-08:00,7.189756869999999,0.0,0.0,0.0,0.0
2018-09-03 23:30:00-08:00,7.189756869999999,0.0,0.0,0.0,0.0
2018-09-03 23:45:00-08:00,7.189756869999999,0.0,0.0,0.0,0.0
2018-09-04 00:00:00-08:00,7.189756869999999,0.0,0.0,0.0,0.0
2018-09-04 00:15:00-08:00,7.189756869999999,0.0,0.0,0.0,0.0
2018-09-04 00:30:00-08:00,7.189756869999999,0.0,0.0,0.0,0.0
2018-09-04 00:45:00-08:00,7.189756869999999,0.0,0.0,0.0,0.0
2018-09-04 01:00:00-08:00,7.189756869999999,0.0,0.0,0.0,0.0
2018-09-04 01:15:00-08:00,7.189756869999999,0.0,0.0,0.0,0.0
2018-09-04 01:30:00-08:00,7.189756869999999,0.0,0.0,0.0,0.0
2018-09-04 01:45:00-08:00,7.189756869999999,0.0,0.0,0.0,0.0
2018-09-04 02:00:00-08:00,7.189756869999999,0.0,0.0,0.0,0.0
2018-09-04 02:15:00-08:00,7.189756869999999,0.0,0.0,0.0,0.0
2018-09-04 02:30:00-08:00,7.189756869999999,0.0,0.0,0.0,0.0
2018-09-04 02:45:00-08:00,7.189756869999999,0.0,0.0,0.0,0.0
2018-09-04 03:00:00-08:00,7.189756869999999,0.0,0.0,0.0,0.0
2018-09-04 03:15:00-08:00,7.189756869999999,0.0,0.0,0.0,0.0
2018-09-04 03:30:00-08:00,7.189756869999999,0.0,0.0,0.0,0.0
2018-09-04 03:45:00-08:00,7.189756869999999,0.0,0.0,0.0,0.0
2018-09-04 04:00:00-08:00,7.189756869999999,0.0,0.0,0.0,0.0
2018-09-04 04:15:00-08:00,7.189756869999999,0.0,0.0,0.0,0.0
2018-09-04 04:30:00-08:00,7.189756869999999,0.0,0.0,0.0,0.0
2018-09-04 04:45:00-08:00,7.189756869999999,0.0,0.0,0.0,0.0
2018-09-04 05:00:00-08:00,7.189756869999999,0.0,0.0,0.0,0.0
2018-09-04 05:15:00-08:00,7.189756869999999,0.0,0.0,0.0,0.0
2018-09-04 05:30:00-08:00,7.189756869999999,0.0,0.0,0.0,0.0
2018-09-04 05:45:00-08:00,7.189756869999999,2.7975113,1.9521707,1.0881944,0.11626862
2018-09-04 06:00:00-08:00,7.189756869999999,3.2934394,2.0289454,1.2070072,0.16393888
2018-09-04 06:15:00-08:00,7.189756869999999,2.0354013,1.9251773,1.3776236,0.20059401
2018-09-04 06:30:00-08:00,7.189756869999999,1.4696836,2.0137265,1.5487976,0.2922962
2018-09-04 06:45:00-08:00,7.189756869999999,3.5007105,2.1031847,1.7871176,0.35113597
2018-09-04 07:00:00-08:00,7.189756869999999,2.8531322,2.5108273,2.1612248,0.4151002
2018-09-04 07:15:00-08:00,7.189756869999999,4.001017,2.8933074,2.71521,0.46438968
2018-09-04 07:30:00-08:00,7.189756869999999,4.986706,3.1091828,3.3539395,0.5184115
2018-09-04 07:45:00-08:00,7.189756869999999,5.812289,3.812427,4.131574,0.57038325
2018-09-04 08:00:00-08:00,7.189756869999999,7.5915995,4.645404,5.0641356,0.6050565
2018-09-04 08:15:00-08:00,7.189756869999999,8.324465,5.7290306,6.0766068,0.64141077
2018-09-04 08:30:00-08:00,7.189756869999999,10.275944,6.798395,7.0688796,0.6655299
2018-09-04 08:45:00-08:00,7.189756869999999,10.038725,7.8600125,8.234237,0.692256
2018-09-04 09:00:00-08:00,7.189756869999999,10.166874,8.945945,9.266907,0.7146508
2018-09-04 09:15:00-08:00,7.189756869999999,13.968296,9.926328,10.304365,0.7216589
2018-09-04 09:30:00-08:00,7.189756869999999,13.762805,10.700518,11.195238,0.73281336
2018-09-04 09:45:00-08:00,7.189756869999999,16.322006,11.544653,12.152504,0.7443132
2018-09-04 10:00:00-08:00,7.189756869999999,15.614229,12.067861,12.958921,0.7600076
2018-09-04 10:15:00-08:00,7.189756869999999,14.6925125,12.716057,13.57329,0.75416374
2018-09-04 10:30:00-08:00,7.189756869999999,14.562447,13.2560215,14.225071,0.7399066
2018-09-04 10:45:00-08:00,7.189756869999999,19.183737,13.410408,14.660156,0.7291585
2018-09-04 11:00:00-08:00,7.189756869999999,17.15953,13.741497,15.092382,0.7430371
2018-09-04 11:15:00-08:00,7.189756869999999,17.762703,13.84944,15.445029,0.74226964
2018-09-04 11:30:00-08:00,7.189756869999999,15.476877,14.11702,15.7244625,0.7525852
2018-09-04 11:45:00-08:00,7.189756869999999,13.918993,14.097485,15.996309,0.7356397
2018-09-04 12:00:00-08:00,7.189756869999999,17.703861,14.215087,16.21973,0.72069263
2018-09-04 12:15:00-08:00,7.189756869999999,20.142174,14.47168,16.36875,0.73010457
2018-09-04 12:30:00-08:00,7.189756869999999,19.79936,14.56749,16.538042,0.7227403
2018-09-04 12:45:00-08:00,7.189756869999999,18.718874,14.506788,16.652863,0.7300862
2018-09-04 13:00:00-08:00,7.189756869999999,17.40236,14.26255,16.572393,0.7374668
2018-09-04 13:15:00-08:00,7.189756869999999,18.749924,14.171325,16.418835,0.7450217
2018-09-04 13:30:00-08:00,7.189756869999999,17.538126,13.957235,16.272318,0.74828565
2018-09-04 13:45:00-08:00,7.189756869999999,16.893232,13.65937,16.091415,0.7527893
2018-09-04 14:00:00-08:00,7.189756869999999,19.765038,13.31997,15.663742,0.7591984
2018-09-04 14:15:00-08:00,7.189756869999999,16.378181,12.95546,15.092877,0.75459623
2018-09-04 14:30:00-08:00,7.189756869999999,16.758741,12.732647,14.568468,0.77313405
2018-09-04 14:45:00-08:00,7.189756869999999,13.609716,12.339352,13.903533,0.7690121
2018-09-04 15:00:00-08:00,7.189756869999999,15.26956,12.058951,12.969895,0.7702219
2018-09-04 15:15:00-08:00,7.189756869999999,13.863615,11.567423,12.064851,0.7627175
2018-09-04 15:30:00-08:00,7.189756869999999,12.659866,11.006539,11.15377,0.7636062
2018-09-04 15:45:00-08:00,7.189756869999999,10.655624,10.266461,10.1785145,0.77111816
2018-09-04 16:00:00-08:00,7.189756869999999,9.708541,9.400242,9.271439,0.7784014
2018-09-04 16:15:00-08:00,7.189756869999999,9.880618,8.36166,8.242336,0.7977959
2018-09-04 16:30:00-08:00,7.189756869999999,8.759611,7.3734493,7.2377114,0.7943413
2018-09-04 16:45:00-08:00,7.189756869999999,7.5908833,6.542045,6.3536525,0.78896356
2018-09-04 17:00:00-08:00,7.189756869999999,6.1841397,5.5448213,5.4652343,0.7554853
2018-09-04 17:15:00-08:00,7.189756869999999,4.1665564,4.466583,4.600186,0.68642807
2018-09-04 17:30:00-08:00,7.189756869999999,4.456644,3.4830265,3.9133337,0.6242276
2018-09-04 17:45:00-08:00,7.189756869999999,2.6574388,2.7428405,3.351021,0.51085633
2018-09-04 18:00:00-08:00,7.189756869999999,1.1726696,2.1598945,2.89222,0.39412755
2018-09-04 18:15:00-08:00,7.189756869999999,0.97065985,1.8586531,2.414406,0.28699678
2018-09-04 18:30:00-08:00,7.189756869999999,1.0588714,1.6549811,2.0959663,0.20779541
2018-09-04 18:45:00-08:00,7.189756869999999,0.0,0.0,0.0,0.0
2018-09-04 19:00:00-08:00,7.189756869999999,0.0,0.0,0.0,0.0
2018-09-04 19:15:00-08:00,7.189756869999999,0.0,0.0,0.0,0.0
2018-09-04 19:30:00-08:00,7.189756869999999,0.0,0.0,0.0,0.0
2018-09-04 19:45:00-08:00,7.189756869999999,0.0,0.0,0.0,0.0
2018-09-04 20:00:00-08:00,7.189756869999999,0.0,0.0,0.0,0.0
2018-09-04 20:15:00-08:00,7.189756869999999,0.0,0.0,0.0,0.0
2018-09-04 20:30:00-08:00,7.189756869999999,0.0,0.0,0.0,0.0
2018-09-04 20:45:00-08:00,7.189756869999999,0.0,0.0,0.0,0.0
2018-09-04 21:00:00-08:00,7.189756869999999,0.0,0.0,0.0,0.0
2018-09-04 21:15:00-08:00,7.189756869999999,0.0,0.0,0.0,0.0
2018-09-04 21:30:00-08:00,7.189756869999999,0.0,0.0,0.0,0.0
2018-09-04 21:45:00-08:00,7.189756869999999,0.0,0.0,0.0,0.0
2018-09-04 22:00:00-08:00,7.189756869999999,0.0,0.0,0.0,0.0
2018-09-04 22:15:00-08:00,7.189756869999999,0.0,0.0,0.0,0.0
2018-09-04 22:30:00-08:00,7.189756869999999,0.0,0.0,0.0,0.0
2018-09-04 22:45:00-08:00,7.189756869999999,0.0,0.0,0.0,0.0
2018-09-04 23:00:00-08:00,7.189756869999999,0.0,0.0,0.0,0.0
2018-09-04 23:15:00-08:00,7.189756869999999,0.0,0.0,0.0,0.0
2018-09-04 23:30:00-08:00,7.189756869999999,0.0,0.0,0.0,0.0
2018-09-04 23:45:00-08:00,7.189756869999999,0.0,0.0,0.0,0.0
2018-09-05 00:00:00-08:00,7.189756869999999,0.0,0.0,0.0,0.0
2018-09-05 00:15:00-08:00,7.189756869999999,0.0,0.0,0.0,0.0
2018-09-05 00:30:00-08:00,7.189756869999999,0.0,0.0,0.0,0.0
2018-09-05 00:45:00-08:00,7.189756869999999,0.0,0.0,0.0,0.0
2018-09-05 01:00:00-08:00,7.189756869999999,0.0,0.0,0.0,0.0
2018-09-05 01:15:00-08:00,7.189756869999999,0.0,0.0,0.0,0.0
2018-09-05 01:30:00-08:00,7.189756869999999,0.0,0.0,0.0,0.0
2018-09-05 01:45:00-08:00,7.189756869999999,0.0,0.0,0.0,0.0
2018-09-05 02:00:00-08:00,7.189756869999999,0.0,0.0,0.0,0.0
2018-09-05 02:15:00-08:00,7.189756869999999,0.0,0.0,0.0,0.0
2018-09-05 02:30:00-08:00,7.189756869999999,0.0,0.0,0.0,0.0
2018-09-05 02:45:00-08:00,7.189756869999999,0.0,0.0,0.0,0.0
2018-09-05 03:00:00-08:00,7.189756869999999,0.0,0.0,0.0,0.0
2018-09-05 03:15:00-08:00,7.189756869999999,0.0,0.0,0.0,0.0
2018-09-05 03:30:00-08:00,7.189756869999999,0.0,0.0,0.0,0.0
2018-09-05 03:45:00-08:00,7.189756869999999,0.0,0.0,0.0,0.0
2018-09-05 04:00:00-08:00,7.189756869999999,0.0,0.0,0.0,0.0
2018-09-05 04:15:00-08:00,7.189756869999999,0.0,0.0,0.0,0.0
2018-09-05 04:30:00-08:00,7.189756869999999,0.0,0.0,0.0,0.0
2018-09-05 04:45:00-08:00,7.189756869999999,0.0,0.0,0.0,0.0
2018-09-05 05:00:00-08:00,7.189756869999999,0.0,0.0,0.0,0.0
2018-09-05 05:15:00-08:00,7.189756869999999,0.0,0.0,0.0,0.0
2018-09-05 05:30:00-08:00,7.189756869999999,0.0,0.0,0.0,0.0
2018-09-05 05:45:00-08:00,7.189756869999999,4.618473,1.6363516,1.6813097,0.09994054
2018-09-05 06:00:00-08:00,7.189756869999999,3.5123756,1.5579042,1.8713561,0.15020585
2018-09-05 06:15:00-08:00,7.189756869999999,2.7635605,1.3506223,2.1948814,0.18821585
2018-09-05 06:30:00-08:00,7.189756869999999,1.7083043,1.2708818,2.4820051,0.28275257
2018-09-05 06:45:00-08:00,7.189756869999999,3.7073236,1.1425514,2.9008524,0.3440367
2018-09-05 07:00:00-08:00,7.189756869999999,5.6896973,1.2619835,3.5167742,0.4083296
2018-09-05 07:15:00-08:00,7.189756869999999,3.908986,1.3978937,4.1893167,0.45691097
2018-09-05 07:30:00-08:00,7.189756869999999,3.8405523,1.420225,4.8913403,0.5095278
2018-09-05 07:45:00-08:00,7.189756869999999,5.6589007,1.8660836,5.7717247,0.5621326
2018-09-05 08:00:00-08:00,7.189756869999999,7.238531,2.2878444,6.7728496,0.59710735
2018-09-05 08:15:00-08:00,7.189756869999999,7.620811,2.9085662,7.771324,0.63166726
2018-09-05 08:30:00-08:00,7.189756869999999,7.701665,3.5397441,8.733392,0.65333176
2018-09-05 08:45:00-08:00,7.189756869999999,8.381801,4.015598,9.884197,0.68064106
2018-09-05 09:00:00-08:00,7.189756869999999,10.390521,4.58515,10.791639,0.7032421
2018-09-05 09:15:00-08:00,7.189756869999999,11.268547,5.093744,11.653324,0.7106744
2018-09-05 09:30:00-08:00,7.189756869999999,13.943125,5.4391026,12.339138,0.72279745
2018-09-05 09:45:00-08:00,7.189756869999999,15.013581,5.7626286,13.067242,0.7350445
2018-09-05 10:00:00-08:00,7.189756869999999,15.666338,5.9193525,13.592796,0.7505198
2018-09-05 10:15:00-08:00,7.189756869999999,13.062083,6.127369,13.953921,0.74435484
2018-09-05 10:30:00-08:00,7.189756869999999,14.634844,6.240445,14.356221,0.7293117
2018-09-05 10:45:00-08:00,7.189756869999999,16.844822,6.071658,14.455198,0.7170639
2018-09-05 11:00:00-08:00,7.189756869999999,13.129421,6.0464544,14.705609,0.730859
2018-09-05 11:15:00-08:00,7.189756869999999,16.912046,5.819487,14.801353,0.7309805
2018-09-05 11:30:00-08:00,7.189756869999999,11.949461,5.845272,14.814614,0.74388945
2018-09-05 11:45:00-08:00,7.189756869999999,15.985396,5.65627,14.817886,0.7266044
2018-09-05 12:00:00-08:00,7.189756869999999,18.256878,5.5940137,14.760513,0.711895
2018-09-05 12:15:00-08:00,7.189756869999999,18.864103,5.757845,14.627784,0.7218074
2018-09-05 12:30:00-08:00,7.189756869999999,19.117205,5.894837,14.550719,0.71713096
2018-09-05 12:45:00-08:00,7.189756869999999,18.343056,6.1191435,14.306463,0.725117
2018-09-05 13:00:00-08:00,7.189756869999999,13.643066,6.133294,14.082869,0.7332268
2018-09-05 13:15:00-08:00,7.189756869999999,12.041937,6.4435062,13.601473,0.7413689
2018-09-05 13:30:00-08:00,7.189756869999999,12.911297,6.57731,13.2214365,0.74543506
2018-09-05 13:45:00-08:00,7.189756869999999,12.716852,6.6649075,12.81144,0.7506911
2018-09-05 14:00:00-08:00,7.189756869999999,14.52051,6.7899876,12.214172,0.7593962
2018-09-05 14:15:00-08:00,7.189756869999999,15.46405,6.848046,11.536346,0.75816554
2018-09-05 14:30:00-08:00,7.189756869999999,14.290918,7.019089,10.844061,0.78036237
2018-09-05 14:45:00-08:00,7.189756869999999,15.361825,7.0400033,10.107964,0.77838624
2018-09-05 15:00:00-08:00,7.189756869999999,12.188032,7.1841373,9.327795,0.7813692
2018-09-05 15:15:00-08:00,7.189756869999999,12.074589,7.2524605,8.544263,0.77523154
2018-09-05 15:30:00-08:00,7.189756869999999,10.096101,7.284006,7.8218184,0.77892226
2018-09-05 15:45:00-08:00,7.189756869999999,9.086704,7.2025466,7.0318956,0.7882068
2018-09-05 16:00:00-08:00,7.189756869999999,9.767614,6.99086,6.416375,0.7982348
2018-09-05 16:15:00-08:00,7.189756869999999,9.225954,6.6523604,5.587733,0.8206837
2018-09-05 16:30:00-08:00,7.189756869999999,8.025574,6.2716246,4.8519373,0.81914246
2018-09-05 16:45:00-08:00,7.189756869999999,7.310608,6.0357957,4.2030263,0.81540346
2018-09-05 17:00:00-08:00,7.189756869999999,6.7461767,5.695857,3.6040611,0.7851455
2018-09-05 17:15:00-08:00,7.189756869999999,5.2763333,5.1474843,3.0409207,0.7144313
2018-09-05 17:30:00-08:00,7.189756869999999,5.835005,4.6067777,2.6956089,0.6515173
2018-09-05 17:45:00-08:00,7.189756869999999,3.4565158,4.3119545,2.4514365,0.53475124
2018-09-05 18:00:00-08:00,7.189756869999999,4.2547073,4.0602756,2.3349135,0.41397923
2018-09-05 18:15:00-08:00,7.189756869999999,1.9408643,3.999999,2.172164,0.30214643
2018-09-05 18:30:00-08:00,7.189756869999999,1.8533989,3.9608927,2.145706,0.21824792
2018-09-05 18:45:00-08:00,7.189756869999999,0.0,0.0,0.0,0.0
2018-09-05 19:00:00-08:00,7.189756869999999,0.0,0.0,0.0,0.0
2018-09-05 19:15:00-08:00,7.189756869999999,0.0,0.0,0.0,0.0
2018-09-05 19:30:00-08:00,7.189756869999999,0.0,0.0,0.0,0.0
2018-09-05 19:45:00-08:00,7.189756869999999,0.0,0.0,0.0,0.0
2018-09-05 20:00:00-08:00,7.189756869999999,0.0,0.0,0.0,0.0
2018-09-05 20:15:00-08:00,7.189756869999999,0.0,0.0,0.0,0.0
2018-09-05 20:30:00-08:00,7.189756869999999,0.0,0.0,0.0,0.0
2018-09-05 20:45:00-08:00,7.189756869999999,0.0,0.0,0.0,0.0
2018-09-05 21:00:00-08:00,7.189756869999999,0.0,0.0,0.0,0.0
2018-09-05 21:15:00-08:00,7.189756869999999,0.0,0.0,0.0,0.0
2018-09-05 21:30:00-08:00,7.189756869999999,0.0,0.0,0.0,0.0
2018-09-05 21:45:00-08:00,7.189756869999999,0.0,0.0,0.0,0.0
2018-09-05 22:00:00-08:00,7.189756869999999,0.0,0.0,0.0,0.0
2018-09-05 22:15:00-08:00,7.189756869999999,0.0,0.0,0.0,0.0
2018-09-05 22:30:00-08:00,7.189756869999999,0.0,0.0,0.0,0.0
2018-09-05 22:45:00-08:00,7.189756869999999,0.0,0.0,0.0,0.0
2018-09-05 23:00:00-08:00,7.189756869999999,0.0,0.0,0.0,0.0
2018-09-05 23:15:00-08:00,7.189756869999999,0.0,0.0,0.0,0.0
2018-09-05 23:30:00-08:00,7.189756869999999,0.0,0.0,0.0,0.0
2018-09-05 23:45:00-08:00,7.189756869999999,0.0,0.0,0.0,0.0
2018-09-06 00:00:00-08:00,7.189756869999999,0.0,0.0,0.0,0.0
2018-09-06 00:15:00-08:00,7.189756869999999,0.0,0.0,0.0,0.0
2018-09-06 00:30:00-08:00,7.189756869999999,0.0,0.0,0.0,0.0
2018-09-06 00:45:00-08:00,7.189756869999999,0.0,0.0,0.0,0.0
2018-09-06 01:00:00-08:00,7.189756869999999,0.0,0.0,0.0,0.0
2018-09-06 01:15:00-08:00,7.189756869999999,0.0,0.0,0.0,0.0
2018-09-06 01:30:00-08:00,7.189756869999999,0.0,0.0,0.0,0.0
2018-09-06 01:45:00-08:00,7.189756869999999,0.0,0.0,0.0,0.0
2018-09-06 02:00:00-08:00,7.189756869999999,0.0,0.0,0.0,0.0
2018-09-06 02:15:00-08:00,7.189756869999999,0.0,0.0,0.0,0.0
2018-09-06 02:30:00-08:00,7.189756869999999,0.0,0.0,0.0,0.0
2018-09-06 02:45:00-08:00,7.189756869999999,0.0,0.0,0.0,0.0
2018-09-06 03:00:00-08:00,7.189756869999999,0.0,0.0,0.0,0.0
2018-09-06 03:15:00-08:00,7.189756869999999,0.0,0.0,0.0,0.0
2018-09-06 03:30:00-08:00,7.189756869999999,0.0,0.0,0.0,0.0
2018-09-06 03:45:00-08:00,7.189756869999999,0.0,0.0,0.0,0.0
2018-09-06 04:00:00-08:00,7.189756869999999,0.0,0.0,0.0,0.0
2018-09-06 04:15:00-08:00,7.189756869999999,0.0,0.0,0.0,0.0
2018-09-06 04:30:00-08:00,7.189756869999999,0.0,0.0,0.0,0.0
2018-09-06 04:45:00-08:00,7.189756869999999,0.0,0.0,0.0,0.0
2018-09-06 05:00:00-08:00,7.189756869999999,0.0,0.0,0.0,0.0
2018-09-06 05:15:00-08:00,7.189756869999999,0.0,0.0,0.0,0.0
2018-09-06 05:30:00-08:00,7.189756869999999,0.0,0.0,0.0,0.0
2018-09-06 05:45:00-08:00,7.189756869999999,2.9041348,6.066984,0.9693244,0.089895695
2018-09-06 06:00:00-08:00,7.189756869999999,1.9905827,6.2185125,1.1416934,0.13884538
2018-09-06 06:15:00-08:00,7.189756869999999,1.4121917,6.202119,1.3294456,0.17671639
2018-09-06 06:30:00-08:00,7.189756869999999,1.806903,6.3431444,1.6431445,0.27343103
2018-09-06 06:45:00-08:00,7.189756869999999,2.9715424,6.447073,1.9884725,0.33533543
2018-09-06 07:00:00-08:00,7.189756869999999,2.452507,6.815277,2.5379238,0.4011064
2018-09-06 07:15:00-08:00,7.189756869999999,3.9156883,7.1599674,3.2686892,0.4533215
2018-09-06 07:30:00-08:00,7.189756869999999,5.9961643,7.4241915,4.1376934,0.5106952
2018-09-06 07:45:00-08:00,7.189756869999999,6.081791,8.120567,5.1755466,0.570727
2018-09-06 08:00:00-08:00,7.189756869999999,7.5609355,8.7774105,6.3784876,0.60907966
2018-09-06 08:15:00-08:00,7.189756869999999,8.491634,9.735362,7.659315,0.64914525
2018-09-06 08:30:00-08:00,7.189756869999999,9.609168,10.78633,8.958082,0.67382604
2018-09-06 08:45:00-08:00,7.189756869999999,11.468243,11.628412,10.3903055,0.70737255
2018-09-06 09:00:00-08:00,7.189756869999999,11.499852,12.521618,11.665876,0.73557764
2018-09-06 09:15:00-08:00,7.189756869999999,13.680908,13.344027,12.896769,0.7432431
2018-09-06 09:30:00-08:00,7.189756869999999,12.855128,13.999915,13.958231,0.75691617
2018-09-06 09:45:00-08:00,7.189756869999999,14.2224655,14.713865,15.08612,0.7709218
2018-09-06 10:00:00-08:00,7.189756869999999,15.6343975,14.924563,16.018188,0.78859144
2018-09-06 10:15:00-08:00,7.189756869999999,13.259996,15.257242,16.740835,0.78323126
2018-09-06 10:30:00-08:00,7.189756869999999,12.88664,15.524543,17.3937,0.76866376
2018-09-06 10:45:00-08:00,7.189756869999999,18.01263,15.327736,17.831837,0.7564094
2018-09-06 11:00:00-08:00,7.189756869999999,14.286274,15.282404,18.25127,0.76937175
2018-09-06 11:15:00-08:00,7.189756869999999,16.940313,15.023155,18.592215,0.7695367
2018-09-06 11:30:00-08:00,7.189756869999999,12.113763,14.997532,18.812181,0.7819941
2018-09-06 11:45:00-08:00,7.189756869999999,13.884861,14.596298,19.020128,0.76249176
2018-09-06 12:00:00-08:00,7.189756869999999,14.20697,14.48838,19.194298,0.7456908
2018-09-06 12:15:00-08:00,7.189756869999999,16.211956,14.475996,19.291082,0.75682056
2018-09-06 12:30:00-08:00,7.189756869999999,18.868563,14.364707,19.409794,0.74947983
2018-09-06 12:45:00-08:00,7.189756869999999,17.478523,14.196333,19.50581,0.7573909
2018-09-06 13:00:00-08:00,7.189756869999999,16.873175,13.779495,19.344631,0.767049
2018-09-06 13:15:00-08:00,7.189756869999999,15.152954,13.683274,19.154898,0.77611196
2018-09-06 13:30:00-08:00,7.189756869999999,14.909732,13.406046,18.986317,0.7781886
2018-09-06 13:45:00-08:00,7.189756869999999,12.376986,13.025887,18.760546,0.78394043
2018-09-06 14:00:00-08:00,7.189756869999999,15.124722,12.664722,18.277332,0.79378784
2018-09-06 14:15:00-08:00,7.189756869999999,15.277618,12.250109,17.631205,0.79228395
2018-09-06 14:30:00-08:00,7.189756869999999,12.140335,11.935272,16.992884,0.817381
2018-09-06 14:45:00-08:00,7.189756869999999,14.065382,11.443327,16.210976,0.8135968
2018-09-06 15:00:00-08:00,7.189756869999999,12.986361,11.084145,15.095507,0.8160114
2018-09-06 15:15:00-08:00,7.189756869999999,12.774992,10.611312,13.98438,0.8106822
2018-09-06 15:30:00-08:00,7.189756869999999,13.377537,10.044773,12.824286,0.8161545
2018-09-06 15:45:00-08:00,7.189756869999999,9.320028,9.382801,11.602217,0.82786113
2018-09-06 16:00:00-08:00,7.189756869999999,11.436728,8.567887,10.38513,0.83963925
2018-09-06 16:15:00-08:00,7.189756869999999,9.687937,7.6356363,9.061216,0.86411244
2018-09-06 16:30:00-08:00,7.189756869999999,8.244799,6.749827,7.7467937,0.8624965
2018-09-06 16:45:00-08:00,7.189756869999999,6.9312987,5.965859,6.6029763,0.8581778
2018-09-06 17:00:00-08:00,7.189756869999999,6.150648,5.188301,5.453676,0.8221734
2018-09-06 17:15:00-08:00,7.189756869999999,5.396241,4.238944,4.36506,0.7444592
2018-09-06 17:30:00-08:00,7.189756869999999,4.574297,3.4585423,3.4767313,0.67165864
2018-09-06 17:45:00-08:00,7.189756869999999,3.0082555,2.914918,2.7726808,0.54335845
2018-09-06 18:00:00-08:00,7.189756869999999,3.1408246,2.546191,2.2424514,0.41299826
2018-09-06 18:15:00-08:00,7.189756869999999,2.221576,2.3870661,1.7823862,0.29367727
2018-09-06 18:30:00-08:00,7.189756869999999,1.6719389,2.3007007,1.502883,0.20608133
2018-09-06 18:45:00-08:00,7.189756869999999,0.0,0.0,0.0,0.0
2018-09-06 19:00:00-08:00,7.189756869999999,0.0,0.0,0.0,0.0
2018-09-06 19:15:00-08:00,7.189756869999999,0.0,0.0,0.0,0.0
2018-09-06 19:30:00-08:00,7.189756869999999,0.0,0.0,0.0,0.0
2018-09-06 19:45:00-08:00,7.189756869999999,0.0,0.0,0.0,0.0
2018-09-06 20:00:00-08:00,7.189756869999999,0.0,0.0,0.0,0.0
2018-09-06 20:15:00-08:00,7.189756869999999,0.0,0.0,0.0,0.0
2018-09-06 20:30:00-08:00,7.189756869999999,0.0,0.0,0.0,0.0
2018-09-06 20:45:00-08:00,7.189756869999999,0.0,0.0,0.0,0.0
2018-09-06 21:00:00-08:00,7.189756869999999,0.0,0.0,0.0,0.0
2018-09-06 21:15:00-08:00,7.189756869999999,0.0,0.0,0.0,0.0
2018-09-06 21:30:00-08:00,7.189756869999999,0.0,0.0,0.0,0.0
2018-09-06 21:45:00-08:00,7.189756869999999,0.0,0.0,0.0,0.0
2018-09-06 22:00:00-08:00,7.189756869999999,0.0,0.0,0.0,0.0
2018-09-06 22:15:00-08:00,7.189756869999999,0.0,0.0,0.0,0.0
2018-09-06 22:30:00-08:00,7.189756869999999,0.0,0.0,0.0,0.0
2018-09-06 22:45:00-08:00,7.189756869999999,0.0,0.0,0.0,0.0
2018-09-06 23:00:00-08:00,7.189756869999999,0.0,0.0,0.0,0.0
2018-09-06 23:15:00-08:00,7.189756869999999,0.0,0.0,0.0,0.0
2018-09-06 23:30:00-08:00,7.189756869999999,0.0,0.0,0.0,0.0
2018-09-06 23:45:00-08:00,7.189756869999999,0.0,0.0,0.0,0.0
2018-09-07 00:00:00-08:00,7.189756869999999,0.0,0.0,0.0,0.0
2018-09-07 00:15:00-08:00,7.189756869999999,0.0,0.0,0.0,0.0
2018-09-07 00:30:00-08:00,7.189756869999999,0.0,0.0,0.0,0.0
2018-09-07 00:45:00-08:00,7.189756869999999,0.0,0.0,0.0,0.0
2018-09-07 01:00:00-08:00,7.189756869999999,0.0,0.0,0.0,0.0
2018-09-07 01:15:00-08:00,7.189756869999999,0.0,0.0,0.0,0.0
2018-09-07 01:30:00-08:00,7.189756869999999,0.0,0.0,0.0,0.0
2018-09-07 01:45:00-08:00,7.189756869999999,0.0,0.0,0.0,0.0
2018-09-07 02:00:00-08:00,7.189756869999999,0.0,0.0,0.0,0.0
2018-09-07 02:15:00-08:00,7.189756869999999,0.0,0.0,0.0,0.0
2018-09-07 02:30:00-08:00,7.189756869999999,0.0,0.0,0.0,0.0
2018-09-07 02:45:00-08:00,7.189756869999999,0.0,0.0,0.0,0.0
2018-09-07 03:00:00-08:00,7.189756869999999,0.0,0.0,0.0,0.0
2018-09-07 03:15:00-08:00,7.189756869999999,0.0,0.0,0.0,0.0
2018-09-07 03:30:00-08:00,7.189756869999999,0.0,0.0,0.0,0.0
2018-09-07 03:45:00-08:00,7.189756869999999,0.0,0.0,0.0,0.0
2018-09-07 04:00:00-08:00,7.189756869999999,0.0,0.0,0.0,0.0
2018-09-07 04:15:00-08:00,7.189756869999999,0.0,0.0,0.0,0.0
2018-09-07 04:30:00-08:00,7.189756869999999,0.0,0.0,0.0,0.0
2018-09-07 04:45:00-08:00,7.189756869999999,0.0,0.0,0.0,0.0
2018-09-07 05:00:00-08:00,7.189756869999999,0.0,0.0,0.0,0.0
2018-09-07 05:15:00-08:00,7.189756869999999,0.0,0.0,0.0,0.0
2018-09-07 05:30:00-08:00,7.189756869999999,0.0,0.0,0.0,0.0
2018-09-07 05:45:00-08:00,7.189756869999999,1.9165902,3.8100305,1.219239,0.107361406
2018-09-07 06:00:00-08:00,7.189756869999999,1.6051259,3.850992,1.4569149,0.16043593
2018-09-07 06:15:00-08:00,7.189756869999999,1.4336559,3.7049625,1.7088182,0.20280167
2018-09-07 06:30:00-08:00,7.189756869999999,1.1733003,3.8001401,2.1282039,0.30680183
2018-09-07 06:45:00-08:00,7.189756869999999,2.5111837,3.817139,2.5896084,0.37543514
2018-09-07 07:00:00-08:00,7.189756869999999,2.7412553,4.2904205,3.2546346,0.44759285
2018-09-07 07:15:00-08:00,7.189756869999999,3.7613807,4.7100744,4.104565,0.5032774
2018-09-07 07:30:00-08:00,7.189756869999999,4.7106905,5.0152397,5.1003923,0.56465137
2018-09-07 07:45:00-08:00,7.189756869999999,5.7612553,5.8538384,6.259803,0.6254156
2018-09-07 08:00:00-08:00,7.189756869999999,7.97128,6.6592684,7.5583634,0.66342205
2018-09-07 08:15:00-08:00,7.189756869999999,8.152484,7.704751,8.914722,0.70195156
2018-09-07 08:30:00-08:00,7.189756869999999,10.254073,8.8412285,10.300981,0.72433823
2018-09-07 08:45:00-08:00,7.189756869999999,10.628603,9.689213,11.78006,0.7537842
2018-09-07 09:00:00-08:00,7.189756869999999,12.392389,10.612659,13.0919075,0.77688015
2018-09-07 09:15:00-08:00,7.189756869999999,13.084145,11.478111,14.329855,0.7813445
2018-09-07 09:30:00-08:00,7.189756869999999,14.924924,12.155185,15.388039,0.78826296
2018-09-07 09:45:00-08:00,7.189756869999999,14.289009,12.926697,16.51841,0.79891974
2018-09-07 10:00:00-08:00,7.189756869999999,15.213784,13.198263,17.43216,0.81384397
2018-09-07 10:15:00-08:00,7.189756869999999,13.935182,13.6689,18.12293,0.8052478
2018-09-07 10:30:00-08:00,7.189756869999999,17.206394,14.130069,18.724209,0.7887564
2018-09-07 10:45:00-08:00,7.189756869999999,16.722101,14.1457815,19.106195,0.7743457
2018-09-07 11:00:00-08:00,7.189756869999999,15.850777,14.402212,19.474445,0.7861342
2018-09-07 11:15:00-08:00,7.189756869999999,16.601954,14.527573,19.753502,0.78429425
2018-09-07 11:30:00-08:00,7.189756869999999,14.985971,14.918737,19.897167,0.7945724
2018-09-07 11:45:00-08:00,7.189756869999999,14.926586,14.959373,20.020191,0.7745644
2018-09-07 12:00:00-08:00,7.189756869999999,15.069426,15.308644,20.146036,0.75798976
2018-09-07 12:15:00-08:00,7.189756869999999,18.595263,15.720128,20.150383,0.7700286
2018-09-07 12:30:00-08:00,7.189756869999999,18.477009,16.045582,20.189888,0.76204395
2018-09-07 12:45:00-08:00,7.189756869999999,18.177471,16.21631,20.242203,0.77141386
2018-09-07 13:00:00-08:00,7.189756869999999,16.049362,16.128529,19.992226,0.7808914
2018-09-07 13:15:00-08:00,7.189756869999999,16.01884,16.22893,19.759,0.7912476
2018-09-07 13:30:00-08:00,7.189756869999999,11.778572,16.165224,19.558844,0.7968532
2018-09-07 13:45:00-08:00,7.189756869999999,14.896601,15.924326,19.278423,0.8031172
2018-09-07 14:00:00-08:00,7.189756869999999,13.588005,15.76635,18.73867,0.81461155
2018-09-07 14:15:00-08:00,7.189756869999999,16.388412,15.534454,18.059254,0.81285
2018-09-07 14:30:00-08:00,7.189756869999999,15.6159525,15.321405,17.328445,0.83719444
2018-09-07 14:45:00-08:00,7.189756869999999,13.419477,14.983352,16.467016,0.8353088
2018-09-07 15:00:00-08:00,7.189756869999999,13.623096,14.7078705,15.26518,0.8369631
2018-09-07 15:15:00-08:00,7.189756869999999,12.914303,14.245169,14.085453,0.8302458
2018-09-07 15:30:00-08:00,7.189756869999999,12.839991,13.630997,12.812141,0.8352862
2018-09-07 15:45:00-08:00,7.189756869999999,10.35716,12.860868,11.515135,0.8471513
2018-09-07 16:00:00-08:00,7.189756869999999,10.68831,11.853586,10.186716,0.8597914
2018-09-07 16:15:00-08:00,7.189756869999999,9.677787,10.787224,8.7875,0.8863466
2018-09-07 16:30:00-08:00,7.189756869999999,8.370437,9.690006,7.3913136,0.886232
2018-09-07 16:45:00-08:00,7.189756869999999,7.7328835,8.702118,6.1852493,0.88164943
2018-09-07 17:00:00-08:00,7.189756869999999,6.1660924,7.737506,4.975702,0.84248495
2018-09-07 17:15:00-08:00,7.189756869999999,4.174956,6.6611123,3.861831,0.75702417
2018-09-07 17:30:00-08:00,7.189756869999999,4.1583457,5.7884417,2.9577777,0.675168
2018-09-07 17:45:00-08:00,7.189756869999999,1.9531677,5.191588,2.2448897,0.53071827
2018-09-07 18:00:00-08:00,7.189756869999999,1.0415374,4.8690586,1.7264507,0.3861326
2018-09-07 18:15:00-08:00,7.189756869999999,0.7388743,4.7322683,1.3200512,0.25932664
2018-09-07 18:30:00-08:00,7.189756869999999,0.96590835,4.680596,1.0820261,0.16707876
2018-09-07 18:45:00-08:00,7.189756869999999,0.0,0.0,0.0,0.0
2018-09-07 19:00:00-08:00,7.189756869999999,0.0,0.0,0.0,0.0
2018-09-07 19:15:00-08:00,7.189756869999999,0.0,0.0,0.0,0.0
2018-09-07 19:30:00-08:00,7.189756869999999,0.0,0.0,0.0,0.0
2018-09-07 19:45:00-08:00,7.189756869999999,0.0,0.0,0.0,0.0
2018-09-07 20:00:00-08:00,7.189756869999999,0.0,0.0,0.0,0.0
2018-09-07 20:15:00-08:00,7.189756869999999,0.0,0.0,0.0,0.0
2018-09-07 20:30:00-08:00,7.189756869999999,0.0,0.0,0.0,0.0
2018-09-07 20:45:00-08:00,7.189756869999999,0.0,0.0,0.0,0.0
2018-09-07 21:00:00-08:00,7.189756869999999,0.0,0.0,0.0,0.0
2018-09-07 21:15:00-08:00,7.189756869999999,0.0,0.0,0.0,0.0
2018-09-07 21:30:00-08:00,7.189756869999999,0.0,0.0,0.0,0.0
2018-09-07 21:45:00-08:00,7.189756869999999,0.0,0.0,0.0,0.0
2018-09-07 22:00:00-08:00,7.189756869999999,0.0,0.0,0.0,0.0
2018-09-07 22:15:00-08:00,7.189756869999999,0.0,0.0,0.0,0.0
2018-09-07 22:30:00-08:00,7.189756869999999,0.0,0.0,0.0,0.0
2018-09-07 22:45:00-08:00,7.189756869999999,0.0,0.0,0.0,0.0
2018-09-07 23:00:00-08:00,7.189756869999999,0.0,0.0,0.0,0.0
2018-09-07 23:15:00-08:00,7.189756869999999,0.0,0.0,0.0,0.0
2018-09-07 23:30:00-08:00,7.189756869999999,0.0,0.0,0.0,0.0
2018-09-07 23:45:00-08:00,7.189756869999999,0.0,0.0,0.0,0.0
2018-09-08 00:00:00-08:00,7.189756869999999,0.0,0.0,0.0,0.0
2018-09-08 00:15:00-08:00,7.189756869999999,0.0,0.0,0.0,0.0
2018-09-08 00:30:00-08:00,7.189756869999999,0.0,0.0,0.0,0.0
2018-09-08 00:45:00-08:00,7.189756869999999,0.0,0.0,0.0,0.0
2018-09-08 01:00:00-08:00,7.189756869999999,0.0,0.0,0.0,0.0
2018-09-08 01:15:00-08:00,7.189756869999999,0.0,0.0,0.0,0.0
2018-09-08 01:30:00-08:00,7.189756869999999,0.0,0.0,0.0,0.0
2018-09-08 01:45:00-08:00,7.189756869999999,0.0,0.0,0.0,0.0
2018-09-08 02:00:00-08:00,7.189756869999999,0.0,0.0,0.0,0.0
2018-09-08 02:15:00-08:00,7.189756869999999,0.0,0.0,0.0,0.0
2018-09-08 02:30:00-08:00,7.189756869999999,0.0,0.0,0.0,0.0
2018-09-08 02:45:00-08:00,7.189756869999999,0.0,0.0,0.0,0.0
2018-09-08 03:00:00-08:00,7.189756869999999,0.0,0.0,0.0,0.0
2018-09-08 03:15:00-08:00,7.189756869999999,0.0,0.0,0.0,0.0
2018-09-08 03:30:00-08:00,7.189756869999999,0.0,0.0,0.0,0.0
2018-09-08 03:45:00-08:00,7.189756869999999,0.0,0.0,0.0,0.0
2018-09-08 04:00:00-08:00,7.189756869999999,0.0,0.0,0.0,0.0
2018-09-08 04:15:00-08:00,7.189756869999999,0.0,0.0,0.0,0.0
2018-09-08 04:30:00-08:00,7.189756869999999,0.0,0.0,0.0,0.0
2018-09-08 04:45:00-08:00,7.189756869999999,0.0,0.0,0.0,0.0
2018-09-08 05:00:00-08:00,7.189756869999999,0.0,0.0,0.0,0.0
2018-09-08 05:15:00-08:00,7.189756869999999,0.0,0.0,0.0,0.0
2018-09-08 05:30:00-08:00,7.189756869999999,0.0,0.0,0.0,0.0
2018-09-08 05:45:00-08:00,7.189756869999999,1.8713833,5.318572,1.3579943,0.12417282
2018-09-08 06:00:00-08:00,7.189756869999999,2.6751463,5.1925173,1.6360424,0.18126552
2018-09-08 06:15:00-08:00,7.189756869999999,1.6095936,4.9197984,1.9692354,0.22537185
2018-09-08 06:30:00-08:00,7.189756869999999,0.9404259,4.8430653,2.42982,0.33028823
2018-09-08 06:45:00-08:00,7.189756869999999,2.3696141,4.6007695,2.9590192,0.3982126
2018-09-08 07:00:00-08:00,7.189756869999999,2.845751,4.8079076,3.6752596,0.46603167
2018-09-08 07:15:00-08:00,7.189756869999999,3.9589896,4.9349875,4.53852,0.51790935
2018-09-08 07:30:00-08:00,7.189756869999999,5.9178667,4.970673,5.511737,0.5756988
2018-09-08 07:45:00-08:00,7.189756869999999,6.5736895,5.5106277,6.6355743,0.63530743
2018-09-08 08:00:00-08:00,7.189756869999999,8.769945,6.001321,7.876234,0.6697119
2018-09-08 08:15:00-08:00,7.189756869999999,9.909128,6.765654,9.152305,0.705335
2018-09-08 08:30:00-08:00,7.189756869999999,10.4405775,7.619149,10.439294,0.7235627
2018-09-08 08:45:00-08:00,7.189756869999999,10.363985,8.160202,11.810186,0.75181675
2018-09-08 09:00:00-08:00,7.189756869999999,11.720137,8.757664,13.023479,0.77273846
2018-09-08 09:15:00-08:00,7.189756869999999,11.879401,9.245517,14.153145,0.77577055
2018-09-08 09:30:00-08:00,7.189756869999999,14.342442,9.4867935,15.090475,0.77981865
2018-09-08 09:45:00-08:00,7.189756869999999,16.091953,9.745245,16.097189,0.79025245
2018-09-08 10:00:00-08:00,7.189756869999999,13.106383,9.563357,16.873308,0.8056457
2018-09-08 10:15:00-08:00,7.189756869999999,15.062349,9.516601,17.413912,0.7981849
2018-09-08 10:30:00-08:00,7.189756869999999,12.843977,9.415822,17.918354,0.78351814
2018-09-08 10:45:00-08:00,7.189756869999999,15.310263,8.942679,18.205126,0.76782215
2018-09-08 11:00:00-08:00,7.189756869999999,16.212816,8.703154,18.482948,0.7781242
2018-09-08 11:15:00-08:00,7.189756869999999,15.568424,8.380056,18.691563,0.7762615
2018-09-08 11:30:00-08:00,7.189756869999999,14.496826,8.448981,18.785442,0.786309
2018-09-08 11:45:00-08:00,7.189756869999999,13.2271,8.248207,18.854168,0.767657
2018-09-08 12:00:00-08:00,7.189756869999999,15.593126,8.398209,18.953983,0.75225234
2018-09-08 12:15:00-08:00,7.189756869999999,17.413973,8.659479,18.929514,0.7646352
2018-09-08 12:30:00-08:00,7.189756869999999,17.199196,8.922785,18.948856,0.75724894
2018-09-08 12:45:00-08:00,7.189756869999999,15.029949,9.041808,18.985386,0.76836836
2018-09-08 13:00:00-08:00,7.189756869999999,17.75274,8.971887,18.723608,0.77896464
2018-09-08 13:15:00-08:00,7.189756869999999,16.241095,9.122614,18.473879,0.79222465
2018-09-08 13:30:00-08:00,7.189756869999999,15.508896,9.093178,18.244085,0.79981875
2018-09-08 13:45:00-08:00,7.189756869999999,15.1281395,8.92018,17.923016,0.8082639
2018-09-08 14:00:00-08:00,7.189756869999999,15.639416,8.92832,17.319347,0.8231229
2018-09-08 14:15:00-08:00,7.189756869999999,16.502218,8.943567,16.56436,0.82441545
2018-09-08 14:30:00-08:00,7.189756869999999,16.163025,8.96614,15.747049,0.8494034
2018-09-08 14:45:00-08:00,7.189756869999999,13.569351,8.909634,14.791029,0.848117
2018-09-08 15:00:00-08:00,7.189756869999999,14.316882,8.979261,13.528513,0.8507547
2018-09-08 15:15:00-08:00,7.189756869999999,14.101337,8.958391,12.314223,0.84708256
2018-09-08 15:30:00-08:00,7.189756869999999,12.424875,8.738136,11.023746,0.8560601
2018-09-08 15:45:00-08:00,7.189756869999999,11.1454735,8.466993,9.761475,0.86972463
2018-09-08 16:00:00-08:00,7.189756869999999,11.184895,7.9154024,8.514025,0.8811016
2018-09-08 16:15:00-08:00,7.189756869999999,9.817175,7.26836,7.221,0.90675104
2018-09-08 16:30:00-08:00,7.189756869999999,8.253649,6.5659003,5.978222,0.90206707
2018-09-08 16:45:00-08:00,7.189756869999999,7.5662165,6.0012636,4.9311314,0.8911101
2018-09-08 17:00:00-08:00,7.189756869999999,6.38353,5.354745,3.9160132,0.84216034
2018-09-08 17:15:00-08:00,7.189756869999999,3.9847274,4.503126,3.0392168,0.745772
2018-09-08 17:30:00-08:00,7.189756869999999,5.2365403,3.857201,2.3542838,0.6554501
2018-09-08 17:45:00-08:00,7.189756869999999,2.1249616,3.4209938,1.8306177,0.50352097
2018-09-08 18:00:00-08:00,7.189756869999999,2.1518073,3.2015967,1.4908301,0.35547596
2018-09-08 18:15:00-08:00,7.189756869999999,1.1672554,3.1804938,1.2089777,0.22981071
2018-09-08 18:30:00-08:00,7.189756869999999,1.4926646,3.1299512,1.0710989,0.1402181
2018-09-08 18:45:00-08:00,7.189756869999999,0.0,0.0,0.0,0.0
2018-09-08 19:00:00-08:00,7.189756869999999,0.0,0.0,0.0,0.0
2018-09-08 19:15:00-08:00,7.189756869999999,0.0,0.0,0.0,0.0
2018-09-08 19:30:00-08:00,7.189756869999999,0.0,0.0,0.0,0.0
2018-09-08 19:45:00-08:00,7.189756869999999,0.0,0.0,0.0,0.0
2018-09-08 20:00:00-08:00,7.189756869999999,0.0,0.0,0.0,0.0
2018-09-08 20:15:00-08:00,7.189756869999999,0.0,0.0,0.0,0.0
2018-09-08 20:30:00-08:00,7.189756869999999,0.0,0.0,0.0,0.0
2018-09-08 20:45:00-08:00,7.189756869999999,0.0,0.0,0.0,0.0
2018-09-08 21:00:00-08:00,7.189756869999999,0.0,0.0,0.0,0.0
2018-09-08 21:15:00-08:00,7.189756869999999,0.0,0.0,0.0,0.0
2018-09-08 21:30:00-08:00,7.189756869999999,0.0,0.0,0.0,0.0
2018-09-08 21:45:00-08:00,7.189756869999999,0.0,0.0,0.0,0.0
2018-09-08 22:00:00-08:00,7.189756869999999,0.0,0.0,0.0,0.0
2018-09-08 22:15:00-08:00,7.189756869999999,0.0,0.0,0.0,0.0
2018-09-08 22:30:00-08:00,7.189756869999999,0.0,0.0,0.0,0.0
2018-09-08 22:45:00-08:00,7.189756869999999,0.0,0.0,0.0,0.0
2018-09-08 23:00:00-08:00,7.189756869999999,0.0,0.0,0.0,0.0
2018-09-08 23:15:00-08:00,7.189756869999999,0.0,0.0,0.0,0.0
2018-09-08 23:30:00-08:00,7.189756869999999,0.0,0.0,0.0,0.0
2018-09-08 23:45:00-08:00,7.189756869999999,0.0,0.0,0.0,0.0
2018-09-09 00:00:00-08:00,7.189756869999999,0.0,0.0,0.0,0.0
2018-09-09 00:15:00-08:00,7.189756869999999,0.0,0.0,0.0,0.0
2018-09-09 00:30:00-08:00,7.189756869999999,0.0,0.0,0.0,0.0
2018-09-09 00:45:00-08:00,7.189756869999999,0.0,0.0,0.0,0.0
2018-09-09 01:00:00-08:00,7.189756869999999,0.0,0.0,0.0,0.0
2018-09-09 01:15:00-08:00,7.189756869999999,0.0,0.0,0.0,0.0
2018-09-09 01:30:00-08:00,7.189756869999999,0.0,0.0,0.0,0.0
2018-09-09 01:45:00-08:00,7.189756869999999,0.0,0.0,0.0,0.0
2018-09-09 02:00:00-08:00,7.189756869999999,0.0,0.0,0.0,0.0
2018-09-09 02:15:00-08:00,7.189756869999999,0.0,0.0,0.0,0.0
2018-09-09 02:30:00-08:00,7.189756869999999,0.0,0.0,0.0,0.0
2018-09-09 02:45:00-08:00,7.189756869999999,0.0,0.0,0.0,0.0
2018-09-09 03:00:00-08:00,7.189756869999999,0.0,0.0,0.0,0.0
2018-09-09 03:15:00-08:00,7.189756869999999,0.0,0.0,0.0,0.0
2018-09-09 03:30:00-08:00,7.189756869999999,0.0,0.0,0.0,0.0
2018-09-09 03:45:00-08:00,7.189756869999999,0.0,0.0,0.0,0.0
2018-09-09 04:00:00-08:00,7.189756869999999,0.0,0.0,0.0,0.0
2018-09-09 04:15:00-08:00,7.189756869999999,0.0,0.0,0.0,0.0
2018-09-09 04:30:00-08:00,7.189756869999999,0.0,0.0,0.0,0.0
2018-09-09 04:45:00-08:00,7.189756869999999,0.0,0.0,0.0,0.0
2018-09-09 05:00:00-08:00,7.189756869999999,0.0,0.0,0.0,0.0
2018-09-09 05:15:00-08:00,7.189756869999999,0.0,0.0,0.0,0.0
2018-09-09 05:30:00-08:00,7.189756869999999,0.0,0.0,0.0,0.0
2018-09-09 05:45:00-08:00,7.189756869999999,2.9260106,7.4651527,2.6884484,0.13082671
2018-09-09 06:00:00-08:00,7.189756869999999,2.0482721,7.3677063,3.0079613,0.18593657
2018-09-09 06:15:00-08:00,7.189756869999999,1.7183365,7.0985537,3.4610934,0.22852102
2018-09-09 06:30:00-08:00,7.189756869999999,2.1506748,6.930398,4.014414,0.33035314
2018-09-09 06:45:00-08:00,7.189756869999999,3.5878224,6.7327967,4.5522175,0.39722157
2018-09-09 07:00:00-08:00,7.189756869999999,3.749875,6.7631874,5.304061,0.46595925
2018-09-09 07:15:00-08:00,7.189756869999999,4.40679,6.8785133,6.0898952,0.5183655
2018-09-09 07:30:00-08:00,7.189756869999999,5.911681,6.7949624,6.8990345,0.57545155
2018-09-09 07:45:00-08:00,7.189756869999999,7.4696264,7.17725,7.831876,0.6333942
2018-09-09 08:00:00-08:00,7.189756869999999,8.761284,7.4897146,8.866667,0.668556
2018-09-09 08:15:00-08:00,7.189756869999999,8.93084,8.096067,9.848037,0.70236385
2018-09-09 08:30:00-08:00,7.189756869999999,10.441193,8.724519,10.912114,0.7208886
2018-09-09 08:45:00-08:00,7.189756869999999,9.348345,9.118962,12.007929,0.7471528
2018-09-09 09:00:00-08:00,7.189756869999999,11.270596,9.511071,12.862631,0.76637596
2018-09-09 09:15:00-08:00,7.189756869999999,11.903856,9.831717,13.648848,0.76879764
2018-09-09 09:30:00-08:00,7.189756869999999,13.960829,9.989216,14.232264,0.7724329
2018-09-09 09:45:00-08:00,7.189756869999999,14.27055,10.134306,14.792822,0.7799045
2018-09-09 10:00:00-08:00,7.189756869999999,13.411274,10.091087,15.179279,0.7915621
2018-09-09 10:15:00-08:00,7.189756869999999,11.4344425,10.108099,15.356624,0.78194064
2018-09-09 10:30:00-08:00,7.189756869999999,10.817753,10.060113,15.54481,0.76595783
2018-09-09 10:45:00-08:00,7.189756869999999,13.084511,9.80154,15.511969,0.75110924
2018-09-09 11:00:00-08:00,7.189756869999999,14.141081,9.675808,15.58326,0.761647
2018-09-09 11:15:00-08:00,7.189756869999999,15.214767,9.396601,15.584396,0.7589017
2018-09-09 11:30:00-08:00,7.189756869999999,11.963205,9.481976,15.50897,0.7683537
2018-09-09 11:45:00-08:00,7.189756869999999,14.0054245,9.303717,15.443787,0.7485854
2018-09-09 12:00:00-08:00,7.189756869999999,15.4578495,9.362762,15.4070835,0.732978
2018-09-09 12:15:00-08:00,7.189756869999999,14.447323,9.581393,15.3178625,0.74364233
2018-09-09 12:30:00-08:00,7.189756869999999,12.589354,9.704183,15.297934,0.7371704
2018-09-09 12:45:00-08:00,7.189756869999999,15.270787,9.82748,15.252867,0.7475592
2018-09-09 13:00:00-08:00,7.189756869999999,15.373116,9.684055,15.096518,0.7574276
2018-09-09 13:15:00-08:00,7.189756869999999,14.351918,9.79306,14.8163185,0.76936615
2018-09-09 13:30:00-08:00,7.189756869999999,13.691557,9.786152,14.610771,0.7766123
2018-09-09 13:45:00-08:00,7.189756869999999,12.695627,9.655748,14.32757,0.7844365
2018-09-09 14:00:00-08:00,7.189756869999999,10.873364,9.654751,13.778958,0.7979674
2018-09-09 14:15:00-08:00,7.189756869999999,15.84726,9.6775055,13.130978,0.79742163
2018-09-09 14:30:00-08:00,7.189756869999999,15.881479,9.76293,12.340755,0.82073647
2018-09-09 14:45:00-08:00,7.189756869999999,12.437367,9.7542925,11.478458,0.82025576
2018-09-09 15:00:00-08:00,7.189756869999999,13.728991,9.8832855,10.5017605,0.823779
2018-09-09 15:15:00-08:00,7.189756869999999,12.251367,9.92828,9.529926,0.81889117
2018-09-09 15:30:00-08:00,7.189756869999999,8.1911125,9.8887005,8.612627,0.82637197
2018-09-09 15:45:00-08:00,7.189756869999999,10.206166,9.743753,7.6960974,0.83828884
2018-09-09 16:00:00-08:00,7.189756869999999,11.740599,9.386594,6.8872576,0.84912694
2018-09-09 16:15:00-08:00,7.189756869999999,9.390161,8.91688,5.931715,0.8735901
2018-09-09 16:30:00-08:00,7.189756869999999,9.2647,8.378113,5.076832,0.86928594
2018-09-09 16:45:00-08:00,7.189756869999999,8.120252,8.040767,4.3630476,0.85888016
2018-09-09 17:00:00-08:00,7.189756869999999,6.26194,7.531268,3.659242,0.8145822
2018-09-09 17:15:00-08:00,7.189756869999999,5.5006666,6.8449016,3.0190759,0.7241937
2018-09-09 17:30:00-08:00,7.189756869999999,5.1297636,6.3334293,2.5576153,0.64007425
2018-09-09 17:45:00-08:00,7.189756869999999,2.1547718,6.0367885,2.1381488,0.4962008
2018-09-09 18:00:00-08:00,7.189756869999999,3.0104449,5.852203,1.8987982,0.35398054
2018-09-09 18:15:00-08:00,7.189756869999999,3.1183286,5.866002,1.6387162,0.2325862
2018-09-09 18:30:00-08:00,7.189756869999999,2.0595124,5.850101,1.5374247,0.14481588
2018-09-09 18:45:00-08:00,7.189756869999999,0.0,0.0,0.0,0.0
2018-09-09 19:00:00-08:00,7.189756869999999,0.0,0.0,0.0,0.0
2018-09-09 19:15:00-08:00,7.189756869999999,0.0,0.0,0.0,0.0
2018-09-09 19:30:00-08:00,7.189756869999999,0.0,0.0,0.0,0.0
2018-09-09 19:45:00-08:00,7.189756869999999,0.0,0.0,0.0,0.0
2018-09-09 20:00:00-08:00,7.189756869999999,0.0,0.0,0.0,0.0
2018-09-09 20:15:00-08:00,7.189756869999999,0.0,0.0,0.0,0.0
2018-09-09 20:30:00-08:00,7.189756869999999,0.0,0.0,0.0,0.0
2018-09-09 20:45:00-08:00,7.189756869999999,0.0,0.0,0.0,0.0
2018-09-09 21:00:00-08:00,7.189756869999999,0.0,0.0,0.0,0.0
2018-09-09 21:15:00-08:00,7.189756869999999,0.0,0.0,0.0,0.0
2018-09-09 21:30:00-08:00,7.189756869999999,0.0,0.0,0.0,0.0
2018-09-09 21:45:00-08:00,7.189756869999999,0.0,0.0,0.0,0.0
2018-09-09 22:00:00-08:00,7.189756869999999,0.0,0.0,0.0,0.0
2018-09-09 22:15:00-08:00,7.189756869999999,0.0,0.0,0.0,0.0
2018-09-09 22:30:00-08:00,7.189756869999999,0.0,0.0,0.0,0.0
2018-09-09 22:45:00-08:00,7.189756869999999,0.0,0.0,0.0,0.0
2018-09-09 23:00:00-08:00,7.189756869999999,0.0,0.0,0.0,0.0
2018-09-09 23:15:00-08:00,7.189756869999999,0.0,0.0,0.0,0.0
2018-09-09 23:30:00-08:00,7.189756869999999,0.0,0.0,0.0,0.0
2018-09-09 23:45:00-08:00,7.189756869999999,0.0,0.0,0.0,0.0
2018-11-19 00:00:00-08:00,0.0,0.0,0.0,0.0,0.0
2018-11-19 00:15:00-08:00,0.0,0.0,0.0,0.0,0.0
2018-11-19 00:30:00-08:00,0.0,0.0,0.0,0.0,0.0
2018-11-19 00:45:00-08:00,0.0,0.0,0.0,0.0,0.0
2018-11-19 01:00:00-08:00,0.0,0.0,0.0,0.0,0.0
2018-11-19 01:15:00-08:00,0.0,0.0,0.0,0.0,0.0
2018-11-19 01:30:00-08:00,0.0,0.0,0.0,0.0,0.0
2018-11-19 01:45:00-08:00,0.0,0.0,0.0,0.0,0.0
2018-11-19 02:00:00-08:00,0.0,0.0,0.0,0.0,0.0
2018-11-19 02:15:00-08:00,0.0,0.0,0.0,0.0,0.0
2018-11-19 02:30:00-08:00,0.0,0.0,0.0,0.0,0.0
2018-11-19 02:45:00-08:00,0.0,0.0,0.0,0.0,0.0
2018-11-19 03:00:00-08:00,0.0,0.0,0.0,0.0,0.0
2018-11-19 03:15:00-08:00,0.0,0.0,0.0,0.0,0.0
2018-11-19 03:30:00-08:00,0.0,0.0,0.0,0.0,0.0
2018-11-19 03:45:00-08:00,0.0,0.0,0.0,0.0,0.0
2018-11-19 04:00:00-08:00,0.0,0.0,0.0,0.0,0.0
2018-11-19 04:15:00-08:00,0.0,0.0,0.0,0.0,0.0
2018-11-19 04:30:00-08:00,0.0,0.0,0.0,0.0,0.0
2018-11-19 04:45:00-08:00,0.0,0.0,0.0,0.0,0.0
2018-11-19 05:00:00-08:00,0.0,0.0,0.0,0.0,0.0
2018-11-19 05:15:00-08:00,0.0,0.0,0.0,0.0,0.0
2018-11-19 05:30:00-08:00,0.0,0.0,0.0,0.0,0.0
2018-11-19 05:45:00-08:00,0.0,0.0,0.0,0.0,0.0
2018-11-19 06:00:00-08:00,0.0,0.0,0.0,0.0,0.0
2018-11-19 06:15:00-08:00,0.0,0.0,0.0,0.0,0.0
2018-11-19 06:30:00-08:00,0.0,0.0,0.0,0.0,0.0
2018-11-19 06:45:00-08:00,0.0,0.0,0.0,0.0,0.0
2018-11-19 07:00:00-08:00,0.0086278227333333,0.702034,0.0,0.10556428,0.18812916
2018-11-19 07:15:00-08:00,0.38557257153333324,0.7893617,0.010250509,0.75753397,0.27709457
2018-11-19 07:30:00-08:00,1.3735012350666669,1.8290545,0.23635755,1.5721405,0.3427841
2018-11-19 07:45:00-08:00,1.880430992133333,1.6748548,0.5446429,2.5707386,0.41932774
2018-11-19 08:00:00-08:00,1.8750486844666667,3.3340623,0.878159,3.7008326,0.45242065
2018-11-19 08:15:00-08:00,2.7147921045333336,3.8435118,1.3010463,4.978796,0.49853903
2018-11-19 08:30:00-08:00,4.409658400066667,6.753565,1.7034355,6.0919685,0.55563015
2018-11-19 08:45:00-08:00,4.698542281133333,6.3141346,2.0337467,7.5061526,0.5866407
2018-11-19 09:00:00-08:00,6.17316743,6.4725456,2.4074123,8.755262,0.6192914
2018-11-19 09:15:00-08:00,7.179723647733333,8.343868,2.7245562,9.940981,0.6310996
2018-11-19 09:30:00-08:00,6.901449825533332,9.22036,3.30058,11.036231,0.64647007
2018-11-19 09:45:00-08:00,11.595979296666668,9.981763,3.7956355,12.178393,0.6512827
2018-11-19 10:00:00-08:00,13.540244410666666,10.080624,4.0672374,13.0899315,0.6633758
2018-11-19 10:15:00-08:00,12.963734144666669,14.589039,4.6034594,13.76391,0.65508413
2018-11-19 10:30:00-08:00,13.192942576666667,9.096915,5.0998087,14.459366,0.64192724
2018-11-19 10:45:00-08:00,14.108617189333334,9.92052,5.496853,14.93258,0.64805484
2018-11-19 11:00:00-08:00,10.0950573134,16.256516,6.0116796,15.356806,0.65868044
2018-11-19 11:15:00-08:00,12.720107810666667,14.972563,6.410821,15.589359,0.6509699
2018-11-19 11:30:00-08:00,12.011960744666666,12.214684,6.814348,15.769203,0.6553733
2018-11-19 11:45:00-08:00,15.197864711333333,12.746857,6.8454857,15.804794,0.65458477
2018-11-19 12:00:00-08:00,10.788029908666669,15.225525,6.8848886,15.780291,0.6407484
2018-11-19 12:15:00-08:00,9.037247738666666,14.444635,6.8938484,15.550278,0.6444552
2018-11-19 12:30:00-08:00,9.099607458333333,15.823034,6.679555,15.324829,0.6304753
2018-11-19 12:45:00-08:00,10.128440290666669,14.854777,6.4391,14.816389,0.6289786
2018-11-19 13:00:00-08:00,6.348188954066667,11.927412,5.9246745,14.14765,0.6230699
2018-11-19 13:15:00-08:00,4.857524243266667,9.623594,5.577224,13.402304,0.6205696
2018-11-19 13:30:00-08:00,5.86078813,8.763544,5.2090497,12.724041,0.5982993
2018-11-19 13:45:00-08:00,10.598142820066668,7.0299783,4.7465477,11.941672,0.6035853
2018-11-19 14:00:00-08:00,11.088440159533334,4.977884,4.30419,10.95196,0.6033117
2018-11-19 14:15:00-08:00,6.087788501133335,4.8575015,3.7833571,9.977593,0.5938764
2018-11-19 14:30:00-08:00,3.8143098401333324,5.022959,3.2118416,8.975953,0.60055846
2018-11-19 14:45:00-08:00,3.4250153677333333,6.018526,2.6699154,7.9028025,0.5949924
2018-11-19 15:00:00-08:00,3.7850427878,4.6733794,2.2838635,6.7201467,0.5834805
2018-11-19 15:15:00-08:00,3.948319638933333,3.021953,1.8537748,5.612282,0.5557865
2018-11-19 15:30:00-08:00,3.4928403565999995,2.937777,1.372295,4.522641,0.49173713
2018-11-19 15:45:00-08:00,2.3930420977333333,2.1633198,0.9273221,3.4715118,0.41410437
2018-11-19 16:00:00-08:00,2.2172646533333333,0.7677914,0.49954444,2.5986855,0.34336555
2018-11-19 16:15:00-08:00,0.9620658751333332,0.0,0.15245159,1.7280719,0.26218596
2018-11-19 16:30:00-08:00,0.3183550018,0.0,0.0,1.0243638,0.17192274
2018-11-19 16:45:00-08:00,0.0,0.0,0.0,0.4142958,0.09347692
2018-11-19 17:00:00-08:00,0.0,0.0,0.0,0.0,0.028151136
2018-11-19 17:15:00-08:00,0.0,0.0,0.0,0.0,0.0
2018-11-19 17:30:00-08:00,0.0,0.0,0.0,0.0,0.0
2018-11-19 17:45:00-08:00,0.0,0.0,0.0,0.0,0.0
2018-11-19 18:00:00-08:00,0.0,0.0,0.0,0.0,0.0
2018-11-19 18:15:00-08:00,0.0,0.0,0.0,0.0,0.0
2018-11-19 18:30:00-08:00,0.0,0.0,0.0,0.0,0.0
2018-11-19 18:45:00-08:00,0.0,0.0,0.0,0.0,0.0
2018-11-19 19:00:00-08:00,0.0,0.0,0.0,0.0,0.0
2018-11-19 19:15:00-08:00,0.0,0.0,0.0,0.0,0.0
2018-11-19 19:30:00-08:00,0.0,0.0,0.0,0.0,0.0
2018-11-19 19:45:00-08:00,0.0,0.0,0.0,0.0,0.0
2018-11-19 20:00:00-08:00,0.0,0.0,0.0,0.0,0.0
2018-11-19 20:15:00-08:00,0.0,0.0,0.0,0.0,0.0
2018-11-19 20:30:00-08:00,0.0,0.0,0.0,0.0,0.0
2018-11-19 20:45:00-08:00,0.0,0.0,0.0,0.0,0.0
2018-11-19 21:00:00-08:00,0.0,0.0,0.0,0.0,0.0
2018-11-19 21:15:00-08:00,0.0,0.0,0.0,0.0,0.0
2018-11-19 21:30:00-08:00,0.0,0.0,0.0,0.0,0.0
2018-11-19 21:45:00-08:00,0.0,0.0,0.0,0.0,0.0
2018-11-19 22:00:00-08:00,0.0,0.0,0.0,0.0,0.0
2018-11-19 22:15:00-08:00,0.0,0.0,0.0,0.0,0.0
2018-11-19 22:30:00-08:00,0.0,0.0,0.0,0.0,0.0
2018-11-19 22:45:00-08:00,0.0,0.0,0.0,0.0,0.0
2018-11-19 23:00:00-08:00,0.0,0.0,0.0,0.0,0.0
2018-11-19 23:15:00-08:00,0.0,0.0,0.0,0.0,0.0
2018-11-19 23:30:00-08:00,0.0,0.0,0.0,0.0,0.0
2018-11-19 23:45:00-08:00,0.0,0.0,0.0,0.0,0.0
2018-11-20 00:00:00-08:00,0.0,0.0,0.0,0.0,0.0
2018-11-20 00:15:00-08:00,0.0,0.0,0.0,0.0,0.0
2018-11-20 00:30:00-08:00,0.0,0.0,0.0,0.0,0.0
2018-11-20 00:45:00-08:00,0.0,0.0,0.0,0.0,0.0
2018-11-20 01:00:00-08:00,0.0,0.0,0.0,0.0,0.0
2018-11-20 01:15:00-08:00,0.0,0.0,0.0,0.0,0.0
2018-11-20 01:30:00-08:00,0.0,0.0,0.0,0.0,0.0
2018-11-20 01:45:00-08:00,0.0,0.0,0.0,0.0,0.0
2018-11-20 02:00:00-08:00,0.0,0.0,0.0,0.0,0.0
2018-11-20 02:15:00-08:00,0.0,0.0,0.0,0.0,0.0
2018-11-20 02:30:00-08:00,0.0,0.0,0.0,0.0,0.0
2018-11-20 02:45:00-08:00,0.0,0.0,0.0,0.0,0.0
2018-11-20 03:00:00-08:00,0.0,0.0,0.0,0.0,0.0
2018-11-20 03:15:00-08:00,0.0,0.0,0.0,0.0,0.0
2018-11-20 03:30:00-08:00,0.0,0.0,0.0,0.0,0.0
2018-11-20 03:45:00-08:00,0.0,0.0,0.0,0.0,0.0
2018-11-20 04:00:00-08:00,0.0,0.0,0.0,0.0,0.0
2018-11-20 04:15:00-08:00,0.0,0.0,0.0,0.0,0.0
2018-11-20 04:30:00-08:00,0.0,0.0,0.0,0.0,0.0
2018-11-20 04:45:00-08:00,0.0,0.0,0.0,0.0,0.0
2018-11-20 05:00:00-08:00,0.0,0.0,0.0,0.0,0.0
2018-11-20 05:15:00-08:00,0.0,0.0,0.0,0.0,0.0
2018-11-20 05:30:00-08:00,0.0,0.0,0.0,0.0,0.0
2018-11-20 05:45:00-08:00,0.0,0.0,0.0,0.0,0.0
2018-11-20 06:00:00-08:00,0.0,0.0,0.0,0.0,0.0
2018-11-20 06:15:00-08:00,0.0,0.0,0.0,0.0,0.0
2018-11-20 06:30:00-08:00,0.0,0.0,0.0,0.0,0.0
2018-11-20 06:45:00-08:00,0.0,0.0,0.0,0.0,0.0
2018-11-20 07:00:00-08:00,0.009979135,0.17136359,0.16268313,0.0,0.32118616
2018-11-20 07:15:00-08:00,0.3449662217333333,1.0200918,0.59360754,0.38046455,0.45005572
2018-11-20 07:30:00-08:00,1.1730275198,1.9951222,0.99537224,0.9645871,0.5702904
2018-11-20 07:45:00-08:00,2.309305564466667,3.1554193,1.9175503,1.7532066,0.6994746
2018-11-20 08:00:00-08:00,3.4895715088666663,4.723385,2.860321,2.6682115,0.7652693
2018-11-20 08:15:00-08:00,4.7303208712,5.9666266,4.253022,3.710876,0.8461831
2018-11-20 08:30:00-08:00,5.985426196666666,7.43822,5.4431257,4.617597,0.92864096
2018-11-20 08:45:00-08:00,7.312359618799999,8.582699,6.821407,5.864158,0.97781575
2018-11-20 09:00:00-08:00,8.814997825666667,9.237267,8.154551,6.892209,1.0237454
2018-11-20 09:15:00-08:00,9.9701290756,11.690336,9.209132,7.9742503,1.0225981
2018-11-20 09:30:00-08:00,11.019562711333334,12.6391735,10.374615,8.9132805,1.0257672
2018-11-20 09:45:00-08:00,12.21423324333333,10.881293,11.567839,9.980436,1.0277632
2018-11-20 10:00:00-08:00,13.171941454666666,14.679569,12.249716,10.772625,1.0369462
2018-11-20 10:15:00-08:00,13.999541389333332,15.698519,13.094461,11.420505,1.0242016
2018-11-20 10:30:00-08:00,14.213792343999998,17.322775,13.847914,12.084334,0.99884176
2018-11-20 10:45:00-08:00,14.961120644666668,16.736887,14.126213,12.559825,0.9959852
2018-11-20 11:00:00-08:00,15.361449410666664,17.723436,14.673681,13.045063,1.0101473
2018-11-20 11:15:00-08:00,15.815347889999996,17.339108,14.928454,13.264163,1.0079775
2018-11-20 11:30:00-08:00,16.936711777333333,17.280094,15.317221,13.461694,1.0039115
2018-11-20 11:45:00-08:00,14.679249833999997,17.536879,15.139506,13.544815,1.0025678
2018-11-20 12:00:00-08:00,15.156003265333334,18.300304,15.274147,13.498533,0.98481524
2018-11-20 12:15:00-08:00,16.836819656,18.485863,15.229897,13.288094,0.99674106
2018-11-20 12:30:00-08:00,14.247975966666669,16.540531,15.032304,13.127911,0.9818668
2018-11-20 12:45:00-08:00,16.138372899333334,16.963078,14.57848,12.613533,0.9822707
2018-11-20 13:00:00-08:00,14.200926499999998,16.340706,14.061519,12.104173,0.9829577
2018-11-20 13:15:00-08:00,12.406525323266663,15.611952,13.716984,11.433954,0.9989024
2018-11-20 13:30:00-08:00,14.6146575,14.885047,13.186767,10.856087,0.9894463
2018-11-20 13:45:00-08:00,10.7910400424,13.396183,12.703903,10.1561775,1.0079917
2018-11-20 14:00:00-08:00,11.289527185333334,10.770611,12.002864,9.325027,1.0308557
2018-11-20 14:15:00-08:00,7.630961987199999,9.463826,11.310292,8.533377,1.0293995
2018-11-20 14:30:00-08:00,10.705390281733337,8.234061,10.656869,7.743998,1.0558338
2018-11-20 14:45:00-08:00,9.129344032533334,9.739771,9.736914,6.8784018,1.045474
2018-11-20 15:00:00-08:00,9.682903037066666,7.7490044,8.763367,5.953537,1.0328794
2018-11-20 15:15:00-08:00,6.219390285466666,7.93808,7.7104244,5.081648,1.0048503
2018-11-20 15:30:00-08:00,5.8084439834,5.640786,6.428232,4.2280865,0.9412435
2018-11-20 15:45:00-08:00,3.265537124533333,4.480844,4.9890614,3.3779004,0.8501258
2018-11-20 16:00:00-08:00,1.739842725933333,3.5944824,3.6989803,2.6798398,0.7433766
2018-11-20 16:15:00-08:00,0.5200237855333333,0.6852108,2.311511,1.9407159,0.6203437
2018-11-20 16:30:00-08:00,0.0338414047999999,0.16784446,1.2565031,1.3278215,0.4699022
2018-11-20 16:45:00-08:00,0.0,0.20148784,0.4402298,0.75856733,0.31743312
2018-11-20 17:00:00-08:00,0.0,0.08075324,0.0,0.36706036,0.17298834
2018-11-20 17:15:00-08:00,0.0,0.0,0.0,0.0,0.0
2018-11-20 17:30:00-08:00,0.0,0.0,0.0,0.0,0.0
2018-11-20 17:45:00-08:00,0.0,0.0,0.0,0.0,0.0
2018-11-20 18:00:00-08:00,0.0,0.0,0.0,0.0,0.0
2018-11-20 18:15:00-08:00,0.0,0.0,0.0,0.0,0.0
2018-11-20 18:30:00-08:00,0.0,0.0,0.0,0.0,0.0
2018-11-20 18:45:00-08:00,0.0,0.0,0.0,0.0,0.0
2018-11-20 19:00:00-08:00,0.0,0.0,0.0,0.0,0.0
2018-11-20 19:15:00-08:00,0.0,0.0,0.0,0.0,0.0
2018-11-20 19:30:00-08:00,0.0,0.0,0.0,0.0,0.0
2018-11-20 19:45:00-08:00,0.0,0.0,0.0,0.0,0.0
2018-11-20 20:00:00-08:00,0.0,0.0,0.0,0.0,0.0
2018-11-20 20:15:00-08:00,0.0,0.0,0.0,0.0,0.0
2018-11-20 20:30:00-08:00,0.0,0.0,0.0,0.0,0.0
2018-11-20 20:45:00-08:00,0.0,0.0,0.0,0.0,0.0
2018-11-20 21:00:00-08:00,0.0,0.0,0.0,0.0,0.0
2018-11-20 21:15:00-08:00,0.0,0.0,0.0,0.0,0.0
2018-11-20 21:30:00-08:00,0.0,0.0,0.0,0.0,0.0
2018-11-20 21:45:00-08:00,0.0,0.0,0.0,0.0,0.0
2018-11-20 22:00:00-08:00,0.0,0.0,0.0,0.0,0.0
2018-11-20 22:15:00-08:00,0.0,0.0,0.0,0.0,0.0
2018-11-20 22:30:00-08:00,0.0,0.0,0.0,0.0,0.0
2018-11-20 22:45:00-08:00,0.0,0.0,0.0,0.0,0.0
2018-11-20 23:00:00-08:00,0.0,0.0,0.0,0.0,0.0
2018-11-20 23:15:00-08:00,0.0,0.0,0.0,0.0,0.0
2018-11-20 23:30:00-08:00,0.0,0.0,0.0,0.0,0.0
2018-11-20 23:45:00-08:00,0.0,0.0,0.0,0.0,0.0
2018-11-21 00:00:00-08:00,0.0,0.0,0.0,0.0,0.0
2018-11-21 00:15:00-08:00,0.0,0.0,0.0,0.0,0.0
2018-11-21 00:30:00-08:00,0.0,0.0,0.0,0.0,0.0
2018-11-21 00:45:00-08:00,0.0,0.0,0.0,0.0,0.0
2018-11-21 01:00:00-08:00,0.0,0.0,0.0,0.0,0.0
2018-11-21 01:15:00-08:00,0.0,0.0,0.0,0.0,0.0
2018-11-21 01:30:00-08:00,0.0,0.0,0.0,0.0,0.0
2018-11-21 01:45:00-08:00,0.0,0.0,0.0,0.0,0.0
2018-11-21 02:00:00-08:00,0.0,0.0,0.0,0.0,0.0
2018-11-21 02:15:00-08:00,0.0,0.0,0.0,0.0,0.0
2018-11-21 02:30:00-08:00,0.0,0.0,0.0,0.0,0.0
2018-11-21 02:45:00-08:00,0.0,0.0,0.0,0.0,0.0
2018-11-21 03:00:00-08:00,0.0,0.0,0.0,0.0,0.0
2018-11-21 03:15:00-08:00,0.0,0.0,0.0,0.0,0.0
2018-11-21 03:30:00-08:00,0.0,0.0,0.0,0.0,0.0
2018-11-21 03:45:00-08:00,0.0,0.0,0.0,0.0,0.0
2018-11-21 04:00:00-08:00,0.0,0.0,0.0,0.0,0.0
2018-11-21 04:15:00-08:00,0.0,0.0,0.0,0.0,0.0
2018-11-21 04:30:00-08:00,0.0,0.0,0.0,0.0,0.0
2018-11-21 04:45:00-08:00,0.0,0.0,0.0,0.0,0.0
2018-11-21 05:00:00-08:00,0.0,0.0,0.0,0.0,0.0
2018-11-21 05:15:00-08:00,0.0,0.0,0.0,0.0,0.0
2018-11-21 05:30:00-08:00,0.0,0.0,0.0,0.0,0.0
2018-11-21 05:45:00-08:00,0.0,0.0,0.0,0.0,0.0
2018-11-21 06:00:00-08:00,0.0,0.0,0.0,0.0,0.0
2018-11-21 06:15:00-08:00,0.0,0.0,0.0,0.0,0.0
2018-11-21 06:30:00-08:00,0.0,0.0,0.0,0.0,0.0
2018-11-21 06:45:00-08:00,0.0,0.0,0.0,0.0,0.0
2018-11-21 07:00:00-08:00,0.0,0.0,1.3272119,0.76547205,0.1148253
2018-11-21 07:15:00-08:00,0.0,0.34238243,1.29727,0.8906944,0.13978419
2018-11-21 07:30:00-08:00,0.0,1.333041,1.2330735,1.084513,0.14832169
2018-11-21 07:45:00-08:00,0.061571147133333295,0.50478315,1.194135,1.3068573,0.15686254
2018-11-21 08:00:00-08:00,0.4796233820666666,0.0,1.0591825,1.5785837,0.15427881
2018-11-21 08:15:00-08:00,0.20591201726666658,2.0158985,0.93600404,1.8231583,0.16266662
2018-11-21 08:30:00-08:00,0.0983369112666666,2.025051,0.8022639,2.0556273,0.18041362
2018-11-21 08:45:00-08:00,0.7730271202666665,0.77174395,0.60555524,2.1559122,0.18224086
2018-11-21 09:00:00-08:00,1.1150488044,1.3979292,0.65011656,2.2977982,0.19964898
2018-11-21 09:15:00-08:00,0.6451267156666667,1.4545249,0.69169873,2.4731407,0.20592235
2018-11-21 09:30:00-08:00,1.1519252047333337,2.5339718,0.9185455,2.4684868,0.21710385
2018-11-21 09:45:00-08:00,1.9219592388,0.375297,1.2981298,2.553913,0.22911586
2018-11-21 10:00:00-08:00,1.1125535968666669,3.15175,1.664217,2.6233091,0.2397332
2018-11-21 10:15:00-08:00,0.9753577956,2.7419677,2.1755912,2.6745055,0.24601395
2018-11-21 10:30:00-08:00,0.8251170729333334,0.65251344,2.6835904,2.768437,0.250898
2018-11-21 10:45:00-08:00,2.089041354466667,1.9478788,3.116681,2.8276718,0.26280445
2018-11-21 11:00:00-08:00,1.1651753009333332,2.3099437,3.4510438,2.911628,0.26346353
2018-11-21 11:15:00-08:00,0.9754413808,3.4550734,3.488994,2.9169526,0.26461434
2018-11-21 11:30:00-08:00,1.5197330399333335,4.2269506,3.369491,2.9525433,0.26780963
2018-11-21 11:45:00-08:00,1.6447813966,2.9680645,3.0634553,3.0007071,0.2827055
2018-11-21 12:00:00-08:00,2.2214184156,7.067006,2.6330554,2.959922,0.28685278
2018-11-21 12:15:00-08:00,1.7914965143999997,9.399544,2.1746504,2.9328122,0.2881919
2018-11-21 12:30:00-08:00,1.0204089488,8.194355,1.8240391,2.9586573,0.2659337
2018-11-21 12:45:00-08:00,0.7436416619333333,5.797104,1.4108231,2.9216506,0.2565183
2018-11-21 13:00:00-08:00,0.8058313442666667,4.5460267,1.1326592,2.8901985,0.25913703
2018-11-21 13:15:00-08:00,2.019003251533333,4.352444,0.8898394,2.8673737,0.25372362
2018-11-21 13:30:00-08:00,2.8912371512000004,3.7081985,0.7814239,2.833469,0.248231
2018-11-21 13:45:00-08:00,0.157587072,4.3526163,0.7724925,2.754538,0.2514537
2018-11-21 14:00:00-08:00,1.5159351306666666,3.7794077,0.7255181,2.6473365,0.24310885
2018-11-21 14:15:00-08:00,2.9288583366,3.5877657,0.650911,2.4939587,0.24856693
2018-11-21 14:30:00-08:00,8.936073287800001,2.6881104,0.71723604,2.376072,0.25325474
2018-11-21 14:45:00-08:00,15.175557250666666,3.6147146,0.801517,2.2065945,0.24825811
2018-11-21 15:00:00-08:00,10.869881268466663,3.831025,0.928854,1.9912105,0.24798852
2018-11-21 15:15:00-08:00,2.535518791,2.4425902,0.9915814,1.820342,0.25186598
2018-11-21 15:30:00-08:00,0.6210393195333334,2.4358828,1.1027598,1.6882532,0.22713988
2018-11-21 15:45:00-08:00,0.142330995,2.6479816,1.1781374,1.5809519,0.21921241
2018-11-21 16:00:00-08:00,0.2431260743999999,0.974447,1.1097318,1.4220337,0.20820051
2018-11-21 16:15:00-08:00,0.7905494385333333,0.29127046,1.1119404,1.2875998,0.20917502
2018-11-21 16:30:00-08:00,0.0916297213999999,0.023074947,1.0582426,1.1621002,0.20540991
2018-11-21 16:45:00-08:00,0.0,0.14311959,0.94065875,1.1160849,0.21266642
2018-11-21 17:00:00-08:00,0.0,0.0,0.8311597,0.98877776,0.20183744
2018-11-21 17:15:00-08:00,0.0,0.0,0.0,0.0,0.0
2018-11-21 17:30:00-08:00,0.0,0.0,0.0,0.0,0.0
2018-11-21 17:45:00-08:00,0.0,0.0,0.0,0.0,0.0
2018-11-21 18:00:00-08:00,0.0,0.0,0.0,0.0,0.0
2018-11-21 18:15:00-08:00,0.0,0.0,0.0,0.0,0.0
2018-11-21 18:30:00-08:00,0.0,0.0,0.0,0.0,0.0
2018-11-21 18:45:00-08:00,0.0,0.0,0.0,0.0,0.0
2018-11-21 19:00:00-08:00,0.0,0.0,0.0,0.0,0.0
2018-11-21 19:15:00-08:00,0.0,0.0,0.0,0.0,0.0
2018-11-21 19:30:00-08:00,0.0,0.0,0.0,0.0,0.0
2018-11-21 19:45:00-08:00,0.0,0.0,0.0,0.0,0.0
2018-11-21 20:00:00-08:00,0.0,0.0,0.0,0.0,0.0
2018-11-21 20:15:00-08:00,0.0,0.0,0.0,0.0,0.0
2018-11-21 20:30:00-08:00,0.0,0.0,0.0,0.0,0.0
2018-11-21 20:45:00-08:00,0.0,0.0,0.0,0.0,0.0
2018-11-21 21:00:00-08:00,0.0,0.0,0.0,0.0,0.0
2018-11-21 21:15:00-08:00,0.0,0.0,0.0,0.0,0.0
2018-11-21 21:30:00-08:00,0.0,0.0,0.0,0.0,0.0
2018-11-21 21:45:00-08:00,0.0,0.0,0.0,0.0,0.0
2018-11-21 22:00:00-08:00,0.0,0.0,0.0,0.0,0.0
2018-11-21 22:15:00-08:00,0.0,0.0,0.0,0.0,0.0
2018-11-21 22:30:00-08:00,0.0,0.0,0.0,0.0,0.0
2018-11-21 22:45:00-08:00,0.0,0.0,0.0,0.0,0.0
2018-11-21 23:00:00-08:00,0.0,0.0,0.0,0.0,0.0
2018-11-21 23:15:00-08:00,0.0,0.0,0.0,0.0,0.0
2018-11-21 23:30:00-08:00,0.0,0.0,0.0,0.0,0.0
2018-11-21 23:45:00-08:00,0.0,0.0,0.0,0.0,0.0
2018-11-22 00:00:00-08:00,0.0,0.0,0.0,0.0,0.0
2018-11-22 00:15:00-08:00,0.0,0.0,0.0,0.0,0.0
2018-11-22 00:30:00-08:00,0.0,0.0,0.0,0.0,0.0
2018-11-22 00:45:00-08:00,0.0,0.0,0.0,0.0,0.0
2018-11-22 01:00:00-08:00,0.0,0.0,0.0,0.0,0.0
2018-11-22 01:15:00-08:00,0.0,0.0,0.0,0.0,0.0
2018-11-22 01:30:00-08:00,0.0,0.0,0.0,0.0,0.0
2018-11-22 01:45:00-08:00,0.0,0.0,0.0,0.0,0.0
2018-11-22 02:00:00-08:00,0.0,0.0,0.0,0.0,0.0
2018-11-22 02:15:00-08:00,0.0,0.0,0.0,0.0,0.0
2018-11-22 02:30:00-08:00,0.0,0.0,0.0,0.0,0.0
2018-11-22 02:45:00-08:00,0.0,0.0,0.0,0.0,0.0
2018-11-22 03:00:00-08:00,0.0,0.0,0.0,0.0,0.0
2018-11-22 03:15:00-08:00,0.0,0.0,0.0,0.0,0.0
2018-11-22 03:30:00-08:00,0.0,0.0,0.0,0.0,0.0
2018-11-22 03:45:00-08:00,0.0,0.0,0.0,0.0,0.0
2018-11-22 04:00:00-08:00,0.0,0.0,0.0,0.0,0.0
2018-11-22 04:15:00-08:00,0.0,0.0,0.0,0.0,0.0
2018-11-22 04:30:00-08:00,0.0,0.0,0.0,0.0,0.0
2018-11-22 04:45:00-08:00,0.0,0.0,0.0,0.0,0.0
2018-11-22 05:00:00-08:00,0.0,0.0,0.0,0.0,0.0
2018-11-22 05:15:00-08:00,0.0,0.0,0.0,0.0,0.0
2018-11-22 05:30:00-08:00,0.0,0.0,0.0,0.0,0.0
2018-11-22 05:45:00-08:00,0.0,0.0,0.0,0.0,0.0
2018-11-22 06:00:00-08:00,0.0,0.0,0.0,0.0,0.0
2018-11-22 06:15:00-08:00,0.0,0.0,0.0,0.0,0.0
2018-11-22 06:30:00-08:00,0.0,0.0,0.0,0.0,0.0
2018-11-22 06:45:00-08:00,0.0,0.0,0.0,0.0,0.0
2018-11-22 07:00:00-08:00,0.1058264132666666,0.0,1.2360541,0.0,0.051819485
2018-11-22 07:15:00-08:00,0.8443702310666668,0.6241896,1.0262644,0.0,0.19603646
2018-11-22 07:30:00-08:00,1.0943612230000002,0.5337554,1.3145034,0.04658796,0.28587848
2018-11-22 07:45:00-08:00,3.599478941133333,0.31776026,1.5123535,0.5329069,0.4038881
2018-11-22 08:00:00-08:00,6.889974812133333,3.0171146,1.8157507,1.0197233,0.4403167
2018-11-22 08:15:00-08:00,8.8719261978,2.9394376,1.9978971,1.7164389,0.48362964
2018-11-22 08:30:00-08:00,9.850437734400002,7.6532435,2.4900346,2.3291652,0.5440745
2018-11-22 08:45:00-08:00,11.152218913133334,6.3998094,2.7316294,3.1940494,0.58565617
2018-11-22 09:00:00-08:00,12.194217180866664,5.142221,3.3576887,4.017006,0.61981213
2018-11-22 09:15:00-08:00,9.385644112266666,5.5273542,4.07749,5.058978,0.6296444
2018-11-22 09:30:00-08:00,15.434287232666668,9.10927,5.004861,5.935197,0.6435943
2018-11-22 09:45:00-08:00,11.010627267533332,10.953337,5.8630366,7.1018214,0.65312874
2018-11-22 10:00:00-08:00,11.156690848000002,8.061275,6.4390306,8.095238,0.6686863
2018-11-22 10:15:00-08:00,10.638974676866669,11.308586,7.406068,9.041339,0.66637343
2018-11-22 10:30:00-08:00,11.306903713800002,6.877779,8.109154,9.920684,0.66521955
2018-11-22 10:45:00-08:00,16.08955445533333,10.318495,8.370313,10.706181,0.6785903
2018-11-22 11:00:00-08:00,3.4712485863999993,14.860136,8.820245,11.388681,0.6973448
2018-11-22 11:15:00-08:00,14.547549224866664,17.079718,8.912724,11.751505,0.6917184
2018-11-22 11:30:00-08:00,15.279878643333332,12.871733,8.983991,12.11252,0.7063889
2018-11-22 11:45:00-08:00,21.76529279933333,11.112952,8.500624,12.378338,0.7176377
2018-11-22 12:00:00-08:00,22.45027776666667,11.315716,8.165613,12.520121,0.6998886
2018-11-22 12:15:00-08:00,19.54024753046667,12.207628,7.494085,12.548412,0.70761347
2018-11-22 12:30:00-08:00,18.30908015466667,14.367813,6.947046,12.6129055,0.6855079
2018-11-22 12:45:00-08:00,18.1043129242,16.102503,5.9173384,12.497896,0.6884926
2018-11-22 13:00:00-08:00,16.637775291066667,7.796317,4.843735,12.204823,0.6776078
2018-11-22 13:15:00-08:00,12.8811092536,12.288177,4.1133204,11.945998,0.6842792
2018-11-22 13:30:00-08:00,17.989875569333332,10.765079,3.553782,11.662172,0.6523044
2018-11-22 13:45:00-08:00,19.265493272,13.046732,2.925737,11.1154995,0.6595068
2018-11-22 14:00:00-08:00,19.325024886,14.969049,2.8146906,10.515364,0.66990834
2018-11-22 14:15:00-08:00,18.107306788666666,8.255291,2.8174872,9.912313,0.66024137
2018-11-22 14:30:00-08:00,17.929028067333334,10.279916,2.5651467,9.111125,0.6722987
2018-11-22 14:45:00-08:00,17.082955766666668,13.647171,2.8077462,8.242238,0.6740308
2018-11-22 15:00:00-08:00,15.628328782000002,8.750011,2.807166,7.1982336,0.66747975
2018-11-22 15:15:00-08:00,12.393235670266668,5.561183,2.8229153,6.28837,0.6462362
2018-11-22 15:30:00-08:00,6.596135846866666,4.2882557,2.352099,5.2549005,0.56976485
2018-11-22 15:45:00-08:00,3.9008420966666666,3.653696,2.1517944,4.2412057,0.45398435
2018-11-22 16:00:00-08:00,1.4239609954,2.399024,1.4260887,3.3068683,0.34821406
2018-11-22 16:15:00-08:00,0.44011581693333324,4.079171,1.0969999,2.4268646,0.23841284
2018-11-22 16:30:00-08:00,0.0774101535999999,0.18136157,0.7438966,1.6778541,0.09945982
2018-11-22 16:45:00-08:00,0.0,1.0138716,0.2317416,1.013204,0.0
2018-11-22 17:00:00-08:00,0.0,0.0,0.25346678,0.554816,0.0
2018-11-22 17:15:00-08:00,0.0,0.0,0.0,0.0,0.0
2018-11-22 17:30:00-08:00,0.0,0.0,0.0,0.0,0.0
2018-11-22 17:45:00-08:00,0.0,0.0,0.0,0.0,0.0
2018-11-22 18:00:00-08:00,0.0,0.0,0.0,0.0,0.0
2018-11-22 18:15:00-08:00,0.0,0.0,0.0,0.0,0.0
2018-11-22 18:30:00-08:00,0.0,0.0,0.0,0.0,0.0
2018-11-22 18:45:00-08:00,0.0,0.0,0.0,0.0,0.0
2018-11-22 19:00:00-08:00,0.0,0.0,0.0,0.0,0.0
2018-11-22 19:15:00-08:00,0.0,0.0,0.0,0.0,0.0
2018-11-22 19:30:00-08:00,0.0,0.0,0.0,0.0,0.0
2018-11-22 19:45:00-08:00,0.0,0.0,0.0,0.0,0.0
2018-11-22 20:00:00-08:00,0.0,0.0,0.0,0.0,0.0
2018-11-22 20:15:00-08:00,0.0,0.0,0.0,0.0,0.0
2018-11-22 20:30:00-08:00,0.0,0.0,0.0,0.0,0.0
2018-11-22 20:45:00-08:00,0.0,0.0,0.0,0.0,0.0
2018-11-22 21:00:00-08:00,0.0,0.0,0.0,0.0,0.0
2018-11-22 21:15:00-08:00,0.0,0.0,0.0,0.0,0.0
2018-11-22 21:30:00-08:00,0.0,0.0,0.0,0.0,0.0
2018-11-22 21:45:00-08:00,0.0,0.0,0.0,0.0,0.0
2018-11-22 22:00:00-08:00,0.0,0.0,0.0,0.0,0.0
2018-11-22 22:15:00-08:00,0.0,0.0,0.0,0.0,0.0
2018-11-22 22:30:00-08:00,0.0,0.0,0.0,0.0,0.0
2018-11-22 22:45:00-08:00,0.0,0.0,0.0,0.0,0.0
2018-11-22 23:00:00-08:00,0.0,0.0,0.0,0.0,0.0
2018-11-22 23:15:00-08:00,0.0,0.0,0.0,0.0,0.0
2018-11-22 23:30:00-08:00,0.0,0.0,0.0,0.0,0.0
2018-11-22 23:45:00-08:00,0.0,0.0,0.0,0.0,0.0
2018-11-23 00:00:00-08:00,0.0,0.0,0.0,0.0,0.0
2018-11-23 00:15:00-08:00,0.0,0.0,0.0,0.0,0.0
2018-11-23 00:30:00-08:00,0.0,0.0,0.0,0.0,0.0
2018-11-23 00:45:00-08:00,0.0,0.0,0.0,0.0,0.0
2018-11-23 01:00:00-08:00,0.0,0.0,0.0,0.0,0.0
2018-11-23 01:15:00-08:00,0.0,0.0,0.0,0.0,0.0
2018-11-23 01:30:00-08:00,0.0,0.0,0.0,0.0,0.0
2018-11-23 01:45:00-08:00,0.0,0.0,0.0,0.0,0.0
2018-11-23 02:00:00-08:00,0.0,0.0,0.0,0.0,0.0
2018-11-23 02:15:00-08:00,0.0,0.0,0.0,0.0,0.0
2018-11-23 02:30:00-08:00,0.0,0.0,0.0,0.0,0.0
2018-11-23 02:45:00-08:00,0.0,0.0,0.0,0.0,0.0
2018-11-23 03:00:00-08:00,0.0,0.0,0.0,0.0,0.0
2018-11-23 03:15:00-08:00,0.0,0.0,0.0,0.0,0.0
2018-11-23 03:30:00-08:00,0.0,0.0,0.0,0.0,0.0
2018-11-23 03:45:00-08:00,0.0,0.0,0.0,0.0,0.0
2018-11-23 04:00:00-08:00,0.0,0.0,0.0,0.0,0.0
2018-11-23 04:15:00-08:00,0.0,0.0,0.0,0.0,0.0
2018-11-23 04:30:00-08:00,0.0,0.0,0.0,0.0,0.0
2018-11-23 04:45:00-08:00,0.0,0.0,0.0,0.0,0.0
2018-11-23 05:00:00-08:00,0.0,0.0,0.0,0.0,0.0
2018-11-23 05:15:00-08:00,0.0,0.0,0.0,0.0,0.0
2018-11-23 05:30:00-08:00,0.0,0.0,0.0,0.0,0.0
2018-11-23 05:45:00-08:00,0.0,0.0,0.0,0.0,0.0
2018-11-23 06:00:00-08:00,0.0,0.0,0.0,0.0,0.0
2018-11-23 06:15:00-08:00,0.0,0.0,0.0,0.0,0.0
2018-11-23 06:30:00-08:00,0.0,0.0,0.0,0.0,0.0
2018-11-23 06:45:00-08:00,0.0,0.0,0.0,0.0,0.0
2018-11-23 07:00:00-08:00,0.0,0.15319644,0.21550408,0.9288515,0.20164624
2018-11-23 07:15:00-08:00,0.0,0.10246146,0.1543628,0.82933116,0.22978938
2018-11-23 07:30:00-08:00,0.2356792942666666,1.9736742,0.12842654,0.81648123,0.22230385
2018-11-23 07:45:00-08:00,0.7274917130666667,0.0,0.114428595,0.96544755,0.22292921
2018-11-23 08:00:00-08:00,0.6180282217999999,2.0129366,0.117590114,1.0584646,0.21347901
2018-11-23 08:15:00-08:00,0.9181044102666666,2.4282222,0.1535003,1.2193816,0.21254508
2018-11-23 08:30:00-08:00,1.1088004285333335,2.7082133,0.18879904,1.4288054,0.22204834
2018-11-23 08:45:00-08:00,1.0996744486666667,1.5896012,0.1119991,1.6044228,0.228523
2018-11-23 09:00:00-08:00,2.460490414533333,1.0403537,0.29379374,1.7489896,0.24355882
2018-11-23 09:15:00-08:00,1.9587548088,2.7898247,0.4826107,2.0916045,0.24860299
2018-11-23 09:30:00-08:00,2.4646258522,2.190904,0.75466275,2.2890701,0.25944772
2018-11-23 09:45:00-08:00,3.0836996744000005,4.5037127,1.1352866,2.8155718,0.27306643
2018-11-23 10:00:00-08:00,2.379922241,4.207075,1.3950539,3.2796314,0.2715831
2018-11-23 10:15:00-08:00,2.737166536666667,2.7785249,1.8704302,3.803039,0.27962142
2018-11-23 10:30:00-08:00,4.102369365533334,3.466485,2.2253675,4.482214,0.27756613
2018-11-23 10:45:00-08:00,5.185834324466668,0.92571855,2.5139105,5.028853,0.28754205
2018-11-23 11:00:00-08:00,6.203196307799999,4.4215317,2.7453623,5.7319465,0.28259748
2018-11-23 11:15:00-08:00,3.2591953412,4.4525576,2.7915735,6.2586956,0.27598202
2018-11-23 11:30:00-08:00,3.779031017733333,4.2006598,2.7042725,6.8358307,0.27799302
2018-11-23 11:45:00-08:00,3.0441389845333333,2.816092,2.4686599,7.464968,0.28670198
2018-11-23 12:00:00-08:00,3.712370162200001,6.1995206,2.1352465,8.050322,0.28993356
2018-11-23 12:15:00-08:00,2.213836157733333,10.541184,1.7844111,8.551417,0.28407943
2018-11-23 12:30:00-08:00,2.608747771066667,0.0,1.5586263,9.153845,0.2534179
2018-11-23 12:45:00-08:00,3.1251759577333336,4.039034,1.1940413,9.743085,0.24294287
2018-11-23 13:00:00-08:00,2.667899713266667,2.2785237,0.8413845,10.176729,0.24465805
2018-11-23 13:15:00-08:00,2.3428943398,1.2934666,0.6225122,10.466295,0.23677948
2018-11-23 13:30:00-08:00,3.7457778633333336,4.126473,0.5000371,10.839812,0.22755855
2018-11-23 13:45:00-08:00,3.1027383477333337,5.805317,0.42121688,10.861597,0.21988821
2018-11-23 14:00:00-08:00,3.5486806954,1.6649652,0.4020998,10.855723,0.198417
2018-11-23 14:15:00-08:00,2.0660714298666667,2.4548736,0.31580126,10.680278,0.19075558
2018-11-23 14:30:00-08:00,2.795194372333333,5.2054863,0.2351827,10.293048,0.1765648
2018-11-23 14:45:00-08:00,1.9804865333333326,2.9242878,0.26607347,9.7703085,0.16317444
2018-11-23 15:00:00-08:00,1.7209790133333331,2.9991682,0.2983523,9.162817,0.14696735
2018-11-23 15:15:00-08:00,1.0202672265333332,1.4585547,0.31536144,8.620995,0.1409117
2018-11-23 15:30:00-08:00,0.2809023396666666,0.614942,0.32140553,7.824953,0.108742565
2018-11-23 15:45:00-08:00,0.2187613591333333,1.0285611,0.35127217,7.1336117,0.097941466
2018-11-23 16:00:00-08:00,0.0,0.7597748,0.3069748,6.318861,0.09352883
2018-11-23 16:15:00-08:00,0.0,1.0474604,0.35683322,5.394877,0.09793885
2018-11-23 16:30:00-08:00,0.0,0.0,0.37215978,4.505666,0.10035416
2018-11-23 16:45:00-08:00,0.0,0.0,0.31764892,3.7497835,0.10811629
2018-11-23 17:00:00-08:00,0.0,0.0,0.0,0.0,0.0
2018-11-23 17:15:00-08:00,0.0,0.0,0.0,0.0,0.0
2018-11-23 17:30:00-08:00,0.0,0.0,0.0,0.0,0.0
2018-11-23 17:45:00-08:00,0.0,0.0,0.0,0.0,0.0
2018-11-23 18:00:00-08:00,0.0,0.0,0.0,0.0,0.0
2018-11-23 18:15:00-08:00,0.0,0.0,0.0,0.0,0.0
2018-11-23 18:30:00-08:00,0.0,0.0,0.0,0.0,0.0
2018-11-23 18:45:00-08:00,0.0,0.0,0.0,0.0,0.0
2018-11-23 19:00:00-08:00,0.0,0.0,0.0,0.0,0.0
2018-11-23 19:15:00-08:00,0.0,0.0,0.0,0.0,0.0
2018-11-23 19:30:00-08:00,0.0,0.0,0.0,0.0,0.0
2018-11-23 19:45:00-08:00,0.0,0.0,0.0,0.0,0.0
2018-11-23 20:00:00-08:00,0.0,0.0,0.0,0.0,0.0
2018-11-23 20:15:00-08:00,0.0,0.0,0.0,0.0,0.0
2018-11-23 20:30:00-08:00,0.0,0.0,0.0,0.0,0.0
2018-11-23 20:45:00-08:00,0.0,0.0,0.0,0.0,0.0
2018-11-23 21:00:00-08:00,0.0,0.0,0.0,0.0,0.0
2018-11-23 21:15:00-08:00,0.0,0.0,0.0,0.0,0.0
2018-11-23 21:30:00-08:00,0.0,0.0,0.0,0.0,0.0
2018-11-23 21:45:00-08:00,0.0,0.0,0.0,0.0,0.0
2018-11-23 22:00:00-08:00,0.0,0.0,0.0,0.0,0.0
2018-11-23 22:15:00-08:00,0.0,0.0,0.0,0.0,0.0
2018-11-23 22:30:00-08:00,0.0,0.0,0.0,0.0,0.0
2018-11-23 22:45:00-08:00,0.0,0.0,0.0,0.0,0.0
2018-11-23 23:00:00-08:00,0.0,0.0,0.0,0.0,0.0
2018-11-23 23:15:00-08:00,0.0,0.0,0.0,0.0,0.0
2018-11-23 23:30:00-08:00,0.0,0.0,0.0,0.0,0.0
2018-11-23 23:45:00-08:00,0.0,0.0,0.0,0.0,0.0
2018-11-24 00:00:00-08:00,0.0,0.0,0.0,0.0,0.0
2018-11-24 00:15:00-08:00,0.0,0.0,0.0,0.0,0.0
2018-11-24 00:30:00-08:00,0.0,0.0,0.0,0.0,0.0
2018-11-24 00:45:00-08:00,0.0,0.0,0.0,0.0,0.0
2018-11-24 01:00:00-08:00,0.0,0.0,0.0,0.0,0.0
2018-11-24 01:15:00-08:00,0.0,0.0,0.0,0.0,0.0
2018-11-24 01:30:00-08:00,0.0,0.0,0.0,0.0,0.0
2018-11-24 01:45:00-08:00,0.0,0.0,0.0,0.0,0.0
2018-11-24 02:00:00-08:00,0.0,0.0,0.0,0.0,0.0
2018-11-24 02:15:00-08:00,0.0,0.0,0.0,0.0,0.0
2018-11-24 02:30:00-08:00,0.0,0.0,0.0,0.0,0.0
2018-11-24 02:45:00-08:00,0.0,0.0,0.0,0.0,0.0
2018-11-24 03:00:00-08:00,0.0,0.0,0.0,0.0,0.0
2018-11-24 03:15:00-08:00,0.0,0.0,0.0,0.0,0.0
2018-11-24 03:30:00-08:00,0.0,0.0,0.0,0.0,0.0
2018-11-24 03:45:00-08:00,0.0,0.0,0.0,0.0,0.0
2018-11-24 04:00:00-08:00,0.0,0.0,0.0,0.0,0.0
2018-11-24 04:15:00-08:00,0.0,0.0,0.0,0.0,0.0
2018-11-24 04:30:00-08:00,0.0,0.0,0.0,0.0,0.0
2018-11-24 04:45:00-08:00,0.0,0.0,0.0,0.0,0.0
2018-11-24 05:00:00-08:00,0.0,0.0,0.0,0.0,0.0
2018-11-24 05:15:00-08:00,0.0,0.0,0.0,0.0,0.0
2018-11-24 05:30:00-08:00,0.0,0.0,0.0,0.0,0.0
2018-11-24 05:45:00-08:00,0.0,0.0,0.0,0.0,0.0
2018-11-24 06:00:00-08:00,0.0,0.0,0.0,0.0,0.0
2018-11-24 06:15:00-08:00,0.0,0.0,0.0,0.0,0.0
2018-11-24 06:30:00-08:00,0.0,0.0,0.0,0.0,0.0
2018-11-24 06:45:00-08:00,0.0,0.0,0.0,0.0,0.0
2018-11-24 07:00:00-08:00,0.0,0.0,0.22900562,1.060196,0.17217912
2018-11-24 07:15:00-08:00,0.0,0.5558761,0.40575635,1.4617507,0.21886352
2018-11-24 07:30:00-08:00,0.0836178982666666,0.0,0.59441507,1.8860276,0.2508574
2018-11-24 07:45:00-08:00,0.5207676205999999,0.0,1.018667,2.32767,0.30674344
2018-11-24 08:00:00-08:00,0.8674317337333334,0.0,1.4696207,2.824167,0.32216185
2018-11-24 08:15:00-08:00,3.2762191711999997,1.3713915,2.1227856,3.2508621,0.35159203
2018-11-24 08:30:00-08:00,4.6996123001333325,1.8531549,2.5376248,3.7367678,0.38729757
2018-11-24 08:45:00-08:00,6.454079845999999,3.4822347,3.2738192,4.209023,0.41547927
2018-11-24 09:00:00-08:00,12.802997393999998,2.8299642,3.7841783,4.7192755,0.44555578
2018-11-24 09:15:00-08:00,13.785126822,3.3534112,4.284808,5.1186314,0.44800353
2018-11-24 09:30:00-08:00,9.70821939,3.7824202,5.03565,5.5348635,0.45813462
2018-11-24 09:45:00-08:00,5.3072979989333335,2.6822138,5.7039747,5.8128557,0.46369037
2018-11-24 10:00:00-08:00,6.877229580866665,6.449499,6.18353,6.180605,0.47319442
2018-11-24 10:15:00-08:00,2.7315017544,7.5721836,6.736835,6.28255,0.47659367
2018-11-24 10:30:00-08:00,10.608443677533332,7.265686,7.279531,6.5418997,0.4696927
2018-11-24 10:45:00-08:00,4.695941432266667,7.992779,7.541801,6.7522154,0.4795918
2018-11-24 11:00:00-08:00,12.991319943799999,9.712278,7.9039555,6.9354,0.48497725
2018-11-24 11:15:00-08:00,6.787440437599999,9.025108,8.097219,7.076625,0.4808295
2018-11-24 11:30:00-08:00,5.0162189078,10.042965,8.174025,7.0027614,0.48982048
2018-11-24 11:45:00-08:00,7.922526076599999,8.902955,8.015479,6.93949,0.5017339
2018-11-24 12:00:00-08:00,7.438726983466666,10.0539255,7.852353,6.835616,0.49612355
2018-11-24 12:15:00-08:00,8.738074913133334,9.117619,7.6692257,6.6762185,0.502866
2018-11-24 12:30:00-08:00,6.089677334466666,8.932452,7.3459554,6.4232683,0.50198454
2018-11-24 12:45:00-08:00,6.020683005533333,8.097603,6.9797444,6.1307983,0.5050163
2018-11-24 13:00:00-08:00,10.442885642,7.833654,6.670478,5.702767,0.5061299
2018-11-24 13:15:00-08:00,13.935407732000002,8.993599,6.5391407,5.2809215,0.52129316
2018-11-24 13:30:00-08:00,16.446535155333333,8.964336,6.527797,4.8494935,0.5198878
2018-11-24 13:45:00-08:00,13.653759277999999,9.231511,6.507659,4.459077,0.53763795
2018-11-24 14:00:00-08:00,16.579730431333335,6.5642424,6.5074806,3.9161162,0.56781554
2018-11-24 14:15:00-08:00,14.847240445333332,7.557435,6.4748487,3.3995194,0.58361655
2018-11-24 14:30:00-08:00,14.470712067333332,8.632326,6.260108,2.7923946,0.60912687
2018-11-24 14:45:00-08:00,13.864409000666669,10.380198,6.0703797,2.1844444,0.61851984
2018-11-24 15:00:00-08:00,11.0364771684,9.270378,5.6562915,1.6520154,0.6277217
2018-11-24 15:15:00-08:00,11.475406356666667,7.1170607,5.0636063,1.1897175,0.6263948
2018-11-24 15:30:00-08:00,9.510302370866668,7.412734,4.3056407,0.8200834,0.5765866
2018-11-24 15:45:00-08:00,7.626357638800001,3.5833158,3.3554025,0.37406528,0.4988138
2018-11-24 16:00:00-08:00,5.041250447666667,2.8475418,2.5438406,0.16963682,0.4071573
2018-11-24 16:15:00-08:00,2.2910290124,0.4647595,1.6605123,0.0,0.308732
2018-11-24 16:30:00-08:00,0.031235515066666598,0.0,0.9761895,0.0,0.18861315
2018-11-24 16:45:00-08:00,0.0,0.008832828,0.33660626,0.0,0.079097964
2018-11-24 17:00:00-08:00,0.0,0.0,0.0,0.0,0.0
2018-11-24 17:15:00-08:00,0.0,0.0,0.0,0.0,0.0
2018-11-24 17:30:00-08:00,0.0,0.0,0.0,0.0,0.0
2018-11-24 17:45:00-08:00,0.0,0.0,0.0,0.0,0.0
2018-11-24 18:00:00-08:00,0.0,0.0,0.0,0.0,0.0
2018-11-24 18:15:00-08:00,0.0,0.0,0.0,0.0,0.0
2018-11-24 18:30:00-08:00,0.0,0.0,0.0,0.0,0.0
2018-11-24 18:45:00-08:00,0.0,0.0,0.0,0.0,0.0
2018-11-24 19:00:00-08:00,0.0,0.0,0.0,0.0,0.0
2018-11-24 19:15:00-08:00,0.0,0.0,0.0,0.0,0.0
2018-11-24 19:30:00-08:00,0.0,0.0,0.0,0.0,0.0
2018-11-24 19:45:00-08:00,0.0,0.0,0.0,0.0,0.0
2018-11-24 20:00:00-08:00,0.0,0.0,0.0,0.0,0.0
2018-11-24 20:15:00-08:00,0.0,0.0,0.0,0.0,0.0
2018-11-24 20:30:00-08:00,0.0,0.0,0.0,0.0,0.0
2018-11-24 20:45:00-08:00,0.0,0.0,0.0,0.0,0.0
2018-11-24 21:00:00-08:00,0.0,0.0,0.0,0.0,0.0
2018-11-24 21:15:00-08:00,0.0,0.0,0.0,0.0,0.0
2018-11-24 21:30:00-08:00,0.0,0.0,0.0,0.0,0.0
2018-11-24 21:45:00-08:00,0.0,0.0,0.0,0.0,0.0
2018-11-24 22:00:00-08:00,0.0,0.0,0.0,0.0,0.0
2018-11-24 22:15:00-08:00,0.0,0.0,0.0,0.0,0.0
2018-11-24 22:30:00-08:00,0.0,0.0,0.0,0.0,0.0
2018-11-24 22:45:00-08:00,0.0,0.0,0.0,0.0,0.0
2018-11-24 23:00:00-08:00,0.0,0.0,0.0,0.0,0.0
2018-11-24 23:15:00-08:00,0.0,0.0,0.0,0.0,0.0
2018-11-24 23:30:00-08:00,0.0,0.0,0.0,0.0,0.0
2018-11-24 23:45:00-08:00,0.0,0.0,0.0,0.0,0.0
2018-11-25 00:00:00-08:00,0.0,0.0,0.0,0.0,0.0
2018-11-25 00:15:00-08:00,0.0,0.0,0.0,0.0,0.0
2018-11-25 00:30:00-08:00,0.0,0.0,0.0,0.0,0.0
2018-11-25 00:45:00-08:00,0.0,0.0,0.0,0.0,0.0
2018-11-25 01:00:00-08:00,0.0,0.0,0.0,0.0,0.0
2018-11-25 01:15:00-08:00,0.0,0.0,0.0,0.0,0.0
2018-11-25 01:30:00-08:00,0.0,0.0,0.0,0.0,0.0
2018-11-25 01:45:00-08:00,0.0,0.0,0.0,0.0,0.0
2018-11-25 02:00:00-08:00,0.0,0.0,0.0,0.0,0.0
2018-11-25 02:15:00-08:00,0.0,0.0,0.0,0.0,0.0
2018-11-25 02:30:00-08:00,0.0,0.0,0.0,0.0,0.0
2018-11-25 02:45:00-08:00,0.0,0.0,0.0,0.0,0.0
2018-11-25 03:00:00-08:00,0.0,0.0,0.0,0.0,0.0
2018-11-25 03:15:00-08:00,0.0,0.0,0.0,0.0,0.0
2018-11-25 03:30:00-08:00,0.0,0.0,0.0,0.0,0.0
2018-11-25 03:45:00-08:00,0.0,0.0,0.0,0.0,0.0
2018-11-25 04:00:00-08:00,0.0,0.0,0.0,0.0,0.0
2018-11-25 04:15:00-08:00,0.0,0.0,0.0,0.0,0.0
2018-11-25 04:30:00-08:00,0.0,0.0,0.0,0.0,0.0
2018-11-25 04:45:00-08:00,0.0,0.0,0.0,0.0,0.0
2018-11-25 05:00:00-08:00,0.0,0.0,0.0,0.0,0.0
2018-11-25 05:15:00-08:00,0.0,0.0,0.0,0.0,0.0
2018-11-25 05:30:00-08:00,0.0,0.0,0.0,0.0,0.0
2018-11-25 05:45:00-08:00,0.0,0.0,0.0,0.0,0.0
2018-11-25 06:00:00-08:00,0.0,0.0,0.0,0.0,0.0
2018-11-25 06:15:00-08:00,0.0,0.0,0.0,0.0,0.0
2018-11-25 06:30:00-08:00,0.0,0.0,0.0,0.0,0.0
2018-11-25 06:45:00-08:00,0.0,0.0,0.0,0.0,0.0
2018-11-25 07:00:00-08:00,0.0006385848666666,0.1198912,0.595816,0.0,0.32078376
2018-11-25 07:15:00-08:00,0.5469584661333333,1.0005405,1.1950983,0.53302705,0.4794581
2018-11-25 07:30:00-08:00,1.9123458643999998,2.1995454,1.7609721,1.3677145,0.621782
2018-11-25 07:45:00-08:00,3.501088771133334,2.4813404,2.8610506,2.3724256,0.7888547
2018-11-25 08:00:00-08:00,5.1739927411333335,3.4176364,3.9468875,3.5297556,0.87531495
2018-11-25 08:15:00-08:00,7.001893522133334,6.117733,5.621783,4.8949203,0.98042053
2018-11-25 08:30:00-08:00,8.806535376666666,6.0583534,7.035017,6.1806602,1.0902338
2018-11-25 08:45:00-08:00,10.314069067333334,8.653706,8.713841,7.710232,1.1624794
2018-11-25 09:00:00-08:00,11.278070373533334,9.119329,10.311251,9.178273,1.2216387
2018-11-25 09:15:00-08:00,12.694329789333331,11.578649,11.684175,10.629052,1.2173724
2018-11-25 09:30:00-08:00,14.119726688666663,13.184559,13.084806,11.946552,1.224367
2018-11-25 09:45:00-08:00,15.126775266666666,13.863445,14.483019,13.404333,1.2242407
2018-11-25 10:00:00-08:00,15.983499266666662,13.992016,15.295597,14.63239,1.2250086
2018-11-25 10:15:00-08:00,16.795829710000003,17.222258,16.265116,15.656493,1.2068033
2018-11-25 10:30:00-08:00,17.518378566666666,19.507633,17.132095,16.611868,1.1740546
2018-11-25 10:45:00-08:00,18.169963698666667,17.34299,17.451765,17.375698,1.1713152
2018-11-25 11:00:00-08:00,18.54856309933333,18.120749,17.972668,18.060513,1.1881235
2018-11-25 11:15:00-08:00,19.00045868866667,18.3499,18.303167,18.598366,1.1835196
2018-11-25 11:30:00-08:00,19.246195122666663,17.663795,18.735285,19.018505,1.1739689
2018-11-25 11:45:00-08:00,19.344132956666662,18.887175,18.545958,19.251753,1.1658723
2018-11-25 12:00:00-08:00,19.36295138933333,18.464323,18.714214,19.578648,1.1405979
2018-11-25 12:15:00-08:00,19.422456700666668,17.764517,18.621292,19.627262,1.1543064
2018-11-25 12:30:00-08:00,19.202686310666667,17.32702,18.471382,19.62444,1.1409055
2018-11-25 12:45:00-08:00,18.937989434,18.362774,17.84837,19.468863,1.1425326
2018-11-25 13:00:00-08:00,18.619111078,16.615232,17.28558,19.027424,1.1434908
2018-11-25 13:15:00-08:00,18.23872579,18.551609,16.733294,18.55478,1.164085
2018-11-25 13:30:00-08:00,17.318969568,17.633434,16.081356,18.135717,1.1600337
2018-11-25 13:45:00-08:00,17.187016587333332,15.9946575,15.344028,17.525877,1.1874297
2018-11-25 14:00:00-08:00,16.627062700666666,13.855289,14.260217,16.738207,1.22472
2018-11-25 14:15:00-08:00,15.946955188666664,13.09844,13.2038555,15.83292,1.2303946
2018-11-25 14:30:00-08:00,14.767104987333331,13.188414,12.06748,14.78167,1.2649276
2018-11-25 14:45:00-08:00,13.521985811333332,11.911752,10.767897,13.679045,1.256855
2018-11-25 15:00:00-08:00,12.201632443999998,8.480869,9.402049,12.234943,1.2395395
2018-11-25 15:15:00-08:00,10.763711684666664,9.37477,8.060056,10.843238,1.1990745
2018-11-25 15:30:00-08:00,9.0909013834,7.779329,6.535612,9.319028,1.1084881
2018-11-25 15:45:00-08:00,6.913900153266666,4.7695894,4.8991823,7.78796,0.9794791
2018-11-25 16:00:00-08:00,4.636605477733334,3.2172666,3.560089,6.3014846,0.835551
2018-11-25 16:15:00-08:00,1.5618633742666663,1.0660478,2.0931864,4.7915444,0.68013865
2018-11-25 16:30:00-08:00,0.1282579042666666,0.23678985,1.1058631,3.447773,0.5006387
2018-11-25 16:45:00-08:00,0.0,0.3048666,0.2243607,2.23563,0.31957227
2018-11-25 17:00:00-08:00,0.0,0.0,0.0,0.0,0.0
2018-11-25 17:15:00-08:00,0.0,0.0,0.0,0.0,0.0
2018-11-25 17:30:00-08:00,0.0,0.0,0.0,0.0,0.0
2018-11-25 17:45:00-08:00,0.0,0.0,0.0,0.0,0.0
2018-11-25 18:00:00-08:00,0.0,0.0,0.0,0.0,0.0
2018-11-25 18:15:00-08:00,0.0,0.0,0.0,0.0,0.0
2018-11-25 18:30:00-08:00,0.0,0.0,0.0,0.0,0.0
2018-11-25 18:45:00-08:00,0.0,0.0,0.0,0.0,0.0
2018-11-25 19:00:00-08:00,0.0,0.0,0.0,0.0,0.0
2018-11-25 19:15:00-08:00,0.0,0.0,0.0,0.0,0.0
2018-11-25 19:30:00-08:00,0.0,0.0,0.0,0.0,0.0
2018-11-25 19:45:00-08:00,0.0,0.0,0.0,0.0,0.0
2018-11-25 20:00:00-08:00,0.0,0.0,0.0,0.0,0.0
2018-11-25 20:15:00-08:00,0.0,0.0,0.0,0.0,0.0
2018-11-25 20:30:00-08:00,0.0,0.0,0.0,0.0,0.0
2018-11-25 20:45:00-08:00,0.0,0.0,0.0,0.0,0.0
2018-11-25 21:00:00-08:00,0.0,0.0,0.0,0.0,0.0
2018-11-25 21:15:00-08:00,0.0,0.0,0.0,0.0,0.0
2018-11-25 21:30:00-08:00,0.0,0.0,0.0,0.0,0.0
2018-11-25 21:45:00-08:00,0.0,0.0,0.0,0.0,0.0
2018-11-25 22:00:00-08:00,0.0,0.0,0.0,0.0,0.0
2018-11-25 22:15:00-08:00,0.0,0.0,0.0,0.0,0.0
2018-11-25 22:30:00-08:00,0.0,0.0,0.0,0.0,0.0
2018-11-25 22:45:00-08:00,0.0,0.0,0.0,0.0,0.0
2018-11-25 23:00:00-08:00,0.0,0.0,0.0,0.0,0.0
2018-11-25 23:15:00-08:00,0.0,0.0,0.0,0.0,0.0
2018-11-25 23:30:00-08:00,0.0,0.0,0.0,0.0,0.0
2018-11-25 23:45:00-08:00,0.0,0.0,0.0,0.0,0.0
2018-11-26 00:00:00-08:00,0.0,0.0,0.0,0.0,0.0
2018-11-26 00:15:00-08:00,0.0,0.0,0.0,0.0,0.0
2018-11-26 00:30:00-08:00,0.0,0.0,0.0,0.0,0.0
2018-11-26 00:45:00-08:00,0.0,0.0,0.0,0.0,0.0
2018-11-26 01:00:00-08:00,0.0,0.0,0.0,0.0,0.0
2018-11-26 01:15:00-08:00,0.0,0.0,0.0,0.0,0.0
2018-11-26 01:30:00-08:00,0.0,0.0,0.0,0.0,0.0
2018-11-26 01:45:00-08:00,0.0,0.0,0.0,0.0,0.0
2018-11-26 02:00:00-08:00,0.0,0.0,0.0,0.0,0.0
2018-11-26 02:15:00-08:00,0.0,0.0,0.0,0.0,0.0
2018-11-26 02:30:00-08:00,0.0,0.0,0.0,0.0,0.0
2018-11-26 02:45:00-08:00,0.0,0.0,0.0,0.0,0.0
2018-11-26 03:00:00-08:00,0.0,0.0,0.0,0.0,0.0
2018-11-26 03:15:00-08:00,0.0,0.0,0.0,0.0,0.0
2018-11-26 03:30:00-08:00,0.0,0.0,0.0,0.0,0.0
2018-11-26 03:45:00-08:00,0.0,0.0,0.0,0.0,0.0
2018-11-26 04:00:00-08:00,0.0,0.0,0.0,0.0,0.0
2018-11-26 04:15:00-08:00,0.0,0.0,0.0,0.0,0.0
2018-11-26 04:30:00-08:00,0.0,0.0,0.0,0.0,0.0
2018-11-26 04:45:00-08:00,0.0,0.0,0.0,0.0,0.0
2018-11-26 05:00:00-08:00,0.0,0.0,0.0,0.0,0.0
2018-11-26 05:15:00-08:00,0.0,0.0,0.0,0.0,0.0
2018-11-26 05:30:00-08:00,0.0,0.0,0.0,0.0,0.0
2018-11-26 05:45:00-08:00,0.0,0.0,0.0,0.0,0.0
2018-11-26 06:00:00-08:00,0.0,0.0,0.0,0.0,0.0
2018-11-26 06:15:00-08:00,0.0,0.0,0.0,0.0,0.0
2018-11-26 06:30:00-08:00,0.0,0.0,0.0,0.0,0.0
2018-11-26 06:45:00-08:00,0.0,0.0,0.0,0.0,0.0
2018-11-26 07:00:00-08:00,0.0207795853999999,0.21897334,0.031907067,0.0,0.3169844
2018-11-26 07:15:00-08:00,0.8512167241333334,1.0934057,0.3595479,0.13102776,0.45878953
2018-11-26 07:30:00-08:00,2.5055548112,1.7134459,0.63969064,0.76772743,0.584221
2018-11-26 07:45:00-08:00,3.2243503866666665,1.6470585,1.3156501,1.5736796,0.7374912
2018-11-26 08:00:00-08:00,4.918588324533334,4.1602073,2.0741622,2.5513682,0.81492543
2018-11-26 08:15:00-08:00,4.524314708866666,5.9982944,3.3430939,3.7531133,0.91087556
2018-11-26 08:30:00-08:00,5.1774502854,5.6872473,4.4429245,4.946405,1.0146995
2018-11-26 08:45:00-08:00,10.134452004733332,8.19264,5.7857256,6.377602,1.081471
2018-11-26 09:00:00-08:00,10.636468828,8.315456,7.1755905,7.770212,1.1380064
2018-11-26 09:15:00-08:00,10.383921573533334,9.873035,8.407461,9.207935,1.1358244
2018-11-26 09:30:00-08:00,11.930871843066669,10.079712,9.811485,10.515236,1.1420249
2018-11-26 09:45:00-08:00,10.209276396266668,10.440689,11.306131,11.987602,1.1373053
2018-11-26 10:00:00-08:00,10.959482246266669,12.800549,12.281868,13.251106,1.1382958
2018-11-26 10:15:00-08:00,17.057638578,12.994661,13.529499,14.330784,1.1190109
2018-11-26 10:30:00-08:00,17.250832189333334,16.74788,14.66531,15.363188,1.0854715
2018-11-26 10:45:00-08:00,17.448986121999997,16.668865,15.40006,16.234026,1.0812044
2018-11-26 11:00:00-08:00,16.703921377333334,17.86266,16.269377,17.017975,1.0968539
2018-11-26 11:15:00-08:00,10.59378998,16.692093,16.946161,17.647064,1.0918913
2018-11-26 11:30:00-08:00,14.295092187999998,17.07198,17.625208,18.168789,1.0860578
2018-11-26 11:45:00-08:00,19.493007401333333,17.80702,17.641453,18.513443,1.0798885
2018-11-26 12:00:00-08:00,8.198764708,18.037384,17.90295,18.917595,1.0562251
2018-11-26 12:15:00-08:00,17.1832115138,17.052887,17.897215,19.05904,1.0688772
2018-11-26 12:30:00-08:00,15.049328961999999,16.215229,17.70292,19.136059,1.0569944
2018-11-26 12:45:00-08:00,17.0857678278,17.25366,17.102573,19.075142,1.0568597
2018-11-26 13:00:00-08:00,17.769198167333332,16.700918,16.442146,18.719763,1.0574676
2018-11-26 13:15:00-08:00,13.946091514,16.611176,15.798304,18.314497,1.0760498
2018-11-26 13:30:00-08:00,12.020306692866669,16.298935,15.115942,17.958965,1.0693007
2018-11-26 13:45:00-08:00,7.010733420266666,15.35298,14.3178005,17.409405,1.0951426
2018-11-26 14:00:00-08:00,5.701095916533333,14.118803,13.25316,16.673462,1.1317029
2018-11-26 14:15:00-08:00,4.0333088766000005,13.092144,12.18423,15.831905,1.1398987
2018-11-26 14:30:00-08:00,6.585445681133333,11.096195,11.020682,14.875182,1.1724805
2018-11-26 14:45:00-08:00,7.588715932266666,10.809107,9.692621,13.851223,1.1655647
2018-11-26 15:00:00-08:00,6.1330798143999985,7.9320507,8.379597,12.478578,1.1535057
2018-11-26 15:15:00-08:00,2.1058610066666668,8.848644,7.0726767,11.16194,1.1198254
2018-11-26 15:30:00-08:00,3.5353471588666667,7.1726313,5.5847783,9.720505,1.0360541
2018-11-26 15:45:00-08:00,2.1176778478,4.3736763,4.114505,8.264727,0.9160926
2018-11-26 16:00:00-08:00,0.8471387957333332,3.1647553,2.8433537,6.821032,0.7799789
2018-11-26 16:15:00-08:00,0.19958356713333317,0.49611562,1.5276408,5.355381,0.6320567
2018-11-26 16:30:00-08:00,0.0,0.0,0.69593245,4.016115,0.4558375
2018-11-26 16:45:00-08:00,0.0,0.0,0.0247914,2.8176763,0.28028247
2018-11-26 17:00:00-08:00,0.0,0.0,0.0,0.0,0.0
2018-11-26 17:15:00-08:00,0.0,0.0,0.0,0.0,0.0
2018-11-26 17:30:00-08:00,0.0,0.0,0.0,0.0,0.0
2018-11-26 17:45:00-08:00,0.0,0.0,0.0,0.0,0.0
2018-11-26 18:00:00-08:00,0.0,0.0,0.0,0.0,0.0
2018-11-26 18:15:00-08:00,0.0,0.0,0.0,0.0,0.0
2018-11-26 18:30:00-08:00,0.0,0.0,0.0,0.0,0.0
2018-11-26 18:45:00-08:00,0.0,0.0,0.0,0.0,0.0
2018-11-26 19:00:00-08:00,0.0,0.0,0.0,0.0,0.0
2018-11-26 19:15:00-08:00,0.0,0.0,0.0,0.0,0.0
2018-11-26 19:30:00-08:00,0.0,0.0,0.0,0.0,0.0
2018-11-26 19:45:00-08:00,0.0,0.0,0.0,0.0,0.0
2018-11-26 20:00:00-08:00,0.0,0.0,0.0,0.0,0.0
2018-11-26 20:15:00-08:00,0.0,0.0,0.0,0.0,0.0
2018-11-26 20:30:00-08:00,0.0,0.0,0.0,0.0,0.0
2018-11-26 20:45:00-08:00,0.0,0.0,0.0,0.0,0.0
2018-11-26 21:00:00-08:00,0.0,0.0,0.0,0.0,0.0
2018-11-26 21:15:00-08:00,0.0,0.0,0.0,0.0,0.0
2018-11-26 21:30:00-08:00,0.0,0.0,0.0,0.0,0.0
2018-11-26 21:45:00-08:00,0.0,0.0,0.0,0.0,0.0
2018-11-26 22:00:00-08:00,0.0,0.0,0.0,0.0,0.0
2018-11-26 22:15:00-08:00,0.0,0.0,0.0,0.0,0.0
2018-11-26 22:30:00-08:00,0.0,0.0,0.0,0.0,0.0
2018-11-26 22:45:00-08:00,0.0,0.0,0.0,0.0,0.0
2018-11-26 23:00:00-08:00,0.0,0.0,0.0,0.0,0.0
2018-11-26 23:15:00-08:00,0.0,0.0,0.0,0.0,0.0
2018-11-26 23:30:00-08:00,0.0,0.0,0.0,0.0,0.0
2018-11-26 23:45:00-08:00,0.0,0.0,0.0,0.0,0.0
2018-11-27 00:00:00-08:00,0.0,0.0,0.0,0.0,0.0
2018-11-27 00:15:00-08:00,0.0,0.0,0.0,0.0,0.0
2018-11-27 00:30:00-08:00,0.0,0.0,0.0,0.0,0.0
2018-11-27 00:45:00-08:00,0.0,0.0,0.0,0.0,0.0
2018-11-27 01:00:00-08:00,0.0,0.0,0.0,0.0,0.0
2018-11-27 01:15:00-08:00,0.0,0.0,0.0,0.0,0.0
2018-11-27 01:30:00-08:00,0.0,0.0,0.0,0.0,0.0
2018-11-27 01:45:00-08:00,0.0,0.0,0.0,0.0,0.0
2018-11-27 02:00:00-08:00,0.0,0.0,0.0,0.0,0.0
2018-11-27 02:15:00-08:00,0.0,0.0,0.0,0.0,0.0
2018-11-27 02:30:00-08:00,0.0,0.0,0.0,0.0,0.0
2018-11-27 02:45:00-08:00,0.0,0.0,0.0,0.0,0.0
2018-11-27 03:00:00-08:00,0.0,0.0,0.0,0.0,0.0
2018-11-27 03:15:00-08:00,0.0,0.0,0.0,0.0,0.0
2018-11-27 03:30:00-08:00,0.0,0.0,0.0,0.0,0.0
2018-11-27 03:45:00-08:00,0.0,0.0,0.0,0.0,0.0
2018-11-27 04:00:00-08:00,0.0,0.0,0.0,0.0,0.0
2018-11-27 04:15:00-08:00,0.0,0.0,0.0,0.0,0.0
2018-11-27 04:30:00-08:00,0.0,0.0,0.0,0.0,0.0
2018-11-27 04:45:00-08:00,0.0,0.0,0.0,0.0,0.0
2018-11-27 05:00:00-08:00,0.0,0.0,0.0,0.0,0.0
2018-11-27 05:15:00-08:00,0.0,0.0,0.0,0.0,0.0
2018-11-27 05:30:00-08:00,0.0,0.0,0.0,0.0,0.0
2018-11-27 05:45:00-08:00,0.0,0.0,0.0,0.0,0.0
2018-11-27 06:00:00-08:00,0.0,0.0,0.0,0.0,0.0
2018-11-27 06:15:00-08:00,0.0,0.0,0.0,0.0,0.0
2018-11-27 06:30:00-08:00,0.0,0.0,0.0,0.0,0.0
2018-11-27 06:45:00-08:00,0.0,0.0,0.0,0.0,0.0
2018-11-27 07:00:00-08:00,0.05204098199999999,0.0668601,0.19296929,0.917277,0.11474763
2018-11-27 07:15:00-08:00,0.1544608486666666,0.5778455,0.5639553,1.1466885,0.17569757
2018-11-27 07:30:00-08:00,0.46246149993333313,0.37612665,1.0289624,1.452707,0.20595247
2018-11-27 07:45:00-08:00,0.947610339,0.7515936,1.6449776,1.6992991,0.25931025
2018-11-27 08:00:00-08:00,1.2848549699333331,0.31736588,2.1928897,2.00906,0.27324852
2018-11-27 08:15:00-08:00,1.9283578266666666,1.1295998,3.0064034,2.3113487,0.31010014
2018-11-27 08:30:00-08:00,3.5914552443333334,1.6873723,3.6462836,2.6700845,0.34907565
2018-11-27 08:45:00-08:00,4.477107567866667,3.1102524,4.193122,2.9489622,0.3697559
2018-11-27 09:00:00-08:00,4.073582332133333,1.386486,4.7726855,3.1214118,0.3904804
2018-11-27 09:15:00-08:00,3.362795361133333,3.2537627,5.075132,3.4484453,0.39705196
2018-11-27 09:30:00-08:00,1.9283210555999997,3.0870895,5.380372,3.6847887,0.39945754
2018-11-27 09:45:00-08:00,1.2432346623333337,5.1303368,5.5047135,3.9190807,0.3994285
2018-11-27 10:00:00-08:00,1.9279721755333332,5.84643,5.3788133,4.235034,0.39415443
2018-11-27 10:15:00-08:00,3.8020418744666657,8.52026,5.3673897,4.456892,0.38472497
2018-11-27 10:30:00-08:00,5.789707531066667,5.5852704,5.2398906,4.8207054,0.3675536
2018-11-27 10:45:00-08:00,3.972458697733333,5.82336,5.100687,5.0542917,0.3678917
2018-11-27 11:00:00-08:00,3.8098337233333335,9.15884,5.1359158,5.2240953,0.36988518
2018-11-27 11:15:00-08:00,3.5530922867999997,10.591331,4.9444194,5.316824,0.36400586
2018-11-27 11:30:00-08:00,3.4929929001333337,6.07681,4.981501,5.301457,0.36644608
2018-11-27 11:45:00-08:00,4.6083809934,8.16736,4.7685122,5.3609037,0.3688317
2018-11-27 12:00:00-08:00,3.0456891178666665,10.787445,4.598819,5.2326674,0.35793427
2018-11-27 12:15:00-08:00,2.496426221133333,8.564574,4.4725027,5.0878143,0.35408756
2018-11-27 12:30:00-08:00,3.0301343934,8.227291,4.289777,4.9023995,0.33490255
2018-11-27 12:45:00-08:00,4.574685511133333,6.692432,4.032642,4.787229,0.32310742
2018-11-27 13:00:00-08:00,8.073644730066666,6.0879292,3.6146593,4.4811163,0.31272608
2018-11-27 13:15:00-08:00,6.9741062733999994,5.135555,3.3134394,4.25728,0.29212195
2018-11-27 13:30:00-08:00,3.4862421245333333,5.20741,2.9262104,4.0562134,0.26761723
2018-11-27 13:45:00-08:00,2.3472330866666664,6.326381,2.4392147,3.7926702,0.26882142
2018-11-27 14:00:00-08:00,3.156639751133333,5.9336295,1.9825426,3.4379663,0.25402534
2018-11-27 14:15:00-08:00,0.5868339610000001,3.8826904,1.5871806,3.055193,0.25347131
2018-11-27 14:30:00-08:00,1.0696618249333334,3.4621818,1.1365304,2.7034016,0.24868347
2018-11-27 14:45:00-08:00,1.2111905544666668,4.4387984,0.7075784,2.2316163,0.2453734
2018-11-27 15:00:00-08:00,1.5724034689333333,2.3215313,0.44201106,1.7565591,0.24408518
2018-11-27 15:15:00-08:00,1.4996027944,1.3283336,0.29538006,1.4069248,0.23786661
2018-11-27 15:30:00-08:00,0.7222178835333334,1.0769385,0.109922394,1.1353382,0.19496527
2018-11-27 15:45:00-08:00,0.10662697859999988,1.8604171,0.032100845,0.7647702,0.15410794
2018-11-27 16:00:00-08:00,0.0,0.0,0.027724039,0.6057706,0.1240363
2018-11-27 16:15:00-08:00,0.0,0.0,0.045880247,0.33356932,0.10469641
2018-11-27 16:30:00-08:00,0.0,0.0,0.08109067,0.2013031,0.07798004
2018-11-27 16:45:00-08:00,0.0,0.0,0.09157339,0.20029646,0.06708195
2018-11-27 17:00:00-08:00,0.0,0.0,0.0,0.0,0.0
2018-11-27 17:15:00-08:00,0.0,0.0,0.0,0.0,0.0
2018-11-27 17:30:00-08:00,0.0,0.0,0.0,0.0,0.0
2018-11-27 17:45:00-08:00,0.0,0.0,0.0,0.0,0.0
2018-11-27 18:00:00-08:00,0.0,0.0,0.0,0.0,0.0
2018-11-27 18:15:00-08:00,0.0,0.0,0.0,0.0,0.0
2018-11-27 18:30:00-08:00,0.0,0.0,0.0,0.0,0.0
2018-11-27 18:45:00-08:00,0.0,0.0,0.0,0.0,0.0
2018-11-27 19:00:00-08:00,0.0,0.0,0.0,0.0,0.0
2018-11-27 19:15:00-08:00,0.0,0.0,0.0,0.0,0.0
2018-11-27 19:30:00-08:00,0.0,0.0,0.0,0.0,0.0
2018-11-27 19:45:00-08:00,0.0,0.0,0.0,0.0,0.0
2018-11-27 20:00:00-08:00,0.0,0.0,0.0,0.0,0.0
2018-11-27 20:15:00-08:00,0.0,0.0,0.0,0.0,0.0
2018-11-27 20:30:00-08:00,0.0,0.0,0.0,0.0,0.0
2018-11-27 20:45:00-08:00,0.0,0.0,0.0,0.0,0.0
2018-11-27 21:00:00-08:00,0.0,0.0,0.0,0.0,0.0
2018-11-27 21:15:00-08:00,0.0,0.0,0.0,0.0,0.0
2018-11-27 21:30:00-08:00,0.0,0.0,0.0,0.0,0.0
2018-11-27 21:45:00-08:00,0.0,0.0,0.0,0.0,0.0
2018-11-27 22:00:00-08:00,0.0,0.0,0.0,0.0,0.0
2018-11-27 22:15:00-08:00,0.0,0.0,0.0,0.0,0.0
2018-11-27 22:30:00-08:00,0.0,0.0,0.0,0.0,0.0
2018-11-27 22:45:00-08:00,0.0,0.0,0.0,0.0,0.0
2018-11-27 23:00:00-08:00,0.0,0.0,0.0,0.0,0.0
2018-11-27 23:15:00-08:00,0.0,0.0,0.0,0.0,0.0
2018-11-27 23:30:00-08:00,0.0,0.0,0.0,0.0,0.0
2018-11-27 23:45:00-08:00,0.0,0.0,0.0,0.0,0.0
2018-11-28 00:00:00-08:00,0.0,0.0,0.0,0.0,0.0
2018-11-28 00:15:00-08:00,0.0,0.0,0.0,0.0,0.0
2018-11-28 00:30:00-08:00,0.0,0.0,0.0,0.0,0.0
2018-11-28 00:45:00-08:00,0.0,0.0,0.0,0.0,0.0
2018-11-28 01:00:00-08:00,0.0,0.0,0.0,0.0,0.0
2018-11-28 01:15:00-08:00,0.0,0.0,0.0,0.0,0.0
2018-11-28 01:30:00-08:00,0.0,0.0,0.0,0.0,0.0
2018-11-28 01:45:00-08:00,0.0,0.0,0.0,0.0,0.0
2018-11-28 02:00:00-08:00,0.0,0.0,0.0,0.0,0.0
2018-11-28 02:15:00-08:00,0.0,0.0,0.0,0.0,0.0
2018-11-28 02:30:00-08:00,0.0,0.0,0.0,0.0,0.0
2018-11-28 02:45:00-08:00,0.0,0.0,0.0,0.0,0.0
2018-11-28 03:00:00-08:00,0.0,0.0,0.0,0.0,0.0
2018-11-28 03:15:00-08:00,0.0,0.0,0.0,0.0,0.0
2018-11-28 03:30:00-08:00,0.0,0.0,0.0,0.0,0.0
2018-11-28 03:45:00-08:00,0.0,0.0,0.0,0.0,0.0
2018-11-28 04:00:00-08:00,0.0,0.0,0.0,0.0,0.0
2018-11-28 04:15:00-08:00,0.0,0.0,0.0,0.0,0.0
2018-11-28 04:30:00-08:00,0.0,0.0,0.0,0.0,0.0
2018-11-28 04:45:00-08:00,0.0,0.0,0.0,0.0,0.0
2018-11-28 05:00:00-08:00,0.0,0.0,0.0,0.0,0.0
2018-11-28 05:15:00-08:00,0.0,0.0,0.0,0.0,0.0
2018-11-28 05:30:00-08:00,0.0,0.0,0.0,0.0,0.0
2018-11-28 05:45:00-08:00,0.0,0.0,0.0,0.0,0.0
2018-11-28 06:00:00-08:00,0.0,0.0,0.0,0.0,0.0
2018-11-28 06:15:00-08:00,0.0,0.0,0.0,0.0,0.0
2018-11-28 06:30:00-08:00,0.0,0.0,0.0,0.0,0.0
2018-11-28 06:45:00-08:00,0.0,0.0,0.0,0.0,0.0
2018-11-28 07:00:00-08:00,0.0,0.109221995,0.21325597,0.46105376,0.113335475
2018-11-28 07:15:00-08:00,0.0,0.2609969,0.07746696,0.8671838,0.13083515
2018-11-28 07:30:00-08:00,0.0,0.6917995,0.11119938,1.3167596,0.14797561
2018-11-28 07:45:00-08:00,0.11227809419999989,3.3016255,0.06219226,1.9695661,0.18435702
2018-11-28 08:00:00-08:00,0.9644175754,1.7772691,0.0,2.690892,0.19780412
2018-11-28 08:15:00-08:00,1.1129042782666667,2.7560701,0.0,3.4939036,0.24172407
2018-11-28 08:30:00-08:00,1.2080479468,4.603907,0.0,4.201652,0.29372695
2018-11-28 08:45:00-08:00,1.1409260971333337,3.6477513,0.0,5.15145,0.33459425
2018-11-28 09:00:00-08:00,3.062389060066666,6.3274355,0.0,5.945303,0.3654821
2018-11-28 09:15:00-08:00,3.094624731133333,5.710211,0.0,6.7813153,0.38655144
2018-11-28 09:30:00-08:00,2.910556065733333,2.9999542,0.0,7.4800344,0.39890838
2018-11-28 09:45:00-08:00,1.9361922301333325,5.80663,0.0,8.289757,0.41433585
2018-11-28 10:00:00-08:00,1.3344025087333335,7.1020303,0.0,8.959206,0.433483
2018-11-28 10:15:00-08:00,3.057295712266667,10.005262,0.46574512,9.450414,0.43697017
2018-11-28 10:30:00-08:00,4.327681291066667,8.695359,1.0331277,10.039402,0.43217862
2018-11-28 10:45:00-08:00,5.2789759997333325,8.75468,1.5342281,10.369656,0.4352418
2018-11-28 11:00:00-08:00,9.307989223533331,12.0565815,2.3613372,10.751264,0.4441595
2018-11-28 11:15:00-08:00,7.892171832933332,8.878114,3.2918625,10.8388405,0.4365691
2018-11-28 11:30:00-08:00,11.271265053133334,16.474384,4.549555,10.916414,0.44580698
2018-11-28 11:45:00-08:00,17.483174416666667,13.668448,5.3186216,10.973752,0.45148328
2018-11-28 12:00:00-08:00,9.26942243,12.184246,6.31393,10.7067375,0.4340031
2018-11-28 12:15:00-08:00,8.265026599733334,8.61825,6.8257666,10.370542,0.43142146
2018-11-28 12:30:00-08:00,8.176563690666667,13.687777,7.483905,10.082475,0.41140538
2018-11-28 12:45:00-08:00,5.4853886112,11.038207,7.1965837,9.465264,0.40496573
2018-11-28 13:00:00-08:00,6.171397945533332,14.058424,6.935725,8.827289,0.39028746
2018-11-28 13:15:00-08:00,5.5388914478,13.521399,6.5384817,8.024322,0.37917435
2018-11-28 13:30:00-08:00,3.3967027665333336,12.844943,5.811148,7.2164526,0.3619631
2018-11-28 13:45:00-08:00,3.8187387598666667,10.478635,5.066386,6.3979177,0.35509002
2018-11-28 14:00:00-08:00,2.75563462,11.010374,4.420132,5.4204464,0.3433677
2018-11-28 14:15:00-08:00,2.4858825478666664,6.384426,3.8123674,4.501865,0.33330858
2018-11-28 14:30:00-08:00,2.3903553733333336,7.4646997,2.9358096,3.6864767,0.3306841
2018-11-28 14:45:00-08:00,2.2528282144666667,4.3945417,2.6023295,2.7649603,0.33762425
2018-11-28 15:00:00-08:00,2.2907019954666663,7.881107,2.2514367,1.9364817,0.33586997
2018-11-28 15:15:00-08:00,2.3623192044,9.147421,2.4829412,1.1762364,0.3318389
2018-11-28 15:30:00-08:00,1.3859273187333334,4.30748,2.3632364,0.61804926,0.30080548
2018-11-28 15:45:00-08:00,0.0767622467333332,3.5504618,2.5047338,0.0923194,0.2608851
2018-11-28 16:00:00-08:00,0.0600006122,1.3596394,2.7593827,0.0,0.21879776
2018-11-28 16:15:00-08:00,0.0916487617333333,2.782426,2.735227,0.0,0.18075058
2018-11-28 16:30:00-08:00,0.0,0.0,2.779389,0.0,0.12731335
2018-11-28 16:45:00-08:00,0.0,0.6656523,2.6417918,0.0,0.088373974
2018-11-28 17:00:00-08:00,0.0,0.0,0.0,0.0,0.0
2018-11-28 17:15:00-08:00,0.0,0.0,0.0,0.0,0.0
2018-11-28 17:30:00-08:00,0.0,0.0,0.0,0.0,0.0
2018-11-28 17:45:00-08:00,0.0,0.0,0.0,0.0,0.0
2018-11-28 18:00:00-08:00,0.0,0.0,0.0,0.0,0.0
2018-11-28 18:15:00-08:00,0.0,0.0,0.0,0.0,0.0
2018-11-28 18:30:00-08:00,0.0,0.0,0.0,0.0,0.0
2018-11-28 18:45:00-08:00,0.0,0.0,0.0,0.0,0.0
2018-11-28 19:00:00-08:00,0.0,0.0,0.0,0.0,0.0
2018-11-28 19:15:00-08:00,0.0,0.0,0.0,0.0,0.0
2018-11-28 19:30:00-08:00,0.0,0.0,0.0,0.0,0.0
2018-11-28 19:45:00-08:00,0.0,0.0,0.0,0.0,0.0
2018-11-28 20:00:00-08:00,0.0,0.0,0.0,0.0,0.0
2018-11-28 20:15:00-08:00,0.0,0.0,0.0,0.0,0.0
2018-11-28 20:30:00-08:00,0.0,0.0,0.0,0.0,0.0
2018-11-28 20:45:00-08:00,0.0,0.0,0.0,0.0,0.0
2018-11-28 21:00:00-08:00,0.0,0.0,0.0,0.0,0.0
2018-11-28 21:15:00-08:00,0.0,0.0,0.0,0.0,0.0
2018-11-28 21:30:00-08:00,0.0,0.0,0.0,0.0,0.0
2018-11-28 21:45:00-08:00,0.0,0.0,0.0,0.0,0.0
2018-11-28 22:00:00-08:00,0.0,0.0,0.0,0.0,0.0
2018-11-28 22:15:00-08:00,0.0,0.0,0.0,0.0,0.0
2018-11-28 22:30:00-08:00,0.0,0.0,0.0,0.0,0.0
2018-11-28 22:45:00-08:00,0.0,0.0,0.0,0.0,0.0
2018-11-28 23:00:00-08:00,0.0,0.0,0.0,0.0,0.0
2018-11-28 23:15:00-08:00,0.0,0.0,0.0,0.0,0.0
2018-11-28 23:30:00-08:00,0.0,0.0,0.0,0.0,0.0
2018-11-28 23:45:00-08:00,0.0,0.0,0.0,0.0,0.0
2018-11-29 00:00:00-08:00,0.0,0.0,0.0,0.0,0.0
2018-11-29 00:15:00-08:00,0.0,0.0,0.0,0.0,0.0
2018-11-29 00:30:00-08:00,0.0,0.0,0.0,0.0,0.0
2018-11-29 00:45:00-08:00,0.0,0.0,0.0,0.0,0.0
2018-11-29 01:00:00-08:00,0.0,0.0,0.0,0.0,0.0
2018-11-29 01:15:00-08:00,0.0,0.0,0.0,0.0,0.0
2018-11-29 01:30:00-08:00,0.0,0.0,0.0,0.0,0.0
2018-11-29 01:45:00-08:00,0.0,0.0,0.0,0.0,0.0
2018-11-29 02:00:00-08:00,0.0,0.0,0.0,0.0,0.0
2018-11-29 02:15:00-08:00,0.0,0.0,0.0,0.0,0.0
2018-11-29 02:30:00-08:00,0.0,0.0,0.0,0.0,0.0
2018-11-29 02:45:00-08:00,0.0,0.0,0.0,0.0,0.0
2018-11-29 03:00:00-08:00,0.0,0.0,0.0,0.0,0.0
2018-11-29 03:15:00-08:00,0.0,0.0,0.0,0.0,0.0
2018-11-29 03:30:00-08:00,0.0,0.0,0.0,0.0,0.0
2018-11-29 03:45:00-08:00,0.0,0.0,0.0,0.0,0.0
2018-11-29 04:00:00-08:00,0.0,0.0,0.0,0.0,0.0
2018-11-29 04:15:00-08:00,0.0,0.0,0.0,0.0,0.0
2018-11-29 04:30:00-08:00,0.0,0.0,0.0,0.0,0.0
2018-11-29 04:45:00-08:00,0.0,0.0,0.0,0.0,0.0
2018-11-29 05:00:00-08:00,0.0,0.0,0.0,0.0,0.0
2018-11-29 05:15:00-08:00,0.0,0.0,0.0,0.0,0.0
2018-11-29 05:30:00-08:00,0.0,0.0,0.0,0.0,0.0
2018-11-29 05:45:00-08:00,0.0,0.0,0.0,0.0,0.0
2018-11-29 06:00:00-08:00,0.0,0.0,0.0,0.0,0.0
2018-11-29 06:15:00-08:00,0.0,0.0,0.0,0.0,0.0
2018-11-29 06:30:00-08:00,0.0,0.0,0.0,0.0,0.0
2018-11-29 06:45:00-08:00,0.0,0.0,0.0,0.0,0.0
2018-11-29 07:00:00-08:00,0.0,0.0,0.9661855,0.0,0.08789341
2018-11-29 07:15:00-08:00,0.0,0.6745842,0.9204705,0.038499333,0.104297854
2018-11-29 07:30:00-08:00,0.0,0.49518836,0.6919783,0.19969954,0.095827
2018-11-29 07:45:00-08:00,0.0093213038666666,1.0546396,0.5135981,0.42210507,0.09695166
2018-11-29 08:00:00-08:00,0.1033235382666666,1.6653547,0.43717885,0.7199824,0.08354734
2018-11-29 08:15:00-08:00,0.05304947879999989,1.1223243,0.40440533,1.2376347,0.08676039
2018-11-29 08:30:00-08:00,0.0690259668666666,1.5832963,0.044029936,1.6689005,0.09583472
2018-11-29 08:45:00-08:00,0.0572010424666666,0.46573746,0.0,2.3596191,0.09847328
2018-11-29 09:00:00-08:00,3.213782248133333,0.093299985,0.0,3.0015142,0.10249302
2018-11-29 09:15:00-08:00,2.6842737277333337,4.869933,0.0,3.7212253,0.10590816
2018-11-29 09:30:00-08:00,3.504173645466666,1.7583184,0.0,4.4886885,0.1084798
2018-11-29 09:45:00-08:00,1.0813016144666667,3.244247,0.0,5.3593316,0.11899763
2018-11-29 10:00:00-08:00,2.1702976012,3.3746917,0.00800759,6.107811,0.12637985
2018-11-29 10:15:00-08:00,1.6087903788666666,7.211397,0.48680627,6.7495694,0.13338274
2018-11-29 10:30:00-08:00,0.4300007688666666,8.428532,0.94805014,7.5932274,0.13058159
2018-11-29 10:45:00-08:00,1.3787885744666666,5.5524406,1.4528478,8.290084,0.13722104
2018-11-29 11:00:00-08:00,2.2601320944666665,5.995595,2.3378325,9.123833,0.1466342
2018-11-29 11:15:00-08:00,0.7893761416,8.598467,3.307373,9.741142,0.13823962
2018-11-29 11:30:00-08:00,0.2309026461333333,7.246579,4.0828724,10.348232,0.14728402
2018-11-29 11:45:00-08:00,6.3775261938000005,7.8192196,4.8141575,10.943937,0.1664744
2018-11-29 12:00:00-08:00,4.757219582266667,5.990908,5.727186,11.444844,0.1659483
2018-11-29 12:15:00-08:00,2.36910758,8.37319,6.4840064,11.729351,0.17317927
2018-11-29 12:30:00-08:00,2.987627476666667,8.488024,7.0244164,11.993868,0.17291811
2018-11-29 12:45:00-08:00,2.8870718887333333,7.1640415,7.4339457,12.04649,0.17865369
2018-11-29 13:00:00-08:00,4.3053597478666665,7.5658336,7.583438,11.923643,0.17551766
2018-11-29 13:15:00-08:00,5.7552188876666674,6.3986177,7.6052,11.642608,0.17280114
2018-11-29 13:30:00-08:00,13.154289640266668,7.0825624,7.49833,11.405487,0.16747817
2018-11-29 13:45:00-08:00,17.185513265333334,4.823063,7.245711,11.048328,0.1630721
2018-11-29 14:00:00-08:00,14.2810150942,6.7807946,6.8561397,10.503508,0.15645838
2018-11-29 14:15:00-08:00,5.417672370199999,6.372843,6.111846,9.969494,0.15929517
2018-11-29 14:30:00-08:00,2.8729542222,6.66882,5.4680004,9.391765,0.15771163
2018-11-29 14:45:00-08:00,6.757494352199999,5.5662866,4.6858287,8.750046,0.1667183
2018-11-29 15:00:00-08:00,3.1937154358,7.277748,4.026335,7.9575605,0.16919646
2018-11-29 15:15:00-08:00,4.934721617666667,4.4589405,3.1551783,7.21797,0.18042627
2018-11-29 15:30:00-08:00,1.3805086442,2.9861917,2.377434,6.400282,0.15418139
2018-11-29 15:45:00-08:00,1.153273607,1.9040661,1.5760412,5.564775,0.13520683
2018-11-29 16:00:00-08:00,0.4795490825333333,0.4115653,1.0602906,4.7729363,0.11655091
2018-11-29 16:15:00-08:00,0.0,0.2571011,0.4045934,3.9250154,0.10107603
2018-11-29 16:30:00-08:00,0.013886385533333299,0.2921647,0.02648982,3.1138701,0.0733322
2018-11-29 16:45:00-08:00,0.0,0.0,0.0,2.3571217,0.059010603
2018-11-29 17:00:00-08:00,0.0,0.0,0.0,0.0,0.0
2018-11-29 17:15:00-08:00,0.0,0.0,0.0,0.0,0.0
2018-11-29 17:30:00-08:00,0.0,0.0,0.0,0.0,0.0
2018-11-29 17:45:00-08:00,0.0,0.0,0.0,0.0,0.0
2018-11-29 18:00:00-08:00,0.0,0.0,0.0,0.0,0.0
2018-11-29 18:15:00-08:00,0.0,0.0,0.0,0.0,0.0
2018-11-29 18:30:00-08:00,0.0,0.0,0.0,0.0,0.0
2018-11-29 18:45:00-08:00,0.0,0.0,0.0,0.0,0.0
2018-11-29 19:00:00-08:00,0.0,0.0,0.0,0.0,0.0
2018-11-29 19:15:00-08:00,0.0,0.0,0.0,0.0,0.0
2018-11-29 19:30:00-08:00,0.0,0.0,0.0,0.0,0.0
2018-11-29 19:45:00-08:00,0.0,0.0,0.0,0.0,0.0
2018-11-29 20:00:00-08:00,0.0,0.0,0.0,0.0,0.0
2018-11-29 20:15:00-08:00,0.0,0.0,0.0,0.0,0.0
2018-11-29 20:30:00-08:00,0.0,0.0,0.0,0.0,0.0
2018-11-29 20:45:00-08:00,0.0,0.0,0.0,0.0,0.0
2018-11-29 21:00:00-08:00,0.0,0.0,0.0,0.0,0.0
2018-11-29 21:15:00-08:00,0.0,0.0,0.0,0.0,0.0
2018-11-29 21:30:00-08:00,0.0,0.0,0.0,0.0,0.0
2018-11-29 21:45:00-08:00,0.0,0.0,0.0,0.0,0.0
2018-11-29 22:00:00-08:00,0.0,0.0,0.0,0.0,0.0
2018-11-29 22:15:00-08:00,0.0,0.0,0.0,0.0,0.0
2018-11-29 22:30:00-08:00,0.0,0.0,0.0,0.0,0.0
2018-11-29 22:45:00-08:00,0.0,0.0,0.0,0.0,0.0
2018-11-29 23:00:00-08:00,0.0,0.0,0.0,0.0,0.0
2018-11-29 23:15:00-08:00,0.0,0.0,0.0,0.0,0.0
2018-11-29 23:30:00-08:00,0.0,0.0,0.0,0.0,0.0
2018-11-29 23:45:00-08:00,0.0,0.0,0.0,0.0,0.0
2018-11-30 00:00:00-08:00,0.0,0.0,0.0,0.0,0.0
2018-11-30 00:15:00-08:00,0.0,0.0,0.0,0.0,0.0
2018-11-30 00:30:00-08:00,0.0,0.0,0.0,0.0,0.0
2018-11-30 00:45:00-08:00,0.0,0.0,0.0,0.0,0.0
2018-11-30 01:00:00-08:00,0.0,0.0,0.0,0.0,0.0
2018-11-30 01:15:00-08:00,0.0,0.0,0.0,0.0,0.0
2018-11-30 01:30:00-08:00,0.0,0.0,0.0,0.0,0.0
2018-11-30 01:45:00-08:00,0.0,0.0,0.0,0.0,0.0
2018-11-30 02:00:00-08:00,0.0,0.0,0.0,0.0,0.0
2018-11-30 02:15:00-08:00,0.0,0.0,0.0,0.0,0.0
2018-11-30 02:30:00-08:00,0.0,0.0,0.0,0.0,0.0
2018-11-30 02:45:00-08:00,0.0,0.0,0.0,0.0,0.0
2018-11-30 03:00:00-08:00,0.0,0.0,0.0,0.0,0.0
2018-11-30 03:15:00-08:00,0.0,0.0,0.0,0.0,0.0
2018-11-30 03:30:00-08:00,0.0,0.0,0.0,0.0,0.0
2018-11-30 03:45:00-08:00,0.0,0.0,0.0,0.0,0.0
2018-11-30 04:00:00-08:00,0.0,0.0,0.0,0.0,0.0
2018-11-30 04:15:00-08:00,0.0,0.0,0.0,0.0,0.0
2018-11-30 04:30:00-08:00,0.0,0.0,0.0,0.0,0.0
2018-11-30 04:45:00-08:00,0.0,0.0,0.0,0.0,0.0
2018-11-30 05:00:00-08:00,0.0,0.0,0.0,0.0,0.0
2018-11-30 05:15:00-08:00,0.0,0.0,0.0,0.0,0.0
2018-11-30 05:30:00-08:00,0.0,0.0,0.0,0.0,0.0
2018-11-30 05:45:00-08:00,0.0,0.0,0.0,0.0,0.0
2018-11-30 06:00:00-08:00,0.0,0.0,0.0,0.0,0.0
2018-11-30 06:15:00-08:00,0.0,0.0,0.0,0.0,0.0
2018-11-30 06:30:00-08:00,0.0,0.0,0.0,0.0,0.0
2018-11-30 06:45:00-08:00,0.0,0.0,0.0,0.0,0.0
2018-11-30 07:00:00-08:00,0.0,0.19146499,0.39265993,0.0,0.335881
2018-11-30 07:15:00-08:00,0.2685427388,0.8456502,1.173672,0.0,0.47482854
2018-11-30 07:30:00-08:00,1.4261979518,0.9788947,2.076071,0.0,0.5964586
2018-11-30 07:45:00-08:00,2.5447583444,1.8491268,3.6369815,0.29497853,0.7390697
2018-11-30 08:00:00-08:00,4.086837484466667,3.6672142,5.2024393,0.8230503,0.8086572
2018-11-30 08:15:00-08:00,2.792319819933333,6.309396,7.215845,1.5880415,0.8903762
2018-11-30 08:30:00-08:00,6.848588834199999,6.5567303,9.120126,2.2814221,0.9733663
2018-11-30 08:45:00-08:00,9.518584060933334,8.132496,11.200715,3.2835197,1.0325632
2018-11-30 09:00:00-08:00,10.356062642666666,10.698996,13.095556,4.193519,1.0812128
2018-11-30 09:15:00-08:00,11.737131758466669,10.924673,14.832594,5.291318,1.0718302
2018-11-30 09:30:00-08:00,13.092754677333332,12.665804,16.543598,6.283763,1.074766
2018-11-30 09:45:00-08:00,15.47808010133333,14.535356,18.19056,7.504718,1.0763707
2018-11-30 10:00:00-08:00,16.365986010666663,14.225344,19.118284,8.51066,1.0753106
2018-11-30 10:15:00-08:00,17.461744487999997,15.056074,20.315657,9.445509,1.0617791
2018-11-30 10:30:00-08:00,18.01505365533333,14.098425,21.408009,10.413906,1.0315367
2018-11-30 10:45:00-08:00,18.721021376666663,17.856071,21.76597,11.258493,1.0296022
2018-11-30 11:00:00-08:00,19.60350550133333,19.329899,22.27308,12.080177,1.0382557
2018-11-30 11:15:00-08:00,20.19647426133333,16.900341,22.516247,12.621984,1.0306768
2018-11-30 11:30:00-08:00,13.894411682,19.46659,22.719719,13.135921,1.0225943
2018-11-30 11:45:00-08:00,19.545653545333334,19.243433,22.147167,13.519144,1.0112495
2018-11-30 12:00:00-08:00,14.579403686866668,18.705893,21.811644,13.7926655,0.9889362
2018-11-30 12:15:00-08:00,17.852911027999998,18.094501,21.207428,13.860108,1.000992
2018-11-30 12:30:00-08:00,21.203727816,19.874466,20.710098,13.927491,0.99020326
2018-11-30 12:45:00-08:00,18.08020484113333,17.355106,19.889036,13.741129,0.9927916
2018-11-30 13:00:00-08:00,14.7707057178,17.027416,18.99202,13.445589,0.99516016
2018-11-30 13:15:00-08:00,11.4071003644,15.257574,18.437626,13.05365,1.0160812
2018-11-30 13:30:00-08:00,12.669884665333331,12.940327,17.73798,12.735617,1.0147144
2018-11-30 13:45:00-08:00,19.753558100666663,12.811922,17.07713,12.244323,1.0430324
2018-11-30 14:00:00-08:00,17.679682800666665,13.8358555,16.199917,11.621571,1.0827296
2018-11-30 14:15:00-08:00,16.423663756,10.648865,15.244924,10.990329,1.0968978
2018-11-30 14:30:00-08:00,13.546779763066668,10.961836,14.140163,10.327466,1.1375077
2018-11-30 14:45:00-08:00,11.925182788266667,11.323681,13.010841,9.580536,1.1387713
2018-11-30 15:00:00-08:00,11.895878625733332,9.654276,11.906905,8.622218,1.1264335
2018-11-30 15:15:00-08:00,10.814259636,9.305523,10.586253,7.730148,1.09315
2018-11-30 15:30:00-08:00,9.300852796666666,5.9491744,8.967646,6.736101,1.0138419
2018-11-30 15:45:00-08:00,7.318357744533333,4.5600133,7.2244306,5.726784,0.8989815
2018-11-30 16:00:00-08:00,4.705594852266667,3.1165085,5.5845575,4.7635336,0.77252126
2018-11-30 16:15:00-08:00,1.6461180206666668,0.5370522,3.841065,3.7560375,0.6352845
2018-11-30 16:30:00-08:00,0.006179124866666599,0.2499288,2.5344946,2.838459,0.47874045
2018-11-30 16:45:00-08:00,0.0,0.16535313,1.291083,2.0109916,0.3189126
2018-11-30 17:00:00-08:00,0.0,0.0,0.0,0.0,0.0
2018-11-30 17:15:00-08:00,0.0,0.0,0.0,0.0,0.0
2018-11-30 17:30:00-08:00,0.0,0.0,0.0,0.0,0.0
2018-11-30 17:45:00-08:00,0.0,0.0,0.0,0.0,0.0
2018-11-30 18:00:00-08:00,0.0,0.0,0.0,0.0,0.0
2018-11-30 18:15:00-08:00,0.0,0.0,0.0,0.0,0.0
2018-11-30 18:30:00-08:00,0.0,0.0,0.0,0.0,0.0
2018-11-30 18:45:00-08:00,0.0,0.0,0.0,0.0,0.0
2018-11-30 19:00:00-08:00,0.0,0.0,0.0,0.0,0.0
2018-11-30 19:15:00-08:00,0.0,0.0,0.0,0.0,0.0
2018-11-30 19:30:00-08:00,0.0,0.0,0.0,0.0,0.0
2018-11-30 19:45:00-08:00,0.0,0.0,0.0,0.0,0.0
2018-11-30 20:00:00-08:00,0.0,0.0,0.0,0.0,0.0
2018-11-30 20:15:00-08:00,0.0,0.0,0.0,0.0,0.0
2018-11-30 20:30:00-08:00,0.0,0.0,0.0,0.0,0.0
2018-11-30 20:45:00-08:00,0.0,0.0,0.0,0.0,0.0
2018-11-30 21:00:00-08:00,0.0,0.0,0.0,0.0,0.0
2018-11-30 21:15:00-08:00,0.0,0.0,0.0,0.0,0.0
2018-11-30 21:30:00-08:00,0.0,0.0,0.0,0.0,0.0
2018-11-30 21:45:00-08:00,0.0,0.0,0.0,0.0,0.0
2018-11-30 22:00:00-08:00,0.0,0.0,0.0,0.0,0.0
2018-11-30 22:15:00-08:00,0.0,0.0,0.0,0.0,0.0
2018-11-30 22:30:00-08:00,0.0,0.0,0.0,0.0,0.0
2018-11-30 22:45:00-08:00,0.0,0.0,0.0,0.0,0.0
2018-11-30 23:00:00-08:00,0.0,0.0,0.0,0.0,0.0
2018-11-30 23:15:00-08:00,0.0,0.0,0.0,0.0,0.0
2018-11-30 23:30:00-08:00,0.0,0.0,0.0,0.0,0.0
2018-11-30 23:45:00-08:00,0.0,0.0,0.0,0.0,0.0
2018-12-01 00:00:00-08:00,0.0,0.0,0.0,0.0,0.0
2018-12-01 00:15:00-08:00,0.0,0.0,0.0,0.0,0.0
2018-12-01 00:30:00-08:00,0.0,0.0,0.0,0.0,0.0
2018-12-01 00:45:00-08:00,0.0,0.0,0.0,0.0,0.0
2018-12-01 01:00:00-08:00,0.0,0.0,0.0,0.0,0.0
2018-12-01 01:15:00-08:00,0.0,0.0,0.0,0.0,0.0
2018-12-01 01:30:00-08:00,0.0,0.0,0.0,0.0,0.0
2018-12-01 01:45:00-08:00,0.0,0.0,0.0,0.0,0.0
2018-12-01 02:00:00-08:00,0.0,0.0,0.0,0.0,0.0
2018-12-01 02:15:00-08:00,0.0,0.0,0.0,0.0,0.0
2018-12-01 02:30:00-08:00,0.0,0.0,0.0,0.0,0.0
2018-12-01 02:45:00-08:00,0.0,0.0,0.0,0.0,0.0
2018-12-01 03:00:00-08:00,0.0,0.0,0.0,0.0,0.0
2018-12-01 03:15:00-08:00,0.0,0.0,0.0,0.0,0.0
2018-12-01 03:30:00-08:00,0.0,0.0,0.0,0.0,0.0
2018-12-01 03:45:00-08:00,0.0,0.0,0.0,0.0,0.0
2018-12-01 04:00:00-08:00,0.0,0.0,0.0,0.0,0.0
2018-12-01 04:15:00-08:00,0.0,0.0,0.0,0.0,0.0
2018-12-01 04:30:00-08:00,0.0,0.0,0.0,0.0,0.0
2018-12-01 04:45:00-08:00,0.0,0.0,0.0,0.0,0.0
2018-12-01 05:00:00-08:00,0.0,0.0,0.0,0.0,0.0
2018-12-01 05:15:00-08:00,0.0,0.0,0.0,0.0,0.0
2018-12-01 05:30:00-08:00,0.0,0.0,0.0,0.0,0.0
2018-12-01 05:45:00-08:00,0.0,0.0,0.0,0.0,0.0
2018-12-01 06:00:00-08:00,0.0,0.0,0.0,0.0,0.0
2018-12-01 06:15:00-08:00,0.0,0.0,0.0,0.0,0.0
2018-12-01 06:30:00-08:00,0.0,0.0,0.0,0.0,0.0
2018-12-01 06:45:00-08:00,0.0,0.0,0.0,0.0,0.0
2018-12-01 07:00:00-08:00,0.0,0.0,0.4591986,0.27130198,0.26442084
2018-12-01 07:15:00-08:00,0.0569974074666666,0.68643975,0.684577,0.79695976,0.2915223
2018-12-01 07:30:00-08:00,0.0,1.0469795,0.7262696,1.3882446,0.30825713
2018-12-01 07:45:00-08:00,0.3880606429333333,0.0,0.9974372,2.0744672,0.34160107
2018-12-01 08:00:00-08:00,1.6052716055999998,0.8598505,1.3025461,2.89072,0.34659895
2018-12-01 08:15:00-08:00,5.1627130800000005,1.6983316,1.8507667,3.6832952,0.3713936
2018-12-01 08:30:00-08:00,4.1000265266,1.6156807,2.1450992,4.45266,0.39886934
2018-12-01 08:45:00-08:00,2.7954888556,4.747529,2.6346598,5.4341545,0.4222995
2018-12-01 09:00:00-08:00,3.914745147733333,5.792711,3.175435,6.3713665,0.46013126
2018-12-01 09:15:00-08:00,2.9599147210666668,5.207376,3.5441437,7.1809516,0.48435858
2018-12-01 09:30:00-08:00,3.258259460066667,5.713994,4.094329,7.9702425,0.5140899
2018-12-01 09:45:00-08:00,2.672931917666667,0.5934262,4.7368193,8.630587,0.5367278
2018-12-01 10:00:00-08:00,2.6170501241333333,4.7768807,5.2417593,9.226612,0.5643635
2018-12-01 10:15:00-08:00,3.558849316266666,4.1372013,5.998085,9.514419,0.5801523
2018-12-01 10:30:00-08:00,5.1791090342,7.088188,6.711446,9.894719,0.593319
2018-12-01 10:45:00-08:00,18.3253185178,6.840138,7.296026,10.167956,0.6144028
2018-12-01 11:00:00-08:00,19.643791878666665,11.6830015,8.025046,10.459591,0.63396126
2018-12-01 11:15:00-08:00,19.358794178,13.275836,8.481443,10.553574,0.6424254
2018-12-01 11:30:00-08:00,15.338233688266666,11.965954,8.73011,10.488323,0.66325545
2018-12-01 11:45:00-08:00,22.22155678933333,14.668695,8.643087,10.289979,0.6802257
2018-12-01 12:00:00-08:00,10.994203925066666,12.879133,8.478368,10.067216,0.68113256
2018-12-01 12:15:00-08:00,21.472192800666665,9.942105,8.303862,9.748676,0.6938067
2018-12-01 12:30:00-08:00,19.079261506,16.300268,8.01472,9.33108,0.6958601
2018-12-01 12:45:00-08:00,21.192284921333336,14.972607,7.689072,8.662403,0.6993795
2018-12-01 13:00:00-08:00,15.214365473799997,11.970034,7.339481,8.000028,0.70260704
2018-12-01 13:15:00-08:00,6.6746956797333326,11.611801,7.032504,7.2243276,0.7154644
2018-12-01 13:30:00-08:00,17.0433050782,9.705808,6.7394958,6.4579167,0.71245617
2018-12-01 13:45:00-08:00,11.624208069333337,8.729321,6.4400473,5.69915,0.72439873
2018-12-01 14:00:00-08:00,5.185987077666667,10.566035,5.90092,4.7971992,0.7404475
2018-12-01 14:15:00-08:00,5.847172965,8.025265,5.2982607,4.024639,0.7307163
2018-12-01 14:30:00-08:00,10.203647099133333,8.353277,4.6104774,3.1418753,0.7312998
2018-12-01 14:45:00-08:00,6.300321098866667,8.886765,3.8230948,2.3686059,0.7153085
2018-12-01 15:00:00-08:00,0.7821162804666666,7.628701,3.0374775,1.6432717,0.69581294
2018-12-01 15:15:00-08:00,1.8630468076666664,8.956289,2.2994897,1.0860264,0.6561017
2018-12-01 15:30:00-08:00,0.3966557366,6.7777205,1.6675873,0.6336626,0.58418816
2018-12-01 15:45:00-08:00,3.9035298467333335,5.1298475,1.0472949,0.07982442,0.49418855
2018-12-01 16:00:00-08:00,2.1792896604,3.1543717,0.71820974,0.0,0.39640123
2018-12-01 16:15:00-08:00,0.19379890399999997,0.0,0.37539607,0.0,0.30259666
2018-12-01 16:30:00-08:00,0.0,0.0,0.2942347,0.0,0.20225781
2018-12-01 16:45:00-08:00,0.0,0.05182096,0.30028144,0.0,0.10858512
2018-12-01 17:00:00-08:00,0.0,0.0,0.0,0.0,0.0
2018-12-01 17:15:00-08:00,0.0,0.0,0.0,0.0,0.0
2018-12-01 17:30:00-08:00,0.0,0.0,0.0,0.0,0.0
2018-12-01 17:45:00-08:00,0.0,0.0,0.0,0.0,0.0
2018-12-01 18:00:00-08:00,0.0,0.0,0.0,0.0,0.0
2018-12-01 18:15:00-08:00,0.0,0.0,0.0,0.0,0.0
2018-12-01 18:30:00-08:00,0.0,0.0,0.0,0.0,0.0
2018-12-01 18:45:00-08:00,0.0,0.0,0.0,0.0,0.0
2018-12-01 19:00:00-08:00,0.0,0.0,0.0,0.0,0.0
2018-12-01 19:15:00-08:00,0.0,0.0,0.0,0.0,0.0
2018-12-01 19:30:00-08:00,0.0,0.0,0.0,0.0,0.0
2018-12-01 19:45:00-08:00,0.0,0.0,0.0,0.0,0.0
2018-12-01 20:00:00-08:00,0.0,0.0,0.0,0.0,0.0
2018-12-01 20:15:00-08:00,0.0,0.0,0.0,0.0,0.0
2018-12-01 20:30:00-08:00,0.0,0.0,0.0,0.0,0.0
2018-12-01 20:45:00-08:00,0.0,0.0,0.0,0.0,0.0
2018-12-01 21:00:00-08:00,0.0,0.0,0.0,0.0,0.0
2018-12-01 21:15:00-08:00,0.0,0.0,0.0,0.0,0.0
2018-12-01 21:30:00-08:00,0.0,0.0,0.0,0.0,0.0
2018-12-01 21:45:00-08:00,0.0,0.0,0.0,0.0,0.0
2018-12-01 22:00:00-08:00,0.0,0.0,0.0,0.0,0.0
2018-12-01 22:15:00-08:00,0.0,0.0,0.0,0.0,0.0
2018-12-01 22:30:00-08:00,0.0,0.0,0.0,0.0,0.0
2018-12-01 22:45:00-08:00,0.0,0.0,0.0,0.0,0.0
2018-12-01 23:00:00-08:00,0.0,0.0,0.0,0.0,0.0
2018-12-01 23:15:00-08:00,0.0,0.0,0.0,0.0,0.0
2018-12-01 23:30:00-08:00,0.0,0.0,0.0,0.0,0.0
2018-12-01 23:45:00-08:00,0.0,0.0,0.0,0.0,0.0
2018-12-02 00:00:00-08:00,0.0,0.0,0.0,0.0,0.0
2018-12-02 00:15:00-08:00,0.0,0.0,0.0,0.0,0.0
2018-12-02 00:30:00-08:00,0.0,0.0,0.0,0.0,0.0
2018-12-02 00:45:00-08:00,0.0,0.0,0.0,0.0,0.0
2018-12-02 01:00:00-08:00,0.0,0.0,0.0,0.0,0.0
2018-12-02 01:15:00-08:00,0.0,0.0,0.0,0.0,0.0
2018-12-02 01:30:00-08:00,0.0,0.0,0.0,0.0,0.0
2018-12-02 01:45:00-08:00,0.0,0.0,0.0,0.0,0.0
2018-12-02 02:00:00-08:00,0.0,0.0,0.0,0.0,0.0
2018-12-02 02:15:00-08:00,0.0,0.0,0.0,0.0,0.0
2018-12-02 02:30:00-08:00,0.0,0.0,0.0,0.0,0.0
2018-12-02 02:45:00-08:00,0.0,0.0,0.0,0.0,0.0
2018-12-02 03:00:00-08:00,0.0,0.0,0.0,0.0,0.0
2018-12-02 03:15:00-08:00,0.0,0.0,0.0,0.0,0.0
2018-12-02 03:30:00-08:00,0.0,0.0,0.0,0.0,0.0
2018-12-02 03:45:00-08:00,0.0,0.0,0.0,0.0,0.0
2018-12-02 04:00:00-08:00,0.0,0.0,0.0,0.0,0.0
2018-12-02 04:15:00-08:00,0.0,0.0,0.0,0.0,0.0
2018-12-02 04:30:00-08:00,0.0,0.0,0.0,0.0,0.0
2018-12-02 04:45:00-08:00,0.0,0.0,0.0,0.0,0.0
2018-12-02 05:00:00-08:00,0.0,0.0,0.0,0.0,0.0
2018-12-02 05:15:00-08:00,0.0,0.0,0.0,0.0,0.0
2018-12-02 05:30:00-08:00,0.0,0.0,0.0,0.0,0.0
2018-12-02 05:45:00-08:00,0.0,0.0,0.0,0.0,0.0
2018-12-02 06:00:00-08:00,0.0,0.0,0.0,0.0,0.0
2018-12-02 06:15:00-08:00,0.0,0.0,0.0,0.0,0.0
2018-12-02 06:30:00-08:00,0.0,0.0,0.0,0.0,0.0
2018-12-02 06:45:00-08:00,0.0,0.0,0.0,0.0,0.0
2018-12-02 07:00:00-08:00,0.0,0.06290503,0.0,0.0,0.22991651
2018-12-02 07:15:00-08:00,0.2571615205333333,0.7554921,0.33735007,0.07381124,0.3697163
2018-12-02 07:30:00-08:00,1.5530618612,0.69132197,0.84183335,0.6221318,0.5082735
2018-12-02 07:45:00-08:00,3.3352455500666665,1.9367499,1.9820697,1.3604883,0.6846287
2018-12-02 08:00:00-08:00,4.964376578933333,2.8430955,2.9998116,2.2780013,0.78002965
2018-12-02 08:15:00-08:00,6.660542091066667,3.815506,4.586032,3.412817,0.8920632
2018-12-02 08:30:00-08:00,8.579486566666667,3.5796168,5.958556,4.5512905,1.0058341
2018-12-02 08:45:00-08:00,10.1681167282,5.8514214,7.524187,5.9283695,1.0844775
2018-12-02 09:00:00-08:00,11.587867566666668,7.888894,9.051629,7.27199,1.1516801
2018-12-02 09:15:00-08:00,12.9626137,9.100136,10.437302,8.707709,1.1526979
2018-12-02 09:30:00-08:00,14.208901265333331,9.175829,12.14633,9.986072,1.1651499
2018-12-02 09:45:00-08:00,15.391555556,10.586178,13.68419,11.471373,1.1627898
2018-12-02 10:00:00-08:00,16.370441868,12.789337,14.646004,12.762846,1.1640971
2018-12-02 10:15:00-08:00,17.225016166666666,13.294014,15.881779,13.90221,1.1456441
2018-12-02 10:30:00-08:00,18.03447416533333,12.701809,17.085878,14.983963,1.1186892
2018-12-02 10:45:00-08:00,18.679453666,13.107722,17.727243,15.93099,1.1152526
2018-12-02 11:00:00-08:00,19.224510888666668,15.651108,18.541344,16.748589,1.1284282
2018-12-02 11:15:00-08:00,19.6142284,16.63262,19.004326,17.424778,1.1295197
2018-12-02 11:30:00-08:00,19.85133426666667,17.233969,19.827183,17.987772,1.1268923
2018-12-02 11:45:00-08:00,20.051995978666667,17.308344,19.83036,18.344288,1.1160412
2018-12-02 12:00:00-08:00,20.195992354666668,18.354776,20.187246,18.750622,1.096029
2018-12-02 12:15:00-08:00,20.37143303266667,18.219952,20.186775,18.908909,1.1077621
2018-12-02 12:30:00-08:00,20.302764856666663,18.334644,20.162083,18.987127,1.1000448
2018-12-02 12:45:00-08:00,20.183140610666666,17.114872,19.7319,18.932016,1.1022824
2018-12-02 13:00:00-08:00,19.69883522266667,17.316051,19.115307,18.580273,1.1067531
2018-12-02 13:15:00-08:00,18.861994532666667,15.423044,18.924128,18.204578,1.1298162
2018-12-02 13:30:00-08:00,15.078130097333332,13.166448,18.391994,17.857256,1.1309125
2018-12-02 13:45:00-08:00,10.440984460133334,12.453687,17.688059,17.326347,1.1657562
2018-12-02 14:00:00-08:00,7.443433110066667,13.7999,16.798456,16.602835,1.2105584
2018-12-02 14:15:00-08:00,6.406008926599998,13.529849,15.714182,15.765183,1.2247025
2018-12-02 14:30:00-08:00,6.347899560133334,10.458043,14.368873,14.812965,1.2684333
2018-12-02 14:45:00-08:00,7.179798896666667,10.092146,13.0567,13.778887,1.2603204
2018-12-02 15:00:00-08:00,6.445232002333333,8.8270235,11.68576,12.404855,1.2494985
2018-12-02 15:15:00-08:00,4.9479657924,9.070723,10.237042,11.090765,1.2174735
2018-12-02 15:30:00-08:00,5.98290796,7.4984465,8.383676,9.655842,1.1427746
2018-12-02 15:45:00-08:00,4.481787325666667,4.943329,6.4899673,8.22348,1.024823
2018-12-02 16:00:00-08:00,1.2059171564,2.7057848,4.7352467,6.806223,0.8832605
2018-12-02 16:15:00-08:00,0.4911187183333333,1.5001695,2.9325688,5.378964,0.7295122
2018-12-02 16:30:00-08:00,0.0261010403333333,0.2283985,1.6148232,4.0793514,0.54631376
2018-12-02 16:45:00-08:00,0.0,0.032258388,0.38882333,2.926099,0.35552627
2018-12-02 17:00:00-08:00,0.0,0.0,0.0,0.0,0.0
2018-12-02 17:15:00-08:00,0.0,0.0,0.0,0.0,0.0
2018-12-02 17:30:00-08:00,0.0,0.0,0.0,0.0,0.0
2018-12-02 17:45:00-08:00,0.0,0.0,0.0,0.0,0.0
2018-12-02 18:00:00-08:00,0.0,0.0,0.0,0.0,0.0
2018-12-02 18:15:00-08:00,0.0,0.0,0.0,0.0,0.0
2018-12-02 18:30:00-08:00,0.0,0.0,0.0,0.0,0.0
2018-12-02 18:45:00-08:00,0.0,0.0,0.0,0.0,0.0
2018-12-02 19:00:00-08:00,0.0,0.0,0.0,0.0,0.0
2018-12-02 19:15:00-08:00,0.0,0.0,0.0,0.0,0.0
2018-12-02 19:30:00-08:00,0.0,0.0,0.0,0.0,0.0
2018-12-02 19:45:00-08:00,0.0,0.0,0.0,0.0,0.0
2018-12-02 20:00:00-08:00,0.0,0.0,0.0,0.0,0.0
2018-12-02 20:15:00-08:00,0.0,0.0,0.0,0.0,0.0
2018-12-02 20:30:00-08:00,0.0,0.0,0.0,0.0,0.0
2018-12-02 20:45:00-08:00,0.0,0.0,0.0,0.0,0.0
2018-12-02 21:00:00-08:00,0.0,0.0,0.0,0.0,0.0
2018-12-02 21:15:00-08:00,0.0,0.0,0.0,0.0,0.0
2018-12-02 21:30:00-08:00,0.0,0.0,0.0,0.0,0.0
2018-12-02 21:45:00-08:00,0.0,0.0,0.0,0.0,0.0
2018-12-02 22:00:00-08:00,0.0,0.0,0.0,0.0,0.0
2018-12-02 22:15:00-08:00,0.0,0.0,0.0,0.0,0.0
2018-12-02 22:30:00-08:00,0.0,0.0,0.0,0.0,0.0
2018-12-02 22:45:00-08:00,0.0,0.0,0.0,0.0,0.0
2018-12-02 23:00:00-08:00,0.0,0.0,0.0,0.0,0.0
2018-12-02 23:15:00-08:00,0.0,0.0,0.0,0.0,0.0
2018-12-02 23:30:00-08:00,0.0,0.0,0.0,0.0,0.0
2018-12-02 23:45:00-08:00,0.0,0.0,0.0,0.0,0.0
2019-02-11 00:00:00-08:00,0.0,0.0,0.0,0.0,0.0
2019-02-11 00:15:00-08:00,0.0,0.0,0.0,0.0,0.0
2019-02-11 00:30:00-08:00,0.0,0.0,0.0,0.0,0.0
2019-02-11 00:45:00-08:00,0.0,0.0,0.0,0.0,0.0
2019-02-11 01:00:00-08:00,0.0,0.0,0.0,0.0,0.0
2019-02-11 01:15:00-08:00,0.0,0.0,0.0,0.0,0.0
2019-02-11 01:30:00-08:00,0.0,0.0,0.0,0.0,0.0
2019-02-11 01:45:00-08:00,0.0,0.0,0.0,0.0,0.0
2019-02-11 02:00:00-08:00,0.0,0.0,0.0,0.0,0.0
2019-02-11 02:15:00-08:00,0.0,0.0,0.0,0.0,0.0
2019-02-11 02:30:00-08:00,0.0,0.0,0.0,0.0,0.0
2019-02-11 02:45:00-08:00,0.0,0.0,0.0,0.0,0.0
2019-02-11 03:00:00-08:00,0.0,0.0,0.0,0.0,0.0
2019-02-11 03:15:00-08:00,0.0,0.0,0.0,0.0,0.0
2019-02-11 03:30:00-08:00,0.0,0.0,0.0,0.0,0.0
2019-02-11 03:45:00-08:00,0.0,0.0,0.0,0.0,0.0
2019-02-11 04:00:00-08:00,0.0,0.0,0.0,0.0,0.0
2019-02-11 04:15:00-08:00,0.0,0.0,0.0,0.0,0.0
2019-02-11 04:30:00-08:00,0.0,0.0,0.0,0.0,0.0
2019-02-11 04:45:00-08:00,0.0,0.0,0.0,0.0,0.0
2019-02-11 05:00:00-08:00,0.0,0.0,0.0,0.0,0.0
2019-02-11 05:15:00-08:00,0.0,0.0,0.0,0.0,0.0
2019-02-11 05:30:00-08:00,0.0,0.0,0.0,0.0,0.0
2019-02-11 05:45:00-08:00,0.0,0.0,0.0,0.0,0.0
2019-02-11 06:00:00-08:00,0.0,0.0,0.0,0.0,0.0
2019-02-11 06:15:00-08:00,0.0,0.0,0.0,0.0,0.0
2019-02-11 06:30:00-08:00,0.0,0.0,0.0,0.0,0.0
2019-02-11 06:45:00-08:00,0.0,0.0,0.0,0.0,0.0
2019-02-11 07:00:00-08:00,0.0,0.0,0.0,1.3011284,0.22688726
2019-02-11 07:15:00-08:00,0.05494167286666659,0.09446119,0.38593313,1.950869,0.3352546
2019-02-11 07:30:00-08:00,1.1733106984,0.79017246,0.80612665,2.7198732,0.4391048
2019-02-11 07:45:00-08:00,2.505088573533333,1.5691776,1.3223128,3.7277577,0.5709101
2019-02-11 08:00:00-08:00,4.088521769733333,2.853168,2.2009645,4.8097897,0.6529269
2019-02-11 08:15:00-08:00,6.289798255133333,3.9705348,3.290234,6.0217876,0.74154603
2019-02-11 08:30:00-08:00,8.3563656592,5.087722,4.131362,7.1418815,0.83240837
2019-02-11 08:45:00-08:00,9.7920888638,7.6831727,5.404826,8.492819,0.8965074
2019-02-11 09:00:00-08:00,13.299846828666666,8.69927,6.4750166,9.717242,0.9519758
2019-02-11 09:15:00-08:00,7.8198422235999985,9.31882,7.221754,10.964998,0.9568679
2019-02-11 09:30:00-08:00,10.572617902,12.105341,7.9325423,12.049132,0.9673796
2019-02-11 09:45:00-08:00,11.935148317466668,10.773119,8.540167,13.337164,0.95560503
2019-02-11 10:00:00-08:00,9.538894039266667,11.808613,8.938086,14.4784565,0.9489075
2019-02-11 10:15:00-08:00,8.161597624,12.004299,9.51322,15.387849,0.9218804
2019-02-11 10:30:00-08:00,5.5948246787333344,13.752155,9.849939,16.259012,0.8938862
2019-02-11 10:45:00-08:00,5.693264459999999,15.148632,10.061766,16.931793,0.8873209
2019-02-11 11:00:00-08:00,5.186856628866667,12.8444195,10.406855,17.490635,0.88432235
2019-02-11 11:15:00-08:00,4.0914363288,10.827036,10.825297,17.753738,0.8770201
2019-02-11 11:30:00-08:00,3.2716419583333334,10.709517,11.054726,17.906693,0.87081796
2019-02-11 11:45:00-08:00,5.6707799218,10.6219015,10.982598,17.856905,0.84250426
2019-02-11 12:00:00-08:00,11.893748889333333,9.355713,11.123987,17.704086,0.8233207
2019-02-11 12:15:00-08:00,16.454609119333334,10.062661,11.092445,17.25636,0.8227857
2019-02-11 12:30:00-08:00,11.910222196,12.448637,10.936956,16.77435,0.7993908
2019-02-11 12:45:00-08:00,10.634909956133336,10.302328,10.784644,15.959446,0.7859566
2019-02-11 13:00:00-08:00,8.7637797384,12.460989,10.5649185,15.055222,0.77650577
2019-02-11 13:15:00-08:00,6.925216837200001,7.651946,10.287182,13.959316,0.76644534
2019-02-11 13:30:00-08:00,5.809799832133333,6.920685,9.926148,12.989336,0.7409399
2019-02-11 13:45:00-08:00,6.301152993333333,10.64554,9.659601,11.957254,0.7500347
2019-02-11 14:00:00-08:00,6.0650909423999995,9.017643,8.985617,10.793657,0.74998605
2019-02-11 14:15:00-08:00,6.4908569748,9.207954,8.374002,9.669997,0.7366241
2019-02-11 14:30:00-08:00,4.238083271133333,7.001712,7.865406,8.516239,0.7578281
2019-02-11 14:45:00-08:00,3.236983611333333,9.094446,7.1282945,7.4152317,0.7530042
2019-02-11 15:00:00-08:00,2.059734485066667,7.9208727,6.3930054,6.3098125,0.75965977
2019-02-11 15:15:00-08:00,1.2264456927333334,7.477025,5.584455,5.313508,0.7586665
2019-02-11 15:30:00-08:00,1.0534170823333333,5.5070167,4.902826,4.365338,0.7476838
2019-02-11 15:45:00-08:00,0.878338094,4.7992773,3.8787754,3.5319705,0.726108
2019-02-11 16:00:00-08:00,0.7050729178666667,1.6225557,3.147728,2.8110433,0.6995176
2019-02-11 16:15:00-08:00,0.7175965448,3.0628474,2.120163,2.1342578,0.65699035
2019-02-11 16:30:00-08:00,0.7919153269999999,2.9124155,1.5080538,1.6190424,0.57248694
2019-02-11 16:45:00-08:00,0.7004732177999999,1.8521821,0.9645515,1.2129495,0.47439346
2019-02-11 17:00:00-08:00,0.2736820322,0.2662142,0.48752752,0.8264153,0.3461532
2019-02-11 17:15:00-08:00,0.0054531844666666,0.0,0.21927501,0.4748081,0.20185497
2019-02-11 17:30:00-08:00,0.0,0.0,0.0,0.32850787,0.10229412
2019-02-11 17:45:00-08:00,0.0,0.0,0.0,0.28632483,0.0
2019-02-11 18:00:00-08:00,0.0,0.0,0.0,0.0,0.0
2019-02-11 18:15:00-08:00,0.0,0.0,0.0,0.0,0.0
2019-02-11 18:30:00-08:00,0.0,0.0,0.0,0.0,0.0
2019-02-11 18:45:00-08:00,0.0,0.0,0.0,0.0,0.0
2019-02-11 19:00:00-08:00,0.0,0.0,0.0,0.0,0.0
2019-02-11 19:15:00-08:00,0.0,0.0,0.0,0.0,0.0
2019-02-11 19:30:00-08:00,0.0,0.0,0.0,0.0,0.0
2019-02-11 19:45:00-08:00,0.0,0.0,0.0,0.0,0.0
2019-02-11 20:00:00-08:00,0.0,0.0,0.0,0.0,0.0
2019-02-11 20:15:00-08:00,0.0,0.0,0.0,0.0,0.0
2019-02-11 20:30:00-08:00,0.0,0.0,0.0,0.0,0.0
2019-02-11 20:45:00-08:00,0.0,0.0,0.0,0.0,0.0
2019-02-11 21:00:00-08:00,0.0,0.0,0.0,0.0,0.0
2019-02-11 21:15:00-08:00,0.0,0.0,0.0,0.0,0.0
2019-02-11 21:30:00-08:00,0.0,0.0,0.0,0.0,0.0
2019-02-11 21:45:00-08:00,0.0,0.0,0.0,0.0,0.0
2019-02-11 22:00:00-08:00,0.0,0.0,0.0,0.0,0.0
2019-02-11 22:15:00-08:00,0.0,0.0,0.0,0.0,0.0
2019-02-11 22:30:00-08:00,0.0,0.0,0.0,0.0,0.0
2019-02-11 22:45:00-08:00,0.0,0.0,0.0,0.0,0.0
2019-02-11 23:00:00-08:00,0.0,0.0,0.0,0.0,0.0
2019-02-11 23:15:00-08:00,0.0,0.0,0.0,0.0,0.0
2019-02-11 23:30:00-08:00,0.0,0.0,0.0,0.0,0.0
2019-02-11 23:45:00-08:00,0.0,0.0,0.0,0.0,0.0
2019-02-12 00:00:00-08:00,0.0,0.0,0.0,0.0,0.0
2019-02-12 00:15:00-08:00,0.0,0.0,0.0,0.0,0.0
2019-02-12 00:30:00-08:00,0.0,0.0,0.0,0.0,0.0
2019-02-12 00:45:00-08:00,0.0,0.0,0.0,0.0,0.0
2019-02-12 01:00:00-08:00,0.0,0.0,0.0,0.0,0.0
2019-02-12 01:15:00-08:00,0.0,0.0,0.0,0.0,0.0
2019-02-12 01:30:00-08:00,0.0,0.0,0.0,0.0,0.0
2019-02-12 01:45:00-08:00,0.0,0.0,0.0,0.0,0.0
2019-02-12 02:00:00-08:00,0.0,0.0,0.0,0.0,0.0
2019-02-12 02:15:00-08:00,0.0,0.0,0.0,0.0,0.0
2019-02-12 02:30:00-08:00,0.0,0.0,0.0,0.0,0.0
2019-02-12 02:45:00-08:00,0.0,0.0,0.0,0.0,0.0
2019-02-12 03:00:00-08:00,0.0,0.0,0.0,0.0,0.0
2019-02-12 03:15:00-08:00,0.0,0.0,0.0,0.0,0.0
2019-02-12 03:30:00-08:00,0.0,0.0,0.0,0.0,0.0
2019-02-12 03:45:00-08:00,0.0,0.0,0.0,0.0,0.0
2019-02-12 04:00:00-08:00,0.0,0.0,0.0,0.0,0.0
2019-02-12 04:15:00-08:00,0.0,0.0,0.0,0.0,0.0
2019-02-12 04:30:00-08:00,0.0,0.0,0.0,0.0,0.0
2019-02-12 04:45:00-08:00,0.0,0.0,0.0,0.0,0.0
2019-02-12 05:00:00-08:00,0.0,0.0,0.0,0.0,0.0
2019-02-12 05:15:00-08:00,0.0,0.0,0.0,0.0,0.0
2019-02-12 05:30:00-08:00,0.0,0.0,0.0,0.0,0.0
2019-02-12 05:45:00-08:00,0.0,0.0,0.0,0.0,0.0
2019-02-12 06:00:00-08:00,0.0,0.0,0.0,0.0,0.0
2019-02-12 06:15:00-08:00,0.0,0.0,0.0,0.0,0.0
2019-02-12 06:30:00-08:00,0.0,0.0,0.0,0.0,0.0
2019-02-12 06:45:00-08:00,0.0,0.0,0.0,0.0,0.0
2019-02-12 07:00:00-08:00,0.0,0.0,0.54790497,0.8013434,0.14542514
2019-02-12 07:15:00-08:00,0.0121870038666666,0.24084416,0.6578693,1.0476749,0.17994793
2019-02-12 07:30:00-08:00,0.2707521281333333,0.21328348,0.8751449,1.4572787,0.1901278
2019-02-12 07:45:00-08:00,0.5898367922,1.4708165,1.1209265,1.8001546,0.2080122
2019-02-12 08:00:00-08:00,1.0029751074,2.6386352,1.5375412,2.226536,0.20768538
2019-02-12 08:15:00-08:00,1.3132805489333337,3.255395,1.8866726,2.5570374,0.22383046
2019-02-12 08:30:00-08:00,1.8138802088,3.5479627,2.1780987,3.0098715,0.2422071
2019-02-12 08:45:00-08:00,2.352397636,2.3639739,2.353861,3.2544572,0.24947596
2019-02-12 09:00:00-08:00,2.3834347536,5.15024,2.5536785,3.5658822,0.25604987
2019-02-12 09:15:00-08:00,2.537240832666667,5.0637345,2.5631294,3.8689084,0.24962118
2019-02-12 09:30:00-08:00,2.6014916132666666,6.981082,2.771151,4.045577,0.24447146
2019-02-12 09:45:00-08:00,3.0582911861333333,7.8265724,2.7774847,4.2410126,0.24458706
2019-02-12 10:00:00-08:00,3.3903618067999997,6.38309,2.695671,4.442102,0.23967862
2019-02-12 10:15:00-08:00,3.6719488919333325,4.47853,2.8137407,4.641225,0.23556934
2019-02-12 10:30:00-08:00,4.590934295133334,3.027651,2.7808976,4.7546945,0.22650442
2019-02-12 10:45:00-08:00,4.623819062733333,5.4333572,2.834755,4.9961605,0.2266407
2019-02-12 11:00:00-08:00,4.703009472600001,2.8817759,3.2113934,5.104205,0.22903565
2019-02-12 11:15:00-08:00,4.617045397999999,5.7827344,3.4302382,5.2285995,0.2197465
2019-02-12 11:30:00-08:00,4.2862203116,5.6740947,3.7652998,5.3142633,0.21870354
2019-02-12 11:45:00-08:00,3.697453180066667,5.153805,3.8882167,5.3870707,0.22170183
2019-02-12 12:00:00-08:00,3.7561698693333336,3.2902646,4.1084843,5.2879806,0.21767409
2019-02-12 12:15:00-08:00,3.459173754933333,7.6335077,4.407883,5.1653748,0.21442138
2019-02-12 12:30:00-08:00,2.3172502348,7.1443477,4.4568086,5.031679,0.20754164
2019-02-12 12:45:00-08:00,1.7242495799999995,10.8733425,4.648204,4.8066297,0.20372178
2019-02-12 13:00:00-08:00,1.8780330831333332,6.2854004,4.4359217,4.498588,0.19436105
2019-02-12 13:15:00-08:00,2.950233443333333,6.691539,4.500185,4.199715,0.18031827
2019-02-12 13:30:00-08:00,2.722381078133333,9.652778,4.3271933,3.8709826,0.16886134
2019-02-12 13:45:00-08:00,2.3358671584666664,5.610728,4.0705514,3.5664043,0.16590284
2019-02-12 14:00:00-08:00,2.649933534733333,6.7776136,3.9640493,3.1918902,0.1572327
2019-02-12 14:15:00-08:00,1.999861172533333,3.7486897,3.7235928,2.7289567,0.15875566
2019-02-12 14:30:00-08:00,2.3262928688,3.034923,3.435964,2.3485785,0.15722196
2019-02-12 14:45:00-08:00,2.2034223464666667,4.967635,3.21456,1.9258273,0.16149446
2019-02-12 15:00:00-08:00,2.5770086262666667,2.2190204,3.050293,1.56918,0.1708898
2019-02-12 15:15:00-08:00,1.6906696523999998,0.5542351,2.7808633,1.1492068,0.18214157
2019-02-12 15:30:00-08:00,1.6104952935333334,3.7105608,2.4262307,0.96469045,0.16169538
2019-02-12 15:45:00-08:00,1.5122022433999998,3.0679321,1.994108,0.7310322,0.14705113
2019-02-12 16:00:00-08:00,1.4144260590666669,3.7592869,1.5265228,0.65943485,0.13623151
2019-02-12 16:15:00-08:00,0.7851744298,0.82812685,1.0738711,0.44975644,0.12689874
2019-02-12 16:30:00-08:00,0.5111994273333332,0.38315076,0.68028903,0.47121924,0.1029356
2019-02-12 16:45:00-08:00,0.0449142286666666,0.12429998,0.4263811,0.4621844,0.08996577
2019-02-12 17:00:00-08:00,0.0,0.22363922,0.2699622,0.44519144,0.058481723
2019-02-12 17:15:00-08:00,0.0,0.0,0.12311641,0.49094296,0.035982907
2019-02-12 17:30:00-08:00,0.0,0.08821584,0.020547073,0.5608354,0.04203246
2019-02-12 17:45:00-08:00,0.0,0.0,0.0,0.48220927,0.051361162
2019-02-12 18:00:00-08:00,0.0,0.0,0.0,0.0,0.0
2019-02-12 18:15:00-08:00,0.0,0.0,0.0,0.0,0.0
2019-02-12 18:30:00-08:00,0.0,0.0,0.0,0.0,0.0
2019-02-12 18:45:00-08:00,0.0,0.0,0.0,0.0,0.0
2019-02-12 19:00:00-08:00,0.0,0.0,0.0,0.0,0.0
2019-02-12 19:15:00-08:00,0.0,0.0,0.0,0.0,0.0
2019-02-12 19:30:00-08:00,0.0,0.0,0.0,0.0,0.0
2019-02-12 19:45:00-08:00,0.0,0.0,0.0,0.0,0.0
2019-02-12 20:00:00-08:00,0.0,0.0,0.0,0.0,0.0
2019-02-12 20:15:00-08:00,0.0,0.0,0.0,0.0,0.0
2019-02-12 20:30:00-08:00,0.0,0.0,0.0,0.0,0.0
2019-02-12 20:45:00-08:00,0.0,0.0,0.0,0.0,0.0
2019-02-12 21:00:00-08:00,0.0,0.0,0.0,0.0,0.0
2019-02-12 21:15:00-08:00,0.0,0.0,0.0,0.0,0.0
2019-02-12 21:30:00-08:00,0.0,0.0,0.0,0.0,0.0
2019-02-12 21:45:00-08:00,0.0,0.0,0.0,0.0,0.0
2019-02-12 22:00:00-08:00,0.0,0.0,0.0,0.0,0.0
2019-02-12 22:15:00-08:00,0.0,0.0,0.0,0.0,0.0
2019-02-12 22:30:00-08:00,0.0,0.0,0.0,0.0,0.0
2019-02-12 22:45:00-08:00,0.0,0.0,0.0,0.0,0.0
2019-02-12 23:00:00-08:00,0.0,0.0,0.0,0.0,0.0
2019-02-12 23:15:00-08:00,0.0,0.0,0.0,0.0,0.0
2019-02-12 23:30:00-08:00,0.0,0.0,0.0,0.0,0.0
2019-02-12 23:45:00-08:00,0.0,0.0,0.0,0.0,0.0
2019-02-13 00:00:00-08:00,0.0,0.0,0.0,0.0,0.0
2019-02-13 00:15:00-08:00,0.0,0.0,0.0,0.0,0.0
2019-02-13 00:30:00-08:00,0.0,0.0,0.0,0.0,0.0
2019-02-13 00:45:00-08:00,0.0,0.0,0.0,0.0,0.0
2019-02-13 01:00:00-08:00,0.0,0.0,0.0,0.0,0.0
2019-02-13 01:15:00-08:00,0.0,0.0,0.0,0.0,0.0
2019-02-13 01:30:00-08:00,0.0,0.0,0.0,0.0,0.0
2019-02-13 01:45:00-08:00,0.0,0.0,0.0,0.0,0.0
2019-02-13 02:00:00-08:00,0.0,0.0,0.0,0.0,0.0
2019-02-13 02:15:00-08:00,0.0,0.0,0.0,0.0,0.0
2019-02-13 02:30:00-08:00,0.0,0.0,0.0,0.0,0.0
2019-02-13 02:45:00-08:00,0.0,0.0,0.0,0.0,0.0
2019-02-13 03:00:00-08:00,0.0,0.0,0.0,0.0,0.0
2019-02-13 03:15:00-08:00,0.0,0.0,0.0,0.0,0.0
2019-02-13 03:30:00-08:00,0.0,0.0,0.0,0.0,0.0
2019-02-13 03:45:00-08:00,0.0,0.0,0.0,0.0,0.0
2019-02-13 04:00:00-08:00,0.0,0.0,0.0,0.0,0.0
2019-02-13 04:15:00-08:00,0.0,0.0,0.0,0.0,0.0
2019-02-13 04:30:00-08:00,0.0,0.0,0.0,0.0,0.0
2019-02-13 04:45:00-08:00,0.0,0.0,0.0,0.0,0.0
2019-02-13 05:00:00-08:00,0.0,0.0,0.0,0.0,0.0
2019-02-13 05:15:00-08:00,0.0,0.0,0.0,0.0,0.0
2019-02-13 05:30:00-08:00,0.0,0.0,0.0,0.0,0.0
2019-02-13 05:45:00-08:00,0.0,0.0,0.0,0.0,0.0
2019-02-13 06:00:00-08:00,0.0,0.0,0.0,0.0,0.0
2019-02-13 06:15:00-08:00,0.0,0.0,0.0,0.0,0.0
2019-02-13 06:30:00-08:00,0.0,0.0,0.0,0.0,0.0
2019-02-13 06:45:00-08:00,0.0,0.0,0.0,0.0,0.0
2019-02-13 07:00:00-08:00,0.0,0.0,0.8924555,0.0,0.09951429
2019-02-13 07:15:00-08:00,0.0,0.0,0.93708515,0.0,0.11728592
2019-02-13 07:30:00-08:00,0.0,0.3868519,0.76842046,0.12060477,0.11029697
2019-02-13 07:45:00-08:00,0.0,0.7081183,0.6331972,0.3785025,0.118021145
2019-02-13 08:00:00-08:00,0.0,0.60008985,0.948015,0.71794283,0.10610801
2019-02-13 08:15:00-08:00,0.0,0.7037395,1.0173233,1.2261262,0.11392716
2019-02-13 08:30:00-08:00,0.0171465389333333,2.2213504,0.9968135,1.760776,0.12536032
2019-02-13 08:45:00-08:00,0.0035934845999999994,4.566878,1.2270021,2.4452446,0.13472496
2019-02-13 09:00:00-08:00,0.4251681365333333,8.865467,1.2298563,3.075439,0.1413534
2019-02-13 09:15:00-08:00,0.9309989868666668,6.6319857,1.2106767,3.8478389,0.14863375
2019-02-13 09:30:00-08:00,0.75586384,5.597808,1.2754974,4.6608634,0.15631592
2019-02-13 09:45:00-08:00,1.7578632544,4.0527167,1.630111,5.6562247,0.16450751
2019-02-13 10:00:00-08:00,2.120739040933333,3.4785137,1.7235382,6.6009703,0.17156437
2019-02-13 10:15:00-08:00,1.4978364826,4.3658834,1.9554437,7.4840746,0.1783129
2019-02-13 10:30:00-08:00,1.9101309014,4.6312222,2.0642753,8.452138,0.17450674
2019-02-13 10:45:00-08:00,2.161098925466667,6.6306973,1.9584786,9.257552,0.17862193
2019-02-13 11:00:00-08:00,2.727790775066667,5.3367915,2.2878246,10.03817,0.18468419
2019-02-13 11:15:00-08:00,4.897372395933334,2.2407794,2.877115,10.551212,0.17807168
2019-02-13 11:30:00-08:00,11.524841080733331,6.923667,2.7680056,11.094594,0.1873466
2019-02-13 11:45:00-08:00,18.91137115733333,5.1499853,2.7832954,11.637256,0.20022413
2019-02-13 12:00:00-08:00,22.443221540666663,12.628794,3.1678414,11.949671,0.19552548
2019-02-13 12:15:00-08:00,19.205764228666663,5.4475374,3.4596744,12.144665,0.20033967
2019-02-13 12:30:00-08:00,20.605664666600003,12.412714,3.639073,12.365547,0.19427615
2019-02-13 12:45:00-08:00,15.906444086599999,13.5223875,4.225992,12.444227,0.19551694
2019-02-13 13:00:00-08:00,15.378108922666664,10.444321,4.9004555,12.360287,0.18948448
2019-02-13 13:15:00-08:00,15.131241893333332,7.840151,5.6177716,12.123365,0.18327986
2019-02-13 13:30:00-08:00,13.996342732,3.8888319,6.3999586,12.000907,0.1718472
2019-02-13 13:45:00-08:00,13.541134970666667,6.7951727,7.399462,11.630024,0.16654189
2019-02-13 14:00:00-08:00,11.724932968533333,10.50936,8.128613,11.178442,0.15805964
2019-02-13 14:15:00-08:00,12.925349464666667,4.4898367,8.460618,10.686677,0.15442003
2019-02-13 14:30:00-08:00,16.026785742666664,4.8154063,8.716402,10.032082,0.14707011
2019-02-13 14:45:00-08:00,21.10432153933333,9.217603,8.463071,9.347427,0.15422255
2019-02-13 15:00:00-08:00,17.415162791333334,2.3530664,7.9034543,8.516476,0.15526947
2019-02-13 15:15:00-08:00,14.798207934266662,6.48861,6.6611414,7.7203,0.16603702
2019-02-13 15:30:00-08:00,13.478194579866667,4.866296,5.54354,6.8893614,0.1410635
2019-02-13 15:45:00-08:00,9.1241178342,2.2045157,3.8065016,6.027259,0.12734838
2019-02-13 16:00:00-08:00,3.527108275733333,5.188748,2.4647622,5.2200117,0.11767915
2019-02-13 16:15:00-08:00,2.333637197333333,0.23028487,0.9360086,4.312213,0.11845757
2019-02-13 16:30:00-08:00,2.1588345780666667,2.4867263,0.041485917,3.5200918,0.10973335
2019-02-13 16:45:00-08:00,1.1655586830666669,0.0,0.0,2.812179,0.11456221
2019-02-13 17:00:00-08:00,0.3759974976666667,0.075493075,0.0,2.163421,0.103596404
2019-02-13 17:15:00-08:00,0.0,0.0,0.0,1.5081019,0.088870816
2019-02-13 17:30:00-08:00,0.0,0.0,0.0,1.1004646,0.091412015
2019-02-13 17:45:00-08:00,0.0,0.0,0.0,0.75839674,0.0969421
2019-02-13 18:00:00-08:00,0.0,0.0,0.0,0.0,0.0
2019-02-13 18:15:00-08:00,0.0,0.0,0.0,0.0,0.0
2019-02-13 18:30:00-08:00,0.0,0.0,0.0,0.0,0.0
2019-02-13 18:45:00-08:00,0.0,0.0,0.0,0.0,0.0
2019-02-13 19:00:00-08:00,0.0,0.0,0.0,0.0,0.0
2019-02-13 19:15:00-08:00,0.0,0.0,0.0,0.0,0.0
2019-02-13 19:30:00-08:00,0.0,0.0,0.0,0.0,0.0
2019-02-13 19:45:00-08:00,0.0,0.0,0.0,0.0,0.0
2019-02-13 20:00:00-08:00,0.0,0.0,0.0,0.0,0.0
2019-02-13 20:15:00-08:00,0.0,0.0,0.0,0.0,0.0
2019-02-13 20:30:00-08:00,0.0,0.0,0.0,0.0,0.0
2019-02-13 20:45:00-08:00,0.0,0.0,0.0,0.0,0.0
2019-02-13 21:00:00-08:00,0.0,0.0,0.0,0.0,0.0
2019-02-13 21:15:00-08:00,0.0,0.0,0.0,0.0,0.0
2019-02-13 21:30:00-08:00,0.0,0.0,0.0,0.0,0.0
2019-02-13 21:45:00-08:00,0.0,0.0,0.0,0.0,0.0
2019-02-13 22:00:00-08:00,0.0,0.0,0.0,0.0,0.0
2019-02-13 22:15:00-08:00,0.0,0.0,0.0,0.0,0.0
2019-02-13 22:30:00-08:00,0.0,0.0,0.0,0.0,0.0
2019-02-13 22:45:00-08:00,0.0,0.0,0.0,0.0,0.0
2019-02-13 23:00:00-08:00,0.0,0.0,0.0,0.0,0.0
2019-02-13 23:15:00-08:00,0.0,0.0,0.0,0.0,0.0
2019-02-13 23:30:00-08:00,0.0,0.0,0.0,0.0,0.0
2019-02-13 23:45:00-08:00,0.0,0.0,0.0,0.0,0.0
2019-02-14 00:00:00-08:00,0.0,0.0,0.0,0.0,0.0
2019-02-14 00:15:00-08:00,0.0,0.0,0.0,0.0,0.0
2019-02-14 00:30:00-08:00,0.0,0.0,0.0,0.0,0.0
2019-02-14 00:45:00-08:00,0.0,0.0,0.0,0.0,0.0
2019-02-14 01:00:00-08:00,0.0,0.0,0.0,0.0,0.0
2019-02-14 01:15:00-08:00,0.0,0.0,0.0,0.0,0.0
2019-02-14 01:30:00-08:00,0.0,0.0,0.0,0.0,0.0
2019-02-14 01:45:00-08:00,0.0,0.0,0.0,0.0,0.0
2019-02-14 02:00:00-08:00,0.0,0.0,0.0,0.0,0.0
2019-02-14 02:15:00-08:00,0.0,0.0,0.0,0.0,0.0
2019-02-14 02:30:00-08:00,0.0,0.0,0.0,0.0,0.0
2019-02-14 02:45:00-08:00,0.0,0.0,0.0,0.0,0.0
2019-02-14 03:00:00-08:00,0.0,0.0,0.0,0.0,0.0
2019-02-14 03:15:00-08:00,0.0,0.0,0.0,0.0,0.0
2019-02-14 03:30:00-08:00,0.0,0.0,0.0,0.0,0.0
2019-02-14 03:45:00-08:00,0.0,0.0,0.0,0.0,0.0
2019-02-14 04:00:00-08:00,0.0,0.0,0.0,0.0,0.0
2019-02-14 04:15:00-08:00,0.0,0.0,0.0,0.0,0.0
2019-02-14 04:30:00-08:00,0.0,0.0,0.0,0.0,0.0
2019-02-14 04:45:00-08:00,0.0,0.0,0.0,0.0,0.0
2019-02-14 05:00:00-08:00,0.0,0.0,0.0,0.0,0.0
2019-02-14 05:15:00-08:00,0.0,0.0,0.0,0.0,0.0
2019-02-14 05:30:00-08:00,0.0,0.0,0.0,0.0,0.0
2019-02-14 05:45:00-08:00,0.0,0.0,0.0,0.0,0.0
2019-02-14 06:00:00-08:00,0.0,0.0,0.0,0.0,0.0
2019-02-14 06:15:00-08:00,0.0,0.0,0.0,0.0,0.0
2019-02-14 06:30:00-08:00,0.0,0.0,0.0,0.0,0.0
2019-02-14 06:45:00-08:00,0.0,0.0,0.0,0.0,0.0
2019-02-14 07:00:00-08:00,0.0,0.14635554,0.31799328,0.08937116,0.1019498
2019-02-14 07:15:00-08:00,0.0372151075333333,0.0,0.2672071,0.0,0.14286841
2019-02-14 07:30:00-08:00,0.9691925306,0.3485934,0.45085126,0.0,0.16259769
2019-02-14 07:45:00-08:00,2.5370397173333337,0.63633025,0.5590155,0.0,0.19556268
2019-02-14 08:00:00-08:00,3.672261918533333,1.1589849,1.207559,0.0,0.20598441
2019-02-14 08:15:00-08:00,6.480097728333333,3.4697566,1.4587274,0.0,0.22073293
2019-02-14 08:30:00-08:00,6.585254927,0.0,1.4938391,0.18651599,0.23723562
2019-02-14 08:45:00-08:00,5.655631826466666,2.7175794,1.6984538,0.75301385,0.2598645
2019-02-14 09:00:00-08:00,5.334263845466666,1.3323008,2.165808,1.462184,0.28026146
2019-02-14 09:15:00-08:00,2.3348823034,1.6770959,2.1569562,2.328886,0.28085
2019-02-14 09:30:00-08:00,1.9021584698,1.64117,2.9487946,3.3329601,0.28924626
2019-02-14 09:45:00-08:00,0.3375817314,4.426311,3.5181599,4.501498,0.29412937
2019-02-14 10:00:00-08:00,0.0588369801333333,3.7946482,3.8027868,5.6646357,0.30303645
2019-02-14 10:15:00-08:00,4.551296507933333,6.914506,5.079256,6.778227,0.30909887
2019-02-14 10:30:00-08:00,3.1158000728666666,9.489889,5.898283,8.034773,0.305376
2019-02-14 10:45:00-08:00,0.8251537162,11.152648,6.473605,9.252512,0.30754668
2019-02-14 11:00:00-08:00,0.4225161804666666,9.869788,7.8899317,10.520256,0.31029207
2019-02-14 11:15:00-08:00,3.6880419035999994,8.055749,9.21204,11.642225,0.3063613
2019-02-14 11:30:00-08:00,2.796735645866667,6.269146,10.618852,12.64636,0.3200849
2019-02-14 11:45:00-08:00,1.4474542772,13.130459,11.5836525,13.592167,0.32953808
2019-02-14 12:00:00-08:00,1.1687572008,7.1558332,13.440577,14.501797,0.32805267
2019-02-14 12:15:00-08:00,1.020241824466667,11.282978,14.469324,15.178362,0.33853823
2019-02-14 12:30:00-08:00,3.7441988129999997,8.094473,15.671837,15.736164,0.33976108
2019-02-14 12:45:00-08:00,15.582291556,15.751783,16.700438,16.2879,0.35064468
2019-02-14 13:00:00-08:00,5.864647297666667,22.367657,17.018124,16.452873,0.3570994
2019-02-14 13:15:00-08:00,4.4091173894,14.448759,18.23636,16.53837,0.36415112
2019-02-14 13:30:00-08:00,4.663167464733333,14.763483,18.345123,16.628834,0.36047375
2019-02-14 13:45:00-08:00,17.397524380466667,12.037704,18.74591,16.502712,0.36576188
2019-02-14 14:00:00-08:00,8.6767089466,17.505577,19.254944,16.190811,0.3795374
2019-02-14 14:15:00-08:00,6.170894505333334,12.080403,19.156042,15.742605,0.38695478
2019-02-14 14:30:00-08:00,15.706156605,11.625381,18.858847,15.070801,0.40087497
2019-02-14 14:45:00-08:00,13.810524806666669,13.936775,18.59377,14.359964,0.4125401
2019-02-14 15:00:00-08:00,2.268743699133333,13.170946,18.213287,13.276814,0.4229054
2019-02-14 15:15:00-08:00,6.003100574933334,15.662874,17.3675,12.29464,0.445463
2019-02-14 15:30:00-08:00,4.2927599288666665,13.127571,16.068295,11.077311,0.43984848
2019-02-14 15:45:00-08:00,8.4515251958,9.733186,14.164597,9.862424,0.44130313
2019-02-14 16:00:00-08:00,1.9911252614666664,8.89842,12.462145,8.643192,0.43858856
2019-02-14 16:15:00-08:00,1.271030601,13.263442,9.989396,7.377295,0.4344804
2019-02-14 16:30:00-08:00,1.0910313056666665,6.2145987,8.134327,6.1778774,0.40599462
2019-02-14 16:45:00-08:00,2.5748216858,4.459237,6.163626,5.131351,0.373658
2019-02-14 17:00:00-08:00,1.0494729118666666,2.4068425,4.276814,4.060505,0.32164848
2019-02-14 17:15:00-08:00,0.0,2.2686327,2.4832098,3.0713267,0.2488706
2019-02-14 17:30:00-08:00,0.0,0.08589062,0.8528604,2.2238808,0.2008317
2019-02-14 17:45:00-08:00,0.0,0.0,0.0,1.5743165,0.15058349
2019-02-14 18:00:00-08:00,0.0,0.0,0.0,0.0,0.0
2019-02-14 18:15:00-08:00,0.0,0.0,0.0,0.0,0.0
2019-02-14 18:30:00-08:00,0.0,0.0,0.0,0.0,0.0
2019-02-14 18:45:00-08:00,0.0,0.0,0.0,0.0,0.0
2019-02-14 19:00:00-08:00,0.0,0.0,0.0,0.0,0.0
2019-02-14 19:15:00-08:00,0.0,0.0,0.0,0.0,0.0
2019-02-14 19:30:00-08:00,0.0,0.0,0.0,0.0,0.0
2019-02-14 19:45:00-08:00,0.0,0.0,0.0,0.0,0.0
2019-02-14 20:00:00-08:00,0.0,0.0,0.0,0.0,0.0
2019-02-14 20:15:00-08:00,0.0,0.0,0.0,0.0,0.0
2019-02-14 20:30:00-08:00,0.0,0.0,0.0,0.0,0.0
2019-02-14 20:45:00-08:00,0.0,0.0,0.0,0.0,0.0
2019-02-14 21:00:00-08:00,0.0,0.0,0.0,0.0,0.0
2019-02-14 21:15:00-08:00,0.0,0.0,0.0,0.0,0.0
2019-02-14 21:30:00-08:00,0.0,0.0,0.0,0.0,0.0
2019-02-14 21:45:00-08:00,0.0,0.0,0.0,0.0,0.0
2019-02-14 22:00:00-08:00,0.0,0.0,0.0,0.0,0.0
2019-02-14 22:15:00-08:00,0.0,0.0,0.0,0.0,0.0
2019-02-14 22:30:00-08:00,0.0,0.0,0.0,0.0,0.0
2019-02-14 22:45:00-08:00,0.0,0.0,0.0,0.0,0.0
2019-02-14 23:00:00-08:00,0.0,0.0,0.0,0.0,0.0
2019-02-14 23:15:00-08:00,0.0,0.0,0.0,0.0,0.0
2019-02-14 23:30:00-08:00,0.0,0.0,0.0,0.0,0.0
2019-02-14 23:45:00-08:00,0.0,0.0,0.0,0.0,0.0
2019-02-15 00:00:00-08:00,0.0,0.0,0.0,0.0,0.0
2019-02-15 00:15:00-08:00,0.0,0.0,0.0,0.0,0.0
2019-02-15 00:30:00-08:00,0.0,0.0,0.0,0.0,0.0
2019-02-15 00:45:00-08:00,0.0,0.0,0.0,0.0,0.0
2019-02-15 01:00:00-08:00,0.0,0.0,0.0,0.0,0.0
2019-02-15 01:15:00-08:00,0.0,0.0,0.0,0.0,0.0
2019-02-15 01:30:00-08:00,0.0,0.0,0.0,0.0,0.0
2019-02-15 01:45:00-08:00,0.0,0.0,0.0,0.0,0.0
2019-02-15 02:00:00-08:00,0.0,0.0,0.0,0.0,0.0
2019-02-15 02:15:00-08:00,0.0,0.0,0.0,0.0,0.0
2019-02-15 02:30:00-08:00,0.0,0.0,0.0,0.0,0.0
2019-02-15 02:45:00-08:00,0.0,0.0,0.0,0.0,0.0
2019-02-15 03:00:00-08:00,0.0,0.0,0.0,0.0,0.0
2019-02-15 03:15:00-08:00,0.0,0.0,0.0,0.0,0.0
2019-02-15 03:30:00-08:00,0.0,0.0,0.0,0.0,0.0
2019-02-15 03:45:00-08:00,0.0,0.0,0.0,0.0,0.0
2019-02-15 04:00:00-08:00,0.0,0.0,0.0,0.0,0.0
2019-02-15 04:15:00-08:00,0.0,0.0,0.0,0.0,0.0
2019-02-15 04:30:00-08:00,0.0,0.0,0.0,0.0,0.0
2019-02-15 04:45:00-08:00,0.0,0.0,0.0,0.0,0.0
2019-02-15 05:00:00-08:00,0.0,0.0,0.0,0.0,0.0
2019-02-15 05:15:00-08:00,0.0,0.0,0.0,0.0,0.0
2019-02-15 05:30:00-08:00,0.0,0.0,0.0,0.0,0.0
2019-02-15 05:45:00-08:00,0.0,0.0,0.0,0.0,0.0
2019-02-15 06:00:00-08:00,0.0,0.0,0.0,0.0,0.0
2019-02-15 06:15:00-08:00,0.0,0.0,0.0,0.0,0.0
2019-02-15 06:30:00-08:00,0.0,0.0,0.0,0.0,0.0
2019-02-15 06:45:00-08:00,0.0,0.0,0.0,0.0,0.0
2019-02-15 07:00:00-08:00,0.0,0.0,0.9380214,0.45549822,0.09215258
2019-02-15 07:15:00-08:00,0.0,0.0,1.5478058,0.24619967,0.14526424
2019-02-15 07:30:00-08:00,0.0329386477333333,0.6199093,2.0842814,0.10377373,0.18536796
2019-02-15 07:45:00-08:00,0.7178682370666666,0.6892832,3.1063979,0.061919242,0.24164712
2019-02-15 08:00:00-08:00,1.2200574648666669,1.1327459,4.1437993,0.055864446,0.273213
2019-02-15 08:15:00-08:00,6.1270123914,2.0336432,5.52699,0.27153328,0.30710435
2019-02-15 08:30:00-08:00,7.783335070533332,3.0993397,6.6305656,0.436715,0.34357065
2019-02-15 08:45:00-08:00,9.121215339533334,2.4199357,8.00936,0.8356619,0.3751815
2019-02-15 09:00:00-08:00,6.991542936733333,2.4810467,9.12661,1.2646542,0.41043153
2019-02-15 09:15:00-08:00,7.367291672266666,2.3999386,9.899303,1.8091996,0.41663843
2019-02-15 09:30:00-08:00,3.5472729929333333,3.7589364,10.7388,2.5196354,0.43869057
2019-02-15 09:45:00-08:00,11.2191335786,2.8382263,11.406507,3.4557233,0.44786137
2019-02-15 10:00:00-08:00,20.799582969333333,5.2024107,11.8012905,4.3466754,0.45500922
2019-02-15 10:15:00-08:00,13.127572656933332,4.862038,12.3589325,5.2974505,0.4581942
2019-02-15 10:30:00-08:00,12.907400680266667,6.614529,12.894422,6.421396,0.45996827
2019-02-15 10:45:00-08:00,1.2809248096,7.272155,13.109153,7.541461,0.46917856
2019-02-15 11:00:00-08:00,20.38895584053333,6.765288,13.625645,8.7380085,0.46814138
2019-02-15 11:15:00-08:00,22.981852526666668,7.3343735,13.882767,9.974607,0.462251
2019-02-15 11:30:00-08:00,24.465747858666663,6.3709764,14.091852,11.116742,0.46110016
2019-02-15 11:45:00-08:00,9.478339429533332,4.9348454,13.82752,12.292545,0.4578283
2019-02-15 12:00:00-08:00,19.285275568,7.3856463,13.6142845,13.456871,0.4570489
2019-02-15 12:15:00-08:00,2.155768778666667,8.4353695,13.295866,14.29246,0.46372935
2019-02-15 12:30:00-08:00,8.332103264266665,11.693845,12.996696,15.159582,0.4547878
2019-02-15 12:45:00-08:00,25.636824917999995,10.676575,12.59325,15.899062,0.4501344
2019-02-15 13:00:00-08:00,24.669519077333334,13.175028,12.145784,16.323605,0.45562014
2019-02-15 13:15:00-08:00,24.47412958066667,12.035444,11.969144,16.484924,0.4567179
2019-02-15 13:30:00-08:00,20.4168761184,13.382395,11.561106,16.634523,0.44886428
2019-02-15 13:45:00-08:00,8.375714579733334,14.34255,11.259523,16.527718,0.45688954
2019-02-15 14:00:00-08:00,6.211843055599999,9.715373,10.72042,16.247494,0.4629364
2019-02-15 14:15:00-08:00,3.615610863733333,8.302937,10.187016,15.793291,0.46275195
2019-02-15 14:30:00-08:00,8.009633492333334,9.201299,9.683113,15.146866,0.48126456
2019-02-15 14:45:00-08:00,8.382637387933334,8.811428,9.141303,14.507864,0.48105603
2019-02-15 15:00:00-08:00,22.923643357333333,8.335554,8.545342,13.528635,0.4884944
2019-02-15 15:15:00-08:00,13.471880389733334,8.76555,7.8565454,12.635429,0.50330776
2019-02-15 15:30:00-08:00,9.333828832933332,10.3083935,7.004363,11.515301,0.49425644
2019-02-15 15:45:00-08:00,14.817522531666667,9.731983,5.800992,10.544016,0.49704427
2019-02-15 16:00:00-08:00,4.618189972933334,7.6405864,4.849409,9.50687,0.49583572
2019-02-15 16:15:00-08:00,1.0300264484,3.709077,3.5077364,8.486701,0.4914133
2019-02-15 16:30:00-08:00,0.8989529382666666,6.1326647,2.4739363,7.4495115,0.4683646
2019-02-15 16:45:00-08:00,1.2945515704,3.3748527,1.5004103,6.5521927,0.44521797
2019-02-15 17:00:00-08:00,0.0268001043333333,1.1156114,0.7049162,5.595944,0.38664532
2019-02-15 17:15:00-08:00,0.3965141437333333,2.385085,0.014937323,4.68493,0.31520903
2019-02-15 17:30:00-08:00,0.0106929697333333,0.0,0.0,3.9097402,0.26967204
2019-02-15 17:45:00-08:00,0.0,0.0,0.0,3.1764064,0.21400917
2019-02-15 18:00:00-08:00,0.0,0.0,0.0,0.0,0.0
2019-02-15 18:15:00-08:00,0.0,0.0,0.0,0.0,0.0
2019-02-15 18:30:00-08:00,0.0,0.0,0.0,0.0,0.0
2019-02-15 18:45:00-08:00,0.0,0.0,0.0,0.0,0.0
2019-02-15 19:00:00-08:00,0.0,0.0,0.0,0.0,0.0
2019-02-15 19:15:00-08:00,0.0,0.0,0.0,0.0,0.0
2019-02-15 19:30:00-08:00,0.0,0.0,0.0,0.0,0.0
2019-02-15 19:45:00-08:00,0.0,0.0,0.0,0.0,0.0
2019-02-15 20:00:00-08:00,0.0,0.0,0.0,0.0,0.0
2019-02-15 20:15:00-08:00,0.0,0.0,0.0,0.0,0.0
2019-02-15 20:30:00-08:00,0.0,0.0,0.0,0.0,0.0
2019-02-15 20:45:00-08:00,0.0,0.0,0.0,0.0,0.0
2019-02-15 21:00:00-08:00,0.0,0.0,0.0,0.0,0.0
2019-02-15 21:15:00-08:00,0.0,0.0,0.0,0.0,0.0
2019-02-15 21:30:00-08:00,0.0,0.0,0.0,0.0,0.0
2019-02-15 21:45:00-08:00,0.0,0.0,0.0,0.0,0.0
2019-02-15 22:00:00-08:00,0.0,0.0,0.0,0.0,0.0
2019-02-15 22:15:00-08:00,0.0,0.0,0.0,0.0,0.0
2019-02-15 22:30:00-08:00,0.0,0.0,0.0,0.0,0.0
2019-02-15 22:45:00-08:00,0.0,0.0,0.0,0.0,0.0
2019-02-15 23:00:00-08:00,0.0,0.0,0.0,0.0,0.0
2019-02-15 23:15:00-08:00,0.0,0.0,0.0,0.0,0.0
2019-02-15 23:30:00-08:00,0.0,0.0,0.0,0.0,0.0
2019-02-15 23:45:00-08:00,0.0,0.0,0.0,0.0,0.0
2019-02-16 00:00:00-08:00,0.0,0.0,0.0,0.0,0.0
2019-02-16 00:15:00-08:00,0.0,0.0,0.0,0.0,0.0
2019-02-16 00:30:00-08:00,0.0,0.0,0.0,0.0,0.0
2019-02-16 00:45:00-08:00,0.0,0.0,0.0,0.0,0.0
2019-02-16 01:00:00-08:00,0.0,0.0,0.0,0.0,0.0
2019-02-16 01:15:00-08:00,0.0,0.0,0.0,0.0,0.0
2019-02-16 01:30:00-08:00,0.0,0.0,0.0,0.0,0.0
2019-02-16 01:45:00-08:00,0.0,0.0,0.0,0.0,0.0
2019-02-16 02:00:00-08:00,0.0,0.0,0.0,0.0,0.0
2019-02-16 02:15:00-08:00,0.0,0.0,0.0,0.0,0.0
2019-02-16 02:30:00-08:00,0.0,0.0,0.0,0.0,0.0
2019-02-16 02:45:00-08:00,0.0,0.0,0.0,0.0,0.0
2019-02-16 03:00:00-08:00,0.0,0.0,0.0,0.0,0.0
2019-02-16 03:15:00-08:00,0.0,0.0,0.0,0.0,0.0
2019-02-16 03:30:00-08:00,0.0,0.0,0.0,0.0,0.0
2019-02-16 03:45:00-08:00,0.0,0.0,0.0,0.0,0.0
2019-02-16 04:00:00-08:00,0.0,0.0,0.0,0.0,0.0
2019-02-16 04:15:00-08:00,0.0,0.0,0.0,0.0,0.0
2019-02-16 04:30:00-08:00,0.0,0.0,0.0,0.0,0.0
2019-02-16 04:45:00-08:00,0.0,0.0,0.0,0.0,0.0
2019-02-16 05:00:00-08:00,0.0,0.0,0.0,0.0,0.0
2019-02-16 05:15:00-08:00,0.0,0.0,0.0,0.0,0.0
2019-02-16 05:30:00-08:00,0.0,0.0,0.0,0.0,0.0
2019-02-16 05:45:00-08:00,0.0,0.0,0.0,0.0,0.0
2019-02-16 06:00:00-08:00,0.0,0.0,0.0,0.0,0.0
2019-02-16 06:15:00-08:00,0.0,0.0,0.0,0.0,0.0
2019-02-16 06:30:00-08:00,0.0,0.0,0.0,0.0,0.0
2019-02-16 06:45:00-08:00,0.0,0.0,0.0,0.0,0.0
2019-02-16 07:00:00-08:00,0.0098912992,0.17645255,0.9470787,0.10300769,0.17565331
2019-02-16 07:15:00-08:00,0.0741495487333332,0.24020903,1.2106408,0.09925995,0.25861037
2019-02-16 07:30:00-08:00,0.0209872561333333,0.7800422,1.5217268,0.23674084,0.33783707
2019-02-16 07:45:00-08:00,1.0330246791333335,0.6878291,2.1249695,0.23453969,0.43988568
2019-02-16 08:00:00-08:00,2.2595361048,2.46143,3.0190053,0.28214297,0.5032093
2019-02-16 08:15:00-08:00,6.732789375866666,3.8524926,3.9100885,0.40626302,0.5674778
2019-02-16 08:30:00-08:00,8.691680541199998,4.30297,4.6574736,0.5782354,0.6250719
2019-02-16 08:45:00-08:00,10.593543684333332,6.5943727,5.642459,0.75074744,0.67633414
2019-02-16 09:00:00-08:00,12.476853352666664,5.954045,6.5730143,0.90670717,0.71675706
2019-02-16 09:15:00-08:00,7.1058709918666665,6.4822664,7.289956,1.2404349,0.71953285
2019-02-16 09:30:00-08:00,14.602831744733336,7.308838,8.183681,1.6532526,0.730492
2019-02-16 09:45:00-08:00,17.386186022333334,9.812107,9.1396,2.0856364,0.73149157
2019-02-16 10:00:00-08:00,6.0142156398666655,6.7002997,9.818791,2.718143,0.73544145
2019-02-16 10:15:00-08:00,19.952558395333337,8.676566,10.976419,3.2499783,0.7231192
2019-02-16 10:30:00-08:00,9.752751921466666,9.303122,12.011693,3.932383,0.71153426
2019-02-16 10:45:00-08:00,6.8506141707333335,7.520317,12.684183,4.5408564,0.7102432
2019-02-16 11:00:00-08:00,21.595820428,9.697739,13.787224,5.0522814,0.70531535
2019-02-16 11:15:00-08:00,23.594741741133333,11.626745,14.648598,5.4381704,0.69843304
2019-02-16 11:30:00-08:00,6.747212291266666,17.779308,15.252262,5.7763243,0.7024336
2019-02-16 11:45:00-08:00,15.917829798599998,14.440006,15.470211,6.172799,0.6849255
2019-02-16 12:00:00-08:00,15.847549342866664,16.567112,15.952408,6.388926,0.6704167
2019-02-16 12:15:00-08:00,17.8767520958,16.16153,16.19482,6.559701,0.67486537
2019-02-16 12:30:00-08:00,25.171901767799998,12.971094,16.385813,6.6852307,0.66724366
2019-02-16 12:45:00-08:00,9.9940123534,14.619228,16.524797,6.8953757,0.6698565
2019-02-16 13:00:00-08:00,6.335545946533332,11.446961,16.427954,6.857378,0.67703986
2019-02-16 13:15:00-08:00,6.2309133436,9.449906,16.79799,6.8221436,0.68994474
2019-02-16 13:30:00-08:00,17.643557434,11.542842,16.678192,6.8340855,0.68491197
2019-02-16 13:45:00-08:00,24.01713231333333,8.2624855,16.655224,6.688312,0.69928145
2019-02-16 14:00:00-08:00,7.730472777,7.71976,16.512209,6.4915648,0.7232804
2019-02-16 14:15:00-08:00,15.634552382933332,6.008232,16.130772,6.2026443,0.7219334
2019-02-16 14:30:00-08:00,21.395228438666667,10.752707,15.634605,5.8111653,0.75876105
2019-02-16 14:45:00-08:00,12.33699324853333,10.073253,15.235708,5.38186,0.7651949
2019-02-16 15:00:00-08:00,9.915229521266667,10.94603,14.577265,4.7910476,0.7803178
2019-02-16 15:15:00-08:00,15.809547424466666,11.097252,13.671339,4.3650007,0.80121326
2019-02-16 15:30:00-08:00,14.3144363926,11.28347,12.548428,3.9242902,0.81261116
2019-02-16 15:45:00-08:00,14.570577579333332,12.324114,11.015457,3.302554,0.8152584
2019-02-16 16:00:00-08:00,9.563898194733332,8.718668,9.556019,2.9512475,0.81031895
2019-02-16 16:15:00-08:00,1.862734839333333,6.533169,7.724988,2.4247937,0.7932142
2019-02-16 16:30:00-08:00,4.649447128199999,5.1480193,6.156641,2.1344552,0.7282271
2019-02-16 16:45:00-08:00,6.826695393266667,2.79325,4.627735,1.9813356,0.6399519
2019-02-16 17:00:00-08:00,1.7239918618,1.4388398,3.3042607,1.6992828,0.5264417
2019-02-16 17:15:00-08:00,0.1550587411333333,1.7189054,1.9697574,1.5011749,0.38854247
2019-02-16 17:30:00-08:00,0.0025611236666666,0.11296597,0.91491187,1.270118,0.29210618
2019-02-16 17:45:00-08:00,0.0,0.048200827,0.18689965,1.15568,0.17026177
2019-02-16 18:00:00-08:00,0.0,0.0,0.0,0.0,0.0
2019-02-16 18:15:00-08:00,0.0,0.0,0.0,0.0,0.0
2019-02-16 18:30:00-08:00,0.0,0.0,0.0,0.0,0.0
2019-02-16 18:45:00-08:00,0.0,0.0,0.0,0.0,0.0
2019-02-16 19:00:00-08:00,0.0,0.0,0.0,0.0,0.0
2019-02-16 19:15:00-08:00,0.0,0.0,0.0,0.0,0.0
2019-02-16 19:30:00-08:00,0.0,0.0,0.0,0.0,0.0
2019-02-16 19:45:00-08:00,0.0,0.0,0.0,0.0,0.0
2019-02-16 20:00:00-08:00,0.0,0.0,0.0,0.0,0.0
2019-02-16 20:15:00-08:00,0.0,0.0,0.0,0.0,0.0
2019-02-16 20:30:00-08:00,0.0,0.0,0.0,0.0,0.0
2019-02-16 20:45:00-08:00,0.0,0.0,0.0,0.0,0.0
2019-02-16 21:00:00-08:00,0.0,0.0,0.0,0.0,0.0
2019-02-16 21:15:00-08:00,0.0,0.0,0.0,0.0,0.0
2019-02-16 21:30:00-08:00,0.0,0.0,0.0,0.0,0.0
2019-02-16 21:45:00-08:00,0.0,0.0,0.0,0.0,0.0
2019-02-16 22:00:00-08:00,0.0,0.0,0.0,0.0,0.0
2019-02-16 22:15:00-08:00,0.0,0.0,0.0,0.0,0.0
2019-02-16 22:30:00-08:00,0.0,0.0,0.0,0.0,0.0
2019-02-16 22:45:00-08:00,0.0,0.0,0.0,0.0,0.0
2019-02-16 23:00:00-08:00,0.0,0.0,0.0,0.0,0.0
2019-02-16 23:15:00-08:00,0.0,0.0,0.0,0.0,0.0
2019-02-16 23:30:00-08:00,0.0,0.0,0.0,0.0,0.0
2019-02-16 23:45:00-08:00,0.0,0.0,0.0,0.0,0.0
2019-02-17 00:00:00-08:00,0.0,0.0,0.0,0.0,0.0
2019-02-17 00:15:00-08:00,0.0,0.0,0.0,0.0,0.0
2019-02-17 00:30:00-08:00,0.0,0.0,0.0,0.0,0.0
2019-02-17 00:45:00-08:00,0.0,0.0,0.0,0.0,0.0
2019-02-17 01:00:00-08:00,0.0,0.0,0.0,0.0,0.0
2019-02-17 01:15:00-08:00,0.0,0.0,0.0,0.0,0.0
2019-02-17 01:30:00-08:00,0.0,0.0,0.0,0.0,0.0
2019-02-17 01:45:00-08:00,0.0,0.0,0.0,0.0,0.0
2019-02-17 02:00:00-08:00,0.0,0.0,0.0,0.0,0.0
2019-02-17 02:15:00-08:00,0.0,0.0,0.0,0.0,0.0
2019-02-17 02:30:00-08:00,0.0,0.0,0.0,0.0,0.0
2019-02-17 02:45:00-08:00,0.0,0.0,0.0,0.0,0.0
2019-02-17 03:00:00-08:00,0.0,0.0,0.0,0.0,0.0
2019-02-17 03:15:00-08:00,0.0,0.0,0.0,0.0,0.0
2019-02-17 03:30:00-08:00,0.0,0.0,0.0,0.0,0.0
2019-02-17 03:45:00-08:00,0.0,0.0,0.0,0.0,0.0
2019-02-17 04:00:00-08:00,0.0,0.0,0.0,0.0,0.0
2019-02-17 04:15:00-08:00,0.0,0.0,0.0,0.0,0.0
2019-02-17 04:30:00-08:00,0.0,0.0,0.0,0.0,0.0
2019-02-17 04:45:00-08:00,0.0,0.0,0.0,0.0,0.0
2019-02-17 05:00:00-08:00,0.0,0.0,0.0,0.0,0.0
2019-02-17 05:15:00-08:00,0.0,0.0,0.0,0.0,0.0
2019-02-17 05:30:00-08:00,0.0,0.0,0.0,0.0,0.0
2019-02-17 05:45:00-08:00,0.0,0.0,0.0,0.0,0.0
2019-02-17 06:00:00-08:00,0.0,0.0,0.0,0.0,0.0
2019-02-17 06:15:00-08:00,0.0,0.0,0.0,0.0,0.0
2019-02-17 06:30:00-08:00,0.0,0.0,0.0,0.0,0.0
2019-02-17 06:45:00-08:00,0.0,0.0,0.0,0.0,0.0
2019-02-17 07:00:00-08:00,0.0,0.024134133,0.5310745,0.44062072,0.2052644
2019-02-17 07:15:00-08:00,0.2966627633333333,1.6854014,0.94921786,1.0061505,0.321879
2019-02-17 07:30:00-08:00,1.6388613806,1.3088123,1.5683224,1.7764664,0.44899243
2019-02-17 07:45:00-08:00,3.0266537870666657,1.8898312,2.7658944,2.8632398,0.6048182
2019-02-17 08:00:00-08:00,4.977946118133333,4.001052,4.111407,4.049985,0.7009264
2019-02-17 08:15:00-08:00,7.073639399666667,6.977218,5.706922,5.3724394,0.8122882
2019-02-17 08:30:00-08:00,9.0309680596,7.562604,7.373945,6.8093476,0.91104317
2019-02-17 08:45:00-08:00,10.787031937866669,8.700883,9.18623,8.393549,1.0046086
2019-02-17 09:00:00-08:00,11.977337855866669,8.936401,10.869648,9.882246,1.0750327
2019-02-17 09:15:00-08:00,13.431966328533337,12.065821,12.312243,11.435608,1.0820596
2019-02-17 09:30:00-08:00,16.503224864666667,11.652393,13.799269,12.746328,1.1016077
2019-02-17 09:45:00-08:00,16.270324446,12.883337,15.348063,14.335516,1.1089649
2019-02-17 10:00:00-08:00,13.367370161800002,15.686671,16.232138,15.683065,1.1185087
2019-02-17 10:15:00-08:00,12.454379326199998,17.560894,17.621925,16.876894,1.1059016
2019-02-17 10:30:00-08:00,19.25292947953333,18.528433,18.945215,17.944458,1.0845213
2019-02-17 10:45:00-08:00,15.830796220333331,18.509193,19.599201,18.854572,1.0780299
2019-02-17 11:00:00-08:00,15.948347202066666,19.87362,20.750732,19.708462,1.0797468
2019-02-17 11:15:00-08:00,14.969073755533332,18.18578,21.548637,20.46812,1.0741286
2019-02-17 11:30:00-08:00,25.654837020666662,19.321812,22.357742,20.94608,1.0711304
2019-02-17 11:45:00-08:00,22.500229672,22.243885,22.402699,21.313381,1.0418148
2019-02-17 12:00:00-08:00,18.30509788746667,20.900059,22.74416,21.720284,1.0162057
2019-02-17 12:15:00-08:00,23.451503088,21.225834,22.745468,21.877415,1.0247575
2019-02-17 12:30:00-08:00,25.42424104333333,22.862286,22.657543,21.980797,1.0085366
2019-02-17 12:45:00-08:00,20.81509717533333,18.324213,22.104065,22.06558,1.010405
2019-02-17 13:00:00-08:00,16.729743394333333,21.842733,21.278381,21.823448,1.014487
2019-02-17 13:15:00-08:00,21.839503989466667,19.914408,20.840681,21.56288,1.0278881
2019-02-17 13:30:00-08:00,23.89613895333333,18.774666,20.109388,21.361721,1.0243037
2019-02-17 13:45:00-08:00,23.525471313333338,22.418505,19.391209,21.016573,1.0413547
2019-02-17 14:00:00-08:00,22.90722171,19.57697,18.699924,20.569448,1.0658066
2019-02-17 14:15:00-08:00,22.375531868,17.44108,18.101685,19.888887,1.0613062
2019-02-17 14:30:00-08:00,17.6358876256,19.327835,17.374989,19.08664,1.1044225
2019-02-17 14:45:00-08:00,11.151676183533334,16.485365,16.866343,18.185127,1.1079159
2019-02-17 15:00:00-08:00,10.8160800154,14.83441,16.269142,16.927174,1.1257625
2019-02-17 15:15:00-08:00,17.684644883333334,15.236221,15.488637,15.7040615,1.14789
2019-02-17 15:30:00-08:00,15.710584735333336,11.445203,14.173579,14.224362,1.1709621
2019-02-17 15:45:00-08:00,10.3324405148,11.5239105,12.723585,12.684983,1.1749125
2019-02-17 16:00:00-08:00,12.603382149533331,9.88816,10.983934,11.103237,1.1619291
2019-02-17 16:15:00-08:00,11.383600380666666,8.810212,9.0488825,9.320555,1.134339
2019-02-17 16:30:00-08:00,9.2280584352,6.6581197,7.2293196,7.612497,1.0415072
2019-02-17 16:45:00-08:00,7.050575316133332,4.4102316,5.465026,6.050906,0.9159986
2019-02-17 17:00:00-08:00,3.3427673884,2.7974777,3.8794012,4.494489,0.74922097
2019-02-17 17:15:00-08:00,0.0822053121333333,0.73813623,2.2144644,3.0629902,0.55573714
2019-02-17 17:30:00-08:00,0.0,0.33108962,1.0737859,1.9282898,0.41437203
2019-02-17 17:45:00-08:00,0.0,0.19111754,0.21217695,1.1154709,0.23828606
2019-02-17 18:00:00-08:00,0.0,0.0,0.0,0.0,0.0
2019-02-17 18:15:00-08:00,0.0,0.0,0.0,0.0,0.0
2019-02-17 18:30:00-08:00,0.0,0.0,0.0,0.0,0.0
2019-02-17 18:45:00-08:00,0.0,0.0,0.0,0.0,0.0
2019-02-17 19:00:00-08:00,0.0,0.0,0.0,0.0,0.0
2019-02-17 19:15:00-08:00,0.0,0.0,0.0,0.0,0.0
2019-02-17 19:30:00-08:00,0.0,0.0,0.0,0.0,0.0
2019-02-17 19:45:00-08:00,0.0,0.0,0.0,0.0,0.0
2019-02-17 20:00:00-08:00,0.0,0.0,0.0,0.0,0.0
2019-02-17 20:15:00-08:00,0.0,0.0,0.0,0.0,0.0
2019-02-17 20:30:00-08:00,0.0,0.0,0.0,0.0,0.0
2019-02-17 20:45:00-08:00,0.0,0.0,0.0,0.0,0.0
2019-02-17 21:00:00-08:00,0.0,0.0,0.0,0.0,0.0
2019-02-17 21:15:00-08:00,0.0,0.0,0.0,0.0,0.0
2019-02-17 21:30:00-08:00,0.0,0.0,0.0,0.0,0.0
2019-02-17 21:45:00-08:00,0.0,0.0,0.0,0.0,0.0
2019-02-17 22:00:00-08:00,0.0,0.0,0.0,0.0,0.0
2019-02-17 22:15:00-08:00,0.0,0.0,0.0,0.0,0.0
2019-02-17 22:30:00-08:00,0.0,0.0,0.0,0.0,0.0
2019-02-17 22:45:00-08:00,0.0,0.0,0.0,0.0,0.0
2019-02-17 23:00:00-08:00,0.0,0.0,0.0,0.0,0.0
2019-02-17 23:15:00-08:00,0.0,0.0,0.0,0.0,0.0
2019-02-17 23:30:00-08:00,0.0,0.0,0.0,0.0,0.0
2019-02-17 23:45:00-08:00,0.0,0.0,0.0,0.0,0.0
2019-02-18 00:00:00-08:00,0.0,0.0,0.0,0.0,0.0
2019-02-18 00:15:00-08:00,0.0,0.0,0.0,0.0,0.0
2019-02-18 00:30:00-08:00,0.0,0.0,0.0,0.0,0.0
2019-02-18 00:45:00-08:00,0.0,0.0,0.0,0.0,0.0
2019-02-18 01:00:00-08:00,0.0,0.0,0.0,0.0,0.0
2019-02-18 01:15:00-08:00,0.0,0.0,0.0,0.0,0.0
2019-02-18 01:30:00-08:00,0.0,0.0,0.0,0.0,0.0
2019-02-18 01:45:00-08:00,0.0,0.0,0.0,0.0,0.0
2019-02-18 02:00:00-08:00,0.0,0.0,0.0,0.0,0.0
2019-02-18 02:15:00-08:00,0.0,0.0,0.0,0.0,0.0
2019-02-18 02:30:00-08:00,0.0,0.0,0.0,0.0,0.0
2019-02-18 02:45:00-08:00,0.0,0.0,0.0,0.0,0.0
2019-02-18 03:00:00-08:00,0.0,0.0,0.0,0.0,0.0
2019-02-18 03:15:00-08:00,0.0,0.0,0.0,0.0,0.0
2019-02-18 03:30:00-08:00,0.0,0.0,0.0,0.0,0.0
2019-02-18 03:45:00-08:00,0.0,0.0,0.0,0.0,0.0
2019-02-18 04:00:00-08:00,0.0,0.0,0.0,0.0,0.0
2019-02-18 04:15:00-08:00,0.0,0.0,0.0,0.0,0.0
2019-02-18 04:30:00-08:00,0.0,0.0,0.0,0.0,0.0
2019-02-18 04:45:00-08:00,0.0,0.0,0.0,0.0,0.0
2019-02-18 05:00:00-08:00,0.0,0.0,0.0,0.0,0.0
2019-02-18 05:15:00-08:00,0.0,0.0,0.0,0.0,0.0
2019-02-18 05:30:00-08:00,0.0,0.0,0.0,0.0,0.0
2019-02-18 05:45:00-08:00,0.0,0.0,0.0,0.0,0.0
2019-02-18 06:00:00-08:00,0.0,0.0,0.0,0.0,0.0
2019-02-18 06:15:00-08:00,0.0,0.0,0.0,0.0,0.0
2019-02-18 06:30:00-08:00,0.0,0.0,0.0,0.0,0.0
2019-02-18 06:45:00-08:00,0.0,0.0,0.0,0.0,0.0
2019-02-18 07:00:00-08:00,0.0688199675333333,0.116813935,0.99199545,1.004456,0.3726234
2019-02-18 07:15:00-08:00,0.9948879672666668,0.4070322,1.4767288,1.834218,0.5279286
2019-02-18 07:30:00-08:00,2.3242129543333334,1.4589102,2.056696,2.9194813,0.6909608
2019-02-18 07:45:00-08:00,3.5608498098,2.8216236,3.1720028,4.3035545,0.87294084
2019-02-18 08:00:00-08:00,5.398551055733333,4.972391,4.509432,5.7913895,0.98449385
2019-02-18 08:15:00-08:00,7.436569195200001,7.456763,6.110794,7.4267993,1.1076038
2019-02-18 08:30:00-08:00,9.506213160866666,10.360147,7.7016106,9.103026,1.2175946
2019-02-18 08:45:00-08:00,11.263164014,11.438531,9.498811,10.925146,1.3065461
2019-02-18 09:00:00-08:00,12.909921452,13.606205,11.214686,12.562544,1.3705082
2019-02-18 09:15:00-08:00,14.447448972666662,14.100807,12.722875,14.127787,1.3631411
2019-02-18 09:30:00-08:00,15.947098078666665,14.224524,13.981811,15.47579,1.3660159
2019-02-18 09:45:00-08:00,17.340308768666667,16.75345,15.4521885,17.023758,1.3551645
2019-02-18 10:00:00-08:00,18.48383821666667,19.290295,16.215364,18.34452,1.347477
2019-02-18 10:15:00-08:00,19.537257150666665,20.148752,17.2946,19.390858,1.3188113
2019-02-18 10:30:00-08:00,20.472398699333336,18.781437,18.17245,20.336554,1.2813966
2019-02-18 10:45:00-08:00,21.210056546666667,20.270788,18.449614,21.054144,1.2606893
2019-02-18 11:00:00-08:00,21.842983040666667,21.361153,18.982275,21.746582,1.2758824
2019-02-18 11:15:00-08:00,22.425911682,18.989338,19.436647,22.273184,1.2715871
2019-02-18 11:30:00-08:00,22.84422443133333,22.998283,19.80091,22.62936,1.2651463
2019-02-18 11:45:00-08:00,23.24847081733333,23.48841,19.688538,22.887695,1.2327058
2019-02-18 12:00:00-08:00,23.529099692,23.536396,20.063812,23.170507,1.2025342
2019-02-18 12:15:00-08:00,23.617986417333334,24.135696,20.290855,23.201843,1.2205299
2019-02-18 12:30:00-08:00,23.694763663333333,22.731215,20.378866,23.222534,1.2111115
2019-02-18 12:45:00-08:00,23.757246076666664,22.918627,20.126802,23.208439,1.2209573
2019-02-18 13:00:00-08:00,23.822143092666664,23.369303,19.845379,22.829313,1.2240876
2019-02-18 13:15:00-08:00,23.487844812,21.811811,19.600208,22.495516,1.2383802
2019-02-18 13:30:00-08:00,23.142301540666665,15.017086,19.246994,22.25444,1.2441305
2019-02-18 13:45:00-08:00,22.622152916,15.1413555,18.865803,21.88111,1.2605525
2019-02-18 14:00:00-08:00,22.192944088666668,19.905619,18.212093,21.39353,1.2877369
2019-02-18 14:15:00-08:00,21.635478360666667,19.15415,17.732092,20.783585,1.2810616
2019-02-18 14:30:00-08:00,20.827833284666667,18.698694,17.125538,19.974459,1.3233505
2019-02-18 14:45:00-08:00,20.09347597533333,19.505302,16.501232,19.1108,1.3239222
2019-02-18 15:00:00-08:00,19.04627572533333,17.63703,15.678854,17.869776,1.3392518
2019-02-18 15:15:00-08:00,17.814503363333333,16.597157,14.698874,16.679945,1.3513858
2019-02-18 15:30:00-08:00,16.464311195333334,13.722013,13.47036,15.256064,1.3668361
2019-02-18 15:45:00-08:00,14.902019107333333,13.683824,12.051453,13.736055,1.3610375
2019-02-18 16:00:00-08:00,13.291334137999998,10.987652,10.419469,12.149591,1.3399926
2019-02-18 16:15:00-08:00,11.650045684,9.917737,8.694977,10.401406,1.3008782
2019-02-18 16:30:00-08:00,9.7433644816,8.318272,7.084744,8.669434,1.1812937
2019-02-18 16:45:00-08:00,7.6682194271999995,4.9615407,5.480235,7.1035867,1.0273671
2019-02-18 17:00:00-08:00,4.995919722,3.4031544,3.996729,5.537021,0.8279555
2019-02-18 17:15:00-08:00,1.9681513672666666,0.6248622,2.511086,4.049697,0.5943165
2019-02-18 17:30:00-08:00,0.0099730619999999,0.13713923,1.34024,2.834462,0.42276093
2019-02-18 17:45:00-08:00,0.0,0.0,0.44382733,1.948935,0.20119998
2019-02-18 18:00:00-08:00,0.0,0.0,0.0,0.0,0.0
2019-02-18 18:15:00-08:00,0.0,0.0,0.0,0.0,0.0
2019-02-18 18:30:00-08:00,0.0,0.0,0.0,0.0,0.0
2019-02-18 18:45:00-08:00,0.0,0.0,0.0,0.0,0.0
2019-02-18 19:00:00-08:00,0.0,0.0,0.0,0.0,0.0
2019-02-18 19:15:00-08:00,0.0,0.0,0.0,0.0,0.0
2019-02-18 19:30:00-08:00,0.0,0.0,0.0,0.0,0.0
2019-02-18 19:45:00-08:00,0.0,0.0,0.0,0.0,0.0
2019-02-18 20:00:00-08:00,0.0,0.0,0.0,0.0,0.0
2019-02-18 20:15:00-08:00,0.0,0.0,0.0,0.0,0.0
2019-02-18 20:30:00-08:00,0.0,0.0,0.0,0.0,0.0
2019-02-18 20:45:00-08:00,0.0,0.0,0.0,0.0,0.0
2019-02-18 21:00:00-08:00,0.0,0.0,0.0,0.0,0.0
2019-02-18 21:15:00-08:00,0.0,0.0,0.0,0.0,0.0
2019-02-18 21:30:00-08:00,0.0,0.0,0.0,0.0,0.0
2019-02-18 21:45:00-08:00,0.0,0.0,0.0,0.0,0.0
2019-02-18 22:00:00-08:00,0.0,0.0,0.0,0.0,0.0
2019-02-18 22:15:00-08:00,0.0,0.0,0.0,0.0,0.0
2019-02-18 22:30:00-08:00,0.0,0.0,0.0,0.0,0.0
2019-02-18 22:45:00-08:00,0.0,0.0,0.0,0.0,0.0
2019-02-18 23:00:00-08:00,0.0,0.0,0.0,0.0,0.0
2019-02-18 23:15:00-08:00,0.0,0.0,0.0,0.0,0.0
2019-02-18 23:30:00-08:00,0.0,0.0,0.0,0.0,0.0
2019-02-18 23:45:00-08:00,0.0,0.0,0.0,0.0,0.0
2019-02-19 00:00:00-08:00,0.0,0.0,0.0,0.0,0.0
2019-02-19 00:15:00-08:00,0.0,0.0,0.0,0.0,0.0
2019-02-19 00:30:00-08:00,0.0,0.0,0.0,0.0,0.0
2019-02-19 00:45:00-08:00,0.0,0.0,0.0,0.0,0.0
2019-02-19 01:00:00-08:00,0.0,0.0,0.0,0.0,0.0
2019-02-19 01:15:00-08:00,0.0,0.0,0.0,0.0,0.0
2019-02-19 01:30:00-08:00,0.0,0.0,0.0,0.0,0.0
2019-02-19 01:45:00-08:00,0.0,0.0,0.0,0.0,0.0
2019-02-19 02:00:00-08:00,0.0,0.0,0.0,0.0,0.0
2019-02-19 02:15:00-08:00,0.0,0.0,0.0,0.0,0.0
2019-02-19 02:30:00-08:00,0.0,0.0,0.0,0.0,0.0
2019-02-19 02:45:00-08:00,0.0,0.0,0.0,0.0,0.0
2019-02-19 03:00:00-08:00,0.0,0.0,0.0,0.0,0.0
2019-02-19 03:15:00-08:00,0.0,0.0,0.0,0.0,0.0
2019-02-19 03:30:00-08:00,0.0,0.0,0.0,0.0,0.0
2019-02-19 03:45:00-08:00,0.0,0.0,0.0,0.0,0.0
2019-02-19 04:00:00-08:00,0.0,0.0,0.0,0.0,0.0
2019-02-19 04:15:00-08:00,0.0,0.0,0.0,0.0,0.0
2019-02-19 04:30:00-08:00,0.0,0.0,0.0,0.0,0.0
2019-02-19 04:45:00-08:00,0.0,0.0,0.0,0.0,0.0
2019-02-19 05:00:00-08:00,0.0,0.0,0.0,0.0,0.0
2019-02-19 05:15:00-08:00,0.0,0.0,0.0,0.0,0.0
2019-02-19 05:30:00-08:00,0.0,0.0,0.0,0.0,0.0
2019-02-19 05:45:00-08:00,0.0,0.0,0.0,0.0,0.0
2019-02-19 06:00:00-08:00,0.0,0.0,0.0,0.0,0.0
2019-02-19 06:15:00-08:00,0.0,0.0,0.0,0.0,0.0
2019-02-19 06:30:00-08:00,0.0,0.0,0.0,0.0,0.0
2019-02-19 06:45:00-08:00,0.0,0.0,0.0,0.0,0.0
2019-02-19 07:00:00-08:00,0.1671370651333333,0.00573336,0.7211453,0.0,0.2645858
2019-02-19 07:15:00-08:00,1.1284594334,0.6979106,1.1851981,0.36818635,0.3931188
2019-02-19 07:30:00-08:00,2.0703217916666667,1.620327,1.7820172,1.0298395,0.5546387
2019-02-19 07:45:00-08:00,3.4961114134,2.7868009,3.029272,1.9774783,0.74454993
2019-02-19 08:00:00-08:00,5.387946283200001,4.654217,4.424111,3.0529175,0.8664671
2019-02-19 08:15:00-08:00,7.414495206133333,7.423999,6.2109537,4.3089604,1.0106058
2019-02-19 08:30:00-08:00,9.3401235526,9.437925,8.02761,5.7341213,1.1374537
2019-02-19 08:45:00-08:00,11.057575762,11.604336,9.988168,7.3014035,1.2512192
2019-02-19 09:00:00-08:00,12.70187449333333,12.379713,11.953617,8.799004,1.3408244
2019-02-19 09:15:00-08:00,14.221420923999998,12.237652,13.677265,10.404405,1.3471107
2019-02-19 09:30:00-08:00,15.672711795999998,14.932992,15.293833,11.758539,1.3621864
2019-02-19 09:45:00-08:00,17.059229874,16.150242,17.093323,13.384783,1.3608437
2019-02-19 10:00:00-08:00,18.203934634666663,18.744076,17.987625,14.746122,1.368113
2019-02-19 10:15:00-08:00,19.235002622666663,18.330795,19.28402,15.97225,1.3504882
2019-02-19 10:30:00-08:00,20.114635329333336,18.668316,20.38979,17.077587,1.3220681
2019-02-19 10:45:00-08:00,20.967238612666662,20.29813,20.744473,18.020327,1.3055656
2019-02-19 11:00:00-08:00,21.629981316,21.126146,21.47848,18.93782,1.3215979
2019-02-19 11:15:00-08:00,22.23398414733333,20.95016,21.944666,19.710302,1.3248729
2019-02-19 11:30:00-08:00,22.66258115533333,22.561176,22.455566,20.26978,1.3252938
2019-02-19 11:45:00-08:00,23.01814782866667,24.25193,22.316668,20.698343,1.2996516
2019-02-19 12:00:00-08:00,23.27650401933333,23.659092,22.70934,21.157879,1.2694234
2019-02-19 12:15:00-08:00,23.481375389333333,24.297165,22.850277,21.346725,1.2903355
2019-02-19 12:30:00-08:00,23.46019433533333,22.746592,22.886347,21.458076,1.2796433
2019-02-19 12:45:00-08:00,23.40937660133333,22.650457,22.4935,21.54164,1.2850761
2019-02-19 13:00:00-08:00,23.252811019333336,24.03245,21.937119,21.292027,1.2902937
2019-02-19 13:15:00-08:00,23.112552547333333,18.319168,21.588856,20.981794,1.3038666
2019-02-19 13:30:00-08:00,22.571548318,15.8376465,20.986973,20.758892,1.3128207
2019-02-19 13:45:00-08:00,22.191278929333333,15.399601,20.32332,20.368484,1.3301826
2019-02-19 14:00:00-08:00,21.73339809866667,17.35841,19.4873,19.869497,1.3578832
2019-02-19 14:15:00-08:00,21.053303400666667,19.593199,18.776709,19.184267,1.3549421
2019-02-19 14:30:00-08:00,20.229095116666667,18.814665,17.962372,18.397541,1.4062564
2019-02-19 14:45:00-08:00,19.33091285,19.59568,17.14637,17.512928,1.4027609
2019-02-19 15:00:00-08:00,18.33371118133333,18.034113,16.199818,16.268768,1.423641
2019-02-19 15:15:00-08:00,17.57397522666667,16.989044,15.138849,15.059509,1.4463372
2019-02-19 15:30:00-08:00,16.221587929333335,14.83971,13.732222,13.617771,1.4783146
2019-02-19 15:45:00-08:00,14.78962601933333,14.237741,12.31568,12.106421,1.4827224
2019-02-19 16:00:00-08:00,13.049690476,13.332357,10.656257,10.534452,1.4553119
2019-02-19 16:15:00-08:00,11.331548453333331,11.386684,8.924938,8.781374,1.4130692
2019-02-19 16:30:00-08:00,9.385606856933334,9.286392,7.309576,7.099612,1.2848591
2019-02-19 16:45:00-08:00,7.320976364066666,4.967855,5.636633,5.5687585,1.1151327
2019-02-19 17:00:00-08:00,4.829845411666667,4.0808787,4.0982056,3.9866652,0.89427257
2019-02-19 17:15:00-08:00,2.0313656649333334,0.6779053,2.4237852,2.5465586,0.63582385
2019-02-19 17:30:00-08:00,0.1078385388666666,0.0,1.1538191,1.3981409,0.4526311
2019-02-19 17:45:00-08:00,0.0,0.0,0.14381282,0.55361795,0.23221551
2019-02-19 18:00:00-08:00,0.0,0.0,0.0,0.0,0.0
2019-02-19 18:15:00-08:00,0.0,0.0,0.0,0.0,0.0
2019-02-19 18:30:00-08:00,0.0,0.0,0.0,0.0,0.0
2019-02-19 18:45:00-08:00,0.0,0.0,0.0,0.0,0.0
2019-02-19 19:00:00-08:00,0.0,0.0,0.0,0.0,0.0
2019-02-19 19:15:00-08:00,0.0,0.0,0.0,0.0,0.0
2019-02-19 19:30:00-08:00,0.0,0.0,0.0,0.0,0.0
2019-02-19 19:45:00-08:00,0.0,0.0,0.0,0.0,0.0
2019-02-19 20:00:00-08:00,0.0,0.0,0.0,0.0,0.0
2019-02-19 20:15:00-08:00,0.0,0.0,0.0,0.0,0.0
2019-02-19 20:30:00-08:00,0.0,0.0,0.0,0.0,0.0
2019-02-19 20:45:00-08:00,0.0,0.0,0.0,0.0,0.0
2019-02-19 21:00:00-08:00,0.0,0.0,0.0,0.0,0.0
2019-02-19 21:15:00-08:00,0.0,0.0,0.0,0.0,0.0
2019-02-19 21:30:00-08:00,0.0,0.0,0.0,0.0,0.0
2019-02-19 21:45:00-08:00,0.0,0.0,0.0,0.0,0.0
2019-02-19 22:00:00-08:00,0.0,0.0,0.0,0.0,0.0
2019-02-19 22:15:00-08:00,0.0,0.0,0.0,0.0,0.0
2019-02-19 22:30:00-08:00,0.0,0.0,0.0,0.0,0.0
2019-02-19 22:45:00-08:00,0.0,0.0,0.0,0.0,0.0
2019-02-19 23:00:00-08:00,0.0,0.0,0.0,0.0,0.0
2019-02-19 23:15:00-08:00,0.0,0.0,0.0,0.0,0.0
2019-02-19 23:30:00-08:00,0.0,0.0,0.0,0.0,0.0
2019-02-19 23:45:00-08:00,0.0,0.0,0.0,0.0,0.0
2019-02-20 00:00:00-08:00,0.0,0.0,0.0,0.0,0.0
2019-02-20 00:15:00-08:00,0.0,0.0,0.0,0.0,0.0
2019-02-20 00:30:00-08:00,0.0,0.0,0.0,0.0,0.0
2019-02-20 00:45:00-08:00,0.0,0.0,0.0,0.0,0.0
2019-02-20 01:00:00-08:00,0.0,0.0,0.0,0.0,0.0
2019-02-20 01:15:00-08:00,0.0,0.0,0.0,0.0,0.0
2019-02-20 01:30:00-08:00,0.0,0.0,0.0,0.0,0.0
2019-02-20 01:45:00-08:00,0.0,0.0,0.0,0.0,0.0
2019-02-20 02:00:00-08:00,0.0,0.0,0.0,0.0,0.0
2019-02-20 02:15:00-08:00,0.0,0.0,0.0,0.0,0.0
2019-02-20 02:30:00-08:00,0.0,0.0,0.0,0.0,0.0
2019-02-20 02:45:00-08:00,0.0,0.0,0.0,0.0,0.0
2019-02-20 03:00:00-08:00,0.0,0.0,0.0,0.0,0.0
2019-02-20 03:15:00-08:00,0.0,0.0,0.0,0.0,0.0
2019-02-20 03:30:00-08:00,0.0,0.0,0.0,0.0,0.0
2019-02-20 03:45:00-08:00,0.0,0.0,0.0,0.0,0.0
2019-02-20 04:00:00-08:00,0.0,0.0,0.0,0.0,0.0
2019-02-20 04:15:00-08:00,0.0,0.0,0.0,0.0,0.0
2019-02-20 04:30:00-08:00,0.0,0.0,0.0,0.0,0.0
2019-02-20 04:45:00-08:00,0.0,0.0,0.0,0.0,0.0
2019-02-20 05:00:00-08:00,0.0,0.0,0.0,0.0,0.0
2019-02-20 05:15:00-08:00,0.0,0.0,0.0,0.0,0.0
2019-02-20 05:30:00-08:00,0.0,0.0,0.0,0.0,0.0
2019-02-20 05:45:00-08:00,0.0,0.0,0.0,0.0,0.0
2019-02-20 06:00:00-08:00,0.0,0.0,0.0,0.0,0.0
2019-02-20 06:15:00-08:00,0.0,0.0,0.0,0.0,0.0
2019-02-20 06:30:00-08:00,0.0,0.0,0.0,0.0,0.0
2019-02-20 06:45:00-08:00,0.0,0.0,0.0,0.0,0.0
2019-02-20 07:00:00-08:00,0.0,0.09722778,0.39912906,0.40816224,0.1922864
2019-02-20 07:15:00-08:00,0.1674262909999999,0.16327609,0.819132,0.48873594,0.28411704
2019-02-20 07:30:00-08:00,0.7814546109333333,1.0354106,1.5644729,0.65366405,0.38138714
2019-02-20 07:45:00-08:00,1.1183690800666666,1.2420757,2.9663506,1.0369236,0.5057843
2019-02-20 08:00:00-08:00,1.578377998,2.6888871,4.4616127,1.5332785,0.59154177
2019-02-20 08:15:00-08:00,2.860681410933333,3.1461604,6.311641,2.18269,0.6948777
2019-02-20 08:30:00-08:00,5.4390895624,4.4948845,8.221265,2.9464302,0.7874094
2019-02-20 08:45:00-08:00,5.436398321466666,4.5755076,10.065111,3.9702253,0.8763258
2019-02-20 09:00:00-08:00,3.2682392070000006,6.3089027,11.977828,4.9713182,0.937068
2019-02-20 09:15:00-08:00,6.352016334066666,6.81511,13.725721,6.156525,0.94892746
2019-02-20 09:30:00-08:00,5.337169902066667,12.240421,15.2882395,7.2887206,0.9670694
2019-02-20 09:45:00-08:00,4.613617911,10.285131,16.903648,8.694613,0.9642922
2019-02-20 10:00:00-08:00,7.521668161133334,12.920765,17.52667,10.014921,0.9609201
2019-02-20 10:15:00-08:00,6.1949923396666655,12.375874,18.74151,11.257762,0.9458463
2019-02-20 10:30:00-08:00,15.390210147533333,18.883188,19.823715,12.538248,0.9124426
2019-02-20 10:45:00-08:00,15.060007135999998,22.033201,19.961811,13.7459755,0.89808595
2019-02-20 11:00:00-08:00,12.7078613944,19.11921,20.646507,14.865103,0.89647204
2019-02-20 11:15:00-08:00,21.314776098,18.358318,21.138134,15.855735,0.8867589
2019-02-20 11:30:00-08:00,12.9870389086,19.70364,21.498981,16.646141,0.88151103
2019-02-20 11:45:00-08:00,18.71397890813333,18.978569,21.271416,17.290926,0.85755277
2019-02-20 12:00:00-08:00,24.767381164666666,17.169746,21.42605,17.85753,0.83466816
2019-02-20 12:15:00-08:00,25.52227455333333,19.057928,21.3655,18.212477,0.8462541
2019-02-20 12:30:00-08:00,12.822487119666668,18.557972,21.322443,18.483673,0.84443927
2019-02-20 12:45:00-08:00,18.57473038993333,18.873167,20.886229,18.663929,0.84296906
2019-02-20 13:00:00-08:00,22.21675793733333,22.050426,20.251816,18.584106,0.8462149
2019-02-20 13:15:00-08:00,24.19593110733333,17.891647,20.19281,18.446308,0.8516128
2019-02-20 13:30:00-08:00,20.46026102333333,19.849566,19.758434,18.323626,0.854984
2019-02-20 13:45:00-08:00,10.3590112686,17.404661,19.275818,18.049446,0.86018395
2019-02-20 14:00:00-08:00,16.227969324866667,17.172522,19.007118,17.618725,0.8811473
2019-02-20 14:15:00-08:00,9.4508662554,12.028779,18.739807,17.050755,0.8799077
2019-02-20 14:30:00-08:00,5.871534806133333,14.257786,17.894197,16.329056,0.918777
2019-02-20 14:45:00-08:00,14.004551698933334,11.156163,17.513973,15.557428,0.92183876
2019-02-20 15:00:00-08:00,9.860608954466668,13.299738,16.838282,14.415974,0.9328535
2019-02-20 15:15:00-08:00,6.945578581733333,11.985886,16.079777,13.372965,0.9581975
2019-02-20 15:30:00-08:00,5.129151173533333,11.304297,14.832922,12.156151,0.9801691
2019-02-20 15:45:00-08:00,6.751734380733333,8.220141,13.528482,10.960384,0.9941876
2019-02-20 16:00:00-08:00,7.689310166133333,8.125224,12.049633,9.722108,0.99990296
2019-02-20 16:15:00-08:00,8.0138110356,8.288128,10.391428,8.456884,0.99187875
2019-02-20 16:30:00-08:00,9.485876695066668,4.202941,8.701984,7.214975,0.9371159
2019-02-20 16:45:00-08:00,7.391228997933335,4.1975985,6.8516703,6.146496,0.84420824
2019-02-20 17:00:00-08:00,4.701727447666667,3.428728,5.338809,5.0771675,0.7112886
2019-02-20 17:15:00-08:00,1.5449657114666664,0.42912078,3.5008142,4.052009,0.5428664
2019-02-20 17:30:00-08:00,0.0287416345333333,0.24153101,2.1157875,3.2117178,0.42738098
2019-02-20 17:45:00-08:00,0.0,0.12491371,0.9504328,2.5697997,0.2778442
2019-02-20 18:00:00-08:00,0.0,0.0,0.0,0.0,0.0
2019-02-20 18:15:00-08:00,0.0,0.0,0.0,0.0,0.0
2019-02-20 18:30:00-08:00,0.0,0.0,0.0,0.0,0.0
2019-02-20 18:45:00-08:00,0.0,0.0,0.0,0.0,0.0
2019-02-20 19:00:00-08:00,0.0,0.0,0.0,0.0,0.0
2019-02-20 19:15:00-08:00,0.0,0.0,0.0,0.0,0.0
2019-02-20 19:30:00-08:00,0.0,0.0,0.0,0.0,0.0
2019-02-20 19:45:00-08:00,0.0,0.0,0.0,0.0,0.0
2019-02-20 20:00:00-08:00,0.0,0.0,0.0,0.0,0.0
2019-02-20 20:15:00-08:00,0.0,0.0,0.0,0.0,0.0
2019-02-20 20:30:00-08:00,0.0,0.0,0.0,0.0,0.0
2019-02-20 20:45:00-08:00,0.0,0.0,0.0,0.0,0.0
2019-02-20 21:00:00-08:00,0.0,0.0,0.0,0.0,0.0
2019-02-20 21:15:00-08:00,0.0,0.0,0.0,0.0,0.0
2019-02-20 21:30:00-08:00,0.0,0.0,0.0,0.0,0.0
2019-02-20 21:45:00-08:00,0.0,0.0,0.0,0.0,0.0
2019-02-20 22:00:00-08:00,0.0,0.0,0.0,0.0,0.0
2019-02-20 22:15:00-08:00,0.0,0.0,0.0,0.0,0.0
2019-02-20 22:30:00-08:00,0.0,0.0,0.0,0.0,0.0
2019-02-20 22:45:00-08:00,0.0,0.0,0.0,0.0,0.0
2019-02-20 23:00:00-08:00,0.0,0.0,0.0,0.0,0.0
2019-02-20 23:15:00-08:00,0.0,0.0,0.0,0.0,0.0
2019-02-20 23:30:00-08:00,0.0,0.0,0.0,0.0,0.0
2019-02-20 23:45:00-08:00,0.0,0.0,0.0,0.0,0.0
2019-02-21 00:00:00-08:00,0.0,0.0,0.0,0.0,0.0
2019-02-21 00:15:00-08:00,0.0,0.0,0.0,0.0,0.0
2019-02-21 00:30:00-08:00,0.0,0.0,0.0,0.0,0.0
2019-02-21 00:45:00-08:00,0.0,0.0,0.0,0.0,0.0
2019-02-21 01:00:00-08:00,0.0,0.0,0.0,0.0,0.0
2019-02-21 01:15:00-08:00,0.0,0.0,0.0,0.0,0.0
2019-02-21 01:30:00-08:00,0.0,0.0,0.0,0.0,0.0
2019-02-21 01:45:00-08:00,0.0,0.0,0.0,0.0,0.0
2019-02-21 02:00:00-08:00,0.0,0.0,0.0,0.0,0.0
2019-02-21 02:15:00-08:00,0.0,0.0,0.0,0.0,0.0
2019-02-21 02:30:00-08:00,0.0,0.0,0.0,0.0,0.0
2019-02-21 02:45:00-08:00,0.0,0.0,0.0,0.0,0.0
2019-02-21 03:00:00-08:00,0.0,0.0,0.0,0.0,0.0
2019-02-21 03:15:00-08:00,0.0,0.0,0.0,0.0,0.0
2019-02-21 03:30:00-08:00,0.0,0.0,0.0,0.0,0.0
2019-02-21 03:45:00-08:00,0.0,0.0,0.0,0.0,0.0
2019-02-21 04:00:00-08:00,0.0,0.0,0.0,0.0,0.0
2019-02-21 04:15:00-08:00,0.0,0.0,0.0,0.0,0.0
2019-02-21 04:30:00-08:00,0.0,0.0,0.0,0.0,0.0
2019-02-21 04:45:00-08:00,0.0,0.0,0.0,0.0,0.0
2019-02-21 05:00:00-08:00,0.0,0.0,0.0,0.0,0.0
2019-02-21 05:15:00-08:00,0.0,0.0,0.0,0.0,0.0
2019-02-21 05:30:00-08:00,0.0,0.0,0.0,0.0,0.0
2019-02-21 05:45:00-08:00,0.0,0.0,0.0,0.0,0.0
2019-02-21 06:00:00-08:00,0.0,0.0,0.0,0.0,0.0
2019-02-21 06:15:00-08:00,0.0,0.0,0.0,0.0,0.0
2019-02-21 06:30:00-08:00,0.0,0.0,0.0,0.0,0.0
2019-02-21 06:45:00-08:00,0.0,0.0,0.07699375,1.1043153,0.11803396
2019-02-21 07:00:00-08:00,0.0671274263333333,0.100033544,1.293308,1.4882157,0.24894601
2019-02-21 07:15:00-08:00,0.8828218084666666,1.1657462,1.9589374,1.9023266,0.39015222
2019-02-21 07:30:00-08:00,2.1659279323333336,1.452234,2.7917042,2.4715223,0.5597372
2019-02-21 07:45:00-08:00,3.761139116333333,3.1228895,4.4578056,3.500235,0.74861085
2019-02-21 08:00:00-08:00,5.5596928938,4.652074,6.0302515,4.560296,0.876639
2019-02-21 08:15:00-08:00,7.599751628866667,7.357483,7.8879614,5.672454,1.0241827
2019-02-21 08:30:00-08:00,8.647109037466667,8.679449,9.642086,7.0493793,1.1503166
2019-02-21 08:45:00-08:00,10.828711695866668,11.55783,11.301842,8.543166,1.2678733
2019-02-21 09:00:00-08:00,12.995347027333333,14.893745,12.931795,9.865785,1.3519075
2019-02-21 09:15:00-08:00,14.597682302,13.146387,14.283375,11.426059,1.3574302
2019-02-21 09:30:00-08:00,16.031444560666667,13.925739,16.100449,12.630522,1.3688436
2019-02-21 09:45:00-08:00,17.477313988000002,15.736179,17.74799,14.290945,1.3644044
2019-02-21 10:00:00-08:00,18.68179359066667,17.78403,18.703953,15.699373,1.3637753
2019-02-21 10:15:00-08:00,19.784791954,19.808197,20.362762,17.129309,1.344923
2019-02-21 10:30:00-08:00,20.72350993333333,19.805754,21.906017,18.490164,1.3049738
2019-02-21 10:45:00-08:00,21.491708246666665,20.70415,22.570145,19.75943,1.2824514
2019-02-21 11:00:00-08:00,22.210429149333333,21.205513,24.080452,21.049227,1.2904134
2019-02-21 11:15:00-08:00,22.622135336,22.075352,24.862411,22.233547,1.2888387
2019-02-21 11:30:00-08:00,23.362506546666665,23.131721,26.283253,23.036446,1.2824897
2019-02-21 11:45:00-08:00,23.718227848,23.693497,26.639809,23.64675,1.2530794
2019-02-21 12:00:00-08:00,23.976562048,23.884686,27.58862,24.287115,1.2247448
2019-02-21 12:15:00-08:00,24.107235958,24.335615,28.219082,24.521708,1.2449067
2019-02-21 12:30:00-08:00,24.367898017333328,24.183443,28.826935,24.703274,1.2379494
2019-02-21 12:45:00-08:00,24.460867888,23.149214,28.752846,24.910774,1.2431527
2019-02-21 13:00:00-08:00,24.21261442,24.103334,28.169855,24.749882,1.2463428
2019-02-21 13:15:00-08:00,24.040377505333336,23.2551,28.546051,24.584398,1.2607653
2019-02-21 13:30:00-08:00,23.701691486666665,19.375273,28.286333,24.5197,1.2743636
2019-02-21 13:45:00-08:00,23.393535412666665,16.478481,27.606438,24.276072,1.2880752
2019-02-21 14:00:00-08:00,22.993382972,17.824533,27.075045,23.985647,1.3152208
2019-02-21 14:15:00-08:00,22.745866655333334,19.34012,26.400787,23.532038,1.3079934
2019-02-21 14:30:00-08:00,21.601258688666665,20.074934,25.126274,22.721624,1.3601636
2019-02-21 14:45:00-08:00,20.397298708,19.082066,24.08054,21.918545,1.3614657
2019-02-21 15:00:00-08:00,19.37155639533333,17.590582,22.702028,20.78281,1.3797454
2019-02-21 15:15:00-08:00,18.32220446333333,16.628239,21.1819,19.842178,1.4077537
2019-02-21 15:30:00-08:00,16.195554912333332,14.375847,18.834036,18.480131,1.4471407
2019-02-21 15:45:00-08:00,12.127086677066666,12.408447,16.652855,17.142635,1.4674082
2019-02-21 16:00:00-08:00,13.72279610333333,13.135632,14.155552,15.732008,1.4643577
2019-02-21 16:15:00-08:00,11.795010140666667,10.498737,11.689833,14.065369,1.4454778
2019-02-21 16:30:00-08:00,9.950067727266669,7.874878,9.273761,12.365355,1.3458402
2019-02-21 16:45:00-08:00,7.896363359866666,4.842338,6.974536,10.850692,1.190004
2019-02-21 17:00:00-08:00,5.584576196866667,4.107311,5.0672593,9.15102,0.98102725
2019-02-21 17:15:00-08:00,2.5490918444,1.2279251,2.8428202,7.564616,0.7230242
2019-02-21 17:30:00-08:00,0.2829346011333333,0.020867761,1.3419247,6.0932894,0.53228307
2019-02-21 17:45:00-08:00,0.0,0.16513796,0.0015249364,4.8203955,0.28285527
2019-02-21 18:00:00-08:00,0.0,0.17527092,0.0,3.7428975,0.1079323
2019-02-21 18:15:00-08:00,0.0,0.0,0.0,0.0,0.0
2019-02-21 18:30:00-08:00,0.0,0.0,0.0,0.0,0.0
2019-02-21 18:45:00-08:00,0.0,0.0,0.0,0.0,0.0
2019-02-21 19:00:00-08:00,0.0,0.0,0.0,0.0,0.0
2019-02-21 19:15:00-08:00,0.0,0.0,0.0,0.0,0.0
2019-02-21 19:30:00-08:00,0.0,0.0,0.0,0.0,0.0
2019-02-21 19:45:00-08:00,0.0,0.0,0.0,0.0,0.0
2019-02-21 20:00:00-08:00,0.0,0.0,0.0,0.0,0.0
2019-02-21 20:15:00-08:00,0.0,0.0,0.0,0.0,0.0
2019-02-21 20:30:00-08:00,0.0,0.0,0.0,0.0,0.0
2019-02-21 20:45:00-08:00,0.0,0.0,0.0,0.0,0.0
2019-02-21 21:00:00-08:00,0.0,0.0,0.0,0.0,0.0
2019-02-21 21:15:00-08:00,0.0,0.0,0.0,0.0,0.0
2019-02-21 21:30:00-08:00,0.0,0.0,0.0,0.0,0.0
2019-02-21 21:45:00-08:00,0.0,0.0,0.0,0.0,0.0
2019-02-21 22:00:00-08:00,0.0,0.0,0.0,0.0,0.0
2019-02-21 22:15:00-08:00,0.0,0.0,0.0,0.0,0.0
2019-02-21 22:30:00-08:00,0.0,0.0,0.0,0.0,0.0
2019-02-21 22:45:00-08:00,0.0,0.0,0.0,0.0,0.0
2019-02-21 23:00:00-08:00,0.0,0.0,0.0,0.0,0.0
2019-02-21 23:15:00-08:00,0.0,0.0,0.0,0.0,0.0
2019-02-21 23:30:00-08:00,0.0,0.0,0.0,0.0,0.0
2019-02-21 23:45:00-08:00,0.0,0.0,0.0,0.0,0.0
2019-02-22 00:00:00-08:00,0.0,0.0,0.0,0.0,0.0
2019-02-22 00:15:00-08:00,0.0,0.0,0.0,0.0,0.0
2019-02-22 00:30:00-08:00,0.0,0.0,0.0,0.0,0.0
2019-02-22 00:45:00-08:00,0.0,0.0,0.0,0.0,0.0
2019-02-22 01:00:00-08:00,0.0,0.0,0.0,0.0,0.0
2019-02-22 01:15:00-08:00,0.0,0.0,0.0,0.0,0.0
2019-02-22 01:30:00-08:00,0.0,0.0,0.0,0.0,0.0
2019-02-22 01:45:00-08:00,0.0,0.0,0.0,0.0,0.0
2019-02-22 02:00:00-08:00,0.0,0.0,0.0,0.0,0.0
2019-02-22 02:15:00-08:00,0.0,0.0,0.0,0.0,0.0
2019-02-22 02:30:00-08:00,0.0,0.0,0.0,0.0,0.0
2019-02-22 02:45:00-08:00,0.0,0.0,0.0,0.0,0.0
2019-02-22 03:00:00-08:00,0.0,0.0,0.0,0.0,0.0
2019-02-22 03:15:00-08:00,0.0,0.0,0.0,0.0,0.0
2019-02-22 03:30:00-08:00,0.0,0.0,0.0,0.0,0.0
2019-02-22 03:45:00-08:00,0.0,0.0,0.0,0.0,0.0
2019-02-22 04:00:00-08:00,0.0,0.0,0.0,0.0,0.0
2019-02-22 04:15:00-08:00,0.0,0.0,0.0,0.0,0.0
2019-02-22 04:30:00-08:00,0.0,0.0,0.0,0.0,0.0
2019-02-22 04:45:00-08:00,0.0,0.0,0.0,0.0,0.0
2019-02-22 05:00:00-08:00,0.0,0.0,0.0,0.0,0.0
2019-02-22 05:15:00-08:00,0.0,0.0,0.0,0.0,0.0
2019-02-22 05:30:00-08:00,0.0,0.0,0.0,0.0,0.0
2019-02-22 05:45:00-08:00,0.0,0.0,0.0,0.0,0.0
2019-02-22 06:00:00-08:00,0.0,0.0,0.0,0.0,0.0
2019-02-22 06:15:00-08:00,0.0,0.0,0.0,0.0,0.0
2019-02-22 06:30:00-08:00,0.0,0.0,0.0,0.0,0.0
2019-02-22 06:45:00-08:00,0.0,0.22743633,0.6351216,0.6310636,0.17109975
2019-02-22 07:00:00-08:00,0.1490262352666666,0.14979063,1.572277,1.1190866,0.32271248
2019-02-22 07:15:00-08:00,1.0721690124666667,1.1187184,2.525958,1.9108797,0.46930557
2019-02-22 07:30:00-08:00,2.359960888533333,1.6880262,3.5237296,2.9536006,0.63442016
2019-02-22 07:45:00-08:00,4.159638337933333,4.153671,5.214021,4.3281507,0.8222664
2019-02-22 08:00:00-08:00,6.1559666457999995,6.1138096,7.0053988,5.778863,0.9373843
2019-02-22 08:15:00-08:00,8.054990917133333,9.115107,9.093474,7.3698053,1.0690516
2019-02-22 08:30:00-08:00,9.878374979066669,10.690082,10.997517,9.047583,1.1825001
2019-02-22 08:45:00-08:00,11.611894695333334,12.889435,13.06566,10.845448,1.287127
2019-02-22 09:00:00-08:00,13.20092154333333,13.334001,15.029793,12.466148,1.3654015
2019-02-22 09:15:00-08:00,14.780414595333331,13.045073,16.517044,14.057795,1.360178
2019-02-22 09:30:00-08:00,16.128120776,16.025589,17.857283,15.391003,1.3702393
2019-02-22 09:45:00-08:00,17.41901229466667,16.811907,19.24654,16.97957,1.3684082
2019-02-22 10:00:00-08:00,18.60676669733333,19.438559,19.836847,18.316645,1.3696232
2019-02-22 10:15:00-08:00,19.625851123333334,20.739967,20.78147,19.406933,1.3509964
2019-02-22 10:30:00-08:00,20.599857102666665,19.365822,21.519848,20.40112,1.3209081
2019-02-22 10:45:00-08:00,21.45928753133333,21.56731,21.549099,21.168442,1.3039074
2019-02-22 11:00:00-08:00,21.945853684666663,21.48023,22.016735,21.937048,1.3180755
2019-02-22 11:15:00-08:00,22.480089372,23.010437,22.17641,22.53213,1.3176138
2019-02-22 11:30:00-08:00,23.000935393333336,24.25269,22.46204,22.93483,1.3144186
2019-02-22 11:45:00-08:00,23.350115362,23.895973,22.099146,23.236588,1.2841222
2019-02-22 12:00:00-08:00,23.61011480666667,24.761166,22.278372,23.559559,1.2526549
2019-02-22 12:15:00-08:00,23.766871108666667,23.796082,22.160744,23.597012,1.2739482
2019-02-22 12:30:00-08:00,23.936103816,23.792532,22.052164,23.613262,1.2637266
2019-02-22 12:45:00-08:00,23.835716848,23.802135,21.485119,23.621147,1.2706788
2019-02-22 13:00:00-08:00,23.75211919266667,24.057232,20.899652,23.23574,1.2774193
2019-02-22 13:15:00-08:00,23.55169588533333,20.978495,20.428638,22.91109,1.2946783
2019-02-22 13:30:00-08:00,23.123526546666668,23.316467,19.698397,22.685287,1.3050654
2019-02-22 13:45:00-08:00,22.61881807,16.919529,19.058277,22.310152,1.3238086
2019-02-22 14:00:00-08:00,22.028003182666662,14.14369,18.199158,21.85529,1.3548323
2019-02-22 14:15:00-08:00,21.491233718,19.925186,17.50884,21.29042,1.3543466
2019-02-22 14:30:00-08:00,20.628073792,17.368614,16.861197,20.494482,1.4085083
2019-02-22 14:45:00-08:00,19.84812995933333,19.058544,16.095627,19.665201,1.4115264
2019-02-22 15:00:00-08:00,18.820443726,18.036818,15.236584,18.456848,1.4355779
2019-02-22 15:15:00-08:00,17.677081189333332,16.921345,14.241726,17.347176,1.4616852
2019-02-22 15:30:00-08:00,16.285007683333333,14.867771,12.9514475,15.950581,1.4972273
2019-02-22 15:45:00-08:00,14.910597294666662,12.315539,11.437203,14.485548,1.503133
2019-02-22 16:00:00-08:00,13.340734847999999,13.048756,9.889224,12.932044,1.4822993
2019-02-22 16:15:00-08:00,11.632699331333331,10.09825,8.071921,11.196782,1.4463196
2019-02-22 16:30:00-08:00,9.7733061372,7.696253,6.453656,9.459855,1.3227136
2019-02-22 16:45:00-08:00,7.806077714333334,5.074865,4.837837,7.903676,1.1576126
2019-02-22 17:00:00-08:00,5.547016984666667,3.4699965,3.2652588,6.3031926,0.94026536
2019-02-22 17:15:00-08:00,2.578154162133333,0.48237044,1.6684303,4.771923,0.684894
2019-02-22 17:30:00-08:00,0.4479995186666666,0.0,0.56785953,3.4936688,0.5040222
2019-02-22 17:45:00-08:00,0.0,0.051265508,0.0,2.5248797,0.27761966
2019-02-22 18:00:00-08:00,0.0,0.34191015,0.0,1.7039516,0.123652965
2019-02-22 18:15:00-08:00,0.0,0.0,0.0,0.0,0.0
2019-02-22 18:30:00-08:00,0.0,0.0,0.0,0.0,0.0
2019-02-22 18:45:00-08:00,0.0,0.0,0.0,0.0,0.0
2019-02-22 19:00:00-08:00,0.0,0.0,0.0,0.0,0.0
2019-02-22 19:15:00-08:00,0.0,0.0,0.0,0.0,0.0
2019-02-22 19:30:00-08:00,0.0,0.0,0.0,0.0,0.0
2019-02-22 19:45:00-08:00,0.0,0.0,0.0,0.0,0.0
2019-02-22 20:00:00-08:00,0.0,0.0,0.0,0.0,0.0
2019-02-22 20:15:00-08:00,0.0,0.0,0.0,0.0,0.0
2019-02-22 20:30:00-08:00,0.0,0.0,0.0,0.0,0.0
2019-02-22 20:45:00-08:00,0.0,0.0,0.0,0.0,0.0
2019-02-22 21:00:00-08:00,0.0,0.0,0.0,0.0,0.0
2019-02-22 21:15:00-08:00,0.0,0.0,0.0,0.0,0.0
2019-02-22 21:30:00-08:00,0.0,0.0,0.0,0.0,0.0
2019-02-22 21:45:00-08:00,0.0,0.0,0.0,0.0,0.0
2019-02-22 22:00:00-08:00,0.0,0.0,0.0,0.0,0.0
2019-02-22 22:15:00-08:00,0.0,0.0,0.0,0.0,0.0
2019-02-22 22:30:00-08:00,0.0,0.0,0.0,0.0,0.0
2019-02-22 22:45:00-08:00,0.0,0.0,0.0,0.0,0.0
2019-02-22 23:00:00-08:00,0.0,0.0,0.0,0.0,0.0
2019-02-22 23:15:00-08:00,0.0,0.0,0.0,0.0,0.0
2019-02-22 23:30:00-08:00,0.0,0.0,0.0,0.0,0.0
2019-02-22 23:45:00-08:00,0.0,0.0,0.0,0.0,0.0
2019-02-23 00:00:00-08:00,0.0,0.0,0.0,0.0,0.0
2019-02-23 00:15:00-08:00,0.0,0.0,0.0,0.0,0.0
2019-02-23 00:30:00-08:00,0.0,0.0,0.0,0.0,0.0
2019-02-23 00:45:00-08:00,0.0,0.0,0.0,0.0,0.0
2019-02-23 01:00:00-08:00,0.0,0.0,0.0,0.0,0.0
2019-02-23 01:15:00-08:00,0.0,0.0,0.0,0.0,0.0
2019-02-23 01:30:00-08:00,0.0,0.0,0.0,0.0,0.0
2019-02-23 01:45:00-08:00,0.0,0.0,0.0,0.0,0.0
2019-02-23 02:00:00-08:00,0.0,0.0,0.0,0.0,0.0
2019-02-23 02:15:00-08:00,0.0,0.0,0.0,0.0,0.0
2019-02-23 02:30:00-08:00,0.0,0.0,0.0,0.0,0.0
2019-02-23 02:45:00-08:00,0.0,0.0,0.0,0.0,0.0
2019-02-23 03:00:00-08:00,0.0,0.0,0.0,0.0,0.0
2019-02-23 03:15:00-08:00,0.0,0.0,0.0,0.0,0.0
2019-02-23 03:30:00-08:00,0.0,0.0,0.0,0.0,0.0
2019-02-23 03:45:00-08:00,0.0,0.0,0.0,0.0,0.0
2019-02-23 04:00:00-08:00,0.0,0.0,0.0,0.0,0.0
2019-02-23 04:15:00-08:00,0.0,0.0,0.0,0.0,0.0
2019-02-23 04:30:00-08:00,0.0,0.0,0.0,0.0,0.0
2019-02-23 04:45:00-08:00,0.0,0.0,0.0,0.0,0.0
2019-02-23 05:00:00-08:00,0.0,0.0,0.0,0.0,0.0
2019-02-23 05:15:00-08:00,0.0,0.0,0.0,0.0,0.0
2019-02-23 05:30:00-08:00,0.0,0.0,0.0,0.0,0.0
2019-02-23 05:45:00-08:00,0.0,0.0,0.0,0.0,0.0
2019-02-23 06:00:00-08:00,0.0,0.0,0.0,0.0,0.0
2019-02-23 06:15:00-08:00,0.0,0.0,0.0,0.0,0.0
2019-02-23 06:30:00-08:00,0.0,0.0,0.0,0.0,0.0
2019-02-23 06:45:00-08:00,0.0170554648666666,0.09353931,1.5496161,0.0,0.25217006
2019-02-23 07:00:00-08:00,0.6506904172666667,0.23278564,2.2178893,0.02225791,0.3982002
2019-02-23 07:15:00-08:00,2.209653931733333,1.1552863,3.2521482,0.3294364,0.5397099
2019-02-23 07:30:00-08:00,2.7913716924,2.402444,4.2227745,0.78906924,0.6682952
2019-02-23 07:45:00-08:00,1.9424980628666668,3.0166087,5.417844,1.4638747,0.8106179
2019-02-23 08:00:00-08:00,1.0390009461333332,5.4633684,6.807428,2.2911205,0.8859785
2019-02-23 08:15:00-08:00,3.4728585996666665,7.374797,8.333225,3.294002,0.9718505
2019-02-23 08:30:00-08:00,8.526588002799999,9.699841,9.569325,4.299557,1.0540491
2019-02-23 08:45:00-08:00,11.457327873333334,11.57067,10.904564,5.554753,1.0979558
2019-02-23 09:00:00-08:00,12.802066222,13.645287,12.114003,6.748357,1.1328422
2019-02-23 09:15:00-08:00,14.341969835333336,13.733319,13.018724,8.0636015,1.1206251
2019-02-23 09:30:00-08:00,15.875495520666666,15.584892,13.821505,9.241256,1.1147856
2019-02-23 09:45:00-08:00,17.241261206,13.835984,14.520756,10.65803,1.1029589
2019-02-23 10:00:00-08:00,16.839962392,14.435469,15.00499,11.932252,1.0838019
2019-02-23 10:15:00-08:00,17.88629273133333,14.711912,15.688027,13.06237,1.0524236
2019-02-23 10:30:00-08:00,21.506360354,19.82677,16.169569,14.198082,1.0202014
2019-02-23 10:45:00-08:00,16.526249087333333,15.925499,16.330984,15.15943,1.0098886
2019-02-23 11:00:00-08:00,10.3337870254,20.009794,16.64853,16.022446,1.0175694
2019-02-23 11:15:00-08:00,18.302344693266665,18.586859,16.605047,16.64439,1.0028598
2019-02-23 11:30:00-08:00,21.935603576666665,15.278023,16.497704,17.147827,0.98966956
2019-02-23 11:45:00-08:00,22.511455410666667,17.144703,15.968512,17.429863,0.95392424
2019-02-23 12:00:00-08:00,19.219886516666666,19.05113,15.482424,17.670109,0.9268886
2019-02-23 12:15:00-08:00,19.77148821933333,12.078423,15.087221,17.61803,0.9243443
2019-02-23 12:30:00-08:00,19.81002905133333,18.518284,14.382711,17.498531,0.89843225
2019-02-23 12:45:00-08:00,21.68005696533333,18.319302,13.962859,17.144981,0.88673127
2019-02-23 13:00:00-08:00,20.241629090666667,18.116774,13.070557,16.612568,0.88303196
2019-02-23 13:15:00-08:00,19.914024444,18.793594,12.385794,15.970169,0.8783041
2019-02-23 13:30:00-08:00,20.25439886533333,15.868711,11.565671,15.430824,0.85653174
2019-02-23 13:45:00-08:00,21.87412086266667,14.437904,10.838169,14.751763,0.86292696
2019-02-23 14:00:00-08:00,18.86318960866667,18.754745,9.808679,13.933252,0.86773753
2019-02-23 14:15:00-08:00,18.999786768666667,14.094907,8.784528,13.123819,0.8549082
2019-02-23 14:30:00-08:00,18.505092976,12.487853,8.021694,12.171335,0.87712795
2019-02-23 14:45:00-08:00,12.657223301333332,10.450832,6.972579,11.211329,0.8739236
2019-02-23 15:00:00-08:00,11.186243571533334,9.268823,6.266085,10.066488,0.8705467
2019-02-23 15:15:00-08:00,5.3259556946,9.9716215,5.4882045,8.998417,0.8531424
2019-02-23 15:30:00-08:00,5.910860270733333,8.971577,5.053443,7.8115582,0.82872945
2019-02-23 15:45:00-08:00,4.374693025933333,8.023498,4.2843776,6.6650352,0.7791574
2019-02-23 16:00:00-08:00,7.459442517,6.860894,3.8600807,5.517312,0.72804433
2019-02-23 16:15:00-08:00,3.659755912,3.7305045,3.2120771,4.3674603,0.664739
2019-02-23 16:30:00-08:00,2.7588909391333334,2.124879,2.7165027,3.3040895,0.5649307
2019-02-23 16:45:00-08:00,2.574097591733333,3.183775,2.425476,2.3820486,0.45205635
2019-02-23 17:00:00-08:00,1.760112856,0.34752744,2.007978,1.5256999,0.32389897
2019-02-23 17:15:00-08:00,0.743641799,0.48863417,1.6703603,0.79499674,0.19587788
2019-02-23 17:30:00-08:00,0.0868615260666666,0.0,1.2650056,0.36003795,0.12436567
2019-02-23 17:45:00-08:00,0.0,0.13204773,1.1257057,0.12765178,0.03582223
2019-02-23 18:00:00-08:00,0.0,0.06620463,0.72047406,0.0,0.0
2019-02-23 18:15:00-08:00,0.0,0.0,0.0,0.0,0.0
2019-02-23 18:30:00-08:00,0.0,0.0,0.0,0.0,0.0
2019-02-23 18:45:00-08:00,0.0,0.0,0.0,0.0,0.0
2019-02-23 19:00:00-08:00,0.0,0.0,0.0,0.0,0.0
2019-02-23 19:15:00-08:00,0.0,0.0,0.0,0.0,0.0
2019-02-23 19:30:00-08:00,0.0,0.0,0.0,0.0,0.0
2019-02-23 19:45:00-08:00,0.0,0.0,0.0,0.0,0.0
2019-02-23 20:00:00-08:00,0.0,0.0,0.0,0.0,0.0
2019-02-23 20:15:00-08:00,0.0,0.0,0.0,0.0,0.0
2019-02-23 20:30:00-08:00,0.0,0.0,0.0,0.0,0.0
2019-02-23 20:45:00-08:00,0.0,0.0,0.0,0.0,0.0
2019-02-23 21:00:00-08:00,0.0,0.0,0.0,0.0,0.0
2019-02-23 21:15:00-08:00,0.0,0.0,0.0,0.0,0.0
2019-02-23 21:30:00-08:00,0.0,0.0,0.0,0.0,0.0
2019-02-23 21:45:00-08:00,0.0,0.0,0.0,0.0,0.0
2019-02-23 22:00:00-08:00,0.0,0.0,0.0,0.0,0.0
2019-02-23 22:15:00-08:00,0.0,0.0,0.0,0.0,0.0
2019-02-23 22:30:00-08:00,0.0,0.0,0.0,0.0,0.0
2019-02-23 22:45:00-08:00,0.0,0.0,0.0,0.0,0.0
2019-02-23 23:00:00-08:00,0.0,0.0,0.0,0.0,0.0
2019-02-23 23:15:00-08:00,0.0,0.0,0.0,0.0,0.0
2019-02-23 23:30:00-08:00,0.0,0.0,0.0,0.0,0.0
2019-02-23 23:45:00-08:00,0.0,0.0,0.0,0.0,0.0
2019-02-24 00:00:00-08:00,0.0,0.0,0.0,0.0,0.0
2019-02-24 00:15:00-08:00,0.0,0.0,0.0,0.0,0.0
2019-02-24 00:30:00-08:00,0.0,0.0,0.0,0.0,0.0
2019-02-24 00:45:00-08:00,0.0,0.0,0.0,0.0,0.0
2019-02-24 01:00:00-08:00,0.0,0.0,0.0,0.0,0.0
2019-02-24 01:15:00-08:00,0.0,0.0,0.0,0.0,0.0
2019-02-24 01:30:00-08:00,0.0,0.0,0.0,0.0,0.0
2019-02-24 01:45:00-08:00,0.0,0.0,0.0,0.0,0.0
2019-02-24 02:00:00-08:00,0.0,0.0,0.0,0.0,0.0
2019-02-24 02:15:00-08:00,0.0,0.0,0.0,0.0,0.0
2019-02-24 02:30:00-08:00,0.0,0.0,0.0,0.0,0.0
2019-02-24 02:45:00-08:00,0.0,0.0,0.0,0.0,0.0
2019-02-24 03:00:00-08:00,0.0,0.0,0.0,0.0,0.0
2019-02-24 03:15:00-08:00,0.0,0.0,0.0,0.0,0.0
2019-02-24 03:30:00-08:00,0.0,0.0,0.0,0.0,0.0
2019-02-24 03:45:00-08:00,0.0,0.0,0.0,0.0,0.0
2019-02-24 04:00:00-08:00,0.0,0.0,0.0,0.0,0.0
2019-02-24 04:15:00-08:00,0.0,0.0,0.0,0.0,0.0
2019-02-24 04:30:00-08:00,0.0,0.0,0.0,0.0,0.0
2019-02-24 04:45:00-08:00,0.0,0.0,0.0,0.0,0.0
2019-02-24 05:00:00-08:00,0.0,0.0,0.0,0.0,0.0
2019-02-24 05:15:00-08:00,0.0,0.0,0.0,0.0,0.0
2019-02-24 05:30:00-08:00,0.0,0.0,0.0,0.0,0.0
2019-02-24 05:45:00-08:00,0.0,0.0,0.0,0.0,0.0
2019-02-24 06:00:00-08:00,0.0,0.0,0.0,0.0,0.0
2019-02-24 06:15:00-08:00,0.0,0.0,0.0,0.0,0.0
2019-02-24 06:30:00-08:00,0.0,0.0,0.0,0.0,0.0
2019-02-24 06:45:00-08:00,0.0,0.08502275,0.0,0.18624398,0.13343327
2019-02-24 07:00:00-08:00,0.0238227453333332,0.12805015,0.3642049,0.27736998,0.22069299
2019-02-24 07:15:00-08:00,0.4750626432666666,0.5697964,1.0429108,0.5526924,0.30713284
2019-02-24 07:30:00-08:00,1.0077817810666667,1.2396922,1.7597547,0.9213754,0.38808292
2019-02-24 07:45:00-08:00,1.9352580948666667,2.1031058,2.6954165,1.5091853,0.4943734
2019-02-24 08:00:00-08:00,3.2787821599333333,3.6185997,3.8216195,2.1065695,0.5549942
2019-02-24 08:15:00-08:00,7.732403620266666,5.0726132,5.260362,2.88692,0.6231387
2019-02-24 08:30:00-08:00,6.5030316227333325,6.738284,6.4275584,3.5365853,0.6855614
2019-02-24 08:45:00-08:00,7.876920792866668,7.5139804,7.8956537,4.413567,0.7426737
2019-02-24 09:00:00-08:00,6.709666677266667,8.514643,9.239344,5.2075796,0.7869972
2019-02-24 09:15:00-08:00,7.202073807666667,8.7488165,10.315793,6.080063,0.78820485
2019-02-24 09:30:00-08:00,8.021712964666667,10.817069,11.351707,6.8719454,0.7951725
2019-02-24 09:45:00-08:00,10.926579189466668,10.387537,12.367089,7.826464,0.7846239
2019-02-24 10:00:00-08:00,12.350890922666666,11.576268,12.981505,8.711307,0.77886736
2019-02-24 10:15:00-08:00,11.206035961333336,10.744128,13.938669,9.450648,0.76183903
2019-02-24 10:30:00-08:00,17.15117456213333,13.69791,14.700563,10.222157,0.7352135
2019-02-24 10:45:00-08:00,13.387321753799998,14.541661,15.212116,10.833397,0.7300395
2019-02-24 11:00:00-08:00,24.099896313999995,10.5420065,15.747949,11.447453,0.7339084
2019-02-24 11:15:00-08:00,18.12414860533333,16.567427,16.29898,11.787382,0.727484
2019-02-24 11:30:00-08:00,15.794025046599998,12.909771,16.771355,12.015144,0.73183304
2019-02-24 11:45:00-08:00,15.599243049333332,13.7742605,16.763298,12.204638,0.7136142
2019-02-24 12:00:00-08:00,16.676467399333333,14.495238,16.920174,12.271309,0.6964951
2019-02-24 12:15:00-08:00,22.635502066,14.254175,16.814453,12.087923,0.7048645
2019-02-24 12:30:00-08:00,24.616015685333327,17.41715,16.612387,11.966968,0.6955968
2019-02-24 12:45:00-08:00,25.286355594,17.131721,16.108244,11.538566,0.69324183
2019-02-24 13:00:00-08:00,24.241129166,16.874836,15.57074,11.11743,0.69073313
2019-02-24 13:15:00-08:00,12.882612073333334,18.042837,15.012159,10.557134,0.6944949
2019-02-24 13:30:00-08:00,11.739886295333331,16.172977,14.370279,10.091854,0.68551207
2019-02-24 13:45:00-08:00,11.590611447866666,19.433615,13.712435,9.517953,0.695525
2019-02-24 14:00:00-08:00,19.46690528,11.710404,12.850307,8.848336,0.7123587
2019-02-24 14:15:00-08:00,15.167319999333332,13.057551,12.043817,8.231652,0.71137965
2019-02-24 14:30:00-08:00,7.658692273333333,12.275242,11.083394,7.517641,0.73799354
2019-02-24 14:45:00-08:00,15.678537301799999,11.342752,10.169593,6.798311,0.74224466
2019-02-24 15:00:00-08:00,8.514163325,10.852052,9.257845,6.0327916,0.75672287
2019-02-24 15:15:00-08:00,4.6544356494666665,9.19125,8.231377,5.2603188,0.7722974
2019-02-24 15:30:00-08:00,3.3329959241333333,9.132888,7.0895786,4.461016,0.77440095
2019-02-24 15:45:00-08:00,2.560626324,8.815631,5.7745066,3.6981688,0.76740456
2019-02-24 16:00:00-08:00,1.897988316533333,9.71001,4.6431055,2.9487927,0.7533431
2019-02-24 16:15:00-08:00,1.2857073884666663,6.042074,3.249558,2.256113,0.73588866
2019-02-24 16:30:00-08:00,0.9927650442666667,3.997583,2.2879887,1.6298306,0.67452556
2019-02-24 16:45:00-08:00,0.45861921166666664,1.9942527,1.415651,1.0445901,0.5963938
2019-02-24 17:00:00-08:00,0.1257759852,1.150861,0.7972323,0.5655249,0.48496437
2019-02-24 17:15:00-08:00,0.061836970066666594,0.1732224,0.3385478,0.07146654,0.3389884
2019-02-24 17:30:00-08:00,0.0,0.0,0.029816095,0.0,0.2335074
2019-02-24 17:45:00-08:00,0.0,0.0,0.0,0.0,0.11814313
2019-02-24 18:00:00-08:00,0.0,0.0,0.026449606,0.0,0.037784174
2019-02-24 18:15:00-08:00,0.0,0.0,0.0,0.0,0.0
2019-02-24 18:30:00-08:00,0.0,0.0,0.0,0.0,0.0
2019-02-24 18:45:00-08:00,0.0,0.0,0.0,0.0,0.0
2019-02-24 19:00:00-08:00,0.0,0.0,0.0,0.0,0.0
2019-02-24 19:15:00-08:00,0.0,0.0,0.0,0.0,0.0
2019-02-24 19:30:00-08:00,0.0,0.0,0.0,0.0,0.0
2019-02-24 19:45:00-08:00,0.0,0.0,0.0,0.0,0.0
2019-02-24 20:00:00-08:00,0.0,0.0,0.0,0.0,0.0
2019-02-24 20:15:00-08:00,0.0,0.0,0.0,0.0,0.0
2019-02-24 20:30:00-08:00,0.0,0.0,0.0,0.0,0.0
2019-02-24 20:45:00-08:00,0.0,0.0,0.0,0.0,0.0
2019-02-24 21:00:00-08:00,0.0,0.0,0.0,0.0,0.0
2019-02-24 21:15:00-08:00,0.0,0.0,0.0,0.0,0.0
2019-02-24 21:30:00-08:00,0.0,0.0,0.0,0.0,0.0
2019-02-24 21:45:00-08:00,0.0,0.0,0.0,0.0,0.0
2019-02-24 22:00:00-08:00,0.0,0.0,0.0,0.0,0.0
2019-02-24 22:15:00-08:00,0.0,0.0,0.0,0.0,0.0
2019-02-24 22:30:00-08:00,0.0,0.0,0.0,0.0,0.0
2019-02-24 22:45:00-08:00,0.0,0.0,0.0,0.0,0.0
2019-02-24 23:00:00-08:00,0.0,0.0,0.0,0.0,0.0
2019-02-24 23:15:00-08:00,0.0,0.0,0.0,0.0,0.0
2019-02-24 23:30:00-08:00,0.0,0.0,0.0,0.0,0.0
2019-02-24 23:45:00-08:00,0.0,0.0,0.0,0.0,0.0
2019-05-06 00:00:00-08:00,0.0,0.0,0.0,0.0,0.0
2019-05-06 00:15:00-08:00,0.0,0.0,0.0,0.0,0.0
2019-05-06 00:30:00-08:00,0.0,0.0,0.0,0.0,0.0
2019-05-06 00:45:00-08:00,0.0,0.0,0.0,0.0,0.0
2019-05-06 01:00:00-08:00,0.0,0.0,0.0,0.0,0.0
2019-05-06 01:15:00-08:00,0.0,0.0,0.0,0.0,0.0
2019-05-06 01:30:00-08:00,0.0,0.0,0.0,0.0,0.0
2019-05-06 01:45:00-08:00,0.0,0.0,0.0,0.0,0.0
2019-05-06 02:00:00-08:00,0.0,0.0,0.0,0.0,0.0
2019-05-06 02:15:00-08:00,0.0,0.0,0.0,0.0,0.0
2019-05-06 02:30:00-08:00,0.0,0.0,0.0,0.0,0.0
2019-05-06 02:45:00-08:00,0.0,0.0,0.0,0.0,0.0
2019-05-06 03:00:00-08:00,0.0,0.0,0.0,0.0,0.0
2019-05-06 03:15:00-08:00,0.0,0.0,0.0,0.0,0.0
2019-05-06 03:30:00-08:00,0.0,0.0,0.0,0.0,0.0
2019-05-06 03:45:00-08:00,0.0,0.0,0.0,0.0,0.0
2019-05-06 04:00:00-08:00,0.0,0.0,0.0,0.0,0.0
2019-05-06 04:15:00-08:00,0.0,0.0,0.0,0.0,0.0
2019-05-06 04:30:00-08:00,0.0,0.0,0.0,0.0,0.0
2019-05-06 04:45:00-08:00,0.0,0.0,0.0,0.0,0.0
2019-05-06 05:00:00-08:00,0.0,0.0,0.0,0.0,0.0
2019-05-06 05:15:00-08:00,0.0012700957333333,0.0,0.0,0.63792336,0.026920432
2019-05-06 05:30:00-08:00,0.1992669038666666,0.0,0.0,0.82542837,0.045588948
2019-05-06 05:45:00-08:00,0.483360202,0.50469315,0.0,0.9909423,0.070161454
2019-05-06 06:00:00-08:00,0.9869703864,0.49635017,0.0,1.1980047,0.10543261
2019-05-06 06:15:00-08:00,1.0689799005333334,0.9593543,0.19163042,1.4005771,0.13226877
2019-05-06 06:30:00-08:00,1.2277661425333333,2.1272607,0.56187636,1.689744,0.20950523
2019-05-06 06:45:00-08:00,1.7664326130666665,1.9963021,1.1191306,1.9419422,0.26137203
2019-05-06 07:00:00-08:00,2.353802966,3.1592088,1.9339592,2.3098598,0.31873572
2019-05-06 07:15:00-08:00,3.5493738331333327,4.0314956,2.6583848,2.7876647,0.36070994
2019-05-06 07:30:00-08:00,4.2944812530666665,6.107436,3.3209996,3.352875,0.40346038
2019-05-06 07:45:00-08:00,5.072212515866666,6.2895517,4.436276,4.0672436,0.44732165
2019-05-06 08:00:00-08:00,6.705333311,8.590699,5.5564065,4.849455,0.4743483
2019-05-06 08:15:00-08:00,7.065157538266667,9.5812645,6.9477053,5.707972,0.5050984
2019-05-06 08:30:00-08:00,10.590289891266666,11.74186,8.147207,6.634883,0.5222167
2019-05-06 08:45:00-08:00,11.2101369,11.128823,9.354376,7.682752,0.5502361
2019-05-06 09:00:00-08:00,10.749942973066666,11.564245,10.540213,8.598604,0.57162106
2019-05-06 09:15:00-08:00,11.623475787533332,14.277657,11.501326,9.574056,0.57471746
2019-05-06 09:30:00-08:00,10.182612337133332,11.374499,12.584669,10.442984,0.59150875
2019-05-06 09:45:00-08:00,12.194261267333331,12.970583,13.545301,11.42182,0.60690576
2019-05-06 10:00:00-08:00,16.899782239999997,15.551865,14.078044,12.32335,0.6268021
2019-05-06 10:15:00-08:00,12.74244758933333,14.296331,14.898874,13.018015,0.62846106
2019-05-06 10:30:00-08:00,12.742027655333331,18.19168,15.5663185,13.803106,0.6211784
2019-05-06 10:45:00-08:00,14.634021507999998,18.902185,15.925,14.42675,0.61086315
2019-05-06 11:00:00-08:00,16.736204442,15.044134,16.483807,15.045081,0.6272793
2019-05-06 11:15:00-08:00,19.80486300866667,16.680714,16.55824,15.593036,0.6309055
2019-05-06 11:30:00-08:00,14.644146002666668,16.235937,17.118599,15.982641,0.64692366
2019-05-06 11:45:00-08:00,19.601970266666665,18.053719,17.446238,16.436058,0.63785946
2019-05-06 12:00:00-08:00,26.28313171066666,17.199453,17.9836,16.840929,0.6272424
2019-05-06 12:15:00-08:00,27.10361064866667,18.086622,18.68826,17.13666,0.64143413
2019-05-06 12:30:00-08:00,26.740261803333336,21.790195,19.304504,17.530457,0.63953006
2019-05-06 12:45:00-08:00,26.194337564666668,16.21873,19.64075,17.985699,0.65000135
2019-05-06 13:00:00-08:00,25.792038466666668,19.228966,19.787722,18.190786,0.65664923
2019-05-06 13:15:00-08:00,25.840424187333333,18.228798,20.453207,18.316183,0.6644158
2019-05-06 13:30:00-08:00,22.817590284,19.035595,20.786999,18.488968,0.6678716
2019-05-06 13:45:00-08:00,22.734350964,19.922623,20.90496,18.593477,0.6740681
2019-05-06 14:00:00-08:00,24.272517678666663,23.169197,20.951828,18.512348,0.68252504
2019-05-06 14:15:00-08:00,23.586547932666665,23.824926,20.934189,18.217155,0.6813091
2019-05-06 14:30:00-08:00,22.858910248,22.420736,20.754974,17.952711,0.7023177
2019-05-06 14:45:00-08:00,20.691755678,19.793032,20.539146,17.517908,0.7034334
2019-05-06 15:00:00-08:00,16.961745407333332,14.350422,20.223852,16.755901,0.7066903
2019-05-06 15:15:00-08:00,16.871441207999997,17.966978,19.613323,16.097757,0.7044536
2019-05-06 15:30:00-08:00,18.889118266,18.063797,18.639189,15.245112,0.7001849
2019-05-06 15:45:00-08:00,16.705752036666667,17.775257,17.461742,14.337996,0.70075583
2019-05-06 16:00:00-08:00,13.738797156,15.196951,16.182922,13.377434,0.7012211
2019-05-06 16:15:00-08:00,13.404429013333331,15.067219,14.560836,12.212872,0.71636415
2019-05-06 16:30:00-08:00,12.428678621999998,10.044033,12.9753895,10.990849,0.70904696
2019-05-06 16:45:00-08:00,12.590341172666667,9.990055,11.345291,9.833401,0.7129452
2019-05-06 17:00:00-08:00,9.3424416634,8.652413,9.490255,8.543,0.69763523
2019-05-06 17:15:00-08:00,5.080895881333333,5.1621957,7.425466,7.1979885,0.65148973
2019-05-06 17:30:00-08:00,3.8871643193999996,4.419753,5.4429736,5.94312,0.621428
2019-05-06 17:45:00-08:00,3.1254545938,3.6277375,3.5009227,4.7285614,0.5501492
2019-05-06 18:00:00-08:00,2.561550989333333,2.570928,2.0921128,3.6943066,0.4635382
2019-05-06 18:15:00-08:00,1.0540269709333334,0.9837586,0.8676269,2.6155753,0.36833012
2019-05-06 18:30:00-08:00,0.49188409806666666,0.58442104,0.0,1.7854761,0.29111272
2019-05-06 18:45:00-08:00,0.0477109616666666,0.21214722,0.0,1.1384354,0.21442755
2019-05-06 19:00:00-08:00,0.0,0.40051454,0.0,0.70731986,0.14210685
2019-05-06 19:15:00-08:00,0.0,0.0,0.0,0.0,0.0
2019-05-06 19:30:00-08:00,0.0,0.0,0.0,0.0,0.0
2019-05-06 19:45:00-08:00,0.0,0.0,0.0,0.0,0.0
2019-05-06 20:00:00-08:00,0.0,0.0,0.0,0.0,0.0
2019-05-06 20:15:00-08:00,0.0,0.0,0.0,0.0,0.0
2019-05-06 20:30:00-08:00,0.0,0.0,0.0,0.0,0.0
2019-05-06 20:45:00-08:00,0.0,0.0,0.0,0.0,0.0
2019-05-06 21:00:00-08:00,0.0,0.0,0.0,0.0,0.0
2019-05-06 21:15:00-08:00,0.0,0.0,0.0,0.0,0.0
2019-05-06 21:30:00-08:00,0.0,0.0,0.0,0.0,0.0
2019-05-06 21:45:00-08:00,0.0,0.0,0.0,0.0,0.0
2019-05-06 22:00:00-08:00,0.0,0.0,0.0,0.0,0.0
2019-05-06 22:15:00-08:00,0.0,0.0,0.0,0.0,0.0
2019-05-06 22:30:00-08:00,0.0,0.0,0.0,0.0,0.0
2019-05-06 22:45:00-08:00,0.0,0.0,0.0,0.0,0.0
2019-05-06 23:00:00-08:00,0.0,0.0,0.0,0.0,0.0
2019-05-06 23:15:00-08:00,0.0,0.0,0.0,0.0,0.0
2019-05-06 23:30:00-08:00,0.0,0.0,0.0,0.0,0.0
2019-05-06 23:45:00-08:00,0.0,0.0,0.0,0.0,0.0
2019-05-07 00:00:00-08:00,0.0,0.0,0.0,0.0,0.0
2019-05-07 00:15:00-08:00,0.0,0.0,0.0,0.0,0.0
2019-05-07 00:30:00-08:00,0.0,0.0,0.0,0.0,0.0
2019-05-07 00:45:00-08:00,0.0,0.0,0.0,0.0,0.0
2019-05-07 01:00:00-08:00,0.0,0.0,0.0,0.0,0.0
2019-05-07 01:15:00-08:00,0.0,0.0,0.0,0.0,0.0
2019-05-07 01:30:00-08:00,0.0,0.0,0.0,0.0,0.0
2019-05-07 01:45:00-08:00,0.0,0.0,0.0,0.0,0.0
2019-05-07 02:00:00-08:00,0.0,0.0,0.0,0.0,0.0
2019-05-07 02:15:00-08:00,0.0,0.0,0.0,0.0,0.0
2019-05-07 02:30:00-08:00,0.0,0.0,0.0,0.0,0.0
2019-05-07 02:45:00-08:00,0.0,0.0,0.0,0.0,0.0
2019-05-07 03:00:00-08:00,0.0,0.0,0.0,0.0,0.0
2019-05-07 03:15:00-08:00,0.0,0.0,0.0,0.0,0.0
2019-05-07 03:30:00-08:00,0.0,0.0,0.0,0.0,0.0
2019-05-07 03:45:00-08:00,0.0,0.0,0.0,0.0,0.0
2019-05-07 04:00:00-08:00,0.0,0.0,0.0,0.0,0.0
2019-05-07 04:15:00-08:00,0.0,0.0,0.0,0.0,0.0
2019-05-07 04:30:00-08:00,0.0,0.0,0.0,0.0,0.0
2019-05-07 04:45:00-08:00,0.0,0.0,0.0,0.0,0.0
2019-05-07 05:00:00-08:00,0.0,0.0,0.0,0.0,0.0
2019-05-07 05:15:00-08:00,0.0,0.10352647,0.0,0.7435185,0.04580264
2019-05-07 05:30:00-08:00,0.10156901559999988,0.0,0.0,0.9167594,0.06904618
2019-05-07 05:45:00-08:00,0.3961363611333333,0.47857893,0.0,1.2351812,0.101155065
2019-05-07 06:00:00-08:00,0.6887790729333334,0.62405,0.12542075,1.5910244,0.1481071
2019-05-07 06:15:00-08:00,1.186563466333333,1.0848829,0.34644762,1.8951799,0.18536383
2019-05-07 06:30:00-08:00,1.8241161204666665,2.4565182,0.99527943,2.4613411,0.28415978
2019-05-07 06:45:00-08:00,2.813425045266667,3.0519733,1.8874614,3.0752945,0.3459037
2019-05-07 07:00:00-08:00,3.3983485914666667,3.527297,3.325472,3.8130822,0.41889766
2019-05-07 07:15:00-08:00,4.380657475666666,4.712682,4.709545,4.870522,0.47244868
2019-05-07 07:30:00-08:00,4.7056779074,5.6653614,6.0877666,6.0891914,0.5298303
2019-05-07 07:45:00-08:00,4.690565667466667,8.349052,7.939189,7.5670958,0.58811665
2019-05-07 08:00:00-08:00,8.058868199533332,9.43978,9.829271,9.0261135,0.6254642
2019-05-07 08:15:00-08:00,8.874552922466668,11.389958,11.602449,10.566644,0.669089
2019-05-07 08:30:00-08:00,8.7558248948,12.499363,13.299,12.226477,0.6953702
2019-05-07 08:45:00-08:00,9.6076188258,11.902588,14.7096,13.828777,0.72872883
2019-05-07 09:00:00-08:00,8.694517781933333,15.141858,15.998095,15.267646,0.75442797
2019-05-07 09:15:00-08:00,9.367556943866669,14.9625435,17.091496,16.658272,0.7590836
2019-05-07 09:30:00-08:00,23.401276270666667,16.170422,18.034792,17.740072,0.7744185
2019-05-07 09:45:00-08:00,15.7672453504,18.036098,19.150322,19.067041,0.7893635
2019-05-07 10:00:00-08:00,19.128962325933333,20.949707,19.59995,20.211721,0.8067682
2019-05-07 10:15:00-08:00,21.823024078666663,21.673134,20.549015,21.029776,0.8026161
2019-05-07 10:30:00-08:00,12.518709846666667,22.56002,21.512262,21.813179,0.7910379
2019-05-07 10:45:00-08:00,19.51184754533333,22.54606,21.76541,22.484268,0.7769953
2019-05-07 11:00:00-08:00,19.19256305333333,24.075708,22.514019,23.11666,0.7937883
2019-05-07 11:15:00-08:00,24.201555302666662,23.483412,22.91911,23.52656,0.7946292
2019-05-07 11:30:00-08:00,20.150041244,22.708567,23.43504,23.848415,0.8047209
2019-05-07 11:45:00-08:00,20.735345732666666,22.678415,23.454199,24.156063,0.7848942
2019-05-07 12:00:00-08:00,23.93750182333333,22.43409,23.739202,24.400595,0.76762414
2019-05-07 12:15:00-08:00,25.32307063,21.956993,24.02076,24.30975,0.7804953
2019-05-07 12:30:00-08:00,25.432212986666663,22.313309,24.107975,24.258621,0.775679
2019-05-07 12:45:00-08:00,19.29449741333333,22.650106,23.928566,24.279137,0.7846502
2019-05-07 13:00:00-08:00,18.723510630666667,21.330091,23.376795,23.794428,0.7978268
2019-05-07 13:15:00-08:00,23.820193514,21.700966,23.046457,23.478277,0.8060462
2019-05-07 13:30:00-08:00,24.49198088933333,21.450588,22.40594,23.27481,0.8110144
2019-05-07 13:45:00-08:00,22.41190390866667,20.824036,21.696117,23.01757,0.8164846
2019-05-07 14:00:00-08:00,21.936602650666668,22.562109,20.916508,22.67638,0.82727766
2019-05-07 14:15:00-08:00,22.06462272,21.80654,20.057207,22.304348,0.82429326
2019-05-07 14:30:00-08:00,21.308745055333333,20.275982,19.370605,21.75625,0.847167
2019-05-07 14:45:00-08:00,20.609830442666667,19.860096,18.551634,21.189075,0.84452724
2019-05-07 15:00:00-08:00,19.67220788333333,18.03851,17.831081,20.220098,0.84299237
2019-05-07 15:15:00-08:00,18.88494311733333,17.403355,16.805832,19.405869,0.83394706
2019-05-07 15:30:00-08:00,17.474975455333333,15.131323,15.75864,18.264809,0.83427125
2019-05-07 15:45:00-08:00,16.170064187333335,15.725317,14.441926,17.097391,0.83639127
2019-05-07 16:00:00-08:00,14.818241685333332,14.042911,12.96922,15.758288,0.8378514
2019-05-07 16:15:00-08:00,13.451608364,13.137875,11.374188,14.213154,0.85288596
2019-05-07 16:30:00-08:00,11.906814538666668,12.807365,9.84826,12.573877,0.8448154
2019-05-07 16:45:00-08:00,10.259723887866668,10.386942,8.369354,11.082967,0.84283394
2019-05-07 17:00:00-08:00,8.561753472133333,8.122156,6.8732457,9.451845,0.81698596
2019-05-07 17:15:00-08:00,6.838812361666666,6.186515,5.220509,7.777522,0.75782585
2019-05-07 17:30:00-08:00,5.104432244133332,5.053692,3.7046094,6.281766,0.7092389
2019-05-07 17:45:00-08:00,3.4500933295333334,3.077066,2.4503133,4.887971,0.6079188
2019-05-07 18:00:00-08:00,2.002959187133333,2.5107703,1.4663496,3.7393906,0.4963587
2019-05-07 18:15:00-08:00,0.8362384057333333,0.76291203,0.7802179,2.626888,0.37908036
2019-05-07 18:30:00-08:00,0.11329620299999989,0.44625783,0.22984587,1.7146178,0.28541496
2019-05-07 18:45:00-08:00,0.0,0.0,0.042356383,1.0721853,0.19146314
2019-05-07 19:00:00-08:00,0.0,0.18100113,0.0,0.547156,0.108273506
2019-05-07 19:15:00-08:00,0.0,0.0,0.0,0.0,0.0
2019-05-07 19:30:00-08:00,0.0,0.0,0.0,0.0,0.0
2019-05-07 19:45:00-08:00,0.0,0.0,0.0,0.0,0.0
2019-05-07 20:00:00-08:00,0.0,0.0,0.0,0.0,0.0
2019-05-07 20:15:00-08:00,0.0,0.0,0.0,0.0,0.0
2019-05-07 20:30:00-08:00,0.0,0.0,0.0,0.0,0.0
2019-05-07 20:45:00-08:00,0.0,0.0,0.0,0.0,0.0
2019-05-07 21:00:00-08:00,0.0,0.0,0.0,0.0,0.0
2019-05-07 21:15:00-08:00,0.0,0.0,0.0,0.0,0.0
2019-05-07 21:30:00-08:00,0.0,0.0,0.0,0.0,0.0
2019-05-07 21:45:00-08:00,0.0,0.0,0.0,0.0,0.0
2019-05-07 22:00:00-08:00,0.0,0.0,0.0,0.0,0.0
2019-05-07 22:15:00-08:00,0.0,0.0,0.0,0.0,0.0
2019-05-07 22:30:00-08:00,0.0,0.0,0.0,0.0,0.0
2019-05-07 22:45:00-08:00,0.0,0.0,0.0,0.0,0.0
2019-05-07 23:00:00-08:00,0.0,0.0,0.0,0.0,0.0
2019-05-07 23:15:00-08:00,0.0,0.0,0.0,0.0,0.0
2019-05-07 23:30:00-08:00,0.0,0.0,0.0,0.0,0.0
2019-05-07 23:45:00-08:00,0.0,0.0,0.0,0.0,0.0
2019-05-08 00:00:00-08:00,0.0,0.0,0.0,0.0,0.0
2019-05-08 00:15:00-08:00,0.0,0.0,0.0,0.0,0.0
2019-05-08 00:30:00-08:00,0.0,0.0,0.0,0.0,0.0
2019-05-08 00:45:00-08:00,0.0,0.0,0.0,0.0,0.0
2019-05-08 01:00:00-08:00,0.0,0.0,0.0,0.0,0.0
2019-05-08 01:15:00-08:00,0.0,0.0,0.0,0.0,0.0
2019-05-08 01:30:00-08:00,0.0,0.0,0.0,0.0,0.0
2019-05-08 01:45:00-08:00,0.0,0.0,0.0,0.0,0.0
2019-05-08 02:00:00-08:00,0.0,0.0,0.0,0.0,0.0
2019-05-08 02:15:00-08:00,0.0,0.0,0.0,0.0,0.0
2019-05-08 02:30:00-08:00,0.0,0.0,0.0,0.0,0.0
2019-05-08 02:45:00-08:00,0.0,0.0,0.0,0.0,0.0
2019-05-08 03:00:00-08:00,0.0,0.0,0.0,0.0,0.0
2019-05-08 03:15:00-08:00,0.0,0.0,0.0,0.0,0.0
2019-05-08 03:30:00-08:00,0.0,0.0,0.0,0.0,0.0
2019-05-08 03:45:00-08:00,0.0,0.0,0.0,0.0,0.0
2019-05-08 04:00:00-08:00,0.0,0.0,0.0,0.0,0.0
2019-05-08 04:15:00-08:00,0.0,0.0,0.0,0.0,0.0
2019-05-08 04:30:00-08:00,0.0,0.0,0.0,0.0,0.0
2019-05-08 04:45:00-08:00,0.0,0.0,0.0,0.0,0.0
2019-05-08 05:00:00-08:00,0.0,0.05462762,0.0,0.5736972,0.05195945
2019-05-08 05:15:00-08:00,0.0,0.0,0.0,0.84316134,0.0818305
2019-05-08 05:30:00-08:00,0.0,0.29466778,0.0,1.0893393,0.11717369
2019-05-08 05:45:00-08:00,0.1439551076,0.5949798,0.3435439,1.4912077,0.15836392
2019-05-08 06:00:00-08:00,0.45644114006666653,0.9612835,0.8210637,1.931591,0.21215817
2019-05-08 06:15:00-08:00,0.8024700463333332,1.3481765,1.2778848,2.3613513,0.25445414
2019-05-08 06:30:00-08:00,1.2132079516,2.4372592,2.1238482,3.0455122,0.35609442
2019-05-08 06:45:00-08:00,1.6112405656,2.9986916,3.1480546,3.7509592,0.42247325
2019-05-08 07:00:00-08:00,1.9486161132,5.1172295,4.7346373,4.6147246,0.49995023
2019-05-08 07:15:00-08:00,2.216460164133333,6.6551127,6.184078,5.765434,0.5543311
2019-05-08 07:30:00-08:00,2.827769093466667,7.437068,7.531988,7.0584154,0.61367995
2019-05-08 07:45:00-08:00,3.711025093333333,10.297176,9.1864805,8.567741,0.66974616
2019-05-08 08:00:00-08:00,4.3589746799333335,11.225571,10.966711,10.063865,0.70624626
2019-05-08 08:15:00-08:00,6.011194958933333,12.751233,12.577803,11.59842,0.746772
2019-05-08 08:30:00-08:00,7.2787034624,14.631932,13.9812565,13.212768,0.7716365
2019-05-08 08:45:00-08:00,11.606504693466666,15.872095,15.039444,14.764851,0.7964224
2019-05-08 09:00:00-08:00,14.356999633333333,15.742451,16.169167,16.116262,0.81579506
2019-05-08 09:15:00-08:00,20.003874868666667,17.863499,17.0441,17.404465,0.8144568
2019-05-08 09:30:00-08:00,18.67955290333333,19.985987,17.693422,18.379684,0.8222618
2019-05-08 09:45:00-08:00,19.28626016466667,20.443329,18.497242,19.585436,0.83119583
2019-05-08 10:00:00-08:00,20.473106838,21.084175,18.832586,20.62073,0.8413185
2019-05-08 10:15:00-08:00,21.29633833666667,22.399998,19.639246,21.368046,0.8316786
2019-05-08 10:30:00-08:00,21.678213426,21.781271,20.279501,22.058954,0.8179151
2019-05-08 10:45:00-08:00,22.266154979333333,22.37352,20.3163,22.677513,0.80246294
2019-05-08 11:00:00-08:00,22.649914546666665,22.249825,20.738678,23.239403,0.8180555
2019-05-08 11:15:00-08:00,22.934207814,22.881977,20.753029,23.603891,0.8130428
2019-05-08 11:30:00-08:00,23.260197926666667,23.412756,20.871239,23.889282,0.8183908
2019-05-08 11:45:00-08:00,23.51752397066667,22.7972,20.651958,24.142508,0.79566276
2019-05-08 12:00:00-08:00,23.778491328666664,23.368717,20.651546,24.35484,0.775668
2019-05-08 12:15:00-08:00,23.806069152000003,24.330648,20.770027,24.233475,0.7843827
2019-05-08 12:30:00-08:00,23.818813082666665,23.485132,20.572556,24.150942,0.7758452
2019-05-08 12:45:00-08:00,23.78088228933333,25.491732,20.267809,24.122044,0.7836179
2019-05-08 13:00:00-08:00,23.793480318,24.284403,19.65339,23.60763,0.79525834
2019-05-08 13:15:00-08:00,23.396855802666664,23.933807,19.256392,23.238354,0.8016858
2019-05-08 13:30:00-08:00,22.98885217733333,23.472673,18.569525,22.991966,0.80939823
2019-05-08 13:45:00-08:00,22.496783860666667,23.360786,17.86887,22.684658,0.8136449
2019-05-08 14:00:00-08:00,22.19463907266667,21.360783,17.23754,22.285374,0.82248247
2019-05-08 14:15:00-08:00,21.516911152,21.818264,16.561565,21.840904,0.8183452
2019-05-08 14:30:00-08:00,20.92874980266667,21.447117,15.985481,21.259062,0.836292
2019-05-08 14:45:00-08:00,19.965616046666668,20.571241,15.24239,20.638256,0.83379495
2019-05-08 15:00:00-08:00,18.90827549133333,17.053532,14.644023,19.637144,0.831882
2019-05-08 15:15:00-08:00,17.912585336,17.15813,13.813817,18.752872,0.81958383
2019-05-08 15:30:00-08:00,16.844182864,16.313908,13.149848,17.579985,0.8206923
2019-05-08 15:45:00-08:00,15.635251556,15.968071,12.217096,16.353886,0.82547164
2019-05-08 16:00:00-08:00,14.321453897999998,13.985012,11.303314,14.991308,0.827088
2019-05-08 16:15:00-08:00,12.994423424666666,12.760605,10.195665,13.420409,0.84147847
2019-05-08 16:30:00-08:00,11.487919335333332,12.668037,9.080479,11.778619,0.8325475
2019-05-08 16:45:00-08:00,9.912181345866667,10.263895,8.161554,10.283596,0.827719
2019-05-08 17:00:00-08:00,8.275926897666666,8.28452,6.9753585,8.6643505,0.796068
2019-05-08 17:15:00-08:00,6.537107235666667,6.3218665,5.610933,7.031646,0.7287035
2019-05-08 17:30:00-08:00,4.860194345533333,5.3337097,4.173696,5.6047473,0.6751498
2019-05-08 17:45:00-08:00,3.2651556734,3.2359114,2.9657226,4.290918,0.5622206
2019-05-08 18:00:00-08:00,1.96719651,2.4437926,1.8701828,3.2356534,0.44085583
2019-05-08 18:15:00-08:00,0.8076008170666666,0.70092,1.0740334,2.2181365,0.32121056
2019-05-08 18:30:00-08:00,0.1091061443333333,0.6346116,0.39511544,1.4081893,0.22553521
2019-05-08 18:45:00-08:00,0.0,0.20496355,0.15000452,0.84882593,0.13420106
2019-05-08 19:00:00-08:00,0.0,0.16652124,0.0,0.40257266,0.0610841
2019-05-08 19:15:00-08:00,0.0,0.0,0.0,0.0,0.0
2019-05-08 19:30:00-08:00,0.0,0.0,0.0,0.0,0.0
2019-05-08 19:45:00-08:00,0.0,0.0,0.0,0.0,0.0
2019-05-08 20:00:00-08:00,0.0,0.0,0.0,0.0,0.0
2019-05-08 20:15:00-08:00,0.0,0.0,0.0,0.0,0.0
2019-05-08 20:30:00-08:00,0.0,0.0,0.0,0.0,0.0
2019-05-08 20:45:00-08:00,0.0,0.0,0.0,0.0,0.0
2019-05-08 21:00:00-08:00,0.0,0.0,0.0,0.0,0.0
2019-05-08 21:15:00-08:00,0.0,0.0,0.0,0.0,0.0
2019-05-08 21:30:00-08:00,0.0,0.0,0.0,0.0,0.0
2019-05-08 21:45:00-08:00,0.0,0.0,0.0,0.0,0.0
2019-05-08 22:00:00-08:00,0.0,0.0,0.0,0.0,0.0
2019-05-08 22:15:00-08:00,0.0,0.0,0.0,0.0,0.0
2019-05-08 22:30:00-08:00,0.0,0.0,0.0,0.0,0.0
2019-05-08 22:45:00-08:00,0.0,0.0,0.0,0.0,0.0
2019-05-08 23:00:00-08:00,0.0,0.0,0.0,0.0,0.0
2019-05-08 23:15:00-08:00,0.0,0.0,0.0,0.0,0.0
2019-05-08 23:30:00-08:00,0.0,0.0,0.0,0.0,0.0
2019-05-08 23:45:00-08:00,0.0,0.0,0.0,0.0,0.0
2019-05-09 00:00:00-08:00,0.0,0.0,0.0,0.0,0.0
2019-05-09 00:15:00-08:00,0.0,0.0,0.0,0.0,0.0
2019-05-09 00:30:00-08:00,0.0,0.0,0.0,0.0,0.0
2019-05-09 00:45:00-08:00,0.0,0.0,0.0,0.0,0.0
2019-05-09 01:00:00-08:00,0.0,0.0,0.0,0.0,0.0
2019-05-09 01:15:00-08:00,0.0,0.0,0.0,0.0,0.0
2019-05-09 01:30:00-08:00,0.0,0.0,0.0,0.0,0.0
2019-05-09 01:45:00-08:00,0.0,0.0,0.0,0.0,0.0
2019-05-09 02:00:00-08:00,0.0,0.0,0.0,0.0,0.0
2019-05-09 02:15:00-08:00,0.0,0.0,0.0,0.0,0.0
2019-05-09 02:30:00-08:00,0.0,0.0,0.0,0.0,0.0
2019-05-09 02:45:00-08:00,0.0,0.0,0.0,0.0,0.0
2019-05-09 03:00:00-08:00,0.0,0.0,0.0,0.0,0.0
2019-05-09 03:15:00-08:00,0.0,0.0,0.0,0.0,0.0
2019-05-09 03:30:00-08:00,0.0,0.0,0.0,0.0,0.0
2019-05-09 03:45:00-08:00,0.0,0.0,0.0,0.0,0.0
2019-05-09 04:00:00-08:00,0.0,0.0,0.0,0.0,0.0
2019-05-09 04:15:00-08:00,0.0,0.0,0.0,0.0,0.0
2019-05-09 04:30:00-08:00,0.0,0.0,0.0,0.0,0.0
2019-05-09 04:45:00-08:00,0.0,0.0,0.0,0.0,0.0
2019-05-09 05:00:00-08:00,0.0,0.024875784,0.0,0.680973,0.06829595
2019-05-09 05:15:00-08:00,0.0,0.16689129,0.0,0.90125173,0.09396938
2019-05-09 05:30:00-08:00,0.0,0.23800647,0.0,1.0862002,0.12601697
2019-05-09 05:45:00-08:00,0.1120133703999999,0.59279895,0.22127429,1.4291592,0.16433844
2019-05-09 06:00:00-08:00,0.4141474848666666,1.0310674,0.6164172,1.7932259,0.21123947
2019-05-09 06:15:00-08:00,0.6546160578000001,1.7681032,0.9079858,2.1407592,0.24749318
2019-05-09 06:30:00-08:00,1.1619991604666666,2.3298285,1.5494146,2.7492967,0.3388243
2019-05-09 06:45:00-08:00,1.5039426686666666,3.3798738,2.3641317,3.398872,0.39793548
2019-05-09 07:00:00-08:00,2.4368474744,4.397792,3.7496932,4.2080593,0.469087
2019-05-09 07:15:00-08:00,3.3171926215333327,5.2851067,4.91592,5.3290806,0.52128005
2019-05-09 07:30:00-08:00,4.049241520733333,7.4046316,6.05299,6.6010737,0.5751676
2019-05-09 07:45:00-08:00,5.535254608333333,9.321252,7.565954,8.1243305,0.6261307
2019-05-09 08:00:00-08:00,7.069020493799999,10.357002,9.236221,9.651772,0.65510714
2019-05-09 08:15:00-08:00,7.7914435108666655,11.4767,10.903786,11.223253,0.69503736
2019-05-09 08:30:00-08:00,10.395665840666666,13.139222,12.397319,12.9003525,0.7210492
2019-05-09 08:45:00-08:00,12.509408974666668,15.334442,13.705631,14.51324,0.7487922
2019-05-09 09:00:00-08:00,11.580069771133331,15.66489,15.148977,15.917596,0.77131945
2019-05-09 09:15:00-08:00,14.232303246666667,16.67132,16.348688,17.255669,0.77399254
2019-05-09 09:30:00-08:00,10.989940664666667,18.048176,17.320057,18.253616,0.78671026
2019-05-09 09:45:00-08:00,13.831400221333332,19.868202,18.512314,19.4895,0.80021614
2019-05-09 10:00:00-08:00,15.796255304666667,20.410877,19.15152,20.518028,0.81924975
2019-05-09 10:15:00-08:00,16.844119739333333,21.49815,20.256254,21.239109,0.81729615
2019-05-09 10:30:00-08:00,25.195446364,22.435398,21.048233,21.92477,0.8092922
2019-05-09 10:45:00-08:00,23.543529421333336,22.850008,21.176554,22.521599,0.797557
2019-05-09 11:00:00-08:00,19.36862745733333,23.111303,21.700375,23.074314,0.81775093
2019-05-09 11:15:00-08:00,17.506145973333336,24.217606,21.77724,23.459217,0.817577
2019-05-09 11:30:00-08:00,18.041708632666666,21.984238,21.990046,23.762657,0.82568395
2019-05-09 11:45:00-08:00,15.958536872000002,23.920317,21.939426,24.04069,0.8089419
2019-05-09 12:00:00-08:00,16.06927303466667,23.889772,22.253199,24.303207,0.79356855
2019-05-09 12:15:00-08:00,18.96233129533333,24.199682,22.651041,24.21408,0.8057749
2019-05-09 12:30:00-08:00,17.277988544,24.279472,22.893272,24.17675,0.7969918
2019-05-09 12:45:00-08:00,21.406162372666667,24.019623,22.808395,24.210497,0.8047676
2019-05-09 13:00:00-08:00,18.136651285333333,24.646118,22.525885,23.740108,0.81379735
2019-05-09 13:15:00-08:00,20.861807834,23.31521,22.550112,23.411068,0.8187645
2019-05-09 13:30:00-08:00,18.53777556933333,24.337864,22.152674,23.197115,0.8243302
2019-05-09 13:45:00-08:00,23.796377902666663,23.7284,21.70503,22.920095,0.8272292
2019-05-09 14:00:00-08:00,22.003459142,24.017742,21.07391,22.52923,0.8334918
2019-05-09 14:15:00-08:00,17.15509291533333,22.525988,20.406565,22.08575,0.82612556
2019-05-09 14:30:00-08:00,20.744808468666665,21.414309,19.85933,21.480236,0.8392906
2019-05-09 14:45:00-08:00,20.48106089533333,20.089392,19.147844,20.827484,0.8328538
2019-05-09 15:00:00-08:00,19.362294802666668,17.867634,18.442083,19.796772,0.8280363
2019-05-09 15:15:00-08:00,18.216505708666663,18.189249,17.547512,18.896622,0.81253266
2019-05-09 15:30:00-08:00,17.170199359333335,16.055676,16.786638,17.694778,0.8080353
2019-05-09 15:45:00-08:00,15.919260102,15.21783,15.822123,16.471462,0.80459046
2019-05-09 16:00:00-08:00,14.635632117999998,12.8298025,14.853235,15.110627,0.79901075
2019-05-09 16:15:00-08:00,13.267494534666666,13.84114,13.558979,13.549917,0.8065256
2019-05-09 16:30:00-08:00,10.642792797533334,12.236181,12.280922,11.909352,0.791775
2019-05-09 16:45:00-08:00,8.096860789466666,10.724627,10.944799,10.422991,0.7838815
2019-05-09 17:00:00-08:00,5.932754970066667,7.955242,9.3202095,8.786238,0.74980986
2019-05-09 17:15:00-08:00,4.537766961,6.188835,7.3609242,7.1623564,0.685949
2019-05-09 17:30:00-08:00,2.852887110133333,5.1165495,5.338132,5.7176485,0.6362421
2019-05-09 17:45:00-08:00,1.4633872706666669,3.0859413,3.5021749,4.3832026,0.53347504
2019-05-09 18:00:00-08:00,0.5745924327999999,2.6745105,2.0334806,3.3201334,0.42326626
2019-05-09 18:15:00-08:00,0.2253772449999999,0.8003466,0.95347434,2.3037724,0.3150912
2019-05-09 18:30:00-08:00,0.0074791323333333,0.3208475,0.0,1.4937438,0.23101647
2019-05-09 18:45:00-08:00,0.0,0.1864945,0.0,0.92727166,0.14996341
2019-05-09 19:00:00-08:00,0.0,0.11581146,0.0,0.50454426,0.08594639
2019-05-09 19:15:00-08:00,0.0,0.0,0.0,0.0,0.0
2019-05-09 19:30:00-08:00,0.0,0.0,0.0,0.0,0.0
2019-05-09 19:45:00-08:00,0.0,0.0,0.0,0.0,0.0
2019-05-09 20:00:00-08:00,0.0,0.0,0.0,0.0,0.0
2019-05-09 20:15:00-08:00,0.0,0.0,0.0,0.0,0.0
2019-05-09 20:30:00-08:00,0.0,0.0,0.0,0.0,0.0
2019-05-09 20:45:00-08:00,0.0,0.0,0.0,0.0,0.0
2019-05-09 21:00:00-08:00,0.0,0.0,0.0,0.0,0.0
2019-05-09 21:15:00-08:00,0.0,0.0,0.0,0.0,0.0
2019-05-09 21:30:00-08:00,0.0,0.0,0.0,0.0,0.0
2019-05-09 21:45:00-08:00,0.0,0.0,0.0,0.0,0.0
2019-05-09 22:00:00-08:00,0.0,0.0,0.0,0.0,0.0
2019-05-09 22:15:00-08:00,0.0,0.0,0.0,0.0,0.0
2019-05-09 22:30:00-08:00,0.0,0.0,0.0,0.0,0.0
2019-05-09 22:45:00-08:00,0.0,0.0,0.0,0.0,0.0
2019-05-09 23:00:00-08:00,0.0,0.0,0.0,0.0,0.0
2019-05-09 23:15:00-08:00,0.0,0.0,0.0,0.0,0.0
2019-05-09 23:30:00-08:00,0.0,0.0,0.0,0.0,0.0
2019-05-09 23:45:00-08:00,0.0,0.0,0.0,0.0,0.0
2019-05-10 00:00:00-08:00,0.0,0.0,0.0,0.0,0.0
2019-05-10 00:15:00-08:00,0.0,0.0,0.0,0.0,0.0
2019-05-10 00:30:00-08:00,0.0,0.0,0.0,0.0,0.0
2019-05-10 00:45:00-08:00,0.0,0.0,0.0,0.0,0.0
2019-05-10 01:00:00-08:00,0.0,0.0,0.0,0.0,0.0
2019-05-10 01:15:00-08:00,0.0,0.0,0.0,0.0,0.0
2019-05-10 01:30:00-08:00,0.0,0.0,0.0,0.0,0.0
2019-05-10 01:45:00-08:00,0.0,0.0,0.0,0.0,0.0
2019-05-10 02:00:00-08:00,0.0,0.0,0.0,0.0,0.0
2019-05-10 02:15:00-08:00,0.0,0.0,0.0,0.0,0.0
2019-05-10 02:30:00-08:00,0.0,0.0,0.0,0.0,0.0
2019-05-10 02:45:00-08:00,0.0,0.0,0.0,0.0,0.0
2019-05-10 03:00:00-08:00,0.0,0.0,0.0,0.0,0.0
2019-05-10 03:15:00-08:00,0.0,0.0,0.0,0.0,0.0
2019-05-10 03:30:00-08:00,0.0,0.0,0.0,0.0,0.0
2019-05-10 03:45:00-08:00,0.0,0.0,0.0,0.0,0.0
2019-05-10 04:00:00-08:00,0.0,0.0,0.0,0.0,0.0
2019-05-10 04:15:00-08:00,0.0,0.0,0.0,0.0,0.0
2019-05-10 04:30:00-08:00,0.0,0.0,0.0,0.0,0.0
2019-05-10 04:45:00-08:00,0.0,0.0,0.0,0.0,0.0
2019-05-10 05:00:00-08:00,0.0,0.005948728,0.0,0.36826387,0.05216191
2019-05-10 05:15:00-08:00,0.0,0.4748151,0.08240548,0.6009051,0.07697586
2019-05-10 05:30:00-08:00,0.129791924,0.15803908,0.30127645,0.83324236,0.1053487
2019-05-10 05:45:00-08:00,0.7181616670666666,0.87102973,0.66296494,1.2099955,0.14077488
2019-05-10 06:00:00-08:00,1.0706049005333331,1.0128417,1.0181818,1.6437846,0.1877687
2019-05-10 06:15:00-08:00,2.017731826133333,2.308362,1.2633792,2.1074996,0.22452465
2019-05-10 06:30:00-08:00,2.221882438533333,2.7421362,1.7292368,2.7760732,0.31675097
2019-05-10 06:45:00-08:00,3.6236791157333332,1.987525,2.4210093,3.4975853,0.37553298
2019-05-10 07:00:00-08:00,5.388260071333334,3.943941,3.6006413,4.3782616,0.4452932
2019-05-10 07:15:00-08:00,4.917884945733333,6.282778,4.6292853,5.5415964,0.49648297
2019-05-10 07:30:00-08:00,7.100297407399999,5.934363,5.5818496,6.8259153,0.55077183
2019-05-10 07:45:00-08:00,8.518564079199999,7.0458374,7.062625,8.332273,0.6031923
2019-05-10 08:00:00-08:00,12.691572884933334,9.854755,8.68528,9.838959,0.63635844
2019-05-10 08:15:00-08:00,12.807926479799999,11.352895,10.228679,11.358234,0.67638326
2019-05-10 08:30:00-08:00,14.174333850666667,12.804671,11.680576,12.991756,0.7023964
2019-05-10 08:45:00-08:00,15.626323774666668,15.108629,13.006058,14.559212,0.7309271
2019-05-10 09:00:00-08:00,16.70659570933333,16.177284,14.319537,15.928413,0.7544707
2019-05-10 09:15:00-08:00,17.846821754,15.537672,15.468361,17.21075,0.75870776
2019-05-10 09:30:00-08:00,18.857541260666668,18.744099,16.591455,18.209785,0.7728518
2019-05-10 09:45:00-08:00,19.758054638666668,19.786879,17.764774,19.364986,0.7855252
2019-05-10 10:00:00-08:00,20.500139361333336,20.561611,18.590153,20.34872,0.8022982
2019-05-10 10:15:00-08:00,21.219560942666664,23.049679,19.826075,21.015947,0.7980525
2019-05-10 10:30:00-08:00,21.966580724,23.473787,20.889156,21.660835,0.7879248
2019-05-10 10:45:00-08:00,22.637820606,21.427252,21.307354,22.20304,0.7757009
2019-05-10 11:00:00-08:00,22.946927078,22.705555,22.093767,22.715673,0.79235864
2019-05-10 11:15:00-08:00,23.129821596,23.63355,22.321272,23.058048,0.7924863
2019-05-10 11:30:00-08:00,23.592620682666663,20.572529,22.709627,23.30597,0.80142367
2019-05-10 11:45:00-08:00,23.87698763,23.913698,22.62338,23.563536,0.78295195
2019-05-10 12:00:00-08:00,23.94050016066667,24.064972,22.701057,23.75396,0.76669383
2019-05-10 12:15:00-08:00,23.81340259066667,24.208529,22.902782,23.650217,0.77742934
2019-05-10 12:30:00-08:00,23.689319546666667,23.724388,22.876839,23.579096,0.7689519
2019-05-10 12:45:00-08:00,23.536059182666666,22.94168,22.569998,23.579815,0.77658737
2019-05-10 13:00:00-08:00,22.965923260666667,22.78287,21.961952,23.077152,0.78645104
2019-05-10 13:15:00-08:00,23.262428979333333,23.934368,21.69692,22.735567,0.79179955
2019-05-10 13:30:00-08:00,22.680222988,23.793205,21.063799,22.484175,0.79405546
2019-05-10 13:45:00-08:00,22.34714811266667,23.127632,20.381763,22.201029,0.7988332
2019-05-10 14:00:00-08:00,21.879986548,23.895382,19.488571,21.79439,0.8059298
2019-05-10 14:15:00-08:00,21.11990082333333,22.36571,18.516815,21.356417,0.7994498
2019-05-10 14:30:00-08:00,20.33883374,20.338665,17.815298,20.821926,0.81704
2019-05-10 14:45:00-08:00,19.601761136666667,18.146328,16.957165,20.218067,0.811412
2019-05-10 15:00:00-08:00,18.695025560666668,17.086931,16.070333,19.245144,0.8092983
2019-05-10 15:15:00-08:00,17.688235306666666,14.28259,14.966666,18.413458,0.79783183
2019-05-10 15:30:00-08:00,16.588321759333336,15.380444,13.962112,17.318691,0.7950283
2019-05-10 15:45:00-08:00,15.282839718,14.430179,12.679964,16.186337,0.79503393
2019-05-10 16:00:00-08:00,14.083063349333335,14.067659,11.3793545,14.924549,0.793359
2019-05-10 16:15:00-08:00,12.757708029999998,12.924553,9.975895,13.464436,0.8046622
2019-05-10 16:30:00-08:00,11.424197609333334,11.375477,8.62918,11.909779,0.79242414
2019-05-10 16:45:00-08:00,9.869112802333332,9.263898,7.2876053,10.497467,0.7856531
2019-05-10 17:00:00-08:00,8.1660768396,7.088868,5.8319874,8.955843,0.75423324
2019-05-10 17:15:00-08:00,6.553790089133333,5.3231726,4.298065,7.3640814,0.69243526
2019-05-10 17:30:00-08:00,4.7776385930666665,5.3482976,2.7903695,5.933241,0.64131737
2019-05-10 17:45:00-08:00,3.281243152933333,2.8777864,1.5141201,4.5713463,0.5402857
2019-05-10 18:00:00-08:00,2.0617810753333337,2.5188746,0.6441004,3.463279,0.43142718
2019-05-10 18:15:00-08:00,0.9387258197999999,0.93502355,0.0,2.3581898,0.32392013
2019-05-10 18:30:00-08:00,0.1869108457333333,0.53931963,0.0,1.481002,0.2394894
2019-05-10 18:45:00-08:00,0.0,0.03433243,0.0,0.8321514,0.15715502
2019-05-10 19:00:00-08:00,0.0,0.55008984,0.0,0.3291997,0.089098975
2019-05-10 19:15:00-08:00,0.0,0.0,0.0,0.0,0.0
2019-05-10 19:30:00-08:00,0.0,0.0,0.0,0.0,0.0
2019-05-10 19:45:00-08:00,0.0,0.0,0.0,0.0,0.0
2019-05-10 20:00:00-08:00,0.0,0.0,0.0,0.0,0.0
2019-05-10 20:15:00-08:00,0.0,0.0,0.0,0.0,0.0
2019-05-10 20:30:00-08:00,0.0,0.0,0.0,0.0,0.0
2019-05-10 20:45:00-08:00,0.0,0.0,0.0,0.0,0.0
2019-05-10 21:00:00-08:00,0.0,0.0,0.0,0.0,0.0
2019-05-10 21:15:00-08:00,0.0,0.0,0.0,0.0,0.0
2019-05-10 21:30:00-08:00,0.0,0.0,0.0,0.0,0.0
2019-05-10 21:45:00-08:00,0.0,0.0,0.0,0.0,0.0
2019-05-10 22:00:00-08:00,0.0,0.0,0.0,0.0,0.0
2019-05-10 22:15:00-08:00,0.0,0.0,0.0,0.0,0.0
2019-05-10 22:30:00-08:00,0.0,0.0,0.0,0.0,0.0
2019-05-10 22:45:00-08:00,0.0,0.0,0.0,0.0,0.0
2019-05-10 23:00:00-08:00,0.0,0.0,0.0,0.0,0.0
2019-05-10 23:15:00-08:00,0.0,0.0,0.0,0.0,0.0
2019-05-10 23:30:00-08:00,0.0,0.0,0.0,0.0,0.0
2019-05-10 23:45:00-08:00,0.0,0.0,0.0,0.0,0.0
2019-05-11 00:00:00-08:00,0.0,0.0,0.0,0.0,0.0
2019-05-11 00:15:00-08:00,0.0,0.0,0.0,0.0,0.0
2019-05-11 00:30:00-08:00,0.0,0.0,0.0,0.0,0.0
2019-05-11 00:45:00-08:00,0.0,0.0,0.0,0.0,0.0
2019-05-11 01:00:00-08:00,0.0,0.0,0.0,0.0,0.0
2019-05-11 01:15:00-08:00,0.0,0.0,0.0,0.0,0.0
2019-05-11 01:30:00-08:00,0.0,0.0,0.0,0.0,0.0
2019-05-11 01:45:00-08:00,0.0,0.0,0.0,0.0,0.0
2019-05-11 02:00:00-08:00,0.0,0.0,0.0,0.0,0.0
2019-05-11 02:15:00-08:00,0.0,0.0,0.0,0.0,0.0
2019-05-11 02:30:00-08:00,0.0,0.0,0.0,0.0,0.0
2019-05-11 02:45:00-08:00,0.0,0.0,0.0,0.0,0.0
2019-05-11 03:00:00-08:00,0.0,0.0,0.0,0.0,0.0
2019-05-11 03:15:00-08:00,0.0,0.0,0.0,0.0,0.0
2019-05-11 03:30:00-08:00,0.0,0.0,0.0,0.0,0.0
2019-05-11 03:45:00-08:00,0.0,0.0,0.0,0.0,0.0
2019-05-11 04:00:00-08:00,0.0,0.0,0.0,0.0,0.0
2019-05-11 04:15:00-08:00,0.0,0.0,0.0,0.0,0.0
2019-05-11 04:30:00-08:00,0.0,0.0,0.0,0.0,0.0
2019-05-11 04:45:00-08:00,0.0,0.0,0.0,0.0,0.0
2019-05-11 05:00:00-08:00,0.0,0.06995593,0.0,0.4693501,0.04344906
2019-05-11 05:15:00-08:00,0.0058526333333333,0.041775074,0.0,0.69997275,0.07301542
2019-05-11 05:30:00-08:00,0.2712446609999999,0.39515132,0.0,0.90541023,0.104563504
2019-05-11 05:45:00-08:00,0.8808810581333333,0.75552607,0.3506148,1.2570498,0.14418538
2019-05-11 06:00:00-08:00,1.4364214075333332,1.1500027,0.6977918,1.6534705,0.19448066
2019-05-11 06:15:00-08:00,2.030176691,1.4299526,0.977988,2.032411,0.23277959
2019-05-11 06:30:00-08:00,2.5031196929333333,2.3704295,1.6749504,2.6473165,0.33361518
2019-05-11 06:45:00-08:00,3.341596422466667,3.0052485,2.495123,3.3117461,0.3976295
2019-05-11 07:00:00-08:00,4.4975262012,4.3568635,3.9541159,4.1173716,0.47176838
2019-05-11 07:15:00-08:00,4.658228798666667,5.359597,5.2316146,5.2276964,0.52643895
2019-05-11 07:30:00-08:00,4.355973257866666,6.70181,6.425424,6.4753685,0.5823
2019-05-11 07:45:00-08:00,4.545588243466667,8.683907,8.0068035,7.981163,0.6379982
2019-05-11 08:00:00-08:00,5.950606194666666,10.898629,9.76635,9.473711,0.6729082
2019-05-11 08:15:00-08:00,6.512507398066666,11.365605,11.419663,11.016161,0.71302485
2019-05-11 08:30:00-08:00,10.460088959399998,13.291497,12.943476,12.685132,0.7372079
2019-05-11 08:45:00-08:00,16.552140184666666,16.216366,14.234547,14.285496,0.76626474
2019-05-11 09:00:00-08:00,16.833312546666665,16.651846,15.51454,15.700663,0.7883724
2019-05-11 09:15:00-08:00,17.803401335999997,18.127098,16.565933,17.049257,0.7920787
2019-05-11 09:30:00-08:00,18.731754018666667,21.05845,17.384033,18.078745,0.80423665
2019-05-11 09:45:00-08:00,19.738375626666667,19.184732,18.438864,19.325369,0.81761724
2019-05-11 10:00:00-08:00,20.56382201,20.958668,19.042158,20.38224,0.83374375
2019-05-11 10:15:00-08:00,21.332350700000003,22.366076,20.170425,21.108654,0.82947457
2019-05-11 10:30:00-08:00,22.030468726,22.654423,21.153141,21.819979,0.819184
2019-05-11 10:45:00-08:00,22.617652204,23.072731,21.497772,22.418488,0.80365014
2019-05-11 11:00:00-08:00,23.107703487333332,23.576233,22.32368,22.990479,0.8219556
2019-05-11 11:15:00-08:00,23.536946134,23.110744,22.763714,23.368921,0.8210687
2019-05-11 11:30:00-08:00,23.878996207333334,22.80531,23.3381,23.665812,0.83053434
2019-05-11 11:45:00-08:00,24.002401719999998,23.82249,23.502499,23.961933,0.81316566
2019-05-11 12:00:00-08:00,24.18920115866666,24.918468,23.920158,24.18863,0.79695386
2019-05-11 12:15:00-08:00,24.25318487066667,23.888117,24.39111,24.092705,0.8105963
2019-05-11 12:30:00-08:00,24.181119618666667,24.167805,24.580769,24.033043,0.8077839
2019-05-11 12:45:00-08:00,24.067643304666664,24.203136,24.429821,24.05003,0.8201957
2019-05-11 13:00:00-08:00,23.947226681333333,23.781881,24.006676,23.547602,0.83473086
2019-05-11 13:15:00-08:00,23.745097289333334,23.306519,23.92793,23.209936,0.8446432
2019-05-11 13:30:00-08:00,23.361185906666663,24.096855,23.461346,22.976871,0.85489494
2019-05-11 13:45:00-08:00,22.71370338066667,23.791286,22.95035,22.705051,0.859984
2019-05-11 14:00:00-08:00,22.142244824666665,23.623455,22.31039,22.329853,0.8728466
2019-05-11 14:15:00-08:00,21.467156642000003,23.438475,21.692265,21.926203,0.8716965
2019-05-11 14:30:00-08:00,20.669544644,21.586971,21.245768,21.384789,0.8906781
2019-05-11 14:45:00-08:00,19.803677612,20.725595,20.591125,20.799713,0.88571817
2019-05-11 15:00:00-08:00,19.002357784,20.117401,19.921234,19.8333,0.88252616
2019-05-11 15:15:00-08:00,18.079314432666667,18.394695,19.019217,19.021679,0.86904585
2019-05-11 15:30:00-08:00,17.01854066,17.862137,18.072048,17.912525,0.868333
2019-05-11 15:45:00-08:00,15.76719382733333,15.902593,16.81031,16.77728,0.86931014
2019-05-11 16:00:00-08:00,14.484460328666666,14.881425,15.479041,15.494221,0.8687067
2019-05-11 16:15:00-08:00,13.101614837333337,14.277446,13.775358,14.000998,0.879818
2019-05-11 16:30:00-08:00,11.649449846666668,12.477897,12.135681,12.4127655,0.8660386
2019-05-11 16:45:00-08:00,10.053205285466667,9.99393,10.542237,10.972173,0.85709596
2019-05-11 17:00:00-08:00,8.366072409133332,9.359037,8.773817,9.382271,0.82123375
2019-05-11 17:15:00-08:00,6.765359210066666,6.608123,6.729375,7.74578,0.75145817
2019-05-11 17:30:00-08:00,5.1036892076,5.439628,4.7964497,6.2654185,0.69665825
2019-05-11 17:45:00-08:00,3.522699605533333,3.4389324,3.0746884,4.8604875,0.58246666
2019-05-11 18:00:00-08:00,2.1299731366,2.8829188,1.6919725,3.7119377,0.46223074
2019-05-11 18:15:00-08:00,1.0128624491333331,1.0696269,0.73573536,2.576302,0.3445493
2019-05-11 18:30:00-08:00,0.2606756168666666,0.3437817,0.0,1.6536515,0.25205693
2019-05-11 18:45:00-08:00,0.0002895550666666,0.14820063,0.0,0.980592,0.16146152
2019-05-11 19:00:00-08:00,0.0,0.12237822,0.0,0.44880322,0.08818333
2019-05-11 19:15:00-08:00,0.0,0.0,0.0,0.0,0.0
2019-05-11 19:30:00-08:00,0.0,0.0,0.0,0.0,0.0
2019-05-11 19:45:00-08:00,0.0,0.0,0.0,0.0,0.0
2019-05-11 20:00:00-08:00,0.0,0.0,0.0,0.0,0.0
2019-05-11 20:15:00-08:00,0.0,0.0,0.0,0.0,0.0
2019-05-11 20:30:00-08:00,0.0,0.0,0.0,0.0,0.0
2019-05-11 20:45:00-08:00,0.0,0.0,0.0,0.0,0.0
2019-05-11 21:00:00-08:00,0.0,0.0,0.0,0.0,0.0
2019-05-11 21:15:00-08:00,0.0,0.0,0.0,0.0,0.0
2019-05-11 21:30:00-08:00,0.0,0.0,0.0,0.0,0.0
2019-05-11 21:45:00-08:00,0.0,0.0,0.0,0.0,0.0
2019-05-11 22:00:00-08:00,0.0,0.0,0.0,0.0,0.0
2019-05-11 22:15:00-08:00,0.0,0.0,0.0,0.0,0.0
2019-05-11 22:30:00-08:00,0.0,0.0,0.0,0.0,0.0
2019-05-11 22:45:00-08:00,0.0,0.0,0.0,0.0,0.0
2019-05-11 23:00:00-08:00,0.0,0.0,0.0,0.0,0.0
2019-05-11 23:15:00-08:00,0.0,0.0,0.0,0.0,0.0
2019-05-11 23:30:00-08:00,0.0,0.0,0.0,0.0,0.0
2019-05-11 23:45:00-08:00,0.0,0.0,0.0,0.0,0.0
2019-05-12 00:00:00-08:00,0.0,0.0,0.0,0.0,0.0
2019-05-12 00:15:00-08:00,0.0,0.0,0.0,0.0,0.0
2019-05-12 00:30:00-08:00,0.0,0.0,0.0,0.0,0.0
2019-05-12 00:45:00-08:00,0.0,0.0,0.0,0.0,0.0
2019-05-12 01:00:00-08:00,0.0,0.0,0.0,0.0,0.0
2019-05-12 01:15:00-08:00,0.0,0.0,0.0,0.0,0.0
2019-05-12 01:30:00-08:00,0.0,0.0,0.0,0.0,0.0
2019-05-12 01:45:00-08:00,0.0,0.0,0.0,0.0,0.0
2019-05-12 02:00:00-08:00,0.0,0.0,0.0,0.0,0.0
2019-05-12 02:15:00-08:00,0.0,0.0,0.0,0.0,0.0
2019-05-12 02:30:00-08:00,0.0,0.0,0.0,0.0,0.0
2019-05-12 02:45:00-08:00,0.0,0.0,0.0,0.0,0.0
2019-05-12 03:00:00-08:00,0.0,0.0,0.0,0.0,0.0
2019-05-12 03:15:00-08:00,0.0,0.0,0.0,0.0,0.0
2019-05-12 03:30:00-08:00,0.0,0.0,0.0,0.0,0.0
2019-05-12 03:45:00-08:00,0.0,0.0,0.0,0.0,0.0
2019-05-12 04:00:00-08:00,0.0,0.0,0.0,0.0,0.0
2019-05-12 04:15:00-08:00,0.0,0.0,0.0,0.0,0.0
2019-05-12 04:30:00-08:00,0.0,0.0,0.0,0.0,0.0
2019-05-12 04:45:00-08:00,0.0,0.0,0.0,0.0,0.0
2019-05-12 05:00:00-08:00,0.0,0.16064157,0.0,0.48588333,0.056617923
2019-05-12 05:15:00-08:00,0.0,0.0,0.104894325,0.68938065,0.082938194
2019-05-12 05:30:00-08:00,0.11608744339999989,0.56213886,0.22173473,0.85752654,0.111144684
2019-05-12 05:45:00-08:00,0.4730712208,0.67386186,0.5826216,1.1679232,0.14591986
2019-05-12 06:00:00-08:00,0.910470796333333,0.8983636,0.9125105,1.5186813,0.19226758
2019-05-12 06:15:00-08:00,1.5545077320666667,1.7004157,1.1537602,1.8338988,0.2280606
2019-05-12 06:30:00-08:00,2.178301406733333,2.0543766,1.8205286,2.396656,0.32269806
2019-05-12 06:45:00-08:00,2.783474367,2.9342003,2.5874739,3.015355,0.38358128
2019-05-12 07:00:00-08:00,3.8538579707999996,4.6479964,3.9712994,3.7647595,0.4554448
2019-05-12 07:15:00-08:00,4.705204796,5.8266263,5.2163467,4.834341,0.5085599
2019-05-12 07:30:00-08:00,4.845834104066667,7.843457,6.351158,6.0592575,0.565262
2019-05-12 07:45:00-08:00,5.4545589172,10.371904,7.938013,7.5479736,0.6191926
2019-05-12 08:00:00-08:00,9.441557020466666,11.431607,9.685778,9.026209,0.65401757
2019-05-12 08:15:00-08:00,7.7576419786,12.970219,11.292311,10.574323,0.69573396
2019-05-12 08:30:00-08:00,13.548207306133332,14.226754,12.816582,12.253883,0.7222085
2019-05-12 08:45:00-08:00,15.151128621733337,16.510656,14.123637,13.873079,0.75109494
2019-05-12 09:00:00-08:00,16.852870810666666,17.56389,15.274952,15.319836,0.7748226
2019-05-12 09:15:00-08:00,17.877021002666666,20.078753,16.20257,16.712921,0.7797382
2019-05-12 09:30:00-08:00,18.883278293333333,19.971516,16.921019,17.790037,0.7939752
2019-05-12 09:45:00-08:00,19.820553081333333,20.801533,17.90129,19.095074,0.8086526
2019-05-12 10:00:00-08:00,20.534152403333334,20.554653,18.405632,20.20767,0.8250877
2019-05-12 10:15:00-08:00,21.32489804,21.40815,19.43111,20.988007,0.82150185
2019-05-12 10:30:00-08:00,21.95301228,22.787884,20.388145,21.744102,0.81234044
2019-05-12 10:45:00-08:00,22.55200761533333,23.408464,20.773756,22.380314,0.79853976
2019-05-12 11:00:00-08:00,23.248716492,24.343992,21.665318,22.986876,0.8168526
2019-05-12 11:15:00-08:00,23.585107736666668,23.809605,22.231813,23.385351,0.8167381
2019-05-12 11:30:00-08:00,23.841944332,23.398138,22.875452,23.701824,0.8257983
2019-05-12 11:45:00-08:00,24.165987191999996,24.413836,23.099411,24.009195,0.8075325
2019-05-12 12:00:00-08:00,24.142746268666663,24.646975,23.50601,24.25275,0.7902709
2019-05-12 12:15:00-08:00,24.154700794,24.212639,24.03656,24.167799,0.80156887
2019-05-12 12:30:00-08:00,24.061458086,24.789532,24.29868,24.122166,0.79620874
2019-05-12 12:45:00-08:00,23.982643046000003,24.610905,24.3154,24.154396,0.8062568
2019-05-12 13:00:00-08:00,23.757685142666663,23.5145,23.94312,23.67343,0.8187454
2019-05-12 13:15:00-08:00,23.420706918666667,24.130926,23.878359,23.360737,0.8263927
2019-05-12 13:30:00-08:00,23.08496239666667,24.204376,23.504074,23.155857,0.8335829
2019-05-12 13:45:00-08:00,22.511691672666668,23.416733,23.061775,22.90554,0.837805
2019-05-12 14:00:00-08:00,21.881057036,24.029835,22.470007,22.561646,0.847142
2019-05-12 14:15:00-08:00,21.253386258000003,22.829813,21.813416,22.19003,0.843809
2019-05-12 14:30:00-08:00,20.760303308666668,21.619598,21.368921,21.657372,0.86157686
2019-05-12 14:45:00-08:00,19.975702582666667,20.994911,20.660542,21.093262,0.8552361
2019-05-12 15:00:00-08:00,19.10707168,20.01193,20.035265,20.134209,0.85222673
2019-05-12 15:15:00-08:00,18.079762240666668,18.581875,19.046093,19.339031,0.83846986
2019-05-12 15:30:00-08:00,16.935467884666668,18.167469,17.973633,18.22831,0.8360165
2019-05-12 15:45:00-08:00,15.826751848666666,15.508869,16.590197,17.095337,0.83604455
2019-05-12 16:00:00-08:00,14.475286241333333,15.310635,15.048632,15.80114,0.8326199
2019-05-12 16:15:00-08:00,13.179032639333334,14.105441,13.218548,14.299082,0.84013724
2019-05-12 16:30:00-08:00,11.257893239533333,12.135103,11.451187,12.698773,0.8241199
2019-05-12 16:45:00-08:00,9.461675687866666,10.28293,9.81925,11.243257,0.8148095
2019-05-12 17:00:00-08:00,8.328010953866666,8.522649,8.010508,9.63822,0.7832104
2019-05-12 17:15:00-08:00,6.9608419248,6.932414,6.0051794,7.9824085,0.72268176
2019-05-12 17:30:00-08:00,5.243453264866667,5.5132065,4.2457886,6.48409,0.6788151
2019-05-12 17:45:00-08:00,3.4977969860666662,3.5988457,2.6837323,5.0677657,0.5803083
2019-05-12 18:00:00-08:00,1.9763065899999999,2.8031838,1.3968816,3.8922508,0.47278976
2019-05-12 18:15:00-08:00,0.7642899312,1.6688379,0.64552593,2.7417002,0.3637427
2019-05-12 18:30:00-08:00,0.1837947631333333,0.64165497,0.0,1.7919005,0.27636695
2019-05-12 18:45:00-08:00,0.0,0.11207095,0.0,1.1051215,0.1870218
2019-05-12 19:00:00-08:00,0.0,0.19766283,0.0,0.551722,0.11029427
2019-05-12 19:15:00-08:00,0.0,0.0,0.0,0.0,0.0
2019-05-12 19:30:00-08:00,0.0,0.0,0.0,0.0,0.0
2019-05-12 19:45:00-08:00,0.0,0.0,0.0,0.0,0.0
2019-05-12 20:00:00-08:00,0.0,0.0,0.0,0.0,0.0
2019-05-12 20:15:00-08:00,0.0,0.0,0.0,0.0,0.0
2019-05-12 20:30:00-08:00,0.0,0.0,0.0,0.0,0.0
2019-05-12 20:45:00-08:00,0.0,0.0,0.0,0.0,0.0
2019-05-12 21:00:00-08:00,0.0,0.0,0.0,0.0,0.0
2019-05-12 21:15:00-08:00,0.0,0.0,0.0,0.0,0.0
2019-05-12 21:30:00-08:00,0.0,0.0,0.0,0.0,0.0
2019-05-12 21:45:00-08:00,0.0,0.0,0.0,0.0,0.0
2019-05-12 22:00:00-08:00,0.0,0.0,0.0,0.0,0.0
2019-05-12 22:15:00-08:00,0.0,0.0,0.0,0.0,0.0
2019-05-12 22:30:00-08:00,0.0,0.0,0.0,0.0,0.0
2019-05-12 22:45:00-08:00,0.0,0.0,0.0,0.0,0.0
2019-05-12 23:00:00-08:00,0.0,0.0,0.0,0.0,0.0
2019-05-12 23:15:00-08:00,0.0,0.0,0.0,0.0,0.0
2019-05-12 23:30:00-08:00,0.0,0.0,0.0,0.0,0.0
2019-05-12 23:45:00-08:00,0.0,0.0,0.0,0.0,0.0
2019-05-13 00:00:00-08:00,0.0,0.0,0.0,0.0,0.0
2019-05-13 00:15:00-08:00,0.0,0.0,0.0,0.0,0.0
2019-05-13 00:30:00-08:00,0.0,0.0,0.0,0.0,0.0
2019-05-13 00:45:00-08:00,0.0,0.0,0.0,0.0,0.0
2019-05-13 01:00:00-08:00,0.0,0.0,0.0,0.0,0.0
2019-05-13 01:15:00-08:00,0.0,0.0,0.0,0.0,0.0
2019-05-13 01:30:00-08:00,0.0,0.0,0.0,0.0,0.0
2019-05-13 01:45:00-08:00,0.0,0.0,0.0,0.0,0.0
2019-05-13 02:00:00-08:00,0.0,0.0,0.0,0.0,0.0
2019-05-13 02:15:00-08:00,0.0,0.0,0.0,0.0,0.0
2019-05-13 02:30:00-08:00,0.0,0.0,0.0,0.0,0.0
2019-05-13 02:45:00-08:00,0.0,0.0,0.0,0.0,0.0
2019-05-13 03:00:00-08:00,0.0,0.0,0.0,0.0,0.0
2019-05-13 03:15:00-08:00,0.0,0.0,0.0,0.0,0.0
2019-05-13 03:30:00-08:00,0.0,0.0,0.0,0.0,0.0
2019-05-13 03:45:00-08:00,0.0,0.0,0.0,0.0,0.0
2019-05-13 04:00:00-08:00,0.0,0.0,0.0,0.0,0.0
2019-05-13 04:15:00-08:00,0.0,0.0,0.0,0.0,0.0
2019-05-13 04:30:00-08:00,0.0,0.0,0.0,0.0,0.0
2019-05-13 04:45:00-08:00,0.0,0.0,0.0,0.0,0.0
2019-05-13 05:00:00-08:00,0.0,0.13223465,0.057062946,0.75012374,0.07161546
2019-05-13 05:15:00-08:00,0.0,0.14976397,0.24648955,1.0284709,0.095309585
2019-05-13 05:30:00-08:00,0.1566839253333333,0.26428336,0.4966379,1.3023794,0.124413885
2019-05-13 05:45:00-08:00,0.5174933958666667,0.84659076,0.87967193,1.7638103,0.158097
2019-05-13 06:00:00-08:00,1.6353113229333334,0.98715323,1.314445,2.2537715,0.20207989
2019-05-13 06:15:00-08:00,2.2899227375333333,1.9843814,1.638741,2.8070846,0.23695916
2019-05-13 06:30:00-08:00,2.781630481733333,2.372879,2.3292665,3.6129792,0.31951785
2019-05-13 06:45:00-08:00,3.6706357258,3.19102,3.111075,4.432416,0.37684876
2019-05-13 07:00:00-08:00,5.549351008266666,4.3304515,4.3899183,5.4865017,0.44246873
2019-05-13 07:15:00-08:00,6.9762771524666665,5.7913203,5.6060386,6.7489157,0.48834676
2019-05-13 07:30:00-08:00,6.595696747066667,7.6944094,6.799979,8.120222,0.53744096
2019-05-13 07:45:00-08:00,9.1513940702,9.220115,8.3050785,9.684555,0.5844405
2019-05-13 08:00:00-08:00,11.629426892666666,11.088887,10.020313,11.252283,0.61399
2019-05-13 08:15:00-08:00,12.875348292666668,11.696905,11.55928,12.784746,0.64708954
2019-05-13 08:30:00-08:00,14.29867352,14.588396,13.157973,14.333038,0.66686857
2019-05-13 08:45:00-08:00,15.562047371333334,14.539572,14.497414,15.861588,0.6902957
2019-05-13 09:00:00-08:00,16.835532974666666,16.829056,15.655737,17.113163,0.70851433
2019-05-13 09:15:00-08:00,18.20777030933333,18.409454,16.736227,18.22953,0.70880777
2019-05-13 09:30:00-08:00,17.678185999000004,19.108706,17.602106,19.10041,0.71859133
2019-05-13 09:45:00-08:00,20.16086091733333,20.753029,18.646915,20.104687,0.72986096
2019-05-13 10:00:00-08:00,20.99093471533333,20.335392,19.077614,20.93646,0.7419097
2019-05-13 10:15:00-08:00,21.5776552,20.916039,19.879745,21.522472,0.73547506
2019-05-13 10:30:00-08:00,22.04796333133333,18.055542,20.57605,22.057146,0.7266846
2019-05-13 10:45:00-08:00,21.841088518666663,21.275803,20.553154,22.533587,0.71283233
2019-05-13 11:00:00-08:00,23.288576344666662,23.218485,21.00917,22.984375,0.7271116
2019-05-13 11:15:00-08:00,23.046493386,21.229765,21.045639,23.333189,0.7245253
2019-05-13 11:30:00-08:00,24.12207707066666,23.249418,21.066385,23.535828,0.73228633
2019-05-13 11:45:00-08:00,20.85875390933333,20.761835,20.70263,23.743517,0.71165186
2019-05-13 12:00:00-08:00,24.13989092,20.806244,20.52649,23.969715,0.6953297
2019-05-13 12:15:00-08:00,24.165192634666667,18.802917,20.528872,23.876045,0.7029449
2019-05-13 12:30:00-08:00,24.327868831333333,21.231129,20.160236,23.832302,0.6972257
2019-05-13 12:45:00-08:00,24.110165310666662,22.939945,19.91704,23.819164,0.7059086
2019-05-13 13:00:00-08:00,23.86859755,21.856438,19.245697,23.345743,0.7158072
2019-05-13 13:15:00-08:00,23.643511131333337,17.93575,18.974598,22.956457,0.72276103
2019-05-13 13:30:00-08:00,23.080431838,19.043564,18.535048,22.669554,0.72887087
2019-05-13 13:45:00-08:00,22.60568874266667,15.456865,18.00187,22.289457,0.73422027
2019-05-13 14:00:00-08:00,22.093133562,20.67871,17.492472,21.751026,0.7437299
2019-05-13 14:15:00-08:00,21.52395070933333,14.25501,16.999792,21.109434,0.7403888
2019-05-13 14:30:00-08:00,20.842993782,16.629454,16.609985,20.340256,0.758077
2019-05-13 14:45:00-08:00,20.046938372666663,18.29977,15.929326,19.4845,0.75828815
2019-05-13 15:00:00-08:00,19.04639316133333,14.345455,15.416372,18.29878,0.7583648
2019-05-13 15:15:00-08:00,18.178997995333333,17.339851,14.501961,17.168547,0.74660915
2019-05-13 15:30:00-08:00,16.577042301333332,16.037638,13.595109,15.793163,0.7445611
2019-05-13 15:45:00-08:00,13.075323517733331,14.360634,12.474266,14.372992,0.74289775
2019-05-13 16:00:00-08:00,14.311640212666667,13.478935,11.207249,12.887659,0.73888755
2019-05-13 16:15:00-08:00,12.366859678666664,13.189204,9.806154,11.21913,0.74567246
2019-05-13 16:30:00-08:00,12.1171756,12.89525,8.438836,9.528199,0.73145103
2019-05-13 16:45:00-08:00,9.049669828133334,10.110908,7.2359724,7.9892893,0.72667456
2019-05-13 17:00:00-08:00,8.598618274266668,9.042247,5.9402323,6.421294,0.70597506
2019-05-13 17:15:00-08:00,8.485093058666665,6.0122037,4.472481,4.9210153,0.6552848
2019-05-13 17:30:00-08:00,4.1144178688,5.4652557,3.1646109,3.6704,0.62374365
2019-05-13 17:45:00-08:00,2.0732771370666665,3.9167929,2.0652118,2.6022012,0.54247934
2019-05-13 18:00:00-08:00,1.7554841682666666,2.2501817,1.1365275,1.8589053,0.44699737
2019-05-13 18:15:00-08:00,0.9399149483999999,1.2983023,0.67491984,1.1633315,0.34917486
2019-05-13 18:30:00-08:00,0.3448089003333333,0.29337028,0.2837454,0.7371236,0.26644042
2019-05-13 18:45:00-08:00,0.0734859953333333,0.43429154,0.15585639,0.4597885,0.18545897
2019-05-13 19:00:00-08:00,0.0,0.19338472,0.11586431,0.3095089,0.11502441
2019-05-13 19:15:00-08:00,0.0,0.12252773,0.112088576,0.29183424,0.065326646
2019-05-13 19:30:00-08:00,0.0,0.0,0.0,0.0,0.0
2019-05-13 19:45:00-08:00,0.0,0.0,0.0,0.0,0.0
2019-05-13 20:00:00-08:00,0.0,0.0,0.0,0.0,0.0
2019-05-13 20:15:00-08:00,0.0,0.0,0.0,0.0,0.0
2019-05-13 20:30:00-08:00,0.0,0.0,0.0,0.0,0.0
2019-05-13 20:45:00-08:00,0.0,0.0,0.0,0.0,0.0
2019-05-13 21:00:00-08:00,0.0,0.0,0.0,0.0,0.0
2019-05-13 21:15:00-08:00,0.0,0.0,0.0,0.0,0.0
2019-05-13 21:30:00-08:00,0.0,0.0,0.0,0.0,0.0
2019-05-13 21:45:00-08:00,0.0,0.0,0.0,0.0,0.0
2019-05-13 22:00:00-08:00,0.0,0.0,0.0,0.0,0.0
2019-05-13 22:15:00-08:00,0.0,0.0,0.0,0.0,0.0
2019-05-13 22:30:00-08:00,0.0,0.0,0.0,0.0,0.0
2019-05-13 22:45:00-08:00,0.0,0.0,0.0,0.0,0.0
2019-05-13 23:00:00-08:00,0.0,0.0,0.0,0.0,0.0
2019-05-13 23:15:00-08:00,0.0,0.0,0.0,0.0,0.0
2019-05-13 23:30:00-08:00,0.0,0.0,0.0,0.0,0.0
2019-05-13 23:45:00-08:00,0.0,0.0,0.0,0.0,0.0
2019-05-14 00:00:00-08:00,0.0,0.0,0.0,0.0,0.0
2019-05-14 00:15:00-08:00,0.0,0.0,0.0,0.0,0.0
2019-05-14 00:30:00-08:00,0.0,0.0,0.0,0.0,0.0
2019-05-14 00:45:00-08:00,0.0,0.0,0.0,0.0,0.0
2019-05-14 01:00:00-08:00,0.0,0.0,0.0,0.0,0.0
2019-05-14 01:15:00-08:00,0.0,0.0,0.0,0.0,0.0
2019-05-14 01:30:00-08:00,0.0,0.0,0.0,0.0,0.0
2019-05-14 01:45:00-08:00,0.0,0.0,0.0,0.0,0.0
2019-05-14 02:00:00-08:00,0.0,0.0,0.0,0.0,0.0
2019-05-14 02:15:00-08:00,0.0,0.0,0.0,0.0,0.0
2019-05-14 02:30:00-08:00,0.0,0.0,0.0,0.0,0.0
2019-05-14 02:45:00-08:00,0.0,0.0,0.0,0.0,0.0
2019-05-14 03:00:00-08:00,0.0,0.0,0.0,0.0,0.0
2019-05-14 03:15:00-08:00,0.0,0.0,0.0,0.0,0.0
2019-05-14 03:30:00-08:00,0.0,0.0,0.0,0.0,0.0
2019-05-14 03:45:00-08:00,0.0,0.0,0.0,0.0,0.0
2019-05-14 04:00:00-08:00,0.0,0.0,0.0,0.0,0.0
2019-05-14 04:15:00-08:00,0.0,0.0,0.0,0.0,0.0
2019-05-14 04:30:00-08:00,0.0,0.0,0.0,0.0,0.0
2019-05-14 04:45:00-08:00,0.0,0.0,0.0,0.0,0.0
2019-05-14 05:00:00-08:00,0.0,0.0,0.6526394,2.0350251,0.08395133
2019-05-14 05:15:00-08:00,0.0,0.011666038,0.7534139,2.3479552,0.09911816
2019-05-14 05:30:00-08:00,0.0309598540666666,0.023656107,0.84242177,2.5167377,0.1290774
2019-05-14 05:45:00-08:00,0.3948323216666667,0.518444,1.1410594,2.7871451,0.15438005
2019-05-14 06:00:00-08:00,1.0066952612,0.99472296,1.3582237,2.9177938,0.18244909
2019-05-14 06:15:00-08:00,1.5521683823333332,2.006741,1.5800829,3.1060863,0.20296258
2019-05-14 06:30:00-08:00,2.2003132463333333,2.5124955,1.9285514,3.2865422,0.25306624
2019-05-14 06:45:00-08:00,3.0300251213999996,2.5580163,2.254868,3.47244,0.2907068
2019-05-14 07:00:00-08:00,4.3290339104,2.8664947,2.7123764,3.7608867,0.32462806
2019-05-14 07:15:00-08:00,4.501443490466667,4.819285,2.962347,4.0857387,0.3495412
2019-05-14 07:30:00-08:00,5.700604926333334,6.713726,3.3876085,4.43032,0.3656045
2019-05-14 07:45:00-08:00,6.7762537328666665,6.4400377,3.7698562,4.909715,0.38614306
2019-05-14 08:00:00-08:00,6.719560166400001,9.233446,4.292784,5.519758,0.39121068
2019-05-14 08:15:00-08:00,7.4722969904,12.411744,4.8127356,6.070607,0.3994224
2019-05-14 08:30:00-08:00,9.148048827066669,8.610323,5.2051597,6.6259303,0.3995086
2019-05-14 08:45:00-08:00,10.246216077533331,9.102701,5.5903926,7.316538,0.40274233
2019-05-14 09:00:00-08:00,14.681868782666665,13.285793,5.99614,7.720166,0.39949417
2019-05-14 09:15:00-08:00,16.12323829,11.450989,6.240711,8.119787,0.39494228
2019-05-14 09:30:00-08:00,19.09350200533333,9.140288,6.573287,8.421165,0.39004496
2019-05-14 09:45:00-08:00,14.076115325800002,12.867075,6.7215233,8.683048,0.39218354
2019-05-14 10:00:00-08:00,10.227437294133331,8.586288,6.607767,8.853083,0.3886477
2019-05-14 10:15:00-08:00,15.768958084666664,7.018941,6.8423967,8.9379635,0.38091195
2019-05-14 10:30:00-08:00,17.029358791466667,14.944363,6.875787,9.061112,0.36929718
2019-05-14 10:45:00-08:00,17.333896476666666,11.31981,6.6501317,9.074699,0.360695
2019-05-14 11:00:00-08:00,21.061746604666663,8.927741,6.6886406,9.208948,0.3626122
2019-05-14 11:15:00-08:00,14.348574523999998,14.492005,6.588439,9.2740555,0.3525126
2019-05-14 11:30:00-08:00,17.235841044666667,13.825912,6.5764446,9.224835,0.36268982
2019-05-14 11:45:00-08:00,11.926053204,13.885719,6.4825764,9.179189,0.35658702
2019-05-14 12:00:00-08:00,10.799214949466666,12.800043,6.64629,9.130533,0.34806085
2019-05-14 12:15:00-08:00,9.306182249666668,12.615393,6.874238,8.947646,0.34794214
2019-05-14 12:30:00-08:00,8.849038589733334,18.530703,6.901985,8.864737,0.3401367
2019-05-14 12:45:00-08:00,8.2728217502,10.583008,7.0231066,8.628712,0.3393892
2019-05-14 13:00:00-08:00,6.036022036133333,12.895932,7.095321,8.494711,0.33960328
2019-05-14 13:15:00-08:00,7.553902801999999,14.20441,7.307746,8.194347,0.34084597
2019-05-14 13:30:00-08:00,5.630855578399999,12.081959,7.378199,8.041586,0.3402894
2019-05-14 13:45:00-08:00,5.191621779066667,14.109417,7.454119,7.730295,0.34000352
2019-05-14 14:00:00-08:00,10.3780401462,12.891646,7.697884,7.262133,0.34489077
2019-05-14 14:15:00-08:00,7.987141097599999,7.5535126,7.980072,6.851439,0.34891742
2019-05-14 14:30:00-08:00,5.992318748333333,11.324025,8.179757,6.351041,0.357444
2019-05-14 14:45:00-08:00,8.483480301666667,6.2454863,8.315083,5.826989,0.365565
2019-05-14 15:00:00-08:00,6.0627134218,7.0122423,8.438534,5.365478,0.36939532
2019-05-14 15:15:00-08:00,5.386927643666667,6.910004,8.436256,4.893936,0.37451646
2019-05-14 15:30:00-08:00,5.204324192666667,6.946884,8.365313,4.4852886,0.36806586
2019-05-14 15:45:00-08:00,3.216351127933334,8.04436,8.168122,4.083546,0.36778116
2019-05-14 16:00:00-08:00,4.292608271733333,5.884921,7.752514,3.8051584,0.3685158
2019-05-14 16:15:00-08:00,3.6971789433999995,6.2658215,7.257576,3.4446397,0.38235307
2019-05-14 16:30:00-08:00,4.0906145758,5.47582,6.6764555,3.11324,0.38244376
2019-05-14 16:45:00-08:00,4.982081082533334,4.5805826,6.055195,2.789421,0.3884603
2019-05-14 17:00:00-08:00,3.6423906136666666,5.142372,5.399598,2.4559913,0.3805428
2019-05-14 17:15:00-08:00,2.5663439052,2.8433566,4.4921036,2.113459,0.34516704
2019-05-14 17:30:00-08:00,2.4398624066,4.0596714,3.5898542,1.8846831,0.32573095
2019-05-14 17:45:00-08:00,2.005814795,2.7217348,2.7677336,1.656174,0.2795111
2019-05-14 18:00:00-08:00,0.8916890355333335,1.836521,2.148186,1.5814844,0.21782506
2019-05-14 18:15:00-08:00,0.1778621727333333,1.0428197,1.7173207,1.4350164,0.15210918
2019-05-14 18:30:00-08:00,0.0,0.0,1.2355101,1.3789961,0.10179021
2019-05-14 18:45:00-08:00,0.0,0.0,1.0278487,1.2269555,0.062736996
2019-05-14 19:00:00-08:00,0.0,0.14300063,0.8826021,1.2072409,0.026481729
2019-05-14 19:15:00-08:00,0.0,0.16476053,0.7693956,1.0259359,0.010693937
2019-05-14 19:30:00-08:00,0.0,0.0,0.0,0.0,0.0
2019-05-14 19:45:00-08:00,0.0,0.0,0.0,0.0,0.0
2019-05-14 20:00:00-08:00,0.0,0.0,0.0,0.0,0.0
2019-05-14 20:15:00-08:00,0.0,0.0,0.0,0.0,0.0
2019-05-14 20:30:00-08:00,0.0,0.0,0.0,0.0,0.0
2019-05-14 20:45:00-08:00,0.0,0.0,0.0,0.0,0.0
2019-05-14 21:00:00-08:00,0.0,0.0,0.0,0.0,0.0
2019-05-14 21:15:00-08:00,0.0,0.0,0.0,0.0,0.0
2019-05-14 21:30:00-08:00,0.0,0.0,0.0,0.0,0.0
2019-05-14 21:45:00-08:00,0.0,0.0,0.0,0.0,0.0
2019-05-14 22:00:00-08:00,0.0,0.0,0.0,0.0,0.0
2019-05-14 22:15:00-08:00,0.0,0.0,0.0,0.0,0.0
2019-05-14 22:30:00-08:00,0.0,0.0,0.0,0.0,0.0
2019-05-14 22:45:00-08:00,0.0,0.0,0.0,0.0,0.0
2019-05-14 23:00:00-08:00,0.0,0.0,0.0,0.0,0.0
2019-05-14 23:15:00-08:00,0.0,0.0,0.0,0.0,0.0
2019-05-14 23:30:00-08:00,0.0,0.0,0.0,0.0,0.0
2019-05-14 23:45:00-08:00,0.0,0.0,0.0,0.0,0.0
2019-05-15 00:00:00-08:00,0.0,0.0,0.0,0.0,0.0
2019-05-15 00:15:00-08:00,0.0,0.0,0.0,0.0,0.0
2019-05-15 00:30:00-08:00,0.0,0.0,0.0,0.0,0.0
2019-05-15 00:45:00-08:00,0.0,0.0,0.0,0.0,0.0
2019-05-15 01:00:00-08:00,0.0,0.0,0.0,0.0,0.0
2019-05-15 01:15:00-08:00,0.0,0.0,0.0,0.0,0.0
2019-05-15 01:30:00-08:00,0.0,0.0,0.0,0.0,0.0
2019-05-15 01:45:00-08:00,0.0,0.0,0.0,0.0,0.0
2019-05-15 02:00:00-08:00,0.0,0.0,0.0,0.0,0.0
2019-05-15 02:15:00-08:00,0.0,0.0,0.0,0.0,0.0
2019-05-15 02:30:00-08:00,0.0,0.0,0.0,0.0,0.0
2019-05-15 02:45:00-08:00,0.0,0.0,0.0,0.0,0.0
2019-05-15 03:00:00-08:00,0.0,0.0,0.0,0.0,0.0
2019-05-15 03:15:00-08:00,0.0,0.0,0.0,0.0,0.0
2019-05-15 03:30:00-08:00,0.0,0.0,0.0,0.0,0.0
2019-05-15 03:45:00-08:00,0.0,0.0,0.0,0.0,0.0
2019-05-15 04:00:00-08:00,0.0,0.0,0.0,0.0,0.0
2019-05-15 04:15:00-08:00,0.0,0.0,0.0,0.0,0.0
2019-05-15 04:30:00-08:00,0.0,0.0,0.0,0.0,0.0
2019-05-15 04:45:00-08:00,0.0,0.0,0.0,0.0,0.0
2019-05-15 05:00:00-08:00,0.0,0.052395824,0.8301538,3.396049,0.13378271
2019-05-15 05:15:00-08:00,0.0,0.11077899,0.8686722,3.6154885,0.13704914
2019-05-15 05:30:00-08:00,0.0,0.13339235,0.84742963,3.8229783,0.15505548
2019-05-15 05:45:00-08:00,0.0,0.2665205,0.90583575,4.0630703,0.16349499
2019-05-15 06:00:00-08:00,0.0,0.8627656,0.8563079,4.1906185,0.15945508
2019-05-15 06:15:00-08:00,0.2183549789333333,1.4979095,0.8579061,4.511087,0.15521827
2019-05-15 06:30:00-08:00,0.5402963374666667,0.42961758,0.95027894,4.6392155,0.16240206
2019-05-15 06:45:00-08:00,0.5455937983333333,1.3098401,0.88844794,4.823512,0.16930073
2019-05-15 07:00:00-08:00,1.2746752162666668,2.0608253,1.1487738,5.1999125,0.17924805
2019-05-15 07:15:00-08:00,1.6050736396666663,1.4692303,1.1026373,5.513611,0.19215608
2019-05-15 07:30:00-08:00,2.2188689974,2.777019,1.3126156,5.681019,0.18996611
2019-05-15 07:45:00-08:00,2.7357815543333337,1.0372192,1.4186124,6.117098,0.1984832
2019-05-15 08:00:00-08:00,1.0554875425333334,2.426271,1.7665691,6.5516667,0.19402671
2019-05-15 08:15:00-08:00,3.6939664203333336,3.733302,1.8124259,6.78512,0.20110404
2019-05-15 08:30:00-08:00,3.869362526333333,5.1851945,2.0740771,7.192089,0.20907947
2019-05-15 08:45:00-08:00,3.945197098533333,5.769766,2.0437124,7.594049,0.21624392
2019-05-15 09:00:00-08:00,4.701489101266667,3.2528586,2.104769,7.7169476,0.21787964
2019-05-15 09:15:00-08:00,4.3077794624,4.036228,2.2360427,7.8758397,0.22361161
2019-05-15 09:30:00-08:00,2.984086383133333,3.2924461,2.405323,7.7931566,0.22998169
2019-05-15 09:45:00-08:00,3.0796998606,0.2592759,2.6808882,7.7992773,0.23547113
2019-05-15 10:00:00-08:00,6.611615916,3.5791988,2.5664105,7.6972704,0.23825845
2019-05-15 10:15:00-08:00,6.301650838666667,7.075033,2.8066497,7.530487,0.23886721
2019-05-15 10:30:00-08:00,3.0699024294000004,11.905441,2.936874,7.4338274,0.23790993
2019-05-15 10:45:00-08:00,4.110204514666667,13.8005705,2.8121314,7.223581,0.24190965
2019-05-15 11:00:00-08:00,8.403030373200002,10.215603,3.0303235,7.1252403,0.25013727
2019-05-15 11:15:00-08:00,22.79520720133333,4.2955737,3.2296839,6.842905,0.24893202
2019-05-15 11:30:00-08:00,23.16433934533333,7.4272485,3.159301,6.585047,0.25766
2019-05-15 11:45:00-08:00,12.439767480866664,13.183889,3.0489497,6.371803,0.261584
2019-05-15 12:00:00-08:00,8.570844506533334,11.431399,3.1682434,6.000063,0.25987637
2019-05-15 12:15:00-08:00,8.006343795933333,10.532305,3.242534,5.7039676,0.26449713
2019-05-15 12:30:00-08:00,12.713472934466663,11.494293,3.197247,5.5151987,0.25968957
2019-05-15 12:45:00-08:00,16.52832103,14.397821,3.370686,5.1812015,0.26049656
2019-05-15 13:00:00-08:00,11.942909589333333,7.6427593,3.1833224,5.084211,0.25440004
2019-05-15 13:15:00-08:00,6.4607447097333335,11.504326,3.2331133,4.6544743,0.25356925
2019-05-15 13:30:00-08:00,6.272928567666667,10.474928,3.138952,4.3841376,0.24929604
2019-05-15 13:45:00-08:00,5.059254168333333,10.510536,2.9741902,4.047484,0.24552551
2019-05-15 14:00:00-08:00,4.368863936266666,3.063604,2.9159179,3.6717634,0.24092004
2019-05-15 14:15:00-08:00,4.341603360600001,2.3371763,2.6897688,3.2554,0.23638947
2019-05-15 14:30:00-08:00,4.290597037466667,3.337387,2.4347649,2.8862617,0.23183562
2019-05-15 14:45:00-08:00,3.145605563866667,0.0,2.190381,2.5352142,0.23446634
2019-05-15 15:00:00-08:00,2.4359633728000003,1.7092571,2.0615559,2.5090494,0.23624218
2019-05-15 15:15:00-08:00,2.572415641533333,3.5171132,1.7846758,2.5597546,0.24072185
2019-05-15 15:30:00-08:00,2.044128844733333,2.265429,1.6533698,2.8100352,0.22792451
2019-05-15 15:45:00-08:00,1.8052037072,0.0,1.5667064,3.124291,0.21404761
2019-05-15 16:00:00-08:00,1.0508237845333337,3.3817606,1.3130401,3.5228071,0.20692836
2019-05-15 16:15:00-08:00,0.4340666031333333,5.4574647,1.2636836,3.724032,0.20534748
2019-05-15 16:30:00-08:00,0.8282306584666667,0.0,1.1832151,3.961574,0.20055342
2019-05-15 16:45:00-08:00,0.5065856022666666,1.5955358,1.0488498,4.1024733,0.20156041
2019-05-15 17:00:00-08:00,0.0299396200666666,0.0,0.9861928,4.10322,0.19708744
2019-05-15 17:15:00-08:00,0.1762727082666666,0.6807186,0.85727906,4.0365534,0.18470597
2019-05-15 17:30:00-08:00,0.3294779002666666,0.89223945,0.57569146,3.8514476,0.18545477
2019-05-15 17:45:00-08:00,0.3456143163333333,1.5312183,0.31937072,3.5874367,0.1852677
2019-05-15 18:00:00-08:00,0.0877611687333333,0.14046143,0.14508975,3.5269067,0.1784971
2019-05-15 18:15:00-08:00,0.0014935778666665999,0.09542067,0.11978048,3.3196628,0.16515978
2019-05-15 18:30:00-08:00,0.0,0.0,0.07449557,3.2468727,0.15917689
2019-05-15 18:45:00-08:00,0.0,1.0160778,0.043811303,2.9775817,0.15266638
2019-05-15 19:00:00-08:00,0.0,0.4349405,0.06643817,3.151233,0.13946004
2019-05-15 19:15:00-08:00,0.0,0.23977709,0.16877392,3.065157,0.12981474
2019-05-15 19:30:00-08:00,0.0,0.0,0.0,0.0,0.0
2019-05-15 19:45:00-08:00,0.0,0.0,0.0,0.0,0.0
2019-05-15 20:00:00-08:00,0.0,0.0,0.0,0.0,0.0
2019-05-15 20:15:00-08:00,0.0,0.0,0.0,0.0,0.0
2019-05-15 20:30:00-08:00,0.0,0.0,0.0,0.0,0.0
2019-05-15 20:45:00-08:00,0.0,0.0,0.0,0.0,0.0
2019-05-15 21:00:00-08:00,0.0,0.0,0.0,0.0,0.0
2019-05-15 21:15:00-08:00,0.0,0.0,0.0,0.0,0.0
2019-05-15 21:30:00-08:00,0.0,0.0,0.0,0.0,0.0
2019-05-15 21:45:00-08:00,0.0,0.0,0.0,0.0,0.0
2019-05-15 22:00:00-08:00,0.0,0.0,0.0,0.0,0.0
2019-05-15 22:15:00-08:00,0.0,0.0,0.0,0.0,0.0
2019-05-15 22:30:00-08:00,0.0,0.0,0.0,0.0,0.0
2019-05-15 22:45:00-08:00,0.0,0.0,0.0,0.0,0.0
2019-05-15 23:00:00-08:00,0.0,0.0,0.0,0.0,0.0
2019-05-15 23:15:00-08:00,0.0,0.0,0.0,0.0,0.0
2019-05-15 23:30:00-08:00,0.0,0.0,0.0,0.0,0.0
2019-05-15 23:45:00-08:00,0.0,0.0,0.0,0.0,0.0
2019-05-16 00:00:00-08:00,0.0,0.0,0.0,0.0,0.0
2019-05-16 00:15:00-08:00,0.0,0.0,0.0,0.0,0.0
2019-05-16 00:30:00-08:00,0.0,0.0,0.0,0.0,0.0
2019-05-16 00:45:00-08:00,0.0,0.0,0.0,0.0,0.0
2019-05-16 01:00:00-08:00,0.0,0.0,0.0,0.0,0.0
2019-05-16 01:15:00-08:00,0.0,0.0,0.0,0.0,0.0
2019-05-16 01:30:00-08:00,0.0,0.0,0.0,0.0,0.0
2019-05-16 01:45:00-08:00,0.0,0.0,0.0,0.0,0.0
2019-05-16 02:00:00-08:00,0.0,0.0,0.0,0.0,0.0
2019-05-16 02:15:00-08:00,0.0,0.0,0.0,0.0,0.0
2019-05-16 02:30:00-08:00,0.0,0.0,0.0,0.0,0.0
2019-05-16 02:45:00-08:00,0.0,0.0,0.0,0.0,0.0
2019-05-16 03:00:00-08:00,0.0,0.0,0.0,0.0,0.0
2019-05-16 03:15:00-08:00,0.0,0.0,0.0,0.0,0.0
2019-05-16 03:30:00-08:00,0.0,0.0,0.0,0.0,0.0
2019-05-16 03:45:00-08:00,0.0,0.0,0.0,0.0,0.0
2019-05-16 04:00:00-08:00,0.0,0.0,0.0,0.0,0.0
2019-05-16 04:15:00-08:00,0.0,0.0,0.0,0.0,0.0
2019-05-16 04:30:00-08:00,0.0,0.0,0.0,0.0,0.0
2019-05-16 04:45:00-08:00,0.0,0.0,0.0,0.0,0.0
2019-05-16 05:00:00-08:00,0.0,0.0,0.115228884,1.5544399,0.04920511
2019-05-16 05:15:00-08:00,0.2838197148666666,0.0,0.1795554,1.8404913,0.06363374
2019-05-16 05:30:00-08:00,0.2078977678,0.15414241,0.36387163,2.1359982,0.087903425
2019-05-16 05:45:00-08:00,0.0603327514666666,0.33252218,0.47562015,2.4066815,0.117188886
2019-05-16 06:00:00-08:00,0.9477668739333334,0.77912575,0.7314179,2.7234108,0.14638446
2019-05-16 06:15:00-08:00,2.147733558666667,1.3900783,0.9606898,2.9785733,0.17289093
2019-05-16 06:30:00-08:00,3.6699372964000005,1.9728616,1.2122712,3.248623,0.22949076
2019-05-16 06:45:00-08:00,4.980330396266667,2.202269,1.4636797,3.5084143,0.27048966
2019-05-16 07:00:00-08:00,6.2715873409333325,3.9292684,1.9194088,3.8872948,0.30522588
2019-05-16 07:15:00-08:00,8.166552725866667,2.0279212,2.1803305,4.2410927,0.33033326
2019-05-16 07:30:00-08:00,3.1541553592000007,4.7041893,2.445693,4.6179595,0.35147363
2019-05-16 07:45:00-08:00,1.0664926637333334,5.049447,2.8372884,5.1316833,0.37138325
2019-05-16 08:00:00-08:00,4.043859587533333,3.340578,3.304028,5.7494392,0.37977016
2019-05-16 08:15:00-08:00,4.931328870066667,3.544609,3.8605738,6.4138374,0.38780105
2019-05-16 08:30:00-08:00,8.669554770533333,3.5557616,4.2816796,7.095684,0.38752025
2019-05-16 08:45:00-08:00,11.894691957266666,3.0417743,4.752776,7.83673,0.38779235
2019-05-16 09:00:00-08:00,9.546697604866669,5.4519653,5.1700697,8.404995,0.3909039
2019-05-16 09:15:00-08:00,18.51955725266667,9.98098,5.571904,8.932978,0.386791
2019-05-16 09:30:00-08:00,14.155392207333332,7.023961,6.2189326,9.408594,0.38947374
2019-05-16 09:45:00-08:00,4.954341161733333,5.5675354,6.7784576,9.899937,0.3961876
2019-05-16 10:00:00-08:00,7.578506380066666,9.034496,7.065632,10.2855015,0.40369344
2019-05-16 10:15:00-08:00,11.411516489333332,4.681508,7.6522484,10.476818,0.40020669
2019-05-16 10:30:00-08:00,14.183417458,9.270786,8.1726265,10.843215,0.39816815
2019-05-16 10:45:00-08:00,20.40497677933333,9.830578,8.455717,11.060738,0.38944054
2019-05-16 11:00:00-08:00,14.340415034666668,11.302104,8.944144,11.345198,0.4001324
2019-05-16 11:15:00-08:00,20.163412920000003,6.3062487,9.289585,11.618593,0.39926803
2019-05-16 11:30:00-08:00,16.837423728,9.006449,9.758799,11.79668,0.41872573
2019-05-16 11:45:00-08:00,23.201228506000003,8.722021,9.999483,12.045626,0.4115777
2019-05-16 12:00:00-08:00,18.710021650666665,12.080679,10.436452,12.273949,0.40924135
2019-05-16 12:15:00-08:00,8.616418132666666,13.640911,10.874553,12.35675,0.41714567
2019-05-16 12:30:00-08:00,12.2231529776,12.738736,11.271009,12.513748,0.41910082
2019-05-16 12:45:00-08:00,13.4029165534,14.986882,11.671832,12.655718,0.42709762
2019-05-16 13:00:00-08:00,20.350375343333337,12.314684,11.88933,12.566126,0.4333133
2019-05-16 13:15:00-08:00,18.212739992333333,11.89533,12.4051895,12.364716,0.4430186
2019-05-16 13:30:00-08:00,15.386199672400002,8.272515,12.782265,12.268042,0.44465166
2019-05-16 13:45:00-08:00,25.60987889,8.560318,12.901604,11.993013,0.45313698
2019-05-16 14:00:00-08:00,21.913127994666667,12.31872,12.958497,11.478605,0.46442574
2019-05-16 14:15:00-08:00,22.49261959333333,7.829213,12.763826,10.838779,0.46783268
2019-05-16 14:30:00-08:00,15.039596047066668,9.85334,12.340425,10.250618,0.48170948
2019-05-16 14:45:00-08:00,22.327955754666664,7.2654095,11.867399,9.50547,0.4892437
2019-05-16 15:00:00-08:00,19.317666378933332,10.080206,11.461048,8.639695,0.496194
2019-05-16 15:15:00-08:00,19.795184816666666,12.228943,10.739509,7.851704,0.49485496
2019-05-16 15:30:00-08:00,8.756744377,4.293906,9.900601,7.0144444,0.49049672
2019-05-16 15:45:00-08:00,14.800273825533331,8.044892,9.029861,6.255783,0.48707753
2019-05-16 16:00:00-08:00,10.618362324133331,7.0617814,7.975337,5.5736437,0.48331717
2019-05-16 16:15:00-08:00,8.701834053266667,4.5828896,6.879341,4.8013525,0.49333197
2019-05-16 16:30:00-08:00,4.887432752666666,4.6886816,5.8763103,4.077628,0.4865257
2019-05-16 16:45:00-08:00,3.638811730933333,4.9677134,4.8867664,3.546053,0.4918365
2019-05-16 17:00:00-08:00,3.377441106066667,4.027588,4.0235176,2.858024,0.48501945
2019-05-16 17:15:00-08:00,6.307254508066666,3.844832,3.137464,2.3490107,0.45352912
2019-05-16 17:30:00-08:00,4.5537246054,1.969754,2.277905,1.8673911,0.4347715
2019-05-16 17:45:00-08:00,0.5485257840666667,2.6105535,1.5384818,1.4266839,0.3861754
2019-05-16 18:00:00-08:00,2.0596318334666663,1.5244224,1.1373793,1.2817701,0.31975
2019-05-16 18:15:00-08:00,0.8084477462666666,0.6238707,0.7943249,1.0496361,0.24955449
2019-05-16 18:30:00-08:00,0.0306844642666666,0.17892495,0.68480575,0.96564615,0.1894012
2019-05-16 18:45:00-08:00,0.0094443789333333,0.0,0.58181846,0.79359925,0.13871577
2019-05-16 19:00:00-08:00,0.0,0.0,0.45271432,0.81829387,0.09483524
2019-05-16 19:15:00-08:00,0.0,0.0,0.2577203,0.71395653,0.06598067
2019-05-16 19:30:00-08:00,0.0,0.0,0.0,0.0,0.0
2019-05-16 19:45:00-08:00,0.0,0.0,0.0,0.0,0.0
2019-05-16 20:00:00-08:00,0.0,0.0,0.0,0.0,0.0
2019-05-16 20:15:00-08:00,0.0,0.0,0.0,0.0,0.0
2019-05-16 20:30:00-08:00,0.0,0.0,0.0,0.0,0.0
2019-05-16 20:45:00-08:00,0.0,0.0,0.0,0.0,0.0
2019-05-16 21:00:00-08:00,0.0,0.0,0.0,0.0,0.0
2019-05-16 21:15:00-08:00,0.0,0.0,0.0,0.0,0.0
2019-05-16 21:30:00-08:00,0.0,0.0,0.0,0.0,0.0
2019-05-16 21:45:00-08:00,0.0,0.0,0.0,0.0,0.0
2019-05-16 22:00:00-08:00,0.0,0.0,0.0,0.0,0.0
2019-05-16 22:15:00-08:00,0.0,0.0,0.0,0.0,0.0
2019-05-16 22:30:00-08:00,0.0,0.0,0.0,0.0,0.0
2019-05-16 22:45:00-08:00,0.0,0.0,0.0,0.0,0.0
2019-05-16 23:00:00-08:00,0.0,0.0,0.0,0.0,0.0
2019-05-16 23:15:00-08:00,0.0,0.0,0.0,0.0,0.0
2019-05-16 23:30:00-08:00,0.0,0.0,0.0,0.0,0.0
2019-05-16 23:45:00-08:00,0.0,0.0,0.0,0.0,0.0
2019-05-17 00:00:00-08:00,0.0,0.0,0.0,0.0,0.0
2019-05-17 00:15:00-08:00,0.0,0.0,0.0,0.0,0.0
2019-05-17 00:30:00-08:00,0.0,0.0,0.0,0.0,0.0
2019-05-17 00:45:00-08:00,0.0,0.0,0.0,0.0,0.0
2019-05-17 01:00:00-08:00,0.0,0.0,0.0,0.0,0.0
2019-05-17 01:15:00-08:00,0.0,0.0,0.0,0.0,0.0
2019-05-17 01:30:00-08:00,0.0,0.0,0.0,0.0,0.0
2019-05-17 01:45:00-08:00,0.0,0.0,0.0,0.0,0.0
2019-05-17 02:00:00-08:00,0.0,0.0,0.0,0.0,0.0
2019-05-17 02:15:00-08:00,0.0,0.0,0.0,0.0,0.0
2019-05-17 02:30:00-08:00,0.0,0.0,0.0,0.0,0.0
2019-05-17 02:45:00-08:00,0.0,0.0,0.0,0.0,0.0
2019-05-17 03:00:00-08:00,0.0,0.0,0.0,0.0,0.0
2019-05-17 03:15:00-08:00,0.0,0.0,0.0,0.0,0.0
2019-05-17 03:30:00-08:00,0.0,0.0,0.0,0.0,0.0
2019-05-17 03:45:00-08:00,0.0,0.0,0.0,0.0,0.0
2019-05-17 04:00:00-08:00,0.0,0.0,0.0,0.0,0.0
2019-05-17 04:15:00-08:00,0.0,0.0,0.0,0.0,0.0
2019-05-17 04:30:00-08:00,0.0,0.0,0.0,0.0,0.0
2019-05-17 04:45:00-08:00,0.0,0.0,0.0,0.0,0.0
2019-05-17 05:00:00-08:00,0.0,0.026173707,0.0,0.6283872,0.03439808
2019-05-17 05:15:00-08:00,0.0296703670666666,0.043214753,0.0,0.7398808,0.058363847
2019-05-17 05:30:00-08:00,0.0676604908666666,0.4174075,0.0,0.8186211,0.08216823
2019-05-17 05:45:00-08:00,0.6673758666666666,0.41059124,0.0,1.0136721,0.117219
2019-05-17 06:00:00-08:00,1.8976994284666662,0.9222448,0.0,1.2437649,0.16471918
2019-05-17 06:15:00-08:00,1.1234693644,1.5955002,0.39616933,1.3970728,0.20181462
2019-05-17 06:30:00-08:00,2.1661360762,2.303473,1.0453897,1.8036201,0.30117124
2019-05-17 06:45:00-08:00,2.3739332972,2.89263,1.8715348,2.2792764,0.36368704
2019-05-17 07:00:00-08:00,3.479359657533333,3.7910628,3.084527,2.8286664,0.4325687
2019-05-17 07:15:00-08:00,5.0329260372,5.04867,4.1525364,3.7143292,0.48476538
2019-05-17 07:30:00-08:00,4.647411446866667,8.354973,5.2560077,4.783765,0.53878677
2019-05-17 07:45:00-08:00,5.532499589466667,8.665173,6.5795536,6.122985,0.6006604
2019-05-17 08:00:00-08:00,8.8396953466,10.199533,7.8957467,7.4464445,0.641323
2019-05-17 08:15:00-08:00,3.747431056533333,10.958529,9.126908,8.901045,0.6826289
2019-05-17 08:30:00-08:00,3.1883406643333334,12.427519,10.229415,10.524054,0.70514405
2019-05-17 08:45:00-08:00,1.961966198,14.157974,11.069845,12.125502,0.73886424
2019-05-17 09:00:00-08:00,2.740211238533333,14.436793,11.789509,13.641424,0.7640221
2019-05-17 09:15:00-08:00,4.155281667600001,15.199532,12.440737,15.118593,0.76611316
2019-05-17 09:30:00-08:00,6.4639042388000005,14.53484,13.166797,16.365574,0.7788209
2019-05-17 09:45:00-08:00,9.356565900266666,21.756886,13.803944,17.849709,0.79638165
2019-05-17 10:00:00-08:00,12.948735132666668,20.085342,14.187609,19.16404,0.80805266
2019-05-17 10:15:00-08:00,10.201159542666666,19.667675,15.039984,20.139954,0.80375993
2019-05-17 10:30:00-08:00,12.9778343516,17.31498,15.885172,21.069307,0.7918594
2019-05-17 10:45:00-08:00,7.399249012333333,19.91004,16.22695,21.859644,0.77361643
2019-05-17 11:00:00-08:00,8.659436047199998,24.649605,17.083214,22.626528,0.78560436
2019-05-17 11:15:00-08:00,9.458244676733331,26.18853,17.446125,23.1362,0.781006
2019-05-17 11:30:00-08:00,9.9094439996,25.708538,18.110706,23.548958,0.78767157
2019-05-17 11:45:00-08:00,11.251733424,25.898895,18.32052,23.944998,0.761867
2019-05-17 12:00:00-08:00,11.488050071866668,24.260931,18.57124,24.28365,0.7402015
2019-05-17 12:15:00-08:00,11.875699340066667,26.736666,18.968103,24.278324,0.74900234
2019-05-17 12:30:00-08:00,18.934889326666667,24.474209,18.969767,24.333555,0.7465154
2019-05-17 12:45:00-08:00,11.5750110476,24.026005,18.976185,24.48769,0.7597296
2019-05-17 13:00:00-08:00,24.58412331,23.100742,18.38335,24.148308,0.77765805
2019-05-17 13:15:00-08:00,11.744291261533334,25.22707,18.366503,23.955269,0.79020417
2019-05-17 13:30:00-08:00,26.93966062733333,19.867434,18.014906,23.878214,0.79920864
2019-05-17 13:45:00-08:00,23.755449096666663,23.32192,17.48164,23.735119,0.80703044
2019-05-17 14:00:00-08:00,21.696529124666668,22.191877,17.125664,23.529419,0.8255272
2019-05-17 14:15:00-08:00,23.291462443333334,23.019436,16.781282,23.279625,0.83037305
2019-05-17 14:30:00-08:00,22.256178426666665,19.893742,16.41723,22.779415,0.85805976
2019-05-17 14:45:00-08:00,19.212876714933333,19.82574,16.03849,22.31773,0.8592794
2019-05-17 15:00:00-08:00,16.76056339126667,18.986912,15.893093,21.4058,0.8598808
2019-05-17 15:15:00-08:00,18.585398328666667,15.739406,15.445744,20.688904,0.85329425
2019-05-17 15:30:00-08:00,18.029683216,16.512226,14.840483,19.586412,0.8592349
2019-05-17 15:45:00-08:00,16.779063112666666,15.840637,14.103971,18.490572,0.86461705
2019-05-17 16:00:00-08:00,14.970998597333336,14.315435,13.170195,17.190443,0.87001616
2019-05-17 16:15:00-08:00,12.32352809033333,13.425638,11.996191,15.683907,0.8867551
2019-05-17 16:30:00-08:00,8.448124558466667,13.026173,10.749369,14.06929,0.87964
2019-05-17 16:45:00-08:00,7.957323638200001,10.883073,9.5470085,12.590524,0.8748461
2019-05-17 17:00:00-08:00,5.8994750882,10.511388,8.29673,10.962479,0.8468061
2019-05-17 17:15:00-08:00,4.6754857910666665,7.9364786,6.6809106,9.2523775,0.78379244
2019-05-17 17:30:00-08:00,3.463434441733333,5.7121,5.2117505,7.6776447,0.73450804
2019-05-17 17:45:00-08:00,2.5702685344,4.0376177,3.9057462,6.186594,0.62680036
2019-05-17 18:00:00-08:00,1.9826576764666661,3.5732136,2.7564049,4.9058933,0.5106005
2019-05-17 18:15:00-08:00,1.2089166652666667,1.0514153,1.936774,3.667453,0.3927869
2019-05-17 18:30:00-08:00,0.5063418951333333,0.6709262,1.2972584,2.5999382,0.29666257
2019-05-17 18:45:00-08:00,0.0692704104,0.4202031,0.88577485,1.8255075,0.19969158
2019-05-17 19:00:00-08:00,0.0,0.031711,0.67626345,1.1617868,0.11301145
2019-05-17 19:15:00-08:00,0.0,0.047601,0.49705416,0.8942508,0.050472274
2019-05-17 19:30:00-08:00,0.0,0.0,0.0,0.0,0.0
2019-05-17 19:45:00-08:00,0.0,0.0,0.0,0.0,0.0
2019-05-17 20:00:00-08:00,0.0,0.0,0.0,0.0,0.0
2019-05-17 20:15:00-08:00,0.0,0.0,0.0,0.0,0.0
2019-05-17 20:30:00-08:00,0.0,0.0,0.0,0.0,0.0
2019-05-17 20:45:00-08:00,0.0,0.0,0.0,0.0,0.0
2019-05-17 21:00:00-08:00,0.0,0.0,0.0,0.0,0.0
2019-05-17 21:15:00-08:00,0.0,0.0,0.0,0.0,0.0
2019-05-17 21:30:00-08:00,0.0,0.0,0.0,0.0,0.0
2019-05-17 21:45:00-08:00,0.0,0.0,0.0,0.0,0.0
2019-05-17 22:00:00-08:00,0.0,0.0,0.0,0.0,0.0
2019-05-17 22:15:00-08:00,0.0,0.0,0.0,0.0,0.0
2019-05-17 22:30:00-08:00,0.0,0.0,0.0,0.0,0.0
2019-05-17 22:45:00-08:00,0.0,0.0,0.0,0.0,0.0
2019-05-17 23:00:00-08:00,0.0,0.0,0.0,0.0,0.0
2019-05-17 23:15:00-08:00,0.0,0.0,0.0,0.0,0.0
2019-05-17 23:30:00-08:00,0.0,0.0,0.0,0.0,0.0
2019-05-17 23:45:00-08:00,0.0,0.0,0.0,0.0,0.0
2019-05-18 00:00:00-08:00,0.0,0.0,0.0,0.0,0.0
2019-05-18 00:15:00-08:00,0.0,0.0,0.0,0.0,0.0
2019-05-18 00:30:00-08:00,0.0,0.0,0.0,0.0,0.0
2019-05-18 00:45:00-08:00,0.0,0.0,0.0,0.0,0.0
2019-05-18 01:00:00-08:00,0.0,0.0,0.0,0.0,0.0
2019-05-18 01:15:00-08:00,0.0,0.0,0.0,0.0,0.0
2019-05-18 01:30:00-08:00,0.0,0.0,0.0,0.0,0.0
2019-05-18 01:45:00-08:00,0.0,0.0,0.0,0.0,0.0
2019-05-18 02:00:00-08:00,0.0,0.0,0.0,0.0,0.0
2019-05-18 02:15:00-08:00,0.0,0.0,0.0,0.0,0.0
2019-05-18 02:30:00-08:00,0.0,0.0,0.0,0.0,0.0
2019-05-18 02:45:00-08:00,0.0,0.0,0.0,0.0,0.0
2019-05-18 03:00:00-08:00,0.0,0.0,0.0,0.0,0.0
2019-05-18 03:15:00-08:00,0.0,0.0,0.0,0.0,0.0
2019-05-18 03:30:00-08:00,0.0,0.0,0.0,0.0,0.0
2019-05-18 03:45:00-08:00,0.0,0.0,0.0,0.0,0.0
2019-05-18 04:00:00-08:00,0.0,0.0,0.0,0.0,0.0
2019-05-18 04:15:00-08:00,0.0,0.0,0.0,0.0,0.0
2019-05-18 04:30:00-08:00,0.0,0.0,0.0,0.0,0.0
2019-05-18 04:45:00-08:00,0.0,0.0,0.0,0.0,0.0
2019-05-18 05:00:00-08:00,0.0,0.0,1.9788349,1.3284328,0.22510989
2019-05-18 05:15:00-08:00,0.0446320434,0.07790215,1.6281713,1.5667086,0.24221031
2019-05-18 05:30:00-08:00,0.3609229494000001,0.0,1.2034032,1.7379773,0.27211532
2019-05-18 05:45:00-08:00,1.005707237,0.59786123,0.84052753,2.0124178,0.28524193
2019-05-18 06:00:00-08:00,1.5784362555333329,0.739649,0.6441573,2.1752393,0.30066073
2019-05-18 06:15:00-08:00,2.3934121160666666,1.7354066,0.48147643,2.53519,0.31274688
2019-05-18 06:30:00-08:00,2.9818536718,2.1349654,0.38834232,2.7041826,0.3215108
2019-05-18 06:45:00-08:00,4.072184140066667,3.3193789,0.47425002,2.9920304,0.34197655
2019-05-18 07:00:00-08:00,6.1716390666,4.711833,0.8138648,3.3978987,0.3554953
2019-05-18 07:15:00-08:00,6.297668468533333,4.535339,0.89055276,3.7654433,0.3678032
2019-05-18 07:30:00-08:00,5.221253565933334,5.6787205,1.2265172,4.080784,0.36066902
2019-05-18 07:45:00-08:00,5.650788931666667,4.9796157,1.4193637,4.612852,0.35567433
2019-05-18 08:00:00-08:00,5.770349714333332,4.9499545,1.5683591,5.170301,0.34763962
2019-05-18 08:15:00-08:00,6.002420046,4.1690702,1.8658538,5.6629024,0.3490683
2019-05-18 08:30:00-08:00,5.431008343466666,7.499854,1.9924638,6.143236,0.34746993
2019-05-18 08:45:00-08:00,4.6270205388,6.7165647,1.9956061,6.766906,0.34055352
2019-05-18 09:00:00-08:00,4.610156827333333,8.306652,2.113291,7.207897,0.33933145
2019-05-18 09:15:00-08:00,4.4606537296,6.230402,2.125267,7.6067176,0.33456036
2019-05-18 09:30:00-08:00,4.306183507,9.653632,2.219057,7.858119,0.33222204
2019-05-18 09:45:00-08:00,3.8068314308,4.359823,2.3556638,8.15266,0.3363917
2019-05-18 10:00:00-08:00,2.1309636183333334,5.5461226,2.224111,8.30897,0.32683817
2019-05-18 10:15:00-08:00,1.2697526506666663,9.338703,2.5388436,8.398752,0.32433605
2019-05-18 10:30:00-08:00,1.5141715715333337,6.088277,2.700994,8.470479,0.3160072
2019-05-18 10:45:00-08:00,1.861213121,11.356873,2.8549156,8.446305,0.31135157
2019-05-18 11:00:00-08:00,2.8982862282,7.66621,2.9306865,8.477732,0.30458272
2019-05-18 11:15:00-08:00,4.3166350632,4.3972397,3.0537982,8.348509,0.29673266
2019-05-18 11:30:00-08:00,3.8949900448666663,8.018401,3.176238,8.191615,0.30246276
2019-05-18 11:45:00-08:00,3.504455274266667,10.406803,3.249838,8.0089245,0.29151186
2019-05-18 12:00:00-08:00,3.214496552733333,8.067805,3.5185137,7.663087,0.28461185
2019-05-18 12:15:00-08:00,3.259362230533333,6.286653,3.4971142,7.335126,0.26879618
2019-05-18 12:30:00-08:00,3.656649271400001,2.2970362,3.6702762,7.119866,0.24117404
2019-05-18 12:45:00-08:00,4.027761585733334,6.4476137,3.4848652,6.653024,0.23082823
2019-05-18 13:00:00-08:00,4.819073749666667,3.0622363,3.3158462,6.409565,0.22680876
2019-05-18 13:15:00-08:00,5.578043745066666,6.7643538,3.2218046,5.8897314,0.2145609
2019-05-18 13:30:00-08:00,6.798589357866667,6.6704397,3.0029025,5.5202484,0.2079581
2019-05-18 13:45:00-08:00,9.0741493452,2.3569732,2.8202655,5.0989156,0.20098753
2019-05-18 14:00:00-08:00,4.3870849468,0.0,2.6476362,4.627618,0.19842549
2019-05-18 14:15:00-08:00,4.6463051172666665,10.71584,2.4034371,4.0743155,0.19777961
2019-05-18 14:30:00-08:00,3.7325241746,9.156854,1.9717178,3.5713441,0.19960594
2019-05-18 14:45:00-08:00,3.505312411066667,7.7715983,1.7677944,3.0537953,0.20801027
2019-05-18 15:00:00-08:00,2.0424604636666666,14.257044,1.6388195,2.7776084,0.22568902
2019-05-18 15:15:00-08:00,1.4692603212666668,7.8643675,1.559705,2.451823,0.22973572
2019-05-18 15:30:00-08:00,1.4465010548666666,6.2489243,1.4855692,2.338757,0.22664037
2019-05-18 15:45:00-08:00,1.6218644354,9.162188,1.4986513,2.1987958,0.21918163
2019-05-18 16:00:00-08:00,1.2712338164,5.4673867,1.4823487,2.3037202,0.21399128
2019-05-18 16:15:00-08:00,0.6944934742000001,9.048956,1.5188892,2.1809382,0.21631718
2019-05-18 16:30:00-08:00,0.6981416106,8.310804,1.5497344,2.2207696,0.20883158
2019-05-18 16:45:00-08:00,1.125964355,3.7906203,1.3370924,2.149128,0.20539832
2019-05-18 17:00:00-08:00,0.6182857144666667,3.119143,1.1647861,2.1300054,0.20237571
2019-05-18 17:15:00-08:00,0.1247924212,5.610679,0.9309295,2.037595,0.18562174
2019-05-18 17:30:00-08:00,0.3939724930666666,3.272121,0.48325494,1.9599588,0.18255697
2019-05-18 17:45:00-08:00,0.0092795824666666,0.9354725,0.115981415,1.8609655,0.17089164
2019-05-18 18:00:00-08:00,0.0709387955333333,0.69556683,0.049110252,1.9480952,0.15299287
2019-05-18 18:15:00-08:00,0.7189282548000001,0.3919049,0.0,1.8996953,0.1320066
2019-05-18 18:30:00-08:00,0.1282364114666666,0.0,0.0,1.928749,0.11747596
2019-05-18 18:45:00-08:00,0.0,0.12953946,0.0,1.8639711,0.1068939
2019-05-18 19:00:00-08:00,0.0,0.47631544,0.0,2.0286388,0.09570746
2019-05-18 19:15:00-08:00,0.0,0.6110148,0.0,1.9311969,0.09599879
2019-05-18 19:30:00-08:00,0.0,0.0,0.0,0.0,0.0
2019-05-18 19:45:00-08:00,0.0,0.0,0.0,0.0,0.0
2019-05-18 20:00:00-08:00,0.0,0.0,0.0,0.0,0.0
2019-05-18 20:15:00-08:00,0.0,0.0,0.0,0.0,0.0
2019-05-18 20:30:00-08:00,0.0,0.0,0.0,0.0,0.0
2019-05-18 20:45:00-08:00,0.0,0.0,0.0,0.0,0.0
2019-05-18 21:00:00-08:00,0.0,0.0,0.0,0.0,0.0
2019-05-18 21:15:00-08:00,0.0,0.0,0.0,0.0,0.0
2019-05-18 21:30:00-08:00,0.0,0.0,0.0,0.0,0.0
2019-05-18 21:45:00-08:00,0.0,0.0,0.0,0.0,0.0
2019-05-18 22:00:00-08:00,0.0,0.0,0.0,0.0,0.0
2019-05-18 22:15:00-08:00,0.0,0.0,0.0,0.0,0.0
2019-05-18 22:30:00-08:00,0.0,0.0,0.0,0.0,0.0
2019-05-18 22:45:00-08:00,0.0,0.0,0.0,0.0,0.0
2019-05-18 23:00:00-08:00,0.0,0.0,0.0,0.0,0.0
2019-05-18 23:15:00-08:00,0.0,0.0,0.0,0.0,0.0
2019-05-18 23:30:00-08:00,0.0,0.0,0.0,0.0,0.0
2019-05-18 23:45:00-08:00,0.0,0.0,0.0,0.0,0.0
2019-05-19 00:00:00-08:00,0.0,0.0,0.0,0.0,0.0
2019-05-19 00:15:00-08:00,0.0,0.0,0.0,0.0,0.0
2019-05-19 00:30:00-08:00,0.0,0.0,0.0,0.0,0.0
2019-05-19 00:45:00-08:00,0.0,0.0,0.0,0.0,0.0
2019-05-19 01:00:00-08:00,0.0,0.0,0.0,0.0,0.0
2019-05-19 01:15:00-08:00,0.0,0.0,0.0,0.0,0.0
2019-05-19 01:30:00-08:00,0.0,0.0,0.0,0.0,0.0
2019-05-19 01:45:00-08:00,0.0,0.0,0.0,0.0,0.0
2019-05-19 02:00:00-08:00,0.0,0.0,0.0,0.0,0.0
2019-05-19 02:15:00-08:00,0.0,0.0,0.0,0.0,0.0
2019-05-19 02:30:00-08:00,0.0,0.0,0.0,0.0,0.0
2019-05-19 02:45:00-08:00,0.0,0.0,0.0,0.0,0.0
2019-05-19 03:00:00-08:00,0.0,0.0,0.0,0.0,0.0
2019-05-19 03:15:00-08:00,0.0,0.0,0.0,0.0,0.0
2019-05-19 03:30:00-08:00,0.0,0.0,0.0,0.0,0.0
2019-05-19 03:45:00-08:00,0.0,0.0,0.0,0.0,0.0
2019-05-19 04:00:00-08:00,0.0,0.0,0.0,0.0,0.0
2019-05-19 04:15:00-08:00,0.0,0.0,0.0,0.0,0.0
2019-05-19 04:30:00-08:00,0.0,0.0,0.0,0.0,0.0
2019-05-19 04:45:00-08:00,0.0,0.0,0.0,0.0,0.0
2019-05-19 05:00:00-08:00,0.0,0.0,0.0,0.7643497,0.11335391
2019-05-19 05:15:00-08:00,0.0,0.0,0.0,0.906224,0.1225156
2019-05-19 05:30:00-08:00,0.0,0.2800851,0.0,1.1142757,0.12329301
2019-05-19 05:45:00-08:00,0.0,0.5849707,0.0,1.2512746,0.13069092
2019-05-19 06:00:00-08:00,0.0,0.4729976,0.0,1.4094715,0.14377098
2019-05-19 06:15:00-08:00,0.0,1.6406282,0.24598387,1.5093095,0.15771478
2019-05-19 06:30:00-08:00,0.0609287752666666,2.8804502,0.6854311,1.7327573,0.20618713
2019-05-19 06:45:00-08:00,0.5705526180666666,2.1804438,1.2842828,1.8908291,0.23923859
2019-05-19 07:00:00-08:00,1.4188304411333332,2.88851,2.0844016,2.1402793,0.27640015
2019-05-19 07:15:00-08:00,2.7232285506666667,3.3323064,2.6710572,2.5833254,0.30694407
2019-05-19 07:30:00-08:00,3.6141765996,2.6905212,3.5210917,3.1307778,0.33523205
2019-05-19 07:45:00-08:00,5.610126566000001,4.610442,4.7502794,3.7773607,0.36609408
2019-05-19 08:00:00-08:00,8.136376466333333,3.073616,5.946152,4.537303,0.38505733
2019-05-19 08:15:00-08:00,9.9965344612,10.747613,7.5033712,5.404416,0.40405333
2019-05-19 08:30:00-08:00,3.9417298752666663,5.643029,9.206007,6.331545,0.4236752
2019-05-19 08:45:00-08:00,0.9651725675333332,9.2822,10.909805,7.354803,0.44147685
2019-05-19 09:00:00-08:00,2.084986059066667,10.024763,12.695404,8.339402,0.46166605
2019-05-19 09:15:00-08:00,3.2962391252,9.446877,14.493877,9.374481,0.47141236
2019-05-19 09:30:00-08:00,18.793684536266667,12.86059,16.353474,10.29587,0.48619014
2019-05-19 09:45:00-08:00,15.855797355333333,15.490292,18.27098,11.377209,0.4953835
2019-05-19 10:00:00-08:00,12.486516974066662,16.562708,19.454268,12.397884,0.5114276
2019-05-19 10:15:00-08:00,7.091934908733332,21.22611,20.969349,13.188808,0.50954825
2019-05-19 10:30:00-08:00,7.164918079066665,16.378035,22.639277,13.995989,0.5043952
2019-05-19 10:45:00-08:00,13.361684104599998,14.838269,23.46323,14.656176,0.5026666
2019-05-19 11:00:00-08:00,21.271185731333333,21.086727,24.531343,15.243705,0.5121348
2019-05-19 11:15:00-08:00,19.16172786,19.679035,25.26194,15.690418,0.5154693
2019-05-19 11:30:00-08:00,24.892064849999997,25.032013,25.906708,16.044819,0.5264683
2019-05-19 11:45:00-08:00,22.780608132,22.486273,25.825062,16.37114,0.51567566
2019-05-19 12:00:00-08:00,15.0262164144,18.431992,25.944305,16.69985,0.510052
2019-05-19 12:15:00-08:00,26.95894438266667,19.66533,25.514317,16.902987,0.5164012
2019-05-19 12:30:00-08:00,21.50609804213333,16.972477,24.869133,17.147728,0.5120123
2019-05-19 12:45:00-08:00,22.737975838666667,16.783821,23.621937,17.402245,0.5125792
2019-05-19 13:00:00-08:00,22.948915184,13.9554205,21.897415,17.416433,0.51806337
2019-05-19 13:15:00-08:00,24.899518957999998,23.423416,20.663372,17.390388,0.5221565
2019-05-19 13:30:00-08:00,25.941108561333333,20.195648,19.064194,17.39358,0.5155473
2019-05-19 13:45:00-08:00,24.33528018306667,20.248356,17.67702,17.266165,0.51949614
2019-05-19 14:00:00-08:00,23.09172694533333,16.092136,16.354504,16.921158,0.5235946
2019-05-19 14:15:00-08:00,22.95816467686667,15.983494,15.128834,16.410717,0.5187756
2019-05-19 14:30:00-08:00,12.202467285666664,17.763817,14.293319,15.819397,0.53419715
2019-05-19 14:45:00-08:00,9.365190499866666,19.359047,13.862489,15.1303215,0.5321494
2019-05-19 15:00:00-08:00,13.446759363666668,18.888838,13.895018,14.09192,0.5334424
2019-05-19 15:15:00-08:00,8.192142514133334,20.148254,13.780983,13.097254,0.5278165
2019-05-19 15:30:00-08:00,1.7807191575333334,20.133427,13.403286,11.985756,0.52170104
2019-05-19 15:45:00-08:00,2.7973200310666666,15.875225,13.001873,10.859079,0.51273155
2019-05-19 16:00:00-08:00,5.020557909733333,15.875357,12.251873,9.656535,0.5030782
2019-05-19 16:15:00-08:00,14.503236828666667,9.683369,11.105995,8.401932,0.49404538
2019-05-19 16:30:00-08:00,3.8021946604666663,11.74756,9.920353,7.1652703,0.47240594
2019-05-19 16:45:00-08:00,3.270684419666666,10.416472,8.163578,6.0921693,0.46517652
2019-05-19 17:00:00-08:00,2.6342939344,12.209299,6.310214,4.9893126,0.45371765
2019-05-19 17:15:00-08:00,2.184765358466666,6.4775076,4.2470303,3.9658706,0.42997062
2019-05-19 17:30:00-08:00,0.9797900404,3.1822305,2.2293,3.1604254,0.41871178
2019-05-19 17:45:00-08:00,0.9928924912,0.0,0.6393608,2.5402327,0.39474487
2019-05-19 18:00:00-08:00,0.7071209602666667,2.4078078,0.0,2.0834632,0.35918605
2019-05-19 18:15:00-08:00,0.8384476752,1.0229694,0.0,1.6716065,0.3152702
2019-05-19 18:30:00-08:00,0.1349866352666666,1.2025845,0.0,1.4220116,0.27486068
2019-05-19 18:45:00-08:00,0.0,0.0011641743,0.0,1.3194792,0.22907722
2019-05-19 19:00:00-08:00,0.0,0.0,0.0,1.3230162,0.17643373
2019-05-19 19:15:00-08:00,0.0,0.12351072,0.0,1.3659077,0.12794065
2019-05-19 19:30:00-08:00,0.0,0.0,0.0,0.0,0.0
2019-05-19 19:45:00-08:00,0.0,0.0,0.0,0.0,0.0
2019-05-19 20:00:00-08:00,0.0,0.0,0.0,0.0,0.0
2019-05-19 20:15:00-08:00,0.0,0.0,0.0,0.0,0.0
2019-05-19 20:30:00-08:00,0.0,0.0,0.0,0.0,0.0
2019-05-19 20:45:00-08:00,0.0,0.0,0.0,0.0,0.0
2019-05-19 21:00:00-08:00,0.0,0.0,0.0,0.0,0.0
2019-05-19 21:15:00-08:00,0.0,0.0,0.0,0.0,0.0
2019-05-19 21:30:00-08:00,0.0,0.0,0.0,0.0,0.0
2019-05-19 21:45:00-08:00,0.0,0.0,0.0,0.0,0.0
2019-05-19 22:00:00-08:00,0.0,0.0,0.0,0.0,0.0
2019-05-19 22:15:00-08:00,0.0,0.0,0.0,0.0,0.0
2019-05-19 22:30:00-08:00,0.0,0.0,0.0,0.0,0.0
2019-05-19 22:45:00-08:00,0.0,0.0,0.0,0.0,0.0
2019-05-19 23:00:00-08:00,0.0,0.0,0.0,0.0,0.0
2019-05-19 23:15:00-08:00,0.0,0.0,0.0,0.0,0.0
2019-05-19 23:30:00-08:00,0.0,0.0,0.0,0.0,0.0
2019-05-19 23:45:00-08:00,0.0,0.0,0.0,0.0,0.0
2019-07-29 00:00:00-08:00,0.0,0.0,0.0,0.0,0.0
2019-07-29 00:15:00-08:00,0.0,0.0,0.0,0.0,0.0
2019-07-29 00:30:00-08:00,0.0,0.0,0.0,0.0,0.0
2019-07-29 00:45:00-08:00,0.0,0.0,0.0,0.0,0.0
2019-07-29 01:00:00-08:00,0.0,0.0,0.0,0.0,0.0
2019-07-29 01:15:00-08:00,0.0,0.0,0.0,0.0,0.0
2019-07-29 01:30:00-08:00,0.0,0.0,0.0,0.0,0.0
2019-07-29 01:45:00-08:00,0.0,0.0,0.0,0.0,0.0
2019-07-29 02:00:00-08:00,0.0,0.0,0.0,0.0,0.0
2019-07-29 02:15:00-08:00,0.0,0.0,0.0,0.0,0.0
2019-07-29 02:30:00-08:00,0.0,0.0,0.0,0.0,0.0
2019-07-29 02:45:00-08:00,0.0,0.0,0.0,0.0,0.0
2019-07-29 03:00:00-08:00,0.0,0.0,0.0,0.0,0.0
2019-07-29 03:15:00-08:00,0.0,0.0,0.0,0.0,0.0
2019-07-29 03:30:00-08:00,0.0,0.0,0.0,0.0,0.0
2019-07-29 03:45:00-08:00,0.0,0.0,0.0,0.0,0.0
2019-07-29 04:00:00-08:00,0.0,0.0,0.0,0.0,0.0
2019-07-29 04:15:00-08:00,0.0,0.0,0.0,0.0,0.0
2019-07-29 04:30:00-08:00,0.0,0.0,0.0,0.0,0.0
2019-07-29 04:45:00-08:00,0.0,0.0,0.0,0.0,0.0
2019-07-29 05:00:00-08:00,0.0,0.0,0.0,0.0,0.0
2019-07-29 05:15:00-08:00,0.0,0.0,0.09805621,0.63352275,0.04869333
2019-07-29 05:30:00-08:00,0.0696511932666666,0.1534512,0.21633008,0.6697876,0.07372649
2019-07-29 05:45:00-08:00,0.2733688833999999,0.47700185,0.44360358,0.8071146,0.11034225
2019-07-29 06:00:00-08:00,0.5129677834666667,0.5731678,0.78598297,0.96342874,0.15785554
2019-07-29 06:15:00-08:00,0.7806153079333334,1.2548549,0.9551172,1.1684893,0.19754921
2019-07-29 06:30:00-08:00,1.4328172712,1.7334859,1.4912753,1.5550897,0.29588476
2019-07-29 06:45:00-08:00,2.514347982266667,2.7580013,2.1263509,2.0363076,0.3595999
2019-07-29 07:00:00-08:00,3.934310960666666,3.4672058,3.2506964,2.695365,0.43236488
2019-07-29 07:15:00-08:00,5.0880944032,4.5959196,4.307526,3.653029,0.48588002
2019-07-29 07:30:00-08:00,6.2382615005333335,6.635655,5.292981,4.7723103,0.5479096
2019-07-29 07:45:00-08:00,8.017225865866665,7.044598,6.7711077,6.1743917,0.6048564
2019-07-29 08:00:00-08:00,9.5620459668,9.56604,8.281521,7.671299,0.63942087
2019-07-29 08:15:00-08:00,11.059759718666667,9.983099,10.017479,9.214088,0.68068445
2019-07-29 08:30:00-08:00,12.458292895999998,12.690113,11.683018,10.901521,0.7036978
2019-07-29 08:45:00-08:00,13.836448476666666,13.422835,13.189417,12.642712,0.7325204
2019-07-29 09:00:00-08:00,15.040382136,14.113978,14.697101,14.152555,0.7547867
2019-07-29 09:15:00-08:00,16.238869308666665,15.654405,16.055616,15.579281,0.75593644
2019-07-29 09:30:00-08:00,17.619247558666668,16.88424,17.176235,16.719782,0.77208126
2019-07-29 09:45:00-08:00,16.655239409333333,17.349953,18.533306,17.965298,0.7935825
2019-07-29 10:00:00-08:00,19.576826756666662,18.672935,19.325628,18.926355,0.81620216
2019-07-29 10:15:00-08:00,20.26818790333333,17.517096,20.451662,19.57849,0.8149847
2019-07-29 10:30:00-08:00,20.591399653333337,20.234974,21.513014,20.212986,0.8115752
2019-07-29 10:45:00-08:00,21.41650592933333,19.361002,21.935818,20.632591,0.79540145
2019-07-29 11:00:00-08:00,21.822874779333333,21.040245,22.655453,21.078909,0.81585413
2019-07-29 11:15:00-08:00,22.171061368,21.708088,23.016098,21.462658,0.8183687
2019-07-29 11:30:00-08:00,22.289757914000003,22.111237,23.595081,21.723911,0.8305459
2019-07-29 11:45:00-08:00,22.860537906666668,21.827839,23.75896,22.008085,0.8123549
2019-07-29 12:00:00-08:00,22.836706366666665,21.263851,24.038956,22.286987,0.79688597
2019-07-29 12:15:00-08:00,22.925229688,22.041464,24.457424,22.31872,0.81107837
2019-07-29 12:30:00-08:00,22.933902379333333,22.269203,24.553806,22.409714,0.8068217
2019-07-29 12:45:00-08:00,22.86918697666667,23.205708,24.30101,22.590126,0.82195234
2019-07-29 13:00:00-08:00,22.520248796666664,22.686054,23.811186,22.335075,0.8343635
2019-07-29 13:15:00-08:00,22.41486746733333,22.13208,23.551334,22.119827,0.8467528
2019-07-29 13:30:00-08:00,22.169687261333333,21.659096,23.076326,21.98919,0.8563607
2019-07-29 13:45:00-08:00,21.784766626666663,22.278486,22.478243,21.811565,0.86487865
2019-07-29 14:00:00-08:00,21.302098204666667,21.308357,21.771091,21.44345,0.8772018
2019-07-29 14:15:00-08:00,20.751695280666667,21.615067,21.089111,20.96439,0.87454736
2019-07-29 14:30:00-08:00,20.09601109666667,19.000069,20.548906,20.397526,0.89666176
2019-07-29 14:45:00-08:00,19.533419236,16.674622,19.805193,19.708721,0.8934126
2019-07-29 15:00:00-08:00,18.895001756666662,18.157858,19.133667,18.66352,0.89250135
2019-07-29 15:15:00-08:00,18.020211566666667,18.02815,18.28459,17.73355,0.8784998
2019-07-29 15:30:00-08:00,16.966058105333335,17.011484,17.304228,16.585896,0.87719554
2019-07-29 15:45:00-08:00,15.792519864,15.005106,16.139467,15.411836,0.87500256
2019-07-29 16:00:00-08:00,14.732319313333335,14.211306,14.900459,14.190983,0.86809516
2019-07-29 16:15:00-08:00,13.466734595999998,13.0314245,13.2973995,12.767078,0.876076
2019-07-29 16:30:00-08:00,12.128803452666666,11.987135,11.747108,11.279755,0.8593087
2019-07-29 16:45:00-08:00,10.721004052,10.532844,10.282711,9.931701,0.8566234
2019-07-29 17:00:00-08:00,9.211793060933331,9.242311,8.64599,8.444073,0.8314317
2019-07-29 17:15:00-08:00,7.626234619399998,7.5470457,6.668013,6.946924,0.7779191
2019-07-29 17:30:00-08:00,6.022823678266665,5.888192,4.931636,5.575145,0.7395299
2019-07-29 17:45:00-08:00,4.447156913266666,4.367255,3.3436112,4.3082714,0.6404453
2019-07-29 18:00:00-08:00,2.8409927041333334,2.5855942,1.9625304,3.2692008,0.5263326
2019-07-29 18:15:00-08:00,1.6397572365333335,1.4209774,0.9972949,2.2767587,0.40832958
2019-07-29 18:30:00-08:00,0.7048407614666666,1.03793,0.13591605,1.5318078,0.30742258
2019-07-29 18:45:00-08:00,0.10621528206666658,0.21927035,0.0,0.9631524,0.20474023
2019-07-29 19:00:00-08:00,0.0,0.25811422,0.0,0.6396431,0.118567556
2019-07-29 19:15:00-08:00,0.0,0.76506424,0.0,0.483396,0.058073632
2019-07-29 19:30:00-08:00,0.0,0.0,0.0,0.0,0.0
2019-07-29 19:45:00-08:00,0.0,0.0,0.0,0.0,0.0
2019-07-29 20:00:00-08:00,0.0,0.0,0.0,0.0,0.0
2019-07-29 20:15:00-08:00,0.0,0.0,0.0,0.0,0.0
2019-07-29 20:30:00-08:00,0.0,0.0,0.0,0.0,0.0
2019-07-29 20:45:00-08:00,0.0,0.0,0.0,0.0,0.0
2019-07-29 21:00:00-08:00,0.0,0.0,0.0,0.0,0.0
2019-07-29 21:15:00-08:00,0.0,0.0,0.0,0.0,0.0
2019-07-29 21:30:00-08:00,0.0,0.0,0.0,0.0,0.0
2019-07-29 21:45:00-08:00,0.0,0.0,0.0,0.0,0.0
2019-07-29 22:00:00-08:00,0.0,0.0,0.0,0.0,0.0
2019-07-29 22:15:00-08:00,0.0,0.0,0.0,0.0,0.0
2019-07-29 22:30:00-08:00,0.0,0.0,0.0,0.0,0.0
2019-07-29 22:45:00-08:00,0.0,0.0,0.0,0.0,0.0
2019-07-29 23:00:00-08:00,0.0,0.0,0.0,0.0,0.0
2019-07-29 23:15:00-08:00,0.0,0.0,0.0,0.0,0.0
2019-07-29 23:30:00-08:00,0.0,0.0,0.0,0.0,0.0
2019-07-29 23:45:00-08:00,0.0,0.0,0.0,0.0,0.0
2019-07-30 00:00:00-08:00,0.0,0.0,0.0,0.0,0.0
2019-07-30 00:15:00-08:00,0.0,0.0,0.0,0.0,0.0
2019-07-30 00:30:00-08:00,0.0,0.0,0.0,0.0,0.0
2019-07-30 00:45:00-08:00,0.0,0.0,0.0,0.0,0.0
2019-07-30 01:00:00-08:00,0.0,0.0,0.0,0.0,0.0
2019-07-30 01:15:00-08:00,0.0,0.0,0.0,0.0,0.0
2019-07-30 01:30:00-08:00,0.0,0.0,0.0,0.0,0.0
2019-07-30 01:45:00-08:00,0.0,0.0,0.0,0.0,0.0
2019-07-30 02:00:00-08:00,0.0,0.0,0.0,0.0,0.0
2019-07-30 02:15:00-08:00,0.0,0.0,0.0,0.0,0.0
2019-07-30 02:30:00-08:00,0.0,0.0,0.0,0.0,0.0
2019-07-30 02:45:00-08:00,0.0,0.0,0.0,0.0,0.0
2019-07-30 03:00:00-08:00,0.0,0.0,0.0,0.0,0.0
2019-07-30 03:15:00-08:00,0.0,0.0,0.0,0.0,0.0
2019-07-30 03:30:00-08:00,0.0,0.0,0.0,0.0,0.0
2019-07-30 03:45:00-08:00,0.0,0.0,0.0,0.0,0.0
2019-07-30 04:00:00-08:00,0.0,0.0,0.0,0.0,0.0
2019-07-30 04:15:00-08:00,0.0,0.0,0.0,0.0,0.0
2019-07-30 04:30:00-08:00,0.0,0.0,0.0,0.0,0.0
2019-07-30 04:45:00-08:00,0.0,0.0,0.0,0.0,0.0
2019-07-30 05:00:00-08:00,0.0,0.0,0.0,0.0,0.0
2019-07-30 05:15:00-08:00,0.0,0.0,0.04279658,0.5716413,0.04763204
2019-07-30 05:30:00-08:00,0.014967476,0.14513461,0.16793454,0.6030816,0.06374574
2019-07-30 05:45:00-08:00,0.1903876690666666,0.64223653,0.36473393,0.7456093,0.0916328
2019-07-30 06:00:00-08:00,0.3400439428666666,0.4304741,0.60837007,0.899403,0.13476348
2019-07-30 06:15:00-08:00,0.8385191754666667,1.2172503,0.7327142,1.1649263,0.17010385
2019-07-30 06:30:00-08:00,1.6087039809999997,1.8507181,1.1434846,1.5690534,0.2653458
2019-07-30 06:45:00-08:00,1.6623401014,2.716145,1.5439825,2.0737135,0.322937
2019-07-30 07:00:00-08:00,1.0725393054,3.7761254,2.5084658,2.7602859,0.39159817
2019-07-30 07:15:00-08:00,5.048760036466667,3.4035468,3.26712,3.7460856,0.44476563
2019-07-30 07:30:00-08:00,6.684714401733332,4.456549,4.0711193,4.87716,0.50518996
2019-07-30 07:45:00-08:00,8.255248671666665,7.001569,5.3155484,6.2417717,0.5667344
2019-07-30 08:00:00-08:00,9.730051683666666,8.622852,6.7550573,7.71566,0.6065293
2019-07-30 08:15:00-08:00,11.1948088,10.410483,8.244453,9.178108,0.6538179
2019-07-30 08:30:00-08:00,12.507033934,11.255842,9.875129,10.833523,0.68304557
2019-07-30 08:45:00-08:00,13.85733043933333,11.778553,11.271209,12.482876,0.7171261
2019-07-30 09:00:00-08:00,14.986219933999998,14.510693,12.742158,13.934129,0.7461468
2019-07-30 09:15:00-08:00,16.166598488,15.550332,14.147425,15.327029,0.75247264
2019-07-30 09:30:00-08:00,17.155612176,15.922741,15.375724,16.445265,0.77344733
2019-07-30 09:45:00-08:00,18.102632078,17.083881,16.744822,17.631577,0.7963077
2019-07-30 10:00:00-08:00,18.994761856,15.663245,17.48555,18.57499,0.81794035
2019-07-30 10:15:00-08:00,19.925635916,16.469099,18.577293,19.217024,0.8161363
2019-07-30 10:30:00-08:00,20.58417010866667,19.564508,19.567823,19.817509,0.8098955
2019-07-30 10:45:00-08:00,21.143290396666668,20.111172,19.87796,20.230562,0.794592
2019-07-30 11:00:00-08:00,21.62083879333333,21.653297,20.590813,20.650772,0.8115991
2019-07-30 11:15:00-08:00,22.191683946666668,21.394611,20.967524,21.002449,0.81476223
2019-07-30 11:30:00-08:00,22.7801798,22.398579,21.452902,21.213644,0.8242723
2019-07-30 11:45:00-08:00,22.392248696,22.008331,21.513056,21.45584,0.80374193
2019-07-30 12:00:00-08:00,20.170653412666667,19.376474,21.814817,21.711508,0.7855307
2019-07-30 12:15:00-08:00,20.177570906666663,21.494223,22.220499,21.727886,0.7969022
2019-07-30 12:30:00-08:00,21.09492742533333,21.015478,22.38078,21.80833,0.7913418
2019-07-30 12:45:00-08:00,22.902404474,22.013954,22.405254,22.001823,0.80279
2019-07-30 13:00:00-08:00,23.13029222333333,22.08905,22.010124,21.776634,0.81808823
2019-07-30 13:15:00-08:00,22.86641166933333,21.482788,21.969923,21.616695,0.8293812
2019-07-30 13:30:00-08:00,22.361870254,22.120888,21.625147,21.508467,0.83389544
2019-07-30 13:45:00-08:00,22.102571584000003,21.002928,21.161781,21.35893,0.8414807
2019-07-30 14:00:00-08:00,21.046813784,20.812477,20.702393,21.004242,0.85318977
2019-07-30 14:15:00-08:00,21.07797906733333,17.393286,20.101534,20.557215,0.85052
2019-07-30 14:30:00-08:00,18.456299368666667,18.294466,19.630236,20.037914,0.8753706
2019-07-30 14:45:00-08:00,19.474791368,18.749939,18.983852,19.390076,0.8711382
2019-07-30 15:00:00-08:00,18.754345796666662,18.839891,18.442625,18.387188,0.8688805
2019-07-30 15:15:00-08:00,17.827899319333333,17.873707,17.600666,17.517994,0.8584762
2019-07-30 15:30:00-08:00,16.770463954000004,16.500257,16.644321,16.43077,0.8576629
2019-07-30 15:45:00-08:00,15.566978901333334,15.277735,15.517736,15.343491,0.85897017
2019-07-30 16:00:00-08:00,14.340323406,13.761174,14.148321,14.159515,0.8573048
2019-07-30 16:15:00-08:00,13.154669562666667,13.278975,12.615861,12.810534,0.87059623
2019-07-30 16:30:00-08:00,11.842423574666666,12.610042,11.133421,11.358559,0.8611051
2019-07-30 16:45:00-08:00,10.438705296133334,10.013767,9.762098,10.044682,0.86197454
2019-07-30 17:00:00-08:00,8.907923154133334,9.048727,8.314671,8.580245,0.8411279
2019-07-30 17:15:00-08:00,7.375659386133333,7.3870554,6.5700974,7.0952787,0.7947734
2019-07-30 17:30:00-08:00,5.856436871,5.4493313,4.95622,5.747042,0.7564218
2019-07-30 17:45:00-08:00,4.271942384066667,4.1333227,3.5449133,4.465028,0.6623195
2019-07-30 18:00:00-08:00,2.843161888466667,2.8416548,2.3280246,3.395844,0.5550956
2019-07-30 18:15:00-08:00,1.6093796927999997,1.3921564,1.49828,2.3712473,0.4384923
2019-07-30 18:30:00-08:00,0.669123827,0.68022907,0.79940665,1.5941575,0.33817273
2019-07-30 18:45:00-08:00,0.1084731039999999,0.35646784,0.49151874,0.9838078,0.23296742
2019-07-30 19:00:00-08:00,0.0,0.09794688,0.32208514,0.62251997,0.13923393
2019-07-30 19:15:00-08:00,0.0,0.50107455,0.20739613,0.46340442,0.07071757
2019-07-30 19:30:00-08:00,0.0,0.0,0.0,0.0,0.0
2019-07-30 19:45:00-08:00,0.0,0.0,0.0,0.0,0.0
2019-07-30 20:00:00-08:00,0.0,0.0,0.0,0.0,0.0
2019-07-30 20:15:00-08:00,0.0,0.0,0.0,0.0,0.0
2019-07-30 20:30:00-08:00,0.0,0.0,0.0,0.0,0.0
2019-07-30 20:45:00-08:00,0.0,0.0,0.0,0.0,0.0
2019-07-30 21:00:00-08:00,0.0,0.0,0.0,0.0,0.0
2019-07-30 21:15:00-08:00,0.0,0.0,0.0,0.0,0.0
2019-07-30 21:30:00-08:00,0.0,0.0,0.0,0.0,0.0
2019-07-30 21:45:00-08:00,0.0,0.0,0.0,0.0,0.0
2019-07-30 22:00:00-08:00,0.0,0.0,0.0,0.0,0.0
2019-07-30 22:15:00-08:00,0.0,0.0,0.0,0.0,0.0
2019-07-30 22:30:00-08:00,0.0,0.0,0.0,0.0,0.0
2019-07-30 22:45:00-08:00,0.0,0.0,0.0,0.0,0.0
2019-07-30 23:00:00-08:00,0.0,0.0,0.0,0.0,0.0
2019-07-30 23:15:00-08:00,0.0,0.0,0.0,0.0,0.0
2019-07-30 23:30:00-08:00,0.0,0.0,0.0,0.0,0.0
2019-07-30 23:45:00-08:00,0.0,0.0,0.0,0.0,0.0
2019-07-31 00:00:00-08:00,0.0,0.0,0.0,0.0,0.0
2019-07-31 00:15:00-08:00,0.0,0.0,0.0,0.0,0.0
2019-07-31 00:30:00-08:00,0.0,0.0,0.0,0.0,0.0
2019-07-31 00:45:00-08:00,0.0,0.0,0.0,0.0,0.0
2019-07-31 01:00:00-08:00,0.0,0.0,0.0,0.0,0.0
2019-07-31 01:15:00-08:00,0.0,0.0,0.0,0.0,0.0
2019-07-31 01:30:00-08:00,0.0,0.0,0.0,0.0,0.0
2019-07-31 01:45:00-08:00,0.0,0.0,0.0,0.0,0.0
2019-07-31 02:00:00-08:00,0.0,0.0,0.0,0.0,0.0
2019-07-31 02:15:00-08:00,0.0,0.0,0.0,0.0,0.0
2019-07-31 02:30:00-08:00,0.0,0.0,0.0,0.0,0.0
2019-07-31 02:45:00-08:00,0.0,0.0,0.0,0.0,0.0
2019-07-31 03:00:00-08:00,0.0,0.0,0.0,0.0,0.0
2019-07-31 03:15:00-08:00,0.0,0.0,0.0,0.0,0.0
2019-07-31 03:30:00-08:00,0.0,0.0,0.0,0.0,0.0
2019-07-31 03:45:00-08:00,0.0,0.0,0.0,0.0,0.0
2019-07-31 04:00:00-08:00,0.0,0.0,0.0,0.0,0.0
2019-07-31 04:15:00-08:00,0.0,0.0,0.0,0.0,0.0
2019-07-31 04:30:00-08:00,0.0,0.0,0.0,0.0,0.0
2019-07-31 04:45:00-08:00,0.0,0.0,0.0,0.0,0.0
2019-07-31 05:00:00-08:00,0.0,0.0,0.0,0.0,0.0
2019-07-31 05:15:00-08:00,0.0,0.0,0.0,0.5830105,0.06370958
2019-07-31 05:30:00-08:00,0.04799582233333329,0.20585841,0.0,0.62513274,0.09172304
2019-07-31 05:45:00-08:00,0.2687159044,0.35973772,0.20956671,0.7814516,0.12662558
2019-07-31 06:00:00-08:00,0.49561713099999993,0.42435792,0.53820133,0.95019597,0.17577232
2019-07-31 06:15:00-08:00,0.7771732121333333,0.96035314,0.7103096,1.2460774,0.21582824
2019-07-31 06:30:00-08:00,1.446859524666667,1.624152,1.2894362,1.6649362,0.3133617
2019-07-31 06:45:00-08:00,2.5066054238,2.563849,2.0173364,2.199849,0.37667477
2019-07-31 07:00:00-08:00,3.804595776466667,3.373038,3.176241,2.9155004,0.45048085
2019-07-31 07:15:00-08:00,4.980711434,4.2532935,4.3043385,3.9207854,0.50266796
2019-07-31 07:30:00-08:00,6.4532891466,5.927907,5.4188585,5.068473,0.56342703
2019-07-31 07:45:00-08:00,8.069970509133332,7.5103016,6.8603125,6.443568,0.6195297
2019-07-31 08:00:00-08:00,9.590686875466668,9.218749,8.493132,7.9345827,0.65617275
2019-07-31 08:15:00-08:00,11.028808368666668,9.751992,10.1009865,9.406702,0.6973734
2019-07-31 08:30:00-08:00,12.402898872666666,12.094342,11.6047535,11.057739,0.72429776
2019-07-31 08:45:00-08:00,13.718821111333332,14.240623,12.954914,12.706284,0.7514466
2019-07-31 09:00:00-08:00,14.966444244666668,14.611642,14.215595,14.1474695,0.77289283
2019-07-31 09:15:00-08:00,16.008711396666666,16.311378,15.29216,15.524347,0.7739134
2019-07-31 09:30:00-08:00,17.005483833333333,17.502705,16.109037,16.618328,0.7877585
2019-07-31 09:45:00-08:00,17.917456269333332,17.06742,17.119215,17.77539,0.8036415
2019-07-31 10:00:00-08:00,18.723154717333333,18.796984,17.640999,18.677504,0.81983423
2019-07-31 10:15:00-08:00,19.550445646666667,19.133547,18.58632,19.283106,0.8137674
2019-07-31 10:30:00-08:00,20.330418751333333,19.615677,19.408386,19.854265,0.8049327
2019-07-31 10:45:00-08:00,20.928876908000003,19.455887,19.688065,20.239725,0.7897278
2019-07-31 11:00:00-08:00,21.256355834666667,18.958776,20.378117,20.635386,0.80859935
2019-07-31 11:15:00-08:00,21.584221908,20.820465,20.772625,20.972645,0.80831516
2019-07-31 11:30:00-08:00,21.938677135333336,22.11614,21.227022,21.18219,0.81669354
2019-07-31 11:45:00-08:00,22.166284906,21.894714,21.384666,21.419006,0.7952677
2019-07-31 12:00:00-08:00,22.444688486666667,22.296144,21.696323,21.666517,0.77679884
2019-07-31 12:15:00-08:00,22.695886885333334,21.716496,22.14094,21.674023,0.78691566
2019-07-31 12:30:00-08:00,22.63429170466667,21.579075,22.185583,21.746357,0.7799437
2019-07-31 12:45:00-08:00,22.526726729333333,22.158615,22.14408,21.921692,0.79088664
2019-07-31 13:00:00-08:00,22.484387380666664,22.478615,21.732761,21.67538,0.80156493
2019-07-31 13:15:00-08:00,22.259668224,21.910908,21.650303,21.492794,0.8104578
2019-07-31 13:30:00-08:00,21.931332202000004,22.675451,21.31317,21.359303,0.8173171
2019-07-31 13:45:00-08:00,21.50657110133333,21.568552,20.947536,21.189783,0.82382953
2019-07-31 14:00:00-08:00,21.283735809333333,20.82869,20.563879,20.816046,0.8323443
2019-07-31 14:15:00-08:00,20.683476090666662,20.07356,20.183174,20.35349,0.8283591
2019-07-31 14:30:00-08:00,20.082116394,19.306622,19.930695,19.840528,0.84799325
2019-07-31 14:45:00-08:00,19.43502462533333,19.805025,19.375439,19.19255,0.8456136
2019-07-31 15:00:00-08:00,18.63231972866667,19.492779,18.93042,18.200169,0.84567726
2019-07-31 15:15:00-08:00,17.590749049333336,18.099968,18.174873,17.347145,0.83313024
2019-07-31 15:30:00-08:00,16.589005136666668,16.859585,17.392937,16.288578,0.8324595
2019-07-31 15:45:00-08:00,15.492850788666669,15.681442,16.428635,15.229118,0.8328414
2019-07-31 16:00:00-08:00,14.340458928,13.635604,15.350874,14.090372,0.8290134
2019-07-31 16:15:00-08:00,13.078217410666666,13.184406,13.924939,12.776503,0.838761
2019-07-31 16:30:00-08:00,11.736676140666669,12.032538,12.577083,11.361538,0.825251
2019-07-31 16:45:00-08:00,10.216292934866669,10.598309,11.367407,10.080086,0.82158816
2019-07-31 17:00:00-08:00,8.636036235533334,8.986093,9.824738,8.644647,0.79727715
2019-07-31 17:15:00-08:00,7.000082535399999,7.5019197,7.9369144,7.184614,0.74305826
2019-07-31 17:30:00-08:00,5.479085502733334,5.5343714,6.1121736,5.8528767,0.7025568
2019-07-31 17:45:00-08:00,4.0341282392,3.9442015,4.401672,4.5673466,0.6058202
2019-07-31 18:00:00-08:00,2.6763379834666665,2.625031,2.8044863,3.4825537,0.49600562
2019-07-31 18:15:00-08:00,1.4376451710666664,1.0066339,1.7510136,2.434837,0.38251865
2019-07-31 18:30:00-08:00,0.5417893032,0.59315825,0.68112296,1.6270959,0.28658238
2019-07-31 18:45:00-08:00,0.0263665587333333,0.05465307,0.16781135,0.9749472,0.18901464
2019-07-31 19:00:00-08:00,0.0,0.0,0.0,0.58425933,0.10801765
2019-07-31 19:15:00-08:00,0.0,0.0,0.0,0.3890974,0.05295102
2019-07-31 19:30:00-08:00,0.0,0.0,0.0,0.0,0.0
2019-07-31 19:45:00-08:00,0.0,0.0,0.0,0.0,0.0
2019-07-31 20:00:00-08:00,0.0,0.0,0.0,0.0,0.0
2019-07-31 20:15:00-08:00,0.0,0.0,0.0,0.0,0.0
2019-07-31 20:30:00-08:00,0.0,0.0,0.0,0.0,0.0
2019-07-31 20:45:00-08:00,0.0,0.0,0.0,0.0,0.0
2019-07-31 21:00:00-08:00,0.0,0.0,0.0,0.0,0.0
2019-07-31 21:15:00-08:00,0.0,0.0,0.0,0.0,0.0
2019-07-31 21:30:00-08:00,0.0,0.0,0.0,0.0,0.0
2019-07-31 21:45:00-08:00,0.0,0.0,0.0,0.0,0.0
2019-07-31 22:00:00-08:00,0.0,0.0,0.0,0.0,0.0
2019-07-31 22:15:00-08:00,0.0,0.0,0.0,0.0,0.0
2019-07-31 22:30:00-08:00,0.0,0.0,0.0,0.0,0.0
2019-07-31 22:45:00-08:00,0.0,0.0,0.0,0.0,0.0
2019-07-31 23:00:00-08:00,0.0,0.0,0.0,0.0,0.0
2019-07-31 23:15:00-08:00,0.0,0.0,0.0,0.0,0.0
2019-07-31 23:30:00-08:00,0.0,0.0,0.0,0.0,0.0
2019-07-31 23:45:00-08:00,0.0,0.0,0.0,0.0,0.0
2019-08-01 00:00:00-08:00,0.0,0.0,0.0,0.0,0.0
2019-08-01 00:15:00-08:00,0.0,0.0,0.0,0.0,0.0
2019-08-01 00:30:00-08:00,0.0,0.0,0.0,0.0,0.0
2019-08-01 00:45:00-08:00,0.0,0.0,0.0,0.0,0.0
2019-08-01 01:00:00-08:00,0.0,0.0,0.0,0.0,0.0
2019-08-01 01:15:00-08:00,0.0,0.0,0.0,0.0,0.0
2019-08-01 01:30:00-08:00,0.0,0.0,0.0,0.0,0.0
2019-08-01 01:45:00-08:00,0.0,0.0,0.0,0.0,0.0
2019-08-01 02:00:00-08:00,0.0,0.0,0.0,0.0,0.0
2019-08-01 02:15:00-08:00,0.0,0.0,0.0,0.0,0.0
2019-08-01 02:30:00-08:00,0.0,0.0,0.0,0.0,0.0
2019-08-01 02:45:00-08:00,0.0,0.0,0.0,0.0,0.0
2019-08-01 03:00:00-08:00,0.0,0.0,0.0,0.0,0.0
2019-08-01 03:15:00-08:00,0.0,0.0,0.0,0.0,0.0
2019-08-01 03:30:00-08:00,0.0,0.0,0.0,0.0,0.0
2019-08-01 03:45:00-08:00,0.0,0.0,0.0,0.0,0.0
2019-08-01 04:00:00-08:00,0.0,0.0,0.0,0.0,0.0
2019-08-01 04:15:00-08:00,0.0,0.0,0.0,0.0,0.0
2019-08-01 04:30:00-08:00,0.0,0.0,0.0,0.0,0.0
2019-08-01 04:45:00-08:00,0.0,0.0,0.0,0.0,0.0
2019-08-01 05:00:00-08:00,0.0,0.0,0.0,0.0,0.0
2019-08-01 05:15:00-08:00,0.0,0.0,0.004306119,0.42483258,0.06164656
2019-08-01 05:30:00-08:00,0.0180518741333333,0.03731767,0.13316801,0.40373552,0.07962679
2019-08-01 05:45:00-08:00,0.1562347894,0.17938824,0.32420173,0.44905245,0.11115617
2019-08-01 06:00:00-08:00,0.3521819717333334,0.5289252,0.631577,0.5306477,0.15225938
2019-08-01 06:15:00-08:00,0.5936464674,0.8321795,0.7487,0.64335877,0.18660104
2019-08-01 06:30:00-08:00,1.2722712822666666,1.6803198,1.2267962,0.90162796,0.27757382
2019-08-01 06:45:00-08:00,2.3322269669333333,1.1608957,1.8029227,1.2954277,0.3341033
2019-08-01 07:00:00-08:00,3.5088510776666664,3.1728044,2.962321,1.7916287,0.4031194
2019-08-01 07:15:00-08:00,4.770340550066667,3.8195806,3.9499307,2.5858984,0.45884424
2019-08-01 07:30:00-08:00,6.3824573898,5.7206464,4.9432797,3.5463774,0.51953447
2019-08-01 07:45:00-08:00,8.000950843266667,6.274966,6.47649,4.8128443,0.57946634
2019-08-01 08:00:00-08:00,9.4837879126,10.135269,8.086226,6.156266,0.61473674
2019-08-01 08:15:00-08:00,10.893861880666668,10.498537,9.84485,7.614195,0.66010046
2019-08-01 08:30:00-08:00,12.320983520666665,13.353802,11.678297,9.226458,0.6887257
2019-08-01 08:45:00-08:00,13.630477992666668,13.749283,13.258606,10.966573,0.7214614
2019-08-01 09:00:00-08:00,14.813305136000002,14.165843,14.868229,12.5302925,0.7501395
2019-08-01 09:15:00-08:00,15.962060962,16.507845,16.355734,14.019821,0.75482315
2019-08-01 09:30:00-08:00,16.865913449333334,16.115503,17.69549,15.278336,0.7795452
2019-08-01 09:45:00-08:00,17.898531058666666,18.112494,19.307314,16.643044,0.8052907
2019-08-01 10:00:00-08:00,18.77448663066667,17.574018,20.216099,17.713419,0.83090436
2019-08-01 10:15:00-08:00,19.602276939333333,19.597445,21.524632,18.451157,0.832724
2019-08-01 10:30:00-08:00,20.380202624666666,20.59412,22.714668,19.219135,0.83252394
2019-08-01 10:45:00-08:00,20.74112497333333,22.718718,23.127768,19.712662,0.81834924
2019-08-01 11:00:00-08:00,21.669401895333333,21.29129,23.939884,20.281986,0.8422893
2019-08-01 11:15:00-08:00,21.94122652333333,23.473877,24.296822,20.750927,0.8488736
2019-08-01 11:30:00-08:00,22.20890817,24.346989,24.80353,21.125359,0.86131763
2019-08-01 11:45:00-08:00,22.28165471133333,22.429565,24.806276,21.52404,0.8431586
2019-08-01 12:00:00-08:00,22.84273977933333,23.225687,25.015097,21.87377,0.82907236
2019-08-01 12:15:00-08:00,23.15485698333333,22.727388,25.367912,21.982468,0.8428712
2019-08-01 12:30:00-08:00,23.021208466,24.488668,25.437912,22.146996,0.838806
2019-08-01 12:45:00-08:00,23.431161678666665,21.728985,25.269716,22.399858,0.8516806
2019-08-01 13:00:00-08:00,23.366450956666668,23.192041,24.71962,22.20326,0.8667929
2019-08-01 13:15:00-08:00,23.208253374,23.178364,24.535625,22.028059,0.8780863
2019-08-01 13:30:00-08:00,22.938103404000003,23.939983,24.05671,21.943241,0.8841721
2019-08-01 13:45:00-08:00,22.772605456666668,21.513237,23.463903,21.816227,0.8937706
2019-08-01 14:00:00-08:00,22.235445510666665,22.469673,22.759615,21.54567,0.90510106
2019-08-01 14:15:00-08:00,21.682517239333336,22.108253,21.947302,21.178495,0.900031
2019-08-01 14:30:00-08:00,20.99403562066667,20.251434,21.317738,20.710073,0.9222946
2019-08-01 14:45:00-08:00,20.15502435133333,19.505821,20.440094,20.165163,0.9143435
2019-08-01 15:00:00-08:00,19.159718776,18.668156,19.624313,19.240402,0.91339946
2019-08-01 15:15:00-08:00,18.194502464,17.45797,18.490211,18.499134,0.8987279
2019-08-01 15:30:00-08:00,17.196738705333335,17.498402,17.23335,17.515692,0.896227
2019-08-01 15:45:00-08:00,16.010615416666667,15.338852,15.701939,16.500237,0.891132
2019-08-01 16:00:00-08:00,14.708406112,14.747755,14.033642,15.47016,0.8807173
2019-08-01 16:15:00-08:00,13.410936370666668,12.232851,12.114375,14.183455,0.8878751
2019-08-01 16:30:00-08:00,11.95971034,11.291457,10.2805195,12.8415985,0.8673626
2019-08-01 16:45:00-08:00,10.4703111216,10.30137,8.633254,11.604144,0.86218876
2019-08-01 17:00:00-08:00,8.967260377,8.955178,6.9661574,10.222559,0.83436453
2019-08-01 17:15:00-08:00,7.3605072906,6.6443624,5.1100516,8.724184,0.7848038
2019-08-01 17:30:00-08:00,5.763870447733333,4.9245505,3.5477486,7.2878866,0.7486001
2019-08-01 17:45:00-08:00,4.1838467496,3.5742881,2.2188087,5.894328,0.6516987
2019-08-01 18:00:00-08:00,2.7026831860666665,2.6384249,1.1453085,4.629311,0.54158086
2019-08-01 18:15:00-08:00,1.4851102044,0.7582546,0.47837186,3.3704953,0.42575198
2019-08-01 18:30:00-08:00,0.5410976746,0.48640358,0.0,2.3285713,0.32329154
2019-08-01 18:45:00-08:00,0.030350797466666597,0.12980343,0.0,1.4850678,0.21831703
2019-08-01 19:00:00-08:00,0.0,0.0,0.0,0.8842375,0.12696199
2019-08-01 19:15:00-08:00,0.0,0.036451727,0.0,0.5324187,0.05700739
2019-08-01 19:30:00-08:00,0.0,0.0,0.0,0.0,0.0
2019-08-01 19:45:00-08:00,0.0,0.0,0.0,0.0,0.0
2019-08-01 20:00:00-08:00,0.0,0.0,0.0,0.0,0.0
2019-08-01 20:15:00-08:00,0.0,0.0,0.0,0.0,0.0
2019-08-01 20:30:00-08:00,0.0,0.0,0.0,0.0,0.0
2019-08-01 20:45:00-08:00,0.0,0.0,0.0,0.0,0.0
2019-08-01 21:00:00-08:00,0.0,0.0,0.0,0.0,0.0
2019-08-01 21:15:00-08:00,0.0,0.0,0.0,0.0,0.0
2019-08-01 21:30:00-08:00,0.0,0.0,0.0,0.0,0.0
2019-08-01 21:45:00-08:00,0.0,0.0,0.0,0.0,0.0
2019-08-01 22:00:00-08:00,0.0,0.0,0.0,0.0,0.0
2019-08-01 22:15:00-08:00,0.0,0.0,0.0,0.0,0.0
2019-08-01 22:30:00-08:00,0.0,0.0,0.0,0.0,0.0
2019-08-01 22:45:00-08:00,0.0,0.0,0.0,0.0,0.0
2019-08-01 23:00:00-08:00,0.0,0.0,0.0,0.0,0.0
2019-08-01 23:15:00-08:00,0.0,0.0,0.0,0.0,0.0
2019-08-01 23:30:00-08:00,0.0,0.0,0.0,0.0,0.0
2019-08-01 23:45:00-08:00,0.0,0.0,0.0,0.0,0.0
2019-08-02 00:00:00-08:00,0.0,0.0,0.0,0.0,0.0
2019-08-02 00:15:00-08:00,0.0,0.0,0.0,0.0,0.0
2019-08-02 00:30:00-08:00,0.0,0.0,0.0,0.0,0.0
2019-08-02 00:45:00-08:00,0.0,0.0,0.0,0.0,0.0
2019-08-02 01:00:00-08:00,0.0,0.0,0.0,0.0,0.0
2019-08-02 01:15:00-08:00,0.0,0.0,0.0,0.0,0.0
2019-08-02 01:30:00-08:00,0.0,0.0,0.0,0.0,0.0
2019-08-02 01:45:00-08:00,0.0,0.0,0.0,0.0,0.0
2019-08-02 02:00:00-08:00,0.0,0.0,0.0,0.0,0.0
2019-08-02 02:15:00-08:00,0.0,0.0,0.0,0.0,0.0
2019-08-02 02:30:00-08:00,0.0,0.0,0.0,0.0,0.0
2019-08-02 02:45:00-08:00,0.0,0.0,0.0,0.0,0.0
2019-08-02 03:00:00-08:00,0.0,0.0,0.0,0.0,0.0
2019-08-02 03:15:00-08:00,0.0,0.0,0.0,0.0,0.0
2019-08-02 03:30:00-08:00,0.0,0.0,0.0,0.0,0.0
2019-08-02 03:45:00-08:00,0.0,0.0,0.0,0.0,0.0
2019-08-02 04:00:00-08:00,0.0,0.0,0.0,0.0,0.0
2019-08-02 04:15:00-08:00,0.0,0.0,0.0,0.0,0.0
2019-08-02 04:30:00-08:00,0.0,0.0,0.0,0.0,0.0
2019-08-02 04:45:00-08:00,0.0,0.0,0.0,0.0,0.0
2019-08-02 05:00:00-08:00,0.0,0.0,0.0,0.0,0.0
2019-08-02 05:15:00-08:00,0.0,0.049807258,0.25212288,0.39257777,0.05232611
2019-08-02 05:30:00-08:00,0.0,0.12186399,0.28984505,0.35771865,0.06267816
2019-08-02 05:45:00-08:00,0.1325403059999999,0.0,0.4422022,0.43116373,0.08868891
2019-08-02 06:00:00-08:00,0.3715160233333334,0.06969482,0.7268441,0.5080467,0.12689425
2019-08-02 06:15:00-08:00,0.823575407,0.27552268,0.83008265,0.65806675,0.15651059
2019-08-02 06:30:00-08:00,1.5369043274,1.9754171,1.2669032,0.94294953,0.24943224
2019-08-02 06:45:00-08:00,2.058902231533333,1.518695,1.797251,1.3655281,0.30129638
2019-08-02 07:00:00-08:00,3.600386777133333,4.041152,2.8829362,1.909298,0.37045047
2019-08-02 07:15:00-08:00,5.0599652822,4.112797,3.696866,2.7735438,0.42944384
2019-08-02 07:30:00-08:00,6.5088324446,3.599935,4.5209465,3.7910242,0.49432302
2019-08-02 07:45:00-08:00,8.1009800888,5.3618627,5.7946253,5.0863466,0.5621335
2019-08-02 08:00:00-08:00,9.468802911866666,8.089994,7.148097,6.468686,0.6044328
2019-08-02 08:15:00-08:00,10.976559665333331,11.126288,8.591239,7.905864,0.6585469
2019-08-02 08:30:00-08:00,12.342763253333333,11.515854,10.116914,9.550107,0.69312996
2019-08-02 08:45:00-08:00,13.619871800666667,13.009644,11.329584,11.221792,0.7317336
2019-08-02 09:00:00-08:00,14.791909532666669,13.424316,12.705377,12.742184,0.76697767
2019-08-02 09:15:00-08:00,15.890177596666668,17.744663,13.995998,14.230852,0.7755102
2019-08-02 09:30:00-08:00,16.917381868,16.770145,15.151551,15.433931,0.8043741
2019-08-02 09:45:00-08:00,17.919040582666664,18.656597,16.6456,16.754932,0.8314948
2019-08-02 10:00:00-08:00,18.703345871333333,18.101591,17.467968,17.803198,0.8585359
2019-08-02 10:15:00-08:00,19.448898518,21.411482,18.7774,18.521114,0.86015964
2019-08-02 10:30:00-08:00,20.264399926666663,23.031347,20.011852,19.235233,0.8568326
2019-08-02 10:45:00-08:00,20.88693645,23.064114,20.569567,19.72463,0.84267175
2019-08-02 11:00:00-08:00,21.391662706666665,20.94387,21.52491,20.24323,0.86612016
2019-08-02 11:15:00-08:00,21.788861858,24.150246,22.079298,20.673931,0.8746073
2019-08-02 11:30:00-08:00,22.303351522,26.197649,22.612274,20.975655,0.8848459
2019-08-02 11:45:00-08:00,22.551971258,22.770975,22.74399,21.307177,0.86644185
2019-08-02 12:00:00-08:00,22.721173238,24.56828,22.956871,21.621788,0.8503872
2019-08-02 12:15:00-08:00,22.71645622866667,22.60077,23.265686,21.686451,0.8643422
2019-08-02 12:30:00-08:00,22.492889408666667,24.072613,23.28587,21.800322,0.86004376
2019-08-02 12:45:00-08:00,22.412339970666665,23.840887,23.095657,22.035957,0.8723115
2019-08-02 13:00:00-08:00,22.459442131333333,24.00415,22.56953,21.819382,0.89116037
2019-08-02 13:15:00-08:00,22.27300135733333,23.1593,22.418396,21.685045,0.90422326
2019-08-02 13:30:00-08:00,22.08007748866667,22.99413,22.019175,21.598091,0.909499
2019-08-02 13:45:00-08:00,21.850353014000003,22.897291,21.59435,21.48193,0.9195794
2019-08-02 14:00:00-08:00,21.471582924666667,21.296576,21.2379,21.20515,0.9329976
2019-08-02 14:15:00-08:00,20.772832753333333,22.293028,20.68789,20.842428,0.9305258
2019-08-02 14:30:00-08:00,20.122754054666668,18.694515,20.38839,20.398462,0.9573414
2019-08-02 14:45:00-08:00,19.395146897333333,21.093138,19.860804,19.854294,0.9489713
2019-08-02 15:00:00-08:00,18.50870353133333,19.435837,19.457127,18.93198,0.9476586
2019-08-02 15:15:00-08:00,17.645608466000002,18.119724,18.631763,18.200077,0.9363329
2019-08-02 15:30:00-08:00,16.72225570666667,18.140293,17.668541,17.216076,0.93458265
2019-08-02 15:45:00-08:00,15.636557853333334,15.9280815,16.462465,16.238054,0.9326912
2019-08-02 16:00:00-08:00,14.384584139333334,14.542177,15.056427,15.174858,0.9240208
2019-08-02 16:15:00-08:00,13.086828829333331,13.439192,13.292927,13.904976,0.9331869
2019-08-02 16:30:00-08:00,11.752387814,11.281702,11.623909,12.535326,0.91480154
2019-08-02 16:45:00-08:00,10.334909865866663,10.3552065,10.065674,11.293028,0.9109302
2019-08-02 17:00:00-08:00,8.8227766078,9.973821,8.416193,9.875373,0.88380206
2019-08-02 17:15:00-08:00,7.272112543266666,7.2263594,6.477463,8.372703,0.83880913
2019-08-02 17:30:00-08:00,5.714659205666667,5.298416,4.776618,6.9652734,0.8019174
2019-08-02 17:45:00-08:00,4.176720684666667,3.8157668,3.250852,5.5895033,0.7071393
2019-08-02 18:00:00-08:00,2.7038901762666665,2.528449,2.0616655,4.352518,0.59928906
2019-08-02 18:15:00-08:00,1.4567404158666666,0.62005645,1.22849,3.1353269,0.47767133
2019-08-02 18:30:00-08:00,0.504328194,0.2706014,0.46520227,2.1365972,0.36912718
2019-08-02 18:45:00-08:00,0.0207334468,0.0,0.22800484,1.3312962,0.25082988
2019-08-02 19:00:00-08:00,0.0,0.0,0.1614598,0.7673637,0.1447619
2019-08-02 19:15:00-08:00,0.0,0.0,0.05652733,0.4709779,0.060901113
2019-08-02 19:30:00-08:00,0.0,0.0,0.0,0.0,0.0
2019-08-02 19:45:00-08:00,0.0,0.0,0.0,0.0,0.0
2019-08-02 20:00:00-08:00,0.0,0.0,0.0,0.0,0.0
2019-08-02 20:15:00-08:00,0.0,0.0,0.0,0.0,0.0
2019-08-02 20:30:00-08:00,0.0,0.0,0.0,0.0,0.0
2019-08-02 20:45:00-08:00,0.0,0.0,0.0,0.0,0.0
2019-08-02 21:00:00-08:00,0.0,0.0,0.0,0.0,0.0
2019-08-02 21:15:00-08:00,0.0,0.0,0.0,0.0,0.0
2019-08-02 21:30:00-08:00,0.0,0.0,0.0,0.0,0.0
2019-08-02 21:45:00-08:00,0.0,0.0,0.0,0.0,0.0
2019-08-02 22:00:00-08:00,0.0,0.0,0.0,0.0,0.0
2019-08-02 22:15:00-08:00,0.0,0.0,0.0,0.0,0.0
2019-08-02 22:30:00-08:00,0.0,0.0,0.0,0.0,0.0
2019-08-02 22:45:00-08:00,0.0,0.0,0.0,0.0,0.0
2019-08-02 23:00:00-08:00,0.0,0.0,0.0,0.0,0.0
2019-08-02 23:15:00-08:00,0.0,0.0,0.0,0.0,0.0
2019-08-02 23:30:00-08:00,0.0,0.0,0.0,0.0,0.0
2019-08-02 23:45:00-08:00,0.0,0.0,0.0,0.0,0.0
2019-08-03 00:00:00-08:00,0.0,0.0,0.0,0.0,0.0
2019-08-03 00:15:00-08:00,0.0,0.0,0.0,0.0,0.0
2019-08-03 00:30:00-08:00,0.0,0.0,0.0,0.0,0.0
2019-08-03 00:45:00-08:00,0.0,0.0,0.0,0.0,0.0
2019-08-03 01:00:00-08:00,0.0,0.0,0.0,0.0,0.0
2019-08-03 01:15:00-08:00,0.0,0.0,0.0,0.0,0.0
2019-08-03 01:30:00-08:00,0.0,0.0,0.0,0.0,0.0
2019-08-03 01:45:00-08:00,0.0,0.0,0.0,0.0,0.0
2019-08-03 02:00:00-08:00,0.0,0.0,0.0,0.0,0.0
2019-08-03 02:15:00-08:00,0.0,0.0,0.0,0.0,0.0
2019-08-03 02:30:00-08:00,0.0,0.0,0.0,0.0,0.0
2019-08-03 02:45:00-08:00,0.0,0.0,0.0,0.0,0.0
2019-08-03 03:00:00-08:00,0.0,0.0,0.0,0.0,0.0
2019-08-03 03:15:00-08:00,0.0,0.0,0.0,0.0,0.0
2019-08-03 03:30:00-08:00,0.0,0.0,0.0,0.0,0.0
2019-08-03 03:45:00-08:00,0.0,0.0,0.0,0.0,0.0
2019-08-03 04:00:00-08:00,0.0,0.0,0.0,0.0,0.0
2019-08-03 04:15:00-08:00,0.0,0.0,0.0,0.0,0.0
2019-08-03 04:30:00-08:00,0.0,0.0,0.0,0.0,0.0
2019-08-03 04:45:00-08:00,0.0,0.0,0.0,0.0,0.0
2019-08-03 05:00:00-08:00,0.0,0.0,0.0,0.0,0.0
2019-08-03 05:15:00-08:00,0.0,0.0,0.068636,0.50285465,0.05481589
2019-08-03 05:30:00-08:00,0.0202625032666666,0.0,0.17339489,0.46879554,0.07034426
2019-08-03 05:45:00-08:00,0.2313370970666666,0.0,0.42910507,0.5592875,0.09674832
2019-08-03 06:00:00-08:00,0.5992089094666667,0.1819064,0.72843075,0.64514583,0.13578396
2019-08-03 06:15:00-08:00,0.9438472078,0.71221745,0.88596916,0.83047235,0.16816819
2019-08-03 06:30:00-08:00,1.6617059754666668,1.1821753,1.4189663,1.1525545,0.2563515
2019-08-03 06:45:00-08:00,2.7193745816000003,1.3404019,2.032609,1.609545,0.30910826
2019-08-03 07:00:00-08:00,3.6540336580666666,3.462429,3.2240102,2.2193553,0.37451977
2019-08-03 07:15:00-08:00,5.231736693466666,4.6411686,4.195822,3.1435947,0.42568785
2019-08-03 07:30:00-08:00,6.3960275864666665,4.315692,5.169367,4.215116,0.48298743
2019-08-03 07:45:00-08:00,7.916414630933333,6.2823763,6.5702887,5.549265,0.5392776
2019-08-03 08:00:00-08:00,9.4403995114,7.3738527,8.139109,6.9869947,0.57537377
2019-08-03 08:15:00-08:00,10.948883852,9.651134,9.734006,8.443506,0.62121487
2019-08-03 08:30:00-08:00,12.345818928,10.706623,11.361582,10.095302,0.6486398
2019-08-03 08:45:00-08:00,13.589314554000005,11.319257,12.720185,11.756878,0.679225
2019-08-03 09:00:00-08:00,14.788507927333331,13.490406,14.082577,13.2427845,0.706669
2019-08-03 09:15:00-08:00,15.905635750666669,15.011639,15.284576,14.685896,0.71167684
2019-08-03 09:30:00-08:00,16.880436193333335,15.293303,16.33651,15.8353815,0.73518217
2019-08-03 09:45:00-08:00,17.821047216666667,14.736404,17.601997,17.085281,0.7579956
2019-08-03 10:00:00-08:00,18.624978422,18.566015,18.268158,18.064674,0.78167385
2019-08-03 10:15:00-08:00,19.41738737733333,19.037792,19.423302,18.732922,0.7815933
2019-08-03 10:30:00-08:00,20.12713441,21.725399,20.447311,19.384418,0.7765204
2019-08-03 10:45:00-08:00,20.75548609333333,19.207577,20.83379,19.828465,0.763548
2019-08-03 11:00:00-08:00,21.340930686666667,20.26927,21.708523,20.293732,0.78236187
2019-08-03 11:15:00-08:00,21.789653524,23.445988,22.185684,20.703026,0.78718054
2019-08-03 11:30:00-08:00,22.17365502466667,22.515491,22.717653,20.968851,0.79805946
2019-08-03 11:45:00-08:00,22.40975100933333,23.663479,22.840187,21.265324,0.7811171
2019-08-03 12:00:00-08:00,22.593322842666662,24.552046,23.112768,21.563847,0.7663728
2019-08-03 12:15:00-08:00,22.689074858666668,24.350183,23.520256,21.613651,0.7787851
2019-08-03 12:30:00-08:00,22.725499087333333,23.250809,23.615845,21.714607,0.77415365
2019-08-03 12:45:00-08:00,22.61839168333333,23.209742,23.534409,21.93198,0.7846733
2019-08-03 13:00:00-08:00,22.552677909333337,22.617172,23.036604,21.707455,0.79877615
2019-08-03 13:15:00-08:00,22.288343704,22.628447,22.930567,21.559093,0.80865866
2019-08-03 13:30:00-08:00,21.866477008,23.48452,22.514885,21.44877,0.812209
2019-08-03 13:45:00-08:00,21.60935387533333,21.655544,22.020565,21.309013,0.82010806
2019-08-03 14:00:00-08:00,21.12013564,19.77714,21.533506,20.984224,0.83024013
2019-08-03 14:15:00-08:00,20.530607018,21.585096,20.919237,20.56544,0.82743984
2019-08-03 14:30:00-08:00,19.809349654666665,21.947878,20.491749,20.086466,0.84990746
2019-08-03 14:45:00-08:00,19.044221632666662,19.277216,19.825583,19.485336,0.84409636
2019-08-03 15:00:00-08:00,18.395926299333336,17.953722,19.259956,18.522587,0.84319353
2019-08-03 15:15:00-08:00,17.415686292666667,17.897636,18.300013,17.725155,0.83329606
2019-08-03 15:30:00-08:00,16.500599769333334,18.649826,17.213823,16.695929,0.83113915
2019-08-03 15:45:00-08:00,15.494822224666663,15.7298565,15.872895,15.676716,0.8302887
2019-08-03 16:00:00-08:00,14.312070594666666,14.02,14.344204,14.573407,0.8244569
2019-08-03 16:15:00-08:00,12.815503388466665,12.369932,12.513262,13.283117,0.83383155
2019-08-03 16:30:00-08:00,11.6089218258,11.383413,10.768626,11.887201,0.82006913
2019-08-03 16:45:00-08:00,10.4358901992,9.000053,9.200812,10.626206,0.81858695
2019-08-03 17:00:00-08:00,8.789912370133335,8.521608,7.538759,9.200343,0.7959484
2019-08-03 17:15:00-08:00,7.180257228466666,6.885638,5.6532,7.7222586,0.7531253
2019-08-03 17:30:00-08:00,5.560377431666667,4.9392624,4.018145,6.360873,0.71958655
2019-08-03 17:45:00-08:00,4.092518608,3.793933,2.5907772,5.0439787,0.6346619
2019-08-03 18:00:00-08:00,2.659608760733333,2.8716414,1.4519203,3.8941154,0.5374063
2019-08-03 18:15:00-08:00,1.4294755579333334,1.3258708,0.7653707,2.7741132,0.42795992
2019-08-03 18:30:00-08:00,0.5157156062666667,0.2690131,0.08049634,1.8854926,0.33211005
2019-08-03 18:45:00-08:00,0.0501035583333333,0.014502864,0.0,1.1718326,0.23249665
2019-08-03 19:00:00-08:00,0.0,0.0,0.0,0.70480096,0.14196548
2019-08-03 19:15:00-08:00,0.0,0.0,0.0,0.46649235,0.075745925
2019-08-03 19:30:00-08:00,0.0,0.0,0.0,0.0,0.0
2019-08-03 19:45:00-08:00,0.0,0.0,0.0,0.0,0.0
2019-08-03 20:00:00-08:00,0.0,0.0,0.0,0.0,0.0
2019-08-03 20:15:00-08:00,0.0,0.0,0.0,0.0,0.0
2019-08-03 20:30:00-08:00,0.0,0.0,0.0,0.0,0.0
2019-08-03 20:45:00-08:00,0.0,0.0,0.0,0.0,0.0
2019-08-03 21:00:00-08:00,0.0,0.0,0.0,0.0,0.0
2019-08-03 21:15:00-08:00,0.0,0.0,0.0,0.0,0.0
2019-08-03 21:30:00-08:00,0.0,0.0,0.0,0.0,0.0
2019-08-03 21:45:00-08:00,0.0,0.0,0.0,0.0,0.0
2019-08-03 22:00:00-08:00,0.0,0.0,0.0,0.0,0.0
2019-08-03 22:15:00-08:00,0.0,0.0,0.0,0.0,0.0
2019-08-03 22:30:00-08:00,0.0,0.0,0.0,0.0,0.0
2019-08-03 22:45:00-08:00,0.0,0.0,0.0,0.0,0.0
2019-08-03 23:00:00-08:00,0.0,0.0,0.0,0.0,0.0
2019-08-03 23:15:00-08:00,0.0,0.0,0.0,0.0,0.0
2019-08-03 23:30:00-08:00,0.0,0.0,0.0,0.0,0.0
2019-08-03 23:45:00-08:00,0.0,0.0,0.0,0.0,0.0
2019-08-04 00:00:00-08:00,0.0,0.0,0.0,0.0,0.0
2019-08-04 00:15:00-08:00,0.0,0.0,0.0,0.0,0.0
2019-08-04 00:30:00-08:00,0.0,0.0,0.0,0.0,0.0
2019-08-04 00:45:00-08:00,0.0,0.0,0.0,0.0,0.0
2019-08-04 01:00:00-08:00,0.0,0.0,0.0,0.0,0.0
2019-08-04 01:15:00-08:00,0.0,0.0,0.0,0.0,0.0
2019-08-04 01:30:00-08:00,0.0,0.0,0.0,0.0,0.0
2019-08-04 01:45:00-08:00,0.0,0.0,0.0,0.0,0.0
2019-08-04 02:00:00-08:00,0.0,0.0,0.0,0.0,0.0
2019-08-04 02:15:00-08:00,0.0,0.0,0.0,0.0,0.0
2019-08-04 02:30:00-08:00,0.0,0.0,0.0,0.0,0.0
2019-08-04 02:45:00-08:00,0.0,0.0,0.0,0.0,0.0
2019-08-04 03:00:00-08:00,0.0,0.0,0.0,0.0,0.0
2019-08-04 03:15:00-08:00,0.0,0.0,0.0,0.0,0.0
2019-08-04 03:30:00-08:00,0.0,0.0,0.0,0.0,0.0
2019-08-04 03:45:00-08:00,0.0,0.0,0.0,0.0,0.0
2019-08-04 04:00:00-08:00,0.0,0.0,0.0,0.0,0.0
2019-08-04 04:15:00-08:00,0.0,0.0,0.0,0.0,0.0
2019-08-04 04:30:00-08:00,0.0,0.0,0.0,0.0,0.0
2019-08-04 04:45:00-08:00,0.0,0.0,0.0,0.0,0.0
2019-08-04 05:00:00-08:00,0.0,0.0,0.0,0.0,0.0
2019-08-04 05:15:00-08:00,0.0,0.0,0.0,0.46065536,0.031035125
2019-08-04 05:30:00-08:00,0.0,0.0,0.119636804,0.4292006,0.0460189
2019-08-04 05:45:00-08:00,0.0933971967333333,0.0,0.35094318,0.5092963,0.0704766
2019-08-04 06:00:00-08:00,0.5642385413333333,0.21988799,0.675355,0.5896926,0.10962464
2019-08-04 06:15:00-08:00,1.0621640728666666,0.73741174,0.8591615,0.7435872,0.14159551
2019-08-04 06:30:00-08:00,1.4817386710666665,1.3110412,1.3970814,1.0394864,0.23344222
2019-08-04 06:45:00-08:00,2.0651685751333333,1.2130499,2.000926,1.4716767,0.28834328
2019-08-04 07:00:00-08:00,2.8946606196,3.2264085,3.1663418,2.0431075,0.35738418
2019-08-04 07:15:00-08:00,3.3329605808666667,4.7836514,4.1667747,2.9281456,0.4094273
2019-08-04 07:30:00-08:00,3.967945415800001,4.1976147,5.116895,3.9638078,0.4689536
2019-08-04 07:45:00-08:00,4.921390596266667,4.8883247,6.513917,5.288772,0.5281193
2019-08-04 08:00:00-08:00,4.1200626768,6.4097643,8.020658,6.7074633,0.5666858
2019-08-04 08:15:00-08:00,10.661297836666668,8.759678,9.626986,8.1746855,0.61502045
2019-08-04 08:30:00-08:00,12.306365960666668,9.769085,11.202845,9.836326,0.6442539
2019-08-04 08:45:00-08:00,13.51945277733333,12.010622,12.551053,11.532663,0.6779166
2019-08-04 09:00:00-08:00,14.737305633333332,11.753165,13.968272,13.055766,0.70686555
2019-08-04 09:15:00-08:00,15.80017369933333,13.720032,15.237326,14.530611,0.7112091
2019-08-04 09:30:00-08:00,16.806176995333335,15.373842,16.3661,15.716253,0.73639786
2019-08-04 09:45:00-08:00,17.696027902666668,16.797897,17.695372,17.014809,0.7618406
2019-08-04 10:00:00-08:00,18.459439056,18.434002,18.482534,18.02804,0.7861349
2019-08-04 10:15:00-08:00,19.171077472666667,18.866474,19.657478,18.71513,0.7872886
2019-08-04 10:30:00-08:00,20.074500562666667,18.896284,20.68507,19.400085,0.78265333
2019-08-04 10:45:00-08:00,20.63674974666667,20.782394,21.03588,19.862167,0.7682183
2019-08-04 11:00:00-08:00,21.031680235333337,20.417786,21.792265,20.356487,0.78893656
2019-08-04 11:15:00-08:00,21.53809338133333,22.735071,22.106522,20.784504,0.7953601
2019-08-04 11:30:00-08:00,21.87218292066667,23.74548,22.620113,21.077652,0.805794
2019-08-04 11:45:00-08:00,22.077910804,22.3788,22.687973,21.405622,0.790131
2019-08-04 12:00:00-08:00,22.263028586666668,22.887543,22.96291,21.7219,0.7741586
2019-08-04 12:15:00-08:00,22.37915491733333,22.63956,23.401478,21.789883,0.78981525
2019-08-04 12:30:00-08:00,22.508128096000004,22.637564,23.543661,21.909605,0.78831625
2019-08-04 12:45:00-08:00,22.355225634666667,23.411678,23.480938,22.142122,0.80158406
2019-08-04 13:00:00-08:00,22.17394393933333,23.906883,23.07166,21.925194,0.81757164
2019-08-04 13:15:00-08:00,21.94134757,23.359669,23.024624,21.775593,0.82929647
2019-08-04 13:30:00-08:00,21.62307716733333,22.962425,22.649702,21.674969,0.83786976
2019-08-04 13:45:00-08:00,21.36816012,22.354172,22.15803,21.541767,0.8477404
2019-08-04 14:00:00-08:00,20.938039506666662,21.233994,21.600925,21.234497,0.86030906
2019-08-04 14:15:00-08:00,20.370506106,22.077671,20.958559,20.828037,0.86140555
2019-08-04 14:30:00-08:00,19.774503904666663,17.937748,20.477291,20.344994,0.8867718
2019-08-04 14:45:00-08:00,19.017125324,20.50488,19.765907,19.751842,0.8832668
2019-08-04 15:00:00-08:00,18.19340451933333,18.988785,19.112938,18.790817,0.8835671
2019-08-04 15:15:00-08:00,17.335772468,18.723927,18.207516,18.002815,0.8765561
2019-08-04 15:30:00-08:00,16.278995876,17.26357,17.21207,16.974518,0.87681484
2019-08-04 15:45:00-08:00,15.208955353333332,15.668465,15.982416,15.950562,0.8765892
2019-08-04 16:00:00-08:00,14.128567770666669,14.9259205,14.629021,14.856224,0.8696596
2019-08-04 16:15:00-08:00,12.825470413333331,13.559319,12.9858,13.554678,0.87882197
2019-08-04 16:30:00-08:00,11.504485901333334,11.577288,11.365702,12.15994,0.86504257
2019-08-04 16:45:00-08:00,10.067906901866666,9.785923,9.839997,10.898287,0.86605036
2019-08-04 17:00:00-08:00,8.560458169199999,9.614151,8.224139,9.468567,0.8490177
2019-08-04 17:15:00-08:00,7.074149425866668,7.4103374,6.303317,7.9750805,0.8116116
2019-08-04 17:30:00-08:00,5.5468788182,5.538033,4.557531,6.5797396,0.7865716
2019-08-04 17:45:00-08:00,3.982435792066666,4.332517,3.036934,5.2319484,0.7086023
2019-08-04 18:00:00-08:00,2.596518601733333,2.7193027,1.7699379,4.0504923,0.61465394
2019-08-04 18:15:00-08:00,1.3909722846666668,1.1344268,0.89895105,2.8934765,0.5012976
2019-08-04 18:30:00-08:00,0.5010516808666666,0.5782572,0.12522942,1.9693301,0.39887944
2019-08-04 18:45:00-08:00,0.0276834139333333,0.06771376,0.0,1.2265482,0.2881864
2019-08-04 19:00:00-08:00,0.0,0.0,0.0,0.7392621,0.18484107
2019-08-04 19:15:00-08:00,0.0,0.0,0.0,0.4895596,0.10921222
2019-08-04 19:30:00-08:00,0.0,0.0,0.0,0.0,0.0
2019-08-04 19:45:00-08:00,0.0,0.0,0.0,0.0,0.0
2019-08-04 20:00:00-08:00,0.0,0.0,0.0,0.0,0.0
2019-08-04 20:15:00-08:00,0.0,0.0,0.0,0.0,0.0
2019-08-04 20:30:00-08:00,0.0,0.0,0.0,0.0,0.0
2019-08-04 20:45:00-08:00,0.0,0.0,0.0,0.0,0.0
2019-08-04 21:00:00-08:00,0.0,0.0,0.0,0.0,0.0
2019-08-04 21:15:00-08:00,0.0,0.0,0.0,0.0,0.0
2019-08-04 21:30:00-08:00,0.0,0.0,0.0,0.0,0.0
2019-08-04 21:45:00-08:00,0.0,0.0,0.0,0.0,0.0
2019-08-04 22:00:00-08:00,0.0,0.0,0.0,0.0,0.0
2019-08-04 22:15:00-08:00,0.0,0.0,0.0,0.0,0.0
2019-08-04 22:30:00-08:00,0.0,0.0,0.0,0.0,0.0
2019-08-04 22:45:00-08:00,0.0,0.0,0.0,0.0,0.0
2019-08-04 23:00:00-08:00,0.0,0.0,0.0,0.0,0.0
2019-08-04 23:15:00-08:00,0.0,0.0,0.0,0.0,0.0
2019-08-04 23:30:00-08:00,0.0,0.0,0.0,0.0,0.0
2019-08-04 23:45:00-08:00,0.0,0.0,0.0,0.0,0.0
2019-08-05 00:00:00-08:00,0.0,0.0,0.0,0.0,0.0
2019-08-05 00:15:00-08:00,0.0,0.0,0.0,0.0,0.0
2019-08-05 00:30:00-08:00,0.0,0.0,0.0,0.0,0.0
2019-08-05 00:45:00-08:00,0.0,0.0,0.0,0.0,0.0
2019-08-05 01:00:00-08:00,0.0,0.0,0.0,0.0,0.0
2019-08-05 01:15:00-08:00,0.0,0.0,0.0,0.0,0.0
2019-08-05 01:30:00-08:00,0.0,0.0,0.0,0.0,0.0
2019-08-05 01:45:00-08:00,0.0,0.0,0.0,0.0,0.0
2019-08-05 02:00:00-08:00,0.0,0.0,0.0,0.0,0.0
2019-08-05 02:15:00-08:00,0.0,0.0,0.0,0.0,0.0
2019-08-05 02:30:00-08:00,0.0,0.0,0.0,0.0,0.0
2019-08-05 02:45:00-08:00,0.0,0.0,0.0,0.0,0.0
2019-08-05 03:00:00-08:00,0.0,0.0,0.0,0.0,0.0
2019-08-05 03:15:00-08:00,0.0,0.0,0.0,0.0,0.0
2019-08-05 03:30:00-08:00,0.0,0.0,0.0,0.0,0.0
2019-08-05 03:45:00-08:00,0.0,0.0,0.0,0.0,0.0
2019-08-05 04:00:00-08:00,0.0,0.0,0.0,0.0,0.0
2019-08-05 04:15:00-08:00,0.0,0.0,0.0,0.0,0.0
2019-08-05 04:30:00-08:00,0.0,0.0,0.0,0.0,0.0
2019-08-05 04:45:00-08:00,0.0,0.0,0.0,0.0,0.0
2019-08-05 05:00:00-08:00,0.0,0.0,0.0,0.0,0.0
2019-08-05 05:15:00-08:00,0.0,0.032025367,0.18997402,1.0137856,0.06824306
2019-08-05 05:30:00-08:00,0.0,0.11107156,0.26330692,1.0937293,0.09297465
2019-08-05 05:45:00-08:00,0.2414758193999999,0.0,0.4073316,1.1621321,0.11858685
2019-08-05 06:00:00-08:00,0.5454533112000001,0.41588378,0.6829085,1.2453287,0.1574642
2019-08-05 06:15:00-08:00,1.7000424973999997,1.2990329,0.7544364,1.416646,0.18845418
2019-08-05 06:30:00-08:00,2.4174997898000004,1.2190938,1.0437346,1.6510954,0.25945866
2019-08-05 06:45:00-08:00,2.002132484266667,1.9749403,1.2928219,1.9543251,0.30974814
2019-08-05 07:00:00-08:00,3.325890727466667,3.7984993,1.9922858,2.4267652,0.36329636
2019-08-05 07:15:00-08:00,4.5595046902,4.345048,2.4744139,3.1176925,0.3999643
2019-08-05 07:30:00-08:00,5.022419283066667,4.9630904,2.9585166,3.9189353,0.43822798
2019-08-05 07:45:00-08:00,3.69659526,5.3774395,3.7927465,4.8605294,0.4768343
2019-08-05 08:00:00-08:00,8.250091223533333,8.1389065,4.7553883,5.984071,0.49867308
2019-08-05 08:15:00-08:00,10.1860571814,7.414424,5.8836703,7.1424685,0.52181596
2019-08-05 08:30:00-08:00,12.621393283333331,9.699721,7.035138,8.321033,0.53471065
2019-08-05 08:45:00-08:00,13.839801159333332,11.345268,8.015915,9.647932,0.5492384
2019-08-05 09:00:00-08:00,15.232946566666666,12.939262,9.142923,10.813967,0.56173515
2019-08-05 09:15:00-08:00,16.47979668266667,12.572449,10.190581,11.945274,0.5623325
2019-08-05 09:30:00-08:00,17.653197744,15.010225,11.182058,12.915649,0.56771344
2019-08-05 09:45:00-08:00,17.517095344,8.909262,12.213146,13.920505,0.5746095
2019-08-05 10:00:00-08:00,19.014962914666665,14.1561775,12.717447,14.764648,0.58354574
2019-08-05 10:15:00-08:00,17.91329078,16.922554,13.584858,15.398704,0.5753811
2019-08-05 10:30:00-08:00,19.357572020666662,18.024307,14.371765,16.004553,0.5636418
2019-08-05 10:45:00-08:00,19.73894937333333,18.46841,14.615574,16.423603,0.5555478
2019-08-05 11:00:00-08:00,22.052306536000003,18.9224,15.128723,16.809772,0.5626696
2019-08-05 11:15:00-08:00,21.14677389666667,20.061195,15.341785,17.1595,0.55885863
2019-08-05 11:30:00-08:00,19.863671838,21.23468,15.633125,17.411037,0.56938934
2019-08-05 11:45:00-08:00,22.676152579333333,20.038757,15.583892,17.650564,0.55469847
2019-08-05 12:00:00-08:00,22.00071877333333,17.15794,15.607398,17.889143,0.5409852
2019-08-05 12:15:00-08:00,22.34506542733333,14.60704,15.791227,18.046045,0.5445379
2019-08-05 12:30:00-08:00,21.420994192666665,18.26949,15.694017,18.231222,0.534626
2019-08-05 12:45:00-08:00,21.552523172666668,18.775167,15.592123,18.411928,0.5365849
2019-08-05 13:00:00-08:00,22.30880133133333,19.184483,15.174439,18.34247,0.537899
2019-08-05 13:15:00-08:00,21.307395346,16.273346,15.100345,18.231716,0.54187745
2019-08-05 13:30:00-08:00,21.013734303333333,16.372757,14.827024,18.11092,0.5389899
2019-08-05 13:45:00-08:00,16.777120419333333,14.217167,14.471067,17.944447,0.5407507
2019-08-05 14:00:00-08:00,17.146930458666667,15.239957,14.243915,17.500967,0.5437765
2019-08-05 14:15:00-08:00,19.64138455533333,9.017667,13.889038,16.894188,0.53970027
2019-08-05 14:30:00-08:00,14.152715117333337,10.558453,13.472603,16.329098,0.55366313
2019-08-05 14:45:00-08:00,19.15799395266667,8.800343,12.93548,15.604681,0.5572841
2019-08-05 15:00:00-08:00,9.972142141666668,11.871053,12.478518,14.5593195,0.5597401
2019-08-05 15:15:00-08:00,14.236251951999998,10.259609,11.816522,13.549541,0.5557823
2019-08-05 15:30:00-08:00,14.52032722,10.870913,11.109471,12.517831,0.5513083
2019-08-05 15:45:00-08:00,16.06347364466667,11.95394,10.249033,11.429749,0.55159366
2019-08-05 16:00:00-08:00,17.397824468,8.876778,9.328037,10.380302,0.55080044
2019-08-05 16:15:00-08:00,14.230290174666669,10.631442,8.250423,9.23044,0.56287897
2019-08-05 16:30:00-08:00,5.5872900478666665,7.687195,7.230053,8.0669365,0.55850744
2019-08-05 16:45:00-08:00,5.324449465800001,7.1314845,6.3355036,7.0498395,0.56490314
2019-08-05 17:00:00-08:00,5.743325635266667,5.69313,5.3929553,6.0052214,0.556732
2019-08-05 17:15:00-08:00,4.5478803826666665,4.742185,4.1684484,4.978048,0.5191307
2019-08-05 17:30:00-08:00,5.850204380266667,3.1757035,3.0683556,4.1342106,0.49376976
2019-08-05 17:45:00-08:00,4.789598489466667,2.8992853,2.1324997,3.4203336,0.43236396
2019-08-05 18:00:00-08:00,4.2859102252,1.4721764,1.364679,2.8157556,0.35289943
2019-08-05 18:15:00-08:00,2.226810147733333,2.3812683,0.8529452,2.2247396,0.26805425
2019-08-05 18:30:00-08:00,0.5183849018666666,0.2352337,0.3904736,1.8214066,0.19628912
2019-08-05 18:45:00-08:00,0.0324185430666666,0.0,0.26987135,1.510775,0.13146001
2019-08-05 19:00:00-08:00,0.0,0.66524297,0.20727034,1.4175892,0.07205416
2019-08-05 19:15:00-08:00,0.0,0.0,0.17609207,1.2956834,0.036035333
2019-08-05 19:30:00-08:00,0.0,0.0,0.0,0.0,0.0
2019-08-05 19:45:00-08:00,0.0,0.0,0.0,0.0,0.0
2019-08-05 20:00:00-08:00,0.0,0.0,0.0,0.0,0.0
2019-08-05 20:15:00-08:00,0.0,0.0,0.0,0.0,0.0
2019-08-05 20:30:00-08:00,0.0,0.0,0.0,0.0,0.0
2019-08-05 20:45:00-08:00,0.0,0.0,0.0,0.0,0.0
2019-08-05 21:00:00-08:00,0.0,0.0,0.0,0.0,0.0
2019-08-05 21:15:00-08:00,0.0,0.0,0.0,0.0,0.0
2019-08-05 21:30:00-08:00,0.0,0.0,0.0,0.0,0.0
2019-08-05 21:45:00-08:00,0.0,0.0,0.0,0.0,0.0
2019-08-05 22:00:00-08:00,0.0,0.0,0.0,0.0,0.0
2019-08-05 22:15:00-08:00,0.0,0.0,0.0,0.0,0.0
2019-08-05 22:30:00-08:00,0.0,0.0,0.0,0.0,0.0
2019-08-05 22:45:00-08:00,0.0,0.0,0.0,0.0,0.0
2019-08-05 23:00:00-08:00,0.0,0.0,0.0,0.0,0.0
2019-08-05 23:15:00-08:00,0.0,0.0,0.0,0.0,0.0
2019-08-05 23:30:00-08:00,0.0,0.0,0.0,0.0,0.0
2019-08-05 23:45:00-08:00,0.0,0.0,0.0,0.0,0.0
2019-08-06 00:00:00-08:00,0.0,0.0,0.0,0.0,0.0
2019-08-06 00:15:00-08:00,0.0,0.0,0.0,0.0,0.0
2019-08-06 00:30:00-08:00,0.0,0.0,0.0,0.0,0.0
2019-08-06 00:45:00-08:00,0.0,0.0,0.0,0.0,0.0
2019-08-06 01:00:00-08:00,0.0,0.0,0.0,0.0,0.0
2019-08-06 01:15:00-08:00,0.0,0.0,0.0,0.0,0.0
2019-08-06 01:30:00-08:00,0.0,0.0,0.0,0.0,0.0
2019-08-06 01:45:00-08:00,0.0,0.0,0.0,0.0,0.0
2019-08-06 02:00:00-08:00,0.0,0.0,0.0,0.0,0.0
2019-08-06 02:15:00-08:00,0.0,0.0,0.0,0.0,0.0
2019-08-06 02:30:00-08:00,0.0,0.0,0.0,0.0,0.0
2019-08-06 02:45:00-08:00,0.0,0.0,0.0,0.0,0.0
2019-08-06 03:00:00-08:00,0.0,0.0,0.0,0.0,0.0
2019-08-06 03:15:00-08:00,0.0,0.0,0.0,0.0,0.0
2019-08-06 03:30:00-08:00,0.0,0.0,0.0,0.0,0.0
2019-08-06 03:45:00-08:00,0.0,0.0,0.0,0.0,0.0
2019-08-06 04:00:00-08:00,0.0,0.0,0.0,0.0,0.0
2019-08-06 04:15:00-08:00,0.0,0.0,0.0,0.0,0.0
2019-08-06 04:30:00-08:00,0.0,0.0,0.0,0.0,0.0
2019-08-06 04:45:00-08:00,0.0,0.0,0.0,0.0,0.0
2019-08-06 05:00:00-08:00,0.0,0.0,0.0,0.0,0.0
2019-08-06 05:15:00-08:00,0.0,0.0,0.085855514,0.56283635,0.04815961
2019-08-06 05:30:00-08:00,0.0,0.16084509,0.17820391,0.58703554,0.07262732
2019-08-06 05:45:00-08:00,0.0,0.26229382,0.49222124,0.7082708,0.103154205
2019-08-06 06:00:00-08:00,0.0642494896666666,0.1523548,0.7481899,0.83879185,0.14976206
2019-08-06 06:15:00-08:00,0.5611894152666667,0.61298186,0.9212871,1.1025345,0.18713072
2019-08-06 06:30:00-08:00,1.3634412021333333,1.1268551,1.4341471,1.4843552,0.28438133
2019-08-06 06:45:00-08:00,2.214436983866667,1.8249776,1.9494526,1.9715266,0.34598735
2019-08-06 07:00:00-08:00,3.080415375133333,3.0335908,3.0408149,2.6370645,0.41942203
2019-08-06 07:15:00-08:00,3.576597156133333,4.108862,3.9231133,3.6065545,0.47169882
2019-08-06 07:30:00-08:00,5.2818782866,5.8503294,4.7762566,4.725851,0.53154
2019-08-06 07:45:00-08:00,9.214711481133332,7.375716,6.0306015,6.0535784,0.588637
2019-08-06 08:00:00-08:00,9.240605450333334,9.461959,7.486812,7.5130672,0.6280016
2019-08-06 08:15:00-08:00,10.669772279333335,10.707922,8.974135,8.953599,0.6711001
2019-08-06 08:30:00-08:00,12.094065795333334,12.037571,10.457796,10.576297,0.6993446
2019-08-06 08:45:00-08:00,13.379912321333334,13.18148,11.798477,12.204606,0.7279431
2019-08-06 09:00:00-08:00,14.59859355133333,13.987186,13.173199,13.635593,0.751065
2019-08-06 09:15:00-08:00,15.687560438666667,15.176975,14.414043,15.019331,0.7534218
2019-08-06 09:30:00-08:00,16.709118701333335,16.612587,15.408398,16.138197,0.76935923
2019-08-06 09:45:00-08:00,17.671002031333334,16.636513,16.592445,17.30662,0.7857919
2019-08-06 10:00:00-08:00,18.498571065333334,18.568663,17.334677,18.240702,0.80168223
2019-08-06 10:15:00-08:00,19.32564722333333,18.123486,18.488602,18.884949,0.79631615
2019-08-06 10:30:00-08:00,19.96498946,19.632282,19.51399,19.487076,0.78619003
2019-08-06 10:45:00-08:00,20.498416525333337,20.40339,19.92694,19.902727,0.7715237
2019-08-06 11:00:00-08:00,20.884561304666665,20.93975,20.715115,20.31926,0.7886169
2019-08-06 11:15:00-08:00,21.26227193733333,22.202656,21.202679,20.674719,0.7887892
2019-08-06 11:30:00-08:00,21.560367474666663,22.085558,21.789696,20.894321,0.79699606
2019-08-06 11:45:00-08:00,21.76115352733333,22.097765,21.974781,21.138596,0.77724
2019-08-06 12:00:00-08:00,21.96517392866667,22.41325,22.361214,21.4019,0.7579136
2019-08-06 12:15:00-08:00,22.11662736466667,22.58017,22.818815,21.42678,0.76966643
2019-08-06 12:30:00-08:00,22.31616616533333,21.883928,22.95008,21.52293,0.7651844
2019-08-06 12:45:00-08:00,22.321723174,22.641163,22.802658,21.719889,0.7766632
2019-08-06 13:00:00-08:00,22.148043810666667,23.279617,22.338087,21.520512,0.78926456
2019-08-06 13:15:00-08:00,22.022513248666662,22.904432,22.160099,21.374762,0.799263
2019-08-06 13:30:00-08:00,21.66101049466667,22.317425,21.696547,21.277626,0.80684423
2019-08-06 13:45:00-08:00,21.186913818666667,21.969414,21.14714,21.143398,0.81316155
2019-08-06 14:00:00-08:00,20.786226139333333,21.323908,20.53732,20.798254,0.82209945
2019-08-06 14:15:00-08:00,20.316193526000003,20.510624,19.943262,20.369541,0.82059413
2019-08-06 14:30:00-08:00,19.985474128,19.36309,19.432417,19.88469,0.84102404
2019-08-06 14:45:00-08:00,19.296812907333333,18.505629,18.772766,19.270138,0.83833534
2019-08-06 15:00:00-08:00,18.114027554666663,17.939407,18.097506,18.305405,0.83784187
2019-08-06 15:15:00-08:00,17.26785483,17.677944,17.23898,17.475294,0.82885945
2019-08-06 15:30:00-08:00,17.10156155733333,16.46221,16.33017,16.443756,0.8291933
2019-08-06 15:45:00-08:00,16.175596478,15.2608595,15.206184,15.406027,0.83247954
2019-08-06 16:00:00-08:00,13.920941433466666,14.625252,13.950403,14.278127,0.83158624
2019-08-06 16:15:00-08:00,12.683995571266662,12.651687,12.469748,12.984137,0.8432919
2019-08-06 16:30:00-08:00,11.462879354533332,11.708125,11.043748,11.579346,0.83310795
2019-08-06 16:45:00-08:00,10.724701314733332,10.4147005,9.747188,10.292126,0.8321992
2019-08-06 17:00:00-08:00,9.172251197533331,9.181204,8.2746315,8.850834,0.8101481
2019-08-06 17:15:00-08:00,7.585623859666665,6.7687397,6.554279,7.3683605,0.75913185
2019-08-06 17:30:00-08:00,5.4877754306,5.619468,4.894079,6.0203342,0.7204586
2019-08-06 17:45:00-08:00,4.3104633986,4.4290013,3.4127707,4.7095346,0.62743896
2019-08-06 18:00:00-08:00,2.4619073541333334,2.4705472,2.1229963,3.582696,0.52221227
2019-08-06 18:15:00-08:00,1.2349339112,1.1550181,1.2086854,2.4955404,0.40825447
2019-08-06 18:30:00-08:00,0.4190043319333333,0.57463676,0.39245576,1.650729,0.31246856
2019-08-06 18:45:00-08:00,0.012487737266666599,0.017526245,0.058724027,0.97374916,0.21261133
2019-08-06 19:00:00-08:00,0.0,0.03761689,0.0,0.55299246,0.12550594
2019-08-06 19:15:00-08:00,0.0,0.0,0.0,0.33994716,0.06665515
2019-08-06 19:30:00-08:00,0.0,0.0,0.0,0.0,0.0
2019-08-06 19:45:00-08:00,0.0,0.0,0.0,0.0,0.0
2019-08-06 20:00:00-08:00,0.0,0.0,0.0,0.0,0.0
2019-08-06 20:15:00-08:00,0.0,0.0,0.0,0.0,0.0
2019-08-06 20:30:00-08:00,0.0,0.0,0.0,0.0,0.0
2019-08-06 20:45:00-08:00,0.0,0.0,0.0,0.0,0.0
2019-08-06 21:00:00-08:00,0.0,0.0,0.0,0.0,0.0
2019-08-06 21:15:00-08:00,0.0,0.0,0.0,0.0,0.0
2019-08-06 21:30:00-08:00,0.0,0.0,0.0,0.0,0.0
2019-08-06 21:45:00-08:00,0.0,0.0,0.0,0.0,0.0
2019-08-06 22:00:00-08:00,0.0,0.0,0.0,0.0,0.0
2019-08-06 22:15:00-08:00,0.0,0.0,0.0,0.0,0.0
2019-08-06 22:30:00-08:00,0.0,0.0,0.0,0.0,0.0
2019-08-06 22:45:00-08:00,0.0,0.0,0.0,0.0,0.0
2019-08-06 23:00:00-08:00,0.0,0.0,0.0,0.0,0.0
2019-08-06 23:15:00-08:00,0.0,0.0,0.0,0.0,0.0
2019-08-06 23:30:00-08:00,0.0,0.0,0.0,0.0,0.0
2019-08-06 23:45:00-08:00,0.0,0.0,0.0,0.0,0.0
2019-08-07 00:00:00-08:00,0.0,0.0,0.0,0.0,0.0
2019-08-07 00:15:00-08:00,0.0,0.0,0.0,0.0,0.0
2019-08-07 00:30:00-08:00,0.0,0.0,0.0,0.0,0.0
2019-08-07 00:45:00-08:00,0.0,0.0,0.0,0.0,0.0
2019-08-07 01:00:00-08:00,0.0,0.0,0.0,0.0,0.0
2019-08-07 01:15:00-08:00,0.0,0.0,0.0,0.0,0.0
2019-08-07 01:30:00-08:00,0.0,0.0,0.0,0.0,0.0
2019-08-07 01:45:00-08:00,0.0,0.0,0.0,0.0,0.0
2019-08-07 02:00:00-08:00,0.0,0.0,0.0,0.0,0.0
2019-08-07 02:15:00-08:00,0.0,0.0,0.0,0.0,0.0
2019-08-07 02:30:00-08:00,0.0,0.0,0.0,0.0,0.0
2019-08-07 02:45:00-08:00,0.0,0.0,0.0,0.0,0.0
2019-08-07 03:00:00-08:00,0.0,0.0,0.0,0.0,0.0
2019-08-07 03:15:00-08:00,0.0,0.0,0.0,0.0,0.0
2019-08-07 03:30:00-08:00,0.0,0.0,0.0,0.0,0.0
2019-08-07 03:45:00-08:00,0.0,0.0,0.0,0.0,0.0
2019-08-07 04:00:00-08:00,0.0,0.0,0.0,0.0,0.0
2019-08-07 04:15:00-08:00,0.0,0.0,0.0,0.0,0.0
2019-08-07 04:30:00-08:00,0.0,0.0,0.0,0.0,0.0
2019-08-07 04:45:00-08:00,0.0,0.0,0.0,0.0,0.0
2019-08-07 05:00:00-08:00,0.0,0.0,0.0,0.0,0.0
2019-08-07 05:15:00-08:00,0.0,0.019872773,0.19715104,0.5144377,0.04795916
2019-08-07 05:30:00-08:00,0.0447527893999999,0.06262454,0.30952522,0.5156144,0.06583739
2019-08-07 05:45:00-08:00,0.3013775709999999,0.11265714,0.45497623,0.57584405,0.0907226
2019-08-07 06:00:00-08:00,0.6900503925333333,0.29256177,0.6781249,0.66541994,0.12870291
2019-08-07 06:15:00-08:00,0.9931741435333331,0.66501725,0.7254215,0.8078869,0.15983675
2019-08-07 06:30:00-08:00,1.7194309449333334,2.1629872,1.1135699,1.1069165,0.24679528
2019-08-07 06:45:00-08:00,3.0294985495333333,2.2029157,1.510613,1.5088325,0.30152357
2019-08-07 07:00:00-08:00,4.4169336316,2.847332,2.4958968,2.0714478,0.369462
2019-08-07 07:15:00-08:00,5.2942124973333335,4.3731,3.2949157,2.9381185,0.4209091
2019-08-07 07:30:00-08:00,6.2304886176,4.7719398,4.1252985,3.9760833,0.47809494
2019-08-07 07:45:00-08:00,7.759807130466666,6.2617683,5.4803734,5.283681,0.53490376
2019-08-07 08:00:00-08:00,9.216114545533332,8.039852,6.932168,6.7099533,0.57176054
2019-08-07 08:15:00-08:00,10.681877174666669,9.168545,8.602122,8.205546,0.61822534
2019-08-07 08:30:00-08:00,12.045488796666664,10.4855385,10.379907,9.847185,0.64859056
2019-08-07 08:45:00-08:00,13.305060625333331,11.682079,11.949026,11.589907,0.68465126
2019-08-07 09:00:00-08:00,14.526549098666663,12.81324,13.588019,13.129751,0.713359
2019-08-07 09:15:00-08:00,15.653827991333335,14.945288,15.147243,14.585196,0.71975744
2019-08-07 09:30:00-08:00,16.636104364666668,15.09399,16.45794,15.812585,0.7430669
2019-08-07 09:45:00-08:00,17.690732702666665,16.73727,18.015205,17.104609,0.76715934
2019-08-07 10:00:00-08:00,18.530122259333336,17.478405,18.91882,18.120052,0.7894448
2019-08-07 10:15:00-08:00,19.260176596,17.530178,20.145166,18.820456,0.7906736
2019-08-07 10:30:00-08:00,20.01154700333333,18.734747,21.268028,19.490715,0.7857928
2019-08-07 10:45:00-08:00,20.731727744,19.862873,21.689947,19.917671,0.7725085
2019-08-07 11:00:00-08:00,21.271413058666667,20.357876,22.410336,20.380905,0.7929774
2019-08-07 11:15:00-08:00,21.620112314666667,22.55398,22.757793,20.776707,0.79658747
2019-08-07 11:30:00-08:00,21.96179405133333,21.851517,23.306988,21.047207,0.8070252
2019-08-07 11:45:00-08:00,22.34011135333333,22.649353,23.406698,21.354977,0.78888535
2019-08-07 12:00:00-08:00,22.523568512666667,21.759022,23.705267,21.659615,0.77083135
2019-08-07 12:15:00-08:00,22.481966947333333,21.46891,24.139202,21.744083,0.7844977
2019-08-07 12:30:00-08:00,22.31049544933333,22.465717,24.331009,21.896881,0.78051376
2019-08-07 12:45:00-08:00,22.362052533333337,23.784077,24.235067,22.130558,0.79288864
2019-08-07 13:00:00-08:00,22.364179944,22.724659,23.844194,21.970844,0.8047895
2019-08-07 13:15:00-08:00,22.21692636133333,22.866734,23.773182,21.809082,0.81309474
2019-08-07 13:30:00-08:00,21.897309422,22.192814,23.417652,21.728367,0.81942534
2019-08-07 13:45:00-08:00,21.333041234,21.78964,22.940252,21.591797,0.82602596
2019-08-07 14:00:00-08:00,20.799214716,21.120516,22.334446,21.26319,0.8348567
2019-08-07 14:15:00-08:00,19.120930384666668,19.405188,21.677141,20.806473,0.83249545
2019-08-07 14:30:00-08:00,19.658806376,19.815948,21.15011,20.267216,0.8533571
2019-08-07 14:45:00-08:00,19.034436906666667,18.704826,20.445776,19.619457,0.84886444
2019-08-07 15:00:00-08:00,18.18145554933333,19.197622,19.763184,18.601421,0.8481449
2019-08-07 15:15:00-08:00,17.298482351333334,18.771767,18.872963,17.693638,0.83845806
2019-08-07 15:30:00-08:00,16.436106332666668,16.536194,17.818855,16.585346,0.83779967
2019-08-07 15:45:00-08:00,15.477724766666668,13.773437,16.568394,15.439829,0.8358917
2019-08-07 16:00:00-08:00,14.325521263333334,14.581745,15.122263,14.25765,0.8300395
2019-08-07 16:15:00-08:00,13.005280251333332,12.278948,13.442791,12.867848,0.8381362
2019-08-07 16:30:00-08:00,11.586471432666665,11.681673,11.795893,11.421478,0.82489896
2019-08-07 16:45:00-08:00,10.053485731866669,10.0951185,10.2406845,10.100932,0.8230585
2019-08-07 17:00:00-08:00,8.575297302800001,9.465465,8.623469,8.6549635,0.804121
2019-08-07 17:15:00-08:00,7.048383438399998,7.1912413,6.708249,7.1681385,0.7618667
2019-08-07 17:30:00-08:00,5.399615062466666,5.61833,5.0016556,5.8077536,0.7353671
2019-08-07 17:45:00-08:00,3.8372128988,4.3282437,3.4855185,4.556086,0.6575042
2019-08-07 18:00:00-08:00,2.3913255412666667,2.6692307,2.2011094,3.4969432,0.56602436
2019-08-07 18:15:00-08:00,1.1613686036666666,1.2323787,1.2701811,2.486991,0.46069735
2019-08-07 18:30:00-08:00,0.3826989508666666,0.94944674,0.47713393,1.7320664,0.3708251
2019-08-07 18:45:00-08:00,0.0113297246,0.28589794,0.14989097,1.1482642,0.27283856
2019-08-07 19:00:00-08:00,0.0,0.115758345,0.0,0.81649387,0.18142724
2019-08-07 19:15:00-08:00,0.0,0.39233038,0.0,0.62764895,0.11270179
2019-08-07 19:30:00-08:00,0.0,0.0,0.0,0.0,0.0
2019-08-07 19:45:00-08:00,0.0,0.0,0.0,0.0,0.0
2019-08-07 20:00:00-08:00,0.0,0.0,0.0,0.0,0.0
2019-08-07 20:15:00-08:00,0.0,0.0,0.0,0.0,0.0
2019-08-07 20:30:00-08:00,0.0,0.0,0.0,0.0,0.0
2019-08-07 20:45:00-08:00,0.0,0.0,0.0,0.0,0.0
2019-08-07 21:00:00-08:00,0.0,0.0,0.0,0.0,0.0
2019-08-07 21:15:00-08:00,0.0,0.0,0.0,0.0,0.0
2019-08-07 21:30:00-08:00,0.0,0.0,0.0,0.0,0.0
2019-08-07 21:45:00-08:00,0.0,0.0,0.0,0.0,0.0
2019-08-07 22:00:00-08:00,0.0,0.0,0.0,0.0,0.0
2019-08-07 22:15:00-08:00,0.0,0.0,0.0,0.0,0.0
2019-08-07 22:30:00-08:00,0.0,0.0,0.0,0.0,0.0
2019-08-07 22:45:00-08:00,0.0,0.0,0.0,0.0,0.0
2019-08-07 23:00:00-08:00,0.0,0.0,0.0,0.0,0.0
2019-08-07 23:15:00-08:00,0.0,0.0,0.0,0.0,0.0
2019-08-07 23:30:00-08:00,0.0,0.0,0.0,0.0,0.0
2019-08-07 23:45:00-08:00,0.0,0.0,0.0,0.0,0.0
2019-08-08 00:00:00-08:00,0.0,0.0,0.0,0.0,0.0
2019-08-08 00:15:00-08:00,0.0,0.0,0.0,0.0,0.0
2019-08-08 00:30:00-08:00,0.0,0.0,0.0,0.0,0.0
2019-08-08 00:45:00-08:00,0.0,0.0,0.0,0.0,0.0
2019-08-08 01:00:00-08:00,0.0,0.0,0.0,0.0,0.0
2019-08-08 01:15:00-08:00,0.0,0.0,0.0,0.0,0.0
2019-08-08 01:30:00-08:00,0.0,0.0,0.0,0.0,0.0
2019-08-08 01:45:00-08:00,0.0,0.0,0.0,0.0,0.0
2019-08-08 02:00:00-08:00,0.0,0.0,0.0,0.0,0.0
2019-08-08 02:15:00-08:00,0.0,0.0,0.0,0.0,0.0
2019-08-08 02:30:00-08:00,0.0,0.0,0.0,0.0,0.0
2019-08-08 02:45:00-08:00,0.0,0.0,0.0,0.0,0.0
2019-08-08 03:00:00-08:00,0.0,0.0,0.0,0.0,0.0
2019-08-08 03:15:00-08:00,0.0,0.0,0.0,0.0,0.0
2019-08-08 03:30:00-08:00,0.0,0.0,0.0,0.0,0.0
2019-08-08 03:45:00-08:00,0.0,0.0,0.0,0.0,0.0
2019-08-08 04:00:00-08:00,0.0,0.0,0.0,0.0,0.0
2019-08-08 04:15:00-08:00,0.0,0.0,0.0,0.0,0.0
2019-08-08 04:30:00-08:00,0.0,0.0,0.0,0.0,0.0
2019-08-08 04:45:00-08:00,0.0,0.0,0.0,0.0,0.0
2019-08-08 05:00:00-08:00,0.0,0.0,0.0,0.0,0.0
2019-08-08 05:15:00-08:00,0.0,0.0,0.0,0.8113775,0.106595434
2019-08-08 05:30:00-08:00,0.0,0.26357764,0.0,0.9007559,0.12932003
2019-08-08 05:45:00-08:00,0.0850241870666666,0.30538118,0.13511644,1.0430014,0.15562394
2019-08-08 06:00:00-08:00,0.2997415445333333,0.60979295,0.40770543,1.2161853,0.19555518
2019-08-08 06:15:00-08:00,0.5094919105333333,1.1570619,0.55803967,1.4582272,0.22714922
2019-08-08 06:30:00-08:00,1.1304788044666665,1.3790843,0.9854166,1.8508329,0.30640453
2019-08-08 06:45:00-08:00,2.1474872415333333,1.7017462,1.4394562,2.2935643,0.35715503
2019-08-08 07:00:00-08:00,3.3528962195999994,3.7542534,2.4490938,2.9532218,0.4173054
2019-08-08 07:15:00-08:00,4.700181134266667,4.6564503,3.254096,3.837312,0.46199495
2019-08-08 07:30:00-08:00,6.228153938133334,5.575894,4.099601,4.869674,0.5079961
2019-08-08 07:45:00-08:00,7.761703569733331,7.468088,5.3963766,6.0974565,0.55413556
2019-08-08 08:00:00-08:00,9.258354478266666,8.568259,6.8595443,7.469947,0.58425283
2019-08-08 08:15:00-08:00,10.694367479333332,10.026732,8.403606,8.8487215,0.62053823
2019-08-08 08:30:00-08:00,12.157697944666664,11.292782,10.052051,10.318355,0.64500386
2019-08-08 08:45:00-08:00,13.55386106,12.682501,11.472212,11.879387,0.67004526
2019-08-08 09:00:00-08:00,14.942188769999998,13.841901,12.95638,13.238682,0.6937159
2019-08-08 09:15:00-08:00,16.226728622666666,15.252361,14.368269,14.523911,0.69925207
2019-08-08 09:30:00-08:00,17.32507595,14.928649,15.658788,15.615112,0.71369743
2019-08-08 09:45:00-08:00,18.360209742,16.772331,17.065283,16.754948,0.7261248
2019-08-08 10:00:00-08:00,19.313145908666662,16.21982,17.821915,17.695023,0.7405465
2019-08-08 10:15:00-08:00,20.11405745133333,16.517979,18.937347,18.407925,0.7362243
2019-08-08 10:30:00-08:00,20.864915163333333,20.156986,19.941563,18.994255,0.7252979
2019-08-08 10:45:00-08:00,21.482734370666662,19.094933,20.26095,19.383404,0.71486753
2019-08-08 11:00:00-08:00,22.09708827533333,20.438412,20.985771,19.764381,0.7280876
2019-08-08 11:15:00-08:00,22.65182858933333,21.347496,21.366856,20.088852,0.7273478
2019-08-08 11:30:00-08:00,22.999246088666663,22.182453,21.870249,20.260355,0.73584175
2019-08-08 11:45:00-08:00,23.288323956,21.55372,21.900099,20.444553,0.7164824
2019-08-08 12:00:00-08:00,23.53201766,20.881433,22.169567,20.662592,0.6997967
2019-08-08 12:15:00-08:00,23.747866456,21.284529,22.516666,20.733475,0.7056363
2019-08-08 12:30:00-08:00,23.721859522666666,21.508219,22.6037,20.85783,0.6975036
2019-08-08 12:45:00-08:00,23.817224522666667,21.991135,22.47348,21.034597,0.7027929
2019-08-08 13:00:00-08:00,23.522404218666665,21.170862,21.90381,20.90603,0.7116697
2019-08-08 13:15:00-08:00,23.46272038,21.08863,21.66138,20.749908,0.7159548
2019-08-08 13:30:00-08:00,23.260335155333333,19.350876,21.146288,20.630293,0.71425027
2019-08-08 13:45:00-08:00,23.171146578,16.05968,20.472336,20.438618,0.71483535
2019-08-08 14:00:00-08:00,22.590165518000003,16.10655,19.83812,20.012476,0.7202599
2019-08-08 14:15:00-08:00,21.773364154,15.714304,19.085577,19.417961,0.71372366
2019-08-08 14:30:00-08:00,20.881928905333336,16.462793,18.41445,18.790424,0.7285805
2019-08-08 14:45:00-08:00,20.027995375333333,11.764709,17.620401,18.035107,0.72318137
2019-08-08 15:00:00-08:00,18.99662195533333,13.566044,16.958145,16.925316,0.7212384
2019-08-08 15:15:00-08:00,18.123710295333336,13.8204,16.010496,15.843353,0.7085567
2019-08-08 15:30:00-08:00,17.144744803333335,13.622135,14.916561,14.635892,0.7033707
2019-08-08 15:45:00-08:00,16.256167844,11.897393,13.706814,13.383575,0.69857377
2019-08-08 16:00:00-08:00,15.149737466,9.724672,12.277313,12.087467,0.6923227
2019-08-08 16:15:00-08:00,11.248152450866668,10.015091,10.739715,10.665251,0.6956806
2019-08-08 16:30:00-08:00,7.710407868533332,9.80851,9.265302,9.2121315,0.6795752
2019-08-08 16:45:00-08:00,7.109179380533333,7.3297243,7.945098,7.9146776,0.67197406
2019-08-08 17:00:00-08:00,7.4391922204,6.7690673,6.5970745,6.572485,0.6487703
2019-08-08 17:15:00-08:00,6.356510617266667,5.641061,5.017069,5.270378,0.6033012
2019-08-08 17:30:00-08:00,5.568034741800001,4.502819,3.62986,4.1803784,0.5690716
2019-08-08 17:45:00-08:00,4.5481384598,3.6956253,2.4485064,3.2774105,0.49598086
2019-08-08 18:00:00-08:00,2.7258573902666665,2.4869864,1.463412,2.5724037,0.41289192
2019-08-08 18:15:00-08:00,0.8244650623333334,1.1943724,0.8587861,1.9648783,0.32515818
2019-08-08 18:30:00-08:00,0.23204285013333328,0.52359134,0.36188215,1.5896506,0.2529397
2019-08-08 18:45:00-08:00,0.0,0.0,0.2325368,1.3209575,0.18021703
2019-08-08 19:00:00-08:00,0.0,0.07145479,0.14344779,1.2814262,0.11219628
2019-08-08 19:15:00-08:00,0.0,0.056531943,0.10827975,1.2155998,0.06295964
2019-08-08 19:30:00-08:00,0.0,0.0,0.0,0.0,0.0
2019-08-08 19:45:00-08:00,0.0,0.0,0.0,0.0,0.0
2019-08-08 20:00:00-08:00,0.0,0.0,0.0,0.0,0.0
2019-08-08 20:15:00-08:00,0.0,0.0,0.0,0.0,0.0
2019-08-08 20:30:00-08:00,0.0,0.0,0.0,0.0,0.0
2019-08-08 20:45:00-08:00,0.0,0.0,0.0,0.0,0.0
2019-08-08 21:00:00-08:00,0.0,0.0,0.0,0.0,0.0
2019-08-08 21:15:00-08:00,0.0,0.0,0.0,0.0,0.0
2019-08-08 21:30:00-08:00,0.0,0.0,0.0,0.0,0.0
2019-08-08 21:45:00-08:00,0.0,0.0,0.0,0.0,0.0
2019-08-08 22:00:00-08:00,0.0,0.0,0.0,0.0,0.0
2019-08-08 22:15:00-08:00,0.0,0.0,0.0,0.0,0.0
2019-08-08 22:30:00-08:00,0.0,0.0,0.0,0.0,0.0
2019-08-08 22:45:00-08:00,0.0,0.0,0.0,0.0,0.0
2019-08-08 23:00:00-08:00,0.0,0.0,0.0,0.0,0.0
2019-08-08 23:15:00-08:00,0.0,0.0,0.0,0.0,0.0
2019-08-08 23:30:00-08:00,0.0,0.0,0.0,0.0,0.0
2019-08-08 23:45:00-08:00,0.0,0.0,0.0,0.0,0.0
2019-08-09 00:00:00-08:00,0.0,0.0,0.0,0.0,0.0
2019-08-09 00:15:00-08:00,0.0,0.0,0.0,0.0,0.0
2019-08-09 00:30:00-08:00,0.0,0.0,0.0,0.0,0.0
2019-08-09 00:45:00-08:00,0.0,0.0,0.0,0.0,0.0
2019-08-09 01:00:00-08:00,0.0,0.0,0.0,0.0,0.0
2019-08-09 01:15:00-08:00,0.0,0.0,0.0,0.0,0.0
2019-08-09 01:30:00-08:00,0.0,0.0,0.0,0.0,0.0
2019-08-09 01:45:00-08:00,0.0,0.0,0.0,0.0,0.0
2019-08-09 02:00:00-08:00,0.0,0.0,0.0,0.0,0.0
2019-08-09 02:15:00-08:00,0.0,0.0,0.0,0.0,0.0
2019-08-09 02:30:00-08:00,0.0,0.0,0.0,0.0,0.0
2019-08-09 02:45:00-08:00,0.0,0.0,0.0,0.0,0.0
2019-08-09 03:00:00-08:00,0.0,0.0,0.0,0.0,0.0
2019-08-09 03:15:00-08:00,0.0,0.0,0.0,0.0,0.0
2019-08-09 03:30:00-08:00,0.0,0.0,0.0,0.0,0.0
2019-08-09 03:45:00-08:00,0.0,0.0,0.0,0.0,0.0
2019-08-09 04:00:00-08:00,0.0,0.0,0.0,0.0,0.0
2019-08-09 04:15:00-08:00,0.0,0.0,0.0,0.0,0.0
2019-08-09 04:30:00-08:00,0.0,0.0,0.0,0.0,0.0
2019-08-09 04:45:00-08:00,0.0,0.0,0.0,0.0,0.0
2019-08-09 05:00:00-08:00,0.0,0.0,0.0,0.0,0.0
2019-08-09 05:15:00-08:00,0.0,0.0038969768,0.046762805,0.28312373,0.055481113
2019-08-09 05:30:00-08:00,0.0,0.0,0.124165535,0.22109999,0.07825959
2019-08-09 05:45:00-08:00,0.0799918999999999,0.28604084,0.41498256,0.23118232,0.10681772
2019-08-09 06:00:00-08:00,0.2588349217333333,0.1979451,0.81337667,0.2523671,0.14659406
2019-08-09 06:15:00-08:00,0.5807633146,0.6890039,1.1516892,0.35896075,0.17891812
2019-08-09 06:30:00-08:00,2.273539898,1.7143946,1.8068326,0.58062387,0.26479426
2019-08-09 06:45:00-08:00,4.150185034133333,0.045236256,2.5737205,0.9376229,0.3182184
2019-08-09 07:00:00-08:00,2.1780585889333337,3.2742155,3.7806911,1.4099076,0.38019463
2019-08-09 07:15:00-08:00,3.4854388758,4.008104,4.8915296,2.197682,0.42468107
2019-08-09 07:30:00-08:00,5.608393084266666,4.122784,5.8610954,3.1441922,0.47194642
2019-08-09 07:45:00-08:00,5.693069675466667,5.32959,7.1486015,4.359536,0.5184433
2019-08-09 08:00:00-08:00,8.117168349066667,6.3560343,8.481081,5.6738515,0.5491824
2019-08-09 08:15:00-08:00,3.694260060266666,9.743187,9.871987,7.0654516,0.58460605
2019-08-09 08:30:00-08:00,2.5221158234666667,9.314813,11.074274,8.649162,0.60140264
2019-08-09 08:45:00-08:00,3.5163074171333326,9.548604,12.027901,10.310574,0.62389123
2019-08-09 09:00:00-08:00,8.981305523733333,11.024561,13.127899,11.82785,0.6412699
2019-08-09 09:15:00-08:00,14.412859721133335,12.255813,13.987638,13.320994,0.6420158
2019-08-09 09:30:00-08:00,17.458871550666668,15.21459,14.782114,14.5642185,0.6581742
2019-08-09 09:45:00-08:00,12.622026984533337,14.219395,15.814831,15.895126,0.6759784
2019-08-09 10:00:00-08:00,16.313323986666667,15.370298,16.416111,16.956543,0.69091684
2019-08-09 10:15:00-08:00,19.10740687,15.7782345,17.422205,17.691753,0.6899262
2019-08-09 10:30:00-08:00,19.944613452,17.319744,18.284561,18.435297,0.68189144
2019-08-09 10:45:00-08:00,21.026424014,19.723772,18.622528,18.931246,0.6686312
2019-08-09 11:00:00-08:00,20.61700970133333,21.07639,19.321045,19.471315,0.68511206
2019-08-09 11:15:00-08:00,21.346518849333336,21.010216,19.597609,19.928024,0.68602705
2019-08-09 11:30:00-08:00,21.505721108,21.008121,20.058512,20.258614,0.6978992
2019-08-09 11:45:00-08:00,21.914631558666667,21.225098,20.15231,20.628723,0.6838773
2019-08-09 12:00:00-08:00,22.00255645,21.094864,20.39727,20.979946,0.67002463
2019-08-09 12:15:00-08:00,22.165441606666665,20.641207,20.764242,21.096506,0.68301827
2019-08-09 12:30:00-08:00,22.13953255133333,20.983505,20.81849,21.266733,0.6850587
2019-08-09 12:45:00-08:00,22.14696360266667,22.856192,20.649593,21.543129,0.6986602
2019-08-09 13:00:00-08:00,21.96655252,21.547462,20.220316,21.400196,0.7120519
2019-08-09 13:15:00-08:00,21.87454860933333,23.173058,20.033655,21.294092,0.7224821
2019-08-09 13:30:00-08:00,21.72407800666667,20.016977,19.608482,21.240185,0.7328896
2019-08-09 13:45:00-08:00,21.358131758000003,21.165754,19.11942,21.153503,0.74015856
2019-08-09 14:00:00-08:00,20.79756074933333,21.197876,18.632143,20.902798,0.75363874
2019-08-09 14:15:00-08:00,20.182006029333333,20.008917,18.080454,20.552155,0.7569413
2019-08-09 14:30:00-08:00,19.575751700666668,19.334684,17.733139,20.133402,0.7780999
2019-08-09 14:45:00-08:00,18.916999618,18.07296,17.08865,19.617538,0.77815807
2019-08-09 15:00:00-08:00,18.03264923,17.688395,16.650007,18.72501,0.7799075
2019-08-09 15:15:00-08:00,17.068436094000003,18.049978,15.966519,18.018997,0.7736881
2019-08-09 15:30:00-08:00,16.126210529999998,16.816872,15.234716,17.085663,0.77478707
2019-08-09 15:45:00-08:00,15.016238030000002,14.721008,14.308654,16.137985,0.7725539
2019-08-09 16:00:00-08:00,13.77863856533333,15.058069,13.333729,15.141869,0.76748323
2019-08-09 16:15:00-08:00,12.44715681733333,12.65242,11.9547615,13.918116,0.7739732
2019-08-09 16:30:00-08:00,10.996137554666667,11.71372,10.604692,12.616027,0.76120436
2019-08-09 16:45:00-08:00,9.573301517,9.323706,9.38882,11.411186,0.75880355
2019-08-09 17:00:00-08:00,8.125907646733333,8.544089,7.9292545,10.044185,0.74168134
2019-08-09 17:15:00-08:00,6.6191427415333335,6.9190817,6.1213408,8.560574,0.7008052
2019-08-09 17:30:00-08:00,5.037272038266667,5.3163114,4.545781,7.163182,0.67414707
2019-08-09 17:45:00-08:00,3.573837668333334,3.7880893,3.098207,5.787081,0.5993035
2019-08-09 18:00:00-08:00,2.2071648422666668,2.567326,1.8291113,4.5166698,0.51205665
2019-08-09 18:15:00-08:00,0.7515712571333334,1.0379511,1.04612,3.2482524,0.41050684
2019-08-09 18:30:00-08:00,0.015210043733333298,0.44915298,0.25881928,2.209822,0.3213845
2019-08-09 18:45:00-08:00,0.0,0.069976605,0.053616386,1.362886,0.22948244
2019-08-09 19:00:00-08:00,0.0,0.0,0.0,0.75875854,0.14389446
2019-08-09 19:15:00-08:00,0.0,0.0,0.0,0.0,0.0
2019-08-09 19:30:00-08:00,0.0,0.0,0.0,0.0,0.0
2019-08-09 19:45:00-08:00,0.0,0.0,0.0,0.0,0.0
2019-08-09 20:00:00-08:00,0.0,0.0,0.0,0.0,0.0
2019-08-09 20:15:00-08:00,0.0,0.0,0.0,0.0,0.0
2019-08-09 20:30:00-08:00,0.0,0.0,0.0,0.0,0.0
2019-08-09 20:45:00-08:00,0.0,0.0,0.0,0.0,0.0
2019-08-09 21:00:00-08:00,0.0,0.0,0.0,0.0,0.0
2019-08-09 21:15:00-08:00,0.0,0.0,0.0,0.0,0.0
2019-08-09 21:30:00-08:00,0.0,0.0,0.0,0.0,0.0
2019-08-09 21:45:00-08:00,0.0,0.0,0.0,0.0,0.0
2019-08-09 22:00:00-08:00,0.0,0.0,0.0,0.0,0.0
2019-08-09 22:15:00-08:00,0.0,0.0,0.0,0.0,0.0
2019-08-09 22:30:00-08:00,0.0,0.0,0.0,0.0,0.0
2019-08-09 22:45:00-08:00,0.0,0.0,0.0,0.0,0.0
2019-08-09 23:00:00-08:00,0.0,0.0,0.0,0.0,0.0
2019-08-09 23:15:00-08:00,0.0,0.0,0.0,0.0,0.0
2019-08-09 23:30:00-08:00,0.0,0.0,0.0,0.0,0.0
2019-08-09 23:45:00-08:00,0.0,0.0,0.0,0.0,0.0
2019-08-10 00:00:00-08:00,0.0,0.0,0.0,0.0,0.0
2019-08-10 00:15:00-08:00,0.0,0.0,0.0,0.0,0.0
2019-08-10 00:30:00-08:00,0.0,0.0,0.0,0.0,0.0
2019-08-10 00:45:00-08:00,0.0,0.0,0.0,0.0,0.0
2019-08-10 01:00:00-08:00,0.0,0.0,0.0,0.0,0.0
2019-08-10 01:15:00-08:00,0.0,0.0,0.0,0.0,0.0
2019-08-10 01:30:00-08:00,0.0,0.0,0.0,0.0,0.0
2019-08-10 01:45:00-08:00,0.0,0.0,0.0,0.0,0.0
2019-08-10 02:00:00-08:00,0.0,0.0,0.0,0.0,0.0
2019-08-10 02:15:00-08:00,0.0,0.0,0.0,0.0,0.0
2019-08-10 02:30:00-08:00,0.0,0.0,0.0,0.0,0.0
2019-08-10 02:45:00-08:00,0.0,0.0,0.0,0.0,0.0
2019-08-10 03:00:00-08:00,0.0,0.0,0.0,0.0,0.0
2019-08-10 03:15:00-08:00,0.0,0.0,0.0,0.0,0.0
2019-08-10 03:30:00-08:00,0.0,0.0,0.0,0.0,0.0
2019-08-10 03:45:00-08:00,0.0,0.0,0.0,0.0,0.0
2019-08-10 04:00:00-08:00,0.0,0.0,0.0,0.0,0.0
2019-08-10 04:15:00-08:00,0.0,0.0,0.0,0.0,0.0
2019-08-10 04:30:00-08:00,0.0,0.0,0.0,0.0,0.0
2019-08-10 04:45:00-08:00,0.0,0.0,0.0,0.0,0.0
2019-08-10 05:00:00-08:00,0.0,0.0,0.0,0.0,0.0
2019-08-10 05:15:00-08:00,0.0,0.12274716,0.029214632,0.35483518,0.01725284
2019-08-10 05:30:00-08:00,0.0005140211333333,0.0,0.2569346,0.28963274,0.033337012
2019-08-10 05:45:00-08:00,0.0369193616,0.013329439,0.35573035,0.23679994,0.061584532
2019-08-10 06:00:00-08:00,0.5216036342666667,0.0,0.61979616,0.19493511,0.10095616
2019-08-10 06:15:00-08:00,0.8881773799333333,0.0,0.5665518,0.20132715,0.13235526
2019-08-10 06:30:00-08:00,1.6660364223999995,0.11272971,0.7251241,0.27654272,0.21437767
2019-08-10 06:45:00-08:00,2.9935807898666664,1.2655143,0.90425366,0.40402606,0.26668572
2019-08-10 07:00:00-08:00,3.8488938970666657,3.3185227,1.4621981,0.594783,0.31887
2019-08-10 07:15:00-08:00,6.218744873333333,2.7988243,1.7693698,0.95748985,0.356875
2019-08-10 07:30:00-08:00,4.967258603466666,2.3338904,1.9952354,1.4731677,0.39657238
2019-08-10 07:45:00-08:00,2.3861975934666666,4.997012,2.7266982,2.2447643,0.4363634
2019-08-10 08:00:00-08:00,2.1818898582,5.6966724,3.4478164,3.0949655,0.46455717
2019-08-10 08:15:00-08:00,10.0838870712,4.542536,4.35691,4.1300797,0.4913207
2019-08-10 08:30:00-08:00,12.322915781666664,6.9484363,5.2334094,5.38501,0.5047232
2019-08-10 08:45:00-08:00,8.948606838333333,5.0201173,6.039009,6.863787,0.52717656
2019-08-10 09:00:00-08:00,13.89902337053333,7.671509,6.843737,8.330542,0.5513821
2019-08-10 09:15:00-08:00,14.924828349466669,10.1568985,7.5627666,9.833296,0.5544027
2019-08-10 09:30:00-08:00,10.013716759466668,14.385073,8.49199,11.278506,0.5737653
2019-08-10 09:45:00-08:00,17.241174042933334,12.382464,9.567545,12.806728,0.5894195
2019-08-10 10:00:00-08:00,7.454750089133333,10.150307,10.291811,14.116034,0.6101662
2019-08-10 10:15:00-08:00,14.1234815912,14.05496,11.474174,15.176971,0.6130278
2019-08-10 10:30:00-08:00,20.156130312666665,12.254742,12.751479,16.21799,0.60834765
2019-08-10 10:45:00-08:00,8.935387796333332,15.41572,13.6695595,17.012497,0.59801596
2019-08-10 11:00:00-08:00,12.182953487466666,16.97894,15.008659,17.880844,0.6129744
2019-08-10 11:15:00-08:00,15.270819579866666,12.87644,15.995113,18.612047,0.6254988
2019-08-10 11:30:00-08:00,22.604714944,15.424138,17.141012,19.15294,0.64232624
2019-08-10 11:45:00-08:00,23.79682560333333,20.76244,17.915789,19.727448,0.63968027
2019-08-10 12:00:00-08:00,24.639990152666662,16.922958,18.705532,20.289072,0.6378771
2019-08-10 12:15:00-08:00,13.422209572266667,21.424974,19.700499,20.59897,0.6562057
2019-08-10 12:30:00-08:00,11.595760096,20.800999,20.29902,20.993643,0.6641338
2019-08-10 12:45:00-08:00,9.208801725933332,23.979725,20.802284,21.507051,0.67831266
2019-08-10 13:00:00-08:00,16.224627245066667,22.992926,20.825363,21.682116,0.7001187
2019-08-10 13:15:00-08:00,9.882210816,22.3401,21.199947,21.758568,0.7169859
2019-08-10 13:30:00-08:00,11.362795330866668,22.32638,21.20831,21.927036,0.73020875
2019-08-10 13:45:00-08:00,17.691240919600002,23.466133,21.018686,22.015715,0.74440277
2019-08-10 14:00:00-08:00,22.252199798666663,20.085928,20.70043,21.987862,0.76489645
2019-08-10 14:15:00-08:00,20.723832314666662,18.806313,20.11795,21.775618,0.7715026
2019-08-10 14:30:00-08:00,20.083338703333336,19.078722,19.586138,21.403471,0.8024492
2019-08-10 14:45:00-08:00,19.396948158,22.64503,18.964214,21.0373,0.80277884
2019-08-10 15:00:00-08:00,18.509818238,20.57879,18.344097,20.249805,0.80958706
2019-08-10 15:15:00-08:00,17.429849674666666,17.046825,17.391367,19.655918,0.80953556
2019-08-10 15:30:00-08:00,16.35317351,18.736563,16.378773,18.75708,0.8080589
2019-08-10 15:45:00-08:00,15.239386115999999,16.884954,15.028294,17.838327,0.8119131
2019-08-10 16:00:00-08:00,13.925360393333332,16.252445,13.504013,16.90271,0.8123342
2019-08-10 16:15:00-08:00,12.62501874,12.890508,11.835377,15.664776,0.8289188
2019-08-10 16:30:00-08:00,11.246754116666668,12.691553,10.246133,14.393198,0.8197155
2019-08-10 16:45:00-08:00,9.7171218676,8.938952,8.800034,13.173085,0.8221946
2019-08-10 17:00:00-08:00,8.215848346866666,7.84233,7.3102646,11.783216,0.8050119
2019-08-10 17:15:00-08:00,6.650311022866667,6.6936994,5.5721707,10.239661,0.7597965
2019-08-10 17:30:00-08:00,5.039967656866667,4.2010536,4.0924635,8.731818,0.72393125
2019-08-10 17:45:00-08:00,3.4785226199999997,4.4747124,2.7386434,7.24309,0.6420413
2019-08-10 18:00:00-08:00,2.1873906098,1.8518724,1.6947696,5.8484306,0.55011773
2019-08-10 18:15:00-08:00,1.1391210246666663,1.0562718,0.9327183,4.473949,0.4504236
2019-08-10 18:30:00-08:00,0.3761454542666666,1.5138392,0.31904918,3.3241944,0.36572996
2019-08-10 18:45:00-08:00,0.0055500612666666,0.5896038,0.11380695,2.3480003,0.2810194
2019-08-10 19:00:00-08:00,0.0,0.5120612,0.05458835,1.6198218,0.2063786
2019-08-10 19:15:00-08:00,0.0,0.0,0.0,0.0,0.0
2019-08-10 19:30:00-08:00,0.0,0.0,0.0,0.0,0.0
2019-08-10 19:45:00-08:00,0.0,0.0,0.0,0.0,0.0
2019-08-10 20:00:00-08:00,0.0,0.0,0.0,0.0,0.0
2019-08-10 20:15:00-08:00,0.0,0.0,0.0,0.0,0.0
2019-08-10 20:30:00-08:00,0.0,0.0,0.0,0.0,0.0
2019-08-10 20:45:00-08:00,0.0,0.0,0.0,0.0,0.0
2019-08-10 21:00:00-08:00,0.0,0.0,0.0,0.0,0.0
2019-08-10 21:15:00-08:00,0.0,0.0,0.0,0.0,0.0
2019-08-10 21:30:00-08:00,0.0,0.0,0.0,0.0,0.0
2019-08-10 21:45:00-08:00,0.0,0.0,0.0,0.0,0.0
2019-08-10 22:00:00-08:00,0.0,0.0,0.0,0.0,0.0
2019-08-10 22:15:00-08:00,0.0,0.0,0.0,0.0,0.0
2019-08-10 22:30:00-08:00,0.0,0.0,0.0,0.0,0.0
2019-08-10 22:45:00-08:00,0.0,0.0,0.0,0.0,0.0
2019-08-10 23:00:00-08:00,0.0,0.0,0.0,0.0,0.0
2019-08-10 23:15:00-08:00,0.0,0.0,0.0,0.0,0.0
2019-08-10 23:30:00-08:00,0.0,0.0,0.0,0.0,0.0
2019-08-10 23:45:00-08:00,0.0,0.0,0.0,0.0,0.0
2019-08-11 00:00:00-08:00,0.0,0.0,0.0,0.0,0.0
2019-08-11 00:15:00-08:00,0.0,0.0,0.0,0.0,0.0
2019-08-11 00:30:00-08:00,0.0,0.0,0.0,0.0,0.0
2019-08-11 00:45:00-08:00,0.0,0.0,0.0,0.0,0.0
2019-08-11 01:00:00-08:00,0.0,0.0,0.0,0.0,0.0
2019-08-11 01:15:00-08:00,0.0,0.0,0.0,0.0,0.0
2019-08-11 01:30:00-08:00,0.0,0.0,0.0,0.0,0.0
2019-08-11 01:45:00-08:00,0.0,0.0,0.0,0.0,0.0
2019-08-11 02:00:00-08:00,0.0,0.0,0.0,0.0,0.0
2019-08-11 02:15:00-08:00,0.0,0.0,0.0,0.0,0.0
2019-08-11 02:30:00-08:00,0.0,0.0,0.0,0.0,0.0
2019-08-11 02:45:00-08:00,0.0,0.0,0.0,0.0,0.0
2019-08-11 03:00:00-08:00,0.0,0.0,0.0,0.0,0.0
2019-08-11 03:15:00-08:00,0.0,0.0,0.0,0.0,0.0
2019-08-11 03:30:00-08:00,0.0,0.0,0.0,0.0,0.0
2019-08-11 03:45:00-08:00,0.0,0.0,0.0,0.0,0.0
2019-08-11 04:00:00-08:00,0.0,0.0,0.0,0.0,0.0
2019-08-11 04:15:00-08:00,0.0,0.0,0.0,0.0,0.0
2019-08-11 04:30:00-08:00,0.0,0.0,0.0,0.0,0.0
2019-08-11 04:45:00-08:00,0.0,0.0,0.0,0.0,0.0
2019-08-11 05:00:00-08:00,0.0,0.0,0.0,0.0,0.0
2019-08-11 05:15:00-08:00,0.0,0.0,0.0,0.732993,0.07119538
2019-08-11 05:30:00-08:00,0.0,0.21512255,0.0,0.78701824,0.09600912
2019-08-11 05:45:00-08:00,0.1102698480666666,0.0,0.04917905,0.9124058,0.12856865
2019-08-11 06:00:00-08:00,0.3054299203333333,0.6374792,0.29458642,1.062871,0.17709318
2019-08-11 06:15:00-08:00,0.6239284772666667,0.7296535,0.32841638,1.3291352,0.2171014
2019-08-11 06:30:00-08:00,1.2661913205333335,1.2234801,0.6898544,1.74206,0.31216812
2019-08-11 06:45:00-08:00,2.1067505846,2.0512066,1.1238165,2.2119489,0.37312707
2019-08-11 07:00:00-08:00,3.3295490364666662,3.8626342,2.09451,2.8992636,0.44186023
2019-08-11 07:15:00-08:00,4.6548379934,4.0180283,2.8454287,3.851361,0.4923024
2019-08-11 07:30:00-08:00,6.069168583200001,5.570636,3.6461313,4.9546914,0.55002004
2019-08-11 07:45:00-08:00,7.659607382399999,7.5313225,4.9289684,6.238385,0.6038899
2019-08-11 08:00:00-08:00,9.148065305733336,6.891419,6.357787,7.6624875,0.6398517
2019-08-11 08:15:00-08:00,10.566712734066668,9.786926,7.925312,9.06057,0.6806172
2019-08-11 08:30:00-08:00,11.930292819333332,11.667323,9.565186,10.596681,0.7085349
2019-08-11 08:45:00-08:00,13.248183852666664,12.762835,11.015646,12.177532,0.73519564
2019-08-11 09:00:00-08:00,14.473506126000002,13.015461,12.534,13.548992,0.7597699
2019-08-11 09:15:00-08:00,15.575107508666667,16.347866,13.961291,14.84767,0.7660491
2019-08-11 09:30:00-08:00,16.640241052666667,16.406452,15.193211,15.946047,0.779984
2019-08-11 09:45:00-08:00,17.626989128666665,16.943441,16.68986,17.070745,0.7934189
2019-08-11 10:00:00-08:00,18.42557966733333,18.559608,17.51745,18.005968,0.80912995
2019-08-11 10:15:00-08:00,19.153101433333333,19.618101,18.78975,18.69931,0.80250275
2019-08-11 10:30:00-08:00,19.812979007333333,20.075863,19.966549,19.280472,0.79055655
2019-08-11 10:45:00-08:00,20.45067071,20.169716,20.513449,19.68803,0.77898407
2019-08-11 11:00:00-08:00,20.918650731333333,19.80883,21.413357,20.089249,0.79251766
2019-08-11 11:15:00-08:00,21.27380481666667,22.183996,22.00415,20.432884,0.79193926
2019-08-11 11:30:00-08:00,21.526747194666665,21.21892,22.57186,20.622293,0.80147994
2019-08-11 11:45:00-08:00,21.852850083333333,19.727598,22.779875,20.832115,0.780753
2019-08-11 12:00:00-08:00,21.95049420533333,22.642395,23.13184,21.086954,0.7616881
2019-08-11 12:15:00-08:00,22.059733862,21.343487,23.539257,21.147394,0.7712065
2019-08-11 12:30:00-08:00,22.079304019333332,20.483364,23.72202,21.273483,0.761359
2019-08-11 12:45:00-08:00,22.070024352666668,21.699755,23.65903,21.477606,0.7682462
2019-08-11 13:00:00-08:00,21.94341849066667,20.576014,23.25335,21.348522,0.7786777
2019-08-11 13:15:00-08:00,21.819587313333333,19.896328,23.182653,21.204859,0.78543246
2019-08-11 13:30:00-08:00,21.538910432666665,21.050251,22.791288,21.112522,0.7863009
2019-08-11 13:45:00-08:00,21.17304829,20.079086,22.383432,20.950748,0.78885865
2019-08-11 14:00:00-08:00,20.683333500666667,20.079166,21.898678,20.56329,0.7933579
2019-08-11 14:15:00-08:00,20.156791606,17.981367,21.228153,20.035706,0.78532344
2019-08-11 14:30:00-08:00,19.427812225333334,15.576641,20.763607,19.458633,0.8034525
2019-08-11 14:45:00-08:00,18.576020942,19.01136,20.078033,18.756218,0.79808927
2019-08-11 15:00:00-08:00,17.802785323333335,16.274807,19.526726,17.695267,0.7953174
2019-08-11 15:15:00-08:00,17.01642632733333,15.342417,18.599152,16.68864,0.78111774
2019-08-11 15:30:00-08:00,15.98860173733333,14.543561,17.579252,15.521487,0.7762743
2019-08-11 15:45:00-08:00,14.886727851333331,13.693838,16.345089,14.314985,0.77751964
2019-08-11 16:00:00-08:00,13.635498499999999,12.214042,14.956561,13.033577,0.77682555
2019-08-11 16:15:00-08:00,12.377100903333334,12.4916,13.225122,11.615429,0.78835034
2019-08-11 16:30:00-08:00,10.982159329333331,11.733377,11.674762,10.128333,0.7780887
2019-08-11 16:45:00-08:00,9.526903482266668,9.472387,10.248318,8.782446,0.7750695
2019-08-11 17:00:00-08:00,8.061221666066666,8.189801,8.662128,7.350147,0.75045824
2019-08-11 17:15:00-08:00,6.520611188733334,6.30025,6.831583,5.936203,0.6962666
2019-08-11 17:30:00-08:00,4.9889810174,5.008088,5.140999,4.7246184,0.64928377
2019-08-11 17:45:00-08:00,3.5274653382000003,3.7397425,3.619699,3.6621544,0.5508975
2019-08-11 18:00:00-08:00,2.1673373563333334,2.0053155,2.3196645,2.814592,0.44257843
2019-08-11 18:15:00-08:00,1.0422075895333334,0.76779246,1.4288572,2.050416,0.33331048
2019-08-11 18:30:00-08:00,0.23522021886666658,0.13244447,0.56641644,1.5419583,0.2458179
2019-08-11 18:45:00-08:00,0.0,0.0,0.2297903,1.1671742,0.15793924
2019-08-11 19:00:00-08:00,0.0,0.23806424,0.11171806,1.0155762,0.08398839
2019-08-11 19:15:00-08:00,0.0,0.0,0.0,0.0,0.0
2019-08-11 19:30:00-08:00,0.0,0.0,0.0,0.0,0.0
2019-08-11 19:45:00-08:00,0.0,0.0,0.0,0.0,0.0
2019-08-11 20:00:00-08:00,0.0,0.0,0.0,0.0,0.0
2019-08-11 20:15:00-08:00,0.0,0.0,0.0,0.0,0.0
2019-08-11 20:30:00-08:00,0.0,0.0,0.0,0.0,0.0
2019-08-11 20:45:00-08:00,0.0,0.0,0.0,0.0,0.0
2019-08-11 21:00:00-08:00,0.0,0.0,0.0,0.0,0.0
2019-08-11 21:15:00-08:00,0.0,0.0,0.0,0.0,0.0
2019-08-11 21:30:00-08:00,0.0,0.0,0.0,0.0,0.0
2019-08-11 21:45:00-08:00,0.0,0.0,0.0,0.0,0.0
2019-08-11 22:00:00-08:00,0.0,0.0,0.0,0.0,0.0
2019-08-11 22:15:00-08:00,0.0,0.0,0.0,0.0,0.0
2019-08-11 22:30:00-08:00,0.0,0.0,0.0,0.0,0.0
2019-08-11 22:45:00-08:00,0.0,0.0,0.0,0.0,0.0
2019-08-11 23:00:00-08:00,0.0,0.0,0.0,0.0,0.0
2019-08-11 23:15:00-08:00,0.0,0.0,0.0,0.0,0.0
2019-08-11 23:30:00-08:00,0.0,0.0,0.0,0.0,0.0
2019-08-11 23:45:00-08:00,0.0,0.0,0.0,0.0,0.0
2019-10-21 00:00:00-08:00,0.0,0.0,0.0,0.0,0.0
2019-10-21 00:15:00-08:00,0.0,0.0,0.0,0.0,0.0
2019-10-21 00:30:00-08:00,0.0,0.0,0.0,0.0,0.0
2019-10-21 00:45:00-08:00,0.0,0.0,0.0,0.0,0.0
2019-10-21 01:00:00-08:00,0.0,0.0,0.0,0.0,0.0
2019-10-21 01:15:00-08:00,0.0,0.0,0.0,0.0,0.0
2019-10-21 01:30:00-08:00,0.0,0.0,0.0,0.0,0.0
2019-10-21 01:45:00-08:00,0.0,0.0,0.0,0.0,0.0
2019-10-21 02:00:00-08:00,0.0,0.0,0.0,0.0,0.0
2019-10-21 02:15:00-08:00,0.0,0.0,0.0,0.0,0.0
2019-10-21 02:30:00-08:00,0.0,0.0,0.0,0.0,0.0
2019-10-21 02:45:00-08:00,0.0,0.0,0.0,0.0,0.0
2019-10-21 03:00:00-08:00,0.0,0.0,0.0,0.0,0.0
2019-10-21 03:15:00-08:00,0.0,0.0,0.0,0.0,0.0
2019-10-21 03:30:00-08:00,0.0,0.0,0.0,0.0,0.0
2019-10-21 03:45:00-08:00,0.0,0.0,0.0,0.0,0.0
2019-10-21 04:00:00-08:00,0.0,0.0,0.0,0.0,0.0
2019-10-21 04:15:00-08:00,0.0,0.0,0.0,0.0,0.0
2019-10-21 04:30:00-08:00,0.0,0.0,0.0,0.0,0.0
2019-10-21 04:45:00-08:00,0.0,0.0,0.0,0.0,0.0
2019-10-21 05:00:00-08:00,0.0,0.0,0.0,0.0,0.0
2019-10-21 05:15:00-08:00,0.0,0.0,0.0,0.0,0.0
2019-10-21 05:30:00-08:00,0.0,0.0,0.0,0.0,0.0
2019-10-21 05:45:00-08:00,0.0,0.0,0.0,0.0,0.0
2019-10-21 06:00:00-08:00,0.0,0.0,0.0,0.0,0.0
2019-10-21 06:15:00-08:00,0.0,0.0,0.0,0.0,0.0
2019-10-21 06:30:00-08:00,0.024531476666666597,0.2383608,0.31745046,0.0,0.16967222
2019-10-21 06:45:00-08:00,0.5803051394666667,0.20039353,0.8971199,0.1602658,0.28433374
2019-10-21 07:00:00-08:00,1.6387537031999997,0.46288067,1.9766461,0.8557509,0.43256485
2019-10-21 07:15:00-08:00,3.0028319370666665,2.2958827,2.9493992,1.8310096,0.5665139
2019-10-21 07:30:00-08:00,4.5003907054,3.0201893,3.9266367,3.0459542,0.6997888
2019-10-21 07:45:00-08:00,6.0135786687333335,5.211498,5.3238425,4.455311,0.831603
2019-10-21 08:00:00-08:00,7.520067597533334,7.0028315,6.935878,5.9494076,0.8981733
2019-10-21 08:15:00-08:00,9.026414273933334,8.374245,8.772433,7.551695,0.9667288
2019-10-21 08:30:00-08:00,10.4974021194,9.150457,10.476276,9.056946,1.0261438
2019-10-21 08:45:00-08:00,11.848366830666668,10.49138,12.225835,10.747908,1.0696088
2019-10-21 09:00:00-08:00,13.09889748,12.589048,13.890165,12.255949,1.1054167
2019-10-21 09:15:00-08:00,14.275506842666667,11.621319,15.273688,13.641487,1.088693
2019-10-21 09:30:00-08:00,15.317026328666664,14.285422,16.529953,14.87307,1.0787438
2019-10-21 09:45:00-08:00,16.243890915333335,14.001114,17.933151,16.204731,1.0733303
2019-10-21 10:00:00-08:00,17.102052744,17.00849,18.610758,17.277058,1.0760398
2019-10-21 10:15:00-08:00,17.866574849333333,17.75555,19.642715,18.140928,1.0610709
2019-10-21 10:30:00-08:00,18.449768353333333,17.962158,20.425644,18.950075,1.0318246
2019-10-21 10:45:00-08:00,18.923839334666667,20.08859,20.502075,19.503342,1.020612
2019-10-21 11:00:00-08:00,19.318040332666666,20.99851,20.933868,20.143236,1.029593
2019-10-21 11:15:00-08:00,19.642243094,21.00597,21.227161,20.641224,1.026263
2019-10-21 11:30:00-08:00,19.956968572666668,19.927607,21.517178,20.988415,1.0292279
2019-10-21 11:45:00-08:00,20.07715651533333,20.726849,21.309834,21.222742,1.0201125
2019-10-21 12:00:00-08:00,20.12852587733333,19.198042,21.66534,21.541468,0.9987904
2019-10-21 12:15:00-08:00,20.102837795333333,20.231846,21.827713,21.583189,1.0182054
2019-10-21 12:30:00-08:00,20.064995058666668,19.298199,21.955648,21.5845,1.0116754
2019-10-21 12:45:00-08:00,19.870071382000003,19.836945,21.804058,21.447535,1.0247226
2019-10-21 13:00:00-08:00,19.649763888666666,19.530542,21.300505,21.036362,1.0321424
2019-10-21 13:15:00-08:00,19.23184114733333,20.571365,20.92087,20.55733,1.0597221
2019-10-21 13:30:00-08:00,18.64806194333333,18.528545,20.144787,20.182621,1.0640681
2019-10-21 13:45:00-08:00,18.024181097333333,17.240463,19.343002,19.598183,1.0844291
2019-10-21 14:00:00-08:00,17.229511304,17.774624,18.158598,18.901329,1.1197522
2019-10-21 14:15:00-08:00,16.590670199333335,16.691465,16.80722,18.057842,1.1230499
2019-10-21 14:30:00-08:00,15.657817989333331,14.725142,15.5199795,17.015886,1.1671132
2019-10-21 14:45:00-08:00,14.564785718666668,12.010237,13.990308,15.942434,1.1774914
2019-10-21 15:00:00-08:00,13.340364175333336,14.016314,12.699975,14.536918,1.1979856
2019-10-21 15:15:00-08:00,12.183585910666666,11.811574,11.126494,13.180558,1.2106459
2019-10-21 15:30:00-08:00,10.788077830666666,9.23007,9.56362,11.6395645,1.209214
2019-10-21 15:45:00-08:00,9.221846088933331,8.330112,7.713208,10.005386,1.1730716
2019-10-21 16:00:00-08:00,7.658564496466667,8.500807,6.026652,8.432021,1.1120453
2019-10-21 16:15:00-08:00,6.046676442866667,6.679553,4.2068696,6.6975017,1.0338947
2019-10-21 16:30:00-08:00,3.970955328066666,4.167617,2.7500365,5.11188,0.8807086
2019-10-21 16:45:00-08:00,1.6956419382666663,1.3369225,1.63512,3.666519,0.70459515
2019-10-21 17:00:00-08:00,0.1431176348666666,0.0,0.68584746,2.417962,0.5116837
2019-10-21 17:15:00-08:00,0.0,0.0,0.0,1.297274,0.31435955
2019-10-21 17:30:00-08:00,0.0,0.0,0.0,0.0,0.0
2019-10-21 17:45:00-08:00,0.0,0.0,0.0,0.0,0.0
2019-10-21 18:00:00-08:00,0.0,0.0,0.0,0.0,0.0
2019-10-21 18:15:00-08:00,0.0,0.0,0.0,0.0,0.0
2019-10-21 18:30:00-08:00,0.0,0.0,0.0,0.0,0.0
2019-10-21 18:45:00-08:00,0.0,0.0,0.0,0.0,0.0
2019-10-21 19:00:00-08:00,0.0,0.0,0.0,0.0,0.0
2019-10-21 19:15:00-08:00,0.0,0.0,0.0,0.0,0.0
2019-10-21 19:30:00-08:00,0.0,0.0,0.0,0.0,0.0
2019-10-21 19:45:00-08:00,0.0,0.0,0.0,0.0,0.0
2019-10-21 20:00:00-08:00,0.0,0.0,0.0,0.0,0.0
2019-10-21 20:15:00-08:00,0.0,0.0,0.0,0.0,0.0
2019-10-21 20:30:00-08:00,0.0,0.0,0.0,0.0,0.0
2019-10-21 20:45:00-08:00,0.0,0.0,0.0,0.0,0.0
2019-10-21 21:00:00-08:00,0.0,0.0,0.0,0.0,0.0
2019-10-21 21:15:00-08:00,0.0,0.0,0.0,0.0,0.0
2019-10-21 21:30:00-08:00,0.0,0.0,0.0,0.0,0.0
2019-10-21 21:45:00-08:00,0.0,0.0,0.0,0.0,0.0
2019-10-21 22:00:00-08:00,0.0,0.0,0.0,0.0,0.0
2019-10-21 22:15:00-08:00,0.0,0.0,0.0,0.0,0.0
2019-10-21 22:30:00-08:00,0.0,0.0,0.0,0.0,0.0
2019-10-21 22:45:00-08:00,0.0,0.0,0.0,0.0,0.0
2019-10-21 23:00:00-08:00,0.0,0.0,0.0,0.0,0.0
2019-10-21 23:15:00-08:00,0.0,0.0,0.0,0.0,0.0
2019-10-21 23:30:00-08:00,0.0,0.0,0.0,0.0,0.0
2019-10-21 23:45:00-08:00,0.0,0.0,0.0,0.0,0.0
2019-10-22 00:00:00-08:00,0.0,0.0,0.0,0.0,0.0
2019-10-22 00:15:00-08:00,0.0,0.0,0.0,0.0,0.0
2019-10-22 00:30:00-08:00,0.0,0.0,0.0,0.0,0.0
2019-10-22 00:45:00-08:00,0.0,0.0,0.0,0.0,0.0
2019-10-22 01:00:00-08:00,0.0,0.0,0.0,0.0,0.0
2019-10-22 01:15:00-08:00,0.0,0.0,0.0,0.0,0.0
2019-10-22 01:30:00-08:00,0.0,0.0,0.0,0.0,0.0
2019-10-22 01:45:00-08:00,0.0,0.0,0.0,0.0,0.0
2019-10-22 02:00:00-08:00,0.0,0.0,0.0,0.0,0.0
2019-10-22 02:15:00-08:00,0.0,0.0,0.0,0.0,0.0
2019-10-22 02:30:00-08:00,0.0,0.0,0.0,0.0,0.0
2019-10-22 02:45:00-08:00,0.0,0.0,0.0,0.0,0.0
2019-10-22 03:00:00-08:00,0.0,0.0,0.0,0.0,0.0
2019-10-22 03:15:00-08:00,0.0,0.0,0.0,0.0,0.0
2019-10-22 03:30:00-08:00,0.0,0.0,0.0,0.0,0.0
2019-10-22 03:45:00-08:00,0.0,0.0,0.0,0.0,0.0
2019-10-22 04:00:00-08:00,0.0,0.0,0.0,0.0,0.0
2019-10-22 04:15:00-08:00,0.0,0.0,0.0,0.0,0.0
2019-10-22 04:30:00-08:00,0.0,0.0,0.0,0.0,0.0
2019-10-22 04:45:00-08:00,0.0,0.0,0.0,0.0,0.0
2019-10-22 05:00:00-08:00,0.0,0.0,0.0,0.0,0.0
2019-10-22 05:15:00-08:00,0.0,0.0,0.0,0.0,0.0
2019-10-22 05:30:00-08:00,0.0,0.0,0.0,0.0,0.0
2019-10-22 05:45:00-08:00,0.0,0.0,0.0,0.0,0.0
2019-10-22 06:00:00-08:00,0.0,0.0,0.0,0.0,0.0
2019-10-22 06:15:00-08:00,0.0,0.0,0.0,0.0,0.0
2019-10-22 06:30:00-08:00,0.015294392666666599,0.19663431,0.20962031,0.0,0.22917417
2019-10-22 06:45:00-08:00,0.4962393907333333,0.57596624,0.91513985,0.03571047,0.3554675
2019-10-22 07:00:00-08:00,1.5532685813333331,0.0,2.279615,0.6661979,0.5116935
2019-10-22 07:15:00-08:00,2.9013058222,2.5888798,3.3598115,1.5872405,0.6486181
2019-10-22 07:30:00-08:00,4.4082797322,4.026901,4.4935093,2.743342,0.78395987
2019-10-22 07:45:00-08:00,5.945492628533334,3.5406594,6.017522,4.0944343,0.9129279
2019-10-22 08:00:00-08:00,7.527603261933334,7.048394,7.8210697,5.532511,0.96999204
2019-10-22 08:15:00-08:00,9.0415967626,8.175005,9.684184,7.082366,1.030644
2019-10-22 08:30:00-08:00,10.511570817533332,10.768014,11.500907,8.5464325,1.0805043
2019-10-22 08:45:00-08:00,11.827282168000002,11.782483,13.182916,10.209105,1.1147244
2019-10-22 09:00:00-08:00,13.024554136,10.841399,14.9162445,11.699751,1.1455672
2019-10-22 09:15:00-08:00,14.107899442666666,12.950483,16.350395,13.087818,1.1235397
2019-10-22 09:30:00-08:00,15.131298454666666,12.016711,17.689001,14.325638,1.107015
2019-10-22 09:45:00-08:00,16.058455883333334,16.269106,19.212498,15.670421,1.1043087
2019-10-22 10:00:00-08:00,16.827297246,18.579277,19.895233,16.76791,1.1097424
2019-10-22 10:15:00-08:00,17.52457640333333,10.967628,21.108105,17.650515,1.0988352
2019-10-22 10:30:00-08:00,18.135075004666664,14.413862,21.970205,18.4841,1.0711055
2019-10-22 10:45:00-08:00,18.704524526,16.731077,22.04,19.063362,1.0616915
2019-10-22 11:00:00-08:00,18.99931212866667,18.673454,22.591032,19.708868,1.0725511
2019-10-22 11:15:00-08:00,19.390763582,19.378635,22.925018,20.217098,1.0690429
2019-10-22 11:30:00-08:00,19.693317436,9.590306,23.26328,20.565647,1.0725605
2019-10-22 11:45:00-08:00,19.94491483733333,18.314835,23.029888,20.80107,1.06668
2019-10-22 12:00:00-08:00,19.870290436,21.170694,23.453772,21.130066,1.0482552
2019-10-22 12:15:00-08:00,19.86939514733333,15.239859,23.612364,21.180645,1.069377
2019-10-22 12:30:00-08:00,19.856185006,18.62979,23.801281,21.190853,1.0597267
2019-10-22 12:45:00-08:00,19.705928868666664,19.584158,23.558416,21.076887,1.0737758
2019-10-22 13:00:00-08:00,19.218662350666666,9.399138,22.837492,20.689157,1.083299
2019-10-22 13:15:00-08:00,18.86121541066667,12.2608595,22.341612,20.23845,1.114749
2019-10-22 13:30:00-08:00,18.573247703333333,13.174702,21.339575,19.880302,1.1213318
2019-10-22 13:45:00-08:00,17.809859006,17.179283,20.26021,19.314426,1.1428869
2019-10-22 14:00:00-08:00,17.05623689933333,15.648409,18.939943,18.624735,1.1800745
2019-10-22 14:15:00-08:00,16.257962532,14.882067,17.391113,17.787647,1.1872935
2019-10-22 14:30:00-08:00,15.377705108666666,14.9601145,15.829968,16.749405,1.2340488
2019-10-22 14:45:00-08:00,14.39308731533333,13.409372,14.157694,15.676958,1.2434474
2019-10-22 15:00:00-08:00,13.313892847333332,13.754496,12.7279625,14.265078,1.2601452
2019-10-22 15:15:00-08:00,11.961774816666669,11.4085245,10.984255,12.907688,1.2644699
2019-10-22 15:30:00-08:00,10.537507346466668,8.652535,9.262036,11.368723,1.2544816
2019-10-22 15:45:00-08:00,8.993206812066667,7.957449,7.3670096,9.752382,1.2034678
2019-10-22 16:00:00-08:00,7.436951454999999,6.002777,5.5518646,8.1928005,1.121447
2019-10-22 16:15:00-08:00,5.728949164133333,5.199121,3.7673197,6.497884,1.020247
2019-10-22 16:30:00-08:00,3.0566400971333336,3.882649,2.3033245,4.950535,0.8446886
2019-10-22 16:45:00-08:00,1.5448125760666669,1.0624833,1.2081354,3.5420394,0.6476686
2019-10-22 17:00:00-08:00,0.054867207999999994,0.0,0.27554476,2.3321645,0.4464568
2019-10-22 17:15:00-08:00,0.0,0.0,0.0,1.2431886,0.24847642
2019-10-22 17:30:00-08:00,0.0,0.0,0.0,0.0,0.0
2019-10-22 17:45:00-08:00,0.0,0.0,0.0,0.0,0.0
2019-10-22 18:00:00-08:00,0.0,0.0,0.0,0.0,0.0
2019-10-22 18:15:00-08:00,0.0,0.0,0.0,0.0,0.0
2019-10-22 18:30:00-08:00,0.0,0.0,0.0,0.0,0.0
2019-10-22 18:45:00-08:00,0.0,0.0,0.0,0.0,0.0
2019-10-22 19:00:00-08:00,0.0,0.0,0.0,0.0,0.0
2019-10-22 19:15:00-08:00,0.0,0.0,0.0,0.0,0.0
2019-10-22 19:30:00-08:00,0.0,0.0,0.0,0.0,0.0
2019-10-22 19:45:00-08:00,0.0,0.0,0.0,0.0,0.0
2019-10-22 20:00:00-08:00,0.0,0.0,0.0,0.0,0.0
2019-10-22 20:15:00-08:00,0.0,0.0,0.0,0.0,0.0
2019-10-22 20:30:00-08:00,0.0,0.0,0.0,0.0,0.0
2019-10-22 20:45:00-08:00,0.0,0.0,0.0,0.0,0.0
2019-10-22 21:00:00-08:00,0.0,0.0,0.0,0.0,0.0
2019-10-22 21:15:00-08:00,0.0,0.0,0.0,0.0,0.0
2019-10-22 21:30:00-08:00,0.0,0.0,0.0,0.0,0.0
2019-10-22 21:45:00-08:00,0.0,0.0,0.0,0.0,0.0
2019-10-22 22:00:00-08:00,0.0,0.0,0.0,0.0,0.0
2019-10-22 22:15:00-08:00,0.0,0.0,0.0,0.0,0.0
2019-10-22 22:30:00-08:00,0.0,0.0,0.0,0.0,0.0
2019-10-22 22:45:00-08:00,0.0,0.0,0.0,0.0,0.0
2019-10-22 23:00:00-08:00,0.0,0.0,0.0,0.0,0.0
2019-10-22 23:15:00-08:00,0.0,0.0,0.0,0.0,0.0
2019-10-22 23:30:00-08:00,0.0,0.0,0.0,0.0,0.0
2019-10-22 23:45:00-08:00,0.0,0.0,0.0,0.0,0.0
2019-10-23 00:00:00-08:00,0.0,0.0,0.0,0.0,0.0
2019-10-23 00:15:00-08:00,0.0,0.0,0.0,0.0,0.0
2019-10-23 00:30:00-08:00,0.0,0.0,0.0,0.0,0.0
2019-10-23 00:45:00-08:00,0.0,0.0,0.0,0.0,0.0
2019-10-23 01:00:00-08:00,0.0,0.0,0.0,0.0,0.0
2019-10-23 01:15:00-08:00,0.0,0.0,0.0,0.0,0.0
2019-10-23 01:30:00-08:00,0.0,0.0,0.0,0.0,0.0
2019-10-23 01:45:00-08:00,0.0,0.0,0.0,0.0,0.0
2019-10-23 02:00:00-08:00,0.0,0.0,0.0,0.0,0.0
2019-10-23 02:15:00-08:00,0.0,0.0,0.0,0.0,0.0
2019-10-23 02:30:00-08:00,0.0,0.0,0.0,0.0,0.0
2019-10-23 02:45:00-08:00,0.0,0.0,0.0,0.0,0.0
2019-10-23 03:00:00-08:00,0.0,0.0,0.0,0.0,0.0
2019-10-23 03:15:00-08:00,0.0,0.0,0.0,0.0,0.0
2019-10-23 03:30:00-08:00,0.0,0.0,0.0,0.0,0.0
2019-10-23 03:45:00-08:00,0.0,0.0,0.0,0.0,0.0
2019-10-23 04:00:00-08:00,0.0,0.0,0.0,0.0,0.0
2019-10-23 04:15:00-08:00,0.0,0.0,0.0,0.0,0.0
2019-10-23 04:30:00-08:00,0.0,0.0,0.0,0.0,0.0
2019-10-23 04:45:00-08:00,0.0,0.0,0.0,0.0,0.0
2019-10-23 05:00:00-08:00,0.0,0.0,0.0,0.0,0.0
2019-10-23 05:15:00-08:00,0.0,0.0,0.0,0.0,0.0
2019-10-23 05:30:00-08:00,0.0,0.0,0.0,0.0,0.0
2019-10-23 05:45:00-08:00,0.0,0.0,0.0,0.0,0.0
2019-10-23 06:00:00-08:00,0.0,0.0,0.0,0.0,0.0
2019-10-23 06:15:00-08:00,0.0,0.0,0.0,0.0,0.0
2019-10-23 06:30:00-08:00,0.0128291482,0.100191295,0.041161224,0.0,0.21805242
2019-10-23 06:45:00-08:00,0.4457839692,0.46954232,0.5429851,0.12875575,0.3508488
2019-10-23 07:00:00-08:00,1.4070470404000002,1.0764506,1.7515887,0.72791123,0.51801956
2019-10-23 07:15:00-08:00,2.6996167943333336,3.6020572,2.7922287,1.6361785,0.6643204
2019-10-23 07:30:00-08:00,4.145753585733333,3.660273,3.7341595,2.7729683,0.8093239
2019-10-23 07:45:00-08:00,5.627634943466667,5.566226,5.224789,4.0954733,0.9470787
2019-10-23 08:00:00-08:00,7.159603664066666,8.081855,6.9728413,5.4919972,1.0115973
2019-10-23 08:15:00-08:00,8.687534281666666,9.900926,8.917336,6.991205,1.0794485
2019-10-23 08:30:00-08:00,10.077542959266667,10.138205,10.692705,8.428984,1.1383357
2019-10-23 08:45:00-08:00,11.392780298,11.544662,12.502699,10.060078,1.1742965
2019-10-23 09:00:00-08:00,12.632256994,14.041846,14.2872305,11.512323,1.2060431
2019-10-23 09:15:00-08:00,13.690086383333332,13.041523,15.731972,12.884855,1.1847613
2019-10-23 09:30:00-08:00,14.674951368666669,14.95686,16.939833,14.102272,1.1679105
2019-10-23 09:45:00-08:00,15.676502677333332,16.539944,18.302658,15.442872,1.1616712
2019-10-23 10:00:00-08:00,16.471447939333334,18.03366,18.944487,16.543938,1.1649318
2019-10-23 10:15:00-08:00,17.142615748666667,17.797138,19.950584,17.432549,1.1506914
2019-10-23 10:30:00-08:00,17.726936335999998,18.861397,20.602543,18.283077,1.1191543
2019-10-23 10:45:00-08:00,18.27435958533333,20.581343,20.575897,18.876923,1.1092668
2019-10-23 11:00:00-08:00,18.919955032,19.79366,20.895193,19.547909,1.1226137
2019-10-23 11:15:00-08:00,19.239035752666663,18.781792,21.137619,20.067974,1.1176426
2019-10-23 11:30:00-08:00,19.442385604,20.974693,21.408669,20.42837,1.1183918
2019-10-23 11:45:00-08:00,19.45176097333333,19.477728,21.180607,20.681137,1.1116301
2019-10-23 12:00:00-08:00,19.491181242666663,20.477867,21.535963,21.039265,1.0911021
2019-10-23 12:15:00-08:00,19.28617700333333,15.308233,21.741901,21.10744,1.1109794
2019-10-23 12:30:00-08:00,19.278085044666668,21.54335,21.982513,21.134062,1.1006932
2019-10-23 12:45:00-08:00,19.02339128866667,20.980274,21.849615,21.062693,1.1139767
2019-10-23 13:00:00-08:00,18.827911041333333,20.760054,21.457561,20.71096,1.1228089
2019-10-23 13:15:00-08:00,18.204505216666664,20.38992,21.167105,20.29819,1.152063
2019-10-23 13:30:00-08:00,17.71936464,18.205336,20.505224,19.979969,1.1575358
2019-10-23 13:45:00-08:00,17.052417708666667,17.361412,19.813423,19.43806,1.1786302
2019-10-23 14:00:00-08:00,16.315319644,17.837576,18.825874,18.779654,1.2155468
2019-10-23 14:15:00-08:00,15.627335724,16.852375,17.672094,17.985085,1.2196001
2019-10-23 14:30:00-08:00,14.707211778666666,15.42889,16.427378,16.962425,1.2657611
2019-10-23 14:45:00-08:00,13.632693922666666,14.181541,15.022293,15.9112835,1.2756397
2019-10-23 15:00:00-08:00,12.42966848133333,12.1278105,13.665056,14.511417,1.2930617
2019-10-23 15:15:00-08:00,11.082270636,11.348999,12.008038,13.182102,1.2980556
2019-10-23 15:30:00-08:00,9.705119168133336,9.527898,10.269674,11.653791,1.2848892
2019-10-23 15:45:00-08:00,8.350740548933334,8.681502,8.200542,10.048782,1.2326183
2019-10-23 16:00:00-08:00,6.830403680533333,8.016438,6.316336,8.48417,1.1481085
2019-10-23 16:15:00-08:00,5.152514689,5.9125834,4.340032,6.79318,1.0413196
2019-10-23 16:30:00-08:00,3.0500135922666667,3.6464348,2.7655244,5.235195,0.85756874
2019-10-23 16:45:00-08:00,1.1850955836,0.73845136,1.5773301,3.8240209,0.6509875
2019-10-23 17:00:00-08:00,0.0218197898666666,0.0,0.5979407,2.5942786,0.43732387
2019-10-23 17:15:00-08:00,0.0,0.0,0.0,1.4677308,0.2294496
2019-10-23 17:30:00-08:00,0.0,0.0,0.0,0.0,0.0
2019-10-23 17:45:00-08:00,0.0,0.0,0.0,0.0,0.0
2019-10-23 18:00:00-08:00,0.0,0.0,0.0,0.0,0.0
2019-10-23 18:15:00-08:00,0.0,0.0,0.0,0.0,0.0
2019-10-23 18:30:00-08:00,0.0,0.0,0.0,0.0,0.0
2019-10-23 18:45:00-08:00,0.0,0.0,0.0,0.0,0.0
2019-10-23 19:00:00-08:00,0.0,0.0,0.0,0.0,0.0
2019-10-23 19:15:00-08:00,0.0,0.0,0.0,0.0,0.0
2019-10-23 19:30:00-08:00,0.0,0.0,0.0,0.0,0.0
2019-10-23 19:45:00-08:00,0.0,0.0,0.0,0.0,0.0
2019-10-23 20:00:00-08:00,0.0,0.0,0.0,0.0,0.0
2019-10-23 20:15:00-08:00,0.0,0.0,0.0,0.0,0.0
2019-10-23 20:30:00-08:00,0.0,0.0,0.0,0.0,0.0
2019-10-23 20:45:00-08:00,0.0,0.0,0.0,0.0,0.0
2019-10-23 21:00:00-08:00,0.0,0.0,0.0,0.0,0.0
2019-10-23 21:15:00-08:00,0.0,0.0,0.0,0.0,0.0
2019-10-23 21:30:00-08:00,0.0,0.0,0.0,0.0,0.0
2019-10-23 21:45:00-08:00,0.0,0.0,0.0,0.0,0.0
2019-10-23 22:00:00-08:00,0.0,0.0,0.0,0.0,0.0
2019-10-23 22:15:00-08:00,0.0,0.0,0.0,0.0,0.0
2019-10-23 22:30:00-08:00,0.0,0.0,0.0,0.0,0.0
2019-10-23 22:45:00-08:00,0.0,0.0,0.0,0.0,0.0
2019-10-23 23:00:00-08:00,0.0,0.0,0.0,0.0,0.0
2019-10-23 23:15:00-08:00,0.0,0.0,0.0,0.0,0.0
2019-10-23 23:30:00-08:00,0.0,0.0,0.0,0.0,0.0
2019-10-23 23:45:00-08:00,0.0,0.0,0.0,0.0,0.0
2019-10-24 00:00:00-08:00,0.0,0.0,0.0,0.0,0.0
2019-10-24 00:15:00-08:00,0.0,0.0,0.0,0.0,0.0
2019-10-24 00:30:00-08:00,0.0,0.0,0.0,0.0,0.0
2019-10-24 00:45:00-08:00,0.0,0.0,0.0,0.0,0.0
2019-10-24 01:00:00-08:00,0.0,0.0,0.0,0.0,0.0
2019-10-24 01:15:00-08:00,0.0,0.0,0.0,0.0,0.0
2019-10-24 01:30:00-08:00,0.0,0.0,0.0,0.0,0.0
2019-10-24 01:45:00-08:00,0.0,0.0,0.0,0.0,0.0
2019-10-24 02:00:00-08:00,0.0,0.0,0.0,0.0,0.0
2019-10-24 02:15:00-08:00,0.0,0.0,0.0,0.0,0.0
2019-10-24 02:30:00-08:00,0.0,0.0,0.0,0.0,0.0
2019-10-24 02:45:00-08:00,0.0,0.0,0.0,0.0,0.0
2019-10-24 03:00:00-08:00,0.0,0.0,0.0,0.0,0.0
2019-10-24 03:15:00-08:00,0.0,0.0,0.0,0.0,0.0
2019-10-24 03:30:00-08:00,0.0,0.0,0.0,0.0,0.0
2019-10-24 03:45:00-08:00,0.0,0.0,0.0,0.0,0.0
2019-10-24 04:00:00-08:00,0.0,0.0,0.0,0.0,0.0
2019-10-24 04:15:00-08:00,0.0,0.0,0.0,0.0,0.0
2019-10-24 04:30:00-08:00,0.0,0.0,0.0,0.0,0.0
2019-10-24 04:45:00-08:00,0.0,0.0,0.0,0.0,0.0
2019-10-24 05:00:00-08:00,0.0,0.0,0.0,0.0,0.0
2019-10-24 05:15:00-08:00,0.0,0.0,0.0,0.0,0.0
2019-10-24 05:30:00-08:00,0.0,0.0,0.0,0.0,0.0
2019-10-24 05:45:00-08:00,0.0,0.0,0.0,0.0,0.0
2019-10-24 06:00:00-08:00,0.0,0.0,0.0,0.0,0.0
2019-10-24 06:15:00-08:00,0.0,0.0,0.0,0.0,0.0
2019-10-24 06:30:00-08:00,0.0081173042,0.591398,0.5350679,0.0,0.23018467
2019-10-24 06:45:00-08:00,0.39838547286666665,0.38140422,1.2121507,0.4703242,0.37856162
2019-10-24 07:00:00-08:00,1.401822537,0.90105975,2.4135897,1.191088,0.5595679
2019-10-24 07:15:00-08:00,2.6916279880666667,3.1869285,3.4990306,2.193139,0.7113781
2019-10-24 07:30:00-08:00,4.206265455466666,4.3889675,4.472688,3.3981028,0.87988544
2019-10-24 07:45:00-08:00,5.731462626266667,5.9567575,5.9593697,4.7870874,1.0434108
2019-10-24 08:00:00-08:00,7.174227543933334,8.748603,7.620346,6.2414026,1.122118
2019-10-24 08:15:00-08:00,8.709885712066667,9.160814,9.387664,7.7790833,1.2212932
2019-10-24 08:30:00-08:00,10.1121757914,10.479496,10.846087,9.226792,1.3163362
2019-10-24 08:45:00-08:00,11.468256213333332,13.049157,12.360443,10.85767,1.379439
2019-10-24 09:00:00-08:00,12.708459114666669,13.813704,13.8888855,12.309078,1.424412
2019-10-24 09:15:00-08:00,13.838587592666668,13.732941,15.219105,13.622146,1.40342
2019-10-24 09:30:00-08:00,14.878554260666665,12.039651,16.567532,14.796881,1.4007044
2019-10-24 09:45:00-08:00,15.812543040666664,16.584288,18.03744,16.02967,1.3975655
2019-10-24 10:00:00-08:00,16.683006584666668,21.140938,19.188147,16.999964,1.4087294
2019-10-24 10:15:00-08:00,17.463006092666664,15.453945,20.727427,17.724375,1.387746
2019-10-24 10:30:00-08:00,18.027795560666668,17.073254,21.868816,18.450197,1.3550932
2019-10-24 10:45:00-08:00,18.51950597866667,19.77642,22.481266,18.896955,1.3474367
2019-10-24 11:00:00-08:00,18.90531735933333,19.712673,23.259241,19.431469,1.3565528
2019-10-24 11:15:00-08:00,19.38860994333333,23.45803,23.62862,19.854324,1.3500172
2019-10-24 11:30:00-08:00,19.57204356133333,19.64655,24.10609,20.110611,1.3607392
2019-10-24 11:45:00-08:00,19.500708088666663,21.919685,23.983175,20.2822,1.3571931
2019-10-24 12:00:00-08:00,19.48096339733333,21.548473,24.183239,20.557724,1.3320376
2019-10-24 12:15:00-08:00,19.543463868666667,23.462425,24.362885,20.566002,1.3663926
2019-10-24 12:30:00-08:00,19.380557834666664,21.696404,24.364376,20.536278,1.343231
2019-10-24 12:45:00-08:00,18.951630446,23.427649,23.90479,20.42189,1.3516058
2019-10-24 13:00:00-08:00,18.614744754666667,20.148008,23.16113,19.987646,1.3777825
2019-10-24 13:15:00-08:00,18.280152674666667,19.043934,22.59307,19.540176,1.4083104
2019-10-24 13:30:00-08:00,17.87756341533333,19.262074,21.789022,19.148373,1.4261725
2019-10-24 13:45:00-08:00,17.216428702,20.801836,20.987398,18.565884,1.4423412
2019-10-24 14:00:00-08:00,16.53258427933333,18.785475,19.894985,17.808971,1.4902325
2019-10-24 14:15:00-08:00,15.76573326733333,17.687916,18.656185,16.92357,1.4968501
2019-10-24 14:30:00-08:00,14.776993662,18.119804,17.578499,15.829678,1.5477973
2019-10-24 14:45:00-08:00,13.61087473133333,13.993254,16.299765,14.674968,1.556632
2019-10-24 15:00:00-08:00,12.560005627999999,12.144178,15.032303,13.200697,1.5838012
2019-10-24 15:15:00-08:00,11.459770908,10.215497,13.420541,11.815603,1.5705585
2019-10-24 15:30:00-08:00,10.119697589666666,9.483974,11.773706,10.25987,1.5573517
2019-10-24 15:45:00-08:00,8.669361343666667,6.936075,9.781916,8.680724,1.5054849
2019-10-24 16:00:00-08:00,7.036086530533333,8.337637,7.8412666,7.176667,1.4022765
2019-10-24 16:15:00-08:00,5.311651209466667,7.1395216,5.891994,5.5863094,1.2794781
2019-10-24 16:30:00-08:00,3.3505871004666665,4.636095,4.202425,4.1383047,1.0720335
2019-10-24 16:45:00-08:00,1.1862941723333336,0.71723944,2.8408735,2.8503518,0.83824986
2019-10-24 17:00:00-08:00,0.0065577403999999995,0.0,1.5705367,1.7827289,0.5951352
2019-10-24 17:15:00-08:00,0.0,1.006519,0.53001755,0.84485114,0.35983992
2019-10-24 17:30:00-08:00,0.0,0.0,0.0,0.0,0.0
2019-10-24 17:45:00-08:00,0.0,0.0,0.0,0.0,0.0
2019-10-24 18:00:00-08:00,0.0,0.0,0.0,0.0,0.0
2019-10-24 18:15:00-08:00,0.0,0.0,0.0,0.0,0.0
2019-10-24 18:30:00-08:00,0.0,0.0,0.0,0.0,0.0
2019-10-24 18:45:00-08:00,0.0,0.0,0.0,0.0,0.0
2019-10-24 19:00:00-08:00,0.0,0.0,0.0,0.0,0.0
2019-10-24 19:15:00-08:00,0.0,0.0,0.0,0.0,0.0
2019-10-24 19:30:00-08:00,0.0,0.0,0.0,0.0,0.0
2019-10-24 19:45:00-08:00,0.0,0.0,0.0,0.0,0.0
2019-10-24 20:00:00-08:00,0.0,0.0,0.0,0.0,0.0
2019-10-24 20:15:00-08:00,0.0,0.0,0.0,0.0,0.0
2019-10-24 20:30:00-08:00,0.0,0.0,0.0,0.0,0.0
2019-10-24 20:45:00-08:00,0.0,0.0,0.0,0.0,0.0
2019-10-24 21:00:00-08:00,0.0,0.0,0.0,0.0,0.0
2019-10-24 21:15:00-08:00,0.0,0.0,0.0,0.0,0.0
2019-10-24 21:30:00-08:00,0.0,0.0,0.0,0.0,0.0
2019-10-24 21:45:00-08:00,0.0,0.0,0.0,0.0,0.0
2019-10-24 22:00:00-08:00,0.0,0.0,0.0,0.0,0.0
2019-10-24 22:15:00-08:00,0.0,0.0,0.0,0.0,0.0
2019-10-24 22:30:00-08:00,0.0,0.0,0.0,0.0,0.0
2019-10-24 22:45:00-08:00,0.0,0.0,0.0,0.0,0.0
2019-10-24 23:00:00-08:00,0.0,0.0,0.0,0.0,0.0
2019-10-24 23:15:00-08:00,0.0,0.0,0.0,0.0,0.0
2019-10-24 23:30:00-08:00,0.0,0.0,0.0,0.0,0.0
2019-10-24 23:45:00-08:00,0.0,0.0,0.0,0.0,0.0
2019-10-25 00:00:00-08:00,0.0,0.0,0.0,0.0,0.0
2019-10-25 00:15:00-08:00,0.0,0.0,0.0,0.0,0.0
2019-10-25 00:30:00-08:00,0.0,0.0,0.0,0.0,0.0
2019-10-25 00:45:00-08:00,0.0,0.0,0.0,0.0,0.0
2019-10-25 01:00:00-08:00,0.0,0.0,0.0,0.0,0.0
2019-10-25 01:15:00-08:00,0.0,0.0,0.0,0.0,0.0
2019-10-25 01:30:00-08:00,0.0,0.0,0.0,0.0,0.0
2019-10-25 01:45:00-08:00,0.0,0.0,0.0,0.0,0.0
2019-10-25 02:00:00-08:00,0.0,0.0,0.0,0.0,0.0
2019-10-25 02:15:00-08:00,0.0,0.0,0.0,0.0,0.0
2019-10-25 02:30:00-08:00,0.0,0.0,0.0,0.0,0.0
2019-10-25 02:45:00-08:00,0.0,0.0,0.0,0.0,0.0
2019-10-25 03:00:00-08:00,0.0,0.0,0.0,0.0,0.0
2019-10-25 03:15:00-08:00,0.0,0.0,0.0,0.0,0.0
2019-10-25 03:30:00-08:00,0.0,0.0,0.0,0.0,0.0
2019-10-25 03:45:00-08:00,0.0,0.0,0.0,0.0,0.0
2019-10-25 04:00:00-08:00,0.0,0.0,0.0,0.0,0.0
2019-10-25 04:15:00-08:00,0.0,0.0,0.0,0.0,0.0
2019-10-25 04:30:00-08:00,0.0,0.0,0.0,0.0,0.0
2019-10-25 04:45:00-08:00,0.0,0.0,0.0,0.0,0.0
2019-10-25 05:00:00-08:00,0.0,0.0,0.0,0.0,0.0
2019-10-25 05:15:00-08:00,0.0,0.0,0.0,0.0,0.0
2019-10-25 05:30:00-08:00,0.0,0.0,0.0,0.0,0.0
2019-10-25 05:45:00-08:00,0.0,0.0,0.0,0.0,0.0
2019-10-25 06:00:00-08:00,0.0,0.0,0.0,0.0,0.0
2019-10-25 06:15:00-08:00,0.0,0.0,0.0,0.0,0.0
2019-10-25 06:30:00-08:00,0.0092357489333333,0.05409167,0.3604856,0.071735874,0.20330568
2019-10-25 06:45:00-08:00,0.4397444194666666,0.4331316,0.9697042,0.71931684,0.3439696
2019-10-25 07:00:00-08:00,1.0768257004,1.6481434,2.228769,1.5413864,0.5225102
2019-10-25 07:15:00-08:00,2.2071201295333336,2.305233,3.1843495,2.6368086,0.67752427
2019-10-25 07:30:00-08:00,4.257085196866666,4.2128677,4.159079,3.925836,0.84272164
2019-10-25 07:45:00-08:00,5.772678331933332,6.2603455,5.597205,5.375555,1.005621
2019-10-25 08:00:00-08:00,7.151891389666666,8.974782,7.283369,6.8537226,1.0881943
2019-10-25 08:15:00-08:00,8.813628627600002,10.6773205,8.965852,8.394129,1.1873255
2019-10-25 08:30:00-08:00,10.166384092666666,10.14116,10.519325,9.824499,1.2763625
2019-10-25 08:45:00-08:00,11.485562098,13.164577,11.946108,11.413309,1.3360447
2019-10-25 09:00:00-08:00,12.688083238,14.050547,13.524459,12.829104,1.3823179
2019-10-25 09:15:00-08:00,13.786943191333332,13.528629,14.794058,14.087549,1.3591349
2019-10-25 09:30:00-08:00,14.791748465333333,12.130145,15.93507,15.214401,1.3487968
2019-10-25 09:45:00-08:00,15.765318424,17.11312,17.159698,16.395485,1.34338
2019-10-25 10:00:00-08:00,16.449608731333335,18.314362,17.965,17.308907,1.3454882
2019-10-25 10:15:00-08:00,17.20177812333333,15.1911335,19.214863,17.98216,1.3253887
2019-10-25 10:30:00-08:00,17.736654737333335,16.270897,20.00488,18.66927,1.2873555
2019-10-25 10:45:00-08:00,18.23234344133333,18.578568,20.238592,19.065067,1.2762655
2019-10-25 11:00:00-08:00,18.66823813266667,19.718407,20.725563,19.58886,1.283766
2019-10-25 11:15:00-08:00,18.91699622666667,21.653717,20.888756,19.993366,1.2788891
2019-10-25 11:30:00-08:00,18.935042074,15.632849,21.10263,20.219074,1.2832172
2019-10-25 11:45:00-08:00,18.79737347533333,16.171522,20.773087,20.366716,1.2788322
2019-10-25 12:00:00-08:00,19.286839838666666,16.462019,20.85866,20.630236,1.2543392
2019-10-25 12:15:00-08:00,19.256389228666663,21.86157,20.854353,20.611261,1.2818114
2019-10-25 12:30:00-08:00,19.162338666,22.043133,20.89336,20.54889,1.2685151
2019-10-25 12:45:00-08:00,18.851976942,20.78629,20.478827,20.412176,1.282081
2019-10-25 13:00:00-08:00,18.417877916666665,20.47924,19.746967,19.95466,1.2973484
2019-10-25 13:15:00-08:00,17.958048232,19.117195,19.22979,19.48938,1.3311081
2019-10-25 13:30:00-08:00,17.608850812666663,19.745121,18.294065,19.081572,1.3457078
2019-10-25 13:45:00-08:00,17.056026001333333,18.61271,17.433342,18.472382,1.3653872
2019-10-25 14:00:00-08:00,16.455535261333335,17.209118,16.337658,17.702616,1.4128872
2019-10-25 14:15:00-08:00,15.614567481999998,17.643566,15.069355,16.797419,1.416364
2019-10-25 14:30:00-08:00,14.670793429333335,16.188494,13.9324875,15.650404,1.4712714
2019-10-25 14:45:00-08:00,13.490611132666666,13.451737,12.777807,14.459726,1.4848362
2019-10-25 15:00:00-08:00,12.083517887333333,12.053086,11.659751,12.951441,1.5027084
2019-10-25 15:15:00-08:00,10.195281404,11.643356,10.296186,11.544413,1.5046778
2019-10-25 15:30:00-08:00,9.137525551333333,8.781361,8.955933,9.939119,1.4920692
2019-10-25 15:45:00-08:00,7.576595254533333,6.7688503,7.2378945,8.324116,1.4369414
2019-10-25 16:00:00-08:00,6.2260651692666675,8.127236,5.5709414,6.7875023,1.335632
2019-10-25 16:15:00-08:00,4.606496350866667,6.5629387,3.9180927,5.159458,1.2096766
2019-10-25 16:30:00-08:00,2.6945966671333337,3.760775,2.48372,3.6927788,0.9964231
2019-10-25 16:45:00-08:00,0.8228670440666667,0.8216765,1.4319108,2.397842,0.7576766
2019-10-25 17:00:00-08:00,0.0,0.0,0.5089469,1.3566359,0.5114474
2019-10-25 17:15:00-08:00,0.0,0.0,0.0,0.45755386,0.27421242
2019-10-25 17:30:00-08:00,0.0,0.0,0.0,0.0,0.0
2019-10-25 17:45:00-08:00,0.0,0.0,0.0,0.0,0.0
2019-10-25 18:00:00-08:00,0.0,0.0,0.0,0.0,0.0
2019-10-25 18:15:00-08:00,0.0,0.0,0.0,0.0,0.0
2019-10-25 18:30:00-08:00,0.0,0.0,0.0,0.0,0.0
2019-10-25 18:45:00-08:00,0.0,0.0,0.0,0.0,0.0
2019-10-25 19:00:00-08:00,0.0,0.0,0.0,0.0,0.0
2019-10-25 19:15:00-08:00,0.0,0.0,0.0,0.0,0.0
2019-10-25 19:30:00-08:00,0.0,0.0,0.0,0.0,0.0
2019-10-25 19:45:00-08:00,0.0,0.0,0.0,0.0,0.0
2019-10-25 20:00:00-08:00,0.0,0.0,0.0,0.0,0.0
2019-10-25 20:15:00-08:00,0.0,0.0,0.0,0.0,0.0
2019-10-25 20:30:00-08:00,0.0,0.0,0.0,0.0,0.0
2019-10-25 20:45:00-08:00,0.0,0.0,0.0,0.0,0.0
2019-10-25 21:00:00-08:00,0.0,0.0,0.0,0.0,0.0
2019-10-25 21:15:00-08:00,0.0,0.0,0.0,0.0,0.0
2019-10-25 21:30:00-08:00,0.0,0.0,0.0,0.0,0.0
2019-10-25 21:45:00-08:00,0.0,0.0,0.0,0.0,0.0
2019-10-25 22:00:00-08:00,0.0,0.0,0.0,0.0,0.0
2019-10-25 22:15:00-08:00,0.0,0.0,0.0,0.0,0.0
2019-10-25 22:30:00-08:00,0.0,0.0,0.0,0.0,0.0
2019-10-25 22:45:00-08:00,0.0,0.0,0.0,0.0,0.0
2019-10-25 23:00:00-08:00,0.0,0.0,0.0,0.0,0.0
2019-10-25 23:15:00-08:00,0.0,0.0,0.0,0.0,0.0
2019-10-25 23:30:00-08:00,0.0,0.0,0.0,0.0,0.0
2019-10-25 23:45:00-08:00,0.0,0.0,0.0,0.0,0.0
2019-10-26 00:00:00-08:00,0.0,0.0,0.0,0.0,0.0
2019-10-26 00:15:00-08:00,0.0,0.0,0.0,0.0,0.0
2019-10-26 00:30:00-08:00,0.0,0.0,0.0,0.0,0.0
2019-10-26 00:45:00-08:00,0.0,0.0,0.0,0.0,0.0
2019-10-26 01:00:00-08:00,0.0,0.0,0.0,0.0,0.0
2019-10-26 01:15:00-08:00,0.0,0.0,0.0,0.0,0.0
2019-10-26 01:30:00-08:00,0.0,0.0,0.0,0.0,0.0
2019-10-26 01:45:00-08:00,0.0,0.0,0.0,0.0,0.0
2019-10-26 02:00:00-08:00,0.0,0.0,0.0,0.0,0.0
2019-10-26 02:15:00-08:00,0.0,0.0,0.0,0.0,0.0
2019-10-26 02:30:00-08:00,0.0,0.0,0.0,0.0,0.0
2019-10-26 02:45:00-08:00,0.0,0.0,0.0,0.0,0.0
2019-10-26 03:00:00-08:00,0.0,0.0,0.0,0.0,0.0
2019-10-26 03:15:00-08:00,0.0,0.0,0.0,0.0,0.0
2019-10-26 03:30:00-08:00,0.0,0.0,0.0,0.0,0.0
2019-10-26 03:45:00-08:00,0.0,0.0,0.0,0.0,0.0
2019-10-26 04:00:00-08:00,0.0,0.0,0.0,0.0,0.0
2019-10-26 04:15:00-08:00,0.0,0.0,0.0,0.0,0.0
2019-10-26 04:30:00-08:00,0.0,0.0,0.0,0.0,0.0
2019-10-26 04:45:00-08:00,0.0,0.0,0.0,0.0,0.0
2019-10-26 05:00:00-08:00,0.0,0.0,0.0,0.0,0.0
2019-10-26 05:15:00-08:00,0.0,0.0,0.0,0.0,0.0
2019-10-26 05:30:00-08:00,0.0,0.0,0.0,0.0,0.0
2019-10-26 05:45:00-08:00,0.0,0.0,0.0,0.0,0.0
2019-10-26 06:00:00-08:00,0.0,0.0,0.0,0.0,0.0
2019-10-26 06:15:00-08:00,0.0,0.0,0.0,0.0,0.0
2019-10-26 06:30:00-08:00,0.0,0.2657106,0.41597563,0.0,0.1655795
2019-10-26 06:45:00-08:00,0.1821814984,0.28960285,0.90082616,0.0,0.29004532
2019-10-26 07:00:00-08:00,1.0410830096666668,0.5415673,2.1430855,0.23654611,0.45576265
2019-10-26 07:15:00-08:00,2.3232848456666666,2.3954113,3.214734,0.9817327,0.6004027
2019-10-26 07:30:00-08:00,3.571307140933333,3.639701,4.1399302,1.9636877,0.7466592
2019-10-26 07:45:00-08:00,4.558515471066666,5.5170984,5.7139854,3.141654,0.88974416
2019-10-26 08:00:00-08:00,6.054810207999999,7.16196,7.2787027,4.460913,0.9560782
2019-10-26 08:15:00-08:00,7.997786778599998,8.327383,9.121028,5.917233,1.0292379
2019-10-26 08:30:00-08:00,9.830375536533332,9.56976,10.685063,7.31977,1.093524
2019-10-26 08:45:00-08:00,11.328762108,10.683915,12.160158,8.938709,1.1358445
2019-10-26 09:00:00-08:00,12.622387738666665,11.452867,13.648376,10.422842,1.1713238
2019-10-26 09:15:00-08:00,13.673224861333331,12.753674,14.832018,11.892674,1.148844
2019-10-26 09:30:00-08:00,14.676225186666665,11.480704,15.962599,13.175392,1.1337078
2019-10-26 09:45:00-08:00,15.659913191333331,13.888554,17.24586,14.626651,1.1291726
2019-10-26 10:00:00-08:00,16.555535254666665,15.260013,17.917492,15.834158,1.1324265
2019-10-26 10:15:00-08:00,17.29132391,17.66207,18.927448,16.856844,1.1220374
2019-10-26 10:30:00-08:00,17.927079425333332,18.425327,19.670856,17.783966,1.0884198
2019-10-26 10:45:00-08:00,18.438887970666663,16.98276,19.659737,18.507137,1.0793655
2019-10-26 11:00:00-08:00,18.965969026666667,18.873505,20.156483,19.179869,1.0893385
2019-10-26 11:15:00-08:00,19.43740662933333,19.335554,20.13821,19.72995,1.0857215
2019-10-26 11:30:00-08:00,19.665422222,20.711117,20.467846,20.119919,1.0859646
2019-10-26 11:45:00-08:00,19.742271108,17.83255,20.200695,20.329458,1.0849507
2019-10-26 12:00:00-08:00,19.80320813666667,18.787027,20.41547,20.65643,1.0657008
2019-10-26 12:15:00-08:00,19.630176068,17.621353,20.604246,20.687782,1.0864024
2019-10-26 12:30:00-08:00,19.407655662666667,19.330626,20.64382,20.677551,1.0784818
2019-10-26 12:45:00-08:00,19.093984858,19.920635,20.378029,20.542767,1.0901212
2019-10-26 13:00:00-08:00,18.77062770266667,18.567963,19.925629,20.149723,1.1006638
2019-10-26 13:15:00-08:00,18.364622224666665,19.416294,19.917704,19.71514,1.1337719
2019-10-26 13:30:00-08:00,17.830419644,18.159716,19.546228,19.355265,1.1419618
2019-10-26 13:45:00-08:00,17.13966509933333,18.433117,19.063637,18.813324,1.1664044
2019-10-26 14:00:00-08:00,16.55165772133333,17.656929,18.478611,18.11973,1.2112093
2019-10-26 14:15:00-08:00,15.598570201333333,16.72777,17.885725,17.280989,1.2232363
2019-10-26 14:30:00-08:00,14.556303953333334,15.402618,17.013466,16.253422,1.278179
2019-10-26 14:45:00-08:00,13.454467156666665,15.041855,15.931702,15.180607,1.291368
2019-10-26 15:00:00-08:00,12.501824186,13.365626,14.715029,13.760925,1.3098482
2019-10-26 15:15:00-08:00,11.248243251333331,12.006399,13.296395,12.378761,1.322021
2019-10-26 15:30:00-08:00,9.585699158533332,9.479177,11.622138,10.831697,1.3086674
2019-10-26 15:45:00-08:00,8.187874362333334,8.148739,9.773636,9.256299,1.2479869
2019-10-26 16:00:00-08:00,6.6394925136,7.0212336,8.061753,7.7095203,1.145896
2019-10-26 16:15:00-08:00,4.683301416600001,5.248602,6.284322,6.0974193,1.016725
2019-10-26 16:30:00-08:00,2.5410607358,2.0319312,4.6947107,4.63354,0.8115304
2019-10-26 16:45:00-08:00,0.7736638557333334,0.7797219,3.3988402,3.2981749,0.58022606
2019-10-26 17:00:00-08:00,0.0,0.313201,2.337881,2.1245325,0.35479486
2019-10-26 17:15:00-08:00,0.0,0.1852775,1.15947,1.1016043,0.1432569
2019-10-26 17:30:00-08:00,0.0,0.0,0.0,0.0,0.0
2019-10-26 17:45:00-08:00,0.0,0.0,0.0,0.0,0.0
2019-10-26 18:00:00-08:00,0.0,0.0,0.0,0.0,0.0
2019-10-26 18:15:00-08:00,0.0,0.0,0.0,0.0,0.0
2019-10-26 18:30:00-08:00,0.0,0.0,0.0,0.0,0.0
2019-10-26 18:45:00-08:00,0.0,0.0,0.0,0.0,0.0
2019-10-26 19:00:00-08:00,0.0,0.0,0.0,0.0,0.0
2019-10-26 19:15:00-08:00,0.0,0.0,0.0,0.0,0.0
2019-10-26 19:30:00-08:00,0.0,0.0,0.0,0.0,0.0
2019-10-26 19:45:00-08:00,0.0,0.0,0.0,0.0,0.0
2019-10-26 20:00:00-08:00,0.0,0.0,0.0,0.0,0.0
2019-10-26 20:15:00-08:00,0.0,0.0,0.0,0.0,0.0
2019-10-26 20:30:00-08:00,0.0,0.0,0.0,0.0,0.0
2019-10-26 20:45:00-08:00,0.0,0.0,0.0,0.0,0.0
2019-10-26 21:00:00-08:00,0.0,0.0,0.0,0.0,0.0
2019-10-26 21:15:00-08:00,0.0,0.0,0.0,0.0,0.0
2019-10-26 21:30:00-08:00,0.0,0.0,0.0,0.0,0.0
2019-10-26 21:45:00-08:00,0.0,0.0,0.0,0.0,0.0
2019-10-26 22:00:00-08:00,0.0,0.0,0.0,0.0,0.0
2019-10-26 22:15:00-08:00,0.0,0.0,0.0,0.0,0.0
2019-10-26 22:30:00-08:00,0.0,0.0,0.0,0.0,0.0
2019-10-26 22:45:00-08:00,0.0,0.0,0.0,0.0,0.0
2019-10-26 23:00:00-08:00,0.0,0.0,0.0,0.0,0.0
2019-10-26 23:15:00-08:00,0.0,0.0,0.0,0.0,0.0
2019-10-26 23:30:00-08:00,0.0,0.0,0.0,0.0,0.0
2019-10-26 23:45:00-08:00,0.0,0.0,0.0,0.0,0.0
