latitude,longitude,elevation,utc_offset_seconds,timezone,timezone_abbreviation
37.427963,-122.154785,35.0,-32400,America/Anchorage,GMT-9

time,temperature_2m (°C),cloud_cover (%),wind_speed_10m (km/h),shortwave_radiation (W/m²),diffuse_radiation (W/m²),direct_normal_irradiance (W/m²),relative_humidity_2m (%),precipitation (mm)
2019-01-01T00:00,3.4,0,12.6,0.0,0.0,0.0,52,0.00
2019-01-01T01:00,3.3,0,15.1,0.0,0.0,0.0,50,0.00
2019-01-01T02:00,2.4,0,11.9,0.0,0.0,0.0,53,0.00
2019-01-01T03:00,2.4,0,11.7,0.0,0.0,0.0,51,0.00
2019-01-01T04:00,1.9,0,9.8,0.0,0.0,0.0,52,0.00
2019-01-01T05:00,1.3,0,7.0,0.0,0.0,0.0,52,0.00
2019-01-01T06:00,1.2,0,1.6,0.0,0.0,0.0,44,0.00
2019-01-01T07:00,1.7,0,2.7,32.0,12.0,239.4,44,0.00
2019-01-01T08:00,5.6,8,3.6,174.0,37.0,781.2,45,0.00
2019-01-01T09:00,9.6,13,0.8,337.0,54.0,893.1,36,0.00
2019-01-01T10:00,9.5,8,3.7,461.0,63.0,946.2,30,0.00
2019-01-01T11:00,11.0,81,10.2,530.0,71.0,957.1,28,0.00
2019-01-01T12:00,10.6,1,8.4,536.0,92.0,906.7,26,0.00
2019-01-01T13:00,10.9,0,6.2,453.0,187.0,590.7,26,0.00
2019-01-01T14:00,11.5,0,6.2,355.0,113.0,664.6,25,0.00
2019-01-01T15:00,11.7,0,3.4,209.0,60.0,628.7,23,0.00
2019-01-01T16:00,9.5,0,1.9,0.0,0.0,0.0,27,0.00
2019-01-01T17:00,7.3,0,5.4,0.0,0.0,0.0,43,0.00
2019-01-01T18:00,6.5,0,8.7,0.0,0.0,0.0,46,0.00
2019-01-01T19:00,5.4,0,7.7,0.0,0.0,0.0,46,0.00
2019-01-01T20:00,4.2,0,5.1,0.0,0.0,0.0,46,0.00
2019-01-01T21:00,3.2,0,2.2,0.0,0.0,0.0,50,0.00
2019-01-01T22:00,2.8,0,2.6,0.0,0.0,0.0,53,0.00
2019-01-01T23:00,2.2,0,2.0,0.0,0.0,0.0,52,0.00
2019-01-02T00:00,1.7,0,2.9,0.0,0.0,0.0,54,0.00
2019-01-02T01:00,1.4,0,3.6,0.0,0.0,0.0,59,0.00
2019-01-02T02:00,0.8,0,6.4,0.0,0.0,0.0,66,0.00
2019-01-02T03:00,0.4,0,5.2,0.0,0.0,0.0,67,0.00
2019-01-02T04:00,0.3,0,0.5,0.0,0.0,0.0,64,0.00
2019-01-02T05:00,-0.2,0,4.7,0.0,0.0,0.0,73,0.00
2019-01-02T06:00,-0.3,0,5.5,0.0,0.0,0.0,77,0.00
2019-01-02T07:00,0.2,0,3.5,27.0,19.0,95.9,81,0.00
2019-01-02T08:00,3.6,0,3.4,164.0,49.0,655.9,82,0.00
2019-01-02T09:00,7.4,0,3.4,324.0,58.0,838.7,65,0.00
2019-01-02T10:00,9.5,0,2.4,445.0,68.0,894.9,54,0.00
2019-01-02T11:00,10.7,0,1.6,512.0,75.0,909.2,45,0.00
2019-01-02T12:00,11.3,0,4.5,522.0,77.0,906.0,40,0.00
2019-01-02T13:00,12.1,0,5.4,471.0,77.0,871.4,35,0.00
2019-01-02T14:00,12.9,0,5.1,360.0,71.0,789.1,34,0.00
2019-01-02T15:00,12.9,0,6.6,202.0,63.0,580.9,34,0.00
2019-01-02T16:00,10.5,0,7.3,0.0,0.0,0.0,39,0.00
2019-01-02T17:00,8.5,0,6.6,0.0,0.0,0.0,50,0.00
2019-01-02T18:00,7.3,0,7.6,0.0,0.0,0.0,50,0.00
2019-01-02T19:00,6.4,0,8.9,0.0,0.0,0.0,54,0.00
2019-01-02T20:00,5.4,0,7.6,0.0,0.0,0.0,56,0.00
2019-01-02T21:00,4.6,0,7.6,0.0,0.0,0.0,58,0.00
2019-01-02T22:00,3.8,0,6.9,0.0,0.0,0.0,61,0.00
2019-01-02T23:00,3.1,0,4.3,0.0,0.0,0.0,66,0.00
2019-01-03T00:00,2.3,0,2.4,0.0,0.0,0.0,69,0.00
2019-01-03T01:00,1.9,0,3.3,0.0,0.0,0.0,71,0.00
2019-01-03T02:00,1.2,0,3.3,0.0,0.0,0.0,76,0.00
2019-01-03T03:00,1.0,0,3.3,0.0,0.0,0.0,76,0.00
2019-01-03T04:00,0.5,0,1.6,0.0,0.0,0.0,77,0.00
2019-01-03T05:00,-0.1,0,5.5,0.0,0.0,0.0,84,0.00
2019-01-03T06:00,-0.1,0,0.0,0.0,0.0,0.0,81,0.00
2019-01-03T07:00,0.4,0,3.4,29.0,17.0,143.9,86,0.00
2019-01-03T08:00,3.8,0,2.8,159.0,67.0,524.6,84,0.00
2019-01-03T09:00,7.1,0,3.5,320.0,79.0,758.9,69,0.00
2019-01-03T10:00,8.9,4,2.5,446.0,73.0,883.7,55,0.00
2019-01-03T11:00,10.1,0,4.8,514.0,77.0,906.9,51,0.00
2019-01-03T12:00,10.8,0,2.7,491.0,242.0,505.3,48,0.00
2019-01-03T13:00,11.8,3,6.9,465.0,143.0,709.1,48,0.00
2019-01-03T14:00,12.7,0,9.0,352.0,148.0,553.7,48,0.00
2019-01-03T15:00,12.0,0,8.0,193.0,121.0,297.9,49,0.00
2019-01-03T16:00,10.1,0,5.6,0.0,0.0,0.0,55,0.00
2019-01-03T17:00,8.4,0,8.6,0.0,0.0,0.0,63,0.00
2019-01-03T18:00,7.3,0,9.2,0.0,0.0,0.0,69,0.00
2019-01-03T19:00,6.1,0,6.1,0.0,0.0,0.0,71,0.00
2019-01-03T20:00,5.1,0,4.8,0.0,0.0,0.0,78,0.00
2019-01-03T21:00,4.3,0,4.8,0.0,0.0,0.0,80,0.00
2019-01-03T22:00,3.6,0,3.9,0.0,0.0,0.0,83,0.00
2019-01-03T23:00,3.0,0,2.5,0.0,0.0,0.0,84,0.00
2019-01-04T00:00,2.5,0,5.4,0.0,0.0,0.0,84,0.00
2019-01-04T01:00,1.8,0,6.8,0.0,0.0,0.0,90,0.00
2019-01-04T02:00,1.4,0,7.3,0.0,0.0,0.0,85,0.00
2019-01-04T03:00,1.1,0,5.8,0.0,0.0,0.0,84,0.00
2019-01-04T04:00,0.8,0,6.3,0.0,0.0,0.0,84,0.00
2019-01-04T05:00,0.6,0,9.4,0.0,0.0,0.0,89,0.00
2019-01-04T06:00,0.1,0,6.3,0.0,0.0,0.0,87,0.00
2019-01-04T07:00,0.7,0,2.6,28.0,19.0,108.0,87,0.00
2019-01-04T08:00,3.8,0,2.5,155.0,90.0,370.4,86,0.00
2019-01-04T09:00,6.9,0,2.2,315.0,112.0,638.3,77,0.00
2019-01-04T10:00,8.9,0,3.2,421.0,173.0,586.3,68,0.00
2019-01-04T11:00,11.1,0,5.6,506.0,138.0,761.7,62,0.00
2019-01-04T12:00,12.3,0,3.9,513.0,132.0,770.5,58,0.00
2019-01-04T13:00,13.7,0,2.6,461.0,136.0,712.5,53,0.00
2019-01-04T14:00,14.3,0,2.9,339.0,136.0,547.5,51,0.00
2019-01-04T15:00,14.0,0,4.7,195.0,100.0,389.0,54,0.00
2019-01-04T16:00,11.8,0,5.1,0.0,0.0,0.0,57,0.00
2019-01-04T17:00,9.3,0,0.5,0.0,0.0,0.0,64,0.00
2019-01-04T18:00,8.1,0,5.0,0.0,0.0,0.0,69,0.00
2019-01-04T19:00,7.1,16,6.4,0.0,0.0,0.0,77,0.00
2019-01-04T20:00,6.4,16,7.4,0.0,0.0,0.0,83,0.00
2019-01-04T21:00,6.3,18,7.8,0.0,0.0,0.0,85,0.00
2019-01-04T22:00,5.8,22,6.8,0.0,0.0,0.0,86,0.00
2019-01-04T23:00,5.8,16,7.9,0.0,0.0,0.0,88,0.00
2019-01-05T00:00,5.9,33,8.5,0.0,0.0,0.0,87,0.00
2019-01-05T01:00,6.1,54,10.2,0.0,0.0,0.0,83,0.00
2019-01-05T02:00,6.4,66,12.6,0.0,0.0,0.0,80,0.00
2019-01-05T03:00,6.7,100,9.4,0.0,0.0,0.0,80,0.00
2019-01-05T04:00,6.9,87,10.2,0.0,0.0,0.0,79,0.00
2019-01-05T05:00,6.5,54,11.0,0.0,0.0,0.0,79,0.00
2019-01-05T06:00,6.6,61,13.0,0.0,0.0,0.0,82,0.00
2019-01-05T07:00,8.2,42,10.0,12.0,12.0,0.0,79,0.00
2019-01-05T08:00,9.3,22,15.3,14.0,14.0,0.0,79,0.00
2019-01-05T09:00,11.7,68,29.6,304.0,83.0,693.5,74,0.00
2019-01-05T10:00,13.5,42,21.9,364.0,178.0,438.7,72,0.00
2019-01-05T11:00,13.7,72,24.9,497.0,143.0,730.5,73,0.40
2019-01-05T12:00,13.7,77,21.6,437.0,256.0,364.7,76,0.00
2019-01-05T13:00,13.0,72,18.4,393.0,192.0,438.6,80,1.40
2019-01-05T14:00,12.2,79,8.9,55.0,55.0,0.0,82,0.40
2019-01-05T15:00,12.2,83,4.2,196.0,62.0,542.9,79,0.00
2019-01-05T16:00,11.6,91,3.1,0.0,0.0,0.0,77,0.00
2019-01-05T17:00,11.0,76,3.1,0.0,0.0,0.0,79,0.00
2019-01-05T18:00,10.4,66,3.6,0.0,0.0,0.0,83,0.00
2019-01-05T19:00,9.6,64,7.3,0.0,0.0,0.0,81,0.00
2019-01-05T20:00,9.1,21,7.6,0.0,0.0,0.0,86,0.00
2019-01-05T21:00,9.0,29,3.2,0.0,0.0,0.0,84,0.00
2019-01-05T22:00,7.9,19,5.6,0.0,0.0,0.0,86,0.00
2019-01-05T23:00,7.2,10,4.2,0.0,0.0,0.0,89,0.00
2019-01-06T00:00,6.9,24,5.1,0.0,0.0,0.0,88,0.00
2019-01-06T01:00,6.5,4,9.0,0.0,0.0,0.0,90,0.00
2019-01-06T02:00,6.2,16,9.5,0.0,0.0,0.0,91,0.00
2019-01-06T03:00,5.9,17,6.6,0.0,0.0,0.0,92,0.00
2019-01-06T04:00,5.9,19,7.1,0.0,0.0,0.0,94,0.00
2019-01-06T05:00,6.2,18,10.0,0.0,0.0,0.0,92,0.00
2019-01-06T06:00,6.7,32,10.5,0.0,0.0,0.0,90,0.00
2019-01-06T07:00,7.7,40,10.8,21.0,21.0,0.0,88,0.00
2019-01-06T08:00,9.2,69,15.3,104.0,104.0,0.0,84,0.00
2019-01-06T09:00,9.8,100,15.9,35.0,35.0,0.0,86,1.10
2019-01-06T10:00,9.9,74,12.3,43.0,43.0,0.0,89,4.30
2019-01-06T11:00,10.0,100,12.0,104.0,104.0,0.0,89,0.70
2019-01-06T12:00,10.6,62,19.7,75.0,75.0,0.0,85,1.80
2019-01-06T13:00,10.9,77,20.2,169.0,169.0,0.0,84,4.70
2019-01-06T14:00,10.5,84,26.5,183.0,183.0,0.0,86,2.90
2019-01-06T15:00,10.1,79,14.3,39.0,39.0,0.0,91,2.50
2019-01-06T16:00,10.4,100,16.3,0.0,0.0,0.0,88,2.50
2019-01-06T17:00,11.9,99,11.9,0.0,0.0,0.0,89,1.40
2019-01-06T18:00,11.6,96,8.0,0.0,0.0,0.0,95,5.80
2019-01-06T19:00,13.1,97,16.6,0.0,0.0,0.0,90,2.20
2019-01-06T20:00,13.7,93,22.8,0.0,0.0,0.0,87,0.80
2019-01-06T21:00,12.9,86,17.1,0.0,0.0,0.0,90,0.10
2019-01-06T22:00,12.6,17,8.2,0.0,0.0,0.0,87,1.00
2019-01-06T23:00,11.8,37,10.4,0.0,0.0,0.0,85,0.00
2019-01-07T00:00,10.9,74,10.4,0.0,0.0,0.0,86,0.00
2019-01-07T01:00,10.6,67,1.8,0.0,0.0,0.0,85,0.00
2019-01-07T02:00,10.2,69,1.8,0.0,0.0,0.0,86,0.00
2019-01-07T03:00,9.9,57,1.5,0.0,0.0,0.0,90,0.00
2019-01-07T04:00,9.5,48,2.5,0.0,0.0,0.0,89,0.00
2019-01-07T05:00,9.2,53,4.3,0.0,0.0,0.0,89,0.00
2019-01-07T06:00,9.4,8,6.6,0.0,0.0,0.0,93,0.00
2019-01-07T07:00,9.2,6,7.2,25.0,22.0,35.9,93,0.00
2019-01-07T08:00,10.1,0,3.2,161.0,50.0,628.8,92,0.00
2019-01-07T09:00,11.7,73,4.1,304.0,120.0,574.6,86,0.00
2019-01-07T10:00,13.0,0,6.8,407.0,196.0,494.9,83,0.00
2019-01-07T11:00,14.0,0,6.6,429.0,291.0,282.9,76,0.00
2019-01-07T12:00,15.0,0,8.0,507.0,124.0,765.6,70,0.00
2019-01-07T13:00,15.5,0,5.4,448.0,194.0,548.7,64,0.00
2019-01-07T14:00,16.2,6,7.3,288.0,243.0,118.9,61,0.00
2019-01-07T15:00,15.4,12,7.3,175.0,136.0,154.6,67,0.00
2019-01-07T16:00,13.8,3,2.5,24.0,24.0,0.0,74,0.00
2019-01-07T17:00,12.3,16,1.4,0.0,0.0,0.0,79,0.00
2019-01-07T18:00,11.8,52,1.1,0.0,0.0,0.0,82,0.00
2019-01-07T19:00,11.3,2,5.5,0.0,0.0,0.0,82,0.00
2019-01-07T20:00,11.0,30,1.8,0.0,0.0,0.0,83,0.00
2019-01-07T21:00,10.8,98,6.4,0.0,0.0,0.0,81,0.00
2019-01-07T22:00,10.1,44,1.8,0.0,0.0,0.0,85,0.00
2019-01-07T23:00,9.6,17,3.3,0.0,0.0,0.0,86,0.00
2019-01-08T00:00,9.1,16,6.5,0.0,0.0,0.0,88,0.00
2019-01-08T01:00,8.5,19,2.5,0.0,0.0,0.0,91,0.00
2019-01-08T02:00,8.3,52,3.3,0.0,0.0,0.0,91,0.00
2019-01-08T03:00,8.5,56,3.1,0.0,0.0,0.0,91,0.00
2019-01-08T04:00,8.6,36,3.1,0.0,0.0,0.0,90,0.00
2019-01-08T05:00,8.3,51,5.4,0.0,0.0,0.0,90,0.00
2019-01-08T06:00,8.8,49,5.3,0.0,0.0,0.0,90,0.00
2019-01-08T07:00,9.5,70,6.0,15.0,15.0,0.0,88,0.00
2019-01-08T08:00,11.1,82,8.5,36.0,36.0,0.0,88,0.00
2019-01-08T09:00,12.3,92,6.8,106.0,106.0,0.0,87,0.00
2019-01-08T10:00,14.6,87,12.6,234.0,234.0,0.0,78,0.00
2019-01-08T11:00,13.6,100,10.5,54.0,54.0,0.0,80,0.00
2019-01-08T12:00,12.9,100,3.7,38.0,38.0,0.0,87,0.00
2019-01-08T13:00,13.6,57,7.1,53.0,53.0,0.0,84,0.00
2019-01-08T14:00,14.7,66,10.1,39.0,39.0,0.0,74,0.00
2019-01-08T15:00,13.9,66,7.9,21.0,21.0,0.0,76,0.00
2019-01-08T16:00,14.5,56,15.8,25.0,25.0,0.0,68,0.00
2019-01-08T17:00,13.8,42,16.2,0.0,0.0,0.0,70,0.00
2019-01-08T18:00,13.1,54,12.3,0.0,0.0,0.0,77,0.00
2019-01-08T19:00,13.1,23,12.1,0.0,0.0,0.0,76,0.00
2019-01-08T20:00,13.6,64,18.4,0.0,0.0,0.0,73,0.40
2019-01-08T21:00,13.2,33,17.2,0.0,0.0,0.0,77,0.00
2019-01-08T22:00,13.4,85,17.4,0.0,0.0,0.0,73,0.00
2019-01-08T23:00,13.0,59,15.2,0.0,0.0,0.0,76,0.00
2019-01-09T00:00,12.6,81,11.2,0.0,0.0,0.0,83,0.00
2019-01-09T01:00,12.6,88,14.3,0.0,0.0,0.0,85,0.00
2019-01-09T02:00,12.7,94,11.6,0.0,0.0,0.0,86,0.00
2019-01-09T03:00,12.7,90,13.0,0.0,0.0,0.0,87,0.40
2019-01-09T04:00,12.7,87,13.7,0.0,0.0,0.0,86,0.00
2019-01-09T05:00,12.8,84,9.7,0.0,0.0,0.0,83,0.00
2019-01-09T06:00,12.5,35,8.3,0.0,0.0,0.0,83,0.00
2019-01-09T07:00,12.3,29,9.6,25.0,25.0,0.0,85,0.00
2019-01-09T08:00,13.7,35,14.2,153.0,104.0,275.7,83,0.00
2019-01-09T09:00,14.7,34,12.2,295.0,153.0,440.7,82,0.00
2019-01-09T10:00,15.5,31,11.6,396.0,256.0,326.2,76,0.00
2019-01-09T11:00,16.0,52,12.7,251.0,251.0,0.0,74,0.00
2019-01-09T12:00,16.4,74,13.3,458.0,238.0,436.0,70,0.00
2019-01-09T13:00,16.4,49,13.9,434.0,202.0,495.8,66,0.00
2019-01-09T14:00,15.5,31,9.5,364.0,125.0,622.6,69,0.00
2019-01-09T15:00,14.8,65,5.5,216.0,68.0,573.4,73,0.00
2019-01-09T16:00,13.8,66,1.9,38.0,29.0,69.8,77,0.00
2019-01-09T17:00,12.6,28,5.5,0.0,0.0,0.0,81,0.00
2019-01-09T18:00,11.8,22,4.4,0.0,0.0,0.0,82,0.00
2019-01-09T19:00,11.1,16,6.8,0.0,0.0,0.0,85,0.00
2019-01-09T20:00,10.6,16,4.9,0.0,0.0,0.0,82,0.00
2019-01-09T21:00,10.0,16,7.1,0.0,0.0,0.0,84,0.00
2019-01-09T22:00,9.6,16,5.1,0.0,0.0,0.0,87,0.00
2019-01-09T23:00,9.0,16,5.1,0.0,0.0,0.0,91,0.00
2019-01-10T00:00,8.4,9,4.8,0.0,0.0,0.0,90,0.00
2019-01-10T01:00,8.0,16,0.8,0.0,0.0,0.0,88,0.00
2019-01-10T02:00,7.6,14,3.6,0.0,0.0,0.0,89,0.00
2019-01-10T03:00,7.2,20,4.7,0.0,0.0,0.0,92,0.00
2019-01-10T04:00,6.7,34,3.0,0.0,0.0,0.0,92,0.00
2019-01-10T05:00,6.2,44,6.9,0.0,0.0,0.0,94,0.00
2019-01-10T06:00,7.3,49,4.2,0.0,0.0,0.0,97,0.00
2019-01-10T07:00,7.8,72,1.8,16.0,16.0,0.0,94,0.00
2019-01-10T08:00,9.5,44,3.6,66.0,66.0,0.0,94,0.00
2019-01-10T09:00,10.4,35,4.5,235.0,207.0,86.6,94,0.00
2019-01-10T10:00,11.3,28,3.4,396.0,194.0,469.0,94,0.00
2019-01-10T11:00,12.9,44,4.5,426.0,281.0,293.9,86,0.00
2019-01-10T12:00,14.1,27,8.3,420.0,402.0,35.5,84,0.00
2019-01-10T13:00,14.7,15,13.3,388.0,259.0,274.1,81,0.00
2019-01-10T14:00,14.6,16,10.4,343.0,156.0,483.5,80,0.00
2019-01-10T15:00,14.2,16,9.7,160.0,113.0,180.0,78,0.00
2019-01-10T16:00,12.6,16,8.5,41.0,34.0,53.6,81,0.00
2019-01-10T17:00,10.6,16,6.4,0.0,0.0,0.0,89,0.00
2019-01-10T18:00,9.8,22,6.5,0.0,0.0,0.0,88,0.00
2019-01-10T19:00,9.2,22,8.3,0.0,0.0,0.0,85,0.00
2019-01-10T20:00,8.4,22,1.4,0.0,0.0,0.0,84,0.00
2019-01-10T21:00,8.2,19,1.6,0.0,0.0,0.0,85,0.00
2019-01-10T22:00,7.8,21,2.9,0.0,0.0,0.0,86,0.00
2019-01-10T23:00,7.1,22,4.9,0.0,0.0,0.0,90,0.00
2019-01-11T00:00,6.7,38,4.5,0.0,0.0,0.0,89,0.00
2019-01-11T01:00,6.5,21,0.5,0.0,0.0,0.0,91,0.00
2019-01-11T02:00,5.9,28,3.6,0.0,0.0,0.0,91,0.00
2019-01-11T03:00,5.5,16,2.1,0.0,0.0,0.0,91,0.00
2019-01-11T04:00,5.5,60,3.3,0.0,0.0,0.0,90,0.00
2019-01-11T05:00,5.4,52,5.4,0.0,0.0,0.0,90,0.00
2019-01-11T06:00,5.5,56,4.0,0.0,0.0,0.0,89,0.00
2019-01-11T07:00,6.6,12,3.1,25.0,21.0,47.2,92,0.00
2019-01-11T08:00,9.4,10,7.9,157.0,81.0,423.8,88,0.00
2019-01-11T09:00,12.6,16,7.9,266.0,128.0,425.2,72,0.00
2019-01-11T10:00,14.4,28,12.0,220.0,220.0,0.0,60,0.00
2019-01-11T11:00,15.8,22,16.8,513.0,84.0,866.0,56,0.00
2019-01-11T12:00,16.2,19,12.7,520.0,130.0,765.7,56,0.00
2019-01-11T13:00,15.9,47,8.2,451.0,235.0,456.4,63,0.00
2019-01-11T14:00,15.4,29,5.4,352.0,148.0,523.5,66,0.00
2019-01-11T15:00,14.6,62,5.2,135.0,135.0,0.0,74,0.00
2019-01-11T16:00,13.1,54,3.1,2.0,2.0,0.0,78,0.40
2019-01-11T17:00,12.3,61,5.9,0.0,0.0,0.0,87,1.40
2019-01-11T18:00,11.5,31,6.5,0.0,0.0,0.0,86,0.00
2019-01-11T19:00,11.7,19,10.0,0.0,0.0,0.0,85,0.00
2019-01-11T20:00,11.7,18,13.1,0.0,0.0,0.0,89,0.00
2019-01-11T21:00,11.1,86,7.7,0.0,0.0,0.0,91,0.00
2019-01-11T22:00,10.5,20,5.0,0.0,0.0,0.0,91,0.00
2019-01-11T23:00,10.0,19,5.6,0.0,0.0,0.0,92,0.00
2019-01-12T00:00,9.4,4,5.4,0.0,0.0,0.0,91,0.00
2019-01-12T01:00,9.0,8,4.0,0.0,0.0,0.0,91,0.00
2019-01-12T02:00,9.1,20,0.8,0.0,0.0,0.0,92,0.00
2019-01-12T03:00,9.5,65,1.5,0.0,0.0,0.0,92,0.00
2019-01-12T04:00,8.9,71,0.7,0.0,0.0,0.0,88,0.00
2019-01-12T05:00,8.3,75,4.0,0.0,0.0,0.0,87,0.00
2019-01-12T06:00,7.9,15,6.2,0.0,0.0,0.0,85,0.00
2019-01-12T07:00,7.9,10,3.2,30.0,14.0,188.1,87,0.00
2019-01-12T08:00,10.0,10,1.5,164.0,45.0,659.9,91,0.00
2019-01-12T09:00,11.7,29,1.5,273.0,153.0,368.2,86,0.00
2019-01-12T10:00,14.0,0,5.8,259.0,259.0,0.0,72,0.00
2019-01-12T11:00,14.6,8,7.1,508.0,157.0,705.5,68,0.00
2019-01-12T12:00,15.6,13,11.3,505.0,141.0,711.1,61,0.00
2019-01-12T13:00,16.3,17,12.4,491.0,71.0,882.2,56,0.00
2019-01-12T14:00,16.3,10,9.2,381.0,78.0,771.6,57,0.00
2019-01-12T15:00,14.9,17,7.6,229.0,67.0,606.0,62,0.00
2019-01-12T16:00,13.1,21,1.3,46.0,38.0,59.8,68,0.00
2019-01-12T17:00,11.9,17,9.7,0.0,0.0,0.0,75,0.00
2019-01-12T18:00,10.8,24,6.7,0.0,0.0,0.0,79,0.00
2019-01-12T19:00,10.2,10,6.1,0.0,0.0,0.0,79,0.00
2019-01-12T20:00,10.0,8,10.0,0.0,0.0,0.0,81,0.00
2019-01-12T21:00,9.0,8,3.6,0.0,0.0,0.0,86,0.00
2019-01-12T22:00,8.1,0,1.5,0.0,0.0,0.0,89,0.00
2019-01-12T23:00,7.6,0,4.0,0.0,0.0,0.0,88,0.00
2019-01-13T00:00,7.0,0,2.4,0.0,0.0,0.0,92,0.00
2019-01-13T01:00,6.5,0,5.4,0.0,0.0,0.0,92,0.00
2019-01-13T02:00,6.1,0,3.7,0.0,0.0,0.0,91,0.00
2019-01-13T03:00,5.7,0,4.3,0.0,0.0,0.0,91,0.00
2019-01-13T04:00,5.3,0,6.2,0.0,0.0,0.0,90,0.00
2019-01-13T05:00,4.9,0,4.0,0.0,0.0,0.0,91,0.00
2019-01-13T06:00,4.8,0,5.1,0.0,0.0,0.0,91,0.00
2019-01-13T07:00,5.4,2,7.2,30.0,22.0,93.6,96,0.00
2019-01-13T08:00,8.5,15,8.6,166.0,62.0,573.3,92,0.00
2019-01-13T09:00,11.5,25,5.8,324.0,131.0,589.5,79,0.00
2019-01-13T10:00,14.0,0,8.2,440.0,149.0,667.4,64,0.00
2019-01-13T11:00,14.4,31,5.7,507.0,189.0,636.3,60,0.00
2019-01-13T12:00,15.6,92,8.2,516.0,236.0,544.3,55,0.00
2019-01-13T13:00,16.2,100,8.1,419.0,322.0,202.5,53,0.00
2019-01-13T14:00,16.1,100,7.0,322.0,203.0,300.7,55,0.00
2019-01-13T15:00,15.9,57,5.8,225.0,84.0,521.3,55,0.00
2019-01-13T16:00,14.1,62,2.1,50.0,41.0,66.5,63,0.00
2019-01-13T17:00,11.8,75,2.9,0.0,0.0,0.0,69,0.00
2019-01-13T18:00,10.4,80,2.9,0.0,0.0,0.0,73,0.00
2019-01-13T19:00,9.5,97,4.1,0.0,0.0,0.0,75,0.00
2019-01-13T20:00,9.1,74,8.3,0.0,0.0,0.0,78,0.00
2019-01-13T21:00,8.6,62,7.8,0.0,0.0,0.0,79,0.00
2019-01-13T22:00,8.1,20,5.4,0.0,0.0,0.0,81,0.00
2019-01-13T23:00,7.5,25,7.0,0.0,0.0,0.0,86,0.00
2019-01-14T00:00,7.4,19,6.4,0.0,0.0,0.0,84,0.00
2019-01-14T01:00,7.6,0,3.7,0.0,0.0,0.0,83,0.00
2019-01-14T02:00,7.0,6,5.2,0.0,0.0,0.0,87,0.00
2019-01-14T03:00,6.9,60,4.6,0.0,0.0,0.0,85,0.00
2019-01-14T04:00,7.1,57,3.1,0.0,0.0,0.0,88,0.00
2019-01-14T05:00,7.2,100,3.1,0.0,0.0,0.0,88,0.00
2019-01-14T06:00,7.3,97,1.0,0.0,0.0,0.0,88,0.00
2019-01-14T07:00,7.7,72,7.6,22.0,22.0,0.0,90,0.00
2019-01-14T08:00,9.3,100,6.6,46.0,46.0,0.0,89,0.00
2019-01-14T09:00,10.9,91,8.9,226.0,225.0,3.0,89,0.00
2019-01-14T10:00,12.7,37,5.4,218.0,218.0,0.0,78,0.00
2019-01-14T11:00,12.8,30,18.4,242.0,242.0,0.0,68,0.00
2019-01-14T12:00,12.8,84,17.4,146.0,146.0,0.0,68,0.00
2019-01-14T13:00,14.1,63,23.0,348.0,344.0,8.3,60,0.00
2019-01-14T14:00,12.9,62,20.7,48.0,48.0,0.0,67,0.00
2019-01-14T15:00,13.0,22,15.5,193.0,180.0,47.5,67,0.00
2019-01-14T16:00,11.8,91,11.3,45.0,45.0,0.0,72,0.00
2019-01-14T17:00,10.6,17,9.3,0.0,0.0,0.0,78,0.00
2019-01-14T18:00,9.5,12,8.4,0.0,0.0,0.0,87,0.00
2019-01-14T19:00,9.1,1,8.3,0.0,0.0,0.0,86,0.00
2019-01-14T20:00,8.4,41,6.9,0.0,0.0,0.0,88,0.00
2019-01-14T21:00,8.4,97,9.5,0.0,0.0,0.0,85,0.00
2019-01-14T22:00,8.0,100,6.9,0.0,0.0,0.0,86,0.00
2019-01-14T23:00,8.1,57,7.9,0.0,0.0,0.0,86,0.00
2019-01-15T00:00,8.2,45,10.9,0.0,0.0,0.0,86,0.00
2019-01-15T01:00,8.3,7,8.1,0.0,0.0,0.0,89,0.00
2019-01-15T02:00,8.2,5,9.9,0.0,0.0,0.0,89,0.00
2019-01-15T03:00,8.2,6,11.5,0.0,0.0,0.0,87,0.00
2019-01-15T04:00,7.9,16,7.4,0.0,0.0,0.0,89,0.00
2019-01-15T05:00,8.1,16,9.4,0.0,0.0,0.0,90,0.00
2019-01-15T06:00,8.1,75,8.7,0.0,0.0,0.0,92,0.00
2019-01-15T07:00,8.8,99,7.6,8.0,8.0,0.0,92,1.40
2019-01-15T08:00,10.0,99,4.3,81.0,81.0,0.0,91,0.40
2019-01-15T09:00,10.5,100,7.9,87.0,87.0,0.0,91,1.10
2019-01-15T10:00,11.2,100,11.9,243.0,243.0,0.0,89,0.40
2019-01-15T11:00,11.4,100,7.5,102.0,102.0,0.0,90,0.00
2019-01-15T12:00,11.1,100,7.0,87.0,87.0,0.0,91,0.40
2019-01-15T13:00,11.4,64,8.1,50.0,50.0,0.0,92,0.40
2019-01-15T14:00,11.4,66,12.5,20.0,20.0,0.0,91,9.00
2019-01-15T15:00,11.6,45,15.9,24.0,24.0,0.0,91,0.00
2019-01-15T16:00,11.6,69,12.8,4.0,4.0,0.0,91,0.00
2019-01-15T17:00,11.4,88,16.9,0.0,0.0,0.0,91,0.00
2019-01-15T18:00,11.9,63,13.0,0.0,0.0,0.0,90,1.10
2019-01-15T19:00,11.7,83,6.2,0.0,0.0,0.0,89,0.40
2019-01-15T20:00,11.9,84,13.0,0.0,0.0,0.0,92,0.00
2019-01-15T21:00,12.1,82,9.4,0.0,0.0,0.0,87,0.70
2019-01-15T22:00,11.6,80,13.6,0.0,0.0,0.0,84,0.00
2019-01-15T23:00,11.5,70,9.6,0.0,0.0,0.0,89,0.00
2019-01-16T00:00,11.3,73,10.4,0.0,0.0,0.0,91,0.00
2019-01-16T01:00,11.0,79,7.1,0.0,0.0,0.0,92,0.00
2019-01-16T02:00,11.3,59,3.4,0.0,0.0,0.0,93,0.00
2019-01-16T03:00,11.7,82,13.1,0.0,0.0,0.0,91,0.00
2019-01-16T04:00,11.3,93,9.6,0.0,0.0,0.0,91,0.00
2019-01-16T05:00,11.7,93,13.8,0.0,0.0,0.0,84,0.00
2019-01-16T06:00,11.5,100,16.5,0.0,0.0,0.0,83,0.00
2019-01-16T07:00,11.8,100,14.1,7.0,7.0,0.0,82,0.00
2019-01-16T08:00,12.7,100,17.8,28.0,28.0,0.0,78,0.00
2019-01-16T09:00,13.5,100,15.3,104.0,104.0,0.0,76,0.00
2019-01-16T10:00,13.9,100,15.5,45.0,45.0,0.0,73,0.40
2019-01-16T11:00,14.1,100,20.5,22.0,22.0,0.0,73,2.50
2019-01-16T12:00,13.8,100,20.0,179.0,179.0,0.0,79,0.70
2019-01-16T13:00,13.3,91,24.1,251.0,251.0,0.0,90,2.20
2019-01-16T14:00,13.8,100,22.1,67.0,67.0,0.0,87,1.80
2019-01-16T15:00,13.7,100,21.0,31.0,31.0,0.0,91,0.00
2019-01-16T16:00,14.0,80,23.2,8.0,8.0,0.0,90,1.10
2019-01-16T17:00,14.7,75,21.6,0.0,0.0,0.0,84,2.20
2019-01-16T18:00,13.9,99,7.1,0.0,0.0,0.0,91,1.10
2019-01-16T19:00,14.1,100,20.6,0.0,0.0,0.0,90,1.10
2019-01-16T20:00,14.6,88,23.4,0.0,0.0,0.0,88,4.70
2019-01-16T21:00,14.8,49,27.7,0.0,0.0,0.0,83,12.60
2019-01-16T22:00,14.2,41,29.2,0.0,0.0,0.0,83,0.40
2019-01-16T23:00,13.4,58,13.2,0.0,0.0,0.0,83,0.00
2019-01-17T00:00,12.9,100,8.0,0.0,0.0,0.0,86,0.40
2019-01-17T01:00,12.5,100,6.2,0.0,0.0,0.0,85,0.00
2019-01-17T02:00,12.1,100,3.2,0.0,0.0,0.0,85,0.00
2019-01-17T03:00,12.1,89,7.1,0.0,0.0,0.0,85,0.00
2019-01-17T04:00,12.1,84,8.6,0.0,0.0,0.0,83,0.00
2019-01-17T05:00,11.6,20,6.9,0.0,0.0,0.0,80,0.00
2019-01-17T06:00,11.1,16,6.7,0.0,0.0,0.0,81,0.00
2019-01-17T07:00,11.5,33,5.7,33.0,13.0,227.7,83,0.00
2019-01-17T08:00,13.2,52,2.6,154.0,100.0,289.1,84,0.00
2019-01-17T09:00,13.7,56,4.8,128.0,128.0,0.0,83,0.00
2019-01-17T10:00,15.0,49,8.0,324.0,251.0,164.3,76,0.00
2019-01-17T11:00,15.0,87,6.3,229.0,229.0,0.0,72,0.00
2019-01-17T12:00,15.3,42,9.8,504.0,266.0,452.8,69,0.00
2019-01-17T13:00,14.9,100,11.1,388.0,368.0,40.7,70,0.00
2019-01-17T14:00,14.6,75,11.5,362.0,247.0,281.5,72,0.00
2019-01-17T15:00,14.1,41,11.6,252.0,118.0,472.5,77,0.00
2019-01-17T16:00,13.4,52,11.5,65.0,58.0,49.2,77,0.00
2019-01-17T17:00,12.8,29,12.2,0.0,0.0,0.0,76,0.00
2019-01-17T18:00,11.7,40,5.4,0.0,0.0,0.0,78,0.00
2019-01-17T19:00,11.2,36,3.6,0.0,0.0,0.0,83,0.00
2019-01-17T20:00,10.9,35,2.1,0.0,0.0,0.0,84,0.00
2019-01-17T21:00,11.1,32,2.3,0.0,0.0,0.0,86,0.00
2019-01-17T22:00,11.0,31,3.1,0.0,0.0,0.0,85,0.00
2019-01-17T23:00,10.9,47,2.7,0.0,0.0,0.0,90,0.00
2019-01-18T00:00,10.2,16,3.6,0.0,0.0,0.0,89,0.00
2019-01-18T01:00,10.1,73,2.4,0.0,0.0,0.0,89,0.00
2019-01-18T02:00,9.6,16,3.8,0.0,0.0,0.0,89,0.00
2019-01-18T03:00,9.2,6,3.3,0.0,0.0,0.0,89,0.00
2019-01-18T04:00,8.9,1,4.6,0.0,0.0,0.0,88,0.00
2019-01-18T05:00,8.7,0,5.8,0.0,0.0,0.0,86,0.00
2019-01-18T06:00,8.7,0,6.7,0.0,0.0,0.0,85,0.00
2019-01-18T07:00,9.2,0,4.6,33.0,14.0,214.5,89,0.00
2019-01-18T08:00,11.1,0,0.8,173.0,50.0,652.9,91,0.00
2019-01-18T09:00,12.9,8,2.8,319.0,113.0,612.6,82,0.00
2019-01-18T10:00,14.3,1,4.9,453.0,141.0,698.3,74,0.00
2019-01-18T11:00,15.0,0,5.2,494.0,252.0,472.3,64,0.00
2019-01-18T12:00,15.9,4,4.8,490.0,288.0,382.2,60,0.00
2019-01-18T13:00,16.7,13,5.5,432.0,290.0,287.3,57,0.00
2019-01-18T14:00,17.1,2,3.9,373.0,186.0,454.0,56,0.00
2019-01-18T15:00,16.9,0,3.3,239.0,109.0,453.1,63,0.00
2019-01-18T16:00,15.4,6,4.4,66.0,58.0,55.6,70,0.00
2019-01-18T17:00,13.6,6,2.5,0.0,0.0,0.0,76,0.00
2019-01-18T18:00,12.9,0,2.3,0.0,0.0,0.0,72,0.00
2019-01-18T19:00,12.2,0,1.8,0.0,0.0,0.0,75,0.00
2019-01-18T20:00,12.0,7,3.2,0.0,0.0,0.0,76,0.00
2019-01-18T21:00,11.5,49,3.6,0.0,0.0,0.0,80,0.00
2019-01-18T22:00,11.1,50,4.5,0.0,0.0,0.0,82,0.00
2019-01-18T23:00,11.5,75,2.5,0.0,0.0,0.0,84,0.00
2019-01-19T00:00,11.4,85,2.6,0.0,0.0,0.0,85,0.00
2019-01-19T01:00,11.0,81,2.3,0.0,0.0,0.0,84,0.00
2019-01-19T02:00,11.3,67,2.8,0.0,0.0,0.0,88,0.00
2019-01-19T03:00,11.4,70,3.9,0.0,0.0,0.0,86,0.00
2019-01-19T04:00,11.1,52,5.2,0.0,0.0,0.0,86,0.00
2019-01-19T05:00,11.1,50,6.5,0.0,0.0,0.0,86,0.00
2019-01-19T06:00,10.1,32,5.8,0.0,0.0,0.0,87,0.00
2019-01-19T07:00,9.9,36,3.0,34.0,21.0,145.5,90,0.00
2019-01-19T08:00,12.0,25,1.9,173.0,54.0,625.9,84,0.00
2019-01-19T09:00,14.0,1,3.3,333.0,92.0,712.2,80,0.00
2019-01-19T10:00,15.5,1,3.3,447.0,108.0,754.6,70,0.00
2019-01-19T11:00,17.1,0,5.1,538.0,98.0,854.1,65,0.00
2019-01-19T12:00,18.3,17,6.8,514.0,284.0,432.6,64,0.00
2019-01-19T13:00,18.3,23,10.2,501.0,145.0,715.5,66,0.00
2019-01-19T14:00,18.1,11,7.6,403.0,128.0,662.2,68,0.00
2019-01-19T15:00,17.7,11,7.2,206.0,143.0,217.0,72,0.00
2019-01-19T16:00,16.3,4,6.2,63.0,59.0,27.5,74,0.00
2019-01-19T17:00,14.8,6,5.3,0.0,0.0,0.0,77,0.00
2019-01-19T18:00,13.9,16,3.8,0.0,0.0,0.0,78,0.00
2019-01-19T19:00,13.3,6,2.3,0.0,0.0,0.0,79,0.00
2019-01-19T20:00,12.5,16,1.8,0.0,0.0,0.0,83,0.00
2019-01-19T21:00,12.2,16,1.3,0.0,0.0,0.0,83,0.00
2019-01-19T22:00,11.7,1,1.4,0.0,0.0,0.0,86,0.00
2019-01-19T23:00,11.3,83,3.7,0.0,0.0,0.0,88,0.00
2019-01-20T00:00,11.4,100,2.3,0.0,0.0,0.0,88,0.00
2019-01-20T01:00,11.7,89,6.6,0.0,0.0,0.0,91,0.00
2019-01-20T02:00,11.6,36,3.4,0.0,0.0,0.0,89,0.00
2019-01-20T03:00,11.3,62,2.9,0.0,0.0,0.0,88,0.00
2019-01-20T04:00,11.2,79,3.8,0.0,0.0,0.0,90,0.00
2019-01-20T05:00,11.0,70,5.6,0.0,0.0,0.0,89,0.00
2019-01-20T06:00,11.4,100,5.5,0.0,0.0,0.0,89,0.00
2019-01-20T07:00,12.2,86,7.7,22.0,22.0,0.0,88,0.00
2019-01-20T08:00,13.7,78,10.1,26.0,26.0,0.0,87,0.00
2019-01-20T09:00,14.2,87,10.2,40.0,40.0,0.0,86,0.40
2019-01-20T10:00,15.3,59,10.7,248.0,248.0,0.0,87,0.00
2019-01-20T11:00,16.4,46,15.5,484.0,192.0,563.7,79,0.00
2019-01-20T12:00,15.5,84,16.6,498.0,165.0,622.7,84,0.00
2019-01-20T13:00,14.8,93,12.4,103.0,103.0,0.0,80,0.70
2019-01-20T14:00,13.8,93,15.3,32.0,32.0,0.0,78,0.00
2019-01-20T15:00,13.2,79,14.2,31.0,31.0,0.0,80,0.40
2019-01-20T16:00,12.2,92,9.6,8.0,8.0,0.0,84,0.00
2019-01-20T17:00,10.9,93,19.1,0.0,0.0,0.0,83,0.00
2019-01-20T18:00,10.0,63,8.4,0.0,0.0,0.0,85,0.00
2019-01-20T19:00,9.6,76,4.4,0.0,0.0,0.0,86,0.00
2019-01-20T20:00,9.3,39,6.3,0.0,0.0,0.0,87,0.40
2019-01-20T21:00,9.1,20,7.5,0.0,0.0,0.0,86,0.00
2019-01-20T22:00,8.3,8,6.0,0.0,0.0,0.0,79,0.00
2019-01-20T23:00,8.5,16,7.7,0.0,0.0,0.0,80,0.00
2019-01-21T00:00,8.2,41,3.3,0.0,0.0,0.0,82,0.00
2019-01-21T01:00,7.9,38,5.1,0.0,0.0,0.0,81,0.00
2019-01-21T02:00,8.0,36,4.2,0.0,0.0,0.0,81,0.00
2019-01-21T03:00,7.5,11,4.3,0.0,0.0,0.0,78,0.00
2019-01-21T04:00,7.0,18,7.4,0.0,0.0,0.0,80,0.00
2019-01-21T05:00,6.8,16,7.9,0.0,0.0,0.0,79,0.00
2019-01-21T06:00,6.6,22,9.2,0.0,0.0,0.0,80,0.00
2019-01-21T07:00,7.3,0,10.9,37.0,14.0,252.4,82,0.00
2019-01-21T08:00,9.9,0,5.2,184.0,47.0,706.3,83,0.00
2019-01-21T09:00,11.5,7,8.4,349.0,84.0,772.7,74,0.00
2019-01-21T10:00,12.5,7,11.2,476.0,100.0,827.3,66,0.00
2019-01-21T11:00,13.0,8,13.5,543.0,123.0,806.1,62,0.00
2019-01-21T12:00,13.1,7,11.7,566.0,115.0,838.2,60,0.00
2019-01-21T13:00,13.3,0,12.1,510.0,157.0,699.9,59,0.00
2019-01-21T14:00,13.1,0,11.8,431.0,69.0,857.3,60,0.00
2019-01-21T15:00,12.9,0,10.2,270.0,71.0,669.2,59,0.00
2019-01-21T16:00,11.9,0,8.7,81.0,50.0,207.7,66,0.00
2019-01-21T17:00,10.4,0,10.2,0.0,0.0,0.0,72,0.00
2019-01-21T18:00,9.5,0,9.2,0.0,0.0,0.0,75,0.00
2019-01-21T19:00,8.9,0,7.0,0.0,0.0,0.0,80,0.00
2019-01-21T20:00,8.7,0,8.3,0.0,0.0,0.0,81,0.00
2019-01-21T21:00,8.1,0,8.3,0.0,0.0,0.0,82,0.00
2019-01-21T22:00,7.7,0,9.4,0.0,0.0,0.0,81,0.00
2019-01-21T23:00,6.9,4,9.7,0.0,0.0,0.0,85,0.00
2019-01-22T00:00,6.2,0,6.6,0.0,0.0,0.0,87,0.00
2019-01-22T01:00,6.0,0,8.2,0.0,0.0,0.0,86,0.00
2019-01-22T02:00,5.5,0,7.0,0.0,0.0,0.0,84,0.00
2019-01-22T03:00,5.1,0,7.1,0.0,0.0,0.0,84,0.00
2019-01-22T04:00,4.7,0,6.9,0.0,0.0,0.0,82,0.00
2019-01-22T05:00,4.3,0,5.4,0.0,0.0,0.0,82,0.00
2019-01-22T06:00,4.1,0,5.1,0.0,0.0,0.0,79,0.00
2019-01-22T07:00,4.7,0,5.5,34.0,28.0,65.2,77,0.00
2019-01-22T08:00,7.4,0,4.8,177.0,106.0,362.1,71,0.00
2019-01-22T09:00,10.0,24,2.4,325.0,190.0,390.8,60,0.00
2019-01-22T10:00,11.6,11,5.9,472.0,152.0,699.7,41,0.00
2019-01-22T11:00,11.9,0,4.7,540.0,232.0,587.6,40,0.00
2019-01-22T12:00,12.5,0,4.0,563.0,202.0,666.8,37,0.00
2019-01-22T13:00,13.4,0,5.4,539.0,134.0,797.4,34,0.00
2019-01-22T14:00,13.8,0,3.3,425.0,144.0,659.8,33,0.00
2019-01-22T15:00,14.0,0,3.2,262.0,103.0,528.2,45,0.00
2019-01-22T16:00,12.4,0,1.8,85.0,52.0,218.4,46,0.00
2019-01-22T17:00,9.9,12,7.8,0.0,0.0,0.0,58,0.00
2019-01-22T18:00,8.7,0,5.7,0.0,0.0,0.0,62,0.00
2019-01-22T19:00,7.9,0,4.4,0.0,0.0,0.0,64,0.00
2019-01-22T20:00,7.1,0,4.1,0.0,0.0,0.0,66,0.00
2019-01-22T21:00,6.6,0,2.9,0.0,0.0,0.0,68,0.00
2019-01-22T22:00,6.0,0,3.9,0.0,0.0,0.0,68,0.00
2019-01-22T23:00,5.3,0,4.7,0.0,0.0,0.0,68,0.00
2019-01-23T00:00,4.7,0,4.0,0.0,0.0,0.0,69,0.00
2019-01-23T01:00,4.3,0,3.5,0.0,0.0,0.0,68,0.00
2019-01-23T02:00,3.9,0,5.6,0.0,0.0,0.0,70,0.00
2019-01-23T03:00,3.5,0,4.9,0.0,0.0,0.0,71,0.00
2019-01-23T04:00,3.3,0,5.8,0.0,0.0,0.0,68,0.00
2019-01-23T05:00,2.9,0,2.8,0.0,0.0,0.0,73,0.00
2019-01-23T06:00,2.6,0,3.3,0.0,0.0,0.0,74,0.00
2019-01-23T07:00,3.2,0,3.4,30.0,29.0,10.7,75,0.00
2019-01-23T08:00,6.0,0,1.6,193.0,59.0,675.7,81,0.00
2019-01-23T09:00,9.3,0,0.8,359.0,74.0,819.0,68,0.00
2019-01-23T10:00,10.6,0,4.0,494.0,84.0,890.9,61,0.00
2019-01-23T11:00,12.0,0,5.5,568.0,106.0,876.0,57,0.00
2019-01-23T12:00,13.4,0,9.7,575.0,187.0,712.1,54,0.00
2019-01-23T13:00,14.1,0,7.6,499.0,218.0,549.3,50,0.00
2019-01-23T14:00,14.8,0,5.8,414.0,156.0,600.5,47,0.00
2019-01-23T15:00,14.5,0,9.0,246.0,131.0,377.4,49,0.00
2019-01-23T16:00,12.9,0,8.7,90.0,66.0,156.9,58,0.00
2019-01-23T17:00,10.3,0,9.0,0.0,0.0,0.0,65,0.00
2019-01-23T18:00,9.5,4,9.4,0.0,0.0,0.0,71,0.00
2019-01-23T19:00,8.8,0,9.1,0.0,0.0,0.0,70,0.00
2019-01-23T20:00,8.1,3,9.3,0.0,0.0,0.0,67,0.00
2019-01-23T21:00,7.4,2,5.8,0.0,0.0,0.0,66,0.00
2019-01-23T22:00,7.0,8,6.7,0.0,0.0,0.0,68,0.00
2019-01-23T23:00,6.5,2,8.0,0.0,0.0,0.0,71,0.00
2019-01-24T00:00,5.9,7,7.7,0.0,0.0,0.0,74,0.00
2019-01-24T01:00,5.5,5,7.4,0.0,0.0,0.0,74,0.00
2019-01-24T02:00,5.2,4,9.0,0.0,0.0,0.0,77,0.00
2019-01-24T03:00,4.7,7,7.2,0.0,0.0,0.0,79,0.00
2019-01-24T04:00,4.3,9,7.0,0.0,0.0,0.0,80,0.00
2019-01-24T05:00,4.1,6,6.4,0.0,0.0,0.0,77,0.00
2019-01-24T06:00,3.9,7,5.8,0.0,0.0,0.0,77,0.00
2019-01-24T07:00,4.4,0,3.9,39.0,15.0,254.8,80,0.00
2019-01-24T08:00,7.3,0,2.2,192.0,43.0,742.6,86,0.00
2019-01-24T09:00,10.8,0,1.1,359.0,83.0,787.1,80,0.00
2019-01-24T10:00,14.6,0,0.5,494.0,75.0,904.5,60,0.00
2019-01-24T11:00,15.8,0,4.7,569.0,96.0,891.3,46,0.00
2019-01-24T12:00,16.7,0,5.8,590.0,98.0,897.1,44,0.00
2019-01-24T13:00,17.3,0,6.8,528.0,152.0,729.8,43,0.00
2019-01-24T14:00,17.1,0,7.3,440.0,82.0,826.1,43,0.00
2019-01-24T15:00,17.3,0,8.8,280.0,86.0,629.0,42,0.00
2019-01-24T16:00,15.7,0,4.3,93.0,53.0,258.2,48,0.00
2019-01-24T17:00,12.6,0,8.4,0.0,0.0,0.0,63,0.00
2019-01-24T18:00,11.0,1,6.8,0.0,0.0,0.0,65,0.00
2019-01-24T19:00,9.8,1,4.5,0.0,0.0,0.0,67,0.00
2019-01-24T20:00,8.9,3,6.4,0.0,0.0,0.0,70,0.00
2019-01-24T21:00,8.3,3,6.2,0.0,0.0,0.0,65,0.00
2019-01-24T22:00,7.5,2,7.9,0.0,0.0,0.0,66,0.00
2019-01-24T23:00,5.9,3,1.3,0.0,0.0,0.0,82,0.00
2019-01-25T00:00,5.3,1,5.9,0.0,0.0,0.0,88,0.00
2019-01-25T01:00,5.4,2,9.4,0.0,0.0,0.0,83,0.00
2019-01-25T02:00,5.2,4,6.8,0.0,0.0,0.0,80,0.00
2019-01-25T03:00,4.7,2,8.5,0.0,0.0,0.0,84,0.00
2019-01-25T04:00,4.6,4,10.9,0.0,0.0,0.0,83,0.00
2019-01-25T05:00,4.0,4,6.5,0.0,0.0,0.0,86,0.00
2019-01-25T06:00,3.8,5,9.2,0.0,0.0,0.0,87,0.00
2019-01-25T07:00,5.0,0,7.1,41.0,16.0,262.2,91,0.00
2019-01-25T08:00,8.3,0,4.0,198.0,44.0,758.3,90,0.00
2019-01-25T09:00,10.2,0,5.8,370.0,61.0,874.2,81,0.00
2019-01-25T10:00,11.7,0,5.1,496.0,101.0,847.0,70,0.00
2019-01-25T11:00,13.9,0,3.9,586.0,80.0,947.4,59,0.00
2019-01-25T12:00,14.6,0,6.4,600.0,97.0,911.1,57,0.00
2019-01-25T13:00,16.3,0,5.8,559.0,84.0,915.2,50,0.00
2019-01-25T14:00,17.1,0,5.2,452.0,81.0,848.5,46,0.00
2019-01-25T15:00,17.8,0,6.9,292.0,73.0,701.4,44,0.00
2019-01-25T16:00,16.1,0,4.9,98.0,54.0,280.5,51,0.00
2019-01-25T17:00,13.2,0,9.1,0.0,0.0,0.0,61,0.00
2019-01-25T18:00,11.6,0,8.3,0.0,0.0,0.0,63,0.00
2019-01-25T19:00,10.9,0,7.3,0.0,0.0,0.0,59,0.00
2019-01-25T20:00,9.7,1,5.4,0.0,0.0,0.0,60,0.00
2019-01-25T21:00,8.8,0,4.5,0.0,0.0,0.0,59,0.00
2019-01-25T22:00,7.9,0,2.5,0.0,0.0,0.0,59,0.00
2019-01-25T23:00,7.0,2,1.8,0.0,0.0,0.0,60,0.00
2019-01-26T00:00,6.5,21,3.6,0.0,0.0,0.0,63,0.00
2019-01-26T01:00,5.9,0,2.5,0.0,0.0,0.0,65,0.00
2019-01-26T02:00,5.9,0,3.9,0.0,0.0,0.0,62,0.00
2019-01-26T03:00,5.6,0,1.8,0.0,0.0,0.0,62,0.00
2019-01-26T04:00,5.1,0,7.2,0.0,0.0,0.0,70,0.00
2019-01-26T05:00,5.0,0,2.9,0.0,0.0,0.0,69,0.00
2019-01-26T06:00,4.7,0,2.9,0.0,0.0,0.0,70,0.00
2019-01-26T07:00,5.2,0,3.4,38.0,31.0,72.5,75,0.00
2019-01-26T08:00,8.4,0,2.9,182.0,125.0,277.2,77,0.00
2019-01-26T09:00,12.4,0,3.8,355.0,157.0,555.6,69,0.00
2019-01-26T10:00,14.9,80,4.7,451.0,259.0,408.9,52,0.00
2019-01-26T11:00,15.9,39,3.3,583.0,128.0,846.3,48,0.00
2019-01-26T12:00,16.8,100,5.2,594.0,142.0,813.3,41,0.00
2019-01-26T13:00,17.8,100,4.5,524.0,258.0,508.7,39,0.00
2019-01-26T14:00,18.2,70,3.7,420.0,210.0,476.1,38,0.00
2019-01-26T15:00,18.7,66,3.5,258.0,166.0,291.1,36,0.00
2019-01-26T16:00,15.5,100,6.3,90.0,71.0,119.6,60,0.00
2019-01-26T17:00,13.5,0,7.9,0.0,0.0,0.0,56,0.00
2019-01-26T18:00,11.2,12,7.1,0.0,0.0,0.0,66,0.00
2019-01-26T19:00,10.6,0,7.3,0.0,0.0,0.0,63,0.00
2019-01-26T20:00,9.6,0,3.4,0.0,0.0,0.0,66,0.00
2019-01-26T21:00,8.8,0,2.5,0.0,0.0,0.0,67,0.00
2019-01-26T22:00,8.4,0,3.3,0.0,0.0,0.0,69,0.00
2019-01-26T23:00,7.9,0,2.3,0.0,0.0,0.0,73,0.00
2019-01-27T00:00,7.4,0,1.6,0.0,0.0,0.0,72,0.00
2019-01-27T01:00,7.0,0,3.7,0.0,0.0,0.0,78,0.00
2019-01-27T02:00,6.9,0,3.1,0.0,0.0,0.0,75,0.00
2019-01-27T03:00,6.4,0,1.8,0.0,0.0,0.0,75,0.00
2019-01-27T04:00,6.3,4,5.0,0.0,0.0,0.0,75,0.00
2019-01-27T05:00,5.7,7,4.3,0.0,0.0,0.0,78,0.00
2019-01-27T06:00,5.2,0,5.0,0.0,0.0,0.0,84,0.00
2019-01-27T07:00,6.1,10,6.2,35.0,33.0,20.5,86,0.00
2019-01-27T08:00,9.4,0,2.4,169.0,140.0,139.2,85,0.00
2019-01-27T09:00,11.8,0,4.0,330.0,227.0,286.6,78,0.00
2019-01-27T10:00,13.3,0,2.6,480.0,191.0,611.1,66,0.00
2019-01-27T11:00,14.8,2,5.0,550.0,241.0,571.0,59,0.00
2019-01-27T12:00,16.0,0,6.5,578.0,230.0,621.9,52,0.00
2019-01-27T13:00,17.3,0,7.9,513.0,292.0,419.5,49,0.00
2019-01-27T14:00,18.5,0,7.0,381.0,270.0,249.4,43,0.00
2019-01-27T15:00,19.3,0,7.9,254.0,185.0,215.6,38,0.00
2019-01-27T16:00,17.7,8,8.3,93.0,73.0,124.3,47,0.00
2019-01-27T17:00,14.5,1,6.9,0.0,0.0,0.0,55,0.00
2019-01-27T18:00,12.2,8,7.4,0.0,0.0,0.0,66,0.00
2019-01-27T19:00,11.6,0,6.9,0.0,0.0,0.0,64,0.00
2019-01-27T20:00,11.0,16,4.7,0.0,0.0,0.0,64,0.00
2019-01-27T21:00,10.3,0,4.0,0.0,0.0,0.0,64,0.00
2019-01-27T22:00,9.6,20,2.7,0.0,0.0,0.0,67,0.00
2019-01-27T23:00,9.0,0,4.3,0.0,0.0,0.0,74,0.00
2019-01-28T00:00,8.6,16,3.7,0.0,0.0,0.0,77,0.00
2019-01-28T01:00,7.8,15,2.5,0.0,0.0,0.0,84,0.00
2019-01-28T02:00,7.6,15,1.8,0.0,0.0,0.0,84,0.00
2019-01-28T03:00,7.5,1,3.6,0.0,0.0,0.0,83,0.00
2019-01-28T04:00,7.4,16,2.4,0.0,0.0,0.0,82,0.00
2019-01-28T05:00,7.0,23,1.3,0.0,0.0,0.0,82,0.00
2019-01-28T06:00,7.1,97,2.4,0.0,0.0,0.0,83,0.00
2019-01-28T07:00,8.5,93,0.8,28.0,28.0,0.0,86,0.00
2019-01-28T08:00,11.4,15,1.9,185.0,124.0,289.1,85,0.00
2019-01-28T09:00,12.8,0,2.3,320.0,232.0,242.8,83,0.00
2019-01-28T10:00,17.1,0,0.0,475.0,250.0,472.4,71,0.00
2019-01-28T11:00,17.2,0,1.3,566.0,157.0,750.7,56,0.00
2019-01-28T12:00,18.1,0,4.2,602.0,81.0,924.7,49,0.00
2019-01-28T13:00,18.4,0,6.8,557.0,96.0,868.6,47,0.00
2019-01-28T14:00,18.2,0,6.1,414.0,250.0,365.2,48,0.00
2019-01-28T15:00,18.7,6,6.7,287.0,110.0,546.4,48,0.00
2019-01-28T16:00,17.3,68,5.1,89.0,80.0,54.9,55,0.00
2019-01-28T17:00,14.6,27,8.1,0.0,0.0,0.0,70,0.00
2019-01-28T18:00,13.1,0,9.8,0.0,0.0,0.0,80,0.00
2019-01-28T19:00,11.9,0,8.8,0.0,0.0,0.0,85,0.00
2019-01-28T20:00,11.2,1,3.0,0.0,0.0,0.0,82,0.00
2019-01-28T21:00,10.6,64,3.3,0.0,0.0,0.0,84,0.00
2019-01-28T22:00,9.7,4,2.6,0.0,0.0,0.0,89,0.00
2019-01-28T23:00,9.0,11,1.8,0.0,0.0,0.0,87,0.00
2019-01-29T00:00,8.6,16,1.1,0.0,0.0,0.0,87,0.00
2019-01-29T01:00,8.2,68,3.1,0.0,0.0,0.0,88,0.00
2019-01-29T02:00,8.4,16,4.8,0.0,0.0,0.0,90,0.00
2019-01-29T03:00,8.7,49,3.3,0.0,0.0,0.0,93,0.00
2019-01-29T04:00,9.2,49,4.3,0.0,0.0,0.0,92,0.40
2019-01-29T05:00,9.0,31,2.3,0.0,0.0,0.0,88,0.00
2019-01-29T06:00,9.3,16,3.1,0.0,0.0,0.0,90,0.00
2019-01-29T07:00,10.1,27,8.4,34.0,31.0,29.9,97,0.00
2019-01-29T08:00,11.7,29,4.3,180.0,126.0,252.5,93,0.00
2019-01-29T09:00,13.1,43,4.9,339.0,183.0,426.7,86,0.00
2019-01-29T10:00,14.1,53,8.4,340.0,256.0,175.1,84,0.00
2019-01-29T11:00,14.9,52,7.6,413.0,278.0,246.1,79,0.00
2019-01-29T12:00,15.1,35,6.7,396.0,327.0,121.6,79,0.00
2019-01-29T13:00,16.4,28,9.5,457.0,202.0,476.8,76,0.00
2019-01-29T14:00,16.5,0,10.8,393.0,171.0,490.0,75,0.00
2019-01-29T15:00,15.8,16,11.5,240.0,153.0,265.3,74,0.00
2019-01-29T16:00,14.4,13,11.5,83.0,73.0,59.6,78,0.00
2019-01-29T17:00,12.6,18,6.9,0.0,0.0,0.0,84,0.00
2019-01-29T18:00,11.4,24,7.0,0.0,0.0,0.0,89,0.00
2019-01-29T19:00,10.6,29,6.2,0.0,0.0,0.0,91,0.00
2019-01-29T20:00,9.9,27,6.4,0.0,0.0,0.0,92,0.00
2019-01-29T21:00,9.3,25,5.5,0.0,0.0,0.0,93,0.00
2019-01-29T22:00,8.7,50,7.0,0.0,0.0,0.0,92,0.00
2019-01-29T23:00,9.5,61,7.9,0.0,0.0,0.0,94,0.00
2019-01-30T00:00,10.0,54,6.6,0.0,0.0,0.0,94,0.00
2019-01-30T01:00,10.3,58,8.6,0.0,0.0,0.0,93,0.00
2019-01-30T02:00,10.2,44,6.3,0.0,0.0,0.0,94,0.00
2019-01-30T03:00,9.9,72,4.4,0.0,0.0,0.0,93,0.00
2019-01-30T04:00,10.1,49,2.2,0.0,0.0,0.0,91,0.00
2019-01-30T05:00,9.6,60,2.6,0.0,0.0,0.0,90,0.00
2019-01-30T06:00,9.9,64,3.8,0.0,0.0,0.0,91,0.00
2019-01-30T07:00,9.9,52,5.4,23.0,23.0,0.0,92,0.00
2019-01-30T08:00,10.7,66,4.1,113.0,113.0,0.0,92,0.00
2019-01-30T09:00,11.5,68,4.0,216.0,216.0,0.0,91,0.00
2019-01-30T10:00,12.2,26,4.6,332.0,330.0,4.1,90,0.00
2019-01-30T11:00,13.5,9,3.9,446.0,372.0,134.0,87,0.00
2019-01-30T12:00,15.3,0,5.1,579.0,161.0,731.6,75,0.00
2019-01-30T13:00,16.5,1,5.9,546.0,114.0,801.7,68,0.00
2019-01-30T14:00,17.1,0,4.6,436.0,130.0,669.3,64,0.00
2019-01-30T15:00,17.6,12,6.1,251.0,170.0,244.1,59,0.00
2019-01-30T16:00,16.5,0,4.8,106.0,60.0,268.2,61,0.00
2019-01-30T17:00,14.5,16,3.4,0.0,0.0,0.0,71,0.00
2019-01-30T18:00,13.6,30,3.2,0.0,0.0,0.0,75,0.00
2019-01-30T19:00,13.3,18,10.8,0.0,0.0,0.0,79,0.00
2019-01-30T20:00,12.4,47,9.5,0.0,0.0,0.0,88,0.00
2019-01-30T21:00,12.2,64,10.3,0.0,0.0,0.0,91,0.00
2019-01-30T22:00,11.7,17,8.2,0.0,0.0,0.0,90,0.00
2019-01-30T23:00,11.8,45,7.8,0.0,0.0,0.0,90,0.40
2019-01-31T00:00,11.3,37,2.5,0.0,0.0,0.0,94,2.90
2019-01-31T01:00,11.2,38,0.4,0.0,0.0,0.0,93,2.90
2019-01-31T02:00,11.1,31,13.6,0.0,0.0,0.0,93,0.40
2019-01-31T03:00,11.0,17,7.2,0.0,0.0,0.0,92,2.20
2019-01-31T04:00,11.2,19,6.6,0.0,0.0,0.0,93,0.00
2019-01-31T05:00,10.0,29,4.3,0.0,0.0,0.0,92,0.00
2019-01-31T06:00,9.6,60,3.0,0.0,0.0,0.0,87,0.00
2019-01-31T07:00,10.6,60,2.3,4.0,4.0,0.0,93,0.00
2019-01-31T08:00,11.3,70,5.9,16.0,16.0,0.0,95,0.00
2019-01-31T09:00,12.5,49,2.5,214.0,196.0,48.4,91,0.00
2019-01-31T10:00,13.4,52,1.4,346.0,297.0,100.6,87,0.00
2019-01-31T11:00,14.6,27,3.2,293.0,293.0,0.0,82,0.00
2019-01-31T12:00,15.0,33,8.0,434.0,217.0,377.2,81,0.00
2019-01-31T13:00,15.5,39,8.6,423.0,237.0,342.6,80,0.00
2019-01-31T14:00,15.4,17,7.3,362.0,188.0,377.2,81,0.00
2019-01-31T15:00,16.0,0,4.1,279.0,98.0,538.9,75,0.00
2019-01-31T16:00,15.4,0,2.4,111.0,58.0,302.3,78,0.00
2019-01-31T17:00,13.5,3,3.8,0.0,0.0,0.0,80,0.00
2019-01-31T18:00,12.2,6,2.1,0.0,0.0,0.0,81,0.00
2019-01-31T19:00,11.6,2,4.2,0.0,0.0,0.0,78,0.00
2019-01-31T20:00,11.1,16,7.4,0.0,0.0,0.0,81,0.00
2019-01-31T21:00,11.0,25,8.2,0.0,0.0,0.0,80,0.00
2019-01-31T22:00,11.0,54,1.1,0.0,0.0,0.0,84,0.00
2019-01-31T23:00,11.0,78,4.7,0.0,0.0,0.0,89,0.00
2019-02-01T00:00,11.1,84,5.5,0.0,0.0,0.0,91,0.00
2019-02-01T01:00,10.7,91,7.8,0.0,0.0,0.0,93,0.00
2019-02-01T02:00,10.3,86,7.7,0.0,0.0,0.0,95,0.00
2019-02-01T03:00,10.4,49,6.9,0.0,0.0,0.0,92,0.00
2019-02-01T04:00,9.9,98,9.1,0.0,0.0,0.0,89,0.00
2019-02-01T05:00,8.9,0,7.1,0.0,0.0,0.0,91,0.00
2019-02-01T06:00,8.6,16,6.5,0.0,0.0,0.0,89,0.00
2019-02-01T07:00,9.2,16,5.8,43.0,35.0,76.4,91,0.00
2019-02-01T08:00,11.7,15,5.2,174.0,114.0,269.2,87,0.00
2019-02-01T09:00,13.4,50,8.5,331.0,272.0,157.1,80,0.00
2019-02-01T10:00,14.4,62,11.7,385.0,374.0,22.4,72,0.00
2019-02-01T11:00,15.0,57,14.5,486.0,415.0,126.7,66,0.00
2019-02-01T12:00,15.0,40,16.3,489.0,460.0,50.0,64,0.00
2019-02-01T13:00,14.3,57,18.8,373.0,372.0,1.8,66,0.00
2019-02-01T14:00,13.5,84,16.8,49.0,49.0,0.0,70,0.00
2019-02-01T15:00,12.8,92,8.2,15.0,15.0,0.0,80,0.00
2019-02-01T16:00,12.9,100,8.9,7.0,7.0,0.0,78,0.00
2019-02-01T17:00,12.5,100,15.0,0.0,0.0,0.0,82,1.10
2019-02-01T18:00,12.5,28,15.3,0.0,0.0,0.0,79,0.00
2019-02-01T19:00,12.2,22,21.0,0.0,0.0,0.0,82,0.00
2019-02-01T20:00,11.6,25,24.3,0.0,0.0,0.0,87,0.70
2019-02-01T21:00,11.7,75,26.7,0.0,0.0,0.0,86,0.40
2019-02-01T22:00,11.8,37,21.4,0.0,0.0,0.0,82,0.00
2019-02-01T23:00,11.5,39,21.3,0.0,0.0,0.0,85,0.70
2019-02-02T00:00,11.6,77,22.6,0.0,0.0,0.0,84,0.00
2019-02-02T01:00,11.3,52,22.7,0.0,0.0,0.0,89,1.80
2019-02-02T02:00,11.3,73,20.5,0.0,0.0,0.0,92,0.70
2019-02-02T03:00,11.4,72,11.4,0.0,0.0,0.0,91,8.30
2019-02-02T04:00,10.9,79,6.5,0.0,0.0,0.0,90,6.50
2019-02-02T05:00,10.8,35,16.6,0.0,0.0,0.0,90,0.00
2019-02-02T06:00,10.2,54,9.3,0.0,0.0,0.0,93,5.00
2019-02-02T07:00,10.5,42,2.0,30.0,27.0,28.2,95,0.00
2019-02-02T08:00,11.7,38,10.8,180.0,132.0,212.3,88,0.00
2019-02-02T09:00,12.8,71,14.2,347.0,185.0,427.3,83,0.00
2019-02-02T10:00,12.8,56,16.5,431.0,228.0,410.6,82,0.40
2019-02-02T11:00,13.5,46,17.5,375.0,375.0,0.0,80,0.00
2019-02-02T12:00,14.3,41,13.8,506.0,272.0,401.0,69,0.00
2019-02-02T13:00,14.4,17,17.1,469.0,241.0,413.6,62,0.00
2019-02-02T14:00,13.5,57,18.4,463.0,127.0,715.5,64,0.00
2019-02-02T15:00,12.7,47,15.9,244.0,138.0,308.2,68,0.00
2019-02-02T16:00,11.9,42,14.7,123.0,88.0,191.2,71,0.40
2019-02-02T17:00,11.1,54,16.0,0.0,0.0,0.0,74,0.40
2019-02-02T18:00,10.3,48,23.7,0.0,0.0,0.0,79,0.00
2019-02-02T19:00,9.6,45,22.2,0.0,0.0,0.0,85,0.40
2019-02-02T20:00,9.5,67,27.4,0.0,0.0,0.0,88,4.70
2019-02-02T21:00,9.3,77,21.5,0.0,0.0,0.0,88,0.00
2019-02-02T22:00,9.1,80,13.3,0.0,0.0,0.0,91,0.00
2019-02-02T23:00,9.3,58,12.6,0.0,0.0,0.0,94,0.70
2019-02-03T00:00,9.4,71,9.2,0.0,0.0,0.0,94,0.00
2019-02-03T01:00,10.0,76,14.3,0.0,0.0,0.0,93,0.00
2019-02-03T02:00,10.3,48,9.2,0.0,0.0,0.0,94,0.00
2019-02-03T03:00,10.3,52,2.8,0.0,0.0,0.0,94,0.00
2019-02-03T04:00,10.5,48,2.5,0.0,0.0,0.0,91,0.00
2019-02-03T05:00,10.5,61,4.9,0.0,0.0,0.0,94,0.00
2019-02-03T06:00,10.7,84,6.6,0.0,0.0,0.0,95,0.70
2019-02-03T07:00,11.1,17,4.8,14.0,14.0,0.0,93,0.40
2019-02-03T08:00,12.1,81,15.9,203.0,74.0,562.6,88,0.00
2019-02-03T09:00,12.4,83,12.9,251.0,213.0,99.3,93,0.00
2019-02-03T10:00,12.1,82,11.1,47.0,47.0,0.0,88,0.40
2019-02-03T11:00,12.5,90,12.8,395.0,355.0,70.4,84,0.00
2019-02-03T12:00,12.4,79,12.2,143.0,143.0,0.0,85,0.00
2019-02-03T13:00,11.9,82,8.8,44.0,44.0,0.0,80,0.40
2019-02-03T14:00,12.0,50,5.3,29.0,29.0,0.0,80,0.00
2019-02-03T15:00,12.0,40,6.9,62.0,62.0,0.0,76,0.00
2019-02-03T16:00,11.6,34,7.9,127.0,75.0,278.2,75,0.00
2019-02-03T17:00,10.0,32,5.2,0.0,0.0,0.0,77,0.00
2019-02-03T18:00,9.4,14,11.2,0.0,0.0,0.0,77,0.00
2019-02-03T19:00,9.3,17,12.7,0.0,0.0,0.0,79,0.00
2019-02-03T20:00,8.9,34,13.4,0.0,0.0,0.0,81,0.00
2019-02-03T21:00,9.1,55,15.4,0.0,0.0,0.0,82,0.00
2019-02-03T22:00,9.2,76,15.0,0.0,0.0,0.0,85,0.00
2019-02-03T23:00,9.6,38,23.5,0.0,0.0,0.0,84,0.00
2019-02-04T00:00,9.4,36,16.5,0.0,0.0,0.0,88,1.40
2019-02-04T01:00,9.0,64,16.7,0.0,0.0,0.0,94,0.70
2019-02-04T02:00,9.1,37,5.7,0.0,0.0,0.0,87,1.40
2019-02-04T03:00,8.7,48,10.1,0.0,0.0,0.0,95,0.00
2019-02-04T04:00,8.6,64,3.6,0.0,0.0,0.0,95,1.40
2019-02-04T05:00,8.9,72,10.4,0.0,0.0,0.0,90,0.00
2019-02-04T06:00,8.6,42,12.9,0.0,0.0,0.0,84,0.00
2019-02-04T07:00,8.6,23,7.3,51.0,27.0,219.4,85,0.00
2019-02-04T08:00,9.8,53,11.9,165.0,127.0,163.3,83,0.00
2019-02-04T09:00,8.6,81,15.3,114.0,114.0,0.0,90,0.00
2019-02-04T10:00,9.1,45,9.5,484.0,335.0,296.7,85,0.00
2019-02-04T11:00,10.2,35,12.7,477.0,412.0,113.6,81,0.00
2019-02-04T12:00,9.0,37,14.1,72.0,72.0,0.0,80,0.40
2019-02-04T13:00,9.4,54,11.9,374.0,374.0,0.0,79,0.00
2019-02-04T14:00,9.4,32,14.0,373.0,361.0,25.1,77,0.00
2019-02-04T15:00,9.2,28,18.4,285.0,185.0,284.0,74,0.00
2019-02-04T16:00,8.0,41,14.1,80.0,80.0,0.0,75,0.00
2019-02-04T17:00,6.8,47,6.4,0.0,0.0,0.0,81,0.40
2019-02-04T18:00,6.1,31,1.9,0.0,0.0,0.0,89,0.00
2019-02-04T19:00,5.1,13,5.8,0.0,0.0,0.0,89,0.00
2019-02-04T20:00,5.3,52,1.8,0.0,0.0,0.0,89,0.00
2019-02-04T21:00,5.4,48,4.9,0.0,0.0,0.0,92,0.70
2019-02-04T22:00,5.1,3,7.1,0.0,0.0,0.0,87,0.00
2019-02-04T23:00,4.2,22,5.8,0.0,0.0,0.0,87,0.00
2019-02-05T00:00,4.4,43,9.5,0.0,0.0,0.0,89,0.40
2019-02-05T01:00,4.1,24,5.5,0.0,0.0,0.0,93,0.00
2019-02-05T02:00,4.1,40,7.1,0.0,0.0,0.0,91,0.00
2019-02-05T03:00,3.9,28,1.6,0.0,0.0,0.0,91,0.00
2019-02-05T04:00,3.6,18,1.9,0.0,0.0,0.0,91,0.00
2019-02-05T05:00,3.0,28,6.3,0.0,0.0,0.0,83,0.00
2019-02-05T06:00,3.4,25,7.3,0.0,0.0,0.0,84,0.00
2019-02-05T07:00,3.8,3,5.9,49.0,40.0,81.0,89,0.00
2019-02-05T08:00,4.8,4,2.2,171.0,166.0,21.2,90,0.00
2019-02-05T09:00,6.2,8,8.3,361.0,210.0,387.2,81,0.00
2019-02-05T10:00,7.2,1,9.3,419.0,197.0,438.7,73,0.00
2019-02-05T11:00,7.8,0,11.6,594.0,125.0,813.8,66,0.00
2019-02-05T12:00,8.7,0,9.2,638.0,104.0,895.8,53,0.00
2019-02-05T13:00,9.2,0,9.6,609.0,83.0,932.7,46,0.00
2019-02-05T14:00,9.4,0,10.2,456.0,137.0,661.7,48,0.00
2019-02-05T15:00,9.1,0,11.4,320.0,120.0,561.5,50,0.00
2019-02-05T16:00,8.3,0,11.2,142.0,59.0,426.4,55,0.00
2019-02-05T17:00,6.3,0,7.7,0.0,0.0,0.0,66,0.00
2019-02-05T18:00,5.3,0,10.5,0.0,0.0,0.0,70,0.00
2019-02-05T19:00,4.8,0,11.7,0.0,0.0,0.0,72,0.00
2019-02-05T20:00,4.4,0,10.0,0.0,0.0,0.0,72,0.00
2019-02-05T21:00,3.6,1,6.9,0.0,0.0,0.0,77,0.00
2019-02-05T22:00,3.2,1,7.9,0.0,0.0,0.0,76,0.00
2019-02-05T23:00,2.6,1,6.4,0.0,0.0,0.0,81,0.00
2019-02-06T00:00,2.1,2,4.7,0.0,0.0,0.0,84,0.00
2019-02-06T01:00,1.8,10,6.0,0.0,0.0,0.0,83,0.00
2019-02-06T02:00,1.5,7,2.1,0.0,0.0,0.0,85,0.00
2019-02-06T03:00,1.2,5,5.1,0.0,0.0,0.0,87,0.00
2019-02-06T04:00,0.9,7,1.5,0.0,0.0,0.0,84,0.00
2019-02-06T05:00,0.7,3,8.0,0.0,0.0,0.0,83,0.00
2019-02-06T06:00,0.6,2,6.4,0.0,0.0,0.0,82,0.00
2019-02-06T07:00,1.6,0,4.9,55.0,19.0,319.4,89,0.00
2019-02-06T08:00,4.9,2,5.4,223.0,68.0,647.2,86,0.00
2019-02-06T09:00,7.4,2,6.6,389.0,129.0,660.4,74,0.00
2019-02-06T10:00,9.0,2,5.9,542.0,99.0,868.6,65,0.00
2019-02-06T11:00,10.1,1,5.4,626.0,80.0,940.6,59,0.00
2019-02-06T12:00,10.8,8,6.3,649.0,86.0,937.8,58,0.00
2019-02-06T13:00,11.9,18,10.2,568.0,186.0,672.3,57,0.00
2019-02-06T14:00,11.6,15,9.6,438.0,222.0,444.2,57,0.00
2019-02-06T15:00,11.3,23,8.1,328.0,90.0,660.7,60,0.00
2019-02-06T16:00,10.6,6,5.4,118.0,89.0,146.1,68,0.00
2019-02-06T17:00,8.7,14,8.8,0.0,0.0,0.0,71,0.00
2019-02-06T18:00,8.2,19,8.4,0.0,0.0,0.0,75,0.00
2019-02-06T19:00,7.5,9,7.4,0.0,0.0,0.0,78,0.00
2019-02-06T20:00,6.2,3,1.5,0.0,0.0,0.0,83,0.00
2019-02-06T21:00,5.3,6,1.9,0.0,0.0,0.0,83,0.00
2019-02-06T22:00,4.3,4,0.5,0.0,0.0,0.0,87,0.00
2019-02-06T23:00,3.5,3,1.6,0.0,0.0,0.0,89,0.00
2019-02-07T00:00,2.9,2,2.4,0.0,0.0,0.0,90,0.00
2019-02-07T01:00,2.4,4,4.4,0.0,0.0,0.0,86,0.00
2019-02-07T02:00,2.0,5,4.2,0.0,0.0,0.0,89,0.00
2019-02-07T03:00,1.5,7,2.6,0.0,0.0,0.0,89,0.00
2019-02-07T04:00,1.3,7,4.7,0.0,0.0,0.0,85,0.00
2019-02-07T05:00,0.8,1,5.9,0.0,0.0,0.0,87,0.00
2019-02-07T06:00,0.7,3,6.1,0.0,0.0,0.0,85,0.00
2019-02-07T07:00,1.8,0,5.8,50.0,39.0,96.1,88,0.00
2019-02-07T08:00,4.8,0,4.4,233.0,81.0,625.4,88,0.00
2019-02-07T09:00,7.6,0,6.8,398.0,177.0,556.0,73,0.00
2019-02-07T10:00,9.6,0,6.9,539.0,106.0,842.4,60,0.00
2019-02-07T11:00,10.7,1,6.4,589.0,293.0,506.3,53,0.00
2019-02-07T12:00,11.4,1,5.4,638.0,146.0,813.8,47,0.00
2019-02-07T13:00,12.2,8,3.4,572.0,273.0,522.3,42,0.00
2019-02-07T14:00,12.2,3,3.8,454.0,181.0,556.6,43,0.00
2019-02-07T15:00,12.4,1,6.4,320.0,110.0,576.5,46,0.00
2019-02-07T16:00,11.3,1,8.7,139.0,78.0,301.4,59,0.00
2019-02-07T17:00,9.2,7,9.2,0.0,0.0,0.0,67,0.00
2019-02-07T18:00,7.7,13,5.8,0.0,0.0,0.0,70,0.00
2019-02-07T19:00,7.4,30,7.2,0.0,0.0,0.0,77,0.00
2019-02-07T20:00,7.7,14,5.8,0.0,0.0,0.0,76,0.00
2019-02-07T21:00,7.6,14,3.6,0.0,0.0,0.0,77,0.00
2019-02-07T22:00,7.2,7,2.6,0.0,0.0,0.0,83,0.00
2019-02-07T23:00,6.3,10,2.8,0.0,0.0,0.0,84,0.00
2019-02-08T00:00,5.9,22,3.3,0.0,0.0,0.0,86,0.00
2019-02-08T01:00,5.6,4,3.7,0.0,0.0,0.0,85,0.00
2019-02-08T02:00,5.2,2,4.5,0.0,0.0,0.0,88,0.00
2019-02-08T03:00,4.6,3,3.8,0.0,0.0,0.0,88,0.00
2019-02-08T04:00,4.1,5,4.3,0.0,0.0,0.0,88,0.00
2019-02-08T05:00,3.7,6,7.2,0.0,0.0,0.0,88,0.00
2019-02-08T06:00,3.4,6,6.8,0.0,0.0,0.0,89,0.00
2019-02-08T07:00,4.9,20,7.8,49.0,47.0,17.2,88,0.00
2019-02-08T08:00,7.3,19,11.8,112.0,112.0,0.0,81,0.00
2019-02-08T09:00,9.4,40,13.0,317.0,300.0,42.4,74,0.00
2019-02-08T10:00,10.8,27,15.3,482.0,268.0,413.1,69,0.00
2019-02-08T11:00,11.5,42,14.8,541.0,457.0,142.7,62,0.00
2019-02-08T12:00,11.6,94,11.2,419.0,418.0,1.6,62,0.40
2019-02-08T13:00,9.3,83,6.0,377.0,377.0,0.0,77,2.20
2019-02-08T14:00,8.6,82,9.4,227.0,227.0,0.0,85,0.40
2019-02-08T15:00,9.0,50,13.0,282.0,235.0,127.6,82,0.00
2019-02-08T16:00,8.3,58,17.9,107.0,101.0,29.1,81,0.00
2019-02-08T17:00,7.4,66,13.4,0.0,0.0,0.0,86,0.00
2019-02-08T18:00,7.3,40,6.5,0.0,0.0,0.0,89,1.10
2019-02-08T19:00,7.3,19,3.7,0.0,0.0,0.0,90,0.00
2019-02-08T20:00,6.4,20,6.3,0.0,0.0,0.0,91,0.00
2019-02-08T21:00,5.8,25,5.7,0.0,0.0,0.0,89,0.00
2019-02-08T22:00,5.6,22,5.1,0.0,0.0,0.0,90,0.00
2019-02-08T23:00,5.6,66,5.1,0.0,0.0,0.0,88,0.00
2019-02-09T00:00,5.9,56,1.1,0.0,0.0,0.0,92,0.00
2019-02-09T01:00,5.9,19,4.0,0.0,0.0,0.0,93,0.00
2019-02-09T02:00,5.5,20,7.8,0.0,0.0,0.0,90,0.00
2019-02-09T03:00,5.2,13,4.1,0.0,0.0,0.0,92,0.00
2019-02-09T04:00,5.0,22,5.7,0.0,0.0,0.0,89,0.00
2019-02-09T05:00,4.4,30,8.0,0.0,0.0,0.0,91,0.00
2019-02-09T06:00,4.0,15,8.8,0.0,0.0,0.0,90,0.00
2019-02-09T07:00,4.6,16,5.6,41.0,41.0,0.0,89,0.00
2019-02-09T08:00,6.7,24,10.5,164.0,159.0,20.0,92,0.00
2019-02-09T09:00,9.4,34,9.2,389.0,166.0,550.2,84,0.00
2019-02-09T10:00,10.7,47,9.7,434.0,294.0,268.1,78,0.00
2019-02-09T11:00,11.4,50,11.2,335.0,335.0,0.0,72,0.00
2019-02-09T12:00,11.2,60,12.8,196.0,196.0,0.0,74,0.00
2019-02-09T13:00,11.7,46,15.2,411.0,201.0,361.4,70,0.00
2019-02-09T14:00,11.8,45,16.1,501.0,125.0,753.6,70,0.00
2019-02-09T15:00,11.2,32,16.9,348.0,60.0,773.4,70,0.00
2019-02-09T16:00,10.3,30,15.9,126.0,61.0,309.4,72,0.00
2019-02-09T17:00,9.3,50,10.1,0.0,0.0,0.0,78,0.00
2019-02-09T18:00,9.0,65,6.6,0.0,0.0,0.0,83,0.00
2019-02-09T19:00,8.9,62,6.2,0.0,0.0,0.0,78,0.00
2019-02-09T20:00,8.7,64,4.8,0.0,0.0,0.0,85,0.00
2019-02-09T21:00,8.6,77,3.3,0.0,0.0,0.0,85,0.20
2019-02-09T22:00,7.7,77,1.1,0.0,0.0,0.0,91,3.00
2019-02-09T23:00,7.4,93,16.8,0.0,0.0,0.0,92,0.50
2019-02-10T00:00,6.6,98,4.3,0.0,0.0,0.0,91,0.00
2019-02-10T01:00,6.1,83,1.8,0.0,0.0,0.0,92,0.00
2019-02-10T02:00,6.3,92,5.9,0.0,0.0,0.0,94,0.00
2019-02-10T03:00,6.0,70,5.4,0.0,0.0,0.0,94,0.00
2019-02-10T04:00,5.8,51,2.8,0.0,0.0,0.0,97,2.20
2019-02-10T05:00,5.4,69,2.6,0.0,0.0,0.0,93,0.30
2019-02-10T06:00,4.9,46,4.0,0.0,0.0,0.0,91,0.00
2019-02-10T07:00,4.2,10,6.9,58.0,44.0,116.8,90,0.00
2019-02-10T08:00,5.7,2,6.2,95.0,95.0,0.0,90,0.00
2019-02-10T09:00,6.8,0,5.4,421.0,77.0,840.3,78,0.00
2019-02-10T10:00,8.4,2,10.8,551.0,88.0,879.4,71,0.00
2019-02-10T11:00,9.2,1,12.7,652.0,78.0,960.7,65,0.00
2019-02-10T12:00,10.0,10,13.8,560.0,180.0,615.3,59,0.00
2019-02-10T13:00,9.8,13,16.0,544.0,442.0,174.2,60,0.00
2019-02-10T14:00,9.9,3,17.3,525.0,94.0,856.5,55,0.00
2019-02-10T15:00,9.6,2,14.8,360.0,75.0,757.0,58,0.00
2019-02-10T16:00,8.8,2,12.5,161.0,61.0,467.4,61,0.00
2019-02-10T17:00,7.2,0,8.8,0.0,0.0,0.0,70,0.00
2019-02-10T18:00,6.3,4,11.6,0.0,0.0,0.0,73,0.00
2019-02-10T19:00,5.5,0,8.4,0.0,0.0,0.0,77,0.00
2019-02-10T20:00,5.0,1,7.8,0.0,0.0,0.0,77,0.00
2019-02-10T21:00,4.4,4,6.9,0.0,0.0,0.0,79,0.00
2019-02-10T22:00,3.9,7,7.1,0.0,0.0,0.0,80,0.00
2019-02-10T23:00,3.4,2,5.0,0.0,0.0,0.0,82,0.00
2019-02-11T00:00,3.6,10,3.8,0.0,0.0,0.0,89,0.00
2019-02-11T01:00,3.5,12,4.2,0.0,0.0,0.0,91,0.00
2019-02-11T02:00,2.8,20,3.6,0.0,0.0,0.0,89,0.00
2019-02-11T03:00,2.7,20,2.2,0.0,0.0,0.0,89,0.00
2019-02-11T04:00,2.8,14,4.1,0.0,0.0,0.0,91,0.00
2019-02-11T05:00,2.1,10,3.4,0.0,0.0,0.0,90,0.00
2019-02-11T06:00,2.0,12,5.4,0.0,0.0,0.0,89,0.00
2019-02-11T07:00,3.4,4,6.0,40.0,40.0,0.0,91,0.00
2019-02-11T08:00,6.3,7,5.9,197.0,147.0,193.7,88,0.00
2019-02-11T09:00,8.6,14,10.4,338.0,314.0,58.0,76,0.00
2019-02-11T10:00,9.8,16,9.7,183.0,183.0,0.0,66,0.00
2019-02-11T11:00,10.6,13,5.3,374.0,374.0,0.0,58,0.00
2019-02-11T12:00,11.3,19,5.8,284.0,284.0,0.0,56,0.00
2019-02-11T13:00,11.8,23,7.2,511.0,383.0,217.0,52,0.00
2019-02-11T14:00,11.2,22,5.7,423.0,285.0,271.9,57,0.00
2019-02-11T15:00,11.4,21,6.8,296.0,240.0,147.1,56,0.00
2019-02-11T16:00,10.5,6,6.2,164.0,77.0,399.4,64,0.00
2019-02-11T17:00,8.5,4,6.8,0.0,0.0,0.0,72,0.00
2019-02-11T18:00,7.0,7,5.7,0.0,0.0,0.0,76,0.00
2019-02-11T19:00,6.1,8,3.4,0.0,0.0,0.0,80,0.00
2019-02-11T20:00,5.3,14,4.6,0.0,0.0,0.0,84,0.00
2019-02-11T21:00,4.4,14,3.7,0.0,0.0,0.0,85,0.00
2019-02-11T22:00,4.4,12,3.0,0.0,0.0,0.0,88,0.00
2019-02-11T23:00,3.6,0,0.5,0.0,0.0,0.0,89,0.00
2019-02-12T00:00,2.9,0,1.6,0.0,0.0,0.0,88,0.00
2019-02-12T01:00,2.5,0,1.9,0.0,0.0,0.0,84,0.00
2019-02-12T02:00,2.2,0,4.1,0.0,0.0,0.0,89,0.00
2019-02-12T03:00,1.6,1,2.7,0.0,0.0,0.0,91,0.00
2019-02-12T04:00,1.5,0,0.8,0.0,0.0,0.0,87,0.00
2019-02-12T05:00,1.7,0,5.6,0.0,0.0,0.0,83,0.00
2019-02-12T06:00,1.5,0,3.6,0.0,0.0,0.0,87,0.00
2019-02-12T07:00,3.1,8,1.8,52.0,51.0,8.1,87,0.00
2019-02-12T08:00,5.7,49,3.1,227.0,176.0,194.6,82,0.00
2019-02-12T09:00,7.6,100,7.4,394.0,271.0,294.4,74,0.00
2019-02-12T10:00,9.5,100,11.6,442.0,428.0,26.2,66,0.00
2019-02-12T11:00,10.4,100,8.2,436.0,435.0,1.6,56,0.00
2019-02-12T12:00,10.5,100,6.8,478.0,473.0,8.0,56,0.00
2019-02-12T13:00,10.9,100,7.6,427.0,426.0,1.7,55,0.00
2019-02-12T14:00,11.9,94,10.9,523.0,211.0,609.6,48,0.00
2019-02-12T15:00,10.5,100,2.5,33.0,33.0,0.0,58,0.00
2019-02-12T16:00,10.0,100,4.9,16.0,16.0,0.0,57,0.00
2019-02-12T17:00,9.2,100,4.6,0.0,0.0,0.0,64,0.00
2019-02-12T18:00,8.9,100,5.4,0.0,0.0,0.0,70,0.00
2019-02-12T19:00,9.3,100,14.3,0.0,0.0,0.0,74,0.00
2019-02-12T20:00,8.6,100,4.4,0.0,0.0,0.0,75,0.00
2019-02-12T21:00,8.8,92,3.8,0.0,0.0,0.0,70,0.70
2019-02-12T22:00,9.3,71,9.9,0.0,0.0,0.0,70,0.70
2019-02-12T23:00,8.7,82,8.7,0.0,0.0,0.0,83,2.20
2019-02-13T00:00,8.8,92,13.5,0.0,0.0,0.0,74,0.00
2019-02-13T01:00,9.4,100,12.2,0.0,0.0,0.0,70,0.00
2019-02-13T02:00,9.7,100,12.9,0.0,0.0,0.0,70,1.40
2019-02-13T03:00,10.2,100,21.4,0.0,0.0,0.0,66,0.40
2019-02-13T04:00,9.2,100,20.0,0.0,0.0,0.0,77,0.00
2019-02-13T05:00,8.8,54,19.7,0.0,0.0,0.0,82,0.70
2019-02-13T06:00,7.9,78,15.9,0.0,0.0,0.0,90,6.50
2019-02-13T07:00,7.7,59,9.5,8.0,8.0,0.0,91,0.40
2019-02-13T08:00,8.5,75,7.1,45.0,45.0,0.0,91,0.00
2019-02-13T09:00,9.0,84,15.3,59.0,59.0,0.0,89,0.00
2019-02-13T10:00,10.2,91,19.9,36.0,36.0,0.0,91,0.00
2019-02-13T11:00,11.6,95,22.2,98.0,98.0,0.0,90,0.00
2019-02-13T12:00,13.7,100,19.9,571.0,306.0,419.9,88,0.00
2019-02-13T13:00,15.6,92,15.5,488.0,452.0,60.1,81,0.00
2019-02-13T14:00,15.5,88,21.1,133.0,132.0,1.9,79,0.00
2019-02-13T15:00,15.5,89,17.9,43.0,43.0,0.0,76,0.00
2019-02-13T16:00,15.6,92,20.3,11.0,11.0,0.0,78,0.00
2019-02-13T17:00,16.0,96,24.0,0.0,0.0,0.0,78,0.00
2019-02-13T18:00,15.7,84,15.3,0.0,0.0,0.0,82,0.00
2019-02-13T19:00,15.7,100,17.2,0.0,0.0,0.0,83,0.00
2019-02-13T20:00,15.1,100,19.2,0.0,0.0,0.0,88,0.40
2019-02-13T21:00,14.8,100,23.4,0.0,0.0,0.0,89,0.00
2019-02-13T22:00,14.7,100,18.0,0.0,0.0,0.0,91,1.40
2019-02-13T23:00,14.9,100,15.7,0.0,0.0,0.0,89,7.20
2019-02-14T00:00,15.4,100,22.2,0.0,0.0,0.0,88,0.00
2019-02-14T01:00,15.4,100,17.4,0.0,0.0,0.0,88,0.00
2019-02-14T02:00,15.7,100,18.5,0.0,0.0,0.0,88,7.20
2019-02-14T03:00,15.6,98,19.7,0.0,0.0,0.0,86,0.40
2019-02-14T04:00,15.3,93,31.6,0.0,0.0,0.0,84,0.40
2019-02-14T05:00,14.0,98,27.0,0.0,0.0,0.0,86,0.40
2019-02-14T06:00,12.4,31,22.6,0.0,0.0,0.0,81,0.40
2019-02-14T07:00,12.2,68,5.2,28.0,28.0,0.0,89,5.80
2019-02-14T08:00,11.6,55,5.4,29.0,29.0,0.0,92,0.70
2019-02-14T09:00,12.3,31,13.6,431.0,108.0,757.4,83,0.00
2019-02-14T10:00,12.2,59,7.6,269.0,269.0,0.0,86,0.00
2019-02-14T11:00,11.3,86,4.8,64.0,64.0,0.0,92,0.70
2019-02-14T12:00,11.0,58,6.2,423.0,417.0,9.4,92,0.40
2019-02-14T13:00,11.5,58,17.4,448.0,343.0,174.0,92,0.00
2019-02-14T14:00,12.3,23,17.7,530.0,82.0,860.6,84,0.00
2019-02-14T15:00,12.0,28,16.9,369.0,100.0,684.4,77,0.00
2019-02-14T16:00,11.5,14,12.3,171.0,68.0,448.7,73,0.00
2019-02-14T17:00,10.1,13,7.7,0.0,0.0,0.0,73,0.00
2019-02-14T18:00,9.5,13,8.4,0.0,0.0,0.0,76,0.00
2019-02-14T19:00,8.9,7,8.2,0.0,0.0,0.0,77,0.00
2019-02-14T20:00,8.8,17,9.1,0.0,0.0,0.0,76,0.00
2019-02-14T21:00,9.2,26,8.2,0.0,0.0,0.0,77,0.00
2019-02-14T22:00,9.2,64,13.1,0.0,0.0,0.0,80,1.40
2019-02-14T23:00,8.9,62,11.7,0.0,0.0,0.0,90,0.00
2019-02-15T00:00,8.8,26,12.0,0.0,0.0,0.0,88,0.00
2019-02-15T01:00,8.4,30,5.4,0.0,0.0,0.0,90,0.70
2019-02-15T02:00,7.4,6,5.9,0.0,0.0,0.0,89,0.00
2019-02-15T03:00,7.2,16,4.0,0.0,0.0,0.0,87,0.00
2019-02-15T04:00,7.4,22,10.4,0.0,0.0,0.0,85,0.00
2019-02-15T05:00,6.5,4,10.0,0.0,0.0,0.0,88,0.00
2019-02-15T06:00,6.0,10,7.1,0.0,0.0,0.0,89,0.00
2019-02-15T07:00,7.1,18,0.7,63.0,60.0,23.1,87,0.00
2019-02-15T08:00,8.8,16,5.9,201.0,192.0,32.8,81,0.00
2019-02-15T09:00,10.4,13,7.0,350.0,314.0,83.5,77,0.00
2019-02-15T10:00,11.3,12,15.9,577.0,196.0,694.3,67,0.00
2019-02-15T11:00,11.1,31,14.8,666.0,102.0,909.4,73,0.00
2019-02-15T12:00,10.9,24,11.5,595.0,127.0,730.8,75,0.00
2019-02-15T13:00,10.3,24,5.2,204.0,204.0,0.0,70,0.00
2019-02-15T14:00,10.2,14,7.6,360.0,353.0,13.3,71,0.40
2019-02-15T15:00,9.6,6,9.3,74.0,74.0,0.0,78,0.00
2019-02-15T16:00,8.8,23,7.5,138.0,114.0,102.8,79,0.00
2019-02-15T17:00,7.6,24,5.8,0.0,0.0,0.0,84,0.00
2019-02-15T18:00,7.1,9,6.2,0.0,0.0,0.0,85,0.00
2019-02-15T19:00,6.4,8,6.1,0.0,0.0,0.0,87,0.00
2019-02-15T20:00,5.7,6,6.0,0.0,0.0,0.0,87,0.00
2019-02-15T21:00,5.6,17,6.8,0.0,0.0,0.0,87,0.00
2019-02-15T22:00,5.7,13,8.6,0.0,0.0,0.0,84,0.00
2019-02-15T23:00,5.7,48,3.3,0.0,0.0,0.0,91,0.40
2019-02-16T00:00,6.1,30,7.6,0.0,0.0,0.0,92,0.00
2019-02-16T01:00,6.1,51,11.0,0.0,0.0,0.0,91,0.40
2019-02-16T02:00,5.8,54,8.2,0.0,0.0,0.0,88,0.00
2019-02-16T03:00,5.4,39,2.3,0.0,0.0,0.0,90,0.00
2019-02-16T04:00,5.9,32,5.7,0.0,0.0,0.0,95,0.40
2019-02-16T05:00,6.0,60,7.4,0.0,0.0,0.0,93,0.00
2019-02-16T06:00,5.8,29,3.8,0.0,0.0,0.0,88,0.00
2019-02-16T07:00,6.7,53,5.0,74.0,36.0,287.6,89,0.00
2019-02-16T08:00,8.6,20,3.2,268.0,53.0,770.5,84,0.00
2019-02-16T09:00,10.1,51,8.0,454.0,94.0,826.7,80,0.00
2019-02-16T10:00,10.6,5,13.0,193.0,193.0,0.0,78,0.00
2019-02-16T11:00,11.2,31,15.4,530.0,442.0,140.8,73,0.00
2019-02-16T12:00,11.1,30,16.8,581.0,229.0,545.7,73,0.00
2019-02-16T13:00,10.9,34,18.1,575.0,124.0,736.4,74,0.00
2019-02-16T14:00,10.7,30,17.9,515.0,157.0,676.3,74,0.00
2019-02-16T15:00,10.7,22,18.4,376.0,96.0,697.6,70,0.00
2019-02-16T16:00,9.5,9,16.9,184.0,65.0,501.3,69,0.00
2019-02-16T17:00,7.8,12,10.5,0.0,0.0,0.0,74,0.00
2019-02-16T18:00,7.1,2,13.6,0.0,0.0,0.0,74,0.00
2019-02-16T19:00,6.6,1,12.6,0.0,0.0,0.0,74,0.00
2019-02-16T20:00,6.1,0,10.4,0.0,0.0,0.0,75,0.00
2019-02-16T21:00,5.9,2,10.9,0.0,0.0,0.0,76,0.00
2019-02-16T22:00,5.4,3,9.0,0.0,0.0,0.0,77,0.00
2019-02-16T23:00,5.1,3,10.7,0.0,0.0,0.0,79,0.00
2019-02-17T00:00,4.7,3,6.6,0.0,0.0,0.0,80,0.00
2019-02-17T01:00,4.4,26,7.2,0.0,0.0,0.0,83,0.00
2019-02-17T02:00,4.5,27,3.4,0.0,0.0,0.0,80,0.40
2019-02-17T03:00,4.0,37,5.2,0.0,0.0,0.0,87,0.40
2019-02-17T04:00,4.7,72,5.1,0.0,0.0,0.0,92,0.40
2019-02-17T05:00,5.2,47,9.9,0.0,0.0,0.0,87,0.00
2019-02-17T06:00,5.2,10,4.5,0.0,0.0,0.0,92,1.10
2019-02-17T07:00,5.9,1,1.3,82.0,48.0,253.1,93,0.00
2019-02-17T08:00,8.2,1,7.0,208.0,111.0,342.2,82,0.00
2019-02-17T09:00,9.4,7,17.1,448.0,107.0,774.9,74,0.00
2019-02-17T10:00,10.3,5,16.4,579.0,135.0,795.5,67,0.00
2019-02-17T11:00,10.8,4,15.9,580.0,253.0,519.4,64,0.00
2019-02-17T12:00,11.2,3,15.9,638.0,228.0,631.1,60,0.00
2019-02-17T13:00,11.5,1,17.6,636.0,138.0,807.1,57,0.00
2019-02-17T14:00,11.2,0,21.6,550.0,79.0,882.5,54,0.00
2019-02-17T15:00,10.4,0,23.2,390.0,80.0,764.3,56,0.00
2019-02-17T16:00,9.2,3,19.2,188.0,66.0,505.6,61,0.00
2019-02-17T17:00,7.5,2,10.8,0.0,0.0,0.0,70,0.00
2019-02-17T18:00,6.5,0,9.8,0.0,0.0,0.0,75,0.00
2019-02-17T19:00,6.2,16,5.5,0.0,0.0,0.0,82,0.00
2019-02-17T20:00,5.5,1,6.8,0.0,0.0,0.0,83,0.00
2019-02-17T21:00,4.7,1,7.6,0.0,0.0,0.0,85,0.00
2019-02-17T22:00,4.1,1,7.5,0.0,0.0,0.0,86,0.00
2019-02-17T23:00,3.8,1,8.6,0.0,0.0,0.0,87,0.00
2019-02-18T00:00,3.2,3,7.6,0.0,0.0,0.0,88,0.00
2019-02-18T01:00,2.7,2,7.9,0.0,0.0,0.0,88,0.00
2019-02-18T02:00,2.3,4,7.1,0.0,0.0,0.0,87,0.00
2019-02-18T03:00,2.0,13,7.1,0.0,0.0,0.0,85,0.00
2019-02-18T04:00,1.4,7,6.8,0.0,0.0,0.0,83,0.00
2019-02-18T05:00,1.0,5,6.5,0.0,0.0,0.0,81,0.00
2019-02-18T06:00,0.7,6,6.2,0.0,0.0,0.0,81,0.00
2019-02-18T07:00,2.4,6,3.3,87.0,26.0,446.7,87,0.00
2019-02-18T08:00,5.6,6,6.4,286.0,55.0,802.3,76,0.00
2019-02-18T09:00,8.5,0,9.0,469.0,71.0,895.0,54,0.00
2019-02-18T10:00,9.7,0,10.5,612.0,81.0,943.4,42,0.00
2019-02-18T11:00,10.5,0,12.4,696.0,96.0,945.8,41,0.00
2019-02-18T12:00,11.2,0,13.6,718.0,90.0,959.7,38,0.00
2019-02-18T13:00,12.1,0,14.0,671.0,90.0,934.7,37,0.00
2019-02-18T14:00,12.8,0,14.1,563.0,88.0,882.7,32,0.00
2019-02-18T15:00,13.0,0,14.4,404.0,82.0,785.9,29,0.00
2019-02-18T16:00,12.2,0,12.0,201.0,68.0,542.4,27,0.00
2019-02-18T17:00,9.4,0,6.6,0.0,0.0,0.0,42,0.00
2019-02-18T18:00,7.6,1,5.8,0.0,0.0,0.0,49,0.00
2019-02-18T19:00,6.4,1,10.1,0.0,0.0,0.0,55,0.00
2019-02-18T20:00,5.5,2,9.2,0.0,0.0,0.0,57,0.00
2019-02-18T21:00,4.8,4,9.2,0.0,0.0,0.0,58,0.00
2019-02-18T22:00,3.9,2,8.1,0.0,0.0,0.0,61,0.00
2019-02-18T23:00,2.9,3,6.4,0.0,0.0,0.0,65,0.00
2019-02-19T00:00,2.1,5,5.3,0.0,0.0,0.0,67,0.00
2019-02-19T01:00,1.5,11,5.4,0.0,0.0,0.0,70,0.00
2019-02-19T02:00,1.0,7,6.6,0.0,0.0,0.0,69,0.00
2019-02-19T03:00,0.6,7,6.6,0.0,0.0,0.0,71,0.00
2019-02-19T04:00,0.3,13,7.1,0.0,0.0,0.0,72,0.00
2019-02-19T05:00,-0.0,10,5.3,0.0,0.0,0.0,74,0.00
2019-02-19T06:00,-0.1,6,7.2,0.0,0.0,0.0,77,0.00
2019-02-19T07:00,1.9,0,3.4,92.0,34.0,417.8,82,0.00
2019-02-19T08:00,5.7,0,5.0,288.0,57.0,789.9,75,0.00
2019-02-19T09:00,8.0,0,3.8,471.0,74.0,883.5,53,0.00
2019-02-19T10:00,8.8,0,3.9,615.0,84.0,935.6,46,0.00
2019-02-19T11:00,9.9,0,5.0,701.0,90.0,956.0,41,0.00
2019-02-19T12:00,10.9,0,5.1,724.0,92.0,958.9,39,0.00
2019-02-19T13:00,12.1,0,7.6,678.0,93.0,934.3,35,0.00
2019-02-19T14:00,13.1,0,9.3,567.0,93.0,873.7,31,0.00
2019-02-19T15:00,13.1,0,11.3,402.0,87.0,761.1,33,0.00
2019-02-19T16:00,11.8,0,12.5,197.0,72.0,501.8,46,0.00
2019-02-19T17:00,9.6,1,9.5,0.0,0.0,0.0,58,0.00
2019-02-19T18:00,7.8,6,9.4,0.0,0.0,0.0,66,0.00
2019-02-19T19:00,7.2,0,10.6,0.0,0.0,0.0,68,0.00
2019-02-19T20:00,6.9,11,11.2,0.0,0.0,0.0,71,0.00
2019-02-19T21:00,6.9,34,13.0,0.0,0.0,0.0,75,0.00
2019-02-19T22:00,7.7,68,11.2,0.0,0.0,0.0,75,0.00
2019-02-19T23:00,8.4,56,10.1,0.0,0.0,0.0,78,0.00
2019-02-20T00:00,8.6,64,10.5,0.0,0.0,0.0,77,0.00
2019-02-20T01:00,8.8,61,12.1,0.0,0.0,0.0,73,0.00
2019-02-20T02:00,8.3,37,13.2,0.0,0.0,0.0,73,0.00
2019-02-20T03:00,7.7,2,17.4,0.0,0.0,0.0,72,0.00
2019-02-20T04:00,7.4,100,14.1,0.0,0.0,0.0,72,0.00
2019-02-20T05:00,6.8,3,10.8,0.0,0.0,0.0,74,0.00
2019-02-20T06:00,7.0,76,13.9,0.0,0.0,0.0,77,0.00
2019-02-20T07:00,7.8,32,9.7,91.0,29.0,439.4,81,0.00
2019-02-20T08:00,9.7,48,6.5,284.0,80.0,686.8,76,0.00
2019-02-20T09:00,10.6,15,17.9,148.0,148.0,0.0,73,0.00
2019-02-20T10:00,11.5,6,15.3,527.0,199.0,573.1,65,0.00
2019-02-20T11:00,11.9,4,17.8,514.0,228.0,444.2,64,0.00
2019-02-20T12:00,12.6,1,18.6,685.0,248.0,658.3,59,0.00
2019-02-20T13:00,12.9,3,19.4,622.0,98.0,830.8,57,0.00
2019-02-20T14:00,12.7,2,20.8,536.0,126.0,749.7,55,0.00
2019-02-20T15:00,12.1,2,21.7,402.0,81.0,767.9,56,0.00
2019-02-20T16:00,11.1,3,18.5,199.0,73.0,498.0,60,0.00
2019-02-20T17:00,9.4,1,15.6,0.0,0.0,0.0,65,0.00
2019-02-20T18:00,8.2,1,14.1,0.0,0.0,0.0,69,0.00
2019-02-20T19:00,7.7,1,12.6,0.0,0.0,0.0,70,0.00
2019-02-20T20:00,7.2,1,11.0,0.0,0.0,0.0,70,0.00
2019-02-20T21:00,6.5,2,11.8,0.0,0.0,0.0,73,0.00
2019-02-20T22:00,6.1,1,14.2,0.0,0.0,0.0,75,0.00
2019-02-20T23:00,5.6,1,12.6,0.0,0.0,0.0,78,0.00
2019-02-21T00:00,5.4,8,10.8,0.0,0.0,0.0,77,0.00
2019-02-21T01:00,4.8,2,8.4,0.0,0.0,0.0,78,0.00
2019-02-21T02:00,4.7,0,9.4,0.0,0.0,0.0,77,0.00
2019-02-21T03:00,4.2,1,8.0,0.0,0.0,0.0,79,0.00
2019-02-21T04:00,4.0,1,8.9,0.0,0.0,0.0,80,0.00
2019-02-21T05:00,3.4,2,8.6,0.0,0.0,0.0,83,0.00
2019-02-21T06:00,3.0,4,8.0,0.0,0.0,0.0,85,0.00
2019-02-21T07:00,4.6,0,8.2,97.0,29.0,474.2,84,0.00
2019-02-21T08:00,6.9,0,8.9,294.0,58.0,782.4,76,0.00
2019-02-21T09:00,8.7,0,11.6,478.0,73.0,882.8,57,0.00
2019-02-21T10:00,9.9,0,14.2,611.0,143.0,810.9,50,0.00
2019-02-21T11:00,10.7,0,17.2,709.0,88.0,957.3,45,0.00
2019-02-21T12:00,12.1,0,17.2,729.0,92.0,952.9,39,0.00
2019-02-21T13:00,13.0,0,18.8,686.0,88.0,941.3,34,0.00
2019-02-21T14:00,13.5,0,20.1,579.0,89.0,888.9,29,0.00
2019-02-21T15:00,13.3,0,20.2,416.0,82.0,791.1,28,0.00
2019-02-21T16:00,12.5,0,18.9,212.0,68.0,560.6,27,0.00
2019-02-21T17:00,10.8,0,12.2,0.0,0.0,0.0,31,0.00
2019-02-21T18:00,9.4,0,11.6,0.0,0.0,0.0,36,0.00
2019-02-21T19:00,8.3,0,11.7,0.0,0.0,0.0,39,0.00
2019-02-21T20:00,8.0,0,13.5,0.0,0.0,0.0,42,0.00
2019-02-21T21:00,7.4,0,15.4,0.0,0.0,0.0,45,0.00
2019-02-21T22:00,6.6,0,11.7,0.0,0.0,0.0,47,0.00
2019-02-21T23:00,5.4,0,9.6,0.0,0.0,0.0,47,0.00
2019-02-22T00:00,4.3,1,7.9,0.0,0.0,0.0,52,0.00
2019-02-22T01:00,3.5,1,8.4,0.0,0.0,0.0,56,0.00
2019-02-22T02:00,3.2,3,10.0,0.0,0.0,0.0,57,0.00
2019-02-22T03:00,2.5,1,6.9,0.0,0.0,0.0,52,0.00
2019-02-22T04:00,1.9,2,7.9,0.0,0.0,0.0,51,0.00
2019-02-22T05:00,1.0,8,7.1,0.0,0.0,0.0,60,0.00
2019-02-22T06:00,1.0,4,4.1,0.0,0.0,0.0,54,0.00
2019-02-22T07:00,2.9,0,2.6,104.0,31.0,500.9,59,0.00
2019-02-22T08:00,7.2,0,6.2,305.0,60.0,799.9,43,0.00
2019-02-22T09:00,8.3,0,2.8,492.0,75.0,899.6,33,0.00
2019-02-22T10:00,12.5,0,1.5,636.0,85.0,946.8,32,0.00
2019-02-22T11:00,10.3,0,3.1,720.0,92.0,961.0,30,0.00
2019-02-22T12:00,11.5,0,4.7,742.0,95.0,961.1,29,0.00
2019-02-22T13:00,12.2,0,8.8,698.0,95.0,942.5,26,0.00
2019-02-22T14:00,13.2,0,9.9,589.0,94.0,890.9,24,0.00
2019-02-22T15:00,13.0,0,10.8,417.0,105.0,731.9,25,0.00
2019-02-22T16:00,12.1,0,11.5,215.0,72.0,548.5,28,0.00
2019-02-22T17:00,9.8,2,7.4,0.0,0.0,0.0,42,0.00
2019-02-22T18:00,7.7,1,6.5,0.0,0.0,0.0,54,0.00
2019-02-22T19:00,6.4,3,5.4,0.0,0.0,0.0,62,0.00
2019-02-22T20:00,5.7,4,7.4,0.0,0.0,0.0,66,0.00
2019-02-22T21:00,4.8,4,6.0,0.0,0.0,0.0,67,0.00
2019-02-22T22:00,4.3,8,6.5,0.0,0.0,0.0,70,0.00
2019-02-22T23:00,3.5,3,5.2,0.0,0.0,0.0,72,0.00
2019-02-23T00:00,2.9,13,3.1,0.0,0.0,0.0,72,0.00
2019-02-23T01:00,2.3,12,4.7,0.0,0.0,0.0,76,0.00
2019-02-23T02:00,1.7,9,6.2,0.0,0.0,0.0,78,0.00
2019-02-23T03:00,1.0,7,5.5,0.0,0.0,0.0,84,0.00
2019-02-23T04:00,0.8,16,5.5,0.0,0.0,0.0,81,0.00
2019-02-23T05:00,0.5,11,7.0,0.0,0.0,0.0,86,0.00
2019-02-23T06:00,0.8,0,9.2,0.0,0.0,0.0,88,0.00
2019-02-23T07:00,2.9,0,6.0,101.0,36.0,439.0,84,0.00
2019-02-23T08:00,6.1,1,5.1,283.0,133.0,482.4,76,0.00
2019-02-23T09:00,8.8,0,5.2,423.0,283.0,298.9,62,0.00
2019-02-23T10:00,10.9,0,3.4,565.0,243.0,548.8,58,0.00
2019-02-23T11:00,12.2,1,1.5,681.0,187.0,750.5,52,0.00
2019-02-23T12:00,13.1,0,3.9,677.0,331.0,510.4,48,0.00
2019-02-23T13:00,13.3,1,9.7,609.0,317.0,453.2,54,0.00
2019-02-23T14:00,13.7,0,12.2,450.0,310.0,250.0,59,0.00
2019-02-23T15:00,12.9,0,11.5,353.0,189.0,381.0,61,0.00
2019-02-23T16:00,12.1,0,11.6,173.0,158.0,56.7,61,0.00
2019-02-23T17:00,10.7,0,8.4,0.0,0.0,0.0,64,0.00
2019-02-23T18:00,9.5,0,5.0,0.0,0.0,0.0,71,0.00
2019-02-23T19:00,8.6,0,6.1,0.0,0.0,0.0,75,0.00
2019-02-23T20:00,7.5,1,5.4,0.0,0.0,0.0,79,0.00
2019-02-23T21:00,6.8,5,5.4,0.0,0.0,0.0,81,0.00
2019-02-23T22:00,5.9,0,5.7,0.0,0.0,0.0,85,0.00
2019-02-23T23:00,5.4,20,4.0,0.0,0.0,0.0,86,0.00
2019-02-24T00:00,5.7,20,4.3,0.0,0.0,0.0,84,0.00
2019-02-24T01:00,6.1,0,4.1,0.0,0.0,0.0,84,0.00
2019-02-24T02:00,5.6,14,3.9,0.0,0.0,0.0,85,0.00
2019-02-24T03:00,5.2,19,4.7,0.0,0.0,0.0,85,0.00
2019-02-24T04:00,4.9,20,4.5,0.0,0.0,0.0,86,0.00
2019-02-24T05:00,4.8,0,4.0,0.0,0.0,0.0,89,0.00
2019-02-24T06:00,5.0,2,3.7,0.0,0.0,0.0,89,0.00
2019-02-24T07:00,6.2,2,2.2,87.0,61.0,172.8,91,0.00
2019-02-24T08:00,9.0,6,5.2,296.0,115.0,573.4,84,0.00
2019-02-24T09:00,10.6,24,6.7,405.0,260.0,306.5,73,0.00
2019-02-24T10:00,12.1,33,5.6,513.0,357.0,263.7,66,0.00
2019-02-24T11:00,13.0,34,3.9,408.0,407.0,1.5,62,0.00
2019-02-24T12:00,13.6,39,6.0,291.0,291.0,0.0,61,0.00
2019-02-24T13:00,13.8,44,6.4,203.0,203.0,0.0,62,0.00
2019-02-24T14:00,14.2,8,8.2,201.0,201.0,0.0,60,0.00
2019-02-24T15:00,13.4,0,9.7,297.0,286.0,25.3,65,0.00
2019-02-24T16:00,12.7,16,10.8,148.0,144.0,14.9,66,0.00
2019-02-24T17:00,11.4,18,7.7,0.0,0.0,0.0,66,0.00
2019-02-24T18:00,10.2,21,4.5,0.0,0.0,0.0,72,0.00
2019-02-24T19:00,9.3,17,3.6,0.0,0.0,0.0,74,0.00
2019-02-24T20:00,8.7,17,3.8,0.0,0.0,0.0,73,0.00
2019-02-24T21:00,8.2,0,5.4,0.0,0.0,0.0,74,0.00
2019-02-24T22:00,7.6,18,4.3,0.0,0.0,0.0,78,0.00
2019-02-24T23:00,7.1,1,5.9,0.0,0.0,0.0,77,0.00
2019-02-25T00:00,6.8,1,2.9,0.0,0.0,0.0,80,0.00
2019-02-25T01:00,6.4,0,6.6,0.0,0.0,0.0,85,0.00
2019-02-25T02:00,6.1,0,5.3,0.0,0.0,0.0,86,0.00
2019-02-25T03:00,5.8,0,6.4,0.0,0.0,0.0,87,0.00
2019-02-25T04:00,5.9,28,8.8,0.0,0.0,0.0,86,0.00
2019-02-25T05:00,6.3,41,12.9,0.0,0.0,0.0,85,0.00
2019-02-25T06:00,6.1,33,11.9,0.0,0.0,0.0,86,0.00
2019-02-25T07:00,7.9,68,7.4,105.0,50.0,359.9,86,0.00
2019-02-25T08:00,10.8,78,10.3,209.0,176.0,103.0,78,0.00
2019-02-25T09:00,12.5,59,10.8,394.0,301.0,194.6,72,0.00
2019-02-25T10:00,12.8,74,12.7,104.0,104.0,0.0,68,0.00
2019-02-25T11:00,13.5,80,15.6,410.0,410.0,0.0,68,0.00
2019-02-25T12:00,12.8,84,17.2,52.0,52.0,0.0,70,0.00
2019-02-25T13:00,13.5,65,16.3,180.0,180.0,0.0,67,0.00
2019-02-25T14:00,13.3,84,19.8,78.0,78.0,0.0,68,0.00
2019-02-25T15:00,12.8,57,16.0,43.0,43.0,0.0,71,0.00
2019-02-25T16:00,12.4,63,14.8,34.0,34.0,0.0,70,0.00
2019-02-25T17:00,12.3,67,16.3,0.0,0.0,0.0,70,0.00
2019-02-25T18:00,12.2,84,18.4,0.0,0.0,0.0,70,0.00
2019-02-25T19:00,12.1,60,17.7,0.0,0.0,0.0,71,0.00
2019-02-25T20:00,12.0,54,16.2,0.0,0.0,0.0,71,0.00
2019-02-25T21:00,12.0,57,18.5,0.0,0.0,0.0,71,0.00
2019-02-25T22:00,12.2,65,24.6,0.0,0.0,0.0,70,0.00
2019-02-25T23:00,12.1,81,20.6,0.0,0.0,0.0,70,0.00
2019-02-26T00:00,12.3,93,19.1,0.0,0.0,0.0,70,0.00
2019-02-26T01:00,11.9,73,18.1,0.0,0.0,0.0,73,0.00
2019-02-26T02:00,11.7,84,16.2,0.0,0.0,0.0,76,0.00
2019-02-26T03:00,11.2,62,13.8,0.0,0.0,0.0,77,0.00
2019-02-26T04:00,10.5,56,13.3,0.0,0.0,0.0,80,0.00
2019-02-26T05:00,9.9,80,10.3,0.0,0.0,0.0,84,0.00
2019-02-26T06:00,9.7,84,12.9,0.0,0.0,0.0,87,0.00
2019-02-26T07:00,10.7,55,16.0,5.0,5.0,0.0,81,0.00
2019-02-26T08:00,11.5,56,20.3,11.0,11.0,0.0,75,0.00
2019-02-26T09:00,11.5,65,17.1,14.0,14.0,0.0,75,0.00
2019-02-26T10:00,12.4,71,18.2,23.0,23.0,0.0,72,0.00
2019-02-26T11:00,12.6,77,18.1,53.0,53.0,0.0,71,0.00
2019-02-26T12:00,12.8,65,15.6,76.0,76.0,0.0,73,0.00
2019-02-26T13:00,13.5,74,21.7,118.0,118.0,0.0,69,0.00
2019-02-26T14:00,13.3,85,19.1,62.0,62.0,0.0,70,0.00
2019-02-26T15:00,12.7,75,18.7,48.0,48.0,0.0,71,0.00
2019-02-26T16:00,12.3,51,20.1,21.0,21.0,0.0,72,0.00
2019-02-26T17:00,12.4,88,22.1,0.0,0.0,0.0,72,0.70
2019-02-26T18:00,12.6,81,26.4,0.0,0.0,0.0,71,0.00
2019-02-26T19:00,12.4,42,23.8,0.0,0.0,0.0,72,0.00
2019-02-26T20:00,12.0,55,25.8,0.0,0.0,0.0,74,0.00
2019-02-26T21:00,11.7,100,25.2,0.0,0.0,0.0,76,0.00
2019-02-26T22:00,11.6,51,19.5,0.0,0.0,0.0,81,0.00
2019-02-26T23:00,11.2,40,22.2,0.0,0.0,0.0,85,0.70
2019-02-27T00:00,11.5,53,20.5,0.0,0.0,0.0,86,5.80
2019-02-27T01:00,11.0,74,6.3,0.0,0.0,0.0,90,0.00
2019-02-27T02:00,11.7,75,9.4,0.0,0.0,0.0,87,0.70
2019-02-27T03:00,11.5,94,17.6,0.0,0.0,0.0,90,0.00
2019-02-27T04:00,12.0,87,14.5,0.0,0.0,0.0,87,0.00
2019-02-27T05:00,11.8,80,11.2,0.0,0.0,0.0,88,0.00
2019-02-27T06:00,11.6,93,13.7,0.0,0.0,0.0,89,0.00
2019-02-27T07:00,12.4,75,14.5,89.0,64.0,158.6,89,0.00
2019-02-27T08:00,13.2,63,13.1,292.0,117.0,530.5,89,0.00
2019-02-27T09:00,14.6,63,13.3,372.0,344.0,57.4,82,0.00
2019-02-27T10:00,15.6,61,13.0,619.0,144.0,783.8,76,0.00
2019-02-27T11:00,16.4,66,17.7,592.0,259.0,491.7,71,0.00
2019-02-27T12:00,16.5,54,19.2,672.0,248.0,608.8,71,0.00
2019-02-27T13:00,16.3,66,16.1,539.0,197.0,516.4,71,0.00
2019-02-27T14:00,15.3,61,19.4,533.0,208.0,563.3,76,0.00
2019-02-27T15:00,14.0,53,22.4,391.0,251.0,313.5,82,0.00
2019-02-27T16:00,13.3,57,14.5,196.0,136.0,214.5,83,0.00
2019-02-27T17:00,12.3,59,4.9,0.0,0.0,0.0,87,0.00
2019-02-27T18:00,11.5,44,6.5,0.0,0.0,0.0,91,0.00
2019-02-27T19:00,10.4,42,7.2,0.0,0.0,0.0,95,0.00
2019-02-27T20:00,10.4,73,6.0,0.0,0.0,0.0,92,0.00
2019-02-27T21:00,10.5,71,3.6,0.0,0.0,0.0,91,0.00
2019-02-27T22:00,10.1,87,2.6,0.0,0.0,0.0,93,0.00
2019-02-27T23:00,9.9,87,3.9,0.0,0.0,0.0,93,0.00
2019-02-28T00:00,9.6,74,3.8,0.0,0.0,0.0,93,0.00
2019-02-28T01:00,9.3,72,2.3,0.0,0.0,0.0,92,0.00
2019-02-28T02:00,9.3,66,3.7,0.0,0.0,0.0,91,0.00
2019-02-28T03:00,9.3,69,1.3,0.0,0.0,0.0,92,0.00
2019-02-28T04:00,9.3,67,3.9,0.0,0.0,0.0,91,0.00
2019-02-28T05:00,8.9,64,4.3,0.0,0.0,0.0,93,0.00
2019-02-28T06:00,9.0,60,6.4,0.0,0.0,0.0,92,0.00
2019-02-28T07:00,9.4,48,5.7,50.0,50.0,0.0,91,0.00
2019-02-28T08:00,10.1,53,0.8,40.0,40.0,0.0,88,0.00
2019-02-28T09:00,10.4,57,4.1,191.0,191.0,0.0,81,0.00
2019-02-28T10:00,10.8,38,2.6,403.0,403.0,0.0,73,0.00
2019-02-28T11:00,12.8,36,0.7,507.0,495.0,17.6,70,0.00
2019-02-28T12:00,12.0,20,1.3,501.0,497.0,5.7,64,0.00
2019-02-28T13:00,13.0,18,4.8,549.0,264.0,427.5,59,0.00
2019-02-28T14:00,13.3,34,5.2,541.0,222.0,548.9,58,0.00
2019-02-28T15:00,13.5,41,8.1,191.0,191.0,0.0,58,0.00
2019-02-28T16:00,12.7,13,11.7,108.0,108.0,0.0,57,0.00
2019-02-28T17:00,11.3,100,8.7,0.0,0.0,0.0,62,0.00
2019-02-28T18:00,10.7,100,4.6,0.0,0.0,0.0,66,0.00
2019-02-28T19:00,10.3,100,2.8,0.0,0.0,0.0,70,0.00
2019-02-28T20:00,9.9,48,3.4,0.0,0.0,0.0,72,0.00
2019-02-28T21:00,8.8,6,2.4,0.0,0.0,0.0,75,0.00
2019-02-28T22:00,7.6,9,3.8,0.0,0.0,0.0,80,0.00
2019-02-28T23:00,6.9,23,5.5,0.0,0.0,0.0,82,0.00
2019-03-01T00:00,6.3,6,4.6,0.0,0.0,0.0,83,0.00
2019-03-01T01:00,5.7,0,4.2,0.0,0.0,0.0,85,0.00
2019-03-01T02:00,5.4,6,4.3,0.0,0.0,0.0,85,0.00
2019-03-01T03:00,5.1,67,5.0,0.0,0.0,0.0,86,0.00
2019-03-01T04:00,5.0,46,4.5,0.0,0.0,0.0,86,0.00
2019-03-01T05:00,4.7,0,5.9,0.0,0.0,0.0,85,0.00
2019-03-01T06:00,4.5,0,3.5,0.0,0.0,0.0,85,0.00
2019-03-01T07:00,6.4,14,1.5,115.0,86.0,178.5,92,0.00
2019-03-01T08:00,9.0,80,2.3,326.0,78.0,730.6,78,0.00
2019-03-01T09:00,9.9,60,1.9,498.0,143.0,714.0,71,0.00
2019-03-01T10:00,10.7,14,3.9,609.0,277.0,539.3,69,0.00
2019-03-01T11:00,10.9,68,4.3,657.0,467.0,276.7,71,0.00
2019-03-01T12:00,11.4,0,6.4,672.0,416.0,362.8,72,0.00
2019-03-01T13:00,12.4,30,6.8,649.0,326.0,481.3,71,0.00
2019-03-01T14:00,13.5,41,6.4,244.0,244.0,0.0,65,0.00
2019-03-01T15:00,14.0,44,4.7,155.0,155.0,0.0,59,0.00
2019-03-01T16:00,13.8,23,6.6,241.0,130.0,386.5,59,0.00
2019-03-01T17:00,12.9,64,5.2,0.0,0.0,0.0,69,0.00
2019-03-01T18:00,12.3,28,4.9,0.0,0.0,0.0,72,0.00
2019-03-01T19:00,11.1,2,5.6,0.0,0.0,0.0,72,0.00
2019-03-01T20:00,10.0,1,2.3,0.0,0.0,0.0,71,0.00
2019-03-01T21:00,10.2,70,1.5,0.0,0.0,0.0,74,0.00
2019-03-01T22:00,9.5,11,2.8,0.0,0.0,0.0,83,0.00
2019-03-01T23:00,9.6,29,2.0,0.0,0.0,0.0,90,0.00
2019-03-02T00:00,9.8,28,6.6,0.0,0.0,0.0,94,1.40
2019-03-02T01:00,10.0,33,2.6,0.0,0.0,0.0,96,0.00
2019-03-02T02:00,9.8,64,0.4,0.0,0.0,0.0,96,0.40
2019-03-02T03:00,10.5,76,11.0,0.0,0.0,0.0,91,0.70
2019-03-02T04:00,10.3,73,4.0,0.0,0.0,0.0,95,0.00
2019-03-02T05:00,10.4,82,9.2,0.0,0.0,0.0,95,0.00
2019-03-02T06:00,10.3,94,5.4,1.0,1.0,0.0,97,0.00
2019-03-02T07:00,10.7,89,6.8,37.0,37.0,0.0,97,0.00
2019-03-02T08:00,11.2,91,3.6,12.0,12.0,0.0,97,0.00
2019-03-02T09:00,12.0,96,7.1,34.0,34.0,0.0,96,2.20
2019-03-02T10:00,13.8,73,2.9,343.0,341.0,3.2,93,0.00
2019-03-02T11:00,15.7,81,8.1,296.0,296.0,0.0,88,0.00
2019-03-02T12:00,15.9,67,10.2,639.0,370.0,378.7,83,0.00
2019-03-02T13:00,16.9,61,9.9,542.0,315.0,336.0,77,0.00
2019-03-02T14:00,16.7,33,10.0,467.0,412.0,93.3,75,0.00
2019-03-02T15:00,16.3,66,7.6,117.0,117.0,0.0,73,0.00
2019-03-02T16:00,15.5,56,4.6,92.0,92.0,0.0,82,0.00
2019-03-02T17:00,14.3,68,5.4,0.0,0.0,0.0,90,0.00
2019-03-02T18:00,13.6,68,5.9,0.0,0.0,0.0,91,0.00
2019-03-02T19:00,13.3,62,6.6,0.0,0.0,0.0,92,0.00
2019-03-02T20:00,13.0,53,3.3,0.0,0.0,0.0,94,0.00
2019-03-02T21:00,12.7,59,2.3,0.0,0.0,0.0,96,0.00
2019-03-02T22:00,12.6,48,0.8,0.0,0.0,0.0,96,0.00
2019-03-02T23:00,12.5,47,3.1,0.0,0.0,0.0,95,0.00
2019-03-03T00:00,11.9,46,2.1,0.0,0.0,0.0,94,0.00
2019-03-03T01:00,12.1,52,2.1,0.0,0.0,0.0,95,0.00
2019-03-03T02:00,11.9,47,2.4,0.0,0.0,0.0,94,0.00
2019-03-03T03:00,11.7,50,1.6,0.0,0.0,0.0,94,0.00
2019-03-03T04:00,11.5,68,1.8,0.0,0.0,0.0,92,0.00
2019-03-03T05:00,10.6,65,1.6,0.0,0.0,0.0,95,0.00
2019-03-03T06:00,10.8,87,1.6,5.0,5.0,0.0,96,0.00
2019-03-03T07:00,11.4,93,1.0,28.0,28.0,0.0,96,0.00
2019-03-03T08:00,12.8,79,2.5,45.0,45.0,0.0,92,0.00
2019-03-03T09:00,13.5,65,2.5,229.0,229.0,0.0,86,0.00
2019-03-03T10:00,14.9,93,7.1,399.0,366.0,52.8,78,0.00
2019-03-03T11:00,14.7,88,10.5,148.0,148.0,0.0,79,0.00
2019-03-03T12:00,14.1,88,7.6,136.0,136.0,0.0,82,0.00
2019-03-03T13:00,14.2,80,12.8,414.0,374.0,58.8,81,0.00
2019-03-03T14:00,13.9,73,11.7,371.0,334.0,62.3,78,0.00
2019-03-03T15:00,13.3,86,11.8,238.0,238.0,0.0,77,0.00
2019-03-03T16:00,12.7,90,12.9,121.0,121.0,0.0,75,0.00
2019-03-03T17:00,11.6,73,9.4,0.0,0.0,0.0,79,0.00
2019-03-03T18:00,11.3,72,7.8,0.0,0.0,0.0,83,0.00
2019-03-03T19:00,10.6,51,8.4,0.0,0.0,0.0,84,0.00
2019-03-03T20:00,10.0,33,8.7,0.0,0.0,0.0,83,0.00
2019-03-03T21:00,9.3,47,6.8,0.0,0.0,0.0,81,0.00
2019-03-03T22:00,9.0,27,3.9,0.0,0.0,0.0,80,0.00
2019-03-03T23:00,8.7,19,4.4,0.0,0.0,0.0,82,0.00
2019-03-04T00:00,8.4,28,7.2,0.0,0.0,0.0,85,0.00
2019-03-04T01:00,7.7,23,5.0,0.0,0.0,0.0,86,0.00
2019-03-04T02:00,7.4,24,5.7,0.0,0.0,0.0,85,0.00
2019-03-04T03:00,7.2,26,5.2,0.0,0.0,0.0,85,0.00
2019-03-04T04:00,7.0,20,5.1,0.0,0.0,0.0,82,0.00
2019-03-04T05:00,6.7,35,5.4,0.0,0.0,0.0,85,0.00
2019-03-04T06:00,6.9,35,2.6,11.0,9.0,28.5,85,0.00
2019-03-04T07:00,8.4,44,3.0,131.0,58.0,429.5,92,0.00
2019-03-04T08:00,10.8,52,7.0,308.0,131.0,499.6,83,0.00
2019-03-04T09:00,11.5,68,2.9,372.0,346.0,50.8,76,0.00
2019-03-04T10:00,11.8,80,4.8,196.0,196.0,0.0,77,0.00
2019-03-04T11:00,12.1,94,4.4,422.0,422.0,0.0,76,0.00
2019-03-04T12:00,12.5,74,3.6,498.0,468.0,41.7,75,0.00
2019-03-04T13:00,12.8,100,5.5,408.0,387.0,30.7,74,0.00
2019-03-04T14:00,13.0,100,8.4,418.0,415.0,5.0,76,0.00
2019-03-04T15:00,12.8,100,7.3,367.0,308.0,126.5,75,0.00
2019-03-04T16:00,12.5,95,6.9,151.0,151.0,0.0,75,0.00
2019-03-04T17:00,11.3,90,6.0,1.0,1.0,0.0,79,0.00
2019-03-04T18:00,10.5,100,4.4,0.0,0.0,0.0,86,0.00
2019-03-04T19:00,10.3,100,3.7,0.0,0.0,0.0,86,0.00
2019-03-04T20:00,9.7,100,0.8,0.0,0.0,0.0,87,0.00
2019-03-04T21:00,9.6,100,1.8,0.0,0.0,0.0,87,0.00
2019-03-04T22:00,9.2,100,5.4,0.0,0.0,0.0,89,0.00
2019-03-04T23:00,9.0,100,3.7,0.0,0.0,0.0,89,0.00
2019-03-05T00:00,8.9,100,3.3,0.0,0.0,0.0,90,0.00
2019-03-05T01:00,8.8,100,3.5,0.0,0.0,0.0,91,0.00
2019-03-05T02:00,8.7,100,6.5,0.0,0.0,0.0,92,0.00
2019-03-05T03:00,8.5,100,1.8,0.0,0.0,0.0,92,0.00
2019-03-05T04:00,8.7,96,1.6,0.0,0.0,0.0,91,0.00
2019-03-05T05:00,7.9,64,3.8,0.0,0.0,0.0,93,0.00
2019-03-05T06:00,8.3,100,4.9,7.0,7.0,0.0,92,0.00
2019-03-05T07:00,9.4,98,3.3,95.0,95.0,0.0,94,0.00
2019-03-05T08:00,10.7,95,4.1,196.0,196.0,0.0,91,0.00
2019-03-05T09:00,11.7,100,2.9,97.0,97.0,0.0,86,0.00
2019-03-05T10:00,12.2,100,4.5,534.0,488.0,72.4,79,0.00
2019-03-05T11:00,11.9,99,7.4,505.0,499.0,8.5,87,0.00
2019-03-05T12:00,13.1,74,17.8,449.0,449.0,0.0,84,0.00
2019-03-05T13:00,14.0,92,22.9,660.0,280.0,551.7,75,0.00
2019-03-05T14:00,14.1,93,23.4,442.0,411.0,51.5,67,0.00
2019-03-05T15:00,14.4,60,16.8,383.0,202.0,385.0,69,0.00
2019-03-05T16:00,14.3,52,17.6,92.0,92.0,0.0,68,0.00
2019-03-05T17:00,13.5,98,11.3,15.0,15.0,0.0,74,0.00
2019-03-05T18:00,12.7,84,11.5,0.0,0.0,0.0,83,0.00
2019-03-05T19:00,13.2,69,13.5,0.0,0.0,0.0,83,0.00
2019-03-05T20:00,12.7,52,12.7,0.0,0.0,0.0,82,0.00
2019-03-05T21:00,13.5,64,16.3,0.0,0.0,0.0,80,0.00
2019-03-05T22:00,13.3,70,14.1,0.0,0.0,0.0,79,0.00
2019-03-05T23:00,13.2,59,20.2,0.0,0.0,0.0,78,0.00
2019-03-06T00:00,12.4,55,14.0,0.0,0.0,0.0,82,0.00
2019-03-06T01:00,11.9,39,14.1,0.0,0.0,0.0,82,0.00
2019-03-06T02:00,11.4,46,12.0,0.0,0.0,0.0,87,0.00
2019-03-06T03:00,11.1,59,7.6,0.0,0.0,0.0,89,0.00
2019-03-06T04:00,11.1,74,6.1,0.0,0.0,0.0,90,0.70
2019-03-06T05:00,11.5,90,12.0,0.0,0.0,0.0,92,6.10
2019-03-06T06:00,11.7,94,8.2,10.0,10.0,0.0,92,0.70
2019-03-06T07:00,12.4,43,6.5,23.0,23.0,0.0,93,0.40
2019-03-06T08:00,14.1,71,14.1,308.0,111.0,540.6,81,0.00
2019-03-06T09:00,14.5,74,8.9,515.0,134.0,729.7,78,0.70
2019-03-06T10:00,13.5,91,8.7,83.0,83.0,0.0,92,3.60
2019-03-06T11:00,12.7,94,16.8,534.0,452.0,115.4,88,1.80
2019-03-06T12:00,13.3,71,15.8,472.0,469.0,4.1,78,0.00
2019-03-06T13:00,13.4,59,16.3,622.0,334.0,415.5,74,0.00
2019-03-06T14:00,14.1,46,17.4,575.0,247.0,541.1,65,0.00
2019-03-06T15:00,13.5,82,22.1,301.0,265.0,75.9,69,0.00
2019-03-06T16:00,12.3,79,19.4,41.0,41.0,0.0,76,0.00
2019-03-06T17:00,12.1,95,11.3,24.0,23.0,7.0,76,0.00
2019-03-06T18:00,11.5,99,3.3,0.0,0.0,0.0,87,0.00
2019-03-06T19:00,11.1,93,14.0,0.0,0.0,0.0,87,4.30
2019-03-06T20:00,11.4,85,5.8,0.0,0.0,0.0,80,0.70
2019-03-06T21:00,10.8,89,11.3,0.0,0.0,0.0,82,0.00
2019-03-06T22:00,10.3,91,3.9,0.0,0.0,0.0,85,0.00
2019-03-06T23:00,10.1,78,2.3,0.0,0.0,0.0,88,0.00
2019-03-07T00:00,9.9,74,2.8,0.0,0.0,0.0,89,0.00
2019-03-07T01:00,9.7,47,1.0,0.0,0.0,0.0,91,0.00
2019-03-07T02:00,9.7,42,2.2,0.0,0.0,0.0,91,0.00
2019-03-07T03:00,9.7,62,1.1,0.0,0.0,0.0,92,0.00
2019-03-07T04:00,9.7,52,1.3,0.0,0.0,0.0,92,0.00
2019-03-07T05:00,9.4,66,0.8,0.0,0.0,0.0,91,0.00
2019-03-07T06:00,8.4,77,4.0,14.0,12.0,25.7,93,0.00
2019-03-07T07:00,9.6,63,4.4,80.0,80.0,0.0,93,0.00
2019-03-07T08:00,10.5,57,1.8,299.0,173.0,341.0,86,0.00
2019-03-07T09:00,11.0,54,6.1,378.0,202.0,333.8,78,0.00
2019-03-07T10:00,11.3,74,5.9,260.0,261.0,0.0,77,0.00
2019-03-07T11:00,11.6,54,11.4,337.0,336.0,1.4,75,0.00
2019-03-07T12:00,11.8,49,10.6,586.0,238.0,474.5,72,0.00
2019-03-07T13:00,11.6,99,8.8,455.0,406.0,70.3,68,0.00
2019-03-07T14:00,11.3,100,8.9,383.0,321.0,101.6,70,0.00
2019-03-07T15:00,11.4,100,10.5,305.0,295.0,20.9,68,0.00
2019-03-07T16:00,10.9,100,11.0,169.0,168.0,3.2,66,0.00
2019-03-07T17:00,9.8,80,8.7,43.0,43.0,0.0,70,0.00
2019-03-07T18:00,8.5,21,8.7,0.0,0.0,0.0,75,0.00
2019-03-07T19:00,7.7,17,7.2,0.0,0.0,0.0,76,0.00
2019-03-07T20:00,7.7,8,7.1,0.0,0.0,0.0,74,0.00
2019-03-07T21:00,7.7,13,7.4,0.0,0.0,0.0,75,0.00
2019-03-07T22:00,7.6,26,7.6,0.0,0.0,0.0,75,0.00
2019-03-07T23:00,7.5,37,7.6,0.0,0.0,0.0,80,0.00
2019-03-08T00:00,7.1,5,6.5,0.0,0.0,0.0,81,0.00
2019-03-08T01:00,6.8,18,6.8,0.0,0.0,0.0,78,0.00
2019-03-08T02:00,6.3,15,8.1,0.0,0.0,0.0,75,0.00
2019-03-08T03:00,6.5,33,11.8,0.0,0.0,0.0,75,0.00
2019-03-08T04:00,6.1,14,8.9,0.0,0.0,0.0,76,0.00
2019-03-08T05:00,5.6,10,9.4,0.0,0.0,0.0,77,0.00
2019-03-08T06:00,6.0,9,9.7,18.0,13.0,62.3,75,0.00
2019-03-08T07:00,7.8,13,5.4,165.0,39.0,670.4,76,0.00
2019-03-08T08:00,9.9,17,11.2,262.0,250.0,32.0,68,0.00
2019-03-08T09:00,10.9,18,14.8,490.0,173.0,595.5,64,0.00
2019-03-08T10:00,11.6,22,16.3,612.0,180.0,664.4,58,0.00
2019-03-08T11:00,11.7,38,13.9,688.0,235.0,628.9,54,0.00
2019-03-08T12:00,12.1,14,15.3,761.0,150.0,828.0,52,0.00
2019-03-08T13:00,12.5,17,16.8,752.0,115.0,907.7,53,0.00
2019-03-08T14:00,12.2,5,17.0,599.0,171.0,696.6,53,0.00
2019-03-08T15:00,12.1,5,15.8,439.0,151.0,597.9,52,0.00
2019-03-08T16:00,11.1,25,14.3,263.0,107.0,498.8,54,0.00
2019-03-08T17:00,9.6,21,11.2,41.0,36.0,34.1,61,0.00
2019-03-08T18:00,8.8,18,6.0,0.0,0.0,0.0,64,0.00
2019-03-08T19:00,7.7,2,5.2,0.0,0.0,0.0,66,0.00
2019-03-08T20:00,6.9,11,3.8,0.0,0.0,0.0,69,0.00
2019-03-08T21:00,6.6,4,6.9,0.0,0.0,0.0,73,0.00
2019-03-08T22:00,5.9,13,5.5,0.0,0.0,0.0,74,0.00
2019-03-08T23:00,5.3,16,5.5,0.0,0.0,0.0,75,0.00
2019-03-09T00:00,4.6,3,4.1,0.0,0.0,0.0,78,0.00
2019-03-09T01:00,4.4,21,7.7,0.0,0.0,0.0,83,0.00
2019-03-09T02:00,4.8,26,8.4,0.0,0.0,0.0,83,0.00
2019-03-09T03:00,4.6,18,7.4,0.0,0.0,0.0,84,0.00
2019-03-09T04:00,4.6,43,10.0,0.0,0.0,0.0,86,0.00
2019-03-09T05:00,5.0,48,11.5,0.0,0.0,0.0,88,0.00
2019-03-09T06:00,5.9,39,15.5,17.0,16.0,12.1,84,0.00
2019-03-09T07:00,7.6,23,21.0,139.0,129.0,51.8,77,0.00
2019-03-09T08:00,9.6,39,20.9,282.0,267.0,39.5,70,0.00
2019-03-09T09:00,10.1,54,15.3,494.0,357.0,254.9,71,0.00
2019-03-09T10:00,9.7,62,16.5,346.0,346.0,0.0,76,0.00
2019-03-09T11:00,10.7,76,10.1,683.0,419.0,364.1,74,0.00
2019-03-09T12:00,11.0,37,10.4,528.0,424.0,140.1,77,0.00
2019-03-09T13:00,11.9,21,15.6,461.0,461.0,0.0,67,0.70
2019-03-09T14:00,12.1,27,13.0,395.0,234.0,260.3,69,0.00
2019-03-09T15:00,11.6,27,10.1,345.0,203.0,292.5,69,0.00
2019-03-09T16:00,11.4,7,11.5,235.0,170.0,205.5,64,0.00
2019-03-09T17:00,10.0,3,9.5,46.0,45.0,6.7,67,0.00
2019-03-09T18:00,9.0,18,8.8,0.0,0.0,0.0,74,0.00
2019-03-09T19:00,8.3,13,10.7,0.0,0.0,0.0,81,0.00
2019-03-09T20:00,7.6,43,9.7,0.0,0.0,0.0,81,0.00
2019-03-09T21:00,7.8,35,9.8,0.0,0.0,0.0,82,0.00
2019-03-09T22:00,7.2,35,9.2,0.0,0.0,0.0,85,0.00
2019-03-09T23:00,6.9,36,12.9,0.0,0.0,0.0,87,0.00
2019-03-10T00:00,6.9,49,8.2,0.0,0.0,0.0,87,0.00
2019-03-10T01:00,7.0,61,7.4,0.0,0.0,0.0,87,0.00
2019-03-10T02:00,6.9,54,11.8,0.0,0.0,0.0,91,0.00
2019-03-10T03:00,7.0,64,13.2,0.0,0.0,0.0,92,0.00
2019-03-10T04:00,6.6,71,10.2,0.0,0.0,0.0,93,0.00
2019-03-10T05:00,6.5,44,10.4,0.0,0.0,0.0,93,0.00
2019-03-10T06:00,6.8,50,8.7,2.0,2.0,0.0,94,0.00
2019-03-10T07:00,7.7,33,11.2,80.0,80.0,0.0,92,0.00
2019-03-10T08:00,9.6,19,12.5,324.0,236.0,228.6,86,0.00
2019-03-10T09:00,11.3,32,16.1,458.0,399.0,108.8,78,0.00
2019-03-10T10:00,12.5,53,12.4,422.0,394.0,42.4,70,0.00
2019-03-10T11:00,13.0,24,9.7,503.0,416.0,119.2,63,0.00
2019-03-10T12:00,13.3,12,8.8,602.0,513.0,119.1,60,0.00
2019-03-10T13:00,13.4,10,10.2,484.0,458.0,36.6,61,0.00
2019-03-10T14:00,12.1,13,3.6,484.0,360.0,199.2,70,0.00
2019-03-10T15:00,12.0,10,12.3,298.0,285.0,26.6,75,0.00
2019-03-10T16:00,11.0,9,7.3,231.0,178.0,165.7,79,0.00
2019-03-10T17:00,9.9,4,6.6,46.0,40.0,40.0,83,0.00
2019-03-10T18:00,9.3,19,4.6,0.0,0.0,0.0,86,0.00
2019-03-10T19:00,8.1,8,5.5,0.0,0.0,0.0,87,0.00
2019-03-10T20:00,7.5,13,7.3,0.0,0.0,0.0,86,0.00
2019-03-10T21:00,6.7,6,5.8,0.0,0.0,0.0,87,0.00
2019-03-10T22:00,6.1,21,6.2,0.0,0.0,0.0,88,0.00
2019-03-10T23:00,5.4,8,3.6,0.0,0.0,0.0,90,0.00
2019-03-11T00:00,4.7,5,5.8,0.0,0.0,0.0,90,0.00
2019-03-11T01:00,4.5,13,4.9,0.0,0.0,0.0,86,0.00
2019-03-11T02:00,4.1,8,2.3,0.0,0.0,0.0,86,0.00
2019-03-11T03:00,3.5,3,1.3,0.0,0.0,0.0,89,0.00
2019-03-11T04:00,3.1,6,2.8,0.0,0.0,0.0,88,0.00
2019-03-11T05:00,3.1,13,6.4,0.0,0.0,0.0,86,0.00
2019-03-11T06:00,3.2,10,5.8,23.0,15.0,90.9,91,0.00
2019-03-11T07:00,6.4,26,1.3,168.0,74.0,462.0,96,0.00
2019-03-11T08:00,10.1,8,0.8,376.0,113.0,674.2,88,0.00
2019-03-11T09:00,11.0,0,2.7,575.0,97.0,873.0,71,0.00
2019-03-11T10:00,12.3,0,6.8,715.0,99.0,926.2,56,0.00
2019-03-11T11:00,13.7,0,9.7,799.0,103.0,947.4,50,0.00
2019-03-11T12:00,15.4,0,13.4,815.0,114.0,932.7,42,0.00
2019-03-11T13:00,16.5,0,13.3,762.0,145.0,863.4,38,0.00
2019-03-11T14:00,17.5,0,13.2,654.0,108.0,871.6,36,0.00
2019-03-11T15:00,17.8,0,15.4,487.0,99.0,787.0,38,0.00
2019-03-11T16:00,16.5,0,16.3,278.0,85.0,596.8,43,0.00
2019-03-11T17:00,14.3,2,9.4,54.0,43.0,72.5,53,0.00
2019-03-11T18:00,12.0,3,11.0,0.0,0.0,0.0,64,0.00
2019-03-11T19:00,10.7,2,10.2,0.0,0.0,0.0,64,0.00
2019-03-11T20:00,9.5,3,4.8,0.0,0.0,0.0,69,0.00
2019-03-11T21:00,8.6,3,2.9,0.0,0.0,0.0,70,0.00
2019-03-11T22:00,8.2,2,6.1,0.0,0.0,0.0,70,0.00
2019-03-11T23:00,7.3,3,5.0,0.0,0.0,0.0,77,0.00
2019-03-12T00:00,6.8,0,5.2,0.0,0.0,0.0,77,0.00
2019-03-12T01:00,6.1,13,3.7,0.0,0.0,0.0,81,0.00
2019-03-12T02:00,5.6,8,2.6,0.0,0.0,0.0,82,0.00
2019-03-12T03:00,5.2,10,1.8,0.0,0.0,0.0,83,0.00
2019-03-12T04:00,5.3,13,4.8,0.0,0.0,0.0,82,0.00
2019-03-12T05:00,5.1,20,2.9,0.0,0.0,0.0,81,0.00
2019-03-12T06:00,5.2,8,1.5,25.0,16.0,99.3,87,0.00
2019-03-12T07:00,8.9,3,2.6,186.0,45.0,675.8,87,0.00
2019-03-12T08:00,12.4,7,7.9,392.0,70.0,814.6,71,0.00
2019-03-12T09:00,14.6,24,13.5,493.0,203.0,524.8,62,0.00
2019-03-12T10:00,15.1,32,21.1,539.0,319.0,328.4,67,0.00
2019-03-12T11:00,15.4,17,25.3,638.0,261.0,509.9,69,0.00
2019-03-12T12:00,15.8,8,27.6,776.0,181.0,787.0,58,0.00
2019-03-12T13:00,15.4,8,26.4,770.0,147.0,866.7,54,0.00
2019-03-12T14:00,14.5,6,29.8,660.0,105.0,880.4,54,0.00
2019-03-12T15:00,13.9,0,28.8,491.0,95.0,797.3,56,0.00
2019-03-12T16:00,12.7,0,26.5,283.0,82.0,614.9,58,0.00
2019-03-12T17:00,11.3,3,21.2,58.0,44.0,91.3,60,0.00
2019-03-12T18:00,10.5,5,20.6,0.0,0.0,0.0,62,0.00
2019-03-12T19:00,10.1,4,16.0,0.0,0.0,0.0,66,0.00
2019-03-12T20:00,9.5,3,10.1,0.0,0.0,0.0,67,0.00
2019-03-12T21:00,8.9,2,10.5,0.0,0.0,0.0,65,0.00
2019-03-12T22:00,8.3,1,8.4,0.0,0.0,0.0,66,0.00
2019-03-12T23:00,7.5,2,7.6,0.0,0.0,0.0,68,0.00
2019-03-13T00:00,7.0,0,7.4,0.0,0.0,0.0,68,0.00
2019-03-13T01:00,6.4,4,7.6,0.0,0.0,0.0,69,0.00
2019-03-13T02:00,5.7,1,8.2,0.0,0.0,0.0,71,0.00
2019-03-13T03:00,5.5,9,6.8,0.0,0.0,0.0,70,0.00
2019-03-13T04:00,5.5,7,9.0,0.0,0.0,0.0,69,0.00
2019-03-13T05:00,5.3,3,9.5,0.0,0.0,0.0,67,0.00
2019-03-13T06:00,5.8,2,7.2,32.0,14.0,193.1,68,0.00
2019-03-13T07:00,8.8,0,11.2,197.0,48.0,696.8,61,0.00
2019-03-13T08:00,11.0,0,13.6,408.0,68.0,849.1,48,0.00
2019-03-13T09:00,12.4,0,14.6,596.0,89.0,909.1,41,0.00
2019-03-13T10:00,13.3,0,14.1,738.0,96.0,951.3,37,0.00
2019-03-13T11:00,14.7,0,15.1,822.0,106.0,962.3,33,0.00
2019-03-13T12:00,15.6,0,16.4,841.0,109.0,962.6,29,0.00
2019-03-13T13:00,16.6,0,16.6,793.0,109.0,946.0,27,0.00
2019-03-13T14:00,16.7,0,19.9,679.0,107.0,901.8,30,0.00
2019-03-13T15:00,16.0,0,19.4,498.0,100.0,795.4,37,0.00
2019-03-13T16:00,14.9,0,15.8,290.0,85.0,620.6,41,0.00
2019-03-13T17:00,13.3,0,13.2,63.0,47.0,103.2,47,0.00
2019-03-13T18:00,11.4,1,10.5,0.0,0.0,0.0,58,0.00
2019-03-13T19:00,10.3,0,10.5,0.0,0.0,0.0,60,0.00
2019-03-13T20:00,9.4,1,9.6,0.0,0.0,0.0,64,0.00
2019-03-13T21:00,8.6,2,10.4,0.0,0.0,0.0,66,0.00
2019-03-13T22:00,7.6,3,11.4,0.0,0.0,0.0,71,0.00
2019-03-13T23:00,6.7,2,8.2,0.0,0.0,0.0,75,0.00
2019-03-14T00:00,5.7,13,6.9,0.0,0.0,0.0,75,0.00
2019-03-14T01:00,4.8,5,3.4,0.0,0.0,0.0,72,0.00
2019-03-14T02:00,4.1,5,4.0,0.0,0.0,0.0,80,0.00
2019-03-14T03:00,3.9,4,4.0,0.0,0.0,0.0,80,0.00
2019-03-14T04:00,3.5,8,5.4,0.0,0.0,0.0,81,0.00
2019-03-14T05:00,2.9,1,3.1,0.0,0.0,0.0,78,0.00
2019-03-14T06:00,3.3,0,5.9,33.0,18.0,156.5,78,0.00
2019-03-14T07:00,7.8,0,2.2,193.0,76.0,534.2,67,0.00
2019-03-14T08:00,12.0,0,2.6,395.0,156.0,589.3,46,0.00
2019-03-14T09:00,13.3,0,7.2,582.0,230.0,625.5,32,0.00
2019-03-14T10:00,14.9,0,10.8,737.0,171.0,832.7,27,0.00
2019-03-14T11:00,16.6,0,13.6,810.0,247.0,752.0,24,0.00
2019-03-14T12:00,17.0,0,12.2,839.0,139.0,915.2,22,0.00
2019-03-14T13:00,17.7,0,13.3,788.0,128.0,907.6,24,0.00
2019-03-14T14:00,18.8,0,14.4,663.0,226.0,684.7,23,0.00
2019-03-14T15:00,18.3,0,13.4,510.0,183.0,648.8,25,0.00
2019-03-14T16:00,17.3,0,15.7,286.0,108.0,533.3,34,0.00
2019-03-14T17:00,14.7,0,12.6,66.0,64.0,12.8,43,0.00
2019-03-14T18:00,12.8,1,9.7,0.0,0.0,0.0,53,0.00
2019-03-14T19:00,11.2,1,5.8,0.0,0.0,0.0,61,0.00
2019-03-14T20:00,9.9,0,4.8,0.0,0.0,0.0,66,0.00
2019-03-14T21:00,9.3,0,8.5,0.0,0.0,0.0,64,0.00
2019-03-14T22:00,7.6,0,3.6,0.0,0.0,0.0,73,0.00
2019-03-14T23:00,6.7,1,1.6,0.0,0.0,0.0,76,0.00
2019-03-15T00:00,5.9,0,1.1,0.0,0.0,0.0,76,0.00
2019-03-15T01:00,5.2,15,2.3,0.0,0.0,0.0,70,0.00
2019-03-15T02:00,4.6,17,1.1,0.0,0.0,0.0,70,0.00
2019-03-15T03:00,4.2,12,3.3,0.0,0.0,0.0,78,0.00
2019-03-15T04:00,3.9,10,3.9,0.0,0.0,0.0,84,0.00
2019-03-15T05:00,3.3,6,3.2,0.0,0.0,0.0,88,0.00
2019-03-15T06:00,4.0,9,3.9,33.0,27.0,60.9,89,0.00
2019-03-15T07:00,7.3,19,1.0,203.0,85.0,526.3,83,0.00
2019-03-15T08:00,12.2,0,0.5,365.0,205.0,389.6,67,0.00
2019-03-15T09:00,12.7,0,1.8,585.0,154.0,759.2,52,0.00
2019-03-15T10:00,14.9,0,4.9,709.0,224.0,708.5,46,0.00
2019-03-15T11:00,16.2,0,6.7,808.0,172.0,844.3,40,0.00
2019-03-15T12:00,17.4,0,8.0,828.0,153.0,877.5,37,0.00
2019-03-15T13:00,18.9,0,10.4,776.0,161.0,841.0,36,0.00
2019-03-15T14:00,20.3,0,12.6,665.0,108.0,867.6,32,0.00
2019-03-15T15:00,20.5,0,12.6,496.0,109.0,762.4,33,0.00
2019-03-15T16:00,19.2,0,11.0,289.0,90.0,590.1,37,0.00
2019-03-15T17:00,17.0,0,12.2,66.0,50.0,100.9,45,0.00
2019-03-15T18:00,14.0,0,8.9,0.0,0.0,0.0,58,0.00
2019-03-15T19:00,12.5,0,9.2,0.0,0.0,0.0,61,0.00
2019-03-15T20:00,11.2,0,10.9,0.0,0.0,0.0,64,0.00
2019-03-15T21:00,10.6,0,10.1,0.0,0.0,0.0,64,0.00
2019-03-15T22:00,9.7,1,7.8,0.0,0.0,0.0,64,0.00
2019-03-15T23:00,8.6,0,5.5,0.0,0.0,0.0,62,0.00
2019-03-16T00:00,7.2,14,2.1,0.0,0.0,0.0,67,0.00
2019-03-16T01:00,6.4,9,0.7,0.0,0.0,0.0,73,0.00
2019-03-16T02:00,5.9,13,5.8,0.0,0.0,0.0,75,0.00
2019-03-16T03:00,5.1,11,6.2,0.0,0.0,0.0,77,0.00
2019-03-16T04:00,4.8,23,3.4,0.0,0.0,0.0,79,0.00
2019-03-16T05:00,4.3,18,5.2,0.0,0.0,0.0,83,0.00
2019-03-16T06:00,5.0,4,6.0,37.0,17.0,197.9,88,0.00
2019-03-16T07:00,8.7,1,3.2,207.0,53.0,671.4,85,0.00
2019-03-16T08:00,12.1,0,4.0,416.0,73.0,824.9,70,0.00
2019-03-16T09:00,14.1,0,6.7,600.0,101.0,871.4,59,0.00
2019-03-16T10:00,15.3,0,8.0,740.0,127.0,889.3,54,0.00
2019-03-16T11:00,17.0,0,7.0,826.0,116.0,936.9,45,0.00
2019-03-16T12:00,18.7,0,7.3,844.0,117.0,939.9,38,0.00
2019-03-16T13:00,20.6,0,9.0,793.0,115.0,922.1,34,0.00
2019-03-16T14:00,21.8,0,11.7,677.0,114.0,871.8,31,0.00
2019-03-16T15:00,22.1,0,10.4,507.0,106.0,784.4,29,0.00
2019-03-16T16:00,21.6,0,10.0,295.0,90.0,601.9,28,0.00
2019-03-16T17:00,18.8,0,10.5,70.0,52.0,112.4,40,0.00
2019-03-16T18:00,15.7,0,8.9,0.0,0.0,0.0,54,0.00
2019-03-16T19:00,13.8,0,5.4,0.0,0.0,0.0,60,0.00
2019-03-16T20:00,11.9,0,4.4,0.0,0.0,0.0,67,0.00
2019-03-16T21:00,10.8,1,7.2,0.0,0.0,0.0,69,0.00
2019-03-16T22:00,9.8,0,5.1,0.0,0.0,0.0,70,0.00
2019-03-16T23:00,8.6,4,1.8,0.0,0.0,0.0,72,0.00
2019-03-17T00:00,7.8,5,3.7,0.0,0.0,0.0,74,0.00
2019-03-17T01:00,7.1,15,3.5,0.0,0.0,0.0,72,0.00
2019-03-17T02:00,6.2,10,3.2,0.0,0.0,0.0,75,0.00
2019-03-17T03:00,5.5,11,5.2,0.0,0.0,0.0,79,0.00
2019-03-17T04:00,4.8,15,4.0,0.0,0.0,0.0,81,0.00
2019-03-17T05:00,4.4,15,6.5,0.0,0.0,0.0,84,0.00
2019-03-17T06:00,5.2,3,5.5,40.0,19.0,202.7,83,0.00
2019-03-17T07:00,9.4,20,3.4,212.0,57.0,661.0,82,0.00
2019-03-17T08:00,12.7,16,4.6,410.0,191.0,520.4,72,0.00
2019-03-17T09:00,15.0,0,5.5,603.0,198.0,701.2,60,0.00
2019-03-17T10:00,17.2,0,7.1,702.0,334.0,530.2,52,0.00
2019-03-17T11:00,18.9,0,7.4,822.0,146.0,886.8,48,0.00
2019-03-17T12:00,20.9,0,9.4,830.0,185.0,829.3,43,0.00
2019-03-17T13:00,21.6,0,13.3,781.0,172.0,823.8,43,0.00
2019-03-17T14:00,21.7,0,12.2,647.0,223.0,652.7,42,0.00
2019-03-17T15:00,22.2,0,12.1,464.0,223.0,468.2,42,0.00
2019-03-17T16:00,22.2,5,9.7,274.0,142.0,383.7,40,0.00
2019-03-17T17:00,20.4,2,7.7,62.0,62.0,0.0,45,0.00
2019-03-17T18:00,17.7,4,6.6,0.0,0.0,0.0,54,0.00
2019-03-17T19:00,15.9,12,7.6,0.0,0.0,0.0,59,0.00
2019-03-17T20:00,14.4,9,6.4,0.0,0.0,0.0,66,0.00
2019-03-17T21:00,13.3,5,4.5,0.0,0.0,0.0,71,0.00
2019-03-17T22:00,11.9,15,2.0,0.0,0.0,0.0,76,0.00
2019-03-17T23:00,10.8,15,1.9,0.0,0.0,0.0,79,0.00
2019-03-18T00:00,10.0,18,2.6,0.0,0.0,0.0,80,0.00
2019-03-18T01:00,9.1,14,4.3,0.0,0.0,0.0,82,0.00
2019-03-18T02:00,8.5,10,5.2,0.0,0.0,0.0,84,0.00
2019-03-18T03:00,7.9,12,5.3,0.0,0.0,0.0,84,0.00
2019-03-18T04:00,7.4,22,5.9,0.0,0.0,0.0,85,0.00
2019-03-18T05:00,7.0,25,6.3,0.0,0.0,0.0,83,0.00
2019-03-18T06:00,7.8,16,5.2,41.0,19.0,207.2,82,0.00
2019-03-18T07:00,11.9,1,2.7,211.0,65.0,609.3,78,0.00
2019-03-18T08:00,14.8,4,1.9,409.0,133.0,648.1,72,0.00
2019-03-18T09:00,16.8,8,2.6,597.0,123.0,813.8,58,0.00
2019-03-18T10:00,19.0,8,5.5,730.0,171.0,800.0,54,0.00
2019-03-18T11:00,19.9,17,8.8,817.0,167.0,847.7,53,0.00
2019-03-18T12:00,23.2,10,13.1,831.0,149.0,872.2,46,0.00
2019-03-18T13:00,23.7,14,8.5,756.0,203.0,744.0,39,0.00
2019-03-18T14:00,22.5,10,8.1,664.0,102.0,860.3,38,0.00
2019-03-18T15:00,22.1,6,6.1,508.0,110.0,768.0,39,0.00
2019-03-18T16:00,21.7,8,8.3,293.0,98.0,561.4,46,0.00
2019-03-18T17:00,19.7,17,9.6,72.0,63.0,55.0,52,0.00
2019-03-18T18:00,16.4,15,9.8,0.0,0.0,0.0,64,0.00
2019-03-18T19:00,14.6,16,8.6,0.0,0.0,0.0,68,0.00
2019-03-18T20:00,12.7,15,10.0,0.0,0.0,0.0,84,0.00
2019-03-18T21:00,11.6,16,8.1,0.0,0.0,0.0,88,0.00
2019-03-18T22:00,10.8,16,2.8,0.0,0.0,0.0,88,0.00
2019-03-18T23:00,10.0,61,0.4,0.0,0.0,0.0,87,0.00
2019-03-19T00:00,9.1,76,1.5,0.0,0.0,0.0,86,0.00
2019-03-19T01:00,8.5,0,1.4,0.0,0.0,0.0,88,0.00
2019-03-19T02:00,8.0,16,2.0,0.0,0.0,0.0,89,0.00
2019-03-19T03:00,7.6,0,2.5,0.0,0.0,0.0,90,0.00
2019-03-19T04:00,7.4,25,8.1,0.0,0.0,0.0,88,0.00
2019-03-19T05:00,7.1,57,7.6,0.0,0.0,0.0,86,0.00
2019-03-19T06:00,7.7,6,6.0,43.0,27.0,147.1,87,0.00
2019-03-19T07:00,10.9,24,4.3,211.0,102.0,445.5,84,0.00
2019-03-19T08:00,14.0,67,3.3,407.0,187.0,510.7,68,0.00
2019-03-19T09:00,15.7,96,5.2,415.0,410.0,8.5,58,0.00
2019-03-19T10:00,18.9,100,9.5,708.0,236.0,671.1,40,0.00
2019-03-19T11:00,19.6,81,8.9,810.0,353.0,592.6,32,0.00
2019-03-19T12:00,21.8,100,11.8,791.0,547.0,310.4,26,0.00
2019-03-19T13:00,20.7,100,5.4,690.0,596.0,125.8,33,0.00
2019-03-19T14:00,20.9,97,2.9,647.0,372.0,418.6,31,0.00
2019-03-19T15:00,20.3,98,6.6,366.0,360.0,11.5,31,0.00
2019-03-19T16:00,18.8,92,13.7,225.0,222.0,8.6,35,0.00
2019-03-19T17:00,15.8,81,20.9,74.0,66.0,48.4,37,0.00
2019-03-19T18:00,14.1,42,6.2,0.0,0.0,0.0,44,0.00
2019-03-19T19:00,13.4,52,8.4,0.0,0.0,0.0,57,0.00
2019-03-19T20:00,12.9,100,8.7,0.0,0.0,0.0,67,0.00
2019-03-19T21:00,13.1,100,7.6,0.0,0.0,0.0,64,0.00
2019-03-19T22:00,12.8,100,8.6,0.0,0.0,0.0,70,0.00
2019-03-19T23:00,12.2,100,9.4,0.0,0.0,0.0,75,0.00
2019-03-20T00:00,11.9,69,9.1,0.0,0.0,0.0,80,0.00
2019-03-20T01:00,11.2,22,11.6,0.0,0.0,0.0,87,0.00
2019-03-20T02:00,11.0,58,14.7,0.0,0.0,0.0,84,0.00
2019-03-20T03:00,10.8,68,14.3,0.0,0.0,0.0,84,0.00
2019-03-20T04:00,11.0,52,14.8,0.0,0.0,0.0,84,0.40
2019-03-20T05:00,10.4,56,8.4,0.0,0.0,0.0,91,0.00
2019-03-20T06:00,10.6,69,6.2,2.0,2.0,0.0,90,0.00
2019-03-20T07:00,11.7,94,4.8,89.0,89.0,0.0,88,0.40
2019-03-20T08:00,12.2,90,4.9,36.0,36.0,0.0,89,0.00
2019-03-20T09:00,13.2,64,9.7,69.0,70.0,0.0,83,0.00
2019-03-20T10:00,13.8,53,12.4,595.0,161.0,613.1,74,0.00
2019-03-20T11:00,15.5,49,13.8,644.0,260.0,495.2,60,0.00
2019-03-20T12:00,16.0,16,13.4,809.0,218.0,747.9,55,0.00
2019-03-20T13:00,16.8,8,12.4,812.0,148.0,884.2,47,0.00
2019-03-20T14:00,16.8,4,14.1,681.0,114.0,858.4,46,0.00
2019-03-20T15:00,16.2,1,13.0,509.0,137.0,708.4,49,0.00
2019-03-20T16:00,15.1,5,12.5,299.0,131.0,474.7,49,0.00
2019-03-20T17:00,13.5,15,11.3,84.0,61.0,137.9,56,0.00
2019-03-20T18:00,12.1,16,7.5,0.0,0.0,0.0,61,0.00
2019-03-20T19:00,10.6,9,4.0,0.0,0.0,0.0,68,0.00
2019-03-20T20:00,9.8,5,6.6,0.0,0.0,0.0,79,0.00
2019-03-20T21:00,9.0,3,5.8,0.0,0.0,0.0,82,0.00
2019-03-20T22:00,8.2,12,4.0,0.0,0.0,0.0,83,0.00
2019-03-20T23:00,7.7,2,4.7,0.0,0.0,0.0,83,0.00
2019-03-21T00:00,7.1,3,3.9,0.0,0.0,0.0,83,0.00
2019-03-21T01:00,6.6,1,5.2,0.0,0.0,0.0,83,0.00
2019-03-21T02:00,6.4,12,3.8,0.0,0.0,0.0,80,0.00
2019-03-21T03:00,5.7,8,1.6,0.0,0.0,0.0,84,0.00
2019-03-21T04:00,5.3,8,2.6,0.0,0.0,0.0,87,0.00
2019-03-21T05:00,5.3,6,2.9,0.0,0.0,0.0,86,0.00
2019-03-21T06:00,6.2,0,4.9,44.0,27.0,149.3,85,0.00
2019-03-21T07:00,9.3,1,2.7,211.0,97.0,447.5,83,0.00
2019-03-21T08:00,11.3,0,3.6,399.0,141.0,585.4,76,0.00
2019-03-21T09:00,12.7,0,2.9,578.0,194.0,643.4,69,0.00
2019-03-21T10:00,13.9,2,5.4,699.0,188.0,717.2,62,0.00
2019-03-21T11:00,15.0,0,7.9,825.0,195.0,807.9,52,0.00
2019-03-21T12:00,16.1,6,10.2,821.0,291.0,667.3,48,0.00
2019-03-21T13:00,16.8,7,12.2,789.0,159.0,834.7,49,0.00
2019-03-21T14:00,16.8,1,15.8,631.0,184.0,673.0,50,0.00
2019-03-21T15:00,16.4,4,15.6,522.0,120.0,760.6,52,0.00
2019-03-21T16:00,15.3,1,13.5,307.0,93.0,599.1,55,0.00
2019-03-21T17:00,13.9,0,10.3,84.0,57.0,160.3,59,0.00
2019-03-21T18:00,12.4,7,3.2,0.0,0.0,0.0,66,0.00
2019-03-21T19:00,11.3,7,2.7,0.0,0.0,0.0,70,0.00
2019-03-21T20:00,10.4,12,3.8,0.0,0.0,0.0,76,0.00
2019-03-21T21:00,10.0,8,2.9,0.0,0.0,0.0,78,0.00
2019-03-21T22:00,9.1,11,3.6,0.0,0.0,0.0,80,0.00
2019-03-21T23:00,8.1,0,4.9,0.0,0.0,0.0,83,0.00
2019-03-22T00:00,7.4,16,5.6,0.0,0.0,0.0,85,0.00
2019-03-22T01:00,6.7,5,2.9,0.0,0.0,0.0,86,0.00
2019-03-22T02:00,6.7,0,4.0,0.0,0.0,0.0,80,0.00
2019-03-22T03:00,7.1,100,8.4,0.0,0.0,0.0,86,0.00
2019-03-22T04:00,7.7,91,9.0,0.0,0.0,0.0,92,0.00
2019-03-22T05:00,7.7,43,8.7,0.0,0.0,0.0,90,0.00
2019-03-22T06:00,8.7,64,8.0,6.0,6.0,0.0,92,0.00
2019-03-22T07:00,10.1,53,7.9,163.0,155.0,30.8,88,0.00
2019-03-22T08:00,11.7,100,11.4,359.0,312.0,105.5,85,0.00
2019-03-22T09:00,12.8,100,15.1,467.0,437.0,49.9,82,0.00
2019-03-22T10:00,13.9,100,13.8,628.0,560.0,94.8,76,0.00
2019-03-22T11:00,15.2,100,12.2,644.0,605.0,49.7,69,0.00
2019-03-22T12:00,15.3,77,11.0,615.0,539.0,95.2,68,0.00
2019-03-22T13:00,14.7,64,11.9,360.0,360.0,0.0,71,0.00
2019-03-22T14:00,14.0,63,10.4,90.0,90.0,0.0,72,0.00
2019-03-22T15:00,14.2,69,8.9,331.0,279.0,97.8,74,0.00
2019-03-22T16:00,14.0,73,8.9,22.0,22.0,0.0,76,0.00
2019-03-22T17:00,13.5,91,9.7,12.0,12.0,0.0,80,0.00
2019-03-22T18:00,12.9,67,9.9,0.0,0.0,0.0,86,0.40
2019-03-22T19:00,12.8,37,9.1,0.0,0.0,0.0,85,0.00
2019-03-22T20:00,12.5,67,8.4,0.0,0.0,0.0,86,0.00
2019-03-22T21:00,12.1,47,9.1,0.0,0.0,0.0,86,0.00
2019-03-22T22:00,12.0,49,6.2,0.0,0.0,0.0,90,0.00
2019-03-22T23:00,11.8,97,3.0,0.0,0.0,0.0,93,0.70
2019-03-23T00:00,11.7,99,6.5,0.0,0.0,0.0,94,0.70
2019-03-23T01:00,11.6,71,8.1,0.0,0.0,0.0,95,0.40
2019-03-23T02:00,11.6,56,3.5,0.0,0.0,0.0,94,0.70
2019-03-23T03:00,11.4,67,6.0,0.0,0.0,0.0,91,0.40
2019-03-23T04:00,11.3,54,3.3,0.0,0.0,0.0,95,0.00
2019-03-23T05:00,11.2,39,5.2,0.0,0.0,0.0,95,0.00
2019-03-23T06:00,11.3,40,4.4,13.0,13.0,0.0,93,0.00
2019-03-23T07:00,11.9,20,7.0,212.0,189.0,86.8,88,0.00
2019-03-23T08:00,12.9,6,9.3,431.0,235.0,434.9,77,0.00
2019-03-23T09:00,13.8,8,9.4,630.0,88.0,893.8,68,0.00
2019-03-23T10:00,14.6,3,10.5,762.0,136.0,867.5,62,0.00
2019-03-23T11:00,15.2,5,8.9,852.0,138.0,905.6,55,0.00
2019-03-23T12:00,16.0,2,12.4,862.0,141.0,898.7,55,0.00
2019-03-23T13:00,16.4,0,16.3,810.0,151.0,864.5,55,0.00
2019-03-23T14:00,16.4,0,16.8,674.0,179.0,737.4,50,0.00
2019-03-23T15:00,15.9,0,15.7,532.0,87.0,831.4,50,0.00
2019-03-23T16:00,14.9,0,14.8,318.0,90.0,627.0,51,0.00
2019-03-23T17:00,13.2,1,9.2,93.0,58.0,204.0,58,0.00
2019-03-23T18:00,11.7,11,5.7,0.0,0.0,0.0,66,0.00
2019-03-23T19:00,10.3,10,6.2,0.0,0.0,0.0,74,0.00
2019-03-23T20:00,9.4,8,3.3,0.0,0.0,0.0,77,0.00
2019-03-23T21:00,8.5,4,4.6,0.0,0.0,0.0,83,0.00
2019-03-23T22:00,8.2,3,5.6,0.0,0.0,0.0,84,0.00
2019-03-23T23:00,7.2,1,6.9,0.0,0.0,0.0,85,0.00
2019-03-24T00:00,6.1,0,4.3,0.0,0.0,0.0,89,0.00
2019-03-24T01:00,5.4,3,3.8,0.0,0.0,0.0,87,0.00
2019-03-24T02:00,4.9,5,0.8,0.0,0.0,0.0,84,0.00
2019-03-24T03:00,4.3,3,3.2,0.0,0.0,0.0,85,0.00
2019-03-24T04:00,3.8,2,2.2,0.0,0.0,0.0,84,0.00
2019-03-24T05:00,3.4,2,2.5,0.0,0.0,0.0,82,0.00
2019-03-24T06:00,4.7,0,1.6,54.0,33.0,172.7,83,0.00
2019-03-24T07:00,8.2,0,1.8,220.0,146.0,274.0,80,0.00
2019-03-24T08:00,11.2,0,1.5,452.0,174.0,610.2,66,0.00
2019-03-24T09:00,12.9,10,4.8,645.0,154.0,803.4,62,0.00
2019-03-24T10:00,14.2,3,7.2,725.0,417.0,424.2,59,0.00
2019-03-24T11:00,15.6,1,6.7,789.0,481.0,388.6,53,0.00
2019-03-24T12:00,16.9,0,4.3,824.0,443.0,472.5,46,0.00
2019-03-24T13:00,21.1,92,0.8,774.0,408.0,477.8,39,0.00
2019-03-24T14:00,18.4,100,2.9,508.0,492.0,23.7,37,0.00
2019-03-24T15:00,18.1,78,2.7,486.0,318.0,311.9,38,0.00
2019-03-24T16:00,17.7,0,4.7,319.0,96.0,607.9,37,0.00
2019-03-24T17:00,16.1,0,6.6,91.0,68.0,132.8,41,0.00
2019-03-24T18:00,14.0,2,5.6,0.0,0.0,0.0,56,0.00
2019-03-24T19:00,12.3,0,4.4,0.0,0.0,0.0,57,0.00
2019-03-24T20:00,11.7,2,7.4,0.0,0.0,0.0,59,0.00
2019-03-24T21:00,10.8,2,4.3,0.0,0.0,0.0,63,0.00
2019-03-24T22:00,9.9,0,2.1,0.0,0.0,0.0,64,0.00
2019-03-24T23:00,9.0,0,4.0,0.0,0.0,0.0,70,0.00
2019-03-25T00:00,8.1,0,4.8,0.0,0.0,0.0,72,0.00
2019-03-25T01:00,7.4,3,4.6,0.0,0.0,0.0,75,0.00
2019-03-25T02:00,7.1,1,4.9,0.0,0.0,0.0,76,0.00
2019-03-25T03:00,6.6,0,4.7,0.0,0.0,0.0,77,0.00
2019-03-25T04:00,6.6,6,6.4,0.0,0.0,0.0,75,0.00
2019-03-25T05:00,7.1,63,9.7,0.0,0.0,0.0,69,0.00
2019-03-25T06:00,9.4,90,10.3,49.0,45.0,32.2,70,0.00
2019-03-25T07:00,13.5,71,11.8,241.0,85.0,566.9,54,0.00
2019-03-25T08:00,15.5,29,9.7,445.0,110.0,727.4,48,0.00
2019-03-25T09:00,17.2,44,17.4,577.0,223.0,574.8,49,0.00
2019-03-25T10:00,17.5,37,19.1,248.0,248.0,0.0,47,0.00
2019-03-25T11:00,18.2,28,18.4,526.0,524.0,2.5,51,0.00
2019-03-25T12:00,18.2,42,16.9,388.0,388.0,0.0,54,0.00
2019-03-25T13:00,18.6,53,14.5,615.0,473.0,184.5,54,0.00
2019-03-25T14:00,16.5,64,8.8,68.0,68.0,0.0,63,0.00
2019-03-25T15:00,15.8,48,6.2,224.0,224.0,0.0,70,0.00
2019-03-25T16:00,15.4,53,10.4,218.0,216.0,5.4,73,0.00
2019-03-25T17:00,13.7,74,13.8,7.0,7.0,0.0,83,0.00
2019-03-25T18:00,13.1,90,2.8,0.0,0.0,0.0,90,0.00
2019-03-25T19:00,12.8,56,3.5,0.0,0.0,0.0,92,0.00
2019-03-25T20:00,12.7,63,1.1,0.0,0.0,0.0,92,0.00
2019-03-25T21:00,12.6,68,2.3,0.0,0.0,0.0,93,0.00
2019-03-25T22:00,12.2,85,5.5,0.0,0.0,0.0,93,0.00
2019-03-25T23:00,11.8,93,8.0,0.0,0.0,0.0,93,0.00
2019-03-26T00:00,11.1,91,8.7,0.0,0.0,0.0,94,0.00
2019-03-26T01:00,11.1,70,4.3,0.0,0.0,0.0,93,0.00
2019-03-26T02:00,10.7,52,3.3,0.0,0.0,0.0,93,0.00
2019-03-26T03:00,10.6,34,2.5,0.0,0.0,0.0,92,0.00
2019-03-26T04:00,9.7,25,3.8,0.0,0.0,0.0,92,0.00
2019-03-26T05:00,9.0,16,5.5,0.0,0.0,0.0,93,0.00
2019-03-26T06:00,9.1,3,2.3,47.0,44.0,23.7,91,0.00
2019-03-26T07:00,11.0,3,0.7,238.0,121.0,417.4,92,0.00
2019-03-26T08:00,12.3,1,3.8,460.0,154.0,657.3,85,0.00
2019-03-26T09:00,14.0,2,5.3,639.0,196.0,713.8,75,0.00
2019-03-26T10:00,15.2,23,3.5,702.0,179.0,711.5,69,0.00
2019-03-26T11:00,16.5,22,4.2,620.0,485.0,168.5,59,0.00
2019-03-26T12:00,17.3,18,5.4,819.0,364.0,558.9,52,0.00
2019-03-26T13:00,17.8,3,6.0,733.0,265.0,605.1,48,0.00
2019-03-26T14:00,18.2,28,5.9,566.0,516.0,73.4,46,0.00
2019-03-26T15:00,18.7,47,5.0,473.0,241.0,425.6,43,0.00
2019-03-26T16:00,18.1,4,3.3,287.0,165.0,327.0,44,0.00
2019-03-26T17:00,16.8,10,8.8,86.0,64.0,124.0,52,0.00
2019-03-26T18:00,15.1,11,4.1,0.0,0.0,0.0,66,0.00
2019-03-26T19:00,14.4,8,3.9,0.0,0.0,0.0,73,0.00
2019-03-26T20:00,13.2,40,9.7,0.0,0.0,0.0,81,0.00
2019-03-26T21:00,13.0,41,7.7,0.0,0.0,0.0,86,0.00
2019-03-26T22:00,12.8,69,10.5,0.0,0.0,0.0,87,0.00
2019-03-26T23:00,14.1,89,16.0,0.0,0.0,0.0,79,0.00
2019-03-27T00:00,14.6,96,18.2,0.0,0.0,0.0,76,0.00
2019-03-27T01:00,14.7,89,18.8,0.0,0.0,0.0,70,0.00
2019-03-27T02:00,14.3,66,13.0,0.0,0.0,0.0,69,0.00
2019-03-27T03:00,14.1,46,13.7,0.0,0.0,0.0,70,0.00
2019-03-27T04:00,13.2,21,10.7,0.0,0.0,0.0,70,0.00
2019-03-27T05:00,12.6,18,12.5,0.0,0.0,0.0,70,0.00
2019-03-27T06:00,13.3,28,13.5,56.0,43.0,100.5,68,0.00
2019-03-27T07:00,14.4,93,11.5,104.0,104.0,0.0,67,0.00
2019-03-27T08:00,14.5,95,10.0,105.0,105.0,0.0,73,0.00
2019-03-27T09:00,15.0,86,9.5,269.0,269.0,0.0,74,0.00
2019-03-27T10:00,14.3,74,5.5,444.0,442.0,2.7,79,0.00
2019-03-27T11:00,13.9,74,8.9,77.0,77.0,0.0,89,5.80
2019-03-27T12:00,15.2,42,8.0,574.0,437.0,167.5,78,0.00
2019-03-27T13:00,15.3,48,7.3,94.0,94.0,0.0,68,0.00
2019-03-27T14:00,15.6,47,11.1,87.0,87.0,0.0,60,0.00
2019-03-27T15:00,15.7,22,10.1,101.0,101.0,0.0,57,0.00
2019-03-27T16:00,15.6,1,6.2,268.0,175.0,247.2,56,0.00
2019-03-27T17:00,14.0,2,7.6,103.0,62.0,227.1,60,0.00
2019-03-27T18:00,12.5,1,12.0,0.0,0.0,0.0,62,0.00
2019-03-27T19:00,11.4,4,9.2,0.0,0.0,0.0,67,0.00
2019-03-27T20:00,10.8,11,9.8,0.0,0.0,0.0,73,0.00
2019-03-27T21:00,10.3,17,8.8,0.0,0.0,0.0,78,0.00
2019-03-27T22:00,9.5,10,6.2,0.0,0.0,0.0,82,0.00
2019-03-27T23:00,8.6,5,5.4,0.0,0.0,0.0,86,0.00
2019-03-28T00:00,8.1,6,5.2,0.0,0.0,0.0,88,0.00
2019-03-28T01:00,7.7,4,5.9,0.0,0.0,0.0,89,0.00
2019-03-28T02:00,7.5,6,6.1,0.0,0.0,0.0,89,0.00
2019-03-28T03:00,7.2,21,3.4,0.0,0.0,0.0,89,0.00
2019-03-28T04:00,7.4,18,5.1,0.0,0.0,0.0,89,0.00
2019-03-28T05:00,7.6,10,6.6,0.0,0.0,0.0,88,0.00
2019-03-28T06:00,9.0,11,6.1,67.0,33.0,257.6,90,0.00
2019-03-28T07:00,11.6,16,11.0,263.0,72.0,657.5,85,0.00
2019-03-28T08:00,14.0,8,10.1,460.0,137.0,679.5,73,0.00
2019-03-28T09:00,15.0,10,12.4,594.0,143.0,715.9,65,0.00
2019-03-28T10:00,15.9,33,11.6,595.0,243.0,473.2,57,0.00
2019-03-28T11:00,16.6,10,13.5,707.0,204.0,621.5,52,0.00
2019-03-28T12:00,17.0,4,14.1,771.0,321.0,547.6,50,0.00
2019-03-28T13:00,17.0,4,13.5,751.0,244.0,649.6,50,0.00
2019-03-28T14:00,17.0,4,17.0,655.0,256.0,579.7,52,0.00
2019-03-28T15:00,16.0,1,15.9,512.0,153.0,651.0,56,0.00
2019-03-28T16:00,14.5,7,13.9,309.0,113.0,516.7,64,0.00
2019-03-28T17:00,13.4,14,6.5,102.0,66.0,196.1,71,0.00
2019-03-28T18:00,12.1,16,4.4,0.0,0.0,0.0,71,0.00
2019-03-28T19:00,11.0,15,3.3,0.0,0.0,0.0,76,0.00
2019-03-28T20:00,10.3,10,3.5,0.0,0.0,0.0,78,0.00
2019-03-28T21:00,9.6,15,4.9,0.0,0.0,0.0,82,0.00
2019-03-28T22:00,9.1,9,4.4,0.0,0.0,0.0,84,0.00
2019-03-28T23:00,8.7,32,5.0,0.0,0.0,0.0,91,0.00
2019-03-29T00:00,9.2,31,5.3,0.0,0.0,0.0,89,0.00
2019-03-29T01:00,7.9,20,4.4,0.0,0.0,0.0,91,0.00
2019-03-29T02:00,7.5,3,3.9,0.0,0.0,0.0,90,0.00
2019-03-29T03:00,6.8,7,2.9,0.0,0.0,0.0,90,0.00
2019-03-29T04:00,6.0,6,2.8,0.0,0.0,0.0,90,0.00
2019-03-29T05:00,5.7,6,6.6,0.0,0.0,0.0,90,0.00
2019-03-29T06:00,7.5,1,4.1,69.0,28.0,304.6,94,0.00
2019-03-29T07:00,10.6,0,4.0,262.0,84.0,602.2,87,0.00
2019-03-29T08:00,11.8,1,4.7,472.0,125.0,722.6,79,0.00
2019-03-29T09:00,13.0,8,9.1,663.0,184.0,754.8,67,0.00
2019-03-29T10:00,14.5,10,11.2,798.0,141.0,878.1,62,0.00
2019-03-29T11:00,15.9,7,14.4,875.0,125.0,922.1,55,0.00
2019-03-29T12:00,16.3,8,15.3,895.0,131.0,925.4,53,0.00
2019-03-29T13:00,16.9,3,14.9,821.0,171.0,829.0,50,0.00
2019-03-29T14:00,17.0,3,14.8,723.0,130.0,857.4,51,0.00
2019-03-29T15:00,16.8,0,14.1,545.0,98.0,806.0,51,0.00
2019-03-29T16:00,16.0,0,14.0,285.0,161.0,324.3,53,0.00
2019-03-29T17:00,14.3,8,13.0,105.0,69.0,192.9,63,0.00
2019-03-29T18:00,12.6,3,11.9,0.0,0.0,0.0,73,0.00
2019-03-29T19:00,11.7,10,11.2,0.0,0.0,0.0,78,0.00
2019-03-29T20:00,10.9,6,7.1,0.0,0.0,0.0,80,0.00
2019-03-29T21:00,10.0,12,7.6,0.0,0.0,0.0,83,0.00
2019-03-29T22:00,9.1,6,7.4,0.0,0.0,0.0,86,0.00
2019-03-29T23:00,8.7,15,7.1,0.0,0.0,0.0,86,0.00
2019-03-30T00:00,8.2,0,6.1,0.0,0.0,0.0,85,0.00
2019-03-30T01:00,7.4,3,5.4,0.0,0.0,0.0,88,0.00
2019-03-30T02:00,6.8,4,5.6,0.0,0.0,0.0,88,0.00
2019-03-30T03:00,6.3,5,5.9,0.0,0.0,0.0,88,0.00
2019-03-30T04:00,5.8,10,6.5,0.0,0.0,0.0,88,0.00
2019-03-30T05:00,5.6,6,3.8,0.0,0.0,0.0,87,0.00
2019-03-30T06:00,7.3,0,3.4,73.0,28.0,328.0,91,0.00
2019-03-30T07:00,10.6,0,1.4,275.0,80.0,648.6,88,0.00
2019-03-30T08:00,12.6,0,1.4,488.0,105.0,789.6,74,0.00
2019-03-30T09:00,14.3,0,5.0,663.0,136.0,824.5,65,0.00
2019-03-30T10:00,15.5,0,9.0,805.0,120.0,910.2,55,0.00
2019-03-30T11:00,16.7,0,10.1,883.0,126.0,926.1,49,0.00
2019-03-30T12:00,18.1,0,10.9,895.0,129.0,923.7,44,0.00
2019-03-30T13:00,19.5,0,14.6,841.0,127.0,906.7,39,0.00
2019-03-30T14:00,19.7,0,17.7,720.0,118.0,866.4,39,0.00
2019-03-30T15:00,19.1,0,13.9,544.0,120.0,760.3,41,0.00
2019-03-30T16:00,18.1,0,13.6,332.0,107.0,583.8,44,0.00
2019-03-30T17:00,16.7,0,10.6,101.0,86.0,79.1,51,0.00
2019-03-30T18:00,14.7,0,9.4,0.0,0.0,0.0,64,0.00
2019-03-30T19:00,13.0,0,7.7,0.0,0.0,0.0,72,0.00
2019-03-30T20:00,11.7,0,4.7,0.0,0.0,0.0,77,0.00
2019-03-30T21:00,10.5,0,4.7,0.0,0.0,0.0,79,0.00
2019-03-30T22:00,9.8,0,6.4,0.0,0.0,0.0,82,0.00
2019-03-30T23:00,9.0,15,5.5,0.0,0.0,0.0,82,0.00
2019-03-31T00:00,8.3,93,4.4,0.0,0.0,0.0,84,0.00
2019-03-31T01:00,8.3,13,5.0,0.0,0.0,0.0,86,0.00
2019-03-31T02:00,7.4,15,4.1,0.0,0.0,0.0,87,0.00
2019-03-31T03:00,7.0,14,1.8,0.0,0.0,0.0,89,0.00
2019-03-31T04:00,6.6,17,3.4,0.0,0.0,0.0,88,0.00
2019-03-31T05:00,6.3,19,4.3,0.0,0.0,0.0,88,0.00
2019-03-31T06:00,8.1,8,4.7,79.0,29.0,357.8,91,0.00
2019-03-31T07:00,11.7,2,2.6,283.0,70.0,696.9,87,0.00
2019-03-31T08:00,14.0,1,2.8,493.0,93.0,816.5,74,0.00
2019-03-31T09:00,16.4,0,2.7,669.0,147.0,810.9,59,0.00
2019-03-31T10:00,18.0,0,6.0,792.0,208.0,771.7,52,0.00
2019-03-31T11:00,19.3,0,7.9,871.0,209.0,806.0,46,0.00
2019-03-31T12:00,21.9,0,10.2,869.0,343.0,631.5,36,0.00
2019-03-31T13:00,23.3,0,12.4,825.0,296.0,668.8,30,0.00
2019-03-31T14:00,23.7,8,14.4,690.0,350.0,487.1,28,0.00
2019-03-31T15:00,23.2,0,13.0,493.0,280.0,379.8,29,0.00
2019-03-31T16:00,21.3,70,12.9,327.0,124.0,522.7,35,0.00
2019-03-31T17:00,18.4,100,12.7,101.0,83.0,93.4,47,0.00
2019-03-31T18:00,16.3,100,9.6,0.0,0.0,0.0,58,0.00
2019-03-31T19:00,14.5,93,6.6,0.0,0.0,0.0,65,0.00
2019-03-31T20:00,13.1,15,3.7,0.0,0.0,0.0,72,0.00
2019-03-31T21:00,12.3,0,4.3,0.0,0.0,0.0,73,0.00
2019-03-31T22:00,11.6,0,6.2,0.0,0.0,0.0,77,0.00
2019-03-31T23:00,11.0,0,6.6,0.0,0.0,0.0,76,0.00
2019-04-01T00:00,10.3,0,2.5,0.0,0.0,0.0,75,0.00
2019-04-01T01:00,9.4,0,2.8,0.0,0.0,0.0,77,0.00
2019-04-01T02:00,9.2,0,2.2,0.0,0.0,0.0,74,0.00
2019-04-01T03:00,8.6,0,3.1,0.0,0.0,0.0,76,0.00
2019-04-01T04:00,8.6,4,2.3,0.0,0.0,0.0,73,0.00
2019-04-01T05:00,8.1,1,5.8,0.0,0.0,0.0,77,0.00
2019-04-01T06:00,10.1,86,5.8,60.0,60.0,0.0,78,0.00
2019-04-01T07:00,12.8,29,4.2,230.0,222.0,25.8,71,0.00
2019-04-01T08:00,14.7,0,4.0,385.0,351.0,68.7,69,0.00
2019-04-01T09:00,16.9,8,9.6,507.0,497.0,15.4,64,0.00
2019-04-01T10:00,16.9,40,7.8,593.0,587.0,7.9,64,0.00
2019-04-01T11:00,16.8,91,8.4,758.0,657.0,122.4,68,0.00
2019-04-01T12:00,17.5,92,7.6,814.0,540.0,327.5,62,0.00
2019-04-01T13:00,17.6,99,9.0,672.0,636.0,45.3,59,0.00
2019-04-01T14:00,16.9,97,9.0,486.0,484.0,2.9,63,0.40
2019-04-01T15:00,15.8,4,8.0,395.0,391.0,7.1,72,0.00
2019-04-01T16:00,16.3,25,4.3,174.0,174.0,0.0,70,0.00
2019-04-01T17:00,15.6,59,10.2,15.0,15.0,0.0,73,0.00
2019-04-01T18:00,14.1,17,8.7,0.0,0.0,0.0,78,0.00
2019-04-01T19:00,13.2,32,6.7,0.0,0.0,0.0,85,0.00
2019-04-01T20:00,12.5,8,5.5,0.0,0.0,0.0,86,0.00
2019-04-01T21:00,12.4,9,7.1,0.0,0.0,0.0,89,0.00
2019-04-01T22:00,12.3,11,7.1,0.0,0.0,0.0,87,0.00
2019-04-01T23:00,11.9,52,4.4,0.0,0.0,0.0,83,0.00
2019-04-02T00:00,11.6,33,5.5,0.0,0.0,0.0,88,0.00
2019-04-02T01:00,11.1,16,3.1,0.0,0.0,0.0,87,0.00
2019-04-02T02:00,11.2,18,5.7,0.0,0.0,0.0,85,0.00
2019-04-02T03:00,10.7,49,3.4,0.0,0.0,0.0,87,0.00
2019-04-02T04:00,10.6,68,3.3,0.0,0.0,0.0,90,0.00
2019-04-02T05:00,10.8,82,4.6,0.0,0.0,0.0,93,0.00
2019-04-02T06:00,11.5,65,6.4,54.0,43.0,76.0,95,0.00
2019-04-02T07:00,12.6,77,10.9,77.0,77.0,0.0,92,0.00
2019-04-02T08:00,14.0,87,9.5,281.0,280.0,2.0,90,0.00
2019-04-02T09:00,15.6,84,7.4,187.0,187.0,0.0,78,0.00
2019-04-02T10:00,15.8,83,11.6,415.0,415.0,0.0,77,0.00
2019-04-02T11:00,15.6,61,10.5,342.0,342.0,0.0,80,0.00
2019-04-02T12:00,16.7,61,12.5,604.0,279.0,386.8,70,0.00
2019-04-02T13:00,17.1,74,13.0,709.0,259.0,564.2,66,0.00
2019-04-02T14:00,17.1,56,15.2,628.0,249.0,538.1,64,0.00
2019-04-02T15:00,16.6,74,12.6,505.0,176.0,580.5,65,0.00
2019-04-02T16:00,15.6,71,10.9,279.0,247.0,81.2,68,0.00
2019-04-02T17:00,14.4,64,6.9,111.0,84.0,135.9,71,0.00
2019-04-02T18:00,13.9,64,2.9,0.0,0.0,0.0,73,0.00
2019-04-02T19:00,13.6,50,3.3,0.0,0.0,0.0,76,0.00
2019-04-02T20:00,13.3,63,6.0,0.0,0.0,0.0,79,0.00
2019-04-02T21:00,13.2,60,5.7,0.0,0.0,0.0,80,0.00
2019-04-02T22:00,12.9,56,4.7,0.0,0.0,0.0,83,0.00
2019-04-02T23:00,12.4,80,2.9,0.0,0.0,0.0,84,0.00
2019-04-03T00:00,11.9,72,1.8,0.0,0.0,0.0,86,0.00
2019-04-03T01:00,11.9,82,2.9,0.0,0.0,0.0,88,0.00
2019-04-03T02:00,11.7,75,2.5,0.0,0.0,0.0,88,0.00
2019-04-03T03:00,12.2,73,3.1,0.0,0.0,0.0,84,0.00
2019-04-03T04:00,12.0,67,3.1,0.0,0.0,0.0,85,0.00
2019-04-03T05:00,12.0,90,3.9,0.0,0.0,0.0,84,0.00
2019-04-03T06:00,12.1,59,2.1,28.0,28.0,0.0,86,0.00
2019-04-03T07:00,13.0,70,3.2,190.0,185.0,15.6,81,0.00
2019-04-03T08:00,13.7,77,3.6,123.0,123.0,0.0,73,0.00
2019-04-03T09:00,13.9,88,3.6,127.0,127.0,0.0,75,0.00
2019-04-03T10:00,14.1,91,3.4,240.0,240.0,0.0,74,0.00
2019-04-03T11:00,14.1,79,3.1,527.0,526.0,1.2,75,0.00
2019-04-03T12:00,14.8,80,4.0,658.0,455.0,240.6,73,0.00
2019-04-03T13:00,15.2,86,9.4,380.0,380.0,0.0,75,0.00
2019-04-03T14:00,15.2,78,9.0,290.0,290.0,0.0,76,0.00
2019-04-03T15:00,14.8,64,7.3,296.0,296.0,0.0,74,0.00
2019-04-03T16:00,14.7,54,5.8,251.0,208.0,108.3,73,0.00
2019-04-03T17:00,14.3,68,5.0,102.0,100.0,9.9,76,0.00
2019-04-03T18:00,13.9,40,4.5,0.0,0.0,0.0,78,0.00
2019-04-03T19:00,13.1,29,4.4,0.0,0.0,0.0,83,0.00
2019-04-03T20:00,12.7,61,4.1,0.0,0.0,0.0,85,0.00
2019-04-03T21:00,13.0,68,2.5,0.0,0.0,0.0,83,0.00
2019-04-03T22:00,13.2,77,3.8,0.0,0.0,0.0,80,0.00
2019-04-03T23:00,12.9,75,1.0,0.0,0.0,0.0,79,0.00
2019-04-04T00:00,12.2,65,3.0,0.0,0.0,0.0,83,0.00
2019-04-04T01:00,11.9,72,3.1,0.0,0.0,0.0,86,0.00
2019-04-04T02:00,11.8,79,1.1,0.0,0.0,0.0,84,0.00
2019-04-04T03:00,11.9,53,2.3,0.0,0.0,0.0,84,0.00
2019-04-04T04:00,11.6,56,3.0,0.0,0.0,0.0,84,0.00
2019-04-04T05:00,11.6,71,3.8,0.0,0.0,0.0,84,0.00
2019-04-04T06:00,11.7,64,2.9,37.0,37.0,0.0,86,0.00
2019-04-04T07:00,13.0,84,2.2,184.0,179.0,15.4,81,0.00
2019-04-04T08:00,13.7,79,4.6,158.0,157.0,2.0,76,0.00
2019-04-04T09:00,14.2,83,5.3,91.0,91.0,0.0,74,0.00
2019-04-04T10:00,15.0,66,8.6,139.0,138.0,1.3,71,0.00
2019-04-04T11:00,15.4,58,8.4,673.0,536.0,163.8,63,0.00
2019-04-04T12:00,17.0,57,12.8,419.0,419.0,0.0,59,0.00
2019-04-04T13:00,17.1,30,11.5,586.0,543.0,53.5,59,0.00
2019-04-04T14:00,17.1,32,15.0,671.0,280.0,550.3,58,0.00
2019-04-04T15:00,16.7,32,15.9,431.0,386.0,78.6,58,0.00
2019-04-04T16:00,15.6,20,15.5,314.0,227.0,217.4,63,0.00
2019-04-04T17:00,14.8,9,10.9,121.0,70.0,249.3,65,0.00
2019-04-04T18:00,13.5,7,4.9,0.0,0.0,0.0,68,0.00
2019-04-04T19:00,12.4,22,7.0,0.0,0.0,0.0,72,0.00
2019-04-04T20:00,11.8,18,6.0,0.0,0.0,0.0,73,0.00
2019-04-04T21:00,11.5,22,7.2,0.0,0.0,0.0,74,0.00
2019-04-04T22:00,10.8,16,6.9,0.0,0.0,0.0,81,0.00
2019-04-04T23:00,10.2,15,5.0,0.0,0.0,0.0,83,0.00
2019-04-05T00:00,9.7,53,6.9,0.0,0.0,0.0,86,0.00
2019-04-05T01:00,10.1,61,8.2,0.0,0.0,0.0,90,0.00
2019-04-05T02:00,10.3,51,8.2,0.0,0.0,0.0,89,0.00
2019-04-05T03:00,10.6,61,9.0,0.0,0.0,0.0,86,0.00
2019-04-05T04:00,10.6,75,11.0,0.0,0.0,0.0,86,0.00
2019-04-05T05:00,11.1,88,11.4,0.0,0.0,0.0,83,0.00
2019-04-05T06:00,12.2,100,10.0,69.0,68.0,6.6,81,0.00
2019-04-05T07:00,13.5,100,10.7,199.0,191.0,24.2,75,0.00
2019-04-05T08:00,13.6,100,8.8,34.0,35.0,0.0,75,0.00
2019-04-05T09:00,13.9,87,10.0,312.0,312.0,0.0,86,0.40
2019-04-05T10:00,14.2,31,5.7,500.0,360.0,180.1,80,0.00
2019-04-05T11:00,15.2,27,2.9,687.0,477.0,249.9,72,0.00
2019-04-05T12:00,15.7,51,8.4,570.0,565.0,5.9,71,0.00
2019-04-05T13:00,16.6,60,7.5,591.0,336.0,315.9,63,0.00
2019-04-05T14:00,16.9,46,7.4,565.0,376.0,264.9,61,0.00
2019-04-05T15:00,17.1,39,7.0,99.0,99.0,0.0,59,0.00
2019-04-05T16:00,16.6,36,8.2,119.0,119.0,0.0,62,0.00
2019-04-05T17:00,15.4,42,7.6,59.0,59.0,0.0,68,0.00
2019-04-05T18:00,14.6,16,1.3,0.0,0.0,0.0,72,0.00
2019-04-05T19:00,12.9,43,4.5,0.0,0.0,0.0,78,0.00
2019-04-05T20:00,12.1,100,3.6,0.0,0.0,0.0,80,0.00
2019-04-05T21:00,12.0,100,1.9,0.0,0.0,0.0,75,0.00
2019-04-05T22:00,11.5,94,2.6,0.0,0.0,0.0,75,0.00
2019-04-05T23:00,10.7,85,5.6,0.0,0.0,0.0,82,0.00
2019-04-06T00:00,10.4,100,7.2,0.0,0.0,0.0,87,0.00
2019-04-06T01:00,10.6,99,7.6,0.0,0.0,0.0,88,0.00
2019-04-06T02:00,10.9,89,7.5,0.0,0.0,0.0,89,0.00
2019-04-06T03:00,11.3,81,7.4,0.0,0.0,0.0,87,0.00
2019-04-06T04:00,11.6,87,5.0,0.0,0.0,0.0,87,0.00
2019-04-06T05:00,11.7,71,9.1,0.0,0.0,0.0,87,0.00
2019-04-06T06:00,12.2,38,11.8,27.0,27.0,0.0,84,0.00
2019-04-06T07:00,14.0,29,8.8,293.0,128.0,493.0,79,0.00
2019-04-06T08:00,16.3,34,6.0,137.0,137.0,0.0,71,0.00
2019-04-06T09:00,17.3,39,6.9,169.0,169.0,0.0,67,0.00
2019-04-06T10:00,17.6,66,6.7,584.0,427.0,201.0,62,0.00
2019-04-06T11:00,17.8,53,12.7,105.0,105.0,0.0,65,0.00
2019-04-06T12:00,19.1,18,15.0,671.0,646.0,29.3,64,0.00
2019-04-06T13:00,20.1,12,14.2,719.0,382.0,415.9,57,0.00
2019-04-06T14:00,20.2,16,15.2,698.0,208.0,684.0,58,0.00
2019-04-06T15:00,20.1,22,11.0,527.0,214.0,541.1,55,0.00
2019-04-06T16:00,19.0,21,11.8,287.0,161.0,310.5,60,0.00
2019-04-06T17:00,17.9,29,11.4,104.0,92.0,57.0,63,0.00
2019-04-06T18:00,16.4,18,6.6,0.0,0.0,0.0,65,0.00
2019-04-06T19:00,15.3,17,7.6,0.0,0.0,0.0,69,0.00
2019-04-06T20:00,14.2,16,6.1,0.0,0.0,0.0,74,0.00
2019-04-06T21:00,13.3,15,5.0,0.0,0.0,0.0,77,0.00
2019-04-06T22:00,13.8,22,2.2,0.0,0.0,0.0,78,0.00
2019-04-06T23:00,13.6,23,4.8,0.0,0.0,0.0,79,0.00
2019-04-07T00:00,13.4,97,6.0,0.0,0.0,0.0,80,0.00
2019-04-07T01:00,12.7,91,5.0,0.0,0.0,0.0,83,0.00
2019-04-07T02:00,12.5,52,6.2,0.0,0.0,0.0,84,0.00
2019-04-07T03:00,13.0,99,6.9,0.0,0.0,0.0,83,0.00
2019-04-07T04:00,12.6,99,5.2,0.0,0.0,0.0,85,0.00
2019-04-07T05:00,11.5,16,8.2,0.0,0.0,0.0,88,0.00
2019-04-07T06:00,12.6,29,3.9,88.0,61.0,171.9,88,0.00
2019-04-07T07:00,15.1,35,1.1,222.0,169.0,156.2,80,0.00
2019-04-07T08:00,16.7,32,6.2,428.0,206.0,425.4,74,0.00
2019-04-07T09:00,17.7,29,7.3,609.0,182.0,633.7,72,0.00
2019-04-07T10:00,18.6,12,8.1,744.0,260.0,616.7,70,0.00
2019-04-07T11:00,19.1,5,9.3,825.0,238.0,692.8,68,0.00
2019-04-07T12:00,20.1,3,9.9,837.0,254.0,680.3,65,0.00
2019-04-07T13:00,22.2,1,12.6,765.0,329.0,536.1,61,0.00
2019-04-07T14:00,22.6,1,16.7,601.0,343.0,358.7,61,0.00
2019-04-07T15:00,21.9,16,16.1,510.0,234.0,474.8,62,0.00
2019-04-07T16:00,20.8,16,11.7,330.0,190.0,342.6,62,0.00
2019-04-07T17:00,18.7,17,12.1,120.0,80.0,187.5,69,0.00
2019-04-07T18:00,16.6,19,10.7,0.0,0.0,0.0,77,0.00
2019-04-07T19:00,15.7,16,9.4,0.0,0.0,0.0,81,0.00
2019-04-07T20:00,15.2,16,8.0,0.0,0.0,0.0,84,0.00
2019-04-07T21:00,14.5,17,4.3,0.0,0.0,0.0,87,0.00
2019-04-07T22:00,13.8,100,2.9,0.0,0.0,0.0,90,0.00
2019-04-07T23:00,13.4,57,2.3,0.0,0.0,0.0,90,0.00
2019-04-08T00:00,12.7,69,2.5,0.0,0.0,0.0,91,0.00
2019-04-08T01:00,12.1,44,5.1,0.0,0.0,0.0,93,0.00
2019-04-08T02:00,11.9,74,3.7,0.0,0.0,0.0,92,0.00
2019-04-08T03:00,11.5,96,1.5,0.0,0.0,0.0,92,0.00
2019-04-08T04:00,11.4,30,2.6,0.0,0.0,0.0,90,0.00
2019-04-08T05:00,12.1,30,1.3,0.0,0.0,0.0,92,0.00
2019-04-08T06:00,13.3,16,1.5,76.0,74.0,12.5,93,0.00
2019-04-08T07:00,15.2,78,1.5,253.0,186.0,194.9,88,0.00
2019-04-08T08:00,16.5,100,3.0,466.0,259.0,393.4,82,0.00
2019-04-08T09:00,18.4,16,3.1,631.0,403.0,336.4,73,0.00
2019-04-08T10:00,19.7,7,6.6,705.0,415.0,367.8,69,0.00
2019-04-08T11:00,20.6,5,8.6,790.0,424.0,430.2,67,0.00
2019-04-08T12:00,22.3,20,10.8,269.0,269.0,0.0,63,0.00
2019-04-08T13:00,23.1,30,14.3,460.0,458.0,2.5,61,0.00
2019-04-08T14:00,22.0,32,12.8,589.0,271.0,440.4,64,0.00
2019-04-08T15:00,22.0,46,16.9,467.0,331.0,232.9,63,0.00
2019-04-08T16:00,20.6,48,13.4,339.0,149.0,461.8,66,0.00
2019-04-08T17:00,18.5,73,12.5,110.0,99.0,50.9,79,0.00
2019-04-08T18:00,17.8,41,9.8,0.0,0.0,0.0,79,0.00
2019-04-08T19:00,17.1,40,7.2,0.0,0.0,0.0,80,0.00
2019-04-08T20:00,16.4,84,9.7,0.0,0.0,0.0,82,0.00
2019-04-08T21:00,15.5,80,15.5,0.0,0.0,0.0,85,0.00
2019-04-08T22:00,14.2,61,17.7,0.0,0.0,0.0,84,0.00
2019-04-08T23:00,13.6,52,13.0,0.0,0.0,0.0,83,0.00
2019-04-09T00:00,13.1,60,12.2,0.0,0.0,0.0,85,0.00
2019-04-09T01:00,13.1,59,12.8,0.0,0.0,0.0,81,0.00
2019-04-09T02:00,13.1,41,13.2,0.0,0.0,0.0,79,0.00
2019-04-09T03:00,12.8,34,13.5,0.0,0.0,0.0,77,0.00
2019-04-09T04:00,12.4,45,12.2,0.0,0.0,0.0,77,0.00
2019-04-09T05:00,11.8,14,12.1,0.0,0.0,0.0,78,0.00
2019-04-09T06:00,12.7,1,14.3,120.0,40.0,494.8,73,0.00
2019-04-09T07:00,14.2,6,18.4,325.0,93.0,666.1,64,0.00
2019-04-09T08:00,15.1,4,21.9,502.0,164.0,637.3,59,0.00
2019-04-09T09:00,16.0,5,18.9,704.0,141.0,825.9,56,0.00
2019-04-09T10:00,16.8,1,18.7,827.0,217.0,770.1,52,0.00
2019-04-09T11:00,17.7,1,18.7,916.0,154.0,892.2,49,0.00
2019-04-09T12:00,18.6,0,21.8,917.0,153.0,885.0,48,0.00
2019-04-09T13:00,18.6,3,23.9,869.0,139.0,891.1,48,0.00
2019-04-09T14:00,18.2,2,25.2,748.0,127.0,856.6,50,0.00
2019-04-09T15:00,17.3,2,24.7,570.0,143.0,727.7,52,0.00
2019-04-09T16:00,16.1,0,21.5,365.0,103.0,632.5,57,0.00
2019-04-09T17:00,15.1,1,15.8,141.0,74.0,305.9,59,0.00
2019-04-09T18:00,13.9,9,12.2,0.0,0.0,0.0,63,0.00
2019-04-09T19:00,12.8,4,11.0,0.0,0.0,0.0,68,0.00
2019-04-09T20:00,12.4,3,13.0,0.0,0.0,0.0,71,0.00
2019-04-09T21:00,12.0,0,11.0,0.0,0.0,0.0,71,0.00
2019-04-09T22:00,11.3,1,9.9,0.0,0.0,0.0,73,0.00
2019-04-09T23:00,10.8,0,9.2,0.0,0.0,0.0,75,0.00
2019-04-10T00:00,10.3,0,9.7,0.0,0.0,0.0,78,0.00
2019-04-10T01:00,9.9,1,10.0,0.0,0.0,0.0,77,0.00
2019-04-10T02:00,9.1,1,9.8,0.0,0.0,0.0,80,0.00
2019-04-10T03:00,8.7,6,10.6,0.0,0.0,0.0,81,0.00
2019-04-10T04:00,8.2,6,8.0,0.0,0.0,0.0,83,0.00
2019-04-10T05:00,8.3,4,8.9,0.0,0.0,0.0,79,0.00
2019-04-10T06:00,10.6,0,9.0,127.0,43.0,512.3,73,0.00
2019-04-10T07:00,12.8,0,13.4,341.0,77.0,748.4,64,0.00
2019-04-10T08:00,14.3,0,14.5,552.0,100.0,845.7,53,0.00
2019-04-10T09:00,16.1,0,17.0,734.0,116.0,901.4,44,0.00
2019-04-10T10:00,17.2,0,15.8,867.0,128.0,928.8,39,0.00
2019-04-10T11:00,18.3,0,16.8,939.0,136.0,936.6,37,0.00
2019-04-10T12:00,19.0,0,16.5,942.0,143.0,922.2,38,0.00
2019-04-10T13:00,19.6,0,16.2,881.0,140.0,901.3,38,0.00
2019-04-10T14:00,19.8,0,16.1,758.0,122.0,874.0,40,0.00
2019-04-10T15:00,19.8,0,16.1,578.0,134.0,753.2,41,0.00
2019-04-10T16:00,18.9,0,14.6,373.0,102.0,649.9,45,0.00
2019-04-10T17:00,17.7,0,14.0,145.0,77.0,306.4,48,0.00
2019-04-10T18:00,15.3,8,11.4,0.0,0.0,0.0,58,0.00
2019-04-10T19:00,13.9,16,6.9,0.0,0.0,0.0,61,0.00
2019-04-10T20:00,12.6,4,3.5,0.0,0.0,0.0,70,0.00
2019-04-10T21:00,11.9,1,4.6,0.0,0.0,0.0,73,0.00
2019-04-10T22:00,11.3,3,4.8,0.0,0.0,0.0,73,0.00
2019-04-10T23:00,10.7,1,5.8,0.0,0.0,0.0,78,0.00
2019-04-11T00:00,9.8,2,2.7,0.0,0.0,0.0,81,0.00
2019-04-11T01:00,9.5,0,8.0,0.0,0.0,0.0,81,0.00
2019-04-11T02:00,8.7,0,3.1,0.0,0.0,0.0,86,0.00
2019-04-11T03:00,8.6,1,4.4,0.0,0.0,0.0,82,0.00
2019-04-11T04:00,8.5,5,3.2,0.0,0.0,0.0,78,0.00
2019-04-11T05:00,8.3,88,2.3,0.0,0.0,0.0,80,0.00
2019-04-11T06:00,10.3,55,3.6,112.0,82.0,180.4,85,0.00
2019-04-11T07:00,13.1,100,7.3,292.0,206.0,240.8,76,0.00
2019-04-11T08:00,15.4,99,13.2,520.0,185.0,621.9,65,0.00
2019-04-11T09:00,16.9,79,17.8,686.0,267.0,607.8,57,0.00
2019-04-11T10:00,17.6,76,19.2,781.0,480.0,376.6,53,0.00
2019-04-11T11:00,17.6,100,19.2,848.0,556.0,339.3,51,0.00
2019-04-11T12:00,17.6,91,21.7,906.0,326.0,667.1,50,0.00
2019-04-11T13:00,17.1,33,25.0,847.0,307.0,654.6,52,0.00
2019-04-11T14:00,16.4,28,24.5,730.0,221.0,696.8,57,0.00
2019-04-11T15:00,15.5,15,26.8,551.0,144.0,687.3,61,0.00
2019-04-11T16:00,14.3,22,24.3,310.0,190.0,285.9,65,0.00
2019-04-11T17:00,13.1,10,19.2,137.0,78.0,262.5,71,0.00
2019-04-11T18:00,12.1,19,13.0,0.0,0.0,0.0,71,0.00
2019-04-11T19:00,11.4,13,13.0,0.0,0.0,0.0,73,0.00
2019-04-11T20:00,10.9,15,10.3,0.0,0.0,0.0,73,0.00
2019-04-11T21:00,10.6,16,10.6,0.0,0.0,0.0,74,0.00
2019-04-11T22:00,10.2,35,10.6,0.0,0.0,0.0,76,0.00
2019-04-11T23:00,9.5,9,9.2,0.0,0.0,0.0,79,0.00
2019-04-12T00:00,9.1,11,9.7,0.0,0.0,0.0,81,0.00
2019-04-12T01:00,8.5,17,7.6,0.0,0.0,0.0,81,0.00
2019-04-12T02:00,8.2,11,8.6,0.0,0.0,0.0,83,0.00
2019-04-12T03:00,8.0,15,8.4,0.0,0.0,0.0,81,0.00
2019-04-12T04:00,7.8,18,7.8,0.0,0.0,0.0,83,0.00
2019-04-12T05:00,7.5,16,4.7,8.0,8.0,0.0,84,0.00
2019-04-12T06:00,9.9,4,1.3,126.0,60.0,391.6,85,0.00
2019-04-12T07:00,12.3,1,7.6,321.0,149.0,475.7,77,0.00
2019-04-12T08:00,13.6,0,9.4,525.0,199.0,600.7,70,0.00
2019-04-12T09:00,15.0,0,9.8,714.0,180.0,770.3,61,0.00
2019-04-12T10:00,17.1,0,12.2,853.0,149.0,877.0,52,0.00
2019-04-12T11:00,18.1,0,12.4,921.0,154.0,887.9,47,0.00
2019-04-12T12:00,19.5,0,13.9,893.0,372.0,597.2,45,0.00
2019-04-12T13:00,20.1,0,14.2,837.0,296.0,653.5,46,0.00
2019-04-12T14:00,20.3,0,14.7,745.0,140.0,825.2,47,0.00
2019-04-12T15:00,20.4,0,14.3,576.0,118.0,769.9,47,0.00
2019-04-12T16:00,19.4,0,14.2,369.0,108.0,617.8,49,0.00
2019-04-12T17:00,17.7,0,13.7,146.0,78.0,298.8,52,0.00
2019-04-12T18:00,15.7,8,12.1,0.0,0.0,0.0,60,0.00
2019-04-12T19:00,14.1,9,5.1,0.0,0.0,0.0,67,0.00
2019-04-12T20:00,12.8,8,5.9,0.0,0.0,0.0,74,0.00
2019-04-12T21:00,11.7,12,5.4,0.0,0.0,0.0,79,0.00
2019-04-12T22:00,10.8,10,4.2,0.0,0.0,0.0,84,0.00
2019-04-12T23:00,10.0,12,3.0,0.0,0.0,0.0,89,0.00
2019-04-13T00:00,9.5,12,2.3,0.0,0.0,0.0,93,0.00
2019-04-13T01:00,9.2,12,6.9,0.0,0.0,0.0,93,0.00
2019-04-13T02:00,8.4,13,7.6,0.0,0.0,0.0,95,0.00
2019-04-13T03:00,7.6,14,5.8,0.0,0.0,0.0,92,0.00
2019-04-13T04:00,7.6,21,4.3,0.0,0.0,0.0,90,0.00
2019-04-13T05:00,7.4,17,7.8,9.0,9.0,0.0,93,0.00
2019-04-13T06:00,9.9,17,6.6,130.0,65.0,380.6,93,0.00
2019-04-13T07:00,12.8,16,3.7,321.0,172.0,407.2,80,0.00
2019-04-13T08:00,15.8,16,4.8,539.0,183.0,651.1,65,0.00
2019-04-13T09:00,17.5,18,6.5,670.0,338.0,476.3,61,0.00
2019-04-13T10:00,19.3,15,9.7,793.0,432.0,447.8,55,0.00
2019-04-13T11:00,20.9,17,9.7,892.0,372.0,599.8,46,0.00
2019-04-13T12:00,23.3,3,10.9,894.0,341.0,631.8,38,0.00
2019-04-13T13:00,24.5,0,13.4,830.0,376.0,546.6,38,0.00
2019-04-13T14:00,24.6,1,14.4,725.0,256.0,637.4,40,0.00
2019-04-13T15:00,23.5,1,12.3,519.0,271.0,415.1,41,0.00
2019-04-13T16:00,21.9,1,11.8,349.0,186.0,383.4,45,0.00
2019-04-13T17:00,18.2,2,14.4,131.0,102.0,125.9,57,0.00
2019-04-13T18:00,15.0,12,13.1,0.0,0.0,0.0,66,0.00
2019-04-13T19:00,13.4,12,10.5,0.0,0.0,0.0,76,0.00
2019-04-13T20:00,12.3,16,8.6,0.0,0.0,0.0,80,0.00
2019-04-13T21:00,11.9,15,6.4,0.0,0.0,0.0,82,0.00
2019-04-13T22:00,11.1,17,2.9,0.0,0.0,0.0,85,0.00
2019-04-13T23:00,10.6,21,5.0,0.0,0.0,0.0,86,0.00
2019-04-14T00:00,9.9,8,3.6,0.0,0.0,0.0,87,0.00
2019-04-14T01:00,9.3,15,2.5,0.0,0.0,0.0,89,0.00
2019-04-14T02:00,8.7,15,2.7,0.0,0.0,0.0,87,0.00
2019-04-14T03:00,8.1,29,3.8,0.0,0.0,0.0,88,0.00
2019-04-14T04:00,7.9,33,3.6,0.0,0.0,0.0,88,0.00
2019-04-14T05:00,8.6,52,3.8,9.0,9.0,0.0,89,0.00
2019-04-14T06:00,10.5,56,4.2,61.0,61.0,0.0,87,0.00
2019-04-14T07:00,11.8,57,4.7,182.0,182.0,0.0,83,0.00
2019-04-14T08:00,13.3,42,5.2,423.0,342.0,147.1,77,0.00
2019-04-14T09:00,14.8,37,5.8,673.0,247.0,608.0,71,0.00
2019-04-14T10:00,16.0,25,9.5,826.0,279.0,675.6,68,0.00
2019-04-14T11:00,17.4,30,12.2,868.0,328.0,620.6,68,0.00
2019-04-14T12:00,18.3,18,15.2,839.0,438.0,456.6,67,0.00
2019-04-14T13:00,18.4,30,17.3,821.0,286.0,642.0,67,0.00
2019-04-14T14:00,18.3,15,18.5,701.0,236.0,629.7,65,0.00
2019-04-14T15:00,17.0,14,17.0,548.0,231.0,528.2,66,0.00
2019-04-14T16:00,15.8,17,13.7,361.0,184.0,413.8,63,0.00
2019-04-14T17:00,14.5,13,15.0,147.0,87.0,257.3,66,0.00
2019-04-14T18:00,12.5,5,13.4,0.0,0.0,0.0,68,0.00
2019-04-14T19:00,11.6,0,8.0,0.0,0.0,0.0,68,0.00
2019-04-14T20:00,10.9,1,5.4,0.0,0.0,0.0,68,0.00
2019-04-14T21:00,10.0,0,1.5,0.0,0.0,0.0,68,0.00
2019-04-14T22:00,9.7,0,2.2,0.0,0.0,0.0,71,0.00
2019-04-14T23:00,9.5,0,3.9,0.0,0.0,0.0,73,0.00
2019-04-15T00:00,9.4,0,2.8,0.0,0.0,0.0,74,0.00
2019-04-15T01:00,8.9,0,0.4,0.0,0.0,0.0,75,0.00
2019-04-15T02:00,8.4,5,2.0,0.0,0.0,0.0,77,0.00
2019-04-15T03:00,7.9,1,2.1,0.0,0.0,0.0,77,0.00
2019-04-15T04:00,7.3,2,1.3,0.0,0.0,0.0,78,0.00
2019-04-15T05:00,7.4,0,4.1,12.0,12.0,0.0,76,0.00
2019-04-15T06:00,9.6,0,1.4,137.0,76.0,347.3,76,0.00
2019-04-15T07:00,13.2,12,0.8,313.0,242.0,189.6,67,0.00
2019-04-15T08:00,12.8,1,1.6,523.0,273.0,450.6,57,0.00
2019-04-15T09:00,14.3,3,3.2,657.0,356.0,427.3,52,0.00
2019-04-15T10:00,16.2,19,7.6,811.0,376.0,535.1,43,0.00
2019-04-15T11:00,16.8,3,8.2,869.0,320.0,628.7,45,0.00
2019-04-15T12:00,16.9,12,11.1,769.0,439.0,374.5,44,0.00
2019-04-15T13:00,16.4,93,12.6,202.0,202.0,0.0,45,0.00
2019-04-15T14:00,14.3,95,12.5,76.0,76.0,0.0,55,0.40
2019-04-15T15:00,12.9,86,7.2,90.0,90.0,0.0,68,0.00
2019-04-15T16:00,12.4,89,2.6,36.0,36.0,0.0,73,0.00
2019-04-15T17:00,12.3,58,5.1,110.0,108.0,8.5,78,0.00
2019-04-15T18:00,12.1,78,7.9,0.0,0.0,0.0,81,0.00
2019-04-15T19:00,12.2,92,6.7,0.0,0.0,0.0,80,0.00
2019-04-15T20:00,12.1,86,7.1,0.0,0.0,0.0,83,0.00
2019-04-15T21:00,11.7,81,8.2,0.0,0.0,0.0,89,0.00
2019-04-15T22:00,11.6,59,9.4,0.0,0.0,0.0,88,0.00
2019-04-15T23:00,11.8,82,6.1,0.0,0.0,0.0,87,0.00
2019-04-16T00:00,11.8,69,1.8,0.0,0.0,0.0,86,0.00
2019-04-16T01:00,11.5,69,3.1,0.0,0.0,0.0,87,0.00
2019-04-16T02:00,11.8,59,5.8,0.0,0.0,0.0,86,0.00
2019-04-16T03:00,11.5,61,5.2,0.0,0.0,0.0,86,0.00
2019-04-16T04:00,11.1,13,5.2,0.0,0.0,0.0,85,0.00
2019-04-16T05:00,10.1,15,10.9,13.0,11.0,26.6,82,0.00
2019-04-16T06:00,11.3,8,9.4,146.0,60.0,477.4,81,0.00
2019-04-16T07:00,12.9,12,11.4,357.0,86.0,715.6,75,0.00
2019-04-16T08:00,13.9,14,14.1,458.0,232.0,404.5,71,0.00
2019-04-16T09:00,15.0,30,14.3,602.0,238.0,514.2,64,0.00
2019-04-16T10:00,15.8,19,14.0,755.0,252.0,616.2,59,0.00
2019-04-16T11:00,16.3,15,13.0,916.0,218.0,796.6,56,0.00
2019-04-16T12:00,16.5,11,10.9,926.0,262.0,751.2,54,0.00
2019-04-16T13:00,16.8,10,9.7,853.0,261.0,705.9,52,0.00
2019-04-16T14:00,17.7,8,11.1,690.0,288.0,540.6,53,0.00
2019-04-16T15:00,17.7,0,13.0,494.0,279.0,355.2,55,0.00
2019-04-16T16:00,17.1,0,14.3,322.0,181.0,325.6,56,0.00
2019-04-16T17:00,15.8,0,15.8,150.0,81.0,289.0,58,0.00
2019-04-16T18:00,14.3,5,14.7,0.0,0.0,0.0,63,0.00
2019-04-16T19:00,12.9,6,11.5,0.0,0.0,0.0,68,0.00
2019-04-16T20:00,11.8,5,8.5,0.0,0.0,0.0,74,0.00
2019-04-16T21:00,11.1,11,6.7,0.0,0.0,0.0,76,0.00
2019-04-16T22:00,10.2,3,1.0,0.0,0.0,0.0,82,0.00
2019-04-16T23:00,9.5,1,2.6,0.0,0.0,0.0,85,0.00
2019-04-17T00:00,8.5,4,2.9,0.0,0.0,0.0,88,0.00
2019-04-17T01:00,8.1,11,2.8,0.0,0.0,0.0,86,0.00
2019-04-17T02:00,7.9,11,1.5,0.0,0.0,0.0,86,0.00
2019-04-17T03:00,7.8,16,4.3,0.0,0.0,0.0,88,0.00
2019-04-17T04:00,7.6,25,4.7,0.0,0.0,0.0,91,0.00
2019-04-17T05:00,7.6,20,2.5,14.0,12.0,25.8,92,0.00
2019-04-17T06:00,9.8,22,3.0,149.0,67.0,444.3,93,0.00
2019-04-17T07:00,12.2,23,2.7,349.0,135.0,559.0,83,0.00
2019-04-17T08:00,14.1,13,2.6,555.0,156.0,709.3,73,0.00
2019-04-17T09:00,15.9,3,3.6,739.0,125.0,863.0,67,0.00
2019-04-17T10:00,17.6,0,7.4,868.0,153.0,872.5,61,0.00
2019-04-17T11:00,19.4,0,10.6,938.0,173.0,870.1,56,0.00
2019-04-17T12:00,20.6,0,11.5,945.0,146.0,901.2,51,0.00
2019-04-17T13:00,22.3,0,14.4,888.0,143.0,885.6,45,0.00
2019-04-17T14:00,23.3,0,15.1,760.0,154.0,812.2,39,0.00
2019-04-17T15:00,22.8,0,15.6,587.0,136.0,742.1,40,0.00
2019-04-17T16:00,21.5,0,14.5,387.0,116.0,622.1,42,0.00
2019-04-17T17:00,19.3,0,14.4,159.0,85.0,306.4,49,0.00
2019-04-17T18:00,16.3,14,11.6,0.0,0.0,0.0,61,0.00
2019-04-17T19:00,14.5,15,9.3,0.0,0.0,0.0,72,0.00
2019-04-17T20:00,13.5,8,4.9,0.0,0.0,0.0,76,0.00
2019-04-17T21:00,12.1,2,3.3,0.0,0.0,0.0,85,0.00
2019-04-17T22:00,11.3,8,4.3,0.0,0.0,0.0,85,0.00
2019-04-17T23:00,10.6,13,5.8,0.0,0.0,0.0,87,0.00
2019-04-18T00:00,10.0,0,1.1,0.0,0.0,0.0,89,0.00
2019-04-18T01:00,9.3,13,0.0,0.0,0.0,0.0,93,0.00
2019-04-18T02:00,9.0,11,0.8,0.0,0.0,0.0,91,0.00
2019-04-18T03:00,8.6,15,2.5,0.0,0.0,0.0,91,0.00
2019-04-18T04:00,8.3,24,1.8,0.0,0.0,0.0,90,0.00
2019-04-18T05:00,8.3,19,1.1,16.0,15.0,12.5,91,0.00
2019-04-18T06:00,11.1,16,1.4,150.0,72.0,412.8,92,0.00
2019-04-18T07:00,14.4,16,1.9,357.0,122.0,607.3,80,0.00
2019-04-18T08:00,16.9,1,3.8,556.0,174.0,674.5,66,0.00
2019-04-18T09:00,19.0,1,4.9,734.0,170.0,788.9,60,0.00
2019-04-18T10:00,21.0,0,8.7,864.0,174.0,838.7,54,0.00
2019-04-18T11:00,23.4,0,11.9,934.0,158.0,879.7,50,0.00
2019-04-18T12:00,25.2,1,14.5,934.0,210.0,814.1,46,0.00
2019-04-18T13:00,25.9,0,15.5,840.0,227.0,726.5,47,0.00
2019-04-18T14:00,26.6,0,15.9,751.0,202.0,733.4,45,0.00
2019-04-18T15:00,25.8,0,16.9,525.0,225.0,491.6,47,0.00
2019-04-18T16:00,25.2,16,10.9,378.0,147.0,527.1,47,0.00
2019-04-18T17:00,23.2,16,10.6,155.0,93.0,253.8,55,0.00
2019-04-18T18:00,20.6,18,8.4,0.0,0.0,0.0,63,0.00
2019-04-18T19:00,18.4,17,6.8,0.0,0.0,0.0,72,0.00
2019-04-18T20:00,17.0,17,6.5,0.0,0.0,0.0,77,0.00
2019-04-18T21:00,16.0,17,7.1,0.0,0.0,0.0,79,0.00
2019-04-18T22:00,14.9,17,7.3,0.0,0.0,0.0,81,0.00
2019-04-18T23:00,13.8,17,2.0,0.0,0.0,0.0,82,0.00
2019-04-19T00:00,12.8,17,1.4,0.0,0.0,0.0,85,0.00
2019-04-19T01:00,11.8,18,3.2,0.0,0.0,0.0,90,0.00
2019-04-19T02:00,11.1,18,1.9,0.0,0.0,0.0,88,0.00
2019-04-19T03:00,10.4,18,1.5,0.0,0.0,0.0,89,0.00
2019-04-19T04:00,10.0,19,1.3,0.0,0.0,0.0,88,0.00
2019-04-19T05:00,10.1,16,2.1,17.0,16.0,12.2,90,0.00
2019-04-19T06:00,12.6,16,2.9,145.0,103.0,217.3,91,0.00
2019-04-19T07:00,15.7,16,2.1,345.0,197.0,378.5,76,0.00
2019-04-19T08:00,17.9,16,5.3,555.0,200.0,622.7,66,0.00
2019-04-19T09:00,19.6,15,11.2,728.0,248.0,668.2,66,0.00
2019-04-19T10:00,20.6,16,13.4,850.0,288.0,680.6,65,0.00
2019-04-19T11:00,21.5,16,14.0,913.0,322.0,667.8,61,0.00
2019-04-19T12:00,22.4,0,15.8,928.0,229.0,783.7,60,0.00
2019-04-19T13:00,23.2,17,15.6,848.0,362.0,574.3,56,0.00
2019-04-19T14:00,22.8,15,13.8,751.0,246.0,672.5,58,0.00
2019-04-19T15:00,21.6,15,13.7,583.0,223.0,587.6,61,0.00
2019-04-19T16:00,19.7,15,11.2,372.0,160.0,481.0,65,0.00
2019-04-19T17:00,17.0,20,12.1,156.0,110.0,186.2,73,0.00
2019-04-19T18:00,14.6,37,10.0,0.0,0.0,0.0,80,0.00
2019-04-19T19:00,13.0,45,9.4,0.0,0.0,0.0,83,0.00
2019-04-19T20:00,12.4,59,7.6,0.0,0.0,0.0,83,0.00
2019-04-19T21:00,12.3,54,7.4,0.0,0.0,0.0,85,0.00
2019-04-19T22:00,11.8,73,5.5,0.0,0.0,0.0,84,0.00
2019-04-19T23:00,12.2,81,7.4,0.0,0.0,0.0,85,0.00
2019-04-20T00:00,12.0,52,5.4,0.0,0.0,0.0,85,0.00
2019-04-20T01:00,11.6,50,8.0,0.0,0.0,0.0,88,0.00
2019-04-20T02:00,11.7,75,7.3,0.0,0.0,0.0,87,0.00
2019-04-20T03:00,11.9,86,6.6,0.0,0.0,0.0,87,0.00
2019-04-20T04:00,12.2,75,7.0,0.0,0.0,0.0,87,0.00
2019-04-20T05:00,12.2,61,3.9,16.0,16.0,0.0,86,0.00
2019-04-20T06:00,13.1,72,12.4,55.0,55.0,0.0,83,0.00
2019-04-20T07:00,13.3,91,14.6,68.0,68.0,0.0,82,0.00
2019-04-20T08:00,14.1,64,13.5,210.0,210.0,0.0,80,0.00
2019-04-20T09:00,15.1,65,20.5,440.0,406.0,47.1,76,0.00
2019-04-20T10:00,17.0,65,26.1,733.0,442.0,351.1,67,0.00
2019-04-20T11:00,16.1,43,24.2,775.0,517.0,290.6,71,0.00
2019-04-20T12:00,16.3,29,23.1,920.0,260.0,737.8,68,0.00
2019-04-20T13:00,16.6,38,23.2,879.0,226.0,769.4,62,0.00
2019-04-20T14:00,15.8,37,24.6,750.0,247.0,667.7,66,0.00
2019-04-20T15:00,14.5,52,27.6,524.0,225.0,486.1,71,0.00
2019-04-20T16:00,14.2,56,25.1,400.0,162.0,536.9,68,0.00
2019-04-20T17:00,12.2,37,20.6,150.0,91.0,236.3,80,0.00
2019-04-20T18:00,11.4,49,18.7,0.0,0.0,0.0,76,0.00
2019-04-20T19:00,11.7,51,11.5,0.0,0.0,0.0,73,0.00
2019-04-20T20:00,11.4,57,13.6,0.0,0.0,0.0,77,0.00
2019-04-20T21:00,10.9,43,8.2,0.0,0.0,0.0,79,0.00
2019-04-20T22:00,10.4,48,6.1,0.0,0.0,0.0,78,0.00
2019-04-20T23:00,10.0,45,2.9,0.0,0.0,0.0,78,0.00
2019-04-21T00:00,9.6,30,6.0,0.0,0.0,0.0,81,0.00
2019-04-21T01:00,9.0,21,3.1,0.0,0.0,0.0,82,0.00
2019-04-21T02:00,8.3,19,4.3,0.0,0.0,0.0,85,0.00
2019-04-21T03:00,7.8,19,6.1,0.0,0.0,0.0,86,0.00
2019-04-21T04:00,7.3,19,1.8,0.0,0.0,0.0,86,0.00
2019-04-21T05:00,7.9,3,2.9,18.0,15.0,34.7,87,0.00
2019-04-21T06:00,10.0,5,3.7,163.0,81.0,406.5,87,0.00
2019-04-21T07:00,12.5,16,4.4,374.0,134.0,601.7,78,0.00
2019-04-21T08:00,14.2,1,3.8,571.0,153.0,724.0,70,0.00
2019-04-21T09:00,15.9,0,5.9,743.0,154.0,812.4,64,0.00
2019-04-21T10:00,17.2,0,8.8,885.0,164.0,866.8,59,0.00
2019-04-21T11:00,18.3,0,11.5,955.0,144.0,910.8,56,0.00
2019-04-21T12:00,20.1,0,15.2,958.0,145.0,906.3,53,0.00
2019-04-21T13:00,20.5,0,15.7,895.0,174.0,847.2,51,0.00
2019-04-21T14:00,20.7,0,14.3,781.0,131.0,860.1,47,0.00
2019-04-21T15:00,20.5,0,14.7,615.0,101.0,832.4,46,0.00
2019-04-21T16:00,18.6,2,15.9,409.0,94.0,706.6,51,0.00
2019-04-21T17:00,16.8,1,16.2,175.0,84.0,360.5,57,0.00
2019-04-21T18:00,14.2,27,15.7,0.0,0.0,0.0,71,0.00
2019-04-21T19:00,12.8,19,12.1,0.0,0.0,0.0,72,0.00
2019-04-21T20:00,11.8,14,7.2,0.0,0.0,0.0,76,0.00
2019-04-21T21:00,11.0,13,6.9,0.0,0.0,0.0,81,0.00
2019-04-21T22:00,10.4,18,6.5,0.0,0.0,0.0,83,0.00
2019-04-21T23:00,9.7,11,4.6,0.0,0.0,0.0,84,0.00
2019-04-22T00:00,9.1,11,4.1,0.0,0.0,0.0,88,0.00
2019-04-22T01:00,8.6,17,1.6,0.0,0.0,0.0,89,0.00
2019-04-22T02:00,8.0,11,0.7,0.0,0.0,0.0,91,0.00
2019-04-22T03:00,7.5,17,3.3,0.0,0.0,0.0,90,0.00
2019-04-22T04:00,8.1,18,5.7,0.0,0.0,0.0,86,0.00
2019-04-22T05:00,8.4,16,5.4,23.0,16.0,79.1,89,0.00
2019-04-22T06:00,11.2,18,5.2,175.0,56.0,578.1,91,0.00
2019-04-22T07:00,13.9,16,2.2,374.0,118.0,635.7,83,0.00
2019-04-22T08:00,16.7,0,4.1,594.0,135.0,790.2,68,0.00
2019-04-22T09:00,19.4,0,5.8,767.0,124.0,883.0,50,0.00
2019-04-22T10:00,21.6,0,7.3,898.0,135.0,914.1,39,0.00
2019-04-22T11:00,23.6,0,9.5,964.0,142.0,920.4,32,0.00
2019-04-22T12:00,24.9,0,10.0,960.0,148.0,902.7,31,0.00
2019-04-22T13:00,26.5,0,11.8,901.0,146.0,884.7,28,0.00
2019-04-22T14:00,27.3,0,13.4,784.0,136.0,854.9,27,0.00
2019-04-22T15:00,26.4,0,17.7,611.0,127.0,780.9,31,0.00
2019-04-22T16:00,24.4,0,19.2,401.0,112.0,644.7,36,0.00
2019-04-22T17:00,22.8,0,17.3,177.0,85.0,360.7,44,0.00
2019-04-22T18:00,19.8,0,11.1,0.0,0.0,0.0,52,0.00
2019-04-22T19:00,17.3,3,6.2,0.0,0.0,0.0,56,0.00
2019-04-22T20:00,16.0,3,0.8,0.0,0.0,0.0,56,0.00
2019-04-22T21:00,14.8,9,2.5,0.0,0.0,0.0,59,0.00
2019-04-22T22:00,14.0,15,7.9,0.0,0.0,0.0,66,0.00
2019-04-22T23:00,13.1,14,4.1,0.0,0.0,0.0,71,0.00
2019-04-23T00:00,12.4,15,2.7,0.0,0.0,0.0,81,0.00
2019-04-23T01:00,11.9,11,4.7,0.0,0.0,0.0,81,0.00
2019-04-23T02:00,11.8,16,6.8,0.0,0.0,0.0,85,0.00
2019-04-23T03:00,11.6,8,4.0,0.0,0.0,0.0,79,0.00
2019-04-23T04:00,11.6,18,10.0,0.0,0.0,0.0,83,0.00
2019-04-23T05:00,12.0,10,10.9,26.0,18.0,88.3,82,0.00
2019-04-23T06:00,14.9,0,6.9,170.0,94.0,362.1,80,0.00
2019-04-23T07:00,19.1,5,1.4,382.0,117.0,652.0,64,0.00
2019-04-23T08:00,21.6,0,4.7,585.0,110.0,813.0,52,0.00
2019-04-23T09:00,24.1,0,5.5,757.0,126.0,862.9,42,0.00
2019-04-23T10:00,26.0,0,7.8,883.0,152.0,872.8,31,0.00
2019-04-23T11:00,27.0,0,8.2,939.0,231.0,790.4,30,0.00
2019-04-23T12:00,28.8,0,8.3,948.0,217.0,810.5,28,0.00
2019-04-23T13:00,29.8,0,8.5,878.0,229.0,758.4,26,0.00
2019-04-23T14:00,31.5,0,9.4,741.0,224.0,680.0,25,0.00
2019-04-23T15:00,31.1,0,9.4,591.0,138.0,728.1,29,0.00
2019-04-23T16:00,31.2,0,9.5,379.0,135.0,541.3,28,0.00
2019-04-23T17:00,29.6,0,10.7,163.0,95.0,263.9,32,0.00
2019-04-23T18:00,26.0,4,8.7,0.0,0.0,0.0,40,0.00
2019-04-23T19:00,23.3,1,8.4,0.0,0.0,0.0,45,0.00
2019-04-23T20:00,21.4,10,6.0,0.0,0.0,0.0,49,0.00
2019-04-23T21:00,20.1,4,6.0,0.0,0.0,0.0,50,0.00
2019-04-23T22:00,18.7,10,8.2,0.0,0.0,0.0,54,0.00
2019-04-23T23:00,17.1,10,5.9,0.0,0.0,0.0,60,0.00
2019-04-24T00:00,16.4,7,8.3,0.0,0.0,0.0,65,0.00
2019-04-24T01:00,15.7,6,8.3,0.0,0.0,0.0,69,0.00
2019-04-24T02:00,15.1,17,7.9,0.0,0.0,0.0,69,0.00
2019-04-24T03:00,14.8,10,9.5,0.0,0.0,0.0,76,0.00
2019-04-24T04:00,14.2,22,9.2,0.0,0.0,0.0,84,0.00
2019-04-24T05:00,14.2,17,7.0,27.0,19.0,86.3,85,0.00
2019-04-24T06:00,16.7,16,5.2,175.0,56.0,556.5,77,0.00
2019-04-24T07:00,19.9,0,4.9,382.0,81.0,734.0,65,0.00
2019-04-24T08:00,22.8,0,5.6,580.0,109.0,801.6,55,0.00
2019-04-24T09:00,25.0,0,7.3,749.0,124.0,851.1,50,0.00
2019-04-24T10:00,27.3,0,10.5,875.0,134.0,881.9,45,0.00
2019-04-24T11:00,29.1,0,13.6,940.0,140.0,890.6,43,0.00
2019-04-24T12:00,29.5,0,18.0,938.0,143.0,879.2,44,0.00
2019-04-24T13:00,30.0,0,18.5,875.0,142.0,854.4,41,0.00
2019-04-24T14:00,29.2,0,15.7,757.0,136.0,814.4,42,0.00
2019-04-24T15:00,27.9,0,15.8,592.0,126.0,746.3,43,0.00
2019-04-24T16:00,26.5,0,13.3,389.0,111.0,613.5,44,0.00
2019-04-24T17:00,23.7,0,11.6,174.0,83.0,349.5,48,0.00
2019-04-24T18:00,20.7,8,11.3,0.0,0.0,0.0,52,0.00
2019-04-24T19:00,18.6,18,8.5,0.0,0.0,0.0,56,0.00
2019-04-24T20:00,17.0,17,9.5,0.0,0.0,0.0,62,0.00
2019-04-24T21:00,15.6,11,9.1,0.0,0.0,0.0,73,0.00
2019-04-24T22:00,14.6,12,6.5,0.0,0.0,0.0,79,0.00
2019-04-24T23:00,13.7,10,7.0,0.0,0.0,0.0,84,0.00
2019-04-25T00:00,12.9,12,7.1,0.0,0.0,0.0,89,0.00
2019-04-25T01:00,12.4,16,7.5,0.0,0.0,0.0,90,0.00
2019-04-25T02:00,12.1,17,6.2,0.0,0.0,0.0,90,0.00
2019-04-25T03:00,11.5,20,6.7,0.0,0.0,0.0,92,0.00
2019-04-25T04:00,11.2,23,7.3,0.0,0.0,0.0,91,0.00
2019-04-25T05:00,11.8,18,5.7,29.0,21.0,84.5,87,0.00
2019-04-25T06:00,13.3,19,5.6,184.0,56.0,587.9,85,0.00
2019-04-25T07:00,15.6,19,6.1,379.0,132.0,597.1,75,0.00
2019-04-25T08:00,17.5,17,7.1,601.0,102.0,844.5,71,0.00
2019-04-25T09:00,20.1,16,10.4,751.0,230.0,706.6,65,0.00
2019-04-25T10:00,21.1,1,13.5,859.0,323.0,635.9,69,0.00
2019-04-25T11:00,21.9,17,14.8,908.0,343.0,627.3,67,0.00
2019-04-25T12:00,22.2,17,16.2,938.0,304.0,699.4,63,0.00
2019-04-25T13:00,22.8,17,17.3,857.0,279.0,672.0,62,0.00
2019-04-25T14:00,22.8,17,16.9,750.0,208.0,708.8,63,0.00
2019-04-25T15:00,21.7,11,14.8,613.0,121.0,785.1,65,0.00
2019-04-25T16:00,20.4,21,12.4,403.0,122.0,616.8,67,0.00
2019-04-25T17:00,17.3,17,12.4,183.0,96.0,330.8,74,0.00
2019-04-25T18:00,14.5,26,10.0,0.0,0.0,0.0,79,0.00
2019-04-25T19:00,13.0,20,7.9,0.0,0.0,0.0,84,0.00
2019-04-25T20:00,12.8,26,8.6,0.0,0.0,0.0,88,0.00
2019-04-25T21:00,12.6,19,7.1,0.0,0.0,0.0,88,0.00
2019-04-25T22:00,12.0,21,7.1,0.0,0.0,0.0,90,0.00
2019-04-25T23:00,11.3,34,6.0,0.0,0.0,0.0,92,0.00
2019-04-26T00:00,11.5,20,4.8,0.0,0.0,0.0,89,0.00
2019-04-26T01:00,10.7,51,5.2,0.0,0.0,0.0,89,0.00
2019-04-26T02:00,11.8,53,3.9,0.0,0.0,0.0,89,0.00
2019-04-26T03:00,11.9,47,6.4,0.0,0.0,0.0,92,0.00
2019-04-26T04:00,11.9,55,8.4,0.0,0.0,0.0,92,0.00
2019-04-26T05:00,12.4,51,4.7,14.0,14.0,0.0,91,0.00
2019-04-26T06:00,12.6,54,4.8,111.0,111.0,0.0,89,0.00
2019-04-26T07:00,13.9,37,4.2,280.0,242.0,91.1,87,0.00
2019-04-26T08:00,15.1,17,4.6,563.0,253.0,521.9,84,0.00
2019-04-26T09:00,17.1,16,8.1,761.0,196.0,763.4,76,0.00
2019-04-26T10:00,18.2,16,9.0,898.0,211.0,812.5,71,0.00
2019-04-26T11:00,20.8,1,11.4,941.0,246.0,769.6,64,0.00
2019-04-26T12:00,22.8,1,11.6,934.0,317.0,678.9,56,0.00
2019-04-26T13:00,24.4,11,13.7,900.0,209.0,801.3,50,0.00
2019-04-26T14:00,24.5,14,15.9,776.0,190.0,764.2,53,0.00
2019-04-26T15:00,23.2,16,13.7,591.0,206.0,612.2,57,0.00
2019-04-26T16:00,22.3,0,11.1,390.0,161.0,500.1,58,0.00
2019-04-26T17:00,19.6,0,9.7,178.0,99.0,297.5,65,0.00
2019-04-26T18:00,17.3,16,11.3,0.0,0.0,0.0,70,0.00
2019-04-26T19:00,16.1,14,8.3,0.0,0.0,0.0,73,0.00
2019-04-26T20:00,15.2,14,8.3,0.0,0.0,0.0,79,0.00
2019-04-26T21:00,14.0,13,6.5,0.0,0.0,0.0,84,0.00
2019-04-26T22:00,13.3,17,5.8,0.0,0.0,0.0,84,0.00
2019-04-26T23:00,12.4,19,6.5,0.0,0.0,0.0,87,0.00
2019-04-27T00:00,11.5,19,7.2,0.0,0.0,0.0,89,0.00
2019-04-27T01:00,10.9,18,8.6,0.0,0.0,0.0,89,0.00
2019-04-27T02:00,10.4,19,8.8,0.0,0.0,0.0,90,0.00
2019-04-27T03:00,9.9,29,9.8,0.0,0.0,0.0,91,0.00
2019-04-27T04:00,10.1,39,10.7,0.0,0.0,0.0,90,0.00
2019-04-27T05:00,10.4,27,10.6,32.0,26.0,60.9,91,0.00
2019-04-27T06:00,13.0,41,9.1,184.0,99.0,377.5,86,0.00
2019-04-27T07:00,15.1,40,7.6,294.0,282.0,28.5,78,0.00
2019-04-27T08:00,16.1,17,6.4,468.0,315.0,256.2,76,0.00
2019-04-27T09:00,17.7,19,5.1,724.0,250.0,638.0,70,0.00
2019-04-27T10:00,19.0,18,7.1,820.0,349.0,555.4,68,0.00
2019-04-27T11:00,20.8,18,10.8,894.0,383.0,564.4,63,0.00
2019-04-27T12:00,22.0,17,13.0,928.0,311.0,677.3,59,0.00
2019-04-27T13:00,21.9,47,11.5,859.0,282.0,667.5,58,0.00
2019-04-27T14:00,20.7,89,7.4,798.0,255.0,706.2,58,0.00
2019-04-27T15:00,21.1,85,8.7,618.0,186.0,684.5,54,0.00
2019-04-27T16:00,19.7,19,4.1,341.0,309.0,69.5,56,0.00
2019-04-27T17:00,18.8,16,5.2,183.0,117.0,246.1,58,0.00
2019-04-27T18:00,16.2,20,6.6,0.0,0.0,0.0,65,0.00
2019-04-27T19:00,14.4,23,5.9,0.0,0.0,0.0,74,0.00
2019-04-27T20:00,13.3,25,5.5,0.0,0.0,0.0,78,0.00
2019-04-27T21:00,12.3,25,2.7,0.0,0.0,0.0,82,0.00
2019-04-27T22:00,11.5,22,4.0,0.0,0.0,0.0,82,0.00
2019-04-27T23:00,10.8,31,5.7,0.0,0.0,0.0,85,0.00
2019-04-28T00:00,10.3,45,5.9,0.0,0.0,0.0,86,0.00
2019-04-28T01:00,10.0,57,5.1,0.0,0.0,0.0,85,0.00
2019-04-28T02:00,11.4,71,2.6,0.0,0.0,0.0,83,0.00
2019-04-28T03:00,11.8,68,4.3,0.0,0.0,0.0,80,0.00
2019-04-28T04:00,11.7,76,4.8,0.0,0.0,0.0,81,0.00
2019-04-28T05:00,11.3,67,1.5,17.0,17.0,0.0,83,0.00
2019-04-28T06:00,11.8,63,5.7,180.0,93.0,380.3,79,0.00
2019-04-28T07:00,13.0,50,3.9,384.0,172.0,500.2,76,0.00
2019-04-28T08:00,13.4,12,6.6,463.0,310.0,255.0,76,0.00
2019-04-28T09:00,15.0,8,7.0,715.0,289.0,571.3,71,0.00
2019-04-28T10:00,16.1,8,8.4,813.0,348.0,546.7,67,0.00
2019-04-28T11:00,18.1,8,10.7,942.0,185.0,834.1,59,0.00
2019-04-28T12:00,19.5,10,15.8,919.0,286.0,693.3,60,0.00
2019-04-28T13:00,19.9,10,16.2,845.0,264.0,670.6,59,0.00
2019-04-28T14:00,19.8,12,14.2,733.0,289.0,575.9,59,0.00
2019-04-28T15:00,19.6,8,12.3,596.0,204.0,619.0,59,0.00
2019-04-28T16:00,18.5,14,7.4,370.0,172.0,428.0,60,0.00
2019-04-28T17:00,16.9,15,9.9,156.0,126.0,110.8,65,0.00
2019-04-28T18:00,14.7,35,7.6,0.0,0.0,0.0,71,0.00
2019-04-28T19:00,13.7,31,4.1,0.0,0.0,0.0,73,0.00
2019-04-28T20:00,13.1,33,4.9,0.0,0.0,0.0,74,0.00
2019-04-28T21:00,12.3,24,5.4,0.0,0.0,0.0,79,0.00
2019-04-28T22:00,11.9,63,4.1,0.0,0.0,0.0,80,0.00
2019-04-28T23:00,12.0,70,0.7,0.0,0.0,0.0,77,0.00
2019-04-29T00:00,12.1,70,2.5,0.0,0.0,0.0,76,0.00
2019-04-29T01:00,12.1,56,4.2,0.0,0.0,0.0,76,0.00
2019-04-29T02:00,12.1,56,3.6,0.0,0.0,0.0,75,0.00
2019-04-29T03:00,11.6,53,5.1,0.0,0.0,0.0,79,0.00
2019-04-29T04:00,11.3,47,4.1,0.0,0.0,0.0,80,0.00
2019-04-29T05:00,11.1,18,1.8,32.0,26.0,58.7,80,0.00
2019-04-29T06:00,12.3,42,3.3,187.0,75.0,482.2,74,0.00
2019-04-29T07:00,13.9,32,6.0,328.0,131.0,461.4,68,0.00
2019-04-29T08:00,15.3,20,7.1,547.0,202.0,572.2,65,0.00
2019-04-29T09:00,16.7,20,3.2,710.0,263.0,597.4,60,0.00
2019-04-29T10:00,17.9,19,6.7,828.0,358.0,551.1,55,0.00
2019-04-29T11:00,18.4,8,9.4,850.0,492.0,393.5,54,0.00
2019-04-29T12:00,19.0,3,9.8,906.0,402.0,550.8,54,0.00
2019-04-29T13:00,19.7,2,8.3,843.0,396.0,514.7,52,0.00
2019-04-29T14:00,20.4,2,10.2,721.0,354.0,474.8,51,0.00
2019-04-29T15:00,20.4,3,12.3,538.0,263.0,432.8,52,0.00
2019-04-29T16:00,19.1,4,13.5,390.0,143.0,531.3,55,0.00
2019-04-29T17:00,18.2,3,11.3,186.0,90.0,351.3,57,0.00
2019-04-29T18:00,16.0,18,8.2,0.0,0.0,0.0,62,0.00
2019-04-29T19:00,14.9,20,3.3,0.0,0.0,0.0,65,0.00
2019-04-29T20:00,14.1,18,2.5,0.0,0.0,0.0,67,0.00
2019-04-29T21:00,13.3,22,1.8,0.0,0.0,0.0,69,0.00
2019-04-29T22:00,12.7,36,1.1,0.0,0.0,0.0,72,0.00
2019-04-29T23:00,12.1,39,2.6,0.0,0.0,0.0,75,0.00
2019-04-30T00:00,11.3,35,4.3,0.0,0.0,0.0,78,0.00
2019-04-30T01:00,10.9,34,8.4,0.0,0.0,0.0,81,0.00
2019-04-30T02:00,10.6,45,8.4,0.0,0.0,0.0,83,0.00
2019-04-30T03:00,10.4,63,4.8,0.0,0.0,0.0,83,0.00
2019-04-30T04:00,11.2,69,3.6,0.0,0.0,0.0,83,0.00
2019-04-30T05:00,12.2,31,6.3,26.0,23.0,28.8,78,0.00
2019-04-30T06:00,13.9,43,10.2,155.0,116.0,165.5,74,0.00
2019-04-30T07:00,14.9,44,7.4,307.0,242.0,151.1,66,0.00
2019-04-30T08:00,16.6,21,11.8,495.0,357.0,227.8,60,0.00
2019-04-30T09:00,17.5,15,12.4,769.0,207.0,748.5,56,0.00
2019-04-30T10:00,18.8,15,13.5,888.0,205.0,798.7,51,0.00
2019-04-30T11:00,19.7,16,14.8,960.0,171.0,865.2,50,0.00
2019-04-30T12:00,19.8,16,17.9,958.0,259.0,762.2,50,0.00
2019-04-30T13:00,19.6,14,17.7,910.0,188.0,829.5,48,0.00
2019-04-30T14:00,18.9,16,13.7,804.0,156.0,836.1,48,0.00
2019-04-30T15:00,18.1,15,11.7,626.0,146.0,752.9,50,0.00
2019-04-30T16:00,16.9,16,10.3,405.0,163.0,518.0,53,0.00
2019-04-30T17:00,15.6,11,7.4,172.0,90.0,297.3,60,0.00
2019-04-30T18:00,13.8,10,5.7,0.0,0.0,0.0,67,0.00
2019-04-30T19:00,12.9,11,6.6,0.0,0.0,0.0,71,0.00
2019-04-30T20:00,12.3,5,5.9,0.0,0.0,0.0,74,0.00
2019-04-30T21:00,11.8,1,4.6,0.0,0.0,0.0,75,0.00
2019-04-30T22:00,10.9,0,1.4,0.0,0.0,0.0,79,0.00
2019-04-30T23:00,10.1,2,3.3,0.0,0.0,0.0,81,0.00
2019-05-01T00:00,9.5,1,4.1,0.0,0.0,0.0,83,0.00
2019-05-01T01:00,8.7,0,1.8,0.0,0.0,0.0,86,0.00
2019-05-01T02:00,8.2,0,2.1,0.0,0.0,0.0,86,0.00
2019-05-01T03:00,7.7,11,2.0,0.0,0.0,0.0,87,0.00
2019-05-01T04:00,7.3,3,5.0,0.0,0.0,0.0,87,0.00
2019-05-01T05:00,8.3,4,6.9,40.0,26.0,132.4,85,0.00
2019-05-01T06:00,11.0,7,5.1,203.0,79.0,518.8,81,0.00
2019-05-01T07:00,13.6,1,7.7,411.0,137.0,632.5,70,0.00
2019-05-01T08:00,15.0,0,6.2,625.0,123.0,824.9,66,0.00
2019-05-01T09:00,16.8,0,5.4,779.0,193.0,777.9,60,0.00
2019-05-01T10:00,18.3,0,9.8,920.0,137.0,913.2,54,0.00
2019-05-01T11:00,19.7,0,11.2,991.0,147.0,923.4,48,0.00
2019-05-01T12:00,21.6,0,12.7,997.0,167.0,903.1,39,0.00
2019-05-01T13:00,22.8,0,14.1,914.0,306.0,697.0,32,0.00
2019-05-01T14:00,23.9,0,15.2,796.0,306.0,630.6,28,0.00
2019-05-01T15:00,23.0,0,18.0,635.0,163.0,737.9,32,0.00
2019-05-01T16:00,21.6,0,14.2,430.0,121.0,658.1,37,0.00
2019-05-01T17:00,19.5,0,12.5,205.0,92.0,406.0,45,0.00
2019-05-01T18:00,17.1,10,12.2,0.0,0.0,0.0,50,0.00
2019-05-01T19:00,15.5,9,7.3,0.0,0.0,0.0,60,0.00
2019-05-01T20:00,14.1,5,1.5,0.0,0.0,0.0,68,0.00
2019-05-01T21:00,13.1,9,1.8,0.0,0.0,0.0,75,0.00
2019-05-01T22:00,12.3,16,2.4,0.0,0.0,0.0,79,0.00
2019-05-01T23:00,11.4,15,2.5,0.0,0.0,0.0,80,0.00
2019-05-02T00:00,10.6,12,3.1,0.0,0.0,0.0,82,0.00
2019-05-02T01:00,9.7,11,3.1,0.0,0.0,0.0,84,0.00
2019-05-02T02:00,9.2,7,1.4,0.0,0.0,0.0,83,0.00
2019-05-02T03:00,8.5,11,1.1,0.0,0.0,0.0,86,0.00
2019-05-02T04:00,8.1,17,3.0,0.0,0.0,0.0,89,0.00
2019-05-02T05:00,8.8,7,5.8,40.0,22.0,167.5,89,0.00
2019-05-02T06:00,11.5,11,3.6,203.0,99.0,429.2,85,0.00
2019-05-02T07:00,14.0,0,3.6,435.0,117.0,729.1,78,0.00
2019-05-02T08:00,15.9,0,5.0,633.0,104.0,865.4,68,0.00
2019-05-02T09:00,17.8,0,6.5,789.0,203.0,775.4,58,0.00
2019-05-02T10:00,19.4,0,9.0,928.0,134.0,923.6,45,0.00
2019-05-02T11:00,22.5,0,13.0,994.0,140.0,932.3,34,0.00
2019-05-02T12:00,23.7,0,15.3,996.0,142.0,927.3,33,0.00
2019-05-02T13:00,24.0,0,15.2,935.0,141.0,908.2,31,0.00
2019-05-02T14:00,23.9,0,14.5,798.0,231.0,727.9,30,0.00
2019-05-02T15:00,23.4,0,14.8,640.0,138.0,782.3,29,0.00
2019-05-02T16:00,22.2,0,13.4,419.0,184.0,498.1,30,0.00
2019-05-02T17:00,19.7,0,13.7,207.0,110.0,345.4,39,0.00
2019-05-02T18:00,16.8,0,10.2,0.0,0.0,0.0,51,0.00
2019-05-02T19:00,14.8,0,7.2,0.0,0.0,0.0,60,0.00
2019-05-02T20:00,13.1,0,3.6,0.0,0.0,0.0,66,0.00
2019-05-02T21:00,11.7,11,2.3,0.0,0.0,0.0,73,0.00
2019-05-02T22:00,10.9,1,1.5,0.0,0.0,0.0,75,0.00
2019-05-02T23:00,10.1,20,3.1,0.0,0.0,0.0,78,0.00
2019-05-03T00:00,9.2,3,1.4,0.0,0.0,0.0,80,0.00
2019-05-03T01:00,8.5,1,2.0,0.0,0.0,0.0,82,0.00
2019-05-03T02:00,8.1,3,3.2,0.0,0.0,0.0,83,0.00
2019-05-03T03:00,7.8,6,6.5,0.0,0.0,0.0,88,0.00
2019-05-03T04:00,7.9,9,4.7,0.0,0.0,0.0,87,0.00
2019-05-03T05:00,9.0,17,4.2,37.0,32.0,45.8,86,0.00
2019-05-03T06:00,11.3,20,3.0,199.0,141.0,236.2,86,0.00
2019-05-03T07:00,13.5,18,4.7,412.0,217.0,444.1,74,0.00
2019-05-03T08:00,15.6,2,7.7,595.0,197.0,648.3,70,0.00
2019-05-03T09:00,17.3,0,8.1,780.0,244.0,707.1,63,0.00
2019-05-03T10:00,18.7,0,9.8,911.0,250.0,767.0,57,0.00
2019-05-03T11:00,21.2,0,13.0,988.0,177.0,883.5,52,0.00
2019-05-03T12:00,22.3,0,16.4,994.0,140.0,925.4,49,0.00
2019-05-03T13:00,22.7,0,18.4,931.0,149.0,892.6,46,0.00
2019-05-03T14:00,22.8,1,15.8,810.0,137.0,861.8,41,0.00
2019-05-03T15:00,22.5,0,14.4,642.0,130.0,795.3,39,0.00
2019-05-03T16:00,20.7,0,13.7,437.0,114.0,681.4,44,0.00
2019-05-03T17:00,18.3,5,13.1,214.0,88.0,444.7,50,0.00
2019-05-03T18:00,15.4,13,9.5,0.0,0.0,0.0,64,0.00
2019-05-03T19:00,13.4,18,7.6,0.0,0.0,0.0,74,0.00
2019-05-03T20:00,12.3,12,6.2,0.0,0.0,0.0,80,0.00
2019-05-03T21:00,11.3,12,7.1,0.0,0.0,0.0,84,0.00
2019-05-03T22:00,10.6,15,7.4,0.0,0.0,0.0,86,0.00
2019-05-03T23:00,9.7,20,5.9,0.0,0.0,0.0,88,0.00
2019-05-04T00:00,9.1,28,4.0,0.0,0.0,0.0,91,0.00
2019-05-04T01:00,8.9,26,5.2,0.0,0.0,0.0,90,0.00
2019-05-04T02:00,8.5,37,3.4,0.0,0.0,0.0,91,0.00
2019-05-04T03:00,9.3,64,3.7,0.0,0.0,0.0,91,0.00
2019-05-04T04:00,9.9,62,6.6,0.0,0.0,0.0,91,0.00
2019-05-04T05:00,10.7,57,5.6,20.0,20.0,0.0,86,0.00
2019-05-04T06:00,10.9,69,3.5,154.0,134.0,80.4,85,0.00
2019-05-04T07:00,12.0,62,3.6,306.0,295.0,24.9,80,0.00
2019-05-04T08:00,13.0,20,6.6,453.0,355.0,159.0,79,0.00
2019-05-04T09:00,14.8,2,9.2,709.0,255.0,597.1,72,0.00
2019-05-04T10:00,16.9,9,11.5,902.0,210.0,801.0,66,0.00
2019-05-04T11:00,18.3,2,14.2,958.0,306.0,708.8,65,0.00
2019-05-04T12:00,19.3,1,14.8,955.0,249.0,763.5,61,0.00
2019-05-04T13:00,19.9,1,14.8,905.0,198.0,805.3,59,0.00
2019-05-04T14:00,20.1,9,15.3,823.0,148.0,862.3,57,0.00
2019-05-04T15:00,19.3,12,13.9,640.0,125.0,797.5,61,0.00
2019-05-04T16:00,18.7,20,12.1,441.0,109.0,697.0,57,0.00
2019-05-04T17:00,15.8,16,11.3,211.0,90.0,423.3,70,0.00
2019-05-04T18:00,13.5,17,10.1,0.0,0.0,0.0,75,0.00
2019-05-04T19:00,12.3,23,9.3,0.0,0.0,0.0,77,0.00
2019-05-04T20:00,11.5,23,6.8,0.0,0.0,0.0,79,0.00
2019-05-04T21:00,11.0,23,3.9,0.0,0.0,0.0,80,0.00
2019-05-04T22:00,10.4,25,0.8,0.0,0.0,0.0,84,0.00
2019-05-04T23:00,10.0,58,3.1,0.0,0.0,0.0,85,0.00
2019-05-05T00:00,10.2,59,6.2,0.0,0.0,0.0,86,0.00
2019-05-05T01:00,10.7,76,4.0,0.0,0.0,0.0,81,0.00
2019-05-05T02:00,10.7,82,3.1,0.0,0.0,0.0,80,0.00
2019-05-05T03:00,11.1,86,3.8,0.0,0.0,0.0,78,0.00
2019-05-05T04:00,10.9,88,3.3,0.0,0.0,0.0,77,0.00
2019-05-05T05:00,11.0,86,1.6,36.0,31.0,44.5,75,0.00
2019-05-05T06:00,11.7,85,3.1,94.0,94.0,0.0,71,0.00
2019-05-05T07:00,12.3,77,2.2,324.0,246.0,175.4,69,0.00
2019-05-05T08:00,13.6,39,1.5,529.0,347.0,294.0,65,0.00
2019-05-05T09:00,15.2,32,2.3,746.0,303.0,580.9,60,0.00
2019-05-05T10:00,16.6,18,8.7,859.0,290.0,657.1,55,0.00
2019-05-05T11:00,17.1,17,8.8,962.0,206.0,820.1,54,0.00
2019-05-05T12:00,18.0,20,12.7,940.0,286.0,705.9,53,0.00
2019-05-05T13:00,18.4,21,13.7,875.0,357.0,588.8,53,0.00
2019-05-05T14:00,18.1,19,11.9,779.0,210.0,725.1,54,0.00
2019-05-05T15:00,17.4,32,10.8,558.0,358.0,308.7,56,0.00
2019-05-05T16:00,16.9,29,8.3,329.0,237.0,192.3,57,0.00
2019-05-05T17:00,15.6,29,7.7,194.0,124.0,242.8,63,0.00
2019-05-05T18:00,14.2,44,7.0,0.0,0.0,0.0,67,0.00
2019-05-05T19:00,13.6,76,2.3,0.0,0.0,0.0,68,0.00
2019-05-05T20:00,12.9,26,7.4,0.0,0.0,0.0,71,0.00
2019-05-05T21:00,12.6,29,5.4,0.0,0.0,0.0,72,0.00
2019-05-05T22:00,12.2,38,5.1,0.0,0.0,0.0,72,0.00
2019-05-05T23:00,12.1,59,6.6,0.0,0.0,0.0,78,0.00
2019-05-06T00:00,12.0,62,5.4,0.0,0.0,0.0,80,0.00
2019-05-06T01:00,11.5,64,5.2,0.0,0.0,0.0,83,0.00
2019-05-06T02:00,11.4,49,3.1,0.0,0.0,0.0,84,0.00
2019-05-06T03:00,11.5,71,5.9,0.0,0.0,0.0,86,0.00
2019-05-06T04:00,11.9,59,6.5,0.0,0.0,0.0,84,0.00
2019-05-06T05:00,12.0,74,6.1,37.0,33.0,35.1,84,0.00
2019-05-06T06:00,12.8,80,2.4,46.0,46.0,0.0,81,0.00
2019-05-06T07:00,13.7,82,6.2,262.0,261.0,2.2,76,0.00
2019-05-06T08:00,14.5,83,6.8,476.0,460.0,25.7,70,0.00
2019-05-06T09:00,16.0,77,10.4,508.0,507.0,1.3,66,0.00
2019-05-06T10:00,16.6,76,10.1,721.0,687.0,39.2,62,0.00
2019-05-06T11:00,17.2,70,12.6,827.0,662.0,178.6,64,0.00
2019-05-06T12:00,17.3,60,11.5,691.0,688.0,3.2,64,0.00
2019-05-06T13:00,18.2,64,15.1,718.0,694.0,27.2,63,0.00
2019-05-06T14:00,18.7,56,17.0,669.0,456.0,270.8,62,0.00
2019-05-06T15:00,17.8,43,17.7,548.0,353.0,300.1,62,0.00
2019-05-06T16:00,16.8,30,16.4,342.0,207.0,280.8,63,0.00
2019-05-06T17:00,15.6,41,15.6,167.0,126.0,141.0,66,0.00
2019-05-06T18:00,14.2,39,11.5,0.0,0.0,0.0,71,0.00
2019-05-06T19:00,13.3,48,4.6,0.0,0.0,0.0,73,0.00
2019-05-06T20:00,13.1,62,3.6,0.0,0.0,0.0,76,0.00
2019-05-06T21:00,13.0,79,2.3,0.0,0.0,0.0,77,0.00
2019-05-06T22:00,12.8,77,0.8,0.0,0.0,0.0,78,0.00
2019-05-06T23:00,12.8,82,4.1,0.0,0.0,0.0,77,0.00
2019-05-07T00:00,12.7,82,3.6,0.0,0.0,0.0,77,0.00
2019-05-07T01:00,12.6,76,3.3,0.0,0.0,0.0,78,0.00
2019-05-07T02:00,12.5,86,1.3,0.0,0.0,0.0,78,0.00
2019-05-07T03:00,12.3,84,2.3,0.0,0.0,0.0,79,0.00
2019-05-07T04:00,12.6,84,4.2,0.0,0.0,0.0,79,0.00
2019-05-07T05:00,12.3,71,3.3,19.0,19.0,0.0,81,0.00
2019-05-07T06:00,14.0,82,0.7,156.0,133.0,89.2,78,0.00
2019-05-07T07:00,14.0,73,1.3,318.0,194.0,275.5,74,0.00
2019-05-07T08:00,15.0,66,5.0,380.0,357.0,36.9,70,0.00
2019-05-07T09:00,15.8,53,7.6,635.0,538.0,126.5,68,0.00
2019-05-07T10:00,16.9,46,8.6,792.0,369.0,486.3,67,0.00
2019-05-07T11:00,18.3,37,12.2,844.0,331.0,554.4,67,0.00
2019-05-07T12:00,19.3,28,11.9,841.0,434.0,437.7,63,0.00
2019-05-07T13:00,19.7,27,12.7,772.0,435.0,381.6,62,0.00
2019-05-07T14:00,19.1,26,10.4,742.0,298.0,563.2,64,0.00
2019-05-07T15:00,18.5,21,7.9,542.0,277.0,406.6,63,0.00
2019-05-07T16:00,18.4,26,7.6,364.0,159.0,424.5,63,0.00
2019-05-07T17:00,16.8,18,6.4,217.0,91.0,429.7,68,0.00
2019-05-07T18:00,15.0,25,5.5,0.0,0.0,0.0,74,0.00
2019-05-07T19:00,14.0,20,5.1,0.0,0.0,0.0,75,0.00
2019-05-07T20:00,13.4,29,4.3,0.0,0.0,0.0,77,0.00
2019-05-07T21:00,12.8,44,4.0,0.0,0.0,0.0,81,0.00
2019-05-07T22:00,12.7,70,5.2,0.0,0.0,0.0,82,0.00
2019-05-07T23:00,12.8,89,4.7,0.0,0.0,0.0,81,0.00
2019-05-08T00:00,12.9,83,2.6,0.0,0.0,0.0,80,0.00
2019-05-08T01:00,12.4,78,2.9,0.0,0.0,0.0,82,0.00
2019-05-08T02:00,12.6,84,3.2,0.0,0.0,0.0,81,0.00
2019-05-08T03:00,12.7,84,2.7,0.0,0.0,0.0,81,0.00
2019-05-08T04:00,12.5,84,1.9,0.0,0.0,0.0,84,0.00
2019-05-08T05:00,12.5,45,2.5,18.0,18.0,0.0,84,0.00
2019-05-08T06:00,13.1,82,3.1,148.0,123.0,95.9,80,0.00
2019-05-08T07:00,13.8,79,2.9,310.0,203.0,236.4,78,0.00
2019-05-08T08:00,14.6,79,5.9,453.0,314.0,222.0,76,0.00
2019-05-08T09:00,15.8,45,9.2,607.0,462.0,188.6,73,0.00
2019-05-08T10:00,16.9,20,9.7,683.0,505.0,204.2,75,0.00
2019-05-08T11:00,18.9,22,11.2,887.0,384.0,542.6,67,0.00
2019-05-08T12:00,20.6,24,15.3,936.0,205.0,784.7,64,0.00
2019-05-08T13:00,20.8,27,17.6,854.0,243.0,690.5,64,0.00
2019-05-08T14:00,20.5,24,15.4,675.0,257.0,529.1,66,0.00
2019-05-08T15:00,18.9,24,16.2,562.0,271.0,445.1,71,0.00
2019-05-08T16:00,18.4,25,13.7,393.0,149.0,503.0,71,0.00
2019-05-08T17:00,16.6,7,11.5,188.0,101.0,294.3,75,0.00
2019-05-08T18:00,14.9,23,9.2,0.0,0.0,0.0,79,0.00
2019-05-08T19:00,14.3,24,6.2,0.0,0.0,0.0,80,0.00
2019-05-08T20:00,13.7,30,5.4,0.0,0.0,0.0,83,0.00
2019-05-08T21:00,13.1,47,4.7,0.0,0.0,0.0,87,0.00
2019-05-08T22:00,13.1,68,4.3,0.0,0.0,0.0,88,0.00
2019-05-08T23:00,13.1,72,2.6,0.0,0.0,0.0,88,0.00
2019-05-09T00:00,13.2,68,4.9,0.0,0.0,0.0,88,0.00
2019-05-09T01:00,13.2,78,5.1,0.0,0.0,0.0,86,0.00
2019-05-09T02:00,13.3,79,5.1,0.0,0.0,0.0,85,0.00
2019-05-09T03:00,12.9,81,4.2,0.0,0.0,0.0,86,0.00
2019-05-09T04:00,12.7,81,3.4,0.0,0.0,0.0,87,0.00
2019-05-09T05:00,13.0,19,3.3,27.0,27.0,0.0,85,0.00
2019-05-09T06:00,13.6,80,2.5,175.0,125.0,189.8,81,0.00
2019-05-09T07:00,14.4,77,1.4,104.0,104.0,0.0,78,0.00
2019-05-09T08:00,15.4,81,2.8,156.0,156.0,0.0,75,0.00
2019-05-09T09:00,16.1,82,3.8,341.0,341.0,0.0,72,0.00
2019-05-09T10:00,17.0,78,5.4,616.0,613.0,3.4,70,0.00
2019-05-09T11:00,17.7,77,7.0,304.0,304.0,0.0,68,0.00
2019-05-09T12:00,18.4,62,6.9,453.0,453.0,0.0,67,0.00
2019-05-09T13:00,18.9,57,9.6,342.0,342.0,0.0,67,0.00
2019-05-09T14:00,19.2,38,7.7,450.0,450.0,0.0,62,0.00
2019-05-09T15:00,19.3,30,8.4,445.0,350.0,144.9,63,0.00
2019-05-09T16:00,18.7,52,11.6,341.0,182.0,326.4,66,0.00
2019-05-09T17:00,17.3,71,9.0,146.0,132.0,47.0,70,0.00
2019-05-09T18:00,15.7,71,6.6,1.0,1.0,0.0,74,0.00
2019-05-09T19:00,14.9,81,5.8,0.0,0.0,0.0,77,0.00
2019-05-09T20:00,14.4,75,5.6,0.0,0.0,0.0,78,0.00
2019-05-09T21:00,14.4,82,5.0,0.0,0.0,0.0,79,0.00
2019-05-09T22:00,14.3,78,4.5,0.0,0.0,0.0,78,0.00
2019-05-09T23:00,14.1,82,6.2,0.0,0.0,0.0,78,0.00
2019-05-10T00:00,13.7,76,8.0,0.0,0.0,0.0,80,0.00
2019-05-10T01:00,13.5,86,9.4,0.0,0.0,0.0,81,0.00
2019-05-10T02:00,13.4,88,9.2,0.0,0.0,0.0,81,0.00
2019-05-10T03:00,13.2,86,11.5,0.0,0.0,0.0,83,0.00
2019-05-10T04:00,12.7,87,10.7,0.0,0.0,0.0,83,0.00
2019-05-10T05:00,12.8,85,5.1,24.0,24.0,0.0,84,0.00
2019-05-10T06:00,13.3,77,6.7,160.0,116.0,165.3,81,0.00
2019-05-10T07:00,14.3,51,6.6,346.0,268.0,170.4,77,0.00
2019-05-10T08:00,15.7,26,8.7,520.0,328.0,304.5,73,0.00
2019-05-10T09:00,17.4,22,9.9,802.0,224.0,747.9,65,0.00
2019-05-10T10:00,19.9,18,12.2,937.0,139.0,911.9,58,0.00
2019-05-10T11:00,21.2,17,12.2,989.0,142.0,910.4,55,0.00
2019-05-10T12:00,22.6,13,13.7,968.0,203.0,818.4,52,0.00
2019-05-10T13:00,22.9,1,13.8,914.0,157.0,852.4,53,0.00
2019-05-10T14:00,22.3,0,11.7,720.0,269.0,568.3,54,0.00
2019-05-10T15:00,22.5,0,12.8,620.0,165.0,692.0,54,0.00
2019-05-10T16:00,20.9,3,13.0,404.0,153.0,513.0,57,0.00
2019-05-10T17:00,19.4,3,9.9,217.0,91.0,419.4,60,0.00
2019-05-10T18:00,16.9,4,11.0,17.0,17.0,0.0,67,0.00
2019-05-10T19:00,15.4,11,6.2,0.0,0.0,0.0,72,0.00
2019-05-10T20:00,14.6,3,7.0,0.0,0.0,0.0,76,0.00
2019-05-10T21:00,13.9,2,6.6,0.0,0.0,0.0,81,0.00
2019-05-10T22:00,13.1,2,5.9,0.0,0.0,0.0,84,0.00
2019-05-10T23:00,12.4,5,7.8,0.0,0.0,0.0,89,0.00
2019-05-11T00:00,11.7,20,7.9,0.0,0.0,0.0,93,0.00
2019-05-11T01:00,11.5,40,8.0,0.0,0.0,0.0,91,0.00
2019-05-11T02:00,11.6,64,6.8,0.0,0.0,0.0,91,0.00
2019-05-11T03:00,12.6,69,5.2,0.0,0.0,0.0,88,0.00
2019-05-11T04:00,13.1,74,3.4,0.0,0.0,0.0,85,0.00
2019-05-11T05:00,13.2,76,2.9,29.0,29.0,0.0,83,0.00
2019-05-11T06:00,13.5,75,4.7,80.0,80.0,0.0,82,0.00
2019-05-11T07:00,14.5,67,6.6,182.0,183.0,0.0,81,0.00
2019-05-11T08:00,14.9,38,7.9,442.0,435.0,11.1,79,0.00
2019-05-11T09:00,16.8,17,10.9,683.0,313.0,477.6,75,0.00
2019-05-11T10:00,18.3,4,13.2,884.0,231.0,744.8,71,0.00
2019-05-11T11:00,19.4,3,16.2,953.0,226.0,780.1,70,0.00
2019-05-11T12:00,20.4,3,17.4,910.0,345.0,603.4,66,0.00
2019-05-11T13:00,20.8,10,18.9,886.0,317.0,639.6,65,0.00
2019-05-11T14:00,20.6,10,17.5,767.0,216.0,692.9,67,0.00
2019-05-11T15:00,20.2,14,16.2,602.0,207.0,599.1,66,0.00
2019-05-11T16:00,19.4,15,15.0,412.0,155.0,523.0,66,0.00
2019-05-11T17:00,17.1,19,15.3,221.0,93.0,422.8,72,0.00
2019-05-11T18:00,14.8,27,11.2,20.0,18.0,14.4,78,0.00
2019-05-11T19:00,13.5,30,10.1,0.0,0.0,0.0,81,0.00
2019-05-11T20:00,13.1,35,7.6,0.0,0.0,0.0,82,0.00
2019-05-11T21:00,12.9,32,5.8,0.0,0.0,0.0,83,0.00
2019-05-11T22:00,12.4,49,5.1,0.0,0.0,0.0,85,0.00
2019-05-11T23:00,12.5,61,7.3,0.0,0.0,0.0,85,0.00
2019-05-12T00:00,12.3,70,8.0,0.0,0.0,0.0,85,0.00
2019-05-12T01:00,12.3,82,6.9,0.0,0.0,0.0,84,0.00
2019-05-12T02:00,12.2,72,7.2,0.0,0.0,0.0,84,0.00
2019-05-12T03:00,12.2,83,5.4,0.0,0.0,0.0,83,0.00
2019-05-12T04:00,12.3,81,6.8,0.0,0.0,0.0,83,0.00
2019-05-12T05:00,12.5,79,4.5,30.0,29.0,8.2,81,0.00
2019-05-12T06:00,13.0,78,6.4,132.0,124.0,29.5,79,0.00
2019-05-12T07:00,13.9,74,7.4,310.0,245.0,140.6,78,0.00
2019-05-12T08:00,15.6,53,11.3,451.0,344.0,168.6,75,0.00
2019-05-12T09:00,16.5,29,11.2,734.0,347.0,498.4,70,0.00
2019-05-12T10:00,17.8,19,11.2,895.0,197.0,794.6,66,0.00
2019-05-12T11:00,18.8,12,12.4,976.0,169.0,864.6,64,0.00
2019-05-12T12:00,19.6,11,11.5,979.0,207.0,823.2,61,0.00
2019-05-12T13:00,20.7,11,14.5,889.0,254.0,712.5,60,0.00
2019-05-12T14:00,20.6,10,13.0,807.0,163.0,808.2,60,0.00
2019-05-12T15:00,20.5,12,13.6,633.0,167.0,704.8,59,0.00
2019-05-12T16:00,19.6,13,11.9,449.0,108.0,691.1,56,0.00
2019-05-12T17:00,17.6,12,12.1,235.0,85.0,491.6,67,0.00
2019-05-12T18:00,15.4,26,10.8,29.0,29.0,0.0,73,0.00
2019-05-12T19:00,13.9,27,8.7,0.0,0.0,0.0,78,0.00
2019-05-12T20:00,13.2,42,8.2,0.0,0.0,0.0,80,0.00
2019-05-12T21:00,12.3,39,7.5,0.0,0.0,0.0,84,0.00
2019-05-12T22:00,11.9,40,5.6,0.0,0.0,0.0,87,0.00
2019-05-12T23:00,11.7,43,6.3,0.0,0.0,0.0,88,0.00
2019-05-13T00:00,11.2,38,7.6,0.0,0.0,0.0,90,0.00
2019-05-13T01:00,11.1,39,7.4,0.0,0.0,0.0,90,0.00
2019-05-13T02:00,11.0,41,8.2,0.0,0.0,0.0,89,0.00
2019-05-13T03:00,10.6,35,6.5,0.0,0.0,0.0,88,0.00
2019-05-13T04:00,10.3,42,10.8,0.0,0.0,0.0,88,0.00
2019-05-13T05:00,10.8,47,4.2,57.0,33.0,193.6,88,0.00
2019-05-13T06:00,12.9,53,6.1,175.0,143.0,116.9,82,0.00
2019-05-13T07:00,14.3,33,7.4,375.0,247.0,275.6,80,0.00
2019-05-13T08:00,16.0,34,10.4,609.0,225.0,603.4,72,0.00
2019-05-13T09:00,17.0,17,13.8,788.0,257.0,682.4,72,0.00
2019-05-13T10:00,17.2,16,13.4,907.0,231.0,768.2,72,0.00
2019-05-13T11:00,18.5,12,14.2,893.0,470.0,452.5,69,0.00
2019-05-13T12:00,19.5,3,14.5,961.0,277.0,728.3,68,0.00
2019-05-13T13:00,20.7,6,17.3,919.0,201.0,804.3,65,0.00
2019-05-13T14:00,20.5,11,17.4,803.0,154.0,812.8,67,0.00
2019-05-13T15:00,20.3,16,16.6,638.0,144.0,745.1,66,0.00
2019-05-13T16:00,19.9,16,14.0,446.0,108.0,682.2,62,0.00
2019-05-13T17:00,16.2,15,15.0,230.0,99.0,426.2,78,0.00
2019-05-13T18:00,14.6,23,13.7,34.0,33.0,7.1,79,0.00
2019-05-13T19:00,13.5,43,11.6,0.0,0.0,0.0,82,0.00
2019-05-13T20:00,13.1,42,5.4,0.0,0.0,0.0,83,0.00
2019-05-13T21:00,12.8,49,5.8,0.0,0.0,0.0,83,0.00
2019-05-13T22:00,12.7,81,8.0,0.0,0.0,0.0,83,0.00
2019-05-13T23:00,12.8,72,5.8,0.0,0.0,0.0,82,0.00
2019-05-14T00:00,12.7,90,5.4,0.0,0.0,0.0,84,0.00
2019-05-14T01:00,12.4,94,4.3,0.0,0.0,0.0,84,0.00
2019-05-14T02:00,12.7,89,5.2,0.0,0.0,0.0,82,0.00
2019-05-14T03:00,12.7,87,4.3,0.0,0.0,0.0,81,0.00
2019-05-14T04:00,12.7,79,4.0,0.0,0.0,0.0,81,0.00
2019-05-14T05:00,13.2,77,4.3,23.0,23.0,0.0,79,0.00
2019-05-14T06:00,13.6,76,5.1,170.0,153.0,61.6,75,0.00
2019-05-14T07:00,14.4,68,4.7,303.0,275.0,60.0,73,0.00
2019-05-14T08:00,15.5,35,4.0,597.0,384.0,333.7,68,0.00
2019-05-14T09:00,16.5,20,5.1,741.0,450.0,373.2,66,0.00
2019-05-14T10:00,17.2,38,9.8,714.0,679.0,39.7,63,0.00
2019-05-14T11:00,18.4,26,10.9,413.0,413.0,0.0,63,0.00
2019-05-14T12:00,18.7,6,11.3,477.0,476.0,1.1,61,0.00
2019-05-14T13:00,17.9,1,12.1,756.0,651.0,117.4,63,0.00
2019-05-14T14:00,17.7,16,11.8,610.0,585.0,31.2,65,0.00
2019-05-14T15:00,17.9,26,12.5,168.0,168.0,0.0,62,0.00
2019-05-14T16:00,17.4,86,10.0,301.0,283.0,36.2,64,0.00
2019-05-14T17:00,17.0,36,9.4,195.0,182.0,42.0,64,0.00
2019-05-14T18:00,16.1,1,8.7,30.0,30.0,0.0,67,0.00
2019-05-14T19:00,15.6,24,6.8,0.0,0.0,0.0,69,0.00
2019-05-14T20:00,15.2,31,5.1,0.0,0.0,0.0,72,0.00
2019-05-14T21:00,14.8,62,2.7,0.0,0.0,0.0,75,0.00
2019-05-14T22:00,14.4,47,3.2,0.0,0.0,0.0,78,0.00
2019-05-14T23:00,14.6,74,4.0,0.0,0.0,0.0,77,0.00
2019-05-15T00:00,14.5,100,1.3,0.0,0.0,0.0,80,0.00
2019-05-15T01:00,14.3,81,6.0,0.0,0.0,0.0,80,0.00
2019-05-15T02:00,14.2,86,4.0,0.0,0.0,0.0,80,0.00
2019-05-15T03:00,13.8,93,3.1,0.0,0.0,0.0,85,0.00
2019-05-15T04:00,14.3,73,4.2,0.0,0.0,0.0,77,0.00
2019-05-15T05:00,14.5,88,9.3,9.0,9.0,0.0,80,0.00
2019-05-15T06:00,14.2,51,8.3,8.0,8.0,0.0,81,0.00
2019-05-15T07:00,15.5,16,11.5,404.0,250.0,328.7,82,0.00
2019-05-15T08:00,17.4,44,12.2,472.0,393.0,123.4,72,0.00
2019-05-15T09:00,17.6,43,15.5,672.0,562.0,140.8,72,0.00
2019-05-15T10:00,18.3,58,18.5,885.0,185.0,792.9,70,0.00
2019-05-15T11:00,18.7,70,19.4,177.0,177.0,0.0,63,0.00
2019-05-15T12:00,20.1,54,20.9,247.0,247.0,0.0,60,0.00
2019-05-15T13:00,19.9,40,24.9,94.0,94.0,0.0,56,0.00
2019-05-15T14:00,19.4,60,26.5,357.0,357.0,0.0,60,0.00
2019-05-15T15:00,17.3,94,22.0,51.0,51.0,0.0,65,0.00
2019-05-15T16:00,16.3,76,18.8,29.0,29.0,0.0,70,0.00
2019-05-15T17:00,14.9,41,21.5,9.0,9.0,0.0,81,1.80
2019-05-15T18:00,14.7,77,21.7,6.0,6.0,0.0,80,0.70
2019-05-15T19:00,14.5,63,23.0,0.0,0.0,0.0,80,0.40
2019-05-15T20:00,14.2,94,16.9,0.0,0.0,0.0,86,0.40
2019-05-15T21:00,13.6,100,8.4,0.0,0.0,0.0,93,2.90
2019-05-15T22:00,11.7,98,10.9,0.0,0.0,0.0,88,0.00
2019-05-15T23:00,12.2,91,9.4,0.0,0.0,0.0,86,0.00
2019-05-16T00:00,12.5,52,9.0,0.0,0.0,0.0,81,0.00
2019-05-16T01:00,11.9,35,7.1,0.0,0.0,0.0,83,0.40
2019-05-16T02:00,11.8,30,4.3,0.0,0.0,0.0,85,0.00
2019-05-16T03:00,12.0,18,3.9,0.0,0.0,0.0,85,0.00
2019-05-16T04:00,11.6,34,9.2,0.0,0.0,0.0,81,0.00
2019-05-16T05:00,12.1,38,2.9,53.0,42.0,86.2,83,0.00
2019-05-16T06:00,13.1,40,9.4,217.0,126.0,324.3,75,0.00
2019-05-16T07:00,13.6,36,10.1,341.0,283.0,123.3,73,0.00
2019-05-16T08:00,14.0,47,9.7,251.0,251.0,0.0,73,0.00
2019-05-16T09:00,15.4,26,14.5,569.0,212.0,456.1,66,0.00
2019-05-16T10:00,14.9,55,17.0,627.0,265.0,409.4,71,0.00
2019-05-16T11:00,14.3,57,15.2,374.0,374.0,0.0,74,0.00
2019-05-16T12:00,14.2,50,13.1,666.0,617.0,52.0,78,0.40
2019-05-16T13:00,14.2,87,17.4,23.0,23.0,0.0,76,0.00
2019-05-16T14:00,14.7,55,23.9,234.0,234.0,0.0,68,0.00
2019-05-16T15:00,14.1,51,22.2,131.0,131.0,0.0,71,0.00
2019-05-16T16:00,14.1,52,21.3,316.0,226.0,179.5,68,0.00
2019-05-16T17:00,13.2,48,16.7,186.0,135.0,162.4,70,0.00
2019-05-16T18:00,12.3,48,10.6,10.0,10.0,0.0,76,0.00
2019-05-16T19:00,11.9,40,8.4,0.0,0.0,0.0,76,0.00
2019-05-16T20:00,11.4,31,8.6,0.0,0.0,0.0,73,0.00
2019-05-16T21:00,10.7,29,6.5,0.0,0.0,0.0,75,0.00
2019-05-16T22:00,10.4,27,5.1,0.0,0.0,0.0,77,0.00
2019-05-16T23:00,10.9,36,5.4,0.0,0.0,0.0,78,0.00
2019-05-17T00:00,10.5,23,8.0,0.0,0.0,0.0,76,0.00
2019-05-17T01:00,10.3,18,3.8,0.0,0.0,0.0,76,0.00
2019-05-17T02:00,9.9,13,4.6,0.0,0.0,0.0,78,0.00
2019-05-17T03:00,9.6,52,6.8,0.0,0.0,0.0,77,0.00
2019-05-17T04:00,9.4,34,8.0,0.0,0.0,0.0,79,0.00
2019-05-17T05:00,10.3,34,6.2,56.0,40.0,124.4,78,0.00
2019-05-17T06:00,11.9,52,3.7,119.0,119.0,0.0,75,0.00
2019-05-17T07:00,12.6,28,5.0,397.0,250.0,311.3,68,0.00
2019-05-17T08:00,13.7,35,9.0,506.0,177.0,511.5,66,0.00
2019-05-17T09:00,14.5,36,9.7,315.0,315.0,0.0,64,0.00
2019-05-17T10:00,15.2,32,10.7,635.0,424.0,238.3,60,0.00
2019-05-17T11:00,15.6,26,9.4,811.0,336.0,505.3,54,0.00
2019-05-17T12:00,16.9,13,12.3,856.0,376.0,508.3,52,0.00
2019-05-17T13:00,17.4,10,13.8,848.0,363.0,540.0,51,0.00
2019-05-17T14:00,17.5,6,15.2,810.0,292.0,643.9,48,0.00
2019-05-17T15:00,17.1,2,16.3,566.0,285.0,419.5,49,0.00
2019-05-17T16:00,16.1,62,16.3,378.0,178.0,397.4,51,0.00
2019-05-17T17:00,14.7,71,11.0,198.0,181.0,53.8,56,0.00
2019-05-17T18:00,13.6,86,13.1,36.0,36.0,0.0,61,0.00
2019-05-17T19:00,12.6,48,8.3,0.0,0.0,0.0,65,0.00
2019-05-17T20:00,11.7,27,2.3,0.0,0.0,0.0,72,0.00
2019-05-17T21:00,10.9,40,3.6,0.0,0.0,0.0,76,0.00
2019-05-17T22:00,10.0,88,4.8,0.0,0.0,0.0,80,0.00
2019-05-17T23:00,9.3,84,2.4,0.0,0.0,0.0,83,0.00
2019-05-18T00:00,8.8,54,2.6,0.0,0.0,0.0,83,0.00
2019-05-18T01:00,9.0,21,5.4,0.0,0.0,0.0,85,0.00
2019-05-18T02:00,9.1,33,3.7,0.0,0.0,0.0,83,0.00
2019-05-18T03:00,8.3,54,0.8,0.0,0.0,0.0,84,0.00
2019-05-18T04:00,8.2,86,9.8,0.0,0.0,0.0,86,0.00
2019-05-18T05:00,8.9,64,4.6,51.0,50.0,7.7,88,0.00
2019-05-18T06:00,10.6,88,6.6,221.0,149.0,252.9,86,0.00
2019-05-18T07:00,12.9,100,8.9,399.0,325.0,156.1,73,0.00
2019-05-18T08:00,13.9,100,5.6,399.0,399.0,0.0,62,0.00
2019-05-18T09:00,14.5,100,7.4,601.0,585.0,20.4,57,0.00
2019-05-18T10:00,14.7,100,10.4,242.0,242.0,0.0,59,0.00
2019-05-18T11:00,13.6,100,10.5,712.0,705.0,7.4,68,0.70
2019-05-18T12:00,12.5,94,15.0,636.0,635.0,1.1,79,1.80
2019-05-18T13:00,12.9,54,11.8,455.0,455.0,0.0,84,1.40
2019-05-18T14:00,12.8,72,16.1,576.0,539.0,45.9,83,2.20
2019-05-18T15:00,12.2,92,17.9,223.0,223.0,0.0,86,0.70
2019-05-18T16:00,12.5,94,19.6,288.0,288.0,0.0,85,0.00
2019-05-18T17:00,12.2,100,14.8,19.0,19.0,0.0,85,4.00
2019-05-18T18:00,12.5,76,13.8,34.0,34.0,0.0,82,0.00
2019-05-18T19:00,12.3,75,18.7,0.0,0.0,0.0,85,0.00
2019-05-18T20:00,12.0,73,14.5,0.0,0.0,0.0,85,0.00
2019-05-18T21:00,11.6,55,5.1,0.0,0.0,0.0,88,0.00
2019-05-18T22:00,11.6,72,4.8,0.0,0.0,0.0,92,0.00
2019-05-18T23:00,11.5,60,9.4,0.0,0.0,0.0,91,0.00
2019-05-19T00:00,11.7,55,7.6,0.0,0.0,0.0,93,0.70
2019-05-19T01:00,10.9,32,4.7,0.0,0.0,0.0,91,0.00
2019-05-19T02:00,10.0,6,5.6,0.0,0.0,0.0,88,0.00
2019-05-19T03:00,9.4,31,6.4,0.0,0.0,0.0,88,0.00
2019-05-19T04:00,9.4,20,6.8,0.0,0.0,0.0,88,0.00
2019-05-19T05:00,10.0,40,1.4,40.0,38.0,15.3,87,0.00
2019-05-19T06:00,11.8,28,5.4,208.0,200.0,27.9,80,0.00
2019-05-19T07:00,11.8,41,5.7,392.0,178.0,450.0,81,0.00
2019-05-19T08:00,12.2,29,7.3,26.0,26.0,0.0,84,9.00
2019-05-19T09:00,12.7,27,1.8,677.0,223.0,577.0,78,0.00
2019-05-19T10:00,14.2,25,8.1,568.0,463.0,118.3,68,0.00
2019-05-19T11:00,13.3,64,16.8,59.0,59.0,0.0,75,1.10
2019-05-19T12:00,13.8,33,4.0,700.0,287.0,436.2,72,0.00
2019-05-19T13:00,15.4,24,10.1,522.0,396.0,139.9,62,0.00
2019-05-19T14:00,15.6,32,11.5,676.0,394.0,349.3,59,0.00
2019-05-19T15:00,14.9,45,14.8,439.0,241.0,294.2,58,0.00
2019-05-19T16:00,14.1,49,7.3,176.0,176.0,0.0,68,0.00
2019-05-19T17:00,12.8,49,6.8,187.0,159.0,87.4,77,0.00
2019-05-19T18:00,12.3,31,6.2,40.0,40.0,0.0,79,0.00
2019-05-19T19:00,11.8,22,1.8,0.0,0.0,0.0,83,0.40
2019-05-19T20:00,11.8,32,3.3,0.0,0.0,0.0,86,0.00
2019-05-19T21:00,11.7,40,1.1,0.0,0.0,0.0,87,0.00
2019-05-19T22:00,11.6,20,3.8,0.0,0.0,0.0,87,0.00
2019-05-19T23:00,10.9,20,2.2,0.0,0.0,0.0,90,0.00
2019-05-20T00:00,10.1,18,2.6,0.0,0.0,0.0,91,0.00
2019-05-20T01:00,9.5,14,1.8,0.0,0.0,0.0,91,0.00
2019-05-20T02:00,8.8,25,2.3,0.0,0.0,0.0,93,0.00
2019-05-20T03:00,8.4,32,2.2,0.0,0.0,0.0,92,0.00
2019-05-20T04:00,8.1,30,3.6,0.0,0.0,0.0,91,0.00
2019-05-20T05:00,9.3,26,3.1,63.0,36.0,205.1,90,0.00
2019-05-20T06:00,10.8,49,1.1,171.0,170.0,3.5,89,0.00
2019-05-20T07:00,12.7,70,1.5,314.0,274.0,83.8,81,0.00
2019-05-20T08:00,13.7,80,2.1,436.0,434.0,3.1,75,0.00
2019-05-20T09:00,15.1,74,7.4,130.0,130.0,0.0,72,0.00
2019-05-20T10:00,15.7,63,6.1,118.0,118.0,0.0,69,0.00
2019-05-20T11:00,16.5,57,8.7,325.0,325.0,0.0,66,0.00
2019-05-20T12:00,16.5,18,12.2,132.0,132.0,0.0,65,0.00
2019-05-20T13:00,17.1,11,11.3,686.0,356.0,365.9,61,0.00
2019-05-20T14:00,17.4,6,13.7,774.0,289.0,599.8,60,0.00
2019-05-20T15:00,17.2,6,14.0,656.0,175.0,713.1,59,0.00
2019-05-20T16:00,16.3,30,14.7,466.0,145.0,631.0,60,0.00
2019-05-20T17:00,14.8,43,15.1,227.0,129.0,303.9,69,0.00
2019-05-20T18:00,13.5,10,12.1,53.0,45.0,53.7,71,0.00
2019-05-20T19:00,12.5,13,6.2,0.0,0.0,0.0,74,0.00
2019-05-20T20:00,11.7,31,3.8,0.0,0.0,0.0,77,0.00
2019-05-20T21:00,11.1,21,4.7,0.0,0.0,0.0,77,0.00
2019-05-20T22:00,11.7,49,3.6,0.0,0.0,0.0,76,0.00
2019-05-20T23:00,11.7,57,2.9,0.0,0.0,0.0,76,0.00
2019-05-21T00:00,11.8,35,2.5,0.0,0.0,0.0,80,0.40
2019-05-21T01:00,11.4,48,8.2,0.0,0.0,0.0,94,2.20
2019-05-21T02:00,11.7,54,1.1,0.0,0.0,0.0,91,0.00
2019-05-21T03:00,11.6,13,10.9,0.0,0.0,0.0,81,0.00
2019-05-21T04:00,10.9,39,9.5,0.0,0.0,0.0,82,0.00
2019-05-21T05:00,11.5,64,9.2,62.0,45.0,128.2,84,0.00
2019-05-21T06:00,12.2,80,7.3,199.0,153.0,158.6,86,0.00
2019-05-21T07:00,13.5,40,10.8,372.0,238.0,280.0,79,0.00
2019-05-21T08:00,14.0,81,15.5,411.0,247.0,252.8,77,0.00
2019-05-21T09:00,14.6,53,15.9,619.0,504.0,145.7,78,0.70
2019-05-21T10:00,14.9,69,25.0,380.0,380.0,0.0,70,0.00
2019-05-21T11:00,15.2,64,22.9,305.0,305.0,0.0,73,0.00
2019-05-21T12:00,15.8,67,22.2,385.0,385.0,0.0,68,0.00
2019-05-21T13:00,15.6,69,25.0,621.0,252.0,408.6,69,0.00
2019-05-21T14:00,15.4,67,22.4,627.0,467.0,197.5,71,0.00
2019-05-21T15:00,14.0,49,23.8,147.0,147.0,0.0,74,0.00
2019-05-21T16:00,14.0,74,24.2,386.0,139.0,483.8,75,0.00
2019-05-21T17:00,13.4,56,21.9,187.0,151.0,110.9,75,0.00
2019-05-21T18:00,12.7,31,21.3,39.0,36.0,20.0,75,0.00
2019-05-21T19:00,12.2,40,18.7,0.0,0.0,0.0,79,0.00
2019-05-21T20:00,11.8,47,16.3,0.0,0.0,0.0,82,0.00
2019-05-21T21:00,12.0,43,19.8,0.0,0.0,0.0,79,0.00
2019-05-21T22:00,11.7,21,13.8,0.0,0.0,0.0,80,0.00
2019-05-21T23:00,11.2,21,10.4,0.0,0.0,0.0,83,0.00
2019-05-22T00:00,11.0,34,10.2,0.0,0.0,0.0,83,0.00
2019-05-22T01:00,10.7,73,10.2,0.0,0.0,0.0,85,0.00
2019-05-22T02:00,11.5,60,11.8,0.0,0.0,0.0,85,0.00
2019-05-22T03:00,11.1,46,9.4,0.0,0.0,0.0,82,0.00
2019-05-22T04:00,10.7,56,3.9,0.0,0.0,0.0,85,0.00
2019-05-22T05:00,11.4,18,4.9,54.0,50.0,30.0,85,0.00
2019-05-22T06:00,13.1,14,10.0,257.0,126.0,449.1,81,0.00
2019-05-22T07:00,14.3,6,12.3,456.0,135.0,668.7,73,0.00
2019-05-22T08:00,15.3,2,11.5,637.0,224.0,635.4,66,0.00
2019-05-22T09:00,17.0,4,12.4,823.0,187.0,804.9,57,0.00
2019-05-22T10:00,18.5,6,14.9,920.0,261.0,739.7,52,0.00
2019-05-22T11:00,18.8,5,11.9,950.0,353.0,631.5,49,0.00
2019-05-22T12:00,19.7,3,11.9,993.0,171.0,865.3,46,0.00
2019-05-22T13:00,20.5,0,13.0,935.0,239.0,769.7,47,0.00
2019-05-22T14:00,20.7,3,14.6,818.0,155.0,817.2,48,0.00
2019-05-22T15:00,20.8,89,14.8,650.0,182.0,690.6,48,0.00
2019-05-22T16:00,19.4,48,10.5,438.0,347.0,177.6,53,0.00
2019-05-22T17:00,18.8,42,12.3,198.0,179.0,58.2,56,0.00
2019-05-22T18:00,17.6,54,7.2,49.0,47.0,13.2,66,0.00
2019-05-22T19:00,16.0,47,8.4,0.0,0.0,0.0,72,0.00
2019-05-22T20:00,14.9,23,8.0,0.0,0.0,0.0,79,0.00
2019-05-22T21:00,14.1,22,8.0,0.0,0.0,0.0,83,0.00
2019-05-22T22:00,13.6,12,7.4,0.0,0.0,0.0,85,0.00
2019-05-22T23:00,13.1,21,6.2,0.0,0.0,0.0,86,0.00
2019-05-23T00:00,12.6,13,6.1,0.0,0.0,0.0,87,0.00
2019-05-23T01:00,12.1,25,7.4,0.0,0.0,0.0,90,0.00
2019-05-23T02:00,11.7,32,4.9,0.0,0.0,0.0,92,0.00
2019-05-23T03:00,11.6,35,3.9,0.0,0.0,0.0,93,0.00
2019-05-23T04:00,10.8,25,6.0,0.0,0.0,0.0,96,0.00
2019-05-23T05:00,11.7,18,8.0,63.0,49.0,104.3,93,0.00
2019-05-23T06:00,13.5,44,3.3,231.0,152.0,269.4,84,0.00
2019-05-23T07:00,15.3,41,1.8,398.0,245.0,317.9,77,0.00
2019-05-23T08:00,20.1,16,0.4,601.0,300.0,462.2,69,0.00
2019-05-23T09:00,22.6,16,0.5,757.0,404.0,446.2,62,0.00
2019-05-23T10:00,24.3,15,0.4,895.0,309.0,657.0,59,0.00
2019-05-23T11:00,20.5,16,1.8,975.0,164.0,857.0,55,0.00
2019-05-23T12:00,21.0,18,7.1,962.0,244.0,755.0,54,0.00
2019-05-23T13:00,21.4,16,10.8,914.0,172.0,819.6,54,0.00
2019-05-23T14:00,22.4,16,13.5,649.0,446.0,249.8,54,0.00
2019-05-23T15:00,21.1,13,14.8,620.0,170.0,662.5,58,0.00
2019-05-23T16:00,20.3,12,11.9,453.0,124.0,639.9,60,0.00
2019-05-23T17:00,19.5,15,2.1,243.0,101.0,432.1,58,0.00
2019-05-23T18:00,18.1,15,5.5,54.0,46.0,52.6,62,0.00
2019-05-23T19:00,16.3,19,5.5,0.0,0.0,0.0,67,0.00
2019-05-23T20:00,15.4,22,2.5,0.0,0.0,0.0,69,0.00
2019-05-23T21:00,14.9,19,5.4,0.0,0.0,0.0,71,0.00
2019-05-23T22:00,14.1,19,1.4,0.0,0.0,0.0,74,0.00
2019-05-23T23:00,13.5,27,2.3,0.0,0.0,0.0,77,0.00
2019-05-24T00:00,13.0,29,4.4,0.0,0.0,0.0,79,0.00
2019-05-24T01:00,12.3,29,4.9,0.0,0.0,0.0,83,0.00
2019-05-24T02:00,12.0,31,6.3,0.0,0.0,0.0,82,0.00
2019-05-24T03:00,11.5,36,4.3,0.0,0.0,0.0,84,0.00
2019-05-24T04:00,11.0,35,5.1,0.0,0.0,0.0,87,0.00
2019-05-24T05:00,12.4,24,3.5,71.0,35.0,266.6,84,0.00
2019-05-24T06:00,14.4,46,2.5,218.0,133.0,288.5,76,0.00
2019-05-24T07:00,15.6,48,1.8,414.0,205.0,433.1,72,0.00
2019-05-24T08:00,17.6,30,3.2,590.0,340.0,383.3,63,0.00
2019-05-24T09:00,18.5,24,9.7,809.0,216.0,748.6,61,0.00
2019-05-24T10:00,19.7,29,12.3,878.0,248.0,705.7,62,0.00
2019-05-24T11:00,20.1,18,12.2,896.0,382.0,542.6,64,0.00
2019-05-24T12:00,20.7,7,12.0,895.0,393.0,527.3,63,0.00
2019-05-24T13:00,21.7,5,15.2,835.0,371.0,511.9,61,0.00
2019-05-24T14:00,21.7,16,12.4,784.0,259.0,645.0,61,0.00
2019-05-24T15:00,21.2,18,10.2,654.0,184.0,690.4,62,0.00
2019-05-24T16:00,20.6,16,9.7,403.0,163.0,465.2,61,0.00
2019-05-24T17:00,17.7,13,12.5,250.0,94.0,471.8,74,0.00
2019-05-24T18:00,15.4,23,8.0,45.0,38.0,45.7,79,0.00
2019-05-24T19:00,14.0,40,8.4,0.0,0.0,0.0,83,0.00
2019-05-24T20:00,13.5,44,6.0,0.0,0.0,0.0,84,0.00
2019-05-24T21:00,13.1,49,6.3,0.0,0.0,0.0,85,0.00
2019-05-24T22:00,12.6,60,6.1,0.0,0.0,0.0,85,0.00
2019-05-24T23:00,12.9,72,7.9,0.0,0.0,0.0,85,0.00
2019-05-25T00:00,12.8,74,5.9,0.0,0.0,0.0,86,0.00
2019-05-25T01:00,12.3,71,6.9,0.0,0.0,0.0,85,0.00
2019-05-25T02:00,12.0,77,5.7,0.0,0.0,0.0,84,0.00
2019-05-25T03:00,11.8,77,5.0,0.0,0.0,0.0,87,0.00
2019-05-25T04:00,11.8,67,5.7,0.0,0.0,0.0,82,0.00
2019-05-25T05:00,12.3,46,9.4,64.0,42.0,162.0,77,0.00
2019-05-25T06:00,13.5,42,10.5,220.0,165.0,185.8,72,0.00
2019-05-25T07:00,13.9,40,7.2,411.0,214.0,407.3,67,0.00
2019-05-25T08:00,15.0,26,8.1,598.0,305.0,448.5,63,0.00
2019-05-25T09:00,15.7,26,8.2,791.0,303.0,615.4,61,0.00
2019-05-25T10:00,17.4,29,7.9,938.0,205.0,820.3,55,0.00
2019-05-25T11:00,18.0,23,9.4,948.0,344.0,637.0,53,0.00
2019-05-25T12:00,18.9,3,11.6,956.0,349.0,637.0,52,0.00
2019-05-25T13:00,19.9,12,11.4,917.0,315.0,663.3,51,0.00
2019-05-25T14:00,20.2,17,12.6,823.0,203.0,760.5,53,0.00
2019-05-25T15:00,19.5,15,15.6,681.0,148.0,781.3,56,0.00
2019-05-25T16:00,18.0,18,15.1,468.0,129.0,654.9,58,0.00
2019-05-25T17:00,16.6,15,11.9,238.0,114.0,372.8,61,0.00
2019-05-25T18:00,14.5,24,10.8,56.0,53.0,19.4,69,0.00
2019-05-25T19:00,13.3,45,9.4,0.0,0.0,0.0,71,0.00
2019-05-25T20:00,12.9,61,10.8,0.0,0.0,0.0,73,0.00
2019-05-25T21:00,12.6,67,12.1,0.0,0.0,0.0,78,0.00
2019-05-25T22:00,12.7,47,11.0,0.0,0.0,0.0,81,0.00
2019-05-25T23:00,12.7,47,12.2,0.0,0.0,0.0,82,0.00
2019-05-26T00:00,12.1,47,19.2,0.0,0.0,0.0,85,0.00
2019-05-26T01:00,11.5,43,19.1,0.0,0.0,0.0,86,0.00
2019-05-26T02:00,11.3,54,20.2,0.0,0.0,0.0,80,0.00
2019-05-26T03:00,11.4,11,13.7,0.0,0.0,0.0,80,0.00
2019-05-26T04:00,10.8,40,18.2,0.0,0.0,0.0,80,0.00
2019-05-26T05:00,11.5,40,16.8,64.0,39.0,183.2,76,0.00
2019-05-26T06:00,12.6,56,17.1,244.0,134.0,369.9,69,0.00
2019-05-26T07:00,13.1,79,17.6,303.0,111.0,396.0,68,0.00
2019-05-26T08:00,13.2,39,18.1,37.0,37.0,0.0,65,0.00
2019-05-26T09:00,14.2,15,16.6,573.0,238.0,422.0,66,0.00
2019-05-26T10:00,15.2,23,16.9,723.0,181.0,606.0,62,0.00
2019-05-26T11:00,15.6,31,21.4,717.0,285.0,455.2,61,0.00
2019-05-26T12:00,15.9,14,17.2,679.0,424.0,267.4,57,0.00
2019-05-26T13:00,16.3,31,18.5,878.0,309.0,626.2,54,0.00
2019-05-26T14:00,15.5,15,20.1,711.0,264.0,547.5,58,0.00
2019-05-26T15:00,14.5,40,17.2,470.0,191.0,408.1,62,0.00
2019-05-26T16:00,14.2,59,15.6,352.0,167.0,356.2,64,0.00
2019-05-26T17:00,12.7,72,8.2,192.0,176.0,47.8,73,0.00
2019-05-26T18:00,11.7,95,3.6,33.0,33.0,0.0,83,0.00
2019-05-26T19:00,11.7,64,4.2,0.0,0.0,0.0,86,0.00
2019-05-26T20:00,11.5,49,3.6,0.0,0.0,0.0,85,0.00
2019-05-26T21:00,11.5,45,1.3,0.0,0.0,0.0,85,0.00
2019-05-26T22:00,11.7,47,2.6,0.0,0.0,0.0,82,0.00
2019-05-26T23:00,11.7,37,2.8,0.0,0.0,0.0,81,0.00
2019-05-27T00:00,10.7,29,4.0,0.0,0.0,0.0,85,0.00
2019-05-27T01:00,10.1,25,3.3,0.0,0.0,0.0,86,0.00
2019-05-27T02:00,10.0,50,4.7,0.0,0.0,0.0,87,0.00
2019-05-27T03:00,9.8,44,1.8,0.0,0.0,0.0,87,0.00
2019-05-27T04:00,9.5,45,3.3,0.0,0.0,0.0,88,0.00
2019-05-27T05:00,10.3,46,2.7,69.0,40.0,211.5,90,0.00
2019-05-27T06:00,12.2,80,4.1,52.0,52.0,0.0,83,0.00
2019-05-27T07:00,13.0,77,6.0,169.0,169.0,0.0,78,0.00
2019-05-27T08:00,14.7,47,0.5,186.0,186.0,0.0,74,0.00
2019-05-27T09:00,14.9,54,3.6,432.0,432.0,0.0,68,0.00
2019-05-27T10:00,16.5,73,13.1,137.0,137.0,0.0,66,0.00
2019-05-27T11:00,16.0,60,14.4,323.0,323.0,0.0,67,0.00
2019-05-27T12:00,16.9,57,13.8,414.0,414.0,0.0,64,0.00
2019-05-27T13:00,17.0,50,17.2,336.0,337.0,0.0,66,0.00
2019-05-27T14:00,16.8,62,16.2,567.0,559.0,9.8,67,0.00
2019-05-27T15:00,16.2,64,13.8,361.0,361.0,0.0,68,0.00
2019-05-27T16:00,15.4,61,10.7,191.0,191.0,0.0,70,0.00
2019-05-27T17:00,14.7,65,11.6,89.0,89.0,0.0,72,0.00
2019-05-27T18:00,13.6,56,10.2,17.0,17.0,0.0,76,0.00
2019-05-27T19:00,12.9,70,8.9,0.0,0.0,0.0,79,0.00
2019-05-27T20:00,12.6,74,9.6,0.0,0.0,0.0,81,0.00
2019-05-27T21:00,12.4,83,7.3,0.0,0.0,0.0,80,0.00
2019-05-27T22:00,12.3,82,6.6,0.0,0.0,0.0,82,0.00
2019-05-27T23:00,11.9,82,6.8,0.0,0.0,0.0,84,0.00
2019-05-28T00:00,12.0,83,6.6,0.0,0.0,0.0,85,0.00
2019-05-28T01:00,11.9,81,5.5,0.0,0.0,0.0,86,0.00
2019-05-28T02:00,12.1,82,2.9,0.0,0.0,0.0,85,0.00
2019-05-28T03:00,12.2,80,3.2,0.0,0.0,0.0,86,0.00
2019-05-28T04:00,11.7,77,3.2,0.0,0.0,0.0,88,0.00
2019-05-28T05:00,12.0,72,3.3,43.0,43.0,0.0,87,0.00
2019-05-28T06:00,12.6,81,3.3,170.0,150.0,66.7,83,0.00
2019-05-28T07:00,13.9,61,4.0,352.0,313.0,80.1,78,0.00
2019-05-28T08:00,15.5,37,4.0,508.0,321.0,285.1,75,0.00
2019-05-28T09:00,17.4,23,6.9,740.0,298.0,555.7,69,0.00
2019-05-28T10:00,18.8,20,11.5,844.0,377.0,521.3,67,0.00
2019-05-28T11:00,20.2,15,11.9,957.0,282.0,710.2,63,0.00
2019-05-28T12:00,21.0,16,13.1,979.0,280.0,731.6,62,0.00
2019-05-28T13:00,21.0,16,13.4,921.0,228.0,761.0,63,0.00
2019-05-28T14:00,21.7,15,14.3,824.0,202.0,759.6,62,0.00
2019-05-28T15:00,20.9,15,14.8,644.0,251.0,572.4,64,0.00
2019-05-28T16:00,20.2,14,17.5,446.0,209.0,453.4,65,0.00
2019-05-28T17:00,17.0,8,16.3,269.0,101.0,496.5,72,0.00
2019-05-28T18:00,14.9,22,11.3,64.0,56.0,50.9,77,0.00
2019-05-28T19:00,13.8,25,8.7,0.0,0.0,0.0,79,0.00
2019-05-28T20:00,13.1,29,7.2,0.0,0.0,0.0,80,0.00
2019-05-28T21:00,12.5,16,3.9,0.0,0.0,0.0,83,0.00
2019-05-28T22:00,12.2,23,3.6,0.0,0.0,0.0,84,0.00
2019-05-28T23:00,12.0,36,4.8,0.0,0.0,0.0,87,0.00
2019-05-29T00:00,11.5,85,6.4,0.0,0.0,0.0,89,0.00
2019-05-29T01:00,11.1,16,5.8,0.0,0.0,0.0,90,0.00
2019-05-29T02:00,10.9,26,7.0,0.0,0.0,0.0,88,0.00
2019-05-29T03:00,10.4,28,5.5,0.0,0.0,0.0,89,0.00
2019-05-29T04:00,10.2,35,6.2,0.0,0.0,0.0,90,0.00
2019-05-29T05:00,11.8,35,6.8,67.0,52.0,108.5,91,0.00
2019-05-29T06:00,13.2,51,6.5,254.0,135.0,395.7,86,0.00
2019-05-29T07:00,14.9,40,4.6,448.0,167.0,576.3,79,0.00
2019-05-29T08:00,16.4,18,6.4,665.0,151.0,782.9,74,0.00
2019-05-29T09:00,18.0,1,8.7,801.0,182.0,777.6,72,0.00
2019-05-29T10:00,19.8,2,9.7,931.0,151.0,870.1,63,0.00
2019-05-29T11:00,22.1,16,14.2,987.0,151.0,878.9,58,0.00
2019-05-29T12:00,23.0,0,16.2,991.0,161.0,867.9,59,0.00
2019-05-29T13:00,23.1,1,16.4,931.0,142.0,865.5,57,0.00
2019-05-29T14:00,23.0,14,15.5,823.0,118.0,859.7,56,0.00
2019-05-29T15:00,21.8,15,17.0,663.0,118.0,792.2,66,0.00
2019-05-29T16:00,20.2,16,18.7,469.0,114.0,677.1,65,0.00
2019-05-29T17:00,17.2,16,18.3,253.0,129.0,364.5,74,0.00
2019-05-29T18:00,15.0,40,14.7,70.0,48.0,139.0,76,0.00
2019-05-29T19:00,13.1,46,12.2,0.0,0.0,0.0,82,0.00
2019-05-29T20:00,12.5,48,9.6,0.0,0.0,0.0,83,0.00
2019-05-29T21:00,12.4,57,8.1,0.0,0.0,0.0,84,0.00
2019-05-29T22:00,11.9,59,6.8,0.0,0.0,0.0,87,0.00
2019-05-29T23:00,11.9,71,5.8,0.0,0.0,0.0,87,0.00
2019-05-30T00:00,11.8,68,8.9,0.0,0.0,0.0,88,0.00
2019-05-30T01:00,11.7,73,7.9,0.0,0.0,0.0,89,0.00
2019-05-30T02:00,11.3,82,6.5,0.0,0.0,0.0,89,0.00
2019-05-30T03:00,11.4,83,4.7,0.0,0.0,0.0,88,0.00
2019-05-30T04:00,11.3,77,4.2,0.0,0.0,0.0,89,0.00
2019-05-30T05:00,11.9,51,2.1,41.0,41.0,0.0,87,0.00
2019-05-30T06:00,12.5,69,5.4,231.0,202.0,96.1,82,0.00
2019-05-30T07:00,13.4,74,6.9,283.0,282.0,2.0,79,0.00
2019-05-30T08:00,14.9,66,5.4,493.0,324.0,257.1,72,0.00
2019-05-30T09:00,15.7,32,5.8,712.0,434.0,349.0,70,0.00
2019-05-30T10:00,17.1,30,7.6,889.0,324.0,629.8,67,0.00
2019-05-30T11:00,18.5,25,9.4,890.0,405.0,509.6,63,0.00
2019-05-30T12:00,18.9,31,9.7,951.0,294.0,686.5,62,0.00
2019-05-30T13:00,19.0,24,13.0,887.0,282.0,663.0,66,0.00
2019-05-30T14:00,19.3,31,13.6,743.0,291.0,550.4,65,0.00
2019-05-30T15:00,18.7,40,13.9,624.0,189.0,631.1,66,0.00
2019-05-30T16:00,17.7,46,12.2,397.0,197.0,380.3,66,0.00
2019-05-30T17:00,15.7,41,11.5,263.0,97.0,485.3,73,0.00
2019-05-30T18:00,14.3,41,11.5,66.0,53.0,81.6,76,0.00
2019-05-30T19:00,12.8,52,10.6,0.0,0.0,0.0,82,0.00
2019-05-30T20:00,12.4,59,10.1,0.0,0.0,0.0,85,0.00
2019-05-30T21:00,12.2,51,4.7,0.0,0.0,0.0,85,0.00
2019-05-30T22:00,12.1,54,1.8,0.0,0.0,0.0,84,0.00
2019-05-30T23:00,11.7,65,4.4,0.0,0.0,0.0,86,0.00
2019-05-31T00:00,11.8,67,4.1,0.0,0.0,0.0,89,0.00
2019-05-31T01:00,11.7,77,1.1,0.0,0.0,0.0,89,0.00
2019-05-31T02:00,11.9,65,1.3,0.0,0.0,0.0,88,0.00
2019-05-31T03:00,12.0,73,3.1,0.0,0.0,0.0,89,0.00
2019-05-31T04:00,12.0,60,5.0,0.0,0.0,0.0,90,0.00
2019-05-31T05:00,12.9,56,6.2,51.0,48.0,21.5,86,0.00
2019-05-31T06:00,14.0,64,5.9,174.0,154.0,66.1,85,0.00
2019-05-31T07:00,15.9,32,4.9,378.0,299.0,161.5,79,0.00
2019-05-31T08:00,16.8,23,7.5,653.0,164.0,743.3,75,0.00
2019-05-31T09:00,18.8,12,9.8,810.0,195.0,771.5,70,0.00
2019-05-31T10:00,20.6,14,12.4,925.0,152.0,861.2,65,0.00
2019-05-31T11:00,22.4,15,12.0,987.0,170.0,857.8,61,0.00
2019-05-31T12:00,23.9,15,13.0,994.0,130.0,902.1,56,0.00
2019-05-31T13:00,24.4,15,16.8,935.0,134.0,876.9,56,0.00
2019-05-31T14:00,24.3,16,13.2,824.0,130.0,844.0,53,0.00
2019-05-31T15:00,23.8,15,15.0,666.0,122.0,787.7,53,0.00
2019-05-31T16:00,23.3,15,13.5,477.0,111.0,693.9,54,0.00
2019-05-31T17:00,21.0,15,14.7,268.0,93.0,509.0,69,0.00
2019-05-31T18:00,18.2,18,12.3,71.0,53.0,112.4,73,0.00
2019-05-31T19:00,16.0,19,9.1,0.0,0.0,0.0,79,0.00
2019-05-31T20:00,14.5,21,8.0,0.0,0.0,0.0,86,0.00
2019-05-31T21:00,13.6,22,8.7,0.0,0.0,0.0,90,0.00
2019-05-31T22:00,12.9,39,9.0,0.0,0.0,0.0,93,0.00
2019-05-31T23:00,13.0,37,8.7,0.0,0.0,0.0,90,0.00
2019-06-01T00:00,12.9,35,8.9,0.0,0.0,0.0,92,0.00
2019-06-01T01:00,13.0,51,7.4,0.0,0.0,0.0,92,0.00
2019-06-01T02:00,13.0,55,5.2,0.0,0.0,0.0,91,0.00
2019-06-01T03:00,12.8,54,6.0,0.0,0.0,0.0,90,0.00
2019-06-01T04:00,12.7,62,6.6,0.0,0.0,0.0,91,0.00
2019-06-01T05:00,13.3,42,6.6,56.0,49.0,50.1,89,0.00
2019-06-01T06:00,14.1,63,7.0,188.0,143.0,148.3,89,0.00
2019-06-01T07:00,16.3,38,5.6,374.0,280.0,191.9,84,0.00
2019-06-01T08:00,17.8,20,8.4,647.0,172.0,721.5,80,0.00
2019-06-01T09:00,19.7,18,8.4,794.0,189.0,758.5,72,0.00
2019-06-01T10:00,22.5,17,10.9,920.0,135.0,874.0,61,0.00
2019-06-01T11:00,24.2,15,15.6,979.0,143.0,877.2,60,0.00
2019-06-01T12:00,25.3,15,17.0,976.0,178.0,832.6,58,0.00
2019-06-01T13:00,25.3,13,17.7,927.0,145.0,855.3,59,0.00
2019-06-01T14:00,24.3,13,17.3,810.0,167.0,781.0,63,0.00
2019-06-01T15:00,22.8,11,15.8,665.0,130.0,773.2,65,0.00
2019-06-01T16:00,20.4,13,17.6,471.0,118.0,667.4,71,0.00
2019-06-01T17:00,18.2,7,14.4,261.0,103.0,457.3,74,0.00
2019-06-01T18:00,16.7,17,11.0,70.0,53.0,105.5,75,0.00
2019-06-01T19:00,15.9,15,7.4,0.0,0.0,0.0,76,0.00
2019-06-01T20:00,15.2,20,4.9,0.0,0.0,0.0,80,0.00
2019-06-01T21:00,14.9,22,3.9,0.0,0.0,0.0,82,0.00
2019-06-01T22:00,14.2,24,4.5,0.0,0.0,0.0,88,0.00
2019-06-01T23:00,13.5,46,4.3,0.0,0.0,0.0,92,0.00
2019-06-02T00:00,13.8,58,2.7,0.0,0.0,0.0,91,0.00
2019-06-02T01:00,14.2,52,3.9,0.0,0.0,0.0,89,0.00
2019-06-02T02:00,14.0,54,2.8,0.0,0.0,0.0,89,0.00
2019-06-02T03:00,14.1,74,4.3,0.0,0.0,0.0,90,0.00
2019-06-02T04:00,14.4,48,5.1,0.0,0.0,0.0,87,0.00
2019-06-02T05:00,14.5,41,4.8,45.0,45.0,0.0,86,0.00
2019-06-02T06:00,15.0,62,6.2,177.0,143.0,111.8,82,0.00
2019-06-02T07:00,15.6,61,5.8,296.0,263.0,67.3,81,0.00
2019-06-02T08:00,16.7,42,6.8,438.0,391.0,71.3,77,0.00
2019-06-02T09:00,18.1,30,6.8,772.0,172.0,751.8,73,0.00
2019-06-02T10:00,19.4,14,10.6,819.0,363.0,507.5,70,0.00
2019-06-02T11:00,21.0,7,13.9,830.0,475.0,372.3,68,0.00
2019-06-02T12:00,22.6,3,15.0,935.0,328.0,632.8,63,0.00
2019-06-02T13:00,23.6,18,14.8,858.0,355.0,549.7,60,0.00
2019-06-02T14:00,23.1,19,17.3,761.0,287.0,575.0,64,0.00
2019-06-02T15:00,22.2,15,14.2,646.0,170.0,686.7,67,0.00
2019-06-02T16:00,21.5,4,12.8,463.0,117.0,652.3,66,0.00
2019-06-02T17:00,18.8,5,13.4,255.0,103.0,437.8,74,0.00
2019-06-02T18:00,16.8,9,11.5,68.0,54.0,86.5,78,0.00
2019-06-02T19:00,15.7,22,10.9,0.0,0.0,0.0,79,0.00
2019-06-02T20:00,14.8,23,9.1,0.0,0.0,0.0,81,0.00
2019-06-02T21:00,14.1,32,5.9,0.0,0.0,0.0,84,0.00
2019-06-02T22:00,14.0,42,5.8,0.0,0.0,0.0,85,0.00
2019-06-02T23:00,13.8,53,5.8,0.0,0.0,0.0,89,0.00
2019-06-03T00:00,13.6,65,6.5,0.0,0.0,0.0,88,0.00
2019-06-03T01:00,13.6,61,5.4,0.0,0.0,0.0,89,0.00
2019-06-03T02:00,13.4,67,5.1,0.0,0.0,0.0,89,0.00
2019-06-03T03:00,13.4,65,6.4,0.0,0.0,0.0,88,0.00
2019-06-03T04:00,13.4,5,8.2,0.0,0.0,0.0,89,0.00
2019-06-03T05:00,13.6,36,2.8,72.0,38.0,241.9,86,0.00
2019-06-03T06:00,13.9,70,6.1,159.0,158.0,3.3,85,0.00
2019-06-03T07:00,14.9,47,8.5,316.0,258.0,118.1,85,0.00
2019-06-03T08:00,15.8,36,8.0,551.0,274.0,420.1,81,0.00
2019-06-03T09:00,17.4,21,9.7,703.0,489.0,268.0,78,0.00
2019-06-03T10:00,19.0,20,12.3,903.0,158.0,828.7,75,0.00
2019-06-03T11:00,21.1,15,14.7,970.0,203.0,804.0,70,0.00
2019-06-03T12:00,22.4,13,15.8,965.0,244.0,751.2,66,0.00
2019-06-03T13:00,23.0,11,16.6,927.0,143.0,856.0,65,0.00
2019-06-03T14:00,23.6,12,15.2,797.0,192.0,733.0,64,0.00
2019-06-03T15:00,24.4,14,14.4,659.0,128.0,764.7,60,0.00
2019-06-03T16:00,23.2,16,13.5,476.0,94.0,718.3,63,0.00
2019-06-03T17:00,21.0,5,12.2,268.0,93.0,501.7,69,0.00
2019-06-03T18:00,18.9,3,9.4,73.0,55.0,110.6,72,0.00
2019-06-03T19:00,17.0,17,7.4,0.0,0.0,0.0,77,0.00
2019-06-03T20:00,15.8,11,8.8,0.0,0.0,0.0,83,0.00
2019-06-03T21:00,15.1,3,8.9,0.0,0.0,0.0,84,0.00
2019-06-03T22:00,13.9,1,9.2,0.0,0.0,0.0,90,0.00
2019-06-03T23:00,13.5,1,7.5,0.0,0.0,0.0,90,0.00
2019-06-04T00:00,12.7,6,7.9,0.0,0.0,0.0,91,0.00
2019-06-04T01:00,12.3,2,8.4,0.0,0.0,0.0,91,0.00
2019-06-04T02:00,12.2,6,7.2,0.0,0.0,0.0,89,0.00
2019-06-04T03:00,11.9,8,7.4,0.0,0.0,0.0,89,0.00
2019-06-04T04:00,11.6,16,10.6,0.0,0.0,0.0,91,0.00
2019-06-04T05:00,13.0,18,6.0,77.0,46.0,220.0,91,0.00
2019-06-04T06:00,15.0,19,5.8,269.0,72.0,645.0,84,0.00
2019-06-04T07:00,17.4,18,3.5,482.0,100.0,777.4,75,0.00
2019-06-04T08:00,19.1,18,6.6,675.0,122.0,838.3,70,0.00
2019-06-04T09:00,21.0,0,8.3,826.0,137.0,862.5,65,0.00
2019-06-04T10:00,23.7,0,10.6,941.0,127.0,905.0,55,0.00
2019-06-04T11:00,26.2,0,12.0,998.0,133.0,906.2,47,0.00
2019-06-04T12:00,27.7,0,13.8,1000.0,134.0,901.7,45,0.00
2019-06-04T13:00,28.9,0,16.6,944.0,133.0,884.7,43,0.00
2019-06-04T14:00,28.8,0,15.8,833.0,128.0,853.2,45,0.00
2019-06-04T15:00,28.8,0,13.3,676.0,122.0,796.5,44,0.00
2019-06-04T16:00,27.9,0,14.4,487.0,105.0,716.5,46,0.00
2019-06-04T17:00,25.8,0,14.1,279.0,91.0,536.6,51,0.00
2019-06-04T18:00,23.7,0,11.5,80.0,56.0,146.7,50,0.00
2019-06-04T19:00,20.9,10,8.7,0.0,0.0,0.0,57,0.00
2019-06-04T20:00,19.1,10,9.7,0.0,0.0,0.0,61,0.00
2019-06-04T21:00,17.6,4,7.4,0.0,0.0,0.0,65,0.00
2019-06-04T22:00,16.1,10,5.5,0.0,0.0,0.0,71,0.00
2019-06-04T23:00,15.5,17,7.7,0.0,0.0,0.0,74,0.00
2019-06-05T00:00,14.9,8,8.9,0.0,0.0,0.0,81,0.00
2019-06-05T01:00,14.3,6,9.3,0.0,0.0,0.0,88,0.00
2019-06-05T02:00,14.0,4,7.7,0.0,0.0,0.0,88,0.00
2019-06-05T03:00,13.5,1,7.7,0.0,0.0,0.0,92,0.00
2019-06-05T04:00,13.2,2,10.2,0.0,0.0,0.0,92,0.00
2019-06-05T05:00,14.9,0,5.5,82.0,44.0,269.2,88,0.00
2019-06-05T06:00,17.1,0,5.3,279.0,87.0,627.6,78,0.00
2019-06-05T07:00,19.6,0,6.3,481.0,116.0,742.2,68,0.00
2019-06-05T08:00,21.1,0,7.6,667.0,146.0,789.4,63,0.00
2019-06-05T09:00,23.5,0,10.4,813.0,233.0,725.8,60,0.00
2019-06-05T10:00,25.9,0,14.2,942.0,142.0,889.1,54,0.00
2019-06-05T11:00,27.0,0,17.0,992.0,232.0,795.9,51,0.00
2019-06-05T12:00,27.2,0,16.9,1004.0,153.0,885.6,50,0.00
2019-06-05T13:00,27.1,0,17.2,952.0,212.0,806.7,49,0.00
2019-06-05T14:00,26.7,0,13.1,828.0,211.0,745.9,49,0.00
2019-06-05T15:00,26.0,0,14.0,690.0,182.0,729.2,47,0.00
2019-06-05T16:00,23.9,3,13.7,499.0,143.0,666.1,50,0.00
2019-06-05T17:00,21.0,8,14.8,263.0,167.0,272.8,59,0.00
2019-06-05T18:00,18.7,13,14.1,84.0,63.0,127.8,69,0.00
2019-06-05T19:00,16.6,15,10.4,0.0,0.0,0.0,76,0.00
2019-06-05T20:00,15.8,18,11.7,0.0,0.0,0.0,78,0.00
2019-06-05T21:00,14.8,16,10.5,0.0,0.0,0.0,83,0.00
2019-06-05T22:00,14.3,23,9.3,0.0,0.0,0.0,86,0.00
2019-06-05T23:00,13.4,29,8.8,0.0,0.0,0.0,90,0.00
2019-06-06T00:00,12.7,29,8.0,0.0,0.0,0.0,89,0.00
2019-06-06T01:00,12.2,26,8.2,0.0,0.0,0.0,92,0.00
2019-06-06T02:00,11.9,28,9.4,0.0,0.0,0.0,90,0.00
2019-06-06T03:00,11.3,30,7.8,0.0,0.0,0.0,91,0.00
2019-06-06T04:00,11.1,16,8.0,0.0,0.0,0.0,93,0.00
2019-06-06T05:00,12.4,36,4.0,86.0,51.0,247.5,91,0.00
2019-06-06T06:00,14.0,33,6.1,281.0,64.0,708.3,82,0.00
2019-06-06T07:00,15.6,31,7.2,475.0,124.0,713.2,70,0.00
2019-06-06T08:00,17.0,25,9.1,673.0,107.0,857.2,66,0.00
2019-06-06T09:00,20.0,17,14.7,798.0,288.0,638.0,58,0.00
2019-06-06T10:00,20.7,8,17.6,954.0,133.0,912.2,56,0.00
2019-06-06T11:00,21.5,15,15.4,1018.0,118.0,942.1,48,0.00
2019-06-06T12:00,21.5,1,15.1,1018.0,116.0,938.2,45,0.00
2019-06-06T13:00,21.8,0,16.5,967.0,120.0,922.6,36,0.00
2019-06-06T14:00,21.8,1,17.6,848.0,134.0,862.2,37,0.00
2019-06-06T15:00,21.5,0,16.9,689.0,127.0,805.5,35,0.00
2019-06-06T16:00,19.6,0,16.6,455.0,226.0,427.4,42,0.00
2019-06-06T17:00,18.1,0,16.2,280.0,114.0,469.9,44,0.00
2019-06-06T18:00,16.1,0,14.7,84.0,54.0,181.7,51,0.00
2019-06-06T19:00,14.9,11,11.6,0.0,0.0,0.0,54,0.00
2019-06-06T20:00,13.5,3,8.6,0.0,0.0,0.0,63,0.00
2019-06-06T21:00,12.7,6,4.6,0.0,0.0,0.0,70,0.00
2019-06-06T22:00,12.4,5,3.7,0.0,0.0,0.0,68,0.00
2019-06-06T23:00,11.5,3,2.3,0.0,0.0,0.0,73,0.00
2019-06-07T00:00,10.9,2,3.3,0.0,0.0,0.0,73,0.00
2019-06-07T01:00,10.5,3,4.1,0.0,0.0,0.0,72,0.00
2019-06-07T02:00,9.9,8,2.9,0.0,0.0,0.0,75,0.00
2019-06-07T03:00,9.2,2,5.6,0.0,0.0,0.0,79,0.00
2019-06-07T04:00,9.1,0,4.4,0.0,0.0,0.0,76,0.00
2019-06-07T05:00,10.6,0,1.3,72.0,66.0,42.4,79,0.00
2019-06-07T06:00,12.5,0,2.5,253.0,154.0,322.7,74,0.00
2019-06-07T07:00,14.2,6,4.0,453.0,268.0,375.7,62,0.00
2019-06-07T08:00,15.8,0,7.9,661.0,228.0,655.6,51,0.00
2019-06-07T09:00,17.7,0,10.8,846.0,181.0,831.6,44,0.00
2019-06-07T10:00,18.3,0,10.4,978.0,127.0,945.2,41,0.00
2019-06-07T11:00,19.9,0,10.9,1044.0,128.0,958.5,39,0.00
2019-06-07T12:00,21.6,0,12.7,1048.0,131.0,953.3,37,0.00
2019-06-07T13:00,22.9,0,15.6,985.0,130.0,930.7,34,0.00
2019-06-07T14:00,23.3,0,17.5,867.0,125.0,895.1,34,0.00
2019-06-07T15:00,23.4,0,16.6,705.0,119.0,838.7,33,0.00
2019-06-07T16:00,22.8,0,17.1,510.0,109.0,746.8,34,0.00
2019-06-07T17:00,21.6,0,16.7,296.0,92.0,575.2,44,0.00
2019-06-07T18:00,19.4,5,14.5,90.0,58.0,193.0,45,0.00
2019-06-07T19:00,17.3,10,12.9,0.0,0.0,0.0,55,0.00
2019-06-07T20:00,16.0,10,9.0,0.0,0.0,0.0,63,0.00
2019-06-07T21:00,15.2,6,5.9,0.0,0.0,0.0,65,0.00
2019-06-07T22:00,14.7,6,6.9,0.0,0.0,0.0,66,0.00
2019-06-07T23:00,13.8,6,7.9,0.0,0.0,0.0,69,0.00
2019-06-08T00:00,13.3,7,7.4,0.0,0.0,0.0,70,0.00
2019-06-08T01:00,12.5,10,3.6,0.0,0.0,0.0,67,0.00
2019-06-08T02:00,11.3,2,1.5,0.0,0.0,0.0,79,0.00
2019-06-08T03:00,11.1,2,5.2,0.0,0.0,0.0,80,0.00
2019-06-08T04:00,11.4,0,1.8,0.0,0.0,0.0,72,0.00
2019-06-08T05:00,14.2,0,4.4,93.0,33.0,423.1,67,0.00
2019-06-08T06:00,17.6,0,1.8,288.0,65.0,726.3,54,0.00
2019-06-08T07:00,20.1,0,7.2,496.0,86.0,832.3,32,0.00
2019-06-08T08:00,20.9,0,8.7,688.0,119.0,861.3,29,0.00
2019-06-08T09:00,22.7,0,9.0,856.0,126.0,912.7,26,0.00
2019-06-08T10:00,24.4,0,10.6,976.0,119.0,951.7,23,0.00
2019-06-08T11:00,26.7,0,14.7,1038.0,131.0,948.8,21,0.00
2019-06-08T12:00,27.8,0,16.1,1037.0,171.0,899.9,20,0.00
2019-06-08T13:00,28.4,0,15.6,980.0,176.0,874.6,20,0.00
2019-06-08T14:00,28.7,0,16.6,850.0,275.0,693.0,20,0.00
2019-06-08T15:00,28.9,0,14.8,696.0,226.0,671.7,20,0.00
2019-06-08T16:00,28.5,1,13.2,491.0,241.0,464.6,22,0.00
2019-06-08T17:00,27.9,0,13.3,289.0,132.0,441.0,20,0.00
2019-06-08T18:00,26.6,0,8.1,76.0,64.0,72.1,24,0.00
2019-06-08T19:00,23.2,0,6.4,0.0,0.0,0.0,36,0.00
2019-06-08T20:00,21.0,2,5.1,0.0,0.0,0.0,38,0.00
2019-06-08T21:00,19.5,2,7.8,0.0,0.0,0.0,38,0.00
2019-06-08T22:00,18.0,2,3.8,0.0,0.0,0.0,37,0.00
2019-06-08T23:00,16.3,6,5.1,0.0,0.0,0.0,39,0.00
2019-06-09T00:00,15.1,1,6.9,0.0,0.0,0.0,42,0.00
2019-06-09T01:00,14.3,1,7.7,0.0,0.0,0.0,47,0.00
2019-06-09T02:00,13.7,1,2.9,0.0,0.0,0.0,49,0.00
2019-06-09T03:00,12.8,1,0.5,0.0,0.0,0.0,54,0.00
2019-06-09T04:00,12.8,3,1.0,0.0,0.0,0.0,52,0.00
2019-06-09T05:00,15.4,0,3.2,88.0,60.0,197.2,53,0.00
2019-06-09T06:00,19.3,0,1.1,274.0,164.0,358.0,45,0.00
2019-06-09T07:00,24.4,0,0.8,437.0,268.0,343.0,33,0.00
2019-06-09T08:00,25.3,0,4.6,623.0,340.0,428.3,24,0.00
2019-06-09T09:00,27.6,0,11.0,841.0,228.0,766.4,21,0.00
2019-06-09T10:00,27.9,0,9.9,953.0,271.0,757.2,19,0.00
2019-06-09T11:00,28.8,0,10.0,1008.0,228.0,815.7,18,0.00
2019-06-09T12:00,30.5,0,12.3,996.0,365.0,655.4,19,0.00
2019-06-09T13:00,32.3,0,16.3,963.0,280.0,742.5,18,0.00
2019-06-09T14:00,33.5,0,16.2,843.0,252.0,711.6,17,0.00
2019-06-09T15:00,33.1,0,14.7,683.0,305.0,539.5,19,0.00
2019-06-09T16:00,32.8,62,10.6,479.0,241.0,441.3,18,0.00
2019-06-09T17:00,32.4,0,10.0,277.0,147.0,363.9,17,0.00
2019-06-09T18:00,30.6,0,7.1,81.0,77.0,23.9,20,0.00
2019-06-09T19:00,27.7,0,4.4,0.0,0.0,0.0,26,0.00
2019-06-09T20:00,26.4,0,1.8,0.0,0.0,0.0,27,0.00
2019-06-09T21:00,25.2,0,2.6,0.0,0.0,0.0,28,0.00
2019-06-09T22:00,23.8,0,4.8,0.0,0.0,0.0,32,0.00
2019-06-09T23:00,22.5,0,5.4,0.0,0.0,0.0,39,0.00
2019-06-10T00:00,21.4,0,3.0,0.0,0.0,0.0,40,0.00
2019-06-10T01:00,20.5,0,3.3,0.0,0.0,0.0,45,0.00
2019-06-10T02:00,19.7,0,3.8,0.0,0.0,0.0,46,0.00
2019-06-10T03:00,19.4,0,6.0,0.0,0.0,0.0,46,0.00
2019-06-10T04:00,18.8,0,1.5,0.0,0.0,0.0,47,0.00
2019-06-10T05:00,20.5,0,3.6,84.0,56.0,197.1,53,0.00
2019-06-10T06:00,22.5,0,1.4,256.0,143.0,367.6,52,0.00
2019-06-10T07:00,25.1,0,3.1,472.0,158.0,637.2,45,0.00
2019-06-10T08:00,27.3,0,6.4,665.0,181.0,732.5,37,0.00
2019-06-10T09:00,30.0,0,9.0,830.0,130.0,875.1,31,0.00
2019-06-10T10:00,32.0,0,10.8,942.0,146.0,883.7,28,0.00
2019-06-10T11:00,33.3,0,11.4,1001.0,167.0,872.0,27,0.00
2019-06-10T12:00,34.7,0,13.0,1012.0,184.0,859.7,25,0.00
2019-06-10T13:00,36.0,0,14.8,945.0,188.0,822.4,24,0.00
2019-06-10T14:00,37.3,0,15.9,826.0,199.0,754.3,22,0.00
2019-06-10T15:00,36.7,0,15.1,683.0,162.0,742.6,23,0.00
2019-06-10T16:00,36.4,15,11.7,481.0,178.0,560.7,22,0.00
2019-06-10T17:00,35.3,0,7.2,286.0,97.0,527.1,21,0.00
2019-06-10T18:00,32.4,1,7.8,70.0,67.0,17.8,27,0.00
2019-06-10T19:00,29.5,28,6.4,0.0,0.0,0.0,31,0.00
2019-06-10T20:00,27.9,44,5.6,0.0,0.0,0.0,31,0.00
2019-06-10T21:00,26.8,39,3.7,0.0,0.0,0.0,31,0.00
2019-06-10T22:00,25.6,20,3.3,0.0,0.0,0.0,33,0.00
2019-06-10T23:00,23.7,7,2.5,0.0,0.0,0.0,41,0.00
2019-06-11T00:00,22.5,10,2.6,0.0,0.0,0.0,45,0.00
2019-06-11T01:00,21.7,10,5.9,0.0,0.0,0.0,47,0.00
2019-06-11T02:00,21.4,10,4.0,0.0,0.0,0.0,44,0.00
2019-06-11T03:00,20.7,10,5.4,0.0,0.0,0.0,47,0.00
2019-06-11T04:00,20.1,8,7.4,0.0,0.0,0.0,51,0.00
2019-06-11T05:00,21.9,0,6.5,91.0,32.0,415.3,51,0.00
2019-06-11T06:00,24.7,0,4.0,280.0,65.0,699.4,47,0.00
2019-06-11T07:00,26.5,0,1.8,484.0,85.0,809.8,42,0.00
2019-06-11T08:00,28.3,0,5.2,676.0,102.0,868.7,40,0.00
2019-06-11T09:00,30.9,0,9.9,835.0,135.0,875.1,37,0.00
2019-06-11T10:00,32.6,0,11.6,953.0,116.0,929.1,34,0.00
2019-06-11T11:00,34.1,0,14.4,1013.0,121.0,932.4,33,0.00
2019-06-11T12:00,36.1,0,18.3,1007.0,125.0,915.4,30,0.00
2019-06-11T13:00,38.5,0,21.2,938.0,132.0,875.1,25,0.00
2019-06-11T14:00,39.1,0,15.5,848.0,174.0,810.1,19,0.00
2019-06-11T15:00,38.3,20,13.2,683.0,124.0,795.7,17,0.00
2019-06-11T16:00,36.8,0,8.6,501.0,121.0,701.8,17,0.00
2019-06-11T17:00,35.8,0,6.5,290.0,89.0,558.7,17,0.00
2019-06-11T18:00,33.3,24,5.1,85.0,66.0,111.9,21,0.00
2019-06-11T19:00,30.7,28,4.2,0.0,0.0,0.0,28,0.00
2019-06-11T20:00,28.1,15,2.5,0.0,0.0,0.0,33,0.00
2019-06-11T21:00,26.5,76,8.3,0.0,0.0,0.0,39,0.00
2019-06-11T22:00,24.7,81,4.0,0.0,0.0,0.0,46,0.00
2019-06-11T23:00,23.8,79,3.6,0.0,0.0,0.0,47,0.00
2019-06-12T00:00,23.8,87,1.3,0.0,0.0,0.0,46,0.00
2019-06-12T01:00,23.3,48,4.4,0.0,0.0,0.0,42,0.00
2019-06-12T02:00,23.3,92,5.9,0.0,0.0,0.0,43,0.00
2019-06-12T03:00,22.2,43,3.5,0.0,0.0,0.0,53,0.00
2019-06-12T04:00,21.2,22,5.7,0.0,0.0,0.0,60,0.00
2019-06-12T05:00,22.9,1,4.9,96.0,15.0,570.2,53,0.00
2019-06-12T06:00,24.1,0,7.6,279.0,72.0,673.5,52,0.00
2019-06-12T07:00,25.6,0,7.4,477.0,128.0,708.5,45,0.00
2019-06-12T08:00,26.9,0,9.8,672.0,113.0,846.2,44,0.00
2019-06-12T09:00,29.2,0,14.0,827.0,159.0,835.1,42,0.00
2019-06-12T10:00,30.4,0,14.6,944.0,103.0,933.5,40,0.00
2019-06-12T11:00,31.9,0,14.5,1006.0,75.0,973.0,36,0.00
2019-06-12T12:00,33.5,0,14.7,1007.0,78.0,963.8,33,0.00
2019-06-12T13:00,32.5,0,8.7,945.0,109.0,907.2,32,0.00
2019-06-12T14:00,32.1,0,6.5,844.0,70.0,929.5,32,0.00
2019-06-12T15:00,30.8,18,4.2,690.0,71.0,880.0,35,0.00
2019-06-12T16:00,27.8,17,7.9,505.0,97.0,752.0,42,0.00
2019-06-12T17:00,26.6,12,11.6,302.0,58.0,676.0,52,0.00
2019-06-12T18:00,22.8,16,12.8,102.0,44.0,339.0,62,0.00
2019-06-12T19:00,20.0,19,11.9,0.0,0.0,0.0,72,0.00
2019-06-12T20:00,18.8,22,9.7,0.0,0.0,0.0,75,0.00
2019-06-12T21:00,18.2,26,9.7,0.0,0.0,0.0,76,0.00
2019-06-12T22:00,17.4,27,8.9,0.0,0.0,0.0,78,0.00
2019-06-12T23:00,16.9,19,8.0,0.0,0.0,0.0,79,0.00
2019-06-13T00:00,16.3,31,8.3,0.0,0.0,0.0,81,0.00
2019-06-13T01:00,15.9,33,8.2,0.0,0.0,0.0,82,0.00
2019-06-13T02:00,16.2,45,8.4,0.0,0.0,0.0,81,0.00
2019-06-13T03:00,15.9,43,8.0,0.0,0.0,0.0,83,0.00
2019-06-13T04:00,15.9,49,7.5,0.0,0.0,0.0,83,0.00
2019-06-13T05:00,16.2,64,4.9,62.0,52.0,70.4,81,0.00
2019-06-13T06:00,17.2,55,7.2,173.0,144.0,94.4,79,0.00
2019-06-13T07:00,18.2,44,7.6,318.0,290.0,56.9,78,0.00
2019-06-13T08:00,20.3,18,11.6,498.0,367.0,198.4,71,0.00
2019-06-13T09:00,21.8,18,11.5,808.0,131.0,846.5,67,0.00
2019-06-13T10:00,23.4,11,14.0,923.0,132.0,878.0,64,0.00
2019-06-13T11:00,25.0,16,16.2,1004.0,109.0,935.2,61,0.00
2019-06-13T12:00,25.5,13,15.9,983.0,227.0,784.1,60,0.00
2019-06-13T13:00,26.0,13,19.0,957.0,127.0,900.2,61,0.00
2019-06-13T14:00,26.3,12,16.1,845.0,152.0,831.6,58,0.00
2019-06-13T15:00,25.6,13,14.8,709.0,140.0,807.9,58,0.00
2019-06-13T16:00,25.1,16,12.4,521.0,123.0,732.2,50,0.00
2019-06-13T17:00,22.5,14,14.6,314.0,41.0,753.9,62,0.00
2019-06-13T18:00,19.3,21,12.0,102.0,48.0,313.3,71,0.00
2019-06-13T19:00,17.3,30,11.6,0.0,0.0,0.0,74,0.00
2019-06-13T20:00,16.1,29,10.5,0.0,0.0,0.0,78,0.00
2019-06-13T21:00,15.4,36,9.8,0.0,0.0,0.0,80,0.00
2019-06-13T22:00,14.6,40,9.0,0.0,0.0,0.0,84,0.00
2019-06-13T23:00,14.0,54,8.7,0.0,0.0,0.0,86,0.00
2019-06-14T00:00,13.8,67,9.7,0.0,0.0,0.0,87,0.00
2019-06-14T01:00,13.9,75,6.4,0.0,0.0,0.0,86,0.00
2019-06-14T02:00,14.1,77,8.0,0.0,0.0,0.0,86,0.00
2019-06-14T03:00,14.1,77,9.0,0.0,0.0,0.0,86,0.00
2019-06-14T04:00,13.8,66,7.3,0.0,0.0,0.0,86,0.00
2019-06-14T05:00,14.2,60,5.5,74.0,33.0,288.9,84,0.00
2019-06-14T06:00,14.4,63,6.3,228.0,136.0,299.7,81,0.00
2019-06-14T07:00,15.4,67,8.6,330.0,240.0,182.9,80,0.00
2019-06-14T08:00,16.1,56,9.7,490.0,276.0,324.1,79,0.00
2019-06-14T09:00,17.4,26,10.3,703.0,347.0,445.2,73,0.00
2019-06-14T10:00,19.3,15,9.4,871.0,250.0,689.4,67,0.00
2019-06-14T11:00,21.7,16,14.1,947.0,252.0,726.2,62,0.00
2019-06-14T12:00,22.3,18,15.9,1012.0,99.0,946.6,61,0.00
2019-06-14T13:00,21.8,16,17.0,943.0,147.0,862.9,65,0.00
2019-06-14T14:00,22.1,14,16.4,816.0,138.0,812.9,64,0.00
2019-06-14T15:00,21.7,21,13.4,689.0,130.0,792.8,63,0.00
2019-06-14T16:00,21.0,26,9.0,524.0,58.0,855.8,59,0.00
2019-06-14T17:00,18.3,30,14.4,311.0,63.0,682.8,70,0.00
2019-06-14T18:00,15.7,42,11.6,92.0,49.0,247.8,76,0.00
2019-06-14T19:00,14.3,41,10.4,0.0,0.0,0.0,78,0.00
2019-06-14T20:00,13.5,44,7.2,0.0,0.0,0.0,79,0.00
2019-06-14T21:00,13.3,41,7.6,0.0,0.0,0.0,81,0.00
2019-06-14T22:00,13.0,44,6.4,0.0,0.0,0.0,83,0.00
2019-06-14T23:00,13.0,49,6.1,0.0,0.0,0.0,86,0.00
2019-06-15T00:00,12.9,60,5.7,0.0,0.0,0.0,85,0.00
2019-06-15T01:00,12.7,64,6.5,0.0,0.0,0.0,86,0.00
2019-06-15T02:00,12.6,70,5.8,0.0,0.0,0.0,86,0.00
2019-06-15T03:00,12.3,74,5.2,0.0,0.0,0.0,86,0.00
2019-06-15T04:00,12.4,83,7.8,0.0,0.0,0.0,86,0.00
2019-06-15T05:00,13.0,81,4.9,72.0,45.0,190.4,82,0.00
2019-06-15T06:00,13.6,77,6.0,219.0,195.0,78.2,80,0.00
2019-06-15T07:00,14.5,76,6.2,329.0,214.0,233.8,77,0.00
2019-06-15T08:00,15.4,61,7.7,503.0,343.0,242.5,76,0.00
2019-06-15T09:00,16.6,45,9.1,624.0,516.0,135.1,73,0.00
2019-06-15T10:00,18.0,34,13.0,794.0,564.0,255.3,73,0.00
2019-06-15T11:00,18.6,34,14.0,877.0,541.0,351.0,71,0.00
2019-06-15T12:00,19.9,28,10.5,930.0,470.0,476.8,60,0.00
2019-06-15T13:00,20.2,23,10.1,923.0,352.0,618.7,59,0.00
2019-06-15T14:00,20.3,29,13.4,772.0,265.0,607.4,65,0.00
2019-06-15T15:00,19.7,35,14.5,571.0,311.0,368.3,67,0.00
2019-06-15T16:00,19.1,33,10.4,506.0,208.0,546.3,63,0.00
2019-06-15T17:00,17.5,32,13.3,279.0,160.0,326.7,70,0.00
2019-06-15T18:00,15.3,34,12.1,91.0,81.0,57.3,77,0.00
2019-06-15T19:00,14.2,37,8.7,0.0,0.0,0.0,79,0.00
2019-06-15T20:00,13.6,52,8.8,0.0,0.0,0.0,81,0.00
2019-06-15T21:00,13.6,62,7.8,0.0,0.0,0.0,82,0.00
2019-06-15T22:00,13.4,69,8.0,0.0,0.0,0.0,83,0.00
2019-06-15T23:00,13.3,74,7.6,0.0,0.0,0.0,84,0.00
2019-06-16T00:00,12.9,79,7.2,0.0,0.0,0.0,85,0.00
2019-06-16T01:00,12.7,78,7.0,0.0,0.0,0.0,87,0.00
2019-06-16T02:00,12.5,78,5.8,0.0,0.0,0.0,87,0.00
2019-06-16T03:00,12.3,79,4.7,0.0,0.0,0.0,90,0.00
2019-06-16T04:00,12.3,52,4.2,0.0,0.0,0.0,89,0.00
2019-06-16T05:00,12.9,67,5.2,58.0,46.0,84.7,86,0.00
2019-06-16T06:00,13.3,70,5.0,139.0,139.0,0.0,83,0.00
2019-06-16T07:00,14.1,65,4.6,269.0,267.0,4.1,81,0.00
2019-06-16T08:00,14.9,66,6.1,530.0,260.0,409.3,80,0.00
2019-06-16T09:00,16.0,37,8.0,712.0,327.0,481.8,77,0.00
2019-06-16T10:00,17.8,26,11.1,832.0,330.0,557.4,74,0.00
2019-06-16T11:00,19.3,23,13.6,917.0,241.0,706.2,70,0.00
2019-06-16T12:00,20.3,15,16.2,956.0,220.0,762.8,68,0.00
2019-06-16T13:00,21.2,15,15.6,940.0,132.0,875.1,65,0.00
2019-06-16T14:00,21.7,15,15.5,852.0,155.0,834.5,63,0.00
2019-06-16T15:00,21.1,15,14.4,709.0,129.0,820.7,65,0.00
2019-06-16T16:00,20.4,20,15.7,524.0,87.0,799.8,65,0.00
2019-06-16T17:00,17.7,24,16.3,280.0,83.0,539.3,75,0.00
2019-06-16T18:00,15.7,23,12.4,95.0,67.0,159.3,79,0.00
2019-06-16T19:00,14.4,29,9.6,0.0,0.0,0.0,80,0.00
2019-06-16T20:00,13.7,26,8.7,0.0,0.0,0.0,81,0.00
2019-06-16T21:00,13.5,34,4.6,0.0,0.0,0.0,85,0.00
2019-06-16T22:00,13.5,41,6.6,0.0,0.0,0.0,86,0.00
2019-06-16T23:00,13.3,52,6.5,0.0,0.0,0.0,89,0.00
2019-06-17T00:00,13.2,47,4.9,0.0,0.0,0.0,88,0.00
2019-06-17T01:00,13.5,49,4.5,0.0,0.0,0.0,88,0.00
2019-06-17T02:00,13.6,52,4.2,0.0,0.0,0.0,87,0.00
2019-06-17T03:00,13.8,53,5.6,0.0,0.0,0.0,86,0.00
2019-06-17T04:00,13.5,64,10.1,0.0,0.0,0.0,89,0.00
2019-06-17T05:00,13.9,8,6.7,50.0,42.0,56.6,89,0.00
2019-06-17T06:00,14.9,48,10.0,205.0,143.0,202.7,87,0.00
2019-06-17T07:00,16.4,31,9.3,347.0,275.0,146.6,85,0.00
2019-06-17T08:00,17.4,14,8.8,640.0,125.0,781.2,78,0.00
2019-06-17T09:00,19.4,15,10.9,797.0,148.0,812.4,73,0.00
2019-06-17T10:00,21.5,11,12.6,912.0,199.0,791.8,67,0.00
2019-06-17T11:00,23.9,3,14.8,989.0,98.0,930.9,61,0.00
2019-06-17T12:00,24.7,2,15.4,999.0,86.0,946.0,61,0.00
2019-06-17T13:00,25.8,4,16.4,938.0,121.0,884.5,58,0.00
2019-06-17T14:00,25.8,5,14.5,831.0,150.0,814.8,59,0.00
2019-06-17T15:00,25.2,9,13.7,685.0,105.0,819.9,60,0.00
2019-06-17T16:00,24.5,11,13.4,509.0,66.0,809.5,61,0.00
2019-06-17T17:00,22.1,7,10.8,310.0,46.0,720.8,68,0.00
2019-06-17T18:00,20.3,10,9.8,106.0,43.0,356.5,71,0.00
2019-06-17T19:00,18.5,16,8.4,0.0,0.0,0.0,73,0.00
2019-06-17T20:00,17.3,17,6.9,0.0,0.0,0.0,77,0.00
2019-06-17T21:00,16.6,15,7.7,0.0,0.0,0.0,82,0.00
2019-06-17T22:00,15.9,13,8.3,0.0,0.0,0.0,85,0.00
2019-06-17T23:00,15.1,14,5.6,0.0,0.0,0.0,87,0.00
2019-06-18T00:00,14.4,20,4.9,0.0,0.0,0.0,87,0.00
2019-06-18T01:00,14.1,18,4.7,0.0,0.0,0.0,87,0.00
2019-06-18T02:00,14.8,23,4.7,0.0,0.0,0.0,86,0.00
2019-06-18T03:00,14.9,28,4.1,0.0,0.0,0.0,87,0.00
2019-06-18T04:00,14.8,28,8.1,0.0,0.0,0.0,89,0.00
2019-06-18T05:00,15.7,16,6.3,54.0,50.0,28.3,86,0.00
2019-06-18T06:00,16.1,35,5.1,205.0,117.0,288.1,89,0.00
2019-06-18T07:00,18.2,28,3.5,335.0,196.0,283.3,84,0.00
2019-06-18T08:00,19.4,15,7.9,607.0,116.0,745.3,81,0.00
2019-06-18T09:00,21.2,16,10.0,811.0,157.0,819.0,76,0.00
2019-06-18T10:00,23.9,16,13.7,937.0,87.0,944.2,69,0.00
2019-06-18T11:00,24.7,18,15.7,997.0,127.0,908.9,68,0.00
2019-06-18T12:00,25.2,13,15.6,1005.0,104.0,933.4,66,0.00
2019-06-18T13:00,25.3,13,17.4,962.0,84.0,950.1,67,0.00
2019-06-18T14:00,25.2,15,16.5,847.0,154.0,828.6,65,0.00
2019-06-18T15:00,24.7,8,13.4,706.0,66.0,903.8,64,0.00
2019-06-18T16:00,25.0,15,11.9,520.0,59.0,841.1,60,0.00
2019-06-18T17:00,21.6,15,13.9,305.0,79.0,615.5,74,0.00
2019-06-18T18:00,18.7,22,14.6,113.0,42.0,399.6,81,0.00
2019-06-18T19:00,17.0,18,11.6,0.0,0.0,0.0,82,0.00
2019-06-18T20:00,15.9,20,9.2,0.0,0.0,0.0,85,0.00
2019-06-18T21:00,15.2,27,8.4,0.0,0.0,0.0,88,0.00
2019-06-18T22:00,15.2,25,7.7,0.0,0.0,0.0,90,0.00
2019-06-18T23:00,15.0,31,3.5,0.0,0.0,0.0,90,0.00
2019-06-19T00:00,15.1,30,6.8,0.0,0.0,0.0,91,0.00
2019-06-19T01:00,15.3,49,5.4,0.0,0.0,0.0,89,0.00
2019-06-19T02:00,15.0,48,3.9,0.0,0.0,0.0,90,0.00
2019-06-19T03:00,15.2,37,5.0,0.0,0.0,0.0,89,0.00
2019-06-19T04:00,14.6,45,9.4,0.0,0.0,0.0,93,0.00
2019-06-19T05:00,15.2,31,6.0,51.0,51.0,0.0,92,0.00
2019-06-19T06:00,15.4,63,8.3,191.0,121.0,229.6,92,0.00
2019-06-19T07:00,15.8,51,7.2,390.0,193.0,402.0,91,0.00
2019-06-19T08:00,16.8,36,9.2,578.0,309.0,408.6,87,0.00
2019-06-19T09:00,18.5,30,11.1,698.0,419.0,349.6,83,0.00
2019-06-19T10:00,19.7,14,11.8,783.0,431.0,391.1,78,0.00
2019-06-19T11:00,21.9,15,14.0,959.0,194.0,799.3,73,0.00
2019-06-19T12:00,23.3,14,17.0,943.0,263.0,704.4,71,0.00
2019-06-19T13:00,23.3,16,17.5,914.0,222.0,748.6,73,0.00
2019-06-19T14:00,23.7,17,18.6,772.0,203.0,679.9,71,0.00
2019-06-19T15:00,22.6,18,17.8,693.0,116.0,814.1,73,0.00
2019-06-19T16:00,22.0,23,15.7,504.0,84.0,765.2,72,0.00
2019-06-19T17:00,19.8,22,13.6,295.0,89.0,559.8,77,0.00
2019-06-19T18:00,18.0,23,11.1,104.0,45.0,330.5,80,0.00
2019-06-19T19:00,16.9,28,8.1,0.0,0.0,0.0,81,0.00
2019-06-19T20:00,16.5,34,6.8,0.0,0.0,0.0,83,0.00
2019-06-19T21:00,16.2,31,5.8,0.0,0.0,0.0,84,0.00
2019-06-19T22:00,15.7,32,4.7,0.0,0.0,0.0,86,0.00
2019-06-19T23:00,15.1,37,4.5,0.0,0.0,0.0,89,0.00
2019-06-20T00:00,15.5,36,3.8,0.0,0.0,0.0,89,0.00
2019-06-20T01:00,15.2,36,6.8,0.0,0.0,0.0,87,0.00
2019-06-20T02:00,14.5,35,3.1,0.0,0.0,0.0,89,0.00
2019-06-20T03:00,13.9,40,5.0,0.0,0.0,0.0,89,0.00
2019-06-20T04:00,14.1,27,10.4,0.0,0.0,0.0,90,0.00
2019-06-20T05:00,15.4,37,6.9,63.0,36.0,192.0,86,0.00
2019-06-20T06:00,16.6,34,5.8,222.0,141.0,266.2,75,0.00
2019-06-20T07:00,18.0,32,3.4,453.0,104.0,713.0,68,0.00
2019-06-20T08:00,19.4,18,3.8,584.0,193.0,594.4,64,0.00
2019-06-20T09:00,20.6,2,7.2,735.0,227.0,636.8,63,0.00
2019-06-20T10:00,21.7,6,9.3,917.0,129.0,875.8,61,0.00
2019-06-20T11:00,23.2,16,13.2,984.0,197.0,822.3,61,0.00
2019-06-20T12:00,23.9,10,12.5,953.0,240.0,738.5,58,0.00
2019-06-20T13:00,24.1,11,4.8,874.0,304.0,616.4,54,0.00
2019-06-20T14:00,24.0,8,4.7,755.0,262.0,588.8,52,0.00
2019-06-20T15:00,23.5,10,6.1,661.0,206.0,641.4,51,0.00
2019-06-20T16:00,22.2,12,7.6,522.0,63.0,835.2,52,0.00
2019-06-20T17:00,21.3,17,4.5,295.0,91.0,553.2,55,0.00
2019-06-20T18:00,19.2,10,3.1,90.0,46.0,245.4,62,0.00
2019-06-20T19:00,17.6,16,5.5,0.0,0.0,0.0,68,0.00
2019-06-20T20:00,16.2,15,4.8,0.0,0.0,0.0,72,0.00
2019-06-20T21:00,15.8,11,4.0,0.0,0.0,0.0,72,0.00
2019-06-20T22:00,15.2,13,2.6,0.0,0.0,0.0,74,0.00
2019-06-20T23:00,14.1,12,3.7,0.0,0.0,0.0,80,0.00
2019-06-21T00:00,13.7,14,6.7,0.0,0.0,0.0,83,0.00
2019-06-21T01:00,13.1,13,4.5,0.0,0.0,0.0,85,0.00
2019-06-21T02:00,12.9,26,5.4,0.0,0.0,0.0,87,0.00
2019-06-21T03:00,12.7,28,7.0,0.0,0.0,0.0,88,0.00
2019-06-21T04:00,12.8,33,11.9,0.0,0.0,0.0,88,0.00
2019-06-21T05:00,14.0,72,8.0,81.0,42.0,278.0,82,0.00
2019-06-21T06:00,15.1,67,6.5,204.0,154.0,164.7,80,0.00
2019-06-21T07:00,16.2,50,5.7,352.0,227.0,255.7,78,0.00
2019-06-21T08:00,17.4,18,7.4,573.0,403.0,258.7,73,0.00
2019-06-21T09:00,19.1,10,8.2,775.0,224.0,691.1,67,0.00
2019-06-21T10:00,20.6,1,9.8,943.0,172.0,857.1,62,0.00
2019-06-21T11:00,23.6,2,13.2,1031.0,111.0,961.4,52,0.00
2019-06-21T12:00,24.5,8,16.3,1040.0,83.0,991.1,53,0.00
2019-06-21T13:00,24.1,0,11.2,981.0,130.0,920.1,50,0.00
2019-06-21T14:00,25.3,0,10.3,880.0,78.0,957.3,40,0.00
2019-06-21T15:00,24.8,0,9.0,731.0,50.0,959.3,40,0.00
2019-06-21T16:00,23.6,0,8.6,542.0,64.0,868.8,40,0.00
2019-06-21T17:00,22.1,0,11.3,333.0,58.0,744.3,49,0.00
2019-06-21T18:00,20.2,0,10.2,119.0,44.0,416.6,54,0.00
2019-06-21T19:00,18.3,1,8.0,0.0,0.0,0.0,61,0.00
2019-06-21T20:00,17.1,1,3.1,0.0,0.0,0.0,65,0.00
2019-06-21T21:00,16.0,0,2.1,0.0,0.0,0.0,67,0.00
2019-06-21T22:00,15.0,2,1.8,0.0,0.0,0.0,70,0.00
2019-06-21T23:00,13.8,3,3.3,0.0,0.0,0.0,79,0.00
2019-06-22T00:00,13.1,13,5.9,0.0,0.0,0.0,90,0.00
2019-06-22T01:00,12.6,12,5.2,0.0,0.0,0.0,91,0.00
2019-06-22T02:00,12.1,17,5.4,0.0,0.0,0.0,93,0.00
2019-06-22T03:00,11.9,15,4.3,0.0,0.0,0.0,90,0.00
2019-06-22T04:00,11.3,20,4.0,0.0,0.0,0.0,93,0.00
2019-06-22T05:00,13.1,18,7.6,96.0,17.0,564.6,88,0.00
2019-06-22T06:00,15.1,19,4.7,286.0,41.0,808.9,83,0.00
2019-06-22T07:00,17.5,18,4.0,490.0,67.0,866.5,73,0.00
2019-06-22T08:00,20.2,17,2.5,683.0,60.0,948.8,64,0.00
2019-06-22T09:00,22.3,12,4.4,843.0,66.0,975.1,55,0.00
2019-06-22T10:00,25.7,16,7.9,961.0,69.0,992.0,40,0.00
2019-06-22T11:00,28.0,0,10.8,1026.0,72.0,997.1,33,0.00
2019-06-22T12:00,30.0,0,13.2,1037.0,74.0,997.3,28,0.00
2019-06-22T13:00,31.4,0,14.6,983.0,74.0,982.5,27,0.00
2019-06-22T14:00,31.7,0,15.1,878.0,72.0,961.7,27,0.00
2019-06-22T15:00,30.8,1,16.3,725.0,69.0,923.4,30,0.00
2019-06-22T16:00,28.6,0,12.7,536.0,65.0,855.1,33,0.00
2019-06-22T17:00,27.0,0,11.2,326.0,59.0,721.4,39,0.00
2019-06-22T18:00,24.6,0,9.8,117.0,44.0,404.1,40,0.00
2019-06-22T19:00,21.4,10,5.5,0.0,0.0,0.0,53,0.00
2019-06-22T20:00,19.7,4,2.8,0.0,0.0,0.0,55,0.00
2019-06-22T21:00,18.3,1,2.8,0.0,0.0,0.0,56,0.00
2019-06-22T22:00,17.1,9,4.7,0.0,0.0,0.0,57,0.00
2019-06-22T23:00,16.1,13,4.1,0.0,0.0,0.0,60,0.00
2019-06-23T00:00,15.2,20,8.0,0.0,0.0,0.0,73,0.00
2019-06-23T01:00,14.4,20,7.0,0.0,0.0,0.0,79,0.00
2019-06-23T02:00,13.7,20,7.3,0.0,0.0,0.0,87,0.00
2019-06-23T03:00,13.2,20,8.6,0.0,0.0,0.0,84,0.00
2019-06-23T04:00,12.8,20,7.2,0.0,0.0,0.0,89,0.00
2019-06-23T05:00,14.4,16,5.5,93.0,21.0,516.0,85,0.00
2019-06-23T06:00,16.8,18,4.7,286.0,41.0,810.9,76,0.00
2019-06-23T07:00,18.8,16,3.6,491.0,48.0,908.8,69,0.00
2019-06-23T08:00,21.1,13,6.3,684.0,42.0,978.7,66,0.00
2019-06-23T09:00,23.5,11,8.5,836.0,91.0,935.5,60,0.00
2019-06-23T10:00,26.3,13,11.3,953.0,69.0,983.5,55,0.00
2019-06-23T11:00,28.4,0,14.0,1016.0,72.0,986.8,50,0.00
2019-06-23T12:00,29.9,2,16.9,1021.0,74.0,980.7,45,0.00
2019-06-23T13:00,31.2,0,16.5,967.0,74.0,965.1,43,0.00
2019-06-23T14:00,31.0,0,11.2,860.0,72.0,939.8,36,0.00
2019-06-23T15:00,30.5,0,9.0,713.0,70.0,904.5,35,0.00
2019-06-23T16:00,29.3,0,4.7,528.0,65.0,839.8,34,0.00
2019-06-23T17:00,27.1,16,10.0,322.0,58.0,712.2,43,0.00
2019-06-23T18:00,23.5,16,10.0,115.0,44.0,391.8,59,0.00
2019-06-23T19:00,20.3,18,7.6,0.0,0.0,0.0,69,0.00
2019-06-23T20:00,18.8,21,6.1,0.0,0.0,0.0,75,0.00
2019-06-23T21:00,17.5,23,5.9,0.0,0.0,0.0,83,0.00
2019-06-23T22:00,16.7,21,6.7,0.0,0.0,0.0,89,0.00
2019-06-23T23:00,16.0,20,5.6,0.0,0.0,0.0,89,0.00
2019-06-24T00:00,15.4,21,5.6,0.0,0.0,0.0,91,0.00
2019-06-24T01:00,14.9,21,6.0,0.0,0.0,0.0,91,0.00
2019-06-24T02:00,14.2,22,5.9,0.0,0.0,0.0,88,0.00
2019-06-24T03:00,13.7,33,6.0,0.0,0.0,0.0,89,0.00
2019-06-24T04:00,13.2,42,10.5,0.0,0.0,0.0,94,0.00
2019-06-24T05:00,15.0,50,6.9,54.0,54.0,0.0,89,0.00
2019-06-24T06:00,16.3,39,8.3,159.0,159.0,0.0,87,0.00
2019-06-24T07:00,17.8,25,7.6,414.0,262.0,312.3,81,0.00
2019-06-24T08:00,18.9,16,9.4,663.0,168.0,755.3,80,0.00
2019-06-24T09:00,21.6,16,11.4,828.0,245.0,732.6,70,0.00
2019-06-24T10:00,22.7,15,10.8,945.0,189.0,841.4,67,0.00
2019-06-24T11:00,25.4,15,15.0,1016.0,128.0,928.5,61,0.00
2019-06-24T12:00,26.8,15,14.7,1005.0,273.0,758.1,57,0.00
2019-06-24T13:00,27.4,0,14.0,962.0,195.0,828.8,55,0.00
2019-06-24T14:00,27.9,16,12.9,873.0,235.0,760.7,48,0.00
2019-06-24T15:00,27.1,1,8.0,705.0,198.0,712.8,46,0.00
2019-06-24T16:00,26.1,1,8.7,478.0,278.0,362.5,42,0.00
2019-06-24T17:00,23.6,16,13.4,324.0,142.0,490.3,46,0.00
2019-06-24T18:00,20.4,17,10.1,109.0,81.0,154.1,61,0.00
2019-06-24T19:00,18.9,14,9.2,0.0,0.0,0.0,65,0.00
2019-06-24T20:00,17.6,13,8.2,0.0,0.0,0.0,69,0.00
2019-06-24T21:00,16.9,17,10.5,0.0,0.0,0.0,72,0.00
2019-06-24T22:00,16.3,28,9.0,0.0,0.0,0.0,77,0.00
2019-06-24T23:00,16.0,19,6.4,0.0,0.0,0.0,80,0.00
2019-06-25T00:00,15.4,19,6.1,0.0,0.0,0.0,82,0.00
2019-06-25T01:00,14.6,15,11.3,0.0,0.0,0.0,85,0.00
2019-06-25T02:00,14.3,8,8.9,0.0,0.0,0.0,84,0.00
2019-06-25T03:00,13.7,7,8.7,0.0,0.0,0.0,88,0.00
2019-06-25T04:00,13.1,1,15.5,0.0,0.0,0.0,93,0.00
2019-06-25T05:00,14.3,8,8.3,88.0,35.0,382.1,84,0.00
2019-06-25T06:00,16.2,12,7.6,279.0,70.0,695.6,79,0.00
2019-06-25T07:00,17.7,13,6.2,467.0,87.0,782.1,73,0.00
2019-06-25T08:00,19.3,8,5.9,633.0,123.0,779.0,67,0.00
2019-06-25T09:00,21.2,0,9.1,822.0,142.0,855.1,55,0.00
2019-06-25T10:00,23.5,0,11.6,960.0,78.0,982.1,45,0.00
2019-06-25T11:00,24.5,0,11.3,1020.0,109.0,952.7,41,0.00
2019-06-25T12:00,25.7,0,11.9,1013.0,254.0,786.1,38,0.00
2019-06-25T13:00,26.3,0,14.8,945.0,288.0,709.8,39,0.00
2019-06-25T14:00,26.4,0,15.7,866.0,166.0,834.4,36,0.00
2019-06-25T15:00,25.7,0,17.0,712.0,147.0,794.0,38,0.00
2019-06-25T16:00,24.1,2,13.0,533.0,69.0,840.3,41,0.00
2019-06-25T17:00,23.0,1,11.3,326.0,56.0,726.6,43,0.00
2019-06-25T18:00,20.5,6,9.7,119.0,42.0,422.9,57,0.00
2019-06-25T19:00,18.5,17,7.9,0.0,0.0,0.0,53,0.00
2019-06-25T20:00,16.8,14,6.8,0.0,0.0,0.0,64,0.00
2019-06-25T21:00,15.8,7,5.2,0.0,0.0,0.0,66,0.00
2019-06-25T22:00,15.1,4,5.3,0.0,0.0,0.0,71,0.00
2019-06-25T23:00,14.3,3,5.4,0.0,0.0,0.0,77,0.00
2019-06-26T00:00,13.8,1,6.2,0.0,0.0,0.0,77,0.00
2019-06-26T01:00,13.5,1,7.6,0.0,0.0,0.0,80,0.00
2019-06-26T02:00,13.1,1,1.8,0.0,0.0,0.0,78,0.00
2019-06-26T03:00,12.5,3,2.2,0.0,0.0,0.0,81,0.00
2019-06-26T04:00,12.2,7,2.5,0.0,0.0,0.0,82,0.00
2019-06-26T05:00,14.0,1,3.8,89.0,20.0,499.1,72,0.00
2019-06-26T06:00,15.5,19,6.3,267.0,103.0,547.5,71,0.00
2019-06-26T07:00,16.6,28,7.6,371.0,157.0,441.2,71,0.00
2019-06-26T08:00,18.1,35,9.3,537.0,360.0,270.7,68,0.00
2019-06-26T09:00,19.3,48,12.8,693.0,463.0,289.4,68,0.00
2019-06-26T10:00,19.8,52,12.0,850.0,513.0,375.4,62,0.00
2019-06-26T11:00,20.8,35,13.8,937.0,545.0,410.1,61,0.00
2019-06-26T12:00,21.4,42,13.5,925.0,383.0,561.4,58,0.00
2019-06-26T13:00,22.0,26,14.5,858.0,377.0,519.6,55,0.00
2019-06-26T14:00,21.4,5,14.5,851.0,144.0,842.5,59,0.00
2019-06-26T15:00,21.2,0,16.3,705.0,116.0,827.4,57,0.00
2019-06-26T16:00,20.3,3,17.3,531.0,66.0,841.6,55,0.00
2019-06-26T17:00,18.8,13,16.6,315.0,77.0,640.0,56,0.00
2019-06-26T18:00,17.4,24,13.3,89.0,35.0,296.2,67,0.00
2019-06-26T19:00,16.2,38,13.3,0.0,0.0,0.0,73,0.00
2019-06-26T20:00,15.8,67,12.8,0.0,0.0,0.0,75,0.00
2019-06-26T21:00,15.5,65,11.2,0.0,0.0,0.0,75,0.00
2019-06-26T22:00,15.3,33,9.9,0.0,0.0,0.0,75,0.00
2019-06-26T23:00,14.3,44,3.8,0.0,0.0,0.0,79,0.00
2019-06-27T00:00,14.0,44,4.7,0.0,0.0,0.0,79,0.00
2019-06-27T01:00,13.7,57,1.1,0.0,0.0,0.0,81,0.00
2019-06-27T02:00,13.4,50,3.0,0.0,0.0,0.0,82,0.00
2019-06-27T03:00,13.4,28,2.9,0.0,0.0,0.0,81,0.00
2019-06-27T04:00,12.9,23,1.5,0.0,0.0,0.0,83,0.00
2019-06-27T05:00,13.3,10,3.4,69.0,48.0,152.4,84,0.00
2019-06-27T06:00,14.6,33,4.1,223.0,129.0,314.8,79,0.00
2019-06-27T07:00,15.6,16,7.1,441.0,167.0,565.9,73,0.00
2019-06-27T08:00,16.8,6,9.3,623.0,142.0,736.4,65,0.00
2019-06-27T09:00,18.1,10,10.8,807.0,209.0,753.1,60,0.00
2019-06-27T10:00,19.5,0,11.4,935.0,203.0,815.8,56,0.00
2019-06-27T11:00,21.4,0,14.4,1017.0,172.0,884.2,49,0.00
2019-06-27T12:00,22.3,9,17.1,1018.0,212.0,834.9,48,0.00
2019-06-27T13:00,22.5,15,17.9,984.0,98.0,957.1,51,0.00
2019-06-27T14:00,22.0,15,17.3,849.0,305.0,648.2,55,0.00
2019-06-27T15:00,21.5,16,15.9,709.0,240.0,658.6,55,0.00
2019-06-27T16:00,20.5,0,13.3,501.0,218.0,512.0,55,0.00
2019-06-27T17:00,19.3,0,13.7,287.0,198.0,239.2,58,0.00
2019-06-27T18:00,17.7,16,12.6,95.0,92.0,16.4,57,0.00
2019-06-27T19:00,16.7,0,12.4,0.0,0.0,0.0,65,0.00
2019-06-27T20:00,16.2,17,10.5,0.0,0.0,0.0,65,0.00
2019-06-27T21:00,15.8,0,4.7,0.0,0.0,0.0,68,0.00
2019-06-27T22:00,15.4,1,1.5,0.0,0.0,0.0,72,0.00
2019-06-27T23:00,14.6,0,1.3,0.0,0.0,0.0,74,0.00
2019-06-28T00:00,14.1,6,1.9,0.0,0.0,0.0,79,0.00
2019-06-28T01:00,14.0,1,3.1,0.0,0.0,0.0,78,0.00
2019-06-28T02:00,14.3,1,1.5,0.0,0.0,0.0,77,0.00
2019-06-28T03:00,14.2,17,2.6,0.0,0.0,0.0,77,0.00
2019-06-28T04:00,13.7,17,1.8,0.0,0.0,0.0,81,0.00
2019-06-28T05:00,14.4,13,3.4,75.0,55.0,145.7,76,0.00
2019-06-28T06:00,14.7,17,4.6,230.0,177.0,178.1,79,0.00
2019-06-28T07:00,15.9,15,5.5,457.0,152.0,631.1,75,0.00
2019-06-28T08:00,17.2,16,6.4,577.0,335.0,370.9,68,0.00
2019-06-28T09:00,18.8,16,7.6,781.0,354.0,538.1,62,0.00
2019-06-28T10:00,20.2,15,7.4,923.0,330.0,661.2,57,0.00
2019-06-28T11:00,21.5,12,9.0,1004.0,156.0,887.6,53,0.00
2019-06-28T12:00,22.9,5,12.0,1021.0,145.0,907.6,52,0.00
2019-06-28T13:00,23.7,2,14.0,983.0,165.0,883.7,48,0.00
2019-06-28T14:00,24.0,8,14.5,883.0,102.0,930.5,50,0.00
2019-06-28T15:00,23.4,8,15.7,702.0,236.0,654.3,52,0.00
2019-06-28T16:00,22.0,0,14.5,543.0,83.0,831.9,43,0.00
2019-06-28T17:00,20.4,1,12.8,341.0,58.0,760.2,47,0.00
2019-06-28T18:00,18.4,4,10.8,124.0,44.0,438.1,53,0.00
2019-06-28T19:00,16.7,10,7.2,0.0,0.0,0.0,58,0.00
2019-06-28T20:00,15.3,10,2.3,0.0,0.0,0.0,68,0.00
2019-06-28T21:00,14.4,16,4.3,0.0,0.0,0.0,76,0.00
2019-06-28T22:00,13.7,12,7.2,0.0,0.0,0.0,79,0.00
2019-06-28T23:00,13.1,14,6.8,0.0,0.0,0.0,83,0.00
2019-06-29T00:00,12.4,18,4.1,0.0,0.0,0.0,83,0.00
2019-06-29T01:00,11.6,15,3.9,0.0,0.0,0.0,86,0.00
2019-06-29T02:00,11.1,17,2.9,0.0,0.0,0.0,87,0.00
2019-06-29T03:00,10.7,19,3.6,0.0,0.0,0.0,87,0.00
2019-06-29T04:00,10.2,35,4.0,0.0,0.0,0.0,94,0.00
2019-06-29T05:00,11.6,26,1.9,57.0,46.0,80.5,89,0.00
2019-06-29T06:00,13.6,29,4.0,244.0,119.0,421.5,86,0.00
2019-06-29T07:00,15.5,15,6.1,396.0,302.0,194.9,78,0.00
2019-06-29T08:00,17.2,16,7.0,658.0,134.0,804.2,71,0.00
2019-06-29T09:00,19.7,0,10.2,841.0,156.0,864.0,63,0.00
2019-06-29T10:00,21.3,15,12.2,929.0,334.0,663.8,58,0.00
2019-06-29T11:00,22.9,15,14.2,1030.0,162.0,908.9,53,0.00
2019-06-29T12:00,23.7,15,15.8,1033.0,163.0,901.5,53,0.00
2019-06-29T13:00,23.7,15,14.2,954.0,355.0,647.1,50,0.00
2019-06-29T14:00,24.1,15,13.8,847.0,326.0,620.7,44,0.00
2019-06-29T15:00,23.3,14,13.8,707.0,250.0,641.5,45,0.00
2019-06-29T16:00,22.3,0,11.3,499.0,275.0,405.0,39,0.00
2019-06-29T17:00,21.3,0,10.5,318.0,159.0,427.0,45,0.00
2019-06-29T18:00,19.5,0,9.5,114.0,75.0,213.5,50,0.00
2019-06-29T19:00,17.2,0,7.2,0.0,0.0,0.0,61,0.00
2019-06-29T20:00,15.6,0,4.6,0.0,0.0,0.0,71,0.00
2019-06-29T21:00,14.7,0,4.3,0.0,0.0,0.0,77,0.00
2019-06-29T22:00,14.0,14,3.8,0.0,0.0,0.0,81,0.00
2019-06-29T23:00,13.4,15,4.8,0.0,0.0,0.0,81,0.00
2019-06-30T00:00,13.1,15,5.9,0.0,0.0,0.0,84,0.00
2019-06-30T01:00,12.5,15,5.0,0.0,0.0,0.0,88,0.00
2019-06-30T02:00,12.4,16,5.9,0.0,0.0,0.0,88,0.00
2019-06-30T03:00,12.2,18,7.0,0.0,0.0,0.0,89,0.00
2019-06-30T04:00,11.8,15,7.6,0.0,0.0,0.0,92,0.00
2019-06-30T05:00,13.1,17,6.7,78.0,27.0,374.6,86,0.00
2019-06-30T06:00,14.9,19,5.6,284.0,55.0,775.1,81,0.00
2019-06-30T07:00,16.3,16,6.0,480.0,91.0,808.2,78,0.00
2019-06-30T08:00,18.2,14,9.7,651.0,105.0,839.1,71,0.00
2019-06-30T09:00,20.4,16,13.4,828.0,131.0,880.0,66,0.00
2019-06-30T10:00,21.4,8,11.0,956.0,63.0,996.9,62,0.00
2019-06-30T11:00,22.8,10,12.1,1018.0,73.0,989.9,60,0.00
2019-06-30T12:00,23.2,12,9.0,1006.0,204.0,831.2,56,0.00
2019-06-30T13:00,23.5,11,10.9,968.0,130.0,905.4,53,0.00
2019-06-30T14:00,23.2,12,9.9,875.0,112.0,908.9,50,0.00
2019-06-30T15:00,23.2,14,13.3,731.0,62.0,939.0,53,0.00
2019-06-30T16:00,21.7,13,13.0,556.0,75.0,869.6,49,0.00
2019-06-30T17:00,19.7,12,13.0,332.0,56.0,741.1,65,0.00
2019-06-30T18:00,17.7,13,11.8,118.0,45.0,399.7,72,0.00
2019-06-30T19:00,16.3,18,7.8,0.0,0.0,0.0,74,0.00
2019-06-30T20:00,15.7,20,7.1,0.0,0.0,0.0,75,0.00
2019-06-30T21:00,15.0,23,6.1,0.0,0.0,0.0,79,0.00
2019-06-30T22:00,14.2,27,6.2,0.0,0.0,0.0,84,0.00
2019-06-30T23:00,13.5,32,5.8,0.0,0.0,0.0,87,0.00
2019-07-01T00:00,13.0,31,5.8,0.0,0.0,0.0,89,0.00
2019-07-01T01:00,12.4,34,5.2,0.0,0.0,0.0,92,0.00
2019-07-01T02:00,12.0,45,4.9,0.0,0.0,0.0,93,0.00
2019-07-01T03:00,11.8,45,5.9,0.0,0.0,0.0,92,0.00
2019-07-01T04:00,11.9,46,10.4,0.0,0.0,0.0,92,0.00
2019-07-01T05:00,13.3,48,3.7,86.0,31.0,405.8,85,0.00
2019-07-01T06:00,14.3,38,5.0,195.0,143.0,176.7,85,0.00
2019-07-01T07:00,16.0,24,6.8,459.0,81.0,787.1,75,0.00
2019-07-01T08:00,17.8,19,6.3,680.0,94.0,901.8,65,0.00
2019-07-01T09:00,19.4,14,9.7,823.0,128.0,878.3,63,0.00
2019-07-01T10:00,21.7,12,10.8,920.0,205.0,798.7,57,0.00
2019-07-01T11:00,23.4,13,13.3,1008.0,163.0,885.5,55,0.00
2019-07-01T12:00,23.9,12,12.8,1008.0,237.0,799.3,49,0.00
2019-07-01T13:00,24.2,15,14.0,979.0,153.0,892.6,46,0.00
2019-07-01T14:00,24.3,15,15.3,875.0,137.0,879.2,45,0.00
2019-07-01T15:00,23.0,11,13.7,705.0,301.0,567.0,47,0.00
2019-07-01T16:00,21.6,13,10.9,518.0,194.0,585.7,47,0.00
2019-07-01T17:00,21.3,12,11.4,305.0,121.0,494.1,53,0.00
2019-07-01T18:00,19.3,14,9.0,119.0,40.0,432.9,63,0.00
2019-07-01T19:00,17.3,14,7.2,0.0,0.0,0.0,67,0.00
2019-07-01T20:00,16.1,17,5.6,0.0,0.0,0.0,71,0.00
2019-07-01T21:00,15.3,13,7.6,0.0,0.0,0.0,75,0.00
2019-07-01T22:00,14.7,14,7.1,0.0,0.0,0.0,79,0.00
2019-07-01T23:00,14.1,13,6.1,0.0,0.0,0.0,82,0.00
2019-07-02T00:00,13.4,3,6.8,0.0,0.0,0.0,86,0.00
2019-07-02T01:00,13.1,0,8.7,0.0,0.0,0.0,86,0.00
2019-07-02T02:00,12.6,0,4.4,0.0,0.0,0.0,86,0.00
2019-07-02T03:00,12.4,2,7.3,0.0,0.0,0.0,86,0.00
2019-07-02T04:00,11.9,17,9.2,0.0,0.0,0.0,91,0.00
2019-07-02T05:00,13.6,8,4.5,83.0,18.0,481.9,85,0.00
2019-07-02T06:00,15.2,16,5.7,268.0,54.0,730.4,78,0.00
2019-07-02T07:00,16.9,8,5.9,476.0,43.0,903.7,69,0.00
2019-07-02T08:00,18.5,15,9.1,653.0,108.0,840.0,62,0.00
2019-07-02T09:00,20.1,6,9.4,813.0,158.0,828.6,56,0.00
2019-07-02T10:00,21.2,6,9.1,944.0,83.0,962.5,49,0.00
2019-07-02T11:00,22.0,13,9.5,1001.0,179.0,861.8,46,0.00
2019-07-02T12:00,22.2,15,11.0,1027.0,109.0,952.0,49,0.00
2019-07-02T13:00,22.3,15,12.1,963.0,227.0,795.4,50,0.00
2019-07-02T14:00,22.2,14,12.8,874.0,174.0,834.0,51,0.00
2019-07-02T15:00,21.4,14,11.5,717.0,168.0,770.6,55,0.00
2019-07-02T16:00,20.2,14,10.2,466.0,201.0,479.1,55,0.00
2019-07-02T17:00,20.1,15,7.6,305.0,126.0,480.7,57,0.00
2019-07-02T18:00,18.7,11,6.5,117.0,49.0,373.0,61,0.00
2019-07-02T19:00,17.0,12,7.7,0.0,0.0,0.0,68,0.00
2019-07-02T20:00,16.0,10,5.9,0.0,0.0,0.0,72,0.00
2019-07-02T21:00,15.3,15,4.3,0.0,0.0,0.0,75,0.00
2019-07-02T22:00,14.7,18,6.2,0.0,0.0,0.0,78,0.00
2019-07-02T23:00,13.9,28,3.6,0.0,0.0,0.0,82,0.00
2019-07-03T00:00,13.6,30,5.1,0.0,0.0,0.0,82,0.00
2019-07-03T01:00,12.7,37,6.1,0.0,0.0,0.0,88,0.00
2019-07-03T02:00,12.5,39,6.2,0.0,0.0,0.0,88,0.00
2019-07-03T03:00,12.2,38,7.4,0.0,0.0,0.0,86,0.00
2019-07-03T04:00,11.6,42,11.3,0.0,0.0,0.0,92,0.00
2019-07-03T05:00,12.7,31,6.2,73.0,31.0,313.0,87,0.00
2019-07-03T06:00,13.9,32,4.3,219.0,86.0,456.0,82,0.00
2019-07-03T07:00,15.7,28,3.9,423.0,131.0,611.0,74,0.00
2019-07-03T08:00,17.5,18,3.7,636.0,177.0,708.5,68,0.00
2019-07-03T09:00,19.4,13,5.4,803.0,161.0,813.0,61,0.00
2019-07-03T10:00,21.7,14,8.8,915.0,149.0,856.9,56,0.00
2019-07-03T11:00,22.7,15,10.4,987.0,178.0,848.6,54,0.00
2019-07-03T12:00,23.3,12,12.7,989.0,244.0,772.8,55,0.00
2019-07-03T13:00,23.0,11,11.3,982.0,86.0,968.6,54,0.00
2019-07-03T14:00,23.4,14,13.4,851.0,152.0,832.9,56,0.00
2019-07-03T15:00,23.3,15,15.5,736.0,54.0,957.4,52,0.00
2019-07-03T16:00,21.9,13,14.2,548.0,46.0,907.7,48,0.00
2019-07-03T17:00,20.4,13,12.3,331.0,71.0,698.6,59,0.00
2019-07-03T18:00,18.0,23,10.2,120.0,44.0,417.4,67,0.00
2019-07-03T19:00,16.1,34,10.5,0.0,0.0,0.0,70,0.00
2019-07-03T20:00,15.2,44,9.8,0.0,0.0,0.0,74,0.00
2019-07-03T21:00,14.8,43,10.5,0.0,0.0,0.0,78,0.00
2019-07-03T22:00,14.1,40,6.5,0.0,0.0,0.0,81,0.00
2019-07-03T23:00,13.6,37,6.4,0.0,0.0,0.0,84,0.00
2019-07-04T00:00,13.2,28,7.2,0.0,0.0,0.0,85,0.00
2019-07-04T01:00,12.6,29,5.4,0.0,0.0,0.0,87,0.00
2019-07-04T02:00,12.2,27,6.7,0.0,0.0,0.0,89,0.00
2019-07-04T03:00,12.0,28,6.9,0.0,0.0,0.0,90,0.00
2019-07-04T04:00,11.8,33,10.1,0.0,0.0,0.0,90,0.00
2019-07-04T05:00,12.9,43,7.0,83.0,35.0,359.6,87,0.00
2019-07-04T06:00,14.5,38,6.2,196.0,132.0,220.5,82,0.00
2019-07-04T07:00,16.3,35,5.4,422.0,140.0,591.6,72,0.00
2019-07-04T08:00,17.9,23,8.3,634.0,196.0,677.2,65,0.00
2019-07-04T09:00,19.3,24,9.1,778.0,281.0,630.1,61,0.00
2019-07-04T10:00,20.8,21,10.2,929.0,156.0,865.4,57,0.00
2019-07-04T11:00,22.7,15,12.0,1018.0,72.0,992.8,54,0.00
2019-07-04T12:00,23.5,12,12.1,1024.0,101.0,957.8,52,0.00
2019-07-04T13:00,24.3,16,11.9,986.0,95.0,963.4,52,0.00
2019-07-04T14:00,24.2,14,11.9,874.0,80.0,946.2,55,0.00
2019-07-04T15:00,24.0,16,12.7,728.0,154.0,805.9,55,0.00
2019-07-04T16:00,23.2,20,12.3,536.0,123.0,746.9,53,0.00
2019-07-04T17:00,20.6,15,14.1,330.0,67.0,707.0,66,0.00
2019-07-04T18:00,18.5,24,10.7,121.0,34.0,478.7,70,0.00
2019-07-04T19:00,16.6,24,10.3,0.0,0.0,0.0,75,0.00
2019-07-04T20:00,15.6,36,7.3,0.0,0.0,0.0,78,0.00
2019-07-04T21:00,14.8,23,7.4,0.0,0.0,0.0,81,0.00
2019-07-04T22:00,14.1,25,8.9,0.0,0.0,0.0,84,0.00
2019-07-04T23:00,13.4,35,7.7,0.0,0.0,0.0,87,0.00
2019-07-05T00:00,13.0,32,7.6,0.0,0.0,0.0,88,0.00
2019-07-05T01:00,12.9,45,6.7,0.0,0.0,0.0,90,0.00
2019-07-05T02:00,13.7,51,4.4,0.0,0.0,0.0,87,0.00
2019-07-05T03:00,13.9,45,6.0,0.0,0.0,0.0,88,0.00
2019-07-05T04:00,13.6,39,9.9,0.0,0.0,0.0,89,0.00
2019-07-05T05:00,14.0,56,6.2,75.0,20.0,414.4,88,0.00
2019-07-05T06:00,15.0,51,6.3,149.0,134.0,51.9,85,0.00
2019-07-05T07:00,15.5,45,5.6,339.0,193.0,307.1,83,0.00
2019-07-05T08:00,17.0,13,7.6,541.0,317.0,346.9,79,0.00
2019-07-05T09:00,19.3,19,11.0,772.0,224.0,695.5,72,0.00
2019-07-05T10:00,21.4,16,11.2,939.0,123.0,914.3,64,0.00
2019-07-05T11:00,23.5,17,12.8,1015.0,76.0,986.0,58,0.00
2019-07-05T12:00,25.1,10,13.3,1023.0,99.0,959.2,54,0.00
2019-07-05T13:00,26.2,4,16.9,973.0,104.0,939.9,55,0.00
2019-07-05T14:00,26.3,1,14.5,871.0,80.0,942.9,51,0.00
2019-07-05T15:00,25.7,1,12.3,740.0,82.0,924.0,48,0.00
2019-07-05T16:00,24.1,0,11.4,536.0,65.0,852.1,52,0.00
2019-07-05T17:00,21.9,14,12.3,329.0,58.0,729.1,55,0.00
2019-07-05T18:00,19.1,15,11.1,118.0,44.0,408.1,68,0.00
2019-07-05T19:00,17.5,13,7.6,0.0,0.0,0.0,68,0.00
2019-07-05T20:00,16.4,16,7.4,0.0,0.0,0.0,72,0.00
2019-07-05T21:00,15.7,17,7.9,0.0,0.0,0.0,75,0.00
2019-07-05T22:00,14.7,17,8.3,0.0,0.0,0.0,81,0.00
2019-07-05T23:00,13.8,18,6.5,0.0,0.0,0.0,85,0.00
2019-07-06T00:00,13.3,18,7.9,0.0,0.0,0.0,86,0.00
2019-07-06T01:00,12.8,16,9.5,0.0,0.0,0.0,89,0.00
2019-07-06T02:00,12.5,16,7.2,0.0,0.0,0.0,87,0.00
2019-07-06T03:00,12.1,25,8.0,0.0,0.0,0.0,89,0.00
2019-07-06T04:00,12.2,25,11.5,0.0,0.0,0.0,87,0.00
2019-07-06T05:00,13.3,16,9.8,77.0,21.0,424.4,86,0.00
2019-07-06T06:00,15.0,23,7.4,243.0,78.0,574.3,82,0.00
2019-07-06T07:00,16.4,18,6.6,438.0,109.0,694.0,74,0.00
2019-07-06T08:00,19.0,15,10.7,647.0,147.0,775.8,67,0.00
2019-07-06T09:00,20.9,15,10.6,753.0,250.0,639.2,61,0.00
2019-07-06T10:00,23.1,0,11.5,916.0,294.0,697.5,56,0.00
2019-07-06T11:00,25.1,0,12.1,991.0,157.0,876.3,46,0.00
2019-07-06T12:00,25.7,0,10.7,998.0,283.0,742.6,41,0.00
2019-07-06T13:00,26.4,0,12.4,963.0,257.0,763.8,38,0.00
2019-07-06T14:00,26.1,0,15.5,879.0,187.0,825.1,39,0.00
2019-07-06T15:00,24.9,0,16.6,711.0,158.0,776.8,40,0.00
2019-07-06T16:00,23.8,10,14.0,534.0,157.0,682.4,41,0.00
2019-07-06T17:00,20.7,0,11.9,324.0,62.0,705.5,53,0.00
2019-07-06T18:00,18.9,3,9.8,105.0,79.0,143.8,57,0.00
2019-07-06T19:00,17.1,15,9.5,0.0,0.0,0.0,64,0.00
2019-07-06T20:00,16.1,17,8.9,0.0,0.0,0.0,68,0.00
2019-07-06T21:00,15.4,16,7.6,0.0,0.0,0.0,73,0.00
2019-07-06T22:00,14.7,15,6.2,0.0,0.0,0.0,76,0.00
2019-07-06T23:00,14.2,17,8.0,0.0,0.0,0.0,79,0.00
2019-07-07T00:00,13.6,19,7.3,0.0,0.0,0.0,81,0.00
2019-07-07T01:00,12.9,11,8.0,0.0,0.0,0.0,82,0.00
2019-07-07T02:00,12.7,14,8.0,0.0,0.0,0.0,83,0.00
2019-07-07T03:00,12.4,17,11.3,0.0,0.0,0.0,86,0.00
2019-07-07T04:00,12.4,15,10.5,0.0,0.0,0.0,86,0.00
2019-07-07T05:00,13.4,22,6.3,64.0,49.0,114.4,86,0.00
2019-07-07T06:00,14.9,31,4.5,230.0,182.0,168.0,78,0.00
2019-07-07T07:00,15.8,33,6.9,401.0,193.0,440.0,72,0.00
2019-07-07T08:00,17.3,32,4.7,572.0,192.0,590.7,65,0.00
2019-07-07T09:00,19.1,25,4.7,744.0,255.0,622.2,62,0.00
2019-07-07T10:00,20.8,20,2.3,876.0,188.0,772.2,55,0.00
2019-07-07T11:00,22.4,13,2.3,957.0,168.0,829.5,48,0.00
2019-07-07T12:00,23.1,11,5.4,961.0,248.0,740.8,47,0.00
2019-07-07T13:00,23.2,10,8.4,936.0,201.0,795.5,47,0.00
2019-07-07T14:00,22.8,13,10.7,855.0,93.0,908.9,50,0.00
2019-07-07T15:00,22.5,15,12.5,680.0,141.0,757.5,49,0.00
2019-07-07T16:00,20.5,23,8.7,495.0,99.0,717.2,50,0.00
2019-07-07T17:00,19.5,25,8.8,309.0,88.0,595.8,59,0.00
2019-07-07T18:00,18.7,31,6.9,116.0,34.0,454.9,60,0.00
2019-07-07T19:00,17.1,34,7.2,0.0,0.0,0.0,66,0.00
2019-07-07T20:00,16.4,38,6.5,0.0,0.0,0.0,68,0.00
2019-07-07T21:00,15.7,42,7.5,0.0,0.0,0.0,71,0.00
2019-07-07T22:00,14.9,46,8.4,0.0,0.0,0.0,76,0.00
2019-07-07T23:00,14.5,45,7.1,0.0,0.0,0.0,76,0.00
2019-07-08T00:00,13.7,44,7.1,0.0,0.0,0.0,80,0.00
2019-07-08T01:00,13.2,44,5.2,0.0,0.0,0.0,84,0.00
2019-07-08T02:00,12.8,41,4.0,0.0,0.0,0.0,86,0.00
2019-07-08T03:00,12.5,61,6.2,0.0,0.0,0.0,89,0.00
2019-07-08T04:00,12.5,59,8.0,0.0,0.0,0.0,89,0.00
2019-07-08T05:00,13.5,52,4.6,71.0,39.0,245.6,85,0.00
2019-07-08T06:00,14.6,55,4.1,252.0,105.0,517.3,78,0.00
2019-07-08T07:00,18.4,57,1.1,330.0,256.0,157.0,72,0.00
2019-07-08T08:00,17.7,51,3.2,429.0,399.0,46.7,69,0.00
2019-07-08T09:00,19.1,43,5.5,734.0,424.0,394.9,62,0.00
2019-07-08T10:00,20.6,35,7.4,881.0,288.0,666.2,55,0.00
2019-07-08T11:00,20.8,36,10.7,980.0,178.0,843.7,51,0.00
2019-07-08T12:00,21.4,44,13.6,979.0,266.0,741.2,54,0.00
2019-07-08T13:00,21.0,48,16.7,933.0,209.0,783.9,60,0.00
2019-07-08T14:00,20.6,45,15.7,814.0,249.0,674.2,62,0.00
2019-07-08T15:00,20.0,42,16.4,646.0,212.0,610.2,65,0.00
2019-07-08T16:00,19.0,45,14.3,364.0,225.0,251.9,65,0.00
2019-07-08T17:00,17.6,45,14.0,233.0,159.0,199.8,70,0.00
2019-07-08T18:00,16.4,47,12.0,59.0,56.0,16.7,75,0.00
2019-07-08T19:00,15.8,45,9.4,0.0,0.0,0.0,75,0.00
2019-07-08T20:00,15.3,44,7.1,0.0,0.0,0.0,76,0.00
2019-07-08T21:00,14.9,51,6.3,0.0,0.0,0.0,78,0.00
2019-07-08T22:00,14.7,39,7.0,0.0,0.0,0.0,80,0.00
2019-07-08T23:00,14.2,43,4.9,0.0,0.0,0.0,81,0.00
2019-07-09T00:00,13.9,40,4.8,0.0,0.0,0.0,82,0.00
2019-07-09T01:00,13.4,38,1.8,0.0,0.0,0.0,84,0.00
2019-07-09T02:00,13.3,35,4.1,0.0,0.0,0.0,86,0.00
2019-07-09T03:00,13.2,55,4.8,0.0,0.0,0.0,86,0.00
2019-07-09T04:00,13.4,67,6.8,0.0,0.0,0.0,87,0.00
2019-07-09T05:00,14.4,68,6.1,50.0,34.0,123.6,82,0.00
2019-07-09T06:00,14.7,69,6.1,152.0,128.0,84.9,79,0.00
2019-07-09T07:00,15.5,57,7.0,332.0,229.0,219.2,79,0.00
2019-07-09T08:00,16.6,43,9.4,508.0,299.0,326.1,77,0.00
2019-07-09T09:00,18.4,40,11.7,640.0,440.0,255.1,72,0.00
2019-07-09T10:00,19.3,25,10.2,855.0,226.0,707.3,70,0.00
2019-07-09T11:00,21.1,15,11.4,948.0,243.0,742.2,66,0.00
2019-07-09T12:00,22.7,21,14.3,959.0,294.0,691.7,66,0.00
2019-07-09T13:00,23.7,22,16.6,899.0,297.0,652.1,64,0.00
2019-07-09T14:00,23.6,17,17.2,816.0,367.0,536.0,65,0.00
2019-07-09T15:00,22.9,29,17.3,684.0,259.0,597.9,65,0.00
2019-07-09T16:00,21.9,28,16.8,508.0,169.0,614.9,66,0.00
2019-07-09T17:00,20.5,27,13.1,256.0,204.0,140.6,73,0.00
2019-07-09T18:00,19.3,26,9.5,86.0,72.0,78.3,78,0.00
2019-07-09T19:00,18.4,58,9.0,0.0,0.0,0.0,81,0.00
2019-07-09T20:00,18.1,68,7.0,0.0,0.0,0.0,83,0.00
2019-07-09T21:00,18.1,69,7.6,0.0,0.0,0.0,84,0.00
2019-07-09T22:00,17.8,75,8.4,0.0,0.0,0.0,85,0.00
2019-07-09T23:00,17.7,79,8.7,0.0,0.0,0.0,86,0.00
2019-07-10T00:00,17.4,73,8.1,0.0,0.0,0.0,86,0.00
2019-07-10T01:00,17.2,69,6.7,0.0,0.0,0.0,87,0.00
2019-07-10T02:00,17.2,74,6.9,0.0,0.0,0.0,87,0.00
2019-07-10T03:00,17.1,80,4.5,0.0,0.0,0.0,86,0.00
2019-07-10T04:00,17.1,84,2.9,0.0,0.0,0.0,86,0.00
2019-07-10T05:00,17.4,79,5.0,38.0,31.0,54.4,85,0.00
2019-07-10T06:00,17.4,82,6.9,189.0,110.0,281.3,84,0.00
2019-07-10T07:00,17.7,82,7.6,378.0,178.0,427.0,82,0.00
2019-07-10T08:00,18.7,86,9.4,543.0,275.0,419.0,79,0.00
2019-07-10T09:00,20.4,66,13.0,574.0,418.0,199.3,77,0.00
2019-07-10T10:00,21.2,26,12.8,792.0,349.0,498.6,74,0.00
2019-07-10T11:00,22.4,1,13.5,963.0,169.0,836.5,69,0.00
2019-07-10T12:00,23.7,0,14.9,986.0,109.0,912.7,66,0.00
2019-07-10T13:00,24.4,0,15.5,939.0,96.0,913.6,62,0.00
2019-07-10T14:00,25.0,0,14.8,845.0,73.0,922.0,57,0.00
2019-07-10T15:00,25.0,0,15.2,693.0,82.0,860.0,55,0.00
2019-07-10T16:00,24.4,0,14.3,511.0,70.0,800.7,55,0.00
2019-07-10T17:00,22.9,0,14.4,310.0,57.0,685.3,59,0.00
2019-07-10T18:00,20.5,15,13.6,106.0,42.0,359.5,67,0.00
2019-07-10T19:00,18.8,17,12.0,0.0,0.0,0.0,73,0.00
2019-07-10T20:00,17.7,10,8.7,0.0,0.0,0.0,78,0.00
2019-07-10T21:00,17.1,10,5.5,0.0,0.0,0.0,79,0.00
2019-07-10T22:00,16.8,9,3.9,0.0,0.0,0.0,80,0.00
2019-07-10T23:00,16.4,11,1.9,0.0,0.0,0.0,83,0.00
2019-07-11T00:00,16.0,16,2.2,0.0,0.0,0.0,84,0.00
2019-07-11T01:00,15.4,22,3.2,0.0,0.0,0.0,88,0.00
2019-07-11T02:00,15.1,28,1.5,0.0,0.0,0.0,89,0.00
2019-07-11T03:00,14.8,29,2.6,0.0,0.0,0.0,90,0.00
2019-07-11T04:00,14.3,33,2.6,0.0,0.0,0.0,92,0.00
2019-07-11T05:00,14.9,16,3.6,61.0,21.0,313.2,90,0.00
2019-07-11T06:00,16.2,38,4.8,235.0,52.0,655.5,87,0.00
2019-07-11T07:00,17.7,28,6.6,428.0,127.0,644.7,84,0.00
2019-07-11T08:00,19.1,19,9.1,653.0,131.0,817.8,78,0.00
2019-07-11T09:00,21.2,11,11.4,811.0,113.0,892.8,71,0.00
2019-07-11T10:00,22.8,13,13.1,928.0,105.0,927.2,69,0.00
2019-07-11T11:00,24.2,0,14.8,994.0,71.0,973.1,67,0.00
2019-07-11T12:00,25.0,13,15.5,1002.0,72.0,968.5,64,0.00
2019-07-11T13:00,25.5,16,16.1,960.0,76.0,958.6,61,0.00
2019-07-11T14:00,25.6,14,17.2,838.0,131.0,844.9,60,0.00
2019-07-11T15:00,24.7,20,14.8,683.0,116.0,798.7,61,0.00
2019-07-11T16:00,23.1,22,12.2,520.0,51.0,852.5,63,0.00
2019-07-11T17:00,21.7,23,14.9,312.0,55.0,697.5,72,0.00
2019-07-11T18:00,19.5,27,11.3,107.0,41.0,372.6,74,0.00
2019-07-11T19:00,17.7,30,9.7,0.0,0.0,0.0,78,0.00
2019-07-11T20:00,16.5,35,7.6,0.0,0.0,0.0,80,0.00
2019-07-11T21:00,16.0,30,6.6,0.0,0.0,0.0,81,0.00
2019-07-11T22:00,15.4,34,7.2,0.0,0.0,0.0,84,0.00
2019-07-11T23:00,15.0,35,4.5,0.0,0.0,0.0,86,0.00
2019-07-12T00:00,14.7,34,5.4,0.0,0.0,0.0,86,0.00
2019-07-12T01:00,14.2,42,5.6,0.0,0.0,0.0,90,0.00
2019-07-12T02:00,14.4,50,4.5,0.0,0.0,0.0,89,0.00
2019-07-12T03:00,14.1,47,5.4,0.0,0.0,0.0,88,0.00
2019-07-12T04:00,13.4,72,4.9,0.0,0.0,0.0,93,0.00
2019-07-12T05:00,13.9,22,1.1,35.0,34.0,7.9,91,0.00
2019-07-12T06:00,14.9,48,4.6,211.0,100.0,400.1,88,0.00
2019-07-12T07:00,16.2,40,6.1,303.0,270.0,70.9,85,0.00
2019-07-12T08:00,17.4,20,8.2,562.0,267.0,463.1,82,0.00
2019-07-12T09:00,19.5,20,9.4,759.0,250.0,652.0,73,0.00
2019-07-12T10:00,22.0,16,11.0,931.0,68.0,973.3,66,0.00
2019-07-12T11:00,24.3,17,14.4,1000.0,72.0,979.2,62,0.00
2019-07-12T12:00,25.1,17,14.5,1010.0,88.0,960.7,61,0.00
2019-07-12T13:00,25.4,17,15.9,968.0,72.0,972.2,61,0.00
2019-07-12T14:00,25.7,14,16.6,852.0,127.0,866.9,59,0.00
2019-07-12T15:00,24.7,16,15.1,705.0,112.0,836.0,61,0.00
2019-07-12T16:00,23.8,17,15.5,513.0,98.0,755.2,59,0.00
2019-07-12T17:00,21.7,15,14.1,316.0,58.0,701.8,70,0.00
2019-07-12T18:00,19.0,17,11.3,104.0,47.0,323.6,73,0.00
2019-07-12T19:00,17.2,17,8.9,0.0,0.0,0.0,76,0.00
2019-07-12T20:00,15.9,24,8.1,0.0,0.0,0.0,80,0.00
2019-07-12T21:00,15.0,32,6.7,0.0,0.0,0.0,84,0.00
2019-07-12T22:00,14.2,31,8.4,0.0,0.0,0.0,86,0.00
2019-07-12T23:00,13.8,37,6.2,0.0,0.0,0.0,87,0.00
2019-07-13T00:00,13.6,34,4.3,0.0,0.0,0.0,88,0.00
2019-07-13T01:00,13.0,42,3.7,0.0,0.0,0.0,90,0.00
2019-07-13T02:00,13.3,44,4.5,0.0,0.0,0.0,89,0.00
2019-07-13T03:00,13.2,40,4.7,0.0,0.0,0.0,91,0.00
2019-07-13T04:00,12.7,67,1.1,0.0,0.0,0.0,93,0.00
2019-07-13T05:00,13.7,20,1.5,49.0,32.0,135.0,90,0.00
2019-07-13T06:00,14.8,42,4.6,215.0,94.0,438.9,87,0.00
2019-07-13T07:00,16.1,29,6.3,313.0,243.0,150.9,87,0.00
2019-07-13T08:00,17.7,22,7.6,606.0,281.0,511.3,79,0.00
2019-07-13T09:00,20.8,15,12.3,808.0,160.0,831.2,71,0.00
2019-07-13T10:00,22.1,13,14.7,943.0,77.0,977.7,68,0.00
2019-07-13T11:00,23.0,15,15.3,1003.0,71.0,984.2,67,0.00
2019-07-13T12:00,24.3,13,16.9,1012.0,81.0,970.8,64,0.00
2019-07-13T13:00,24.2,15,16.3,965.0,103.0,935.9,64,0.00
2019-07-13T14:00,24.1,15,15.5,858.0,130.0,871.1,64,0.00
2019-07-13T15:00,24.1,15,14.1,706.0,120.0,826.9,61,0.00
2019-07-13T16:00,23.6,16,12.4,526.0,64.0,841.9,55,0.00
2019-07-13T17:00,21.7,9,11.6,318.0,57.0,711.7,64,0.00
2019-07-13T18:00,19.7,13,9.3,107.0,42.0,371.3,69,0.00
2019-07-13T19:00,17.6,15,8.3,0.0,0.0,0.0,74,0.00
2019-07-13T20:00,16.5,16,6.5,0.0,0.0,0.0,78,0.00
2019-07-13T21:00,15.6,15,6.0,0.0,0.0,0.0,83,0.00
2019-07-13T22:00,14.9,16,5.5,0.0,0.0,0.0,87,0.00
2019-07-13T23:00,14.4,17,5.4,0.0,0.0,0.0,90,0.00
2019-07-14T00:00,13.9,18,5.2,0.0,0.0,0.0,90,0.00
2019-07-14T01:00,13.3,21,4.7,0.0,0.0,0.0,90,0.00
2019-07-14T02:00,12.8,20,3.2,0.0,0.0,0.0,89,0.00
2019-07-14T03:00,12.5,20,5.1,0.0,0.0,0.0,90,0.00
2019-07-14T04:00,12.0,19,5.8,0.0,0.0,0.0,95,0.00
2019-07-14T05:00,13.7,27,4.7,62.0,22.0,320.1,90,0.00
2019-07-14T06:00,16.1,25,8.2,245.0,117.0,467.3,81,0.00
2019-07-14T07:00,17.5,19,8.3,447.0,89.0,774.5,74,0.00
2019-07-14T08:00,19.3,16,6.6,653.0,76.0,909.7,68,0.00
2019-07-14T09:00,21.4,18,10.7,814.0,100.0,917.2,63,0.00
2019-07-14T10:00,22.6,13,13.1,924.0,190.0,829.5,60,0.00
2019-07-14T11:00,23.2,13,16.0,992.0,154.0,885.7,61,0.00
2019-07-14T12:00,23.8,15,15.5,1018.0,80.0,978.8,57,0.00
2019-07-14T13:00,24.1,14,15.9,969.0,95.0,949.5,58,0.00
2019-07-14T14:00,24.4,11,16.2,868.0,71.0,954.4,57,0.00
2019-07-14T15:00,24.3,7,14.4,713.0,68.0,911.0,60,0.00
2019-07-14T16:00,24.1,1,13.0,527.0,54.0,863.2,50,0.00
2019-07-14T17:00,23.0,0,12.3,317.0,57.0,710.8,61,0.00
2019-07-14T18:00,21.2,0,10.9,99.0,52.0,270.3,58,0.00
2019-07-14T19:00,19.0,10,7.2,0.0,0.0,0.0,63,0.00
2019-07-14T20:00,18.0,10,6.0,0.0,0.0,0.0,64,0.00
2019-07-14T21:00,17.4,10,5.4,0.0,0.0,0.0,67,0.00
2019-07-14T22:00,16.8,10,4.6,0.0,0.0,0.0,69,0.00
2019-07-14T23:00,16.0,10,0.8,0.0,0.0,0.0,71,0.00
2019-07-15T00:00,15.6,10,2.5,0.0,0.0,0.0,72,0.00
2019-07-15T01:00,15.0,10,1.9,0.0,0.0,0.0,73,0.00
2019-07-15T02:00,14.8,10,2.4,0.0,0.0,0.0,71,0.00
2019-07-15T03:00,14.8,10,4.6,0.0,0.0,0.0,67,0.00
2019-07-15T04:00,14.5,10,5.2,0.0,0.0,0.0,68,0.00
2019-07-15T05:00,15.9,0,3.7,62.0,15.0,379.0,76,0.00
2019-07-15T06:00,18.0,0,3.7,248.0,36.0,779.1,74,0.00
2019-07-15T07:00,20.6,0,3.9,450.0,48.0,872.7,61,0.00
2019-07-15T08:00,22.7,0,6.9,641.0,56.0,924.3,53,0.00
2019-07-15T09:00,25.0,0,11.2,806.0,62.0,957.2,45,0.00
2019-07-15T10:00,26.7,0,13.8,931.0,67.0,977.5,44,0.00
2019-07-15T11:00,27.3,0,17.2,1000.0,70.0,983.7,43,0.00
2019-07-15T12:00,27.6,0,17.2,1010.0,71.0,980.6,42,0.00
2019-07-15T13:00,27.9,0,18.9,965.0,71.0,972.0,43,0.00
2019-07-15T14:00,28.0,0,19.7,861.0,70.0,948.0,42,0.00
2019-07-15T15:00,27.0,13,19.1,707.0,67.0,904.9,46,0.00
2019-07-15T16:00,25.7,15,17.9,515.0,75.0,804.3,49,0.00
2019-07-15T17:00,24.4,13,16.9,309.0,55.0,696.5,60,0.00
2019-07-15T18:00,21.7,16,13.4,103.0,35.0,394.0,65,0.00
2019-07-15T19:00,20.0,16,11.5,0.0,0.0,0.0,69,0.00
2019-07-15T20:00,19.0,19,8.2,0.0,0.0,0.0,73,0.00
2019-07-15T21:00,18.0,25,7.3,0.0,0.0,0.0,79,0.00
2019-07-15T22:00,17.1,35,7.2,0.0,0.0,0.0,82,0.00
2019-07-15T23:00,16.6,35,5.6,0.0,0.0,0.0,83,0.00
2019-07-16T00:00,16.2,37,3.6,0.0,0.0,0.0,85,0.00
2019-07-16T01:00,15.7,26,4.7,0.0,0.0,0.0,89,0.00
2019-07-16T02:00,15.6,24,6.1,0.0,0.0,0.0,87,0.00
2019-07-16T03:00,14.9,25,6.4,0.0,0.0,0.0,89,0.00
2019-07-16T04:00,14.3,30,10.3,0.0,0.0,0.0,94,0.00
2019-07-16T05:00,15.6,2,8.5,58.0,14.0,357.6,87,0.00
2019-07-16T06:00,17.0,27,8.4,236.0,43.0,714.0,84,0.00
2019-07-16T07:00,18.4,16,5.8,416.0,73.0,747.2,74,0.00
2019-07-16T08:00,20.3,17,7.3,627.0,118.0,805.9,70,0.00
2019-07-16T09:00,22.9,14,10.8,795.0,113.0,878.7,60,0.00
2019-07-16T10:00,24.8,0,11.9,918.0,98.0,928.8,54,0.00
2019-07-16T11:00,26.7,0,15.5,984.0,71.0,966.6,46,0.00
2019-07-16T12:00,27.4,0,15.7,997.0,73.0,965.7,42,0.00
2019-07-16T13:00,28.5,0,16.9,956.0,70.0,964.1,36,0.00
2019-07-16T14:00,28.0,0,18.4,851.0,70.0,936.9,34,0.00
2019-07-16T15:00,26.9,3,18.1,701.0,67.0,897.5,37,0.00
2019-07-16T16:00,25.1,13,15.2,518.0,60.0,838.7,40,0.00
2019-07-16T17:00,23.3,20,16.0,310.0,55.0,701.4,45,0.00
2019-07-16T18:00,20.8,30,12.2,88.0,49.0,227.8,54,0.00
2019-07-16T19:00,19.1,35,8.7,0.0,0.0,0.0,62,0.00
2019-07-16T20:00,17.3,42,9.2,0.0,0.0,0.0,72,0.00
2019-07-16T21:00,16.5,46,9.5,0.0,0.0,0.0,76,0.00
2019-07-16T22:00,15.6,45,6.6,0.0,0.0,0.0,79,0.00
2019-07-16T23:00,15.1,43,6.3,0.0,0.0,0.0,81,0.00
2019-07-17T00:00,14.7,38,7.2,0.0,0.0,0.0,82,0.00
2019-07-17T01:00,14.2,27,6.4,0.0,0.0,0.0,84,0.00
2019-07-17T02:00,13.8,24,4.8,0.0,0.0,0.0,86,0.00
2019-07-17T03:00,13.6,21,5.6,0.0,0.0,0.0,86,0.00
2019-07-17T04:00,13.4,21,8.8,0.0,0.0,0.0,89,0.00
2019-07-17T05:00,14.1,6,8.1,51.0,37.0,114.7,87,0.00
2019-07-17T06:00,16.5,20,11.3,208.0,64.0,536.4,78,0.00
2019-07-17T07:00,18.2,15,9.0,440.0,70.0,808.9,68,0.00
2019-07-17T08:00,19.5,15,8.2,660.0,86.0,910.8,64,0.00
2019-07-17T09:00,21.3,9,7.4,790.0,213.0,744.6,60,0.00
2019-07-17T10:00,23.5,0,10.2,905.0,181.0,821.0,55,0.00
2019-07-17T11:00,25.6,0,11.8,980.0,188.0,839.3,51,0.00
2019-07-17T12:00,27.6,0,11.5,994.0,165.0,867.1,44,0.00
2019-07-17T13:00,28.7,0,15.6,956.0,102.0,930.0,45,0.00
2019-07-17T14:00,28.4,0,14.1,854.0,63.0,949.8,46,0.00
2019-07-17T15:00,27.8,0,12.7,700.0,80.0,878.8,46,0.00
2019-07-17T16:00,27.4,0,10.0,505.0,101.0,741.3,46,0.00
2019-07-17T17:00,25.6,16,10.9,307.0,49.0,712.1,57,0.00
2019-07-17T18:00,23.4,17,10.1,96.0,50.0,271.0,63,0.00
2019-07-17T19:00,21.1,17,8.0,0.0,0.0,0.0,68,0.00
2019-07-17T20:00,19.9,20,5.7,0.0,0.0,0.0,72,0.00
2019-07-17T21:00,19.2,10,5.9,0.0,0.0,0.0,75,0.00
2019-07-17T22:00,18.2,13,7.6,0.0,0.0,0.0,78,0.00
2019-07-17T23:00,17.3,25,6.1,0.0,0.0,0.0,81,0.00
2019-07-18T00:00,16.6,20,5.3,0.0,0.0,0.0,83,0.00
2019-07-18T01:00,16.0,41,6.9,0.0,0.0,0.0,81,0.00
2019-07-18T02:00,15.6,37,6.3,0.0,0.0,0.0,82,0.00
2019-07-18T03:00,15.4,32,8.0,0.0,0.0,0.0,84,0.00
2019-07-18T04:00,14.8,25,10.8,0.0,0.0,0.0,85,0.00
2019-07-18T05:00,15.1,20,7.2,50.0,26.0,198.1,87,0.00
2019-07-18T06:00,16.4,34,6.7,214.0,112.0,382.6,80,0.00
2019-07-18T07:00,17.9,24,5.2,352.0,237.0,252.3,74,0.00
2019-07-18T08:00,20.0,19,7.9,586.0,220.0,582.1,67,0.00
2019-07-18T09:00,22.3,13,8.6,747.0,279.0,604.8,59,0.00
2019-07-18T10:00,24.4,9,8.6,896.0,142.0,856.0,52,0.00
2019-07-18T11:00,25.6,0,6.8,947.0,275.0,712.8,49,0.00
2019-07-18T12:00,26.4,7,8.6,994.0,76.0,961.0,47,0.00
2019-07-18T13:00,26.5,14,7.7,955.0,96.0,936.3,49,0.00
2019-07-18T14:00,26.2,13,11.2,847.0,120.0,873.9,51,0.00
2019-07-18T15:00,25.8,22,10.3,698.0,81.0,875.8,53,0.00
2019-07-18T16:00,23.7,25,7.2,505.0,79.0,783.3,57,0.00
2019-07-18T17:00,22.6,26,4.8,303.0,56.0,684.3,60,0.00
2019-07-18T18:00,20.1,23,8.4,95.0,41.0,320.3,72,0.00
2019-07-18T19:00,18.0,31,7.7,0.0,0.0,0.0,78,0.00
2019-07-18T20:00,17.1,25,3.8,0.0,0.0,0.0,79,0.00
2019-07-18T21:00,16.9,21,3.6,0.0,0.0,0.0,80,0.00
2019-07-18T22:00,16.8,18,4.0,0.0,0.0,0.0,79,0.00
2019-07-18T23:00,16.4,13,4.0,0.0,0.0,0.0,82,0.00
2019-07-19T00:00,15.7,20,4.2,0.0,0.0,0.0,84,0.00
2019-07-19T01:00,15.4,30,6.2,0.0,0.0,0.0,85,0.00
2019-07-19T02:00,15.3,29,5.9,0.0,0.0,0.0,85,0.00
2019-07-19T03:00,14.9,30,6.2,0.0,0.0,0.0,87,0.00
2019-07-19T04:00,14.6,24,10.6,0.0,0.0,0.0,88,0.00
2019-07-19T05:00,15.3,2,8.3,48.0,21.0,224.8,87,0.00
2019-07-19T06:00,17.0,33,7.4,214.0,57.0,593.0,81,0.00
2019-07-19T07:00,18.6,30,4.3,414.0,81.0,733.2,75,0.00
2019-07-19T08:00,20.1,16,4.7,635.0,96.0,859.2,71,0.00
2019-07-19T09:00,22.2,12,2.6,663.0,263.0,517.8,63,0.00
2019-07-19T10:00,24.3,11,3.4,844.0,242.0,684.2,55,0.00
2019-07-19T11:00,25.3,6,9.2,937.0,191.0,792.1,50,0.00
2019-07-19T12:00,26.8,8,14.7,933.0,265.0,699.9,50,0.00
2019-07-19T13:00,27.1,7,13.7,891.0,257.0,691.7,47,0.00
2019-07-19T14:00,26.9,10,11.2,829.0,99.0,878.5,46,0.00
2019-07-19T15:00,26.2,3,9.7,715.0,120.0,845.8,47,0.00
2019-07-19T16:00,25.2,8,12.8,492.0,73.0,772.1,48,0.00
2019-07-19T17:00,24.3,9,5.5,305.0,52.0,703.7,49,0.00
2019-07-19T18:00,21.8,5,4.4,93.0,40.0,315.8,57,0.00
2019-07-19T19:00,19.4,15,6.2,0.0,0.0,0.0,69,0.00
2019-07-19T20:00,18.3,26,5.5,0.0,0.0,0.0,72,0.00
2019-07-19T21:00,17.6,16,3.2,0.0,0.0,0.0,74,0.00
2019-07-19T22:00,17.4,13,3.1,0.0,0.0,0.0,75,0.00
2019-07-19T23:00,16.7,14,2.9,0.0,0.0,0.0,78,0.00
2019-07-20T00:00,16.2,16,3.0,0.0,0.0,0.0,81,0.00
2019-07-20T01:00,15.5,26,4.7,0.0,0.0,0.0,83,0.00
2019-07-20T02:00,15.3,36,5.5,0.0,0.0,0.0,83,0.00
2019-07-20T03:00,15.0,42,3.9,0.0,0.0,0.0,83,0.00
2019-07-20T04:00,14.7,52,5.6,0.0,0.0,0.0,84,0.00
2019-07-20T05:00,15.6,20,4.1,47.0,19.0,235.1,83,0.00
2019-07-20T06:00,16.4,84,4.3,200.0,78.0,464.2,79,0.00
2019-07-20T07:00,17.3,77,4.4,276.0,237.0,86.2,78,0.00
2019-07-20T08:00,18.1,36,4.6,449.0,307.0,226.9,76,0.00
2019-07-20T09:00,19.4,11,7.4,701.0,289.0,534.2,70,0.00
2019-07-20T10:00,21.3,8,12.4,842.0,293.0,624.8,68,0.00
2019-07-20T11:00,23.1,1,13.5,926.0,188.0,784.4,62,0.00
2019-07-20T12:00,24.3,9,14.9,938.0,226.0,746.8,60,0.00
2019-07-20T13:00,24.5,10,10.5,931.0,128.0,877.0,56,0.00
2019-07-20T14:00,24.9,14,12.2,831.0,163.0,804.8,58,0.00
2019-07-20T15:00,24.1,17,13.8,668.0,141.0,750.4,62,0.00
2019-07-20T16:00,23.4,18,6.9,502.0,90.0,761.1,56,0.00
2019-07-20T17:00,20.4,16,13.6,300.0,61.0,667.6,73,0.00
2019-07-20T18:00,18.4,16,11.7,93.0,39.0,323.3,77,0.00
2019-07-20T19:00,17.2,19,10.4,0.0,0.0,0.0,78,0.00
2019-07-20T20:00,16.3,17,9.1,0.0,0.0,0.0,81,0.00
2019-07-20T21:00,15.9,18,7.5,0.0,0.0,0.0,82,0.00
2019-07-20T22:00,15.6,19,7.1,0.0,0.0,0.0,84,0.00
2019-07-20T23:00,15.3,17,4.1,0.0,0.0,0.0,86,0.00
2019-07-21T00:00,15.2,30,5.2,0.0,0.0,0.0,87,0.00
2019-07-21T01:00,15.4,39,5.8,0.0,0.0,0.0,87,0.00
2019-07-21T02:00,15.6,41,3.6,0.0,0.0,0.0,85,0.00
2019-07-21T03:00,15.4,37,6.0,0.0,0.0,0.0,85,0.00
2019-07-21T04:00,14.9,45,8.3,0.0,0.0,0.0,87,0.00
2019-07-21T05:00,15.0,6,8.1,39.0,30.0,76.2,89,0.00
2019-07-21T06:00,16.1,60,7.2,169.0,101.0,260.7,84,0.00
2019-07-21T07:00,16.4,37,6.8,293.0,199.0,208.6,88,0.00
2019-07-21T08:00,17.6,18,7.2,498.0,284.0,342.7,87,0.00
2019-07-21T09:00,19.7,16,10.2,751.0,273.0,620.8,77,0.00
2019-07-21T10:00,22.0,14,11.7,899.0,111.0,897.9,70,0.00
2019-07-21T11:00,24.2,12,13.7,965.0,156.0,860.8,65,0.00
2019-07-21T12:00,24.9,1,14.8,984.0,76.0,953.3,64,0.00
2019-07-21T13:00,24.6,1,15.8,931.0,113.0,894.3,64,0.00
2019-07-21T14:00,24.1,1,15.5,822.0,230.0,714.2,67,0.00
2019-07-21T15:00,24.3,14,12.3,676.0,147.0,754.5,64,0.00
2019-07-21T16:00,24.4,13,12.1,497.0,65.0,800.1,61,0.00
2019-07-21T17:00,23.6,10,8.9,293.0,57.0,662.2,70,0.00
2019-07-21T18:00,21.6,5,9.7,86.0,41.0,270.8,71,0.00
2019-07-21T19:00,19.6,18,7.3,0.0,0.0,0.0,75,0.00
2019-07-21T20:00,18.3,21,8.2,0.0,0.0,0.0,81,0.00
2019-07-21T21:00,17.4,22,8.0,0.0,0.0,0.0,84,0.00
2019-07-21T22:00,16.9,13,6.3,0.0,0.0,0.0,85,0.00
2019-07-21T23:00,16.3,21,4.3,0.0,0.0,0.0,87,0.00
2019-07-22T00:00,15.9,22,5.3,0.0,0.0,0.0,89,0.00
2019-07-22T01:00,15.4,23,5.1,0.0,0.0,0.0,89,0.00
2019-07-22T02:00,15.0,23,5.4,0.0,0.0,0.0,90,0.00
2019-07-22T03:00,14.5,23,5.1,0.0,0.0,0.0,91,0.00
2019-07-22T04:00,14.3,24,6.1,0.0,0.0,0.0,93,0.00
2019-07-22T05:00,15.4,16,4.1,50.0,14.0,307.7,87,0.00
2019-07-22T06:00,16.3,37,7.0,183.0,77.0,409.6,86,0.00
2019-07-22T07:00,17.6,20,5.3,329.0,215.0,253.9,86,0.00
2019-07-22T08:00,19.6,13,7.2,616.0,90.0,844.5,80,0.00
2019-07-22T09:00,21.8,16,7.2,787.0,64.0,940.6,73,0.00
2019-07-22T10:00,24.6,13,11.8,909.0,74.0,952.8,65,0.00
2019-07-22T11:00,26.2,1,14.7,981.0,72.0,968.3,60,0.00
2019-07-22T12:00,27.7,1,15.6,994.0,74.0,967.0,54,0.00
2019-07-22T13:00,28.0,12,15.5,950.0,74.0,958.8,52,0.00
2019-07-22T14:00,28.6,13,15.7,849.0,72.0,938.6,52,0.00
2019-07-22T15:00,28.8,14,13.1,697.0,69.0,897.3,51,0.00
2019-07-22T16:00,27.4,17,5.8,511.0,64.0,830.1,44,0.00
2019-07-22T17:00,25.0,16,10.4,301.0,57.0,687.9,57,0.00
2019-07-22T18:00,22.0,17,10.0,90.0,40.0,302.5,66,0.00
2019-07-22T19:00,19.7,13,8.1,0.0,0.0,0.0,71,0.00
2019-07-22T20:00,18.3,15,8.3,0.0,0.0,0.0,74,0.00
2019-07-22T21:00,17.2,3,6.9,0.0,0.0,0.0,77,0.00
2019-07-22T22:00,16.6,1,7.2,0.0,0.0,0.0,80,0.00
2019-07-22T23:00,15.6,2,7.8,0.0,0.0,0.0,86,0.00
2019-07-23T00:00,15.1,7,5.8,0.0,0.0,0.0,87,0.00
2019-07-23T01:00,14.5,10,6.7,0.0,0.0,0.0,91,0.00
2019-07-23T02:00,14.5,13,6.7,0.0,0.0,0.0,87,0.00
2019-07-23T03:00,13.9,18,5.8,0.0,0.0,0.0,88,0.00
2019-07-23T04:00,13.7,18,9.7,0.0,0.0,0.0,93,0.00
2019-07-23T05:00,14.9,1,4.7,51.0,16.0,301.9,89,0.00
2019-07-23T06:00,16.2,18,5.1,236.0,56.0,701.1,83,0.00
2019-07-23T07:00,17.6,19,7.1,377.0,103.0,612.8,80,0.00
2019-07-23T08:00,19.6,18,9.7,613.0,130.0,777.4,73,0.00
2019-07-23T09:00,21.6,15,11.5,774.0,111.0,864.1,67,0.00
2019-07-23T10:00,23.0,3,13.3,905.0,111.0,907.2,65,0.00
2019-07-23T11:00,24.8,3,16.0,978.0,73.0,965.2,59,0.00
2019-07-23T12:00,25.4,14,17.4,995.0,73.0,970.1,56,0.00
2019-07-23T13:00,25.7,15,18.0,950.0,62.0,973.1,57,0.00
2019-07-23T14:00,25.7,12,16.3,848.0,71.0,940.0,56,0.00
2019-07-23T15:00,25.5,15,15.5,697.0,48.0,929.1,53,0.00
2019-07-23T16:00,23.7,13,12.6,508.0,64.0,826.9,46,0.00
2019-07-23T17:00,22.7,8,11.3,301.0,56.0,694.2,54,0.00
2019-07-23T18:00,21.1,14,7.7,88.0,39.0,298.2,57,0.00
2019-07-23T19:00,19.2,15,5.8,0.0,0.0,0.0,66,0.00
2019-07-23T20:00,18.2,16,4.9,0.0,0.0,0.0,71,0.00
2019-07-23T21:00,17.4,16,5.3,0.0,0.0,0.0,78,0.00
2019-07-23T22:00,16.5,18,5.7,0.0,0.0,0.0,84,0.00
2019-07-23T23:00,15.5,18,5.2,0.0,0.0,0.0,91,0.00
2019-07-24T00:00,14.9,20,6.4,0.0,0.0,0.0,93,0.00
2019-07-24T01:00,14.2,20,4.0,0.0,0.0,0.0,94,0.00
2019-07-24T02:00,14.0,20,6.3,0.0,0.0,0.0,96,0.00
2019-07-24T03:00,13.6,20,7.1,0.0,0.0,0.0,97,0.00
2019-07-24T04:00,13.4,21,10.1,0.0,0.0,0.0,99,0.00
2019-07-24T05:00,14.3,16,4.5,45.0,28.0,148.1,94,0.00
2019-07-24T06:00,16.5,16,5.4,217.0,80.0,538.0,85,0.00
2019-07-24T07:00,18.8,4,4.7,429.0,72.0,801.7,81,0.00
2019-07-24T08:00,21.0,0,6.9,637.0,67.0,919.8,73,0.00
2019-07-24T09:00,23.1,0,8.0,798.0,67.0,954.4,66,0.00
2019-07-24T10:00,25.8,0,9.3,914.0,96.0,936.0,51,0.00
2019-07-24T11:00,29.4,0,12.1,987.0,71.0,978.1,40,0.00
2019-07-24T12:00,31.9,0,16.4,996.0,72.0,973.4,31,0.00
2019-07-24T13:00,32.5,0,17.9,950.0,72.0,963.4,28,0.00
2019-07-24T14:00,32.6,0,17.0,842.0,92.0,908.7,25,0.00
2019-07-24T15:00,31.9,0,14.0,691.0,68.0,893.7,25,0.00
2019-07-24T16:00,31.4,0,12.3,502.0,63.0,820.1,23,0.00
2019-07-24T17:00,28.5,0,13.2,294.0,56.0,678.0,30,0.00
2019-07-24T18:00,24.7,0,10.9,83.0,39.0,269.4,41,0.00
2019-07-24T19:00,22.2,7,9.7,0.0,0.0,0.0,49,0.00
2019-07-24T20:00,20.3,11,7.4,0.0,0.0,0.0,59,0.00
2019-07-24T21:00,19.1,9,6.4,0.0,0.0,0.0,62,0.00
2019-07-24T22:00,18.3,0,7.6,0.0,0.0,0.0,66,0.00
2019-07-24T23:00,17.3,2,6.2,0.0,0.0,0.0,73,0.00
2019-07-25T00:00,16.5,9,6.6,0.0,0.0,0.0,78,0.00
2019-07-25T01:00,16.2,10,5.4,0.0,0.0,0.0,79,0.00
2019-07-25T02:00,15.9,12,5.4,0.0,0.0,0.0,79,0.00
2019-07-25T03:00,15.6,13,6.1,0.0,0.0,0.0,86,0.00
2019-07-25T04:00,15.7,13,8.0,0.0,0.0,0.0,87,0.00
2019-07-25T05:00,16.1,5,3.9,42.0,34.0,70.4,83,0.00
2019-07-25T06:00,17.2,17,4.6,189.0,141.0,190.1,82,0.00
2019-07-25T07:00,19.3,18,6.1,414.0,168.0,554.8,76,0.00
2019-07-25T08:00,21.8,17,8.4,593.0,194.0,645.6,67,0.00
2019-07-25T09:00,23.5,4,11.3,764.0,180.0,763.9,68,0.00
2019-07-25T10:00,25.6,13,13.9,897.0,133.0,875.5,61,0.00
2019-07-25T11:00,26.3,0,17.4,965.0,104.0,920.5,63,0.00
2019-07-25T12:00,26.9,2,18.1,976.0,114.0,909.2,61,0.00
2019-07-25T13:00,27.2,4,19.0,930.0,85.0,928.4,57,0.00
2019-07-25T14:00,26.9,15,17.8,821.0,133.0,834.9,54,0.00
2019-07-25T15:00,26.9,14,14.8,672.0,117.0,797.9,53,0.00
2019-07-25T16:00,27.2,15,4.8,491.0,66.0,796.5,40,0.00
2019-07-25T17:00,21.9,13,14.6,289.0,46.0,696.1,77,0.00
2019-07-25T18:00,19.7,20,12.3,77.0,40.0,228.0,75,0.00
2019-07-25T19:00,17.6,15,11.6,0.0,0.0,0.0,80,0.00
2019-07-25T20:00,16.6,19,9.8,0.0,0.0,0.0,83,0.00
2019-07-25T21:00,15.9,19,8.2,0.0,0.0,0.0,86,0.00
2019-07-25T22:00,15.5,16,7.3,0.0,0.0,0.0,87,0.00
2019-07-25T23:00,15.2,17,5.6,0.0,0.0,0.0,87,0.00
2019-07-26T00:00,14.7,22,6.1,0.0,0.0,0.0,89,0.00
2019-07-26T01:00,14.3,22,5.4,0.0,0.0,0.0,91,0.00
2019-07-26T02:00,14.4,26,3.6,0.0,0.0,0.0,88,0.00
2019-07-26T03:00,13.8,29,5.1,0.0,0.0,0.0,90,0.00
2019-07-26T04:00,14.0,34,6.8,0.0,0.0,0.0,92,0.00
2019-07-26T05:00,14.9,20,4.0,33.0,27.0,53.3,88,0.00
2019-07-26T06:00,15.6,46,5.2,181.0,78.0,411.4,86,0.00
2019-07-26T07:00,17.1,33,4.3,340.0,206.0,303.5,82,0.00
2019-07-26T08:00,17.8,19,5.4,519.0,270.0,404.0,82,0.00
2019-07-26T09:00,19.5,16,9.7,754.0,180.0,752.3,75,0.00
2019-07-26T10:00,21.7,16,13.9,825.0,206.0,710.4,73,0.00
2019-07-26T11:00,23.6,17,15.5,905.0,213.0,740.8,66,0.00
2019-07-26T12:00,24.0,15,16.0,989.0,120.0,917.7,68,0.00
2019-07-26T13:00,24.7,13,17.0,942.0,99.0,927.5,67,0.00
2019-07-26T14:00,25.0,15,17.2,819.0,124.0,844.8,66,0.00
2019-07-26T15:00,24.7,15,17.7,693.0,67.0,902.0,67,0.00
2019-07-26T16:00,24.6,16,10.7,503.0,69.0,816.0,57,0.00
2019-07-26T17:00,20.9,16,15.2,294.0,57.0,682.9,73,0.00
2019-07-26T18:00,18.4,20,11.5,81.0,39.0,260.5,79,0.00
2019-07-26T19:00,17.2,21,8.1,0.0,0.0,0.0,81,0.00
2019-07-26T20:00,16.4,22,5.8,0.0,0.0,0.0,87,0.00
2019-07-26T21:00,16.0,24,6.8,0.0,0.0,0.0,89,0.00
2019-07-26T22:00,15.3,24,6.6,0.0,0.0,0.0,91,0.00
2019-07-26T23:00,14.9,23,5.4,0.0,0.0,0.0,90,0.00
2019-07-27T00:00,14.8,26,5.9,0.0,0.0,0.0,90,0.00
2019-07-27T01:00,14.4,34,4.9,0.0,0.0,0.0,91,0.00
2019-07-27T02:00,15.1,40,5.5,0.0,0.0,0.0,90,0.00
2019-07-27T03:00,15.2,46,5.5,0.0,0.0,0.0,88,0.00
2019-07-27T04:00,14.7,41,7.6,0.0,0.0,0.0,92,0.00
2019-07-27T05:00,15.2,26,7.0,49.0,14.0,314.2,89,0.00
2019-07-27T06:00,15.5,52,7.0,222.0,53.0,680.9,89,0.00
2019-07-27T07:00,16.9,35,3.6,400.0,104.0,673.3,84,0.00
2019-07-27T08:00,19.0,20,3.1,637.0,104.0,867.1,76,0.00
2019-07-27T09:00,21.1,13,6.2,816.0,57.0,996.7,69,0.00
2019-07-27T10:00,23.0,1,8.0,942.0,71.0,1001.1,64,0.00
2019-07-27T11:00,25.9,1,10.0,1010.0,77.0,1000.2,53,0.00
2019-07-27T12:00,28.0,12,12.7,1020.0,72.0,1002.5,49,0.00
2019-07-27T13:00,29.4,0,13.2,974.0,73.0,992.7,46,0.00
2019-07-27T14:00,31.1,0,13.0,867.0,71.0,969.3,40,0.00
2019-07-27T15:00,31.1,0,11.9,710.0,69.0,925.7,39,0.00
2019-07-27T16:00,30.8,16,10.1,517.0,64.0,854.8,35,0.00
2019-07-27T17:00,29.1,16,9.0,300.0,57.0,704.5,44,0.00
2019-07-27T18:00,25.8,16,8.3,80.0,39.0,256.1,54,0.00
2019-07-27T19:00,23.0,10,6.8,0.0,0.0,0.0,62,0.00
2019-07-27T20:00,21.8,20,5.4,0.0,0.0,0.0,60,0.00
2019-07-27T21:00,20.6,20,4.7,0.0,0.0,0.0,56,0.00
2019-07-27T22:00,19.8,20,5.9,0.0,0.0,0.0,54,0.00
2019-07-27T23:00,18.8,16,7.6,0.0,0.0,0.0,57,0.00
2019-07-28T00:00,17.7,16,9.1,0.0,0.0,0.0,73,0.00
2019-07-28T01:00,16.8,20,8.4,0.0,0.0,0.0,77,0.00
2019-07-28T02:00,16.1,20,7.2,0.0,0.0,0.0,77,0.00
2019-07-28T03:00,15.4,17,7.2,0.0,0.0,0.0,82,0.00
2019-07-28T04:00,14.8,17,6.8,0.0,0.0,0.0,90,0.00
2019-07-28T05:00,16.1,0,6.8,48.0,11.0,335.6,85,0.00
2019-07-28T06:00,17.6,16,4.9,218.0,34.0,748.0,80,0.00
2019-07-28T07:00,19.8,16,6.1,421.0,49.0,849.9,74,0.00
2019-07-28T08:00,22.2,16,6.9,614.0,73.0,882.5,68,0.00
2019-07-28T09:00,24.6,0,11.3,785.0,68.0,943.4,65,0.00
2019-07-28T10:00,26.5,0,12.9,905.0,68.0,963.5,60,0.00
2019-07-28T11:00,28.7,0,16.2,972.0,72.0,966.1,53,0.00
2019-07-28T12:00,29.9,1,16.4,988.0,73.0,968.9,48,0.00
2019-07-28T13:00,30.1,1,16.4,943.0,75.0,957.8,45,0.00
2019-07-28T14:00,29.4,14,14.5,842.0,72.0,939.3,43,0.00
2019-07-28T15:00,29.2,16,11.6,681.0,118.0,815.1,45,0.00
2019-07-28T16:00,27.4,14,9.9,499.0,64.0,823.8,45,0.00
2019-07-28T17:00,24.6,11,12.5,288.0,56.0,676.9,65,0.00
2019-07-28T18:00,21.7,8,11.7,74.0,37.0,232.8,67,0.00
2019-07-28T19:00,19.5,16,11.7,0.0,0.0,0.0,71,0.00
2019-07-28T20:00,18.4,10,10.2,0.0,0.0,0.0,73,0.00
2019-07-28T21:00,17.6,2,7.9,0.0,0.0,0.0,76,0.00
2019-07-28T22:00,16.6,9,7.1,0.0,0.0,0.0,79,0.00
2019-07-28T23:00,16.0,14,6.2,0.0,0.0,0.0,81,0.00
2019-07-29T00:00,15.3,15,6.6,0.0,0.0,0.0,83,0.00
2019-07-29T01:00,14.7,16,5.6,0.0,0.0,0.0,84,0.00
2019-07-29T02:00,14.3,17,5.5,0.0,0.0,0.0,87,0.00
2019-07-29T03:00,13.9,20,5.8,0.0,0.0,0.0,87,0.00
2019-07-29T04:00,13.7,21,8.1,0.0,0.0,0.0,89,0.00
2019-07-29T05:00,14.1,16,4.5,45.0,13.0,293.4,88,0.00
2019-07-29T06:00,15.2,34,2.2,198.0,64.0,549.7,83,0.00
2019-07-29T07:00,16.4,28,5.4,350.0,107.0,557.7,82,0.00
2019-07-29T08:00,18.1,28,7.2,538.0,122.0,680.5,72,0.00
2019-07-29T09:00,19.9,19,10.3,694.0,216.0,630.2,66,0.00
2019-07-29T10:00,21.8,19,11.3,885.0,151.0,846.3,61,0.00
2019-07-29T11:00,24.1,15,11.4,970.0,212.0,814.9,52,0.00
2019-07-29T12:00,24.1,15,12.2,990.0,239.0,796.4,55,0.00
2019-07-29T13:00,24.2,14,13.7,954.0,100.0,943.8,55,0.00
2019-07-29T14:00,24.7,15,14.0,808.0,278.0,647.8,53,0.00
2019-07-29T15:00,24.6,2,13.8,678.0,224.0,659.0,52,0.00
2019-07-29T16:00,24.0,4,13.8,484.0,174.0,589.3,46,0.00
2019-07-29T17:00,22.0,3,12.0,273.0,122.0,443.5,52,0.00
2019-07-29T18:00,19.5,13,10.9,71.0,45.0,164.8,59,0.00
2019-07-29T19:00,17.8,15,10.0,0.0,0.0,0.0,65,0.00
2019-07-29T20:00,16.6,29,8.3,0.0,0.0,0.0,74,0.00
2019-07-29T21:00,16.1,37,6.8,0.0,0.0,0.0,78,0.00
2019-07-29T22:00,15.3,42,6.4,0.0,0.0,0.0,83,0.00
2019-07-29T23:00,14.9,38,7.6,0.0,0.0,0.0,84,0.00
2019-07-30T00:00,14.3,39,4.7,0.0,0.0,0.0,86,0.00
2019-07-30T01:00,13.8,42,4.9,0.0,0.0,0.0,86,0.00
2019-07-30T02:00,13.6,39,3.8,0.0,0.0,0.0,86,0.00
2019-07-30T03:00,13.1,45,5.1,0.0,0.0,0.0,87,0.00
2019-07-30T04:00,12.9,46,7.6,0.0,0.0,0.0,89,0.00
2019-07-30T05:00,13.7,16,6.1,41.0,16.0,231.8,86,0.00
2019-07-30T06:00,14.5,69,4.8,191.0,51.0,579.7,84,0.00
2019-07-30T07:00,16.0,48,3.2,280.0,278.0,4.6,77,0.00
2019-07-30T08:00,17.6,32,4.8,519.0,221.0,488.9,71,0.00
2019-07-30T09:00,18.9,20,8.8,752.0,114.0,842.9,67,0.00
2019-07-30T10:00,21.2,16,11.1,863.0,155.0,817.7,61,0.00
2019-07-30T11:00,22.6,15,11.5,950.0,192.0,816.1,55,0.00
2019-07-30T12:00,23.7,14,13.7,977.0,135.0,894.2,55,0.00
2019-07-30T13:00,24.1,9,13.4,939.0,146.0,877.9,54,0.00
2019-07-30T14:00,24.1,14,14.8,846.0,87.0,929.5,56,0.00
2019-07-30T15:00,23.7,12,14.1,649.0,123.0,765.5,58,0.00
2019-07-30T16:00,23.2,13,11.4,505.0,59.0,851.2,53,0.00
2019-07-30T17:00,21.1,3,13.8,290.0,53.0,701.0,64,0.00
2019-07-30T18:00,18.5,11,12.3,70.0,36.0,217.2,69,0.00
2019-07-30T19:00,16.5,16,9.6,0.0,0.0,0.0,74,0.00
2019-07-30T20:00,15.7,19,8.0,0.0,0.0,0.0,78,0.00
2019-07-30T21:00,15.5,19,7.4,0.0,0.0,0.0,77,0.00
2019-07-30T22:00,15.1,19,5.3,0.0,0.0,0.0,81,0.00
2019-07-30T23:00,14.6,20,5.0,0.0,0.0,0.0,84,0.00
2019-07-31T00:00,14.2,18,6.5,0.0,0.0,0.0,87,0.00
2019-07-31T01:00,13.7,19,6.6,0.0,0.0,0.0,87,0.00
2019-07-31T02:00,13.3,21,5.6,0.0,0.0,0.0,89,0.00
2019-07-31T03:00,13.0,23,7.9,0.0,0.0,0.0,89,0.00
2019-07-31T04:00,12.8,25,13.7,0.0,0.0,0.0,89,0.00
2019-07-31T05:00,13.1,7,10.9,44.0,12.0,300.0,89,0.00
2019-07-31T06:00,15.0,35,9.7,167.0,81.0,359.5,85,0.00
2019-07-31T07:00,16.9,41,8.9,365.0,181.0,426.2,81,0.00
2019-07-31T08:00,17.4,18,9.0,539.0,165.0,615.4,81,0.00
2019-07-31T09:00,19.0,11,9.7,759.0,177.0,770.5,77,0.00
2019-07-31T10:00,21.6,6,10.2,843.0,272.0,660.6,66,0.00
2019-07-31T11:00,25.4,7,12.5,963.0,158.0,868.0,56,0.00
2019-07-31T12:00,26.5,0,15.0,986.0,122.0,918.9,55,0.00
2019-07-31T13:00,26.6,10,17.7,942.0,90.0,944.8,55,0.00
2019-07-31T14:00,25.9,14,17.9,845.0,70.0,951.1,59,0.00
2019-07-31T15:00,25.7,12,14.6,695.0,43.0,951.5,60,0.00
2019-07-31T16:00,24.9,12,6.8,491.0,76.0,795.3,51,0.00
2019-07-31T17:00,23.4,15,10.1,283.0,56.0,676.3,62,0.00
2019-07-31T18:00,20.8,14,9.3,65.0,36.0,186.8,70,0.00
2019-07-31T19:00,18.7,22,8.8,0.0,0.0,0.0,75,0.00
2019-07-31T20:00,17.5,22,8.8,0.0,0.0,0.0,78,0.00
2019-07-31T21:00,16.8,24,7.2,0.0,0.0,0.0,82,0.00
2019-07-31T22:00,15.9,23,7.0,0.0,0.0,0.0,84,0.00
2019-07-31T23:00,15.2,20,7.4,0.0,0.0,0.0,86,0.00
2019-08-01T00:00,14.8,23,7.2,0.0,0.0,0.0,86,0.00
2019-08-01T01:00,14.3,23,7.2,0.0,0.0,0.0,89,0.00
2019-08-01T02:00,14.7,30,6.3,0.0,0.0,0.0,86,0.00
2019-08-01T03:00,14.1,29,6.6,0.0,0.0,0.0,88,0.00
2019-08-01T04:00,14.0,33,9.4,0.0,0.0,0.0,89,0.00
2019-08-01T05:00,14.1,16,4.3,39.0,15.0,227.6,91,0.00
2019-08-01T06:00,15.4,38,4.4,162.0,81.0,341.9,85,0.00
2019-08-01T07:00,17.2,33,6.8,351.0,169.0,423.6,80,0.00
2019-08-01T08:00,18.7,35,7.4,451.0,286.0,272.3,73,0.00
2019-08-01T09:00,20.7,37,10.2,691.0,223.0,620.9,70,0.00
2019-08-01T10:00,22.1,35,8.0,839.0,194.0,747.5,61,0.00
2019-08-01T11:00,23.1,23,11.1,912.0,262.0,702.0,58,0.00
2019-08-01T12:00,24.0,32,13.6,962.0,110.0,907.6,57,0.00
2019-08-01T13:00,23.5,38,16.5,900.0,258.0,713.1,62,0.00
2019-08-01T14:00,23.4,26,16.1,818.0,120.0,858.4,62,0.00
2019-08-01T15:00,23.0,26,13.9,681.0,96.0,856.2,60,0.00
2019-08-01T16:00,22.4,31,13.1,436.0,145.0,560.1,61,0.00
2019-08-01T17:00,20.6,18,14.4,231.0,85.0,438.3,72,0.00
2019-08-01T18:00,18.8,39,12.2,62.0,34.0,181.9,76,0.00
2019-08-01T19:00,17.6,44,9.9,0.0,0.0,0.0,79,0.00
2019-08-01T20:00,17.2,52,7.1,0.0,0.0,0.0,81,0.00
2019-08-01T21:00,17.1,48,6.3,0.0,0.0,0.0,83,0.00
2019-08-01T22:00,17.0,36,5.4,0.0,0.0,0.0,82,0.00
2019-08-01T23:00,16.3,35,4.4,0.0,0.0,0.0,85,0.00
2019-08-02T00:00,16.1,45,4.3,0.0,0.0,0.0,85,0.00
2019-08-02T01:00,15.8,38,2.5,0.0,0.0,0.0,87,0.00
2019-08-02T02:00,15.8,29,4.2,0.0,0.0,0.0,88,0.00
2019-08-02T03:00,15.0,46,4.6,0.0,0.0,0.0,89,0.00
2019-08-02T04:00,15.3,66,7.3,0.0,0.0,0.0,92,0.00
2019-08-02T05:00,16.2,8,4.7,15.0,15.0,0.0,87,0.00
2019-08-02T06:00,16.6,69,6.8,150.0,143.0,29.8,85,0.00
2019-08-02T07:00,17.3,49,7.6,314.0,302.0,28.1,83,0.00
2019-08-02T08:00,18.3,36,6.9,502.0,234.0,443.6,79,0.00
2019-08-02T09:00,20.1,20,9.0,705.0,190.0,684.8,74,0.00
2019-08-02T10:00,22.3,20,10.8,828.0,204.0,724.4,67,0.00
2019-08-02T11:00,23.7,20,15.0,980.0,84.0,969.2,66,0.00
2019-08-02T12:00,24.3,20,14.8,997.0,78.0,980.6,64,0.00
2019-08-02T13:00,24.8,17,15.6,937.0,100.0,931.4,60,0.00
2019-08-02T14:00,25.1,17,14.8,847.0,73.0,954.0,58,0.00
2019-08-02T15:00,25.3,15,14.4,686.0,67.0,908.7,58,0.00
2019-08-02T16:00,24.4,16,15.5,493.0,63.0,831.3,57,0.00
2019-08-02T17:00,22.5,17,13.7,278.0,52.0,683.8,68,0.00
2019-08-02T18:00,20.1,21,11.2,58.0,34.0,157.3,73,0.00
2019-08-02T19:00,18.6,22,8.3,0.0,0.0,0.0,77,0.00
2019-08-02T20:00,17.7,29,7.0,0.0,0.0,0.0,81,0.00
2019-08-02T21:00,17.0,22,6.3,0.0,0.0,0.0,83,0.00
2019-08-02T22:00,16.4,24,5.4,0.0,0.0,0.0,86,0.00
2019-08-02T23:00,15.4,23,4.7,0.0,0.0,0.0,91,0.00
2019-08-03T00:00,14.9,27,4.6,0.0,0.0,0.0,93,0.00
2019-08-03T01:00,14.5,33,2.2,0.0,0.0,0.0,90,0.00
2019-08-03T02:00,14.2,27,0.8,0.0,0.0,0.0,92,0.00
2019-08-03T03:00,14.0,37,3.1,0.0,0.0,0.0,93,0.00
2019-08-03T04:00,14.9,42,0.4,0.0,0.0,0.0,92,0.00
2019-08-03T05:00,15.7,6,0.5,24.0,21.0,29.1,93,0.00
2019-08-03T06:00,16.5,38,2.6,176.0,79.0,417.5,91,0.00
2019-08-03T07:00,18.6,31,4.8,359.0,159.0,469.9,86,0.00
2019-08-03T08:00,19.8,19,6.5,600.0,134.0,773.6,81,0.00
2019-08-03T09:00,21.8,6,8.7,788.0,173.0,819.5,71,0.00
2019-08-03T10:00,24.1,3,12.2,912.0,94.0,951.4,65,0.00
2019-08-03T11:00,25.7,1,15.3,989.0,71.0,994.6,65,0.00
2019-08-03T12:00,26.4,1,16.3,1005.0,78.0,990.8,62,0.00
2019-08-03T13:00,27.2,16,16.7,950.0,94.0,954.4,57,0.00
2019-08-03T14:00,27.3,17,17.3,846.0,67.0,962.4,53,0.00
2019-08-03T15:00,26.3,17,16.6,679.0,139.0,795.1,59,0.00
2019-08-03T16:00,24.9,18,15.2,490.0,87.0,782.7,57,0.00
2019-08-03T17:00,22.7,16,13.3,281.0,37.0,744.2,69,0.00
2019-08-03T18:00,20.2,19,10.1,55.0,32.0,152.2,75,0.00
2019-08-03T19:00,18.7,32,8.5,0.0,0.0,0.0,81,0.00
2019-08-03T20:00,17.8,33,6.6,0.0,0.0,0.0,83,0.00
2019-08-03T21:00,17.1,30,4.2,0.0,0.0,0.0,87,0.00
2019-08-03T22:00,16.7,33,5.8,0.0,0.0,0.0,90,0.00
2019-08-03T23:00,16.0,42,5.4,0.0,0.0,0.0,91,0.00
2019-08-04T00:00,15.6,47,5.3,0.0,0.0,0.0,92,0.00
2019-08-04T01:00,15.7,63,1.5,0.0,0.0,0.0,89,0.00
2019-08-04T02:00,16.0,69,2.7,0.0,0.0,0.0,88,0.00
2019-08-04T03:00,16.4,63,5.0,0.0,0.0,0.0,89,0.00
2019-08-04T04:00,16.2,79,6.5,0.0,0.0,0.0,93,0.00
2019-08-04T05:00,16.5,16,5.4,27.0,20.0,68.8,90,0.00
2019-08-04T06:00,16.9,62,2.9,178.0,90.0,382.6,88,0.00
2019-08-04T07:00,18.0,46,5.6,235.0,213.0,51.9,85,0.00
2019-08-04T08:00,19.5,27,6.4,510.0,351.0,264.8,82,0.00
2019-08-04T09:00,21.1,20,8.4,748.0,180.0,758.6,75,0.00
2019-08-04T10:00,23.1,17,9.5,894.0,88.0,939.1,68,0.00
2019-08-04T11:00,26.3,17,13.4,967.0,89.0,952.9,62,0.00
2019-08-04T12:00,26.5,14,15.0,983.0,79.0,967.8,63,0.00
2019-08-04T13:00,26.9,10,17.7,939.0,73.0,967.4,63,0.00
2019-08-04T14:00,27.0,15,17.6,830.0,78.0,931.3,59,0.00
2019-08-04T15:00,25.5,15,16.6,679.0,67.0,904.1,63,0.00
2019-08-04T16:00,23.8,15,14.5,484.0,64.0,819.6,59,0.00
2019-08-04T17:00,21.8,5,15.0,270.0,55.0,661.3,70,0.00
2019-08-04T18:00,19.2,32,12.2,49.0,31.0,120.2,79,0.00
2019-08-04T19:00,17.6,38,7.6,0.0,0.0,0.0,81,0.00
2019-08-04T20:00,17.0,44,7.7,0.0,0.0,0.0,83,0.00
2019-08-04T21:00,16.4,44,6.3,0.0,0.0,0.0,86,0.00
2019-08-04T22:00,15.8,41,5.5,0.0,0.0,0.0,89,0.00
2019-08-04T23:00,15.4,49,2.7,0.0,0.0,0.0,90,0.00
2019-08-05T00:00,15.1,53,3.4,0.0,0.0,0.0,91,0.00
2019-08-05T01:00,15.3,58,2.6,0.0,0.0,0.0,89,0.00
2019-08-05T02:00,15.3,79,3.1,0.0,0.0,0.0,89,0.00
2019-08-05T03:00,15.4,68,4.0,0.0,0.0,0.0,89,0.00
2019-08-05T04:00,15.5,76,5.3,0.0,0.0,0.0,90,0.00
2019-08-05T05:00,15.7,67,3.7,22.0,22.0,0.0,87,0.00
2019-08-05T06:00,16.5,69,4.3,131.0,113.0,79.1,84,0.00
2019-08-05T07:00,17.4,52,5.5,284.0,211.0,173.2,82,0.00
2019-08-05T08:00,18.1,30,8.0,390.0,319.0,118.6,84,0.00
2019-08-05T09:00,19.7,16,9.0,725.0,246.0,641.2,80,0.00
2019-08-05T10:00,21.9,16,10.7,886.0,246.0,747.1,73,0.00
2019-08-05T11:00,24.7,16,12.3,928.0,428.0,543.6,64,0.00
2019-08-05T12:00,26.6,16,12.7,961.0,269.0,742.2,58,0.00
2019-08-05T13:00,27.6,15,15.5,901.0,291.0,682.8,56,0.00
2019-08-05T14:00,27.5,15,15.6,788.0,384.0,501.5,57,0.00
2019-08-05T15:00,26.8,16,14.2,618.0,326.0,432.8,57,0.00
2019-08-05T16:00,25.9,15,7.8,439.0,261.0,349.1,53,0.00
2019-08-05T17:00,23.1,17,12.0,225.0,149.0,235.8,69,0.00
2019-08-05T18:00,20.4,16,11.0,12.0,12.0,0.0,74,0.00
2019-08-05T19:00,18.7,15,10.5,0.0,0.0,0.0,78,0.00
2019-08-05T20:00,17.8,16,7.9,0.0,0.0,0.0,80,0.00
2019-08-05T21:00,17.4,19,6.8,0.0,0.0,0.0,81,0.00
2019-08-05T22:00,17.0,22,5.1,0.0,0.0,0.0,83,0.00
2019-08-05T23:00,16.1,20,6.5,0.0,0.0,0.0,87,0.00
2019-08-06T00:00,15.4,20,5.5,0.0,0.0,0.0,89,0.00
2019-08-06T01:00,14.8,23,6.8,0.0,0.0,0.0,91,0.00
2019-08-06T02:00,14.7,33,5.6,0.0,0.0,0.0,91,0.00
2019-08-06T03:00,14.7,48,4.8,0.0,0.0,0.0,90,0.00
2019-08-06T04:00,15.0,45,8.4,0.0,0.0,0.0,91,0.00
2019-08-06T05:00,16.0,38,5.2,25.0,20.0,50.3,88,0.00
2019-08-06T06:00,17.0,53,7.6,134.0,90.0,195.2,86,0.00
2019-08-06T07:00,17.7,43,5.2,276.0,202.0,176.4,85,0.00
2019-08-06T08:00,19.5,31,6.8,526.0,237.0,484.2,78,0.00
2019-08-06T09:00,20.8,21,8.7,758.0,171.0,787.5,73,0.00
2019-08-06T10:00,22.6,18,11.0,887.0,112.0,906.4,68,0.00
2019-08-06T11:00,26.4,17,14.1,960.0,74.0,964.9,58,0.00
2019-08-06T12:00,27.2,18,15.3,969.0,80.0,955.2,57,0.00
2019-08-06T13:00,28.0,15,14.9,934.0,82.0,955.6,54,0.00
2019-08-06T14:00,27.7,15,11.2,819.0,70.0,932.2,50,0.00
2019-08-06T15:00,27.1,12,12.6,665.0,68.0,887.9,52,0.00
2019-08-06T16:00,25.1,13,13.0,476.0,58.0,824.0,53,0.00
2019-08-06T17:00,22.5,14,12.4,260.0,56.0,638.7,65,0.00
2019-08-06T18:00,19.6,19,9.4,40.0,27.0,88.6,72,0.00
2019-08-06T19:00,17.9,20,9.1,0.0,0.0,0.0,77,0.00
2019-08-06T20:00,17.2,22,7.4,0.0,0.0,0.0,79,0.00
2019-08-06T21:00,16.7,26,5.2,0.0,0.0,0.0,81,0.00
2019-08-06T22:00,16.2,31,6.8,0.0,0.0,0.0,82,0.00
2019-08-06T23:00,15.6,39,5.8,0.0,0.0,0.0,84,0.00
2019-08-07T00:00,15.2,36,6.4,0.0,0.0,0.0,85,0.00
2019-08-07T01:00,14.8,32,8.7,0.0,0.0,0.0,86,0.00
2019-08-07T02:00,14.5,38,3.3,0.0,0.0,0.0,88,0.00
2019-08-07T03:00,14.9,33,5.9,0.0,0.0,0.0,87,0.00
2019-08-07T04:00,14.9,35,8.5,0.0,0.0,0.0,89,0.00
2019-08-07T05:00,14.9,45,5.6,31.0,14.0,173.3,89,0.00
2019-08-07T06:00,15.7,51,5.8,134.0,114.0,89.7,84,0.00
2019-08-07T07:00,17.2,45,5.4,343.0,132.0,505.6,80,0.00
2019-08-07T08:00,18.8,38,4.3,561.0,200.0,606.8,73,0.00
2019-08-07T09:00,20.4,31,7.6,747.0,93.0,879.4,68,0.00
2019-08-07T10:00,21.7,16,8.4,854.0,230.0,731.2,63,0.00
2019-08-07T11:00,23.7,11,11.9,965.0,89.0,955.7,58,0.00
2019-08-07T12:00,24.4,11,12.6,982.0,71.0,980.7,59,0.00
2019-08-07T13:00,24.8,12,14.0,930.0,71.0,965.5,55,0.00
2019-08-07T14:00,24.8,13,15.5,801.0,113.0,858.6,47,0.00
2019-08-07T15:00,24.0,12,15.3,677.0,56.0,926.8,51,0.00
2019-08-07T16:00,22.5,3,15.5,483.0,61.0,836.3,48,0.00
2019-08-07T17:00,20.7,4,15.3,258.0,65.0,609.9,60,0.00
2019-08-07T18:00,18.4,14,12.5,36.0,25.0,75.8,63,0.00
2019-08-07T19:00,17.5,25,10.2,0.0,0.0,0.0,71,0.00
2019-08-07T20:00,17.0,33,9.7,0.0,0.0,0.0,75,0.00
2019-08-07T21:00,16.7,43,6.9,0.0,0.0,0.0,75,0.00
2019-08-07T22:00,16.2,30,3.5,0.0,0.0,0.0,77,0.00
2019-08-07T23:00,15.7,30,3.7,0.0,0.0,0.0,80,0.00
2019-08-08T00:00,15.2,32,4.0,0.0,0.0,0.0,80,0.00
2019-08-08T01:00,14.5,34,3.0,0.0,0.0,0.0,84,0.00
2019-08-08T02:00,14.3,30,2.7,0.0,0.0,0.0,86,0.00
2019-08-08T03:00,14.2,47,2.9,0.0,0.0,0.0,86,0.00
2019-08-08T04:00,13.9,40,2.0,0.0,0.0,0.0,88,0.00
2019-08-08T05:00,14.3,3,3.6,32.0,17.0,154.8,86,0.00
2019-08-08T06:00,15.5,47,4.5,182.0,64.0,534.7,82,0.00
2019-08-08T07:00,16.8,36,5.2,337.0,127.0,505.7,76,0.00
2019-08-08T08:00,18.3,32,6.5,421.0,373.0,80.9,68,0.00
2019-08-08T09:00,19.8,23,10.5,725.0,189.0,722.5,64,0.00
2019-08-08T10:00,20.9,12,10.9,864.0,177.0,806.6,60,0.00
2019-08-08T11:00,22.7,0,13.0,929.0,185.0,813.2,56,0.00
2019-08-08T12:00,24.1,0,16.6,973.0,118.0,922.2,50,0.00
2019-08-08T13:00,24.2,0,20.0,940.0,211.0,821.2,48,0.00
2019-08-08T14:00,23.9,0,20.1,774.0,277.0,621.9,47,0.00
2019-08-08T15:00,23.1,0,17.9,672.0,75.0,894.3,48,0.00
2019-08-08T16:00,21.7,1,15.8,477.0,63.0,825.0,51,0.00
2019-08-08T17:00,20.5,11,16.1,235.0,89.0,466.0,57,0.00
2019-08-08T18:00,18.8,16,12.3,31.0,30.0,7.0,64,0.00
2019-08-08T19:00,18.3,16,10.2,0.0,0.0,0.0,66,0.00
2019-08-08T20:00,17.8,18,11.6,0.0,0.0,0.0,70,0.00
2019-08-08T21:00,17.6,17,7.6,0.0,0.0,0.0,71,0.00
2019-08-08T22:00,17.4,17,2.2,0.0,0.0,0.0,73,0.00
2019-08-08T23:00,16.7,5,1.1,0.0,0.0,0.0,76,0.00
2019-08-09T00:00,16.0,18,2.5,0.0,0.0,0.0,78,0.00
2019-08-09T01:00,15.7,18,5.5,0.0,0.0,0.0,81,0.00
2019-08-09T02:00,15.5,31,0.7,0.0,0.0,0.0,80,0.00
2019-08-09T03:00,15.1,42,3.2,0.0,0.0,0.0,82,0.00
2019-08-09T04:00,15.0,79,4.4,0.0,0.0,0.0,82,0.00
2019-08-09T05:00,15.7,45,4.0,25.0,25.0,0.0,82,0.00
2019-08-09T06:00,16.9,12,2.3,105.0,99.0,27.5,80,0.00
2019-08-09T07:00,18.5,2,3.9,291.0,284.0,16.9,67,0.00
2019-08-09T08:00,19.7,2,4.2,497.0,438.0,99.8,60,0.00
2019-08-09T09:00,21.5,0,9.0,743.0,232.0,690.4,56,0.00
2019-08-09T10:00,23.2,0,11.2,871.0,107.0,898.9,55,0.00
2019-08-09T11:00,25.0,0,13.8,946.0,80.0,948.4,53,0.00
2019-08-09T12:00,25.8,0,13.7,957.0,71.0,957.5,52,0.00
2019-08-09T13:00,26.6,0,15.3,904.0,73.0,938.3,51,0.00
2019-08-09T14:00,26.7,0,16.0,789.0,133.0,823.2,53,0.00
2019-08-09T15:00,26.2,0,16.1,651.0,69.0,875.2,53,0.00
2019-08-09T16:00,25.6,0,13.7,457.0,49.0,817.7,54,0.00
2019-08-09T17:00,24.2,0,13.2,241.0,52.0,609.4,62,0.00
2019-08-09T18:00,21.6,18,9.7,20.0,17.0,21.1,70,0.00
2019-08-09T19:00,20.0,17,9.0,0.0,0.0,0.0,78,0.00
2019-08-09T20:00,19.2,26,7.1,0.0,0.0,0.0,82,0.00
2019-08-09T21:00,18.7,50,5.7,0.0,0.0,0.0,85,0.00
2019-08-09T22:00,18.9,38,3.8,0.0,0.0,0.0,84,0.00
2019-08-09T23:00,18.8,56,5.2,0.0,0.0,0.0,84,0.00
2019-08-10T00:00,18.5,53,3.0,0.0,0.0,0.0,85,0.00
2019-08-10T01:00,18.0,43,1.5,0.0,0.0,0.0,87,0.00
2019-08-10T02:00,17.8,54,1.5,0.0,0.0,0.0,87,0.00
2019-08-10T03:00,17.7,68,0.7,0.0,0.0,0.0,87,0.00
2019-08-10T04:00,17.9,56,1.1,0.0,0.0,0.0,88,0.00
2019-08-10T05:00,18.1,40,1.6,25.0,20.0,53.0,86,0.00
2019-08-10T06:00,18.9,55,1.4,176.0,37.0,643.7,84,0.00
2019-08-10T07:00,19.9,48,3.2,271.0,131.0,340.6,79,0.00
2019-08-10T08:00,21.4,35,2.5,473.0,248.0,381.9,73,0.00
2019-08-10T09:00,22.8,10,7.3,677.0,134.0,735.5,68,0.00
2019-08-10T10:00,24.1,25,11.2,742.0,224.0,610.7,63,0.00
2019-08-10T11:00,25.0,23,11.7,161.0,161.0,0.0,63,0.00
2019-08-10T12:00,25.6,19,14.4,778.0,196.0,630.3,60,0.00
2019-08-10T13:00,25.4,13,15.8,866.0,174.0,783.2,60,0.00
2019-08-10T14:00,25.1,16,14.8,789.0,97.0,871.0,57,0.00
2019-08-10T15:00,24.8,6,14.2,651.0,72.0,874.2,61,0.00
2019-08-10T16:00,23.3,16,15.1,442.0,104.0,681.4,64,0.00
2019-08-10T17:00,21.6,16,13.2,230.0,61.0,550.7,67,0.00
2019-08-10T18:00,19.7,21,11.3,13.0,12.0,7.1,75,0.00
2019-08-10T19:00,18.4,22,9.2,0.0,0.0,0.0,81,0.00
2019-08-10T20:00,17.5,37,9.8,0.0,0.0,0.0,86,0.00
2019-08-10T21:00,17.2,32,8.5,0.0,0.0,0.0,85,0.00
2019-08-10T22:00,16.9,32,6.0,0.0,0.0,0.0,86,0.00
2019-08-10T23:00,16.3,41,2.1,0.0,0.0,0.0,85,0.00
2019-08-11T00:00,15.9,51,0.8,0.0,0.0,0.0,88,0.00
2019-08-11T01:00,15.6,62,2.1,0.0,0.0,0.0,88,0.00
2019-08-11T02:00,15.0,55,2.3,0.0,0.0,0.0,89,0.00
2019-08-11T03:00,14.9,45,2.5,0.0,0.0,0.0,89,0.00
2019-08-11T04:00,14.7,42,4.8,0.0,0.0,0.0,92,0.00
2019-08-11T05:00,14.3,32,3.1,30.0,10.0,214.8,90,0.00
2019-08-11T06:00,15.8,29,1.8,181.0,40.0,660.3,88,0.00
2019-08-11T07:00,17.6,21,3.1,390.0,81.0,755.8,81,0.00
2019-08-11T08:00,19.1,17,4.9,545.0,161.0,653.9,76,0.00
2019-08-11T09:00,20.6,14,6.6,752.0,108.0,874.5,71,0.00
2019-08-11T10:00,23.0,1,9.5,885.0,72.0,960.6,61,0.00
2019-08-11T11:00,26.2,1,11.4,958.0,70.0,976.4,48,0.00
2019-08-11T12:00,28.0,0,13.0,976.0,71.0,982.2,42,0.00
2019-08-11T13:00,29.2,0,15.9,926.0,71.0,970.1,41,0.00
2019-08-11T14:00,29.5,0,16.7,817.0,70.0,943.1,39,0.00
2019-08-11T15:00,28.6,0,16.4,657.0,67.0,894.5,39,0.00
2019-08-11T16:00,27.9,0,14.8,461.0,62.0,809.4,36,0.00
2019-08-11T17:00,25.9,0,14.8,243.0,54.0,622.8,39,0.00
2019-08-11T18:00,23.2,11,12.3,0.0,0.0,0.0,41,0.00
2019-08-11T19:00,21.2,10,10.8,0.0,0.0,0.0,49,0.00
2019-08-11T20:00,19.6,10,8.4,0.0,0.0,0.0,61,0.00
2019-08-11T21:00,18.4,8,5.0,0.0,0.0,0.0,70,0.00
2019-08-11T22:00,17.6,10,3.5,0.0,0.0,0.0,75,0.00
2019-08-11T23:00,16.9,9,2.5,0.0,0.0,0.0,78,0.00
2019-08-12T00:00,16.3,16,5.4,0.0,0.0,0.0,81,0.00
2019-08-12T01:00,15.9,13,1.8,0.0,0.0,0.0,83,0.00
2019-08-12T02:00,15.6,15,0.8,0.0,0.0,0.0,85,0.00
2019-08-12T03:00,15.1,13,1.5,0.0,0.0,0.0,88,0.00
2019-08-12T04:00,15.0,20,1.1,0.0,0.0,0.0,87,0.00
2019-08-12T05:00,15.4,13,2.9,29.0,10.0,206.9,88,0.00
2019-08-12T06:00,17.2,6,4.1,182.0,33.0,705.8,84,0.00
2019-08-12T07:00,19.8,0,4.2,390.0,39.0,863.1,75,0.00
2019-08-12T08:00,21.8,0,4.8,585.0,77.0,868.0,67,0.00
2019-08-12T09:00,23.9,0,8.2,761.0,68.0,943.4,59,0.00
2019-08-12T10:00,26.2,0,9.8,886.0,66.0,971.0,51,0.00
2019-08-12T11:00,29.1,0,12.4,962.0,69.0,984.0,44,0.00
2019-08-12T12:00,31.5,0,15.0,977.0,70.0,986.6,37,0.00
2019-08-12T13:00,31.5,0,16.6,925.0,71.0,971.5,35,0.00
2019-08-12T14:00,31.7,0,14.4,816.0,70.0,944.9,29,0.00
2019-08-12T15:00,30.9,0,13.7,657.0,67.0,898.4,30,0.00
2019-08-12T16:00,29.5,0,11.8,462.0,62.0,816.7,30,0.00
2019-08-12T17:00,26.6,0,12.6,242.0,53.0,630.0,40,0.00
2019-08-12T18:00,23.0,11,11.9,0.0,0.0,0.0,49,0.00
2019-08-12T19:00,21.2,11,8.9,0.0,0.0,0.0,56,0.00
2019-08-12T20:00,19.5,10,6.5,0.0,0.0,0.0,67,0.00
2019-08-12T21:00,18.2,7,6.1,0.0,0.0,0.0,75,0.00
2019-08-12T22:00,17.4,8,4.8,0.0,0.0,0.0,79,0.00
2019-08-12T23:00,16.6,8,1.8,0.0,0.0,0.0,85,0.00
2019-08-13T00:00,16.1,7,4.7,0.0,0.0,0.0,86,0.00
2019-08-13T01:00,15.6,13,1.3,0.0,0.0,0.0,81,0.00
2019-08-13T02:00,15.1,17,3.1,0.0,0.0,0.0,86,0.00
2019-08-13T03:00,14.8,14,4.3,0.0,0.0,0.0,91,0.00
2019-08-13T04:00,14.6,18,7.9,0.0,0.0,0.0,93,0.00
2019-08-13T05:00,15.2,14,7.0,28.0,10.0,198.8,86,0.00
2019-08-13T06:00,16.7,6,5.1,183.0,29.0,738.0,82,0.00
2019-08-13T07:00,18.9,1,4.4,395.0,44.0,867.8,79,0.00
2019-08-13T08:00,21.5,0,5.7,596.0,59.0,920.8,69,0.00
2019-08-13T09:00,23.3,0,8.2,769.0,62.0,965.0,65,0.00
2019-08-13T10:00,25.8,0,9.4,895.0,67.0,982.7,54,0.00
2019-08-13T11:00,29.2,0,11.5,969.0,70.0,992.8,43,0.00
2019-08-13T12:00,31.0,0,14.7,984.0,71.0,995.4,37,0.00
2019-08-13T13:00,31.4,0,14.8,936.0,71.0,986.6,34,0.00
2019-08-13T14:00,31.6,0,14.2,825.0,71.0,958.2,32,0.00
2019-08-13T15:00,30.8,0,12.3,662.0,68.0,908.5,34,0.00
2019-08-13T16:00,29.6,0,10.9,461.0,63.0,818.0,35,0.00
2019-08-13T17:00,28.0,0,11.5,241.0,54.0,630.8,47,0.00
2019-08-13T18:00,24.7,26,8.3,0.0,0.0,0.0,53,0.00
2019-08-13T19:00,22.3,11,6.4,0.0,0.0,0.0,59,0.00
2019-08-13T20:00,20.7,10,5.9,0.0,0.0,0.0,65,0.00
2019-08-13T21:00,19.6,5,6.4,0.0,0.0,0.0,69,0.00
2019-08-13T22:00,18.2,9,6.4,0.0,0.0,0.0,73,0.00
2019-08-13T23:00,17.4,10,6.4,0.0,0.0,0.0,76,0.00
2019-08-14T00:00,16.7,10,7.3,0.0,0.0,0.0,79,0.00
2019-08-14T01:00,15.7,10,5.9,0.0,0.0,0.0,79,0.00
2019-08-14T02:00,15.3,16,6.4,0.0,0.0,0.0,76,0.00
2019-08-14T03:00,15.1,15,7.2,0.0,0.0,0.0,74,0.00
2019-08-14T04:00,14.8,20,12.4,0.0,0.0,0.0,85,0.00
2019-08-14T05:00,15.3,8,10.4,26.0,11.0,168.1,80,0.00
2019-08-14T06:00,17.9,0,5.7,182.0,30.0,737.1,76,0.00
2019-08-14T07:00,20.5,0,5.2,392.0,44.0,865.1,74,0.00
2019-08-14T08:00,23.2,0,6.9,590.0,82.0,874.1,66,0.00
2019-08-14T09:00,25.4,0,7.8,766.0,54.0,974.4,61,0.00
2019-08-14T10:00,28.4,0,8.0,892.0,66.0,982.6,48,0.00
2019-08-14T11:00,32.3,0,11.8,966.0,69.0,992.8,37,0.00
2019-08-14T12:00,35.0,0,13.9,980.0,71.0,993.4,28,0.00
2019-08-14T13:00,36.9,0,15.5,923.0,71.0,974.4,24,0.00
2019-08-14T14:00,37.0,0,15.9,813.0,71.0,946.1,22,0.00
2019-08-14T15:00,36.2,0,14.0,651.0,68.0,895.7,23,0.00
2019-08-14T16:00,36.1,0,10.2,452.0,63.0,805.0,21,0.00
2019-08-14T17:00,32.9,0,12.8,235.0,54.0,618.1,30,0.00
2019-08-14T18:00,29.1,12,10.5,0.0,0.0,0.0,41,0.00
2019-08-14T19:00,26.8,10,6.4,0.0,0.0,0.0,46,0.00
2019-08-14T20:00,25.2,10,4.4,0.0,0.0,0.0,48,0.00
2019-08-14T21:00,24.2,14,6.2,0.0,0.0,0.0,49,0.00
2019-08-14T22:00,22.7,16,8.0,0.0,0.0,0.0,54,0.00
2019-08-14T23:00,20.7,15,7.2,0.0,0.0,0.0,71,0.00
2019-08-15T00:00,19.9,17,6.9,0.0,0.0,0.0,78,0.00
2019-08-15T01:00,18.9,14,7.2,0.0,0.0,0.0,80,0.00
2019-08-15T02:00,18.3,16,5.8,0.0,0.0,0.0,80,0.00
2019-08-15T03:00,17.9,15,7.2,0.0,0.0,0.0,82,0.00
2019-08-15T04:00,17.1,17,9.0,0.0,0.0,0.0,89,0.00
2019-08-15T05:00,17.2,15,10.0,24.0,10.0,159.2,83,0.00
2019-08-15T06:00,19.6,0,8.0,179.0,34.0,711.7,75,0.00
2019-08-15T07:00,22.2,0,4.9,388.0,56.0,830.0,69,0.00
2019-08-15T08:00,24.9,0,6.0,590.0,55.0,923.9,59,0.00
2019-08-15T09:00,27.9,0,6.9,763.0,61.0,963.4,51,0.00
2019-08-15T10:00,30.4,0,9.7,890.0,66.0,982.5,42,0.00
2019-08-15T11:00,33.4,0,13.4,962.0,69.0,990.6,36,0.00
2019-08-15T12:00,35.5,0,15.5,971.0,71.0,986.0,30,0.00
2019-08-15T13:00,37.4,0,17.5,915.0,72.0,966.9,26,0.00
2019-08-15T14:00,37.6,0,17.6,804.0,71.0,937.9,25,0.00
2019-08-15T15:00,36.7,0,12.3,645.0,68.0,890.7,25,0.00
2019-08-15T16:00,35.6,0,4.0,449.0,63.0,804.4,23,0.00
2019-08-15T17:00,33.0,0,8.8,230.0,54.0,608.8,30,0.00
2019-08-15T18:00,29.0,10,9.3,0.0,0.0,0.0,39,0.00
2019-08-15T19:00,26.3,10,8.1,0.0,0.0,0.0,46,0.00
2019-08-15T20:00,24.1,12,7.7,0.0,0.0,0.0,50,0.00
2019-08-15T21:00,22.6,3,5.6,0.0,0.0,0.0,54,0.00
2019-08-15T22:00,21.7,15,7.6,0.0,0.0,0.0,59,0.00
2019-08-15T23:00,20.2,14,7.4,0.0,0.0,0.0,68,0.00
2019-08-16T00:00,19.1,17,8.2,0.0,0.0,0.0,77,0.00
2019-08-16T01:00,18.1,13,7.2,0.0,0.0,0.0,79,0.00
2019-08-16T02:00,17.7,13,5.5,0.0,0.0,0.0,78,0.00
2019-08-16T03:00,17.0,9,6.8,0.0,0.0,0.0,83,0.00
2019-08-16T04:00,16.4,17,6.6,0.0,0.0,0.0,84,0.00
2019-08-16T05:00,16.4,10,6.5,23.0,10.0,150.1,81,0.00
2019-08-16T06:00,18.2,0,4.7,169.0,48.0,601.3,74,0.00
2019-08-16T07:00,20.5,0,5.3,383.0,68.0,791.9,68,0.00
2019-08-16T08:00,23.1,0,6.4,584.0,112.0,818.0,62,0.00
2019-08-16T09:00,26.3,1,8.4,765.0,66.0,961.9,52,0.00
2019-08-16T10:00,29.2,0,11.5,888.0,66.0,982.5,47,0.00
2019-08-16T11:00,30.7,1,17.2,959.0,70.0,988.5,45,0.00
2019-08-16T12:00,30.8,1,19.6,967.0,72.0,983.0,45,0.00
2019-08-16T13:00,31.4,1,20.5,915.0,72.0,969.7,47,0.00
2019-08-16T14:00,31.3,0,18.1,801.0,71.0,937.5,46,0.00
2019-08-16T15:00,30.8,14,14.8,640.0,67.0,888.8,44,0.00
2019-08-16T16:00,28.2,9,4.7,443.0,62.0,799.8,40,0.00
2019-08-16T17:00,24.1,2,12.8,223.0,55.0,588.8,68,0.00
2019-08-16T18:00,21.5,20,10.8,0.0,0.0,0.0,73,0.00
2019-08-16T19:00,19.9,13,8.7,0.0,0.0,0.0,76,0.00
2019-08-16T20:00,18.9,14,8.7,0.0,0.0,0.0,80,0.00
2019-08-16T21:00,17.9,12,7.3,0.0,0.0,0.0,83,0.00
2019-08-16T22:00,17.6,13,7.6,0.0,0.0,0.0,79,0.00
2019-08-16T23:00,16.9,13,6.9,0.0,0.0,0.0,83,0.00
2019-08-17T00:00,16.3,19,6.1,0.0,0.0,0.0,85,0.00
2019-08-17T01:00,15.5,18,9.0,0.0,0.0,0.0,88,0.00
2019-08-17T02:00,15.3,19,7.6,0.0,0.0,0.0,87,0.00
2019-08-17T03:00,14.9,23,7.0,0.0,0.0,0.0,87,0.00
2019-08-17T04:00,15.0,24,13.2,0.0,0.0,0.0,85,0.00
2019-08-17T05:00,14.8,25,11.1,20.0,10.0,117.2,86,0.00
2019-08-17T06:00,17.1,30,13.1,152.0,43.0,548.4,77,0.00
2019-08-17T07:00,19.8,23,10.7,288.0,105.0,462.7,69,0.00
2019-08-17T08:00,21.3,18,4.0,563.0,104.0,798.5,63,0.00
2019-08-17T09:00,26.8,14,1.5,677.0,157.0,717.6,56,0.00
2019-08-17T10:00,24.3,8,5.7,830.0,123.0,847.1,53,0.00
2019-08-17T11:00,25.4,12,10.1,829.0,246.0,649.8,48,0.00
2019-08-17T12:00,25.9,13,7.7,893.0,218.0,743.2,49,0.00
2019-08-17T13:00,27.3,18,14.6,848.0,217.0,728.0,46,0.00
2019-08-17T14:00,26.9,18,17.4,759.0,121.0,822.4,45,0.00
2019-08-17T15:00,25.3,17,12.1,592.0,112.0,748.3,45,0.00
2019-08-17T16:00,23.3,20,8.7,422.0,80.0,723.3,47,0.00
2019-08-17T17:00,22.5,18,5.0,222.0,48.0,618.2,52,0.00
2019-08-17T18:00,20.2,18,1.8,0.0,0.0,0.0,61,0.00
2019-08-17T19:00,18.8,18,1.5,0.0,0.0,0.0,66,0.00
2019-08-17T20:00,17.9,20,5.6,0.0,0.0,0.0,71,0.00
2019-08-17T21:00,17.4,23,5.6,0.0,0.0,0.0,72,0.00
2019-08-17T22:00,17.0,21,5.4,0.0,0.0,0.0,76,0.00
2019-08-17T23:00,16.3,21,6.5,0.0,0.0,0.0,78,0.00
2019-08-18T00:00,15.6,23,7.1,0.0,0.0,0.0,81,0.00
2019-08-18T01:00,14.9,20,8.9,0.0,0.0,0.0,82,0.00
2019-08-18T02:00,14.3,19,8.0,0.0,0.0,0.0,83,0.00
2019-08-18T03:00,14.0,18,8.1,0.0,0.0,0.0,84,0.00
2019-08-18T04:00,14.0,18,12.6,0.0,0.0,0.0,81,0.00
2019-08-18T05:00,14.2,15,8.4,21.0,11.0,119.1,82,0.00
2019-08-18T06:00,16.1,21,9.7,141.0,65.0,387.3,79,0.00
2019-08-18T07:00,18.4,31,10.3,313.0,111.0,513.7,72,0.00
2019-08-18T08:00,19.6,21,5.8,524.0,149.0,654.8,66,0.00
2019-08-18T09:00,21.9,12,3.8,632.0,197.0,602.0,58,0.00
2019-08-18T10:00,23.1,9,2.2,824.0,168.0,788.0,55,0.00
2019-08-18T11:00,24.4,9,5.6,899.0,136.0,852.5,51,0.00
2019-08-18T12:00,25.0,6,8.2,908.0,222.0,757.4,52,0.00
2019-08-18T13:00,26.0,14,17.7,819.0,159.0,763.8,51,0.00
2019-08-18T14:00,25.8,23,19.7,761.0,108.0,844.9,50,0.00
2019-08-18T15:00,25.0,21,21.1,576.0,134.0,692.6,52,0.00
2019-08-18T16:00,22.7,25,19.7,393.0,103.0,618.0,58,0.00
2019-08-18T17:00,21.4,1,16.5,206.0,63.0,515.2,59,0.00
2019-08-18T18:00,19.6,23,9.2,0.0,0.0,0.0,64,0.00
2019-08-18T19:00,18.3,23,1.5,0.0,0.0,0.0,70,0.00
2019-08-18T20:00,17.5,21,4.0,0.0,0.0,0.0,74,0.00
2019-08-18T21:00,17.0,22,2.5,0.0,0.0,0.0,76,0.00
2019-08-18T22:00,16.7,35,3.8,0.0,0.0,0.0,78,0.00
2019-08-18T23:00,15.8,44,4.8,0.0,0.0,0.0,82,0.00
2019-08-19T00:00,15.5,44,5.0,0.0,0.0,0.0,84,0.00
2019-08-19T01:00,14.8,56,5.5,0.0,0.0,0.0,87,0.00
2019-08-19T02:00,15.3,62,4.1,0.0,0.0,0.0,85,0.00
2019-08-19T03:00,15.3,76,4.9,0.0,0.0,0.0,84,0.00
2019-08-19T04:00,15.3,80,6.2,0.0,0.0,0.0,84,0.00
2019-08-19T05:00,15.5,80,0.8,8.0,8.0,0.0,80,0.00
2019-08-19T06:00,15.7,77,2.0,73.0,73.0,0.0,81,0.00
2019-08-19T07:00,16.3,88,2.9,249.0,199.0,127.9,81,0.00
2019-08-19T08:00,17.2,76,4.4,398.0,261.0,240.1,77,0.00
2019-08-19T09:00,18.2,60,6.1,630.0,220.0,569.1,74,0.00
2019-08-19T10:00,19.4,50,5.5,678.0,405.0,328.8,71,0.00
2019-08-19T11:00,20.8,40,7.6,856.0,259.0,668.7,68,0.00
2019-08-19T12:00,22.4,32,6.5,814.0,414.0,442.8,60,0.00
2019-08-19T13:00,23.2,26,6.9,849.0,190.0,765.0,56,0.00
2019-08-19T14:00,23.3,19,6.6,680.0,298.0,496.2,54,0.00
2019-08-19T15:00,22.8,17,6.3,625.0,132.0,776.6,55,0.00
2019-08-19T16:00,22.0,26,8.0,429.0,53.0,807.7,56,0.00
2019-08-19T17:00,20.7,3,8.7,225.0,67.0,577.6,66,0.00
2019-08-19T18:00,19.0,27,8.0,0.0,0.0,0.0,72,0.00
2019-08-19T19:00,17.8,25,6.5,0.0,0.0,0.0,75,0.00
2019-08-19T20:00,17.2,24,8.0,0.0,0.0,0.0,77,0.00
2019-08-19T21:00,16.8,30,6.4,0.0,0.0,0.0,78,0.00
2019-08-19T22:00,16.3,41,4.3,0.0,0.0,0.0,80,0.00
2019-08-19T23:00,16.0,36,4.7,0.0,0.0,0.0,81,0.00
2019-08-20T00:00,15.8,40,4.7,0.0,0.0,0.0,83,0.00
2019-08-20T01:00,15.9,66,3.7,0.0,0.0,0.0,81,0.00
2019-08-20T02:00,16.0,79,2.8,0.0,0.0,0.0,79,0.00
2019-08-20T03:00,16.4,77,1.6,0.0,0.0,0.0,75,0.00
2019-08-20T04:00,16.1,84,1.1,0.0,0.0,0.0,77,0.00
2019-08-20T05:00,16.1,84,2.2,13.0,9.0,49.2,77,0.00
2019-08-20T06:00,16.8,84,6.7,110.0,95.0,78.5,77,0.00
2019-08-20T07:00,16.9,77,7.5,224.0,173.0,131.3,76,0.00
2019-08-20T08:00,17.8,86,9.0,410.0,393.0,29.9,74,0.00
2019-08-20T09:00,18.9,51,9.0,560.0,444.0,161.5,69,0.00
2019-08-20T10:00,20.5,32,10.8,700.0,480.0,265.7,66,0.00
2019-08-20T11:00,22.2,23,15.0,833.0,276.0,625.6,64,0.00
2019-08-20T12:00,22.7,7,14.2,927.0,161.0,850.3,63,0.00
2019-08-20T13:00,23.7,0,15.9,846.0,165.0,793.1,62,0.00
2019-08-20T14:00,24.1,3,17.3,723.0,149.0,748.6,59,0.00
2019-08-20T15:00,23.7,4,14.4,636.0,61.0,910.6,59,0.00
2019-08-20T16:00,23.0,6,16.7,428.0,62.0,792.5,57,0.00
2019-08-20T17:00,20.6,4,15.4,214.0,45.0,627.1,67,0.00
2019-08-20T18:00,18.8,20,13.6,0.0,0.0,0.0,72,0.00
2019-08-20T19:00,18.2,20,13.4,0.0,0.0,0.0,73,0.00
2019-08-20T20:00,17.8,20,6.6,0.0,0.0,0.0,75,0.00
2019-08-20T21:00,17.3,3,3.4,0.0,0.0,0.0,78,0.00
2019-08-20T22:00,16.3,3,2.6,0.0,0.0,0.0,83,0.00
2019-08-20T23:00,15.6,0,2.1,0.0,0.0,0.0,86,0.00
2019-08-21T00:00,15.0,0,2.5,0.0,0.0,0.0,86,0.00
2019-08-21T01:00,14.2,0,0.7,0.0,0.0,0.0,86,0.00
2019-08-21T02:00,13.9,1,3.8,0.0,0.0,0.0,86,0.00
2019-08-21T03:00,13.7,12,3.9,0.0,0.0,0.0,85,0.00
2019-08-21T04:00,13.7,5,8.8,0.0,0.0,0.0,90,0.00
2019-08-21T05:00,14.1,3,3.6,14.0,10.0,50.0,86,0.00
2019-08-21T06:00,15.7,8,1.6,144.0,74.0,371.1,85,0.00
2019-08-21T07:00,17.6,3,3.7,297.0,115.0,471.3,81,0.00
2019-08-21T08:00,19.4,0,4.8,581.0,83.0,879.7,74,0.00
2019-08-21T09:00,21.4,0,8.2,743.0,123.0,865.8,65,0.00
2019-08-21T10:00,23.9,1,9.4,861.0,72.0,955.3,55,0.00
2019-08-21T11:00,26.8,0,13.3,920.0,150.0,867.1,50,0.00
2019-08-21T12:00,28.0,0,14.5,921.0,228.0,771.5,47,0.00
2019-08-21T13:00,28.9,0,14.3,870.0,191.0,793.4,41,0.00
2019-08-21T14:00,29.7,0,15.3,749.0,195.0,725.5,38,0.00
2019-08-21T15:00,28.3,9,14.4,600.0,113.0,775.5,43,0.00
2019-08-21T16:00,27.0,20,12.4,404.0,63.0,744.5,53,0.00
2019-08-21T17:00,25.2,16,15.5,186.0,63.0,463.5,66,0.00
2019-08-21T18:00,22.7,20,16.2,0.0,0.0,0.0,79,0.00
2019-08-21T19:00,21.9,27,15.4,0.0,0.0,0.0,81,0.00
2019-08-21T20:00,21.3,30,11.5,0.0,0.0,0.0,84,0.00
2019-08-21T21:00,20.9,22,9.3,0.0,0.0,0.0,86,0.00
2019-08-21T22:00,20.5,20,8.7,0.0,0.0,0.0,88,0.00
2019-08-21T23:00,20.5,24,5.5,0.0,0.0,0.0,88,0.00
2019-08-22T00:00,20.2,25,6.2,0.0,0.0,0.0,86,0.00
2019-08-22T01:00,19.6,49,4.0,0.0,0.0,0.0,89,0.00
2019-08-22T02:00,19.5,46,4.8,0.0,0.0,0.0,89,0.00
2019-08-22T03:00,19.2,34,3.6,0.0,0.0,0.0,89,0.00
2019-08-22T04:00,19.1,53,7.5,0.0,0.0,0.0,90,0.00
2019-08-22T05:00,18.8,63,3.1,11.0,11.0,0.0,90,0.00
2019-08-22T06:00,19.2,65,3.8,79.0,79.0,0.0,89,0.00
2019-08-22T07:00,20.4,52,4.5,221.0,219.0,5.2,87,0.00
2019-08-22T08:00,21.5,18,6.8,456.0,150.0,542.7,84,0.00
2019-08-22T09:00,23.9,22,9.6,624.0,247.0,528.1,76,0.00
2019-08-22T10:00,25.6,17,10.3,831.0,261.0,692.0,71,0.00
2019-08-22T11:00,28.0,16,12.4,920.0,97.0,929.2,63,0.00
2019-08-22T12:00,29.1,16,13.8,922.0,146.0,866.4,60,0.00
2019-08-22T13:00,29.9,7,13.7,880.0,89.0,927.4,55,0.00
2019-08-22T14:00,29.8,2,12.6,770.0,69.0,921.8,52,0.00
2019-08-22T15:00,29.2,11,11.5,610.0,66.0,871.2,48,0.00
2019-08-22T16:00,28.1,7,6.9,412.0,61.0,772.9,44,0.00
2019-08-22T17:00,25.9,1,10.8,193.0,51.0,543.6,62,0.00
2019-08-22T18:00,22.1,20,11.3,0.0,0.0,0.0,69,0.00
2019-08-22T19:00,19.9,21,11.7,0.0,0.0,0.0,72,0.00
2019-08-22T20:00,19.0,22,10.9,0.0,0.0,0.0,74,0.00
2019-08-22T21:00,18.1,13,8.3,0.0,0.0,0.0,76,0.00
2019-08-22T22:00,17.5,14,6.4,0.0,0.0,0.0,79,0.00
2019-08-22T23:00,16.9,10,4.7,0.0,0.0,0.0,83,0.00
2019-08-23T00:00,16.5,12,7.0,0.0,0.0,0.0,84,0.00
2019-08-23T01:00,15.9,13,5.8,0.0,0.0,0.0,88,0.00
2019-08-23T02:00,16.0,20,6.8,0.0,0.0,0.0,86,0.00
2019-08-23T03:00,15.6,19,8.5,0.0,0.0,0.0,90,0.00
2019-08-23T04:00,15.1,20,8.3,0.0,0.0,0.0,92,0.00
2019-08-23T05:00,15.6,16,7.3,14.0,8.0,77.6,88,0.00
2019-08-23T06:00,16.7,18,6.2,143.0,41.0,555.9,89,0.00
2019-08-23T07:00,18.7,29,5.4,356.0,68.0,755.0,82,0.00
2019-08-23T08:00,20.6,17,7.1,549.0,70.0,852.9,76,0.00
2019-08-23T09:00,22.8,13,9.3,722.0,70.0,916.2,71,0.00
2019-08-23T10:00,25.2,10,12.3,839.0,105.0,893.6,65,0.00
2019-08-23T11:00,27.0,6,17.2,913.0,77.0,946.5,62,0.00
2019-08-23T12:00,28.4,7,16.9,919.0,80.0,939.5,56,0.00
2019-08-23T13:00,28.1,2,16.9,856.0,128.0,856.4,56,0.00
2019-08-23T14:00,28.5,6,13.0,759.0,57.0,927.1,53,0.00
2019-08-23T15:00,27.4,17,15.5,591.0,84.0,816.6,52,0.00
2019-08-23T16:00,25.7,18,9.1,397.0,72.0,721.8,50,0.00
2019-08-23T17:00,23.1,1,13.7,193.0,40.0,595.3,66,0.00
2019-08-23T18:00,19.9,13,13.2,0.0,0.0,0.0,74,0.00
2019-08-23T19:00,19.0,13,10.1,0.0,0.0,0.0,77,0.00
2019-08-23T20:00,18.3,8,7.9,0.0,0.0,0.0,79,0.00
2019-08-23T21:00,18.1,1,6.4,0.0,0.0,0.0,79,0.00
2019-08-23T22:00,17.4,15,6.6,0.0,0.0,0.0,84,0.00
2019-08-23T23:00,17.0,17,6.4,0.0,0.0,0.0,86,0.00
2019-08-24T00:00,16.7,15,6.9,0.0,0.0,0.0,87,0.00
2019-08-24T01:00,16.4,18,6.8,0.0,0.0,0.0,87,0.00
2019-08-24T02:00,16.0,22,6.6,0.0,0.0,0.0,87,0.00
2019-08-24T03:00,15.7,29,5.2,0.0,0.0,0.0,89,0.00
2019-08-24T04:00,15.3,35,7.6,0.0,0.0,0.0,91,0.00
2019-08-24T05:00,15.6,44,7.2,10.0,8.0,26.3,91,0.00
2019-08-24T06:00,17.0,41,8.0,68.0,68.0,0.0,89,0.00
2019-08-24T07:00,18.1,38,8.2,246.0,170.0,200.5,86,0.00
2019-08-24T08:00,19.0,27,9.0,400.0,223.0,316.5,87,0.00
2019-08-24T09:00,21.0,20,11.9,646.0,257.0,548.4,82,0.00
2019-08-24T10:00,22.5,20,15.0,784.0,240.0,664.2,77,0.00
2019-08-24T11:00,23.5,18,16.5,870.0,178.0,785.7,77,0.00
2019-08-24T12:00,24.2,15,15.9,904.0,150.0,846.9,75,0.00
2019-08-24T13:00,24.9,15,16.2,865.0,189.0,798.1,71,0.00
2019-08-24T14:00,25.3,13,16.5,739.0,105.0,840.9,67,0.00
2019-08-24T15:00,25.6,10,14.7,581.0,106.0,769.6,65,0.00
2019-08-24T16:00,25.0,13,8.9,394.0,46.0,779.7,62,0.00
2019-08-24T17:00,22.5,1,11.8,177.0,52.0,494.5,73,0.00
2019-08-24T18:00,20.0,16,9.9,0.0,0.0,0.0,79,0.00
2019-08-24T19:00,18.9,18,6.5,0.0,0.0,0.0,80,0.00
2019-08-24T20:00,18.1,20,5.9,0.0,0.0,0.0,84,0.00
2019-08-24T21:00,17.5,20,4.8,0.0,0.0,0.0,86,0.00
2019-08-24T22:00,17.0,22,5.1,0.0,0.0,0.0,88,0.00
2019-08-24T23:00,16.7,20,5.6,0.0,0.0,0.0,87,0.00
2019-08-25T00:00,16.3,22,6.4,0.0,0.0,0.0,89,0.00
2019-08-25T01:00,15.8,23,5.4,0.0,0.0,0.0,90,0.00
2019-08-25T02:00,15.7,24,6.1,0.0,0.0,0.0,88,0.00
2019-08-25T03:00,15.5,34,5.6,0.0,0.0,0.0,90,0.00
2019-08-25T04:00,15.7,37,5.4,0.0,0.0,0.0,92,0.00
2019-08-25T05:00,15.9,57,4.6,7.0,7.0,0.0,93,0.00
2019-08-25T06:00,16.8,65,4.8,99.0,73.0,145.8,93,0.00
2019-08-25T07:00,17.6,62,4.8,230.0,175.0,146.0,92,0.00
2019-08-25T08:00,19.1,18,5.1,417.0,231.0,333.9,91,0.00
2019-08-25T09:00,21.4,16,7.1,698.0,144.0,783.5,80,0.00
2019-08-25T10:00,23.2,15,9.8,846.0,98.0,915.9,72,0.00
2019-08-25T11:00,25.3,14,13.5,909.0,83.0,940.5,68,0.00
2019-08-25T12:00,25.9,14,15.7,916.0,78.0,944.2,67,0.00
2019-08-25T13:00,27.6,14,15.4,863.0,72.0,937.2,62,0.00
2019-08-25T14:00,28.6,13,14.6,754.0,70.0,911.3,54,0.00
2019-08-25T15:00,28.7,14,14.0,594.0,66.0,860.6,54,0.00
2019-08-25T16:00,28.2,17,8.1,396.0,61.0,757.4,49,0.00
2019-08-25T17:00,25.6,16,9.3,178.0,50.0,515.1,64,0.00
2019-08-25T18:00,22.2,19,8.5,0.0,0.0,0.0,68,0.00
2019-08-25T19:00,20.3,18,6.3,0.0,0.0,0.0,71,0.00
2019-08-25T20:00,19.0,21,5.6,0.0,0.0,0.0,77,0.00
2019-08-25T21:00,18.1,20,6.9,0.0,0.0,0.0,81,0.00
2019-08-25T22:00,17.1,22,6.6,0.0,0.0,0.0,84,0.00
2019-08-25T23:00,16.5,20,6.9,0.0,0.0,0.0,86,0.00
2019-08-26T00:00,16.0,24,6.6,0.0,0.0,0.0,87,0.00
2019-08-26T01:00,15.0,21,6.3,0.0,0.0,0.0,87,0.00
2019-08-26T02:00,14.3,20,6.0,0.0,0.0,0.0,88,0.00
2019-08-26T03:00,13.6,21,5.2,0.0,0.0,0.0,90,0.00
2019-08-26T04:00,13.2,25,6.2,0.0,0.0,0.0,94,0.00
2019-08-26T05:00,13.3,20,4.7,12.0,7.0,68.2,89,0.00
2019-08-26T06:00,15.4,16,5.4,148.0,28.0,682.9,93,0.00
2019-08-26T07:00,18.0,12,4.0,343.0,74.0,718.8,82,0.00
2019-08-26T08:00,20.5,1,3.5,573.0,82.0,885.2,76,0.00
2019-08-26T09:00,23.5,0,5.9,734.0,69.0,943.6,63,0.00
2019-08-26T10:00,25.7,1,8.0,860.0,65.0,976.3,53,0.00
2019-08-26T11:00,29.0,0,10.8,930.0,68.0,984.4,41,0.00
2019-08-26T12:00,31.3,0,13.0,938.0,70.0,981.1,36,0.00
2019-08-26T13:00,31.5,1,15.5,879.0,70.0,962.0,36,0.00
2019-08-26T14:00,30.8,0,16.0,763.0,69.0,928.8,37,0.00
2019-08-26T15:00,30.1,2,14.2,597.0,75.0,856.0,36,0.00
2019-08-26T16:00,29.7,16,7.6,358.0,169.0,431.2,31,0.00
2019-08-26T17:00,25.1,16,11.5,158.0,103.0,225.3,56,0.00
2019-08-26T18:00,21.7,16,10.0,0.0,0.0,0.0,68,0.00
2019-08-26T19:00,20.0,18,7.9,0.0,0.0,0.0,74,0.00
2019-08-26T20:00,19.0,20,6.4,0.0,0.0,0.0,77,0.00
2019-08-26T21:00,17.8,21,6.0,0.0,0.0,0.0,81,0.00
2019-08-26T22:00,17.4,20,7.2,0.0,0.0,0.0,82,0.00
2019-08-26T23:00,16.7,21,6.4,0.0,0.0,0.0,83,0.00
2019-08-27T00:00,16.1,20,6.2,0.0,0.0,0.0,83,0.00
2019-08-27T01:00,15.4,20,6.2,0.0,0.0,0.0,89,0.00
2019-08-27T02:00,15.2,20,6.3,0.0,0.0,0.0,88,0.00
2019-08-27T03:00,14.7,19,7.0,0.0,0.0,0.0,87,0.00
2019-08-27T04:00,14.2,19,7.8,0.0,0.0,0.0,88,0.00
2019-08-27T05:00,13.9,17,8.0,11.0,7.0,55.6,90,0.00
2019-08-27T06:00,16.0,16,7.2,127.0,41.0,494.5,88,0.00
2019-08-27T07:00,18.4,17,7.0,345.0,46.0,804.2,80,0.00
2019-08-27T08:00,20.9,16,7.6,544.0,55.0,885.3,70,0.00
2019-08-27T09:00,23.5,17,10.0,720.0,91.0,895.5,67,0.00
2019-08-27T10:00,25.1,16,12.4,840.0,64.0,955.9,65,0.00
2019-08-27T11:00,26.9,1,14.4,879.0,290.0,674.7,61,0.00
2019-08-27T12:00,28.3,1,15.7,904.0,189.0,810.7,52,0.00
2019-08-27T13:00,28.9,15,15.8,857.0,70.0,939.4,46,0.00
2019-08-27T14:00,29.6,15,13.4,743.0,69.0,906.2,44,0.00
2019-08-27T15:00,27.7,16,14.0,580.0,65.0,849.8,53,0.00
2019-08-27T16:00,27.8,15,8.5,381.0,60.0,739.3,43,0.00
2019-08-27T17:00,23.9,15,10.0,163.0,49.0,475.4,63,0.00
2019-08-27T18:00,20.8,18,8.6,0.0,0.0,0.0,71,0.00
2019-08-27T19:00,19.4,18,7.8,0.0,0.0,0.0,76,0.00
2019-08-27T20:00,18.3,18,6.9,0.0,0.0,0.0,84,0.00
2019-08-27T21:00,17.4,23,6.9,0.0,0.0,0.0,89,0.00
2019-08-27T22:00,17.0,21,7.7,0.0,0.0,0.0,90,0.00
2019-08-27T23:00,16.3,24,6.6,0.0,0.0,0.0,90,0.00
2019-08-28T00:00,16.2,28,5.9,0.0,0.0,0.0,89,0.00
2019-08-28T01:00,15.6,28,4.5,0.0,0.0,0.0,89,0.00
2019-08-28T02:00,16.0,30,4.8,0.0,0.0,0.0,87,0.00
2019-08-28T03:00,15.9,30,6.1,0.0,0.0,0.0,85,0.00
2019-08-28T04:00,15.6,49,9.7,0.0,0.0,0.0,87,0.00
2019-08-28T05:00,16.0,50,6.6,4.0,4.0,0.0,89,0.00
2019-08-28T06:00,17.1,52,5.4,45.0,45.0,0.0,86,0.00
2019-08-28T07:00,18.2,49,7.1,167.0,167.0,0.0,85,0.00
2019-08-28T08:00,19.4,29,9.4,344.0,342.0,3.6,83,0.00
2019-08-28T09:00,20.5,28,10.5,613.0,264.0,498.6,78,0.00
2019-08-28T10:00,22.2,14,12.7,793.0,123.0,827.9,74,0.00
2019-08-28T11:00,23.5,14,14.5,880.0,111.0,883.5,70,0.00
2019-08-28T12:00,24.5,16,17.3,858.0,204.0,744.0,69,0.00
2019-08-28T13:00,25.0,15,15.0,845.0,81.0,915.4,68,0.00
2019-08-28T14:00,25.8,16,13.9,701.0,172.0,714.7,63,0.00
2019-08-28T15:00,25.0,15,13.1,579.0,43.0,890.1,64,0.00
2019-08-28T16:00,24.7,21,9.5,368.0,60.0,716.3,59,0.00
2019-08-28T17:00,21.6,19,14.2,154.0,50.0,442.0,72,0.00
2019-08-28T18:00,20.0,23,11.5,0.0,0.0,0.0,75,0.00
2019-08-28T19:00,19.5,28,8.6,0.0,0.0,0.0,76,0.00
2019-08-28T20:00,19.0,29,8.3,0.0,0.0,0.0,77,0.00
2019-08-28T21:00,18.8,26,6.9,0.0,0.0,0.0,77,0.00
2019-08-28T22:00,18.5,35,5.8,0.0,0.0,0.0,80,0.00
2019-08-28T23:00,18.2,51,4.4,0.0,0.0,0.0,81,0.00
2019-08-29T00:00,18.2,41,5.9,0.0,0.0,0.0,82,0.00
2019-08-29T01:00,18.1,74,3.4,0.0,0.0,0.0,81,0.00
2019-08-29T02:00,18.6,75,4.7,0.0,0.0,0.0,77,0.00
2019-08-29T03:00,19.0,73,5.0,0.0,0.0,0.0,76,0.00
2019-08-29T04:00,18.6,79,4.6,0.0,0.0,0.0,80,0.00
2019-08-29T05:00,18.8,30,3.3,4.0,4.0,0.0,77,0.00
2019-08-29T06:00,19.4,77,4.3,120.0,53.0,390.9,72,0.00
2019-08-29T07:00,20.0,82,4.9,173.0,165.0,21.8,70,0.00
2019-08-29T08:00,20.4,66,4.8,383.0,265.0,215.5,71,0.00
2019-08-29T09:00,21.6,32,7.1,581.0,294.0,411.4,66,0.00
2019-08-29T10:00,22.7,3,6.6,688.0,338.0,433.8,62,0.00
2019-08-29T11:00,23.7,0,7.8,836.0,174.0,763.0,59,0.00
2019-08-29T12:00,25.5,0,11.5,878.0,136.0,847.0,54,0.00
2019-08-29T13:00,26.5,0,13.7,823.0,162.0,795.1,52,0.00
2019-08-29T14:00,25.8,0,14.2,714.0,170.0,738.6,54,0.00
2019-08-29T15:00,25.3,0,14.5,542.0,90.0,755.6,55,0.00
2019-08-29T16:00,24.8,0,14.2,379.0,102.0,650.7,53,0.00
2019-08-29T17:00,22.9,1,12.5,153.0,51.0,442.1,57,0.00
2019-08-29T18:00,21.6,10,8.9,0.0,0.0,0.0,59,0.00
2019-08-29T19:00,20.8,15,8.4,0.0,0.0,0.0,63,0.00
2019-08-29T20:00,20.0,9,9.7,0.0,0.0,0.0,71,0.00
2019-08-29T21:00,19.5,19,6.0,0.0,0.0,0.0,75,0.00
2019-08-29T22:00,18.9,6,2.5,0.0,0.0,0.0,77,0.00
2019-08-29T23:00,18.0,1,2.6,0.0,0.0,0.0,81,0.00
2019-08-30T00:00,17.1,1,2.2,0.0,0.0,0.0,84,0.00
2019-08-30T01:00,16.2,10,4.2,0.0,0.0,0.0,89,0.00
2019-08-30T02:00,16.0,12,4.5,0.0,0.0,0.0,84,0.00
2019-08-30T03:00,15.8,9,3.6,0.0,0.0,0.0,84,0.00
2019-08-30T04:00,15.6,22,4.7,0.0,0.0,0.0,88,0.00
2019-08-30T05:00,15.6,25,6.0,5.0,4.0,14.7,88,0.00
2019-08-30T06:00,16.7,30,3.1,131.0,31.0,587.8,86,0.00
2019-08-30T07:00,18.3,31,3.3,284.0,71.0,584.6,81,0.00
2019-08-30T08:00,19.2,29,7.3,483.0,145.0,620.1,76,0.00
2019-08-30T09:00,21.1,18,13.0,645.0,208.0,628.7,74,0.00
2019-08-30T10:00,22.2,15,14.8,826.0,92.0,912.7,71,0.00
2019-08-30T11:00,23.3,14,15.0,873.0,179.0,802.5,68,0.00
2019-08-30T12:00,24.6,2,14.7,886.0,146.0,847.7,64,0.00
2019-08-30T13:00,25.7,15,15.6,870.0,72.0,963.8,60,0.00
2019-08-30T14:00,26.0,15,16.0,759.0,54.0,962.0,60,0.00
2019-08-30T15:00,25.5,15,15.5,575.0,103.0,794.4,61,0.00
2019-08-30T16:00,24.2,15,13.7,379.0,70.0,733.4,60,0.00
2019-08-30T17:00,21.9,15,13.0,156.0,48.0,477.7,69,0.00
2019-08-30T18:00,20.0,16,10.1,0.0,0.0,0.0,74,0.00
2019-08-30T19:00,19.2,9,6.9,0.0,0.0,0.0,76,0.00
2019-08-30T20:00,18.2,8,4.3,0.0,0.0,0.0,82,0.00
2019-08-30T21:00,17.5,20,4.9,0.0,0.0,0.0,83,0.00
2019-08-30T22:00,16.7,15,5.6,0.0,0.0,0.0,86,0.00
2019-08-30T23:00,16.1,14,4.4,0.0,0.0,0.0,90,0.00
2019-08-31T00:00,15.3,6,2.9,0.0,0.0,0.0,92,0.00
2019-08-31T01:00,14.8,1,5.8,0.0,0.0,0.0,95,0.00
2019-08-31T02:00,14.1,1,1.8,0.0,0.0,0.0,95,0.00
2019-08-31T03:00,13.8,11,4.6,0.0,0.0,0.0,93,0.00
2019-08-31T04:00,13.8,17,6.2,0.0,0.0,0.0,92,0.00
2019-08-31T05:00,13.7,12,7.5,0.0,0.0,0.0,90,0.00
2019-08-31T06:00,15.6,15,6.6,125.0,48.0,456.0,91,0.00
2019-08-31T07:00,18.2,18,5.4,351.0,82.0,743.4,86,0.00
2019-08-31T08:00,20.3,12,4.6,550.0,106.0,818.2,78,0.00
2019-08-31T09:00,22.3,1,8.5,718.0,75.0,928.4,72,0.00
2019-08-31T10:00,24.3,0,9.7,838.0,121.0,894.5,62,0.00
2019-08-31T11:00,26.3,0,10.1,916.0,89.0,959.4,55,0.00
2019-08-31T12:00,28.6,0,9.8,925.0,70.0,983.0,46,0.00
2019-08-31T13:00,31.2,0,13.6,869.0,70.0,969.1,39,0.00
2019-08-31T14:00,30.7,0,12.2,754.0,68.0,940.9,37,0.00
2019-08-31T15:00,30.2,0,11.6,585.0,65.0,881.3,35,0.00
2019-08-31T16:00,28.5,0,10.5,379.0,59.0,767.6,39,0.00
2019-08-31T17:00,26.4,8,9.8,149.0,47.0,460.8,48,0.00
2019-08-31T18:00,23.8,10,5.5,0.0,0.0,0.0,53,0.00
2019-08-31T19:00,21.7,10,5.6,0.0,0.0,0.0,61,0.00
2019-08-31T20:00,19.8,10,2.4,0.0,0.0,0.0,66,0.00
2019-08-31T21:00,18.9,10,2.6,0.0,0.0,0.0,69,0.00
2019-08-31T22:00,18.1,9,2.3,0.0,0.0,0.0,75,0.00
2019-08-31T23:00,17.4,11,1.8,0.0,0.0,0.0,77,0.00
2019-09-01T00:00,16.7,15,3.2,0.0,0.0,0.0,83,0.00
2019-09-01T01:00,16.5,14,4.9,0.0,0.0,0.0,91,0.00
2019-09-01T02:00,16.0,17,4.6,0.0,0.0,0.0,91,0.00
2019-09-01T03:00,15.5,15,4.4,0.0,0.0,0.0,91,0.00
2019-09-01T04:00,15.1,24,3.3,0.0,0.0,0.0,89,0.00
2019-09-01T05:00,14.5,19,3.7,0.0,0.0,0.0,91,0.00
2019-09-01T06:00,16.7,16,2.6,133.0,21.0,668.4,97,0.00
2019-09-01T07:00,19.3,16,2.7,282.0,117.0,459.2,91,0.00
2019-09-01T08:00,21.8,13,4.5,516.0,119.0,735.0,76,0.00
2019-09-01T09:00,23.9,14,7.6,719.0,75.0,933.2,69,0.00
2019-09-01T10:00,25.9,1,10.1,834.0,67.0,960.1,61,0.00
2019-09-01T11:00,27.6,1,10.6,900.0,67.0,969.6,53,0.00
2019-09-01T12:00,29.9,1,13.7,906.0,69.0,965.8,45,0.00
2019-09-01T13:00,30.3,1,15.6,848.0,69.0,948.9,40,0.00
2019-09-01T14:00,30.0,1,15.1,732.0,68.0,915.6,37,0.00
2019-09-01T15:00,29.5,12,14.7,566.0,65.0,855.2,36,0.00
2019-09-01T16:00,27.6,0,11.3,363.0,59.0,737.2,40,0.00
2019-09-01T17:00,25.8,3,11.6,138.0,46.0,424.8,44,0.00
2019-09-01T18:00,23.1,3,7.9,0.0,0.0,0.0,52,0.00
2019-09-01T19:00,21.4,4,5.1,0.0,0.0,0.0,59,0.00
2019-09-01T20:00,20.1,10,4.0,0.0,0.0,0.0,65,0.00
2019-09-01T21:00,19.2,11,3.2,0.0,0.0,0.0,69,0.00
2019-09-01T22:00,18.3,13,3.2,0.0,0.0,0.0,72,0.00
2019-09-01T23:00,17.5,11,2.5,0.0,0.0,0.0,76,0.00
2019-09-02T00:00,17.0,9,2.6,0.0,0.0,0.0,77,0.00
2019-09-02T01:00,16.4,10,1.6,0.0,0.0,0.0,79,0.00
2019-09-02T02:00,16.2,11,1.0,0.0,0.0,0.0,77,0.00
2019-09-02T03:00,15.6,10,3.8,0.0,0.0,0.0,83,0.00
2019-09-02T04:00,15.0,19,4.1,0.0,0.0,0.0,89,0.00
2019-09-02T05:00,15.0,17,5.3,0.0,0.0,0.0,90,0.00
2019-09-02T06:00,16.9,18,4.5,122.0,27.0,571.3,89,0.00
2019-09-02T07:00,18.8,20,5.5,310.0,49.0,731.5,83,0.00
2019-09-02T08:00,20.5,20,6.2,491.0,99.0,729.1,76,0.00
2019-09-02T09:00,22.6,18,9.7,697.0,69.0,913.5,68,0.00
2019-09-02T10:00,24.7,11,12.7,817.0,68.0,940.8,62,0.00
2019-09-02T11:00,25.4,16,14.8,886.0,69.0,954.3,62,0.00
2019-09-02T12:00,26.5,17,18.1,889.0,69.0,949.7,59,0.00
2019-09-02T13:00,25.9,18,17.7,837.0,69.0,939.6,60,0.00
2019-09-02T14:00,25.2,14,18.6,723.0,68.0,908.1,60,0.00
2019-09-02T15:00,23.8,16,16.6,559.0,65.0,849.4,62,0.00
2019-09-02T16:00,22.4,15,13.7,350.0,65.0,698.9,60,0.00
2019-09-02T17:00,20.3,23,11.2,130.0,49.0,382.6,69,0.00
2019-09-02T18:00,18.8,34,8.3,0.0,0.0,0.0,73,0.00
2019-09-02T19:00,18.1,33,6.6,0.0,0.0,0.0,76,0.00
2019-09-02T20:00,17.5,36,3.8,0.0,0.0,0.0,78,0.00
2019-09-02T21:00,17.3,39,5.9,0.0,0.0,0.0,81,0.00
2019-09-02T22:00,16.6,40,4.8,0.0,0.0,0.0,85,0.00
2019-09-02T23:00,16.1,39,5.9,0.0,0.0,0.0,87,0.00
2019-09-03T00:00,15.8,32,5.2,0.0,0.0,0.0,89,0.00
2019-09-03T01:00,15.2,39,2.2,0.0,0.0,0.0,89,0.00
2019-09-03T02:00,14.8,40,2.2,0.0,0.0,0.0,90,0.00
2019-09-03T03:00,14.8,41,3.6,0.0,0.0,0.0,89,0.00
2019-09-03T04:00,14.2,52,3.9,0.0,0.0,0.0,95,0.00
2019-09-03T05:00,14.5,44,1.0,0.0,0.0,0.0,93,0.00
2019-09-03T06:00,15.4,45,2.6,100.0,52.0,290.9,89,0.00
2019-09-03T07:00,16.6,42,4.9,274.0,102.0,485.6,87,0.00
2019-09-03T08:00,18.0,26,6.3,449.0,149.0,560.7,82,0.00
2019-09-03T09:00,19.5,18,8.4,696.0,103.0,865.9,74,0.00
2019-09-03T10:00,21.2,13,10.2,842.0,77.0,964.3,69,0.00
2019-09-03T11:00,23.2,10,11.4,903.0,90.0,953.0,63,0.00
2019-09-03T12:00,24.6,12,11.8,908.0,72.0,972.0,59,0.00
2019-09-03T13:00,25.7,9,14.0,847.0,124.0,888.5,58,0.00
2019-09-03T14:00,25.9,12,13.7,730.0,70.0,920.1,54,0.00
2019-09-03T15:00,25.5,9,12.2,562.0,65.0,861.0,55,0.00
2019-09-03T16:00,24.0,11,11.5,355.0,59.0,734.3,50,0.00
2019-09-03T17:00,22.1,14,11.5,130.0,45.0,411.0,63,0.00
2019-09-03T18:00,19.7,16,9.1,0.0,0.0,0.0,72,0.00
2019-09-03T19:00,18.5,16,7.4,0.0,0.0,0.0,77,0.00
2019-09-03T20:00,17.6,19,6.3,0.0,0.0,0.0,83,0.00
2019-09-03T21:00,16.9,17,5.9,0.0,0.0,0.0,86,0.00
2019-09-03T22:00,16.0,18,4.8,0.0,0.0,0.0,91,0.00
2019-09-03T23:00,15.5,16,6.0,0.0,0.0,0.0,94,0.00
2019-09-04T00:00,15.2,17,5.1,0.0,0.0,0.0,94,0.00
2019-09-04T01:00,14.7,21,1.4,0.0,0.0,0.0,94,0.00
2019-09-04T02:00,14.6,21,4.4,0.0,0.0,0.0,94,0.00
2019-09-04T03:00,14.3,23,3.6,0.0,0.0,0.0,95,0.00
2019-09-04T04:00,14.1,21,4.1,0.0,0.0,0.0,94,0.00
2019-09-04T05:00,14.3,16,4.4,0.0,0.0,0.0,94,0.00
2019-09-04T06:00,15.7,19,3.3,102.0,47.0,336.0,95,0.00
2019-09-04T07:00,17.4,25,5.6,277.0,178.0,281.5,90,0.00
2019-09-04T08:00,19.0,17,7.1,511.0,102.0,768.1,82,0.00
2019-09-04T09:00,20.6,13,8.4,657.0,150.0,743.2,77,0.00
2019-09-04T10:00,23.0,14,8.9,804.0,115.0,871.6,65,0.00
2019-09-04T11:00,25.4,15,10.8,869.0,113.0,889.4,58,0.00
2019-09-04T12:00,26.5,18,13.4,875.0,72.0,937.3,57,0.00
2019-09-04T13:00,26.3,15,16.6,816.0,70.0,920.9,58,0.00
2019-09-04T14:00,25.3,15,16.2,701.0,68.0,887.5,62,0.00
2019-09-04T15:00,24.5,14,16.2,536.0,77.0,801.3,62,0.00
2019-09-04T16:00,23.0,17,13.6,338.0,55.0,710.3,63,0.00
2019-09-04T17:00,20.5,25,11.9,118.0,44.0,366.6,70,0.00
2019-09-04T18:00,18.1,23,8.5,0.0,0.0,0.0,78,0.00
2019-09-04T19:00,17.4,23,6.8,0.0,0.0,0.0,79,0.00
2019-09-04T20:00,16.8,25,5.1,0.0,0.0,0.0,82,0.00
2019-09-04T21:00,16.4,26,5.7,0.0,0.0,0.0,85,0.00
2019-09-04T22:00,15.8,24,6.3,0.0,0.0,0.0,88,0.00
2019-09-04T23:00,15.5,25,8.1,0.0,0.0,0.0,89,0.00
2019-09-05T00:00,15.1,33,6.7,0.0,0.0,0.0,90,0.00
2019-09-05T01:00,14.6,35,3.8,0.0,0.0,0.0,91,0.00
2019-09-05T02:00,14.5,50,5.6,0.0,0.0,0.0,91,0.00
2019-09-05T03:00,14.8,57,5.4,0.0,0.0,0.0,91,0.00
2019-09-05T04:00,14.8,74,4.8,0.0,0.0,0.0,92,0.00
2019-09-05T05:00,15.0,60,4.3,0.0,0.0,0.0,88,0.00
2019-09-05T06:00,15.3,75,5.2,51.0,51.0,0.0,85,0.00
2019-09-05T07:00,15.8,64,6.6,180.0,180.0,0.0,85,0.00
2019-09-05T08:00,16.8,69,7.9,428.0,291.0,258.5,83,0.00
2019-09-05T09:00,17.9,35,7.4,496.0,390.0,156.0,80,0.00
2019-09-05T10:00,20.1,19,8.7,728.0,163.0,717.3,71,0.00
2019-09-05T11:00,20.7,0,10.6,870.0,103.0,905.7,72,0.00
2019-09-05T12:00,22.4,0,13.3,860.0,142.0,841.5,67,0.00
2019-09-05T13:00,23.4,1,13.7,789.0,134.0,812.4,63,0.00
2019-09-05T14:00,24.0,3,15.2,694.0,100.0,837.7,59,0.00
2019-09-05T15:00,23.8,14,16.3,542.0,64.0,841.0,59,0.00
2019-09-05T16:00,22.5,10,14.5,330.0,71.0,657.9,60,0.00
2019-09-05T17:00,20.4,16,14.8,111.0,48.0,320.0,71,0.00
2019-09-05T18:00,18.6,18,10.5,0.0,0.0,0.0,77,0.00
2019-09-05T19:00,18.1,20,9.0,0.0,0.0,0.0,77,0.00
2019-09-05T20:00,17.8,22,7.3,0.0,0.0,0.0,79,0.00
2019-09-05T21:00,17.3,25,6.2,0.0,0.0,0.0,81,0.00
2019-09-05T22:00,16.5,29,5.8,0.0,0.0,0.0,85,0.00
2019-09-05T23:00,16.0,35,3.4,0.0,0.0,0.0,85,0.00
2019-09-06T00:00,15.7,34,2.0,0.0,0.0,0.0,88,0.00
2019-09-06T01:00,15.4,34,1.1,0.0,0.0,0.0,89,0.00
2019-09-06T02:00,14.9,39,2.1,0.0,0.0,0.0,88,0.00
2019-09-06T03:00,14.2,40,4.3,0.0,0.0,0.0,89,0.00
2019-09-06T04:00,13.4,46,5.1,0.0,0.0,0.0,92,0.00
2019-09-06T05:00,13.4,41,5.5,0.0,0.0,0.0,91,0.00
2019-09-06T06:00,14.6,44,2.4,77.0,61.0,99.4,91,0.00
2019-09-06T07:00,16.0,44,4.5,224.0,212.0,34.6,88,0.00
2019-09-06T08:00,17.1,29,6.4,442.0,246.0,371.7,84,0.00
2019-09-06T09:00,19.3,25,10.5,604.0,156.0,662.0,76,0.00
2019-09-06T10:00,20.5,21,10.5,786.0,126.0,841.1,71,0.00
2019-09-06T11:00,21.7,15,13.0,837.0,235.0,713.5,70,0.00
2019-09-06T12:00,23.3,10,15.6,860.0,177.0,803.7,65,0.00
2019-09-06T13:00,23.8,12,16.6,844.0,139.0,878.6,63,0.00
2019-09-06T14:00,23.5,13,15.5,721.0,69.0,924.9,62,0.00
2019-09-06T15:00,23.1,14,14.8,540.0,102.0,776.8,63,0.00
2019-09-06T16:00,22.5,15,13.2,344.0,59.0,732.9,62,0.00
2019-09-06T17:00,20.8,7,11.5,115.0,44.0,370.1,69,0.00
2019-09-06T18:00,18.7,18,10.5,0.0,0.0,0.0,76,0.00
2019-09-06T19:00,17.6,19,7.9,0.0,0.0,0.0,80,0.00
2019-09-06T20:00,16.9,32,6.8,0.0,0.0,0.0,83,0.00
2019-09-06T21:00,16.6,28,6.0,0.0,0.0,0.0,84,0.00
2019-09-06T22:00,15.6,43,6.5,0.0,0.0,0.0,87,0.00
2019-09-06T23:00,15.3,34,5.5,0.0,0.0,0.0,88,0.00
2019-09-07T00:00,14.5,33,3.6,0.0,0.0,0.0,89,0.00
2019-09-07T01:00,14.0,43,4.0,0.0,0.0,0.0,91,0.00
2019-09-07T02:00,14.2,46,1.8,0.0,0.0,0.0,90,0.00
2019-09-07T03:00,14.7,62,3.1,0.0,0.0,0.0,89,0.00
2019-09-07T04:00,14.7,66,2.5,0.0,0.0,0.0,90,0.00
2019-09-07T05:00,15.9,74,3.1,0.0,0.0,0.0,84,0.00
2019-09-07T06:00,16.0,77,2.4,74.0,74.0,0.0,82,0.00
2019-09-07T07:00,16.9,69,7.0,199.0,184.0,43.6,77,0.00
2019-09-07T08:00,18.2,68,9.6,277.0,277.0,0.0,72,0.00
2019-09-07T09:00,19.5,70,13.4,587.0,300.0,425.8,67,0.00
2019-09-07T10:00,21.1,72,17.0,683.0,422.0,333.9,62,0.00
2019-09-07T11:00,21.5,49,17.9,676.0,396.0,333.1,63,0.00
2019-09-07T12:00,21.8,71,22.0,672.0,455.0,256.4,64,0.00
2019-09-07T13:00,21.8,58,20.8,623.0,508.0,144.0,61,0.00
2019-09-07T14:00,21.6,52,22.7,625.0,275.0,499.5,64,0.00
2019-09-07T15:00,20.6,64,22.1,394.0,166.0,407.7,69,0.00
2019-09-07T16:00,20.3,45,22.1,275.0,128.0,382.8,64,0.00
2019-09-07T17:00,18.9,28,22.3,77.0,64.0,69.6,69,0.00
2019-09-07T18:00,17.8,27,17.9,0.0,0.0,0.0,70,0.00
2019-09-07T19:00,17.5,14,14.3,0.0,0.0,0.0,71,0.00
2019-09-07T20:00,16.6,6,6.4,0.0,0.0,0.0,74,0.00
2019-09-07T21:00,15.8,2,3.0,0.0,0.0,0.0,76,0.00
2019-09-07T22:00,15.1,1,1.6,0.0,0.0,0.0,80,0.00
2019-09-07T23:00,14.9,0,4.1,0.0,0.0,0.0,80,0.00
2019-09-08T00:00,14.7,0,5.1,0.0,0.0,0.0,81,0.00
2019-09-08T01:00,14.4,3,4.3,0.0,0.0,0.0,85,0.00
2019-09-08T02:00,14.0,1,0.8,0.0,0.0,0.0,87,0.00
2019-09-08T03:00,13.6,3,5.2,0.0,0.0,0.0,87,0.00
2019-09-08T04:00,13.3,17,7.4,0.0,0.0,0.0,89,0.00
2019-09-08T05:00,13.0,9,4.6,0.0,0.0,0.0,89,0.00
2019-09-08T06:00,14.6,18,3.6,113.0,23.0,568.4,91,0.00
2019-09-08T07:00,17.0,18,6.5,308.0,47.0,765.2,82,0.00
2019-09-08T08:00,18.7,22,9.3,457.0,107.0,670.6,74,0.00
2019-09-08T09:00,19.8,20,10.0,618.0,265.0,526.0,68,0.00
2019-09-08T10:00,21.2,15,11.6,753.0,268.0,622.8,64,0.00
2019-09-08T11:00,22.2,13,11.9,837.0,144.0,827.8,61,0.00
2019-09-08T12:00,22.8,15,12.4,830.0,144.0,814.1,58,0.00
2019-09-08T13:00,23.7,13,14.0,782.0,165.0,776.5,56,0.00
2019-09-08T14:00,23.6,5,14.0,707.0,103.0,867.3,58,0.00
2019-09-08T15:00,23.2,13,14.5,522.0,113.0,737.4,51,0.00
2019-09-08T16:00,21.9,21,14.1,337.0,41.0,780.8,54,0.00
2019-09-08T17:00,20.5,15,13.8,100.0,42.0,319.3,64,0.00
2019-09-08T18:00,19.1,20,13.0,0.0,0.0,0.0,69,0.00
2019-09-08T19:00,18.7,19,3.9,0.0,0.0,0.0,72,0.00
2019-09-08T20:00,17.9,18,2.5,0.0,0.0,0.0,78,0.00
2019-09-08T21:00,17.3,1,1.8,0.0,0.0,0.0,79,0.00
2019-09-08T22:00,16.8,5,2.7,0.0,0.0,0.0,80,0.00
2019-09-08T23:00,15.7,17,5.1,0.0,0.0,0.0,80,0.00
2019-09-09T00:00,14.9,17,3.1,0.0,0.0,0.0,82,0.00
2019-09-09T01:00,14.4,6,4.2,0.0,0.0,0.0,87,0.00
2019-09-09T02:00,14.0,18,4.3,0.0,0.0,0.0,88,0.00
2019-09-09T03:00,13.6,25,7.5,0.0,0.0,0.0,88,0.00
2019-09-09T04:00,13.2,15,10.4,0.0,0.0,0.0,92,0.00
2019-09-09T05:00,12.8,5,3.7,0.0,0.0,0.0,88,0.00
2019-09-09T06:00,14.7,20,2.6,111.0,25.0,547.8,88,0.00
2019-09-09T07:00,16.7,6,2.8,301.0,68.0,688.5,82,0.00
2019-09-09T08:00,18.2,0,5.4,499.0,74.0,818.6,73,0.00
2019-09-09T09:00,20.2,0,7.3,682.0,114.0,849.9,60,0.00
2019-09-09T10:00,22.2,1,11.6,810.0,83.0,937.3,50,0.00
2019-09-09T11:00,24.2,0,15.9,875.0,126.0,898.2,49,0.00
2019-09-09T12:00,25.1,0,21.5,888.0,75.0,969.0,51,0.00
2019-09-09T13:00,25.3,2,21.3,826.0,73.0,952.4,51,0.00
2019-09-09T14:00,25.2,1,16.8,694.0,64.0,910.3,48,0.00
2019-09-09T15:00,24.5,0,14.8,522.0,45.0,867.2,52,0.00
2019-09-09T16:00,22.8,17,15.7,259.0,58.0,537.1,60,0.00
2019-09-09T17:00,20.8,10,19.0,92.0,40.0,294.6,67,0.00
2019-09-09T18:00,18.7,9,16.3,0.0,0.0,0.0,66,0.00
2019-09-09T19:00,18.0,17,13.6,0.0,0.0,0.0,62,0.00
2019-09-09T20:00,17.2,25,13.4,0.0,0.0,0.0,76,0.00
2019-09-09T21:00,16.9,11,11.0,0.0,0.0,0.0,77,0.00
2019-09-09T22:00,16.4,24,8.3,0.0,0.0,0.0,74,0.00
2019-09-09T23:00,15.8,31,7.8,0.0,0.0,0.0,77,0.00
2019-09-10T00:00,16.0,33,8.7,0.0,0.0,0.0,80,0.00
2019-09-10T01:00,15.9,33,3.0,0.0,0.0,0.0,81,0.00
2019-09-10T02:00,15.1,39,1.4,0.0,0.0,0.0,83,0.00
2019-09-10T03:00,14.5,35,2.6,0.0,0.0,0.0,84,0.00
2019-09-10T04:00,13.9,41,2.6,0.0,0.0,0.0,85,0.00
2019-09-10T05:00,13.4,20,2.5,0.0,0.0,0.0,87,0.00
2019-09-10T06:00,14.9,17,1.1,98.0,53.0,289.2,85,0.00
2019-09-10T07:00,17.0,13,2.3,313.0,108.0,610.7,78,0.00
2019-09-10T08:00,18.5,11,7.9,495.0,167.0,635.2,67,0.00
2019-09-10T09:00,20.9,17,14.0,682.0,69.0,921.2,64,0.00
2019-09-10T10:00,21.6,18,14.3,800.0,138.0,856.9,65,0.00
2019-09-10T11:00,22.5,18,15.5,870.0,80.0,951.2,61,0.00
2019-09-10T12:00,23.4,15,17.6,811.0,216.0,712.3,57,0.00
2019-09-10T13:00,23.4,17,17.8,807.0,114.0,881.0,59,0.00
2019-09-10T14:00,23.1,19,18.1,689.0,126.0,818.6,60,0.00
2019-09-10T15:00,22.4,13,17.3,523.0,58.0,852.6,60,0.00
2019-09-10T16:00,21.1,15,13.6,313.0,62.0,679.7,58,0.00
2019-09-10T17:00,19.8,8,13.5,85.0,42.0,248.0,69,0.00
2019-09-10T18:00,18.7,16,9.3,0.0,0.0,0.0,71,0.00
2019-09-10T19:00,18.2,8,3.6,0.0,0.0,0.0,71,0.00
2019-09-10T20:00,17.4,9,1.3,0.0,0.0,0.0,76,0.00
2019-09-10T21:00,16.8,8,3.6,0.0,0.0,0.0,77,0.00
2019-09-10T22:00,15.8,3,1.6,0.0,0.0,0.0,81,0.00
2019-09-10T23:00,14.9,0,1.1,0.0,0.0,0.0,84,0.00
2019-09-11T00:00,14.2,0,1.0,0.0,0.0,0.0,85,0.00
2019-09-11T01:00,13.7,5,0.8,0.0,0.0,0.0,85,0.00
2019-09-11T02:00,13.5,6,1.8,0.0,0.0,0.0,85,0.00
2019-09-11T03:00,13.1,19,3.6,0.0,0.0,0.0,89,0.00
2019-09-11T04:00,13.2,20,10.5,0.0,0.0,0.0,93,0.00
2019-09-11T05:00,13.1,17,8.4,0.0,0.0,0.0,89,0.00
2019-09-11T06:00,14.8,16,7.0,106.0,20.0,557.5,86,0.00
2019-09-11T07:00,17.1,17,3.9,308.0,44.0,792.9,79,0.00
2019-09-11T08:00,18.8,17,6.0,508.0,61.0,870.3,71,0.00
2019-09-11T09:00,20.5,17,6.4,679.0,71.0,917.8,66,0.00
2019-09-11T10:00,22.2,0,8.5,804.0,57.0,970.9,59,0.00
2019-09-11T11:00,24.3,0,10.3,869.0,68.0,968.5,52,0.00
2019-09-11T12:00,26.8,0,11.9,874.0,69.0,968.1,46,0.00
2019-09-11T13:00,28.2,3,14.4,812.0,69.0,949.5,42,0.00
2019-09-11T14:00,28.6,0,15.0,691.0,67.0,913.2,38,0.00
2019-09-11T15:00,28.2,0,13.6,521.0,63.0,847.1,36,0.00
2019-09-11T16:00,27.4,0,11.2,313.0,57.0,702.7,36,0.00
2019-09-11T17:00,24.3,0,12.3,82.0,38.0,257.6,49,0.00
2019-09-11T18:00,22.6,10,9.0,0.0,0.0,0.0,51,0.00
2019-09-11T19:00,20.7,10,1.3,0.0,0.0,0.0,59,0.00
2019-09-11T20:00,19.8,18,4.0,0.0,0.0,0.0,60,0.00
2019-09-11T21:00,19.0,13,4.9,0.0,0.0,0.0,63,0.00
2019-09-11T22:00,18.5,10,5.1,0.0,0.0,0.0,66,0.00
2019-09-11T23:00,17.0,0,3.6,0.0,0.0,0.0,65,0.00
2019-09-12T00:00,16.1,16,2.9,0.0,0.0,0.0,62,0.00
2019-09-12T01:00,15.3,17,5.8,0.0,0.0,0.0,70,0.00
2019-09-12T02:00,15.3,19,7.6,0.0,0.0,0.0,73,0.00
2019-09-12T03:00,14.7,13,6.5,0.0,0.0,0.0,79,0.00
2019-09-12T04:00,14.5,18,7.6,0.0,0.0,0.0,84,0.00
2019-09-12T05:00,13.9,18,6.2,0.0,0.0,0.0,78,0.00
2019-09-12T06:00,16.0,0,5.4,104.0,22.0,536.4,76,0.00
2019-09-12T07:00,20.3,0,2.0,310.0,41.0,814.7,61,0.00
2019-09-12T08:00,22.5,0,3.2,511.0,52.0,898.6,52,0.00
2019-09-12T09:00,24.2,0,5.1,684.0,60.0,946.2,47,0.00
2019-09-12T10:00,26.1,0,7.8,809.0,65.0,971.0,41,0.00
2019-09-12T11:00,28.0,0,9.0,876.0,68.0,981.0,32,0.00
2019-09-12T12:00,30.3,0,11.0,880.0,69.0,979.7,28,0.00
2019-09-12T13:00,32.1,0,12.7,814.0,69.0,957.0,26,0.00
2019-09-12T14:00,33.0,0,12.3,690.0,68.0,916.2,24,0.00
2019-09-12T15:00,32.1,0,11.2,517.0,64.0,845.2,26,0.00
2019-09-12T16:00,31.7,0,8.7,306.0,57.0,693.0,26,0.00
2019-09-12T17:00,29.8,0,10.6,76.0,37.0,231.8,33,0.00
2019-09-12T18:00,27.1,4,6.6,0.0,0.0,0.0,40,0.00
2019-09-12T19:00,25.2,2,4.4,0.0,0.0,0.0,41,0.00
2019-09-12T20:00,23.8,9,3.7,0.0,0.0,0.0,39,0.00
2019-09-12T21:00,22.7,9,2.5,0.0,0.0,0.0,40,0.00
2019-09-12T22:00,21.1,14,1.5,0.0,0.0,0.0,44,0.00
2019-09-12T23:00,19.7,9,1.1,0.0,0.0,0.0,44,0.00
2019-09-13T00:00,18.7,0,4.2,0.0,0.0,0.0,45,0.00
2019-09-13T01:00,17.8,11,5.8,0.0,0.0,0.0,47,0.00
2019-09-13T02:00,17.6,14,8.5,0.0,0.0,0.0,49,0.00
2019-09-13T03:00,17.3,14,6.6,0.0,0.0,0.0,43,0.00
2019-09-13T04:00,16.6,17,3.6,0.0,0.0,0.0,45,0.00
2019-09-13T05:00,16.1,6,9.0,0.0,0.0,0.0,48,0.00
2019-09-13T06:00,18.2,0,6.5,101.0,44.0,376.3,52,0.00
2019-09-13T07:00,22.1,0,2.9,317.0,57.0,794.1,46,0.00
2019-09-13T08:00,24.6,0,3.7,511.0,73.0,862.3,40,0.00
2019-09-13T09:00,26.7,0,5.6,684.0,78.0,923.1,37,0.00
2019-09-13T10:00,28.3,0,8.9,796.0,146.0,851.9,36,0.00
2019-09-13T11:00,30.4,0,9.0,877.0,72.0,981.6,31,0.00
2019-09-13T12:00,32.7,0,11.5,880.0,71.0,981.8,26,0.00
2019-09-13T13:00,34.7,0,13.6,815.0,69.0,963.4,21,0.00
2019-09-13T14:00,35.7,0,13.3,686.0,111.0,852.6,18,0.00
2019-09-13T15:00,35.2,1,11.3,518.0,65.0,852.8,16,0.00
2019-09-13T16:00,35.0,0,10.0,307.0,57.0,705.5,16,0.00
2019-09-13T17:00,32.0,0,8.6,71.0,36.0,211.2,27,0.00
2019-09-13T18:00,28.3,7,7.3,0.0,0.0,0.0,40,0.00
2019-09-13T19:00,25.7,3,4.1,0.0,0.0,0.0,42,0.00
2019-09-13T20:00,24.5,13,2.3,0.0,0.0,0.0,41,0.00
2019-09-13T21:00,23.3,10,3.1,0.0,0.0,0.0,42,0.00
2019-09-13T22:00,21.6,12,1.8,0.0,0.0,0.0,45,0.00
2019-09-13T23:00,20.0,12,5.8,0.0,0.0,0.0,50,0.00
2019-09-14T00:00,19.0,0,6.8,0.0,0.0,0.0,52,0.00
2019-09-14T01:00,18.2,16,8.2,0.0,0.0,0.0,55,0.00
2019-09-14T02:00,17.5,18,7.2,0.0,0.0,0.0,56,0.00
2019-09-14T03:00,16.4,20,6.8,0.0,0.0,0.0,68,0.00
2019-09-14T04:00,16.0,27,7.3,0.0,0.0,0.0,78,0.00
2019-09-14T05:00,15.4,19,9.8,0.0,0.0,0.0,79,0.00
2019-09-14T06:00,16.7,16,6.8,101.0,19.0,546.4,76,0.00
2019-09-14T07:00,19.3,17,5.0,307.0,40.0,822.6,71,0.00
2019-09-14T08:00,21.5,17,7.5,510.0,49.0,912.8,66,0.00
2019-09-14T09:00,24.4,13,10.8,681.0,59.0,951.8,62,0.00
2019-09-14T10:00,26.8,3,13.5,801.0,65.0,968.8,58,0.00
2019-09-14T11:00,27.4,16,15.1,865.0,71.0,972.3,55,0.00
2019-09-14T12:00,28.9,0,14.1,870.0,71.0,974.2,51,0.00
2019-09-14T13:00,29.2,2,17.4,805.0,70.0,954.4,49,0.00
2019-09-14T14:00,28.8,15,16.0,686.0,68.0,922.4,40,0.00
2019-09-14T15:00,27.2,15,14.0,516.0,64.0,858.6,47,0.00
2019-09-14T16:00,24.9,8,13.1,302.0,57.0,701.3,45,0.00
2019-09-14T17:00,21.7,14,12.1,64.0,34.0,183.9,65,0.00
2019-09-14T18:00,19.4,15,8.7,0.0,0.0,0.0,73,0.00
2019-09-14T19:00,18.2,13,5.6,0.0,0.0,0.0,76,0.00
2019-09-14T20:00,16.9,23,4.7,0.0,0.0,0.0,82,0.00
2019-09-14T21:00,16.0,28,6.5,0.0,0.0,0.0,90,0.00
2019-09-14T22:00,15.7,43,7.7,0.0,0.0,0.0,88,0.00
2019-09-14T23:00,15.2,42,5.4,0.0,0.0,0.0,87,0.00
2019-09-15T00:00,14.7,39,7.0,0.0,0.0,0.0,89,0.00
2019-09-15T01:00,14.3,44,2.6,0.0,0.0,0.0,90,0.00
2019-09-15T02:00,14.7,43,4.8,0.0,0.0,0.0,90,0.00
2019-09-15T03:00,14.6,41,4.9,0.0,0.0,0.0,88,0.00
2019-09-15T04:00,14.3,63,4.5,0.0,0.0,0.0,90,0.00
2019-09-15T05:00,14.9,62,7.3,0.0,0.0,0.0,90,0.00
2019-09-15T06:00,15.5,71,7.0,60.0,57.0,20.2,87,0.00
2019-09-15T07:00,16.1,79,4.2,167.0,167.0,0.0,81,0.00
2019-09-15T08:00,17.3,31,3.8,409.0,211.0,394.3,78,0.00
2019-09-15T09:00,19.3,7,5.9,603.0,192.0,631.9,70,0.00
2019-09-15T10:00,20.7,0,5.9,759.0,198.0,741.6,66,0.00
2019-09-15T11:00,22.5,0,9.8,810.0,170.0,787.2,58,0.00
2019-09-15T12:00,24.4,0,13.0,851.0,122.0,893.1,49,0.00
2019-09-15T13:00,24.7,0,14.3,784.0,118.0,869.5,45,0.00
2019-09-15T14:00,24.5,0,15.2,683.0,81.0,904.6,46,0.00
2019-09-15T15:00,23.9,16,15.7,481.0,159.0,617.2,50,0.00
2019-09-15T16:00,22.1,25,16.0,238.0,102.0,394.9,58,0.00
2019-09-15T17:00,20.6,46,14.7,47.0,39.0,49.8,69,0.00
2019-09-15T18:00,20.2,67,12.8,0.0,0.0,0.0,75,0.00
2019-09-15T19:00,20.0,62,12.0,0.0,0.0,0.0,79,0.00
2019-09-15T20:00,19.9,58,8.9,0.0,0.0,0.0,80,0.00
2019-09-15T21:00,19.8,69,4.0,0.0,0.0,0.0,79,0.00
2019-09-15T22:00,19.4,71,4.4,0.0,0.0,0.0,81,0.00
2019-09-15T23:00,19.0,77,2.2,0.0,0.0,0.0,82,0.00
2019-09-16T00:00,19.0,69,1.1,0.0,0.0,0.0,83,0.00
2019-09-16T01:00,18.9,54,3.6,0.0,0.0,0.0,84,0.00
2019-09-16T02:00,18.3,73,2.5,0.0,0.0,0.0,88,0.00
2019-09-16T03:00,18.7,100,2.8,0.0,0.0,0.0,85,0.00
2019-09-16T04:00,18.7,81,1.5,0.0,0.0,0.0,85,0.00
2019-09-16T05:00,17.9,72,6.1,0.0,0.0,0.0,93,0.00
2019-09-16T06:00,16.9,68,9.5,14.0,14.0,0.0,90,0.00
2019-09-16T07:00,16.5,65,5.8,210.0,141.0,216.4,90,0.00
2019-09-16T08:00,17.9,56,5.5,203.0,203.0,0.0,83,0.00
2019-09-16T09:00,19.8,42,13.0,223.0,223.0,0.0,75,0.00
2019-09-16T10:00,20.7,26,14.0,334.0,333.0,1.3,67,0.00
2019-09-16T11:00,21.6,6,14.9,524.0,412.0,138.4,60,0.00
2019-09-16T12:00,22.2,1,16.6,837.0,139.0,859.2,55,0.00
2019-09-16T13:00,22.7,7,15.6,785.0,84.0,920.3,50,0.00
2019-09-16T14:00,22.7,0,16.5,661.0,105.0,841.2,48,0.00
2019-09-16T15:00,22.0,0,14.0,468.0,134.0,646.2,50,0.00
2019-09-16T16:00,20.9,6,11.3,260.0,136.0,365.4,53,0.00
2019-09-16T17:00,19.8,0,12.5,40.0,31.0,57.0,57,0.00
2019-09-16T18:00,18.7,8,10.0,0.0,0.0,0.0,65,0.00
2019-09-16T19:00,18.0,5,7.7,0.0,0.0,0.0,69,0.00
2019-09-16T20:00,17.4,3,6.0,0.0,0.0,0.0,69,0.00
2019-09-16T21:00,16.7,3,6.6,0.0,0.0,0.0,72,0.00
2019-09-16T22:00,15.9,2,6.5,0.0,0.0,0.0,75,0.00
2019-09-16T23:00,15.1,0,6.9,0.0,0.0,0.0,78,0.00
2019-09-17T00:00,14.6,0,5.9,0.0,0.0,0.0,79,0.00
2019-09-17T01:00,14.1,5,6.7,0.0,0.0,0.0,82,0.00
2019-09-17T02:00,13.6,5,8.0,0.0,0.0,0.0,83,0.00
2019-09-17T03:00,13.0,2,6.1,0.0,0.0,0.0,83,0.00
2019-09-17T04:00,12.9,6,6.6,0.0,0.0,0.0,79,0.00
2019-09-17T05:00,12.4,7,4.7,0.0,0.0,0.0,78,0.00
2019-09-17T06:00,13.8,0,2.1,92.0,19.0,500.6,80,0.00
2019-09-17T07:00,16.5,0,3.4,295.0,39.0,810.0,73,0.00
2019-09-17T08:00,18.0,0,3.3,494.0,64.0,866.5,67,0.00
2019-09-17T09:00,19.3,0,6.1,668.0,86.0,903.5,61,0.00
2019-09-17T10:00,20.8,0,8.1,789.0,66.0,964.3,54,0.00
2019-09-17T11:00,22.4,0,10.7,851.0,67.0,973.0,49,0.00
2019-09-17T12:00,24.2,0,11.9,845.0,98.0,924.1,43,0.00
2019-09-17T13:00,24.8,0,14.9,779.0,102.0,893.8,39,0.00
2019-09-17T14:00,24.3,0,16.1,666.0,56.0,929.4,37,0.00
2019-09-17T15:00,23.3,0,15.2,493.0,63.0,839.8,39,0.00
2019-09-17T16:00,21.8,0,14.8,279.0,56.0,667.0,45,0.00
2019-09-17T17:00,20.2,10,13.8,40.0,26.0,90.1,55,0.00
2019-09-17T18:00,19.0,10,10.6,0.0,0.0,0.0,58,0.00
2019-09-17T19:00,18.0,4,7.6,0.0,0.0,0.0,67,0.00
2019-09-17T20:00,17.3,2,5.7,0.0,0.0,0.0,71,0.00
2019-09-17T21:00,16.7,2,3.6,0.0,0.0,0.0,77,0.00
2019-09-17T22:00,16.2,9,1.8,0.0,0.0,0.0,80,0.00
2019-09-17T23:00,15.8,2,2.5,0.0,0.0,0.0,79,0.00
2019-09-18T00:00,15.5,6,3.8,0.0,0.0,0.0,78,0.00
2019-09-18T01:00,15.1,35,2.9,0.0,0.0,0.0,80,0.00
2019-09-18T02:00,15.4,59,3.1,0.0,0.0,0.0,80,0.00
2019-09-18T03:00,16.1,76,3.3,0.0,0.0,0.0,78,0.00
2019-09-18T04:00,16.9,73,9.4,0.0,0.0,0.0,83,0.00
2019-09-18T05:00,17.0,56,8.4,0.0,0.0,0.0,80,0.00
2019-09-18T06:00,17.9,69,6.2,24.0,24.0,0.0,77,0.00
2019-09-18T07:00,18.8,73,4.0,55.0,55.0,0.0,77,0.00
2019-09-18T08:00,19.2,69,4.7,144.0,144.0,0.0,76,0.00
2019-09-18T09:00,21.7,52,0.8,328.0,328.0,0.0,76,0.00
2019-09-18T10:00,20.4,56,4.6,492.0,294.0,265.3,74,0.00
2019-09-18T11:00,21.3,69,3.6,626.0,340.0,356.6,72,0.00
2019-09-18T12:00,22.4,56,10.3,427.0,427.0,0.0,67,0.00
2019-09-18T13:00,22.4,44,12.5,324.0,324.0,0.0,69,0.00
2019-09-18T14:00,22.4,24,14.8,222.0,222.0,0.0,66,0.00
2019-09-18T15:00,22.2,22,13.4,111.0,111.0,0.0,61,0.00
2019-09-18T16:00,21.0,10,14.1,217.0,151.0,200.5,65,0.00
2019-09-18T17:00,19.9,8,10.7,32.0,23.0,58.9,63,0.00
2019-09-18T18:00,18.5,10,8.4,0.0,0.0,0.0,66,0.00
2019-09-18T19:00,17.6,4,10.4,0.0,0.0,0.0,70,0.00
2019-09-18T20:00,16.9,2,7.6,0.0,0.0,0.0,76,0.00
2019-09-18T21:00,16.3,1,5.8,0.0,0.0,0.0,78,0.00
2019-09-18T22:00,15.7,1,5.4,0.0,0.0,0.0,78,0.00
2019-09-18T23:00,14.8,1,5.5,0.0,0.0,0.0,79,0.00
2019-09-19T00:00,14.1,1,4.9,0.0,0.0,0.0,79,0.00
2019-09-19T01:00,13.7,2,3.9,0.0,0.0,0.0,78,0.00
2019-09-19T02:00,13.2,3,5.2,0.0,0.0,0.0,80,0.00
2019-09-19T03:00,12.9,1,4.3,0.0,0.0,0.0,81,0.00
2019-09-19T04:00,12.5,5,5.6,0.0,0.0,0.0,83,0.00
2019-09-19T05:00,12.3,17,6.9,0.0,0.0,0.0,82,0.00
2019-09-19T06:00,14.1,1,2.0,87.0,16.0,496.7,83,0.00
2019-09-19T07:00,17.9,0,0.5,281.0,56.0,725.2,80,0.00
2019-09-19T08:00,17.6,0,2.8,481.0,79.0,820.1,72,0.00
2019-09-19T09:00,19.0,0,6.6,651.0,103.0,859.3,63,0.00
2019-09-19T10:00,19.7,0,8.7,777.0,71.0,950.4,60,0.00
2019-09-19T11:00,21.2,1,11.2,839.0,68.0,965.9,53,0.00
2019-09-19T12:00,22.7,0,9.5,841.0,68.0,966.0,45,0.00
2019-09-19T13:00,23.4,0,10.7,776.0,68.0,945.7,44,0.00
2019-09-19T14:00,24.1,0,12.3,651.0,66.0,904.2,43,0.00
2019-09-19T15:00,23.7,0,12.6,473.0,63.0,816.5,46,0.00
2019-09-19T16:00,22.4,0,11.6,261.0,55.0,635.8,49,0.00
2019-09-19T17:00,21.0,10,12.6,22.0,17.0,33.3,59,0.00
2019-09-19T18:00,19.7,10,11.3,0.0,0.0,0.0,60,0.00
2019-09-19T19:00,18.8,8,5.7,0.0,0.0,0.0,61,0.00
2019-09-19T20:00,18.2,2,4.3,0.0,0.0,0.0,61,0.00
2019-09-19T21:00,17.4,0,4.7,0.0,0.0,0.0,63,0.00
2019-09-19T22:00,16.2,2,5.8,0.0,0.0,0.0,69,0.00
2019-09-19T23:00,15.2,2,5.4,0.0,0.0,0.0,72,0.00
2019-09-20T00:00,14.6,1,2.9,0.0,0.0,0.0,71,0.00
2019-09-20T01:00,13.6,3,4.7,0.0,0.0,0.0,73,0.00
2019-09-20T02:00,13.2,4,3.4,0.0,0.0,0.0,75,0.00
2019-09-20T03:00,12.8,2,2.9,0.0,0.0,0.0,83,0.00
2019-09-20T04:00,12.3,16,4.0,0.0,0.0,0.0,87,0.00
2019-09-20T05:00,12.0,19,7.0,0.0,0.0,0.0,88,0.00
2019-09-20T06:00,14.1,0,3.2,82.0,22.0,424.1,86,0.00
2019-09-20T07:00,17.8,0,3.3,282.0,40.0,787.4,73,0.00
2019-09-20T08:00,19.9,0,4.3,481.0,52.0,880.7,56,0.00
2019-09-20T09:00,21.5,0,4.9,648.0,59.0,928.3,45,0.00
2019-09-20T10:00,23.2,0,6.2,772.0,64.0,957.7,38,0.00
2019-09-20T11:00,24.9,0,9.4,833.0,67.0,964.3,34,0.00
2019-09-20T12:00,26.7,0,10.8,831.0,69.0,957.2,31,0.00
2019-09-20T13:00,27.7,0,12.3,766.0,68.0,938.0,29,0.00
2019-09-20T14:00,28.2,0,12.6,643.0,66.0,898.5,28,0.00
2019-09-20T15:00,28.0,0,12.8,467.0,63.0,812.7,29,0.00
2019-09-20T16:00,26.4,0,10.6,254.0,55.0,624.2,33,0.00
2019-09-20T17:00,24.2,9,11.6,11.0,10.0,6.8,45,0.00
2019-09-20T18:00,22.3,10,10.2,0.0,0.0,0.0,52,0.00
2019-09-20T19:00,20.9,10,3.1,0.0,0.0,0.0,56,0.00
2019-09-20T20:00,19.9,6,6.0,0.0,0.0,0.0,56,0.00
2019-09-20T21:00,19.4,0,5.9,0.0,0.0,0.0,53,0.00
2019-09-20T22:00,18.0,4,4.8,0.0,0.0,0.0,57,0.00
2019-09-20T23:00,17.1,4,3.5,0.0,0.0,0.0,58,0.00
2019-09-21T00:00,16.3,6,3.3,0.0,0.0,0.0,63,0.00
2019-09-21T01:00,15.7,8,5.2,0.0,0.0,0.0,69,0.00
2019-09-21T02:00,14.9,6,5.8,0.0,0.0,0.0,73,0.00
2019-09-21T03:00,14.0,8,5.0,0.0,0.0,0.0,79,0.00
2019-09-21T04:00,13.6,24,3.4,0.0,0.0,0.0,89,0.00
2019-09-21T05:00,13.8,23,2.6,0.0,0.0,0.0,83,0.00
2019-09-21T06:00,15.3,0,3.1,80.0,18.0,442.8,85,0.00
2019-09-21T07:00,18.6,0,2.1,281.0,40.0,791.8,74,0.00
2019-09-21T08:00,21.5,0,4.5,481.0,54.0,882.2,50,0.00
2019-09-21T09:00,23.6,0,4.7,653.0,51.0,953.8,38,0.00
2019-09-21T10:00,25.2,0,5.8,773.0,65.0,962.4,33,0.00
2019-09-21T11:00,26.3,0,7.6,835.0,67.0,971.5,31,0.00
2019-09-21T12:00,27.7,0,9.6,836.0,69.0,968.6,28,0.00
2019-09-21T13:00,29.5,0,12.6,772.0,70.0,949.1,27,0.00
2019-09-21T14:00,30.0,0,14.0,651.0,66.0,917.8,24,0.00
2019-09-21T15:00,29.6,0,14.0,470.0,62.0,829.2,26,0.00
2019-09-21T16:00,28.1,0,14.8,253.0,55.0,631.5,29,0.00
2019-09-21T17:00,25.0,6,12.6,0.0,0.0,0.0,46,0.00
2019-09-21T18:00,22.6,10,7.9,0.0,0.0,0.0,51,0.00
2019-09-21T19:00,21.0,11,1.1,0.0,0.0,0.0,55,0.00
2019-09-21T20:00,19.6,10,3.1,0.0,0.0,0.0,58,0.00
2019-09-21T21:00,18.7,9,5.2,0.0,0.0,0.0,60,0.00
2019-09-21T22:00,17.6,15,5.2,0.0,0.0,0.0,61,0.00
2019-09-21T23:00,16.7,12,3.1,0.0,0.0,0.0,61,0.00
2019-09-22T00:00,15.5,17,4.0,0.0,0.0,0.0,67,0.00
2019-09-22T01:00,14.9,19,6.7,0.0,0.0,0.0,77,0.00
2019-09-22T02:00,14.0,20,6.6,0.0,0.0,0.0,85,0.00
2019-09-22T03:00,13.7,28,7.2,0.0,0.0,0.0,86,0.00
2019-09-22T04:00,12.8,31,8.0,0.0,0.0,0.0,90,0.00
2019-09-22T05:00,12.5,26,8.7,0.0,0.0,0.0,91,0.00
2019-09-22T06:00,14.4,16,6.5,76.0,24.0,375.3,84,0.00
2019-09-22T07:00,16.6,16,3.1,278.0,39.0,793.0,84,0.00
2019-09-22T08:00,18.8,17,4.6,477.0,43.0,902.5,72,0.00
2019-09-22T09:00,21.4,17,6.9,639.0,81.0,888.8,64,0.00
2019-09-22T10:00,24.2,16,11.3,736.0,209.0,719.9,56,0.00
2019-09-22T11:00,25.1,16,13.6,794.0,281.0,652.2,59,0.00
2019-09-22T12:00,25.6,15,13.2,804.0,144.0,838.0,55,0.00
2019-09-22T13:00,25.1,0,12.3,722.0,297.0,578.2,60,0.00
2019-09-22T14:00,25.9,5,13.0,623.0,66.0,880.6,51,0.00
2019-09-22T15:00,25.0,0,12.8,450.0,62.0,796.8,55,0.00
2019-09-22T16:00,22.8,0,11.2,240.0,54.0,603.4,53,0.00
2019-09-22T17:00,20.2,0,11.2,0.0,0.0,0.0,65,0.00
2019-09-22T18:00,18.9,16,7.5,0.0,0.0,0.0,67,0.00
2019-09-22T19:00,17.9,15,6.1,0.0,0.0,0.0,72,0.00
2019-09-22T20:00,17.3,20,4.3,0.0,0.0,0.0,79,0.00
2019-09-22T21:00,16.9,11,5.7,0.0,0.0,0.0,84,0.00
2019-09-22T22:00,16.5,24,2.3,0.0,0.0,0.0,85,0.00
2019-09-22T23:00,16.0,25,2.6,0.0,0.0,0.0,85,0.00
2019-09-23T00:00,15.6,23,1.5,0.0,0.0,0.0,87,0.00
2019-09-23T01:00,15.2,27,3.6,0.0,0.0,0.0,87,0.00
2019-09-23T02:00,14.5,27,1.8,0.0,0.0,0.0,88,0.00
2019-09-23T03:00,13.7,25,3.6,0.0,0.0,0.0,91,0.00
2019-09-23T04:00,13.2,51,5.5,0.0,0.0,0.0,94,0.00
2019-09-23T05:00,14.2,56,1.6,0.0,0.0,0.0,91,0.00
2019-09-23T06:00,14.8,34,1.6,48.0,35.0,94.8,89,0.00
2019-09-23T07:00,15.8,45,1.6,223.0,98.0,418.9,91,0.00
2019-09-23T08:00,17.5,25,4.7,343.0,221.0,255.4,88,0.00
2019-09-23T09:00,20.0,16,3.3,610.0,150.0,736.7,74,0.00
2019-09-23T10:00,21.8,0,8.0,758.0,66.0,950.0,61,0.00
2019-09-23T11:00,23.8,0,10.0,816.0,69.0,954.5,52,0.00
2019-09-23T12:00,25.3,0,9.7,814.0,70.0,949.9,46,0.00
2019-09-23T13:00,26.8,0,10.8,750.0,70.0,931.0,43,0.00
2019-09-23T14:00,28.0,0,11.2,622.0,67.0,884.3,40,0.00
2019-09-23T15:00,27.8,0,12.7,446.0,63.0,794.9,40,0.00
2019-09-23T16:00,26.8,0,13.3,235.0,55.0,594.1,39,0.00
2019-09-23T17:00,25.5,3,11.2,0.0,0.0,0.0,51,0.00
2019-09-23T18:00,24.0,4,4.7,0.0,0.0,0.0,56,0.00
2019-09-23T19:00,22.5,10,3.3,0.0,0.0,0.0,52,0.00
2019-09-23T20:00,21.5,14,5.2,0.0,0.0,0.0,50,0.00
2019-09-23T21:00,20.4,16,3.9,0.0,0.0,0.0,55,0.00
2019-09-23T22:00,18.9,18,1.4,0.0,0.0,0.0,69,0.00
2019-09-23T23:00,17.9,17,6.0,0.0,0.0,0.0,79,0.00
2019-09-24T00:00,17.0,24,2.6,0.0,0.0,0.0,84,0.00
2019-09-24T01:00,16.1,8,3.8,0.0,0.0,0.0,88,0.00
2019-09-24T02:00,15.6,7,1.3,0.0,0.0,0.0,79,0.00
2019-09-24T03:00,15.4,28,2.2,0.0,0.0,0.0,69,0.00
2019-09-24T04:00,15.3,27,5.4,0.0,0.0,0.0,60,0.00
2019-09-24T05:00,15.1,18,4.3,0.0,0.0,0.0,60,0.00
2019-09-24T06:00,16.6,0,7.2,72.0,17.0,405.7,67,0.00
2019-09-24T07:00,20.3,16,5.4,268.0,51.0,734.7,58,0.00
2019-09-24T08:00,24.0,0,4.8,470.0,52.0,880.9,46,0.00
2019-09-24T09:00,26.3,0,4.0,637.0,58.0,932.4,36,0.00
2019-09-24T10:00,28.3,0,5.4,757.0,66.0,953.5,28,0.00
2019-09-24T11:00,29.1,0,5.2,817.0,67.0,963.3,27,0.00
2019-09-24T12:00,31.0,0,6.2,813.0,68.0,956.5,24,0.00
2019-09-24T13:00,32.4,0,8.0,745.0,68.0,932.8,22,0.00
2019-09-24T14:00,33.0,0,10.1,617.0,66.0,884.9,23,0.00
2019-09-24T15:00,33.0,0,11.5,440.0,63.0,791.0,25,0.00
2019-09-24T16:00,31.1,0,10.1,228.0,54.0,584.6,25,0.00
2019-09-24T17:00,29.7,0,10.5,0.0,0.0,0.0,24,0.00
2019-09-24T18:00,27.3,1,6.6,0.0,0.0,0.0,27,0.00
2019-09-24T19:00,25.2,3,4.7,0.0,0.0,0.0,30,0.00
2019-09-24T20:00,24.1,4,7.9,0.0,0.0,0.0,31,0.00
2019-09-24T21:00,23.2,6,8.7,0.0,0.0,0.0,30,0.00
2019-09-24T22:00,22.0,10,8.3,0.0,0.0,0.0,29,0.00
2019-09-24T23:00,20.5,15,9.5,0.0,0.0,0.0,34,0.00
2019-09-25T00:00,19.6,12,7.9,0.0,0.0,0.0,43,0.00
2019-09-25T01:00,18.9,3,6.5,0.0,0.0,0.0,48,0.00
2019-09-25T02:00,18.6,23,9.0,0.0,0.0,0.0,47,0.00
2019-09-25T03:00,18.1,1,3.5,0.0,0.0,0.0,46,0.00
2019-09-25T04:00,17.6,3,2.5,0.0,0.0,0.0,54,0.00
2019-09-25T05:00,17.2,11,5.8,0.0,0.0,0.0,49,0.00
2019-09-25T06:00,19.2,0,4.9,52.0,47.0,37.3,49,0.00
2019-09-25T07:00,23.0,0,1.6,217.0,174.0,147.1,45,0.00
2019-09-25T08:00,26.4,0,2.6,412.0,245.0,354.3,43,0.00
2019-09-25T09:00,27.3,0,3.9,582.0,246.0,544.1,43,0.00
2019-09-25T10:00,29.2,0,6.0,740.0,78.0,918.3,39,0.00
2019-09-25T11:00,30.9,0,6.4,798.0,92.0,911.6,35,0.00
2019-09-25T12:00,32.7,0,6.9,801.0,75.0,937.4,30,0.00
2019-09-25T13:00,34.5,0,9.2,731.0,67.0,920.9,26,0.00
2019-09-25T14:00,35.7,0,11.3,605.0,75.0,858.1,24,0.00
2019-09-25T15:00,35.9,0,11.2,429.0,70.0,761.5,25,0.00
2019-09-25T16:00,34.8,0,5.5,219.0,53.0,567.9,28,0.00
2019-09-25T17:00,32.2,2,10.8,0.0,0.0,0.0,43,0.00
2019-09-25T18:00,29.6,6,4.3,0.0,0.0,0.0,48,0.00
2019-09-25T19:00,28.1,6,1.3,0.0,0.0,0.0,47,0.00
2019-09-25T20:00,26.5,8,4.5,0.0,0.0,0.0,48,0.00
2019-09-25T21:00,25.3,9,4.6,0.0,0.0,0.0,47,0.00
2019-09-25T22:00,23.7,10,5.2,0.0,0.0,0.0,51,0.00
2019-09-25T23:00,22.3,11,8.7,0.0,0.0,0.0,57,0.00
2019-09-26T00:00,21.4,10,7.9,0.0,0.0,0.0,60,0.00
2019-09-26T01:00,20.1,8,8.8,0.0,0.0,0.0,64,0.00
2019-09-26T02:00,19.6,16,6.5,0.0,0.0,0.0,65,0.00
2019-09-26T03:00,18.8,24,5.6,0.0,0.0,0.0,71,0.00
2019-09-26T04:00,17.9,24,6.7,0.0,0.0,0.0,76,0.00
2019-09-26T05:00,17.8,17,2.9,0.0,0.0,0.0,71,0.00
2019-09-26T06:00,18.3,3,1.8,65.0,16.0,369.6,72,0.00
2019-09-26T07:00,20.4,19,2.9,258.0,38.0,760.6,67,0.00
2019-09-26T08:00,23.2,18,4.3,445.0,55.0,833.2,60,0.00
2019-09-26T09:00,25.0,14,5.8,584.0,116.0,762.2,53,0.00
2019-09-26T10:00,26.3,9,10.4,654.0,265.0,542.4,51,0.00
2019-09-26T11:00,26.6,0,11.2,763.0,151.0,794.4,50,0.00
2019-09-26T12:00,27.3,0,13.4,791.0,74.0,931.1,51,0.00
2019-09-26T13:00,27.5,0,12.4,687.0,131.0,776.2,49,0.00
2019-09-26T14:00,27.0,0,12.9,595.0,65.0,865.1,50,0.00
2019-09-26T15:00,27.1,0,14.2,422.0,61.0,774.3,48,0.00
2019-09-26T16:00,25.2,0,15.5,213.0,52.0,561.0,51,0.00
2019-09-26T17:00,23.5,10,17.4,0.0,0.0,0.0,54,0.00
2019-09-26T18:00,22.2,13,11.4,0.0,0.0,0.0,58,0.00
2019-09-26T19:00,21.5,20,10.6,0.0,0.0,0.0,63,0.00
2019-09-26T20:00,20.8,22,5.5,0.0,0.0,0.0,67,0.00
2019-09-26T21:00,20.4,23,6.3,0.0,0.0,0.0,68,0.00
2019-09-26T22:00,19.6,23,3.8,0.0,0.0,0.0,72,0.00
2019-09-26T23:00,18.9,25,3.8,0.0,0.0,0.0,75,0.00
2019-09-27T00:00,18.5,29,4.5,0.0,0.0,0.0,74,0.00
2019-09-27T01:00,17.9,47,1.5,0.0,0.0,0.0,78,0.00
2019-09-27T02:00,17.6,44,0.4,0.0,0.0,0.0,80,0.00
2019-09-27T03:00,17.4,42,3.8,0.0,0.0,0.0,82,0.00
2019-09-27T04:00,16.9,52,4.7,0.0,0.0,0.0,84,0.00
2019-09-27T05:00,17.0,73,0.5,0.0,0.0,0.0,84,0.00
2019-09-27T06:00,17.7,65,3.0,43.0,27.0,122.1,84,0.00
2019-09-27T07:00,18.8,77,5.2,168.0,166.0,7.0,77,0.00
2019-09-27T08:00,19.7,63,6.0,210.0,210.0,0.0,71,0.00
2019-09-27T09:00,21.0,62,6.7,334.0,334.0,0.0,66,0.00
2019-09-27T10:00,21.6,49,10.5,615.0,294.0,450.0,66,0.00
2019-09-27T11:00,22.3,44,10.5,619.0,482.0,178.8,63,0.00
2019-09-27T12:00,23.5,36,13.4,622.0,348.0,357.9,62,0.00
2019-09-27T13:00,22.8,29,13.1,655.0,195.0,646.5,61,0.00
2019-09-27T14:00,22.4,44,13.4,549.0,93.0,750.4,58,0.00
2019-09-27T15:00,20.5,42,9.2,427.0,83.0,746.2,59,0.00
2019-09-27T16:00,18.1,35,10.2,205.0,53.0,539.7,68,0.00
2019-09-27T17:00,16.8,46,11.1,0.0,0.0,0.0,71,0.00
2019-09-27T18:00,15.3,53,9.2,0.0,0.0,0.0,75,0.00
2019-09-27T19:00,14.7,57,4.4,0.0,0.0,0.0,77,0.00
2019-09-27T20:00,14.8,56,1.9,0.0,0.0,0.0,77,0.00
2019-09-27T21:00,15.1,58,1.1,0.0,0.0,0.0,75,0.00
2019-09-27T22:00,14.8,53,3.4,0.0,0.0,0.0,74,0.00
2019-09-27T23:00,14.7,38,3.2,0.0,0.0,0.0,74,0.00
2019-09-28T00:00,14.2,13,3.8,0.0,0.0,0.0,77,0.00
2019-09-28T01:00,13.6,14,8.0,0.0,0.0,0.0,78,0.00
2019-09-28T02:00,13.2,16,3.7,0.0,0.0,0.0,80,0.00
2019-09-28T03:00,12.5,13,1.1,0.0,0.0,0.0,78,0.00
2019-09-28T04:00,12.0,16,8.2,0.0,0.0,0.0,75,0.00
2019-09-28T05:00,11.7,12,1.6,0.0,0.0,0.0,72,0.00
2019-09-28T06:00,12.6,2,4.6,66.0,16.0,386.1,76,0.00
2019-09-28T07:00,14.8,3,6.6,265.0,37.0,805.6,67,0.00
2019-09-28T08:00,17.2,3,15.9,446.0,72.0,810.5,61,0.00
2019-09-28T09:00,18.5,5,21.3,617.0,117.0,823.9,54,0.00
2019-09-28T10:00,18.7,2,20.2,753.0,73.0,958.5,53,0.00
2019-09-28T11:00,19.1,1,17.6,788.0,155.0,830.7,50,0.00
2019-09-28T12:00,20.0,1,18.6,792.0,124.0,877.7,48,0.00
2019-09-28T13:00,20.0,0,23.1,736.0,135.0,850.4,48,0.00
2019-09-28T14:00,19.1,1,23.4,610.0,53.0,924.3,49,0.00
2019-09-28T15:00,18.2,0,24.9,425.0,84.0,748.1,51,0.00
2019-09-28T16:00,16.6,0,21.6,214.0,52.0,586.3,57,0.00
2019-09-28T17:00,15.3,8,20.5,0.0,0.0,0.0,62,0.00
2019-09-28T18:00,14.6,7,19.3,0.0,0.0,0.0,60,0.00
2019-09-28T19:00,14.5,3,18.6,0.0,0.0,0.0,60,0.00
2019-09-28T20:00,13.6,6,12.0,0.0,0.0,0.0,61,0.00
2019-09-28T21:00,12.9,2,6.9,0.0,0.0,0.0,64,0.00
2019-09-28T22:00,12.3,2,5.6,0.0,0.0,0.0,65,0.00
2019-09-28T23:00,11.7,3,5.2,0.0,0.0,0.0,66,0.00
2019-09-29T00:00,11.2,3,5.6,0.0,0.0,0.0,68,0.00
2019-09-29T01:00,10.6,2,5.9,0.0,0.0,0.0,68,0.00
2019-09-29T02:00,10.2,1,6.2,0.0,0.0,0.0,67,0.00
2019-09-29T03:00,9.9,3,6.6,0.0,0.0,0.0,68,0.00
2019-09-29T04:00,9.5,3,6.9,0.0,0.0,0.0,69,0.00
2019-09-29T05:00,9.0,3,5.0,0.0,0.0,0.0,69,0.00
2019-09-29T06:00,10.5,0,4.0,65.0,16.0,382.9,72,0.00
2019-09-29T07:00,12.6,0,3.9,262.0,37.0,803.9,66,0.00
2019-09-29T08:00,16.9,0,1.3,461.0,50.0,897.2,58,0.00
2019-09-29T09:00,16.1,0,6.0,628.0,54.0,951.5,52,0.00
2019-09-29T10:00,17.7,1,10.7,731.0,123.0,861.8,48,0.00
2019-09-29T11:00,19.0,0,14.6,796.0,100.0,918.4,48,0.00
2019-09-29T12:00,19.3,0,15.3,796.0,93.0,929.2,47,0.00
2019-09-29T13:00,19.7,1,15.9,692.0,178.0,732.2,44,0.00
2019-09-29T14:00,18.9,0,16.6,558.0,155.0,674.4,48,0.00
2019-09-29T15:00,18.2,1,16.1,410.0,66.0,763.4,51,0.00
2019-09-29T16:00,17.2,2,15.2,206.0,48.0,583.0,53,0.00
2019-09-29T17:00,15.6,1,10.7,0.0,0.0,0.0,58,0.00
2019-09-29T18:00,14.9,2,5.1,0.0,0.0,0.0,58,0.00
2019-09-29T19:00,14.0,3,6.5,0.0,0.0,0.0,63,0.00
2019-09-29T20:00,13.6,10,7.3,0.0,0.0,0.0,65,0.00
2019-09-29T21:00,13.2,5,6.9,0.0,0.0,0.0,68,0.00
2019-09-29T22:00,12.9,5,8.8,0.0,0.0,0.0,69,0.00
2019-09-29T23:00,12.1,19,4.4,0.0,0.0,0.0,70,0.00
2019-09-30T00:00,11.9,18,5.4,0.0,0.0,0.0,73,0.00
2019-09-30T01:00,11.3,6,5.4,0.0,0.0,0.0,75,0.00
2019-09-30T02:00,10.6,12,3.9,0.0,0.0,0.0,80,0.00
2019-09-30T03:00,10.0,2,4.4,0.0,0.0,0.0,82,0.00
2019-09-30T04:00,9.8,14,4.5,0.0,0.0,0.0,78,0.00
2019-09-30T05:00,9.3,0,7.2,0.0,0.0,0.0,84,0.00
2019-09-30T06:00,10.3,2,2.5,63.0,15.0,379.7,85,0.00
2019-09-30T07:00,13.2,30,3.3,218.0,77.0,509.5,76,0.00
2019-09-30T08:00,14.6,16,3.1,412.0,129.0,622.3,69,0.00
2019-09-30T09:00,15.6,7,5.9,483.0,166.0,528.6,61,0.00
2019-09-30T10:00,16.7,3,10.2,660.0,178.0,687.0,58,0.00
2019-09-30T11:00,17.8,0,12.6,787.0,120.0,885.1,49,0.00
2019-09-30T12:00,18.5,0,13.8,792.0,68.0,962.7,42,0.00
2019-09-30T13:00,19.0,0,15.4,721.0,74.0,928.1,40,0.00
2019-09-30T14:00,18.9,0,17.2,594.0,65.0,892.8,37,0.00
2019-09-30T15:00,18.3,0,18.4,414.0,61.0,792.6,43,0.00
2019-09-30T16:00,16.5,0,14.8,201.0,51.0,564.5,50,0.00
2019-09-30T17:00,14.6,0,14.0,0.0,0.0,0.0,62,0.00
2019-09-30T18:00,13.8,0,10.7,0.0,0.0,0.0,63,0.00
2019-09-30T19:00,13.2,0,8.7,0.0,0.0,0.0,67,0.00
2019-09-30T20:00,12.5,0,5.0,0.0,0.0,0.0,68,0.00
2019-09-30T21:00,11.6,0,4.6,0.0,0.0,0.0,68,0.00
2019-09-30T22:00,10.9,0,3.6,0.0,0.0,0.0,69,0.00
2019-09-30T23:00,10.4,0,4.1,0.0,0.0,0.0,68,0.00
2019-10-01T00:00,9.8,0,3.3,0.0,0.0,0.0,68,0.00
2019-10-01T01:00,9.0,0,4.6,0.0,0.0,0.0,76,0.00
2019-10-01T02:00,8.6,0,2.7,0.0,0.0,0.0,77,0.00
2019-10-01T03:00,8.1,0,3.3,0.0,0.0,0.0,81,0.00
2019-10-01T04:00,8.0,0,4.1,0.0,0.0,0.0,83,0.00
2019-10-01T05:00,7.9,0,5.5,0.0,0.0,0.0,80,0.00
2019-10-01T06:00,8.7,0,2.5,61.0,15.0,368.4,83,0.00
2019-10-01T07:00,11.6,0,1.6,254.0,37.0,793.3,80,0.00
2019-10-01T08:00,15.8,0,1.1,452.0,47.0,897.3,70,0.00
2019-10-01T09:00,15.3,0,3.4,620.0,58.0,943.0,59,0.00
2019-10-01T10:00,16.7,0,7.3,740.0,63.0,970.4,49,0.00
2019-10-01T11:00,18.1,0,11.0,802.0,66.0,982.2,41,0.00
2019-10-01T12:00,19.6,0,12.2,799.0,67.0,979.3,37,0.00
2019-10-01T13:00,20.3,0,13.6,726.0,67.0,951.9,37,0.00
2019-10-01T14:00,20.5,0,14.0,594.0,66.0,898.7,36,0.00
2019-10-01T15:00,20.5,0,15.5,411.0,61.0,795.1,34,0.00
2019-10-01T16:00,19.3,0,11.1,196.0,51.0,556.7,35,0.00
2019-10-01T17:00,17.0,10,12.0,0.0,0.0,0.0,49,0.00
2019-10-01T18:00,15.7,10,5.4,0.0,0.0,0.0,53,0.00
2019-10-01T19:00,14.6,6,2.2,0.0,0.0,0.0,53,0.00
2019-10-01T20:00,13.3,1,2.6,0.0,0.0,0.0,58,0.00
2019-10-01T21:00,12.3,1,3.2,0.0,0.0,0.0,61,0.00
2019-10-01T22:00,11.2,0,3.9,0.0,0.0,0.0,64,0.00
2019-10-01T23:00,10.4,0,2.1,0.0,0.0,0.0,62,0.00
2019-10-02T00:00,9.5,0,0.8,0.0,0.0,0.0,63,0.00
2019-10-02T01:00,8.6,1,1.8,0.0,0.0,0.0,65,0.00
2019-10-02T02:00,8.0,1,3.6,0.0,0.0,0.0,67,0.00
2019-10-02T03:00,7.7,1,3.5,0.0,0.0,0.0,68,0.00
2019-10-02T04:00,7.4,3,5.9,0.0,0.0,0.0,69,0.00
2019-10-02T05:00,7.5,8,7.1,0.0,0.0,0.0,67,0.00
2019-10-02T06:00,8.9,0,5.8,61.0,15.0,373.1,71,0.00
2019-10-02T07:00,12.3,0,4.5,252.0,36.0,799.0,60,0.00
2019-10-02T08:00,15.2,0,4.4,451.0,49.0,897.5,52,0.00
2019-10-02T09:00,16.9,0,4.9,618.0,57.0,947.2,50,0.00
2019-10-02T10:00,18.8,0,6.9,737.0,62.0,973.1,44,0.00
2019-10-02T11:00,20.8,0,9.7,797.0,65.0,982.5,33,0.00
2019-10-02T12:00,22.7,0,11.6,789.0,67.0,971.8,30,0.00
2019-10-02T13:00,23.7,0,15.6,717.0,67.0,945.5,28,0.00
2019-10-02T14:00,23.8,0,16.6,584.0,66.0,889.3,28,0.00
2019-10-02T15:00,22.9,0,13.2,404.0,61.0,788.4,27,0.00
2019-10-02T16:00,21.1,0,9.0,190.0,51.0,544.6,32,0.00
2019-10-02T17:00,18.4,10,9.0,0.0,0.0,0.0,46,0.00
2019-10-02T18:00,16.4,13,6.3,0.0,0.0,0.0,58,0.00
2019-10-02T19:00,14.8,10,3.2,0.0,0.0,0.0,62,0.00
2019-10-02T20:00,13.5,10,2.7,0.0,0.0,0.0,66,0.00
2019-10-02T21:00,12.3,0,2.1,0.0,0.0,0.0,71,0.00
2019-10-02T22:00,11.6,1,3.3,0.0,0.0,0.0,71,0.00
2019-10-02T23:00,10.7,1,1.6,0.0,0.0,0.0,74,0.00
2019-10-03T00:00,9.9,2,1.1,0.0,0.0,0.0,77,0.00
2019-10-03T01:00,9.3,1,1.5,0.0,0.0,0.0,76,0.00
2019-10-03T02:00,8.9,1,5.8,0.0,0.0,0.0,77,0.00
2019-10-03T03:00,8.4,1,4.6,0.0,0.0,0.0,86,0.00
2019-10-03T04:00,8.4,4,8.1,0.0,0.0,0.0,86,0.00
2019-10-03T05:00,8.2,2,4.3,0.0,0.0,0.0,81,0.00
2019-10-03T06:00,9.2,0,3.5,58.0,15.0,353.3,80,0.00
2019-10-03T07:00,12.8,0,4.8,247.0,37.0,786.2,75,0.00
2019-10-03T08:00,15.2,1,1.1,440.0,49.0,879.7,65,0.00
2019-10-03T09:00,17.0,0,4.9,598.0,77.0,885.2,60,0.00
2019-10-03T10:00,18.5,0,8.2,701.0,108.0,859.9,53,0.00
2019-10-03T11:00,20.0,0,9.4,776.0,66.0,958.5,45,0.00
2019-10-03T12:00,20.8,0,12.0,775.0,67.0,958.9,45,0.00
2019-10-03T13:00,21.0,0,13.8,698.0,95.0,883.3,45,0.00
2019-10-03T14:00,20.5,0,14.6,563.0,75.0,845.0,50,0.00
2019-10-03T15:00,19.3,0,15.3,395.0,73.0,749.0,47,0.00
2019-10-03T16:00,17.4,0,9.5,159.0,101.0,231.9,54,0.00
2019-10-03T17:00,16.5,0,7.7,0.0,0.0,0.0,51,0.00
2019-10-03T18:00,15.1,0,3.7,0.0,0.0,0.0,59,0.00
2019-10-03T19:00,14.1,13,2.7,0.0,0.0,0.0,55,0.00
2019-10-03T20:00,13.2,0,3.7,0.0,0.0,0.0,60,0.00
2019-10-03T21:00,12.6,0,6.9,0.0,0.0,0.0,61,0.00
2019-10-03T22:00,12.0,0,6.9,0.0,0.0,0.0,63,0.00
2019-10-03T23:00,11.3,0,5.3,0.0,0.0,0.0,63,0.00
2019-10-04T00:00,10.6,0,4.8,0.0,0.0,0.0,67,0.00
2019-10-04T01:00,10.4,0,9.5,0.0,0.0,0.0,68,0.00
2019-10-04T02:00,9.8,0,5.2,0.0,0.0,0.0,68,0.00
2019-10-04T03:00,9.1,2,6.0,0.0,0.0,0.0,72,0.00
2019-10-04T04:00,9.1,2,11.2,0.0,0.0,0.0,74,0.00
2019-10-04T05:00,8.1,4,7.8,0.0,0.0,0.0,73,0.00
2019-10-04T06:00,9.5,0,6.8,58.0,14.0,366.3,75,0.00
2019-10-04T07:00,12.9,0,4.2,249.0,36.0,807.3,67,0.00
2019-10-04T08:00,14.4,0,4.1,449.0,49.0,907.1,55,0.00
2019-10-04T09:00,15.8,0,7.3,616.0,57.0,955.8,48,0.00
2019-10-04T10:00,17.4,0,7.3,734.0,62.0,980.1,40,0.00
2019-10-04T11:00,19.3,0,9.3,792.0,65.0,987.2,35,0.00
2019-10-04T12:00,20.4,0,10.1,784.0,67.0,977.1,33,0.00
2019-10-04T13:00,21.6,0,10.0,712.0,66.0,953.0,30,0.00
2019-10-04T14:00,22.7,0,10.8,580.0,65.0,899.6,28,0.00
2019-10-04T15:00,22.2,1,11.5,396.0,61.0,788.5,31,0.00
2019-10-04T16:00,20.0,10,12.1,178.0,50.0,522.6,38,0.00
2019-10-04T17:00,18.0,5,11.6,0.0,0.0,0.0,52,0.00
2019-10-04T18:00,16.1,7,7.6,0.0,0.0,0.0,59,0.00
2019-10-04T19:00,14.7,9,2.9,0.0,0.0,0.0,64,0.00
2019-10-04T20:00,13.8,5,6.5,0.0,0.0,0.0,64,0.00
2019-10-04T21:00,13.1,0,5.1,0.0,0.0,0.0,65,0.00
2019-10-04T22:00,12.0,0,4.9,0.0,0.0,0.0,69,0.00
2019-10-04T23:00,11.4,3,5.9,0.0,0.0,0.0,66,0.00
2019-10-05T00:00,10.4,3,4.7,0.0,0.0,0.0,70,0.00
2019-10-05T01:00,9.4,0,2.1,0.0,0.0,0.0,71,0.00
2019-10-05T02:00,9.0,3,0.5,0.0,0.0,0.0,67,0.00
2019-10-05T03:00,8.1,1,4.1,0.0,0.0,0.0,76,0.00
2019-10-05T04:00,8.2,11,3.6,0.0,0.0,0.0,69,0.00
2019-10-05T05:00,8.1,15,3.1,0.0,0.0,0.0,69,0.00
2019-10-05T06:00,9.4,0,0.7,55.0,14.0,345.9,69,0.00
2019-10-05T07:00,14.4,0,0.8,239.0,36.0,779.1,59,0.00
2019-10-05T08:00,18.5,0,0.8,437.0,49.0,886.9,48,0.00
2019-10-05T09:00,18.7,0,3.5,603.0,57.0,939.6,42,0.00
2019-10-05T10:00,20.8,0,5.7,721.0,62.0,966.9,32,0.00
2019-10-05T11:00,22.2,0,8.2,778.0,66.0,972.5,29,0.00
2019-10-05T12:00,23.0,0,9.4,769.0,67.0,962.7,29,0.00
2019-10-05T13:00,24.9,0,11.9,699.0,67.0,939.0,26,0.00
2019-10-05T14:00,25.7,0,10.8,567.0,65.0,884.5,23,0.00
2019-10-05T15:00,26.0,0,10.5,384.0,60.0,771.8,24,0.00
2019-10-05T16:00,24.6,0,9.2,168.0,49.0,496.1,26,0.00
2019-10-05T17:00,22.1,7,6.6,0.0,0.0,0.0,38,0.00
2019-10-05T18:00,19.8,15,2.2,0.0,0.0,0.0,46,0.00
2019-10-05T19:00,17.7,18,5.9,0.0,0.0,0.0,48,0.00
2019-10-05T20:00,16.5,13,6.5,0.0,0.0,0.0,48,0.00
2019-10-05T21:00,15.4,8,3.6,0.0,0.0,0.0,46,0.00
2019-10-05T22:00,14.0,14,2.9,0.0,0.0,0.0,52,0.00
2019-10-05T23:00,13.0,4,1.5,0.0,0.0,0.0,50,0.00
2019-10-06T00:00,12.3,7,1.1,0.0,0.0,0.0,50,0.00
2019-10-06T01:00,11.7,2,2.7,0.0,0.0,0.0,52,0.00
2019-10-06T02:00,11.3,12,4.3,0.0,0.0,0.0,52,0.00
2019-10-06T03:00,10.9,5,2.0,0.0,0.0,0.0,51,0.00
2019-10-06T04:00,10.7,6,7.9,0.0,0.0,0.0,50,0.00
2019-10-06T05:00,11.0,10,5.5,0.0,0.0,0.0,50,0.00
2019-10-06T06:00,12.1,0,1.5,53.0,14.0,333.5,52,0.00
2019-10-06T07:00,16.2,0,1.1,236.0,36.0,777.4,49,0.00
2019-10-06T08:00,19.7,0,1.4,433.0,49.0,884.9,39,0.00
2019-10-06T09:00,21.8,0,3.9,598.0,74.0,907.7,30,0.00
2019-10-06T10:00,23.0,0,4.7,711.0,110.0,887.1,28,0.00
2019-10-06T11:00,24.6,0,6.9,767.0,123.0,884.9,24,0.00
2019-10-06T12:00,26.4,0,10.1,753.0,139.0,847.3,23,0.00
2019-10-06T13:00,27.5,0,10.3,669.0,199.0,703.3,22,0.00
2019-10-06T14:00,28.8,0,10.2,548.0,109.0,780.3,20,0.00
2019-10-06T15:00,28.6,0,9.0,360.0,126.0,564.2,21,0.00
2019-10-06T16:00,28.3,11,6.5,148.0,86.0,264.0,20,0.00
2019-10-06T17:00,25.1,0,5.4,0.0,0.0,0.0,27,0.00
2019-10-06T18:00,22.7,3,5.0,0.0,0.0,0.0,33,0.00
2019-10-06T19:00,20.2,25,6.3,0.0,0.0,0.0,41,0.00
2019-10-06T20:00,19.0,24,4.6,0.0,0.0,0.0,43,0.00
2019-10-06T21:00,18.1,30,2.8,0.0,0.0,0.0,45,0.00
2019-10-06T22:00,17.6,2,2.6,0.0,0.0,0.0,42,0.00
2019-10-06T23:00,16.6,13,2.4,0.0,0.0,0.0,42,0.00
2019-10-07T00:00,15.7,0,4.7,0.0,0.0,0.0,45,0.00
2019-10-07T01:00,14.8,0,6.1,0.0,0.0,0.0,47,0.00
2019-10-07T02:00,14.2,0,6.1,0.0,0.0,0.0,48,0.00
2019-10-07T03:00,13.7,1,6.9,0.0,0.0,0.0,50,0.00
2019-10-07T04:00,13.3,3,8.0,0.0,0.0,0.0,50,0.00
2019-10-07T05:00,13.0,3,9.0,0.0,0.0,0.0,55,0.00
2019-10-07T06:00,14.0,0,7.7,45.0,37.0,69.4,57,0.00
2019-10-07T07:00,17.1,2,3.7,219.0,108.0,437.1,51,0.00
2019-10-07T08:00,19.4,0,3.1,412.0,156.0,594.8,49,0.00
2019-10-07T09:00,21.3,0,6.1,582.0,147.0,758.5,43,0.00
2019-10-07T10:00,23.1,0,7.1,706.0,81.0,928.1,37,0.00
2019-10-07T11:00,25.1,0,7.7,763.0,67.0,962.1,33,0.00
2019-10-07T12:00,27.6,2,10.4,752.0,69.0,948.6,29,0.00
2019-10-07T13:00,29.6,0,11.6,679.0,69.0,919.4,25,0.00
2019-10-07T14:00,30.2,0,10.2,549.0,65.0,868.0,22,0.00
2019-10-07T15:00,30.3,0,10.4,370.0,60.0,756.6,21,0.00
2019-10-07T16:00,28.6,0,8.7,156.0,48.0,470.1,24,0.00
2019-10-07T17:00,24.1,11,9.0,0.0,0.0,0.0,34,0.00
2019-10-07T18:00,21.3,12,8.2,0.0,0.0,0.0,44,0.00
2019-10-07T19:00,19.9,14,4.4,0.0,0.0,0.0,44,0.00
2019-10-07T20:00,18.8,11,2.6,0.0,0.0,0.0,44,0.00
2019-10-07T21:00,17.9,8,1.8,0.0,0.0,0.0,43,0.00
2019-10-07T22:00,16.9,7,1.9,0.0,0.0,0.0,42,0.00
2019-10-07T23:00,15.3,12,0.8,0.0,0.0,0.0,45,0.00
2019-10-08T00:00,14.1,17,7.6,0.0,0.0,0.0,54,0.00
2019-10-08T01:00,13.4,10,7.9,0.0,0.0,0.0,58,0.00
2019-10-08T02:00,12.9,15,9.7,0.0,0.0,0.0,57,0.00
2019-10-08T03:00,12.6,12,8.7,0.0,0.0,0.0,56,0.00
2019-10-08T04:00,12.6,30,10.4,0.0,0.0,0.0,55,0.00
2019-10-08T05:00,12.2,17,10.0,0.0,0.0,0.0,54,0.00
2019-10-08T06:00,12.7,0,9.0,51.0,14.0,325.5,61,0.00
2019-10-08T07:00,16.3,1,6.1,231.0,36.0,778.1,54,0.00
2019-10-08T08:00,18.7,1,4.7,417.0,108.0,724.0,53,0.00
2019-10-08T09:00,20.7,0,6.2,575.0,133.0,776.0,49,0.00
2019-10-08T10:00,23.6,0,9.6,688.0,219.0,700.8,40,0.00
2019-10-08T11:00,26.0,0,9.5,732.0,247.0,674.6,35,0.00
2019-10-08T12:00,27.5,0,10.6,730.0,165.0,789.8,33,0.00
2019-10-08T13:00,27.5,0,13.4,636.0,226.0,622.5,34,0.00
2019-10-08T14:00,27.3,0,12.2,524.0,193.0,599.0,32,0.00
2019-10-08T15:00,26.3,0,8.2,344.0,150.0,479.4,33,0.00
2019-10-08T16:00,23.6,13,6.6,133.0,96.0,164.7,35,0.00
2019-10-08T17:00,20.1,13,7.4,0.0,0.0,0.0,51,0.00
2019-10-08T18:00,18.2,12,5.2,0.0,0.0,0.0,57,0.00
2019-10-08T19:00,16.7,12,6.3,0.0,0.0,0.0,66,0.00
2019-10-08T20:00,15.5,9,2.7,0.0,0.0,0.0,71,0.00
2019-10-08T21:00,14.9,3,4.0,0.0,0.0,0.0,72,0.00
2019-10-08T22:00,14.0,1,5.0,0.0,0.0,0.0,77,0.00
2019-10-08T23:00,13.2,1,3.3,0.0,0.0,0.0,77,0.00
2019-10-09T00:00,12.7,3,5.4,0.0,0.0,0.0,76,0.00
2019-10-09T01:00,11.9,0,5.9,0.0,0.0,0.0,76,0.00
2019-10-09T02:00,11.4,6,4.7,0.0,0.0,0.0,75,0.00
2019-10-09T03:00,10.8,4,0.5,0.0,0.0,0.0,78,0.00
2019-10-09T04:00,10.3,2,5.4,0.0,0.0,0.0,79,0.00
2019-10-09T05:00,9.9,11,2.6,0.0,0.0,0.0,77,0.00
2019-10-09T06:00,10.4,0,0.7,50.0,14.0,321.3,85,0.00
2019-10-09T07:00,12.7,0,2.9,229.0,44.0,748.2,79,0.00
2019-10-09T08:00,14.5,0,3.1,423.0,75.0,822.3,72,0.00
2019-10-09T09:00,16.4,0,6.2,594.0,56.0,951.0,55,0.00
2019-10-09T10:00,17.9,0,6.9,711.0,61.0,977.3,46,0.00
2019-10-09T11:00,19.7,0,8.0,772.0,64.0,990.9,36,0.00
2019-10-09T12:00,20.8,0,10.4,765.0,66.0,983.6,35,0.00
2019-10-09T13:00,21.7,1,11.6,689.0,65.0,954.5,37,0.00
2019-10-09T14:00,22.0,0,12.4,554.0,65.0,893.0,37,0.00
2019-10-09T15:00,21.9,1,11.5,372.0,60.0,780.9,37,0.00
2019-10-09T16:00,19.6,0,12.2,152.0,47.0,478.1,46,0.00
2019-10-09T17:00,17.7,21,9.2,0.0,0.0,0.0,60,0.00
2019-10-09T18:00,16.0,16,6.1,0.0,0.0,0.0,70,0.00
2019-10-09T19:00,15.3,15,6.9,0.0,0.0,0.0,64,0.00
2019-10-09T20:00,14.5,5,6.1,0.0,0.0,0.0,63,0.00
2019-10-09T21:00,13.3,0,5.8,0.0,0.0,0.0,60,0.00
2019-10-09T22:00,12.4,2,5.1,0.0,0.0,0.0,57,0.00
2019-10-09T23:00,12.2,3,6.8,0.0,0.0,0.0,42,0.00
2019-10-10T00:00,11.8,1,6.0,0.0,0.0,0.0,36,0.00
2019-10-10T01:00,11.9,0,11.2,0.0,0.0,0.0,37,0.00
2019-10-10T02:00,11.2,0,7.7,0.0,0.0,0.0,34,0.00
2019-10-10T03:00,11.2,0,6.9,0.0,0.0,0.0,29,0.00
2019-10-10T04:00,10.6,0,7.3,0.0,0.0,0.0,28,0.00
2019-10-10T05:00,10.4,0,3.7,0.0,0.0,0.0,24,0.00
2019-10-10T06:00,11.3,0,8.7,52.0,13.0,353.3,26,0.00
2019-10-10T07:00,16.1,0,7.8,238.0,35.0,832.5,22,0.00
2019-10-10T08:00,16.8,0,8.0,441.0,49.0,934.4,19,0.00
2019-10-10T09:00,18.6,0,10.6,606.0,78.0,939.9,18,0.00
2019-10-10T10:00,20.1,0,13.0,693.0,239.0,687.0,17,0.00
2019-10-10T11:00,21.0,0,11.5,778.0,101.0,953.5,16,0.00
2019-10-10T12:00,21.8,0,10.2,771.0,89.0,966.1,14,0.00
2019-10-10T13:00,23.5,0,13.0,700.0,76.0,961.8,14,0.00
2019-10-10T14:00,24.1,0,11.5,548.0,137.0,757.5,14,0.00
2019-10-10T15:00,24.3,0,9.5,344.0,136.0,527.3,13,0.00
2019-10-10T16:00,22.3,0,11.1,142.0,66.0,354.2,19,0.00
2019-10-10T17:00,20.1,0,6.9,0.0,0.0,0.0,22,0.00
2019-10-10T18:00,18.3,7,2.9,0.0,0.0,0.0,24,0.00
2019-10-10T19:00,16.5,7,1.8,0.0,0.0,0.0,25,0.00
2019-10-10T20:00,15.1,7,3.6,0.0,0.0,0.0,26,0.00
2019-10-10T21:00,14.0,3,3.0,0.0,0.0,0.0,26,0.00
2019-10-10T22:00,12.6,1,1.1,0.0,0.0,0.0,27,0.00
2019-10-10T23:00,11.5,1,4.0,0.0,0.0,0.0,28,0.00
2019-10-11T00:00,10.7,1,7.5,0.0,0.0,0.0,27,0.00
2019-10-11T01:00,9.9,2,9.5,0.0,0.0,0.0,32,0.00
2019-10-11T02:00,9.5,2,7.8,0.0,0.0,0.0,35,0.00
2019-10-11T03:00,8.9,8,8.4,0.0,0.0,0.0,38,0.00
2019-10-11T04:00,8.6,4,6.8,0.0,0.0,0.0,40,0.00
2019-10-11T05:00,8.5,5,5.1,0.0,0.0,0.0,43,0.00
2019-10-11T06:00,9.3,0,3.9,48.0,26.0,202.3,49,0.00
2019-10-11T07:00,12.5,6,2.6,230.0,68.0,673.8,47,0.00
2019-10-11T08:00,15.7,0,2.5,431.0,87.0,827.2,38,0.00
2019-10-11T09:00,17.4,0,5.7,591.0,77.0,921.5,33,0.00
2019-10-11T10:00,19.1,0,7.6,704.0,76.0,956.4,28,0.00
2019-10-11T11:00,21.0,0,7.9,762.0,69.0,982.3,24,0.00
2019-10-11T12:00,22.5,0,9.0,749.0,102.0,922.7,22,0.00
2019-10-11T13:00,23.3,0,9.2,667.0,117.0,854.2,22,0.00
2019-10-11T14:00,24.9,0,8.9,539.0,88.0,839.0,19,0.00
2019-10-11T15:00,25.7,0,8.4,360.0,95.0,680.6,17,0.00
2019-10-11T16:00,25.2,0,6.2,135.0,64.0,338.9,17,0.00
2019-10-11T17:00,21.9,4,1.5,0.0,0.0,0.0,22,0.00
2019-10-11T18:00,19.4,13,4.3,0.0,0.0,0.0,34,0.00
2019-10-11T19:00,17.6,12,3.4,0.0,0.0,0.0,42,0.00
2019-10-11T20:00,16.0,13,2.6,0.0,0.0,0.0,43,0.00
2019-10-11T21:00,14.9,6,2.4,0.0,0.0,0.0,42,0.00
2019-10-11T22:00,13.8,7,2.3,0.0,0.0,0.0,41,0.00
2019-10-11T23:00,12.5,5,3.6,0.0,0.0,0.0,41,0.00
2019-10-12T00:00,11.3,10,8.0,0.0,0.0,0.0,43,0.00
2019-10-12T01:00,10.5,13,8.6,0.0,0.0,0.0,43,0.00
2019-10-12T02:00,9.7,13,8.6,0.0,0.0,0.0,45,0.00
2019-10-12T03:00,8.6,13,6.6,0.0,0.0,0.0,48,0.00
2019-10-12T04:00,8.3,16,5.0,0.0,0.0,0.0,45,0.00
2019-10-12T05:00,8.0,14,9.3,0.0,0.0,0.0,53,0.00
2019-10-12T06:00,8.9,16,6.8,41.0,31.0,93.4,56,0.00
2019-10-12T07:00,12.6,18,2.9,224.0,34.0,801.7,50,0.00
2019-10-12T08:00,15.6,1,2.6,422.0,48.0,907.4,46,0.00
2019-10-12T09:00,17.8,0,6.4,589.0,56.0,962.4,40,0.00
2019-10-12T10:00,19.9,0,10.3,704.0,62.0,984.2,38,0.00
2019-10-12T11:00,22.2,0,11.6,756.0,65.0,985.8,34,0.00
2019-10-12T12:00,23.7,0,12.4,743.0,70.0,966.4,32,0.00
2019-10-12T13:00,25.0,0,12.8,651.0,128.0,818.5,30,0.00
2019-10-12T14:00,26.2,0,11.6,514.0,122.0,736.2,25,0.00
2019-10-12T15:00,26.0,0,10.5,337.0,113.0,582.9,24,0.00
2019-10-12T16:00,24.9,0,7.2,121.0,86.0,171.2,25,0.00
2019-10-12T17:00,20.7,6,6.6,0.0,0.0,0.0,35,0.00
2019-10-12T18:00,17.9,3,6.3,0.0,0.0,0.0,42,0.00
2019-10-12T19:00,15.8,0,6.8,0.0,0.0,0.0,48,0.00
2019-10-12T20:00,14.1,3,4.8,0.0,0.0,0.0,51,0.00
2019-10-12T21:00,13.6,7,7.2,0.0,0.0,0.0,51,0.00
2019-10-12T22:00,12.6,8,5.1,0.0,0.0,0.0,50,0.00
2019-10-12T23:00,11.5,16,4.6,0.0,0.0,0.0,53,0.00
2019-10-13T00:00,10.6,9,6.2,0.0,0.0,0.0,63,0.00
2019-10-13T01:00,10.1,0,7.2,0.0,0.0,0.0,71,0.00
2019-10-13T02:00,9.3,1,5.3,0.0,0.0,0.0,69,0.00
2019-10-13T03:00,8.7,0,3.6,0.0,0.0,0.0,68,0.00
2019-10-13T04:00,8.6,18,5.4,0.0,0.0,0.0,66,0.00
2019-10-13T05:00,8.5,2,6.9,0.0,0.0,0.0,65,0.00
2019-10-13T06:00,9.3,10,10.0,36.0,34.0,19.0,71,0.00
2019-10-13T07:00,11.7,15,3.9,199.0,113.0,368.2,67,0.00
2019-10-13T08:00,13.9,0,5.4,405.0,89.0,773.7,68,0.00
2019-10-13T09:00,16.1,0,8.1,579.0,65.0,934.9,62,0.00
2019-10-13T10:00,18.9,0,11.0,690.0,63.0,967.5,53,0.00
2019-10-13T11:00,19.9,0,12.4,743.0,68.0,969.3,50,0.00
2019-10-13T12:00,21.5,0,11.5,732.0,68.0,960.1,40,0.00
2019-10-13T13:00,23.5,0,13.4,660.0,67.0,935.3,27,0.00
2019-10-13T14:00,23.3,0,14.1,529.0,65.0,879.7,26,0.00
2019-10-13T15:00,21.2,1,12.5,347.0,59.0,759.4,31,0.00
2019-10-13T16:00,19.3,10,9.0,128.0,45.0,416.1,35,0.00
2019-10-13T17:00,16.5,10,8.0,0.0,0.0,0.0,55,0.00
2019-10-13T18:00,14.6,15,6.1,0.0,0.0,0.0,65,0.00
2019-10-13T19:00,12.9,16,0.5,0.0,0.0,0.0,72,0.00
2019-10-13T20:00,12.0,20,1.5,0.0,0.0,0.0,82,0.00
2019-10-13T21:00,11.3,20,1.5,0.0,0.0,0.0,84,0.00
2019-10-13T22:00,10.7,15,2.1,0.0,0.0,0.0,86,0.00
2019-10-13T23:00,10.2,18,2.8,0.0,0.0,0.0,83,0.00
2019-10-14T00:00,9.4,20,4.9,0.0,0.0,0.0,87,0.00
2019-10-14T01:00,9.1,20,7.9,0.0,0.0,0.0,87,0.00
2019-10-14T02:00,8.6,21,8.0,0.0,0.0,0.0,85,0.00
2019-10-14T03:00,8.1,23,7.9,0.0,0.0,0.0,84,0.00
2019-10-14T04:00,7.9,23,9.7,0.0,0.0,0.0,83,0.00
2019-10-14T05:00,7.3,23,8.1,0.0,0.0,0.0,84,0.00
2019-10-14T06:00,8.0,18,8.4,42.0,12.0,289.2,85,0.00
2019-10-14T07:00,10.6,23,5.8,213.0,33.0,782.3,87,0.00
2019-10-14T08:00,12.2,1,4.2,407.0,52.0,877.2,82,0.00
2019-10-14T09:00,14.4,1,4.2,584.0,69.0,943.6,70,0.00
2019-10-14T10:00,16.4,0,6.9,686.0,62.0,969.4,61,0.00
2019-10-14T11:00,18.1,0,7.8,740.0,65.0,975.7,55,0.00
2019-10-14T12:00,20.0,0,10.1,727.0,67.0,960.9,49,0.00
2019-10-14T13:00,20.8,0,12.1,652.0,66.0,931.6,47,0.00
2019-10-14T14:00,21.2,1,12.4,517.0,64.0,867.1,47,0.00
2019-10-14T15:00,20.2,4,11.5,334.0,59.0,734.9,53,0.00
2019-10-14T16:00,18.3,1,7.2,109.0,61.0,246.8,59,0.00
2019-10-14T17:00,16.0,16,8.3,0.0,0.0,0.0,65,0.00
2019-10-14T18:00,14.3,15,7.4,0.0,0.0,0.0,76,0.00
2019-10-14T19:00,13.0,16,6.1,0.0,0.0,0.0,86,0.00
2019-10-14T20:00,12.2,20,2.5,0.0,0.0,0.0,92,0.00
2019-10-14T21:00,11.1,19,1.5,0.0,0.0,0.0,96,0.00
2019-10-14T22:00,10.7,20,0.5,0.0,0.0,0.0,92,0.00
2019-10-14T23:00,10.4,20,2.3,0.0,0.0,0.0,91,0.00
2019-10-15T00:00,9.4,21,5.2,0.0,0.0,0.0,93,0.00
2019-10-15T01:00,8.7,23,6.2,0.0,0.0,0.0,91,0.00
2019-10-15T02:00,8.4,28,4.9,0.0,0.0,0.0,86,0.00
2019-10-15T03:00,8.0,45,3.5,0.0,0.0,0.0,89,0.00
2019-10-15T04:00,9.0,64,5.5,0.0,0.0,0.0,89,0.00
2019-10-15T05:00,10.3,70,4.5,0.0,0.0,0.0,86,0.00
2019-10-15T06:00,10.9,61,2.5,19.0,19.0,0.0,90,0.00
2019-10-15T07:00,10.6,78,3.2,133.0,132.0,4.4,92,0.00
2019-10-15T08:00,11.3,68,4.2,284.0,265.0,47.4,88,0.00
2019-10-15T09:00,12.3,46,5.6,448.0,271.0,326.7,87,0.00
2019-10-15T10:00,14.3,32,10.0,561.0,384.0,276.8,84,0.00
2019-10-15T11:00,14.7,6,10.3,652.0,366.0,416.2,86,0.00
2019-10-15T12:00,15.8,0,9.5,714.0,104.0,894.4,75,0.00
2019-10-15T13:00,17.7,0,6.3,654.0,82.0,916.5,66,0.00
2019-10-15T14:00,19.5,0,6.1,520.0,66.0,877.5,58,0.00
2019-10-15T15:00,21.2,3,5.1,332.0,59.0,739.5,52,0.00
2019-10-15T16:00,20.2,5,7.2,114.0,43.0,374.6,54,0.00
2019-10-15T17:00,16.8,26,8.7,0.0,0.0,0.0,66,0.00
2019-10-15T18:00,14.5,17,7.4,0.0,0.0,0.0,78,0.00
2019-10-15T19:00,13.3,13,7.5,0.0,0.0,0.0,84,0.00
2019-10-15T20:00,12.2,7,4.0,0.0,0.0,0.0,84,0.00
2019-10-15T21:00,11.4,0,2.6,0.0,0.0,0.0,84,0.00
2019-10-15T22:00,10.6,6,4.3,0.0,0.0,0.0,84,0.00
2019-10-15T23:00,9.9,18,4.1,0.0,0.0,0.0,85,0.00
2019-10-16T00:00,9.1,17,3.4,0.0,0.0,0.0,88,0.00
2019-10-16T01:00,8.7,19,4.7,0.0,0.0,0.0,93,0.00
2019-10-16T02:00,8.5,15,3.0,0.0,0.0,0.0,91,0.00
2019-10-16T03:00,8.2,23,1.8,0.0,0.0,0.0,93,0.00
2019-10-16T04:00,8.1,13,1.8,0.0,0.0,0.0,89,0.00
2019-10-16T05:00,8.0,16,2.5,0.0,0.0,0.0,88,0.00
2019-10-16T06:00,9.0,20,4.7,34.0,26.0,79.7,87,0.00
2019-10-16T07:00,11.2,43,3.1,166.0,107.0,264.5,87,0.00
2019-10-16T08:00,12.9,0,3.4,356.0,150.0,518.7,81,0.00
2019-10-16T09:00,14.6,0,6.8,537.0,144.0,731.0,75,0.00
2019-10-16T10:00,15.8,0,7.4,634.0,191.0,697.6,71,0.00
2019-10-16T11:00,17.5,19,8.9,694.0,218.0,697.3,61,0.00
2019-10-16T12:00,19.6,0,11.3,689.0,149.0,797.3,57,0.00
2019-10-16T13:00,19.7,3,10.8,597.0,196.0,647.6,56,0.00
2019-10-16T14:00,19.2,0,12.0,487.0,107.0,741.6,58,0.00
2019-10-16T15:00,18.4,1,12.7,295.0,152.0,392.6,56,0.00
2019-10-16T16:00,17.0,0,10.3,84.0,66.0,97.5,60,0.00
2019-10-16T17:00,16.0,0,5.6,0.0,0.0,0.0,65,0.00
2019-10-16T18:00,15.7,3,1.9,0.0,0.0,0.0,67,0.00
2019-10-16T19:00,15.4,43,2.7,0.0,0.0,0.0,66,0.00
2019-10-16T20:00,15.1,38,3.9,0.0,0.0,0.0,68,0.00
2019-10-16T21:00,14.9,56,2.8,0.0,0.0,0.0,70,0.00
2019-10-16T22:00,14.9,42,3.4,0.0,0.0,0.0,76,0.00
2019-10-16T23:00,15.4,50,3.1,0.0,0.0,0.0,73,0.00
2019-10-17T00:00,15.3,60,3.3,0.0,0.0,0.0,78,0.00
2019-10-17T01:00,15.2,47,2.6,0.0,0.0,0.0,80,0.00
2019-10-17T02:00,14.9,35,3.3,0.0,0.0,0.0,85,0.00
2019-10-17T03:00,14.4,20,5.4,0.0,0.0,0.0,91,0.00
2019-10-17T04:00,13.3,13,5.4,0.0,0.0,0.0,93,0.00
2019-10-17T05:00,12.8,43,8.4,0.0,0.0,0.0,87,0.00
2019-10-17T06:00,12.9,29,4.0,37.0,11.0,263.6,83,0.00
2019-10-17T07:00,14.7,0,7.5,198.0,33.0,751.5,76,0.00
2019-10-17T08:00,16.8,0,13.4,387.0,48.0,861.9,60,0.00
2019-10-17T09:00,18.4,0,15.8,553.0,53.0,937.1,49,0.00
2019-10-17T10:00,18.9,0,16.6,663.0,99.0,894.3,48,0.00
2019-10-17T11:00,19.7,0,18.5,717.0,63.0,964.5,45,0.00
2019-10-17T12:00,20.5,0,19.3,704.0,65.0,950.2,42,0.00
2019-10-17T13:00,20.8,0,20.7,629.0,64.0,919.8,41,0.00
2019-10-17T14:00,20.1,0,23.4,494.0,61.0,853.3,45,0.00
2019-10-17T15:00,18.9,0,21.9,314.0,56.0,718.1,49,0.00
2019-10-17T16:00,16.8,0,16.8,100.0,41.0,328.1,59,0.00
2019-10-17T17:00,15.7,0,12.7,0.0,0.0,0.0,64,0.00
2019-10-17T18:00,14.7,1,8.4,0.0,0.0,0.0,71,0.00
2019-10-17T19:00,14.1,1,7.4,0.0,0.0,0.0,74,0.00
2019-10-17T20:00,13.4,1,7.8,0.0,0.0,0.0,74,0.00
2019-10-17T21:00,13.2,2,7.2,0.0,0.0,0.0,71,0.00
2019-10-17T22:00,12.5,2,5.8,0.0,0.0,0.0,74,0.00
2019-10-17T23:00,12.0,2,7.6,0.0,0.0,0.0,75,0.00
2019-10-18T00:00,11.5,1,8.8,0.0,0.0,0.0,77,0.00
2019-10-18T01:00,11.2,3,8.1,0.0,0.0,0.0,76,0.00
2019-10-18T02:00,10.9,2,7.7,0.0,0.0,0.0,75,0.00
2019-10-18T03:00,10.4,1,6.8,0.0,0.0,0.0,73,0.00
2019-10-18T04:00,10.2,1,8.2,0.0,0.0,0.0,76,0.00
2019-10-18T05:00,9.9,4,7.8,0.0,0.0,0.0,74,0.00
2019-10-18T06:00,10.5,0,2.6,33.0,16.0,175.4,77,0.00
2019-10-18T07:00,13.1,2,2.0,180.0,78.0,472.2,77,0.00
2019-10-18T08:00,15.3,3,1.8,358.0,140.0,559.7,71,0.00
2019-10-18T09:00,17.0,24,4.1,470.0,137.0,629.0,65,0.00
2019-10-18T10:00,18.5,28,8.8,512.0,301.0,336.9,69,0.00
2019-10-18T11:00,19.8,24,13.0,558.0,204.0,525.7,65,0.00
2019-10-18T12:00,19.8,17,13.6,634.0,262.0,557.2,62,0.00
2019-10-18T13:00,19.7,1,16.6,618.0,91.0,864.8,55,0.00
2019-10-18T14:00,19.1,0,17.4,485.0,76.0,813.9,53,0.00
2019-10-18T15:00,18.3,1,17.4,313.0,40.0,770.3,51,0.00
2019-10-18T16:00,16.5,0,10.9,96.0,40.0,319.9,58,0.00
2019-10-18T17:00,15.1,1,9.5,0.0,0.0,0.0,62,0.00
2019-10-18T18:00,14.2,19,3.3,0.0,0.0,0.0,68,0.00
2019-10-18T19:00,13.3,2,6.9,0.0,0.0,0.0,72,0.00
2019-10-18T20:00,12.9,1,4.4,0.0,0.0,0.0,72,0.00
2019-10-18T21:00,12.1,1,2.6,0.0,0.0,0.0,75,0.00
2019-10-18T22:00,11.5,24,4.1,0.0,0.0,0.0,78,0.00
2019-10-18T23:00,10.7,0,3.3,0.0,0.0,0.0,81,0.00
2019-10-19T00:00,10.2,0,6.6,0.0,0.0,0.0,87,0.00
2019-10-19T01:00,9.6,0,4.7,0.0,0.0,0.0,88,0.00
2019-10-19T02:00,9.2,0,3.4,0.0,0.0,0.0,86,0.00
2019-10-19T03:00,8.8,1,2.4,0.0,0.0,0.0,86,0.00
2019-10-19T04:00,8.6,0,6.0,0.0,0.0,0.0,87,0.00
2019-10-19T05:00,8.9,19,5.4,0.0,0.0,0.0,81,0.00
2019-10-19T06:00,9.9,22,5.4,30.0,21.0,94.5,79,0.00
2019-10-19T07:00,12.4,52,5.5,193.0,44.0,701.2,75,0.00
2019-10-19T08:00,14.7,70,3.8,248.0,187.0,158.2,70,0.00
2019-10-19T09:00,16.3,59,2.8,308.0,308.0,0.0,69,0.00
2019-10-19T10:00,17.9,39,3.4,462.0,372.0,144.7,68,0.00
2019-10-19T11:00,18.9,53,5.4,438.0,436.0,3.0,68,0.00
2019-10-19T12:00,20.1,63,9.7,203.0,203.0,0.0,66,0.00
2019-10-19T13:00,20.1,62,10.5,386.0,381.0,8.3,68,0.00
2019-10-19T14:00,19.7,62,12.1,256.0,256.0,0.0,74,0.00
2019-10-19T15:00,18.9,68,13.0,141.0,141.0,0.0,77,0.00
2019-10-19T16:00,17.5,43,9.4,71.0,65.0,35.2,79,0.00
2019-10-19T17:00,15.8,45,7.0,0.0,0.0,0.0,83,0.00
2019-10-19T18:00,14.8,18,5.8,0.0,0.0,0.0,84,0.00
2019-10-19T19:00,14.0,10,4.3,0.0,0.0,0.0,85,0.00
2019-10-19T20:00,13.2,6,1.3,0.0,0.0,0.0,87,0.00
2019-10-19T21:00,12.1,2,1.0,0.0,0.0,0.0,91,0.00
2019-10-19T22:00,12.1,2,2.9,0.0,0.0,0.0,93,0.00
2019-10-19T23:00,11.7,24,1.9,0.0,0.0,0.0,92,0.00
2019-10-20T00:00,11.1,27,3.1,0.0,0.0,0.0,94,0.00
2019-10-20T01:00,11.0,23,5.4,0.0,0.0,0.0,94,0.00
2019-10-20T02:00,11.1,29,7.0,0.0,0.0,0.0,95,0.00
2019-10-20T03:00,10.7,24,7.2,0.0,0.0,0.0,95,0.00
2019-10-20T04:00,10.5,24,8.3,0.0,0.0,0.0,95,0.00
2019-10-20T05:00,10.6,23,7.0,0.0,0.0,0.0,94,0.00
2019-10-20T06:00,10.9,23,6.2,26.0,15.0,117.7,92,0.00
2019-10-20T07:00,12.9,6,4.7,179.0,34.0,694.0,91,0.00
2019-10-20T08:00,14.7,1,4.0,358.0,61.0,777.8,82,0.00
2019-10-20T09:00,16.5,0,7.2,506.0,98.0,782.8,67,0.00
2019-10-20T10:00,17.7,0,8.1,620.0,90.0,858.2,58,0.00
2019-10-20T11:00,19.9,0,9.7,678.0,64.0,924.3,48,0.00
2019-10-20T12:00,21.4,0,10.9,670.0,67.0,916.2,39,0.00
2019-10-20T13:00,22.5,0,13.6,595.0,74.0,868.8,32,0.00
2019-10-20T14:00,22.3,0,12.8,463.0,62.0,813.7,33,0.00
2019-10-20T15:00,21.5,0,14.0,287.0,58.0,664.2,35,0.00
2019-10-20T16:00,19.4,0,10.5,74.0,44.0,179.1,46,0.00
2019-10-20T17:00,17.8,0,7.0,0.0,0.0,0.0,64,0.00
2019-10-20T18:00,16.5,0,5.9,0.0,0.0,0.0,64,0.00
2019-10-20T19:00,15.5,0,4.2,0.0,0.0,0.0,67,0.00
2019-10-20T20:00,14.7,1,4.0,0.0,0.0,0.0,69,0.00
2019-10-20T21:00,13.8,0,2.9,0.0,0.0,0.0,70,0.00
2019-10-20T22:00,12.6,1,3.2,0.0,0.0,0.0,79,0.00
2019-10-20T23:00,12.3,2,4.9,0.0,0.0,0.0,78,0.00
2019-10-21T00:00,11.6,1,5.2,0.0,0.0,0.0,81,0.00
2019-10-21T01:00,11.2,1,5.8,0.0,0.0,0.0,87,0.00
2019-10-21T02:00,10.7,1,5.9,0.0,0.0,0.0,92,0.00
2019-10-21T03:00,10.3,1,5.4,0.0,0.0,0.0,91,0.00
2019-10-21T04:00,10.3,1,5.9,0.0,0.0,0.0,89,0.00
2019-10-21T05:00,10.4,2,3.1,0.0,0.0,0.0,89,0.00
2019-10-21T06:00,10.7,0,2.9,29.0,10.0,207.0,92,0.00
2019-10-21T07:00,14.3,0,0.0,179.0,32.0,715.8,89,0.00
2019-10-21T08:00,17.8,0,0.4,365.0,46.0,843.9,77,0.00
2019-10-21T09:00,18.9,0,3.9,521.0,55.0,901.2,63,0.00
2019-10-21T10:00,20.5,0,5.2,632.0,60.0,932.8,54,0.00
2019-10-21T11:00,22.7,0,7.2,686.0,63.0,944.4,42,0.00
2019-10-21T12:00,24.1,0,8.7,676.0,65.0,935.0,37,0.00
2019-10-21T13:00,25.5,0,7.6,602.0,65.0,902.6,33,0.00
2019-10-21T14:00,26.7,0,8.0,469.0,63.0,831.9,32,0.00
2019-10-21T15:00,27.5,0,7.1,292.0,57.0,691.0,31,0.00
2019-10-21T16:00,25.7,0,6.1,80.0,38.0,254.3,36,0.00
2019-10-21T17:00,22.5,0,7.4,0.0,0.0,0.0,51,0.00
2019-10-21T18:00,19.9,1,6.2,0.0,0.0,0.0,63,0.00
2019-10-21T19:00,18.4,0,3.6,0.0,0.0,0.0,69,0.00
2019-10-21T20:00,17.2,0,2.9,0.0,0.0,0.0,73,0.00
2019-10-21T21:00,16.2,0,5.2,0.0,0.0,0.0,73,0.00
2019-10-21T22:00,15.1,0,5.6,0.0,0.0,0.0,70,0.00
2019-10-21T23:00,13.9,0,4.7,0.0,0.0,0.0,71,0.00
2019-10-22T00:00,13.1,0,3.7,0.0,0.0,0.0,68,0.00
2019-10-22T01:00,12.4,0,1.5,0.0,0.0,0.0,67,0.00
2019-10-22T02:00,12.0,0,2.3,0.0,0.0,0.0,66,0.00
2019-10-22T03:00,11.9,0,1.8,0.0,0.0,0.0,64,0.00
2019-10-22T04:00,12.1,0,8.8,0.0,0.0,0.0,60,0.00
2019-10-22T05:00,12.0,0,0.8,0.0,0.0,0.0,59,0.00
2019-10-22T06:00,12.5,0,1.5,27.0,11.0,177.7,60,0.00
2019-10-22T07:00,16.2,0,3.7,181.0,32.0,738.4,61,0.00
2019-10-22T08:00,20.4,0,3.1,370.0,46.0,866.0,52,0.00
2019-10-22T09:00,22.3,0,3.3,529.0,55.0,924.0,45,0.00
2019-10-22T10:00,24.6,0,4.3,641.0,60.0,954.3,36,0.00
2019-10-22T11:00,25.7,0,8.0,692.0,64.0,958.5,31,0.00
2019-10-22T12:00,26.6,0,8.6,680.0,65.0,947.9,30,0.00
2019-10-22T13:00,27.3,0,7.2,602.0,65.0,909.9,28,0.00
2019-10-22T14:00,28.9,0,9.1,467.0,62.0,838.0,26,0.00
2019-10-22T15:00,28.6,0,9.1,288.0,57.0,688.6,27,0.00
2019-10-22T16:00,27.2,0,7.2,75.0,37.0,233.4,31,0.00
2019-10-22T17:00,23.9,0,4.5,0.0,0.0,0.0,39,0.00
2019-10-22T18:00,21.3,0,5.4,0.0,0.0,0.0,47,0.00
2019-10-22T19:00,19.8,0,1.6,0.0,0.0,0.0,50,0.00
2019-10-22T20:00,18.7,0,2.2,0.0,0.0,0.0,47,0.00
2019-10-22T21:00,17.6,0,0.5,0.0,0.0,0.0,44,0.00
2019-10-22T22:00,16.3,0,6.9,0.0,0.0,0.0,48,0.00
2019-10-22T23:00,15.0,0,7.3,0.0,0.0,0.0,54,0.00
2019-10-23T00:00,14.4,0,7.6,0.0,0.0,0.0,58,0.00
2019-10-23T01:00,13.6,1,3.3,0.0,0.0,0.0,70,0.00
2019-10-23T02:00,13.3,1,4.0,0.0,0.0,0.0,75,0.00
2019-10-23T03:00,12.9,1,3.8,0.0,0.0,0.0,73,0.00
2019-10-23T04:00,13.4,1,5.4,0.0,0.0,0.0,59,0.00
2019-10-23T05:00,13.2,1,5.4,0.0,0.0,0.0,61,0.00
2019-10-23T06:00,14.2,1,4.1,24.0,11.0,147.2,54,0.00
2019-10-23T07:00,17.8,16,4.1,172.0,31.0,711.4,57,0.00
2019-10-23T08:00,22.2,0,6.4,356.0,46.0,837.2,42,0.00
2019-10-23T09:00,23.2,0,5.4,514.0,55.0,902.0,39,0.00
2019-10-23T10:00,24.0,1,2.3,623.0,61.0,929.7,37,0.00
2019-10-23T11:00,25.4,0,5.8,672.0,64.0,934.5,33,0.00
2019-10-23T12:00,26.2,0,8.2,661.0,66.0,923.7,30,0.00
2019-10-23T13:00,27.1,0,9.1,586.0,65.0,889.8,28,0.00
2019-10-23T14:00,28.3,0,9.6,456.0,62.0,823.1,26,0.00
2019-10-23T15:00,28.1,0,10.9,280.0,56.0,677.0,29,0.00
2019-10-23T16:00,27.2,0,8.7,69.0,36.0,205.6,30,0.00
2019-10-23T17:00,24.3,0,4.8,0.0,0.0,0.0,37,0.00
2019-10-23T18:00,22.5,0,2.1,0.0,0.0,0.0,42,0.00
2019-10-23T19:00,20.7,0,0.8,0.0,0.0,0.0,48,0.00
2019-10-23T20:00,19.4,0,1.1,0.0,0.0,0.0,52,0.00
2019-10-23T21:00,17.9,0,5.6,0.0,0.0,0.0,54,0.00
2019-10-23T22:00,17.6,0,6.3,0.0,0.0,0.0,50,0.00
2019-10-23T23:00,16.8,0,2.9,0.0,0.0,0.0,45,0.00
2019-10-24T00:00,16.9,0,3.7,0.0,0.0,0.0,36,0.00
2019-10-24T01:00,17.3,0,9.9,0.0,0.0,0.0,28,0.00
2019-10-24T02:00,17.5,0,10.7,0.0,0.0,0.0,28,0.00
2019-10-24T03:00,17.0,0,10.8,0.0,0.0,0.0,29,0.00
2019-10-24T04:00,17.3,0,16.0,0.0,0.0,0.0,28,0.00
2019-10-24T05:00,16.9,0,11.3,0.0,0.0,0.0,28,0.00
2019-10-24T06:00,17.1,0,10.5,24.0,11.0,150.1,29,0.00
2019-10-24T07:00,20.4,0,6.6,173.0,30.0,734.7,28,0.00
2019-10-24T08:00,22.2,0,2.8,360.0,46.0,856.9,22,0.00
2019-10-24T09:00,26.1,0,0.8,519.0,62.0,905.4,21,0.00
2019-10-24T10:00,25.0,0,8.1,624.0,93.0,884.8,20,0.00
2019-10-24T11:00,26.8,0,9.4,678.0,92.0,906.9,19,0.00
2019-10-24T12:00,27.2,0,7.9,660.0,107.0,864.6,18,0.00
2019-10-24T13:00,28.3,0,7.7,596.0,60.0,922.7,15,0.00
2019-10-24T14:00,29.6,0,8.4,462.0,62.0,843.7,15,0.00
2019-10-24T15:00,29.9,0,4.8,281.0,56.0,689.3,16,0.00
2019-10-24T16:00,28.5,0,5.0,66.0,34.0,202.2,18,0.00
2019-10-24T17:00,25.9,0,6.3,0.0,0.0,0.0,20,0.00
2019-10-24T18:00,24.5,0,3.4,0.0,0.0,0.0,20,0.00
2019-10-24T19:00,23.5,0,1.1,0.0,0.0,0.0,19,0.00
2019-10-24T20:00,22.3,0,3.2,0.0,0.0,0.0,22,0.00
2019-10-24T21:00,21.4,0,3.1,0.0,0.0,0.0,24,0.00
2019-10-24T22:00,19.4,0,2.7,0.0,0.0,0.0,32,0.00
2019-10-24T23:00,18.2,0,7.6,0.0,0.0,0.0,34,0.00
2019-10-25T00:00,16.9,0,6.8,0.0,0.0,0.0,35,0.00
2019-10-25T01:00,16.1,0,8.3,0.0,0.0,0.0,35,0.00
2019-10-25T02:00,15.4,0,8.9,0.0,0.0,0.0,37,0.00
2019-10-25T03:00,14.8,0,9.4,0.0,0.0,0.0,40,0.00
2019-10-25T04:00,14.4,0,7.2,0.0,0.0,0.0,37,0.00
2019-10-25T05:00,13.9,0,5.4,0.0,0.0,0.0,37,0.00
2019-10-25T06:00,13.4,0,6.0,23.0,10.0,153.2,44,0.00
2019-10-25T07:00,16.8,0,3.3,171.0,30.0,738.0,41,0.00
2019-10-25T08:00,20.7,0,1.1,359.0,45.0,866.0,33,0.00
2019-10-25T09:00,22.6,0,3.8,518.0,54.0,926.8,28,0.00
2019-10-25T10:00,24.8,0,4.8,629.0,60.0,954.9,23,0.00
2019-10-25T11:00,26.7,0,5.1,682.0,63.0,964.6,20,0.00
2019-10-25T12:00,28.0,0,6.4,671.0,65.0,954.3,19,0.00
2019-10-25T13:00,29.6,0,7.4,596.0,64.0,923.1,17,0.00
2019-10-25T14:00,30.5,0,7.2,462.0,61.0,853.9,16,0.00
2019-10-25T15:00,30.8,0,7.5,280.0,55.0,698.6,16,0.00
2019-10-25T16:00,27.2,0,5.4,62.0,33.0,185.8,22,0.00
2019-10-25T17:00,24.5,1,7.3,0.0,0.0,0.0,25,0.00
2019-10-25T18:00,22.6,0,1.1,0.0,0.0,0.0,23,0.00
2019-10-25T19:00,21.2,0,0.0,0.0,0.0,0.0,22,0.00
2019-10-25T20:00,19.7,0,2.7,0.0,0.0,0.0,24,0.00
2019-10-25T21:00,18.6,0,3.1,0.0,0.0,0.0,25,0.00
2019-10-25T22:00,17.3,0,6.1,0.0,0.0,0.0,29,0.00
2019-10-25T23:00,15.9,0,5.2,0.0,0.0,0.0,31,0.00
2019-10-26T00:00,14.7,0,6.0,0.0,0.0,0.0,37,0.00
2019-10-26T01:00,13.7,0,5.8,0.0,0.0,0.0,44,0.00
2019-10-26T02:00,13.0,0,7.0,0.0,0.0,0.0,46,0.00
2019-10-26T03:00,11.9,1,6.7,0.0,0.0,0.0,54,0.00
2019-10-26T04:00,11.4,1,5.2,0.0,0.0,0.0,63,0.00
2019-10-26T05:00,10.8,1,3.7,0.0,0.0,0.0,75,0.00
2019-10-26T06:00,11.1,0,6.2,21.0,11.0,120.3,74,0.00
2019-10-26T07:00,13.8,0,1.6,168.0,24.0,768.2,74,0.00
2019-10-26T08:00,17.0,17,1.9,355.0,49.0,853.0,65,0.00
2019-10-26T09:00,19.7,0,4.5,503.0,114.0,783.4,50,0.00
2019-10-26T10:00,21.3,1,8.0,631.0,88.0,917.9,46,0.00
2019-10-26T11:00,23.3,1,10.0,675.0,85.0,925.8,40,0.00
2019-10-26T12:00,23.7,1,7.4,663.0,84.0,918.3,34,0.00
2019-10-26T13:00,25.7,0,9.1,574.0,183.0,683.8,30,0.00
2019-10-26T14:00,25.5,0,10.1,458.0,48.0,881.4,33,0.00
2019-10-26T15:00,24.5,0,9.1,273.0,56.0,682.9,37,0.00
2019-10-26T16:00,21.6,1,9.1,57.0,31.0,168.9,46,0.00
2019-10-26T17:00,17.7,4,9.8,0.0,0.0,0.0,62,0.00
2019-10-26T18:00,15.4,1,7.7,0.0,0.0,0.0,70,0.00
2019-10-26T19:00,14.0,1,5.6,0.0,0.0,0.0,73,0.00
2019-10-26T20:00,12.6,0,2.5,0.0,0.0,0.0,76,0.00
2019-10-26T21:00,11.9,1,7.7,0.0,0.0,0.0,82,0.00
2019-10-26T22:00,11.0,0,6.0,0.0,0.0,0.0,88,0.00
2019-10-26T23:00,10.5,0,4.7,0.0,0.0,0.0,84,0.00
2019-10-27T00:00,10.0,1,2.1,0.0,0.0,0.0,84,0.00
2019-10-27T01:00,9.8,0,6.9,0.0,0.0,0.0,77,0.00
2019-10-27T02:00,9.6,1,1.4,0.0,0.0,0.0,61,0.00
2019-10-27T03:00,9.1,0,6.2,0.0,0.0,0.0,60,0.00
2019-10-27T04:00,10.2,0,15.0,0.0,0.0,0.0,59,0.00
2019-10-27T05:00,10.1,0,5.4,0.0,0.0,0.0,45,0.00
2019-10-27T06:00,10.0,0,5.9,21.0,10.0,135.1,41,0.00
2019-10-27T07:00,13.0,0,8.4,171.0,29.0,772.4,37,0.00
2019-10-27T08:00,15.5,0,14.1,363.0,44.0,899.0,28,0.00
2019-10-27T09:00,16.9,0,18.1,525.0,53.0,958.5,25,0.00
2019-10-27T10:00,17.8,0,22.1,641.0,57.0,994.4,24,0.00
2019-10-27T11:00,18.8,0,25.3,690.0,62.0,992.4,22,0.00
2019-10-27T12:00,19.3,0,25.2,681.0,63.0,987.2,21,0.00
2019-10-27T13:00,19.6,0,27.9,607.0,63.0,958.9,19,0.00
2019-10-27T14:00,19.8,0,26.1,469.0,60.0,887.7,19,0.00
2019-10-27T15:00,19.6,0,19.6,281.0,54.0,724.1,19,0.00
2019-10-27T16:00,18.4,0,19.4,55.0,30.0,164.7,23,0.00
2019-10-27T17:00,17.1,0,11.2,0.0,0.0,0.0,30,0.00
2019-10-27T18:00,16.5,0,9.1,0.0,0.0,0.0,28,0.00
2019-10-27T19:00,15.9,0,8.7,0.0,0.0,0.0,23,0.00
2019-10-27T20:00,14.9,0,8.7,0.0,0.0,0.0,23,0.00
2019-10-27T21:00,14.3,0,5.8,0.0,0.0,0.0,23,0.00
2019-10-27T22:00,13.0,0,6.5,0.0,0.0,0.0,28,0.00
2019-10-27T23:00,11.9,0,7.8,0.0,0.0,0.0,26,0.00
2019-10-28T00:00,11.1,0,5.3,0.0,0.0,0.0,24,0.00
2019-10-28T01:00,10.0,0,7.0,0.0,0.0,0.0,27,0.00
2019-10-28T02:00,9.4,0,9.3,0.0,0.0,0.0,27,0.00
2019-10-28T03:00,8.5,0,6.3,0.0,0.0,0.0,28,0.00
2019-10-28T04:00,8.0,0,8.7,0.0,0.0,0.0,29,0.00
2019-10-28T05:00,7.7,0,3.4,0.0,0.0,0.0,28,0.00
2019-10-28T06:00,7.6,0,8.8,17.0,14.0,37.7,30,0.00
2019-10-28T07:00,11.0,0,6.9,163.0,48.0,638.2,29,0.00
2019-10-28T08:00,13.7,0,2.6,360.0,44.0,900.4,23,0.00
2019-10-28T09:00,15.7,0,2.0,522.0,54.0,958.4,17,0.00
2019-10-28T10:00,17.0,0,5.6,637.0,60.0,989.8,16,0.00
2019-10-28T11:00,18.0,0,6.4,689.0,63.0,996.2,15,0.00
2019-10-28T12:00,19.1,0,6.6,674.0,64.0,981.4,14,0.00
2019-10-28T13:00,20.3,0,11.0,594.0,64.0,941.6,13,0.00
2019-10-28T14:00,20.8,0,10.0,458.0,61.0,870.0,13,0.00
2019-10-28T15:00,20.2,0,9.2,273.0,55.0,705.0,14,0.00
2019-10-28T16:00,18.3,0,7.4,48.0,29.0,127.0,14,0.00
2019-10-28T17:00,15.8,0,7.7,0.0,0.0,0.0,19,0.00
2019-10-28T18:00,13.8,0,7.0,0.0,0.0,0.0,27,0.00
2019-10-28T19:00,12.3,0,3.0,0.0,0.0,0.0,35,0.00
2019-10-28T20:00,11.3,0,3.3,0.0,0.0,0.0,42,0.00
2019-10-28T21:00,10.3,0,4.2,0.0,0.0,0.0,43,0.00
2019-10-28T22:00,9.7,0,7.6,0.0,0.0,0.0,38,0.00
2019-10-28T23:00,8.5,0,5.9,0.0,0.0,0.0,37,0.00
2019-10-29T00:00,7.5,7,4.3,0.0,0.0,0.0,36,0.00
2019-10-29T01:00,6.9,4,3.0,0.0,0.0,0.0,40,0.00
2019-10-29T02:00,6.6,5,2.6,0.0,0.0,0.0,46,0.00
2019-10-29T03:00,6.3,1,4.4,0.0,0.0,0.0,59,0.00
2019-10-29T04:00,6.1,14,3.4,0.0,0.0,0.0,66,0.00
2019-10-29T05:00,5.9,5,3.4,0.0,0.0,0.0,70,0.00
2019-10-29T06:00,6.2,0,1.9,17.0,9.0,102.7,75,0.00
2019-10-29T07:00,8.7,1,1.1,155.0,41.0,645.7,75,0.00
2019-10-29T08:00,11.2,1,3.1,340.0,41.0,861.6,76,0.00
2019-10-29T09:00,12.7,0,5.1,494.0,63.0,890.2,60,0.00
2019-10-29T10:00,14.7,0,6.2,607.0,61.0,943.6,40,0.00
2019-10-29T11:00,16.3,0,7.8,661.0,65.0,955.2,29,0.00
2019-10-29T12:00,17.9,0,8.4,653.0,66.0,951.3,22,0.00
2019-10-29T13:00,20.6,0,12.7,579.0,65.0,920.5,18,0.00
2019-10-29T14:00,21.0,0,10.7,445.0,61.0,849.6,18,0.00
2019-10-29T15:00,20.8,0,9.8,264.0,55.0,685.1,20,0.00
2019-10-29T16:00,18.6,2,6.1,43.0,27.0,108.4,24,0.00
2019-10-29T17:00,15.3,0,0.4,0.0,0.0,0.0,36,0.00
2019-10-29T18:00,14.2,0,7.7,0.0,0.0,0.0,34,0.00
2019-10-29T19:00,13.1,0,7.2,0.0,0.0,0.0,25,0.00
2019-10-29T20:00,11.8,0,5.6,0.0,0.0,0.0,22,0.00
2019-10-29T21:00,10.8,0,10.3,0.0,0.0,0.0,22,0.00
2019-10-29T22:00,10.0,0,11.2,0.0,0.0,0.0,19,0.00
2019-10-29T23:00,8.6,0,7.6,0.0,0.0,0.0,18,0.00
2019-10-30T00:00,8.0,0,2.0,0.0,0.0,0.0,20,0.00
2019-10-30T01:00,7.4,0,2.6,0.0,0.0,0.0,23,0.00
2019-10-30T02:00,6.9,0,7.2,0.0,0.0,0.0,25,0.00
2019-10-30T03:00,6.3,0,8.3,0.0,0.0,0.0,28,0.00
2019-10-30T04:00,6.1,0,9.7,0.0,0.0,0.0,31,0.00
2019-10-30T05:00,6.1,0,8.6,0.0,0.0,0.0,30,0.00
2019-10-30T06:00,5.9,0,8.8,17.0,9.0,105.1,32,0.00
2019-10-30T07:00,8.6,0,6.4,159.0,29.0,752.0,32,0.00
2019-10-30T08:00,11.1,0,3.3,348.0,45.0,883.1,28,0.00
2019-10-30T09:00,12.8,0,4.1,509.0,54.0,947.9,21,0.00
2019-10-30T10:00,14.7,0,9.1,620.0,61.0,973.4,18,0.00
2019-10-30T11:00,16.4,0,10.3,668.0,64.0,975.0,19,0.00
2019-10-30T12:00,17.4,0,10.0,656.0,66.0,963.2,18,0.00
2019-10-30T13:00,18.6,0,8.8,580.0,65.0,929.7,18,0.00
2019-10-30T14:00,19.3,0,10.8,444.0,62.0,853.3,17,0.00
2019-10-30T15:00,19.6,0,9.7,261.0,56.0,681.3,17,0.00
2019-10-30T16:00,17.6,0,5.2,37.0,25.0,82.5,19,0.00
2019-10-30T17:00,14.9,0,3.7,0.0,0.0,0.0,23,0.00
2019-10-30T18:00,13.5,0,4.1,0.0,0.0,0.0,23,0.00
2019-10-30T19:00,12.0,0,2.2,0.0,0.0,0.0,26,0.00
2019-10-30T20:00,10.7,0,0.5,0.0,0.0,0.0,29,0.00
2019-10-30T21:00,9.7,0,2.3,0.0,0.0,0.0,33,0.00
2019-10-30T22:00,8.9,0,2.3,0.0,0.0,0.0,37,0.00
2019-10-30T23:00,7.8,0,3.1,0.0,0.0,0.0,39,0.00
2019-10-31T00:00,6.9,0,2.1,0.0,0.0,0.0,41,0.00
2019-10-31T01:00,6.4,0,5.6,0.0,0.0,0.0,41,0.00
2019-10-31T02:00,6.0,0,2.2,0.0,0.0,0.0,40,0.00
2019-10-31T03:00,5.5,0,2.3,0.0,0.0,0.0,40,0.00
2019-10-31T04:00,5.4,0,1.6,0.0,0.0,0.0,37,0.00
2019-10-31T05:00,4.8,0,4.6,0.0,0.0,0.0,41,0.00
2019-10-31T06:00,4.9,0,4.7,15.0,8.0,94.2,42,0.00
2019-10-31T07:00,7.8,1,1.4,154.0,28.0,744.7,45,0.00
2019-10-31T08:00,11.8,0,2.6,344.0,44.0,884.6,39,0.00
2019-10-31T09:00,14.1,0,3.1,505.0,54.0,947.8,31,0.00
2019-10-31T10:00,16.3,0,5.9,617.0,60.0,977.3,26,0.00
2019-10-31T11:00,17.4,0,6.2,670.0,63.0,986.9,23,0.00
2019-10-31T12:00,18.9,0,7.2,657.0,65.0,973.5,20,0.00
2019-10-31T13:00,19.7,0,7.8,580.0,64.0,938.9,19,0.00
2019-10-31T14:00,20.9,0,9.2,445.0,61.0,866.1,18,0.00
2019-10-31T15:00,21.1,0,8.6,261.0,54.0,697.4,18,0.00
2019-10-31T16:00,19.2,0,9.1,33.0,22.0,76.7,19,0.00
2019-10-31T17:00,16.2,0,5.6,0.0,0.0,0.0,23,0.00
2019-10-31T18:00,14.1,0,5.2,0.0,0.0,0.0,30,0.00
2019-10-31T19:00,12.8,0,9.1,0.0,0.0,0.0,31,0.00
2019-10-31T20:00,11.7,0,7.3,0.0,0.0,0.0,33,0.00
2019-10-31T21:00,10.4,0,5.1,0.0,0.0,0.0,33,0.00
2019-10-31T22:00,9.0,0,3.0,0.0,0.0,0.0,33,0.00
2019-10-31T23:00,7.9,0,1.5,0.0,0.0,0.0,32,0.00
2019-11-01T00:00,7.3,0,2.2,0.0,0.0,0.0,30,0.00
2019-11-01T01:00,6.6,0,6.6,0.0,0.0,0.0,33,0.00
2019-11-01T02:00,5.7,0,7.2,0.0,0.0,0.0,39,0.00
2019-11-01T03:00,5.2,0,7.2,0.0,0.0,0.0,39,0.00
2019-11-01T04:00,5.0,0,5.4,0.0,0.0,0.0,36,0.00
2019-11-01T05:00,4.3,0,8.3,0.0,0.0,0.0,43,0.00
2019-11-01T06:00,4.4,0,9.0,14.0,8.0,82.5,44,0.00
2019-11-01T07:00,7.6,0,4.7,153.0,28.0,754.5,47,0.00
2019-11-01T08:00,13.0,0,0.7,344.0,44.0,895.0,39,0.00
2019-11-01T09:00,14.6,0,2.9,506.0,53.0,960.4,30,0.00
2019-11-01T10:00,16.3,0,4.8,618.0,59.0,988.3,29,0.00
2019-11-01T11:00,17.9,0,7.1,670.0,62.0,995.6,28,0.00
2019-11-01T12:00,19.6,0,7.7,658.0,64.0,983.9,27,0.00
2019-11-01T13:00,20.8,0,9.1,579.0,63.0,946.5,24,0.00
2019-11-01T14:00,21.5,0,8.1,442.0,62.0,865.3,22,0.00
2019-11-01T15:00,21.5,0,5.8,257.0,55.0,689.9,22,0.00
2019-11-01T16:00,19.0,1,2.9,26.0,19.0,49.5,24,0.00
2019-11-01T17:00,16.3,0,5.2,0.0,0.0,0.0,29,0.00
2019-11-01T18:00,14.2,0,4.0,0.0,0.0,0.0,31,0.00
2019-11-01T19:00,12.6,0,1.5,0.0,0.0,0.0,32,0.00
2019-11-01T20:00,11.3,0,1.5,0.0,0.0,0.0,34,0.00
2019-11-01T21:00,10.2,0,5.3,0.0,0.0,0.0,31,0.00
2019-11-01T22:00,9.1,0,8.0,0.0,0.0,0.0,31,0.00
2019-11-01T23:00,8.1,0,8.3,0.0,0.0,0.0,33,0.00
2019-11-02T00:00,7.1,0,8.0,0.0,0.0,0.0,36,0.00
2019-11-02T01:00,6.6,1,8.5,0.0,0.0,0.0,43,0.00
2019-11-02T02:00,6.1,0,9.2,0.0,0.0,0.0,48,0.00
2019-11-02T03:00,5.5,0,7.5,0.0,0.0,0.0,47,0.00
2019-11-02T04:00,5.5,1,4.6,0.0,0.0,0.0,44,0.00
2019-11-02T05:00,4.7,1,8.5,0.0,0.0,0.0,49,0.00
2019-11-02T06:00,4.4,0,5.8,13.0,7.0,84.8,51,0.00
2019-11-02T07:00,7.6,1,2.5,147.0,27.0,733.1,51,0.00
2019-11-02T08:00,12.1,0,1.1,335.0,44.0,878.5,47,0.00
2019-11-02T09:00,14.4,0,2.4,495.0,53.0,945.4,38,0.00
2019-11-02T10:00,16.3,0,4.3,606.0,59.0,974.5,33,0.00
2019-11-02T11:00,18.0,0,6.4,658.0,63.0,981.4,30,0.00
2019-11-02T12:00,19.7,0,6.4,644.0,64.0,967.8,27,0.00
2019-11-02T13:00,21.0,0,6.8,567.0,64.0,930.0,25,0.00
2019-11-02T14:00,21.9,0,7.0,432.0,61.0,852.9,23,0.00
2019-11-02T15:00,22.6,0,6.6,250.0,54.0,678.6,23,0.00
2019-11-02T16:00,20.0,0,3.7,20.0,15.0,35.8,25,0.00
2019-11-02T17:00,17.1,0,4.5,0.0,0.0,0.0,31,0.00
2019-11-02T18:00,15.0,0,2.4,0.0,0.0,0.0,32,0.00
2019-11-02T19:00,12.8,0,0.5,0.0,0.0,0.0,38,0.00
2019-11-02T20:00,11.5,0,1.1,0.0,0.0,0.0,41,0.00
2019-11-02T21:00,10.5,0,1.6,0.0,0.0,0.0,44,0.00
2019-11-02T22:00,9.6,0,3.3,0.0,0.0,0.0,44,0.00
2019-11-02T23:00,8.5,0,5.4,0.0,0.0,0.0,44,0.00
2019-11-03T00:00,7.7,0,6.1,0.0,0.0,0.0,43,0.00
2019-11-03T01:00,7.3,0,5.5,0.0,0.0,0.0,41,0.00
2019-11-03T02:00,6.4,0,8.0,0.0,0.0,0.0,45,0.00
2019-11-03T03:00,5.8,0,8.4,0.0,0.0,0.0,49,0.00
2019-11-03T04:00,5.6,0,4.0,0.0,0.0,0.0,44,0.00
2019-11-03T05:00,5.2,0,10.5,0.0,0.0,0.0,51,0.00
2019-11-03T06:00,5.2,0,9.4,11.0,7.0,58.0,52,0.00
2019-11-03T07:00,8.6,1,5.0,141.0,27.0,704.9,54,0.00
2019-11-03T08:00,13.9,0,0.5,324.0,43.0,858.5,45,0.00
2019-11-03T09:00,16.1,0,1.6,480.0,53.0,921.5,39,0.00
2019-11-03T10:00,17.7,0,2.8,588.0,59.0,949.7,35,0.00
2019-11-03T11:00,19.9,1,5.0,640.0,62.0,960.3,32,0.00
2019-11-03T12:00,21.4,0,6.5,626.0,64.0,944.6,29,0.00
2019-11-03T13:00,23.8,0,8.7,550.0,63.0,907.6,26,0.00
2019-11-03T14:00,24.5,0,9.0,417.0,60.0,828.6,25,0.00
2019-11-03T15:00,24.3,0,8.3,238.0,53.0,649.3,24,0.00
2019-11-03T16:00,21.3,0,7.3,12.0,10.0,14.5,29,0.00
2019-11-03T17:00,18.4,0,5.4,0.0,0.0,0.0,31,0.00
2019-11-03T18:00,16.1,0,5.1,0.0,0.0,0.0,34,0.00
2019-11-03T19:00,14.4,0,5.4,0.0,0.0,0.0,43,0.00
2019-11-03T20:00,13.2,5,6.2,0.0,0.0,0.0,50,0.00
2019-11-03T21:00,12.4,8,6.1,0.0,0.0,0.0,53,0.00
2019-11-03T22:00,11.5,23,4.3,0.0,0.0,0.0,54,0.00
2019-11-03T23:00,10.8,17,4.7,0.0,0.0,0.0,59,0.00
2019-11-04T00:00,9.8,14,7.9,0.0,0.0,0.0,71,0.00
2019-11-04T01:00,9.0,24,6.6,0.0,0.0,0.0,79,0.00
2019-11-04T02:00,8.4,26,7.0,0.0,0.0,0.0,83,0.00
2019-11-04T03:00,7.9,18,6.2,0.0,0.0,0.0,88,0.00
2019-11-04T04:00,7.6,13,0.8,0.0,0.0,0.0,87,0.00
2019-11-04T05:00,7.0,22,6.1,0.0,0.0,0.0,88,0.00
2019-11-04T06:00,6.9,15,4.7,9.0,7.0,29.7,89,0.00
2019-11-04T07:00,9.1,19,3.6,132.0,31.0,632.2,92,0.00
2019-11-04T08:00,12.6,16,2.5,308.0,62.0,760.8,86,0.00
2019-11-04T09:00,14.3,3,3.4,470.0,49.0,916.8,77,0.00
2019-11-04T10:00,16.4,16,4.4,573.0,85.0,882.9,64,0.00
2019-11-04T11:00,18.7,7,7.7,628.0,62.0,947.2,55,0.00
2019-11-04T12:00,20.0,18,7.6,614.0,64.0,931.2,51,0.00
2019-11-04T13:00,22.1,15,8.8,537.0,64.0,888.5,47,0.00
2019-11-04T14:00,22.5,15,8.7,406.0,60.0,810.7,47,0.00
2019-11-04T15:00,21.7,16,6.8,230.0,53.0,629.7,51,0.00
2019-11-04T16:00,19.2,15,6.8,5.0,4.0,7.4,57,0.00
2019-11-04T17:00,16.2,18,6.6,0.0,0.0,0.0,68,0.00
2019-11-04T18:00,14.2,18,8.9,0.0,0.0,0.0,77,0.00
2019-11-04T19:00,12.6,10,7.9,0.0,0.0,0.0,88,0.00
2019-11-04T20:00,11.7,4,7.9,0.0,0.0,0.0,88,0.00
2019-11-04T21:00,11.0,8,7.2,0.0,0.0,0.0,86,0.00
2019-11-04T22:00,10.1,18,5.1,0.0,0.0,0.0,80,0.00
2019-11-04T23:00,9.1,17,4.0,0.0,0.0,0.0,84,0.00
2019-11-05T00:00,8.7,24,5.5,0.0,0.0,0.0,82,0.00
2019-11-05T01:00,7.8,24,5.1,0.0,0.0,0.0,86,0.00
2019-11-05T02:00,7.3,23,6.5,0.0,0.0,0.0,87,0.00
2019-11-05T03:00,7.1,25,5.4,0.0,0.0,0.0,85,0.00
2019-11-05T04:00,7.1,6,2.3,0.0,0.0,0.0,82,0.00
2019-11-05T05:00,6.4,38,7.2,0.0,0.0,0.0,89,0.00
2019-11-05T06:00,6.2,20,5.4,7.0,5.0,30.6,88,0.00
2019-11-05T07:00,8.1,22,4.3,128.0,28.0,633.8,92,0.00
2019-11-05T08:00,11.5,29,2.8,315.0,58.0,804.6,88,0.00
2019-11-05T09:00,13.3,27,5.6,455.0,94.0,793.2,84,0.00
2019-11-05T10:00,15.6,17,5.4,573.0,69.0,918.9,72,0.00
2019-11-05T11:00,17.4,16,5.3,624.0,74.0,927.1,65,0.00
2019-11-05T12:00,19.1,16,6.6,611.0,76.0,912.4,61,0.00
2019-11-05T13:00,20.3,17,8.3,535.0,64.0,891.7,58,0.00
2019-11-05T14:00,21.3,16,7.6,405.0,62.0,811.2,54,0.00
2019-11-05T15:00,20.8,16,6.9,229.0,50.0,645.4,57,0.00
2019-11-05T16:00,18.6,15,6.1,0.0,0.0,0.0,62,0.00
2019-11-05T17:00,16.3,0,1.9,0.0,0.0,0.0,70,0.00
2019-11-05T18:00,13.9,15,1.3,0.0,0.0,0.0,79,0.00
2019-11-05T19:00,13.0,17,4.3,0.0,0.0,0.0,78,0.00
2019-11-05T20:00,11.6,16,4.3,0.0,0.0,0.0,84,0.00
2019-11-05T21:00,10.6,16,3.8,0.0,0.0,0.0,87,0.00
2019-11-05T22:00,9.8,16,2.9,0.0,0.0,0.0,89,0.00
2019-11-05T23:00,9.1,16,4.0,0.0,0.0,0.0,88,0.00
2019-11-06T00:00,8.6,16,4.1,0.0,0.0,0.0,89,0.00
2019-11-06T01:00,7.8,18,6.1,0.0,0.0,0.0,91,0.00
2019-11-06T02:00,7.5,25,7.3,0.0,0.0,0.0,94,0.00
2019-11-06T03:00,7.4,49,7.6,0.0,0.0,0.0,91,0.00
2019-11-06T04:00,7.5,45,5.0,0.0,0.0,0.0,87,0.00
2019-11-06T05:00,7.1,61,6.7,0.0,0.0,0.0,89,0.00
2019-11-06T06:00,8.0,64,3.1,0.0,0.0,0.0,87,0.00
2019-11-06T07:00,10.3,71,4.7,62.0,62.0,0.0,90,0.00
2019-11-06T08:00,10.6,70,4.7,188.0,188.0,0.0,91,0.00
2019-11-06T09:00,11.4,62,6.0,333.0,244.0,197.3,93,0.00
2019-11-06T10:00,13.1,31,6.2,435.0,354.0,148.8,88,0.00
2019-11-06T11:00,14.7,16,6.8,569.0,240.0,558.6,83,0.00
2019-11-06T12:00,16.1,0,8.8,607.0,82.0,901.8,77,0.00
2019-11-06T13:00,17.7,16,10.9,533.0,82.0,860.5,70,0.00
2019-11-06T14:00,17.7,16,10.1,400.0,49.0,837.9,70,0.00
2019-11-06T15:00,16.8,16,10.5,208.0,74.0,489.6,73,0.00
2019-11-06T16:00,14.7,16,6.5,0.0,0.0,0.0,77,0.00
2019-11-06T17:00,12.7,16,6.5,0.0,0.0,0.0,86,0.00
2019-11-06T18:00,11.2,16,4.6,0.0,0.0,0.0,90,0.00
2019-11-06T19:00,10.3,16,4.2,0.0,0.0,0.0,89,0.00
2019-11-06T20:00,9.6,16,4.2,0.0,0.0,0.0,91,0.00
2019-11-06T21:00,9.0,16,4.9,0.0,0.0,0.0,91,0.00
2019-11-06T22:00,8.4,19,5.0,0.0,0.0,0.0,93,0.00
2019-11-06T23:00,8.3,19,5.8,0.0,0.0,0.0,91,0.00
2019-11-07T00:00,7.5,67,5.4,0.0,0.0,0.0,93,0.00
2019-11-07T01:00,8.6,69,5.1,0.0,0.0,0.0,93,0.00
2019-11-07T02:00,9.3,73,3.0,0.0,0.0,0.0,95,0.00
2019-11-07T03:00,9.7,73,3.7,0.0,0.0,0.0,95,0.00
2019-11-07T04:00,9.6,72,2.6,0.0,0.0,0.0,94,0.00
2019-11-07T05:00,9.6,88,3.9,0.0,0.0,0.0,97,0.00
2019-11-07T06:00,9.8,84,3.8,0.0,0.0,0.0,97,0.00
2019-11-07T07:00,9.9,94,3.3,61.0,61.0,0.0,97,0.00
2019-11-07T08:00,10.2,94,3.6,235.0,172.0,202.2,95,0.00
2019-11-07T09:00,10.7,78,3.4,350.0,249.0,226.0,95,0.00
2019-11-07T10:00,12.3,52,3.2,435.0,311.0,229.6,87,0.00
2019-11-07T11:00,13.6,37,4.5,509.0,345.0,280.4,89,0.00
2019-11-07T12:00,14.9,24,5.0,598.0,106.0,851.2,83,0.00
2019-11-07T13:00,16.2,16,6.5,522.0,69.0,871.0,77,0.00
2019-11-07T14:00,17.8,16,7.2,389.0,56.0,802.2,70,0.00
2019-11-07T15:00,16.8,16,10.7,215.0,54.0,596.1,74,0.00
2019-11-07T16:00,13.9,16,11.6,0.0,0.0,0.0,85,0.00
2019-11-07T17:00,12.5,16,7.2,0.0,0.0,0.0,86,0.00
2019-11-07T18:00,11.5,16,7.2,0.0,0.0,0.0,88,0.00
2019-11-07T19:00,10.9,18,4.7,0.0,0.0,0.0,88,0.00
2019-11-07T20:00,10.7,18,3.3,0.0,0.0,0.0,88,0.00
2019-11-07T21:00,10.7,37,3.8,0.0,0.0,0.0,89,0.00
2019-11-07T22:00,10.1,67,4.3,0.0,0.0,0.0,90,0.00
2019-11-07T23:00,10.2,75,3.4,0.0,0.0,0.0,93,0.00
2019-11-08T00:00,10.6,72,3.0,0.0,0.0,0.0,92,0.00
2019-11-08T01:00,10.3,70,3.7,0.0,0.0,0.0,100,0.00
2019-11-08T02:00,10.6,68,2.6,0.0,0.0,0.0,92,0.00
2019-11-08T03:00,10.4,77,3.1,0.0,0.0,0.0,95,0.00
2019-11-08T04:00,10.7,69,3.1,0.0,0.0,0.0,96,0.00
2019-11-08T05:00,10.5,89,3.7,0.0,0.0,0.0,91,0.00
2019-11-08T06:00,10.3,88,2.9,0.0,0.0,0.0,94,0.00
2019-11-08T07:00,9.7,82,3.6,70.0,70.0,0.0,97,0.00
2019-11-08T08:00,10.4,69,2.2,193.0,192.0,3.2,95,0.00
2019-11-08T09:00,11.0,66,4.1,321.0,283.0,85.8,93,0.00
2019-11-08T10:00,13.1,43,5.3,396.0,288.0,201.5,86,0.00
2019-11-08T11:00,14.9,37,7.4,605.0,78.0,907.6,80,0.00
2019-11-08T12:00,16.5,16,8.2,603.0,68.0,932.2,75,0.00
2019-11-08T13:00,17.9,17,8.6,525.0,65.0,891.2,69,0.00
2019-11-08T14:00,18.0,16,9.4,389.0,62.0,795.0,72,0.00
2019-11-08T15:00,17.1,16,8.3,207.0,67.0,525.1,74,0.00
2019-11-08T16:00,14.9,16,7.9,0.0,0.0,0.0,81,0.00
2019-11-08T17:00,13.2,16,7.6,0.0,0.0,0.0,82,0.00
2019-11-08T18:00,11.5,16,5.9,0.0,0.0,0.0,87,0.00
2019-11-08T19:00,10.7,16,4.1,0.0,0.0,0.0,88,0.00
2019-11-08T20:00,10.0,16,5.2,0.0,0.0,0.0,89,0.00
2019-11-08T21:00,9.8,16,6.9,0.0,0.0,0.0,87,0.00
2019-11-08T22:00,9.2,16,4.5,0.0,0.0,0.0,88,0.00
2019-11-08T23:00,8.5,37,4.2,0.0,0.0,0.0,94,0.00
2019-11-09T00:00,8.3,52,4.6,0.0,0.0,0.0,94,0.00
2019-11-09T01:00,8.1,58,1.1,0.0,0.0,0.0,91,0.00
2019-11-09T02:00,7.6,67,2.2,0.0,0.0,0.0,94,0.00
2019-11-09T03:00,9.1,76,1.3,0.0,0.0,0.0,93,0.00
2019-11-09T04:00,9.5,73,1.3,0.0,0.0,0.0,94,0.00
2019-11-09T05:00,9.4,91,1.1,0.0,0.0,0.0,97,0.00
2019-11-09T06:00,10.0,94,5.6,0.0,0.0,0.0,93,0.00
2019-11-09T07:00,9.5,100,4.7,55.0,55.0,0.0,96,0.00
2019-11-09T08:00,10.0,94,5.3,181.0,180.0,3.3,98,0.00
2019-11-09T09:00,10.2,78,6.9,340.0,304.0,82.0,97,0.00
2019-11-09T10:00,12.5,58,6.3,445.0,266.0,336.5,86,0.00
2019-11-09T11:00,14.7,32,5.8,507.0,306.0,348.6,84,0.00
2019-11-09T12:00,14.6,21,7.8,601.0,113.0,856.3,87,0.00
2019-11-09T13:00,16.3,21,9.1,517.0,92.0,829.6,77,0.00
2019-11-09T14:00,17.1,0,6.6,395.0,54.0,836.4,71,0.00
2019-11-09T15:00,17.6,16,7.2,209.0,62.0,558.4,71,0.00
2019-11-09T16:00,15.3,15,7.6,0.0,0.0,0.0,75,0.00
2019-11-09T17:00,12.6,16,6.6,0.0,0.0,0.0,84,0.00
2019-11-09T18:00,10.8,16,3.2,0.0,0.0,0.0,88,0.00
2019-11-09T19:00,9.6,17,4.5,0.0,0.0,0.0,92,0.00
2019-11-09T20:00,8.8,16,4.4,0.0,0.0,0.0,91,0.00
2019-11-09T21:00,8.2,16,5.8,0.0,0.0,0.0,92,0.00
2019-11-09T22:00,8.1,25,7.3,0.0,0.0,0.0,92,0.00
2019-11-09T23:00,7.5,26,6.4,0.0,0.0,0.0,91,0.00
2019-11-10T00:00,7.4,46,7.1,0.0,0.0,0.0,88,0.00
2019-11-10T01:00,7.2,54,5.5,0.0,0.0,0.0,91,0.00
2019-11-10T02:00,7.3,62,7.4,0.0,0.0,0.0,91,0.00
2019-11-10T03:00,8.7,62,6.0,0.0,0.0,0.0,94,0.00
2019-11-10T04:00,9.3,61,4.1,0.0,0.0,0.0,94,0.00
2019-11-10T05:00,9.3,80,4.5,0.0,0.0,0.0,98,0.00
2019-11-10T06:00,9.2,80,5.9,0.0,0.0,0.0,97,0.00
2019-11-10T07:00,9.6,92,1.9,63.0,63.0,0.0,97,0.00
2019-11-10T08:00,9.7,87,5.4,152.0,152.0,0.0,100,0.00
2019-11-10T09:00,10.2,70,6.3,272.0,249.0,52.9,100,0.00
2019-11-10T10:00,12.0,45,2.7,464.0,316.0,280.4,96,0.00
2019-11-10T11:00,14.8,30,2.4,551.0,170.0,665.5,87,0.00
2019-11-10T12:00,16.6,18,2.1,580.0,67.0,906.5,75,0.00
2019-11-10T13:00,18.5,17,4.7,511.0,48.0,910.5,64,0.00
2019-11-10T14:00,19.3,18,3.3,378.0,54.0,801.7,63,0.00
2019-11-10T15:00,19.3,18,5.9,203.0,59.0,553.9,66,0.00
2019-11-10T16:00,16.5,19,8.0,0.0,0.0,0.0,73,0.00
2019-11-10T17:00,13.9,22,7.9,0.0,0.0,0.0,85,0.00
2019-11-10T18:00,12.1,19,0.4,0.0,0.0,0.0,84,0.00
2019-11-10T19:00,11.5,19,3.6,0.0,0.0,0.0,80,0.00
2019-11-10T20:00,10.9,17,5.5,0.0,0.0,0.0,81,0.00
2019-11-10T21:00,10.3,17,8.3,0.0,0.0,0.0,84,0.00
2019-11-10T22:00,9.6,17,6.8,0.0,0.0,0.0,87,0.00
2019-11-10T23:00,9.2,17,8.6,0.0,0.0,0.0,85,0.00
2019-11-11T00:00,8.4,23,8.0,0.0,0.0,0.0,87,0.00
2019-11-11T01:00,7.5,21,7.2,0.0,0.0,0.0,91,0.00
2019-11-11T02:00,6.9,20,6.8,0.0,0.0,0.0,90,0.00
2019-11-11T03:00,6.5,19,4.0,0.0,0.0,0.0,88,0.00
2019-11-11T04:00,6.6,19,2.2,0.0,0.0,0.0,83,0.00
2019-11-11T05:00,6.2,6,4.4,0.0,0.0,0.0,85,0.00
2019-11-11T06:00,7.0,25,6.1,0.0,0.0,0.0,80,0.00
2019-11-11T07:00,9.7,18,1.1,104.0,28.0,519.9,90,0.00
2019-11-11T08:00,13.4,8,0.8,274.0,67.0,698.6,86,0.00
2019-11-11T09:00,15.8,7,2.0,431.0,78.0,819.1,76,0.00
2019-11-11T10:00,20.5,1,1.3,537.0,93.0,847.6,64,0.00
2019-11-11T11:00,20.2,3,3.6,582.0,89.0,867.1,56,0.00
2019-11-11T12:00,21.4,0,4.2,562.0,150.0,733.0,49,0.00
2019-11-11T13:00,22.8,0,4.0,485.0,131.0,701.3,43,0.00
2019-11-11T14:00,23.8,0,5.2,368.0,156.0,529.1,39,0.00
2019-11-11T15:00,24.0,0,3.6,161.0,101.0,233.7,40,0.00
2019-11-11T16:00,21.7,0,4.1,0.0,0.0,0.0,43,0.00
2019-11-11T17:00,19.1,16,2.5,0.0,0.0,0.0,46,0.00
2019-11-11T18:00,17.5,15,1.1,0.0,0.0,0.0,55,0.00
2019-11-11T19:00,16.6,0,1.1,0.0,0.0,0.0,65,0.00
2019-11-11T20:00,15.4,7,2.4,0.0,0.0,0.0,71,0.00
2019-11-11T21:00,14.7,21,6.1,0.0,0.0,0.0,65,0.00
2019-11-11T22:00,13.6,16,7.9,0.0,0.0,0.0,69,0.00
2019-11-11T23:00,12.6,22,7.6,0.0,0.0,0.0,76,0.00
2019-11-12T00:00,11.6,25,7.9,0.0,0.0,0.0,81,0.00
2019-11-12T01:00,10.6,18,7.2,0.0,0.0,0.0,83,0.00
2019-11-12T02:00,10.1,28,7.6,0.0,0.0,0.0,80,0.00
2019-11-12T03:00,9.4,18,7.9,0.0,0.0,0.0,82,0.00
2019-11-12T04:00,9.6,19,9.7,0.0,0.0,0.0,80,0.00
2019-11-12T05:00,9.0,19,12.0,0.0,0.0,0.0,80,0.00
2019-11-12T06:00,8.4,17,8.9,0.0,0.0,0.0,83,0.00
2019-11-12T07:00,10.4,17,7.6,100.0,46.0,374.2,87,0.00
2019-11-12T08:00,13.5,16,3.7,264.0,118.0,499.1,80,0.00
2019-11-12T09:00,15.5,17,5.2,408.0,211.0,461.2,73,0.00
2019-11-12T10:00,17.2,1,6.4,474.0,294.0,346.2,65,0.00
2019-11-12T11:00,18.7,17,8.2,563.0,188.0,664.1,63,0.00
2019-11-12T12:00,20.9,16,8.6,549.0,205.0,616.2,58,0.00
2019-11-12T13:00,22.0,0,8.5,489.0,173.0,630.5,56,0.00
2019-11-12T14:00,22.1,0,8.2,331.0,227.0,261.7,55,0.00
2019-11-12T15:00,21.7,17,8.0,182.0,126.0,220.7,52,0.00
2019-11-12T16:00,19.7,19,6.3,0.0,0.0,0.0,54,0.00
2019-11-12T17:00,17.6,22,4.2,0.0,0.0,0.0,65,0.00
2019-11-12T18:00,16.2,19,9.7,0.0,0.0,0.0,69,0.00
2019-11-12T19:00,14.8,18,8.4,0.0,0.0,0.0,73,0.00
2019-11-12T20:00,13.5,23,8.2,0.0,0.0,0.0,76,0.00
2019-11-12T21:00,12.1,20,6.2,0.0,0.0,0.0,82,0.00
2019-11-12T22:00,11.5,17,6.9,0.0,0.0,0.0,80,0.00
2019-11-12T23:00,10.4,17,6.6,0.0,0.0,0.0,82,0.00
2019-11-13T00:00,9.7,38,7.6,0.0,0.0,0.0,81,0.00
2019-11-13T01:00,9.2,17,7.6,0.0,0.0,0.0,83,0.00
2019-11-13T02:00,8.9,17,10.8,0.0,0.0,0.0,85,0.00
2019-11-13T03:00,8.4,42,9.6,0.0,0.0,0.0,85,0.00
2019-11-13T04:00,7.9,73,7.6,0.0,0.0,0.0,86,0.00
2019-11-13T05:00,7.5,17,9.4,0.0,0.0,0.0,88,0.00
2019-11-13T06:00,7.4,16,8.7,0.0,0.0,0.0,86,0.00
2019-11-13T07:00,9.3,16,4.9,89.0,63.0,182.5,88,0.00
2019-11-13T08:00,11.6,19,3.6,246.0,157.0,308.1,89,0.00
2019-11-13T09:00,13.6,22,5.7,395.0,221.0,411.1,81,0.00
2019-11-13T10:00,15.2,16,6.7,482.0,281.0,389.5,77,0.00
2019-11-13T11:00,16.2,16,8.4,557.0,205.0,627.6,76,0.00
2019-11-13T12:00,16.3,49,8.7,530.0,255.0,495.8,79,0.00
2019-11-13T13:00,17.4,16,8.7,464.0,231.0,468.1,75,0.00
2019-11-13T14:00,17.0,48,9.5,352.0,129.0,565.8,77,0.00
2019-11-13T15:00,15.6,16,11.5,161.0,130.0,123.6,84,0.00
2019-11-13T16:00,13.8,63,9.8,0.0,0.0,0.0,90,0.00
2019-11-13T17:00,12.5,15,8.3,0.0,0.0,0.0,93,0.00
2019-11-13T18:00,11.9,16,5.5,0.0,0.0,0.0,95,0.00
2019-11-13T19:00,11.5,73,2.2,0.0,0.0,0.0,92,0.00
2019-11-13T20:00,11.0,41,3.9,0.0,0.0,0.0,92,0.00
2019-11-13T21:00,11.3,34,5.1,0.0,0.0,0.0,92,0.00
2019-11-13T22:00,12.1,57,5.2,0.0,0.0,0.0,89,0.00
2019-11-13T23:00,11.4,27,8.0,0.0,0.0,0.0,89,0.00
2019-11-14T00:00,11.1,29,6.8,0.0,0.0,0.0,91,0.00
2019-11-14T01:00,11.4,63,3.6,0.0,0.0,0.0,90,0.00
2019-11-14T02:00,12.3,16,5.2,0.0,0.0,0.0,87,0.00
2019-11-14T03:00,11.4,16,5.4,0.0,0.0,0.0,88,0.00
2019-11-14T04:00,10.5,66,7.9,0.0,0.0,0.0,89,0.00
2019-11-14T05:00,10.4,20,13.3,0.0,0.0,0.0,93,0.00
2019-11-14T06:00,10.7,32,13.4,0.0,0.0,0.0,92,0.00
2019-11-14T07:00,11.5,59,7.6,46.0,46.0,0.0,89,0.00
2019-11-14T08:00,13.6,63,8.1,163.0,154.0,31.6,84,0.00
2019-11-14T09:00,15.3,60,3.1,179.0,179.0,0.0,74,0.00
2019-11-14T10:00,16.4,54,6.9,170.0,170.0,0.0,70,0.00
2019-11-14T11:00,17.1,61,10.6,272.0,272.0,0.0,66,0.00
2019-11-14T12:00,17.6,65,11.9,437.0,332.0,190.6,64,0.00
2019-11-14T13:00,16.9,65,13.6,354.0,229.0,252.9,68,0.00
2019-11-14T14:00,16.3,75,10.6,193.0,193.0,0.0,71,0.00
2019-11-14T15:00,16.0,52,8.7,102.0,102.0,0.0,72,0.00
2019-11-14T16:00,15.1,66,6.0,0.0,0.0,0.0,71,0.00
2019-11-14T17:00,14.9,67,2.5,0.0,0.0,0.0,76,0.00
2019-11-14T18:00,14.9,90,3.7,0.0,0.0,0.0,79,0.00
2019-11-14T19:00,14.4,84,5.0,0.0,0.0,0.0,84,0.00
2019-11-14T20:00,13.9,54,4.0,0.0,0.0,0.0,86,0.00
2019-11-14T21:00,14.0,64,1.3,0.0,0.0,0.0,83,0.00
2019-11-14T22:00,13.9,58,2.5,0.0,0.0,0.0,83,0.00
2019-11-14T23:00,13.5,63,1.5,0.0,0.0,0.0,84,0.00
2019-11-15T00:00,13.2,83,4.3,0.0,0.0,0.0,84,0.00
2019-11-15T01:00,13.2,66,3.7,0.0,0.0,0.0,83,0.00
2019-11-15T02:00,13.1,73,2.5,0.0,0.0,0.0,82,0.00
2019-11-15T03:00,13.1,52,1.8,0.0,0.0,0.0,80,0.00
2019-11-15T04:00,12.7,63,1.5,0.0,0.0,0.0,82,0.00
2019-11-15T05:00,12.5,6,5.2,0.0,0.0,0.0,84,0.00
2019-11-15T06:00,11.9,4,4.5,0.0,0.0,0.0,82,0.00
2019-11-15T07:00,13.2,42,3.0,64.0,42.0,158.5,83,0.00
2019-11-15T08:00,14.2,29,1.1,184.0,129.0,195.3,80,0.00
2019-11-15T09:00,15.0,24,4.4,246.0,188.0,139.5,77,0.00
2019-11-15T10:00,15.6,26,6.6,379.0,222.0,308.7,75,0.00
2019-11-15T11:00,16.2,28,5.4,408.0,333.0,135.5,72,0.00
2019-11-15T12:00,17.8,18,9.4,324.0,321.0,5.5,69,0.00
2019-11-15T13:00,18.4,7,11.1,353.0,201.0,309.5,68,0.00
2019-11-15T14:00,18.7,10,12.6,363.0,66.0,765.5,67,0.00
2019-11-15T15:00,17.8,2,14.2,185.0,49.0,554.5,72,0.00
2019-11-15T16:00,16.2,3,10.0,0.0,0.0,0.0,77,0.00
2019-11-15T17:00,14.7,4,8.2,0.0,0.0,0.0,86,0.00
2019-11-15T18:00,13.5,27,5.5,0.0,0.0,0.0,93,0.00
2019-11-15T19:00,13.0,31,5.4,0.0,0.0,0.0,94,0.00
2019-11-15T20:00,12.7,40,2.2,0.0,0.0,0.0,93,0.00
2019-11-15T21:00,12.5,50,3.9,0.0,0.0,0.0,93,0.00
2019-11-15T22:00,12.3,33,1.0,0.0,0.0,0.0,93,0.00
2019-11-15T23:00,11.8,60,2.2,0.0,0.0,0.0,97,0.00
2019-11-16T00:00,11.7,64,2.2,0.0,0.0,0.0,98,0.00
2019-11-16T01:00,11.8,70,4.0,0.0,0.0,0.0,98,0.00
2019-11-16T02:00,11.7,75,3.4,0.0,0.0,0.0,100,0.00
2019-11-16T03:00,11.8,82,4.0,0.0,0.0,0.0,98,0.00
2019-11-16T04:00,11.8,83,4.8,0.0,0.0,0.0,97,0.00
2019-11-16T05:00,11.6,74,4.0,0.0,0.0,0.0,97,0.00
2019-11-16T06:00,11.3,72,2.5,0.0,0.0,0.0,97,0.00
2019-11-16T07:00,11.4,71,1.8,76.0,51.0,182.5,98,0.00
2019-11-16T08:00,12.5,88,1.1,218.0,144.0,266.2,95,0.00
2019-11-16T09:00,13.6,62,2.3,294.0,266.0,67.9,92,0.00
2019-11-16T10:00,15.1,55,2.6,373.0,263.0,217.9,87,0.00
2019-11-16T11:00,16.3,46,1.8,475.0,249.0,411.0,83,0.00
2019-11-16T12:00,17.8,29,2.7,470.0,318.0,279.4,73,0.00
2019-11-16T13:00,19.1,17,2.6,487.0,61.0,873.2,65,0.00
2019-11-16T14:00,20.1,16,4.3,359.0,65.0,763.6,61,0.00
2019-11-16T15:00,18.9,17,3.6,186.0,63.0,506.9,69,0.00
2019-11-16T16:00,17.3,16,3.7,0.0,0.0,0.0,75,0.00
2019-11-16T17:00,15.2,18,2.8,0.0,0.0,0.0,84,0.00
2019-11-16T18:00,13.7,6,3.8,0.0,0.0,0.0,87,0.00
2019-11-16T19:00,12.5,16,3.6,0.0,0.0,0.0,90,0.00
2019-11-16T20:00,11.9,16,5.1,0.0,0.0,0.0,87,0.00
2019-11-16T21:00,11.2,17,3.6,0.0,0.0,0.0,85,0.00
2019-11-16T22:00,10.5,17,3.7,0.0,0.0,0.0,87,0.00
2019-11-16T23:00,9.7,17,0.8,0.0,0.0,0.0,90,0.00
2019-11-17T00:00,9.1,17,2.3,0.0,0.0,0.0,89,0.00
2019-11-17T01:00,8.6,17,3.1,0.0,0.0,0.0,89,0.00
2019-11-17T02:00,8.3,0,2.9,0.0,0.0,0.0,89,0.00
2019-11-17T03:00,8.2,1,5.4,0.0,0.0,0.0,89,0.00
2019-11-17T04:00,8.2,0,6.6,0.0,0.0,0.0,88,0.00
2019-11-17T05:00,8.0,1,6.5,0.0,0.0,0.0,88,0.00
2019-11-17T06:00,8.3,0,9.0,0.0,0.0,0.0,87,0.00
2019-11-17T07:00,10.8,0,5.4,86.0,21.0,481.0,93,0.00
2019-11-17T08:00,14.2,0,8.0,250.0,65.0,674.3,85,0.00
2019-11-17T09:00,15.2,0,6.0,408.0,57.0,859.4,78,0.00
2019-11-17T10:00,17.2,0,3.4,497.0,98.0,796.1,68,0.00
2019-11-17T11:00,18.9,0,4.7,564.0,60.0,922.6,60,0.00
2019-11-17T12:00,19.9,0,5.1,558.0,65.0,911.8,55,0.00
2019-11-17T13:00,21.0,0,6.2,484.0,50.0,895.4,50,0.00
2019-11-17T14:00,21.9,0,6.5,357.0,57.0,784.9,46,0.00
2019-11-17T15:00,22.4,0,5.9,188.0,48.0,583.0,44,0.00
2019-11-17T16:00,20.1,0,5.9,0.0,0.0,0.0,48,0.00
2019-11-17T17:00,18.0,0,5.8,0.0,0.0,0.0,53,0.00
2019-11-17T18:00,16.4,0,2.1,0.0,0.0,0.0,59,0.00
2019-11-17T19:00,15.2,0,3.0,0.0,0.0,0.0,63,0.00
2019-11-17T20:00,14.1,0,2.2,0.0,0.0,0.0,63,0.00
2019-11-17T21:00,13.2,0,5.0,0.0,0.0,0.0,66,0.00
2019-11-17T22:00,12.3,0,4.8,0.0,0.0,0.0,66,0.00
2019-11-17T23:00,11.4,0,5.4,0.0,0.0,0.0,70,0.00
2019-11-18T00:00,10.6,0,3.2,0.0,0.0,0.0,71,0.00
2019-11-18T01:00,9.9,0,3.6,0.0,0.0,0.0,74,0.00
2019-11-18T02:00,9.2,0,3.9,0.0,0.0,0.0,79,0.00
2019-11-18T03:00,8.7,0,1.0,0.0,0.0,0.0,78,0.00
2019-11-18T04:00,8.6,0,3.8,0.0,0.0,0.0,74,0.00
2019-11-18T05:00,8.2,0,6.1,0.0,0.0,0.0,77,0.00
2019-11-18T06:00,7.5,0,7.6,0.0,0.0,0.0,82,0.00
2019-11-18T07:00,9.6,0,4.7,86.0,20.0,495.0,83,0.00
2019-11-18T08:00,12.8,0,1.5,258.0,40.0,805.2,81,0.00
2019-11-18T09:00,15.7,0,1.5,409.0,50.0,886.9,69,0.00
2019-11-18T10:00,17.7,0,4.5,517.0,53.0,932.5,61,0.00
2019-11-18T11:00,19.1,0,7.0,568.0,61.0,934.1,58,0.00
2019-11-18T12:00,20.0,1,7.8,557.0,62.0,921.2,58,0.00
2019-11-18T13:00,22.0,0,7.3,483.0,62.0,874.1,48,0.00
2019-11-18T14:00,22.3,0,5.5,356.0,58.0,785.4,47,0.00
2019-11-18T15:00,22.7,0,3.5,186.0,50.0,572.2,46,0.00
2019-11-18T16:00,19.6,0,4.4,0.0,0.0,0.0,54,0.00
2019-11-18T17:00,17.4,0,6.2,0.0,0.0,0.0,63,0.00
2019-11-18T18:00,15.8,2,5.2,0.0,0.0,0.0,70,0.00
2019-11-18T19:00,14.1,26,4.0,0.0,0.0,0.0,76,0.00
2019-11-18T20:00,13.6,16,6.2,0.0,0.0,0.0,80,0.00
2019-11-18T21:00,12.7,22,5.7,0.0,0.0,0.0,85,0.00
2019-11-18T22:00,11.9,17,2.2,0.0,0.0,0.0,86,0.00
2019-11-18T23:00,11.2,18,2.5,0.0,0.0,0.0,89,0.00
2019-11-19T00:00,10.8,22,5.0,0.0,0.0,0.0,92,0.00
2019-11-19T01:00,11.9,26,4.3,0.0,0.0,0.0,88,0.00
2019-11-19T02:00,12.0,10,5.8,0.0,0.0,0.0,90,0.00
2019-11-19T03:00,11.2,24,2.8,0.0,0.0,0.0,90,0.00
2019-11-19T04:00,11.1,9,3.3,0.0,0.0,0.0,87,0.00
2019-11-19T05:00,11.0,8,6.0,0.0,0.0,0.0,87,0.00
2019-11-19T06:00,11.1,14,8.0,0.0,0.0,0.0,89,0.00
2019-11-19T07:00,12.6,3,6.2,68.0,49.0,144.5,88,0.00
2019-11-19T08:00,14.9,9,11.4,245.0,57.0,703.7,77,0.00
2019-11-19T09:00,16.2,8,14.9,395.0,60.0,835.1,70,0.00
2019-11-19T10:00,17.2,9,14.6,493.0,109.0,777.4,59,0.00
2019-11-19T11:00,17.6,9,17.1,546.0,120.0,789.9,56,0.00
2019-11-19T12:00,17.3,23,20.8,529.0,133.0,741.5,59,0.00
2019-11-19T13:00,17.2,32,19.9,476.0,66.0,856.6,61,0.00
2019-11-19T14:00,16.4,17,19.0,296.0,97.0,528.2,67,0.00
2019-11-19T15:00,15.1,19,18.2,185.0,48.0,582.1,72,0.00
2019-11-19T16:00,13.4,30,17.3,0.0,0.0,0.0,76,0.00
2019-11-19T17:00,13.1,27,15.0,0.0,0.0,0.0,80,0.00
2019-11-19T18:00,13.4,29,9.9,0.0,0.0,0.0,80,0.00
2019-11-19T19:00,13.2,32,8.7,0.0,0.0,0.0,78,0.00
2019-11-19T20:00,12.9,38,6.7,0.0,0.0,0.0,78,0.00
2019-11-19T21:00,12.7,41,6.4,0.0,0.0,0.0,79,0.00
2019-11-19T22:00,12.0,8,2.3,0.0,0.0,0.0,81,0.00
2019-11-19T23:00,11.4,15,5.3,0.0,0.0,0.0,84,0.00
2019-11-20T00:00,10.4,2,6.1,0.0,0.0,0.0,89,0.00
2019-11-20T01:00,10.1,8,8.3,0.0,0.0,0.0,84,0.00
2019-11-20T02:00,9.8,8,8.8,0.0,0.0,0.0,79,0.00
2019-11-20T03:00,9.5,5,7.2,0.0,0.0,0.0,77,0.00
2019-11-20T04:00,9.1,7,7.3,0.0,0.0,0.0,74,0.00
2019-11-20T05:00,8.6,12,6.8,0.0,0.0,0.0,71,0.00
2019-11-20T06:00,8.7,5,7.9,0.0,0.0,0.0,66,0.00
2019-11-20T07:00,10.8,3,4.5,69.0,48.0,161.9,68,0.00
2019-11-20T08:00,14.2,3,6.2,248.0,41.0,785.3,56,0.00
2019-11-20T09:00,15.4,0,6.4,398.0,50.0,875.4,46,0.00
2019-11-20T10:00,16.7,2,5.8,506.0,56.0,917.6,41,0.00
2019-11-20T11:00,18.6,3,10.6,556.0,60.0,925.6,36,0.00
2019-11-20T12:00,19.3,0,11.3,543.0,74.0,883.4,34,0.00
2019-11-20T13:00,19.9,0,12.4,452.0,104.0,731.5,34,0.00
2019-11-20T14:00,19.8,0,10.2,348.0,59.0,772.4,34,0.00
2019-11-20T15:00,18.3,0,14.2,177.0,56.0,519.1,40,0.00
2019-11-20T16:00,16.2,1,6.9,0.0,0.0,0.0,44,0.00
2019-11-20T17:00,15.3,1,8.6,0.0,0.0,0.0,46,0.00
2019-11-20T18:00,14.2,1,6.4,0.0,0.0,0.0,50,0.00
2019-11-20T19:00,13.8,1,4.0,0.0,0.0,0.0,47,0.00
2019-11-20T20:00,13.8,2,7.9,0.0,0.0,0.0,38,0.00
2019-11-20T21:00,12.7,3,7.8,0.0,0.0,0.0,36,0.00
2019-11-20T22:00,10.7,4,7.0,0.0,0.0,0.0,45,0.00
2019-11-20T23:00,9.8,6,4.2,0.0,0.0,0.0,51,0.00
2019-11-21T00:00,9.1,4,1.8,0.0,0.0,0.0,53,0.00
2019-11-21T01:00,8.6,4,5.4,0.0,0.0,0.0,60,0.00
2019-11-21T02:00,7.8,4,2.9,0.0,0.0,0.0,64,0.00
2019-11-21T03:00,7.1,4,2.6,0.0,0.0,0.0,65,0.00
2019-11-21T04:00,7.1,4,8.8,0.0,0.0,0.0,66,0.00
2019-11-21T05:00,6.9,4,10.2,0.0,0.0,0.0,74,0.00
2019-11-21T06:00,6.9,6,5.8,0.0,0.0,0.0,73,0.00
2019-11-21T07:00,8.7,0,3.3,75.0,19.0,437.8,75,0.00
2019-11-21T08:00,11.0,1,4.0,243.0,39.0,784.4,73,0.00
2019-11-21T09:00,13.3,0,3.6,390.0,55.0,850.3,63,0.00
2019-11-21T10:00,14.2,10,4.2,496.0,60.0,895.4,59,0.00
2019-11-21T11:00,15.4,13,4.1,519.0,104.0,779.3,56,0.00
2019-11-21T12:00,16.1,10,4.8,483.0,201.0,534.3,55,0.00
2019-11-21T13:00,16.4,0,6.9,392.0,171.0,467.4,55,0.00
2019-11-21T14:00,17.0,0,8.4,324.0,71.0,680.8,55,0.00
2019-11-21T15:00,16.3,0,8.6,175.0,49.0,545.5,57,0.00
2019-11-21T16:00,14.8,1,6.5,0.0,0.0,0.0,58,0.00
2019-11-21T17:00,13.4,1,5.8,0.0,0.0,0.0,66,0.00
2019-11-21T18:00,12.0,2,4.0,0.0,0.0,0.0,73,0.00
2019-11-21T19:00,11.3,2,2.9,0.0,0.0,0.0,78,0.00
2019-11-21T20:00,10.6,3,4.2,0.0,0.0,0.0,80,0.00
2019-11-21T21:00,10.1,3,6.6,0.0,0.0,0.0,82,0.00
2019-11-21T22:00,9.4,3,6.3,0.0,0.0,0.0,86,0.00
2019-11-21T23:00,8.5,7,4.5,0.0,0.0,0.0,89,0.00
2019-11-22T00:00,7.9,12,1.6,0.0,0.0,0.0,87,0.00
2019-11-22T01:00,7.4,26,6.2,0.0,0.0,0.0,91,0.00
2019-11-22T02:00,7.8,24,7.2,0.0,0.0,0.0,92,0.00
2019-11-22T03:00,7.9,27,5.8,0.0,0.0,0.0,92,0.00
2019-11-22T04:00,7.8,28,3.2,0.0,0.0,0.0,94,0.00
2019-11-22T05:00,7.9,30,6.2,0.0,0.0,0.0,94,0.00
2019-11-22T06:00,8.3,3,5.5,0.0,0.0,0.0,91,0.00
2019-11-22T07:00,8.7,0,2.4,67.0,25.0,333.0,93,0.00
2019-11-22T08:00,11.1,0,3.1,202.0,93.0,424.9,88,0.00
2019-11-22T09:00,12.7,0,4.4,394.0,72.0,824.7,82,0.00
2019-11-22T10:00,13.7,2,5.9,487.0,78.0,846.0,74,0.00
2019-11-22T11:00,14.8,0,8.0,538.0,88.0,850.3,71,0.00
2019-11-22T12:00,16.0,0,10.7,530.0,73.0,871.0,70,0.00
2019-11-22T13:00,17.1,0,10.1,459.0,66.0,835.9,66,0.00
2019-11-22T14:00,17.6,0,10.8,337.0,56.0,761.0,62,0.00
2019-11-22T15:00,16.9,0,9.1,172.0,50.0,533.0,62,0.00
2019-11-22T16:00,15.4,0,6.3,0.0,0.0,0.0,63,0.00
2019-11-22T17:00,13.7,1,5.2,0.0,0.0,0.0,72,0.00
2019-11-22T18:00,12.4,0,6.1,0.0,0.0,0.0,81,0.00
2019-11-22T19:00,11.3,1,5.2,0.0,0.0,0.0,82,0.00
2019-11-22T20:00,10.8,1,2.2,0.0,0.0,0.0,82,0.00
2019-11-22T21:00,10.0,1,1.8,0.0,0.0,0.0,84,0.00
2019-11-22T22:00,9.4,1,3.1,0.0,0.0,0.0,86,0.00
2019-11-22T23:00,8.6,1,3.6,0.0,0.0,0.0,89,0.00
2019-11-23T00:00,7.9,0,2.9,0.0,0.0,0.0,90,0.00
2019-11-23T01:00,7.4,1,4.0,0.0,0.0,0.0,86,0.00
2019-11-23T02:00,7.0,2,1.1,0.0,0.0,0.0,85,0.00
2019-11-23T03:00,6.5,1,1.6,0.0,0.0,0.0,86,0.00
2019-11-23T04:00,6.1,2,2.0,0.0,0.0,0.0,85,0.00
2019-11-23T05:00,5.9,2,4.0,0.0,0.0,0.0,87,0.00
2019-11-23T06:00,5.5,1,5.4,0.0,0.0,0.0,87,0.00
2019-11-23T07:00,7.2,0,2.2,69.0,17.0,418.1,91,0.00
2019-11-23T08:00,10.5,0,3.3,237.0,38.0,786.3,84,0.00
2019-11-23T09:00,12.7,0,2.1,387.0,49.0,873.4,75,0.00
2019-11-23T10:00,14.2,0,1.5,494.0,55.0,914.5,67,0.00
2019-11-23T11:00,16.1,0,2.5,547.0,59.0,927.7,60,0.00
2019-11-23T12:00,17.1,1,3.2,537.0,61.0,912.3,54,0.00
2019-11-23T13:00,18.3,0,5.7,467.0,60.0,870.7,49,0.00
2019-11-23T14:00,18.7,0,7.2,344.0,57.0,782.2,47,0.00
2019-11-23T15:00,18.6,0,6.2,176.0,49.0,559.6,46,0.00
2019-11-23T16:00,16.4,0,3.2,0.0,0.0,0.0,47,0.00
2019-11-23T17:00,14.3,0,6.1,0.0,0.0,0.0,54,0.00
2019-11-23T18:00,12.7,0,2.2,0.0,0.0,0.0,63,0.00
2019-11-23T19:00,11.3,0,2.6,0.0,0.0,0.0,71,0.00
2019-11-23T20:00,10.8,1,5.4,0.0,0.0,0.0,68,0.00
2019-11-23T21:00,9.8,0,5.0,0.0,0.0,0.0,70,0.00
2019-11-23T22:00,9.2,0,3.3,0.0,0.0,0.0,68,0.00
2019-11-23T23:00,8.4,1,1.8,0.0,0.0,0.0,69,0.00
2019-11-24T00:00,7.5,1,5.1,0.0,0.0,0.0,75,0.00
2019-11-24T01:00,6.8,2,5.2,0.0,0.0,0.0,73,0.00
2019-11-24T02:00,6.4,3,6.2,0.0,0.0,0.0,78,0.00
2019-11-24T03:00,5.9,2,6.8,0.0,0.0,0.0,84,0.00
2019-11-24T04:00,5.6,2,4.3,0.0,0.0,0.0,81,0.00
2019-11-24T05:00,5.0,1,5.1,0.0,0.0,0.0,87,0.00
2019-11-24T06:00,4.8,2,5.1,0.0,0.0,0.0,83,0.00
2019-11-24T07:00,6.6,1,4.0,68.0,17.0,415.8,85,0.00
2019-11-24T08:00,11.0,0,0.7,240.0,37.0,813.1,82,0.00
2019-11-24T09:00,14.5,0,0.4,392.0,49.0,894.3,74,0.00
2019-11-24T10:00,17.0,0,0.4,499.0,56.0,929.2,61,0.00
2019-11-24T11:00,16.4,0,1.5,551.0,74.0,912.2,53,0.00
2019-11-24T12:00,17.9,2,5.9,543.0,62.0,927.1,49,0.00
2019-11-24T13:00,18.6,0,10.1,472.0,60.0,886.2,50,0.00
2019-11-24T14:00,19.2,0,9.1,347.0,57.0,795.2,46,0.00
2019-11-24T15:00,18.7,0,3.8,178.0,49.0,573.1,47,0.00
2019-11-24T16:00,16.1,0,4.9,0.0,0.0,0.0,53,0.00
2019-11-24T17:00,13.7,1,3.6,0.0,0.0,0.0,65,0.00
2019-11-24T18:00,11.8,0,1.1,0.0,0.0,0.0,78,0.00
2019-11-24T19:00,10.5,1,1.6,0.0,0.0,0.0,79,0.00
2019-11-24T20:00,9.4,2,2.9,0.0,0.0,0.0,83,0.00
2019-11-24T21:00,8.6,9,2.9,0.0,0.0,0.0,87,0.00
2019-11-24T22:00,8.2,6,6.2,0.0,0.0,0.0,86,0.00
2019-11-24T23:00,7.5,13,2.5,0.0,0.0,0.0,90,0.00
2019-11-25T00:00,6.9,13,5.8,0.0,0.0,0.0,89,0.00
2019-11-25T01:00,6.7,14,6.2,0.0,0.0,0.0,90,0.00
2019-11-25T02:00,6.3,12,1.8,0.0,0.0,0.0,89,0.00
2019-11-25T03:00,6.1,6,1.6,0.0,0.0,0.0,86,0.00
2019-11-25T04:00,6.1,9,4.4,0.0,0.0,0.0,83,0.00
2019-11-25T05:00,6.0,10,4.7,0.0,0.0,0.0,83,0.00
2019-11-25T06:00,6.0,3,5.8,0.0,0.0,0.0,85,0.00
2019-11-25T07:00,7.9,0,7.3,65.0,18.0,388.6,85,0.00
2019-11-25T08:00,11.2,0,7.7,232.0,62.0,690.2,78,0.00
2019-11-25T09:00,13.2,0,11.8,388.0,48.0,894.3,63,0.00
2019-11-25T10:00,15.0,0,12.1,499.0,57.0,933.5,51,0.00
2019-11-25T11:00,16.5,0,18.4,555.0,59.0,954.2,38,0.00
2019-11-25T12:00,16.9,0,18.5,548.0,60.0,945.6,34,0.00
2019-11-25T13:00,17.1,0,19.1,476.0,60.0,899.6,33,0.00
2019-11-25T14:00,16.1,0,18.1,332.0,96.0,650.9,40,0.00
2019-11-25T15:00,14.9,0,14.3,178.0,50.0,573.1,44,0.00
2019-11-25T16:00,12.5,0,13.3,0.0,0.0,0.0,53,0.00
2019-11-25T17:00,11.5,6,7.6,0.0,0.0,0.0,63,0.00
2019-11-25T18:00,10.8,6,11.7,0.0,0.0,0.0,69,0.00
2019-11-25T19:00,10.3,1,8.6,0.0,0.0,0.0,66,0.00
2019-11-25T20:00,9.8,1,10.1,0.0,0.0,0.0,63,0.00
2019-11-25T21:00,9.1,1,9.5,0.0,0.0,0.0,64,0.00
2019-11-25T22:00,8.8,1,10.4,0.0,0.0,0.0,61,0.00
2019-11-25T23:00,8.2,1,10.1,0.0,0.0,0.0,64,0.00
2019-11-26T00:00,7.7,3,11.4,0.0,0.0,0.0,68,0.00
2019-11-26T01:00,7.5,2,10.5,0.0,0.0,0.0,64,0.00
2019-11-26T02:00,7.1,3,8.9,0.0,0.0,0.0,63,0.00
2019-11-26T03:00,6.5,0,7.8,0.0,0.0,0.0,65,0.00
2019-11-26T04:00,5.9,1,6.1,0.0,0.0,0.0,67,0.00
2019-11-26T05:00,5.2,0,7.5,0.0,0.0,0.0,70,0.00
2019-11-26T06:00,4.8,8,8.2,0.0,0.0,0.0,71,0.00
2019-11-26T07:00,6.3,1,5.3,63.0,15.0,402.5,76,0.00
2019-11-26T08:00,8.9,4,2.6,231.0,39.0,790.2,71,0.00
2019-11-26T09:00,10.5,68,3.3,365.0,120.0,650.1,55,0.00
2019-11-26T10:00,11.2,65,4.9,458.0,257.0,427.4,51,0.00
2019-11-26T11:00,11.6,100,3.4,508.0,241.0,516.6,51,0.00
2019-11-26T12:00,11.9,100,3.2,322.0,322.0,0.0,52,0.00
2019-11-26T13:00,11.6,100,5.0,305.0,304.0,2.2,54,0.00
2019-11-26T14:00,10.4,60,5.6,169.0,169.0,0.0,60,0.00
2019-11-26T15:00,9.4,51,7.6,49.0,49.0,0.0,65,2.90
2019-11-26T16:00,8.6,62,22.5,0.0,0.0,0.0,73,0.00
2019-11-26T17:00,8.5,53,27.1,0.0,0.0,0.0,73,0.40
2019-11-26T18:00,8.6,91,18.9,0.0,0.0,0.0,82,0.40
2019-11-26T19:00,8.5,77,16.0,0.0,0.0,0.0,87,4.30
2019-11-26T20:00,10.3,65,20.2,0.0,0.0,0.0,78,4.70
2019-11-26T21:00,8.9,64,7.4,0.0,0.0,0.0,90,0.00
2019-11-26T22:00,8.7,53,5.0,0.0,0.0,0.0,91,0.40
2019-11-26T23:00,8.1,52,4.6,0.0,0.0,0.0,91,0.00
2019-11-27T00:00,8.0,10,3.1,0.0,0.0,0.0,87,0.00
2019-11-27T01:00,7.1,32,1.6,0.0,0.0,0.0,85,0.00
2019-11-27T02:00,7.4,46,5.6,0.0,0.0,0.0,90,6.80
2019-11-27T03:00,6.8,36,3.1,0.0,0.0,0.0,87,0.00
2019-11-27T04:00,6.6,59,4.2,0.0,0.0,0.0,88,0.00
2019-11-27T05:00,6.2,49,3.1,0.0,0.0,0.0,88,0.00
2019-11-27T06:00,6.1,56,8.4,0.0,0.0,0.0,87,0.00
2019-11-27T07:00,6.7,68,4.1,44.0,44.0,0.0,90,0.70
2019-11-27T08:00,7.1,40,5.6,161.0,161.0,0.0,88,4.30
2019-11-27T09:00,7.9,28,6.5,309.0,219.0,240.9,82,0.00
2019-11-27T10:00,8.8,40,5.5,379.0,305.0,158.4,77,0.00
2019-11-27T11:00,8.9,35,8.6,419.0,334.0,165.4,77,2.50
2019-11-27T12:00,8.4,48,8.7,384.0,379.0,9.8,80,0.40
2019-11-27T13:00,7.9,27,3.8,364.0,209.0,338.6,79,0.00
2019-11-27T14:00,8.6,26,4.4,295.0,134.0,448.9,75,0.00
2019-11-27T15:00,8.3,43,5.4,87.0,87.0,0.0,76,0.00
2019-11-27T16:00,7.3,54,4.2,0.0,0.0,0.0,84,0.00
2019-11-27T17:00,6.8,12,7.1,0.0,0.0,0.0,85,0.00
2019-11-27T18:00,5.9,29,7.9,0.0,0.0,0.0,87,0.00
2019-11-27T19:00,5.8,13,7.6,0.0,0.0,0.0,89,0.00
2019-11-27T20:00,5.5,27,6.1,0.0,0.0,0.0,90,0.00
2019-11-27T21:00,5.0,22,6.6,0.0,0.0,0.0,89,0.00
2019-11-27T22:00,5.0,18,5.2,0.0,0.0,0.0,89,0.00
2019-11-27T23:00,4.1,4,7.5,0.0,0.0,0.0,92,0.00
2019-11-28T00:00,3.5,10,3.8,0.0,0.0,0.0,93,0.00
2019-11-28T01:00,3.3,4,5.1,0.0,0.0,0.0,90,0.00
2019-11-28T02:00,3.1,8,3.6,0.0,0.0,0.0,92,0.00
2019-11-28T03:00,2.9,0,3.7,0.0,0.0,0.0,90,0.00
2019-11-28T04:00,2.4,0,5.2,0.0,0.0,0.0,89,0.00
2019-11-28T05:00,1.9,3,5.0,0.0,0.0,0.0,91,0.00
2019-11-28T06:00,1.5,6,2.2,0.0,0.0,0.0,91,0.00
2019-11-28T07:00,2.4,13,5.8,55.0,34.0,181.1,97,0.00
2019-11-28T08:00,5.1,28,2.5,205.0,75.0,549.6,92,0.00
2019-11-28T09:00,6.5,29,4.0,303.0,209.0,253.7,85,0.00
2019-11-28T10:00,7.5,23,5.7,368.0,316.0,112.0,80,0.00
2019-11-28T11:00,8.3,29,9.0,479.0,234.0,479.3,80,0.00
2019-11-28T12:00,8.5,48,10.5,194.0,194.0,0.0,79,0.00
2019-11-28T13:00,8.5,53,8.7,259.0,259.0,0.0,77,0.00
2019-11-28T14:00,8.8,47,7.7,196.0,196.0,0.0,73,0.00
2019-11-28T15:00,8.5,56,6.6,102.0,102.0,0.0,76,0.00
2019-11-28T16:00,8.0,31,3.8,0.0,0.0,0.0,81,0.00
2019-11-28T17:00,7.5,21,6.1,0.0,0.0,0.0,80,0.00
2019-11-28T18:00,6.1,17,8.0,0.0,0.0,0.0,84,0.00
2019-11-28T19:00,5.2,9,7.9,0.0,0.0,0.0,87,0.00
2019-11-28T20:00,5.5,11,6.5,0.0,0.0,0.0,85,0.00
2019-11-28T21:00,5.2,5,7.9,0.0,0.0,0.0,83,0.00
2019-11-28T22:00,4.4,6,6.3,0.0,0.0,0.0,84,0.00
2019-11-28T23:00,4.0,8,4.8,0.0,0.0,0.0,84,0.00
2019-11-29T00:00,3.8,7,6.3,0.0,0.0,0.0,86,0.00
2019-11-29T01:00,3.5,12,6.1,0.0,0.0,0.0,85,0.00
2019-11-29T02:00,3.9,7,3.4,0.0,0.0,0.0,87,0.00
2019-11-29T03:00,3.2,5,4.9,0.0,0.0,0.0,85,0.00
2019-11-29T04:00,2.9,3,5.1,0.0,0.0,0.0,81,0.00
2019-11-29T05:00,2.3,7,2.3,0.0,0.0,0.0,82,0.00
2019-11-29T06:00,2.1,8,4.0,0.0,0.0,0.0,81,0.00
2019-11-29T07:00,3.2,7,4.3,57.0,16.0,358.5,90,0.00
2019-11-29T08:00,6.2,3,4.7,224.0,55.0,724.1,87,0.00
2019-11-29T09:00,8.4,7,8.9,356.0,90.0,723.9,78,0.00
2019-11-29T10:00,9.8,15,6.9,416.0,232.0,398.9,68,0.00
2019-11-29T11:00,10.4,12,1.5,427.0,351.0,149.5,63,0.00
2019-11-29T12:00,11.0,10,9.5,410.0,383.0,53.4,61,0.00
2019-11-29T13:00,10.0,20,4.7,391.0,221.0,374.8,69,0.00
2019-11-29T14:00,10.0,16,2.4,291.0,115.0,495.5,70,0.00
2019-11-29T15:00,9.4,37,4.9,41.0,41.0,0.0,76,0.00
2019-11-29T16:00,7.9,24,4.2,0.0,0.0,0.0,88,0.00
2019-11-29T17:00,7.3,16,4.4,0.0,0.0,0.0,86,0.00
2019-11-29T18:00,7.7,27,6.0,0.0,0.0,0.0,87,0.00
2019-11-29T19:00,7.2,9,5.7,0.0,0.0,0.0,89,0.00
2019-11-29T20:00,6.3,3,6.4,0.0,0.0,0.0,88,0.00
2019-11-29T21:00,5.2,5,6.2,0.0,0.0,0.0,89,0.00
2019-11-29T22:00,4.7,4,7.6,0.0,0.0,0.0,88,0.00
2019-11-29T23:00,4.0,5,6.4,0.0,0.0,0.0,91,0.00
2019-11-30T00:00,3.5,5,6.6,0.0,0.0,0.0,91,0.00
2019-11-30T01:00,3.0,49,5.6,0.0,0.0,0.0,91,0.00
2019-11-30T02:00,3.1,74,5.9,0.0,0.0,0.0,90,0.00
2019-11-30T03:00,3.3,100,6.2,0.0,0.0,0.0,91,0.00
2019-11-30T04:00,3.9,100,8.5,0.0,0.0,0.0,89,0.00
2019-11-30T05:00,3.8,98,6.7,0.0,0.0,0.0,87,0.00
2019-11-30T06:00,4.6,100,8.5,0.0,0.0,0.0,85,0.00
2019-11-30T07:00,5.8,98,12.7,33.0,33.0,0.0,84,0.00
2019-11-30T08:00,7.2,100,12.5,128.0,128.0,0.0,83,0.00
2019-11-30T09:00,8.7,100,12.8,181.0,181.0,0.0,76,0.00
2019-11-30T10:00,9.5,100,16.1,310.0,309.0,2.2,76,0.00
2019-11-30T11:00,8.8,100,16.9,115.0,115.0,0.0,85,0.70
2019-11-30T12:00,8.4,100,17.4,66.0,66.0,0.0,90,3.20
2019-11-30T13:00,8.9,100,17.1,137.0,137.0,0.0,86,0.70
2019-11-30T14:00,9.2,100,21.5,56.0,56.0,0.0,82,0.00
2019-11-30T15:00,9.4,100,24.6,27.0,27.0,0.0,80,0.00
2019-11-30T16:00,9.5,100,20.7,0.0,0.0,0.0,78,0.00
2019-11-30T17:00,9.8,86,29.3,0.0,0.0,0.0,78,0.00
2019-11-30T18:00,9.9,88,25.5,0.0,0.0,0.0,76,0.00
2019-11-30T19:00,9.8,91,23.2,0.0,0.0,0.0,81,0.00
2019-11-30T20:00,9.7,100,21.3,0.0,0.0,0.0,82,0.00
2019-11-30T21:00,9.9,100,21.3,0.0,0.0,0.0,84,0.00
2019-11-30T22:00,10.4,96,24.5,0.0,0.0,0.0,86,3.60
2019-11-30T23:00,10.7,90,26.3,0.0,0.0,0.0,85,0.00
2019-12-01T00:00,10.4,61,22.5,0.0,0.0,0.0,86,0.00
2019-12-01T01:00,10.9,59,20.7,0.0,0.0,0.0,87,0.00
2019-12-01T02:00,11.3,90,20.9,0.0,0.0,0.0,86,0.00
2019-12-01T03:00,11.4,96,19.7,0.0,0.0,0.0,85,0.00
2019-12-01T04:00,11.3,90,19.9,0.0,0.0,0.0,86,0.00
2019-12-01T05:00,11.3,100,15.9,0.0,0.0,0.0,86,0.00
2019-12-01T06:00,10.8,100,12.4,0.0,0.0,0.0,89,0.00
2019-12-01T07:00,11.2,100,16.9,7.0,7.0,0.0,86,0.00
2019-12-01T08:00,12.0,100,20.3,31.0,31.0,0.0,83,0.00
2019-12-01T09:00,12.7,100,30.6,128.0,128.0,0.0,78,0.00
2019-12-01T10:00,12.7,100,27.7,56.0,56.0,0.0,81,0.00
2019-12-01T11:00,12.7,100,24.2,132.0,132.0,0.0,83,0.00
2019-12-01T12:00,12.9,85,25.5,238.0,238.0,0.0,87,0.00
2019-12-01T13:00,12.3,96,23.8,76.0,76.0,0.0,89,0.00
2019-12-01T14:00,12.8,100,28.0,37.0,37.0,0.0,87,0.00
2019-12-01T15:00,12.8,97,26.0,92.0,92.0,0.0,82,0.00
2019-12-01T16:00,12.7,59,27.0,0.0,0.0,0.0,82,0.00
2019-12-01T17:00,12.6,57,28.3,0.0,0.0,0.0,84,0.70
2019-12-01T18:00,12.6,88,31.8,0.0,0.0,0.0,84,0.00
2019-12-01T19:00,12.2,69,20.4,0.0,0.0,0.0,89,0.00
2019-12-01T20:00,12.0,98,21.5,0.0,0.0,0.0,90,0.00
2019-12-01T21:00,12.1,83,24.1,0.0,0.0,0.0,89,0.00
2019-12-01T22:00,11.8,54,15.8,0.0,0.0,0.0,88,0.00
2019-12-01T23:00,11.2,89,10.0,0.0,0.0,0.0,91,2.50
2019-12-02T00:00,11.5,83,9.6,0.0,0.0,0.0,87,0.00
2019-12-02T01:00,11.6,88,13.3,0.0,0.0,0.0,87,0.00
2019-12-02T02:00,11.6,92,18.4,0.0,0.0,0.0,88,0.00
2019-12-02T03:00,11.7,100,15.5,0.0,0.0,0.0,87,0.00
2019-12-02T04:00,11.6,100,18.9,0.0,0.0,0.0,88,0.00
2019-12-02T05:00,11.9,45,16.7,0.0,0.0,0.0,87,0.00
2019-12-02T06:00,11.9,34,18.1,0.0,0.0,0.0,86,0.00
2019-12-02T07:00,12.2,25,17.9,49.0,31.0,163.9,87,0.00
2019-12-02T08:00,13.1,51,19.3,174.0,144.0,133.6,87,0.00
2019-12-02T09:00,13.4,74,17.7,345.0,62.0,788.8,86,0.00
2019-12-02T10:00,13.8,83,17.4,355.0,339.0,35.3,85,0.00
2019-12-02T11:00,14.6,83,18.4,367.0,343.0,47.9,82,0.00
2019-12-02T12:00,14.9,86,20.4,116.0,116.0,0.0,83,0.00
2019-12-02T13:00,15.2,68,24.1,295.0,291.0,8.9,83,0.00
2019-12-02T14:00,15.0,71,18.2,132.0,132.0,0.0,83,0.00
2019-12-02T15:00,15.3,59,12.0,41.0,41.0,0.0,80,0.00
2019-12-02T16:00,14.0,27,5.4,0.0,0.0,0.0,82,0.00
2019-12-02T17:00,13.7,12,10.0,0.0,0.0,0.0,88,0.00
2019-12-02T18:00,13.1,19,7.9,0.0,0.0,0.0,89,0.00
2019-12-02T19:00,11.9,7,7.3,0.0,0.0,0.0,90,0.00
2019-12-02T20:00,11.7,25,1.3,0.0,0.0,0.0,92,0.00
2019-12-02T21:00,11.3,32,5.0,0.0,0.0,0.0,91,0.00
2019-12-02T22:00,10.9,25,3.7,0.0,0.0,0.0,92,0.00
2019-12-02T23:00,10.5,15,4.9,0.0,0.0,0.0,90,0.00
2019-12-03T00:00,10.5,5,3.8,0.0,0.0,0.0,92,0.00
2019-12-03T01:00,10.0,6,6.0,0.0,0.0,0.0,93,0.00
2019-12-03T02:00,9.6,37,7.8,0.0,0.0,0.0,93,0.00
2019-12-03T03:00,9.3,12,8.1,0.0,0.0,0.0,95,0.00
2019-12-03T04:00,9.4,1,8.6,0.0,0.0,0.0,98,0.00
2019-12-03T05:00,9.1,13,8.8,0.0,0.0,0.0,98,0.00
2019-12-03T06:00,8.8,8,6.9,0.0,0.0,0.0,97,0.00
2019-12-03T07:00,9.4,17,4.5,32.0,24.0,73.8,97,0.00
2019-12-03T08:00,11.2,11,2.5,155.0,81.0,333.8,94,0.00
2019-12-03T09:00,12.4,29,1.1,287.0,161.0,353.9,91,0.00
2019-12-03T10:00,12.8,14,4.7,374.0,189.0,410.6,88,0.00
2019-12-03T11:00,14.2,7,7.6,430.0,265.0,330.8,86,0.00
2019-12-03T12:00,14.5,26,5.4,144.0,144.0,0.0,85,0.00
2019-12-03T13:00,14.9,63,5.0,120.0,120.0,0.0,82,0.00
2019-12-03T14:00,14.8,100,4.0,187.0,187.0,0.0,83,0.00
2019-12-03T15:00,14.7,100,2.8,118.0,111.0,32.8,86,0.00
2019-12-03T16:00,13.8,100,8.1,0.0,0.0,0.0,89,0.00
2019-12-03T17:00,13.1,91,5.2,0.0,0.0,0.0,90,0.00
2019-12-03T18:00,12.3,89,3.8,0.0,0.0,0.0,88,0.00
2019-12-03T19:00,11.7,100,5.9,0.0,0.0,0.0,87,0.00
2019-12-03T20:00,11.6,100,7.2,0.0,0.0,0.0,88,0.00
2019-12-03T21:00,11.3,100,8.2,0.0,0.0,0.0,88,0.00
2019-12-03T22:00,11.3,100,3.6,0.0,0.0,0.0,85,0.00
2019-12-03T23:00,11.2,43,4.7,0.0,0.0,0.0,90,0.00
2019-12-04T00:00,11.0,75,3.8,0.0,0.0,0.0,93,0.70
2019-12-04T01:00,11.0,29,3.3,0.0,0.0,0.0,97,0.40
2019-12-04T02:00,11.2,40,6.4,0.0,0.0,0.0,94,0.00
2019-12-04T03:00,11.2,49,2.4,0.0,0.0,0.0,95,0.00
2019-12-04T04:00,11.2,57,0.4,0.0,0.0,0.0,94,0.00
2019-12-04T05:00,10.8,76,2.5,0.0,0.0,0.0,96,0.40
2019-12-04T06:00,11.0,78,1.6,0.0,0.0,0.0,97,1.40
2019-12-04T07:00,11.3,84,3.8,13.0,13.0,0.0,96,2.20
2019-12-04T08:00,11.6,99,2.6,37.0,37.0,0.0,96,0.40
2019-12-04T09:00,12.1,99,4.6,117.0,117.0,0.0,94,0.00
2019-12-04T10:00,11.9,95,6.6,142.0,142.0,0.0,97,0.00
2019-12-04T11:00,12.3,88,9.0,115.0,115.0,0.0,99,0.00
2019-12-04T12:00,12.8,58,6.6,103.0,103.0,0.0,94,0.00
2019-12-04T13:00,13.2,69,8.4,183.0,183.0,0.0,92,0.00
2019-12-04T14:00,13.5,76,8.4,163.0,163.0,0.0,91,0.00
2019-12-04T15:00,13.3,40,4.1,77.0,77.0,0.0,92,0.00
2019-12-04T16:00,12.6,55,4.0,0.0,0.0,0.0,93,0.00
2019-12-04T17:00,12.6,79,6.4,0.0,0.0,0.0,95,0.00
2019-12-04T18:00,12.3,70,4.8,0.0,0.0,0.0,95,0.00
2019-12-04T19:00,12.1,54,2.9,0.0,0.0,0.0,94,0.00
2019-12-04T20:00,12.1,74,3.3,0.0,0.0,0.0,94,0.00
2019-12-04T21:00,12.3,43,3.6,0.0,0.0,0.0,94,0.00
2019-12-04T22:00,12.4,32,4.1,0.0,0.0,0.0,93,0.00
2019-12-04T23:00,12.0,38,3.4,0.0,0.0,0.0,96,0.00
2019-12-05T00:00,11.4,29,4.7,0.0,0.0,0.0,96,0.00
2019-12-05T01:00,11.2,32,2.6,0.0,0.0,0.0,96,0.00
2019-12-05T02:00,10.2,53,3.9,0.0,0.0,0.0,95,0.00
2019-12-05T03:00,10.5,52,2.9,0.0,0.0,0.0,95,0.00
2019-12-05T04:00,9.7,48,3.7,0.0,0.0,0.0,94,0.00
2019-12-05T05:00,10.2,7,3.5,0.0,0.0,0.0,97,0.00
2019-12-05T06:00,9.3,36,2.8,0.0,0.0,0.0,97,0.00
2019-12-05T07:00,9.6,33,2.6,28.0,28.0,0.0,98,0.00
2019-12-05T08:00,11.6,34,2.8,124.0,123.0,4.6,92,0.00
2019-12-05T09:00,13.1,36,3.1,236.0,235.0,2.8,89,0.00
2019-12-05T10:00,14.4,37,4.1,362.0,305.0,127.8,83,0.00
2019-12-05T11:00,15.7,68,8.2,444.0,299.0,293.2,75,0.00
2019-12-05T12:00,16.0,74,6.5,277.0,277.0,0.0,74,0.00
2019-12-05T13:00,16.1,75,8.2,242.0,242.0,0.0,74,0.00
2019-12-05T14:00,15.7,79,7.4,237.0,200.0,106.5,76,0.00
2019-12-05T15:00,15.1,99,4.7,31.0,31.0,0.0,81,0.00
2019-12-05T16:00,14.3,86,1.0,0.0,0.0,0.0,83,0.00
2019-12-05T17:00,13.6,100,1.6,0.0,0.0,0.0,86,0.00
2019-12-05T18:00,13.5,99,4.1,0.0,0.0,0.0,87,0.00
2019-12-05T19:00,13.4,81,3.1,0.0,0.0,0.0,88,0.00
2019-12-05T20:00,13.5,74,7.3,0.0,0.0,0.0,87,0.00
2019-12-05T21:00,13.4,64,3.8,0.0,0.0,0.0,86,0.00
2019-12-05T22:00,12.3,30,6.3,0.0,0.0,0.0,89,0.00
2019-12-05T23:00,11.1,19,6.3,0.0,0.0,0.0,91,0.00
2019-12-06T00:00,10.7,38,5.9,0.0,0.0,0.0,91,0.00
2019-12-06T01:00,10.4,30,5.8,0.0,0.0,0.0,93,0.00
2019-12-06T02:00,10.0,24,6.6,0.0,0.0,0.0,94,0.00
2019-12-06T03:00,9.8,24,5.4,0.0,0.0,0.0,93,0.00
2019-12-06T04:00,10.0,22,8.2,0.0,0.0,0.0,94,0.00
2019-12-06T05:00,10.2,25,9.2,0.0,0.0,0.0,93,0.00
2019-12-06T06:00,10.1,30,6.9,0.0,0.0,0.0,89,0.00
2019-12-06T07:00,11.1,13,6.2,41.0,25.0,153.3,90,0.00
2019-12-06T08:00,13.7,6,10.9,197.0,36.0,752.8,82,0.00
2019-12-06T09:00,15.9,3,16.1,344.0,53.0,834.9,70,0.00
2019-12-06T10:00,17.2,3,18.2,451.0,65.0,870.1,63,0.00
2019-12-06T11:00,18.0,30,19.7,504.0,78.0,864.7,59,0.00
2019-12-06T12:00,18.7,31,20.7,477.0,130.0,704.9,56,0.00
2019-12-06T13:00,18.6,52,19.0,433.0,101.0,750.3,56,0.00
2019-12-06T14:00,17.9,35,22.3,294.0,111.0,527.8,56,0.00
2019-12-06T15:00,16.8,58,25.2,159.0,48.0,524.8,60,0.00
2019-12-06T16:00,16.1,60,23.2,0.0,0.0,0.0,62,0.00
2019-12-06T17:00,16.5,59,22.5,0.0,0.0,0.0,58,0.00
2019-12-06T18:00,16.0,64,19.4,0.0,0.0,0.0,62,0.00
2019-12-06T19:00,15.6,59,19.7,0.0,0.0,0.0,65,0.00
2019-12-06T20:00,14.7,65,16.8,0.0,0.0,0.0,72,0.00
2019-12-06T21:00,13.4,51,16.9,0.0,0.0,0.0,83,0.00
2019-12-06T22:00,13.3,53,18.4,0.0,0.0,0.0,86,0.00
2019-12-06T23:00,13.0,90,9.4,0.0,0.0,0.0,91,0.70
2019-12-07T00:00,13.1,98,6.8,0.0,0.0,0.0,91,0.00
2019-12-07T01:00,13.2,88,5.0,0.0,0.0,0.0,92,0.00
2019-12-07T02:00,13.7,89,9.7,0.0,0.0,0.0,94,2.90
2019-12-07T03:00,14.2,83,13.6,0.0,0.0,0.0,90,0.40
2019-12-07T04:00,14.5,71,13.6,0.0,0.0,0.0,85,0.00
2019-12-07T05:00,14.4,32,12.5,0.0,0.0,0.0,84,0.00
2019-12-07T06:00,14.7,52,13.2,0.0,0.0,0.0,81,0.00
2019-12-07T07:00,15.0,28,14.2,35.0,26.0,87.3,81,0.00
2019-12-07T08:00,15.8,27,15.3,183.0,41.0,671.9,77,0.00
2019-12-07T09:00,16.9,32,15.0,302.0,132.0,491.1,71,0.00
2019-12-07T10:00,17.4,35,16.7,408.0,101.0,695.4,70,0.00
2019-12-07T11:00,17.3,59,20.6,124.0,124.0,0.0,71,0.00
2019-12-07T12:00,17.1,73,19.2,303.0,260.0,87.6,73,0.00
2019-12-07T13:00,17.1,57,16.7,351.0,210.0,319.5,74,0.00
2019-12-07T14:00,16.3,81,14.2,309.0,84.0,650.3,80,0.00
2019-12-07T15:00,15.7,80,10.7,111.0,111.0,0.0,80,0.40
2019-12-07T16:00,14.5,76,6.1,0.0,0.0,0.0,88,0.00
2019-12-07T17:00,14.7,61,9.4,0.0,0.0,0.0,90,0.00
2019-12-07T18:00,14.4,57,3.4,0.0,0.0,0.0,90,0.00
2019-12-07T19:00,14.2,47,5.2,0.0,0.0,0.0,88,0.00
2019-12-07T20:00,13.5,63,6.9,0.0,0.0,0.0,87,0.00
2019-12-07T21:00,13.2,54,5.5,0.0,0.0,0.0,88,0.00
2019-12-07T22:00,12.7,40,3.7,0.0,0.0,0.0,88,0.40
2019-12-07T23:00,12.6,43,1.4,0.0,0.0,0.0,92,2.20
2019-12-08T00:00,12.4,40,0.4,0.0,0.0,0.0,93,0.00
2019-12-08T01:00,12.5,70,1.3,0.0,0.0,0.0,94,0.00
2019-12-08T02:00,12.5,50,3.3,0.0,0.0,0.0,94,0.00
2019-12-08T03:00,12.1,49,1.1,0.0,0.0,0.0,93,0.00
2019-12-08T04:00,12.0,53,2.7,0.0,0.0,0.0,93,0.00
2019-12-08T05:00,11.9,74,4.0,0.0,0.0,0.0,93,0.00
2019-12-08T06:00,11.8,74,4.1,0.0,0.0,0.0,93,1.40
2019-12-08T07:00,12.3,52,1.3,20.0,20.0,0.0,96,0.00
2019-12-08T08:00,12.5,39,2.2,88.0,88.0,0.0,95,0.00
2019-12-08T09:00,12.9,40,4.5,145.0,145.0,0.0,94,0.00
2019-12-08T10:00,13.4,45,3.7,229.0,229.0,0.0,91,0.00
2019-12-08T11:00,14.1,31,5.4,318.0,253.0,132.9,87,0.00
2019-12-08T12:00,14.9,34,7.2,350.0,192.0,322.9,81,0.00
2019-12-08T13:00,15.1,23,10.9,326.0,203.0,279.3,80,0.00
2019-12-08T14:00,14.9,8,10.8,291.0,139.0,440.1,79,0.00
2019-12-08T15:00,14.3,16,9.4,153.0,53.0,474.2,81,0.00
2019-12-08T16:00,12.8,18,6.9,0.0,0.0,0.0,87,0.00
2019-12-08T17:00,11.7,18,7.6,0.0,0.0,0.0,92,0.00
2019-12-08T18:00,11.4,16,7.4,0.0,0.0,0.0,94,0.00
2019-12-08T19:00,10.9,16,5.2,0.0,0.0,0.0,95,0.00
2019-12-08T20:00,10.8,37,4.6,0.0,0.0,0.0,95,0.00
2019-12-08T21:00,10.9,42,4.6,0.0,0.0,0.0,94,0.00
2019-12-08T22:00,10.7,19,5.4,0.0,0.0,0.0,94,0.00
2019-12-08T23:00,10.3,20,4.7,0.0,0.0,0.0,94,0.00
2019-12-09T00:00,9.6,35,6.2,0.0,0.0,0.0,94,0.00
2019-12-09T01:00,10.0,38,5.0,0.0,0.0,0.0,97,0.00
2019-12-09T02:00,10.0,68,5.6,0.0,0.0,0.0,95,0.00
2019-12-09T03:00,10.0,66,3.7,0.0,0.0,0.0,95,0.00
2019-12-09T04:00,9.9,67,0.8,0.0,0.0,0.0,95,0.00
2019-12-09T05:00,9.4,66,2.3,0.0,0.0,0.0,98,0.00
2019-12-09T06:00,9.8,69,1.8,0.0,0.0,0.0,96,0.00
2019-12-09T07:00,10.3,60,3.5,26.0,23.0,29.8,96,0.00
2019-12-09T08:00,11.3,73,5.4,115.0,100.0,72.7,91,0.00
2019-12-09T09:00,11.9,73,5.4,207.0,163.0,128.8,89,0.00
2019-12-09T10:00,12.3,73,5.4,315.0,237.0,178.3,87,0.00
2019-12-09T11:00,12.5,64,5.3,314.0,314.0,0.0,87,0.00
2019-12-09T12:00,12.7,62,6.6,293.0,293.0,0.0,87,0.00
2019-12-09T13:00,13.0,55,6.6,317.0,277.0,91.0,86,0.00
2019-12-09T14:00,13.2,45,6.3,209.0,207.0,5.8,84,0.00
2019-12-09T15:00,12.8,40,6.1,122.0,79.0,204.0,85,0.00
2019-12-09T16:00,11.8,55,6.4,0.0,0.0,0.0,85,0.00
2019-12-09T17:00,11.8,69,5.1,0.0,0.0,0.0,87,0.00
2019-12-09T18:00,11.8,75,3.3,0.0,0.0,0.0,87,0.00
2019-12-09T19:00,11.6,88,5.2,0.0,0.0,0.0,86,0.00
2019-12-09T20:00,11.7,94,7.3,0.0,0.0,0.0,84,0.00
2019-12-09T21:00,11.3,87,7.7,0.0,0.0,0.0,84,0.00
2019-12-09T22:00,11.1,71,6.1,0.0,0.0,0.0,84,0.00
2019-12-09T23:00,10.9,58,1.9,0.0,0.0,0.0,87,0.00
2019-12-10T00:00,10.5,92,1.1,0.0,0.0,0.0,87,0.00
2019-12-10T01:00,10.3,100,3.2,0.0,0.0,0.0,91,0.00
2019-12-10T02:00,9.9,53,4.0,0.0,0.0,0.0,91,0.00
2019-12-10T03:00,9.0,44,5.1,0.0,0.0,0.0,92,0.00
2019-12-10T04:00,9.5,81,3.6,0.0,0.0,0.0,94,0.00
2019-12-10T05:00,9.5,55,1.3,0.0,0.0,0.0,94,0.00
2019-12-10T06:00,9.8,64,3.6,0.0,0.0,0.0,92,0.00
2019-12-10T07:00,10.3,23,6.9,25.0,22.0,30.2,92,0.00
2019-12-10T08:00,11.4,34,5.7,167.0,67.0,489.9,89,0.00
2019-12-10T09:00,12.1,29,6.1,271.0,190.0,238.6,82,0.00
2019-12-10T10:00,12.7,28,2.2,370.0,191.0,411.0,81,0.00
2019-12-10T11:00,13.8,37,4.9,461.0,137.0,666.9,77,0.00
2019-12-10T12:00,14.2,22,6.4,390.0,228.0,332.7,77,0.00
2019-12-10T13:00,14.6,16,6.2,409.0,100.0,704.3,76,0.00
2019-12-10T14:00,14.8,0,6.4,258.0,124.0,388.9,72,0.00
2019-12-10T15:00,14.0,2,7.3,100.0,99.0,4.7,75,0.00
2019-12-10T16:00,12.7,27,3.1,0.0,0.0,0.0,82,0.00
2019-12-10T17:00,12.3,23,10.2,0.0,0.0,0.0,84,0.00
2019-12-10T18:00,11.9,16,11.2,0.0,0.0,0.0,86,0.00
2019-12-10T19:00,11.3,26,3.0,0.0,0.0,0.0,92,0.00
2019-12-10T20:00,11.2,30,4.1,0.0,0.0,0.0,96,0.00
2019-12-10T21:00,11.4,26,7.4,0.0,0.0,0.0,93,2.20
2019-12-10T22:00,11.3,46,1.8,0.0,0.0,0.0,93,0.00
2019-12-10T23:00,11.7,69,1.8,0.0,0.0,0.0,93,0.00
2019-12-11T00:00,11.8,72,3.2,0.0,0.0,0.0,90,0.00
2019-12-11T01:00,11.8,31,4.6,0.0,0.0,0.0,92,0.00
2019-12-11T02:00,11.2,43,6.8,0.0,0.0,0.0,92,0.00
2019-12-11T03:00,10.7,62,3.6,0.0,0.0,0.0,93,0.00
2019-12-11T04:00,10.9,88,4.3,0.0,0.0,0.0,93,0.00
2019-12-11T05:00,11.3,80,7.6,0.0,0.0,0.0,92,0.00
2019-12-11T06:00,11.6,81,6.2,0.0,0.0,0.0,89,0.00
2019-12-11T07:00,11.9,82,4.8,22.0,19.0,30.6,90,0.00
2019-12-11T08:00,12.9,69,6.0,128.0,112.0,79.3,87,0.00
2019-12-11T09:00,14.6,42,7.1,254.0,181.0,216.4,80,0.00
2019-12-11T10:00,16.0,64,8.7,359.0,205.0,355.1,74,0.00
2019-12-11T11:00,16.3,60,6.9,364.0,333.0,64.0,71,0.00
2019-12-11T12:00,16.1,68,3.7,303.0,270.0,67.9,74,0.00
2019-12-11T13:00,16.8,74,4.0,243.0,234.0,20.5,74,0.00
2019-12-11T14:00,16.9,68,3.3,106.0,106.0,0.0,78,0.00
2019-12-11T15:00,16.4,65,4.2,65.0,65.0,0.0,80,0.00
2019-12-11T16:00,15.4,55,7.6,0.0,0.0,0.0,83,0.00
2019-12-11T17:00,14.7,42,10.3,0.0,0.0,0.0,86,0.00
2019-12-11T18:00,14.5,24,13.5,0.0,0.0,0.0,84,0.00
2019-12-11T19:00,13.8,40,12.0,0.0,0.0,0.0,88,0.00
2019-12-11T20:00,14.3,55,9.7,0.0,0.0,0.0,87,0.00
2019-12-11T21:00,14.4,92,9.0,0.0,0.0,0.0,89,0.00
2019-12-11T22:00,14.6,74,10.8,0.0,0.0,0.0,88,0.00
2019-12-11T23:00,14.3,92,10.2,0.0,0.0,0.0,89,0.00
2019-12-12T00:00,14.3,90,7.3,0.0,0.0,0.0,87,0.00
2019-12-12T01:00,14.2,63,5.1,0.0,0.0,0.0,89,0.00
2019-12-12T02:00,14.2,60,6.9,0.0,0.0,0.0,91,0.00
2019-12-12T03:00,14.2,56,7.1,0.0,0.0,0.0,90,0.00
2019-12-12T04:00,14.1,48,6.2,0.0,0.0,0.0,90,0.00
2019-12-12T05:00,14.1,50,7.9,0.0,0.0,0.0,91,0.00
2019-12-12T06:00,14.3,49,8.7,0.0,0.0,0.0,92,0.00
2019-12-12T07:00,14.3,57,5.5,10.0,10.0,0.0,90,0.00
2019-12-12T08:00,15.4,63,7.2,56.0,56.0,0.0,88,0.00
2019-12-12T09:00,17.1,54,8.8,160.0,160.0,0.0,82,0.00
2019-12-12T10:00,18.3,65,4.7,307.0,229.0,180.6,79,0.00
2019-12-12T11:00,18.5,84,3.6,263.0,262.0,2.1,79,0.00
2019-12-12T12:00,18.2,59,4.6,318.0,260.0,119.6,83,0.00
2019-12-12T13:00,18.8,62,4.9,276.0,234.0,96.0,79,0.00
2019-12-12T14:00,18.2,76,6.3,142.0,141.0,2.9,85,0.00
2019-12-12T15:00,17.1,32,8.0,89.0,60.0,137.4,89,0.00
2019-12-12T16:00,16.2,45,5.8,0.0,0.0,0.0,92,0.00
2019-12-12T17:00,15.6,33,1.5,0.0,0.0,0.0,92,0.00
2019-12-12T18:00,15.1,41,4.3,0.0,0.0,0.0,95,0.00
2019-12-12T19:00,15.1,31,1.5,0.0,0.0,0.0,95,0.00
2019-12-12T20:00,14.7,32,2.5,0.0,0.0,0.0,94,0.00
2019-12-12T21:00,14.6,41,4.3,0.0,0.0,0.0,94,0.00
2019-12-12T22:00,13.9,35,5.1,0.0,0.0,0.0,96,0.00
2019-12-12T23:00,13.7,47,4.3,0.0,0.0,0.0,97,0.00
2019-12-13T00:00,13.7,72,4.1,0.0,0.0,0.0,97,0.00
2019-12-13T01:00,13.6,100,2.9,0.0,0.0,0.0,96,0.00
2019-12-13T02:00,13.5,94,1.0,0.0,0.0,0.0,94,0.00
2019-12-13T03:00,13.0,81,4.6,0.0,0.0,0.0,97,0.00
2019-12-13T04:00,12.8,78,2.5,0.0,0.0,0.0,99,0.00
2019-12-13T05:00,12.9,91,1.0,0.0,0.0,0.0,95,0.00
2019-12-13T06:00,12.6,91,1.8,0.0,0.0,0.0,98,0.00
2019-12-13T07:00,12.8,82,3.0,24.0,24.0,0.0,97,0.00
2019-12-13T08:00,13.9,41,4.8,129.0,90.0,197.5,92,0.00
2019-12-13T09:00,14.9,49,1.8,314.0,106.0,623.9,82,0.00
2019-12-13T10:00,15.5,49,5.8,363.0,215.0,343.9,80,0.00
2019-12-13T11:00,15.5,27,11.3,434.0,135.0,620.7,84,0.00
2019-12-13T12:00,15.0,36,6.3,162.0,162.0,0.0,86,0.00
2019-12-13T13:00,14.8,39,3.6,242.0,242.0,0.0,80,0.00
2019-12-13T14:00,15.0,43,9.1,72.0,72.0,0.0,77,0.00
2019-12-13T15:00,15.4,44,3.7,102.0,102.0,0.0,77,0.00
2019-12-13T16:00,14.7,37,4.1,0.0,0.0,0.0,81,0.00
2019-12-13T17:00,13.6,28,6.2,0.0,0.0,0.0,84,0.00
2019-12-13T18:00,13.0,50,3.2,0.0,0.0,0.0,84,0.00
2019-12-13T19:00,13.3,63,4.0,0.0,0.0,0.0,87,0.00
2019-12-13T20:00,13.2,86,3.4,0.0,0.0,0.0,90,0.00
2019-12-13T21:00,13.1,57,3.3,0.0,0.0,0.0,93,0.00
2019-12-13T22:00,13.0,64,3.6,0.0,0.0,0.0,96,0.00
2019-12-13T23:00,13.1,76,4.3,0.0,0.0,0.0,94,0.00
2019-12-14T00:00,12.5,63,5.6,0.0,0.0,0.0,92,0.00
2019-12-14T01:00,12.0,35,4.8,0.0,0.0,0.0,88,0.00
2019-12-14T02:00,11.3,81,3.1,0.0,0.0,0.0,90,0.00
2019-12-14T03:00,11.0,79,3.8,0.0,0.0,0.0,87,0.00
2019-12-14T04:00,11.1,77,2.5,0.0,0.0,0.0,89,0.00
2019-12-14T05:00,10.8,52,4.8,0.0,0.0,0.0,88,0.00
2019-12-14T06:00,10.2,40,7.2,0.0,0.0,0.0,88,0.00
2019-12-14T07:00,10.0,36,6.9,28.0,27.0,10.6,87,0.00
2019-12-14T08:00,11.2,24,6.9,120.0,111.0,46.1,82,0.00
2019-12-14T09:00,12.5,25,9.9,260.0,171.0,268.4,76,0.00
2019-12-14T10:00,13.3,20,16.1,389.0,158.0,538.7,70,0.00
2019-12-14T11:00,13.6,15,16.5,436.0,247.0,393.3,64,0.00
2019-12-14T12:00,13.8,11,17.6,496.0,75.0,871.2,65,0.00
2019-12-14T13:00,13.8,11,19.6,437.0,140.0,680.0,64,0.00
2019-12-14T14:00,13.2,7,17.7,301.0,92.0,607.3,66,0.00
2019-12-14T15:00,12.3,3,13.7,153.0,53.0,472.1,66,0.00
2019-12-14T16:00,10.7,16,7.1,0.0,0.0,0.0,72,0.00
2019-12-14T17:00,10.6,19,10.1,0.0,0.0,0.0,75,0.00
2019-12-14T18:00,10.3,47,11.6,0.0,0.0,0.0,76,0.00
2019-12-14T19:00,10.2,28,8.7,0.0,0.0,0.0,84,0.00
2019-12-14T20:00,9.7,17,7.0,0.0,0.0,0.0,83,0.00
2019-12-14T21:00,8.5,15,5.8,0.0,0.0,0.0,82,0.00
2019-12-14T22:00,8.4,10,5.8,0.0,0.0,0.0,81,0.00
2019-12-14T23:00,8.2,6,9.0,0.0,0.0,0.0,81,0.00
2019-12-15T00:00,8.0,2,6.5,0.0,0.0,0.0,79,0.00
2019-12-15T01:00,7.8,13,6.5,0.0,0.0,0.0,81,0.00
2019-12-15T02:00,7.3,12,8.7,0.0,0.0,0.0,82,0.00
2019-12-15T03:00,6.8,2,8.6,0.0,0.0,0.0,80,0.00
2019-12-15T04:00,6.4,9,7.3,0.0,0.0,0.0,82,0.00
2019-12-15T05:00,6.0,6,7.3,0.0,0.0,0.0,82,0.00
2019-12-15T06:00,6.1,2,8.5,0.0,0.0,0.0,82,0.00
2019-12-15T07:00,6.2,0,7.3,36.0,13.0,245.4,87,0.00
2019-12-15T08:00,8.3,0,2.9,176.0,48.0,661.8,84,0.00
2019-12-15T09:00,10.5,0,2.0,318.0,84.0,709.5,74,0.00
2019-12-15T10:00,11.7,0,8.2,413.0,121.0,683.2,69,0.00
2019-12-15T11:00,12.4,5,9.3,453.0,110.0,715.3,66,0.00
2019-12-15T12:00,12.8,3,10.7,464.0,129.0,694.1,64,0.00
2019-12-15T13:00,13.2,15,12.4,385.0,135.0,572.7,62,0.00
2019-12-15T14:00,12.9,23,11.7,265.0,140.0,363.0,63,0.00
2019-12-15T15:00,12.2,2,9.4,138.0,105.0,155.4,67,0.00
2019-12-15T16:00,10.5,13,6.4,0.0,0.0,0.0,71,0.00
2019-12-15T17:00,9.4,1,9.5,0.0,0.0,0.0,80,0.00
2019-12-15T18:00,8.7,16,10.1,0.0,0.0,0.0,82,0.00
2019-12-15T19:00,8.0,4,9.9,0.0,0.0,0.0,85,0.00
2019-12-15T20:00,8.1,0,9.7,0.0,0.0,0.0,87,0.00
2019-12-15T21:00,7.4,2,7.9,0.0,0.0,0.0,87,0.00
2019-12-15T22:00,6.6,0,7.6,0.0,0.0,0.0,89,0.00
2019-12-15T23:00,5.6,1,7.0,0.0,0.0,0.0,93,0.00
2019-12-16T00:00,5.1,14,5.9,0.0,0.0,0.0,93,0.00
2019-12-16T01:00,4.4,2,3.3,0.0,0.0,0.0,93,0.00
2019-12-16T02:00,4.0,2,2.9,0.0,0.0,0.0,92,0.00
2019-12-16T03:00,3.5,5,4.3,0.0,0.0,0.0,91,0.00
2019-12-16T04:00,3.2,3,6.1,0.0,0.0,0.0,89,0.00
2019-12-16T05:00,3.1,5,3.8,0.0,0.0,0.0,89,0.00
2019-12-16T06:00,3.2,1,6.5,0.0,0.0,0.0,86,0.00
2019-12-16T07:00,3.5,2,3.6,37.0,14.0,248.1,89,0.00
2019-12-16T08:00,7.0,0,4.5,182.0,44.0,720.5,86,0.00
2019-12-16T09:00,9.0,0,1.1,331.0,76.0,777.1,75,0.00
2019-12-16T10:00,10.4,0,3.4,447.0,63.0,901.3,64,0.00
2019-12-16T11:00,11.1,0,5.8,504.0,77.0,892.3,57,0.00
2019-12-16T12:00,12.1,0,7.4,511.0,69.0,916.8,54,0.00
2019-12-16T13:00,13.4,0,10.0,448.0,72.0,861.6,51,0.00
2019-12-16T14:00,13.6,0,9.5,334.0,57.0,803.8,48,0.00
2019-12-16T15:00,13.0,0,7.8,167.0,69.0,460.1,46,0.00
2019-12-16T16:00,10.8,0,5.4,0.0,0.0,0.0,55,0.00
2019-12-16T17:00,8.9,0,6.3,0.0,0.0,0.0,64,0.00
2019-12-16T18:00,7.6,0,7.2,0.0,0.0,0.0,66,0.00
2019-12-16T19:00,6.4,0,6.0,0.0,0.0,0.0,71,0.00
2019-12-16T20:00,5.6,2,2.3,0.0,0.0,0.0,73,0.00
2019-12-16T21:00,4.8,3,4.0,0.0,0.0,0.0,75,0.00
2019-12-16T22:00,4.4,3,7.6,0.0,0.0,0.0,75,0.00
2019-12-16T23:00,3.8,0,7.2,0.0,0.0,0.0,80,0.00
2019-12-17T00:00,3.2,0,4.7,0.0,0.0,0.0,82,0.00
2019-12-17T01:00,3.0,0,4.8,0.0,0.0,0.0,80,0.00
2019-12-17T02:00,2.9,0,4.9,0.0,0.0,0.0,79,0.00
2019-12-17T03:00,2.9,0,6.2,0.0,0.0,0.0,76,0.00
2019-12-17T04:00,2.7,0,7.0,0.0,0.0,0.0,77,0.00
2019-12-17T05:00,2.5,29,8.0,0.0,0.0,0.0,76,0.00
2019-12-17T06:00,2.2,15,1.8,0.0,0.0,0.0,80,0.00
2019-12-17T07:00,2.9,0,4.6,32.0,29.0,32.7,74,0.00
2019-12-17T08:00,6.3,0,6.3,165.0,94.0,374.2,72,0.00
2019-12-17T09:00,9.6,0,5.4,309.0,185.0,379.7,65,0.00
2019-12-17T10:00,12.6,0,4.3,403.0,227.0,414.3,47,0.00
2019-12-17T11:00,14.0,0,6.9,491.0,203.0,602.9,36,0.00
2019-12-17T12:00,14.5,45,5.4,501.0,130.0,770.2,33,0.00
2019-12-17T13:00,15.4,53,7.1,447.0,114.0,763.0,32,0.00
2019-12-17T14:00,14.9,27,4.2,317.0,140.0,513.0,34,0.00
2019-12-17T15:00,13.9,0,1.6,170.0,80.0,421.1,41,0.00
2019-12-17T16:00,10.6,0,4.0,0.0,0.0,0.0,51,0.00
2019-12-17T17:00,8.4,0,3.9,0.0,0.0,0.0,67,0.00
2019-12-17T18:00,7.3,0,4.7,0.0,0.0,0.0,70,0.00
2019-12-17T19:00,6.4,1,8.0,0.0,0.0,0.0,76,0.00
2019-12-17T20:00,7.5,87,13.0,0.0,0.0,0.0,65,0.00
2019-12-17T21:00,8.1,67,8.5,0.0,0.0,0.0,68,0.00
2019-12-17T22:00,8.8,47,5.4,0.0,0.0,0.0,58,0.00
2019-12-17T23:00,8.4,36,5.4,0.0,0.0,0.0,58,0.00
2019-12-18T00:00,8.2,42,9.7,0.0,0.0,0.0,61,0.00
2019-12-18T01:00,8.2,62,13.2,0.0,0.0,0.0,72,0.00
2019-12-18T02:00,8.9,70,14.0,0.0,0.0,0.0,75,0.00
2019-12-18T03:00,8.7,25,13.5,0.0,0.0,0.0,79,0.00
2019-12-18T04:00,8.5,92,8.7,0.0,0.0,0.0,84,0.00
2019-12-18T05:00,8.5,56,10.8,0.0,0.0,0.0,87,0.00
2019-12-18T06:00,8.5,48,12.6,0.0,0.0,0.0,89,7.90
2019-12-18T07:00,8.8,34,16.1,16.0,16.0,0.0,94,0.00
2019-12-18T08:00,9.9,15,18.6,143.0,135.0,42.5,93,0.00
2019-12-18T09:00,11.8,6,17.3,323.0,45.0,854.9,87,0.00
2019-12-18T10:00,13.3,22,15.0,374.0,272.0,240.7,73,0.00
2019-12-18T11:00,13.7,31,19.0,382.0,344.0,79.7,71,0.00
2019-12-18T12:00,13.6,51,14.8,285.0,252.0,68.6,73,0.00
2019-12-18T13:00,13.2,66,16.0,172.0,172.0,0.0,77,0.00
2019-12-18T14:00,12.8,70,6.3,59.0,59.0,0.0,83,0.00
2019-12-18T15:00,11.9,71,3.2,19.0,19.0,0.0,90,0.40
2019-12-18T16:00,11.8,79,8.1,0.0,0.0,0.0,89,0.00
2019-12-18T17:00,11.1,58,5.9,0.0,0.0,0.0,94,0.00
2019-12-18T18:00,11.4,53,5.9,0.0,0.0,0.0,95,0.00
2019-12-18T19:00,10.7,56,4.1,0.0,0.0,0.0,94,0.00
2019-12-18T20:00,10.8,60,5.4,0.0,0.0,0.0,91,0.00
2019-12-18T21:00,10.8,56,5.4,0.0,0.0,0.0,92,0.00
2019-12-18T22:00,10.8,73,4.6,0.0,0.0,0.0,92,0.00
2019-12-18T23:00,10.8,62,1.9,0.0,0.0,0.0,91,0.00
2019-12-19T00:00,10.6,69,1.9,0.0,0.0,0.0,93,0.00
2019-12-19T01:00,10.3,80,4.1,0.0,0.0,0.0,91,0.00
2019-12-19T02:00,10.3,84,4.0,0.0,0.0,0.0,91,0.00
2019-12-19T03:00,10.2,90,2.5,0.0,0.0,0.0,90,0.00
2019-12-19T04:00,10.1,83,4.6,0.0,0.0,0.0,91,0.00
2019-12-19T05:00,10.1,61,4.0,0.0,0.0,0.0,92,0.00
2019-12-19T06:00,10.0,52,5.8,0.0,0.0,0.0,93,0.00
2019-12-19T07:00,9.8,28,3.2,18.0,18.0,0.0,94,0.00
2019-12-19T08:00,11.2,16,6.4,139.0,91.0,257.5,94,0.00
2019-12-19T09:00,12.7,11,7.1,287.0,168.0,367.5,85,0.00
2019-12-19T10:00,13.1,22,4.2,403.0,141.0,619.8,77,0.00
2019-12-19T11:00,14.0,23,1.9,459.0,190.0,564.7,74,0.00
2019-12-19T12:00,14.8,39,4.0,468.0,165.0,629.7,70,0.00
2019-12-19T13:00,15.4,44,6.5,400.0,172.0,522.0,69,0.00
2019-12-19T14:00,15.3,33,7.9,244.0,126.0,340.9,70,0.00
2019-12-19T15:00,14.4,45,6.9,91.0,91.0,0.0,73,0.00
2019-12-19T16:00,13.3,52,5.2,0.0,0.0,0.0,80,0.00
2019-12-19T17:00,12.3,57,3.7,0.0,0.0,0.0,84,0.00
2019-12-19T18:00,11.9,59,1.8,0.0,0.0,0.0,88,0.00
2019-12-19T19:00,11.7,53,3.4,0.0,0.0,0.0,89,0.00
2019-12-19T20:00,11.6,60,4.0,0.0,0.0,0.0,89,0.00
2019-12-19T21:00,11.1,35,4.8,0.0,0.0,0.0,89,0.00
2019-12-19T22:00,10.7,0,4.1,0.0,0.0,0.0,86,0.00
2019-12-19T23:00,9.6,29,4.4,0.0,0.0,0.0,88,0.00
2019-12-20T00:00,8.9,96,3.5,0.0,0.0,0.0,90,0.00
2019-12-20T01:00,8.4,0,4.2,0.0,0.0,0.0,92,0.00
2019-12-20T02:00,8.4,0,8.7,0.0,0.0,0.0,92,0.00
2019-12-20T03:00,7.6,0,6.2,0.0,0.0,0.0,92,0.00
2019-12-20T04:00,7.3,1,6.6,0.0,0.0,0.0,91,0.00
2019-12-20T05:00,6.8,6,7.3,0.0,0.0,0.0,92,0.00
2019-12-20T06:00,6.4,13,7.3,0.0,0.0,0.0,92,0.00
2019-12-20T07:00,6.8,18,4.0,33.0,21.0,134.5,92,0.00
2019-12-20T08:00,8.9,34,2.3,145.0,98.0,254.1,91,0.00
2019-12-20T09:00,10.7,28,6.1,305.0,120.0,573.4,90,0.00
2019-12-20T10:00,12.0,30,7.2,348.0,254.0,222.8,91,0.00
2019-12-20T11:00,13.4,7,8.3,443.0,250.0,405.5,83,0.00
2019-12-20T12:00,14.7,91,7.8,487.0,132.0,737.9,76,0.00
2019-12-20T13:00,15.3,98,6.8,346.0,307.0,89.2,71,0.00
2019-12-20T14:00,15.1,92,6.5,229.0,225.0,11.5,72,0.00
2019-12-20T15:00,13.9,100,5.4,104.0,104.0,0.0,82,0.00
2019-12-20T16:00,12.4,53,7.9,0.0,0.0,0.0,84,0.00
2019-12-20T17:00,10.7,100,5.0,0.0,0.0,0.0,85,0.00
2019-12-20T18:00,10.1,100,5.3,0.0,0.0,0.0,86,0.00
2019-12-20T19:00,9.4,100,5.3,0.0,0.0,0.0,88,0.00
2019-12-20T20:00,8.8,100,8.0,0.0,0.0,0.0,91,0.00
2019-12-20T21:00,8.5,88,8.0,0.0,0.0,0.0,90,0.00
2019-12-20T22:00,8.0,100,5.6,0.0,0.0,0.0,91,0.00
2019-12-20T23:00,7.3,98,4.7,0.0,0.0,0.0,90,0.00
2019-12-21T00:00,6.8,100,6.0,0.0,0.0,0.0,89,0.00
2019-12-21T01:00,6.5,100,4.7,0.0,0.0,0.0,87,0.00
2019-12-21T02:00,6.4,100,6.0,0.0,0.0,0.0,88,0.00
2019-12-21T03:00,6.3,100,3.3,0.0,0.0,0.0,87,0.00
2019-12-21T04:00,6.5,100,8.0,0.0,0.0,0.0,84,0.00
2019-12-21T05:00,6.6,100,8.5,0.0,0.0,0.0,88,0.00
2019-12-21T06:00,6.7,100,4.0,0.0,0.0,0.0,88,0.00
2019-12-21T07:00,7.4,100,6.6,14.0,14.0,0.0,85,0.00
2019-12-21T08:00,8.5,100,5.5,69.0,69.0,0.0,81,0.00
2019-12-21T09:00,10.5,100,5.2,174.0,174.0,0.0,78,0.00
2019-12-21T10:00,12.7,100,5.8,247.0,246.0,2.4,70,0.00
2019-12-21T11:00,14.1,100,7.0,294.0,294.0,0.0,64,0.00
2019-12-21T12:00,14.9,100,7.6,302.0,302.0,0.0,64,0.00
2019-12-21T13:00,15.4,100,12.1,267.0,267.0,0.0,57,0.00
2019-12-21T14:00,14.6,100,10.0,188.0,188.0,0.0,62,0.00
2019-12-21T15:00,13.4,100,7.5,96.0,96.0,0.0,66,0.00
2019-12-21T16:00,12.1,100,8.0,0.0,0.0,0.0,68,0.00
2019-12-21T17:00,11.7,100,11.9,0.0,0.0,0.0,67,0.00
2019-12-21T18:00,10.4,43,8.4,0.0,0.0,0.0,71,0.00
2019-12-21T19:00,9.7,30,9.2,0.0,0.0,0.0,76,0.00
2019-12-21T20:00,9.3,17,7.0,0.0,0.0,0.0,74,0.00
2019-12-21T21:00,9.9,2,12.6,0.0,0.0,0.0,66,0.00
2019-12-21T22:00,8.8,14,9.8,0.0,0.0,0.0,70,0.00
2019-12-21T23:00,8.8,3,11.7,0.0,0.0,0.0,68,0.00
2019-12-22T00:00,9.2,8,16.6,0.0,0.0,0.0,69,0.00
2019-12-22T01:00,8.2,24,6.4,0.0,0.0,0.0,72,0.00
2019-12-22T02:00,8.6,37,9.7,0.0,0.0,0.0,74,0.00
2019-12-22T03:00,8.4,41,8.2,0.0,0.0,0.0,71,0.00
2019-12-22T04:00,9.0,56,1.3,0.0,0.0,0.0,67,0.00
2019-12-22T05:00,9.8,35,17.0,0.0,0.0,0.0,81,0.40
2019-12-22T06:00,10.0,74,28.1,0.0,0.0,0.0,89,1.40
2019-12-22T07:00,10.3,82,14.8,4.0,4.0,0.0,95,4.00
2019-12-22T08:00,11.7,65,18.0,139.0,53.0,471.7,91,0.00
2019-12-22T09:00,12.7,80,10.7,56.0,56.0,0.0,86,0.00
2019-12-22T10:00,12.6,82,5.6,62.0,62.0,0.0,88,1.40
2019-12-22T11:00,12.1,75,3.3,48.0,48.0,0.0,92,2.20
2019-12-22T12:00,11.7,86,14.5,333.0,245.0,182.8,89,0.00
2019-12-22T13:00,11.8,67,17.8,131.0,131.0,0.0,80,0.00
2019-12-22T14:00,11.9,52,14.2,239.0,156.0,238.1,76,0.00
2019-12-22T15:00,11.4,59,14.0,154.0,78.0,347.3,73,0.00
2019-12-22T16:00,10.5,21,8.3,0.0,0.0,0.0,80,0.00
2019-12-22T17:00,9.6,16,5.2,0.0,0.0,0.0,82,0.00
2019-12-22T18:00,8.8,8,6.8,0.0,0.0,0.0,84,0.00
2019-12-22T19:00,8.3,14,4.9,0.0,0.0,0.0,86,0.00
2019-12-22T20:00,7.7,11,5.4,0.0,0.0,0.0,87,0.00
2019-12-22T21:00,7.5,14,4.1,0.0,0.0,0.0,90,0.00
2019-12-22T22:00,7.4,11,5.6,0.0,0.0,0.0,88,0.00
2019-12-22T23:00,6.8,5,7.4,0.0,0.0,0.0,90,0.00
2019-12-23T00:00,5.9,5,5.7,0.0,0.0,0.0,92,0.00
2019-12-23T01:00,5.0,4,5.2,0.0,0.0,0.0,92,0.00
2019-12-23T02:00,4.6,4,5.2,0.0,0.0,0.0,89,0.00
2019-12-23T03:00,4.1,10,3.9,0.0,0.0,0.0,88,0.00
2019-12-23T04:00,3.8,27,6.1,0.0,0.0,0.0,89,0.00
2019-12-23T05:00,4.2,25,6.1,0.0,0.0,0.0,95,0.00
2019-12-23T06:00,4.2,36,4.5,0.0,0.0,0.0,94,0.00
2019-12-23T07:00,4.4,28,5.4,33.0,11.0,252.6,94,0.00
2019-12-23T08:00,5.9,25,5.2,156.0,69.0,480.2,95,0.00
2019-12-23T09:00,7.7,42,1.5,220.0,212.0,25.0,90,0.00
2019-12-23T10:00,8.6,30,1.5,356.0,233.0,292.9,86,0.00
2019-12-23T11:00,9.7,26,4.3,405.0,253.0,319.9,80,0.00
2019-12-23T12:00,10.2,17,4.6,395.0,273.0,253.3,78,0.00
2019-12-23T13:00,10.7,9,5.4,340.0,233.0,243.9,73,0.00
2019-12-23T14:00,11.3,2,5.1,259.0,142.0,334.7,71,0.00
2019-12-23T15:00,10.9,2,5.4,183.0,49.0,608.8,73,0.00
2019-12-23T16:00,9.2,5,5.4,0.0,0.0,0.0,78,0.00
2019-12-23T17:00,8.0,7,9.0,0.0,0.0,0.0,83,0.00
2019-12-23T18:00,7.2,8,8.4,0.0,0.0,0.0,81,0.00
2019-12-23T19:00,6.5,10,7.6,0.0,0.0,0.0,84,0.00
2019-12-23T20:00,6.0,16,7.0,0.0,0.0,0.0,83,0.00
2019-12-23T21:00,5.7,11,6.0,0.0,0.0,0.0,85,0.00
2019-12-23T22:00,6.0,14,5.4,0.0,0.0,0.0,86,0.00
2019-12-23T23:00,5.2,12,5.4,0.0,0.0,0.0,88,0.00
2019-12-24T00:00,5.0,18,2.6,0.0,0.0,0.0,87,0.00
2019-12-24T01:00,5.5,33,5.4,0.0,0.0,0.0,90,0.00
2019-12-24T02:00,5.0,40,4.4,0.0,0.0,0.0,90,0.00
2019-12-24T03:00,4.8,30,2.6,0.0,0.0,0.0,86,0.00
2019-12-24T04:00,4.5,14,4.1,0.0,0.0,0.0,82,0.00
2019-12-24T05:00,3.9,12,3.9,0.0,0.0,0.0,83,0.00
2019-12-24T06:00,3.9,4,4.0,0.0,0.0,0.0,82,0.00
2019-12-24T07:00,4.7,25,3.6,13.0,13.0,0.0,90,0.00
2019-12-24T08:00,6.7,29,4.0,152.0,83.0,383.0,91,0.00
2019-12-24T09:00,8.6,23,4.0,136.0,136.0,0.0,91,0.00
2019-12-24T10:00,10.0,36,3.7,311.0,294.0,40.5,74,0.00
2019-12-24T11:00,10.6,37,2.3,366.0,312.0,113.6,69,0.00
2019-12-24T12:00,10.5,51,5.6,347.0,346.0,2.1,70,0.00
2019-12-24T13:00,11.0,37,5.8,328.0,287.0,93.3,67,0.00
2019-12-24T14:00,10.9,35,6.3,242.0,239.0,8.6,69,0.00
2019-12-24T15:00,10.2,31,4.1,69.0,69.0,0.0,75,0.00
2019-12-24T16:00,9.5,30,4.7,0.0,0.0,0.0,79,0.00
2019-12-24T17:00,9.0,37,4.1,0.0,0.0,0.0,84,0.00
2019-12-24T18:00,9.3,33,2.9,0.0,0.0,0.0,82,0.00
2019-12-24T19:00,9.1,38,4.5,0.0,0.0,0.0,82,0.00
2019-12-24T20:00,8.9,36,4.4,0.0,0.0,0.0,83,0.00
2019-12-24T21:00,8.5,34,5.8,0.0,0.0,0.0,87,0.40
2019-12-24T22:00,8.2,54,5.5,0.0,0.0,0.0,88,0.00
2019-12-24T23:00,8.1,94,8.4,0.0,0.0,0.0,87,0.00
2019-12-25T00:00,7.8,98,9.5,0.0,0.0,0.0,88,0.00
2019-12-25T01:00,7.4,79,6.9,0.0,0.0,0.0,89,0.00
2019-12-25T02:00,7.2,34,10.5,0.0,0.0,0.0,90,0.00
2019-12-25T03:00,6.9,46,9.9,0.0,0.0,0.0,90,1.10
2019-12-25T04:00,7.1,42,9.2,0.0,0.0,0.0,85,0.40
2019-12-25T05:00,6.6,13,12.2,0.0,0.0,0.0,90,0.00
2019-12-25T06:00,5.9,33,9.2,0.0,0.0,0.0,93,0.00
2019-12-25T07:00,6.0,72,9.9,28.0,23.0,58.1,93,0.00
2019-12-25T08:00,7.4,100,12.4,122.0,118.0,22.3,88,0.00
2019-12-25T09:00,8.9,100,15.0,237.0,229.0,25.1,83,0.00
2019-12-25T10:00,9.6,100,18.1,254.0,253.0,2.4,81,0.00
2019-12-25T11:00,10.7,100,16.3,309.0,309.0,0.0,75,0.00
2019-12-25T12:00,11.1,100,12.7,247.0,247.0,0.0,73,0.00
2019-12-25T13:00,11.3,100,9.9,219.0,219.0,0.0,70,0.00
2019-12-25T14:00,11.2,100,6.2,206.0,206.0,0.0,70,0.00
2019-12-25T15:00,10.9,68,6.0,137.0,131.0,26.9,75,0.00
2019-12-25T16:00,10.0,49,4.3,0.0,0.0,0.0,77,0.00
2019-12-25T17:00,9.7,99,9.6,0.0,0.0,0.0,77,0.00
2019-12-25T18:00,9.2,98,7.8,0.0,0.0,0.0,79,0.00
2019-12-25T19:00,8.9,84,3.4,0.0,0.0,0.0,76,0.00
2019-12-25T20:00,8.9,75,7.3,0.0,0.0,0.0,80,0.00
2019-12-25T21:00,8.8,53,9.8,0.0,0.0,0.0,81,0.00
2019-12-25T22:00,8.7,42,11.0,0.0,0.0,0.0,79,0.00
2019-12-25T23:00,8.2,59,7.2,0.0,0.0,0.0,80,0.00
2019-12-26T00:00,7.4,56,3.3,0.0,0.0,0.0,81,0.00
2019-12-26T01:00,7.2,52,6.1,0.0,0.0,0.0,80,0.00
2019-12-26T02:00,7.2,35,0.8,0.0,0.0,0.0,82,0.00
2019-12-26T03:00,6.6,22,1.8,0.0,0.0,0.0,85,0.00
2019-12-26T04:00,6.6,37,5.4,0.0,0.0,0.0,83,0.00
2019-12-26T05:00,5.5,54,5.2,0.0,0.0,0.0,84,0.00
2019-12-26T06:00,5.4,42,1.5,0.0,0.0,0.0,81,0.00
2019-12-26T07:00,5.8,34,6.5,29.0,18.0,128.6,80,0.00
2019-12-26T08:00,7.9,33,6.8,169.0,49.0,672.4,74,0.00
2019-12-26T09:00,9.7,1,1.3,324.0,50.0,862.1,59,0.00
2019-12-26T10:00,10.4,0,4.8,432.0,145.0,684.7,54,0.00
2019-12-26T11:00,11.4,0,7.7,498.0,149.0,733.9,50,0.00
2019-12-26T12:00,12.1,0,9.7,521.0,68.0,937.7,49,0.00
2019-12-26T13:00,13.1,0,12.3,468.0,60.0,924.3,45,0.00
2019-12-26T14:00,13.3,0,10.0,355.0,58.0,840.9,46,0.00
2019-12-26T15:00,12.7,0,10.2,194.0,51.0,636.8,47,0.00
2019-12-26T16:00,10.2,1,7.0,0.0,0.0,0.0,64,0.00
2019-12-26T17:00,8.7,3,8.1,0.0,0.0,0.0,67,0.00
2019-12-26T18:00,8.0,3,6.7,0.0,0.0,0.0,69,0.00
2019-12-26T19:00,7.4,3,8.4,0.0,0.0,0.0,73,0.00
2019-12-26T20:00,6.8,5,8.0,0.0,0.0,0.0,78,0.00
2019-12-26T21:00,6.4,3,8.4,0.0,0.0,0.0,78,0.00
2019-12-26T22:00,5.5,4,6.9,0.0,0.0,0.0,72,0.00
2019-12-26T23:00,4.9,4,5.8,0.0,0.0,0.0,70,0.00
2019-12-27T00:00,4.4,2,5.9,0.0,0.0,0.0,69,0.00
2019-12-27T01:00,3.7,4,5.8,0.0,0.0,0.0,71,0.00
2019-12-27T02:00,2.9,4,1.3,0.0,0.0,0.0,76,0.00
2019-12-27T03:00,2.2,2,1.6,0.0,0.0,0.0,77,0.00
2019-12-27T04:00,1.9,3,1.8,0.0,0.0,0.0,74,0.00
2019-12-27T05:00,1.6,4,2.6,0.0,0.0,0.0,78,0.00
2019-12-27T06:00,1.0,4,2.2,0.0,0.0,0.0,83,0.00
2019-12-27T07:00,1.7,0,1.9,32.0,11.0,246.7,87,0.00
2019-12-27T08:00,4.4,0,2.4,171.0,43.0,720.1,93,0.00
2019-12-27T09:00,7.7,0,2.0,290.0,168.0,384.3,85,0.00
2019-12-27T10:00,9.5,0,5.9,428.0,177.0,598.9,74,0.00
2019-12-27T11:00,11.4,1,7.6,485.0,216.0,565.2,61,0.00
2019-12-27T12:00,12.4,0,10.0,503.0,153.0,723.3,50,0.00
2019-12-27T13:00,13.3,0,11.0,439.0,177.0,592.0,43,0.00
2019-12-27T14:00,13.9,0,9.5,351.0,80.0,764.1,40,0.00
2019-12-27T15:00,13.1,0,4.6,176.0,84.0,406.6,48,0.00
2019-12-27T16:00,10.6,0,6.4,0.0,0.0,0.0,58,0.00
2019-12-27T17:00,8.5,0,8.3,0.0,0.0,0.0,63,0.00
2019-12-27T18:00,7.6,3,9.2,0.0,0.0,0.0,67,0.00
2019-12-27T19:00,6.6,3,6.9,0.0,0.0,0.0,73,0.00
2019-12-27T20:00,5.6,4,6.6,0.0,0.0,0.0,79,0.00
2019-12-27T21:00,5.2,3,7.1,0.0,0.0,0.0,81,0.00
2019-12-27T22:00,4.7,2,4.6,0.0,0.0,0.0,78,0.00
2019-12-27T23:00,4.0,2,5.2,0.0,0.0,0.0,80,0.00
2019-12-28T00:00,3.2,2,3.2,0.0,0.0,0.0,86,0.00
2019-12-28T01:00,2.7,4,1.5,0.0,0.0,0.0,85,0.00
2019-12-28T02:00,2.2,2,2.2,0.0,0.0,0.0,84,0.00
2019-12-28T03:00,1.9,3,4.4,0.0,0.0,0.0,84,0.00
2019-12-28T04:00,1.7,4,2.9,0.0,0.0,0.0,83,0.00
2019-12-28T05:00,1.2,2,1.6,0.0,0.0,0.0,84,0.00
2019-12-28T06:00,1.0,7,3.4,0.0,0.0,0.0,85,0.00
2019-12-28T07:00,1.8,1,2.6,29.0,13.0,188.8,88,0.00
2019-12-28T08:00,4.6,0,1.5,155.0,55.0,564.6,93,0.00
2019-12-28T09:00,7.7,0,0.7,295.0,110.0,583.3,89,0.00
2019-12-28T10:00,9.7,0,2.3,429.0,105.0,772.9,75,0.00
2019-12-28T11:00,11.5,0,3.9,498.0,95.0,846.0,70,0.00
2019-12-28T12:00,12.8,0,4.0,516.0,64.0,932.4,58,0.00
2019-12-28T13:00,13.9,0,5.8,461.0,61.0,901.3,49,0.00
2019-12-28T14:00,14.5,0,6.5,351.0,61.0,814.0,49,0.00
2019-12-28T15:00,13.9,0,7.6,185.0,77.0,473.4,58,0.00
2019-12-28T16:00,11.0,0,6.8,0.0,0.0,0.0,71,0.00
2019-12-28T17:00,8.9,0,6.3,0.0,0.0,0.0,83,0.00
2019-12-28T18:00,7.8,6,3.1,0.0,0.0,0.0,88,0.00
2019-12-28T19:00,7.2,15,3.6,0.0,0.0,0.0,86,0.00
2019-12-28T20:00,6.7,16,4.1,0.0,0.0,0.0,87,0.00
2019-12-28T21:00,6.3,16,0.8,0.0,0.0,0.0,86,0.00
2019-12-28T22:00,6.0,22,2.3,0.0,0.0,0.0,85,0.00
2019-12-28T23:00,6.0,16,3.9,0.0,0.0,0.0,86,0.00
2019-12-29T00:00,5.9,25,5.4,0.0,0.0,0.0,89,0.00
2019-12-29T01:00,6.1,40,6.9,0.0,0.0,0.0,86,0.00
2019-12-29T02:00,5.9,36,6.5,0.0,0.0,0.0,88,0.00
2019-12-29T03:00,6.1,36,7.0,0.0,0.0,0.0,86,0.00
2019-12-29T04:00,6.1,44,8.4,0.0,0.0,0.0,87,0.00
2019-12-29T05:00,7.0,53,7.4,0.0,0.0,0.0,90,0.00
2019-12-29T06:00,7.5,64,14.5,0.0,0.0,0.0,94,0.00
2019-12-29T07:00,6.9,45,8.6,22.0,22.0,0.0,96,0.00
2019-12-29T08:00,8.3,45,5.9,119.0,118.0,5.7,93,0.00
2019-12-29T09:00,10.4,53,8.7,166.0,166.0,0.0,86,0.00
2019-12-29T10:00,11.7,55,12.6,295.0,271.0,57.2,81,0.00
2019-12-29T11:00,12.7,67,7.8,335.0,328.0,14.7,73,0.00
2019-12-29T12:00,13.3,100,8.3,329.0,329.0,0.0,72,0.00
2019-12-29T13:00,12.8,70,8.2,241.0,241.0,0.0,75,0.40
2019-12-29T14:00,11.7,77,9.5,121.0,121.0,0.0,85,0.70
2019-12-29T15:00,10.9,64,13.0,60.0,60.0,0.0,91,0.00
2019-12-29T16:00,10.4,78,10.8,0.0,0.0,0.0,96,0.00
2019-12-29T17:00,10.3,70,10.4,0.0,0.0,0.0,94,0.00
2019-12-29T18:00,10.1,43,8.9,0.0,0.0,0.0,92,0.00
2019-12-29T19:00,9.9,68,8.0,0.0,0.0,0.0,89,0.00
2019-12-29T20:00,9.8,57,6.9,0.0,0.0,0.0,89,0.00
2019-12-29T21:00,9.6,47,5.2,0.0,0.0,0.0,91,0.00
2019-12-29T22:00,9.4,50,2.7,0.0,0.0,0.0,92,0.00
2019-12-29T23:00,9.4,23,3.6,0.0,0.0,0.0,91,0.00
2019-12-30T00:00,8.9,25,6.0,0.0,0.0,0.0,93,0.00
2019-12-30T01:00,8.7,29,7.2,0.0,0.0,0.0,93,0.00
2019-12-30T02:00,8.8,41,6.7,0.0,0.0,0.0,91,0.00
2019-12-30T03:00,8.7,25,8.5,0.0,0.0,0.0,90,0.00
2019-12-30T04:00,8.3,28,6.4,0.0,0.0,0.0,92,0.00
2019-12-30T05:00,7.9,7,7.6,0.0,0.0,0.0,92,0.00
2019-12-30T06:00,7.4,4,8.8,0.0,0.0,0.0,91,0.00
2019-12-30T07:00,7.0,0,6.8,26.0,17.0,107.0,91,0.00
2019-12-30T08:00,8.8,0,4.4,164.0,32.0,749.3,87,0.00
2019-12-30T09:00,11.0,0,0.7,320.0,45.0,867.9,81,0.00
2019-12-30T10:00,11.2,0,5.5,438.0,54.0,914.9,71,0.00
2019-12-30T11:00,11.7,0,5.0,504.0,59.0,931.5,65,0.00
2019-12-30T12:00,12.7,0,3.6,511.0,62.0,922.1,61,0.00
2019-12-30T13:00,13.5,0,4.1,457.0,67.0,873.1,61,0.00
2019-12-30T14:00,14.2,1,6.8,348.0,59.0,803.2,59,0.00
2019-12-30T15:00,13.5,0,6.9,194.0,52.0,611.7,65,0.00
2019-12-30T16:00,11.7,2,2.6,0.0,0.0,0.0,75,0.00
2019-12-30T17:00,9.9,6,4.0,0.0,0.0,0.0,82,0.00
2019-12-30T18:00,8.9,4,4.3,0.0,0.0,0.0,84,0.00
2019-12-30T19:00,8.2,4,3.6,0.0,0.0,0.0,86,0.00
2019-12-30T20:00,7.6,4,3.6,0.0,0.0,0.0,88,0.00
2019-12-30T21:00,7.1,2,2.6,0.0,0.0,0.0,88,0.00
2019-12-30T22:00,6.7,3,2.3,0.0,0.0,0.0,89,0.00
2019-12-30T23:00,6.2,3,3.7,0.0,0.0,0.0,88,0.00
2019-12-31T00:00,5.7,3,1.8,0.0,0.0,0.0,88,0.00
2019-12-31T01:00,5.3,3,1.5,0.0,0.0,0.0,87,0.00
2019-12-31T02:00,4.8,3,3.6,0.0,0.0,0.0,88,0.00
2019-12-31T03:00,4.8,3,3.1,0.0,0.0,0.0,87,0.00
2019-12-31T04:00,4.7,3,7.5,0.0,0.0,0.0,82,0.00
2019-12-31T05:00,4.8,1,7.6,0.0,0.0,0.0,76,0.00
2019-12-31T06:00,4.9,1,8.4,0.0,0.0,0.0,74,0.00
2019-12-31T07:00,5.1,0,8.2,31.0,10.0,250.4,75,0.00
2019-12-31T08:00,8.4,0,5.1,168.0,32.0,773.5,78,0.00
2019-12-31T09:00,11.7,0,8.3,322.0,55.0,842.6,70,0.00
2019-12-31T10:00,13.3,0,5.4,441.0,88.0,840.2,57,0.00
2019-12-31T11:00,14.4,1,1.8,504.0,77.0,892.3,49,0.00
2019-12-31T12:00,15.4,1,2.9,516.0,63.0,928.0,44,0.00
2019-12-31T13:00,16.1,3,4.3,421.0,168.0,564.3,42,0.00
2019-12-31T14:00,16.5,0,4.7,293.0,182.0,306.9,43,0.00
2019-12-31T15:00,16.4,0,4.0,197.0,57.0,597.5,41,0.00
2019-12-31T16:00,13.9,43,1.9,0.0,0.0,0.0,53,0.00
2019-12-31T17:00,11.2,16,2.9,0.0,0.0,0.0,64,0.00
2019-12-31T18:00,9.7,18,2.9,0.0,0.0,0.0,69,0.00
2019-12-31T19:00,8.7,19,3.4,0.0,0.0,0.0,76,0.00
2019-12-31T20:00,7.7,16,6.3,0.0,0.0,0.0,84,0.00
2019-12-31T21:00,7.4,16,4.5,0.0,0.0,0.0,88,0.00
2019-12-31T22:00,7.6,17,7.2,0.0,0.0,0.0,83,0.00
2019-12-31T23:00,7.0,16,6.5,0.0,0.0,0.0,87,0.00
