P_phys_pu,I_F
0.048902633336414696,0.32408227169069237
0.10207499948900646,0.25650491106297274
0.16151007219108618,0.12509423839225425
0.22249904477011484,0.038295068208646005
0.28233819548113726,0.06051825762378767
0.33949041935680296,0.06262717928229423
0.3930059669578094,0.07494530777525008
0.4421700631029,0.032128836961559284
0.4868205429871443,0.02482021917277621
0.5269356695978036,0.02018144085364086
0.562650787683937,0.032549676986565565
0.5938787357329938,0.02243498417930683
0.6142048799146907,0.029958486074293595
0.5107441456055947,0.02699683371033596
0.4662339365790139,0.05700023498237774
0.2982218823805055,0.0850465244440844
0.22940960205862754,0.26759997323762774
0.15436245773362128,0.25034639476535053
0.0791249546676807,0.04244007066245844
0.018893596199942873,0.34110163684563566
0.04719658104336173,0.21533122903518045
0.09936533824003142,0.2017179068477701
0.15781880371559506,0.1089289253117402
0.21774684261702132,0.09200503531598178
0.27653281414499076,0.07472387144736913
0.3327838573595664,0.05247735123690686
0.3853912904053514,0.04402944860819966
0.4335824994886572,0.03538952597654953
0.4775093773851782,0.028779824224809916
0.5170037173576477,0.023357653608152586
0.5069779559776643,0.021040382408490984
0.4630346739357014,0.026495541035255577
0.41409301326690773,0.03387658808311326
0.3592445556738744,0.04567384386214017
0.29808889323748117,0.05824166194055892
0.2303550965900328,0.08850705932301561
0.15629465376818905,0.1678430233863443
0.08167188078289465,0.40985742087791277
0.020785539372765147,1.557536938855141
0.04683104244818974,0.14607316767537115
0.09902581770907583,0.22033785861300922
0.1576546949196838,0.08688028607073518
0.2179186920644369,0.08722018372138547
0.27711666307238475,0.07214689542171869
0.33372140325506666,0.058523510269281126
0.3867826577676622,0.043822885044361805
0.4357053491166447,0.03509567682618024
0.5201360945713851,0.028399585139062412
0.5558327779265191,0.023512435474449714
0.5873771448271022,0.020516144483766784
0.6146032861864429,0.03592485251037182
0.6375784364925414,0.03602851384361997
0.693916130799381,0.02177585968753393
0.6898262401304088,0.021936473519727304
0.6816186358852128,0.07561770985607218
0.6536886046350566,0.0374040974393292
0.6093228245144543,0.10125698958644758
0.5097567400532019,0.214558667976531
0.4665559380757724,0.04107105270678593
0.4178210494567288,0.0279749576554628
0.36306986949414294,0.14108259677994944
0.23428266598709777,0.04716078895297497
0.1602278811036352,0.2327917219541252
0.08533115705595325,0.3987553004657034
0.02310768165513549,0.22559771503103457
0.04577254046950429,0.3177114926035787
0.09736905935027089,0.08427730915293401
0.1554042796634305,0.047808522152251814
0.21509888089629067,0.023298313062906032
0.273685285727703,0.0894141714745071
0.32981256669456166,0.0806757573731336
0.38243867448155094,0.21141568897311439
0.43125711969019204,0.02709284285063075
0.47561777297994084,0.023539451741829965
0.5159585953043059,0.029716462649415333
0.6550727858932474,0.0566868301769039
0.6825291098162604,0.0290887227825197
0.6947560687379479,0.020311402631462246
0.6908142007847461,0.03514015557409799
0.5102138098852923,0.0228843514554852
0.46673362183810646,0.026793795417045373
0.41807207581682276,0.037246319825172604
0.3639184634838059,0.04011943168903897
0.30339871153978254,0.053892599547100045
0.23635500351753191,0.07452140641446457
0.16293498128205688,0.15920698359501545
0.08829495494996846,0.4394768797230871
0.02531345309953571,0.8396953984428385
0.330252765350827,0.06638837585925748
0.384711734076006,0.046558403387434284
0.4354629398644432,0.035502879885241895
0.48215078129789873,0.1298979337003188
0.5249582630811085,0.06364364646010866
0.5635785769039091,0.18027812306966862
0.598192923111402,0.05137277082753543
0.6283272278422303,0.049926339234051806
0.654149546510841,0.025255912961898972
0.6757678269710545,0.07049554892322103
0.7057766122963309,0.03215044889791501
0.6779986472443187,0.03269161331938103
0.6569160299539345,0.042725975107487935
0.6005030890468783,0.027082142192912082
0.5652281088290331,0.05346036353663104
0.5251482191545549,0.022491097430499617
0.4798784550055516,0.0764980414230255
0.4291409613681312,0.2071435745901864
0.37267945965048926,0.11777041359465319
0.31025950932718344,0.05843042153517018
0.2417083153472381,0.13376537133978206
0.2136764233736513,0.020191358064382298
0.2735020383850574,0.022218667229284682
0.37601920851326903,0.0333033188952242
0.31361207930338914,0.024645280548214316
0.24516917622320733,0.0361555076838976
0.15149621043232894,0.08723169430156888
0.26914557368466957,0.05637766859427615
0.32534333077315225,0.11682441641676417
0.37838019832558173,0.10862534806104863
0.42727434369698253,0.10000411351817902
0.47220920947223205,0.06390269461080907
0.5129343426002214,0.029821832606200048
0.5494279481621456,0.1409302444156055
0.5816669445143727,0.10411193460928235
0.6096801072519114,0.07934720815607826
0.6335176206393758,0.03578072383594939
0.6532349848221322,0.025104421852684827
0.6691837896349901,0.04552571086668956
0.6889755795210961,0.06027036530790076
0.6931827918866633,0.03412362845709073
0.693822506106688,0.039287582985601
0.6902617602557616,0.08044099057954349
0.6827191597530428,0.06319843372415287
0.6715676518303682,0.0848123515412427
0.656067310308372,0.12328386817153837
0.6365954461808774,0.07679475002703184
0.5846206114502714,0.04637588737357842
0.5518074051002404,0.08702746247048997
0.4234268113390484,0.02198481356328064
0.31075493122418657,0.033928775484989564
0.24491632855816445,0.034130498711649374
0.17274918752702506,0.03207766266295056
0.09853698632999076,0.03532506407581876
0.32322656988765536,0.02210470078960823
0.5511360129930468,0.027818136800247178
0.6977873387642516,0.03762655623100042
0.7025863973968094,0.04752122035857044
0.7034952581249367,0.04627921693251392
0.7006408631562666,0.03359254349426351
0.6825089976587995,0.026483501767523003
0.6670462397868092,0.02477490685803066
0.6472817186138532,0.026947725482617403
0.5614698572514878,0.0352383348970589
0.5232645354862405,0.09266549090019507
0.479881793240765,0.0996398730709759
0.4311946480152136,0.03777192414111103
0.3767279931368333,0.024894090993850888
0.3162709119841597,0.04225474498131
0.26638849759652794,0.021749345426327286
0.32266666924588766,0.03148209866973376
0.512269666161977,0.03757316028991928
0.5829639717312822,0.026852360746281657
0.6372918768595308,0.02726763764570421
0.6585326899618984,0.05447002586900083
0.6754880430661986,0.041366742140715486
0.6886043904314585,0.022304405697653688
0.6974167607917143,0.042912207075036846
0.7024834269452964,0.06482947117737571
0.7036166720805158,0.07073875896748923
0.700515249500476,0.08950188447943914
0.6933684200345644,0.04906328324541303
0.6666757923953355,0.05459529229631257
0.646906831404956,0.02661383567488721
0.622821489385831,0.05648970149671336
0.5610185037810592,0.02865640611102449
0.378486935977502,0.06680425543440258
0.10682809396853736,0.04349803569473565
0.03921410084896572,0.06473008466731832
0.043405361676875816,0.020323816128249617
0.09363669961068166,0.16156646560039506
0.1507033228200002,0.22360173417776538
0.20996126966183185,0.04280839604294473
0.2684927886979146,0.031853570926489085
0.32471294295286196,0.06331151324273071
0.4271818883089546,0.17698119204069185
0.4726524638800378,0.08053246374617642
0.5139736190097536,0.04383393176703749
0.5507954658367412,0.020216900314641816
0.6578699009058586,0.08650985692463933
0.6390552667472987,0.2375120125277275
0.6157282277416309,0.06541054275030932
0.5882557408719458,0.2994719200047826
0.5565137395043632,0.2309455644457358
0.5197804619376246,0.043615159739876744
0.4781803870279168,0.04457060806031121
0.4312903653844742,0.23034860610621888
0.37889155563198057,0.19880738217217045
0.32040593789645977,0.0531727545196043
0.25555717540426764,0.18582004803632626
0.18425846647128735,0.10992267657220946
0.11016670630299441,0.25029802366295023
0.042124742321659185,0.6943213015668723
0.043229356383817315,0.08649391459679275
0.09328278421438646,0.18163425058225596
0.15032382779005904,0.10301280773261073
0.20964579854119914,0.04468429004233584
0.3250414998855133,0.02496820791903932
0.37853049762595176,0.025338488930416583
0.6408647811979385,0.02901396828654957
0.6904201215931928,0.04397294301436829
0.7012163808316845,0.0466210716452375
0.6677295506857027,0.07162828184825419
0.6252273077685119,0.02039076330105007
0.5974298437383682,0.06975501542465026
0.5650399122630286,0.11388289257392449
0.5278168181155773,0.03044362108743402
0.3258496357541805,0.031036345487040408
0.09332695942598103,0.21556922387492888
0.15017941236996718,0.03582284079091161
0.20922657299645764,0.11857152770601695
0.4262473292628751,0.036261761356464764
0.47160780431588395,0.11469718295146324
0.512625218089491,0.16693459660032486
0.5831512650177051,0.11372462844537415
0.6372993580168284,0.08180144841581706
0.6582494375092361,0.10454995013619763
0.7028412747960124,0.08268127771772699
0.7039787540462744,0.07073523906522847
0.69498640346033,0.11425461052140357
0.6841055550905445,0.09837051358265375
0.5671458579605188,0.22389885249070332
0.5300117403846999,0.4128375716483117
0.48783096500280354,0.09156896087409833
0.4404513923126529,0.14309745554206466
0.3878724088718303,0.09571045477024562
0.3292544145960292,0.13625903463164724
0.2645147351875511,0.04821301251739758
0.19328603240558162,0.22504816868147676
0.11901718410176643,0.4835945424298108
0.0438646980722145,0.1609102601546524
0.09404217919399904,0.1931597495430393
0.1511165699121823,0.025354133203815365
0.21048440195943643,0.1864963653202614
0.2691730931166014,0.035940848162383916
0.3256953618337603,0.06822638185762328
0.3791261259939964,0.04091717649097121
0.42868875427282294,0.0550819215117178
0.47420223965963076,0.04949251588082366
0.5861299737492143,0.05576393172245631
0.6153708639230637,0.18663484662209434
0.6402488824101435,0.12469492704431592
0.6614386819763901,0.18305060656830976
0.678611465531807,0.03582832987367604
0.6915799016930391,0.06026263449603515
0.7012195707350423,0.029894025844328324
0.6298627039534528,0.020274296034423055
0.6020579723612778,0.07762151942178992
0.5693943793830641,0.051573727438760805
0.532198382981342,0.046511705924503106
0.39112864873440084,0.02936368126771075
0.33300866613476954,0.04022923193244115
0.26859653360585267,0.04272754559302122
0.19760411124920826,0.03259599523033657
0.12330502931481672,0.05512352503475847
0.3822230839032761,0.023075755820619468
0.4331887029415258,0.026861939725782023
0.4803109659207258,0.03816453095984768
0.523408964542271,0.09516171897912652
0.5623929454497223,0.08937290691876575
0.5969027643265773,0.03938325191227073
0.6530709854127964,0.02146423439599939
0.7064144599300746,0.07698287956583146
0.7216451301362367,0.044193223473929136
0.7233032049790095,0.13350448808611332
0.7205788767943563,0.05080930705073149
0.713696372337696,0.08584791923999742
0.7028517955821659,0.09936387187610914
0.6875014226276808,0.021546145503235456
0.6679052113116786,0.07169222963044972
0.6439132979668751,0.033053605204016255
0.5023708370591129,0.03103209922615843
0.40084076215974235,0.0979047824509703
0.34131921267205356,0.1554632289324267
0.2757513438957011,0.2804179505802993
0.20375557722111234,0.05035649291502067
0.12862925500836112,0.09393450600859192
0.05686883034889099,0.05741207681106896
0.3280586718874224,0.022110810278744272
0.5048450694650742,0.02953249018834685
0.27892991298314235,0.033218677340114966
0.20744022198588474,0.023825054085421987
0.13252914514453862,0.09697665071062228
0.06046823845631739,0.09879420610660586
0.1513443460352097,0.04475177097169002
0.21089372867461934,0.020180315256234465
0.32773201462140833,0.04218165474113518
0.5634701613441674,0.02872639803605489
0.6800633923484591,0.024555228736571316
0.7314926269612163,0.04438474393117478
0.5561214099920742,0.03999856405609089
0.2829293850949093,0.023821393414674034
0.21038788450127702,0.024713568850350774
0.32614550273228166,0.03403696814345833
0.4309542992846093,0.0490215610559472
0.47788080916719605,0.0446789179586144
0.5207556540557376,0.06900575662258025
0.5594197291725234,0.09607448136781926
0.5941641040692918,0.03948810409505471
0.6243928760607173,0.02962544914623786
0.6506663411135661,0.020380460510125077
0.7152346066260218,0.021322025297173596
0.722891726525354,0.02408996463962646
0.7145268054938176,0.03056197122526481
0.7041847511080312,0.023257945598963655
0.689346587141325,0.020136907541327922
0.6704956220488597,0.02806955075933143
0.40823823516674074,0.03256764169446171
0.21571730823297136,0.04056904845475418
0.14165603414811226,0.08597852053320576
0.06886444620507531,0.08768779391802603
0.09581256247838411,0.1159212743784901
0.15249658835976043,0.03065409682056135
0.2113477776468396,0.0733480355642829
0.37879175825671896,0.07444822576217698
0.42802399482030473,0.051920612125863685
0.4730669915609386,0.02805055059104639
0.5141238274206992,0.030136819958917246
0.5838960921937353,0.1720184944130783
0.6373983935128426,0.09272761028919603
0.6582529808121792,0.03878524704675979
0.6751446259792727,0.06767008043347031
0.688120375739499,0.03636566127658803
0.6973021262114336,0.08644504282159166
0.7031641630684495,0.11071176685211773
0.6964381490299068,0.03173818426264245
0.6866933299588349,0.08445973977007011
0.6730125790181699,0.11327299376563409
0.655242962843804,0.050518842810396966
0.6332169470512214,0.05071877026485574
0.6066225906214766,0.07490582383973997
0.5760891544119148,0.04777271370961367
0.500582603518197,0.05232158538817279
0.4554284135967566,0.022313586345306117
0.40495306344651993,0.04616282798809515
0.3485653411204855,0.12663763496490182
0.28621208492740907,0.13001737306565872
0.21758425055879047,0.031066378870529463
0.14463667148494896,0.09448715102687426
0.07227929872331626,0.08051329023574091
0.015926712518425867,0.8273566871411966
0.04629522168350418,0.2056697580286332
0.0960056668079312,0.12691503882901534
0.15228162817082716,0.05474313591800547
0.21075498136227622,0.025624574657184207
0.3242447783211092,0.036076653002050436
0.3767368952381441,0.0237306870130804
0.4254904772697938,0.02018169557295306
0.4700802521912662,0.057971940853460656
0.5106672204461525,0.02260447906326405
0.5468951615786051,0.0630756226069074
0.5783159752600626,0.05723023112022558
0.6290654433500023,0.050037079205907456
0.6483367481948566,0.023920040737703825
0.6897759078489396,0.03183873389628825
0.6911945535913381,0.047156535678269745
0.6886239153540666,0.12441754635100734
0.6731008314589073,0.022508785535590502
0.6601039510052706,0.027200400994245682
0.643468536578264,0.0637744664015191
0.6223428722411088,0.035641079790141084
0.5675934782233876,0.11486163874219381
0.5337093413028574,0.036030034188668014
0.49473028663432583,0.12083440221936553
0.4023344757756908,0.0839500489386962
0.2869883124192718,0.02303171404927371
0.21977042116428236,0.20982915426175544
0.1480269096938414,0.08873287131146394
0.07607083300608385,0.02344010996813055
0.3280442714278073,0.025433614681891845
0.43201887929463867,0.033885380740104366
0.5209268724168601,0.02162355954234674
0.5939266076102503,0.03616457682837416
0.6244486516054657,0.020382239945762683
0.6509267839097267,0.05795255406001691
0.7191995685729222,0.025067535231922726
0.7298069133551249,0.025742687285974064
0.7292272460390007,0.050162497464394384
0.7241694419608938,0.039279343640232924
0.7149939837691813,0.03445593290778286
0.7012406834229928,0.04477963962852033
0.6831363202209664,0.09761986208289537
0.6606475224861432,0.07415938654844242
0.6337965281145683,0.02081255348952099
0.6020051919264391,0.02963778259275696
0.5654922958489187,0.0504591783579356
0.5237200472298619,0.08348393640469277
0.47680958809804636,0.1232408795880574
0.42439951947686383,0.06526237578084759
0.36607903924516016,0.09533422469552752
0.30183773831247235,0.19120414284235915
0.2316422913620325,0.05531265903301413
0.04895352180215704,0.24803156387478598
0.09983972738426046,0.16652707680010465
0.15744286069337193,0.12190570946414699
0.2175164789325097,0.09302297606622645
0.27716769341306974,0.08237856230105321
0.33492281847595234,0.05833975138719632
0.389592266830863,0.0438186600021647
0.4406651666919546,0.03646818540038104
0.4875685651136598,0.029757970812137626
0.5304354494516434,0.029094659535290893
0.568887866620163,0.022150596139315054
0.6335558461640901,0.021517648196557423
0.6994257631558327,0.023413809835914214
0.7132184761622197,0.03019961846710268
0.7288737683210028,0.024410626442734285
0.7307734528319454,0.12180602723279427
0.7290846404627992,0.10026588004913857
0.7230337031262805,0.04138860566622743
0.7131537029018188,0.1977770010479738
0.658472310084364,0.03042247846379648
0.5640679781216802,0.023691776806222458
0.5228706320594866,0.021736184959786246
0.47649046434409814,0.024186458435207336
0.4249171836160634,0.04005390694630171
0.3676428042017747,0.04567575745505689
0.30461194321128104,0.056459009637811274
0.2354208031763987,0.10501690359893112
0.16169420979183524,0.18116979648038556
0.08712715615048826,0.35813471173020006
0.024839641197479594,1.0701988601058652
0.012791082831133631,0.09409773008624056
0.05070359357253444,0.29595684095389563
0.10217796235793436,0.041145901115167
0.16019796817475748,0.09016252368389092
0.2204241537537892,0.02557298706990547
0.28010307036929866,0.04371203794276268
0.3377362814231056,0.0874789450058863
0.4428215599906,0.02481026858364614
0.48939181281930955,0.14352038629054173
0.5317095072352096,0.020797079432023913
0.6041877267855698,0.04946595142891879
0.6598924125931908,0.04122482683934753
0.6818308268608348,0.06927098725606985
0.6997940302688945,0.026287573035981164
0.7310255518722643,0.03705372063766953
0.5627752902302326,0.024796609815625176
0.5217799920514035,0.022433006660510874
0.4757875494203318,0.04004462169819655
0.4251810562985735,0.02781582123106969
0.36882477325485824,0.05529122269757955
0.30662098920349756,0.07363264213251337
0.23836783676020526,0.028702863236903374
0.16532680246212195,0.15524086091550204
0.09107455830661113,0.29190070133550994
0.027774855628697512,1.1444147818236639
0.013449133667045152,0.18411882877549376
0.05152969698039491,0.2932111209587385
0.10286572538172369,0.16305261376193284
0.160597502479039,0.11742767474342064
0.2204418891043072,0.08987377451873675
0.2796486845879258,0.0767516756349368
0.3366921663641672,0.05776769138478852
0.3904174307792425,0.03957941164870438
0.44014049812933054,0.036712717192588146
0.4858548262736893,0.02865409421483262
0.5273977490477335,0.025199638296684666
0.5982342023332744,0.02203104100689825
0.6276641620169569,0.02283400205834058
0.5227623440765622,0.05715075270916481
0.372370120497491,0.02245256290608738
0.31079774802503,0.08441051282684496
0.24298298181098205,0.13367572832071856
0.17035091344044218,0.16440907989464104
0.09592372745946572,0.37316575423362586
0.031195941500727898,0.593486118531174
0.014139821011720347,0.11905893917778726
0.05235446707690703,0.26489658728518617
0.10349775918906702,0.14183063163342208
0.1609548377547104,0.10908606844898107
0.2205897304295717,0.07231917260777862
0.27973530887455456,0.057834421383290424
0.33677302795269753,0.08678599130912386
0.39049406612194715,0.04220381873589468
0.4407139057370083,0.03318253533600057
0.48684874109272164,0.03659390352699788
0.5664398474849951,0.029375894075978896
0.5225980648011838,0.020553530346379044
0.478490449512947,0.02745298606876957
0.4293639233693048,0.03301236901622615
0.37445518526584215,0.039506293305125756
0.3135665083528309,0.05546067975766229
0.24648575570772246,0.08013311874965721
0.17444458767477383,0.140970390331448
0.10020465883501234,0.36601845995369614
0.03451879119652843,0.8922710855145286
0.01515054203613641,0.11614516891025391
0.054055692242979826,0.2776289069005205
0.10589336353486713,0.1466270645605414
0.164045735157517,0.11340560059912044
0.22432846816881252,0.08688333898033562
0.28412278356131637,0.07744867098502092
0.34184166221162465,0.05393317285033233
0.39633226296833257,0.04802413499919817
0.4467213056645141,0.03455381347236258
0.4929311069325915,0.029040307787028055
0.534834589944178,0.024241828181903968
0.5722795889595098,0.02045447040126642
0.5226948250075748,0.021573678157007233
0.47903882406320436,0.02660903516233474
0.43050457581080986,0.03355322594182277
0.37631741351180953,0.03905793907013063
0.3162868744831023,0.05363796412049734
0.24985009588355805,0.07295223251597723
0.1784421691354681,0.1354790606646142
0.10450314922866123,0.354342371363376
0.03797323886226235,0.8495464041899843
0.05518015551878898,0.19592016284071792
0.10686338495590679,0.11970839016069386
0.16460704961613123,0.029725322402727867
0.22448593923529508,0.057431854025914074
0.2837195655521789,0.07345743155761807
0.34090899676103864,0.04312123158494264
0.4451993500025621,0.04115853487066561
0.49154789476519145,0.03999096554902224
0.7221202163259162,0.026178257041531712
0.728050647252747,0.02848681054275696
0.7288058159530015,0.08373273882754621
0.7235388991917883,0.027584946581534483
0.7007543224043626,0.05533736826936596
0.6357368586027481,0.10782858528982868
0.6058596069384174,0.07152795642044935
0.5713945926612094,0.13694278285892533
0.4876161448325398,0.11886828403768569
0.43846356535815967,0.11336194949778235
0.38353382952435644,0.0641770938354267
0.3228255992579591,0.0434469264639815
0.25585639794316223,0.04290093819498135
0.18394933109861386,0.12571227916452263
0.10948756024644128,0.1369230068213072
0.04170500511415577,0.24817587555460632
0.016990189455712346,0.2773243589229064
0.056449018337386414,0.19867242591521939
0.10816539325926723,0.1729782889737767
0.16593530620223526,0.054590389045275384
0.22573737450390516,0.020327827856677444
0.2848701507757919,0.18033207206244456
0.3418007168235753,0.09397219374066056
0.3955011399163078,0.07971466597828267
0.4450449316375381,0.04383854538889903
0.4903941392546817,0.07741778090497006
0.5316438145797341,0.05006593964420292
0.5685037633614556,0.04901423408081499
0.6534846906330958,0.0246919752467894
0.7028139069411022,0.035382085591990346
0.7120522454403856,0.0778870345890701
0.6275547305731656,0.026658975143371285
0.5984553759836797,0.030799786864326915
0.5262755768394937,0.029886321724909144
0.32227010940478695,0.06579801991349302
0.25683821466286566,0.09080686302989716
0.18635183676575834,0.1831177585979388
0.1128620073392189,0.3511087552211891
0.04499464459950731,0.42328631181551857
0.10867686334792395,0.07551944062944296
0.22512362942948788,0.055298938190537474
0.2836785817867817,0.04460082716614708
0.34006149728860163,0.029006882681913638
0.3933186672609392,0.03984405683824345
0.48873268823780935,0.04928836769043388
0.5301807090672768,0.13825357953804362
0.5674979177129429,0.16470916238382405
0.6003859603598612,0.02685632284987846
0.7039899284180455,0.021766364991884963
0.6288690948331067,0.07290338790401019
0.5287651902126591,0.022755344921376805
0.48587852875693266,0.05888421915992522
0.4382522014587926,0.032011259035446334
0.38513808452772774,0.052034628499739645
0.3260714055470213,0.08513675950934925
0.26100765851858465,0.06686219147966355
0.19081045506831878,0.06940051993215529
0.04881689671803454,0.11265261217890078
0.1107558002458057,0.09427378702637307
0.16823213739871484,0.04573455761406408
0.22745503586942567,0.03362893165749337
0.28612285633313456,0.024549329528347975
0.34256250618594575,0.023518651550188716
0.3958558158530916,0.04207222013572443
0.44549083014426694,0.16065778317353113
0.49117816919580715,0.16696697930116877
0.5696972247082395,0.2188054240292934
0.6029614225091521,0.05018400816077964
0.631848232331234,0.2277757887954735
0.6566342051400659,0.08221713348589774
0.6778650182182377,0.24046474541006738
0.6955498859999585,0.15105887650141803
0.7088525990732877,0.05322147147336363
0.7185812043105017,0.12988712661448368
0.7250141434445007,0.08525915745993036
0.7284863578655669,0.030399988929234917
0.7232801658437897,0.07758914948833531
0.7033204811045237,0.053039771771471275
0.687706465840891,0.2262455817564731
0.667319518618084,0.02600216048453336
0.6429109178114264,0.14991365765567874
0.6138551209357207,0.08729297375950844
0.5805839327015422,0.06538671856794175
0.5419133320386187,0.037437175185331226
0.4982225348416829,0.08121408708476723
0.4495429675133538,0.1028799061092009
0.3953037989310633,0.09074855941865152
0.3351802680383617,0.12969058498286568
0.26910747829508336,0.13600896564074316
0.19810560507512145,0.13031697034780668
0.12372356887491831,0.33933500461871746
0.053496734584933606,0.5650084962448041
0.17072973487006454,0.08482940930484671
0.39876285636459813,0.02734918967323281
0.6339919470679282,0.022245293192462223
0.6802088054150389,0.0938316770288157
0.6975630699851219,0.1350492551260743
0.7105187662697816,0.04593367850470448
0.7199549791502837,0.020129459908431378
0.7282521742845695,0.025209299025458997
0.7208160376365039,0.041055733007099686
0.7117676677556772,0.0355619919155983
0.6988850301901336,0.030478223189374615
0.6821870398961275,0.027742321098889057
0.6614847351185191,0.07435224642114101
0.6368097540315775,0.09993145862141117
0.608470049357829,0.07216016453628586
0.5751825004375963,0.08047763470883218
0.5373944349892384,0.11201990723693143
0.4948717182417529,0.06912807974331844
0.44757513894223033,0.03019381405478264
0.3946860487551842,0.0574768417741111
0.33586669637782884,0.10606597203179101
0.27101465648418616,0.3019393069537955
0.20095232343860428,0.115033253444813
0.12731728475305737,0.03318468698668552
0.057056606646168524,0.03554275227562871
0.398207491653154,0.028437613292496222
0.4480894968230144,0.02059053076033228
0.536175952240724,0.21377878543742507
0.5741124333022151,0.08318182685386272
0.6083605481226856,0.046518607011328435
0.6388888300368507,0.14451711623076044
0.6655211486049268,0.14271939621212412
0.6879892473322381,0.042198636247018584
0.7068255697411688,0.06726663796361289
0.7324375009251379,0.10338111962415888
0.7400795446164118,0.060993479188405274
0.7344982487614196,0.022300650314512036
0.7254167237661096,0.06718911652054035
0.6722620966734283,0.061386617655757855
0.6467084024901213,0.05476322961451491
0.5836654721106393,0.022922986687552258
0.5453427442363548,0.020783922119707934
0.5020794122763866,0.2411848786606822
0.45390517596552243,0.09989866585279734
0.40040410588100994,0.091636294344659
0.34125190135718014,0.027571710284460947
0.2762466413202283,0.09605210950035567
0.20625483179963686,0.11584862208863994
0.13251210039168992,0.19737091576801644
0.06144143912537707,0.40463101591131695
0.010154082708994504,1.6181610784355482
0.06435546254933483,0.09504732090108604
0.11692156316702149,0.08438172538404216
0.17512564628429778,0.02913323181432478
0.23521900763355724,0.0273263813054697
0.4070549292889198,0.02179646489947769
0.7630560105343152,0.021612227240648072
0.672494128584285,0.027854531362400355
0.5209715868436895,0.03525819212512194
0.4145692560097908,0.036700115551521875
0.11877350751467083,0.021031404637750894
0.17721295346001792,0.05823978392340686
0.2376339601223706,0.02461315720149553
0.3556781734859753,0.028121240650102977
0.511332793171886,0.0397241704836362
0.5558566031571005,0.0354772700695519
0.5960168056495783,0.03216015707891259
0.6645656784773434,0.03642436283717684
0.7362508423855687,0.07231308357468273
0.7520246848840323,0.02298474149077919
0.7637706945055422,0.05160925897761374
0.7711354259715091,0.053698302609612614
0.7746580089672748,0.09769851248606186
0.7691016611088711,0.03422319582885108
0.7468494360171943,0.07631742167178349
0.729270165182978,0.13245261207116188
0.707275064360344,0.10254206963804799
0.6807697288368326,0.0978947403078886
0.6496837698771092,0.11299706332434589
0.6140044363849225,0.144167900433007
0.5733998992122492,0.08260005615232095
0.52763598758876,0.3034435701255704
0.4768960064226993,0.1227844039477382
0.420655061516154,0.19611336130316578
0.35908924820436133,0.0819320510151673
0.2916250167469769,0.04381348383961721
0.2195703831034882,0.06288386536094366
0.14403763234741962,0.02673705323456611
0.07065697363379549,0.031371827162047054
0.02575105760280641,0.043923734742390225
0.0681130324368224,0.028762374854558227
0.12124696331460608,0.0737952764654211
0.24038328143526594,0.23396335644634225
0.3005438608308869,0.11182829745556996
0.3587970016167167,0.17597933575672567
0.41422453586838054,0.06642979674032352
0.5145644447614658,0.021187148871256483
0.6683868547264561,0.026461682630126975
0.6965654504909993,0.031410533073189195
0.756721959078023,0.031177029268263164
0.7760636645299065,0.08220584171971067
0.7792382019687119,0.15080987867861687
0.7780860855714531,0.13964394604105695
0.7730563257086889,0.10142201455300319
0.7637093430841647,0.08991050852065306
0.731874722969838,0.12107551593640317
0.7097315832024731,0.1086160731790057
0.6827663217671709,0.19604244197609505
0.5752679285699707,0.11731927075554119
0.42320226766707814,0.08608277173656101
0.3620991688511218,0.09780353113413823
0.2954177912926306,0.6456295307814187
0.22401777740998913,0.03702287478094672
0.14894917471446767,0.05543803940798815
0.07525492375449695,0.20621830788259185
0.017511590613442325,0.5402010596562417
0.07107618326906219,0.5900313284754498
0.12513157081918183,0.1058808017942972
0.18469669663167382,0.13005103187973513
0.24620416863977018,0.13867573225793467
0.30736615822097085,0.24774930822632457
0.36647791064095014,0.09729772194053851
0.42285726088505154,0.06478950592993449
0.4758564382859405,0.06611957141640169
0.5252328821365626,0.03526133665647206
0.5704799938520017,0.030477787103306373
0.611561664493413,0.03214661828364784
0.6486846468485598,0.022714350792692024
0.6815790093232271,0.03696332864664004
0.7106019832893967,0.041563343833398166
0.735108438095099,0.10671587843226081
0.7551314662116345,0.10417634253823882
0.7714653185838019,0.18476491670280945
0.783365647524527,0.024903492300383002
0.791203018363361,0.1274072895496226
0.7945024699331046,0.033865537466485435
0.7936403267109017,0.07800240635747216
0.7885223890722182,0.11003345176602464
0.7791520400592411,0.0501726244593873
0.7654825603550194,0.030352059810930965
0.7476434770129041,0.06462364517925949
0.7253625618847487,0.10085726137545742
0.6983758854138123,0.048004768025300855
0.6665237362801788,0.12020555482119875
0.6300557269184716,0.24743279572674343
0.5888262349932027,0.046855869892056
0.4913057008714758,0.24243546146083333
0.4346789808361642,0.2538487261851457
0.3725227895230519,0.15073545572875327
0.3046870689090127,0.16216460792059814
0.23207871724414245,0.05642594107671401
0.1558065740869761,0.11973535828691467
0.029948770296988815,0.33311856961718783
0.07443452427101233,0.1113158351187823
0.1294420745578859,0.10976598242077151
0.18985094658686955,0.24247515844097667
0.25205737075200163,0.07788460520686998
0.3138251899273635,0.23244837822102754
0.37335535843963447,0.05864741544436746
0.4828432931886704,0.13201477842088075
0.5316570481355785,0.07783608624634757
0.5763275156408997,0.08516072742947559
0.616588898812689,0.047292656090654396
0.6521959238538728,0.11820977222359738
0.7106140784165271,0.03365219626753718
0.7331601497237287,0.14677478467950741
0.7514458072857207,0.13539085236827572
0.7657266793604894,0.07420229917237899
0.7758627901786563,0.031503481933627384
0.7155766686801064,0.0244375316058884
0.6892820277802003,0.05523098215884037
0.6592106219513615,0.09843355579037612
0.6242524672055849,0.17346249360624097
0.5844297744256588,0.027210794922963355
0.4897596309520991,0.05864718537285545
0.3740878757720518,0.04977801097851293
0.3076025420852233,0.061644386253771624
0.23632189997666014,0.09973520087963694
0.1608178246901486,0.20108721634736212
0.08553174641085191,0.35725661435435263
0.023648238182586826,1.4073674052446448
0.03163749867902481,0.32911922833896695
0.07627332019358941,0.18153015146013463
0.13092744975989587,0.10934774714245614
0.19051781714128516,0.10313220975807946
0.2517470394664117,0.08237377889913483
0.31224474408911657,0.07069012494077764
0.3705183215145854,0.053036945627096176
0.42565311007540396,0.04178042312445207
0.47701045245588664,0.04203173539845806
0.5246641492746263,0.14630735558855928
0.5680342734752907,0.08059012438661439
0.6073576667116081,0.08939786903515132
0.756246882442745,0.183240735361725
0.7669242375702541,0.03359636245974075
0.7735372098581316,0.06331172011048224
0.7763672865048437,0.11785632286811878
0.7752355496687088,0.025226255208002746
0.7698589167251532,0.07742471312837881
0.7477687121709337,0.04872889873823134
0.6195661682088773,0.16260986825876475
0.5805670196033839,0.10002595284738315
0.5366474346268726,0.028230140242941806
0.4876910210093278,0.03123479337175815
0.3082711897124557,0.02193219086115028
0.2380058072642731,0.03190596292353608
0.03356549450900562,0.09462880210471916
0.07879704451772479,0.27475687078425287
0.13380703566197738,0.12549053091811924
0.1936655467650504,0.07352753288678265
0.2549282420222603,0.09046098744766712
0.3735247961402734,0.0843868861544696
0.42821085877020126,0.020262118882647808
0.47926659580940184,0.07246235564281102
0.5262430953288137,0.03201536526843439
0.5692405504871039,0.07060326351389153
0.6079633689987018,0.19357392831926842
0.6997843203102208,0.020986062498161377
0.7412516506057556,0.06490960474476154
0.755793244525252,0.14341911911400346
0.7664490448276641,0.09793020419953223
0.7761350536100463,0.1413790902696441
0.7745427570679072,0.04639971856801308
0.7693008762068118,0.042869061836976294
0.7598458210649226,0.08492992208597638
0.7464108261519246,0.14958196076415714
0.7294653070572956,0.04974945467336047
0.7076598301113597,0.12909838712014393
0.6821623394127597,0.10372632512551867
0.6524010807374817,0.11656253234496682
0.6182441201284536,0.10766692273830633
0.5794533219547904,0.07947307172854087
0.5359518262707236,0.043448378803874144
0.43439678997144743,0.025030833090560364
0.24139985967837443,0.0395247815323145
0.1675158290979783,0.09595221661231837
0.09300251118887039,0.15125164733347618
0.02937571173356951,0.2260928683358279
0.13553910495895596,0.050430339344970654
0.3178117857377785,0.02169558175883507
0.3765039086785914,0.03399754762102182
0.4321400539163956,0.08266497618545646
0.5325871828386075,0.03058714579612361
0.6532275545453146,0.03605030401149661
0.6850848719810827,0.024728212806677155
0.7365508892453166,0.02314572071214951
0.7928187260122702,0.03691596548802335
0.6358291443465497,0.059945015973523516
0.5956818027413281,0.0347631300305933
0.5507664477597214,0.0676568500918394
0.5006123323384829,0.066726149414392
0.44521299693190824,0.04440476021587878
0.3846147070579518,0.04343361263483969
0.3184933264155854,0.08069693358483009
0.24766984388491292,0.18753773017295045
0.09760708813387327,0.08428992371874282
0.036869599231603205,0.1155549124712217
0.08249597665624858,0.28810837824915136
0.13737894762579606,0.15135135420386833
0.19695182955597956,0.10235068263362913
0.2578947986081031,0.11830625208413735
0.3761400872338796,0.16659553450253717
0.43095635004289207,0.04901076658374344
0.48235160045726727,0.037308201493323756
0.6128021530396743,0.027645986667620425
0.6483817973180956,0.2126726250387042
0.7073718684885423,0.1878113407364678
0.7309456425055799,0.0215034959470459
0.7509507260119843,0.02302790081086832
0.7671399655166994,0.09892676423205993
0.787021593848265,0.10909374763957584
0.7910837848500643,0.0817808009115835
0.7913697043714905,0.05270766842978397
0.7875680967219311,0.14078853623125792
0.7793684485042522,0.04984087065124436
0.7670217575084284,0.026452838532508353
0.7506374278167671,0.038550320909790235
0.7295923190266919,0.17290497401942445
0.704112160573871,0.299727495915641
0.673739598044827,0.06589004461953889
0.6388485230434316,0.06237846622352147
0.5991234335038208,0.1797383522769691
0.5043731222573431,0.24643744919302157
0.3886511132116061,0.023442675043003916
0.25184845440323333,0.05628966684334203
0.17714023465555842,0.040180608492381156
0.1017946602409598,0.06180468037044375
0.03931113083315779,0.053123611557478814
0.0860002312887153,0.11549758982847716
0.14207470695326707,0.2603542899039205
0.20289146138250444,0.06313184259557637
0.26512743029472385,0.03574296977665143
0.32669342484218233,0.32883612631375075
0.38595343804600174,0.24749161498391678
0.442023010727931,0.08556391607322472
0.494426946781485,0.17699726285174833
0.542998952010325,0.08083321668364701
0.5872529541257874,0.027121155988819038
0.6626852529284164,0.03331376053903829
0.6941922186232419,0.03542292653548153
0.7214963474406729,0.0659508545592423
0.7448340676620461,0.16068989261307778
0.7641307440214031,0.07565301629319388
0.7796332087118406,0.10238964293524559
0.790744737811564,0.07989299511344874
0.7981469104169944,0.11833194009070262
0.8014805460916342,0.10123262060365261
0.8007525078477533,0.06851137019740905
0.7959415223134264,0.0807728213572095
0.787013680597506,0.09456479698092071
0.7739217502323933,0.1262016592047044
0.7566045798331397,0.06995592713543418
0.7349865780929931,0.0967653407045866
0.7089772788162002,0.09298094585882226
0.6784710756185124,0.02381982804914303
0.6433473053397548,0.15795433501299336
0.6034710740428612,0.024897683106276308
0.5587177314508445,0.17993187646737996
0.5089502376974702,0.07369134357265333
0.3937362459184771,0.06683482968621055
0.32801501739609246,0.12455885335020557
0.25782346908934567,0.15557310544361383
0.18323899165557755,0.1513019662667162
0.10742159206899571,0.37547468711161325
0.03982893776305096,1.125076059449138
0.04124398752797011,0.15637159180514074
0.08801009597766041,0.2752460126979692
0.14358482168481065,0.08800372324587005
0.20346759004494439,0.14208875422843875
0.26448080664288987,0.0836029640248296
0.32438671972927463,0.06944729149268657
0.38180945497213303,0.06979719560971294
0.4359999708765128,0.022445214752495966
0.48665302494049106,0.07373610973395962
0.5333231346428831,0.19712608881114496
0.5759481165697896,0.0855262899486184
0.6146479444764772,0.055456136928044415
0.6489050132386881,0.03327975979593436
0.6790175442739103,0.022870174785942488
0.7270226562369768,0.02348797535317922
0.7596971644258376,0.022507692048798957
0.7699867252387361,0.08931164992234343
0.7766992434951621,0.10347583086321835
0.7795788174717903,0.05657138406965751
0.7736819144244382,0.029388249823494327
0.7649069624489242,0.04219038471244804
0.6602995323455748,0.027401134151289298
0.6275720747825816,0.03164878248963381
0.5472970695878773,0.025327753098097223
0.11016670841728943,0.06358039613607207
0.0907995950997714,0.05513524847815242
0.14690354950665385,0.02920825076537739
0.20734441732808737,0.04055352920554321
0.7783273956224955,0.022758135605795492
0.33163501841226534,0.022819465377417816
0.18907749366562626,0.04513088054690147
0.44219812775029693,0.031709269896883864
0.6250565000239783,0.025473888718286538
0.7599247168021904,0.06518128038699328
0.7745909265711175,0.13113430779698354
0.7855620522606896,0.08447924523538439
0.7925012116591945,0.06805815671651508
0.7945008898143511,0.10826591350917283
0.7894730712446947,0.12233206732496847
0.7803040014699529,0.04414065213917868
0.7673926537882153,0.02591573454484432
0.7500855323349124,0.049358275701887125
0.7027174000900922,0.04438636552625693
0.6724543615281888,0.05130556196515806
0.6375224875964484,0.13498689987721962
0.598313272311318,0.04182787508822643
0.5544656257402732,0.13994683441260744
0.5056783396210471,0.046273051629245054
0.3936567419811827,0.2066414265117692
0.2616004184392789,0.03336950283949356
0.18943512134418825,0.08148042229371388
0.11586080826283952,0.08763071232511703
0.048334260024470256,0.09888087998103594
0.046548959278934376,0.15774766730702852
0.09379381234314159,0.058510819000843456
0.1495326703238543,0.13879343303865327
0.20958148759715034,0.13893383417760508
0.2709300815176305,0.061059244544916715
0.3314662613007762,0.16968245325978737
0.3899393736679332,0.10808751475525501
0.44573850254010045,0.053337072085347055
0.4981776833951899,0.022827984557352257
0.5468169915322861,0.04953494928462241
0.6696495593551142,0.07173965920551116
0.7026478560966178,0.04733262012105511
0.7559478701745775,0.08584368818866629
0.791804979020353,0.027943487375629673
0.8122996850862756,0.18128782487361983
0.8067704322960558,0.10034522804154669
0.7831492246147035,0.025032935518287818
0.7651734896324638,0.07051902770989979
0.7429562509434501,0.16920457595129645
0.7166979838289717,0.21139971809059377
0.6861343090229113,0.12319432889418418
0.6512945717278483,0.19625420308980204
0.6115663742627575,0.2553795642457476
0.56710642794001,0.039712226905955196
0.5180642918926661,0.0612553206050227
0.4639368702902045,0.03118388283646182
0.40471639133796017,0.108764692281188
0.33905528139821356,0.03341358151783931
0.27008856208821114,0.02189238129966679
0.19703832831319473,0.2400171072616047
0.1221346891178342,0.2004489963369515
0.05272365797997941,0.4322776877277245
0.15392830035006191,0.06738172088829739
0.21442565418292683,0.14383415055798965
0.27612018758599605,0.18623825430851412
0.33693972468164873,0.21052718171340545
0.3955728415635414,0.13523182150877913
0.45114246922783163,0.03164132018363998
0.503366949951987,0.08079402980192084
0.5517614354509114,0.0853482325241038
0.596179575488835,0.19612121894380383
0.6365911290180478,0.03778280486317254
0.6726959822588565,0.08532235170923645
0.7050956759291462,0.36939850889368936
0.7330840100850226,0.21142643519438042
0.7567726891774667,0.1278029504914632
0.7929814772325704,0.16860088074818141
0.8046667097736727,0.13687550857662248
0.8122954755250185,0.34854044006012563
0.8157836564857444,0.061882294227536265
0.8152612759518881,0.3496678320954761
0.8106457186819899,0.04136451290733895
0.7713310799863224,0.36035279493937483
0.7497718660702424,0.035136606004674914
0.693210276615126,0.042916061009414246
0.6580500209752135,0.0511638246140764
0.6183119713257231,0.221410893321847
0.5736870290689137,0.03871515738696353
0.5241832385087366,0.21360403111438372
0.4696907677508666,0.0651321390104542
0.4101223860226252,0.18892379033635964
0.3441278474467919,0.21867295345058033
0.27477692063747977,0.03910967497877972
0.2013303814681485,0.14800261371607726
0.1261729775326651,0.13546477068949944
0.00824935599359994,0.39462677674373375
0.15730035346344953,0.07119125038719078
0.21821562621117582,0.34899228683826544
0.2802205660004344,0.0853673946193793
0.3412230877246378,0.06100711292913121
0.40017452111785623,0.05348721581290953
0.45609401749582346,0.025247831940912235
0.508331040848734,0.17497466739738432
0.5565175834077928,0.06123716148535893
0.6008623120983387,0.2315897969155214
0.6410446012509993,0.36400093062667804
0.6770614170491018,0.10079792036451443
0.7091539085003398,0.1293736149018318
0.736853901036256,0.18710112117249109
0.760675647165506,0.040589202448614546
0.7804294112814518,0.19557289743223155
0.7958688858649507,0.0879579411544514
0.807602687669645,0.04486639177419399
0.8151449692205025,0.030430005944655877
0.8185126594841889,0.09677608755921435
0.8177423802230198,0.17045315592202143
0.8128481799017855,0.11268759015522044
0.8038320597679917,0.028128411193461485
0.7908879509186528,0.12356961043777094
0.7731336025771517,0.13712781408054445
0.7517066099409578,0.1861504071949808
0.7256272059202526,0.031994032414666
0.6950292070548485,0.18094902404843732
0.6204228546645291,0.19711061322043716
0.5758431254128094,0.24770095150908392
0.5264853463840184,0.04373602337222568
0.47210834943062674,0.06026021097384363
0.4126531586767024,0.0688038514270871
0.34671537133446245,0.4154527121656759
0.2776840357700547,0.04714461575398589
0.2044379790783834,0.47450879937110535
0.12937737637741772,0.3857312376150503
0.05902420331931747,0.6852817971540149
0.054121699231504956,0.23771674074366378
0.1032305911682527,0.11428723886379645
0.16032568433837924,0.13139822851023716
0.22141122520430398,0.09803693944924519
0.28355483789908176,0.08088094146256668
0.34483889434321846,0.05723890722744898
0.4039040566094418,0.03844098781538562
0.4597202847196882,0.049693240709122656
0.5117890650322284,0.05343264960644364
0.5601856149918111,0.05183908732414267
0.6043188869927711,0.07260615274390787
0.6801302852282134,0.08349913309262867
0.7387967245067688,0.06504263801644036
0.7615889446558656,0.0927900552719227
0.7807891446152885,0.11734028155353173
0.7954984338385109,0.059387380494010926
0.8061074839654866,0.028980848350662888
0.8130193034427357,0.08138605481790659
0.816048704705281,0.10425338935457597
0.8150375590116401,0.149173819072689
0.8098879077787791,0.02420088791983546
0.7876681641534293,0.06056779646677243
0.6589949184890727,0.36174467923851034
0.6198545953252269,0.10457174041747937
0.5759689115151616,0.2675566017628539
0.5269592865096125,0.028306312202680484
0.473107297232018,0.17238860550539173
0.41418619059427236,0.06215164297616761
0.34882700772158703,0.15162926426488285
0.28020462383445155,0.04367208480143462
0.20745373448615223,0.1389200373739065
0.1327034036624063,0.22085625374688
0.06211546842737504,1.0891976444020464
0.011048289150832755,0.37039734830151666
0.01980772811901024,0.20926714492740012
0.057002280203414545,0.2709011152445113
0.10669291937543497,0.12303580353119069
0.16409495603849805,0.1104601654934004
0.22527337329388708,0.09706968488582288
0.28739506899097766,0.08092777506230338
0.3483578131115641,0.05938925491672718
0.40698676153725605,0.04507402853042339
0.4622639630902027,0.03740350856555126
0.5137760594117774,0.032703698433113895
0.5612585795779267,0.028007189473844354
0.6045613430730691,0.02301258697415045
0.5732767214571649,0.02305722652689916
0.5247176505396773,0.02743910808270579
0.4714941585955709,0.03496193421902968
0.4132636776668458,0.04351943205056464
0.3487193761481983,0.04822512893556429
0.2812006537389202,0.07267593344889622
0.20938652395322258,0.10703305823365515
0.13534113265405362,0.20022606641116047
0.06493880858589753,0.5267830369172094
0.01278436308258768,2.2207050343318633
0.021577714861789152,0.3340019499299682
0.05934688920721983,0.20831593114225613
0.10931090436124036,0.1121273016703304
0.16674999344715005,0.1198373060722296
0.22765349572821605,0.09694146928512137
0.28930449808565695,0.07727873009266543
0.34950848851228455,0.05244643750815405
0.4071819217698161,0.046184774356859186
0.46154495069531876,0.03730009789494695
0.5121497651920924,0.032026064723997064
0.5588091967884418,0.027055664687307447
0.601130764902234,0.022981007828800692
0.5209029810996061,0.02484378427186393
0.46897469275235343,0.02483158284838744
0.4120521309754608,0.046965693922328224
0.3486895379509266,0.05505449649086771
0.2822165665867111,0.07333545449014803
0.21121760197543488,0.10087582065103629
0.13781133401265247,0.1877575348393801
0.06758108457576018,0.4730764864492207
0.014521008745809867,1.8767880611515768
0.0607613379851051,0.09476035971158354
0.11045939419645928,0.05498738668731179
0.16751748981411216,0.02042803419434111
0.2281512074213821,0.06585778623890294
0.2895810085868638,0.09092970447511504
0.3500917315447975,0.045012914714143606
0.40826417109092433,0.056095937059917486
0.5149543056848263,0.05305340141395482
0.5628948654529607,0.021714031265511004
0.6068911654427791,0.06301891054964678
0.6466743651468054,0.09621402982631211
0.6827000698112121,0.11862929859540591
0.7145320726824939,0.10521965803662628
0.7422971805623471,0.10563724399360136
0.7658996292984045,0.2230128001366878
0.7856714793467924,0.10325150826870974
0.8008074139476531,0.063484395570519
0.8122338165409018,0.08964848105362996
0.819948237439685,0.022713826203165983
0.823193574598559,0.12590505328912086
0.8223715081426023,0.07485635810592778
0.8174627759010211,0.11715440599144658
0.8084382682417316,0.06406628680437947
0.7956021855468061,0.0535884999974068
0.7782765082091334,0.02898792189953941
0.7566129182587632,0.13228540307905787
0.7307952198473047,0.09478807759505745
0.7005430203838188,0.19782615958305683
0.6657696290895709,0.06511042108957346
0.6264133126622438,0.04522657465689121
0.5823815033583216,0.04128758094959776
0.5333371808466555,0.03699206874577057
0.42072508623489635,0.029039491157439336
0.28749377520855124,0.0803086578977233
0.21538066998869812,0.09147848043350167
0.1413145632896631,0.20116462517389289
0.07057924914528678,0.4259456860677457
0.016398039981998385,1.7594515164342839
0.025148888066714864,0.11758642341640271
0.06393326705279005,0.2259193505959258
0.11446140761441126,0.14685972678635353
0.172254360566881,0.11175159493826663
0.23356833582864875,0.09070649085534814
0.2956353067468065,0.064979399182328
0.4151703781801521,0.08156264712525345
0.470612761055399,0.03957882338419392
0.5220345895922526,0.031057749647838587
0.5695926376806979,0.02894230171912005
0.6130088784152585,0.023176298690137036
0.5333076867713423,0.04753432677307817
0.47987434251504213,0.12019012377415372
0.42143302710168146,0.036658038056112945
0.35670451223325966,0.05822415004834034
0.28907786965559246,0.07143036336334793
0.21746132625137546,0.10359297191576113
0.14384910878693455,0.16625040035010713
0.07327831616615127,0.4530518483500812
0.01828151303722992,1.6566487264992698
0.027332124321136117,0.21066739632545567
0.06690463017316435,0.21953953261861858
0.1179293841522109,0.14613214633048346
0.17591804074769352,0.12683585297653194
0.2370354452905644,0.0894868669023408
0.2983892586429514,0.06851070122605687
0.35830741463119214,0.055283934184360534
0.4155388401900477,0.043448100900084545
0.469315644172715,0.03657261743721307
0.5191979173514665,0.03133800161006492
0.5652379062253771,0.02456574234996116
0.6070849529952164,0.022572979838976655
0.5738040620744188,0.02023190018846942
0.5267716951734417,0.028407788784989826
0.47486372316966063,0.029355113215294663
0.4182169638175661,0.040572941888584395
0.35531271644222984,0.05221078397497705
0.28919053300165576,0.06963711051552902
0.21893546275356654,0.09295171265679734
0.1462753544172062,0.16223966562902492
0.07602505059235519,0.40402710073533427
0.020265439757800797,1.4451687169722882
0.028992069686789194,0.606448306659458
0.06863702768850767,0.1922771032698497
0.17652482892236293,0.08583292580599843
0.23667639529748577,0.020875893256028143
0.2972807882576044,0.17584767359234083
0.3561867566456027,0.14157674520505636
0.4123061867904445,0.03735265501714319
0.46514478743106097,0.04036285171923802
0.5143944213361838,0.031614451117075164
0.5596179332270416,0.031512038654356464
0.6374017385682216,0.03755466079133106
0.6703713969000805,0.03347060346650966
0.7247117861248149,0.1264129339745443
0.7459713146115575,0.06883459391245655
0.7632432465918341,0.11474578892764381
0.7764653601013161,0.03569713481391762
0.7864071802111886,0.04376540218465558
0.7942125463522013,0.046407600489444374
0.789262691785235,0.02381780603999698
0.7811388420078281,0.022201265402360424
0.7535169735786184,0.025525539062743973
0.7334606658808571,0.03062538120194628
0.6125422546221572,0.07613727101985415
0.5710294575312331,0.17327643814475577
0.5247364791760601,0.026430125515023977
0.4738359148469693,0.02973464836138562
0.41787704841792256,0.05056842342332872
0.35551904915593263,0.02718997871801482
0.29015067120070465,0.1355015616075992
0.14841754196886525,0.05563313792087583
0.07848611311964573,0.1493813780747262
0.022174197043793614,0.4587246840665635
0.07059453601451857,0.10398116229262593
0.12125155133784252,0.07320885367479675
0.17849311418036665,0.07390681964835004
0.23850130312471984,0.14683711276223213
0.29858145860583324,0.09166512000818408
0.35716012016725596,0.059801094975104656
0.41302431287555275,0.02835270919139009
0.5589706550826392,0.027471301285891838
0.5996122242283181,0.05488692494879458
0.6361082265503838,0.05455554426353276
0.6691592363807418,0.12038202735922796
0.6980940854645056,0.21199691379137142
0.7230820785120712,0.17031136210954578
0.744548923853886,0.06490931439746246
0.7626211443157348,0.0723288108479948
0.7762353644281578,0.15808076329064266
0.7867998635195732,0.06946720666646188
0.7931333405653788,0.052259039066104206
0.795987777673517,0.06923549203666099
0.7815286141020643,0.17638510476905295
0.7699808998691774,0.07532946720102682
0.7352585990930025,0.08129724550283109
0.7113037365250306,0.07198006791386606
0.6836662954557763,0.1571328930340328
0.6142451572954895,0.14914261866633002
0.5727573986326309,0.1287030022312018
0.5265101740988013,0.031192186840010284
0.47528577378013914,0.022020611069116104
0.357003650853699,0.023844742718912543
0.22215383851367324,0.04557837982591623
0.15041286166199133,0.032978824030737895
0.03260933114879723,0.18149028255891667
0.07291541590145165,0.11806487308359055
0.12381655010646113,0.023693086613419467
0.5711861203635608,0.022638285195250206
0.6139173109591233,0.03714591218332172
0.7695669216229273,0.05248686117625845
0.7886477178039332,0.027177100295898725
0.8246294496305199,0.0341481800476829
0.8109565466397883,0.0451405715713938
0.7805269621024175,0.021047476946360968
0.5868132487299134,0.025649918390181114
0.48502415689352024,0.0334970356065278
0.3629821845908527,0.03652797953590078
0.18294946883260263,0.041995424625907364
0.41978791729408743,0.022398106483972068
0.7171497455557739,0.021085999106042568
0.8194384261277742,0.02867156755395604
0.7763690012988892,0.028662917798390395
0.7304997122354079,0.022619707114793657
0.5375394889731145,0.04288819018021907
0.48494604064764013,0.049104678515955874
0.427428219302687,0.04130831589912346
0.03618638533945987,0.1581818771095147
0.07681735889251985,0.1567496500195557
0.12750534261751065,0.08594545133800645
0.18430434292129314,0.05583873209322978
0.24393432614619534,0.07870941844674686
0.3039400386398303,0.18701697124018427
0.3626720011430451,0.1825011898554984
0.41905377561845963,0.05089872614378434
0.4723142603337295,0.11158202582699576
0.5221061895699175,0.04747768841395593
0.5679261701269944,0.10462571936605533
0.6100467877305434,0.03978892567657993
0.6482161754296398,0.07397789545802223
0.6823892033889757,0.0599347115132443
0.7125511417291118,0.095866635274544
0.7390935807524484,0.10960999952279246
0.761598302908671,0.03171634447449972
0.7800924346512638,0.040514646437798243
0.7949927564671025,0.03251882199125862
0.8060843995230935,0.043191704672067635
0.8159420440874493,0.029512661174512542
0.8100558884133091,0.030302880780954614
0.8007078296323243,0.030509641251773165
0.7875986592293212,0.04299334315286463
0.7240441897506485,0.03852778853158052
0.6946023867861855,0.04889494078536405
0.22855634581482917,0.02703653882915507
0.15743462524223886,0.04475690598067156
0.0881746762533325,0.13536624658701177
0.13199843469400582,0.06876775929775335
0.18931534101522057,0.042307235686568925
0.2490953746930261,0.02560737194803315
0.30896311651038183,0.03439681296755392
0.3672987069139585,0.037417746916705096
0.42298257409200773,0.033616318913485425
0.5236117655938883,0.04425378369073437
0.5681751612907044,0.03495450514396074
0.6086796038675105,0.02787937496048108
0.7068862655051481,0.022166726104123412
0.7319356492371686,0.05477148598848769
0.7533424653729288,0.1231978824232056
0.7705325410718976,0.054022946912147755
0.7846376892632935,0.21461029635392684
0.7946649663610238,0.04547350730566015
0.8039877658320402,0.15415158214529365
0.8030570044601789,0.15273690590457709
0.7988069332182747,0.07024526006714843
0.790537574606894,0.15877378064860634
0.7782269053451563,0.07861635128747241
0.7624213288259034,0.11213631542104892
0.7422541149605467,0.10060202918298214
0.7179414754881264,0.08769457695321699
0.6894824735828574,0.17905620478525763
0.656878191689629,0.04584189054441896
0.6199048490836088,0.06435770232769639
0.578639968001576,0.08346207809402978
0.5327708273412659,0.07322110071798042
0.48222237232389953,0.1194810074609078
0.42655403941616,0.07090259919145839
0.36473547624680924,0.11975954958728184
0.30004222725778035,0.1942948662512557
0.23141229040772746,0.08341474315573896
0.16055042897249022,0.03706097442459708
0.0911902976514383,0.5100730939628075
0.03236036531387877,0.3435374410354222
0.012182644598860178,0.29312103663784495
0.041410474604770105,0.262717891152773
0.0836243889926566,0.09154723216790778
0.13549503003241753,0.06421086081805807
0.19307650273705676,0.02716201681895399
0.2530453141428589,0.02473256357975768
0.3129647893395922,0.034689684667071036
0.37134198781263644,0.023919021315759407
0.5279177747371685,0.02218155341124414
0.6135713657922054,0.02264864724721716
0.7957641057751479,0.021878714105242277
0.7745365660392999,0.056890655135332105
0.7585523091214977,0.07783665966333501
0.7385812309104012,0.04567066428048913
0.7144592397880518,0.047997961093194035
0.6530912509127637,0.025204485026371605
0.6155762166632414,0.05429145201068179
0.5743058047108593,0.05076415036224552
0.5283932008501503,0.02312559097435926
0.4229959881886723,0.023536641226843676
0.2984057091753969,0.029557945456035302
0.23083382403869035,0.03995334148456872
0.16108199622949593,0.03138453284098034
0.03403444634753416,0.05663376146392874
0.1931533668543691,0.0266867402763038
0.31215860903766723,0.032068732661734455
0.4257145256795291,0.02380591015305188
0.5268713878365939,0.0386374878638123
0.5716446320087533,0.02465893724063749
0.6126896696977557,0.10682950871212622
0.6497089726130061,0.05510785500592187
0.6828032642942117,0.10795910703875682
0.7124722358502107,0.025530505464433896
0.7375396071792001,0.023414277854014464
0.7756944357450091,0.03264795015403582
0.7983682305389299,0.07853287250059766
0.8043589287999877,0.02139856299597598
0.8062075318440943,0.04992905345098637
0.7984763423441306,0.07461776142167759
0.7891948441804469,0.0768184534727434
0.7765674257532701,0.03946404652613167
0.7598895352174272,0.06381016755403796
0.7392984998587098,0.0741311796181288
0.7147966170328406,0.029951296450741204
0.5754256086550901,0.12240073420267698
0.4791334785204203,0.04447491419229982
0.424321420859193,0.06103015343776203
0.3634117314980065,0.030991555539606683
0.29959640645471053,0.05413216061377181
0.2321942366825539,0.10716510129994304
0.16272583129937604,0.041085618346352305
0.08772964210094143,0.09241314263073151
0.13944393179603512,0.08884482374830474
0.19658236550465888,0.02818122086994925
0.25593148003806354,0.04107395661167238
0.3152205033545071,0.07227544099465419
0.3731107507022949,0.07899047157543951
0.4282327826365677,0.09419136166763659
0.4802855005099027,0.050283575249872356
0.5286189542273428,0.12050992183468272
0.5733019739805235,0.2665411223316763
0.6140685939744556,0.11244585165857138
0.6510486965227692,0.12014108145237606
0.6845456220007633,0.05957001526641958
0.714492682303546,0.022082779306291055
0.7629365733466222,0.08188122527390208
0.7818556109031678,0.024040840731101742
0.7970928984874712,0.027377037339385492
0.8086414486476493,0.06041738795168666
0.8163291815397911,0.14910095774648457
0.8191988036081742,0.10929601214748652
0.815240131114036,0.05284289854474403
0.8069636443216411,0.16585359898129676
0.794616264308245,0.04513036011108317
0.7782338115093406,0.02954629118813735
0.757598888027495,0.057877441371180005
0.7324182155291,0.2190574032911514
0.7036266558407452,0.14620838941729986
0.6700273407301003,0.05329119286678042
0.6320310944468736,0.040616351688984746
0.5897340932539098,0.038888007399833315
0.5428120009397654,0.04448027588469524
0.4346156450240545,0.03713462885153504
0.3072368005155997,0.08086965587329684
0.2385277668916685,0.03325356652107323
0.16787660742918983,0.03474369854795212
0.09863537473455435,0.08892626090498873
0.03865054926757366,0.18749012835929887
0.01709499252404545,0.34363007160708975
0.04814170739030122,0.0265422801831066
0.09153633579215718,0.10613121433035841
0.20172002425150884,0.026983968661769782
0.26163688602529667,0.03122751934708407
0.3214336020153679,0.021845891627857682
0.37950327965592945,0.025160365941194314
0.4348782910786465,0.03744210605564198
0.4870179662188333,0.021230051034221566
0.5354846547302665,0.04833821029210899
0.5799139330959925,0.03298959458410679
0.6203361923260844,0.037137589032199284
0.7170606460659132,0.06440982667037023
0.7614176908173083,0.03724733151923814
0.7772063954870312,0.06166620090013998
0.7896780162885716,0.039060924918855884
0.7983742388318873,0.07374810625850552
0.8059493704007106,0.04479730564395668
0.8047598708742025,0.11349004457325358
0.7999523217563708,0.07779493316495575
0.7924666489073207,0.026418784586374686
0.7822727188062508,0.05416857913478571
0.7679358475999514,0.022809165639614434
0.7498506925828231,0.0837299054514912
0.7265693223810155,0.044782879428264845
0.5864245445813053,0.036997345343343875
0.5405028139013803,0.0321164168548291
0.48981763959376656,0.0263432332041175
0.4343010416380473,0.03845554328493876
0.3727770052446931,0.029393890844035327
0.30805135764569697,0.02679020663946406
0.1697492028663863,0.07125968097022274
0.10084730967549006,0.08157754810006013
0.040703778219600584,0.15637669303530194
0.14683733425317166,0.1090420656116927
0.20469550250574595,0.051377845586774294
0.26469542719738914,0.03580169775277705
0.3247459069207268,0.030269708563594733
0.8029083188166274,0.02308685475562381
0.816881060543488,0.022553552022321368
0.8333689734597386,0.0742962950562119
0.8361196608257239,0.025633198136553643
0.8192358937242809,0.043891215633042525
0.8055390475272299,0.08556964126224341
0.7878556238422137,0.0926303963557884
0.7656263329219171,0.057934784134183175
0.7393221234281157,0.02895707868094476
0.4349696151013519,0.0327696535244344
0.30824900097998575,0.04063257204059622
0.24036226661210372,0.0417670022437628
0.17060196559998617,0.0337112108563145
0.05238998509466152,0.073119924965585
0.09633606406723602,0.1152324526508112
0.14907563914289967,0.03531298155720033
0.2069226783194456,0.04145850921119706
0.2669488505322177,0.024949096874849953
0.38571205658679536,0.03243337394259917
0.4418491335072502,0.043520075201322256
0.5446211771978411,0.030231250121275196
0.590310986546379,0.034577018932382096
0.7045559244650841,0.02187855372327356
0.7605413608711397,0.04533127493980315
0.7827292496925126,0.04240531006891805
0.8006965347485913,0.1305599746179652
0.8153484112272552,0.17708969012935225
0.8256504804751487,0.09727068431011397
0.8342452635700299,0.1675331122262291
0.83309304829074,0.08277137028993857
0.8279780156965811,0.10199413362568403
0.8188606100538844,0.13334177403085293
0.805774767660425,0.08919302644058408
0.7888634764447006,0.10316484491430895
0.7678551224648925,0.08960639131658969
0.7425944286956205,0.17951163785141283
0.7126846854908178,0.04440306152664601
0.6786518559831891,0.028390048326706926
0.640218295532772,0.046151627453062886
0.5494754015962519,0.020040724697290825
0.4970706027538558,0.02354833471753302
0.10029742151291665,0.09724088062557656
0.1536186552947461,0.11699445717204059
0.21193314322149065,0.032084543457411234
0.2721574914687182,0.16254270247738276
0.33223557378496155,0.12763034503214435
0.390521250294501,0.20173806407599604
0.44614829311408155,0.024445099497245444
0.49879876983321425,0.05395540740381023
0.5476797864179029,0.022993386642081885
0.592933262236013,0.04681453557576684
0.6340288811215461,0.06732271758939
0.7051283438556373,0.07713693219255194
0.7346820928276618,0.03601162348575719
0.7602212185988253,0.03856903629685395
0.8001653760491938,0.020585668292007142
0.825108271767565,0.02874897203200903
0.8345209904928844,0.021082223347003885
0.82862110074801,0.02680959554850112
0.8067009058019612,0.02571669792512287
0.7680907161869408,0.037972781494584544
0.7428826143791465,0.028352058377935058
0.7134422359039125,0.03049927442233162
0.6794798104653497,0.03632223208641271
0.641140473808328,0.040385041085506765
0.5512132098268553,0.02141158265786629
0.4992670607690559,0.036574608345908685
0.44289712415044186,0.021148868798185887
0.2477119135987137,0.09736551142855601
0.1775232549040588,0.0332760428784572
0.1085502904707154,0.06830149869802508
0.047351232679023615,0.13272793602842328
0.024715926233281803,0.2875155627113572
0.10400747093876188,0.18573331238618587
0.15797666021385942,0.12771564989365733
0.21678331523205624,0.1033132929818772
0.27752126251952164,0.07974696568141272
0.33814456936881915,0.16009002053642848
0.3971434856615878,0.1220236224030968
0.45357480793613497,0.19083582691326864
0.5068504681766719,0.1581441306109147
0.556432261381537,0.033168002585227396
0.602375552900212,0.062284986983819596
0.644108545954049,0.21643744379192467
0.6819763546298855,0.4598910710567456
0.7161864225107698,0.13140848277207598
0.7461900176933539,0.047745770083320656
0.7722251513270953,0.118868081526099
0.7944339355445145,0.19280800417738475
0.8125847419948401,0.19012549548853644
0.8264820531281423,0.19242923000091441
0.8367809210554926,0.06013203113759748
0.8431335621890456,0.10115657772872039
0.8455380343090175,0.026920415050912652
0.8378986921122396,0.08185317648280822
0.8283805159148414,0.17436393135198716
0.8152691444986927,0.11449372406468254
0.7981117973384818,0.10201649310404119
0.7766421795342661,0.0480274143975115
0.7508828237801927,0.07598175892316678
0.7210806177771193,0.06949901614420763
0.6866490449913403,0.02495529594470359
0.6479456756638063,0.056390523473581276
0.5561726017210651,0.04702738070737767
0.5036478080739881,0.024288756529074085
0.4466460881775223,0.04943720368787443
0.3840483579684693,0.052846515991864296
0.3186703876919798,0.10171047953429961
0.2501641908614609,0.04267167832973947
0.17991925302681785,0.2011956457678807
0.11087351399399158,0.10078558143016245
0.04943747984579097,1.018879318752825
0.02670678190919082,0.05013045808435996
0.061128670601556814,0.2747065776461087
0.10714932199136429,0.02883365666329308
0.16149973093914619,0.055254302899473244
0.22063653906037928,0.04050228018312997
0.2816502270576936,0.21038638169562227
0.34248580664678396,0.05092452626807016
0.40180806803467495,0.1610252996981345
0.45850181507995685,0.04674485264977449
0.5119643854025318,0.025774691607630868
0.68860591905628,0.02937904135379904
0.8176002816189031,0.05034779728138681
0.8313924988237782,0.04863886196421326
0.8411272563774455,0.1561619761398387
0.8465178736485331,0.1400824120408901
0.8483940239374054,0.1259134981595868
0.8460063337959661,0.025677502440821922
0.8400363688518147,0.09942422692898223
0.829641807640347,0.22652970841551234
0.8156205948662228,0.03999692377022332
0.7972851700957656,0.058413676771808316
0.7748976609744563,0.028568456073071274
0.748420393650358,0.024899686478682685
0.6832772208579926,0.02802549364894029
0.6440990442096801,0.032368545578639975
0.6007401052784245,0.03355496956678728
0.5010833440507785,0.04275928099457151
0.44454915776044457,0.02714886565522312
0.3183043189520274,0.0844901415139974
0.2506639698682429,0.18766026555746465
0.18119161642022363,0.1368285178841687
0.11269971195510085,0.5716672782950324
0.05137333910199219,0.3190733138462277
0.00887626352750444,0.8186339357766429
0.3991583518099519,0.04485029141731685
0.45440159572069455,0.058917426823585785
0.5060981633730555,0.09289285165147199
0.5543170288155967,0.0685119575402385
0.6391786240219928,0.04732426957222802
0.7079796945909529,0.022136975802293707
0.7361824945029218,0.0692265507278538
0.7604064560326481,0.036674114184738316
0.7973111544012652,0.0303397158637074
0.81862662121372,0.07380243555314907
0.8236566796664513,0.059304153738648537
0.8248198511419184,0.1113938483262109
0.8220109232225961,0.05718886438475397
0.8160187126359543,0.0855023680688208
0.8060628214146228,0.020309380928023018
0.7922428598676945,0.1408060869198832
0.7743428581181733,0.20985688768739397
0.7526472161219532,0.13976021565407207
0.7273889270393685,0.2073220908559516
0.6985013273088142,0.22027746112112856
0.6651085397936521,0.1061231048507453
0.5867143750455125,0.04319966886040901
0.5416893332825039,0.02596440745128997
0.4918010869976018,0.047989844799436965
0.43758789491451533,0.023744113043047427
0.3777818780862273,0.09783486258033516
0.3152332465138136,0.08842670425454169
0.2491886534516761,0.040182330922855246
0.18099574003130714,0.022293514981180408
0.11359997560542168,0.20702433316853633
0.05284787866288268,0.14737282095190088
0.2244678987650688,0.023919164600933907
0.2839822674354454,0.046350721714784666
0.3428604054320375,0.04906090284448686
0.3997979461777458,0.04916110778330476
0.4539040172515393,0.046200818154577834
0.5044322476012091,0.046848420701773766
0.5511360846121645,0.03827008801196568
0.5938984498839726,0.03182752591683092
0.6329151085250831,0.026531742456636993
0.6676718408577307,0.02512837897275735
0.6987048241620012,0.02052806138072331
0.4355345476468861,0.02431013783552099
0.37625196113054554,0.029650611646540197
0.3143864059034039,0.043621951321745296
0.249066122708888,0.06312736420965881
0.18161436154932406,0.08346915819657165
0.11487134553147962,0.14702882769380082
0.05447833418161975,0.3315843246813313
0.011153642147187358,1.7683514384155854
0.22732200084192275,0.03522576573541502
0.28740213481569676,0.04328325089031937
0.347079397964981,0.04723163922948321
0.40503596111868717,0.04945477255951233
0.46051123051969184,0.049265809173757176
0.5128238385158885,0.04553480930268324
0.5616140472372272,0.025855291318503504
0.6067397927148019,0.028870634642833442
0.6482580185704523,0.07938854257912804
0.6856920893713979,0.16863343909271597
0.71978410686987,0.03502613299274686
0.7499172579099164,0.07091772780592612
0.7984558195480966,0.06808118178424481
0.8173004782163846,0.03607480050435232
0.8319297024055154,0.025461739193090426
0.8428287078550852,0.13062072991870366
0.8496091009201436,0.07615426046016278
0.8527349585283363,0.1108943051121998
0.8515873883029896,0.14674097598177974
0.8467125632437017,0.02670069990551473
0.5597418244852732,0.0284688529195547
0.5070380036126745,0.023179677705743924
0.4500425721359204,0.06087272029109027
0.38766995327258125,0.04608018488954958
0.32301695135665953,0.04287197627693651
0.2554136328571802,0.0590972510064442
0.18624704820928079,0.09699361169485737
0.11828025248672344,0.17626242896014302
0.05694829512766315,0.3384056306802724
0.01254127163814354,1.7874750198842273
0.23195923044313618,0.03619566561370253
0.2921135690518713,0.04623717267020581
0.35153398586754275,0.05088407554775706
0.40917544696415004,0.0558115385433592
0.4640856914080481,0.046535277535100665
0.5154662766563222,0.04257664629952934
0.5634473127116327,0.03611567944130011
0.6073365041404323,0.030578151345953125
0.6471658528077502,0.0279338365853016
0.6830949113225414,0.024317640836765103
0.715034038887329,0.021662822862846733
0.4970322488326678,0.021509342038925756
0.4420944580729941,0.02790132050698472
0.3820097934989665,0.02997411791411421
0.31949997601570695,0.040387276239743114
0.25371940852731634,0.054040184721787884
0.18610807973784102,0.08751920250098885
0.11931561107126071,0.1521443490678224
0.0585729398236445,0.32259960878833543
0.013812982446263007,1.546151296725076
0.23450609801722475,0.03786465061335625
0.29386674680909114,0.046007822218730544
0.35221012737922347,0.049752023291102454
0.4084012126056282,0.05019656657078116
0.4615876042662051,0.04991677467770466
0.5113029203959313,0.04014655055616365
0.5574796799516004,0.03538430478946912
0.5995712773377456,0.03133031554209758
0.637632332089782,0.027717603067717873
0.6718287868145285,0.024135208590657074
0.7023945520908794,0.021133108763657215
0.6251647397158503,0.028885167670174114
0.49043412308734774,0.023197721299184074
0.4369810134777322,0.026201018945611367
0.3781023417707998,0.0363110919635005
0.31698201815559734,0.046028508561926425
0.2524787791208802,0.06171888139739325
0.18601259156182837,0.0907279045982075
0.12009652858773616,0.14252861160679078
0.059913069097466826,0.3018374354110454
0.01497057669906621,1.342918442665313
0.23553311138361008,0.03665017636211929
0.2941025095968647,0.03445119858270681
0.35163201749216416,0.04911583662265104
0.4069402571406935,0.04684206080936777
0.4591123037808218,0.05044531884376202
0.5079415860242806,0.04519833864880561
0.552816338659616,0.03438277886837966
0.5941107974394575,0.029397359795016415
0.6312179031976791,0.02690705572451423
0.6645460142961587,0.023203096275933487
0.6942708850109849,0.020766758881215378
0.4329587162662281,0.02278772764262091
0.37558500599710465,0.02531895920588487
0.31527005580577994,0.04316185159056829
0.25179520338668243,0.06443217644820311
0.18619537275418868,0.07649048697738797
0.1211355846494524,0.1432876749577666
0.06145007740793761,0.2847644008172086
0.016244503457922638,1.2406726708451632
0.23706617019689138,0.0407841778219295
0.29502394064226867,0.04478261198296642
0.3517408792057683,0.048349589938153026
0.40605805219763236,0.04797886065112589
0.45743702074281384,0.047471840773876506
0.5052212100336007,0.045039476267875155
0.5495252394977409,0.03448613117015724
0.5903855317232954,0.030933619244596706
0.6267755678837663,0.027590994418963538
0.6598100544982438,0.02383102590077414
0.6893706211788312,0.020371503005432067
0.4319857678059136,0.021531047367563554
0.3749741947693316,0.03358786431467098
0.3152685150231976,0.03739112908826735
0.25215594334204233,0.0520015675424718
0.18715865047557045,0.08521984263616142
0.12255135016128645,0.11949066525608862
0.06310367575032325,0.28644802501760214
0.017566216676647144,1.1757727051600442
0.18203489650738175,0.06123495366744889
0.2391454632081496,0.040677824685812165
0.29696879017068506,0.04167100274069333
0.3537288987492502,0.025271873498520052
0.4081378870861881,0.07948753830924074
0.459510219154812,0.05406401510656677
0.507402403196504,0.04211529010441675
0.5513269878845787,0.03233430484146954
0.659245182528545,0.09543859972555994
0.6875054651895649,0.0405991706958364
0.7636925182353712,0.035064509998093914
0.7846872716271662,0.059206096507577764
0.7560176314807642,0.0407034672341342
0.7404968664851531,0.07952279464554646
0.7210548389409098,0.15985149104640023
0.6980550587848964,0.02525838960119469
0.6717341407407221,0.1316709749722723
0.6411069030025389,0.09955352828638166
0.6064439226976045,0.07308061882597981
0.5680400962682205,0.22909549911241442
0.5253848363701453,0.040527246765448444
0.4782998989099586,0.25382791547862843
0.4271576735354688,0.05230217073878267
0.37119017270458976,0.056649737233865745
0.3126259948869202,0.035901749685596465
0.2506769405716252,0.060836163817666836
0.18673455850242487,0.08370351110851014
0.12309891520252376,0.1295966626659014
0.06429438606894587,0.3715678493241183
0.018752300467595913,1.2994391458494767
0.2408581110486105,0.042650437983999305
0.29824174006004484,0.044099312446185625
0.35424575199678837,0.04636947982793159
0.40802505757044155,0.04572274945031634
0.4586126612265729,0.04608049698306964
0.5057590058677806,0.04236539211904903
0.5494717787141662,0.03249510659912892
0.5897426111714972,0.029422890901230386
0.6259450989578251,0.02578332470010519
0.658766636493034,0.02353051787625401
0.6878539687878121,0.021107844030596193
0.48371333468382466,0.021089637475261835
0.3750956689891305,0.03258559391645736
0.3157659669404826,0.04678724234762337
0.2533829874138875,0.056976437647752814
0.18910641474782205,0.08521224411919481
0.12529151037354733,0.1308660585276962
0.06639621705721754,0.24615556905252484
0.020279984083779515,0.9993940627526018
0.18874244707770937,0.043586382294287525
0.24617626980427895,0.037441368689776634
0.30421931086833554,0.07680195202571063
0.3611884535477,0.05572145011391169
0.41595213780583645,0.052736026866767385
0.46777248868183924,0.03836584883584955
0.5160529218727133,0.08366209567920681
0.5603428588062515,0.03892983221382899
0.6007433766255063,0.080261783411702
0.6371993558022614,0.07814765878093982
0.6698922453419792,0.07699082059544181
0.699172175077958,0.033466984475150695
0.7245796794517,0.07566230843768326
0.7462352208606685,0.06309472516917561
0.7645328456914667,0.06463529153858637
0.7794728494595033,0.06109032426793886
0.7908295243259096,0.02236561754082155
0.798636345921739,0.055915910200833786
0.8031435147139582,0.12702208507548518
0.803627536755904,0.036356125935777965
0.7941681827411672,0.059106896776541636
0.7842078526109143,0.0881588309504049
0.7711553634724642,0.05501925574970871
0.7540046412647542,0.08702169777085954
0.733640212790867,0.026761780564230637
0.6827776863269595,0.06361847956176175
0.6515402633600681,0.11132403262513255
0.6165809405738317,0.08110985735471743
0.5776991215413452,0.10777096029720432
0.5350674208120226,0.04272516422087218
0.43629588695871624,0.06258656091651299
0.3203388750375541,0.05590564235473505
0.25770454578787866,0.05046054611952397
0.19305005230755062,0.0840714423399134
0.12871153859452478,0.04158558316118418
0.06904958074538103,0.26691126161798684
0.022024127516675197,0.14048567114432003
0.19308843772780354,0.09057435632913473
0.2513824081353148,0.03484668321897042
0.31034891199531756,0.03663311878035499
0.36853922419240426,0.0494471532518173
0.4780901384640238,0.029134503095904842
0.5282207223899439,0.04120094196061346
0.5748042373912542,0.030900670593819582
0.6177224651061184,0.060219500146692424
0.6568369866166731,0.09712566461354018
0.692040468990619,0.06246671341714217
0.7236928830343984,0.13300617978904486
0.7513137967866849,0.02234795712534951
0.7751085141239704,0.08128935752140433
0.7950226680937558,0.19040370563403217
0.811071759330097,0.028776163393872865
0.8233560796625329,0.25526517271023247
0.8321652844508637,0.09626264847543928
0.8368223504793736,0.07845869331787846
0.8379121576815748,0.09869232543707541
0.8355789664506809,0.19774984936419063
0.8290537080316605,0.17021293150086889
0.8191962621152344,0.020224944927035925
0.805285427235857,0.11816648438196407
0.7878256116717949,0.07290873515592297
0.7407983898271948,0.020298017554327804
0.6410126367795703,0.025917355366018545
0.5534571771537825,0.022398678504646257
0.44928155948407716,0.024735371237233152
0.3903118843966611,0.023002287542157378
0.3286540210597574,0.0492175837223538
0.26412314364689493,0.05111676795439113
0.19793791849500753,0.11403590631876571
0.1325083598940219,0.05749298185405062
0.07203243554460423,0.26722309330712235
0.023925427200626456,0.7292138489667596
0.2540487430504195,0.046776171106046975
0.3122194251465277,0.04398217507498147
0.36913912994057496,0.046777216093041675
0.4238834670667538,0.04642064029137365
0.4754567682313792,0.04786134355947992
0.5235281885872288,0.03908324365373429
0.5679109231265476,0.033273153559083744
0.6088075864894218,0.02762393532630698
0.645624861432081,0.02781944238779973
0.6787947896303386,0.024855062484328963
0.7086387814934589,0.020049800908404455
0.7345796484666349,0.020783425519382098
0.7757060633142503,0.30031078432222574
0.7918190921376659,0.17209189364640418
0.8036519703142965,0.053781937393353074
0.8127041235457515,0.03096843518846421
0.8195841366496959,0.08375580472442994
0.8177465784626289,0.10757142646881283
0.8127673778031281,0.04347384830856547
0.702729536386864,0.051895561376642044
0.6345519784710503,0.043015509329587025
0.5939864507421949,0.08989466658730089
0.5491322468615005,0.049343336112170594
0.5000021348127711,0.19524380807307998
0.44669933517715193,0.18948275605603807
0.3886555605322395,0.5384795662075046
0.3279706700409402,0.25469061655856
0.2642185000784161,0.4677146842626661
0.198773777095855,0.11388599276848463
0.13389085273304877,0.1719025761542894
0.07367953969939903,0.24591479043701037
0.02537489375025617,0.946726134679109
0.3167757990434906,0.03031011840467642
0.42974756525237895,0.021726538252285557
0.4823147200847382,0.02112044610191336
0.5314272426059184,0.06214038757276793
0.6573395821275216,0.036697992232180156
0.72259511754463,0.024183942092150305
0.7492631525499521,0.027779585452172063
0.7919995250072428,0.030050823880209982
0.8080249421466147,0.051444883768779905
0.8203551749809445,0.04664888440966689
0.8339846791193282,0.025607204029335088
0.8274904502429349,0.029599909089016094
0.7875429559864939,0.03609436630194575
0.7663183891732561,0.036600523233638584
0.39181568803929295,0.027268417812743976
0.2662703419937345,0.07017700156189291
0.1356425158702953,0.09939294152234883
0.07534961786359236,0.03069205506523006
0.02676742361620758,0.16958363749189465
0.3166653141454113,0.04396364097208696
0.3734743592683375,0.04603157250181693
0.4283364645055416,0.03741437468692492
0.48045965856023604,0.05741925326011924
0.5292792426873743,0.03590729948318454
0.5747042523534185,0.04859114338480111
0.6167641791352614,0.028874357015932446
0.654915643274754,0.028399549170351836
0.6895639373498502,0.02158464429879071
0.7205986055650583,0.05797503297764648
0.7718986865301396,0.10069861231257067
0.7923359562486716,0.3310694154418043
0.8087863726853858,0.15529140868964952
0.8314338085913257,0.06092176297396636
0.8369981438585342,0.22959206190142473
0.8387710109066024,0.08132310133229177
0.836725910815487,0.22736118875189953
0.8309398646011347,0.13516528081484094
0.8214722830867968,0.1508987950839079
0.8081667072350364,0.07933391972159035
0.6035963540122404,0.10870638882095625
0.5579940148387265,0.058732188437614866
0.5078413300646321,0.12942801836024095
0.4537157715534561,0.059136164139117264
0.3948338832790322,0.0535894761724725
0.33330387486271823,0.0334271818460782
0.2689952267374984,0.06135105140543429
0.2031782596443203,0.08572918705703543
0.13809510697397848,0.13326149541695154
0.07764015715038192,0.25584481355395694
0.02851899739055125,0.6968428259263972
0.20596620582903583,0.059230642990890266
0.2636402824135812,0.05225536596628035
0.321483360107418,0.0434873012956366
0.37799455070720556,0.02222867327435597
0.43198182790600076,0.03932815066391394
0.48314954994790116,0.040584223878872984
0.5752962577402719,0.026589300316853234
0.615908476025875,0.024240942746863395
0.6525300188042462,0.04328870521871421
0.6855846657376058,0.03505105321379235
0.7147574243967262,0.027721481546757576
0.7802747481228155,0.024002208607678318
0.795216921389787,0.027842429482822596
0.8068751338428316,0.025432286143188317
0.8012985640802816,0.04427591368997925
0.7883831658090769,0.05643253452881963
0.7712678975606266,0.02236158750969137
0.7507938927417509,0.023141534064750998
0.7265555362793521,0.02711811048408601
0.5901019279702026,0.03913527119992242
0.5459977484920239,0.047233455275013776
0.3285523222169843,0.04612261773283741
0.2659715285754818,0.11943113471055931
0.2016469507806159,0.11627590248418174
0.13789139222943328,0.05737404057145498
0.07834329290070714,0.2684341307884062
0.029604845643180715,1.4450716748435661
0.20858226409020936,0.04134190498156505
0.2665101729131356,0.0261948617540422
0.3247725795397016,0.02354543361327295
0.43705511267862407,0.03844753906500698
0.489304813123555,0.03901273333619669
0.5841214467934661,0.02843133489102206
0.6263435784620172,0.03489343200438119
0.7568188171420137,0.05958264903973309
0.7798782878160917,0.028130316847598688
0.8154140307614725,0.030735160448337972
0.8274421102519967,0.07561811287476043
0.8354265889906083,0.05172516185883653
0.838555381496864,0.030779602900825726
0.8321519211005554,0.042477921950813305
0.8221136062718787,0.08958530492961438
0.768617648509326,0.05560109886218158
0.7431119665245226,0.03399316903191603
0.7132981822671639,0.0961572334065039
0.6797497223663052,0.06909094782391173
0.6421870836368765,0.04483673867562583
0.6007264239566014,0.02848668263553775
0.5551352252123269,0.06754749317987921
0.505200079176435,0.15424228660194006
0.45151371468926427,0.020200785715502795
0.39322916762605625,0.03145721785940258
0.33239638364074564,0.06625642935485188
0.26893585617680105,0.028127132893251233
0.20411902385685418,0.0489534796617151
0.1400220143566055,0.030062000534513245
0.08029425597534393,0.12554883768372177
0.031166584487661998,0.1142039852828669
0.2676722794173251,0.03911802756976061
0.32486577280448237,0.05202313630284771
0.38084727003388985,0.0541227170722777
0.4345358046355908,0.04556032718292633
0.4852326089466456,0.05355029040662701
0.5323992318039343,0.045805407762677754
0.5764763446703405,0.09860071044759429
0.6167928231245787,0.19785812300402175
0.6537259822374046,0.05346754235432439
0.6869432533678598,0.026046978589427967
0.8272036754825106,0.04977093916556429
0.8242814477351269,0.17950355743687688
0.817762840842152,0.055897624463996654
0.8077312573171891,0.10499494528801182
0.7935294951857328,0.024768707404479378
0.7547324880854097,0.026656896625496206
0.7005571550185787,0.025493950586474336
0.6675815982888365,0.07420718053995097
0.631037599194052,0.02017873344835621
0.5459498264337429,0.022275214493888952
0.4974319916017151,0.07251451583110431
0.4449966496056801,0.07229342932984648
0.3881859521105376,0.026923140097169795
0.26686505008298106,0.05578000776105881
0.08134727273146422,0.14315180066955469
0.03246291970391032,0.7262665973239064
0.2721857533298278,0.040386607956674626
0.3304710852355336,0.021979564680662846
0.4423523954406743,0.021272033827752394
0.49434396324051283,0.040358448296953606
0.5431697794552306,0.02270752636265793
0.6302642369152055,0.020491879979133664
0.7021961433223214,0.024307022164082735
0.7326441162857198,0.020106588694432603
0.758978748455634,0.06502939558739516
0.7818802045995097,0.0460771844168561
0.8010151970177034,0.05516442709583401
0.8163744827796723,0.06438143460659934
0.8283660135828255,0.0653927749297963
0.8366267388159918,0.06594382555768828
0.8412698297637979,0.084068872180086
0.8418518087303691,0.03515370092592381
0.8325449934429512,0.15640640097991013
0.8222504801600463,0.02738028009514499
0.8085446350305938,0.10101558097384854
0.7907379090672141,0.12448003705220397
0.7693510176783998,0.055466718278128276
0.7437904623615311,0.07520045873203524
0.7145872638046652,0.07692086221788536
0.6815427703498791,0.06212091955173782
0.6441386244614482,0.07745230725344272
0.6027004667687624,0.1384400606712306
0.5569807505415799,0.02734218265754416
0.5073814932254378,0.3066483906316955
0.4536877054934191,0.16536938955764932
0.3350162145483269,0.06529239537845388
0.2718394882121622,0.0998995054416038
0.20728115991168924,0.20577255502980404
0.14344286824595162,0.16072505374133067
0.08389189883211341,0.25782818855674405
0.03431948510322845,0.6899445777401785
0.1617992326240549,0.030112875157527145
0.27522634677855273,0.024161931943613286
0.3330404217442908,0.058120085721387174
0.38959037240017574,0.03681438092697684
0.4437488981092276,0.06270679269594803
0.49517547136197215,0.04415516052055542
0.5876382515852734,0.07438769078383325
0.6281124963205399,0.02209023043695727
0.6982595788186873,0.06481772143915733
0.7283785864354261,0.05055274583574348
0.7769815560491788,0.06470362607289802
0.7959640301136115,0.09939183207559903
0.8117860359696851,0.10871722498529834
0.8319385530914525,0.08072845580387637
0.8367796721247356,0.023682394733229084
0.8378805148649859,0.15054521846494515
0.8354234764303434,0.12616854349083828
0.8293666643658093,0.14228386279520389
0.806066013889131,0.12116956124006047
0.7886802057671272,0.09044891522335297
0.767455677424044,0.08280709900149713
0.713374940603129,0.0475561813422815
0.6802499198670817,0.08322420505637103
0.6431156498523858,0.024981918299214992
0.6019385381597274,0.18051726780315633
0.5564853167209854,0.12648470168180556
0.5071724929533763,0.03670685464753276
0.45377004995036274,0.07321076831971463
0.39603563418724275,0.049725930619484854
0.33569383352701154,0.04198935951569305
0.2727710597237778,0.028555589358781556
0.20846136181567398,0.07921462969400546
0.1449729182858379,0.1269988441119244
0.08557930216981897,0.2997794210943602
0.035848784304587177,3.3040020410530877
0.22083085393726418,0.05535324479199473
0.2785451999684754,0.038946097128396175
0.3362117866963336,0.045649486714442404
0.392457166737951,0.048100880461314326
0.4462965291127777,0.049003860525032125
0.4971732687000449,0.03509972053087034
0.5884424427381791,0.046681279739429586
0.6286888740801099,0.04321820704768702
0.6648811512637252,0.07811130145215608
0.6977483539793038,0.3027138232131454
0.7525768301451978,0.25195425207133376
0.7745551560295834,0.13858339736444666
0.7930132411224625,0.02101890277689927
0.8081231245383651,0.05267818951208991
0.8193576506846194,0.029740609054450237
0.8326821373713749,0.024366081978389874
0.8237689809816985,0.09678874501133086
0.8140426846641636,0.03334304062549954
0.8006261677614865,0.022629319072014813
0.7623933262487905,0.026316320827579367
0.6399398359159941,0.10098545802514602
0.5993294164581896,0.03338644808518392
0.5545743216638663,0.021932599161145965
0.5057209917135291,0.021203377321380192
0.4528716624288549,0.030528690177117738
0.3955324406396637,0.37821369295577856
0.3357179882435785,0.20220396292725504
0.27331439992375217,0.07004008530975188
0.209482269448913,0.056961267988483034
0.1462763803992287,0.13069259903786032
0.08709883860106266,0.22998163194192767
0.037292415422705776,0.6750109145038529
0.22307365357482847,0.05236006944126339
0.2802347879805179,0.04113951563169961
0.33722586648677394,0.04756535105987408
0.3926294154071111,0.047324786960252094
0.4455989730523538,0.05182768256037102
0.4955107396448661,0.04438249969023272
0.5420760257221579,0.040176580141782894
0.623928159606542,0.05092929344984916
0.6596349695599738,0.02413172879742199
0.6913340583571597,0.022185846519322622
0.3933491184195173,0.03624397310051838
0.3342806478241189,0.03323044951065799
0.2726462371817311,0.05504014071220676
0.2094890552841179,0.07239595915533013
0.14690308767813587,0.13400890696344647
0.08822228178693652,0.23040503740341053
0.038580587123771874,0.4698626524314703
0.2246759341249389,0.04910243968919512
0.2814438747702104,0.04556286076262124
0.3378847543724038,0.047958821501201974
0.3923858600755783,0.04741443203139952
0.44433617283031873,0.04876978431127318
0.49289311701381955,0.04570879447129275
0.5379708651393953,0.0355686361537386
0.5795974347607257,0.03074393278719148
0.617444649709551,0.026225439586238415
0.6514002508714657,0.024189620081876567
0.6817838406576109,0.021715497102910104
0.6200287864197468,0.026146592035401137
0.5814182747873665,0.02737448446625148
0.5390578823959057,0.032515994603844245
0.44195679070641936,0.06895008519815873
0.32980040497962654,0.037032355520814166
0.20792261213636062,0.31751148467929896
0.14660216718426627,0.15241668694554275
0.08877311888349844,0.0458531816009912
0.039601368551353426,0.5869629124336929
0.22684932215763293,0.04092869565930607
0.28363437033960526,0.02325820802565669
0.4960701117337524,0.04058780892039967
0.5417760313243278,0.048422539126774446
0.5838562909389188,0.05795396869579922
0.6560347235783331,0.028977234190238486
0.776403018604362,0.050609429063850186
0.8100383674476637,0.05134711066976719
0.760047327787364,0.02090354684864165
0.7396368249038558,0.03355898989394936
0.6565143913858993,0.02288974724024321
0.6209854086072857,0.05434110769670308
0.5819437538622269,0.020012567678307648
0.2702703526688888,0.04126718564259166
0.208749046971361,0.161679898005246
0.14761150593850716,0.22546463308071263
0.09002847616395608,0.44266819065914015
0.040905604738488664,0.545772322474093
0.34608282940383595,0.028144166448802143
0.40183175665102255,0.03696482665785475
0.45524524755415324,0.023754794342165247
0.5056728634337277,0.024514337277460736
0.6370866233948598,0.021859791579733563
0.6736432089405336,0.06484514361037894
0.736484326414744,0.02688470471059932
0.7621342033425557,0.04008260125287099
0.8025138327619803,0.09897005701741113
0.8174535603664783,0.04360696917929505
0.8287779908307439,0.026213417874703344
0.836497864031483,0.02904112671453868
0.8406180894526234,0.03891913254585949
0.8220059214344012,0.2009542056745919
0.807984305332999,0.0540145016536179
0.7905098872225947,0.2414830334199189
0.7688909536094323,0.052068361108093694
0.743639499184341,0.06914999980812804
0.7144423404486526,0.06589519261080773
0.6813597252010498,0.1282770176174294
0.6443023039604528,0.100634732888802
0.6032308361648705,0.13840836606789342
0.5581659722575657,0.021073737149713428
0.5091549988756089,0.08294710572717696
0.4562827431394197,0.049663700943170096
0.3990356607234147,0.1903431423282469
0.33952824099326706,0.1566379250482308
0.27751844708228957,0.22317697731664696
0.214277721563384,0.15750102114977538
0.15175145755923708,0.4634668117449227
0.0930553161985956,0.5212494241261874
0.04300640093902707,0.3613381914916713
0.00862083298972829,3.3021489924761593
0.12627092624292835,0.026333390934780175
0.17768850018310342,0.048430413151310844
0.34584782258231767,0.0819713629644181
0.40042893496046045,0.03307310010340026
0.5018019049142863,0.07600232733715871
0.5902531942175743,0.04576717773757553
0.6644377488309303,0.08022954866355553
0.6960918671003408,0.050681935847232074
0.7244827656202923,0.033474178879510576
0.7487201015299922,0.07837171469615582
0.7698036803260809,0.020223691700232492
0.7871574018571083,0.039576591764674415
0.8013846913486035,0.05204363616535945
0.8123341615423091,0.020100058171864714
0.8195525146767579,0.06081621257880696
0.8234021264280853,0.06113643301911331
0.8211853614021651,0.030734834819075317
0.7747637900328698,0.027567875616353845
0.7544154774419457,0.03578272943793921
0.7019029644946407,0.03701434349710922
0.6704261580136921,0.04064553200686842
0.6345916993898004,0.0374331880530154
0.5947201097282317,0.037765826474877126
0.5034589261081014,0.026935882492448066
0.4519088572057419,0.05355935601885387
0.395971645368746,0.026364338865256715
0.337472530404884,0.06450564962698573
0.2765436808996322,0.08133591731433801
0.21418435648294593,0.06424320375074558
0.15237113460642424,0.050605588029292055
0.09420988606319435,0.0325673275873303
0.009569629100963241,0.6157196739287316
0.23677828170181942,0.04859446449068967
0.2938730420240955,0.030728962345626956
0.4584861117959548,0.02306039286348215
0.5083342930424322,0.025657525911344008
0.5546824236440582,0.027032178084842817
0.5977020387806508,0.02010210255627603
0.6369221089055292,0.047228462191229025
0.6724389895029365,0.049297746479708755
0.704417967944451,0.028623607940752846
0.7326119328652646,0.05229406148999385
0.8278267733051152,0.061214273481827015
0.8278145638911688,0.06579172021995837
0.8071020896356138,0.05515459918984199
0.7937510409154128,0.04648081976235039
0.7555703384330712,0.05521252766527661
0.7314898140135139,0.0656811815425724
0.5040779215348437,0.021374362802102115
0.3963251234580794,0.047503840137705415
0.33800339887982145,0.13419553623934952
0.2771458890993526,0.3379964897328411
0.21503686229005517,0.09672499696783692
0.15354161294072466,0.9363541766704648
0.0955868856584305,0.6064148026535326
0.04571998333269417,0.4005937588631673
0.010564497623034252,8.87739491989661
0.13158452126122133,0.08073731867108334
0.35387430373043977,0.022127683015465638
0.5127578594648227,0.02064541559005478
0.5596600410953865,0.024331340165999842
0.8302309112001625,0.03639049260324361
0.8330218471225751,0.035416981689285996
0.8288680871143145,0.020348279780272704
0.7968557534549481,0.08185521722277112
0.7793383986034995,0.179934255704108
0.7580778194970771,0.11670546311569167
0.7328441809688152,0.02662348092509444
0.7038314433093447,0.0762606128895418
0.6708547800652651,0.10079160682533664
0.6342635458187279,0.0515112337597415
0.5941790739235946,0.07719580749020757
0.5500152033981942,0.10043465634053353
0.5020578156428563,0.11995161117038207
0.45038333434473504,0.13295030423894735
0.39473851603603105,0.026040083559827225
0.336794074111502,0.14658673200781788
0.27648510762000233,0.10527123265425126
0.21489984723817077,0.15423982223566676
0.1539150530839283,0.032329786955288216
0.09640766112543309,0.1274117912917095
0.046832962442934785,0.3991661790320195
0.01146754731511111,1.5903943084893293
0.24132944015235555,0.0286469930880467
0.2980855808627976,0.027552904927893515
0.3544551625083872,0.02436632520648639
0.4614938525902553,0.03422920110788708
0.5106670461301523,0.026918678487295854
0.5993692235552894,0.02270444097708563
0.6386574434940522,0.05003050885502968
0.6740255346128046,0.04373771778202938
0.7059069770597162,0.051828554231862084
0.7800396367698621,0.09555259295030372
0.797288803522361,0.06666904223469576
0.8104348848298313,0.1077662661276869
0.8207536102289218,0.1349609363561097
0.827294466771805,0.07601506167073811
0.8303377113949268,0.22398643000565868
0.8299687840437329,0.03143739771443508
0.8264157228069351,0.02383876432583945
0.7932869731816167,0.023037753198362043
0.7289774223327646,0.06181060938777685
0.7001360039523539,0.0426934757947917
0.6676745319285842,0.06665431185444508
0.6314673186214936,0.022483077205116022
0.5914103419259621,0.0509377007316788
0.4489135331272619,0.07945840957929563
0.3935754115287478,0.07082493695266107
0.33606869962762187,0.16178556762133126
0.2761538983920328,0.10098705403107164
0.21502143369287016,0.17020822156125714
0.1545309213368865,0.044563189691884414
0.09752952100089876,0.21680441430915373
0.04812751343600676,0.5526185813588604
0.012477312003554787,2.3082058655935813
0.18533377690620276,0.04328811457368553
0.2394226071789942,0.02704982321419906
0.29452551290240353,0.045129724993841526
0.34884716530723203,0.04430064078784276
0.40178700749102764,0.04416518206367747
0.4519597240364639,0.04051632716217869
0.4992335933767244,0.04314176676736176
0.5431418019574743,0.03490522374867601
0.5834962930277211,0.029606306600572216
0.6204810040826894,0.031116005708602446
0.6539449346761769,0.024128576371894042
0.7098853881990649,0.020727637342052827
0.7327881225624565,0.060282147641189325
0.7523411141714508,0.021753786648591136
0.7689441465736374,0.04092574942581032
0.7820010952625197,0.03805574875376866
0.791428514202961,0.04391748667397657
0.7975483706564499,0.02788375162199238
0.8006864523295056,0.0494709235936303
0.8005486001221431,0.03937320775487285
0.7974275389942183,0.0310836348963677
0.791302200568196,0.021435224025981178
0.7680378600443286,0.02596560115360729
0.6161186001448563,0.020127036767130454
0.5780150059221212,0.08599061596342995
0.536295373295424,0.03783967696698425
0.4412538756693899,0.15806231575277416
0.3876204841857834,0.1997708981679416
0.3319653393905389,0.18936907099867867
0.27362261425643947,0.058583433097587234
0.21383524250235778,0.07635595449876353
0.1542972703841326,0.10602760799079722
0.0980435798136977,0.21585247108028574
0.049070999926043635,0.363363275139723
0.013361673042313725,1.6628055510058597
0.13790749805766853,0.028293866845525123
0.18944277436928306,0.05245528096017146
0.2441092272030545,0.023893495394836532
0.35458597742978837,0.027640780651550706
0.4076159657548598,0.02415057792695648
0.4581481312940485,0.06077234520936319
0.5053189604807907,0.06881904295636217
0.5496157168924779,0.03903607899201384
0.5905372658458505,0.03386840164916372
0.6280891316366002,0.05715407037060656
0.6620138650909726,0.02220530691850646
0.692315896155516,0.04165931044725891
0.7193802555316774,0.03239308632319379
0.7933326982877562,0.04378799077436212
0.803282534470827,0.029092410531713644
0.8097853953053942,0.022023874007577306
0.8130288944238016,0.050059104231811015
0.8139670931051612,0.07054010525089086
0.8108221224387511,0.17239363539246896
0.8041627606251338,0.115855099888805
0.7946357505788966,0.10430066857603797
0.7825886229834232,0.07700788433472845
0.7665012810968702,0.04317897954739637
0.747134412929844,0.2230382119623163
0.7236246347526497,0.3721897996846708
0.6962367155696564,0.18232471665024763
0.6649810221824908,0.14414925422581612
0.6301056789085467,0.08931026230606151
0.5008709308963549,0.1373184901320614
0.45004147296656344,0.17561593561273753
0.3951074486449091,0.08625867874745735
0.3378496472678744,0.024789286777652682
0.27822726390301433,0.4199005205838229
0.21735973685288162,0.02550204172449652
0.15705653786003126,0.12978566942447453
0.10013274974450241,0.1456206699523038
0.05072045946360592,0.3279587381103195
0.014475355906859968,0.8140140169531016
0.19571399300895445,0.022956518105630618
0.2521449924230474,0.04654251808055372
0.30977847617994897,0.04558162676809182
0.36703875772106087,0.05326210821152123
0.4226290095565501,0.04542483206833466
0.47579749716700953,0.04620273229947055
0.5260460953745782,0.03468639410602474
0.5732321372804687,0.026006214835897924
0.6165257767668619,0.030462989822003468
0.6565752933759774,0.022110522576217307
0.6926926210811588,0.05442368233585997
0.7540384884380907,0.04033835204766969
0.7790542133019601,0.02265952374102399
0.8176566847834691,0.03185260962300279
0.8411281267979115,0.05547637013715976
0.8297526659045306,0.037132162346338836
0.8154562966765422,0.02964293478119528
0.460353506302608,0.028753164677110036
0.40361085691550164,0.03378626216878131
0.3448653900447138,0.04152007605131383
0.28385665691410394,0.055143356242969795
0.2218463676188311,0.07598085669330079
0.16063313878540844,0.11807041305373825
0.1029555127263779,0.1923229295572941
0.052862980426897084,0.3805796797744345
0.01582595693958378,1.2913820360251118
0.19787946408291876,0.03581122588104405
0.2538719904225617,0.0359010810663573
0.3109582878818581,0.04325522670253373
0.3673766033204247,0.04619614033989619
0.42224187362980614,0.048432265396316176
0.47457368822473345,0.045297472083003165
0.5239066445358125,0.03669732907101121
0.5699344152303489,0.03488797492894793
0.6125069225598888,0.03047408322845347
0.6516802727491191,0.02680217480630115
0.686575605095649,0.022136213868863663
0.7181485996041449,0.02003700018240531
0.5055185148271312,0.02010468440075045
0.4542642895823423,0.023950242345775346
0.3989362715398793,0.030210102817201958
0.341533150916593,0.033414608266390484
0.2817916714824773,0.05577868508662378
0.22086910905332843,0.07166576146606313
0.16064197228043184,0.09779657537698362
0.10373151972247682,0.17716302567740222
0.0539944012852827,0.3495252276056841
0.016842181860849584,1.193391017134911
0.1469221785954988,0.0356632156489882
0.1996082254937175,0.052212228250538104
0.36849289152216463,0.052561983797515636
0.42317061866626177,0.040722129471769716
0.4753527934764897,0.029376213930909053
0.6143463864734312,0.05819053459175497
0.6543713286567583,0.05304681312870863
0.7230880614556627,0.027512569136244596
0.830101906644498,0.03293912054201854
0.8528978849257535,0.05318545273851924
0.8352819935019993,0.06246425062825263
0.8216656638955364,0.0377598367329111
0.803647450560313,0.07141468000459385
0.7820792235771903,0.04761930483562652
0.7563698931806123,0.0337565955339297
0.7263101293691363,0.07239117312591685
0.6926692810835215,0.15890203093659316
0.6550438556227006,0.12076479965730191
0.6131784182789102,0.0778541702740352
0.5676445667779416,0.02723589025151023
0.5181009846237843,0.05465304802610625
0.46496475107907737,0.03654793448968399
0.4079580282655263,0.47863864995433303
0.34879640544810875,0.03374334990120055
0.2875777306564252,0.10148330431868106
0.22533998912087816,0.07079918579894894
0.163966998006424,0.14140257569555376
0.10625743963556367,0.20046229810837332
0.055894499692445705,0.24023244427048301
0.01810638941981226,0.8922066088575771
0.20212202756344633,0.034915513103228595
0.25765468843918243,0.04156844427975064
0.3139417371144087,0.03827468512618338
0.3694869768003379,0.049754589641658714
0.42326263209070686,0.05968376293856107
0.474423128835226,0.03761350632144128
0.5225478934348008,0.03509653481175164
0.567420119856715,0.02790875131570974
0.6091006543338704,0.03498067705926171
0.6815297743172793,0.02725759503054205
0.5031248275558559,0.021092546202996137
0.45240977449520514,0.0223644303208379
0.39761812030213617,0.0261932983384155
0.3408177267717787,0.03806609530938268
0.2817945537698743,0.044691166868802305
0.22162770376375346,0.06688689649372324
0.1621172618344591,0.10824552471783509
0.1058778644219158,0.15046230127805393
0.05646432841350666,0.3257900285538978
0.01896135721024895,1.037081997674834
0.20295801037469674,0.036146005097515956
0.25758846792554496,0.037734807207631976
0.31253563221285474,0.045475597931660054
0.36649912579285415,0.047119532620794415
0.41832019900604145,0.0456138882119466
0.46724306647715563,0.04866126373539316
0.5128732578437659,0.03756066154604758
0.5551200472389103,0.03247922204771147
0.5943225302742683,0.028107790072261246
0.6296847931876405,0.023840896212005136
0.6613350124208058,0.02175414090418523
0.6897340876387424,0.020081160183181956
0.8090663087985547,0.07085759955030119
0.8060794029465748,0.2111523587361507
0.8003444428371814,0.09219273481909614
0.7794145983776126,0.04336369887223388
0.7638304873905913,0.06769729028822917
0.744576180528001,0.04092128037134584
0.7215140533311494,0.0546025396674102
0.6303138830602915,0.02383982241586883
0.5497339990953617,0.046637288391273686
0.5036144547359735,0.06605296728512253
0.45357598372710106,0.05524895820410834
0.39955837342645917,0.21415885573702173
0.3430120758446954,0.10326068293262052
0.2839817784612871,0.03636340516068116
0.2238272071417716,0.17296471251634282
0.16411517280026375,0.12136665648157802
0.10757472211116606,0.22453365749485765
0.05793776092794156,0.046519598827800504
0.020094155069342437,1.7491221079890211
0.20774857178122982,0.07922995698377769
0.2635554256204067,0.046594340514674405
0.3201148442528888,0.023640895009032267
0.37583599232194365,0.030717112709779195
0.4812749485981732,0.02651317671523157
0.5297575052135897,0.10786761207917493
0.6172394159602183,0.04517472826955025
0.6555870309155823,0.1544481584843934
0.6903114767147106,0.03936475046602612
0.6462908713532952,0.02488447727628357
0.4610855795770534,0.03241883474814627
0.4054083543609567,0.04006266454290587
0.28779488487509186,0.05645930732073499
0.22690850870938226,0.08523301258204911
0.1666936722995274,0.15118799197378097
0.10979210947008888,0.14400460167130824
0.05979199801416148,0.15277846047479524
0.0214246218012505,1.9102330912961594
0.2090266719027293,0.056696396212982704
0.37468356262483493,0.02549215135333715
0.42755558593202786,0.04551041052399624
0.47785426682654314,0.02405660465426956
0.524917186372222,0.05289534609197871
0.5690124634559292,0.05923386692065902
0.6100044956576474,0.03073784876862209
0.6471957529381541,0.021021226160084058
0.6810982804773545,0.06828750591462747
0.711639854288154,0.0653767302337877
0.739562358197445,0.037714808443682836
0.7640675826897813,0.06643070226109997
0.7851630689860373,0.0557012765899652
0.8035024690810564,0.03750308549578341
0.8188106233991604,0.04132135173749791
0.8310465618474684,0.0893308531838213
0.8398598090382928,0.055684733668184265
0.8444389636265788,0.03508908754873077
0.8414300802370829,0.16867251455817026
0.834699301635014,0.045012133167041224
0.8238804711739262,0.10390519205542384
0.8091607387839141,0.0675249845377321
0.7688846109292313,0.06435541159930638
0.7433030695560838,0.024469292447438475
0.6822065811953341,0.024648999844237015
0.6056387696852922,0.07131849263106925
0.5617655807557479,0.06513428151373855
0.3501230364629488,0.03304646619633095
0.29014993425306385,0.025393311170007194
0.22921494577894355,0.029050431193463174
0.168846377742318,0.0499653203499323
0.1117734054254386,0.07715243140626445
0.06150646136140824,0.16063014365595563
0.022742131906316965,0.3550271868664324
0.21261512987804754,0.034718931707917206
0.26855217444898316,0.04842298669565337
0.3251213236730757,0.047706396359847435
0.3808631208589215,0.047734849573756406
0.4346231546193807,0.045667261409736086
0.48598194866451694,0.034320417814022786
0.5341796365473319,0.06230810920584418
0.6209514769767848,0.05810156952437159
0.6590745767099541,0.023768690866962348
0.7240327235044115,0.0791848110783626
0.7511880906879971,0.13197383311076602
0.7746811847874863,0.044513605369118886
0.7940988459155381,0.034942382120650095
0.8100783646742572,0.07042335348775683
0.8225363340238162,0.052874480184108674
0.8315469000133523,0.030038197118661868
0.837422184558305,0.060001179121887606
0.8393893396222465,0.1183705827248586
0.8383243390177249,0.07392628782832794
0.813823018510419,0.062143109731355575
0.7995376031230713,0.0654925539488046
0.7814804794565756,0.09400464784930992
0.7597452221010115,0.07325032157235284
0.7059883323931577,0.024133516780466418
0.673892453525874,0.24959514743139888
0.6376555307726616,0.144622207639575
0.5978215528945247,0.12856969118913875
0.5545703702368635,0.1289134999362513
0.5075947688602223,0.34295981343896625
0.4569734486041516,0.09220483496223482
0.4031844919353416,0.08088027262585147
0.34664507788710924,0.1494773012430719
0.2876770894085311,0.10258686186850668
0.2277284781359146,0.15123140433616925
0.16840796568006522,0.20639390890378126
0.1121941969497373,0.3509713515427901
0.06252488844001466,0.2967823945941052
0.023833981046483776,0.8831261160048185
0.21367817718166546,0.03798163723455063
0.2687379393873103,0.030459487326077592
0.3240922746671392,0.04731401774586839
0.37836523073534356,0.053669184272646775
0.43023900190843695,0.04875684814511648
0.47951282345926977,0.044272584086889166
0.5253473815781975,0.03639807947733178
0.5676463619083028,0.030777567118706394
0.6065744292083908,0.02549638495324579
0.6415639889637039,0.02454005633016002
0.6730674145250917,0.023598875674285796
0.4998219043541231,0.023745669462473463
0.3978202392890574,0.030438735273515347
0.34238038547684563,0.03693479228226754
0.2846949523055541,0.045587070647199635
0.22582268545862683,0.05593511278323323
0.1676137105763222,0.09268069199692196
0.11239217686713646,0.15362307049239507
0.0633742874577604,0.30618863039687877
0.02485372999941668,0.7497462386466685
0.2127121752293707,0.03982376762878437
0.2666729270332133,0.03985480971277882
0.3206573821942123,0.04619799331228645
0.37337407462409733,0.045851788558590754
0.4238678328624865,0.04762539199414384
0.47155768110706453,0.04764874517853871
0.5158190702129162,0.03639163512075472
0.5568451207438957,0.030566555436013082
0.5949973412022277,0.027095929631852724
0.6293714609269172,0.025352081405357337
0.660106220340866,0.021962213384290673
0.7191143662877334,0.024800833420963418
0.6966798797294569,0.03291732004232979
0.6421267037818988,0.021434335267624956
0.5325931439902414,0.02308676185836511
0.488760189489444,0.04285538718148972
0.39051699469408074,0.1047556529249691
0.33697571458212505,0.04002380696286886
0.2810203120117112,0.1380358089372877
0.22370609685240314,0.09407951739672513
0.16670083524510063,0.21168067676073352
0.11239419839126479,0.08829127587787525
0.06402409716569693,0.40131873643216265
0.025763840300712226,0.9502817418814311
0.11508406927869304,0.05629482910933221
0.16251555072382662,0.04810593232399763
0.21449488173153144,0.030500696033758837
0.2683991964808179,0.038157468723698885
0.3225057862217253,0.041740926455377685
0.37522249263496893,0.0366778187693695
0.42553056030644415,0.05109091905074432
0.4731636983631638,0.07398941673723385
0.517420193745942,0.1127409161119735
0.5584334172512739,0.04850131554099031
0.5963581781412679,0.08144864582543344
0.6309595046039094,0.11218386633546273
0.6621116879880199,0.023362714383068934
0.690152269702972,0.04241204974175353
0.7165424523092262,0.031566285364799565
0.7395823207729111,0.06124135739242746
0.7593784197994625,0.025099074975483283
0.7758820031661783,0.07710246562957687
0.7896426899610864,0.040926309269091465
0.8140151365357553,0.04691657940402422
0.8119584425636934,0.027124500718614438
0.697848570736813,0.15083636489946123
0.6670012525789173,0.1345895804076101
0.6323679273650477,0.22701390141609024
0.593927732163049,0.032372689440232055
0.5515169565325364,0.041071890380136
0.5057627375889808,0.03565082369516502
0.4562120341193424,0.0666247683336576
0.4034203011405109,0.20611466095768424
0.347819237721339,0.1862366739685496
0.2898907128558911,0.09733184554873078
0.23087170186974568,0.08680039749548284
0.17222436430834967,0.0811037235179185
0.11649916958144546,0.09576191701478345
0.06691022930359919,0.3236549059163777
0.02762404434604518,2.2159600413036453
0.22229001822064476,0.07463587296659714
0.2785799509401677,0.025016751028085253
0.33525781856337233,0.02182642147791943
0.3910757002679444,0.03286923632470563
0.44493488979035517,0.023210490306289085
0.5445252292647208,0.03745616157416337
0.5896229941570276,0.08853858095482223
0.6313998108880372,0.052634348746076136
0.7045608429741625,0.024067449773127473
0.7356863513959976,0.09433260245517959
0.7639549013622758,0.08140188093763005
0.7882736122278332,0.076012635352812
0.8088306417553706,0.022304434355143028
0.8257780798485936,0.10137540696043096
0.8395691351121873,0.05441977353729365
0.8497786527159901,0.02375970634390028
0.8568920615653167,0.021158015381899754
0.8600395161641404,0.03304779124814585
0.8594972905317513,0.11757823479866554
0.8369625140530935,0.044644140969358724
0.8225377445484325,0.02701421254999506
0.8038338619417074,0.023260253852979994
0.7817801005939133,0.030516784174093443
0.7559145371576264,0.06883164907785773
0.7262446184251883,0.020079174791448398
0.6929476861866375,0.08606607003227193
0.6558657505386186,0.05321358077952112
0.6150033779769908,0.1089518697074273
0.5703788259108563,0.10715221094169805
0.5219993571557597,0.29339807699041787
0.47026352558210227,0.1384851436628235
0.41524815802823567,0.14584788157037534
0.3574142514387397,0.09476757420873431
0.2976488836884772,0.3230486358925349
0.2369464774351486,0.1364496262637829
0.17689354163336696,0.31353253136463743
0.12000080317514326,0.17341643218819713
0.06944951257592492,0.16387541228892394
0.029355854389554546,1.0290658075302204
0.22293537659100435,0.04215190073414688
0.2781374828429695,0.04038216701052977
0.33345956866873583,0.04555294784565085
0.38760898214588246,0.04587504171722536
0.4395295765951461,0.04840214575149688
0.4890097373056385,0.04209549560151428
0.5350949631431058,0.03535681329114483
0.5782028350348211,0.02830704511602033
0.6179509111857189,0.026805010738407117
0.6543129142680882,0.024065453089520406
0.6871520949807071,0.021549465277636678
0.4611026940287683,0.021652881011010545
0.4079511325882096,0.02943329389776628
0.3521167770319664,0.03593588738578821
0.29404929371361205,0.04491472090729103
0.23472763902977797,0.0612205594424642
0.17601220869562142,0.08944645199002323
0.12015580944748662,0.1397267332576789
0.07029581758411789,0.24297997283746053
0.030410602458669146,0.6048506674766985
0.22310190117884476,0.0423623473034823
0.2775957848645552,0.04243546688444157
0.3321060126586182,0.04690421021212065
0.3853282205860091,0.046964861883063216
0.43640868692177043,0.047868541564455885
0.4849088239998967,0.0428416848420861
0.5303440674744074,0.03450521781277024
0.5724305237992589,0.02965913793538585
0.6110068130688007,0.02696790353664229
0.6460709540030819,0.025756169252661
0.6775813099586346,0.022118273331283043
0.8055075819038341,0.031248759362226805
0.4473542094584109,0.02635756560824579
0.39618290266074646,0.025589366930494042
0.3424187657835038,0.03158178371250267
0.28646544672136776,0.0415255277960354
0.22933247063824133,0.06557250681529682
0.17269113881026346,0.08266375000242586
0.11868614796030516,0.13430498553171727
0.07015088545405446,0.24221912576297136
0.031000681310621815,0.5887287503821448
0.22122685742776363,0.04573472218365984
0.2746295092703034,0.0441845276511643
0.3278944641130229,0.046818024206892024
0.3795644735313971,0.04022218233375091
0.42898702190125587,0.04173621875089632
0.4752255729172905,0.04555247333663642
0.5185882886619443,0.03745481853545412
0.5585047901651256,0.028916433792090832
0.5949096153524791,0.027514816057317103
0.6844471527647662,0.026225069115324712
0.7287721657276603,0.02602745611976678
0.7898383534139948,0.05071864499027987
0.4894395040807135,0.022625042270009388
0.3920687392544979,0.030607622868511573
0.33934779917599006,0.0320334650007654
0.2842961445869192,0.04796940860173554
0.22802032768833533,0.05823370900826237
0.17207652206833796,0.07877369281276954
0.1186991015189098,0.1914109806275199
0.07073377547097763,0.3871352294761455
0.03185900979806227,0.594406086353269
0.2234085021833846,0.046240935407316434
0.2768007552351922,0.04296241508357172
0.3299974318374317,0.042013891366945014
0.3817936722061693,0.04683896722019386
0.4313258153676392,0.04259828730587879
0.47799489324139116,0.04027559893803248
0.5216736858185332,0.03380636627992824
0.5618220214540589,0.028732052419351638
0.5990280723937401,0.02599459929075372
0.6327545382117727,0.021738074117503028
0.6629566699693668,0.020476793095904545
0.4965078566102789,0.021064367289619423
0.44888956518520823,0.02040005404263515
0.3983408078162287,0.025282990084707833
0.34478958984769675,0.027007135384814744
0.2890857411419461,0.046392106802278815
0.2321235740234939,0.060941323259620046
0.17553765581725408,0.08751429504476639
0.12149958697401742,0.12164451686674531
0.07291898902211098,0.22765601351747572
0.03347234223647037,0.5176098492486342
0.17566503273621226,0.037863544707761765
0.2284436768839702,0.035568174480925606
0.2828071411882415,0.04094369009400444
0.3371865929859424,0.043713929257993854
0.3901047328246855,0.044855755380702814
0.4410078989094095,0.04548326239968454
0.48930846072550427,0.039837253387463176
0.5343077366744585,0.03283821088398368
0.5761830171560206,0.02938540367215999
0.614627796212634,0.027162408794817756
0.6493469813124394,0.021438778977339645
0.6808312723340213,0.020521216235373025
0.40767402654103796,0.02507723693581212
0.35311384113244365,0.03450510331612302
0.2961886586830961,0.04084169129872902
0.23808470761867812,0.06196796212638948
0.18040974630900178,0.07474401418855557
0.12528082076684363,0.13324637421778937
0.0757381485200598,0.22107286151620695
0.03541937795089338,0.540955784927305
0.17849191063210862,0.04436609095699913
0.23154202760767154,0.028142359401414557
0.286231010264304,0.043696635274603775
0.34059110198752435,0.04078528631813301
0.3934847780829531,0.04747850539603327
0.44404205433017513,0.07339219183976059
0.536401079170438,0.04174361443087941
0.5773612706089283,0.03142192168881629
0.6146503170818693,0.0239986852243723
0.6480536666756224,0.024353894504124625
0.6781401785442673,0.02259918297709182
0.7051668814394865,0.02008061687633525
0.5864294015426033,0.040036628735659045
0.545570337476232,0.02050467999712504
0.5013166758490905,0.021415383040450722
0.4536282592014614,0.020764815720947384
0.40275615532569004,0.03216524715455633
0.3490829075179654,0.03924366235440461
0.2932732840146533,0.06387100532523773
0.2362269309360415,0.050606523106911966
0.1794702658244975,0.15868610052858603
0.1252299204131146,0.12984664288875897
0.07634759616441526,0.334553131427328
0.036339192925328556,0.34234342886494634
0.00875827173139732,3.6563673501388907
0.13089690187055195,0.054131722110805525
0.1802434657814528,0.025299513283548198
0.233467940247553,0.03844638354884069
0.34296727757760115,0.03409664103782742
0.3961561327105046,0.10469685710654308
0.44730224066711793,0.038807372189584306
0.4956686942605962,0.061582508005191376
0.5409430301616784,0.08466021720418496
0.5830493097260331,0.021289851103444297
0.6217309161775108,0.026623598097106096
0.6569198191811868,0.020520591219020067
0.6885899933746944,0.026954960369001916
0.7169400390520116,0.02851271222575469
0.742212572116172,0.035185492806142304
0.7640595717920821,0.11680855309115218
0.7822524816962146,0.08912396182849795
0.798014266341927,0.0395830079512632
0.8186684243929545,0.03356588314917886
0.8252768148873291,0.04697479981600701
0.8204465694870526,0.08139806248604471
0.812907162341518,0.0617538623752863
0.8022770700370689,0.06848388396114125
0.789259370592207,0.20094238478581572
0.7519683323975523,0.08721209123224155
0.7285204633406913,0.14398010611846015
0.7021527622390624,0.09673332571325874
0.6720027640616155,0.075376652171042
0.6382630855857226,0.08066556824116279
0.5591277288301668,0.10023931453241879
0.5140960565179511,0.028549995634760718
0.35801196125712587,0.020018388980006355
0.30076738943220416,0.023352627288173267
0.24233458022345697,0.030023061300782188
0.12889183954884584,0.043530395616637074
0.03820366636419467,0.7052743214878139
0.009857847028011955,3.342959102177516
0.1834636668527638,0.03258456944404629
0.23714073221142584,0.03348969869118034
0.2922454938656277,0.05529262745463501
0.3469903252471214,0.07470996006532618
0.45138982932669436,0.039014955371698246
0.4994091575339011,0.03776391162674547
0.5441462092344498,0.03188100446865672
0.5856989832839048,0.028262576564487687
0.6236921122344345,0.027614116924963347
0.6579189647804287,0.020639304601099823
0.6889181932902504,0.0211300721526674
0.46278167110342694,0.027391974746106752
0.41118765263649626,0.039685801660812335
0.3570367559488667,0.025878801607438322
0.3005748985162804,0.02870234035660775
0.24283817515787495,0.08958632325753658
0.18533508035639257,0.035364077630806214
0.1303014587705581,0.0915195215344641
0.0805457988490802,0.19728630337072126
0.039595321029545306,0.44238679036809647
0.010852936372728402,2.082984564771815
0.13482453747312872,0.033715282150989734
0.18480897162787058,0.03022574842652442
0.23847136779922712,0.031260550963414166
0.29363034670011834,0.048363574487829124
0.3485056067829093,0.04981974369668276
0.4020080682192859,0.04294018408623625
0.45314953752664755,0.033675647460602524
0.5015849769163349,0.03918463362014178
0.5466896869755734,0.03519668776107106
0.5885647245711665,0.026920372898680774
0.6270063332345385,0.02729982631996279
0.6618846462761158,0.022618359434858046
0.8124469189525241,0.026175026386598126
0.512904778807989,0.02105558192134288
0.46430047129239754,0.024080409549197494
0.4124252653295316,0.02335052909149832
0.3579343967748785,0.03532120632865074
0.30139773254902824,0.042224598368237304
0.24357294825751413,0.05831200283083018
0.18613968699315006,0.0711722696041629
0.1311823525926411,0.12865232305580557
0.08158322892225622,0.2057253732494957
0.04065314987888396,0.42225295746150293
0.011719093663378503,1.6478341141625588
0.13566756931470692,0.037473550248937476
0.18559334520488252,0.030501788478581898
0.239265024521945,0.037392103931385104
0.2945186380104365,0.05904337801804051
0.3496003928115821,0.03157164007207564
0.40338755343795785,0.03675737596617375
0.4550991578715844,0.04860934994547561
0.5043419131207495,0.03427984002167863
0.5504217195790123,0.02716605213259444
0.5934759055353138,0.05133750276301051
0.6695740446508152,0.060639427660354045
0.702086808564276,0.02275885679272856
0.46865662714172596,0.021827772784204214
0.4163325911650996,0.03088688291418985
0.36143162142731783,0.035182860028273956
0.30434629356517856,0.05172710933623009
0.24619453698610785,0.06019137692781349
0.18853890443233737,0.09897657818052581
0.13343251372298487,0.12804140652774634
0.08355308222289083,0.24087342033252182
0.042271450103264434,0.48002198466653057
0.012818392278636697,1.4435419086048944
0.1370242019030593,0.03703151629084713
0.23963768779701997,0.03469622680967567
0.2938872445485814,0.04391506876945733
0.3477549775530663,0.040677890031012624
0.40020740778900443,0.04388086317627814
0.45017657621703033,0.04307328428026407
0.4974309967080222,0.03859098183502878
0.5415334318303812,0.032500590590326554
0.5822988502138597,0.028383308874564264
0.6199438568309988,0.02613907388329821
0.6543574769545831,0.02231331435889152
0.46059960342277834,0.02567115834999043
0.4096203320999659,0.02573231476303905
0.35596005252163077,0.043325207734045836
0.3001850592165344,0.025105996844650934
0.24323863180895014,0.054076023292729695
0.1867813847031934,0.0759921331011174
0.13268538730868704,0.1788540458411198
0.08365200591081089,0.16963632123348407
0.042880083082934825,0.28508285323444876
0.013553121675516495,1.4870880033174863
0.18815394368373917,0.04049083908272511
0.24128991879987632,0.03582997996072388
0.2956897583169639,0.043889052418292884
0.3497905866307474,0.044111242861669245
0.402258180508596,0.043733766412764795
0.45238609521052725,0.04193009805642199
0.4998260163139351,0.03694958382433547
0.5441384648401268,0.0328260303266915
0.5851343142103747,0.02950835326267684
0.6230251141077854,0.025539409714746174
0.6572880514411854,0.022646545890033565
0.715045816139313,0.022864027693307126
0.4618094155372504,0.023792050993001544
0.41092340197521887,0.027384270047770123
0.357310768544269,0.030847221587869105
0.3016997555101904,0.04636400080598918
0.24481881517642878,0.05833454472406773
0.18833114697031403,0.08354046554408835
0.1342961001397924,0.12877306264752203
0.0851796285729398,0.14828057538115003
0.044251977869369255,0.4135145648831516
0.014585849636040867,1.6041913290722956
0.13981387470488693,0.03784579357137747
0.24273293927616915,0.02837786876941523
0.2968639067882802,0.044099546308227745
0.3505605509740144,0.052746726179883796
0.402575996073632,0.043269589240949355
0.45220180898093854,0.04337670194316044
0.4990438871055305,0.048689824682603085
0.5825238064117284,0.034735448143724645
0.6191485047985446,0.031471178120004516
0.6521945529062758,0.02226279605408395
0.46487901396298276,0.02609319773756505
0.4142980036201241,0.028194211804993524
0.36083252930112714,0.02689548398757831
0.30507872615348003,0.04622088316001468
0.24808813441403438,0.053854718234183585
0.19130016319575296,0.07413588054286868
0.1367351849962951,0.11411889133917254
0.08713342598502873,0.19572131355158753
0.04579023852566425,0.37523519631545127
0.015665851052499388,1.165334704286099
0.14285816481057437,0.028901651857477163
0.19345069603657278,0.041490630343451684
0.24738181119899239,0.028374374265060457
0.30249101997977573,0.0424755255841928
0.357178290577402,0.021219778050576316
0.4102805829849304,0.06372666929870723
0.5089182964465405,0.1226064519853539
0.5535646026957436,0.041796483409509415
0.5948256259926208,0.10061701646726008
0.6328593735823212,0.02310096110623931
0.7259575722834821,0.028963822494915376
0.7502343058145564,0.023737955143912852
0.4706149759205381,0.021804974610067713
0.41907349236413777,0.03254210316903191
0.3648902880035844,0.03151011671076028
0.30847092133983073,0.04479907732561661
0.251026538293528,0.0627128578881815
0.1938444649030808,0.06608697523844462
0.13894472019532228,0.09763537204125129
0.08907599397358347,0.17489314370421727
0.04736137684101184,0.38383642604880597
0.016804261714179574,1.171259531506216
0.143992771578244,0.043085691331138196
0.19470398429127322,0.04969216752395467
0.24878244728584556,0.03336578624623208
0.3041701976268068,0.03639805536200011
0.46352962894272554,0.0319235292244611
0.5121241610325481,0.0422139656600469
0.5574332341373991,0.045481236869693215
0.599445857451078,0.12929793522816552
0.673686291895554,0.026829731133280202
0.7055017769695162,0.05668666552795377
0.733826079391468,0.05858147042112253
0.7594564130349433,0.04096911081843029
0.7810447618687184,0.05830189828069057
0.7994010552726238,0.04723630453476641
0.8200473148572823,0.02640851718223123
0.5704168936194719,0.03643609317140567
0.524576891921745,0.025437582894421672
0.4755836982618657,0.02948993530034498
0.4235880684279261,0.03170561982300348
0.3688249416365229,0.03891604308245429
0.3118734393161335,0.04799152926217887
0.2539659684286294,0.04760350569354733
0.1963644144307876,0.05709022789048419
0.1410407829540997,0.20800006928854647
0.09083038830491787,0.897698044711682
0.048811773166644506,0.4672864901209379
0.01787536412488773,3.2313607631844614
0.14414793516433563,0.06030301813591337
0.30282025782881355,0.02332464026804667
0.40968870868506874,0.02723459537959004
0.4600513746838065,0.0218530942069947
0.5077517242547951,0.027592506533907015
0.5524092496226559,0.0218273139524023
0.632133196586218,0.04694086748007753
0.6670601327924872,0.027821781861899476
0.7269282992435047,0.026445620096976392
0.7518039684529068,0.023736221148823525
0.7919273730936087,0.02846833011956462
0.807064209058724,0.08458228815686128
0.8187891331899589,0.054168223686640614
0.833149164950353,0.03698668405712538
0.8354336534846232,0.02353256568439552
0.8347138545315863,0.0528646821198448
0.8305616534988148,0.020400704094077404
0.8236256519399279,0.1137759723506758
0.8129155817519655,0.02918090793598343
0.7104612433877161,0.04021963680559609
0.644718829816586,0.02762185329063934
0.6069791285593709,0.022379446351136107
0.4721797352062021,0.07905029392174415
0.42076760679949976,0.07397733418822774
0.36676250219116086,0.08086304153421996
0.3106450626183277,0.10989971015292894
0.25337436736461433,0.11779583170281047
0.19634459240483101,0.04708073576426505
0.14156849138936814,0.07478803591184228
0.09168525425000378,0.08102937161463634
0.04980235460231081,0.3782769703215008
0.018786375856323246,4.009003912107704
0.14465896938091213,0.0389609419995234
0.19483969996396305,0.02120784017174686
0.2481588707263717,0.029180769007119155
0.3024251570268731,0.027535409246315815
0.3563253038597426,0.024677746140873924
0.4086532544598498,0.022809628753786476
0.5056319887512628,0.021405132891909463
0.5496256760996209,0.06363135553066009
0.7432248183859327,0.16755626164701556
0.7641614411868581,0.07103323237771228
0.7815650496928672,0.15054847567562255
0.7960524937876766,0.1710129322001101
0.807901380284689,0.11894985307471397
0.8216880045247551,0.10399666654881018
0.8241630740301352,0.2134193324301475
0.8239112577314791,0.09548268280868882
0.8201420704658826,0.1621213454575047
0.8134318452320525,0.05422601242130259
0.8033655345913261,0.0873914324933488
0.7904074064843292,0.021368026742008134
0.7741351711465613,0.03280926747295001
0.7540380736972848,0.0652074208098663
0.7308531840016385,0.03710812618696744
0.7041293504172087,0.04735447529628844
0.6398960069699151,0.038762464039727315
0.6024855603445748,0.02556707700811645
0.46962004626837334,0.023162719163766745
0.3656108195023552,0.04228668933064038
0.3100211430996948,0.04678997899643775
0.2533297374820269,0.05713406514257218
0.19678782043127885,0.07827716120724504
0.1424448208449457,0.1139427700514123
0.09280412981863025,0.19390085550374414
0.050971357568969866,0.3678512029771795
0.01978458763551061,0.9298776202149066
0.19611729536176786,0.04368223080983854
0.5874731351052919,0.020068119377972045
0.6235463752422582,0.031030134252273307
0.6561676607246749,0.025226383272304656
0.6855771475964731,0.07613613397848899
0.7114559623441871,0.08904534078613029
0.4677173556392341,0.025722029336224396
0.4175072707608243,0.024436779518429652
0.3643910063331384,0.03266046737399785
0.30920648382403687,0.03927586009133539
0.25291125049803576,0.05801438864752001
0.1968794191486426,0.06771646673646561
0.1429043168259734,0.11464068657231695
0.09359556840089307,0.18151933035506987
0.051890717597355876,0.34497298718548636
0.020662575108841907,0.9225067753886612
0.2500244301487179,0.029065490007122347
0.3583291596396424,0.02156021915887645
0.4106121979449897,0.03310533892587279
0.5081364587895904,0.026500168601640697
0.5522890192976277,0.03537244854502925
0.6316046782328579,0.028240402512692785
0.6659797229305034,0.08412212482815828
0.74966797692125,0.052879718088206906
0.770503842999523,0.033051845319900686
0.7879931331361655,0.029980529869618196
0.8024665036769327,0.053245308970693364
0.8138194299385731,0.0873643492598659
0.8222340642221501,0.04405277142097092
0.8271650155826445,0.09722096196049497
0.8295869780901268,0.09701644266039887
0.8282881834835278,0.05544659320255643
0.8164527854372022,0.03006138618459629
0.806315575463509,0.049255465410111596
0.79240496708835,0.035464215543364916
0.7751816875574742,0.10524248521584187
0.7546123509571132,0.03069772574416158
0.7308603124583296,0.05123327447813829
0.7038221912919401,0.08455393740787452
0.6736574307376975,0.09432763993295344
0.6396515728181101,0.021561976805255095
0.602148426966553,0.20962989275254637
0.5611658527139387,0.06647421545430096
0.5169203567094673,0.024139056219270302
0.46938832445255135,0.031026982534220548
0.41887930895041664,0.03197838133688549
0.365845923426664,0.03161355299876996
0.31071724601902195,0.04174370295858265
0.2544307167979769,0.0554273175654345
0.1982568003364471,0.07718672958796674
0.144249174507779,0.13555134935643334
0.09485230722275322,0.7931493641770384
0.053058773287439076,0.4665976134459347
0.02163397806671064,1.5922368563634304
0.14789460511445682,0.058851744703576625
0.19820528213733057,0.040945461719510294
0.2513667454073662,0.02769648651640375
0.3053852248281853,0.04823016124253602
0.35874673962924564,0.05106011712926877
0.4593428857537543,0.028847415974004937
0.505321123562078,0.06340503533705379
0.548585458575328,0.06205523264675885
0.6243190572938906,0.020491301543888143
0.6570402588075228,0.03153092384281919
0.46279955896585273,0.02106508060246355
0.4137803362002494,0.025513347754124692
0.36208325739828245,0.03359571936036648
0.30822625141914495,0.03898986360288525
0.25297994080736125,0.05739206168381263
0.1976949885664006,0.07041703350955567
0.14443375332081204,0.10243095111055049
0.09551322216879149,0.16928208706841408
0.05396136592344641,0.3425123978854392
0.02253126580673857,0.8287946907607522
0.10342489932649411,0.056474630157478535
0.14795538544572637,0.056229591871366155
0.19800528468875947,0.03461375930725251
0.25095975887557,0.020995612904034327
0.3048075493533434,0.03927025161680435
0.35805332038334237,0.03744497329881347
0.5491544829262456,0.025588990295364947
0.6267353763500383,0.045384342979600374
0.6603055087405209,0.13539831037426453
0.6904506431240023,0.027118124515754006
0.4202721511610798,0.024847730272648253
0.36747732287057133,0.03073138344847143
0.31278004370528545,0.039096678937631274
0.2567588403748988,0.05641059801879824
0.20092461483694743,0.07360500779127062
0.1470531104665583,0.10769353964648964
0.0976283475672173,0.17691946734300104
0.055614088690345904,0.326572928019211
0.02374016630012355,0.8185754392983505
0.14953915173104118,0.045885117829618516
0.19986247116442826,0.03168832710427057
0.25296275433608795,0.02994747916170272
0.36041464973093085,0.03213277472296459
0.5532313680078507,0.07509566600982065
0.5942452893721153,0.027777664914025862
0.6320532120768323,0.1041866082960828
0.6666221069191272,0.07486990725963738
0.6980078310337211,0.05977852293876302
0.42289654457511905,0.024902768543598585
0.3699699929206262,0.03358112792243459
0.3150299331597907,0.03899369721483462
0.2588366279739397,0.053126951518418654
0.20280489799467075,0.08160256391636887
0.1488350761923366,0.11471109250424748
0.09926217577564599,0.26853687016243727
0.05702195551822523,0.2328759810966594
0.024832685511559805,0.46821276840235987
0.15025685728033,0.08517069525084563
0.20050055006876813,0.04961117113932289
0.30739116603737643,0.040718800665719694
0.3606773749850972,0.04240909069856746
0.41235540157637063,0.06756265773559035
0.5085914089810759,0.05452638885004359
0.5524763834401363,0.0528331669544956
0.593256594953998,0.021637006347917317
0.6305123557935693,0.024753910857005998
0.6648095954183934,0.021852074819694506
0.6957574200230765,0.02130013754048374
0.7481479491693773,0.022660633146402372
0.7694453862360867,0.07830727026690792
0.8185988001165289,0.055007202905272515
0.4741228741534707,0.021798118711282927
0.4238247136463423,0.026285996995441725
0.37095793921818304,0.0401547142384803
0.31590349707580173,0.04859760511493096
0.2597750459816972,0.14268129048400421
0.20382702846531187,0.4200984319624044
0.14983461466825881,0.24489830872279686
0.1002870452959587,0.5464639991352446
0.05804227357630154,0.11269344367406975
0.02574759156134746,0.02696121462618007
0.1517969660216201,0.05288325606010288
0.202482829615854,0.027063994265249088
0.2558188826118269,0.025732754938915997
0.31003294897047573,0.031094400744013307
0.3637280055262331,0.03724997640710769
0.5120471696110789,0.038358510741110324
0.6343159262551604,0.029323644685204486
0.6991854308638689,0.06111353775247888
0.7515028548788004,0.0484334993899543
0.7918571050357043,0.1046307061324119
0.8072207821863503,0.05624984484151747
0.8197589437562403,0.05376604363567036
0.8283980417767025,0.08830867681669742
0.8343766492560993,0.023481763557722208
0.8367971709333543,0.051048358073793605
0.8327536499903002,0.08609974037017258
0.8258977529001982,0.03022577874783934
0.815087147549664,0.04701809925746825
0.7612345446191877,0.03229113231654287
0.7090654104657174,0.023709306992655915
0.6782225729128444,0.05225732334466744
0.6437096263358371,0.06734829501563458
0.6062266661871214,0.07398145975343245
0.5656954942475364,0.10330999558334328
0.521774175309116,0.07596667322717508
0.4745689093964358,0.03513648440590733
0.42439866673009996,0.034760311812557836
0.31679991040863875,0.08786987750833672
0.2607745378215517,0.028720822234698084
0.20495198157724195,0.057008781727677815
0.15112169840612058,0.07081346852741166
0.10155381240269667,0.24082233851607185
0.059218121891221775,0.19189854583913127
0.02673692213918365,0.4427793223847613
0.3624956879835109,0.023151602936607646
0.5137064312082917,0.02633764461886233
0.5591767107118234,0.028689652845490347
0.6397504740983176,0.04215495390605971
0.735325100767993,0.02224102137766454
0.8006148298689816,0.03742388885544916
0.8156804278125295,0.03573852179546009
0.8269986124924478,0.04772959302400988
0.8402782973686961,0.04008472838058958
0.8417356449847457,0.1608382744641943
0.8403695876498649,0.09702711052614736
0.835808378581062,0.0679896302758643
0.8279116430742137,0.10863228483240482
0.8174714332645323,0.031576335498917155
0.8044197612240365,0.021669903593589012
0.7872643033294227,0.17430076779752288
0.7670298865051717,0.044407052994251996
0.7435001021858454,0.14626894586781392
0.614458305376848,0.024524444635487367
0.5281607134397036,0.04910128241384048
0.42895301922358536,0.04640188422787281
0.3751864552875106,0.030600255907701126
0.31956321739414056,0.0661279148038556
0.26293302065082463,0.030504305430988813
0.20657514670820595,0.06317707940577454
0.15227272151216065,0.04631500984016955
0.10251550366927194,0.058649068746284755
0.06006362987198071,0.07663920765895726
0.07078793582958808,0.031057755802856617
0.1530715022579639,0.034900109030755286
0.20391652549170777,0.1184169926938279
0.2577492997287086,0.05811279488972938
0.3670894953346719,0.061866318601083325
0.4201615906620217,0.18331228294968582
0.47133293049188496,0.10078441291841529
0.5199760350257678,0.07039902964407327
0.5660147244664309,0.042984386585205064
0.6486455772507189,0.06358601950180194
0.6848419570457138,0.08426410799000258
0.7180737447082071,0.03858881295631266
0.7480515966006076,0.10729110765680533
0.7743657624438554,0.044802580743702886
0.7973058391855815,0.07612893237342042
0.8169439739295133,0.08105371349821971
0.8333196954704084,0.09712047434045419
0.8459457359722206,0.04057906200496772
0.8609719623251921,0.0772296075479399
0.8637306494364574,0.05039540545130562
0.8635126378616519,0.05482629743625701
0.8594647760177926,0.1698845641821065
0.852304286067916,0.028470171823328803
0.841023448690087,0.1934517475311685
0.8266096335356516,0.043706786531897614
0.7872749112148733,0.07815182981058896
0.7619520240382829,0.042121228899059206
0.7330958797845718,0.14667366727771408
0.7008342010048626,0.4777366156344974
0.6647837225351297,0.08170115661252554
0.6253928982788395,0.04416270449633895
0.5826480120580337,0.18918297312156632
0.536576496857977,0.3790790823754513
0.48731962247225363,0.09036333928678401
0.4347403394122303,0.08714932768886148
0.3804212472539208,0.2300255046611874
0.3241717520214072,0.26346336154343075
0.26695404841847287,0.3879557837922301
0.21005311934303653,0.16262407216189798
0.15528234615937994,0.4488567953458827
0.10500351308795258,0.31380586631197194
0.062026203368918405,0.4212200338488054
0.028930797237952707,0.046176525888774266
0.15380028423004902,0.10123998466188464
0.2580345598482219,0.033918535790926345
0.312457443123306,0.055774860914471196
0.3663522143418734,0.023517025242664576
0.4187476572897569,0.08246142836636562
0.5163138434147889,0.021193239039045252
0.5607926821930056,0.07049872685631006
0.6018935546445809,0.10447587587330022
0.6399403144840686,0.029811382685328288
0.6746376747674165,0.046089596818456806
0.7589424392838676,0.02985533169564925
0.7808124010100228,0.05410872479008506
0.7990098672859514,0.07205311692987469
0.814514162031023,0.12164689857457915
0.8262348954163975,0.06531340617444929
0.8347623808138481,0.15148770507268233
0.8209636732206398,0.03577099493145929
0.8068427699779606,0.13089991554472044
0.7896400682497882,0.2304126956970217
0.7691768933030856,0.16934314984861584
0.7451963187175791,0.14155908793382202
0.7173731968372533,0.19373702190517356
0.6520826969508895,0.08018070222897869
0.6141931434544956,0.09742489085798568
0.5731983960937589,0.022617769694349595
0.5286740845616617,0.02133132208557213
0.4809185140956725,0.09196237523407551
0.4299809744102991,0.08612900433195111
0.3770061055394958,0.028475449533219527
0.32188366508499466,0.021629087633762284
0.2657025829678046,0.07190464259391777
0.20967777452340422,0.11354792347985572
0.15556390545269566,0.29108690448484936
0.06291851566991011,0.29420991830766935
0.029796179837743318,0.6574706055276623
0.1091561453127935,0.09412562538204863
0.15440328254191923,0.04765204185593742
0.20499908281541987,0.02430449925136202
0.2582456485739362,0.03820495496093505
0.31226470421845326,0.026166973805121167
0.36578492067606966,0.05563713090746684
0.41768458786592966,0.03335810571575625
0.46739644817096804,0.0218971956176544
0.6939443047641054,0.07319185169354381
0.6589355898351656,0.05989058352876344
0.48490782548717254,0.026054440039208638
0.21103817726718913,0.031284447965338594
0.10677658897481959,0.06294426222834325
0.06390749330906877,0.03250511425227785
0.03064693958018208,0.45226517502969327
0.008199466284659635,0.39877822492800064
0.36841958348951986,0.025391781524080545
0.4210715457789524,0.04161294516375779
0.47131535101312855,0.026655601128684286
0.5636852603875089,0.06071151240528182
0.6051574305594084,0.0383494170153357
0.643525523274635,0.06777593143124702
0.6782881361921567,0.07044913540347132
0.7098503039223812,0.023133972637192586
0.7377267861673382,0.027415680103151378
0.7625990575185586,0.19777432999008326
0.8018357621315912,0.08781671475703962
0.8168780003656204,0.022505189167808182
0.8286921044614707,0.07333899382322863
0.8372970442623368,0.054501863308285395
0.8423241899183224,0.09915225866846611
0.8446173388865026,0.10826663710316478
0.843721732252846,0.09026609435455431
0.8393264905180716,0.1267173668120944
0.8316511131953503,0.13050314390460258
0.821127338844407,0.23370745226384207
0.8072784487205388,0.0327504792762537
0.7900748430550034,0.19293621069193786
0.7694941612760826,0.16704445533856313
0.7455042230746112,0.16974879892682904
0.718405072347598,0.062100362825374775
0.6535362239023575,0.037779900329916974
0.6156380318882759,0.22462712067873833
0.5746180569620635,0.15584439093548633
0.5304020262211149,0.17881256625443467
0.4827685742152473,0.13072039241137054
0.43182104937431254,0.19293187554396563
0.3789514237737097,0.19301594563495325
0.32397497154510424,0.02201126444556985
0.2678801099343474,0.044088145366603666
0.2119131561080127,0.820147934360719
0.1578632996413249,0.5248714533113276
0.10804263228034533,0.2864466887062688
0.06510729572174268,0.12475610131564574
0.03167727552946496,0.4454532460083904
0.008948429257600862,1.2928292293740353
0.07287798200473625,0.020174644815927036
0.10983065480689042,0.04542716171287462
0.1548674325048861,0.04960527302028642
0.20506974984760537,0.05286493992751664
0.2579157403901247,0.026314493164317238
0.3114699868933561,0.030951558029425633
0.3643385847843963,0.020490002934517332
0.41583356349170547,0.05366236485246691
0.5551754193574883,0.06881413170886823
0.5959867756305365,0.1516270379956259
0.6337623192973224,0.09316501958129025
0.6683285807784376,0.04065358795899437
0.699674275038323,0.06328704916616083
0.72802322299921,0.09656271019359232
0.7535051371891377,0.17411347454692705
0.7760175487559061,0.16644970055983963
0.7953567131207863,0.14853271548333477
0.8115126616329394,0.04784681126396413
0.824546177416774,0.12299391708231758
0.8343705818493115,0.15174146678678146
0.8414964994481665,0.2065670611236467
0.8446264696275096,0.13549074514718062
0.8442646456193067,0.053354319127790095
0.8404970363842388,0.0334787934890927
0.8338123065332006,0.07097477890955446
0.8230736980363481,0.04209137445435031
0.8088878826697005,0.047054058461512435
0.7709036803397703,0.13996788167860125
0.7465311682716473,0.0316282537947862
0.7187383199211875,0.12822257654263156
0.6876976871904461,0.02598566674928941
0.6532191532703847,0.1701012228638234
0.6153152196616432,0.09253709538351418
0.574341417903048,0.0862348354650366
0.5300409391192046,0.09017953859377568
0.4825669530947437,0.04989256373998933
0.37894232618786167,0.04539623436656438
0.32415461763618714,0.03705540164470593
0.26835016029535647,0.052894417819283994
0.21257464909735668,0.0676135717034029
0.15869279428989605,0.11054051356861619
0.10896387360744066,0.6024060026204685
0.06604238221746361,0.29945300371215156
0.03253677504480295,0.47222208387674486
0.009605370906562027,4.239782429026722
0.15578476637012156,0.03962028258215331
0.20632604667124826,0.09878602169281717
0.2597706176475363,0.028815018998732723
0.4208231518515423,0.03255007289207837
0.47155183569552184,0.06912481021776598
0.5651408615906535,0.07383000725998522
0.6074966715028117,0.13269724917167
0.6469896024795754,0.03460792820554408
0.6829906350131559,0.025958503672067597
0.7159228822737381,0.0476177712576807
0.7453347951695147,0.11933472276166905
0.771303305653121,0.09576883402054885
0.7938052556372529,0.08913335615041197
0.8129844341606646,0.08133925221541688
0.8294009110442446,0.1221144323229021
0.8421017777705951,0.03281012416625248
0.851468998088777,0.19099199208803572
0.8574620388599398,0.08085349747775476
0.8604203157219829,0.11374825198070262
0.8383692135799689,0.023167219458359666
0.8244015319227199,0.021073664129355796
0.8072345071567631,0.1782955083163993
0.7860685173915881,0.07995399602456918
0.7611032976608978,0.029140591191311144
0.7331829920505176,0.20183137674437077
0.7012028882786311,0.1975848995303108
0.6656638887821297,0.1374331145490217
0.5844764613275535,0.03654522225560604
0.5389757825573246,0.027923066197410862
0.4903811361448624,0.11139060547147946
0.43854402076501614,0.29743802748872816
0.384515945944737,0.1636740123533898
0.3286032861374083,0.11628177106458668
0.27186767007363355,0.06341632056200433
0.21535644456887895,0.04130985509201721
0.16086427072799636,0.046411003787971965
0.11065143645305453,0.08137919029914355
0.06738379675093939,0.07582903633117684
0.033560418865613256,0.3563613720034418
0.010325134827645003,0.5267104196263533
0.15553296828292965,0.05288818066337364
0.20555285672225598,0.04291642327907606
0.2580948103877099,0.03259252706947657
0.31144462779036236,0.026931973540827985
0.36414075339178004,0.02635802833413919
0.41502964054760566,0.03986603778162428
0.4638036274222802,0.08298039901355456
0.5099668728085414,0.16260791665246485
0.5529178629511546,0.02469422275568386
0.5928905575266125,0.023036242693869075
0.6302370479390397,0.03188769642737327
0.6638606523602392,0.02133810952935578
0.7865292272941442,0.05157554434316609
0.8130111236043028,0.02040441098180163
0.2657977780633619,0.32529195315922593
0.21128738280866158,0.4921355531003268
0.15852378681118898,0.16535065138290345
0.10963775018715784,1.0930710932644643
0.067269030704415,0.25394373026384826
0.03392121494440423,1.6375011417496341
0.010822685045657213,2.3728969492787915
0.11036378227886537,0.051004336917888304
0.15503422128386665,0.022431772225787065
0.2566546959480415,0.03236114999221688
0.3093636902617119,0.04259671894579772
0.3613236759121995,0.028497120301835224
0.41161367975511337,0.06299286400116728
0.45961643633531674,0.03444606180077936
0.547343244593884,0.02668834123518117
0.6231148252324096,0.06879875595713766
0.6560245682377199,0.09588689132842734
0.6855715676985444,0.04856780348144628
0.7120130327512689,0.08451566191836374
0.8030782978751503,0.040218584276873796
0.7798573379681115,0.03376474633589473
0.7637512981777183,0.02778463427685208
0.47126591568378107,0.02165845809474651
0.37204133053096006,0.023755109677488256
0.2653239654697616,0.08837708074612065
0.21123406861921865,0.08331636778043816
0.1588450453661257,0.09594897010058276
0.11026962791162301,0.21196638558689515
0.06801247035901753,0.29846392925585136
0.034664918160062654,0.5544457628969592
0.011446187127131443,1.5101491237165543
0.1549340023512284,0.03750504028303014
0.2563313539089454,0.04522803322244471
0.30897463325989033,0.04373287473256073
0.3608860808111499,0.0418168730407614
0.41117973905929456,0.053868900845401614
0.45921223984886983,0.03525691164808345
0.504555011930344,0.1716432282249136
0.5469311008913281,0.0595721246946702
0.5860103128430677,0.11941138175805895
0.6218360416867312,0.02621245414752301
0.6844070806789958,0.05734542911945051
0.7110181251008617,0.0840048066792185
0.7353003580575288,0.07754000831154483
0.8180355090770429,0.06251724805309496
0.8175973859532707,0.050634558366771554
0.5211957194246779,0.04144017918482473
0.37577991413176104,0.035810438141581864
0.3226838425926642,0.040300089924768426
0.2683472899507293,0.05376393763508304
0.2140225642353159,0.06434517120851123
0.16117297593238913,0.07490734891656371
0.11216912106933336,0.5641676725006805
0.06956280298957324,0.6779694776750991
0.03583626183986276,1.5036389502716572
0.012250093218424296,2.0791611606900338
0.07504719020771967,0.024916467179736442
0.15731530386087303,0.034638344202728905
0.20753400789348828,0.02412470376596583
0.26027411830388414,0.040182390373293464
0.31373228363303995,0.04860610568972032
0.3665321029245851,0.04628315949206186
0.41777272715633607,0.047143324489519516
0.4667625502215668,0.03949896497674078
0.5130721153603124,0.03930960183950688
0.5561417478819277,0.033366581287183526
0.5964569785394982,0.03069497711381949
0.6338406201716088,0.02667456082253378
0.6678092713571028,0.03008137765075041
0.4800206621061894,0.020987224224179632
0.43080535940622405,0.027611830436090674
0.3795124505745187,0.03147086879471716
0.3260156361124726,0.041517901241764466
0.2712683205311877,0.05056661687684913
0.21648940366174801,0.06882727228613612
0.16329661504498746,0.12099122086787309
0.11393109858793689,0.13019531745078158
0.07100666378293975,0.26902250922669857
0.03694232091434007,0.4145555309219389
0.013021305963519992,1.4100050976092389
0.11301828526322599,0.03667936461814781
0.15847351775401086,0.08575521769242807
0.20915367746111843,0.04972270391473135
0.26254865163359337,0.06477215864689392
0.31693709901156536,0.08116228532210285
0.4233892835963961,0.0870931170607741
0.4737864643724079,0.042376885617449914
0.5216255208927364,0.03159486566007967
0.5666440203082086,0.021588033735731173
0.6087684504798074,0.023526188562917178
0.6474929211799412,0.13436055533876046
0.683089587014036,0.23584941042607072
0.7150380320894568,0.10139727213468007
0.7440459052044173,0.2546435634693708
0.8112652971257104,0.16024870051625684
0.8270350852539418,0.021217788799993805
0.8398640011611199,0.16586469461429554
0.8490401854805637,0.02762878256597623
0.8548501241539345,0.14743602610208376
0.8573230517065616,0.12333773060133817
0.8564638261476373,0.1212737743756541
0.8520226500832473,0.14016521352970465
0.844502532353483,0.1251239746960766
0.8332286141751498,0.26974817185612615
0.8017512030360745,0.20068326715255477
0.780614827684826,0.046522501206022415
0.7561179585770513,0.25297029904300516
0.7279157506154957,0.12822205112391782
0.6968289029848075,0.09797947500542328
0.6617889436370827,0.12190193657057935
0.6237772692239493,0.02010698080636736
0.5375419355636376,0.07864339162208965
0.48964665194733187,0.05373434191013256
0.43877787621064407,0.062189657830309455
0.3310924537741462,0.0567832034180055
0.21969336657441088,0.0266505216500292
0.1658224267589814,0.027328060535745637
0.11592854602783871,0.07560549955009989
0.07252465572319725,0.13859132442987943
0.03807980282999901,0.26317495907830774
0.013814632238205057,1.1707182738953545
0.1569594634299915,0.06088184681324313
0.3655866723153302,0.030592059191043835
0.5130311531967182,0.02270938831262603
0.5571087754675959,0.020716196260718106
0.597991243792638,0.0475924301185862
0.6359332525465138,0.06923548039786352
0.6704209331270561,0.09978937844899903
0.7022397194401319,0.04720828958138203
0.7304605059107913,0.08643081458290644
0.755318465914878,0.05601421524686596
0.7769598729839359,0.07136263606495194
0.7954025012088046,0.14407590083315813
0.8105860518127815,0.04694274989956787
0.8310059841273076,0.03873170152477997
0.8370019374797751,0.05742509988869931
0.832939262413842,0.11165203909169738
0.8257563950011302,0.059979155137537016
0.8011431815907735,0.12183382908696744
0.7840952520579617,0.16459421787353254
0.7638454527401747,0.03066374252098551
0.7138061436035806,0.12147847660496355
0.6840334061555612,0.10855343250466883
0.6506157248458547,0.05122736065189351
0.6142449151304549,0.026534694783844338
0.5742542088209015,0.15576873090152205
0.531091401715099,0.17772859058256266
0.4847543291239698,0.07771382179593234
0.4350557165822358,0.09982828006825267
0.38307689303675724,0.039845515239524856
0.3291849342976292,0.2350943801388045
0.2742737486226426,0.026592139323482162
0.2192753454347016,0.09330137152994811
0.16593036589958257,0.14552759135228283
0.11641925217002284,0.04321111898623452
0.0731879766333233,0.08875290240039554
0.03877420265043824,0.17975288626061917
0.014420031402185422,0.5047889723263534
0.15647484564241082,0.03549535278212172
0.20581714598026815,0.029773340518230093
0.2575312081413672,0.04774753530930962
0.309924048604654,0.039027760331895686
0.361491345572783,0.02842797265845725
0.411487149938648,0.02893918379364414
0.45937732733517794,0.060415208022360334
0.5042869036755748,0.0572815530920375
0.5463491315190849,0.024581008406089237
0.5852115993388141,0.030349039368283176
0.6211444958826595,0.023266068285458987
0.653801138428932,0.02254136764377097
0.47738214514280847,0.021008340426455274
0.4288435814292815,0.023636170054109368
0.3780610147160394,0.028981447112812392
0.32546413611899316,0.034367747659410294
0.271467308405118,0.0503628188835044
0.21755407637204544,0.08383142432372484
0.1651043576916149,0.07976652255352987
0.11624349031390535,0.1986255329532623
0.07349294758214844,0.16762911165498373
0.03930079007990782,0.8418385666065731
0.014962470395002264,0.8712106030064748
0.15561973875341079,0.054745645528869985
0.20456734826383843,0.08067169035433364
0.25585330056783123,0.07156774591200632
0.3077461934108212,0.11985131530847017
0.35880811746837404,0.03540594421399895
0.408280279707371,0.05379270334628915
0.4554816466101897,0.03579280228367099
0.499983800906137,0.059890609244211294
0.5415046400446746,0.04744359115877203
0.5798892021927786,0.0569579226755288
0.6156407739740318,0.026752331495498733
0.6476976386844852,0.0461357431702102
0.6771222745212412,0.02137536354932351
0.4766605664456277,0.022091453207566534
0.37829478709747827,0.027088747468427602
0.32593373719698965,0.0364182561288065
0.2722680524091534,0.04507231419288254
0.21847428802786187,0.06930351423459802
0.16612452919023368,0.09123341186407495
0.11729061016650458,0.1246468888720804
0.07448944836347336,0.21869518189825585
0.040178727503789195,0.38833697206879436
0.015642348391117587,1.117774036623152
0.11252727073537551,0.05006636586693109
0.1570397331274732,0.060726822894624444
0.20654109954544403,0.02554651837638577
0.2585415715264041,0.034449809049076456
0.31128149777576586,0.0588580181574773
0.46248503831235677,0.08658155084208911
0.5083006864747267,0.036478221918448774
0.5512061152301798,0.0341704984485073
0.6282551923721353,0.049243618915534026
0.6618843698689755,0.17125049837142545
0.5267535079290112,0.02217959896915636
0.48132864929528096,0.020903809888506156
0.43266955765013104,0.02652944286469053
0.3818885515583161,0.0322845144511932
0.3291449752910736,0.03119183243755859
0.27508171369656514,0.050242672176338925
0.22098543344451635,0.06630117015200876
0.1683031851611888,0.09413947632820567
0.11915012183274219,0.13580112953876705
0.07596822770425933,0.235150961669694
0.04130606467409057,0.4398507108738271
0.01642341879576767,1.1416467548242861
0.11180169554987182,0.09824802819124344
0.1558038609379937,0.03973558932828927
0.20455973493595456,0.023857671257571027
0.2558342127693472,0.020158015098236275
0.3076107337733235,0.04001524684308356
0.3586701871067693,0.0435669009927136
0.40828182574018673,0.04466960914399776
0.4554691420531496,0.03788123876277327
0.4999596998193459,0.03388065028434862
0.5417197364102546,0.03173421779644988
0.5799966030007623,0.02676780871232647
0.6152855523466535,0.023742692748634598
0.6474862389050214,0.022532956443896288
0.4688926762673119,0.02021733197917831
0.4216031209313351,0.023394308451421108
0.37236362929727157,0.04882589682315985
0.321178609689462,0.04868630298296948
0.26863243621455263,0.05024417231560555
0.2160175155156296,0.07146395656234658
0.16489046529922938,0.09066718672030026
0.11705988207177853,0.12988655706856983
0.07497229282085326,0.2057771008901097
0.0410470663929518,0.38422110098070994
0.016594653786059968,0.9443311066456613
0.15466348172074862,0.04860118432902472
0.20297818432263204,0.033757488661553425
0.253690588639405,0.03311877726205653
0.3048778043797986,0.027098340840566396
0.35531693183350066,0.03967362405715751
0.40424732235504224,0.06229491543466556
0.45112137045559103,0.043036731551476574
0.4951841476779358,0.03158780919603967
0.5365013463474266,0.029772950626627114
0.574690070813004,0.027946617265248358
0.6099811365871781,0.023858334215124122
0.6421308473262914,0.02058260604904803
0.6710291007508198,0.020221982426433395
0.42344208795101546,0.02230350946841333
0.3742473810692659,0.03051148598854589
0.32320339643150126,0.035101500411454926
0.27064421832351027,0.052238922664070334
0.2179616426326518,0.06132222393062954
0.16673316172824001,0.09053141172474898
0.11868407765841672,0.1258835295582476
0.07635769898959295,0.21479115518929062
0.04211577046804755,0.4162602000794156
0.01735788526211478,1.0214739792969652
0.11132558333302682,0.04113898713796452
0.1550718459984108,0.04222812018269888
0.20359686881433514,0.022615816011298088
0.2545977576892817,0.039249892412268
0.306359697915983,0.03352178506194738
0.35753691568201224,0.025522733008494287
0.4071051065236092,0.049030584850403874
0.49969466718503164,0.08898136946536611
0.5416050348827773,0.09808794982495508
0.6496591157992584,0.021288985104422425
0.4747587175752727,0.022974667612552645
0.4272757513727163,0.026103022429339023
0.3776844993027364,0.025488598922869247
0.3261440675078273,0.040960079072109135
0.2733193892362157,0.0495407432462784
0.22031508358090238,0.0480822264279028
0.1686842517358478,0.07451998836202241
0.12028725644602423,0.11700086475553655
0.07764581910684012,0.18854300423218964
0.04310452817988249,0.5330548144472637
0.018059359161001008,1.0083624761316914
0.1551339723158649,0.0356821268398237
0.20358203756142357,0.024437400341136627
0.35666967273229716,0.02601701481915422
0.40579188302398367,0.03378126347949208
0.4968573206551465,0.05689750762603982
0.5763854505397322,0.03698363845120385
0.6434904906561693,0.030912129114675217
0.6722761795209826,0.08199925327144415
0.4246967633459897,0.022950884693326505
0.37568670879432736,0.027533074153099163
0.32455880095935663,0.03466847293428809
0.27220194034630774,0.04356206548610921
0.21959100801831985,0.06529247188669875
0.16842026333180699,0.08834576200872013
0.12041462960807411,0.13442089907820495
0.07797515754950923,0.20467359213686798
0.043561183531807435,0.3984851310928632
0.018535712629734854,0.9385680093529986
0.15383841237245047,0.041308781531840026
0.20172488047150078,0.028900411151184056
0.25187060793175464,0.037998348914036695
0.3026642032611968,0.042955087828259235
0.352667347942807,0.04368730975471085
0.40095952505131516,0.041404703609161646
0.44689902571869144,0.042427179569520156
0.4899994274597412,0.035056966896257355
0.5299894538288481,0.030909657552565657
0.5668101932471519,0.026532122723163413
0.6007126916941016,0.024697824110383487
0.6311302320172416,0.021412594467375336
0.5035536901641265,0.021822077511190002
0.4153289425676116,0.021870110538328855
0.3678309052772812,0.027245379923334163
0.3183288285202854,0.032695157638142236
0.267315527963679,0.048531120860291155
0.21610764906064134,0.06712447048811929
0.16612733168664567,0.08599705744863172
0.11917882282242719,0.13368610056471428
0.07751457947657982,0.203524808773104
0.043590771331625984,0.37818695009339554
0.018801196775247164,0.875452232841039
0.1527263385574154,0.0328772609730341
0.20023546760843997,0.024246533318318258
0.2500975934115772,0.03942154611168389
0.300570396799909,0.042048571494385775
0.35031913494890965,0.04527290234892326
0.3985096217918926,0.04736595661172442
0.4449028626770354,0.040531387106757896
0.4886582172298302,0.03208207392624379
0.5295792936038718,0.03101346090610835
0.5678254167197315,0.02785116683688043
0.6030144570700838,0.02387926842944481
0.6351089659541006,0.021580118471458083
0.5150403950979509,0.040647282055072266
0.37698718805467507,0.028141145564995453
0.32644072194871865,0.04480236872426607
0.2744475109140258,0.05715581226542615
0.22207037297354423,0.22240810507126454
0.12276024912187686,0.08033235463149795
0.08011775582368837,0.1494265443360076
0.045346399115107155,0.20307274983577
0.019847393958573427,1.4965262436210889
0.15471598856799548,0.02614820593470506
0.20328811788592305,0.02345980245168564
0.2545250971387888,0.04211513476055632
0.30664508681948627,0.03187568485947009
0.35833301349428803,0.050550639639672636
0.4087561901358085,0.04927786621116605
0.4573475274746458,0.041778644549056616
0.5035891629443509,0.03335450730065911
0.5469308196812699,0.029086113740526325
0.5877078583231512,0.028009248046625655
0.6255537798845443,0.024416515650767745
0.6602270267517588,0.024224389208179917
0.488223960639692,0.022046539973905856
0.4396256228099543,0.02321026920118152
0.3888270200140639,0.030093341893862934
0.3358876372609715,0.041283990601376816
0.2819839284611041,0.044181542930453926
0.22792613010795937,0.06342096009999101
0.17522379970195345,0.09216981616681232
0.12589381142632441,0.13158733967848407
0.0822742592633807,0.20169069448946028
0.046758514517217006,0.3987327335950204
0.020744585892441186,0.8985036818165638
0.07557721464629702,0.08686444516553649
0.11144175022367243,0.05642126884714417
0.15505092285125455,0.04411875075258503
0.20362909964277753,0.04216099585622437
0.25474996255265675,0.0477951886458936
0.3067786586652443,0.03194759469302896
0.3583325715320719,0.02389792851195796
0.4084314282507674,0.035512785662021915
0.4562980412929076,0.031857522458634754
0.5017519395296473,0.025271595545043168
0.5443604278248517,0.031469036805261585
0.5836894197045757,0.04495560795707282
0.6202781341566054,0.035609724420643606
0.6534313918777093,0.022368360730844958
0.6835493425804655,0.021981680750781305
0.427700796516721,0.021913064365055798
0.37867356397597496,0.02848250536908041
0.3275484970693738,0.03286285004866737
0.2752449298392315,0.046173698801689644
0.222813167147936,0.06479356823610162
0.17177046708025864,0.09060268797610892
0.1238398046921359,0.127275640662638
0.08129181761169413,0.2133232255864682
0.046476261222539346,0.36890158279185636
0.020856406626249713,0.8915129385947742
0.20014265479675714,0.05632405151606992
0.25037872222476454,0.042828137915604345
0.30145137362246405,0.05096572308255063
0.3519610879356711,0.05318617300877186
0.4010229308857578,0.060595755355652495
0.4924235908291361,0.04160435511231813
0.5340286647081932,0.03797546742618054
0.6083430744073228,0.03152166753975927
0.6406667466678405,0.02383349666606102
0.6697632088225765,0.020688056996077734
0.419273459352348,0.04467980632275141
0.3216875014112661,0.03772788549764912
0.2708136455801428,0.04813674372931931
0.2196244362099846,0.1735480876871955
0.16971316343663226,0.05289856392478572
0.08085673609749446,0.22293515300481886
0.04649311061364449,0.3597861349917824
0.021084072771867624,0.856196034008773
0.07311541366101802,0.028983042224914247
0.1076511580413629,0.09049937858758034
0.14960778069007355,0.03932510566821225
0.2945431269473883,0.03964402450289122
0.3433196945235039,0.06473574197496611
0.39051458577041087,0.036409172967554485
0.4350844275248514,0.032341315089164636
0.47684559015734623,0.04187205001813052
0.5156144584868534,0.03154683400777534
0.5512377450472693,0.03456346118018374
0.5839665525422773,0.02772896286283138
0.7238317878813972,0.04107380780814127
0.7123234396099031,0.03208169769888491
0.6981078795223757,0.09470962738322443
0.6810767374040115,0.023504067009828194
0.6613252748157504,0.0250207037557811
0.6394992880547193,0.02616235382486944
0.586147667611736,0.03434318822427787
0.5550062119694552,0.026437625553581343
0.5213645614228111,0.023684087453621723
0.4845606743424721,0.024447861234965194
0.44477408209741964,0.04985608817490345
0.40205445619102975,0.10835407554733549
0.3573026691401233,0.027844515525453063
0.31046842552098375,0.048927134345330685
0.2620573477648329,0.023651202450402448
0.21314425499275713,0.09140246597597554
0.1653847897964292,0.2819706031276436
0.12007590536239139,0.22705980505003195
0.07948482958753186,0.03860672832884837
0.04592389000762483,0.2565090216889463
0.020952770089141294,0.3516272194808513
0.07140736076078641,0.07442409915468792
0.10512549303588589,0.053419832956137676
0.1460980540140998,0.0390926176664358
0.19163726067558892,0.034909362742173176
0.23959957509335877,0.03325593933526417
0.28811693350041295,0.02545217818615238
0.3359728829242877,0.04471754650798155
0.506005762954904,0.08665259166892993
0.5411706399511912,0.039849931134779054
0.5734137717130685,0.024845013487252435
0.602513271565604,0.029718649214574774
0.6284712178734126,0.021782349465414828
0.6712164402614673,0.026873613367934215
0.688053798398403,0.026087879696893183
0.7018934613917874,0.026372889673230582
0.7071679642902146,0.05371451159914155
0.6943803993368303,0.05998050482626669
0.6783079367887903,0.04847481663568808
0.6389037800765525,0.024999758581232084
0.36081745602781806,0.061517672325692545
0.313965365354972,0.12015255860302317
0.26548366044613836,0.058536947720043114
0.21634371723849577,0.16362847237716724
0.16787171925421815,0.10259371751620855
0.1219710091444561,0.2027504401319404
0.0808795052585414,0.5979220428638194
0.04691220889353725,0.3590184810232962
0.021627586291366453,0.33908718156341733
0.1921242882422023,0.04566415754118899
0.23980442305354155,0.04068055801944119
0.2880489966902606,0.043494748307586435
0.3355069666233475,0.0423635224175548
0.38106435937789274,0.04091817783669929
0.4242367908361448,0.04450853360743707
0.4646006060555806,0.03863999354774441
0.5021579205568666,0.03159395987807804
0.5364447046281237,0.029074718610600354
0.5675410200295938,0.02426417355916372
0.5953627917831791,0.02080266929124986
0.5954185846586391,0.05529491729111982
0.5642690325480147,0.23124285326652672
0.5299461353629384,0.12112310303572318
0.49239225815156096,0.04924591564254372
0.45208918686573635,0.04496578376882297
0.4088275328095764,0.052648752202470034
0.36332641379373126,0.08412749760850641
0.3157525126558764,0.10734427837018566
0.2668154263968643,0.18521072424489488
0.2172259323663081,0.027196333250000062
0.16862275026175036,0.04782182302288294
0.12262892690479608,0.4740423425750054
0.08147358993384908,0.30200982125621734
0.04744747576226315,0.5616110194020147
0.022068907141389146,0.4442374537949768
0.07188643099202857,0.0841416272498171
0.10587725053238188,0.05783015322436813
0.24175833065889107,0.03070416498402938
0.2908403834188019,0.03682624193958129
0.3392537189663417,0.04767105599151823
0.38621340613752425,0.037559007129818654
0.4310603924141742,0.036184092610852876
0.47335809834419323,0.033420762856215876
0.5128379875161798,0.03156719521215264
0.5495110007611397,0.026486188759101154
0.5831867492695205,0.024697079420687044
0.6138837346692281,0.02140143033838104
0.4181889279445842,0.021754181263424818
0.37183955618119247,0.026906785790581162
0.32322237141661814,0.03816267320902726
0.27320833308216913,0.042429013550281273
0.22259853201737734,0.057583138547534975
0.17299559633296901,0.08190881984500044
0.1260040316133552,0.11528476111748266
0.08396427072062028,0.19103327407157233
0.04913622012734377,0.32878805780851317
0.02311879187908379,0.6989903432223827
0.15015932692077,0.04926007454511281
0.1972580069061542,0.0329082320287543
0.2469428715519665,0.029644333554426496
0.2973773261640303,0.029072956434492644
0.3472964231126502,0.044153641750904075
0.44240705235200706,0.0385834513321846
0.4865960307880317,0.023330190694288735
0.5278425355743118,0.05656252408164216
0.566330704485626,0.09704311519820831
0.6018648479323792,0.02111975124082554
0.6343702527103572,0.021113304915427893
0.47905053221148874,0.02618206668618904
0.38425486240748463,0.03442588911144373
0.28153345690007264,0.049572552015725115
0.2292361634147821,0.06750677984409581
0.17797806752682974,0.08496662910337406
0.12961670580866475,0.11218971278396458
0.08644566017269217,0.17890229844806593
0.05072939771410309,0.33182545159545757
0.024059388604233657,0.7095580082007468
0.10816335942217717,0.0349254406963442
0.15064696555853754,0.04730821211535071
0.19813585716529733,0.02313347079302335
0.24832894891971175,0.032729851869548424
0.3993014032703905,0.031160352642485914
0.4462991951847417,0.02394925931276064
0.4907434460557663,0.04996566051093351
0.5323860027162108,0.06945916881584338
0.5711868349279248,0.06312710623460986
0.6068758772647741,0.026420828003671272
0.6392933346874837,0.033100720098861454
0.6688197634932079,0.038585770015649216
0.6953487290649772,0.020872684803803106
0.4363380086410261,0.022666940449701068
0.3878881046807358,0.028861079964583626
0.337070999556474,0.037323896270548045
0.2848097307949204,0.04493131966528487
0.2321701001484195,0.05176810782148622
0.18048462878333424,0.08401400985872755
0.1316740406226654,0.11595191583358638
0.08801576735185611,0.18048670166765954
0.051871115991472365,0.32024856177667116
0.024799241519229527,0.6935027450831566
0.10870473096363129,0.034169455739678715
0.15146805447840156,0.05395647838298662
0.19938064934153857,0.04013225666639792
0.25003022699136424,0.028808326776150514
0.3527557224047011,0.023364737350808407
0.40269850214628744,0.03409062598963627
0.4506083464528684,0.04123365901241788
0.6492928464693067,0.0660505134448749
0.6800392745375274,0.04083905275101321
0.7319452894259398,0.049773082842834646
0.8169301367797545,0.044726722595893484
0.8171289351569175,0.04362755134984809
0.8142010986202592,0.055655355339834345
0.8086423950483667,0.04133097036140416
0.7995076385937455,0.21114874088782684
0.7871665754522511,0.13783408672175507
0.4915039150261695,0.024467530651919832
0.4445670105311325,0.06641634993172116
0.3946029731540207,0.02069791523315233
0.34271980506236116,0.2337690027870024
0.2894895652469966,0.18646689865079286
0.23585025414515357,0.0949715704685058
0.1833366541623203,0.2860444749519894
0.13382244854355788,0.7062850768746665
0.08956214613187079,0.23273333448528352
0.05290211866299159,0.36952885592194074
0.025454730795940003,0.7847257916159056
0.19786218673766498,0.03823199480947366
0.5324156983161746,0.03208205100709607
0.5711004670725919,0.023513570667983683
0.606806655181113,0.04876005283308348
0.6687630968405378,0.028018856282198412
0.6950709250499849,0.11420977612725805
0.4388377157066748,0.02272491892719124
0.39008961849026924,0.029513434128014764
0.3391185340029051,0.03431303834026536
0.2868178272895522,0.04679804444146022
0.234081763098307,0.05962232165389217
0.182349071126146,0.07866824912107331
0.1333640838810144,0.11394077351915624
0.08952005119428481,0.19155689312359608
0.05308372420171174,0.27367118990323147
0.025710389269262435,0.6766851249545819
0.07254525450010599,0.020933368786713882
0.10670510808201951,0.07523037120392671
0.14866539433525322,0.04136052444477456
0.19560439803078578,0.03525189428704224
0.24517191012403225,0.026292383181640625
0.2955953811568964,0.020979068487391648
0.34554995791680276,0.04239575581045942
0.39395003769161036,0.037173324104001086
0.44019530205390844,0.03690224388466757
0.48379521376043694,0.03545082740267695
0.5244791081157499,0.030813914955385522
0.5622574667978951,0.02463139542734765
0.5965879720995316,0.02420796803813548
0.6558039676778951,0.02174825107176389
0.42779649207889026,0.020061515166353475
0.38051233590290506,0.027624655974968167
0.33120723120016005,0.032986197453048094
0.2803857566361447,0.04238175785627841
0.22919166543284997,0.05682340291145058
0.1788998031860007,0.0807282527278752
0.13116687953322623,0.11976518744308426
0.08826994951257898,0.18017010641121448
0.05252816427463955,0.30271713644175086
0.0255728923322913,0.6337753484479133
0.10490361978905677,0.025741294933780624
0.14617568355362892,0.06146701130601711
0.19245993937026867,0.0284429581876471
0.24142702041710706,0.041920381789779027
0.2913501215804477,0.03457174190057392
0.3408132461138517,0.025018699264611217
0.38901555296660273,0.09269183063296464
0.47896541954499156,0.032731637841529264
0.5198789252397271,0.028492109423159225
0.5935318846053792,0.036138820798769185
0.6257262454913349,0.02286984085177062
0.42847920521427996,0.020201920579611985
0.38112103671444936,0.0273703992287976
0.331827888916697,0.03178358321046541
0.2810729589236593,0.04688424297356675
0.22978533872835513,0.05898113427056148
0.17943433351881272,0.08011526786314062
0.13164577714030326,0.11679358055940053
0.08871441201540844,0.18858757537560372
0.052924968874754744,0.30787578949686184
0.025904727187841103,0.6139156373261514
0.14625746074459905,0.04618023034862069
0.1927240043972366,0.037096287962737756
0.24190008137031171,0.025219852637339352
0.29206290544720864,0.02621804945619714
0.34164205484682764,0.028423530250354545
0.3899505518813507,0.02548501885643665
0.5208393251099398,0.034755379310294196
0.5589253287620746,0.03675239694126245
0.626043043652786,0.10890527186060703
0.6549349608710954,0.03519759116495176
0.43086092276156546,0.020221581047369597
0.3835927783225076,0.028862766606225616
0.33412777273766686,0.03415621248467166
0.2831751565858827,0.04601684879478862
0.2317720120499074,0.060396063509403256
0.18125786052892753,0.07807610779718632
0.13326688427646152,0.10969418812322779
0.09000589452068886,0.1842647316557585
0.053848750446593055,0.2919345429273894
0.026500310030119482,0.6606912936592252
0.19301029472824763,0.04910455976713794
0.24257718900657826,0.039889870671792046
0.2931455862820941,0.048234015834343155
0.3433623895483783,0.04676878196339019
0.3922779058442063,0.04094702684642079
0.43920060716842046,0.04208831391601992
0.48362175382199374,0.04116084145973942
0.525197969154312,0.029102262441162815
0.563769318552385,0.026976661203746116
0.6321471096282739,0.043049688195929324
0.38727199573992405,0.026674360754015986
0.33732840368079886,0.036648481231348035
0.28600702576038817,0.041825851466557505
0.23409353538437996,0.05255840819285104
0.18310386197528072,0.07959890428401821
0.13469468758509262,0.11212631550152057
0.09107327861564829,0.1802018021644945
0.05459887450707794,0.3068957733753937
0.026975305897473854,0.6648310273040415
0.008082291907759099,2.382585750182133
0.07073680190431927,0.03048239650569976
0.10432422392026076,0.08384304188481755
0.14578109880975562,0.06431735844121986
0.1924544842202777,0.06049150949276549
0.2924559123809025,0.04022916348943969
0.438575646701282,0.02195267523519074
0.4831490552330747,0.03952672162786446
0.5637527314218511,0.16985951295914684
0.6325770167959518,0.021183836776586137
0.5221553176080577,0.022030413054638452
0.38601120292670493,0.026993426682682183
0.3361599935391939,0.03567936428375528
0.2848923196351877,0.039109295072247745
0.23324943246005797,0.05832442595469677
0.18254473016822217,0.08486337093391194
0.1343936014060888,0.12487830119113932
0.09097922575662765,0.17293492831419244
0.0546515566782013,0.32419171685623865
0.027108115100206158,0.6084002796945834
0.008232040653668683,2.0805529252124857
0.14447619372843326,0.03865203409864435
0.1905918320873131,0.022570511482259088
0.23945390069891978,0.036946193222825115
0.28918711281238607,0.04124860716284969
0.3383238750823817,0.04013524002328401
0.3861545391208346,0.04899247481237426
0.4319589851729342,0.041611768178256604
0.4753094890106965,0.03611669195664799
0.5157287849209048,0.030051709561103996
0.5535680754500867,0.028854667293103806
0.5881725858332721,0.025410231868582392
0.6198349621648016,0.02248032625880652
0.3817578929281368,0.031575323114538596
0.33250568271109104,0.0342238864954186
0.2818927798194616,0.041576579899111024
0.23087394811420547,0.0537322758836438
0.18076108203752375,0.07708773983787758
0.13319192380369915,0.11314675923665245
0.09027209517128587,0.18088118470015763
0.05432663957918881,0.29777738548383154
0.02703044503578259,0.6191415033860349
0.008265198149231568,2.1132002452279752
0.14250116219444875,0.03324256518202858
0.18805557899954362,0.02691617294014578
0.23630541704837235,0.03857491014546048
0.2854077405391365,0.041367970764010116
0.333867678533084,0.040548078243576466
0.381072989564318,0.04804669732423952
0.4262118681348029,0.04119825451120896
0.4686925138921959,0.03551767188190222
0.5085579068397248,0.03212472074129423
0.5452320596858302,0.02804240768564993
0.5790035634572718,0.02543354126418231
0.6095774024171077,0.02130342108300936
0.6369898481524242,0.020011134239268594
0.4242588692851266,0.021927374408848604
0.37818834810637675,0.028058042898575702
0.3300362101975028,0.03662078762879506
0.28031188159498477,0.041968975471605795
0.22995689239339284,0.05006714286702709
0.180402506059486,0.0761471346824159
0.13317065698670147,0.11913810015483957
0.09044156517647921,0.16632062135715633
0.054551174208632196,0.2967938184751135
0.027228556391248805,0.6124576898960368
0.008413213780425872,2.0056622529795853
0.10216024456657603,0.036019525766344034
0.14309881156572662,0.056251309020626555
0.1891790722125483,0.07202178340045241
0.23828170464047058,0.03009073133668654
0.2883481568174985,0.06633455812312498
0.3381448712385344,0.0425458083559314
0.3866830806886256,0.04071037918399797
0.433458056360584,0.05998144330495787
0.47784532958326453,0.037972596014764624
0.5195166573008314,0.03750976990702552
0.5584682600154003,0.02644935080973421
0.5947376576625694,0.05146214438514633
0.6279910150698929,0.03789154575681885
0.6581788943053312,0.023256042447070135
0.6852448924735577,0.04136796112277832
0.7099602972551984,0.04589366219659506
0.7310233669705025,0.02616018421695061
0.7496819981350666,0.04022821385226111
0.7779180044497125,0.021957000257681884
0.7874837488432123,0.05307043942104342
0.7939900727660287,0.0224292293455918
0.7976877144382144,0.05041229801195039
0.7983667761575329,0.023981504243096252
0.7958112857025956,0.025735259729081233
0.7902588745978839,0.030934663329290638
0.7696869527783984,0.04019362192913714
0.7158458185755004,0.04537263428624166
0.6008197511784372,0.058781591694365296
0.5642438284275559,0.06034610037552674
0.5246952486661068,0.03462070230829198
0.48213518288709806,0.031175958531113396
0.4367038019536738,0.09440957915874076
0.389269671898026,0.07014783353345963
0.3394236501792818,0.04893752717059194
0.288044472889398,0.12035626775921902
0.2361959659368074,0.058707459902364964
0.1852112272514792,0.09569339515251471
0.13670424202165998,0.08131117751711195
0.09286843664876886,0.3263205824703584
0.05604676308742647,0.19473897983639285
0.028011536522351454,0.4464180629739292
0.008763271417192513,1.1546926897265237
0.14277783200384986,0.03608142402901387
0.18920605509410549,0.020100641166277546
0.23863290008149257,0.03742276227103637
0.2891993204930118,0.04389995928657659
0.339511316063402,0.04087635293200109
0.38860865000217854,0.044979385351229584
0.43582304488653556,0.039379825903333575
0.4806929681358771,0.03670872195900794
0.5228640141763394,0.030417485125837494
0.5620702910561912,0.02857943953975379
0.5985410631665525,0.023850241201641153
0.6323236330763005,0.020725350124824904
0.6627175468419543,0.020829364472533557
0.8006819585057957,0.03312334668541627
0.7948469109674406,0.02453914098586739
0.78640892256818,0.036977838955245666
0.7602259609675838,0.04734401185732951
0.6396411506205658,0.025222739514062058
0.6059044905378412,0.026060481238482022
0.44055200906186986,0.024633328232083553
0.39243736255031497,0.028285498581868174
0.3420889119824728,0.031008883250310655
0.29034527032410495,0.045772632140448924
0.23805460370523904,0.0616499244729685
0.18675191168546615,0.07470979845881748
0.1378907840951566,0.12165839656677535
0.09373214658464459,0.1676784374292243
0.05664308090765668,0.3054131097949095
0.028384761281595526,0.6065604844398488
0.008965037296293481,1.97689613521004
0.18823599146637898,0.03166328585842771
0.23761298673641437,0.042886790204461615
0.28823820203943756,0.044963625886588754
0.3386930662635428,0.04438777520095154
0.38796224995164086,0.04814707937396811
0.4356022381839466,0.04059189512775782
0.48104568495987143,0.03755700396905685
0.5237368978427226,0.03281183773112489
0.5637589627475913,0.029180969633866388
0.6008370397113615,0.02601004190747866
0.6350563447146005,0.02213241057183936
0.6662654615363657,0.023464932707510648
0.7610551960483246,0.08900768875941822
0.7771479738248883,0.18509733351639734
0.7905878645746459,0.027048433135365934
0.8082342165589337,0.07638765739066762
0.8123169626265397,0.1526417867136942
0.8132782308267187,0.08271052915133745
0.8112250526267387,0.03672820552937774
0.4466820555587459,0.021633167939778954
0.39775428723874307,0.026943375267960996
0.34675287742682476,0.03125545633256299
0.2943042227477093,0.03959245740719251
0.24130170947964472,0.05792061193664094
0.1892271302781226,0.08059946496632964
0.13969281902078357,0.10860200097699312
0.09500482964513277,0.18081317869440103
0.05744674332645674,0.34000088254328037
0.02882931831364422,0.6163781404471835
0.009172316173229379,1.7229851156516274
0.14173993169107876,0.028611679655078975
0.2377025928418551,0.042565209429649455
0.28844322968184993,0.046762122991305444
0.3390238308833141,0.05193379607455526
0.38861343500638484,0.041166387626466724
0.4361250157629905,0.03364656945647084
0.4813657689979398,0.05598949067426235
0.5239524488583701,0.0327175554280244
0.5636419391716907,0.02205873100666925
0.6002388537674824,0.07885519664947391
0.6336350441397778,0.025616760134493943
0.6914923702982565,0.05800369182412674
0.7157273166559094,0.0215710913006547
0.7370735693817492,0.06582741626700057
0.7554662139904247,0.06899056608673293
0.8030275147368956,0.03763566279217373
0.7905931446221606,0.05173345402904669
0.780203855162294,0.029771480725136707
0.7665779279704096,0.06819530351838729
0.7496883377614058,0.06715163115691897
0.7292570873646075,0.06405175423073164
0.7058405505105649,0.08810610399496602
0.6788321667367271,0.1630378888435576
0.6487137861960108,0.0214078951077139
0.6148603437782408,0.0696928610217315
0.5776210019052237,0.02266917289924028
0.4933587365542113,0.036839945473532566
0.3463317613391061,0.09226284650493191
0.2937223805818906,0.11643414278215547
0.24072319359054298,0.049385882686869366
0.18868768671296296,0.1349324016788149
0.13930299400983318,0.220540240042313
0.09475784551009932,0.43605192716767677
0.057316714992550845,0.19470357301719424
0.028786251800688535,1.1171770872134497
0.009172574704255644,2.4370446717211154
0.1414819372688131,0.054694398260466855
0.23787217279200962,0.05071491457356584
0.28893186131016113,0.02328837667040561
0.3895811956648477,0.09406154473289274
0.4374959808950595,0.026217879224299852
0.48289484295876733,0.11504703536010505
0.6022026190826827,0.039668510815315035
0.6664337335301833,0.037169019328633694
0.7182768097216501,0.04085026854414427
0.7395922630710676,0.060799071253502014
0.757495712601712,0.023639554302586994
0.7728672303959067,0.06986823406545001
0.7856020634501617,0.055595127186010236
0.8055236898555262,0.03052391941911163
0.8066473968539868,0.02463481942203831
0.8044094346223315,0.057788968086885294
0.7270086605762515,0.06414714424672696
0.7027346600345689,0.02390139016147361
0.6752681906001023,0.03437889912944953
0.5317447580942078,0.022163164529726897
0.4416896837725638,0.07482056522523829
0.3932873187891253,0.0403589552375769
0.2909293159979404,0.08912874092510593
0.18740123607485648,0.08757108680199512
0.13861967496458338,0.11173995166767181
0.09440564053758344,0.16645048361856082
0.057227233101929224,0.29570451749813803
0.028822521770906856,0.6086627290175847
0.009220011240946416,1.9180228356029552
0.14061672120971885,0.036744848067411566
0.1870316710214043,0.02452870472597844
0.23651091260254764,0.04021526619944268
0.28729085905367985,0.03662412251562568
0.3379005736971139,0.04203987018915494
0.38733270113901863,0.043093329644879316
0.4351277184102506,0.04226624527370178
0.48075481317823143,0.03728657928898825
0.5235181839255046,0.032979335966135816
0.5633906688515113,0.028881268821817428
0.6002624357379952,0.033449121607210246
0.6342276962825936,0.02823294753713989
0.7169036056203848,0.020206479185003595
0.7934776664207176,0.05319834117704889
0.7996855171617978,0.03431219599097564
0.8035533725716735,0.05309068671931099
0.8040178834831724,0.024840587070321794
0.8020606306907127,0.03066281807334023
0.7966013417045456,0.04173471713702902
0.7254644731712176,0.04734368820358746
0.7016921545354463,0.032498566310081405
0.5338877980805428,0.0254692041868718
0.49103765365287333,0.04853728582283567
0.44502010926340263,0.07173934390806493
0.3966433422791479,0.11475605923806242
0.34612290370316984,0.28323825435319516
0.29409299282648765,0.07672444159275225
0.24149964657248188,0.16521345116946243
0.18963894652844512,0.11521907031860083
0.14027012044490605,0.14322185761221062
0.09557296420320313,0.09658026790958311
0.057924738484183634,0.15439829437231384
0.029140250700893815,0.6591687155688554
0.009330185970963654,2.4054758671708147
0.13939921974133393,0.025602835666920124
0.1856034493695672,0.03178451833325653
0.2348725149317904,0.038183509787645
0.2854990167069927,0.04370290403617526
0.3359973153876864,0.04121846907384586
0.38530197460281246,0.0431662575988136
0.43271668247178346,0.04266759908341382
0.4779213944858792,0.03581123522100193
0.5202601474508766,0.03132402519603877
0.5598706360807323,0.027531029230390715
0.5964953888339414,0.025297019701138374
0.6300054436396398,0.022564596831230996
0.44731962472732184,0.021069456063205805
0.3985563691092887,0.025747785473707225
0.3476627817234728,0.029831001950189798
0.29548746663132014,0.04447427419057134
0.2426011290789484,0.0583731229336243
0.1905636938200068,0.07559889699008997
0.14101258143388679,0.0984309162361495
0.09612931220428254,0.16748119217216764
0.05829652101825034,0.2703533858780118
0.02932923516607594,0.6029915517031693
0.009401602792843357,1.7593232236402505
0.06614076279372848,0.06715761727333172
0.09834352944648839,0.06384987698546854
0.1853044920600537,0.057321592064906654
0.23488712165900963,0.052324920886029976
0.2858128583904647,0.0373134431410429
0.3863910311894997,0.06431993706598611
0.4342431215770274,0.03900419224567781
0.4798000974021265,0.03592668270694232
0.5228654105416671,0.03211043083363253
0.5627481856979551,0.025600338288752154
0.5998810693940729,0.02473674795380305
0.6341334430020213,0.023168450370801452
0.6929553493858177,0.02055990455922385
0.6477555761892877,0.055534938678038256
0.6141198830126636,0.055600048882061825
0.577002067741891,0.07055587605680866
0.4935186293524465,0.021435919698252606
0.39876213450270775,0.05646607183967765
0.34788368231509065,0.08608222690160047
0.2956032996739726,0.06014704166591847
0.2427338183718383,0.09520953915035502
0.1906159519237769,0.08369359967887524
0.14099915121060888,0.10643777121930592
0.09612838037762013,0.16608246203981822
0.058265457567235605,0.2954856867408573
0.029304382456486394,0.5864761656862548
0.00936370153894404,1.996454145446953
0.18397981982135828,0.057130504668149985
0.2335141376520694,0.0367496340398151
0.28451229363119,0.04171788810393658
0.3355340766303322,0.043257756152332266
0.38546474122155083,0.0434788566466598
0.43381150574763866,0.03930974701697108
0.4799952687099465,0.03529694895854902
0.5233959839182808,0.03186031278057317
0.5641018094196643,0.028668439225246742
0.6023866774868106,0.025303153406995602
0.6372959087567587,0.022663984036085157
0.6690931856909843,0.020277516888763218
0.4491347854120234,0.03192118864601474
0.4000864753153132,0.08125067775589732
0.34900337951227006,0.24828369861284183
0.29637267428148983,0.08183543396277912
0.19119309803693751,0.2882675773445207
0.14147555192723282,0.2194324751426235
0.0964279582952143,0.2459004631638305
0.05843850515619396,0.2773881531241251
0.029358888440555654,0.6975447815410133
0.009353770421219593,2.962209878311649
0.18402140769113517,0.052018976871240824
0.23365365694228435,0.03965647031736129
0.2846871178702919,0.044005469167085774
0.3356487421775985,0.04358140209399184
0.3854651250341234,0.03812946141795758
0.4334032875926122,0.04336788476012951
0.4790836282597658,0.035114662142168795
0.5220302707254497,0.03211158321040281
0.561864251975426,0.02768818904486244
0.5988940577828985,0.024853427918157856
0.6329276236326261,0.021274870227965044
0.663450321004892,0.020507627808127253
0.39812389764588013,0.027219386391557774
0.34766624827635184,0.029606592886485424
0.29567306839864055,0.03888755608514406
0.24306794080679944,0.06238804647118972
0.19109579381749864,0.07372449361566334
0.14154959212443957,0.11420455941529793
0.0965826713224587,0.1762357892294483
0.05855675140426176,0.29645915711076104
0.029405653228288853,0.629203369417556
0.009331849565858556,1.856029755716081
0.13618145752668934,0.039431284321745565
0.2313525660485925,0.03643685029360097
0.28200717201321474,0.0425621995976291
0.3324256174917731,0.04026997154225541
0.3818078289348062,0.04113449460570366
0.4291117565838711,0.042464105048377956
0.4739418387933681,0.03333310602698369
0.5160079548153783,0.032671478830699846
0.555157368638737,0.025416916898568873
0.5911837816762286,0.026236515313039985
0.6238801684686214,0.02275619697104388
0.653832317589637,0.02072536651838164
0.39170063060847526,0.026508996920648422
0.3421613891708093,0.037452165621802834
0.29113097660615594,0.04318613387663582
0.23937056075520566,0.05847057094792467
0.1883186949645031,0.1001921915435198
0.13958543394039688,0.06324423571408083
0.09523099673663465,0.14501807203582687
0.057716538105720826,0.30369616133246424
0.028932515362894432,0.6011508545957582
0.009087139959518934,1.9609045644319325
0.13519025513687696,0.05525945349090828
0.28045296185276114,0.028439430966066683
0.33088869235203505,0.03988161338648836
0.37998182115360174,0.03973846940250871
0.47211577723269693,0.021136502436412158
0.5142005411662944,0.06747112906635802
0.5534739332984967,0.08382908494400243
0.5899348523497611,0.02023955645880827
0.6230534778558381,0.023899966063891658
0.6529846716320119,0.021305681958150996
0.4416233167980503,0.022543009602115076
0.3939627922910577,0.02429083573448403
0.3442119984532992,0.030682717720981877
0.2928435965558587,0.040953330765549224
0.24081739019547987,0.05564811284919986
0.18951010968856896,0.07873756882427886
0.14041424488139218,0.10774617811734287
0.09581883652518779,0.19395268216724643
0.05804022375444872,0.31925861448536363
0.02902810821391132,0.5164335071194627
0.009057322623394577,1.6886377833300834
0.09471760397107311,0.06930875115737416
0.134720919094309,0.027771413857417403
0.18062042679174767,0.0222528840085787
0.2299863238544771,0.036816213565235324
0.2807317324388334,0.03417082259485482
0.33142668859180974,0.03992798977260485
0.3811117584369279,0.03644078618815014
0.4289201507522354,0.03885418691854667
0.47431375462272735,0.03318915034587264
0.5170342329044845,0.031543891945893875
0.5570813705480075,0.028140272877857937
0.5938255369594878,0.026054494946837817
0.6276394492850823,0.02187477006665598
0.658333996736992,0.020286589075156052
0.7513252155053206,0.021077367076011596
0.7914922832949677,0.02177518338674333
0.676993843327649,0.030317168755626366
0.6129620388897097,0.050253858483530124
0.5372204291340149,0.031184419963493047
0.44884037103416186,0.028710295869347213
0.4006679992453869,0.04496382055843638
0.3502321950641084,0.047495215950939994
0.29797544362072753,0.03879362476119041
0.19249804976198515,0.07441345986316622
0.1424661238072837,0.03698165021974598
0.09704859181251245,0.14420947409234733
0.058658713333229785,0.3667291378050418
0.0292382831570341,0.6099866882202484
0.009037819863465238,2.2597376692485827
0.06310614353385349,0.12530965736439617
0.09450935186110206,0.07618233999735312
0.18113722734328833,0.05412756012804848
0.2309808725854579,0.04051031397500975
0.2824021964721363,0.022345143110950365
0.33391625019956195,0.04426769639774457
0.4326448457982648,0.15341434337099513
0.5217708275950758,0.0559252515101788
0.5994667240727879,0.08999918103822407
0.6931178916031042,0.08165832160732729
0.7186902029359891,0.03582946927549232
0.7407823713369018,0.09304213774799706
0.7600503445043977,0.03567657540560612
0.4991185059846842,0.020808191711255385
0.4527413927697511,0.025264891595895025
0.4035154463836184,0.025298432302224606
0.3522303408718776,0.03528482238596287
0.29941268464122656,0.03809287730787543
0.24596551111396958,0.05036551714103044
0.193199017250951,0.06958999355975463
0.14290853753154686,0.10502391805367504
0.09729012642737317,0.16489411041022317
0.05872987386148222,0.30134098129240133
0.02918804715668058,0.5965981639502088
0.008928511558080016,1.8725029752222007
0.17963631934879806,0.04167455686089505
0.22928471339777037,0.03581984873050116
0.2805290169058642,0.03395382549289211
0.3317280930497762,0.05201191126867394
0.38212944714297986,0.033931482767877524
0.4310374068980468,0.05422797672297227
0.477696866046686,0.027241667424322668
0.5218365978517575,0.04817251302587188
0.6371167109315187,0.03510787716305538
0.6693266684963769,0.10269488368794462
0.6986307994767631,0.022622980871243863
0.7247382588748342,0.034488831401955564
0.4025115076509257,0.03150211628661186
0.35114780384674793,0.03346370753258709
0.2983941887146598,0.05107541824563268
0.2450281934419924,0.05734987559824149
0.19246846226364409,0.07029901160605204
0.14232082017258907,0.10557800482727044
0.09681270848820338,0.20502468565020743
0.05836744681258235,0.4070678461419714
0.028888446829631938,0.4128534646394733
0.00870483729058477,3.3845149776175156
0.09274123161145162,0.14063418064410133
0.13248331915267128,0.03686213647115959
0.2275631550953836,0.05250722296575131
0.32933620110153783,0.055793567436205345
0.3790599913234881,0.03260853338956698
0.4271365071658236,0.044810586302309954
0.47288642671601405,0.02367630908141773
0.5159100478760469,0.11559910745785405
0.5558205806724703,0.03210950067264037
0.5929019383437392,0.024134719165209737
0.6576677020365457,0.034073853980622425
0.6434209425901459,0.02095697670321277
0.4900332948592913,0.035367469596170494
0.4444829757697638,0.022174358571668478
0.3962130162680878,0.026214782316027044
0.3459083449406472,0.06111138235150986
0.29405353766416603,0.039033908068474586
0.24153992993839313,0.025471146895314743
0.18977366203172744,0.11474066168804666
0.140342310863093,0.06502035241909092
0.09540841440975731,0.12681434600239952
0.05742683608403206,0.8548464850692551
0.02830267492362599,0.6530449606629785
0.00835821223736225,3.9968510118556977
0.17508313325193595,0.050844413036906344
0.22363678334780027,0.024173149402986625
0.5076969003968387,0.027855407998526063
0.6170678504206734,0.041734954314918256
0.6474549799835656,0.039458376241758145
0.6988628962256036,0.07811488762858093
0.7381843850212937,0.04010969571053565
0.7535752798390257,0.03881123544490918
0.4399514254507444,0.023777340433795053
0.39277645497617564,0.024242029776594693
0.3431661676930041,0.0335439938557578
0.29188754265478595,0.04377414612483332
0.23993127308521195,0.05050983689039374
0.18852254806845525,0.07387370519711098
0.1394118330866778,0.10031996166448133
0.09473635495018681,0.1812262983062523
0.05690781908681958,0.2777299382290824
0.027902667333612467,0.6054706142229994
0.008072876013809481,2.053176629835058
0.12922850675889613,0.0814696542392767
0.17425933449635234,0.042260912819815234
0.22281512372238418,0.030587544357265628
0.27296569313904373,0.026491371065567638
0.3231599398704677,0.020925636970355963
0.3723541994208449,0.02240795659218887
0.4196760927636524,0.0523223693155541
0.4646999977263778,0.03364534054068056
0.5070460182812428,0.03275044271602737
0.5464344515793165,0.028147712422249938
0.5833591584445027,0.02615621554665875
0.6172298560419072,0.022038791437725903
0.6476348349013417,0.02129647186612346
0.3946503441882942,0.02632822806013014
0.3446692247450252,0.03449500932878173
0.29305462634510965,0.0395264291820314
0.24077957907435033,0.05065027568652233
0.18905036725385008,0.0757835174035406
0.13968384369339942,0.11234827799249013
0.09479692828533834,0.16983847208735442
0.05680759814048945,0.2872426395881701
0.027708538251468476,0.6182194531119605
0.08986870638631667,0.032176289680526764
0.12888839668196386,0.05716139527703805
0.17408589373946975,0.040279031061278094
0.22289782429608246,0.029493656165799034
0.3237706958484956,0.035787510945101624
0.42109348086233744,0.06995644616732548
0.4665185836743965,0.03429930236811739
0.5092770051590823,0.07107947292213884
0.5492748967082619,0.027999293898712488
0.5859707798800823,0.025643478281876055
0.6198969737420541,0.023402689950503736
0.6507245257445184,0.020211282650704755
0.39589202004230517,0.025034461798398563
0.3457806004322308,0.036667336999640726
0.2939389948809976,0.04215798716984481
0.24145946538905896,0.05308521592429424
0.18968459445308,0.07503472673589702
0.14010336949053875,0.10301049926455706
0.09498963756254837,0.16480791569417233
0.056822659668379696,0.28241298221062294
0.027580756088396496,0.6036421700748958
0.12863736596126207,0.0702227849550835
0.17393122045369508,0.04123004969102369
0.22296640917359378,0.03740051666018091
0.2735758012031176,0.038748017971046315
0.42203161829424224,0.09323796264599052
0.4676274985246099,0.02752172733051375
0.5105244034788318,0.03259689346802927
0.5505397287786747,0.02985914216648464
0.5875409983631651,0.025549058597846192
0.6215580146614441,0.024036562349790794
0.6523372105085905,0.020191934611082436
0.3966004481145518,0.02453104583728339
0.34638700641902237,0.03426997668668761
0.2944821760880468,0.04662894615867662
0.2417929920338084,0.05494448364528248
0.18979319440017964,0.07688220881871947
0.14005255898139118,0.09672299401341299
0.09480458463129995,0.16095890108232652
0.05652599295976254,0.2931658708226917
0.02724493994173258,0.6157623996042436
0.0891458771715575,0.022079916935866233
0.12835407073368776,0.025221047534712885
0.17385482044648617,0.049363119538550645
0.22319533863359406,0.040907879924257984
0.2741702605974025,0.029057468912059486
0.3253988362562041,0.04369640550951594
0.3756426741485179,0.04364176500833548
0.42431300636596,0.04111675947223436
0.47072196836774033,0.03876505432923705
0.5144963353746616,0.03143684577847994
0.5555379521977462,0.03006756967183897
0.5936074374081931,0.02621509379466535
0.6286174509558207,0.023147659363353276
0.6603937252364873,0.020148102504418917
0.44599822308534226,0.023266328449460947
0.39763410670560795,0.02328557731246332
0.34702287660633074,0.03209611688876208
0.2947721773462689,0.04478033046228649
0.2418217230730949,0.058376116203495754
0.18960600220797835,0.07176740973533582
0.13969300200523616,0.10940200593569198
0.09434944045171313,0.16635732937684974
0.0560649406660922,0.290692627217328
0.026801775121191283,0.641635467431151
0.22021651445565915,0.04635368361789918
0.27065603988065745,0.0424125781450216
0.32126778994503435,0.0426645154354353
0.37083523462300794,0.03862602779451612
0.4187783115592336,0.04254486436918752
0.46448404802130067,0.0348518949677075
0.5075478737245799,0.03278676276279858
0.5478131272214879,0.028124986111285784
0.585099847722837,0.02655269461659561
0.6192694682608578,0.022738327011803162
0.6505963854899848,0.020173311942013054
0.44568523878285043,0.021710140611975955
0.3970855543939715,0.02604423003133474
0.34643440550446103,0.03210702064969236
0.29411815175036155,0.04432459445885549
0.24115779222017475,0.06411391792347197
0.1888101009044459,0.0764138022074058
0.13890874521582816,0.11424606528619423
0.09359078687308711,0.1778855793025755
0.0553860024612934,0.3153635402042266
0.02625389232158758,0.6226892444474248
0.12583589431916767,0.04844151782002528
0.17093625515343625,0.029029105947567697
0.2198269115075626,0.024706659148727897
0.27046705467930915,0.048181352575625176
0.32129327044510964,0.02996524374697859
0.37129985857337,0.04549801012804704
0.41962666256805786,0.03957897388998135
0.4656958869535297,0.03474516056953145
0.5090881361083119,0.033538323596640655
0.5495516954037956,0.026981080005407918
0.5872231716465194,0.02594199437157814
0.6217895383912807,0.023232471384420292
0.6531853098841663,0.020978267464295652
0.39678505526435853,0.027914266369695885
0.3462024807516714,0.034291781430590355
0.29390737743096423,0.04394496380508328
0.24091509451714094,0.049921723605166654
0.18861784752024144,0.07484917021111114
0.1386606816786649,0.1051015245281833
0.09329527807824341,0.16728233021932445
0.055019693076486506,0.3220841170055856
0.025856053955875844,0.8040551996550627
0.1252705822452893,0.024548877530966403
0.17016697786636137,0.03171226707534081
0.21873534224594968,0.032602926952680744
0.2689876352169255,0.03687668275669728
0.3192802885867684,0.03970320334073738
0.36839947185256583,0.041855336057173606
0.41541275896104074,0.041640812206144295
0.45971408124452573,0.034339423597883174
0.5013331183451784,0.034137492905806616
0.5398797399910478,0.030318916135049046
0.5746407095892342,0.025960493043947104
0.6064325332622718,0.022741896047428354
0.6346311378344414,0.021249053303419637
0.4347627244583896,0.027500564697188104
0.387769036011029,0.029626716259589243
0.3384451628895424,0.03059620423341946
0.28736343617783616,0.05244773927221298
0.2356585935667027,0.03193143456490573
0.18451279500871023,0.0780929350327934
0.13551509647538806,0.12702618425796042
0.09104204865769408,0.24129590716177532
0.05349894432724221,0.1999266472624974
0.024879686365986625,0.5910568555274128
0.12408742141478732,0.052170585673319066
0.16873858857525414,0.028895723079162054
0.21731542220584685,0.0330346692477258
0.2675756234665714,0.023854534365358743
0.3179699673682441,0.03272701070268722
0.36746888796331434,0.04374951335526299
0.41518946847075194,0.03963314518377271
0.46059217803846325,0.03665517209474874
0.5033391207806468,0.032620379509710716
0.5433568645159764,0.029615512332326
0.5804688554240297,0.02770981728288063
0.6147109313351455,0.022338969593660725
0.721117874591792,0.020983023380410293
0.5323459963117905,0.021757794331588937
0.3948242605780609,0.028175888171963006
0.34405324559485545,0.03027140532030819
0.29184480597703405,0.03998530220670553
0.23885988814569628,0.06328076477256424
0.18660232008535316,0.07906581703727185
0.13674057572276033,0.11625323914628204
0.0915777010251614,0.1797889159888322
0.05352828667324397,0.31917233266877987
0.024606690931617197,0.4769138236092805
0.16889043346406113,0.027472897298294496
0.21762489453632886,0.04256113749637527
0.26824296872592096,0.04262054401692574
0.3189360646889747,0.04427604343068169
0.36872688406607745,0.04346178260999548
0.416845970486946,0.03550668864020628
0.46258657808274084,0.03700557994777098
0.5056212880797777,0.03376766070097668
0.5458626536573076,0.03072077225852788
0.5833014051726918,0.026688766705702034
0.617421710189664,0.022725697695182095
0.6486474775380872,0.020124204132547698
0.44015309193133567,0.026396915979995033
0.39195556237042145,0.031900523885091986
0.3417024580346058,0.030267962082210085
0.2895954563453368,0.03989342333763128
0.23689235457465888,0.04406262746152348
0.1849107875312121,0.07405300647693788
0.13529814017040934,0.11460900163085332
0.09030018207143396,0.18323526628024914
0.05250340972958148,0.30351106501581065
0.023842636067140374,0.7214891330460098
0.12343454578688282,0.047212419368348274
0.26747290726397266,0.020082206404284833
0.583054353449361,0.13760495138194265
0.6174954609041622,0.02370922732137125
0.4397498377294136,0.02048251940518041
0.39175904524754224,0.02550477289538209
0.34130630003245566,0.03120631587606044
0.28910696720376433,0.04334538406216222
0.23633493625106758,0.05743619395085991
0.18427976610340474,0.0801072947919037
0.13462612659466697,0.10966619030090628
0.08965706577690552,0.18656616393815717
0.05185077591993004,0.3275786256605219
0.023247221519093923,0.750423662316092
0.12266162763821334,0.04253942251502713
0.16733576116952978,0.07616989034890846
0.21583867304887855,0.028808324284712
0.2662268640947198,0.03194090751048964
0.3167618173054312,0.03395675100490426
0.36643402344265047,0.055138516397785234
0.414536952035235,0.0443748334935047
0.5031236519984732,0.05258771928242664
0.5802734588568288,0.029348665373681863
0.6141221572961957,0.021123385846926267
0.6447630795278712,0.020612550964285548
0.7896201090112097,0.16086035465702808
0.732816774982731,0.02047314414301524
0.7129455615327809,0.17565267503124182
0.6894884239266832,0.07610116554255425
0.6630279089779765,0.04639570602828146
0.6332904920845239,0.21479713763076752
0.5642979781675422,0.022714718373435715
0.5249493676129742,0.2362503452244469
0.48242831802900243,0.10785031206828129
0.43667071319004547,0.16422217394672675
0.3887534895453045,0.19813198906252158
0.33848762353117956,0.19836087195464874
0.28659285677338336,0.022340334512982073
0.23410461277588945,0.14670776161566382
0.1822211712709912,0.04554486436748527
0.1328374132006119,0.10260322936406024
0.0881153954305197,0.18318068504803597
0.05063486362051028,0.3065701827833304
0.022340509133516234,0.7389717019828801
0.12132845355344966,0.05877009721506652
0.16553078342107247,0.04587490331069555
0.263695310768193,0.021360096756179694
0.3138153512794817,0.04194137537847521
0.3629592324839137,0.02557360006331274
0.45517804376379806,0.06615604459841064
0.49730426615922696,0.045177495909390346
0.5364754943719938,0.029476700416825152
0.5725640595163142,0.02682355256416037
0.6056085333660982,0.023135363247673728
0.6357904040344509,0.020827595572002353
0.38524839431911373,0.02851280234741842
0.3355705612730077,0.03196019487190968
0.2840919262313537,0.045262627410925474
0.2319318764692302,0.05588836702629353
0.18042737477259221,0.0712579704799053
0.1313136621543202,0.11568233708272882
0.08687124208488352,0.19057281624153208
0.049619851754859376,0.3467158202056286
0.021546866649530084,0.7717508422102001
0.21305597308907348,0.02372522223377369
0.26324641734559895,0.03891466535741172
0.31382391233494783,0.037460636712681454
0.4111339192882039,0.072232033551058
0.4566296210590592,0.07173449210152343
0.4994225718681941,0.03417416692805902
0.5394126700261024,0.027844811118792074
0.5766875515268014,0.02516557590806169
0.6110837672282909,0.02203494147931355
0.6421018980720473,0.021501588130838686
0.4374833614634387,0.02295356382365034
0.3888883972559245,0.02409528518811515
0.33792544091001464,0.0326328373417153
0.28550047008964263,0.04144879957063922
0.23266741016137116,0.05867984639918516
0.18063661533731212,0.08094297977349492
0.13105136312324525,0.1240259146899423
0.08635255500441946,0.17320713462854614
0.048958055502445204,0.3313018454555169
0.020884230624820966,0.8252835753557369
0.21073589265731527,0.046818481568021784
0.26012137168329574,0.042517637603999854
0.30962374972209855,0.042480219964519506
0.35818889317980207,0.04199530216805115
0.4049659336498233,0.04197019602945933
0.4494958767010904,0.038778396293930616
0.4910154013568388,0.032275655270373724
0.5294590137573508,0.03097049163844573
0.5653068942541151,0.026818210649970694
0.5978568900442099,0.023779108163215743
0.6271752596490645,0.020662644864728786
0.42489674414252754,0.023086973448796063
0.37786810304977037,0.029643523910176727
0.328658957614897,0.030536246255448145
0.27775082417460734,0.04562559897333818
0.2263009258822681,0.05471849469909439
0.1755498970408746,0.07818993691408632
0.1271648355342281,0.11696054358544107
0.08347298678473943,0.2020905172682351
0.046965197092221043,0.3474323321750371
0.019621705483123458,0.7625408562431637
0.11814642513584937,0.06035905116491551
0.16171025183992552,0.024513165344148668
0.30882263515866126,0.04245656246632819
0.3578329011989799,0.02572315036083365
0.4050895615738199,0.031251229669866216
0.45001308024690734,0.04799996292904127
0.49225473447118334,0.025141210982685666
0.5318768425615013,0.05897168833478539
0.602297594782928,0.023253671360936604
0.6329183831418131,0.03495936693573096
0.6851255250092894,0.02038167125472189
0.7748602828811217,0.039973886661316765
0.7760782215097625,0.06849334659394839
0.7698997165372343,0.10799562675934997
0.7622354078591365,0.22628727725887332
0.7519255767299944,0.11463437071157724
0.7384815907813136,0.09029765655938674
0.7218067162239407,0.030202722029087768
0.7020568692434628,0.04442185427771129
0.6538247085558867,0.06549999778185553
0.592361011318522,0.02382625271830562
0.5568912986998009,0.059305504879925704
0.5182696650596279,0.0628824353128176
0.47622548455771035,0.027944190754077926
0.38329324271202025,0.06361866354075026
0.2816588991961703,0.07378147785433076
0.22926833680049993,0.07031974680994708
0.17749477905074323,0.08136494767897912
0.12822036072426599,0.11198106520405002
0.08380900542279182,0.18683010520872714
0.04680632867126413,0.3195100184757617
0.019161508147903992,0.869439209308634
0.08149344759297156,0.04734676062651603
0.11872646348429423,0.07518948166602557
0.21087586965204277,0.03329039513462952
0.2610152879622629,0.06025377982827135
0.31145186180550866,0.028281455728679888
0.3608625620920772,0.03319361769607436
0.40884187820324625,0.046724625642185456
0.497097907304025,0.07624819415925534
0.5736153947697672,0.045522384893076945
0.6070776490908866,0.021741150791383328
0.637584770421869,0.020895044709587928
0.4321852503905712,0.022162958850654037
0.38409390603539173,0.0268042314007754
0.3336094072084901,0.037069485758555426
0.2815933068417563,0.04774830199441569
0.22887173365363128,0.05224943093509802
0.17687900622135283,0.07953179741280436
0.12743883312522794,0.12072041929050922
0.08292741701664932,0.2005480077266342
0.04591687893823166,0.36088847192856865
0.01837890616940396,0.9095401680843054
0.11792361873149143,0.05301421584887386
0.16157546833270142,0.032485137511723744
0.2092590059055356,0.02168090040728609
0.25863625404612633,0.03586684036912752
0.30814777588048875,0.022921770534490595
0.3565445524090199,0.05283154605669394
0.40307352804518354,0.06390196126305075
0.4879250194441033,0.03649293652323922
0.5257702706389512,0.03190703123966876
0.5603084991108176,0.02737813550806756
0.5913561864992283,0.024830630442604595
0.6190589840832917,0.021989550906378035
0.6440753557148967,0.02014576513764282
0.41718777235827315,0.021512841570341664
0.370679800825011,0.02602717269738476
0.32185074624845256,0.02928378180394984
0.27138240282429515,0.04606053123763803
0.22033824995253137,0.06548536187580271
0.1701684409406748,0.08068331671170931
0.12237552961236897,0.1295176789158755
0.07925740972317771,0.20019209961518727
0.0434622928994315,0.4022678298322071
0.01692273974372066,0.977536878503104
0.20776936278928748,0.03889942278597053
0.2573460415755915,0.03642103282616007
0.3072025407165667,0.04305951786465485
0.35621511334871003,0.042765802059965795
0.40351571130711056,0.04034092781474706
0.4486487004881077,0.03905471705535835
0.49092605656143345,0.033120731879967655
0.530176514113889,0.029163259679627213
0.566494860003247,0.027454677783491036
0.5993985497729247,0.02310311770760142
0.6296280627138264,0.02073158991104876
0.47065236594424076,0.02256568330221734
0.42543954537603274,0.03118498848962173
0.3278402341777671,0.02521589787330631
0.2762156833405871,0.04620625344297506
0.2239131341614214,0.051361745237635724
0.17249664022996286,0.07822007257679416
0.1236054295090419,0.11513859750231378
0.07965251461003378,0.1982304642877406
0.04323111729925073,0.4242181576434219
0.016389363064165108,1.0233563652069315
0.1616218906979447,0.0414977578990011
0.21036357387850618,0.02665404314011836
0.2613863425977878,0.041138387775204434
0.3129761209089238,0.0462313400127312
0.3638771987181833,0.04519691323703754
0.4134898881806833,0.026313919858970407
0.46075516012192924,0.040811988311375974
0.5054328933696934,0.036466397433227625
0.5474280261089562,0.03161552371346636
0.5866958614919193,0.02658535519497515
0.6228289547181106,0.02507446801034629
0.6557348654200424,0.021210222859200482
0.712257441572317,0.02144370165608263
0.7561837060669909,0.03315030825570871
0.39064820065177,0.028366031139700737
0.33806671811421224,0.0416887803923774
0.2839713701315042,0.04084611624468164
0.22940618764598997,0.060671689907565156
0.1758923799020758,0.08385882709479124
0.12532161889177598,0.11627722239539966
0.08014190704116778,0.20479986376340953
0.042980164044712624,0.4132393633050746
0.01580952743371571,1.1138522963663928
0.1620584662224556,0.03585207051240409
0.21099540003693515,0.0465665252861946
0.2622538602620457,0.022173663176241094
0.31409494197795246,0.021414880914158645
0.3652132275295925,0.07614784262752881
0.414845238579586,0.07544138399024389
0.4620023577552627,0.03962170472233153
0.506618212142335,0.032437261750393145
0.5484932291439818,0.029946414292805108
0.5872764978983309,0.025786594989848238
0.6226347244692289,0.023829874871497136
0.6549877819025922,0.020595552264851654
0.8000400916539622,0.03271278330812034
0.7915232373690381,0.020945076427702037
0.7658797305058928,0.07690275220798452
0.5710865991414836,0.033345738289154714
0.4374218482469673,0.0205681432434497
0.3872990425946629,0.029846010046170365
0.33502836480950304,0.03915199789529885
0.2812866860922757,0.04944889051096424
0.22691822855507185,0.05125708081774321
0.17366434571470124,0.08247738830893053
0.12330109372160895,0.1252055155716857
0.07841280817164761,0.2099068068503454
0.0415586186213314,0.40528279736076406
0.01477766014722041,1.1421730736432503
0.16001251624859258,0.050909224886901666
0.20831043765498605,0.028236628265839073
0.2587640065974323,0.040980807427694485
0.3096261980958529,0.04509116722278752
0.35963276426207147,0.03622352853307119
0.40789342689359404,0.035214837677879
0.4539131543397533,0.045352877547521535
0.4970307190270315,0.033450557160320284
0.5372813340020005,0.029455961023882607
0.5744172286672353,0.026581828263648546
0.6081137161222965,0.025604848739304863
0.6384861023133225,0.021847938777126322
0.42831486483415326,0.027528270112512247
0.37952917758501215,0.02928715577364338
0.3283168653433769,0.03728819452126209
0.27543996251933306,0.0445043990629921
0.2221786115050705,0.06366774304548886
0.16985511876346499,0.08365008131407359
0.12028408594834186,0.138044318057763
0.07608705624208421,0.22758490420424274
0.03982696788367545,0.45493816440436
0.01360891351803217,1.2751248993184676
0.2073612507796286,0.04488340235923714
0.2580096644485699,0.042173423794735
0.30922596260080254,0.04180296347160494
0.3597074560539814,0.03177380055492153
0.408752472547246,0.041654725059823684
0.4554817087982693,0.04390209432255571
0.49957528235106125,0.03250444955566494
0.5408908253187688,0.03082403470227416
0.5794464998228881,0.026884370046135735
0.6148706137525152,0.023725862247174108
0.6470366332600166,0.02074818042465756
0.6761126086118443,0.020191699357517027
0.4810833697719853,0.022748539109784152
0.4332639674942708,0.024986781780890865
0.38314514269966804,0.027318782495979996
0.3308768303565634,0.04129691626563902
0.2770489789957497,0.04946371889758009
0.22287401107290292,0.06555695893698123
0.16970674401857502,0.0894320479072399
0.11959286219870102,0.14595230170160584
0.07504458948844651,0.21498150031246685
0.03871674859739214,0.4576660302447245
0.01267593836502771,1.4067339424629195
0.15804095398668952,0.035169886223921566
0.20628804929602698,0.04712041838167364
0.30788008343058054,0.048905200743921476
0.3582419236633363,0.04366221742700878
0.4069805196925678,0.039375912194463764
0.4534063457660815,0.040318466427753906
0.4971381972939933,0.032097011304796794
0.5380691216752659,0.030019329447758487
0.57563215062539,0.027515756770229813
0.6100992634492148,0.024297183222667242
0.6412715736917197,0.02047253440086423
0.42392698219458935,0.02620406363481058
0.3749142344250187,0.025225006314821004
0.3236642731116394,0.03393486071534861
0.2708068701135828,0.04921654154397855
0.21758623926102222,0.06902622592912055
0.1654013099808902,0.0882817709524764
0.11616381738716514,0.1266424228012066
0.07243802373363972,0.22905463529367684
0.03682370133547636,0.46982635565926945
0.011454455929594721,1.4890195201713339
0.11336872911623751,0.027848406428101345
0.15667378537651663,0.04836059720542243
0.20442889984909285,0.02860897004967533
0.2542873528198133,0.047858711721224745
0.3045956526635214,0.035831665241230985
0.35398820391627644,0.03658373248283646
0.40160822056911033,0.03888896887446385
0.4468677634876912,0.03661173995368988
0.4892908802329169,0.03482341360979068
0.5286555276455843,0.03172490433651913
0.5651069674462453,0.02814571932252325
0.5983038086627028,0.023880254427954845
0.6281584537394835,0.021379971520711815
0.41906526410906675,0.023454047661614005
0.3707415621574451,0.02847906305397128
0.3201627662866641,0.03581493564484354
0.26781432440282077,0.04728399208119529
0.21494492099535284,0.04393840493187725
0.16301877636664625,0.09854520378345469
0.11408780761170617,0.19585678844594628
0.0706014803859376,0.20289600951281184
0.035316721038197635,0.530295556617721
0.010379180301255514,1.7057969836252644
0.15595158834322034,0.06442068216624751
0.2038063034935916,0.023342091237187574
0.25391509258970635,0.022434174845451495
0.30460587126644123,0.025404515639525733
0.3545632074524327,0.042349394430436026
0.44916160279331163,0.05175307226281302
0.5330947529547451,0.06150002925734606
0.5708062941112004,0.0950225889095157
0.6051297160471123,0.022585276096240222
0.6365246674976693,0.021120362555907605
0.42196944242048945,0.022437480406248943
0.3725868557404997,0.02910084725819349
0.32097208637194885,0.038298839143920335
0.26790090369551334,0.04338720979809824
0.21439923145474965,0.06438494081148784
0.16203165062510816,0.0904117660144373
0.11271785417857882,0.13640745007517377
0.06915824132717313,0.24181717278364065
0.03399109708387434,0.4630153569233104
0.009390984546404359,1.8031878468475848
0.1132923573147809,0.022110467828030445
0.15704916327163376,0.05829184445367551
0.2052442380053905,0.07752549956195288
0.25578384230345963,0.06328875701349425
0.3067023218749788,0.04186574978407123
0.4057682960502036,0.04554515723100566
0.4522109504019905,0.04921282250630693
0.49573395145261406,0.07940924833998024
0.5365237892317825,0.04622587056464336
0.5744574960678924,0.04653647670424779
0.6403957664715502,0.024991147995049458
0.6684878158983468,0.023704953301469676
0.778350868898918,0.04292844634629156
0.7820750483014135,0.06322685663930742
0.7827181648921709,0.025929170375542904
0.7750700816312804,0.03102880439516585
0.6536425132588651,0.04818600794773695
0.62299231705832,0.03512376481494265
0.5892775441315333,0.025962492444749418
0.5524366810064887,0.0828263972050875
0.5120165687214016,0.06288638366228311
0.4683012505149085,0.15200263635120148
0.3716339247930634,0.11447233368412907
0.3198885543997118,0.07587944591518127
0.26660467974953517,0.08937536803105696
0.2128740158031643,0.15521895443557113
0.1602871176933453,0.5757698756484346
0.11096301213920741,0.06438103040297091
0.06742836962153376,0.07738849796103711
0.03250296741922859,0.26036100631973275
0.008339092748894895,0.9072566822978697
0.15585009883474218,0.03814177450015365
0.2040240672989764,0.027566148906849955
0.25456627032827356,0.06908165596969297
0.3056274015611179,0.02447570488344428
0.40453202890856493,0.026085870566636665
0.45083743044116475,0.13812516788259108
0.5353783150536869,0.028904604572569725
0.5732114042656169,0.02823900061400562
0.6077576667174542,0.022104108563106156
0.6390090054736848,0.022228162174227756
0.46986147324055305,0.02639367040466066
0.42234334994394707,0.02423799250426174
0.2662890362244165,0.09269945631828155
0.2121449370512511,0.09586631845053192
0.1592584857523274,0.07689434733786298
0.10963680795881957,0.07262935743817148
0.06603115663672778,0.229513422992902
0.031187600877488435,0.539072265199409
0.1120588523542472,0.05311808960045032
0.15583430470736892,0.0259417461131546
0.20448539397193524,0.02717442742768525
0.2555984628535056,0.056188989818540765
0.30750223873391835,0.0492142074042893
0.3588725634851578,0.038985203325693454
0.4562522168111539,0.037953646253449456
0.5012083104182387,0.03253952580922174
0.5433674510695773,0.03052765145419668
0.5824593946282731,0.026261561971598544
0.6183276047560112,0.024000304799463478
0.6508989137814316,0.020718147649994547
0.6021633436558045,0.05892630767434082
0.5633156761038147,0.02025845438894246
0.42657179268448364,0.02379195616324635
0.37536763079301794,0.02529055830627948
0.32190852459040714,0.030460852304959457
0.26712926539956244,0.04535588593755
0.21207744291985856,0.06646275617376234
0.15847727803449946,0.09655309215415638
0.10840408848956538,0.15501370246952312
0.06459960940144885,0.2577670125869634
0.0298199978405585,0.5558969294536308
0.20357820494392567,0.0403249417697468
0.2547210477729664,0.03980800444896015
0.3066467028411205,0.041918856443656415
0.3580314195991988,0.04046243549559877
0.4080413426711138,0.039544430317673365
0.45583618170662105,0.039597102663374295
0.5010426768780785,0.03268855706650878
0.5435158341597359,0.02898671966132431
0.5827652734266873,0.027850986417147252
0.6190108525202502,0.025566288596127668
0.6522953271115686,0.023839592913733207
0.5636977996868762,0.021664979166298674
0.47491737883362745,0.02329115266264503
0.4256398557599658,0.02438499697391511
0.37394078020136684,0.027701115067492222
0.3202724390769645,0.031095622140358454
0.26509454710325336,0.04448229529958502
0.20987484295121142,0.0975687823552744
0.15613873362609787,0.34550905809414967
0.1061367763117104,0.02743326379324959
0.06252935489593574,0.023115662590522102
0.02814283154462171,0.3533213491164352
0.1533503281817868,0.03107742908026592
0.2013884547955624,0.060415750412025196
0.2519296467692499,0.1642061545111157
0.3031912741148272,0.06291830530403648
0.3537148210203576,0.04307211190605935
0.4026009628923634,0.03695487694163152
0.4491133944067402,0.08547720626297424
0.492905091620498,0.03208850738073408
0.5338353745284966,0.036235974857207046
0.5716752202463989,0.08887766856885727
0.6063517879825601,0.025701561861017103
0.6374406914498701,0.03737826242122556
0.6654227573818109,0.2613081934290329
0.6905003673937437,0.06260445740493245
0.712453145782372,0.12506498821460535
0.7308266828540964,0.023293183334762466
0.7467780858289208,0.13531767778533726
0.7592452092100127,0.024929844610404376
0.7692590752399167,0.02413772393075474
0.46013361144724263,0.02062362190752145
0.41250983433369515,0.022822752131966932
0.3624188855030777,0.029842389807766708
0.31019286022175835,0.03910718954457582
0.2565978417699133,0.050721920081169346
0.20283037096895995,0.07337294978798926
0.1504407308876577,0.10222775884913006
0.1016906677309365,0.15986485139485607
0.05921229756250816,0.26626084342647216
0.025918341200190462,0.6409048861054462
0.1510506889933202,0.07732947577088464
0.19842602280478996,0.02816408019137469
0.24830653670258776,0.0588838991739527
0.29872895678928363,0.04337305199251118
0.3485735521920019,0.024933074771582613
0.3968608190421075,0.051575832125896254
0.44310802939920363,0.11887850561382715
0.5275927270567207,0.07568882065549982
0.565625002899644,0.14253457503222927
0.6004987550395072,0.09804081324609719
0.6325215648614808,0.04759640464297967
0.6613565299931196,0.07375174194880948
0.6874790801212557,0.08423422669762026
0.7104852585016089,0.06900216498505583
0.7303737894759669,0.12031976693512682
0.7473580306503754,0.02647592858978051
0.7615642713781985,0.1660355027901008
0.7720373731594108,0.1496760621500587
0.7798852505531034,0.06567785654609365
0.7848155888336187,0.025174432621162052
0.7864408108782734,0.12125596515745292
0.7849883709932497,0.03888038681771814
0.7721998685895356,0.10391002896377695
0.761186672117119,0.07429523134782876
0.7461999938229473,0.157959778459782
0.7281527932726722,0.15937144105259016
0.7067750435191622,0.27304221478073054
0.6818461906224443,0.052391545829086034
0.6532360706993139,0.03821743166849749
0.6215416354435753,0.15327859086822865
0.5865638329152207,0.040380591600745606
0.4128677967846009,0.022285288845408553
0.362102788807598,0.03737480365707596
0.3094405310744096,0.029104309881586576
0.2554585544942115,0.05691663156383861
0.2013317582155517,0.07890923513827784
0.1487602586534865,0.09530600214055424
0.09984729813644926,0.1777906630443925
0.057449260116071744,0.2794015348792398
0.02442043485458645,0.7551156427094422
0.19997041147504047,0.0459588909779854
0.25029538448134353,0.03231449577577467
0.30124246986287995,0.04128893924612511
0.351386304642949,0.038815741554213835
0.3997981099847693,0.038249940453843265
0.44576207967651854,0.04059301911547421
0.48921099929475076,0.03443200463393191
0.5291054652133894,0.030566790533389277
0.5658975066003141,0.026715321371413532
0.599341644088374,0.024938670458795782
0.6297539297977166,0.022117775171022813
0.4039237673258683,0.02177260410787489
0.3542934760846843,0.028577072635384625
0.30258485387026435,0.04246892743735107
0.24946910609092965,0.0521115176469887
0.19615844790433515,0.07224639129638802
0.14443001341063347,0.10325449190677698
0.0963155229927666,0.16186040591827894
0.054706914764728734,0.2972224909089203
0.022483769725060145,0.7484660707040706
0.19778100107299781,0.037581559261980986
0.24746909792048172,0.038926738414939155
0.29770322574676394,0.043165749746286314
0.34712103821041684,0.04111153280157692
0.39478453676461556,0.027387381413563606
0.44000760029853053,0.03946437451487984
0.48236431412796044,0.04476113457898381
0.5217089140032047,0.029733402337637826
0.5577930304772137,0.028591534541138584
0.5904333728974942,0.025076237114575586
0.6201136925031608,0.021630467366109338
0.4471059526402962,0.02034920483347872
0.40000748647122847,0.02275812912124801
0.35056732364793264,0.029704783214688994
0.2990376840722095,0.04168538841063489
0.24596562550121945,0.052215618749118994
0.19289081546551257,0.06623253123431945
0.14143006657852802,0.10055361944556632
0.09363122586818223,0.1705366251062369
0.0524245834465996,0.3028336026076082
0.020771447735414613,0.827129790364634
0.1971096724894203,0.03860988854264424
0.24674191151032446,0.040285263548097694
0.29693578536059795,0.04371033291108014
0.3461279014061417,0.038449791297848916
0.39354230464001994,0.040375406199179675
0.438286355380439,0.041942552442058495
0.48024549028293745,0.03447856450330861
0.5190080940482008,0.03180732010866402
0.554431724089749,0.027203520645516174
0.586260829232469,0.025660001692636932
0.6148540341359688,0.021930104490255675
0.6401238108699976,0.020180314258607703
0.4405816052542615,0.021140928404064972
0.39379485270941733,0.024595445194289953
0.34493164318976033,0.03390260933651434
0.2936799450440097,0.04453249860907647
0.24123873994012018,0.05853522737444513
0.18860353789283685,0.08604007806122879
0.13768133939915725,0.1073733680352799
0.09047777255011975,0.18823031063374213
0.04989212572398829,0.3316522528233354
0.018970489381204235,0.818849453046345
0.19414689592379206,0.03886481413292814
0.2429700086037816,0.04119220023640153
0.2922036564550248,0.04452811570665101
0.34042755130579005,0.04224968857957841
0.3865464915004094,0.040066143676115606
0.42991027833850975,0.04179544927066786
0.4703855272027484,0.03516816126070254
0.5078460313420381,0.03171771154274099
0.5426285942055284,0.02757217602805191
0.574426736754828,0.02658640036314339
0.6026039987739951,0.022535935508901202
0.4324223545974147,0.02094334100540159
0.38636453634217954,0.027421703402786154
0.3380762749755642,0.0340254026658292
0.2875269394443487,0.04448670376921892
0.2356785897203759,0.052326798972805566
0.18376360363267488,0.0637814309597193
0.1335572223740321,0.10635128532302487
0.08704973263730408,0.19533328681057677
0.04720502678850636,0.3302934861519479
0.01712522900126534,0.8762335426465386
0.1931517004997319,0.03714849848648658
0.2418023125044612,0.03579373718805722
0.2908694296099533,0.04076827345092383
0.3390622735151846,0.044185914255599285
0.3852154273306994,0.04196076140085562
0.4288312629701841,0.03946453026751343
0.46949669941509137,0.03663839621317799
0.5072499573498418,0.03234889306900641
0.5423172667276192,0.028302705279105694
0.5739342621004798,0.025934937533446088
0.6022287024863041,0.023290209263048717
0.4319091467753116,0.02274543509008524
0.38587962827209493,0.02661542666253905
0.33705873509924655,0.022721914926581026
0.2861951959730963,0.03546427406861077
0.2339207123697471,0.05586436156884042
0.18178319869679058,0.09610751189043201
0.13144088246203123,0.1178379954425566
0.08494110250503212,0.1815915057738538
0.04527508278559861,0.36891275763421255
0.015642266243562165,1.0258250099695922
0.19423754827008707,0.03841748943398837
0.2437826751456046,0.039312199818208944
0.29392717477241265,0.04375082946526935
0.34324542131206726,0.041590375550636466
0.39092912369306704,0.03522562037348906
0.43625077525141687,0.04701402855234895
0.478820048588879,0.034487896707051366
0.5185109082890389,0.03242314515425785
0.5547371249508808,0.02883245619112397
0.587594420914187,0.025877254996388797
0.6171573923085821,0.022637347276842454
0.6440279882838165,0.02056778797495255
0.43951661774670214,0.024895489520860188
0.39317483963563243,0.02645661814047983
0.34340420226259805,0.030699701454380092
0.29123266009777865,0.0418349278597079
0.23778381555885889,0.04652585839971708
0.18428666913498495,0.07304172844968117
0.13252224081750805,0.11072705543892174
0.08486715702065593,0.1885952037199295
0.04446832694428805,0.38082125109741977
0.014633522911439522,1.1231126926893402
0.1962198523460819,0.03768872536950108
0.24678057924193442,0.036970319652774225
0.29810059629299135,0.04111119486557081
0.3488966611878899,0.03941692432806851
0.39827456142235557,0.04158583953419007
0.4453881773691366,0.03955010316209372
0.4897969032970757,0.035992717747361305
0.5311720059983831,0.03145168173412432
0.5698802507495908,0.02862037752335964
0.6051629141177023,0.02690730807673114
0.6370822974422632,0.02106403663962112
0.45125557150622514,0.022793867581304
0.40274245219327737,0.02888009013928664
0.35086834985738297,0.030837136157807636
0.2967737219457129,0.043949924336530936
0.24140943257464773,0.055883455369219
0.1861951030868859,0.0749658553565692
0.1329374233593717,0.12208183617193785
0.08424549527899793,0.1971022755057331
0.043266710069385546,0.39775574761201826
0.013462191215096382,1.529197708941309
0.1968212881615613,0.03609427336328058
0.24781276281906642,0.040127832253759516
0.2994235650185348,0.046154785358813614
0.35054568278580023,0.04287149657766624
0.3999511812547992,0.03925506938913139
0.44720316636970203,0.039385895217329395
0.4915540718155793,0.0352013304241076
0.533035048355919,0.03093537672447522
0.5715775040273583,0.028447999408456187
0.6065733812460242,0.022462001954478908
0.6384786552694005,0.02228786213279412
0.39837985789863556,0.029912733276102846
0.3467587403482259,0.03587467074935402
0.2928907777893194,0.04508775174628411
0.2377881611155359,0.0570210286733179
0.1827836398962267,0.08374965870666953
0.12982528785188038,0.12487524259845109
0.08144955873529976,0.2316126632506016
0.04097758604734286,0.4410814708767269
0.011909490198311536,1.6050419942728649
0.1485250916864861,0.057018034693025015
0.19713171838336577,0.02468086207077643
0.24834215387436417,0.03208602790447298
0.30030926912561573,0.029404183001485333
0.3517597197645751,0.020009371151839785
0.44899950048794113,0.050066939013392445
0.4938022887997593,0.025088697234725572
0.5354070472553789,0.05191948400519788
0.6704694967340621,0.042557428347501404
0.6964070922191199,0.03295657557296224
0.7772540265379609,0.1990548112423458
0.7841042601901366,0.07853667461163528
0.7879607173144662,0.13461424552140763
0.7885589275532149,0.07931320327649004
0.7858813484460667,0.23785519162721966
0.44900725457791685,0.02342745687893995
0.4001029744164581,0.023540701859625122
0.34793085759621956,0.037190616390391534
0.2934091774753701,0.0431215192739607
0.23770464777673547,0.0584535043719882
0.1820772595793273,0.08202079525148223
0.12860788305494159,0.1275603236547199
0.07990044692401231,0.21843394238081862
0.03934110682495569,0.44484545348247717
0.010624272786270816,1.7727792963134241
0.2486315777057049,0.036964701272001216
0.3010442983921065,0.03074867754222943
0.35282664310827205,0.028207022106527486
0.4028631801628155,0.022290965202708898
0.5378115801963907,0.03616964372307457
0.5767937303228733,0.021581574428288924
0.6122797276631381,0.07572627142848236
0.673198052691101,0.09549172204266579
0.6993535427337403,0.05100294180832995
0.7218413372425628,0.1929523969532112
0.7409293848931535,0.035787821306213025
0.4482345012563331,0.020534998600091597
0.3987992723333419,0.025757263372786103
0.3460217654136303,0.03656810970813344
0.29107523588902173,0.09079581992015659
0.23497317156596545,0.026630176691648588
0.17921841882282508,0.11070700118124274
0.1257709912621028,0.2640658529553757
0.07724477579405421,0.06622860506202882
0.037127606361936086,0.3840105940551901
0.009157511774671107,2.140100183158074
0.19540225602233052,0.03668287174982699
0.24653990046960053,0.03690644044023964
0.29851714033929144,0.04220692294652839
0.3496904374537714,0.04115239647775756
0.3990612658644515,0.034994036019785825
0.44609947090877733,0.040921155670728515
0.49028992560011625,0.03518644291859596
0.5312760460554241,0.030521661444536514
0.5692068014979085,0.026751548519282558
0.6037640313110582,0.024402229416222172
0.6349008511162821,0.021135413832175327
0.6628384627091046,0.02028995120693153
0.7666615560736432,0.02683897603389357
0.43827286992088393,0.0230870910334831
0.3898625263793158,0.029445568188520756
0.338089698407357,0.03383234074480287
0.2841571161799508,0.04255270932034491
0.22899674556973607,0.05998901826789077
0.1740744908591349,0.08534896211914533
0.12140849765503209,0.12512893446978346
0.07371496731625539,0.2207840430620859
0.03450453523118644,0.49144119649888746
0.19314803089983187,0.029477392475482523
0.29477157363701145,0.049058287115115756
0.34516179733775026,0.03669631208487866
0.4398319654911031,0.04294826406243107
0.4830421396441349,0.04321072361767027
0.559963365602386,0.07296657244428237
0.5932305001217342,0.023970002990757
0.6230500765311063,0.023321295928676693
0.4317518220257379,0.020489567292307134
0.38381960508520185,0.021782863284257485
0.33275975444146594,0.04091387465030492
0.2792898732111624,0.03961010592542991
0.2245938876010561,0.04918506444579203
0.17011414234679523,0.07777527793088818
0.1179900523318794,0.12788849359297585
0.07079977306664631,0.21788960890122924
0.03222394528936778,0.5154662252850226
0.19391846873987226,0.037675275287998834
0.24495994315986758,0.034841563184227486
0.29666930894171584,0.03928943722551011
0.3475033492011974,0.036980624498471705
0.3966991078109668,0.037551489495510744
0.44343393401517806,0.037834065755928264
0.48748804256889405,0.033816315882863685
0.528463845354919,0.03091275745039092
0.566160230702917,0.02716103909662773
0.6004759845917509,0.025234427874563484
0.6313688031661324,0.0218273886596482
0.3864910895686795,0.025210932740160612
0.33469038514751426,0.031594722498673275
0.28048471008595277,0.040516649887474
0.22498555872962045,0.0627003064700772
0.16976662305881007,0.08926100888856368
0.11684401230490726,0.13354823481454217
0.0691935696433339,0.24017394084432248
0.030562121216248805,0.565781575168851
0.19402886338759764,0.03691508695954975
0.24538809519231214,0.024024613175157618
0.29742151204254463,0.04135029190654444
0.34861622466907366,0.03310969633299496
0.39797639625056597,0.04165805825384662
0.44484312097036766,0.08058163444439112
0.4888475728565895,0.07182005714165818
0.5299628846861657,0.1465975987104678
0.6022706506281406,0.02134866104355948
0.633337409681352,0.020307261264231664
0.6611982214152484,0.02205127051910099
0.4314244070285101,0.02090795612672858
0.38272435440914776,0.03224597049292891
0.3307254924530215,0.03353273996179174
0.27656098712517513,0.046021399847706604
0.22113037121725765,0.058729364183509394
0.1660453664032765,0.09486385625786019
0.11344394922334544,0.13279932926450003
0.06621896233459662,0.26365511924033047
0.02825118725442807,0.5893321726493531
0.1930430516759879,0.030738053107502408
0.2439085199641492,0.020705714456044428
0.2953619257742651,0.024014323004078696
0.34584060267725386,0.028098645137510047
0.3946162762504598,0.0318380929631825
0.441128219223912,0.022670965131949238
0.48453201528573464,0.08842905046483249
0.5618922722683641,0.022751198626592285
0.5957698892772495,0.02996765270320976
0.6262619202226428,0.022028694131992578
0.6536372642614467,0.020980573732697162
0.42756486914646374,0.023528448682074952
0.37913103447064306,0.027777837891816867
0.327099438463646,0.03462293673750918
0.27299614064688765,0.04710749380137384
0.21769010327915375,0.06595482690914696
0.16271573993185826,0.09066114984273803
0.11027041833374894,0.13287841619325527
0.06338137189975096,0.2657072019262132
0.026035200234062122,0.6415642283195779
0.19180456910796173,0.0369660618670661
0.2424349047957449,0.03499096537939615
0.29351543615712583,0.04235236050597779
0.34370636969680346,0.04427842989093508
0.39226204615032745,0.03749910343581982
0.4380299783653444,0.03759082051975385
0.4811844018944187,0.03718433124755761
0.5209760830445265,0.03143763433559714
0.5579505816630718,0.029412565655103192
0.5915222127456633,0.024415048963824945
0.6217199060877703,0.02248351574493092
0.376052601411611,0.02888770892402484
0.3242156621917312,0.03347498271694829
0.27016240233134625,0.04829876032712252
0.2148243672835425,0.0527010419463209
0.15986656494011522,0.07707347103966675
0.10745329545448469,0.1510816153599338
0.06079546648170483,0.2243486742784258
0.023967273812130836,0.6155871888181979
0.19174521819416124,0.04640608580508166
0.345157336590381,0.07460626049700084
0.3941477499863364,0.038401436457920615
0.4407334463687945,0.03865509960604895
0.4843978007712281,0.03682815789881826
0.5247553058483674,0.03308883114813072
0.5623302471651589,0.029529729633656823
0.5963397712059865,0.026844741453969694
0.6543793181546299,0.11338938432413388
0.6789941225947647,0.02595060727780354
0.7004173237819256,0.07512992017214509
0.7182527834204993,0.08783400438406189
0.4243875837891989,0.020339865591680113
0.37554902350297525,0.026624833882358066
0.32321691123952345,0.03458834891754507
0.26861421009968217,0.04933680922892771
0.2128296584158586,0.06546415106473617
0.15751955263227002,0.09579049886882443
0.1049161148035294,0.14482444146715856
0.05829856354891609,0.28256006322529476
0.02195837949782924,0.7979197136967932
0.1927004929893123,0.02529813364962509
0.2445323394563769,0.026852672283282083
0.297156661115237,0.06986453533427818
0.3489325436488496,0.030170007665451526
0.39908014460737284,0.026389506281295654
0.4467675052666492,0.03316246093819587
0.5331196972807584,0.06249746436058654
0.5716268419599047,0.04527474942558561
0.6067062681251978,0.12854775299150456
0.638586450238403,0.03785365303211599
0.6667755674603313,0.04733817097434559
0.6918404991947107,0.03368702848219732
0.7472069451452683,0.05962021944874789
0.7592475207294378,0.10355237563607836
0.7772576885592541,0.024184236575956357
0.7773489966510027,0.024279507182524827
0.43098255502229704,0.020919827863878408
0.38093282704227466,0.0261383172209119
0.32720329186856706,0.03409400406726705
0.2712780193904618,0.04848992205917656
0.2141886324832386,0.06339595328794129
0.15757157352924617,0.08141370791567222
0.10391828809711914,0.14509038155663861
0.05668612735555652,0.3330839994271919
0.020319659021171846,0.8049363565095062
0.19255705470864812,0.03867839045378151
0.24467347906156625,0.04474220477013261
0.34952178237707093,0.02508390356417283
0.7365103949957539,0.0300973864434005
0.7521865843403451,0.04392617915200461
0.7653063485151255,0.13304968585991078
0.4298389480236398,0.02254751433850135
0.37933013684420874,0.034192544343619735
0.32511560779102106,0.035517448087763116
0.2688193964692461,0.0502523007401054
0.2113493558710369,0.06710506763854121
0.15455352140272058,0.10786992681808859
0.10087851361969893,0.17403954438585445
0.053865012162578926,0.30540295764878145
0.018220607114206026,0.9297887519124582
0.19260616152857551,0.03557722941620217
0.2448273170292866,0.03535900149329739
0.2978033306720596,0.043484555383465046
0.3499622216946537,0.0429042043976122
0.4003148473162278,0.037435700078653246
0.44809280121022166,0.03785145883870837
0.49286328824446185,0.03609012104834052
0.5343895293883955,0.030943869253015028
0.5727500175547875,0.028499370395982812
0.6075993468979416,0.024509705076828522
0.638888492031505,0.020629663808724833
0.6669211831040189,0.022621732507813082
0.4232234174213747,0.025557003300413474
0.37324596231211354,0.02395581176879381
0.31956600507095273,0.03641265718978099
0.263692363739563,0.05120945502942882
0.20678623214125924,0.07285631120872878
0.1504084127897156,0.09721432059503343
0.09727007011856288,0.1643900202636901
0.05089682500487399,0.340967556551468
0.016143340822545687,1.087354120805529
0.19237456378343998,0.03577101877904937
0.24459116993139102,0.03363464038311718
0.2975128080731641,0.041763072373496586
0.3494697918638112,0.04398677562451418
0.3994896276500448,0.037731085122479725
0.44688004090144545,0.030279222700961745
0.49123374857055463,0.03765452523729308
0.5324251108337581,0.03053181983848516
0.5704295226236354,0.027448213465167504
0.6045306989421331,0.02688229179474001
0.6352820867483961,0.022129461205266907
0.41580731359808604,0.027491544759049826
0.3661311088395231,0.023718273630025166
0.3129287278798179,0.03954175408215308
0.25743876988268094,0.05383740073643647
0.20101510117614313,0.07248479854254672
0.14531120837554765,0.09094007263157221
0.09295418441193185,0.16140899691712052
0.047527794975561484,0.32474844326712216
0.013959023891261371,1.2154204595715303
0.190962529515056,0.022953661190112027
0.24296017466745717,0.04608124455474075
0.29552278433563545,0.04277037920631872
0.3471578034273025,0.04118650028108239
0.39705351767686986,0.0376929739321374
0.4443581361222359,0.03716375636570778
0.4888361798236735,0.035456103419565
0.5298827280086896,0.03102144342367908
0.5677568670893005,0.027265312924208838
0.602154415222847,0.02508017162698242
0.6330433581517463,0.021514274063376235
0.3659006699354899,0.031505133584702916
0.3121297830720361,0.040420279160178985
0.25617401286926206,0.044283667082134055
0.19919154522421154,0.07055292411626084
0.1430048801344637,0.11256805755815305
0.09035762586956458,0.18207929912109738
0.044998154947891764,0.3340165827373961
0.012125975798066653,1.297686601008531
0.191255406639476,0.023157381553881966
0.24380720021349733,0.045515946045540746
0.29706519185941,0.04111883150643971
0.34942607561957656,0.038581690368247074
0.39991858644950007,0.031635252295063504
0.44787891704927807,0.03339869031876029
0.4928599322235328,0.04132329736644681
0.5347304909857444,0.031512520106668884
0.5731399123646786,0.027662012807773726
0.6078097148415897,0.023826955590584616
0.6392173412969271,0.0213944655553796
0.422098765790292,0.024980163934208238
0.37053088375411564,0.026409353064146393
0.3154368518468969,0.04041900899614444
0.2581159527198239,0.04604547286252545
0.19984768567311628,0.06867894284504374
0.14249011144804435,0.10473893759151981
0.08884838497670842,0.17585939534150838
0.04305562380317737,0.38911258340819405
0.010547252636950298,1.6295921403230351
0.19247879276542582,0.03491128313457094
0.24556434729980484,0.03560381480180905
0.2992783713313736,0.039655864111167165
0.35214230295425486,0.05895832161312307
0.4031612166449483,0.034172453591631125
0.45162805420794433,0.02533837846174371
0.4971367084263016,0.07033106890965958
0.5395582455637411,0.0860073772472957
0.5783580010067719,0.024409607409264407
0.6138430895025769,0.025842802964750847
0.645854410996854,0.021813331984034515
0.41865231458974217,0.022532576844367953
0.3668618120551103,0.03296038575428863
0.3116560944202523,0.041032939556055956
0.2542889707985698,0.04861585871741787
0.19596398635802284,0.0667471850545164
0.13869008155558557,0.1119995321818751
0.0853535401426134,0.18029830414718753
0.040139756275878055,0.4096715025562519
0.008715531161406014,1.9830077481265715
0.24439692267162544,0.03382148696280091
0.29786549543746493,0.05332755229146778
0.35025774664501513,0.0395168734711992
0.4009479309080878,0.025605647716018726
0.4489496638348743,0.056267560131799746
0.49388640231529835,0.11904591550882405
0.5741808081113756,0.04037087629566549
0.7667697689206885,0.025900657647242246
0.7719730321753955,0.05637524869202079
0.7743459657101437,0.0341917690683094
0.7703717429584421,0.0879050270935629
0.7638077120268606,0.045540781762356604
0.7245407005608872,0.022768062297312763
0.7044128585470422,0.034081666505716555
0.6543667992065012,0.14045964658172588
0.6238037529328588,0.03473541729147809
0.5893512615998463,0.14514680429055007
0.5512389072907273,0.03027408156212271
0.4151031041166236,0.02494188096539505
0.36362775062818886,0.03680116066308794
0.30847893054694836,0.03220303731838625
0.2511149366223475,0.055118749996046164
0.19277823347394765,0.06476484521551874
0.13548885629332877,0.10730040254472058
0.08224237852040284,0.18208615023549501
0.03744473015431649,0.412968393888826
0.24609357512131422,0.036488482792110886
0.6184758723530702,0.051613183584794456
0.6502690679804929,0.04936538364859879
0.6789496425773986,0.12362383369460028
0.7038547293096403,0.030237516617220208
0.4189261732406462,0.023221409106089136
0.3660358859681966,0.024283925329922313
0.3095095591367843,0.03842177478795875
0.2508839154657698,0.047521666102011396
0.19154317051810044,0.0767608953211181
0.13337694660331081,0.11316188600517743
0.07964649860631064,0.20862563214377824
0.034950091341444764,0.49099766368858855
0.19224142282828446,0.022391308769136278
0.24581580202778125,0.04394591454301627
0.2999734153273739,0.044119374933715254
0.3532176144745974,0.045232965810143085
0.4045725084250979,0.03828809112645402
0.4535627007543861,0.035437462126331795
0.4993797214504227,0.03711058465998611
0.5418794053172044,0.028650348509193294
0.5809977021049497,0.026952524941505678
0.6168654538861684,0.02539748594390114
0.6489471128421503,0.021443025126847603
0.41345643689126094,0.025008776860956018
0.3610531686125673,0.028256726482787965
0.30491804398423905,0.04311220402263803
0.24657319387051108,0.0559308146390452
0.18746088692457857,0.07598351737283213
0.12954882772993556,0.12162307912525053
0.07616875691346364,0.23893852531446053
0.032151901697171185,0.5309921137787041
0.19323401150771927,0.03530321005339603
0.24771959883794725,0.03290172730620553
0.4107119915258866,0.04586814003937638
0.46117768886123156,0.02005500209211803
0.6971687133585334,0.025311196733319243
0.7241621282708895,0.08938452786905257
0.7476537550365975,0.12488199906160218
0.7675172480495823,0.02605594644523694
0.783886404916273,0.08706051620506014
0.7970757420175905,0.026867955283249423
0.8066169500623798,0.1114769870037845
0.8123292689306075,0.03529781601732358
0.8151904344787143,0.1504368254941965
0.814139402375716,0.09420373515370593
0.8091596368924217,0.1389522417769948
0.8009851903668375,0.037781627173683274
0.7742494758556103,0.08116837691914564
0.7553726747510626,0.047276216403133245
0.7330535991229188,0.020810045910253264
0.7069680499144033,0.07193868604463306
0.6774583156814284,0.061165261383769244
0.643918578404041,0.2295933039574201
0.6065262469571434,0.1924897988763444
0.5654388954601186,0.05882054340159548
0.5205138159831431,0.02792847933880054
0.4718794493347297,0.04386656822483505
0.36513733759106093,0.06505932073266253
0.3070441230935037,0.047546964477741316
0.24692504597866266,0.03933637018518817
0.18631126520635702,0.08713907902278988
0.12737063800453274,0.24891470521772907
0.07344442495496707,0.06435526786448312
0.029630174537446076,0.061860923044088086
0.2462553501856096,0.04865417028906878
0.30122489267317937,0.04376835688010092
0.3553453888256662,0.043114595048381416
0.40760673383507096,0.037651531866345234
0.45730880834646326,0.03559232486312355
0.5039123170459365,0.03502488530231178
0.5472543353459933,0.03038931433849497
0.5868295459196098,0.027953507324325198
0.6229203495962292,0.027363011427651424
0.6555822636959237,0.023282515705928004
0.46198029276050245,0.021325735259690035
0.41083235053527456,0.027373186450304857
0.35733705036418406,0.029694745330289228
0.3001844014858975,0.041648267419252386
0.2410048775721916,0.055631351165198184
0.18106301080109719,0.08211710237786836
0.12276544892670649,0.12753946668715213
0.06956924294700573,0.2375890786455669
0.026759988389653124,0.6726968233545484
0.24582853534450497,0.04922279256435236
0.3008232258434065,0.060002974520484184
0.3548244612875591,0.07342311652145998
0.40688798285650285,0.0344589926321959
0.4563316628196316,0.055307240139458966
0.5026978526353483,0.03624265418253623
0.5458492790008805,0.02911480554127679
0.5854858887909999,0.028216827379477543
0.6215245404789554,0.02628555743065696
0.6539138230960893,0.022731170091170188
0.6828453682677543,0.021362598410446593
0.5087116600032073,0.02121551093225812
0.46102361266521796,0.025534883130413636
0.4094189135638185,0.02386418261657835
0.3553958890275429,0.029985541200967056
0.29778657078196735,0.07943164025957182
0.23802560153507699,0.037327468692729786
0.17782193143008096,0.0894170777909934
0.11934011035312377,0.15293365837998266
0.06626514128427978,0.2364300868197405
0.02413535025376502,0.7434943314539072
0.19113259362533166,0.037927941999183375
0.2454624735155628,0.02574372768369495
0.3004115884015287,0.03918220739504913
0.35461600018867784,0.03802595818812077
0.40698745126576036,0.03542654917822556
0.45667071725520675,0.03573685100027389
0.5033088868906251,0.039231683603792325
0.5867110749994009,0.020565513873810632
0.623090042486231,0.03104054265739094
0.6558456336695011,0.03310709548135366
0.6849679635103908,0.026308056736201273
0.7521591632622479,0.020093166944075775
0.7163500114195618,0.0321413409194693
0.6905972065349159,0.02912183777601036
0.4061629102443301,0.028807300954420814
0.3520046247358554,0.03806207679758346
0.2941005475218849,0.04340704486077011
0.2343136316858749,0.06654806973090079
0.17400686028956158,0.08519450618794006
0.11556642340385542,0.1483102574992143
0.06281039506036738,0.28132434126205114
0.02153410078338249,0.8458625337887872
0.24283477480507537,0.045528674531005515
0.29641554415042176,0.04249477449466955
0.34880672775492627,0.043548455135372525
0.39873041451151253,0.03777708247220749
0.44557933789477033,0.03439851641279165
0.4890203741554773,0.0367324811644115
0.5291115645115552,0.029584298162457622
0.5660883176665809,0.027738471938699657
0.5993611929389785,0.024236665273680184
0.6293897750577517,0.022351285646357025
0.6562489540355757,0.020221345591612656
0.39369281325747507,0.027357091718911087
0.34080675284350387,0.02867394519412952
0.28440565094788905,0.04363631368716812
0.22584345338092268,0.06791278763570169
0.16676703057479242,0.08791361878436724
0.1096187444640074,0.1591000496886402
0.058268778179772066,0.2938158812849721
0.01861968669819251,0.8340370458478028
0.24041378698169324,0.04906761203261844
0.2933698917279916,0.03910574966025903
0.34488229302225853,0.040559991534500885
0.3938934928629424,0.04038948288610475
0.439695485821633,0.03981601788835637
0.4819304356877499,0.03584772467456931
0.5207547945885723,0.03239259204760159
0.5567584528308199,0.028496844771383367
0.5892852751456611,0.025444176283245305
0.6181958571048032,0.021701635809265832
0.6435454074402236,0.020959529812318366
0.4282342479138514,0.02154485396834543
0.37960390098872765,0.026297939590574523
0.3284761472996362,0.03740101252202078
0.27380727729685694,0.048547165176026634
0.21708513721821826,0.06159347722506066
0.1595247841960184,0.08044190641880386
0.10377817386734144,0.15696952418832397
0.05386040413971576,0.30419474436607014
0.015867997727391323,1.0545036236113006
0.18324731873940725,0.031711391726775284
0.23505829502047276,0.03624392098148295
0.2871206267577307,0.03404395831326212
0.38613720526992457,0.0444041908724755
0.43154794176544503,0.053993503584350296
0.4734998547256597,0.03521502246677901
0.5121965434311696,0.03727978974748976
0.5797106915072809,0.05863206099903192
0.6079923776732591,0.02632384797336815
0.6334524364486559,0.0390249110445918
0.42593682311406317,0.02504062653931964
0.3768336673110168,0.020930634867787436
0.32545057484848994,0.03699953489385593
0.270491893299862,0.044217822845062524
0.21344325120874164,0.07353419578757531
0.15571379518021566,0.0964041945978239
0.10004259191215434,0.16152186697422238
0.05047832770254327,0.31769528441001754
0.013542579104043922,1.1296445311040286
0.23909301843624647,0.04958895335970916
0.2926017382798692,0.04036693433726352
0.3446538798748409,0.04221964972511486
0.3941116738841821,0.04095820336034543
0.4405945169534623,0.03871455334904992
0.483686403275674,0.035519712155005594
0.5236320784632792,0.03182171762046132
0.560814773741269,0.027973379112232202
0.594233185110083,0.026625216563080267
0.6243726436470944,0.021675240398204728
0.6512132022718,0.020676071064795853
0.3874148590845495,0.027378591430292146
0.33392409532823875,0.036169713634417955
0.2767149289389505,0.04530904600923795
0.21725611408714954,0.06442504044448871
0.1572885837201433,0.09220587835266615
0.09962310097905888,0.18265731442709518
0.048737220867130025,0.3114376109170693
0.011812469951869974,1.5340033458203945
0.13828718401340695,0.03607650556615354
0.19064691741939405,0.022633711895290752
0.3018056549771314,0.04373887657266473
0.3567859045103609,0.038006726562146764
0.4594471005951555,0.054349416259070436
0.5062253410893167,0.04643903876356879
0.5492512980933113,0.0367566100056925
0.5890375961970997,0.020735471868781795
0.6249062343706924,0.06632597953360973
0.6572710321432143,0.021179708464465565
0.6860908543767474,0.04441455359088702
0.7897586491628295,0.020110679770171086
0.4483035674257776,0.040388878736559726
0.3949309803938939,0.021318312288819467
0.3380351542493717,0.03712967524401245
0.2784478083773886,0.04657648725605216
0.2170352071767455,0.06266555376937932
0.15550514686786263,0.10791385779803239
0.09677734466416033,0.18399911425002008
0.04564720503334582,0.3419236921093993
0.009672145999252056,1.825775627586606
0.35198223887983293,0.02874584078694209
0.45449660787134616,0.040309319152903235
0.5862318199460242,0.1338255543817542
0.6576942372860516,0.05639125970781369
0.6878658258855226,0.06701874270511672
0.7146349751477362,0.030991081398469254
0.7374339241107668,0.048430429277269295
0.7571048140797275,0.12093645645048268
0.784290466945088,0.041159208778151934
0.7906035234283808,0.020562046584248345
0.769765304563375,0.08486167539386355
0.7546424974398901,0.048024772565474265
0.6565706506515971,0.02295137154089516
0.5842522526910664,0.02978957293329442
0.39136913145072033,0.025695736797714662
0.3341516525857653,0.04186954714671681
0.2742810655238791,0.04790829579957888
0.21266148192663312,0.06665726133533968
0.15104566738224948,0.10887028097509814
0.09243995865002186,0.25364810314210845
0.04197243057665591,0.616860945334251
0.24184442831081146,0.051047292194833345
0.29660795900973774,0.044834339753958494
0.35015149418837693,0.046498409891797994
0.40167218863655946,0.04609462297803518
0.45023154988157466,0.041145123114332
0.49550214188890934,0.03783363762058081
0.5373698991542869,0.032567619748352074
0.5761454072324295,0.028091750729011468
0.6108294004256767,0.025506453058274405
0.6423667803439608,0.02288847457028675
0.6703658037648226,0.02017205460371401
0.3837168390917071,0.026528038048581563
0.32713988002424155,0.036411015521210004
0.26770106646284225,0.05626033971725665
0.20650860718738537,0.056271550742492064
0.14538639311653745,0.11160243641297714
0.08744028222744261,0.18575549631698454
0.038042324080112634,0.4836939134911673
0.2402380618947041,0.052957849037786574
0.29534384372817185,0.049553754073785344
0.34957018393613054,0.02158342313236497
0.40187952063863686,0.04409654763802714
0.4980934162254119,0.046266642154586965
0.6507207253961467,0.03736337012731589
0.7056437040047774,0.020389121853650122
0.7280776787344895,0.03520073111459022
0.7742591792657137,0.021335959337833967
0.788559672218071,0.06988231079325571
0.7906665146411291,0.02832236313688407
0.7896837374794816,0.053254254693445476
0.7847732840411673,0.033813844740918426
0.776378190387924,0.10160035546039936
0.7070886019508202,0.02598532691188207
0.6806657264766798,0.030255523662040963
0.6499868458869268,0.06722980770684163
0.6153808322697417,0.0733854304996407
0.5767773141668296,0.16497986351555086
0.5341517984219922,0.17505189358216083
0.48756728160104973,0.03317506292591839
0.4370288986447402,0.504862858343522
0.3828040968500788,0.07634317165340399
0.325173426026887,0.11264732817737662
0.264899654365102,0.03202123304269517
0.2028801786975751,0.07080791747320074
0.14127619764361676,0.05538672404728022
0.08325135618056993,0.10837727154832767
0.03453582050863077,0.19748294800221503
0.24092638340332984,0.05068553928630288
0.2960317135022993,0.04237206134381832
0.35024205560876714,0.044700122937291524
0.402401625757812,0.04588677997369617
0.4518244378716336,0.041520480828061916
0.49781446852951994,0.037855146188634795
0.5403408071149852,0.030975355834754716
0.5792403300087184,0.026162276357077244
0.6459633807480604,0.034646292984479965
0.6740105835184504,0.02094182616747693
0.42735708253556587,0.02383482170618278
0.3737217744817287,0.026573511361530133
0.3167631397421781,0.0348807354544559
0.25724861487140255,0.05274860059843091
0.1960118792273799,0.07674354019182425
0.13513450698214713,0.11930370197542266
0.07804246102312627,0.2239456943540584
0.030748996058657208,0.5775825762877496
0.238374360796007,0.059336776052132605
0.2929321211387846,0.043477409774328034
0.34635090897212634,0.04436963696815685
0.3974026127938875,0.0437978064306127
0.4454520563922831,0.0386195339813492
0.4903485380338688,0.03829673052494177
0.5318026900629649,0.03185132920472943
0.5695987512729153,0.028618915960282376
0.603954188891531,0.025409934689223288
0.6346590206431135,0.022504842239714083
0.41862716188953253,0.026194302932607712
0.3655027735127197,0.02938758984447937
0.3091123131135894,0.0448746412367169
0.2501037037383411,0.05694499902453495
0.18941964846427198,0.06761411297858895
0.12915697901933829,0.11307434222146504
0.07296788178208681,0.21807751479560328
0.027089144687206544,0.6284222527566068
0.2357936385919252,0.056359985441359034
0.2898272738508786,0.04680264431833804
0.3426979721699517,0.048589360087717394
0.3930539135349422,0.04595793793712903
0.44057843648918343,0.04256979713738733
0.4847773667652744,0.03667736554172888
0.525218819783314,0.033254494250219646
0.5624722906301813,0.028981116100720444
0.5959916833456372,0.025347940722360584
0.6260480864586133,0.02190866611306076
0.6524246910293727,0.020259905533492963
0.4109766044419407,0.02288204777118784
0.35832509258898537,0.028776190833393885
0.30233280142458696,0.03962747824640626
0.24370380982089104,0.056306040218317324
0.18347253970450006,0.07610070381366678
0.12372235404757918,0.11724001639202256
0.06827075629758603,0.2613510428639068
0.0237264668631462,0.7334655260315055
0.23535900663443962,0.05414312028618092
0.28942548528178275,0.041273535133098616
0.3422803715657663,0.04588708219329355
0.3926439840714735,0.045764049964371535
0.4399684824929533,0.03913978181133395
0.4838877374306111,0.038427419586616655
0.5249165378531282,0.033383899344185855
0.563587510576905,0.030181467779990107
0.5986347982420417,0.03375647990652805
0.6298195860045485,0.026738416760238793
0.6830971384434488,0.034328337236001434
0.7045681412065465,0.08465185491400269
0.7222952659879741,0.05052259127485375
0.7496049086012556,0.06946314116153897
0.766118163369116,0.16451444734266438
0.7655142019476693,0.06479219602784059
0.7418008653947371,0.072915293840546
0.7260280351773711,0.04664342885082651
0.707014626170831,0.19622674701103382
0.6836688957006543,0.1052923123609348
0.6572717390436121,0.1666499713564922
0.626686792196084,0.021581525530067844
0.5536517390741369,0.02676151575718871
0.5112483199675056,0.024883688623428466
0.41483479451560096,0.0248868930618283
0.36078126431223617,0.0332619029732681
0.30333230154128993,0.04374130159223837
0.24328637758974125,0.05609228445423982
0.18177079069711724,0.07334508349481172
0.1209630255246794,0.11947401419974567
0.06496103120509786,0.2330492564912946
0.02093886935635618,0.8288142851813851
0.29137363293373286,0.021808560188748164
0.4455842906761222,0.02070667923697715
0.49110079245601024,0.020862086301919852
0.5333394833064037,0.20966531624843854
0.6061806560899177,0.025915480940177607
0.636879460224671,0.02222991473206945
0.40312371940249897,0.02723095555540441
0.3496805755211444,0.03278690681118237
0.29312701739395386,0.040099854103287126
0.23418784012015564,0.05508103882434486
0.17374415403620647,0.0733896477258106
0.11412815717705972,0.13803695261131108
0.05961630301084452,0.3198426656429127
0.0176147547157293,0.9079332010984046
0.22986529489207633,0.049874031472257836
0.28332153386730174,0.04768683598949756
0.33562699274546,0.04943816732235586
0.3856504352932309,0.03923630484960513
0.4327859279394501,0.03931810794598342
0.47681458015559836,0.04139031956637565
0.5171671687722807,0.03908451513437814
0.5534870065007272,0.027308315167608167
0.5860411301920369,0.02524365592393288
0.6152536888423097,0.0223443276457154
0.6407575870697164,0.02123966741011271
0.3922280294416425,0.02333549232181279
0.34011642769803035,0.03288262967866865
0.28449164000248195,0.03604149639868227
0.22642832405968824,0.060899248649882005
0.16682133344223984,0.08220411651951011
0.10810139628701852,0.15940380614941607
0.05476167594300126,0.33650940412013575
0.014593683101535068,1.0300077728450425
0.22821151581363844,0.027064878736027427
0.3341314065691693,0.13383030813779795
0.38443958838337733,0.0440335322672437
0.4318447664124165,0.038560407053402204
0.4760520448797031,0.038030411624748336
0.5170365570414637,0.032541726746400164
0.5539483098751254,0.028866903728002834
0.5871700719539905,0.023395114328190057
0.6170916568198261,0.02064338509232711
0.6427298351926721,0.0203649238288259
0.719735509439716,0.020980851024032625
0.7180086227776538,0.03323364998991881
0.7140924712193759,0.07505361449548309
0.7068550234238767,0.11351847934118212
0.6965836045851225,0.07833881872055307
0.6842043897013582,0.021067038591616672
0.6690852250109496,0.11900606854693264
0.6503587828053448,0.15127207726094927
0.6287149088033199,0.07411239582336256
0.4268076998659803,0.021417428581351164
0.3797116133997897,0.027709229079218
0.3288348535073498,0.034263691242669786
0.27467335254165737,0.04366105773282558
0.21796564926425302,0.06458123719537105
0.15963202884581845,0.09364286367651588
0.1020904112442022,0.14583297023656416
0.05006371357703614,0.3227102886659128
0.011805565933544676,1.4429218606833236
0.2315691813386651,0.05356953325317828
0.2863082575419421,0.04081398503113051
0.3402273796972608,0.04204123260069273
0.3920653109020485,0.040741770293878155
0.441036409752963,0.040132204994654336
0.48660137200788856,0.03644991220555267
0.5290452976398644,0.03162701194927952
0.5681020925141612,0.028025958367276834
0.6030352852965225,0.026094606273549644
0.634419384000743,0.020610500647858968
0.6620377717845921,0.020949542628373473
0.6864311098770929,0.02144285654885499
0.3973682294827173,0.026876627139433496
0.34258044851343183,0.02987342957122976
0.28434511548998886,0.05303456240061598
0.22355025985845525,0.06182401044833109
0.1616185491421988,0.09892291144862643
0.10130512546399133,0.16295376820992857
0.0477739239086619,0.3696856665104532
0.00983880377142188,1.804601698473083
0.2872012167715794,0.03547536591591951
0.4440078677423992,0.05101162050123365
0.4907093011930253,0.060772374221253714
0.5741276571224374,0.08108591909502849
0.6432937286864393,0.04423055199723521
0.6984577407935134,0.028854252599172382
0.5092206334278807,0.020708436932547147
0.4069264574005079,0.025078999010739973
0.3496861165056248,0.03772756802281767
0.2889823999384222,0.04384520577515285
0.22581331575600458,0.06340387380133304
0.16160360106460053,0.09909298524488026
0.09954764374127742,0.17230851665552163
0.045148969350289406,0.40097210272118194
0.2360711149722336,0.05136403585017497
0.29300061234793634,0.04192677660400457
0.3490942827588393,0.043774629915034474
0.40328890095361436,0.043579359442196874
0.45472331832954177,0.03728829594678062
0.5029608157967633,0.03532496428887014
0.5477707834250212,0.034699598765537236
0.5889005602153929,0.030823367288638246
0.6263976942622538,0.02771397387724115
0.6597223706656334,0.02435811586413492
0.6893236107642987,0.0209642515683119
0.716092850722916,0.022593000637290465
0.7926640481318381,0.02596181644682328
0.4595506172742703,0.02280749331584901
0.4050533819944175,0.022103198402387673
0.34675217229800287,0.03741925357697393
0.28508232883998125,0.04671239879863202
0.22115292098325073,0.0696246878456052
0.15657565462286427,0.10042843078149004
0.09452821647257657,0.19214435225416085
0.04099671739108949,0.4850383238820424
0.23442578051444915,0.052310112309601156
0.29073722527246054,0.04035511257651478
0.34622748359760835,0.04617401108177727
0.3996944502406971,0.04460979554832626
0.45042142896312626,0.04014369719289844
0.4979913357117002,0.036893117261213984
0.5418134335335775,0.03309938079151312
0.5822996075848538,0.02983233616097531
0.618621588937694,0.026499087865138486
0.6513698711720425,0.0224619761641862
0.680260458794418,0.021914924328874784
0.7057136698387614,0.020840066809036356
0.7801165879275002,0.0781766835496564
0.7857302414307277,0.023228488370912043
0.7836970885946052,0.08687356148267718
0.7779649228555005,0.19179070049707744
0.6922690805772974,0.04853272318246471
0.6630042847418027,0.022942174457742756
0.6295503073769103,0.17095527570244468
0.550335314181437,0.17243414356837677
0.5043178814084015,0.07386518180947337
0.4539572057800295,0.05405753334424747
0.3995681608272402,0.09324520021567798
0.34132311360570006,0.1621533329124472
0.2796335284592441,0.17522792580011126
0.21573578250569572,0.06830283702110511
0.1512707813876745,0.12305794861654701
0.08955185152034953,0.20024095205612796
0.037013216732053475,0.5111262463399789
0.2321926673159283,0.05125157915766106
0.2884375543364111,0.04348693892849086
0.397322043232111,0.044073210257277035
0.44802437155204994,0.07566220301301467
0.4954791788754611,0.038545055791552804
0.539453547964834,0.03413974449422006
0.5797377822863454,0.04432346157943787
0.6162540222134744,0.04731739647815425
0.6492930177598584,0.05147791900056191
0.6782999365849506,0.08783219707728777
0.7439884324086821,0.027614416435102384
0.7807289455401808,0.02484075703602613
0.7746448342694885,0.036462618103058106
0.3941542668340835,0.033928077920237394
0.3358676842040908,0.03867844634148562
0.2742244509603348,0.056100774260129015
0.2103693243102417,0.06904712947166383
0.14597958516637713,0.15901134780760712
0.08466479558495736,0.16695201031185317
0.033195117523034105,0.602341005057531
0.2317096847172468,0.051317772588949
0.28769765746290904,0.043117575092575106
0.3425622454519161,0.04614525406319492
0.3954008416947148,0.04401419512750811
0.44538621170708365,0.040265332846888914
0.49216565938026197,0.03798426133210272
0.5351431960059357,0.030836995683424788
0.5747838262269049,0.03052297726024255
0.6104061876771671,0.026771748974927966
0.6424071303859348,0.023929806320661773
0.6705394616568727,0.02024907731026147
0.48892339534775797,0.023038325436788142
0.38531963665314967,0.032307690353999545
0.3276357210504296,0.03291121692609245
0.2664678519781695,0.050595966099580864
0.2031703177344624,0.07571436516657419
0.13946530978631674,0.11632241143719207
0.07909839170368148,0.20066526216201747
0.02922744949621041,0.6023672446983127
0.22850620837867552,0.056942238617984225
0.28376012810777446,0.04410708230538156
0.33773187225529205,0.04532329178413823
0.38946660900280167,0.046005800814761584
0.43815560383846375,0.04158892073903521
0.483307176155396,0.03784581198318312
0.5250418274229327,0.033764413147951054
0.5633015084503836,0.030463745066350682
0.5977334208773852,0.026236288948285228
0.6284107849074483,0.023501419225700065
0.6556224908899577,0.020849499552722167
0.42768706311032656,0.021067388835862063
0.37495471601723435,0.03224853739096943
0.3181945170064521,0.03349193357506143
0.25802796709625797,0.053607199959384545
0.19563247744516707,0.07496539325924424
0.13287549520438235,0.11715675642550445
0.07360074525406776,0.23238588502531382
0.025439748109379504,0.7004524371927322
0.22841162305331453,0.04240788738138002
0.28458005678320164,0.045881425526697044
0.3397999154514579,0.047010440364313594
0.39324483644063557,0.04428300489432524
0.44370017175546234,0.0385150002945357
0.4907933430801592,0.03805624368500725
0.5345528925827011,0.0330148146503666
0.575190952569536,0.02897791031708754
0.6119889911650696,0.026510131997621218
0.6450530908792529,0.02081294588534687
0.6745467545324367,0.021349547519527418
0.381102556594112,0.027679101586222405
0.32196604954487107,0.03916416081856472
0.25949219428428466,0.04845680807405684
0.19497035804701227,0.06773912395135466
0.13048229893390934,0.12480955277822008
0.07030026897575231,0.2517145670410921
0.022564364663370265,0.7489370450619319
0.22739240598025107,0.035310862064396084
0.28355153823811424,0.04973663728115745
0.3389206126399116,0.04756475662912289
0.3920195798034373,0.04516678914805593
0.44206516539866125,0.04168991588192773
0.488866196411225,0.03783144386950848
0.5319706676031294,0.033977272806747116
0.5714959546718361,0.030465844674091788
0.6069870453812739,0.02680819024041156
0.6385689672034415,0.0231627099403228
0.42255693990438076,0.025821631272486784
0.36840100934657505,0.024494251863315275
0.3104878268591345,0.04004128065353962
0.2492137658542699,0.05554498485686748
0.1861884456518486,0.08415836114360004
0.12309479436540871,0.10620284696334087
0.06454829726916392,0.26582797983781553
0.01900980090988914,0.896710805539027
0.22361934657258528,0.04246753851211199
0.2790209070272475,0.04417459786987679
0.3333901675430225,0.0454027535599883
0.385637723925874,0.04657814609924464
0.4350494465524011,0.04201393794814461
0.48116773047983374,0.037321206435746594
0.5235853244683023,0.033867822213565116
0.5619454049912559,0.029323172748342674
0.5965830882041754,0.027076451783465624
0.6273406082438291,0.022979038372266725
0.6544428483306637,0.021116098377965572
0.40960131480957546,0.02281586017469826
0.356665810532646,0.024764591983836265
0.29970604847948173,0.03966594652348092
0.2396977245555793,0.05605272469605244
0.17798286519831638,0.07894179895856508
0.11621913516739245,0.14580690850006736
0.0591679966787502,0.27084264707116174
0.01578160709108043,1.1041303165971883
0.21907585914838507,0.029034252922163526
0.27359873304427834,0.049257667283003743
0.326885191732198,0.04851157181350651
0.3776410649292512,0.0463508274959233
0.42525670167163226,0.04307293807342679
0.46935381796141307,0.03771052355199439
0.5098576431299178,0.03353183604426717
0.5467866506318126,0.02951120427200149
0.5797851628498247,0.027232723397906854
0.6085519150048999,0.023308726824745874
0.6339139984861957,0.025355625450778328
0.7116613377484685,0.06840837700562312
0.7127585557129656,0.05927410290183207
0.7109169024080816,0.046193436031569834
0.7063682578561525,0.029131658320652436
0.6986924546188442,0.201908048480298
0.6877563621607111,0.0292517066130783
0.6741366603719952,0.02787725147440001
0.6385218402217677,0.023942139912662763
0.4428786034445643,0.1475322305316759
0.3960614315251765,0.07110009421818085
0.3447947685749137,0.13670377755053667
0.28943777909569685,0.3723715973052432
0.23080556148232803,0.02508000688654028
0.17022593832620403,0.060774290508968494
0.1096449406422372,0.9364934460650615
0.05402933085136585,0.25400723199500946
0.01280240776070513,2.20924096646601
0.2707240730328176,0.0562599330107377
0.32389648071470306,0.04194944759368857
0.4218001290255474,0.050241106469046067
0.46595329514277456,0.06331793006196942
0.506205665476714,0.12180417173107765
0.5427904651243641,0.025474438795531074
0.6673067434190878,0.024030894136446813
0.3952971935068179,0.022131226086187953
0.3427979014180198,0.022367763514037502
0.2864114629278652,0.04287654423312175
0.22693381552457018,0.05132515902273767
0.16578588068383918,0.08137568617316941
0.10498295420372404,0.14509551712881769
0.04987373231426124,0.33568667138597336
0.010303944611439403,1.7029952588367683
0.21686040257067815,0.028683629176629366
0.27171671212246923,0.0473645119161949
0.32548561487234995,0.047534822630575
0.3767878057552164,0.04562920164823327
0.42500069816552255,0.04150531864176408
0.4698959601404165,0.03752197682431481
0.5110215376974336,0.03585817233135255
0.5485304799170617,0.029816037527980944
0.5821909329158301,0.02824810530518609
0.611965141922538,0.023510961634315736
0.6381421229509178,0.02108865541318175
0.6612696354481719,0.021409732433611755
0.7093238673970993,0.05653535610004327
0.7201517873281269,0.0251397838617395
0.7321505789162847,0.11639940408504847
0.7303600097111834,0.06346039430811759
0.71578918470709,0.08787519699541183
0.6850076239004795,0.02590979004035001
0.6385407809720707,0.035548503901269755
0.6094708193591446,0.11620749614368345
0.5762518618069035,0.15662401399619486
0.5385665816300326,0.22000420109548047
0.4966428577967693,0.04856615675985181
0.4508564225772101,0.03101226227334112
0.4008212125259427,0.02406345578858527
0.3464516380854085,0.10493073319812501
0.28818644522472736,0.04090312329775039
0.22692598663469743,0.29255830674804567
0.16406387888390506,0.09900579256193742
0.10198058214775778,0.10985149905978006
0.046554785185641406,0.8935914904336867
0.008191200584805209,3.931334291286066
0.21906917542944054,0.03721020051864054
0.2751971836405518,0.04676454240867576
0.3307003586863613,0.04669275163160388
0.3841289052749327,0.04449304098915371
0.43477079187833784,0.04290623222611019
0.48193749723176516,0.03857746768453225
0.5257982505451395,0.033810785525257965
0.5659954231547073,0.028384267036205058
0.6021215786342949,0.027031447388089526
0.6342681508135545,0.024158446261707826
0.6628600792850541,0.021553005688937994
0.40238035258473864,0.023218034730706365
0.3465200694718864,0.03500570377392975
0.28688205848149484,0.04224325662833147
0.22424738113981257,0.05664718998614431
0.16042580440832058,0.09065989451971367
0.09787875933745413,0.16378692362791467
0.04282509069235468,0.44309786151632424
0.21693173596625634,0.029509147173613914
0.2729675564685087,0.049354794945522605
0.3282608486817768,0.04933894956864794
0.3815233880604366,0.04674886380941924
0.4319065432748923,0.0413816763156787
0.4789510595385961,0.03912637552739339
0.522322906972904,0.03564822632211807
0.5618097846852562,0.031481015167901485
0.5969630914851844,0.027992328278903668
0.6283135940220742,0.02479534521181547
0.6555734483120178,0.022585100896331728
0.6746898040854826,0.0435513175937848
0.652142477456409,0.03594196605950183
0.596061811889331,0.07911985986334946
0.3878713848535296,0.042752992850919096
0.3337951065345856,0.021351762645761645
0.27581608275060904,0.1204740652591208
0.15243688469300992,0.15025689108996776
0.03818010772380938,0.18224602567150927
0.26800571754533375,0.046663438111418605
0.32218112737898913,0.029838609971376398
0.3739258476987383,0.05015555109299605
0.4226924145331594,0.04581540380656178
0.4677993022588934,0.03629265805820281
0.5092640344276625,0.03582025622492042
0.5468428320009562,0.03412993386401034
0.580270280892154,0.025868987456778
0.6099119771866219,0.026317995880484054
0.6352437793909763,0.047143912224462764
0.6896280288044231,0.02559093289524688
0.7005952904005571,0.04667861129049369
0.7140126249680186,0.024087274214704173
0.4317187122664274,0.021492882528520163
0.3821733725142363,0.03169220423944565
0.328343659257733,0.03569961647543249
0.27050385967126694,0.033625670195532566
0.2095675464701733,0.05991613707382255
0.1473745367111888,0.09990307686311535
0.08665078740884227,0.1807275453912369
0.034454215379990806,0.47728004128336693
0.26555669851735025,0.04834802636046685
0.31946648560698193,0.046280191462056135
0.3708393350133019,0.045467566346073046
0.4191721913901438,0.04171657853748625
0.4639452835380955,0.033380458635470074
0.5047311489241798,0.04001872375354209
0.5412505161042913,0.030247728748825288
0.5739480165685946,0.02622009819888127
0.6023879165863791,0.024173590919900786
0.6270994260424065,0.0204325892904657
0.5846619403702581,0.029090362651249715
0.5522226005995414,0.026385678079180862
0.3793122161752708,0.030362529161996027
0.3252733963251713,0.1596951992408217
0.26703828324450984,0.060479518436500984
0.20570981565773624,0.19161073734270426
0.14301361270383772,0.03542723627496407
0.08222543450497567,0.41354653639196587
0.030916464313869445,0.3190237927079026
0.21010553740043947,0.024696153445364993
0.26545712644425173,0.05306333382404494
0.4213478153396195,0.13553049527577757
0.46708416928223667,0.0408500009631995
0.509078070296985,0.04881616637811978
0.546985310445584,0.07560484589785067
0.5813620509631436,0.04113477708222126
0.6115125369370689,0.04738612609508158
0.6380805728422594,0.020853833532714538
0.38287509721222684,0.024688180335771095
0.32694716410501484,0.03237402073230169
0.2669572258278734,0.04888800147352119
0.20398586905601643,0.06574228623818999
0.13995072416459234,0.10712907388075592
0.07852200824590425,0.19542303398969849
0.027766973913480684,0.650663683892366
0.2091704717070029,0.02491954459983458
0.26477016440620366,0.045895369732768136
0.3194775151409639,0.04492402237927277
0.37198052985130803,0.04422047444553031
0.4215759858451789,0.04128782397661933
0.46771397060554837,0.034964413785240775
0.5100852927358093,0.03698428065836583
0.5484934859696857,0.03138454459893741
0.5826914889209862,0.026739400168452974
0.613163092430466,0.024393628698206393
0.377540343607009,0.0256484205768084
0.32147030430017237,0.036457450762712215
0.26141174212895957,0.049410348829807375
0.19843666496447496,0.06654070163549368
0.13463676054930507,0.11671248807709746
0.07374452199821543,0.20465222080767972
0.024386529673003747,0.698396187067602
0.6846293798503686,0.049522487591532556
0.7002978563899926,0.04286641045565332
0.7122633420201182,0.08746170156970451
0.7200826976149047,0.0602884361860545
0.4215918189224861,0.021479445595861662
0.37031133135072447,0.027198493031761542
0.31469406483759943,0.03422503906035755
0.2548987804551632,0.04861031518277535
0.1930021032382396,0.07407990036473508
0.12957983380760577,0.10841030502846148
0.0693646098564383,0.23436926421697318
0.021380145677508545,0.8521699268075217
0.26109028668414624,0.05191525060027518
0.316303520823753,0.1371188596639848
0.36960598313121085,0.036828595775012025
0.42008644640921566,0.022573074416787565
0.46723699974292204,0.06038550568106565
0.5108633272095967,0.025321891268341813
0.5506449387962902,0.07319727872994847
0.586319887293346,0.09735583510443298
0.618275211765207,0.1113857169031615
0.6460919435412185,0.03207028104606224
0.6912902555184515,0.06548763008518259
0.7215234664961043,0.047729393301937845
0.731892199148848,0.08187492837590983
0.741072908398782,0.11292868244163579
0.7405757340351689,0.19769914129507704
0.7367887797646747,0.04949957361482013
0.7290421883655225,0.07444758674823003
0.7174901403842,0.07440067712564545
0.7022532887930951,0.0651577801233214
0.6826543937212826,0.09236264720492242
0.6593522746273738,0.16597751077896947
0.5999558030915075,0.046190263111940424
0.5642150157455167,0.04915065378740475
0.4793709751498846,0.040042403723181366
0.4302904067604089,0.02366984689445753
0.37670362334860075,0.0200497931853606
0.2568830844637389,0.020631251126245337
0.19369813188032184,0.05508560700021493
0.12819652552151667,0.11413037253615496
0.06680670703273814,0.07670837954475693
0.01911740870417944,0.3586000994059341
0.26030638184032345,0.04522455540047038
0.31599111610998404,0.040547263898264324
0.36994931190360425,0.024740568767687852
0.4211579633248875,0.08180640161244046
0.4693551629976034,0.038031209877778326
0.5139249100801331,0.03550730953597835
0.5547766748685762,0.03273389916543179
0.5918980270373517,0.02611644546088805
0.6250583074409705,0.024996190334075984
0.6540698546641174,0.020125289709880204
0.43035143107746127,0.02255729365264693
0.37568554340988897,0.02846225993204964
0.3166773275345533,0.03559716443262656
0.2539143164874489,0.05357176812155858
0.1900738546435614,0.08515084954575464
0.12429464009743199,0.1278587000684524
0.06314480593792204,0.27981667489677564
0.01663789709701178,1.1414221891794165
0.2580550329450789,0.051255147842411614
0.36660485097874124,0.0576254727795875
0.4170939201267321,0.03735110487287398
0.4644865447605446,0.04051587222032217
0.5085310142683952,0.0445179261657206
0.5488482784880385,0.032385909811761565
0.5848981268573079,0.021803042499260954
0.61747859174103,0.09376035223354161
0.6461060607501941,0.17904267944997246
0.6712208706672511,0.08889577378506394
0.6928067731593737,0.04486780181377461
0.7102303751489059,0.09767239461258886
0.724065753370623,0.04069392756358516
0.7441123188806116,0.03090698581381664
0.7186133829834002,0.0744693856380998
0.7026486219247948,0.04425303445067532
0.6593514945929335,0.11029350146507284
0.6315273794331464,0.02175517428387822
0.5993935447215478,0.18680124261617612
0.5631194161079853,0.08717797919273935
0.5222644867641241,0.12884988868124994
0.47698821828479526,0.03331779772141672
0.3726318920370836,0.03192129059420265
0.3137594404147205,0.04052923777097135
0.25105484458443694,0.05174238325685507
0.18699004123249494,0.08466917571359937
0.12101894642206264,0.12045739286190664
0.05994684426939231,0.32616827362007056
0.014445727781764525,1.3835309049252182
0.25655555847722605,0.0615315965482927
0.41495100880620095,0.08581438193454624
0.46197414899393324,0.03941241261000681
0.5804125733838539,0.02337240243911046
0.6400135138492512,0.058843323509443504
0.6644383244455245,0.02476767731165352
0.7021100408087195,0.08291435896097589
0.7154044129569768,0.043392882555455085
0.7322570603186425,0.09566939368202489
0.7348596360209616,0.04625321667940769
0.734058992658738,0.06316512336331859
0.7303581829730341,0.13393398255800504
0.7228606200371548,0.04526577780552159
0.711170841167532,0.02883084581693529
0.6957700017347709,0.13809542611429879
0.6761274444908874,0.07147416367232845
0.6527574142569814,0.19695181547191354
0.6250015156080223,0.13076342496251542
0.5933645337525197,0.05658964298427299
0.5568363930771052,0.07040935459136344
0.5161970469696269,0.08341000964111528
0.47103946469365365,0.061751345601180264
0.42118726535296613,0.022928442960581448
0.3669603642154044,0.20045249064144913
0.30831729113815637,0.4186841626760844
0.24578560301638117,0.0516987320000738
0.1820207234111763,0.023954855092551526
0.11640886740456213,0.14102422327411343
0.056100741706154734,0.4519407150928751
0.012166722545495742,2.980384859596407
0.25592825840576744,0.044895736918716726
0.3112371394326745,0.044292341336278976
0.36425743318689163,0.04375797829517845
0.41458812171459314,0.04154956242342106
0.4614038747538182,0.03542367216592214
0.5045911579807141,0.03671794094913736
0.5441657826734694,0.03008695490083234
0.5797246138996256,0.027397664851420027
0.6112576700786717,0.02307021027610001
0.6390493140130147,0.021872248810084743
0.3603276816665503,0.030612716650900332
0.30208585543825367,0.0360355035969488
0.2399072559104586,0.05325465865229667
0.17659298650704744,0.07300731890172256
0.11161884538598432,0.14186997722342456
0.05225311843355075,0.2763926894032344
0.010043496012758241,1.7534353983018136
0.25203984122260303,0.047061305380876446
0.3067781821412448,0.04661832227216527
0.35952323636599626,0.04524571733061579
0.40959184005088006,0.04171408933793941
0.4561726920823177,0.03606889433334985
0.4991187435337022,0.0349727504764983
0.5380405922478835,0.03032313998216965
0.5732301665935579,0.0264931419746365
0.6045638064184192,0.023756082436354582
0.34959301355485556,0.0268515830653535
0.2922994367625918,0.036852199962013034
0.23122570040056356,0.059062436237753875
0.16929198247144053,0.07098563614372427
0.10591074790801841,0.13726043819696918
0.04815223107852581,0.35456740502342643
0.0081064308723421,2.1491701490696817
0.2475674063324632,0.045649781842456515
0.3015933704887591,0.04652942714906384
0.3537391390653461,0.04621735796030052
0.4030607277308159,0.04182273043820576
0.4490414785964407,0.03853713083540969
0.49130866660965633,0.035452558418143355
0.5297376507979747,0.031059301453499676
0.5640784473956979,0.02637547129133994
0.5947149641395109,0.022984583995612255
0.621420702555262,0.020399220081167638
0.4880539853149409,0.021765034736202157
0.3963458745487064,0.0291741445701179
0.3441071029380952,0.025415393179273302
0.2873424907734004,0.03681259986207303
0.22675902124301395,0.04988161514574535
0.1651028667098868,0.08838024993366726
0.10197638515986993,0.15047056267936806
0.04487799100623346,0.39703535334584
0.2448921179570715,0.041849563620651835
0.2987445631676488,0.04473937902824878
0.3506893756451439,0.04452074659649464
0.39998898935755195,0.04159016380615724
0.4460734533089492,0.03692889200592901
0.4886181047773701,0.03682002434155639
0.5272822400175889,0.02980554831509554
0.5625254882237758,0.026371986125063335
0.5935364579195422,0.02373953290062132
0.34245939297865186,0.028282417672069283
0.28527070182162406,0.03543456877196691
0.22417879681816366,0.05950502293482713
0.1620491236995555,0.08650514088393035
0.09869347583793246,0.15810348950528422
0.04193931642122622,0.34226144700154937
0.2440875975996305,0.04235123842282794
0.2982057467723996,0.04459502260505485
0.3501505816801026,0.045776090181215964
0.39905616000536853,0.04431527974295513
0.4445269192616329,0.036584967795802725
0.4861618046800497,0.032381360047193775
0.5238397736415116,0.03156257508336739
0.5575056961928814,0.026874515243304656
0.5871539417040051,0.02423501243360909
0.6129900695632099,0.02031153716775098
0.32992884748314105,0.030515156090222203
0.27472231712448336,0.056660262083181374
0.21548009374994959,0.0522414520450754
0.15488054543730484,0.07341203440450908
0.0929395037555332,0.14775412393813414
0.03798436606075257,0.4512077329900285
0.24051596141344053,0.032818819888119105
0.2939098332549493,0.03232723450510833
0.34513476570444707,0.060258746327115725
0.39335735307942976,0.04310976484176467
0.438058992536179,0.03424417618174215
0.4786363603558834,0.043337735807340697
0.5148708479158135,0.030334319209655576
0.5470302802328626,0.02642558687950459
0.5751419380339944,0.024300192163947285
0.5996167342868586,0.020439116735371663
0.3332776640786743,0.03178538802428624
0.2767070386443509,0.04299247088403799
0.21620360979297326,0.06501661043000016
0.15443784137367128,0.13934848939167524
0.09144560515998462,0.16409771308783608
0.03605298931696224,0.4083998651439329
0.24364189641803527,0.03350779207697012
0.29835018020072457,0.04457037983531752
0.3506384216548287,0.041394330149317586
0.3997429798074734,0.027472999429371977
0.44522255661905713,0.03215234495164397
0.48685979643212113,0.04266714805202933
0.5244850534933506,0.04016798017328188
0.558320216401818,0.031008400297043694
0.5879845415713908,0.025978142213360568
0.3918078607363557,0.02480303093825232
0.3385751647596514,0.03346566053261109
0.2806911975743018,0.04486403910280766
0.21845429595155058,0.05034798052177869
0.15496033491284664,0.07682898630285546
0.0903767329043387,0.19375220220363465
0.03424324622471705,0.47628879933105356
0.24804604652313803,0.044655604742563554
0.3054144001015182,0.027381653717290635
0.36096796348426113,0.04570426542162622
0.41377371138226937,0.04194018874917077
0.4634668983196381,0.030386090647611243
